plate_id,smiles,response,additive_id,reaction_smiles
plate_1,C#CC(=O)c1ccccc1,4818.94482,plate_1_0,CCOC(=O)c1ncn2c1CN(C)C(=O)c1cc(Br)ccc1-2.O=C(O)C1CCCCC1.C#CC(=O)c1ccccc1>>CCOC(=O)c1ncn2c1CN(C)C(=O)c1cc(C3CCCCC3)ccc1-2
plate_1,C#CC1(O)CCCCC1,54832.44937,plate_1_1,CCOC(=O)c1ncn2c1CN(C)C(=O)c1cc(Br)ccc1-2.O=C(O)C1CCCCC1.C#CC1(O)CCCCC1>>CCOC(=O)c1ncn2c1CN(C)C(=O)c1cc(C3CCCCC3)ccc1-2
plate_1,C#CCCCCO,40698.44248,plate_1_2,CCOC(=O)c1ncn2c1CN(C)C(=O)c1cc(Br)ccc1-2.O=C(O)C1CCCCC1.C#CCCCCO>>CCOC(=O)c1ncn2c1CN(C)C(=O)c1cc(C3CCCCC3)ccc1-2
plate_1,C#CCCCc1ccccc1,49505.42678,plate_1_3,CCOC(=O)c1ncn2c1CN(C)C(=O)c1cc(Br)ccc1-2.O=C(O)C1CCCCC1.C#CCCCc1ccccc1>>CCOC(=O)c1ncn2c1CN(C)C(=O)c1cc(C3CCCCC3)ccc1-2
plate_1,C#Cc1ccc(CC)cc1,48509.86359,plate_1_280,CCOC(=O)c1ncn2c1CN(C)C(=O)c1cc(Br)ccc1-2.O=C(O)C1CCCCC1.C#Cc1ccc(CC)cc1>>CCOC(=O)c1ncn2c1CN(C)C(=O)c1cc(C3CCCCC3)ccc1-2
plate_1,C#Cc1ccc(OCCC)cc1,30952.36072,plate_1_222,CCOC(=O)c1ncn2c1CN(C)C(=O)c1cc(Br)ccc1-2.O=C(O)C1CCCCC1.C#Cc1ccc(OCCC)cc1>>CCOC(=O)c1ncn2c1CN(C)C(=O)c1cc(C3CCCCC3)ccc1-2
plate_1,C#Cc1ncccn1,1692.44433,plate_1_4,CCOC(=O)c1ncn2c1CN(C)C(=O)c1cc(Br)ccc1-2.O=C(O)C1CCCCC1.C#Cc1ncccn1>>CCOC(=O)c1ncn2c1CN(C)C(=O)c1cc(C3CCCCC3)ccc1-2
plate_1,C(=N/Nc1ccc2ccccc2n1)\c1ccccn1,1276.19727,plate_1_656,CCOC(=O)c1ncn2c1CN(C)C(=O)c1cc(Br)ccc1-2.O=C(O)C1CCCCC1.C(=N/Nc1ccc2ccccc2n1)\c1ccccn1>>CCOC(=O)c1ncn2c1CN(C)C(=O)c1cc(C3CCCCC3)ccc1-2
plate_1,C/C(=N\O)c1ccccc1,26624.5543,plate_1_18,CCOC(=O)c1ncn2c1CN(C)C(=O)c1cc(Br)ccc1-2.O=C(O)C1CCCCC1.C/C(=N\O)c1ccccc1>>CCOC(=O)c1ncn2c1CN(C)C(=O)c1cc(C3CCCCC3)ccc1-2
plate_1,C/C=C/C(=O)OC,57253.57242,plate_1_19,CCOC(=O)c1ncn2c1CN(C)C(=O)c1cc(Br)ccc1-2.O=C(O)C1CCCCC1.C/C=C/C(=O)OC>>CCOC(=O)c1ncn2c1CN(C)C(=O)c1cc(C3CCCCC3)ccc1-2
plate_1,C/C=C/C=C/C(=O)OC,32914.37122,plate_1_20,CCOC(=O)c1ncn2c1CN(C)C(=O)c1cc(Br)ccc1-2.O=C(O)C1CCCCC1.C/C=C/C=C/C(=O)OC>>CCOC(=O)c1ncn2c1CN(C)C(=O)c1cc(C3CCCCC3)ccc1-2
plate_1,C/N=C/c1ccccc1,57029.90088,plate_1_21,CCOC(=O)c1ncn2c1CN(C)C(=O)c1cc(Br)ccc1-2.O=C(O)C1CCCCC1.C/N=C/c1ccccc1>>CCOC(=O)c1ncn2c1CN(C)C(=O)c1cc(C3CCCCC3)ccc1-2
plate_1,C=C(C)CCCCC,46267.9185,plate_1_211,CCOC(=O)c1ncn2c1CN(C)C(=O)c1cc(Br)ccc1-2.O=C(O)C1CCCCC1.C=C(C)CCCCC>>CCOC(=O)c1ncn2c1CN(C)C(=O)c1cc(C3CCCCC3)ccc1-2
plate_1,C=CCCC(=O)OC,53521.51455,plate_1_330,CCOC(=O)c1ncn2c1CN(C)C(=O)c1cc(Br)ccc1-2.O=C(O)C1CCCCC1.C=CCCC(=O)OC>>CCOC(=O)c1ncn2c1CN(C)C(=O)c1cc(C3CCCCC3)ccc1-2
plate_1,C=CCCCCCC,56240.7535,plate_1_214,CCOC(=O)c1ncn2c1CN(C)C(=O)c1cc(Br)ccc1-2.O=C(O)C1CCCCC1.C=CCCCCCC>>CCOC(=O)c1ncn2c1CN(C)C(=O)c1cc(C3CCCCC3)ccc1-2
plate_1,C=CCNC(N)=O,58952.71248,plate_1_77,CCOC(=O)c1ncn2c1CN(C)C(=O)c1cc(Br)ccc1-2.O=C(O)C1CCCCC1.C=CCNC(N)=O>>CCOC(=O)c1ncn2c1CN(C)C(=O)c1cc(C3CCCCC3)ccc1-2
plate_1,C=CCOCc1ccccc1,38141.12129,plate_1_78,CCOC(=O)c1ncn2c1CN(C)C(=O)c1cc(Br)ccc1-2.O=C(O)C1CCCCC1.C=CCOCc1ccccc1>>CCOC(=O)c1ncn2c1CN(C)C(=O)c1cc(C3CCCCC3)ccc1-2
plate_1,C=CCc1ccccc1,48716.78731,plate_1_79,CCOC(=O)c1ncn2c1CN(C)C(=O)c1cc(Br)ccc1-2.O=C(O)C1CCCCC1.C=CCc1ccccc1>>CCOC(=O)c1ncn2c1CN(C)C(=O)c1cc(C3CCCCC3)ccc1-2
plate_1,C=CCc1ccccc1C(=O)O,27838.43083,plate_1_80,CCOC(=O)c1ncn2c1CN(C)C(=O)c1cc(Br)ccc1-2.O=C(O)C1CCCCC1.C=CCc1ccccc1C(=O)O>>CCOC(=O)c1ncn2c1CN(C)C(=O)c1cc(C3CCCCC3)ccc1-2
plate_1,C=CCn1ccnc1,28443.40912,plate_1_81,CCOC(=O)c1ncn2c1CN(C)C(=O)c1cc(Br)ccc1-2.O=C(O)C1CCCCC1.C=CCn1ccnc1>>CCOC(=O)c1ncn2c1CN(C)C(=O)c1cc(C3CCCCC3)ccc1-2
plate_1,C=C[C@H]1CN2CC[C@H]1C[C@@H]2[C@@H](O)c1ccnc2ccccc12,39731.89917,plate_1_82,CCOC(=O)c1ncn2c1CN(C)C(=O)c1cc(Br)ccc1-2.O=C(O)C1CCCCC1.C=C[C@H]1CN2CC[C@H]1C[C@@H]2[C@@H](O)c1ccnc2ccccc12>>CCOC(=O)c1ncn2c1CN(C)C(=O)c1cc(C3CCCCC3)ccc1-2
plate_1,C=Cc1ccc2ccccc2c1,22023.79645,plate_1_83,CCOC(=O)c1ncn2c1CN(C)C(=O)c1cc(Br)ccc1-2.O=C(O)C1CCCCC1.C=Cc1ccc2ccccc2c1>>CCOC(=O)c1ncn2c1CN(C)C(=O)c1cc(C3CCCCC3)ccc1-2
plate_1,C=Cc1ccccn1,56668.72553,plate_1_84,CCOC(=O)c1ncn2c1CN(C)C(=O)c1cc(Br)ccc1-2.O=C(O)C1CCCCC1.C=Cc1ccccn1>>CCOC(=O)c1ncn2c1CN(C)C(=O)c1cc(C3CCCCC3)ccc1-2
plate_1,C=Cc1cnccn1,13197.15425,plate_1_85,CCOC(=O)c1ncn2c1CN(C)C(=O)c1cc(Br)ccc1-2.O=C(O)C1CCCCC1.C=Cc1cnccn1>>CCOC(=O)c1ncn2c1CN(C)C(=O)c1cc(C3CCCCC3)ccc1-2
plate_1,CC#Cc1ccccc1,54892.59411,plate_1_86,CCOC(=O)c1ncn2c1CN(C)C(=O)c1cc(Br)ccc1-2.O=C(O)C1CCCCC1.CC#Cc1ccccc1>>CCOC(=O)c1ncn2c1CN(C)C(=O)c1cc(C3CCCCC3)ccc1-2
plate_1,CC(=O)/C=C(/C)N1CCCC1,41439.32511,plate_1_17,CCOC(=O)c1ncn2c1CN(C)C(=O)c1cc(Br)ccc1-2.O=C(O)C1CCCCC1.CC(=O)/C=C(/C)N1CCCC1>>CCOC(=O)c1ncn2c1CN(C)C(=O)c1cc(C3CCCCC3)ccc1-2
plate_1,CC(=O)C(=O)N1CCCCC1,23263.46516,plate_1_87,CCOC(=O)c1ncn2c1CN(C)C(=O)c1cc(Br)ccc1-2.O=C(O)C1CCCCC1.CC(=O)C(=O)N1CCCCC1>>CCOC(=O)c1ncn2c1CN(C)C(=O)c1cc(C3CCCCC3)ccc1-2
plate_1,CC(=O)C(=O)c1ccccc1,19297.38771,plate_1_89,CCOC(=O)c1ncn2c1CN(C)C(=O)c1cc(Br)ccc1-2.O=C(O)C1CCCCC1.CC(=O)C(=O)c1ccccc1>>CCOC(=O)c1ncn2c1CN(C)C(=O)c1cc(C3CCCCC3)ccc1-2
plate_1,CC(=O)C(C(C)=O)c1ccccc1,12458.95438,plate_1_91,CCOC(=O)c1ncn2c1CN(C)C(=O)c1cc(Br)ccc1-2.O=C(O)C1CCCCC1.CC(=O)C(C(C)=O)c1ccccc1>>CCOC(=O)c1ncn2c1CN(C)C(=O)c1cc(C3CCCCC3)ccc1-2
plate_1,CC(=O)C(C)(C)O,56910.71826,plate_1_90,CCOC(=O)c1ncn2c1CN(C)C(=O)c1cc(Br)ccc1-2.O=C(O)C1CCCCC1.CC(=O)C(C)(C)O>>CCOC(=O)c1ncn2c1CN(C)C(=O)c1cc(C3CCCCC3)ccc1-2
plate_1,CC(=O)C1CCCC1=O,20312.56113,plate_1_92,CCOC(=O)c1ncn2c1CN(C)C(=O)c1cc(Br)ccc1-2.O=C(O)C1CCCCC1.CC(=O)C1CCCC1=O>>CCOC(=O)c1ncn2c1CN(C)C(=O)c1cc(C3CCCCC3)ccc1-2
plate_1,CC(=O)C1CCCCC1,51135.45339,plate_1_93,CCOC(=O)c1ncn2c1CN(C)C(=O)c1cc(Br)ccc1-2.O=C(O)C1CCCCC1.CC(=O)C1CCCCC1>>CCOC(=O)c1ncn2c1CN(C)C(=O)c1cc(C3CCCCC3)ccc1-2
plate_1,CC(=O)C1CCCCC1=O,20238.77373,plate_1_94,CCOC(=O)c1ncn2c1CN(C)C(=O)c1cc(Br)ccc1-2.O=C(O)C1CCCCC1.CC(=O)C1CCCCC1=O>>CCOC(=O)c1ncn2c1CN(C)C(=O)c1cc(C3CCCCC3)ccc1-2
plate_1,CC(=O)C1CCN(C)C1=O,5110.25394,plate_1_95,CCOC(=O)c1ncn2c1CN(C)C(=O)c1cc(Br)ccc1-2.O=C(O)C1CCCCC1.CC(=O)C1CCN(C)C1=O>>CCOC(=O)c1ncn2c1CN(C)C(=O)c1cc(C3CCCCC3)ccc1-2
plate_1,CC(=O)CC(=O)N(C)C,29170.12433,plate_1_98,CCOC(=O)c1ncn2c1CN(C)C(=O)c1cc(Br)ccc1-2.O=C(O)C1CCCCC1.CC(=O)CC(=O)N(C)C>>CCOC(=O)c1ncn2c1CN(C)C(=O)c1cc(C3CCCCC3)ccc1-2
plate_1,CC(=O)CC(=O)Nc1ccccc1,11858.48015,plate_1_99,CCOC(=O)c1ncn2c1CN(C)C(=O)c1cc(Br)ccc1-2.O=C(O)C1CCCCC1.CC(=O)CC(=O)Nc1ccccc1>>CCOC(=O)c1ncn2c1CN(C)C(=O)c1cc(C3CCCCC3)ccc1-2
plate_1,CC(=O)CC(=O)c1ccccc1,2626.02328,plate_1_100,CCOC(=O)c1ncn2c1CN(C)C(=O)c1cc(Br)ccc1-2.O=C(O)C1CCCCC1.CC(=O)CC(=O)c1ccccc1>>CCOC(=O)c1ncn2c1CN(C)C(=O)c1cc(C3CCCCC3)ccc1-2
plate_1,CC(=O)CC(C)=O,53103.49354,plate_1_96,CCOC(=O)c1ncn2c1CN(C)C(=O)c1cc(Br)ccc1-2.O=C(O)C1CCCCC1.CC(=O)CC(C)=O>>CCOC(=O)c1ncn2c1CN(C)C(=O)c1cc(C3CCCCC3)ccc1-2
plate_1,CC(=O)CC(N)=O,25323.24682,plate_1_97,CCOC(=O)c1ncn2c1CN(C)C(=O)c1cc(Br)ccc1-2.O=C(O)C1CCCCC1.CC(=O)CC(N)=O>>CCOC(=O)c1ncn2c1CN(C)C(=O)c1cc(C3CCCCC3)ccc1-2
plate_1,CC(=O)CCC(C)=O,51184.75709,plate_1_101,CCOC(=O)c1ncn2c1CN(C)C(=O)c1cc(Br)ccc1-2.O=C(O)C1CCCCC1.CC(=O)CCC(C)=O>>CCOC(=O)c1ncn2c1CN(C)C(=O)c1cc(C3CCCCC3)ccc1-2
plate_1,CC(=O)CCc1nc2ccccc2[nH]1,58296.13413,plate_1_102,CCOC(=O)c1ncn2c1CN(C)C(=O)c1cc(Br)ccc1-2.O=C(O)C1CCCCC1.CC(=O)CCc1nc2ccccc2[nH]1>>CCOC(=O)c1ncn2c1CN(C)C(=O)c1cc(C3CCCCC3)ccc1-2
plate_1,CC(=O)CN(C)C,45012.51881,plate_1_103,CCOC(=O)c1ncn2c1CN(C)C(=O)c1cc(Br)ccc1-2.O=C(O)C1CCCCC1.CC(=O)CN(C)C>>CCOC(=O)c1ncn2c1CN(C)C(=O)c1cc(C3CCCCC3)ccc1-2
plate_1,CC(=O)CNC(C)=O,49865.5193,plate_1_104,CCOC(=O)c1ncn2c1CN(C)C(=O)c1cc(Br)ccc1-2.O=C(O)C1CCCCC1.CC(=O)CNC(C)=O>>CCOC(=O)c1ncn2c1CN(C)C(=O)c1cc(C3CCCCC3)ccc1-2
plate_1,CC(=O)COCc1ccccc1,50888.14125,plate_1_105,CCOC(=O)c1ncn2c1CN(C)C(=O)c1cc(Br)ccc1-2.O=C(O)C1CCCCC1.CC(=O)COCc1ccccc1>>CCOC(=O)c1ncn2c1CN(C)C(=O)c1cc(C3CCCCC3)ccc1-2
plate_1,CC(=O)CS(C)(=O)=O,13408.53785,plate_1_106,CCOC(=O)c1ncn2c1CN(C)C(=O)c1cc(Br)ccc1-2.O=C(O)C1CCCCC1.CC(=O)CS(C)(=O)=O>>CCOC(=O)c1ncn2c1CN(C)C(=O)c1cc(C3CCCCC3)ccc1-2
plate_1,CC(=O)Cc1ccco1,19492.08676,plate_1_108,CCOC(=O)c1ncn2c1CN(C)C(=O)c1cc(Br)ccc1-2.O=C(O)C1CCCCC1.CC(=O)Cc1ccco1>>CCOC(=O)c1ncn2c1CN(C)C(=O)c1cc(C3CCCCC3)ccc1-2
plate_1,CC(=O)NC(C)C(=O)O,3910.07946,plate_1_148,CCOC(=O)c1ncn2c1CN(C)C(=O)c1cc(Br)ccc1-2.O=C(O)C1CCCCC1.CC(=O)NC(C)C(=O)O>>CCOC(=O)c1ncn2c1CN(C)C(=O)c1cc(C3CCCCC3)ccc1-2
plate_1,CC(=O)NC(C)C(C)=O,52567.13372,plate_1_146,CCOC(=O)c1ncn2c1CN(C)C(=O)c1cc(Br)ccc1-2.O=C(O)C1CCCCC1.CC(=O)NC(C)C(C)=O>>CCOC(=O)c1ncn2c1CN(C)C(=O)c1cc(C3CCCCC3)ccc1-2
plate_1,CC(=O)NCCO,61103.11964,plate_1_110,CCOC(=O)c1ncn2c1CN(C)C(=O)c1cc(Br)ccc1-2.O=C(O)C1CCCCC1.CC(=O)NCCO>>CCOC(=O)c1ncn2c1CN(C)C(=O)c1cc(C3CCCCC3)ccc1-2
plate_1,CC(=O)NCc1ccccc1,55205.61117,plate_1_111,CCOC(=O)c1ncn2c1CN(C)C(=O)c1cc(Br)ccc1-2.O=C(O)C1CCCCC1.CC(=O)NCc1ccccc1>>CCOC(=O)c1ncn2c1CN(C)C(=O)c1cc(C3CCCCC3)ccc1-2
plate_1,CC(=O)NNc1ccccc1,28268.90595,plate_1_112,CCOC(=O)c1ncn2c1CN(C)C(=O)c1cc(Br)ccc1-2.O=C(O)C1CCCCC1.CC(=O)NNc1ccccc1>>CCOC(=O)c1ncn2c1CN(C)C(=O)c1cc(C3CCCCC3)ccc1-2
plate_1,CC(=O)Nc1cccc(C(=O)O)n1,11519.96862,plate_1_113,CCOC(=O)c1ncn2c1CN(C)C(=O)c1cc(Br)ccc1-2.O=C(O)C1CCCCC1.CC(=O)Nc1cccc(C(=O)O)n1>>CCOC(=O)c1ncn2c1CN(C)C(=O)c1cc(C3CCCCC3)ccc1-2
plate_1,CC(=O)Nc1ccccc1,56266.98645,plate_1_114,CCOC(=O)c1ncn2c1CN(C)C(=O)c1cc(Br)ccc1-2.O=C(O)C1CCCCC1.CC(=O)Nc1ccccc1>>CCOC(=O)c1ncn2c1CN(C)C(=O)c1cc(C3CCCCC3)ccc1-2
plate_1,CC(=O)Nc1ccccc1O,10344.27766,plate_1_115,CCOC(=O)c1ncn2c1CN(C)C(=O)c1cc(Br)ccc1-2.O=C(O)C1CCCCC1.CC(=O)Nc1ccccc1O>>CCOC(=O)c1ncn2c1CN(C)C(=O)c1cc(C3CCCCC3)ccc1-2
plate_1,CC(=O)Nc1ccccn1,45236.84919,plate_1_117,CCOC(=O)c1ncn2c1CN(C)C(=O)c1cc(Br)ccc1-2.O=C(O)C1CCCCC1.CC(=O)Nc1ccccn1>>CCOC(=O)c1ncn2c1CN(C)C(=O)c1cc(C3CCCCC3)ccc1-2
plate_1,CC(=O)Nc1nc(C)cs1,41812.04671,plate_1_439,CCOC(=O)c1ncn2c1CN(C)C(=O)c1cc(Br)ccc1-2.O=C(O)C1CCCCC1.CC(=O)Nc1nc(C)cs1>>CCOC(=O)c1ncn2c1CN(C)C(=O)c1cc(C3CCCCC3)ccc1-2
plate_1,CC(=O)Nc1nccs1,12610.41531,plate_1_118,CCOC(=O)c1ncn2c1CN(C)C(=O)c1cc(Br)ccc1-2.O=C(O)C1CCCCC1.CC(=O)Nc1nccs1>>CCOC(=O)c1ncn2c1CN(C)C(=O)c1cc(C3CCCCC3)ccc1-2
plate_1,CC(=O)OCCO,59686.13594,plate_1_119,CCOC(=O)c1ncn2c1CN(C)C(=O)c1cc(Br)ccc1-2.O=C(O)C1CCCCC1.CC(=O)OCCO>>CCOC(=O)c1ncn2c1CN(C)C(=O)c1cc(C3CCCCC3)ccc1-2
plate_1,CC(=O)OCc1ccccn1,55710.7885,plate_1_120,CCOC(=O)c1ncn2c1CN(C)C(=O)c1cc(Br)ccc1-2.O=C(O)C1CCCCC1.CC(=O)OCc1ccccn1>>CCOC(=O)c1ncn2c1CN(C)C(=O)c1cc(C3CCCCC3)ccc1-2
plate_1,CC(=O)Oc1ccccc1,53749.00654,plate_1_121,CCOC(=O)c1ncn2c1CN(C)C(=O)c1cc(Br)ccc1-2.O=C(O)C1CCCCC1.CC(=O)Oc1ccccc1>>CCOC(=O)c1ncn2c1CN(C)C(=O)c1cc(C3CCCCC3)ccc1-2
plate_1,CC(=O)Oc1ccccc1C(=O)O,11793.37795,plate_1_122,CCOC(=O)c1ncn2c1CN(C)C(=O)c1cc(Br)ccc1-2.O=C(O)C1CCCCC1.CC(=O)Oc1ccccc1C(=O)O>>CCOC(=O)c1ncn2c1CN(C)C(=O)c1cc(C3CCCCC3)ccc1-2
plate_1,CC(=O)c1[nH]c(=O)[nH]c1C,8272.95813,plate_1_420,CCOC(=O)c1ncn2c1CN(C)C(=O)c1cc(Br)ccc1-2.O=C(O)C1CCCCC1.CC(=O)c1[nH]c(=O)[nH]c1C>>CCOC(=O)c1ncn2c1CN(C)C(=O)c1cc(C3CCCCC3)ccc1-2
plate_1,CC(=O)c1cc2ccccc2[nH]1,12319.6041,plate_1_125,CCOC(=O)c1ncn2c1CN(C)C(=O)c1cc(Br)ccc1-2.O=C(O)C1CCCCC1.CC(=O)c1cc2ccccc2[nH]1>>CCOC(=O)c1ncn2c1CN(C)C(=O)c1cc(C3CCCCC3)ccc1-2
plate_1,CC(=O)c1cc2ccccc2o1,24718.77452,plate_1_126,CCOC(=O)c1ncn2c1CN(C)C(=O)c1cc(Br)ccc1-2.O=C(O)C1CCCCC1.CC(=O)c1cc2ccccc2o1>>CCOC(=O)c1ncn2c1CN(C)C(=O)c1cc(C3CCCCC3)ccc1-2
plate_1,CC(=O)c1ccc(C(C)=O)s1,4809.88757,plate_1_129,CCOC(=O)c1ncn2c1CN(C)C(=O)c1cc(Br)ccc1-2.O=C(O)C1CCCCC1.CC(=O)c1ccc(C(C)=O)s1>>CCOC(=O)c1ncn2c1CN(C)C(=O)c1cc(C3CCCCC3)ccc1-2
plate_1,CC(=O)c1ccc(C)o1,44078.96854,plate_1_432,CCOC(=O)c1ncn2c1CN(C)C(=O)c1cc(Br)ccc1-2.O=C(O)C1CCCCC1.CC(=O)c1ccc(C)o1>>CCOC(=O)c1ncn2c1CN(C)C(=O)c1cc(C3CCCCC3)ccc1-2
plate_1,CC(=O)c1ccc(F)nc1,23026.31659,plate_1_128,CCOC(=O)c1ncn2c1CN(C)C(=O)c1cc(Br)ccc1-2.O=C(O)C1CCCCC1.CC(=O)c1ccc(F)nc1>>CCOC(=O)c1ncn2c1CN(C)C(=O)c1cc(C3CCCCC3)ccc1-2
plate_1,CC(=O)c1ccc2ccccc2c1O,522.62692,plate_1_130,CCOC(=O)c1ncn2c1CN(C)C(=O)c1cc(Br)ccc1-2.O=C(O)C1CCCCC1.CC(=O)c1ccc2ccccc2c1O>>CCOC(=O)c1ncn2c1CN(C)C(=O)c1cc(C3CCCCC3)ccc1-2
plate_1,CC(=O)c1ccc2ccccc2n1,8944.52941,plate_1_131,CCOC(=O)c1ncn2c1CN(C)C(=O)c1cc(Br)ccc1-2.O=C(O)C1CCCCC1.CC(=O)c1ccc2ccccc2n1>>CCOC(=O)c1ncn2c1CN(C)C(=O)c1cc(C3CCCCC3)ccc1-2
plate_1,CC(=O)c1ccc[nH]1,40174.98304,plate_1_132,CCOC(=O)c1ncn2c1CN(C)C(=O)c1cc(Br)ccc1-2.O=C(O)C1CCCCC1.CC(=O)c1ccc[nH]1>>CCOC(=O)c1ncn2c1CN(C)C(=O)c1cc(C3CCCCC3)ccc1-2
plate_1,CC(=O)c1cccc(C(C)=O)n1,27364.87649,plate_1_133,CCOC(=O)c1ncn2c1CN(C)C(=O)c1cc(Br)ccc1-2.O=C(O)C1CCCCC1.CC(=O)c1cccc(C(C)=O)n1>>CCOC(=O)c1ncn2c1CN(C)C(=O)c1cc(C3CCCCC3)ccc1-2
plate_1,CC(=O)c1ccccc1,55021.79314,plate_1_134,CCOC(=O)c1ncn2c1CN(C)C(=O)c1cc(Br)ccc1-2.O=C(O)C1CCCCC1.CC(=O)c1ccccc1>>CCOC(=O)c1ncn2c1CN(C)C(=O)c1cc(C3CCCCC3)ccc1-2
plate_1,CC(=O)c1ccccc1-n1cccn1,55559.75051,plate_1_138,CCOC(=O)c1ncn2c1CN(C)C(=O)c1cc(Br)ccc1-2.O=C(O)C1CCCCC1.CC(=O)c1ccccc1-n1cccn1>>CCOC(=O)c1ncn2c1CN(C)C(=O)c1cc(C3CCCCC3)ccc1-2
plate_1,CC(=O)c1ccccc1C(=O)O,9428.645985,plate_1_135,CCOC(=O)c1ncn2c1CN(C)C(=O)c1cc(Br)ccc1-2.O=C(O)C1CCCCC1.CC(=O)c1ccccc1C(=O)O>>CCOC(=O)c1ncn2c1CN(C)C(=O)c1cc(C3CCCCC3)ccc1-2
plate_1,CC(=O)c1ccccc1O,23390.31346,plate_1_136,CCOC(=O)c1ncn2c1CN(C)C(=O)c1cc(Br)ccc1-2.O=C(O)C1CCCCC1.CC(=O)c1ccccc1O>>CCOC(=O)c1ncn2c1CN(C)C(=O)c1cc(C3CCCCC3)ccc1-2
plate_1,CC(=O)c1ccccc1[N+](=O)[O-],0.0,plate_1_137,CCOC(=O)c1ncn2c1CN(C)C(=O)c1cc(Br)ccc1-2.O=C(O)C1CCCCC1.CC(=O)c1ccccc1[N+](=O)[O-]>>CCOC(=O)c1ncn2c1CN(C)C(=O)c1cc(C3CCCCC3)ccc1-2
plate_1,CC(=O)c1ccccn1,42587.38117,plate_1_139,CCOC(=O)c1ncn2c1CN(C)C(=O)c1cc(Br)ccc1-2.O=C(O)C1CCCCC1.CC(=O)c1ccccn1>>CCOC(=O)c1ncn2c1CN(C)C(=O)c1cc(C3CCCCC3)ccc1-2
plate_1,CC(=O)c1cccn1C,59666.73891,plate_1_140,CCOC(=O)c1ncn2c1CN(C)C(=O)c1cc(Br)ccc1-2.O=C(O)C1CCCCC1.CC(=O)c1cccn1C>>CCOC(=O)c1ncn2c1CN(C)C(=O)c1cc(C3CCCCC3)ccc1-2
plate_1,CC(=O)c1ccco1,30777.39658,plate_1_141,CCOC(=O)c1ncn2c1CN(C)C(=O)c1cc(Br)ccc1-2.O=C(O)C1CCCCC1.CC(=O)c1ccco1>>CCOC(=O)c1ncn2c1CN(C)C(=O)c1cc(C3CCCCC3)ccc1-2
plate_1,CC(=O)c1cccs1,42221.0129,plate_1_142,CCOC(=O)c1ncn2c1CN(C)C(=O)c1cc(Br)ccc1-2.O=C(O)C1CCCCC1.CC(=O)c1cccs1>>CCOC(=O)c1ncn2c1CN(C)C(=O)c1cc(C3CCCCC3)ccc1-2
plate_1,CC(=O)c1cnc(-c2ccccc2)s1,41300.29839,plate_1_143,CCOC(=O)c1ncn2c1CN(C)C(=O)c1cc(Br)ccc1-2.O=C(O)C1CCCCC1.CC(=O)c1cnc(-c2ccccc2)s1>>CCOC(=O)c1ncn2c1CN(C)C(=O)c1cc(C3CCCCC3)ccc1-2
plate_1,CC(=O)c1cncs1,50434.44782,plate_1_144,CCOC(=O)c1ncn2c1CN(C)C(=O)c1cc(Br)ccc1-2.O=C(O)C1CCCCC1.CC(=O)c1cncs1>>CCOC(=O)c1ncn2c1CN(C)C(=O)c1cc(C3CCCCC3)ccc1-2
plate_1,CC(=O)c1cocn1,20932.35404,plate_1_145,CCOC(=O)c1ncn2c1CN(C)C(=O)c1cc(Br)ccc1-2.O=C(O)C1CCCCC1.CC(=O)c1cocn1>>CCOC(=O)c1ncn2c1CN(C)C(=O)c1cc(C3CCCCC3)ccc1-2
plate_1,CC(=O)c1nc(-c2ccccc2)c[nH]1,14870.70543,plate_1_123,CCOC(=O)c1ncn2c1CN(C)C(=O)c1cc(Br)ccc1-2.O=C(O)C1CCCCC1.CC(=O)c1nc(-c2ccccc2)c[nH]1>>CCOC(=O)c1ncn2c1CN(C)C(=O)c1cc(C3CCCCC3)ccc1-2
plate_1,CC(=O)c1ncc[nH]1,43412.46975,plate_1_124,CCOC(=O)c1ncn2c1CN(C)C(=O)c1cc(Br)ccc1-2.O=C(O)C1CCCCC1.CC(=O)c1ncc[nH]1>>CCOC(=O)c1ncn2c1CN(C)C(=O)c1cc(C3CCCCC3)ccc1-2
plate_1,CC(=O)c1noc(C)n1,60085.99659,plate_1_443,CCOC(=O)c1ncn2c1CN(C)C(=O)c1cc(Br)ccc1-2.O=C(O)C1CCCCC1.CC(=O)c1noc(C)n1>>CCOC(=O)c1ncn2c1CN(C)C(=O)c1cc(C3CCCCC3)ccc1-2
plate_1,CC(C)(C)C(=O)CC(=O)C(C)(C)C,28307.49631,plate_1_153,CCOC(=O)c1ncn2c1CN(C)C(=O)c1cc(Br)ccc1-2.O=C(O)C1CCCCC1.CC(C)(C)C(=O)CC(=O)C(C)(C)C>>CCOC(=O)c1ncn2c1CN(C)C(=O)c1cc(C3CCCCC3)ccc1-2
plate_1,CC(C)(C)C(=O)Nc1ncccc1O,5348.20768,plate_1_154,CCOC(=O)c1ncn2c1CN(C)C(=O)c1cc(Br)ccc1-2.O=C(O)C1CCCCC1.CC(C)(C)C(=O)Nc1ncccc1O>>CCOC(=O)c1ncn2c1CN(C)C(=O)c1cc(C3CCCCC3)ccc1-2
plate_1,CC(C)(C)OC(=O)NC1CCCc2cn[nH]c21,46883.22267,plate_1_155,CCOC(=O)c1ncn2c1CN(C)C(=O)c1cc(Br)ccc1-2.O=C(O)C1CCCCC1.CC(C)(C)OC(=O)NC1CCCc2cn[nH]c21>>CCOC(=O)c1ncn2c1CN(C)C(=O)c1cc(C3CCCCC3)ccc1-2
plate_1,CC(C)(C)OC(=O)NCc1ncc[nH]1,39067.18036,plate_1_156,CCOC(=O)c1ncn2c1CN(C)C(=O)c1cc(Br)ccc1-2.O=C(O)C1CCCCC1.CC(C)(C)OC(=O)NCc1ncc[nH]1>>CCOC(=O)c1ncn2c1CN(C)C(=O)c1cc(C3CCCCC3)ccc1-2
plate_1,CC(C)(C)[S@](=O)/N=C/c1cnc[nH]1,4097.15988,plate_1_157,CCOC(=O)c1ncn2c1CN(C)C(=O)c1cc(Br)ccc1-2.O=C(O)C1CCCCC1.CC(C)(C)[S@](=O)/N=C/c1cnc[nH]1>>CCOC(=O)c1ncn2c1CN(C)C(=O)c1cc(C3CCCCC3)ccc1-2
plate_1,CC(C)(CO)C(=O)O,19827.15533,plate_1_160,CCOC(=O)c1ncn2c1CN(C)C(=O)c1cc(Br)ccc1-2.O=C(O)C1CCCCC1.CC(C)(CO)C(=O)O>>CCOC(=O)c1ncn2c1CN(C)C(=O)c1cc(C3CCCCC3)ccc1-2
plate_1,CC(C)(CO)CO,64968.11402,plate_1_161,CCOC(=O)c1ncn2c1CN(C)C(=O)c1cc(Br)ccc1-2.O=C(O)C1CCCCC1.CC(C)(CO)CO>>CCOC(=O)c1ncn2c1CN(C)C(=O)c1cc(C3CCCCC3)ccc1-2
plate_1,CC(C)(F)C(=O)O,22758.61024,plate_1_150,CCOC(=O)c1ncn2c1CN(C)C(=O)c1cc(Br)ccc1-2.O=C(O)C1CCCCC1.CC(C)(F)C(=O)O>>CCOC(=O)c1ncn2c1CN(C)C(=O)c1cc(C3CCCCC3)ccc1-2
plate_1,CC(C)(O)C(=O)c1ccccc1,55057.37711,plate_1_151,CCOC(=O)c1ncn2c1CN(C)C(=O)c1cc(Br)ccc1-2.O=C(O)C1CCCCC1.CC(C)(O)C(=O)c1ccccc1>>CCOC(=O)c1ncn2c1CN(C)C(=O)c1cc(C3CCCCC3)ccc1-2
plate_1,CC(C)(O)C(N)=O,58267.50165,plate_1_149,CCOC(=O)c1ncn2c1CN(C)C(=O)c1cc(Br)ccc1-2.O=C(O)C1CCCCC1.CC(C)(O)C(N)=O>>CCOC(=O)c1ncn2c1CN(C)C(=O)c1cc(C3CCCCC3)ccc1-2
plate_1,CC(C)(O)CCO,57565.50571,plate_1_158,CCOC(=O)c1ncn2c1CN(C)C(=O)c1cc(Br)ccc1-2.O=C(O)C1CCCCC1.CC(C)(O)CCO>>CCOC(=O)c1ncn2c1CN(C)C(=O)c1cc(C3CCCCC3)ccc1-2
plate_1,CC(C)(O)Cc1ccccc1,55638.79313,plate_1_164,CCOC(=O)c1ncn2c1CN(C)C(=O)c1cc(Br)ccc1-2.O=C(O)C1CCCCC1.CC(C)(O)Cc1ccccc1>>CCOC(=O)c1ncn2c1CN(C)C(=O)c1cc(C3CCCCC3)ccc1-2
plate_1,CC(C)(O)c1ccccc1,58820.13055,plate_1_165,CCOC(=O)c1ncn2c1CN(C)C(=O)c1cc(Br)ccc1-2.O=C(O)C1CCCCC1.CC(C)(O)c1ccccc1>>CCOC(=O)c1ncn2c1CN(C)C(=O)c1cc(C3CCCCC3)ccc1-2
plate_1,CC(C)(O)c1ccccc1O,30074.47219,plate_1_166,CCOC(=O)c1ncn2c1CN(C)C(=O)c1cc(Br)ccc1-2.O=C(O)C1CCCCC1.CC(C)(O)c1ccccc1O>>CCOC(=O)c1ncn2c1CN(C)C(=O)c1cc(C3CCCCC3)ccc1-2
plate_1,CC(C)C(=O)CC(=O)C(C)C,40647.44211,plate_1_167,CCOC(=O)c1ncn2c1CN(C)C(=O)c1cc(Br)ccc1-2.O=C(O)C1CCCCC1.CC(C)C(=O)CC(=O)C(C)C>>CCOC(=O)c1ncn2c1CN(C)C(=O)c1cc(C3CCCCC3)ccc1-2
plate_1,CC(C)NC(=S)NC(C)C,11559.71018,plate_1_168,CCOC(=O)c1ncn2c1CN(C)C(=O)c1cc(Br)ccc1-2.O=C(O)C1CCCCC1.CC(C)NC(=S)NC(C)C>>CCOC(=O)c1ncn2c1CN(C)C(=O)c1cc(C3CCCCC3)ccc1-2
plate_1,CC(O)(c1cccnc1)C(C)(O)c1cccnc1,53746.41097,plate_1_176,CCOC(=O)c1ncn2c1CN(C)C(=O)c1cc(Br)ccc1-2.O=C(O)C1CCCCC1.CC(O)(c1cccnc1)C(C)(O)c1cccnc1>>CCOC(=O)c1ncn2c1CN(C)C(=O)c1cc(C3CCCCC3)ccc1-2
plate_1,CC(O)CCCO,58375.1703,plate_1_169,CCOC(=O)c1ncn2c1CN(C)C(=O)c1cc(Br)ccc1-2.O=C(O)C1CCCCC1.CC(O)CCCO>>CCOC(=O)c1ncn2c1CN(C)C(=O)c1cc(C3CCCCC3)ccc1-2
plate_1,CC(O)CN(C)C,50089.81442,plate_1_170,CCOC(=O)c1ncn2c1CN(C)C(=O)c1cc(Br)ccc1-2.O=C(O)C1CCCCC1.CC(O)CN(C)C>>CCOC(=O)c1ncn2c1CN(C)C(=O)c1cc(C3CCCCC3)ccc1-2
plate_1,CC(O)COc1ccccc1,56620.47192,plate_1_171,CCOC(=O)c1ncn2c1CN(C)C(=O)c1cc(Br)ccc1-2.O=C(O)C1CCCCC1.CC(O)COc1ccccc1>>CCOC(=O)c1ncn2c1CN(C)C(=O)c1cc(C3CCCCC3)ccc1-2
plate_1,CC(O)Cc1ccccc1,57773.83637,plate_1_172,CCOC(=O)c1ncn2c1CN(C)C(=O)c1cc(Br)ccc1-2.O=C(O)C1CCCCC1.CC(O)Cc1ccccc1>>CCOC(=O)c1ncn2c1CN(C)C(=O)c1cc(C3CCCCC3)ccc1-2
plate_1,CC(O)c1ccccc1,58161.24116,plate_1_174,CCOC(=O)c1ncn2c1CN(C)C(=O)c1cc(Br)ccc1-2.O=C(O)C1CCCCC1.CC(O)c1ccccc1>>CCOC(=O)c1ncn2c1CN(C)C(=O)c1cc(C3CCCCC3)ccc1-2
plate_1,CC(O)c1ccccn1,45938.48029,plate_1_175,CCOC(=O)c1ncn2c1CN(C)C(=O)c1cc(Br)ccc1-2.O=C(O)C1CCCCC1.CC(O)c1ccccn1>>CCOC(=O)c1ncn2c1CN(C)C(=O)c1cc(C3CCCCC3)ccc1-2
plate_1,CC(O)c1ccco1,45836.99818,plate_1_177,CCOC(=O)c1ncn2c1CN(C)C(=O)c1cc(Br)ccc1-2.O=C(O)C1CCCCC1.CC(O)c1ccco1>>CCOC(=O)c1ncn2c1CN(C)C(=O)c1cc(C3CCCCC3)ccc1-2
plate_1,CC(O)c1nc2ccccc2[nH]1,39082.71658,plate_1_173,CCOC(=O)c1ncn2c1CN(C)C(=O)c1cc(Br)ccc1-2.O=C(O)C1CCCCC1.CC(O)c1nc2ccccc2[nH]1>>CCOC(=O)c1ncn2c1CN(C)C(=O)c1cc(C3CCCCC3)ccc1-2
plate_1,CC(O)c1nc2ccccc2s1,33284.99484,plate_1_178,CCOC(=O)c1ncn2c1CN(C)C(=O)c1cc(Br)ccc1-2.O=C(O)C1CCCCC1.CC(O)c1nc2ccccc2s1>>CCOC(=O)c1ncn2c1CN(C)C(=O)c1cc(C3CCCCC3)ccc1-2
plate_1,CC/N=C/c1ccccc1,53869.93784,plate_1_179,CCOC(=O)c1ncn2c1CN(C)C(=O)c1cc(Br)ccc1-2.O=C(O)C1CCCCC1.CC/N=C/c1ccccc1>>CCOC(=O)c1ncn2c1CN(C)C(=O)c1cc(C3CCCCC3)ccc1-2
plate_1,CC1(C)C(=O)Nc2ccccc21,63489.8603,plate_1_187,CCOC(=O)c1ncn2c1CN(C)C(=O)c1cc(Br)ccc1-2.O=C(O)C1CCCCC1.CC1(C)C(=O)Nc2ccccc21>>CCOC(=O)c1ncn2c1CN(C)C(=O)c1cc(C3CCCCC3)ccc1-2
plate_1,CC1(C)CCCC(C)(C)C1=O,54314.16848,plate_1_182,CCOC(=O)c1ncn2c1CN(C)C(=O)c1cc(Br)ccc1-2.O=C(O)C1CCCCC1.CC1(C)CCCC(C)(C)C1=O>>CCOC(=O)c1ncn2c1CN(C)C(=O)c1cc(C3CCCCC3)ccc1-2
plate_1,CC1(C)COC(=O)N1,55869.94583,plate_1_184,CCOC(=O)c1ncn2c1CN(C)C(=O)c1cc(Br)ccc1-2.O=C(O)C1CCCCC1.CC1(C)COC(=O)N1>>CCOC(=O)c1ncn2c1CN(C)C(=O)c1cc(C3CCCCC3)ccc1-2
plate_1,CC1(C)NC(=O)NC1=O,80884.51697,plate_1_180,CCOC(=O)c1ncn2c1CN(C)C(=O)c1cc(Br)ccc1-2.O=C(O)C1CCCCC1.CC1(C)NC(=O)NC1=O>>CCOC(=O)c1ncn2c1CN(C)C(=O)c1cc(C3CCCCC3)ccc1-2
plate_1,CC1(C)O[C@@H](C(=O)O)[C@H](C(=O)O)O1,12640.4298,plate_1_186,CCOC(=O)c1ncn2c1CN(C)C(=O)c1cc(Br)ccc1-2.O=C(O)C1CCCCC1.CC1(C)O[C@@H](C(=O)O)[C@H](C(=O)O)O1>>CCOC(=O)c1ncn2c1CN(C)C(=O)c1cc(C3CCCCC3)ccc1-2
plate_1,CC1(C)O[C@H](CO)[C@@H](CO)O1,59453.17829,plate_1_185,CCOC(=O)c1ncn2c1CN(C)C(=O)c1cc(Br)ccc1-2.O=C(O)C1CCCCC1.CC1(C)O[C@H](CO)[C@@H](CO)O1>>CCOC(=O)c1ncn2c1CN(C)C(=O)c1cc(C3CCCCC3)ccc1-2
plate_1,CC1(C)Oc2ccccc2NC1=O,54573.02547,plate_1_181,CCOC(=O)c1ncn2c1CN(C)C(=O)c1cc(Br)ccc1-2.O=C(O)C1CCCCC1.CC1(C)Oc2ccccc2NC1=O>>CCOC(=O)c1ncn2c1CN(C)C(=O)c1cc(C3CCCCC3)ccc1-2
plate_1,CC1(O)CCCCC1,56027.21383,plate_1_183,CCOC(=O)c1ncn2c1CN(C)C(=O)c1cc(Br)ccc1-2.O=C(O)C1CCCCC1.CC1(O)CCCCC1>>CCOC(=O)c1ncn2c1CN(C)C(=O)c1cc(C3CCCCC3)ccc1-2
plate_1,CC1=CC(=O)CCC1,49345.52738,plate_1_188,CCOC(=O)c1ncn2c1CN(C)C(=O)c1cc(Br)ccc1-2.O=C(O)C1CCCCC1.CC1=CC(=O)CCC1>>CCOC(=O)c1ncn2c1CN(C)C(=O)c1cc(C3CCCCC3)ccc1-2
plate_1,CC1C=NNC1=O,14536.57212,plate_1_190,CCOC(=O)c1ncn2c1CN(C)C(=O)c1cc(Br)ccc1-2.O=C(O)C1CCCCC1.CC1C=NNC1=O>>CCOC(=O)c1ncn2c1CN(C)C(=O)c1cc(C3CCCCC3)ccc1-2
plate_1,CC1CC(=O)OC(=O)C1,20008.91721,plate_1_192,CCOC(=O)c1ncn2c1CN(C)C(=O)c1cc(Br)ccc1-2.O=C(O)C1CCCCC1.CC1CC(=O)OC(=O)C1>>CCOC(=O)c1ncn2c1CN(C)C(=O)c1cc(C3CCCCC3)ccc1-2
plate_1,CC1CC(O)=CC(=O)O1,17865.50848,plate_1_191,CCOC(=O)c1ncn2c1CN(C)C(=O)c1cc(Br)ccc1-2.O=C(O)C1CCCCC1.CC1CC(O)=CC(=O)O1>>CCOC(=O)c1ncn2c1CN(C)C(=O)c1cc(C3CCCCC3)ccc1-2
plate_1,CC1CCC(=O)N1,298.79259,plate_1_193,CCOC(=O)c1ncn2c1CN(C)C(=O)c1cc(Br)ccc1-2.O=C(O)C1CCCCC1.CC1CCC(=O)N1>>CCOC(=O)c1ncn2c1CN(C)C(=O)c1cc(C3CCCCC3)ccc1-2
plate_1,CC1CCC(=O)O1,54434.08053,plate_1_194,CCOC(=O)c1ncn2c1CN(C)C(=O)c1cc(Br)ccc1-2.O=C(O)C1CCCCC1.CC1CCC(=O)O1>>CCOC(=O)c1ncn2c1CN(C)C(=O)c1cc(C3CCCCC3)ccc1-2
plate_1,CC1CCOC1=O,52896.16563,plate_1_195,CCOC(=O)c1ncn2c1CN(C)C(=O)c1cc(Br)ccc1-2.O=C(O)C1CCCCC1.CC1CCOC1=O>>CCOC(=O)c1ncn2c1CN(C)C(=O)c1cc(C3CCCCC3)ccc1-2
plate_1,CC1NC(=O)C(=O)OC1C,475.70787,plate_1_189,CCOC(=O)c1ncn2c1CN(C)C(=O)c1cc(Br)ccc1-2.O=C(O)C1CCCCC1.CC1NC(=O)C(=O)OC1C>>CCOC(=O)c1ncn2c1CN(C)C(=O)c1cc(C3CCCCC3)ccc1-2
plate_1,CCC(=O)N(C)C,54632.71667,plate_1_197,CCOC(=O)c1ncn2c1CN(C)C(=O)c1cc(Br)ccc1-2.O=C(O)C1CCCCC1.CCC(=O)N(C)C>>CCOC(=O)c1ncn2c1CN(C)C(=O)c1cc(C3CCCCC3)ccc1-2
plate_1,CCC(=O)OC(C)(C)C,42393.52842,plate_1_199,CCOC(=O)c1ncn2c1CN(C)C(=O)c1cc(Br)ccc1-2.O=C(O)C1CCCCC1.CCC(=O)OC(C)(C)C>>CCOC(=O)c1ncn2c1CN(C)C(=O)c1cc(C3CCCCC3)ccc1-2
plate_1,CCC(=O)c1ccc[nH]1,21906.02099,plate_1_200,CCOC(=O)c1ncn2c1CN(C)C(=O)c1cc(Br)ccc1-2.O=C(O)C1CCCCC1.CCC(=O)c1ccc[nH]1>>CCOC(=O)c1ncn2c1CN(C)C(=O)c1cc(C3CCCCC3)ccc1-2
plate_1,CCC(O)c1ccco1,46624.41484,plate_1_201,CCOC(=O)c1ncn2c1CN(C)C(=O)c1cc(Br)ccc1-2.O=C(O)C1CCCCC1.CCC(O)c1ccco1>>CCOC(=O)c1ncn2c1CN(C)C(=O)c1cc(C3CCCCC3)ccc1-2
plate_1,CCC/C(=N\O)C(C)=O,3220.21731,plate_1_202,CCOC(=O)c1ncn2c1CN(C)C(=O)c1cc(Br)ccc1-2.O=C(O)C1CCCCC1.CCC/C(=N\O)C(C)=O>>CCOC(=O)c1ncn2c1CN(C)C(=O)c1cc(C3CCCCC3)ccc1-2
plate_1,CCCC#CCCC,57533.44041,plate_1_203,CCOC(=O)c1ncn2c1CN(C)C(=O)c1cc(Br)ccc1-2.O=C(O)C1CCCCC1.CCCC#CCCC>>CCOC(=O)c1ncn2c1CN(C)C(=O)c1cc(C3CCCCC3)ccc1-2
plate_1,CCCC(=O)OCC,56823.01716,plate_1_204,CCOC(=O)c1ncn2c1CN(C)C(=O)c1cc(Br)ccc1-2.O=C(O)C1CCCCC1.CCCC(=O)OCC>>CCOC(=O)c1ncn2c1CN(C)C(=O)c1cc(C3CCCCC3)ccc1-2
plate_1,CCCC(C)(C)O,55873.5677,plate_1_205,CCOC(=O)c1ncn2c1CN(C)C(=O)c1cc(Br)ccc1-2.O=C(O)C1CCCCC1.CCCC(C)(C)O>>CCOC(=O)c1ncn2c1CN(C)C(=O)c1cc(C3CCCCC3)ccc1-2
plate_1,CCCC(O)CO,54679.3025,plate_1_206,CCOC(=O)c1ncn2c1CN(C)C(=O)c1cc(Br)ccc1-2.O=C(O)C1CCCCC1.CCCC(O)CO>>CCOC(=O)c1ncn2c1CN(C)C(=O)c1cc(C3CCCCC3)ccc1-2
plate_1,CCCCC(=O)NC,56662.83002,plate_1_208,CCOC(=O)c1ncn2c1CN(C)C(=O)c1cc(Br)ccc1-2.O=C(O)C1CCCCC1.CCCCC(=O)NC>>CCOC(=O)c1ncn2c1CN(C)C(=O)c1cc(C3CCCCC3)ccc1-2
plate_1,CCCCC(=O)c1ccccc1,50909.02602,plate_1_209,CCOC(=O)c1ncn2c1CN(C)C(=O)c1cc(Br)ccc1-2.O=C(O)C1CCCCC1.CCCCC(=O)c1ccccc1>>CCOC(=O)c1ncn2c1CN(C)C(=O)c1cc(C3CCCCC3)ccc1-2
plate_1,CCCCC(N)=O,57484.91049,plate_1_207,CCOC(=O)c1ncn2c1CN(C)C(=O)c1cc(Br)ccc1-2.O=C(O)C1CCCCC1.CCCCC(N)=O>>CCOC(=O)c1ncn2c1CN(C)C(=O)c1cc(C3CCCCC3)ccc1-2
plate_1,CCCCCC#N,53076.18946,plate_1_210,CCOC(=O)c1ncn2c1CN(C)C(=O)c1cc(Br)ccc1-2.O=C(O)C1CCCCC1.CCCCCC#N>>CCOC(=O)c1ncn2c1CN(C)C(=O)c1cc(C3CCCCC3)ccc1-2
plate_1,CCCCCC(C)=O,57710.54611,plate_1_212,CCOC(=O)c1ncn2c1CN(C)C(=O)c1cc(Br)ccc1-2.O=C(O)C1CCCCC1.CCCCCC(C)=O>>CCOC(=O)c1ncn2c1CN(C)C(=O)c1cc(C3CCCCC3)ccc1-2
plate_1,CCCCCCC(C)=O,54440.97996,plate_1_213,CCOC(=O)c1ncn2c1CN(C)C(=O)c1cc(Br)ccc1-2.O=C(O)C1CCCCC1.CCCCCCC(C)=O>>CCOC(=O)c1ncn2c1CN(C)C(=O)c1cc(C3CCCCC3)ccc1-2
plate_1,CCCCNC(C)=O,54954.71626,plate_1_215,CCOC(=O)c1ncn2c1CN(C)C(=O)c1cc(Br)ccc1-2.O=C(O)C1CCCCC1.CCCCNC(C)=O>>CCOC(=O)c1ncn2c1CN(C)C(=O)c1cc(C3CCCCC3)ccc1-2
plate_1,CCCCNC=O,58561.92179,plate_1_216,CCOC(=O)c1ncn2c1CN(C)C(=O)c1cc(Br)ccc1-2.O=C(O)C1CCCCC1.CCCCNC=O>>CCOC(=O)c1ncn2c1CN(C)C(=O)c1cc(C3CCCCC3)ccc1-2
plate_1,CCCCOC(N)=O,52455.87057,plate_1_217,CCOC(=O)c1ncn2c1CN(C)C(=O)c1cc(Br)ccc1-2.O=C(O)C1CCCCC1.CCCCOC(N)=O>>CCOC(=O)c1ncn2c1CN(C)C(=O)c1cc(C3CCCCC3)ccc1-2
plate_1,CCCCc1ccsc1,53098.64871,plate_1_218,CCOC(=O)c1ncn2c1CN(C)C(=O)c1cc(Br)ccc1-2.O=C(O)C1CCCCC1.CCCCc1ccsc1>>CCOC(=O)c1ncn2c1CN(C)C(=O)c1cc(C3CCCCC3)ccc1-2
plate_1,CCCCn1ccnc1,32901.08772,plate_1_219,CCOC(=O)c1ncn2c1CN(C)C(=O)c1cc(Br)ccc1-2.O=C(O)C1CCCCC1.CCCCn1ccnc1>>CCOC(=O)c1ncn2c1CN(C)C(=O)c1cc(C3CCCCC3)ccc1-2
plate_1,CCCNC(N)=O,62670.98917,plate_1_220,CCOC(=O)c1ncn2c1CN(C)C(=O)c1cc(Br)ccc1-2.O=C(O)C1CCCCC1.CCCNC(N)=O>>CCOC(=O)c1ncn2c1CN(C)C(=O)c1cc(C3CCCCC3)ccc1-2
plate_1,CCCNS(C)(=O)=O,54422.21284,plate_1_221,CCOC(=O)c1ncn2c1CN(C)C(=O)c1cc(Br)ccc1-2.O=C(O)C1CCCCC1.CCCNS(C)(=O)=O>>CCOC(=O)c1ncn2c1CN(C)C(=O)c1cc(C3CCCCC3)ccc1-2
plate_1,CCCc1ncc[nH]1,58142.14966,plate_1_223,CCOC(=O)c1ncn2c1CN(C)C(=O)c1cc(Br)ccc1-2.O=C(O)C1CCCCC1.CCCc1ncc[nH]1>>CCOC(=O)c1ncn2c1CN(C)C(=O)c1cc(C3CCCCC3)ccc1-2
plate_1,CCN(C(C)C)C(C)C,52248.95166,plate_1_224,CCOC(=O)c1ncn2c1CN(C)C(=O)c1cc(Br)ccc1-2.O=C(O)C1CCCCC1.CCN(C(C)C)C(C)C>>CCOC(=O)c1ncn2c1CN(C)C(=O)c1cc(C3CCCCC3)ccc1-2
plate_1,CCN(CC)C(=O)CO,50094.09748,plate_1_225,CCOC(=O)c1ncn2c1CN(C)C(=O)c1cc(Br)ccc1-2.O=C(O)C1CCCCC1.CCN(CC)C(=O)CO>>CCOC(=O)c1ncn2c1CN(C)C(=O)c1cc(C3CCCCC3)ccc1-2
plate_1,CCN(CC)C(N)=O,57326.29525,plate_1_226,CCOC(=O)c1ncn2c1CN(C)C(=O)c1cc(Br)ccc1-2.O=C(O)C1CCCCC1.CCN(CC)C(N)=O>>CCOC(=O)c1ncn2c1CN(C)C(=O)c1cc(C3CCCCC3)ccc1-2
plate_1,CCN(CC)CCCO,4200.62214,plate_1_227,CCOC(=O)c1ncn2c1CN(C)C(=O)c1cc(Br)ccc1-2.O=C(O)C1CCCCC1.CCN(CC)CCCO>>CCOC(=O)c1ncn2c1CN(C)C(=O)c1cc(C3CCCCC3)ccc1-2
plate_1,CCN(CC)c1ccccc1,35695.99108,plate_1_228,CCOC(=O)c1ncn2c1CN(C)C(=O)c1cc(Br)ccc1-2.O=C(O)C1CCCCC1.CCN(CC)c1ccccc1>>CCOC(=O)c1ncn2c1CN(C)C(=O)c1cc(C3CCCCC3)ccc1-2
plate_1,CCN1CCCC1=O,44449.59291,plate_1_229,CCOC(=O)c1ncn2c1CN(C)C(=O)c1cc(Br)ccc1-2.O=C(O)C1CCCCC1.CCN1CCCC1=O>>CCOC(=O)c1ncn2c1CN(C)C(=O)c1cc(C3CCCCC3)ccc1-2
plate_1,CCN1CCNC(=O)C1=O,53108.05751,plate_1_230,CCOC(=O)c1ncn2c1CN(C)C(=O)c1cc(Br)ccc1-2.O=C(O)C1CCCCC1.CCN1CCNC(=O)C1=O>>CCOC(=O)c1ncn2c1CN(C)C(=O)c1cc(C3CCCCC3)ccc1-2
plate_1,CCNC(=O)C(=O)NCC,52992.46721,plate_1_231,CCOC(=O)c1ncn2c1CN(C)C(=O)c1cc(Br)ccc1-2.O=C(O)C1CCCCC1.CCNC(=O)C(=O)NCC>>CCOC(=O)c1ncn2c1CN(C)C(=O)c1cc(C3CCCCC3)ccc1-2
plate_1,CCNC(=O)OC,47910.61327,plate_1_232,CCOC(=O)c1ncn2c1CN(C)C(=O)c1cc(Br)ccc1-2.O=C(O)C1CCCCC1.CCNC(=O)OC>>CCOC(=O)c1ncn2c1CN(C)C(=O)c1cc(C3CCCCC3)ccc1-2
plate_1,CCNC(=O)OCC,54541.27759,plate_1_233,CCOC(=O)c1ncn2c1CN(C)C(=O)c1cc(Br)ccc1-2.O=C(O)C1CCCCC1.CCNC(=O)OCC>>CCOC(=O)c1ncn2c1CN(C)C(=O)c1cc(C3CCCCC3)ccc1-2
plate_1,CCOC(=N)C(=O)OCC,34746.38677,plate_1_234,CCOC(=O)c1ncn2c1CN(C)C(=O)c1cc(Br)ccc1-2.O=C(O)C1CCCCC1.CCOC(=N)C(=O)OCC>>CCOC(=O)c1ncn2c1CN(C)C(=O)c1cc(C3CCCCC3)ccc1-2
plate_1,CCOC(=N)CCOC,44907.45152,plate_1_235,CCOC(=O)c1ncn2c1CN(C)C(=O)c1cc(Br)ccc1-2.O=C(O)C1CCCCC1.CCOC(=N)CCOC>>CCOC(=O)c1ncn2c1CN(C)C(=O)c1cc(C3CCCCC3)ccc1-2
plate_1,CCOC(=O)/C(N)=N\O,15809.73699,plate_1_236,CCOC(=O)c1ncn2c1CN(C)C(=O)c1cc(Br)ccc1-2.O=C(O)C1CCCCC1.CCOC(=O)/C(N)=N\O>>CCOC(=O)c1ncn2c1CN(C)C(=O)c1cc(C3CCCCC3)ccc1-2
plate_1,CCOC(=O)C(=O)C1CCCCC1,43790.08621,plate_1_238,CCOC(=O)c1ncn2c1CN(C)C(=O)c1cc(Br)ccc1-2.O=C(O)C1CCCCC1.CCOC(=O)C(=O)C1CCCCC1>>CCOC(=O)c1ncn2c1CN(C)C(=O)c1cc(C3CCCCC3)ccc1-2
plate_1,CCOC(=O)C(=O)N(C)C,51649.70848,plate_1_240,CCOC(=O)c1ncn2c1CN(C)C(=O)c1cc(Br)ccc1-2.O=C(O)C1CCCCC1.CCOC(=O)C(=O)N(C)C>>CCOC(=O)c1ncn2c1CN(C)C(=O)c1cc(C3CCCCC3)ccc1-2
plate_1,CCOC(=O)C(=O)Nc1ccccc1,57626.12982,plate_1_241,CCOC(=O)c1ncn2c1CN(C)C(=O)c1cc(Br)ccc1-2.O=C(O)C1CCCCC1.CCOC(=O)C(=O)Nc1ccccc1>>CCOC(=O)c1ncn2c1CN(C)C(=O)c1cc(C3CCCCC3)ccc1-2
plate_1,CCOC(=O)C(=O)O,31336.47159,plate_1_242,CCOC(=O)c1ncn2c1CN(C)C(=O)c1cc(Br)ccc1-2.O=C(O)C1CCCCC1.CCOC(=O)C(=O)O>>CCOC(=O)c1ncn2c1CN(C)C(=O)c1cc(C3CCCCC3)ccc1-2
plate_1,CCOC(=O)C(=O)OCC,55247.51076,plate_1_243,CCOC(=O)c1ncn2c1CN(C)C(=O)c1cc(Br)ccc1-2.O=C(O)C1CCCCC1.CCOC(=O)C(=O)OCC>>CCOC(=O)c1ncn2c1CN(C)C(=O)c1cc(C3CCCCC3)ccc1-2
plate_1,CCOC(=O)C(C)=O,49821.27855,plate_1_237,CCOC(=O)c1ncn2c1CN(C)C(=O)c1cc(Br)ccc1-2.O=C(O)C1CCCCC1.CCOC(=O)C(C)=O>>CCOC(=O)c1ncn2c1CN(C)C(=O)c1cc(C3CCCCC3)ccc1-2
plate_1,CCOC(=O)C(N)=O,1044.75084,plate_1_239,CCOC(=O)c1ncn2c1CN(C)C(=O)c1cc(Br)ccc1-2.O=C(O)C1CCCCC1.CCOC(=O)C(N)=O>>CCOC(=O)c1ncn2c1CN(C)C(=O)c1cc(C3CCCCC3)ccc1-2
plate_1,CCOC(=O)C1CCCCC1=O,34599.62301,plate_1_244,CCOC(=O)c1ncn2c1CN(C)C(=O)c1cc(Br)ccc1-2.O=C(O)C1CCCCC1.CCOC(=O)C1CCCCC1=O>>CCOC(=O)c1ncn2c1CN(C)C(=O)c1cc(C3CCCCC3)ccc1-2
plate_1,CCOC(=O)C1CCNC1=O,50874.02829,plate_1_245,CCOC(=O)c1ncn2c1CN(C)C(=O)c1cc(Br)ccc1-2.O=C(O)C1CCCCC1.CCOC(=O)C1CCNC1=O>>CCOC(=O)c1ncn2c1CN(C)C(=O)c1cc(C3CCCCC3)ccc1-2
plate_1,CCOC(=O)CC#N,6269.20997,plate_1_246,CCOC(=O)c1ncn2c1CN(C)C(=O)c1cc(Br)ccc1-2.O=C(O)C1CCCCC1.CCOC(=O)CC#N>>CCOC(=O)c1ncn2c1CN(C)C(=O)c1cc(C3CCCCC3)ccc1-2
plate_1,CCOC(=O)CC(=O)OCC,45290.70919,plate_1_247,CCOC(=O)c1ncn2c1CN(C)C(=O)c1cc(Br)ccc1-2.O=C(O)C1CCCCC1.CCOC(=O)CC(=O)OCC>>CCOC(=O)c1ncn2c1CN(C)C(=O)c1cc(C3CCCCC3)ccc1-2
plate_1,CCOC(=O)CC(=O)c1ccccn1,7809.29847,plate_1_248,CCOC(=O)c1ncn2c1CN(C)C(=O)c1cc(Br)ccc1-2.O=C(O)C1CCCCC1.CCOC(=O)CC(=O)c1ccccn1>>CCOC(=O)c1ncn2c1CN(C)C(=O)c1cc(C3CCCCC3)ccc1-2
plate_1,CCOC(=O)CCCC(=O)CC,49603.38967,plate_1_196,CCOC(=O)c1ncn2c1CN(C)C(=O)c1cc(Br)ccc1-2.O=C(O)C1CCCCC1.CCOC(=O)CCCC(=O)CC>>CCOC(=O)c1ncn2c1CN(C)C(=O)c1cc(C3CCCCC3)ccc1-2
plate_1,CCOC(=O)CN(C)C,47224.37919,plate_1_249,CCOC(=O)c1ncn2c1CN(C)C(=O)c1cc(Br)ccc1-2.O=C(O)C1CCCCC1.CCOC(=O)CN(C)C>>CCOC(=O)c1ncn2c1CN(C)C(=O)c1cc(C3CCCCC3)ccc1-2
plate_1,CCOC(=O)CNC(=O)CC,51513.71483,plate_1_198,CCOC(=O)c1ncn2c1CN(C)C(=O)c1cc(Br)ccc1-2.O=C(O)C1CCCCC1.CCOC(=O)CNC(=O)CC>>CCOC(=O)c1ncn2c1CN(C)C(=O)c1cc(C3CCCCC3)ccc1-2
plate_1,CCOC(=O)CNC(C)=O,49130.31687,plate_1_250,CCOC(=O)c1ncn2c1CN(C)C(=O)c1cc(Br)ccc1-2.O=C(O)C1CCCCC1.CCOC(=O)CNC(C)=O>>CCOC(=O)c1ncn2c1CN(C)C(=O)c1cc(C3CCCCC3)ccc1-2
plate_1,CCOC(=O)CNC=O,63885.69556,plate_1_251,CCOC(=O)c1ncn2c1CN(C)C(=O)c1cc(Br)ccc1-2.O=C(O)C1CCCCC1.CCOC(=O)CNC=O>>CCOC(=O)c1ncn2c1CN(C)C(=O)c1cc(C3CCCCC3)ccc1-2
plate_1,CCOC(=O)CO,55662.47298,plate_1_252,CCOC(=O)c1ncn2c1CN(C)C(=O)c1cc(Br)ccc1-2.O=C(O)C1CCCCC1.CCOC(=O)CO>>CCOC(=O)c1ncn2c1CN(C)C(=O)c1cc(C3CCCCC3)ccc1-2
plate_1,CCOC(=O)CSc1ccccc1,55067.99946,plate_1_253,CCOC(=O)c1ncn2c1CN(C)C(=O)c1cc(Br)ccc1-2.O=C(O)C1CCCCC1.CCOC(=O)CSc1ccccc1>>CCOC(=O)c1ncn2c1CN(C)C(=O)c1cc(C3CCCCC3)ccc1-2
plate_1,CCOC(=O)Cc1ccccn1,46259.59853,plate_1_254,CCOC(=O)c1ncn2c1CN(C)C(=O)c1cc(Br)ccc1-2.O=C(O)C1CCCCC1.CCOC(=O)Cc1ccccn1>>CCOC(=O)c1ncn2c1CN(C)C(=O)c1cc(C3CCCCC3)ccc1-2
plate_1,CCOC(=O)Cc1ccco1,312.16475,plate_1_255,CCOC(=O)c1ncn2c1CN(C)C(=O)c1cc(Br)ccc1-2.O=C(O)C1CCCCC1.CCOC(=O)Cc1ccco1>>CCOC(=O)c1ncn2c1CN(C)C(=O)c1cc(C3CCCCC3)ccc1-2
plate_1,CCOC(=O)Cc1ncccn1,48362.50538,plate_1_256,CCOC(=O)c1ncn2c1CN(C)C(=O)c1cc(Br)ccc1-2.O=C(O)C1CCCCC1.CCOC(=O)Cc1ncccn1>>CCOC(=O)c1ncn2c1CN(C)C(=O)c1cc(C3CCCCC3)ccc1-2
plate_1,CCOC(=O)Cn1nnc(-c2ccccc2)n1,48644.16589,plate_1_257,CCOC(=O)c1ncn2c1CN(C)C(=O)c1cc(Br)ccc1-2.O=C(O)C1CCCCC1.CCOC(=O)Cn1nnc(-c2ccccc2)n1>>CCOC(=O)c1ncn2c1CN(C)C(=O)c1cc(C3CCCCC3)ccc1-2
plate_1,CCOC(=O)NC,43230.33178,plate_1_258,CCOC(=O)c1ncn2c1CN(C)C(=O)c1cc(Br)ccc1-2.O=C(O)C1CCCCC1.CCOC(=O)NC>>CCOC(=O)c1ncn2c1CN(C)C(=O)c1cc(C3CCCCC3)ccc1-2
plate_1,CCOC(=O)OCC,57683.81147,plate_1_259,CCOC(=O)c1ncn2c1CN(C)C(=O)c1cc(Br)ccc1-2.O=C(O)C1CCCCC1.CCOC(=O)OCC>>CCOC(=O)c1ncn2c1CN(C)C(=O)c1cc(C3CCCCC3)ccc1-2
plate_1,CCOC(=O)[C@@H]1CCCC[C@H]1O,55140.15261,plate_1_260,CCOC(=O)c1ncn2c1CN(C)C(=O)c1cc(Br)ccc1-2.O=C(O)C1CCCCC1.CCOC(=O)[C@@H]1CCCC[C@H]1O>>CCOC(=O)c1ncn2c1CN(C)C(=O)c1cc(C3CCCCC3)ccc1-2
plate_1,CCOC(=O)c1c[nH]cn1,26303.87191,plate_1_262,CCOC(=O)c1ncn2c1CN(C)C(=O)c1cc(Br)ccc1-2.O=C(O)C1CCCCC1.CCOC(=O)c1c[nH]cn1>>CCOC(=O)c1ncn2c1CN(C)C(=O)c1cc(C3CCCCC3)ccc1-2
plate_1,CCOC(=O)c1cc(C)on1,17272.65589,plate_1_263,CCOC(=O)c1ncn2c1CN(C)C(=O)c1cc(Br)ccc1-2.O=C(O)C1CCCCC1.CCOC(=O)c1cc(C)on1>>CCOC(=O)c1ncn2c1CN(C)C(=O)c1cc(C3CCCCC3)ccc1-2
plate_1,CCOC(=O)c1ccccc1,55647.33264,plate_1_264,CCOC(=O)c1ncn2c1CN(C)C(=O)c1cc(Br)ccc1-2.O=C(O)C1CCCCC1.CCOC(=O)c1ccccc1>>CCOC(=O)c1ncn2c1CN(C)C(=O)c1cc(C3CCCCC3)ccc1-2
plate_1,CCOC(=O)c1ccccn1,53728.84255,plate_1_265,CCOC(=O)c1ncn2c1CN(C)C(=O)c1cc(Br)ccc1-2.O=C(O)C1CCCCC1.CCOC(=O)c1ccccn1>>CCOC(=O)c1ncn2c1CN(C)C(=O)c1cc(C3CCCCC3)ccc1-2
plate_1,CCOC(=O)c1cccs1,47553.97188,plate_1_266,CCOC(=O)c1ncn2c1CN(C)C(=O)c1cc(Br)ccc1-2.O=C(O)C1CCCCC1.CCOC(=O)c1cccs1>>CCOC(=O)c1ncn2c1CN(C)C(=O)c1cc(C3CCCCC3)ccc1-2
plate_1,CCOC(=O)c1cn(Cc2ccccc2)nn1,55646.68554,plate_1_267,CCOC(=O)c1ncn2c1CN(C)C(=O)c1cc(Br)ccc1-2.O=C(O)C1CCCCC1.CCOC(=O)c1cn(Cc2ccccc2)nn1>>CCOC(=O)c1ncn2c1CN(C)C(=O)c1cc(C3CCCCC3)ccc1-2
plate_1,CCOC(=O)c1cnoc1C,16935.35022,plate_1_268,CCOC(=O)c1ncn2c1CN(C)C(=O)c1cc(Br)ccc1-2.O=C(O)C1CCCCC1.CCOC(=O)c1cnoc1C>>CCOC(=O)c1ncn2c1CN(C)C(=O)c1cc(C3CCCCC3)ccc1-2
plate_1,CCOC(=O)c1csc(-c2ccccn2)n1,188.39713,plate_1_269,CCOC(=O)c1ncn2c1CN(C)C(=O)c1cc(Br)ccc1-2.O=C(O)C1CCCCC1.CCOC(=O)c1csc(-c2ccccn2)n1>>CCOC(=O)c1ncn2c1CN(C)C(=O)c1cc(C3CCCCC3)ccc1-2
plate_1,CCOC(=O)c1nc2ccccc2s1,29350.20853,plate_1_270,CCOC(=O)c1ncn2c1CN(C)C(=O)c1cc(Br)ccc1-2.O=C(O)C1CCCCC1.CCOC(=O)c1nc2ccccc2s1>>CCOC(=O)c1ncn2c1CN(C)C(=O)c1cc(C3CCCCC3)ccc1-2
plate_1,CCOC(=O)c1ncc[nH]1,72240.48608,plate_1_261,CCOC(=O)c1ncn2c1CN(C)C(=O)c1cc(Br)ccc1-2.O=C(O)C1CCCCC1.CCOC(=O)c1ncc[nH]1>>CCOC(=O)c1ncn2c1CN(C)C(=O)c1cc(C3CCCCC3)ccc1-2
plate_1,CCOC(=O)c1nccn1C,47310.22486,plate_1_271,CCOC(=O)c1ncn2c1CN(C)C(=O)c1cc(Br)ccc1-2.O=C(O)C1CCCCC1.CCOC(=O)c1nccn1C>>CCOC(=O)c1ncn2c1CN(C)C(=O)c1cc(C3CCCCC3)ccc1-2
plate_1,CCOC(=O)c1ncco1,25594.02845,plate_1_272,CCOC(=O)c1ncn2c1CN(C)C(=O)c1cc(Br)ccc1-2.O=C(O)C1CCCCC1.CCOC(=O)c1ncco1>>CCOC(=O)c1ncn2c1CN(C)C(=O)c1cc(C3CCCCC3)ccc1-2
plate_1,CCOCC(=O)OCC,51965.04666,plate_1_273,CCOC(=O)c1ncn2c1CN(C)C(=O)c1cc(Br)ccc1-2.O=C(O)C1CCCCC1.CCOCC(=O)OCC>>CCOC(=O)c1ncn2c1CN(C)C(=O)c1cc(C3CCCCC3)ccc1-2
plate_1,CCOCC(C)O,54255.61347,plate_1_274,CCOC(=O)c1ncn2c1CN(C)C(=O)c1cc(Br)ccc1-2.O=C(O)C1CCCCC1.CCOCC(C)O>>CCOC(=O)c1ncn2c1CN(C)C(=O)c1cc(C3CCCCC3)ccc1-2
plate_1,CCOP(C)(=O)OCC,53819.48746,plate_1_275,CCOC(=O)c1ncn2c1CN(C)C(=O)c1cc(Br)ccc1-2.O=C(O)C1CCCCC1.CCOP(C)(=O)OCC>>CCOC(=O)c1ncn2c1CN(C)C(=O)c1cc(C3CCCCC3)ccc1-2
plate_1,CCOc1ccccc1C(N)=O,52995.26619,plate_1_276,CCOC(=O)c1ncn2c1CN(C)C(=O)c1cc(Br)ccc1-2.O=C(O)C1CCCCC1.CCOc1ccccc1C(N)=O>>CCOC(=O)c1ncn2c1CN(C)C(=O)c1cc(C3CCCCC3)ccc1-2
plate_1,CCS(=O)(=O)CC,54506.4229,plate_1_277,CCOC(=O)c1ncn2c1CN(C)C(=O)c1cc(Br)ccc1-2.O=C(O)C1CCCCC1.CCS(=O)(=O)CC>>CCOC(=O)c1ncn2c1CN(C)C(=O)c1cc(C3CCCCC3)ccc1-2
plate_1,CCSCCO,52936.30434,plate_1_278,CCOC(=O)c1ncn2c1CN(C)C(=O)c1cc(Br)ccc1-2.O=C(O)C1CCCCC1.CCSCCO>>CCOC(=O)c1ncn2c1CN(C)C(=O)c1cc(C3CCCCC3)ccc1-2
plate_1,CCc1ccc[nH]1,48875.91408,plate_1_281,CCOC(=O)c1ncn2c1CN(C)C(=O)c1cc(Br)ccc1-2.O=C(O)C1CCCCC1.CCc1ccc[nH]1>>CCOC(=O)c1ncn2c1CN(C)C(=O)c1cc(C3CCCCC3)ccc1-2
plate_1,CCc1ncc[nH]1,57612.05333,plate_1_279,CCOC(=O)c1ncn2c1CN(C)C(=O)c1cc(Br)ccc1-2.O=C(O)C1CCCCC1.CCc1ncc[nH]1>>CCOC(=O)c1ncn2c1CN(C)C(=O)c1cc(C3CCCCC3)ccc1-2
plate_1,CN(C)/C=N/C(C)(C)C,53565.42364,plate_1_152,CCOC(=O)c1ncn2c1CN(C)C(=O)c1cc(Br)ccc1-2.O=C(O)C1CCCCC1.CN(C)/C=N/C(C)(C)C>>CCOC(=O)c1ncn2c1CN(C)C(=O)c1cc(C3CCCCC3)ccc1-2
plate_1,CN(C)C(=N)N(C)C,51633.10056,plate_1_282,CCOC(=O)c1ncn2c1CN(C)C(=O)c1cc(Br)ccc1-2.O=C(O)C1CCCCC1.CN(C)C(=N)N(C)C>>CCOC(=O)c1ncn2c1CN(C)C(=O)c1cc(C3CCCCC3)ccc1-2
plate_1,CN(C)C(=O)CC#N,50643.26313,plate_1_283,CCOC(=O)c1ncn2c1CN(C)C(=O)c1cc(Br)ccc1-2.O=C(O)C1CCCCC1.CN(C)C(=O)CC#N>>CCOC(=O)c1ncn2c1CN(C)C(=O)c1cc(C3CCCCC3)ccc1-2
plate_1,CN(C)C(C)(C)CO,619.58781,plate_1_162,CCOC(=O)c1ncn2c1CN(C)C(=O)c1cc(Br)ccc1-2.O=C(O)C1CCCCC1.CN(C)C(C)(C)CO>>CCOC(=O)c1ncn2c1CN(C)C(=O)c1cc(C3CCCCC3)ccc1-2
plate_1,CN(C)CC(=O)O,6742.65496,plate_1_285,CCOC(=O)c1ncn2c1CN(C)C(=O)c1cc(Br)ccc1-2.O=C(O)C1CCCCC1.CN(C)CC(=O)O>>CCOC(=O)c1ncn2c1CN(C)C(=O)c1cc(C3CCCCC3)ccc1-2
plate_1,CN(C)CC(C)(C)CO,43522.01865,plate_1_159,CCOC(=O)c1ncn2c1CN(C)C(=O)c1cc(Br)ccc1-2.O=C(O)C1CCCCC1.CN(C)CC(C)(C)CO>>CCOC(=O)c1ncn2c1CN(C)C(=O)c1cc(C3CCCCC3)ccc1-2
plate_1,CN(C)CC(N)=O,7463.01099,plate_1_284,CCOC(=O)c1ncn2c1CN(C)C(=O)c1cc(Br)ccc1-2.O=C(O)C1CCCCC1.CN(C)CC(N)=O>>CCOC(=O)c1ncn2c1CN(C)C(=O)c1cc(C3CCCCC3)ccc1-2
plate_1,CN(C)CC(O)CN(C)C,3847.72804,plate_1_287,CCOC(=O)c1ncn2c1CN(C)C(=O)c1cc(Br)ccc1-2.O=C(O)C1CCCCC1.CN(C)CC(O)CN(C)C>>CCOC(=O)c1ncn2c1CN(C)C(=O)c1cc(C3CCCCC3)ccc1-2
plate_1,CN(C)CCC#N,12437.99915,plate_1_288,CCOC(=O)c1ncn2c1CN(C)C(=O)c1cc(Br)ccc1-2.O=C(O)C1CCCCC1.CN(C)CCC#N>>CCOC(=O)c1ncn2c1CN(C)C(=O)c1cc(C3CCCCC3)ccc1-2
plate_1,CN(C)CCCCO,4333.06353,plate_1_289,CCOC(=O)c1ncn2c1CN(C)C(=O)c1cc(Br)ccc1-2.O=C(O)C1CCCCC1.CN(C)CCCCO>>CCOC(=O)c1ncn2c1CN(C)C(=O)c1cc(C3CCCCC3)ccc1-2
plate_1,CN(C)CCCO,12900.81634,plate_1_290,CCOC(=O)c1ncn2c1CN(C)C(=O)c1cc(Br)ccc1-2.O=C(O)C1CCCCC1.CN(C)CCCO>>CCOC(=O)c1ncn2c1CN(C)C(=O)c1cc(C3CCCCC3)ccc1-2
plate_1,CN(C)CCN(C)C,51991.11502,plate_1_291,CCOC(=O)c1ncn2c1CN(C)C(=O)c1cc(Br)ccc1-2.O=C(O)C1CCCCC1.CN(C)CCN(C)C>>CCOC(=O)c1ncn2c1CN(C)C(=O)c1cc(C3CCCCC3)ccc1-2
plate_1,CN(C)CCN(C)CCN(C)C,23020.5642,plate_1_292,CCOC(=O)c1ncn2c1CN(C)C(=O)c1cc(Br)ccc1-2.O=C(O)C1CCCCC1.CN(C)CCN(C)CCN(C)C>>CCOC(=O)c1ncn2c1CN(C)C(=O)c1cc(C3CCCCC3)ccc1-2
plate_1,CN(C)S(C)(=O)=O,56222.15256,plate_1_293,CCOC(=O)c1ncn2c1CN(C)C(=O)c1cc(Br)ccc1-2.O=C(O)C1CCCCC1.CN(C)S(C)(=O)=O>>CCOC(=O)c1ncn2c1CN(C)C(=O)c1cc(C3CCCCC3)ccc1-2
plate_1,CN(C)[C@@H](Cc1ccccc1)C(=O)O,47548.69922,plate_1_295,CCOC(=O)c1ncn2c1CN(C)C(=O)c1cc(Br)ccc1-2.O=C(O)C1CCCCC1.CN(C)[C@@H](Cc1ccccc1)C(=O)O>>CCOC(=O)c1ncn2c1CN(C)C(=O)c1cc(C3CCCCC3)ccc1-2
plate_1,CN(C)c1ccccc1C(=O)O,328.314925,plate_1_296,CCOC(=O)c1ncn2c1CN(C)C(=O)c1cc(Br)ccc1-2.O=C(O)C1CCCCC1.CN(C)c1ccccc1C(=O)O>>CCOC(=O)c1ncn2c1CN(C)C(=O)c1cc(C3CCCCC3)ccc1-2
plate_1,CN(C)c1ccccc1C=O,7637.94607,plate_1_298,CCOC(=O)c1ncn2c1CN(C)C(=O)c1cc(Br)ccc1-2.O=C(O)C1CCCCC1.CN(C)c1ccccc1C=O>>CCOC(=O)c1ncn2c1CN(C)C(=O)c1cc(C3CCCCC3)ccc1-2
plate_1,CN(C=O)c1ccccn1,39111.86445,plate_1_299,CCOC(=O)c1ncn2c1CN(C)C(=O)c1cc(Br)ccc1-2.O=C(O)C1CCCCC1.CN(C=O)c1ccccn1>>CCOC(=O)c1ncn2c1CN(C)C(=O)c1cc(C3CCCCC3)ccc1-2
plate_1,CN(CCO)CCO,1294.16365,plate_1_300,CCOC(=O)c1ncn2c1CN(C)C(=O)c1cc(Br)ccc1-2.O=C(O)C1CCCCC1.CN(CCO)CCO>>CCOC(=O)c1ncn2c1CN(C)C(=O)c1cc(C3CCCCC3)ccc1-2
plate_1,CN1C(=O)CC(=O)NC1=O,1035.49836,plate_1_301,CCOC(=O)c1ncn2c1CN(C)C(=O)c1cc(Br)ccc1-2.O=C(O)C1CCCCC1.CN1C(=O)CC(=O)NC1=O>>CCOC(=O)c1ncn2c1CN(C)C(=O)c1cc(C3CCCCC3)ccc1-2
plate_1,CN1CC(=O)N=C1N,41882.50816,plate_1_302,CCOC(=O)c1ncn2c1CN(C)C(=O)c1cc(Br)ccc1-2.O=C(O)C1CCCCC1.CN1CC(=O)N=C1N>>CCOC(=O)c1ncn2c1CN(C)C(=O)c1cc(C3CCCCC3)ccc1-2
plate_1,CN1CC(=O)NC1=O,86045.92668,plate_1_303,CCOC(=O)c1ncn2c1CN(C)C(=O)c1cc(Br)ccc1-2.O=C(O)C1CCCCC1.CN1CC(=O)NC1=O>>CCOC(=O)c1ncn2c1CN(C)C(=O)c1cc(C3CCCCC3)ccc1-2
plate_1,CN1CCCC1C(=O)O,295.45171,plate_1_304,CCOC(=O)c1ncn2c1CN(C)C(=O)c1cc(Br)ccc1-2.O=C(O)C1CCCCC1.CN1CCCC1C(=O)O>>CCOC(=O)c1ncn2c1CN(C)C(=O)c1cc(C3CCCCC3)ccc1-2
plate_1,CN1CCCC1CO,3624.56697,plate_1_305,CCOC(=O)c1ncn2c1CN(C)C(=O)c1cc(Br)ccc1-2.O=C(O)C1CCCCC1.CN1CCCC1CO>>CCOC(=O)c1ncn2c1CN(C)C(=O)c1cc(C3CCCCC3)ccc1-2
plate_1,CN1CCCCC1=O,52818.25585,plate_1_306,CCOC(=O)c1ncn2c1CN(C)C(=O)c1cc(Br)ccc1-2.O=C(O)C1CCCCC1.CN1CCCCC1=O>>CCOC(=O)c1ncn2c1CN(C)C(=O)c1cc(C3CCCCC3)ccc1-2
plate_1,CN1CCCN(C)C1=O,50961.61834,plate_1_307,CCOC(=O)c1ncn2c1CN(C)C(=O)c1cc(Br)ccc1-2.O=C(O)C1CCCCC1.CN1CCCN(C)C1=O>>CCOC(=O)c1ncn2c1CN(C)C(=O)c1cc(C3CCCCC3)ccc1-2
plate_1,CN1CCCN2CCCN=C12,12527.61503,plate_1_308,CCOC(=O)c1ncn2c1CN(C)C(=O)c1cc(Br)ccc1-2.O=C(O)C1CCCCC1.CN1CCCN2CCCN=C12>>CCOC(=O)c1ncn2c1CN(C)C(=O)c1cc(C3CCCCC3)ccc1-2
plate_1,CN1Cc2ccccc2NC1=O,35474.33819,plate_1_309,CCOC(=O)c1ncn2c1CN(C)C(=O)c1cc(Br)ccc1-2.O=C(O)C1CCCCC1.CN1Cc2ccccc2NC1=O>>CCOC(=O)c1ncn2c1CN(C)C(=O)c1cc(C3CCCCC3)ccc1-2
plate_1,CNC(=O)C(=O)NC,47817.11367,plate_1_310,CCOC(=O)c1ncn2c1CN(C)C(=O)c1cc(Br)ccc1-2.O=C(O)C1CCCCC1.CNC(=O)C(=O)NC>>CCOC(=O)c1ncn2c1CN(C)C(=O)c1cc(C3CCCCC3)ccc1-2
plate_1,CNC(=O)C(=O)O,0.0,plate_1_311,CCOC(=O)c1ncn2c1CN(C)C(=O)c1cc(Br)ccc1-2.O=C(O)C1CCCCC1.CNC(=O)C(=O)O>>CCOC(=O)c1ncn2c1CN(C)C(=O)c1cc(C3CCCCC3)ccc1-2
plate_1,CNC(=O)C(=O)c1ccccc1,38262.21129,plate_1_312,CCOC(=O)c1ncn2c1CN(C)C(=O)c1cc(Br)ccc1-2.O=C(O)C1CCCCC1.CNC(=O)C(=O)c1ccccc1>>CCOC(=O)c1ncn2c1CN(C)C(=O)c1cc(C3CCCCC3)ccc1-2
plate_1,CNC(=O)CC#N,38364.44211,plate_1_313,CCOC(=O)c1ncn2c1CN(C)C(=O)c1cc(Br)ccc1-2.O=C(O)C1CCCCC1.CNC(=O)CC#N>>CCOC(=O)c1ncn2c1CN(C)C(=O)c1cc(C3CCCCC3)ccc1-2
plate_1,CNC(=O)N(C)C,12941.253,plate_1_314,CCOC(=O)c1ncn2c1CN(C)C(=O)c1cc(Br)ccc1-2.O=C(O)C1CCCCC1.CNC(=O)N(C)C>>CCOC(=O)c1ncn2c1CN(C)C(=O)c1cc(C3CCCCC3)ccc1-2
plate_1,CNC(=O)c1ccccc1,56487.27955,plate_1_315,CCOC(=O)c1ncn2c1CN(C)C(=O)c1cc(Br)ccc1-2.O=C(O)C1CCCCC1.CNC(=O)c1ccccc1>>CCOC(=O)c1ncn2c1CN(C)C(=O)c1cc(C3CCCCC3)ccc1-2
plate_1,CNC(=O)c1ccccc1O,7187.32327,plate_1_316,CCOC(=O)c1ncn2c1CN(C)C(=O)c1cc(Br)ccc1-2.O=C(O)C1CCCCC1.CNC(=O)c1ccccc1O>>CCOC(=O)c1ncn2c1CN(C)C(=O)c1cc(C3CCCCC3)ccc1-2
plate_1,CNC(=O)c1cn2ccccc2n1,11143.26709,plate_1_317,CCOC(=O)c1ncn2c1CN(C)C(=O)c1cc(Br)ccc1-2.O=C(O)C1CCCCC1.CNC(=O)c1cn2ccccc2n1>>CCOC(=O)c1ncn2c1CN(C)C(=O)c1cc(C3CCCCC3)ccc1-2
plate_1,CNS(=O)(=O)N(C)C,50490.49306,plate_1_319,CCOC(=O)c1ncn2c1CN(C)C(=O)c1cc(Br)ccc1-2.O=C(O)C1CCCCC1.CNS(=O)(=O)N(C)C>>CCOC(=O)c1ncn2c1CN(C)C(=O)c1cc(C3CCCCC3)ccc1-2
plate_1,CNS(C)(=O)=O,58745.09693,plate_1_318,CCOC(=O)c1ncn2c1CN(C)C(=O)c1cc(Br)ccc1-2.O=C(O)C1CCCCC1.CNS(C)(=O)=O>>CCOC(=O)c1ncn2c1CN(C)C(=O)c1cc(C3CCCCC3)ccc1-2
plate_1,COC(=N)c1cnccn1,4466.85902,plate_1_320,CCOC(=O)c1ncn2c1CN(C)C(=O)c1cc(Br)ccc1-2.O=C(O)C1CCCCC1.COC(=N)c1cnccn1>>CCOC(=O)c1ncn2c1CN(C)C(=O)c1cc(C3CCCCC3)ccc1-2
plate_1,COC(=O)C(=O)c1ccccc1,22150.12272,plate_1_321,CCOC(=O)c1ncn2c1CN(C)C(=O)c1cc(Br)ccc1-2.O=C(O)C1CCCCC1.COC(=O)C(=O)c1ccccc1>>CCOC(=O)c1ncn2c1CN(C)C(=O)c1cc(C3CCCCC3)ccc1-2
plate_1,COC(=O)C(C)=O,53318.54501,plate_1_88,CCOC(=O)c1ncn2c1CN(C)C(=O)c1cc(Br)ccc1-2.O=C(O)C1CCCCC1.COC(=O)C(C)=O>>CCOC(=O)c1ncn2c1CN(C)C(=O)c1cc(C3CCCCC3)ccc1-2
plate_1,COC(=O)C1CCCC1=O,2031.98268,plate_1_322,CCOC(=O)c1ncn2c1CN(C)C(=O)c1cc(Br)ccc1-2.O=C(O)C1CCCCC1.COC(=O)C1CCCC1=O>>CCOC(=O)c1ncn2c1CN(C)C(=O)c1cc(C3CCCCC3)ccc1-2
plate_1,COC(=O)C1CCCCC1,57256.44631,plate_1_323,CCOC(=O)c1ncn2c1CN(C)C(=O)c1cc(Br)ccc1-2.O=C(O)C1CCCCC1.COC(=O)C1CCCCC1>>CCOC(=O)c1ncn2c1CN(C)C(=O)c1cc(C3CCCCC3)ccc1-2
plate_1,COC(=O)C1CCCCO1,56198.26179,plate_1_324,CCOC(=O)c1ncn2c1CN(C)C(=O)c1cc(Br)ccc1-2.O=C(O)C1CCCCC1.COC(=O)C1CCCCO1>>CCOC(=O)c1ncn2c1CN(C)C(=O)c1cc(C3CCCCC3)ccc1-2
plate_1,COC(=O)CC#N,3280.57674,plate_1_325,CCOC(=O)c1ncn2c1CN(C)C(=O)c1cc(Br)ccc1-2.O=C(O)C1CCCCC1.COC(=O)CC#N>>CCOC(=O)c1ncn2c1CN(C)C(=O)c1cc(C3CCCCC3)ccc1-2
plate_1,COC(=O)CC(=O)CC(=O)OC,2842.0019,plate_1_326,CCOC(=O)c1ncn2c1CN(C)C(=O)c1cc(Br)ccc1-2.O=C(O)C1CCCCC1.COC(=O)CC(=O)CC(=O)OC>>CCOC(=O)c1ncn2c1CN(C)C(=O)c1cc(C3CCCCC3)ccc1-2
plate_1,COC(=O)CC(N)=O,56861.40706,plate_1_327,CCOC(=O)c1ncn2c1CN(C)C(=O)c1cc(Br)ccc1-2.O=C(O)C1CCCCC1.COC(=O)CC(N)=O>>CCOC(=O)c1ncn2c1CN(C)C(=O)c1cc(C3CCCCC3)ccc1-2
plate_1,COC(=O)CCC#N,44233.54626,plate_1_328,CCOC(=O)c1ncn2c1CN(C)C(=O)c1cc(Br)ccc1-2.O=C(O)C1CCCCC1.COC(=O)CCC#N>>CCOC(=O)c1ncn2c1CN(C)C(=O)c1cc(C3CCCCC3)ccc1-2
plate_1,COC(=O)CCC(=O)C(=O)OC,28164.26378,plate_1_329,CCOC(=O)c1ncn2c1CN(C)C(=O)c1cc(Br)ccc1-2.O=C(O)C1CCCCC1.COC(=O)CCC(=O)C(=O)OC>>CCOC(=O)c1ncn2c1CN(C)C(=O)c1cc(C3CCCCC3)ccc1-2
plate_1,COC(=O)CCO,51243.40472,plate_1_331,CCOC(=O)c1ncn2c1CN(C)C(=O)c1cc(Br)ccc1-2.O=C(O)C1CCCCC1.COC(=O)CCO>>CCOC(=O)c1ncn2c1CN(C)C(=O)c1cc(C3CCCCC3)ccc1-2
plate_1,COC(=O)CC[N+](=O)[O-],16256.04343,plate_1_332,CCOC(=O)c1ncn2c1CN(C)C(=O)c1cc(Br)ccc1-2.O=C(O)C1CCCCC1.COC(=O)CC[N+](=O)[O-]>>CCOC(=O)c1ncn2c1CN(C)C(=O)c1cc(C3CCCCC3)ccc1-2
plate_1,COC(=O)CCc1c[nH]cn1,30900.98246,plate_1_333,CCOC(=O)c1ncn2c1CN(C)C(=O)c1cc(Br)ccc1-2.O=C(O)C1CCCCC1.COC(=O)CCc1c[nH]cn1>>CCOC(=O)c1ncn2c1CN(C)C(=O)c1cc(C3CCCCC3)ccc1-2
plate_1,COC(=O)CN(C)C,49460.61069,plate_1_286,CCOC(=O)c1ncn2c1CN(C)C(=O)c1cc(Br)ccc1-2.O=C(O)C1CCCCC1.COC(=O)CN(C)C>>CCOC(=O)c1ncn2c1CN(C)C(=O)c1cc(C3CCCCC3)ccc1-2
plate_1,COC(=O)CNC(=O)C(=O)OC,24481.17517,plate_1_334,CCOC(=O)c1ncn2c1CN(C)C(=O)c1cc(Br)ccc1-2.O=C(O)C1CCCCC1.COC(=O)CNC(=O)C(=O)OC>>CCOC(=O)c1ncn2c1CN(C)C(=O)c1cc(C3CCCCC3)ccc1-2
plate_1,COC(=O)CS(C)(=O)=O,63858.057,plate_1_335,CCOC(=O)c1ncn2c1CN(C)C(=O)c1cc(Br)ccc1-2.O=C(O)C1CCCCC1.COC(=O)CS(C)(=O)=O>>CCOC(=O)c1ncn2c1CN(C)C(=O)c1cc(C3CCCCC3)ccc1-2
plate_1,COC(=O)C[C@@H](C)O,52997.98663,plate_1_418,CCOC(=O)c1ncn2c1CN(C)C(=O)c1cc(Br)ccc1-2.O=C(O)C1CCCCC1.COC(=O)C[C@@H](C)O>>CCOC(=O)c1ncn2c1CN(C)C(=O)c1cc(C3CCCCC3)ccc1-2
plate_1,COC(=O)C[N+](=O)[O-],18393.7851,plate_1_336,CCOC(=O)c1ncn2c1CN(C)C(=O)c1cc(Br)ccc1-2.O=C(O)C1CCCCC1.COC(=O)C[N+](=O)[O-]>>CCOC(=O)c1ncn2c1CN(C)C(=O)c1cc(C3CCCCC3)ccc1-2
plate_1,COC(=O)Cc1ccccn1,49694.4979,plate_1_337,CCOC(=O)c1ncn2c1CN(C)C(=O)c1cc(Br)ccc1-2.O=C(O)C1CCCCC1.COC(=O)Cc1ccccn1>>CCOC(=O)c1ncn2c1CN(C)C(=O)c1cc(C3CCCCC3)ccc1-2
plate_1,COC(=O)Cc1nccs1,6188.98608,plate_1_338,CCOC(=O)c1ncn2c1CN(C)C(=O)c1cc(Br)ccc1-2.O=C(O)C1CCCCC1.COC(=O)Cc1nccs1>>CCOC(=O)c1ncn2c1CN(C)C(=O)c1cc(C3CCCCC3)ccc1-2
plate_1,COC(=O)N1CCCCC1,55265.3242,plate_1_339,CCOC(=O)c1ncn2c1CN(C)C(=O)c1cc(Br)ccc1-2.O=C(O)C1CCCCC1.COC(=O)N1CCCCC1>>CCOC(=O)c1ncn2c1CN(C)C(=O)c1cc(C3CCCCC3)ccc1-2
plate_1,COC(=O)Nc1ccc(OC)cc1,54090.27575,plate_1_380,CCOC(=O)c1ncn2c1CN(C)C(=O)c1cc(Br)ccc1-2.O=C(O)C1CCCCC1.COC(=O)Nc1ccc(OC)cc1>>CCOC(=O)c1ncn2c1CN(C)C(=O)c1cc(C3CCCCC3)ccc1-2
plate_1,COC(=O)Nc1ccccc1,61354.96141,plate_1_341,CCOC(=O)c1ncn2c1CN(C)C(=O)c1cc(Br)ccc1-2.O=C(O)C1CCCCC1.COC(=O)Nc1ccccc1>>CCOC(=O)c1ncn2c1CN(C)C(=O)c1cc(C3CCCCC3)ccc1-2
plate_1,COC(=O)Nc1nc2ccccc2[nH]1,17803.06191,plate_1_340,CCOC(=O)c1ncn2c1CN(C)C(=O)c1cc(Br)ccc1-2.O=C(O)C1CCCCC1.COC(=O)Nc1nc2ccccc2[nH]1>>CCOC(=O)c1ncn2c1CN(C)C(=O)c1cc(C3CCCCC3)ccc1-2
plate_1,COC(=O)[C@@H](O)[C@H](O)c1ccccc1,59213.6406,plate_1_342,CCOC(=O)c1ncn2c1CN(C)C(=O)c1cc(Br)ccc1-2.O=C(O)C1CCCCC1.COC(=O)[C@@H](O)[C@H](O)c1ccccc1>>CCOC(=O)c1ncn2c1CN(C)C(=O)c1cc(C3CCCCC3)ccc1-2
plate_1,COC(=O)c1cc(C)ccc1O,44150.55313,plate_1_425,CCOC(=O)c1ncn2c1CN(C)C(=O)c1cc(Br)ccc1-2.O=C(O)C1CCCCC1.COC(=O)c1cc(C)ccc1O>>CCOC(=O)c1ncn2c1CN(C)C(=O)c1cc(C3CCCCC3)ccc1-2
plate_1,COC(=O)c1cc(OC)ccc1O,8332.41156,plate_1_369,CCOC(=O)c1ncn2c1CN(C)C(=O)c1cc(Br)ccc1-2.O=C(O)C1CCCCC1.COC(=O)c1cc(OC)ccc1O>>CCOC(=O)c1ncn2c1CN(C)C(=O)c1cc(C3CCCCC3)ccc1-2
plate_1,COC(=O)c1ccc(OC)cc1,56387.2905,plate_1_376,CCOC(=O)c1ncn2c1CN(C)C(=O)c1cc(Br)ccc1-2.O=C(O)C1CCCCC1.COC(=O)c1ccc(OC)cc1>>CCOC(=O)c1ncn2c1CN(C)C(=O)c1cc(C3CCCCC3)ccc1-2
plate_1,COC(=O)c1cccc(C(=O)O)n1,7649.96091,plate_1_343,CCOC(=O)c1ncn2c1CN(C)C(=O)c1cc(Br)ccc1-2.O=C(O)C1CCCCC1.COC(=O)c1cccc(C(=O)O)n1>>CCOC(=O)c1ncn2c1CN(C)C(=O)c1cc(C3CCCCC3)ccc1-2
plate_1,COC(=O)c1cccc(C(=O)OC)n1,46289.87373,plate_1_344,CCOC(=O)c1ncn2c1CN(C)C(=O)c1cc(Br)ccc1-2.O=C(O)C1CCCCC1.COC(=O)c1cccc(C(=O)OC)n1>>CCOC(=O)c1ncn2c1CN(C)C(=O)c1cc(C3CCCCC3)ccc1-2
plate_1,COC(=O)c1cccc2c1NC(=O)C2,67.12511,plate_1_345,CCOC(=O)c1ncn2c1CN(C)C(=O)c1cc(Br)ccc1-2.O=C(O)C1CCCCC1.COC(=O)c1cccc2c1NC(=O)C2>>CCOC(=O)c1ncn2c1CN(C)C(=O)c1cc(C3CCCCC3)ccc1-2
plate_1,COC(=O)c1ccccc1,54901.82944,plate_1_346,CCOC(=O)c1ncn2c1CN(C)C(=O)c1cc(Br)ccc1-2.O=C(O)C1CCCCC1.COC(=O)c1ccccc1>>CCOC(=O)c1ncn2c1CN(C)C(=O)c1cc(C3CCCCC3)ccc1-2
plate_1,COC(=O)c1ccccc1-c1ccc[nH]1,26737.29083,plate_1_351,CCOC(=O)c1ncn2c1CN(C)C(=O)c1cc(Br)ccc1-2.O=C(O)C1CCCCC1.COC(=O)c1ccccc1-c1ccc[nH]1>>CCOC(=O)c1ncn2c1CN(C)C(=O)c1cc(C3CCCCC3)ccc1-2
plate_1,COC(=O)c1ccccc1C(=O)O,12663.32448,plate_1_347,CCOC(=O)c1ncn2c1CN(C)C(=O)c1cc(Br)ccc1-2.O=C(O)C1CCCCC1.COC(=O)c1ccccc1C(=O)O>>CCOC(=O)c1ncn2c1CN(C)C(=O)c1cc(C3CCCCC3)ccc1-2
plate_1,COC(=O)c1ccccc1C(=O)OC,52198.71521,plate_1_348,CCOC(=O)c1ncn2c1CN(C)C(=O)c1cc(Br)ccc1-2.O=C(O)C1CCCCC1.COC(=O)c1ccccc1C(=O)OC>>CCOC(=O)c1ncn2c1CN(C)C(=O)c1cc(C3CCCCC3)ccc1-2
plate_1,COC(=O)c1ccccc1N(C)C,550.86468,plate_1_297,CCOC(=O)c1ncn2c1CN(C)C(=O)c1cc(Br)ccc1-2.O=C(O)C1CCCCC1.COC(=O)c1ccccc1N(C)C>>CCOC(=O)c1ncn2c1CN(C)C(=O)c1cc(C3CCCCC3)ccc1-2
plate_1,COC(=O)c1ccccc1OC,52888.97693,plate_1_394,CCOC(=O)c1ncn2c1CN(C)C(=O)c1cc(Br)ccc1-2.O=C(O)C1CCCCC1.COC(=O)c1ccccc1OC>>CCOC(=O)c1ncn2c1CN(C)C(=O)c1cc(C3CCCCC3)ccc1-2
plate_1,COC(=O)c1ccccc1S,7214.44663,plate_1_349,CCOC(=O)c1ncn2c1CN(C)C(=O)c1cc(Br)ccc1-2.O=C(O)C1CCCCC1.COC(=O)c1ccccc1S>>CCOC(=O)c1ncn2c1CN(C)C(=O)c1cc(C3CCCCC3)ccc1-2
plate_1,COC(=O)c1ccccc1SC,51093.11035,plate_1_350,CCOC(=O)c1ncn2c1CN(C)C(=O)c1cc(Br)ccc1-2.O=C(O)C1CCCCC1.COC(=O)c1ccccc1SC>>CCOC(=O)c1ncn2c1CN(C)C(=O)c1cc(C3CCCCC3)ccc1-2
plate_1,COC(=O)c1ccccn1,56239.37666,plate_1_352,CCOC(=O)c1ncn2c1CN(C)C(=O)c1cc(Br)ccc1-2.O=C(O)C1CCCCC1.COC(=O)c1ccccn1>>CCOC(=O)c1ncn2c1CN(C)C(=O)c1cc(C3CCCCC3)ccc1-2
plate_1,COC(=O)c1cccnc1O,18814.33354,plate_1_353,CCOC(=O)c1ncn2c1CN(C)C(=O)c1cc(Br)ccc1-2.O=C(O)C1CCCCC1.COC(=O)c1cccnc1O>>CCOC(=O)c1ncn2c1CN(C)C(=O)c1cc(C3CCCCC3)ccc1-2
plate_1,COC(=O)c1cccs1,32536.29016,plate_1_354,CCOC(=O)c1ncn2c1CN(C)C(=O)c1cc(Br)ccc1-2.O=C(O)C1CCCCC1.COC(=O)c1cccs1>>CCOC(=O)c1ncn2c1CN(C)C(=O)c1cc(C3CCCCC3)ccc1-2
plate_1,COC(=O)c1ccn(C)n1,54097.6522,plate_1_459,CCOC(=O)c1ncn2c1CN(C)C(=O)c1cc(Br)ccc1-2.O=C(O)C1CCCCC1.COC(=O)c1ccn(C)n1>>CCOC(=O)c1ncn2c1CN(C)C(=O)c1cc(C3CCCCC3)ccc1-2
plate_1,COC(=O)c1ccnn1C,53452.12707,plate_1_447,CCOC(=O)c1ncn2c1CN(C)C(=O)c1cc(Br)ccc1-2.O=C(O)C1CCCCC1.COC(=O)c1ccnn1C>>CCOC(=O)c1ncn2c1CN(C)C(=O)c1cc(C3CCCCC3)ccc1-2
plate_1,COC(=O)c1ccno1,1028.51589,plate_1_355,CCOC(=O)c1ncn2c1CN(C)C(=O)c1cc(Br)ccc1-2.O=C(O)C1CCCCC1.COC(=O)c1ccno1>>CCOC(=O)c1ncn2c1CN(C)C(=O)c1cc(C3CCCCC3)ccc1-2
plate_1,COC(=O)c1cn(C)cn1,52433.75252,plate_1_450,CCOC(=O)c1ncn2c1CN(C)C(=O)c1cc(Br)ccc1-2.O=C(O)C1CCCCC1.COC(=O)c1cn(C)cn1>>CCOC(=O)c1ncn2c1CN(C)C(=O)c1cc(C3CCCCC3)ccc1-2
plate_1,COC(=O)c1cncs1,18965.03015,plate_1_356,CCOC(=O)c1ncn2c1CN(C)C(=O)c1cc(Br)ccc1-2.O=C(O)C1CCCCC1.COC(=O)c1cncs1>>CCOC(=O)c1ncn2c1CN(C)C(=O)c1cc(C3CCCCC3)ccc1-2
plate_1,COC(=O)c1nc[nH]n1,30577.94408,plate_1_357,CCOC(=O)c1ncn2c1CN(C)C(=O)c1cc(Br)ccc1-2.O=C(O)C1CCCCC1.COC(=O)c1nc[nH]n1>>CCOC(=O)c1ncn2c1CN(C)C(=O)c1cc(C3CCCCC3)ccc1-2
plate_1,COC(C)C(N)=O,55256.0266,plate_1_147,CCOC(=O)c1ncn2c1CN(C)C(=O)c1cc(Br)ccc1-2.O=C(O)C1CCCCC1.COC(C)C(N)=O>>CCOC(=O)c1ncn2c1CN(C)C(=O)c1cc(C3CCCCC3)ccc1-2
plate_1,COC(OC)c1ccccc1,57417.03285,plate_1_358,CCOC(=O)c1ncn2c1CN(C)C(=O)c1cc(Br)ccc1-2.O=C(O)C1CCCCC1.COC(OC)c1ccccc1>>CCOC(=O)c1ncn2c1CN(C)C(=O)c1cc(C3CCCCC3)ccc1-2
plate_1,COC1CCCCC1=O,51037.24898,plate_1_359,CCOC(=O)c1ncn2c1CN(C)C(=O)c1cc(Br)ccc1-2.O=C(O)C1CCCCC1.COC1CCCCC1=O>>CCOC(=O)c1ncn2c1CN(C)C(=O)c1cc(C3CCCCC3)ccc1-2
plate_1,COCC(=O)OC,54221.56209,plate_1_360,CCOC(=O)c1ncn2c1CN(C)C(=O)c1cc(Br)ccc1-2.O=C(O)C1CCCCC1.COCC(=O)OC>>CCOC(=O)c1ncn2c1CN(C)C(=O)c1cc(C3CCCCC3)ccc1-2
plate_1,COCC(=O)c1ccccc1,53192.15715,plate_1_361,CCOC(=O)c1ncn2c1CN(C)C(=O)c1cc(Br)ccc1-2.O=C(O)C1CCCCC1.COCC(=O)c1ccccc1>>CCOC(=O)c1ncn2c1CN(C)C(=O)c1cc(C3CCCCC3)ccc1-2
plate_1,COCC(C)(C)O,57102.07195,plate_1_163,CCOC(=O)c1ncn2c1CN(C)C(=O)c1cc(Br)ccc1-2.O=C(O)C1CCCCC1.COCC(C)(C)O>>CCOC(=O)c1ncn2c1CN(C)C(=O)c1cc(C3CCCCC3)ccc1-2
plate_1,COCC/C(N)=N/O,47645.30218,plate_1_362,CCOC(=O)c1ncn2c1CN(C)C(=O)c1cc(Br)ccc1-2.O=C(O)C1CCCCC1.COCC/C(N)=N/O>>CCOC(=O)c1ncn2c1CN(C)C(=O)c1cc(C3CCCCC3)ccc1-2
plate_1,COCCC(=O)OC,49994.0927,plate_1_363,CCOC(=O)c1ncn2c1CN(C)C(=O)c1cc(Br)ccc1-2.O=C(O)C1CCCCC1.COCCC(=O)OC>>CCOC(=O)c1ncn2c1CN(C)C(=O)c1cc(C3CCCCC3)ccc1-2
plate_1,COCCCNS(N)(=O)=O,57250.52258,plate_1_364,CCOC(=O)c1ncn2c1CN(C)C(=O)c1cc(Br)ccc1-2.O=C(O)C1CCCCC1.COCCCNS(N)(=O)=O>>CCOC(=O)c1ncn2c1CN(C)C(=O)c1cc(C3CCCCC3)ccc1-2
plate_1,COCCNS(=O)(=O)N(C)C,55173.30488,plate_1_294,CCOC(=O)c1ncn2c1CN(C)C(=O)c1cc(Br)ccc1-2.O=C(O)C1CCCCC1.COCCNS(=O)(=O)N(C)C>>CCOC(=O)c1ncn2c1CN(C)C(=O)c1cc(C3CCCCC3)ccc1-2
plate_1,COCc1ccccc1C(=O)O,20940.99321,plate_1_365,CCOC(=O)c1ncn2c1CN(C)C(=O)c1cc(Br)ccc1-2.O=C(O)C1CCCCC1.COCc1ccccc1C(=O)O>>CCOC(=O)c1ncn2c1CN(C)C(=O)c1cc(C3CCCCC3)ccc1-2
plate_1,CON(C)C(C)=O,47940.7581,plate_1_109,CCOC(=O)c1ncn2c1CN(C)C(=O)c1cc(Br)ccc1-2.O=C(O)C1CCCCC1.CON(C)C(C)=O>>CCOC(=O)c1ncn2c1CN(C)C(=O)c1cc(C3CCCCC3)ccc1-2
plate_1,CO[C@H]1CCCC[C@@H]1O,55345.01994,plate_1_366,CCOC(=O)c1ncn2c1CN(C)C(=O)c1cc(Br)ccc1-2.O=C(O)C1CCCCC1.CO[C@H]1CCCC[C@@H]1O>>CCOC(=O)c1ncn2c1CN(C)C(=O)c1cc(C3CCCCC3)ccc1-2
plate_1,COc1cc[nH]n1,57716.32007,plate_1_367,CCOC(=O)c1ncn2c1CN(C)C(=O)c1cc(Br)ccc1-2.O=C(O)C1CCCCC1.COc1cc[nH]n1>>CCOC(=O)c1ncn2c1CN(C)C(=O)c1cc(C3CCCCC3)ccc1-2
plate_1,COc1ccc(/C(N)=N\O)cc1,17446.15372,plate_1_372,CCOC(=O)c1ncn2c1CN(C)C(=O)c1cc(Br)ccc1-2.O=C(O)C1CCCCC1.COc1ccc(/C(N)=N\O)cc1>>CCOC(=O)c1ncn2c1CN(C)C(=O)c1cc(C3CCCCC3)ccc1-2
plate_1,COc1ccc(C(=N)N)cc1,38467.03939,plate_1_373,CCOC(=O)c1ncn2c1CN(C)C(=O)c1cc(Br)ccc1-2.O=C(O)C1CCCCC1.COc1ccc(C(=N)N)cc1>>CCOC(=O)c1ncn2c1CN(C)C(=O)c1cc(C3CCCCC3)ccc1-2
plate_1,COc1ccc(C(=O)O)c(O)c1,761.70108,plate_1_370,CCOC(=O)c1ncn2c1CN(C)C(=O)c1cc(Br)ccc1-2.O=C(O)C1CCCCC1.COc1ccc(C(=O)O)c(O)c1>>CCOC(=O)c1ncn2c1CN(C)C(=O)c1cc(C3CCCCC3)ccc1-2
plate_1,COc1ccc(C(=O)O)cc1,27125.64032,plate_1_375,CCOC(=O)c1ncn2c1CN(C)C(=O)c1cc(Br)ccc1-2.O=C(O)C1CCCCC1.COc1ccc(C(=O)O)cc1>>CCOC(=O)c1ncn2c1CN(C)C(=O)c1cc(C3CCCCC3)ccc1-2
plate_1,COc1ccc(C(C)=O)cc1,52025.98677,plate_1_127,CCOC(=O)c1ncn2c1CN(C)C(=O)c1cc(Br)ccc1-2.O=C(O)C1CCCCC1.COc1ccc(C(C)=O)cc1>>CCOC(=O)c1ncn2c1CN(C)C(=O)c1cc(C3CCCCC3)ccc1-2
plate_1,COc1ccc(C(N)=O)cc1,53932.20287,plate_1_374,CCOC(=O)c1ncn2c1CN(C)C(=O)c1cc(Br)ccc1-2.O=C(O)C1CCCCC1.COc1ccc(C(N)=O)cc1>>CCOC(=O)c1ncn2c1CN(C)C(=O)c1cc(C3CCCCC3)ccc1-2
plate_1,COc1ccc(C=O)cc1,56041.8048,plate_1_377,CCOC(=O)c1ncn2c1CN(C)C(=O)c1cc(Br)ccc1-2.O=C(O)C1CCCCC1.COc1ccc(C=O)cc1>>CCOC(=O)c1ncn2c1CN(C)C(=O)c1cc(C3CCCCC3)ccc1-2
plate_1,COc1ccc(COCC(=N)N)cc1,38749.33041,plate_1_378,CCOC(=O)c1ncn2c1CN(C)C(=O)c1cc(Br)ccc1-2.O=C(O)C1CCCCC1.COc1ccc(COCC(=N)N)cc1>>CCOC(=O)c1ncn2c1CN(C)C(=O)c1cc(C3CCCCC3)ccc1-2
plate_1,COc1ccc(N2CCNC2=O)cc1,2208.77302,plate_1_379,CCOC(=O)c1ncn2c1CN(C)C(=O)c1cc(Br)ccc1-2.O=C(O)C1CCCCC1.COc1ccc(N2CCNC2=O)cc1>>CCOC(=O)c1ncn2c1CN(C)C(=O)c1cc(C3CCCCC3)ccc1-2
plate_1,COc1ccc(O)c(C(=O)O)c1,51.93339,plate_1_368,CCOC(=O)c1ncn2c1CN(C)C(=O)c1cc(Br)ccc1-2.O=C(O)C1CCCCC1.COc1ccc(O)c(C(=O)O)c1>>CCOC(=O)c1ncn2c1CN(C)C(=O)c1cc(C3CCCCC3)ccc1-2
plate_1,COc1ccc(O)c([N+](=O)[O-])c1,0.0,plate_1_371,CCOC(=O)c1ncn2c1CN(C)C(=O)c1cc(Br)ccc1-2.O=C(O)C1CCCCC1.COc1ccc(O)c([N+](=O)[O-])c1>>CCOC(=O)c1ncn2c1CN(C)C(=O)c1cc(C3CCCCC3)ccc1-2
plate_1,COc1ccc(S(N)(=O)=O)cc1,52051.67625,plate_1_381,CCOC(=O)c1ncn2c1CN(C)C(=O)c1cc(Br)ccc1-2.O=C(O)C1CCCCC1.COc1ccc(S(N)(=O)=O)cc1>>CCOC(=O)c1ncn2c1CN(C)C(=O)c1cc(C3CCCCC3)ccc1-2
plate_1,COc1ccc2[nH]ccc2c1,24591.32675,plate_1_387,CCOC(=O)c1ncn2c1CN(C)C(=O)c1cc(Br)ccc1-2.O=C(O)C1CCCCC1.COc1ccc2[nH]ccc2c1>>CCOC(=O)c1ncn2c1CN(C)C(=O)c1cc(C3CCCCC3)ccc1-2
plate_1,COc1ccc2c(c1)C(=O)C(=O)N2,187.77529,plate_1_382,CCOC(=O)c1ncn2c1CN(C)C(=O)c1cc(Br)ccc1-2.O=C(O)C1CCCCC1.COc1ccc2c(c1)C(=O)C(=O)N2>>CCOC(=O)c1ncn2c1CN(C)C(=O)c1cc(C3CCCCC3)ccc1-2
plate_1,COc1ccc2c(c1)CC(=O)N2,11487.51345,plate_1_383,CCOC(=O)c1ncn2c1CN(C)C(=O)c1cc(Br)ccc1-2.O=C(O)C1CCCCC1.COc1ccc2c(c1)CC(=O)N2>>CCOC(=O)c1ncn2c1CN(C)C(=O)c1cc(C3CCCCC3)ccc1-2
plate_1,COc1ccc2c(c1)CCC(=O)N2,34190.06095,plate_1_384,CCOC(=O)c1ncn2c1CN(C)C(=O)c1cc(Br)ccc1-2.O=C(O)C1CCCCC1.COc1ccc2c(c1)CCC(=O)N2>>CCOC(=O)c1ncn2c1CN(C)C(=O)c1cc(C3CCCCC3)ccc1-2
plate_1,COc1ccc2c(c1)CNC2=O,45255.98782,plate_1_385,CCOC(=O)c1ncn2c1CN(C)C(=O)c1cc(Br)ccc1-2.O=C(O)C1CCCCC1.COc1ccc2c(c1)CNC2=O>>CCOC(=O)c1ncn2c1CN(C)C(=O)c1cc(C3CCCCC3)ccc1-2
plate_1,COc1ccc2c(c1)NC(=O)C2=O,10570.34521,plate_1_386,CCOC(=O)c1ncn2c1CN(C)C(=O)c1cc(Br)ccc1-2.O=C(O)C1CCCCC1.COc1ccc2c(c1)NC(=O)C2=O>>CCOC(=O)c1ncn2c1CN(C)C(=O)c1cc(C3CCCCC3)ccc1-2
plate_1,COc1cccc2c1C(=O)CCC2,31361.41077,plate_1_388,CCOC(=O)c1ncn2c1CN(C)C(=O)c1cc(Br)ccc1-2.O=C(O)C1CCCCC1.COc1cccc2c1C(=O)CCC2>>CCOC(=O)c1ncn2c1CN(C)C(=O)c1cc(C3CCCCC3)ccc1-2
plate_1,COc1cccc2c1NC(=O)C2,18120.77837,plate_1_389,CCOC(=O)c1ncn2c1CN(C)C(=O)c1cc(Br)ccc1-2.O=C(O)C1CCCCC1.COc1cccc2c1NC(=O)C2>>CCOC(=O)c1ncn2c1CN(C)C(=O)c1cc(C3CCCCC3)ccc1-2
plate_1,COc1cccc2cc(C(=O)O)[nH]c12,1579.42835,plate_1_390,CCOC(=O)c1ncn2c1CN(C)C(=O)c1cc(Br)ccc1-2.O=C(O)C1CCCCC1.COc1cccc2cc(C(=O)O)[nH]c12>>CCOC(=O)c1ncn2c1CN(C)C(=O)c1cc(C3CCCCC3)ccc1-2
plate_1,COc1cccc2cc[nH]c12,30278.50526,plate_1_391,CCOC(=O)c1ncn2c1CN(C)C(=O)c1cc(Br)ccc1-2.O=C(O)C1CCCCC1.COc1cccc2cc[nH]c12>>CCOC(=O)c1ncn2c1CN(C)C(=O)c1cc(C3CCCCC3)ccc1-2
plate_1,COc1ccccc1,51493.53358,plate_1_392,CCOC(=O)c1ncn2c1CN(C)C(=O)c1cc(Br)ccc1-2.O=C(O)C1CCCCC1.COc1ccccc1>>CCOC(=O)c1ncn2c1CN(C)C(=O)c1cc(C3CCCCC3)ccc1-2
plate_1,COc1ccccc1/C(N)=N/O,18014.88331,plate_1_393,CCOC(=O)c1ncn2c1CN(C)C(=O)c1cc(Br)ccc1-2.O=C(O)C1CCCCC1.COc1ccccc1/C(N)=N/O>>CCOC(=O)c1ncn2c1CN(C)C(=O)c1cc(C3CCCCC3)ccc1-2
plate_1,COc1ccccc1C(N)=S,926.88005,plate_1_395,CCOC(=O)c1ncn2c1CN(C)C(=O)c1cc(Br)ccc1-2.O=C(O)C1CCCCC1.COc1ccccc1C(N)=S>>CCOC(=O)c1ncn2c1CN(C)C(=O)c1cc(C3CCCCC3)ccc1-2
plate_1,COc1ccccc1NC(C)=O,58271.67205,plate_1_116,CCOC(=O)c1ncn2c1CN(C)C(=O)c1cc(Br)ccc1-2.O=C(O)C1CCCCC1.COc1ccccc1NC(C)=O>>CCOC(=O)c1ncn2c1CN(C)C(=O)c1cc(C3CCCCC3)ccc1-2
plate_1,COc1ccccc1NC(N)=S,14011.81541,plate_1_396,CCOC(=O)c1ncn2c1CN(C)C(=O)c1cc(Br)ccc1-2.O=C(O)C1CCCCC1.COc1ccccc1NC(N)=S>>CCOC(=O)c1ncn2c1CN(C)C(=O)c1cc(C3CCCCC3)ccc1-2
plate_1,COc1ccccc1O,43828.87855,plate_1_397,CCOC(=O)c1ncn2c1CN(C)C(=O)c1cc(Br)ccc1-2.O=C(O)C1CCCCC1.COc1ccccc1O>>CCOC(=O)c1ncn2c1CN(C)C(=O)c1cc(C3CCCCC3)ccc1-2
plate_1,COc1ccccc1OC,52983.09279,plate_1_398,CCOC(=O)c1ncn2c1CN(C)C(=O)c1cc(Br)ccc1-2.O=C(O)C1CCCCC1.COc1ccccc1OC>>CCOC(=O)c1ncn2c1CN(C)C(=O)c1cc(C3CCCCC3)ccc1-2
plate_1,COc1ccccc1OCC(N)=O,56209.1584,plate_1_399,CCOC(=O)c1ncn2c1CN(C)C(=O)c1cc(Br)ccc1-2.O=C(O)C1CCCCC1.COc1ccccc1OCC(N)=O>>CCOC(=O)c1ncn2c1CN(C)C(=O)c1cc(C3CCCCC3)ccc1-2
plate_1,COc1ccccc1S,40266.58524,plate_1_400,CCOC(=O)c1ncn2c1CN(C)C(=O)c1cc(Br)ccc1-2.O=C(O)C1CCCCC1.COc1ccccc1S>>CCOC(=O)c1ncn2c1CN(C)C(=O)c1cc(C3CCCCC3)ccc1-2
plate_1,COc1ccnc(O)c1,53521.23677,plate_1_401,CCOC(=O)c1ncn2c1CN(C)C(=O)c1cc(Br)ccc1-2.O=C(O)C1CCCCC1.COc1ccnc(O)c1>>CCOC(=O)c1ncn2c1CN(C)C(=O)c1cc(C3CCCCC3)ccc1-2
plate_1,CS(=O)(=O)C/C(N)=N/O,13676.42167,plate_1_403,CCOC(=O)c1ncn2c1CN(C)C(=O)c1cc(Br)ccc1-2.O=C(O)C1CCCCC1.CS(=O)(=O)C/C(N)=N/O>>CCOC(=O)c1ncn2c1CN(C)C(=O)c1cc(C3CCCCC3)ccc1-2
plate_1,CS(=O)(=O)CC(=O)c1ccccc1,2507.68685,plate_1_404,CCOC(=O)c1ncn2c1CN(C)C(=O)c1cc(Br)ccc1-2.O=C(O)C1CCCCC1.CS(=O)(=O)CC(=O)c1ccccc1>>CCOC(=O)c1ncn2c1CN(C)C(=O)c1cc(C3CCCCC3)ccc1-2
plate_1,CS(=O)(=O)Nc1ccccn1,7419.9622,plate_1_406,CCOC(=O)c1ncn2c1CN(C)C(=O)c1cc(Br)ccc1-2.O=C(O)C1CCCCC1.CS(=O)(=O)Nc1ccccn1>>CCOC(=O)c1ncn2c1CN(C)C(=O)c1cc(C3CCCCC3)ccc1-2
plate_1,CS(=O)(=O)c1ccccc1O,3860.75679,plate_1_408,CCOC(=O)c1ncn2c1CN(C)C(=O)c1cc(Br)ccc1-2.O=C(O)C1CCCCC1.CS(=O)(=O)c1ccccc1O>>CCOC(=O)c1ncn2c1CN(C)C(=O)c1cc(C3CCCCC3)ccc1-2
plate_1,CS(=O)(=O)c1nc2ccccc2[nH]1,8210.4458,plate_1_407,CCOC(=O)c1ncn2c1CN(C)C(=O)c1cc(Br)ccc1-2.O=C(O)C1CCCCC1.CS(=O)(=O)c1nc2ccccc2[nH]1>>CCOC(=O)c1ncn2c1CN(C)C(=O)c1cc(C3CCCCC3)ccc1-2
plate_1,CS(=O)(=O)c1nc2ccccc2s1,16612.54265,plate_1_409,CCOC(=O)c1ncn2c1CN(C)C(=O)c1cc(Br)ccc1-2.O=C(O)C1CCCCC1.CS(=O)(=O)c1nc2ccccc2s1>>CCOC(=O)c1ncn2c1CN(C)C(=O)c1cc(C3CCCCC3)ccc1-2
plate_1,CS(=O)(=O)c1nc[nH]n1,13044.7857,plate_1_410,CCOC(=O)c1ncn2c1CN(C)C(=O)c1cc(Br)ccc1-2.O=C(O)C1CCCCC1.CS(=O)(=O)c1nc[nH]n1>>CCOC(=O)c1ncn2c1CN(C)C(=O)c1cc(C3CCCCC3)ccc1-2
plate_1,CS(=O)c1ccccc1,45994.13489,plate_1_411,CCOC(=O)c1ncn2c1CN(C)C(=O)c1cc(Br)ccc1-2.O=C(O)C1CCCCC1.CS(=O)c1ccccc1>>CCOC(=O)c1ncn2c1CN(C)C(=O)c1cc(C3CCCCC3)ccc1-2
plate_1,CS(C)(=O)=O,53989.46297,plate_1_402,CCOC(=O)c1ncn2c1CN(C)C(=O)c1cc(Br)ccc1-2.O=C(O)C1CCCCC1.CS(C)(=O)=O>>CCOC(=O)c1ncn2c1CN(C)C(=O)c1cc(C3CCCCC3)ccc1-2
plate_1,CS(N)(=O)=O,56245.48423,plate_1_405,CCOC(=O)c1ncn2c1CN(C)C(=O)c1cc(Br)ccc1-2.O=C(O)C1CCCCC1.CS(N)(=O)=O>>CCOC(=O)c1ncn2c1CN(C)C(=O)c1cc(C3CCCCC3)ccc1-2
plate_1,CSCC(=O)O,4015.29585,plate_1_412,CCOC(=O)c1ncn2c1CN(C)C(=O)c1cc(Br)ccc1-2.O=C(O)C1CCCCC1.CSCC(=O)O>>CCOC(=O)c1ncn2c1CN(C)C(=O)c1cc(C3CCCCC3)ccc1-2
plate_1,CSCC(C)=O,54433.71746,plate_1_107,CCOC(=O)c1ncn2c1CN(C)C(=O)c1cc(Br)ccc1-2.O=C(O)C1CCCCC1.CSCC(C)=O>>CCOC(=O)c1ncn2c1CN(C)C(=O)c1cc(C3CCCCC3)ccc1-2
plate_1,CSCCCO,55317.92609,plate_1_413,CCOC(=O)c1ncn2c1CN(C)C(=O)c1cc(Br)ccc1-2.O=C(O)C1CCCCC1.CSCCCO>>CCOC(=O)c1ncn2c1CN(C)C(=O)c1cc(C3CCCCC3)ccc1-2
plate_1,CSc1ccccc1,53980.97211,plate_1_414,CCOC(=O)c1ncn2c1CN(C)C(=O)c1cc(Br)ccc1-2.O=C(O)C1CCCCC1.CSc1ccccc1>>CCOC(=O)c1ncn2c1CN(C)C(=O)c1cc(C3CCCCC3)ccc1-2
plate_1,CSc1ccccc1C(=O)O,2666.571135,plate_1_415,CCOC(=O)c1ncn2c1CN(C)C(=O)c1cc(Br)ccc1-2.O=C(O)C1CCCCC1.CSc1ccccc1C(=O)O>>CCOC(=O)c1ncn2c1CN(C)C(=O)c1cc(C3CCCCC3)ccc1-2
plate_1,CSc1ccccc1O,36623.74441,plate_1_416,CCOC(=O)c1ncn2c1CN(C)C(=O)c1cc(Br)ccc1-2.O=C(O)C1CCCCC1.CSc1ccccc1O>>CCOC(=O)c1ncn2c1CN(C)C(=O)c1cc(C3CCCCC3)ccc1-2
plate_1,C[C@@H]1COC(=O)O1,56306.63041,plate_1_417,CCOC(=O)c1ncn2c1CN(C)C(=O)c1cc(Br)ccc1-2.O=C(O)C1CCCCC1.C[C@@H]1COC(=O)O1>>CCOC(=O)c1ncn2c1CN(C)C(=O)c1cc(C3CCCCC3)ccc1-2
plate_1,C[S@@](=N)(=O)c1ccccc1,40054.87744,plate_1_419,CCOC(=O)c1ncn2c1CN(C)C(=O)c1cc(Br)ccc1-2.O=C(O)C1CCCCC1.C[S@@](=N)(=O)c1ccccc1>>CCOC(=O)c1ncn2c1CN(C)C(=O)c1cc(C3CCCCC3)ccc1-2
plate_1,Cc1cc(C)[nH]n1,39345.15358,plate_1_422,CCOC(=O)c1ncn2c1CN(C)C(=O)c1cc(Br)ccc1-2.O=C(O)C1CCCCC1.Cc1cc(C)[nH]n1>>CCOC(=O)c1ncn2c1CN(C)C(=O)c1cc(C3CCCCC3)ccc1-2
plate_1,Cc1cc(C)on1,53880.34142,plate_1_424,CCOC(=O)c1ncn2c1CN(C)C(=O)c1cc(Br)ccc1-2.O=C(O)C1CCCCC1.Cc1cc(C)on1>>CCOC(=O)c1ncn2c1CN(C)C(=O)c1cc(C3CCCCC3)ccc1-2
plate_1,Cc1cc(O)nc(O)c1,204.27634,plate_1_423,CCOC(=O)c1ncn2c1CN(C)C(=O)c1cc(Br)ccc1-2.O=C(O)C1CCCCC1.Cc1cc(O)nc(O)c1>>CCOC(=O)c1ncn2c1CN(C)C(=O)c1cc(C3CCCCC3)ccc1-2
plate_1,Cc1cc([N+](=O)[O-])c(O)c([N+](=O)[O-])c1,438.57115,plate_1_421,CCOC(=O)c1ncn2c1CN(C)C(=O)c1cc(Br)ccc1-2.O=C(O)C1CCCCC1.Cc1cc([N+](=O)[O-])c(O)c([N+](=O)[O-])c1>>CCOC(=O)c1ncn2c1CN(C)C(=O)c1cc(C3CCCCC3)ccc1-2
plate_1,Cc1ccc(-c2nnn[nH]2)cc1,10136.0236,plate_1_430,CCOC(=O)c1ncn2c1CN(C)C(=O)c1cc(Br)ccc1-2.O=C(O)C1CCCCC1.Cc1ccc(-c2nnn[nH]2)cc1>>CCOC(=O)c1ncn2c1CN(C)C(=O)c1cc(C3CCCCC3)ccc1-2
plate_1,Cc1ccc(C(=O)NN)cc1,8672.82301,plate_1_427,CCOC(=O)c1ncn2c1CN(C)C(=O)c1cc(Br)ccc1-2.O=C(O)C1CCCCC1.Cc1ccc(C(=O)NN)cc1>>CCOC(=O)c1ncn2c1CN(C)C(=O)c1cc(C3CCCCC3)ccc1-2
plate_1,Cc1ccc(C(N)=O)cc1,54461.99801,plate_1_426,CCOC(=O)c1ncn2c1CN(C)C(=O)c1cc(Br)ccc1-2.O=C(O)C1CCCCC1.Cc1ccc(C(N)=O)cc1>>CCOC(=O)c1ncn2c1CN(C)C(=O)c1cc(C3CCCCC3)ccc1-2
plate_1,Cc1ccc(C(N)=S)cc1,830.62136,plate_1_428,CCOC(=O)c1ncn2c1CN(C)C(=O)c1cc(Br)ccc1-2.O=C(O)C1CCCCC1.Cc1ccc(C(N)=S)cc1>>CCOC(=O)c1ncn2c1CN(C)C(=O)c1cc(C3CCCCC3)ccc1-2
plate_1,Cc1ccc(C=O)cc1,57671.45694,plate_1_429,CCOC(=O)c1ncn2c1CN(C)C(=O)c1cc(Br)ccc1-2.O=C(O)C1CCCCC1.Cc1ccc(C=O)cc1>>CCOC(=O)c1ncn2c1CN(C)C(=O)c1cc(C3CCCCC3)ccc1-2
plate_1,Cc1ccc(O)nc1,20478.74072,plate_1_431,CCOC(=O)c1ncn2c1CN(C)C(=O)c1cc(Br)ccc1-2.O=C(O)C1CCCCC1.Cc1ccc(O)nc1>>CCOC(=O)c1ncn2c1CN(C)C(=O)c1cc(C3CCCCC3)ccc1-2
plate_1,Cc1cccc(C)c1C(=O)O,19767.85478,plate_1_433,CCOC(=O)c1ncn2c1CN(C)C(=O)c1cc(Br)ccc1-2.O=C(O)C1CCCCC1.Cc1cccc(C)c1C(=O)O>>CCOC(=O)c1ncn2c1CN(C)C(=O)c1cc(C3CCCCC3)ccc1-2
plate_1,Cc1cccc(C)c1O,52983.17151,plate_1_434,CCOC(=O)c1ncn2c1CN(C)C(=O)c1cc(Br)ccc1-2.O=C(O)C1CCCCC1.Cc1cccc(C)c1O>>CCOC(=O)c1ncn2c1CN(C)C(=O)c1cc(C3CCCCC3)ccc1-2
plate_1,Cc1ccn(C(N)=O)n1,51641.8999,plate_1_435,CCOC(=O)c1ncn2c1CN(C)C(=O)c1cc(Br)ccc1-2.O=C(O)C1CCCCC1.Cc1ccn(C(N)=O)n1>>CCOC(=O)c1ncn2c1CN(C)C(=O)c1cc(C3CCCCC3)ccc1-2
plate_1,Cc1cnc(C(=N)N)cn1,20921.60281,plate_1_437,CCOC(=O)c1ncn2c1CN(C)C(=O)c1cc(Br)ccc1-2.O=C(O)C1CCCCC1.Cc1cnc(C(=N)N)cn1>>CCOC(=O)c1ncn2c1CN(C)C(=O)c1cc(C3CCCCC3)ccc1-2
plate_1,Cc1cnc(C(C)NC(=O)OC(C)(C)C)[nH]1,25542.16473,plate_1_436,CCOC(=O)c1ncn2c1CN(C)C(=O)c1cc(Br)ccc1-2.O=C(O)C1CCCCC1.Cc1cnc(C(C)NC(=O)OC(C)(C)C)[nH]1>>CCOC(=O)c1ncn2c1CN(C)C(=O)c1cc(C3CCCCC3)ccc1-2
plate_1,Cc1cnc(O)nc1,51691.21479,plate_1_438,CCOC(=O)c1ncn2c1CN(C)C(=O)c1cc(Br)ccc1-2.O=C(O)C1CCCCC1.Cc1cnc(O)nc1>>CCOC(=O)c1ncn2c1CN(C)C(=O)c1cc(C3CCCCC3)ccc1-2
plate_1,Cc1cscn1,53107.3676,plate_1_440,CCOC(=O)c1ncn2c1CN(C)C(=O)c1cc(Br)ccc1-2.O=C(O)C1CCCCC1.Cc1cscn1>>CCOC(=O)c1ncn2c1CN(C)C(=O)c1cc(C3CCCCC3)ccc1-2
plate_1,Cc1nc(-c2ccccc2O)cs1,58.43005,plate_1_442,CCOC(=O)c1ncn2c1CN(C)C(=O)c1cc(Br)ccc1-2.O=C(O)C1CCCCC1.Cc1nc(-c2ccccc2O)cs1>>CCOC(=O)c1ncn2c1CN(C)C(=O)c1cc(C3CCCCC3)ccc1-2
plate_1,Cc1nc(=O)[nH]n1-c1ccccc1,7917.62664,plate_1_441,CCOC(=O)c1ncn2c1CN(C)C(=O)c1cc(Br)ccc1-2.O=C(O)C1CCCCC1.Cc1nc(=O)[nH]n1-c1ccccc1>>CCOC(=O)c1ncn2c1CN(C)C(=O)c1cc(C3CCCCC3)ccc1-2
plate_1,Cn1c(=O)[nH]c2ccccc2c1=O,13426.78982,plate_1_444,CCOC(=O)c1ncn2c1CN(C)C(=O)c1cc(Br)ccc1-2.O=C(O)C1CCCCC1.Cn1c(=O)[nH]c2ccccc2c1=O>>CCOC(=O)c1ncn2c1CN(C)C(=O)c1cc(C3CCCCC3)ccc1-2
plate_1,Cn1cc(C(=O)O)nn1,11585.45213,plate_1_454,CCOC(=O)c1ncn2c1CN(C)C(=O)c1cc(Br)ccc1-2.O=C(O)C1CCCCC1.Cn1cc(C(=O)O)nn1>>CCOC(=O)c1ncn2c1CN(C)C(=O)c1cc(C3CCCCC3)ccc1-2
plate_1,Cn1cc[nH]c1=O,36007.24708,plate_1_455,CCOC(=O)c1ncn2c1CN(C)C(=O)c1cc(Br)ccc1-2.O=C(O)C1CCCCC1.Cn1cc[nH]c1=O>>CCOC(=O)c1ncn2c1CN(C)C(=O)c1cc(C3CCCCC3)ccc1-2
plate_1,Cn1ccc(=O)[nH]c1=O,58760.00312,plate_1_456,CCOC(=O)c1ncn2c1CN(C)C(=O)c1cc(Br)ccc1-2.O=C(O)C1CCCCC1.Cn1ccc(=O)[nH]c1=O>>CCOC(=O)c1ncn2c1CN(C)C(=O)c1cc(C3CCCCC3)ccc1-2
plate_1,Cn1ccc(=O)n(C)c1=O,44640.73731,plate_1_457,CCOC(=O)c1ncn2c1CN(C)C(=O)c1cc(Br)ccc1-2.O=C(O)C1CCCCC1.Cn1ccc(=O)n(C)c1=O>>CCOC(=O)c1ncn2c1CN(C)C(=O)c1cc(C3CCCCC3)ccc1-2
plate_1,Cn1ccc(C(=O)O)n1,11392.44525,plate_1_458,CCOC(=O)c1ncn2c1CN(C)C(=O)c1cc(Br)ccc1-2.O=C(O)C1CCCCC1.Cn1ccc(C(=O)O)n1>>CCOC(=O)c1ncn2c1CN(C)C(=O)c1cc(C3CCCCC3)ccc1-2
plate_1,Cn1ccnc1[N+](=O)[O-],1843.04087,plate_1_460,CCOC(=O)c1ncn2c1CN(C)C(=O)c1cc(Br)ccc1-2.O=C(O)C1CCCCC1.Cn1ccnc1[N+](=O)[O-]>>CCOC(=O)c1ncn2c1CN(C)C(=O)c1cc(C3CCCCC3)ccc1-2
plate_1,Cn1cnc(C=O)c1,49923.07816,plate_1_451,CCOC(=O)c1ncn2c1CN(C)C(=O)c1cc(Br)ccc1-2.O=C(O)C1CCCCC1.Cn1cnc(C=O)c1>>CCOC(=O)c1ncn2c1CN(C)C(=O)c1cc(C3CCCCC3)ccc1-2
plate_1,Cn1cnc(CO)c1,45449.622885,plate_1_452,CCOC(=O)c1ncn2c1CN(C)C(=O)c1cc(Br)ccc1-2.O=C(O)C1CCCCC1.Cn1cnc(CO)c1>>CCOC(=O)c1ncn2c1CN(C)C(=O)c1cc(C3CCCCC3)ccc1-2
plate_1,Cn1cnc(S(N)(=O)=O)c1,48373.99378,plate_1_453,CCOC(=O)c1ncn2c1CN(C)C(=O)c1cc(Br)ccc1-2.O=C(O)C1CCCCC1.Cn1cnc(S(N)(=O)=O)c1>>CCOC(=O)c1ncn2c1CN(C)C(=O)c1cc(C3CCCCC3)ccc1-2
plate_1,Cn1cnc2c(=O)[nH]c(=O)[nH]c21,45422.06291,plate_1_461,CCOC(=O)c1ncn2c1CN(C)C(=O)c1cc(Br)ccc1-2.O=C(O)C1CCCCC1.Cn1cnc2c(=O)[nH]c(=O)[nH]c21>>CCOC(=O)c1ncn2c1CN(C)C(=O)c1cc(C3CCCCC3)ccc1-2
plate_1,Cn1cnc2c(=O)[nH]c(=O)n(C)c21,62766.88576,plate_1_463,CCOC(=O)c1ncn2c1CN(C)C(=O)c1cc(Br)ccc1-2.O=C(O)C1CCCCC1.Cn1cnc2c(=O)[nH]c(=O)n(C)c21>>CCOC(=O)c1ncn2c1CN(C)C(=O)c1cc(C3CCCCC3)ccc1-2
plate_1,Cn1cnc2ccccc21,47702.77895,plate_1_462,CCOC(=O)c1ncn2c1CN(C)C(=O)c1cc(Br)ccc1-2.O=C(O)C1CCCCC1.Cn1cnc2ccccc21>>CCOC(=O)c1ncn2c1CN(C)C(=O)c1cc(C3CCCCC3)ccc1-2
plate_1,Cn1cncc1C(=O)O,16571.21907,plate_1_464,CCOC(=O)c1ncn2c1CN(C)C(=O)c1cc(Br)ccc1-2.O=C(O)C1CCCCC1.Cn1cncc1C(=O)O>>CCOC(=O)c1ncn2c1CN(C)C(=O)c1cc(C3CCCCC3)ccc1-2
plate_1,Cn1cncc1CO,31745.84948,plate_1_465,CCOC(=O)c1ncn2c1CN(C)C(=O)c1cc(Br)ccc1-2.O=C(O)C1CCCCC1.Cn1cncc1CO>>CCOC(=O)c1ncn2c1CN(C)C(=O)c1cc(C3CCCCC3)ccc1-2
plate_1,Cn1nc(-c2ccccc2)cc1O,3140.2416,plate_1_445,CCOC(=O)c1ncn2c1CN(C)C(=O)c1cc(Br)ccc1-2.O=C(O)C1CCCCC1.Cn1nc(-c2ccccc2)cc1O>>CCOC(=O)c1ncn2c1CN(C)C(=O)c1cc(C3CCCCC3)ccc1-2
plate_1,Cn1nccc1C(=O)O,8939.714875,plate_1_446,CCOC(=O)c1ncn2c1CN(C)C(=O)c1cc(Br)ccc1-2.O=C(O)C1CCCCC1.Cn1nccc1C(=O)O>>CCOC(=O)c1ncn2c1CN(C)C(=O)c1cc(C3CCCCC3)ccc1-2
plate_1,Cn1nccc1O,2497.43944,plate_1_448,CCOC(=O)c1ncn2c1CN(C)C(=O)c1cc(Br)ccc1-2.O=C(O)C1CCCCC1.Cn1nccc1O>>CCOC(=O)c1ncn2c1CN(C)C(=O)c1cc(C3CCCCC3)ccc1-2
plate_1,Cn1nncc1C(=O)O,8592.56095,plate_1_449,CCOC(=O)c1ncn2c1CN(C)C(=O)c1cc(Br)ccc1-2.O=C(O)C1CCCCC1.Cn1nncc1C(=O)O>>CCOC(=O)c1ncn2c1CN(C)C(=O)c1cc(C3CCCCC3)ccc1-2
plate_1,FC(F)(F)c1c[nH]cn1,22452.11161,plate_1_471,CCOC(=O)c1ncn2c1CN(C)C(=O)c1cc(Br)ccc1-2.O=C(O)C1CCCCC1.FC(F)(F)c1c[nH]cn1>>CCOC(=O)c1ncn2c1CN(C)C(=O)c1cc(C3CCCCC3)ccc1-2
plate_1,FC(F)(F)c1cn[nH]c1,18228.49417,plate_1_470,CCOC(=O)c1ncn2c1CN(C)C(=O)c1cc(Br)ccc1-2.O=C(O)C1CCCCC1.FC(F)(F)c1cn[nH]c1>>CCOC(=O)c1ncn2c1CN(C)C(=O)c1cc(C3CCCCC3)ccc1-2
plate_1,FC(F)(F)c1ncc[nH]1,19856.37967,plate_1_697,CCOC(=O)c1ncn2c1CN(C)C(=O)c1cc(Br)ccc1-2.O=C(O)C1CCCCC1.FC(F)(F)c1ncc[nH]1>>CCOC(=O)c1ncn2c1CN(C)C(=O)c1cc(C3CCCCC3)ccc1-2
plate_1,Fc1ccc2[nH]ccc2c1,48105.36043,plate_1_503,CCOC(=O)c1ncn2c1CN(C)C(=O)c1cc(Br)ccc1-2.O=C(O)C1CCCCC1.Fc1ccc2[nH]ccc2c1>>CCOC(=O)c1ncn2c1CN(C)C(=O)c1cc(C3CCCCC3)ccc1-2
plate_1,Fc1ccc2[nH]ncc2c1,19618.41689,plate_1_502,CCOC(=O)c1ncn2c1CN(C)C(=O)c1cc(Br)ccc1-2.O=C(O)C1CCCCC1.Fc1ccc2[nH]ncc2c1>>CCOC(=O)c1ncn2c1CN(C)C(=O)c1cc(C3CCCCC3)ccc1-2
plate_1,Fc1ccccn1,50498.72507,plate_1_688,CCOC(=O)c1ncn2c1CN(C)C(=O)c1cc(Br)ccc1-2.O=C(O)C1CCCCC1.Fc1ccccn1>>CCOC(=O)c1ncn2c1CN(C)C(=O)c1cc(C3CCCCC3)ccc1-2
plate_1,N#CC(C#N)c1ccccc1,3951.38794,plate_1_564,CCOC(=O)c1ncn2c1CN(C)C(=O)c1cc(Br)ccc1-2.O=C(O)C1CCCCC1.N#CC(C#N)c1ccccc1>>CCOC(=O)c1ncn2c1CN(C)C(=O)c1cc(C3CCCCC3)ccc1-2
plate_1,N#CC1(O)CCCCC1,7602.70265,plate_1_46,CCOC(=O)c1ncn2c1CN(C)C(=O)c1cc(Br)ccc1-2.O=C(O)C1CCCCC1.N#CC1(O)CCCCC1>>CCOC(=O)c1ncn2c1CN(C)C(=O)c1cc(C3CCCCC3)ccc1-2
plate_1,N#CC1CCCCC1,52934.40339,plate_1_47,CCOC(=O)c1ncn2c1CN(C)C(=O)c1cc(Br)ccc1-2.O=C(O)C1CCCCC1.N#CC1CCCCC1>>CCOC(=O)c1ncn2c1CN(C)C(=O)c1cc(C3CCCCC3)ccc1-2
plate_1,N#CC1CCCS1,39614.05548,plate_1_37,CCOC(=O)c1ncn2c1CN(C)C(=O)c1cc(Br)ccc1-2.O=C(O)C1CCCCC1.N#CC1CCCS1>>CCOC(=O)c1ncn2c1CN(C)C(=O)c1cc(C3CCCCC3)ccc1-2
plate_1,N#CCC(=O)Nc1ccccc1,20669.23458,plate_1_591,CCOC(=O)c1ncn2c1CN(C)C(=O)c1cc(Br)ccc1-2.O=C(O)C1CCCCC1.N#CCC(=O)Nc1ccccc1>>CCOC(=O)c1ncn2c1CN(C)C(=O)c1cc(C3CCCCC3)ccc1-2
plate_1,N#CCC1=CCCCC1,40407.2294,plate_1_40,CCOC(=O)c1ncn2c1CN(C)C(=O)c1cc(Br)ccc1-2.O=C(O)C1CCCCC1.N#CCC1=CCCCC1>>CCOC(=O)c1ncn2c1CN(C)C(=O)c1cc(C3CCCCC3)ccc1-2
plate_1,N#CCCCc1ccccc1,53440.94787,plate_1_573,CCOC(=O)c1ncn2c1CN(C)C(=O)c1cc(Br)ccc1-2.O=C(O)C1CCCCC1.N#CCCCc1ccccc1>>CCOC(=O)c1ncn2c1CN(C)C(=O)c1cc(C3CCCCC3)ccc1-2
plate_1,N#CCS(N)(=O)=O,47194.04334,plate_1_6,CCOC(=O)c1ncn2c1CN(C)C(=O)c1cc(Br)ccc1-2.O=C(O)C1CCCCC1.N#CCS(N)(=O)=O>>CCOC(=O)c1ncn2c1CN(C)C(=O)c1cc(C3CCCCC3)ccc1-2
plate_1,N#CCc1cccc2cccnc12,13273.29627,plate_1_517,CCOC(=O)c1ncn2c1CN(C)C(=O)c1cc(Br)ccc1-2.O=C(O)C1CCCCC1.N#CCc1cccc2cccnc12>>CCOC(=O)c1ncn2c1CN(C)C(=O)c1cc(C3CCCCC3)ccc1-2
plate_1,N#CCc1nccs1,1428.34138,plate_1_716,CCOC(=O)c1ncn2c1CN(C)C(=O)c1cc(Br)ccc1-2.O=C(O)C1CCCCC1.N#CCc1nccs1>>CCOC(=O)c1ncn2c1CN(C)C(=O)c1cc(C3CCCCC3)ccc1-2
plate_1,N#C[C@@H]1CC[C@H]1C#N,59945.35021,plate_1_76,CCOC(=O)c1ncn2c1CN(C)C(=O)c1cc(Br)ccc1-2.O=C(O)C1CCCCC1.N#C[C@@H]1CC[C@H]1C#N>>CCOC(=O)c1ncn2c1CN(C)C(=O)c1cc(C3CCCCC3)ccc1-2
plate_1,N#Cc1cccc(C#N)n1,28389.49334,plate_1_482,CCOC(=O)c1ncn2c1CN(C)C(=O)c1cc(Br)ccc1-2.O=C(O)C1CCCCC1.N#Cc1cccc(C#N)n1>>CCOC(=O)c1ncn2c1CN(C)C(=O)c1cc(C3CCCCC3)ccc1-2
plate_1,N#Cc1cccc2cc[nH]c12,30441.54807,plate_1_509,CCOC(=O)c1ncn2c1CN(C)C(=O)c1cc(Br)ccc1-2.O=C(O)C1CCCCC1.N#Cc1cccc2cc[nH]c12>>CCOC(=O)c1ncn2c1CN(C)C(=O)c1cc(C3CCCCC3)ccc1-2
plate_1,N#Cc1cccc2cccnc12,6884.48597,plate_1_516,CCOC(=O)c1ncn2c1CN(C)C(=O)c1cc(Br)ccc1-2.O=C(O)C1CCCCC1.N#Cc1cccc2cccnc12>>CCOC(=O)c1ncn2c1CN(C)C(=O)c1cc(C3CCCCC3)ccc1-2
plate_1,N#Cc1ccccc1,55397.29705,plate_1_558,CCOC(=O)c1ncn2c1CN(C)C(=O)c1cc(Br)ccc1-2.O=C(O)C1CCCCC1.N#Cc1ccccc1>>CCOC(=O)c1ncn2c1CN(C)C(=O)c1cc(C3CCCCC3)ccc1-2
plate_1,N#Cc1ccccc1C#N,1058.40785,plate_1_526,CCOC(=O)c1ncn2c1CN(C)C(=O)c1cc(Br)ccc1-2.O=C(O)C1CCCCC1.N#Cc1ccccc1C#N>>CCOC(=O)c1ncn2c1CN(C)C(=O)c1cc(C3CCCCC3)ccc1-2
plate_1,N#Cc1ccccc1O,42.92244,plate_1_527,CCOC(=O)c1ncn2c1CN(C)C(=O)c1cc(Br)ccc1-2.O=C(O)C1CCCCC1.N#Cc1ccccc1O>>CCOC(=O)c1ncn2c1CN(C)C(=O)c1cc(C3CCCCC3)ccc1-2
plate_1,N#Cc1ccccc1[N+](=O)[O-],3235.86956,plate_1_528,CCOC(=O)c1ncn2c1CN(C)C(=O)c1cc(Br)ccc1-2.O=C(O)C1CCCCC1.N#Cc1ccccc1[N+](=O)[O-]>>CCOC(=O)c1ncn2c1CN(C)C(=O)c1cc(C3CCCCC3)ccc1-2
plate_1,N#Cc1ccccn1,50107.86145,plate_1_678,CCOC(=O)c1ncn2c1CN(C)C(=O)c1cc(Br)ccc1-2.O=C(O)C1CCCCC1.N#Cc1ccccn1>>CCOC(=O)c1ncn2c1CN(C)C(=O)c1cc(C3CCCCC3)ccc1-2
plate_1,N#Cc1ncccn1,44972.6945,plate_1_701,CCOC(=O)c1ncn2c1CN(C)C(=O)c1cc(Br)ccc1-2.O=C(O)C1CCCCC1.N#Cc1ncccn1>>CCOC(=O)c1ncn2c1CN(C)C(=O)c1cc(C3CCCCC3)ccc1-2
plate_1,N#Cc1nccs1,25519.59486,plate_1_715,CCOC(=O)c1ncn2c1CN(C)C(=O)c1cc(Br)ccc1-2.O=C(O)C1CCCCC1.N#Cc1nccs1>>CCOC(=O)c1ncn2c1CN(C)C(=O)c1cc(C3CCCCC3)ccc1-2
plate_1,N#N,55750.13170833333,plate_1_466,CCOC(=O)c1ncn2c1CN(C)C(=O)c1cc(Br)ccc1-2.O=C(O)C1CCCCC1.N#N>>CCOC(=O)c1ncn2c1CN(C)C(=O)c1cc(C3CCCCC3)ccc1-2
plate_1,N/C(=N\O)c1ccccc1,20315.98741,plate_1_555,CCOC(=O)c1ncn2c1CN(C)C(=O)c1cc(Br)ccc1-2.O=C(O)C1CCCCC1.N/C(=N\O)c1ccccc1>>CCOC(=O)c1ncn2c1CN(C)C(=O)c1cc(C3CCCCC3)ccc1-2
plate_1,N/C(=N\O)c1ccccn1,8929.20261,plate_1_676,CCOC(=O)c1ncn2c1CN(C)C(=O)c1cc(Br)ccc1-2.O=C(O)C1CCCCC1.N/C(=N\O)c1ccccn1>>CCOC(=O)c1ncn2c1CN(C)C(=O)c1cc(C3CCCCC3)ccc1-2
plate_1,N/C(=N\O)c1cccs1,17863.72373,plate_1_489,CCOC(=O)c1ncn2c1CN(C)C(=O)c1cc(Br)ccc1-2.O=C(O)C1CCCCC1.N/C(=N\O)c1cccs1>>CCOC(=O)c1ncn2c1CN(C)C(=O)c1cc(C3CCCCC3)ccc1-2
plate_1,N/C(=N\O)c1cnc2ccccc2n1,976.648,plate_1_669,CCOC(=O)c1ncn2c1CN(C)C(=O)c1cc(Br)ccc1-2.O=C(O)C1CCCCC1.N/C(=N\O)c1cnc2ccccc2n1>>CCOC(=O)c1ncn2c1CN(C)C(=O)c1cc(C3CCCCC3)ccc1-2
plate_1,N/C(=N\O)c1nc2ccccc2s1,10134.3686,plate_1_666,CCOC(=O)c1ncn2c1CN(C)C(=O)c1cc(Br)ccc1-2.O=C(O)C1CCCCC1.N/C(=N\O)c1nc2ccccc2s1>>CCOC(=O)c1ncn2c1CN(C)C(=O)c1cc(C3CCCCC3)ccc1-2
plate_1,N/C(Cc1ccccc1)=N\O,15673.50437,plate_1_568,CCOC(=O)c1ncn2c1CN(C)C(=O)c1cc(Br)ccc1-2.O=C(O)C1CCCCC1.N/C(Cc1ccccc1)=N\O>>CCOC(=O)c1ncn2c1CN(C)C(=O)c1cc(C3CCCCC3)ccc1-2
plate_1,N/N=C/c1ccccc1O,9998.61747,plate_1_525,CCOC(=O)c1ncn2c1CN(C)C(=O)c1cc(Br)ccc1-2.O=C(O)C1CCCCC1.N/N=C/c1ccccc1O>>CCOC(=O)c1ncn2c1CN(C)C(=O)c1cc(C3CCCCC3)ccc1-2
plate_1,N=C(N)c1cc2ccccc2o1,16546.58053,plate_1_649,CCOC(=O)c1ncn2c1CN(C)C(=O)c1cc(Br)ccc1-2.O=C(O)C1CCCCC1.N=C(N)c1cc2ccccc2o1>>CCOC(=O)c1ncn2c1CN(C)C(=O)c1cc(C3CCCCC3)ccc1-2
plate_1,N=C(N)c1nc2ccccc2s1,14035.76107,plate_1_667,CCOC(=O)c1ncn2c1CN(C)C(=O)c1cc(Br)ccc1-2.O=C(O)C1CCCCC1.N=C(N)c1nc2ccccc2s1>>CCOC(=O)c1ncn2c1CN(C)C(=O)c1cc(C3CCCCC3)ccc1-2
plate_1,N=C(NO)C1CCCC1,16682.55543,plate_1_45,CCOC(=O)c1ncn2c1CN(C)C(=O)c1cc(Br)ccc1-2.O=C(O)C1CCCCC1.N=C(NO)C1CCCC1>>CCOC(=O)c1ncn2c1CN(C)C(=O)c1cc(C3CCCCC3)ccc1-2
plate_1,N=C(n1nnc2ccccc21)n1nnc2ccccc21,13518.81469,plate_1_670,CCOC(=O)c1ncn2c1CN(C)C(=O)c1cc(Br)ccc1-2.O=C(O)C1CCCCC1.N=C(n1nnc2ccccc21)n1nnc2ccccc21>>CCOC(=O)c1ncn2c1CN(C)C(=O)c1cc(C3CCCCC3)ccc1-2
plate_1,N=C1NC(=O)c2ccccc21,34136.53498,plate_1_619,CCOC(=O)c1ncn2c1CN(C)C(=O)c1cc(Br)ccc1-2.O=C(O)C1CCCCC1.N=C1NC(=O)c2ccccc21>>CCOC(=O)c1ncn2c1CN(C)C(=O)c1cc(C3CCCCC3)ccc1-2
plate_1,NC(=O)C(C(N)=O)c1ccccc1,58604.97928,plate_1_565,CCOC(=O)c1ncn2c1CN(C)C(=O)c1cc(Br)ccc1-2.O=C(O)C1CCCCC1.NC(=O)C(C(N)=O)c1ccccc1>>CCOC(=O)c1ncn2c1CN(C)C(=O)c1cc(C3CCCCC3)ccc1-2
plate_1,NC(=O)C(F)(F)F,49583.95346,plate_1_5,CCOC(=O)c1ncn2c1CN(C)C(=O)c1cc(Br)ccc1-2.O=C(O)C1CCCCC1.NC(=O)C(F)(F)F>>CCOC(=O)c1ncn2c1CN(C)C(=O)c1cc(C3CCCCC3)ccc1-2
plate_1,NC(=O)C(c1ccccc1)c1ccccn1,50384.87453,plate_1_567,CCOC(=O)c1ncn2c1CN(C)C(=O)c1cc(Br)ccc1-2.O=C(O)C1CCCCC1.NC(=O)C(c1ccccc1)c1ccccn1>>CCOC(=O)c1ncn2c1CN(C)C(=O)c1cc(C3CCCCC3)ccc1-2
plate_1,NC(=O)C1CCCCC1,53976.97186,plate_1_48,CCOC(=O)c1ncn2c1CN(C)C(=O)c1cc(Br)ccc1-2.O=C(O)C1CCCCC1.NC(=O)C1CCCCC1>>CCOC(=O)c1ncn2c1CN(C)C(=O)c1cc(C3CCCCC3)ccc1-2
plate_1,NC(=O)CC(=O)O,23162.02968,plate_1_8,CCOC(=O)c1ncn2c1CN(C)C(=O)c1cc(Br)ccc1-2.O=C(O)C1CCCCC1.NC(=O)CC(=O)O>>CCOC(=O)c1ncn2c1CN(C)C(=O)c1cc(C3CCCCC3)ccc1-2
plate_1,NC(=O)CC(N)=O,52510.51714,plate_1_7,CCOC(=O)c1ncn2c1CN(C)C(=O)c1cc(Br)ccc1-2.O=C(O)C1CCCCC1.NC(=O)CC(N)=O>>CCOC(=O)c1ncn2c1CN(C)C(=O)c1cc(C3CCCCC3)ccc1-2
plate_1,NC(=O)CCC(N)=O,55175.37896,plate_1_12,CCOC(=O)c1ncn2c1CN(C)C(=O)c1cc(Br)ccc1-2.O=C(O)C1CCCCC1.NC(=O)CCC(N)=O>>CCOC(=O)c1ncn2c1CN(C)C(=O)c1cc(C3CCCCC3)ccc1-2
plate_1,NC(=O)CN1CCCC1=O,44362.04774,plate_1_29,CCOC(=O)c1ncn2c1CN(C)C(=O)c1cc(Br)ccc1-2.O=C(O)C1CCCCC1.NC(=O)CN1CCCC1=O>>CCOC(=O)c1ncn2c1CN(C)C(=O)c1cc(C3CCCCC3)ccc1-2
plate_1,NC(=O)COCc1ccccc1,51111.0805,plate_1_580,CCOC(=O)c1ncn2c1CN(C)C(=O)c1cc(Br)ccc1-2.O=C(O)C1CCCCC1.NC(=O)COCc1ccccc1>>CCOC(=O)c1ncn2c1CN(C)C(=O)c1cc(C3CCCCC3)ccc1-2
plate_1,NC(=O)Cc1cc2ccccc2s1,40577.49866,plate_1_651,CCOC(=O)c1ncn2c1CN(C)C(=O)c1cc(Br)ccc1-2.O=C(O)C1CCCCC1.NC(=O)Cc1cc2ccccc2s1>>CCOC(=O)c1ncn2c1CN(C)C(=O)c1cc(C3CCCCC3)ccc1-2
plate_1,NC(=O)Cc1ccccn1,52704.89538,plate_1_685,CCOC(=O)c1ncn2c1CN(C)C(=O)c1cc(Br)ccc1-2.O=C(O)C1CCCCC1.NC(=O)Cc1ccccn1>>CCOC(=O)c1ncn2c1CN(C)C(=O)c1cc(C3CCCCC3)ccc1-2
plate_1,NC(=O)Cc1cccs1,45413.9061,plate_1_492,CCOC(=O)c1ncn2c1CN(C)C(=O)c1cc(Br)ccc1-2.O=C(O)C1CCCCC1.NC(=O)Cc1cccs1>>CCOC(=O)c1ncn2c1CN(C)C(=O)c1cc(C3CCCCC3)ccc1-2
plate_1,NC(=O)Cc1cncs1,36343.17991,plate_1_476,CCOC(=O)c1ncn2c1CN(C)C(=O)c1cc(Br)ccc1-2.O=C(O)C1CCCCC1.NC(=O)Cc1cncs1>>CCOC(=O)c1ncn2c1CN(C)C(=O)c1cc(C3CCCCC3)ccc1-2
plate_1,NC(=O)Cc1nc2ccccc2[nH]1,28488.45049,plate_1_639,CCOC(=O)c1ncn2c1CN(C)C(=O)c1cc(Br)ccc1-2.O=C(O)C1CCCCC1.NC(=O)Cc1nc2ccccc2[nH]1>>CCOC(=O)c1ncn2c1CN(C)C(=O)c1cc(C3CCCCC3)ccc1-2
plate_1,NC(=O)Cn1nnc2ccccc21,31631.64954,plate_1_672,CCOC(=O)c1ncn2c1CN(C)C(=O)c1cc(Br)ccc1-2.O=C(O)C1CCCCC1.NC(=O)Cn1nnc2ccccc21>>CCOC(=O)c1ncn2c1CN(C)C(=O)c1cc(C3CCCCC3)ccc1-2
plate_1,NC(=O)NCc1ccccc1,64356.16475,plate_1_578,CCOC(=O)c1ncn2c1CN(C)C(=O)c1cc(Br)ccc1-2.O=C(O)C1CCCCC1.NC(=O)NCc1ccccc1>>CCOC(=O)c1ncn2c1CN(C)C(=O)c1cc(C3CCCCC3)ccc1-2
plate_1,NC(=O)Nc1ccccc1,36739.61685,plate_1_592,CCOC(=O)c1ncn2c1CN(C)C(=O)c1cc(Br)ccc1-2.O=C(O)C1CCCCC1.NC(=O)Nc1ccccc1>>CCOC(=O)c1ncn2c1CN(C)C(=O)c1cc(C3CCCCC3)ccc1-2
plate_1,NC(=O)Nc1ccccn1,43099.94625,plate_1_689,CCOC(=O)c1ncn2c1CN(C)C(=O)c1cc(Br)ccc1-2.O=C(O)C1CCCCC1.NC(=O)Nc1ccccn1>>CCOC(=O)c1ncn2c1CN(C)C(=O)c1cc(C3CCCCC3)ccc1-2
plate_1,NC(=O)Oc1ccccc1,14098.30751,plate_1_596,CCOC(=O)c1ncn2c1CN(C)C(=O)c1cc(Br)ccc1-2.O=C(O)C1CCCCC1.NC(=O)Oc1ccccc1>>CCOC(=O)c1ncn2c1CN(C)C(=O)c1cc(C3CCCCC3)ccc1-2
plate_1,NC(=O)[C@@H]1CCCC[C@@H]1O,44932.82636,plate_1_62,CCOC(=O)c1ncn2c1CN(C)C(=O)c1cc(Br)ccc1-2.O=C(O)C1CCCCC1.NC(=O)[C@@H]1CCCC[C@@H]1O>>CCOC(=O)c1ncn2c1CN(C)C(=O)c1cc(C3CCCCC3)ccc1-2
plate_1,NC(=O)[C@@H]1CCCC[C@H]1O,62505.13471,plate_1_64,CCOC(=O)c1ncn2c1CN(C)C(=O)c1cc(Br)ccc1-2.O=C(O)C1CCCCC1.NC(=O)[C@@H]1CCCC[C@H]1O>>CCOC(=O)c1ncn2c1CN(C)C(=O)c1cc(C3CCCCC3)ccc1-2
plate_1,NC(=O)[C@@H]1CCCO1,55308.607,plate_1_75,CCOC(=O)c1ncn2c1CN(C)C(=O)c1cc(Br)ccc1-2.O=C(O)C1CCCCC1.NC(=O)[C@@H]1CCCO1>>CCOC(=O)c1ncn2c1CN(C)C(=O)c1cc(C3CCCCC3)ccc1-2
plate_1,NC(=O)c1cc2ccccc2cc1O,2468.88314,plate_1_673,CCOC(=O)c1ncn2c1CN(C)C(=O)c1cc(Br)ccc1-2.O=C(O)C1CCCCC1.NC(=O)c1cc2ccccc2cc1O>>CCOC(=O)c1ncn2c1CN(C)C(=O)c1cc(C3CCCCC3)ccc1-2
plate_1,NC(=O)c1ccccc1C(N)=O,57785.34444,plate_1_529,CCOC(=O)c1ncn2c1CN(C)C(=O)c1cc(Br)ccc1-2.O=C(O)C1CCCCC1.NC(=O)c1ccccc1C(N)=O>>CCOC(=O)c1ncn2c1CN(C)C(=O)c1cc(C3CCCCC3)ccc1-2
plate_1,NC(=O)c1ccccc1O,2521.73926,plate_1_530,CCOC(=O)c1ncn2c1CN(C)C(=O)c1cc(Br)ccc1-2.O=C(O)C1CCCCC1.NC(=O)c1ccccc1O>>CCOC(=O)c1ncn2c1CN(C)C(=O)c1cc(C3CCCCC3)ccc1-2
plate_1,NC(=O)c1ccccc1OCC(=O)O,10691.22429,plate_1_531,CCOC(=O)c1ncn2c1CN(C)C(=O)c1cc(Br)ccc1-2.O=C(O)C1CCCCC1.NC(=O)c1ccccc1OCC(=O)O>>CCOC(=O)c1ncn2c1CN(C)C(=O)c1cc(C3CCCCC3)ccc1-2
plate_1,NC(=O)c1ccccc1[N+](=O)[O-],1077.30171,plate_1_532,CCOC(=O)c1ncn2c1CN(C)C(=O)c1cc(Br)ccc1-2.O=C(O)C1CCCCC1.NC(=O)c1ccccc1[N+](=O)[O-]>>CCOC(=O)c1ncn2c1CN(C)C(=O)c1cc(C3CCCCC3)ccc1-2
plate_1,NC(=O)c1ccccn1,38515.12727,plate_1_680,CCOC(=O)c1ncn2c1CN(C)C(=O)c1cc(Br)ccc1-2.O=C(O)C1CCCCC1.NC(=O)c1ccccn1>>CCOC(=O)c1ncn2c1CN(C)C(=O)c1cc(C3CCCCC3)ccc1-2
plate_1,NC(=O)c1cn2ccccc2n1,11823.85561,plate_1_675,CCOC(=O)c1ncn2c1CN(C)C(=O)c1cc(Br)ccc1-2.O=C(O)C1CCCCC1.NC(=O)c1cn2ccccc2n1>>CCOC(=O)c1ncn2c1CN(C)C(=O)c1cc(C3CCCCC3)ccc1-2
plate_1,NC(=O)c1nccc2ccccc12,36841.0562,plate_1_659,CCOC(=O)c1ncn2c1CN(C)C(=O)c1cc(Br)ccc1-2.O=C(O)C1CCCCC1.NC(=O)c1nccc2ccccc12>>CCOC(=O)c1ncn2c1CN(C)C(=O)c1cc(C3CCCCC3)ccc1-2
plate_1,NC(=O)c1ncco1,38259.31702,plate_1_712,CCOC(=O)c1ncn2c1CN(C)C(=O)c1cc(Br)ccc1-2.O=C(O)C1CCCCC1.NC(=O)c1ncco1>>CCOC(=O)c1ncn2c1CN(C)C(=O)c1cc(C3CCCCC3)ccc1-2
plate_1,NC(=O)n1nnc2ccccc21,5136.30765,plate_1_671,CCOC(=O)c1ncn2c1CN(C)C(=O)c1cc(Br)ccc1-2.O=C(O)C1CCCCC1.NC(=O)n1nnc2ccccc21>>CCOC(=O)c1ncn2c1CN(C)C(=O)c1cc(C3CCCCC3)ccc1-2
plate_1,NC(=S)N1CCCCC1,24249.04122,plate_1_57,CCOC(=O)c1ncn2c1CN(C)C(=O)c1cc(Br)ccc1-2.O=C(O)C1CCCCC1.NC(=S)N1CCCCC1>>CCOC(=O)c1ncn2c1CN(C)C(=O)c1cc(C3CCCCC3)ccc1-2
plate_1,NC(=S)NC1CCCCC1,23136.9619,plate_1_51,CCOC(=O)c1ncn2c1CN(C)C(=O)c1cc(Br)ccc1-2.O=C(O)C1CCCCC1.NC(=S)NC1CCCCC1>>CCOC(=O)c1ncn2c1CN(C)C(=O)c1cc(C3CCCCC3)ccc1-2
plate_1,NC(=S)Nc1ccccc1,3654.65141,plate_1_593,CCOC(=O)c1ncn2c1CN(C)C(=O)c1cc(Br)ccc1-2.O=C(O)C1CCCCC1.NC(=S)Nc1ccccc1>>CCOC(=O)c1ncn2c1CN(C)C(=O)c1cc(C3CCCCC3)ccc1-2
plate_1,NC(=S)Nc1ccccn1,123.26972,plate_1_690,CCOC(=O)c1ncn2c1CN(C)C(=O)c1cc(Br)ccc1-2.O=C(O)C1CCCCC1.NC(=S)Nc1ccccn1>>CCOC(=O)c1ncn2c1CN(C)C(=O)c1cc(C3CCCCC3)ccc1-2
plate_1,NC(=S)c1ccccn1,565.72402,plate_1_682,CCOC(=O)c1ncn2c1CN(C)C(=O)c1cc(Br)ccc1-2.O=C(O)C1CCCCC1.NC(=S)c1ccccn1>>CCOC(=O)c1ncn2c1CN(C)C(=O)c1cc(C3CCCCC3)ccc1-2
plate_1,NC(=S)c1ncccn1,1635.93929,plate_1_702,CCOC(=O)c1ncn2c1CN(C)C(=O)c1cc(Br)ccc1-2.O=C(O)C1CCCCC1.NC(=S)c1ncccn1>>CCOC(=O)c1ncn2c1CN(C)C(=O)c1cc(C3CCCCC3)ccc1-2
plate_1,NC1=NC(C(=O)O)CS1,47000.32036,plate_1_27,CCOC(=O)c1ncn2c1CN(C)C(=O)c1cc(Br)ccc1-2.O=C(O)C1CCCCC1.NC1=NC(C(=O)O)CS1>>CCOC(=O)c1ncn2c1CN(C)C(=O)c1cc(C3CCCCC3)ccc1-2
plate_1,NC1=NCCS1,18363.7062,plate_1_73,CCOC(=O)c1ncn2c1CN(C)C(=O)c1cc(Br)ccc1-2.O=C(O)C1CCCCC1.NC1=NCCS1>>CCOC(=O)c1ncn2c1CN(C)C(=O)c1cc(C3CCCCC3)ccc1-2
plate_1,NNC(=O)c1ccccc1,6572.71347,plate_1_560,CCOC(=O)c1ncn2c1CN(C)C(=O)c1cc(Br)ccc1-2.O=C(O)C1CCCCC1.NNC(=O)c1ccccc1>>CCOC(=O)c1ncn2c1CN(C)C(=O)c1cc(C3CCCCC3)ccc1-2
plate_1,NNc1ncccn1,10476.93965,plate_1_706,CCOC(=O)c1ncn2c1CN(C)C(=O)c1cc(Br)ccc1-2.O=C(O)C1CCCCC1.NNc1ncccn1>>CCOC(=O)c1ncn2c1CN(C)C(=O)c1cc(C3CCCCC3)ccc1-2
plate_1,NS(=O)(=O)N1CCCC1,46958.84742,plate_1_56,CCOC(=O)c1ncn2c1CN(C)C(=O)c1cc(Br)ccc1-2.O=C(O)C1CCCCC1.NS(=O)(=O)N1CCCC1>>CCOC(=O)c1ncn2c1CN(C)C(=O)c1cc(C3CCCCC3)ccc1-2
plate_1,NS(=O)(=O)c1ccccc1,55790.92651,plate_1_600,CCOC(=O)c1ncn2c1CN(C)C(=O)c1cc(Br)ccc1-2.O=C(O)C1CCCCC1.NS(=O)(=O)c1ccccc1>>CCOC(=O)c1ncn2c1CN(C)C(=O)c1cc(C3CCCCC3)ccc1-2
plate_1,NS(=O)(=O)c1cccs1,53052.17983,plate_1_493,CCOC(=O)c1ncn2c1CN(C)C(=O)c1cc(Br)ccc1-2.O=C(O)C1CCCCC1.NS(=O)(=O)c1cccs1>>CCOC(=O)c1ncn2c1CN(C)C(=O)c1cc(C3CCCCC3)ccc1-2
plate_1,NS(N)(=O)=O,54161.61727,plate_1_467,CCOC(=O)c1ncn2c1CN(C)C(=O)c1cc(Br)ccc1-2.O=C(O)C1CCCCC1.NS(N)(=O)=O>>CCOC(=O)c1ncn2c1CN(C)C(=O)c1cc(C3CCCCC3)ccc1-2
plate_1,Nc1ncccn1,58687.58971,plate_1_704,CCOC(=O)c1ncn2c1CN(C)C(=O)c1cc(Br)ccc1-2.O=C(O)C1CCCCC1.Nc1ncccn1>>CCOC(=O)c1ncn2c1CN(C)C(=O)c1cc(C3CCCCC3)ccc1-2
plate_1,O/N=C/c1ccccc1,7054.74481,plate_1_557,CCOC(=O)c1ncn2c1CN(C)C(=O)c1cc(Br)ccc1-2.O=C(O)C1CCCCC1.O/N=C/c1ccccc1>>CCOC(=O)c1ncn2c1CN(C)C(=O)c1cc(C3CCCCC3)ccc1-2
plate_1,O/N=C/c1ccccn1,1184.53328,plate_1_677,CCOC(=O)c1ncn2c1CN(C)C(=O)c1cc(Br)ccc1-2.O=C(O)C1CCCCC1.O/N=C/c1ccccn1>>CCOC(=O)c1ncn2c1CN(C)C(=O)c1cc(C3CCCCC3)ccc1-2
plate_1,O=C(C(=O)c1ccco1)c1ccco1,1746.78608,plate_1_484,CCOC(=O)c1ncn2c1CN(C)C(=O)c1cc(Br)ccc1-2.O=C(O)C1CCCCC1.O=C(C(=O)c1ccco1)c1ccco1>>CCOC(=O)c1ncn2c1CN(C)C(=O)c1cc(C3CCCCC3)ccc1-2
plate_1,O=C(CC(=O)Nc1nccs1)Nc1nccs1,944.49528,plate_1_717,CCOC(=O)c1ncn2c1CN(C)C(=O)c1cc(Br)ccc1-2.O=C(O)C1CCCCC1.O=C(CC(=O)Nc1nccs1)Nc1nccs1>>CCOC(=O)c1ncn2c1CN(C)C(=O)c1cc(C3CCCCC3)ccc1-2
plate_1,O=C(CC(=O)c1ccccn1)c1ccccn1,4096.9691,plate_1_679,CCOC(=O)c1ncn2c1CN(C)C(=O)c1cc(Br)ccc1-2.O=C(O)C1CCCCC1.O=C(CC(=O)c1ccccn1)c1ccccn1>>CCOC(=O)c1ncn2c1CN(C)C(=O)c1cc(C3CCCCC3)ccc1-2
plate_1,O=C(NO)c1ccccc1,10282.03016,plate_1_561,CCOC(=O)c1ncn2c1CN(C)C(=O)c1cc(Br)ccc1-2.O=C(O)C1CCCCC1.O=C(NO)c1ccccc1>>CCOC(=O)c1ncn2c1CN(C)C(=O)c1cc(C3CCCCC3)ccc1-2
plate_1,O=C(O)C(=O)c1ccccc1,2594.33782,plate_1_559,CCOC(=O)c1ncn2c1CN(C)C(=O)c1cc(Br)ccc1-2.O=C(O)C1CCCCC1.O=C(O)C(=O)c1ccccc1>>CCOC(=O)c1ncn2c1CN(C)C(=O)c1cc(C3CCCCC3)ccc1-2
plate_1,O=C(O)C(O)CO,33281.73885,plate_1_9,CCOC(=O)c1ncn2c1CN(C)C(=O)c1cc(Br)ccc1-2.O=C(O)C1CCCCC1.O=C(O)C(O)CO>>CCOC(=O)c1ncn2c1CN(C)C(=O)c1cc(C3CCCCC3)ccc1-2
plate_1,O=C(O)C1CCCCC1,60595.31195,plate_1_49,CCOC(=O)c1ncn2c1CN(C)C(=O)c1cc(Br)ccc1-2.O=C(O)C1CCCCC1.O=C(O)C1CCCCC1>>CCOC(=O)c1ncn2c1CN(C)C(=O)c1cc(C3CCCCC3)ccc1-2
plate_1,O=C(O)C1CCCCO1,13492.37922,plate_1_59,CCOC(=O)c1ncn2c1CN(C)C(=O)c1cc(Br)ccc1-2.O=C(O)C1CCCCC1.O=C(O)C1CCCCO1>>CCOC(=O)c1ncn2c1CN(C)C(=O)c1cc(C3CCCCC3)ccc1-2
plate_1,O=C(O)C1CCCO1,6015.430955,plate_1_34,CCOC(=O)c1ncn2c1CN(C)C(=O)c1cc(Br)ccc1-2.O=C(O)C1CCCCC1.O=C(O)C1CCCO1>>CCOC(=O)c1ncn2c1CN(C)C(=O)c1cc(C3CCCCC3)ccc1-2
plate_1,O=C(O)C1CCCn2cnnc21,4542.1227,plate_1_718,CCOC(=O)c1ncn2c1CN(C)C(=O)c1cc(Br)ccc1-2.O=C(O)C1CCCCC1.O=C(O)C1CCCn2cnnc21>>CCOC(=O)c1ncn2c1CN(C)C(=O)c1cc(C3CCCCC3)ccc1-2
plate_1,O=C(O)C1Cc2ccccc2O1,1662.97128,plate_1_627,CCOC(=O)c1ncn2c1CN(C)C(=O)c1cc(Br)ccc1-2.O=C(O)C1CCCCC1.O=C(O)C1Cc2ccccc2O1>>CCOC(=O)c1ncn2c1CN(C)C(=O)c1cc(C3CCCCC3)ccc1-2
plate_1,O=C(O)CC1CCCO1,32331.33152,plate_1_35,CCOC(=O)c1ncn2c1CN(C)C(=O)c1cc(Br)ccc1-2.O=C(O)C1CCCCC1.O=C(O)CC1CCCO1>>CCOC(=O)c1ncn2c1CN(C)C(=O)c1cc(C3CCCCC3)ccc1-2
plate_1,O=C(O)CCN1CCCC1=O,30106.0009,plate_1_30,CCOC(=O)c1ncn2c1CN(C)C(=O)c1cc(Br)ccc1-2.O=C(O)C1CCCCC1.O=C(O)CCN1CCCC1=O>>CCOC(=O)c1ncn2c1CN(C)C(=O)c1cc(C3CCCCC3)ccc1-2
plate_1,O=C(O)CCOc1ccccc1,32925.25034,plate_1_598,CCOC(=O)c1ncn2c1CN(C)C(=O)c1cc(Br)ccc1-2.O=C(O)C1CCCCC1.O=C(O)CCOc1ccccc1>>CCOC(=O)c1ncn2c1CN(C)C(=O)c1cc(C3CCCCC3)ccc1-2
plate_1,O=C(O)CCc1ccccc1,22488.25135,plate_1_571,CCOC(=O)c1ncn2c1CN(C)C(=O)c1cc(Br)ccc1-2.O=C(O)C1CCCCC1.O=C(O)CCc1ccccc1>>CCOC(=O)c1ncn2c1CN(C)C(=O)c1cc(C3CCCCC3)ccc1-2
plate_1,O=C(O)CNC(=O)c1ccccc1O,2934.13009,plate_1_534,CCOC(=O)c1ncn2c1CN(C)C(=O)c1cc(Br)ccc1-2.O=C(O)C1CCCCC1.O=C(O)CNC(=O)c1ccccc1O>>CCOC(=O)c1ncn2c1CN(C)C(=O)c1cc(C3CCCCC3)ccc1-2
plate_1,O=C(O)COCc1ccccc1,12930.10619,plate_1_581,CCOC(=O)c1ncn2c1CN(C)C(=O)c1cc(Br)ccc1-2.O=C(O)C1CCCCC1.O=C(O)COCc1ccccc1>>CCOC(=O)c1ncn2c1CN(C)C(=O)c1cc(C3CCCCC3)ccc1-2
plate_1,O=C(O)COc1ccccc1,9668.1638,plate_1_597,CCOC(=O)c1ncn2c1CN(C)C(=O)c1cc(Br)ccc1-2.O=C(O)C1CCCCC1.O=C(O)COc1ccccc1>>CCOC(=O)c1ncn2c1CN(C)C(=O)c1cc(C3CCCCC3)ccc1-2
plate_1,O=C(O)COc1ccccc1O,512.33611,plate_1_545,CCOC(=O)c1ncn2c1CN(C)C(=O)c1cc(Br)ccc1-2.O=C(O)C1CCCCC1.O=C(O)COc1ccccc1O>>CCOC(=O)c1ncn2c1CN(C)C(=O)c1cc(C3CCCCC3)ccc1-2
plate_1,O=C(O)Cc1ccccc1O,2124.07429,plate_1_540,CCOC(=O)c1ncn2c1CN(C)C(=O)c1cc(Br)ccc1-2.O=C(O)C1CCCCC1.O=C(O)Cc1ccccc1O>>CCOC(=O)c1ncn2c1CN(C)C(=O)c1cc(C3CCCCC3)ccc1-2
plate_1,O=C(O)Cc1ccco1,4263.95584,plate_1_487,CCOC(=O)c1ncn2c1CN(C)C(=O)c1cc(Br)ccc1-2.O=C(O)C1CCCCC1.O=C(O)Cc1ccco1>>CCOC(=O)c1ncn2c1CN(C)C(=O)c1cc(C3CCCCC3)ccc1-2
plate_1,O=C(O)Cc1ncccn1,17151.57596,plate_1_703,CCOC(=O)c1ncn2c1CN(C)C(=O)c1cc(Br)ccc1-2.O=C(O)C1CCCCC1.O=C(O)Cc1ncccn1>>CCOC(=O)c1ncn2c1CN(C)C(=O)c1cc(C3CCCCC3)ccc1-2
plate_1,O=C(O)Cc1nnn[nH]1,4122.95779,plate_1_16,CCOC(=O)c1ncn2c1CN(C)C(=O)c1cc(Br)ccc1-2.O=C(O)C1CCCCC1.O=C(O)Cc1nnn[nH]1>>CCOC(=O)c1ncn2c1CN(C)C(=O)c1cc(C3CCCCC3)ccc1-2
plate_1,O=C(O)Cn1c(=O)oc2ccccc21,16409.31745,plate_1_664,CCOC(=O)c1ncn2c1CN(C)C(=O)c1cc(Br)ccc1-2.O=C(O)C1CCCCC1.O=C(O)Cn1c(=O)oc2ccccc21>>CCOC(=O)c1ncn2c1CN(C)C(=O)c1cc(C3CCCCC3)ccc1-2
plate_1,O=C(O)Cn1cccc1,2962.27056,plate_1_674,CCOC(=O)c1ncn2c1CN(C)C(=O)c1cc(Br)ccc1-2.O=C(O)C1CCCCC1.O=C(O)Cn1cccc1>>CCOC(=O)c1ncn2c1CN(C)C(=O)c1cc(C3CCCCC3)ccc1-2
plate_1,O=C(O)Cn1cccn1,13904.59685,plate_1_710,CCOC(=O)c1ncn2c1CN(C)C(=O)c1cc(Br)ccc1-2.O=C(O)C1CCCCC1.O=C(O)Cn1cccn1>>CCOC(=O)c1ncn2c1CN(C)C(=O)c1cc(C3CCCCC3)ccc1-2
plate_1,O=C(O)Cn1ccnc1,49678.75575,plate_1_695,CCOC(=O)c1ncn2c1CN(C)C(=O)c1cc(Br)ccc1-2.O=C(O)C1CCCCC1.O=C(O)Cn1ccnc1>>CCOC(=O)c1ncn2c1CN(C)C(=O)c1cc(C3CCCCC3)ccc1-2
plate_1,O=C(O)Cn1ccnn1,24725.69115,plate_1_696,CCOC(=O)c1ncn2c1CN(C)C(=O)c1cc(Br)ccc1-2.O=C(O)C1CCCCC1.O=C(O)Cn1ccnn1>>CCOC(=O)c1ncn2c1CN(C)C(=O)c1cc(C3CCCCC3)ccc1-2
plate_1,O=C(O)Cn1cnnn1,8324.38466,plate_1_719,CCOC(=O)c1ncn2c1CN(C)C(=O)c1cc(Br)ccc1-2.O=C(O)C1CCCCC1.O=C(O)Cn1cnnn1>>CCOC(=O)c1ncn2c1CN(C)C(=O)c1cc(C3CCCCC3)ccc1-2
plate_1,O=C(O)[C@H]1CCCC[C@@H]1C(=O)O,5182.89305,plate_1_63,CCOC(=O)c1ncn2c1CN(C)C(=O)c1cc(Br)ccc1-2.O=C(O)C1CCCCC1.O=C(O)[C@H]1CCCC[C@@H]1C(=O)O>>CCOC(=O)c1ncn2c1CN(C)C(=O)c1cc(C3CCCCC3)ccc1-2
plate_1,O=C(O)[C@H]1CCCN1c1ncccn1,2052.45355,plate_1_705,CCOC(=O)c1ncn2c1CN(C)C(=O)c1cc(Br)ccc1-2.O=C(O)C1CCCCC1.O=C(O)[C@H]1CCCN1c1ncccn1>>CCOC(=O)c1ncn2c1CN(C)C(=O)c1cc(C3CCCCC3)ccc1-2
plate_1,O=C(O)c1c[nH]nn1,42740.00705,plate_1_474,CCOC(=O)c1ncn2c1CN(C)C(=O)c1cc(Br)ccc1-2.O=C(O)C1CCCCC1.O=C(O)c1c[nH]nn1>>CCOC(=O)c1ncn2c1CN(C)C(=O)c1cc(C3CCCCC3)ccc1-2
plate_1,O=C(O)c1cc(C(F)(F)F)ccn1,6509.28278,plate_1_700,CCOC(=O)c1ncn2c1CN(C)C(=O)c1cc(Br)ccc1-2.O=C(O)C1CCCCC1.O=C(O)c1cc(C(F)(F)F)ccn1>>CCOC(=O)c1ncn2c1CN(C)C(=O)c1cc(C3CCCCC3)ccc1-2
plate_1,O=C(O)c1cc2cccc(O)c2[nH]1,126.54597,plate_1_508,CCOC(=O)c1ncn2c1CN(C)C(=O)c1cc(Br)ccc1-2.O=C(O)C1CCCCC1.O=C(O)c1cc2cccc(O)c2[nH]1>>CCOC(=O)c1ncn2c1CN(C)C(=O)c1cc(C3CCCCC3)ccc1-2
plate_1,O=C(O)c1cc2ccccc2s1,3817.98924,plate_1_650,CCOC(=O)c1ncn2c1CN(C)C(=O)c1cc(Br)ccc1-2.O=C(O)C1CCCCC1.O=C(O)c1cc2ccccc2s1>>CCOC(=O)c1ncn2c1CN(C)C(=O)c1cc(C3CCCCC3)ccc1-2
plate_1,O=C(O)c1cc[nH]n1,12764.814165,plate_1_477,CCOC(=O)c1ncn2c1CN(C)C(=O)c1cc(Br)ccc1-2.O=C(O)C1CCCCC1.O=C(O)c1cc[nH]n1>>CCOC(=O)c1ncn2c1CN(C)C(=O)c1cc(C3CCCCC3)ccc1-2
plate_1,O=C(O)c1ccc(C(=O)O)s1,218.42362,plate_1_496,CCOC(=O)c1ncn2c1CN(C)C(=O)c1cc(Br)ccc1-2.O=C(O)C1CCCCC1.O=C(O)c1ccc(C(=O)O)s1>>CCOC(=O)c1ncn2c1CN(C)C(=O)c1cc(C3CCCCC3)ccc1-2
plate_1,O=C(O)c1ccc2ccccc2n1,2714.12716,plate_1_655,CCOC(=O)c1ncn2c1CN(C)C(=O)c1cc(Br)ccc1-2.O=C(O)C1CCCCC1.O=C(O)c1ccc2ccccc2n1>>CCOC(=O)c1ncn2c1CN(C)C(=O)c1cc(C3CCCCC3)ccc1-2
plate_1,O=C(O)c1cccc2c1OCC2,5022.78011,plate_1_499,CCOC(=O)c1ncn2c1CN(C)C(=O)c1cc(Br)ccc1-2.O=C(O)C1CCCCC1.O=C(O)c1cccc2c1OCC2>>CCOC(=O)c1ncn2c1CN(C)C(=O)c1cc(C3CCCCC3)ccc1-2
plate_1,O=C(O)c1cccc2cc[nH]c12,4896.1655,plate_1_510,CCOC(=O)c1ncn2c1CN(C)C(=O)c1cc(Br)ccc1-2.O=C(O)C1CCCCC1.O=C(O)c1cccc2cc[nH]c12>>CCOC(=O)c1ncn2c1CN(C)C(=O)c1cc(C3CCCCC3)ccc1-2
plate_1,O=C(O)c1cccc2ccc(=O)[nH]c12,40463.04415,plate_1_513,CCOC(=O)c1ncn2c1CN(C)C(=O)c1cc(Br)ccc1-2.O=C(O)C1CCCCC1.O=C(O)c1cccc2ccc(=O)[nH]c12>>CCOC(=O)c1ncn2c1CN(C)C(=O)c1cc(C3CCCCC3)ccc1-2
plate_1,O=C(O)c1cccc2ccnn12,3069.00413,plate_1_519,CCOC(=O)c1ncn2c1CN(C)C(=O)c1cc(Br)ccc1-2.O=C(O)C1CCCCC1.O=C(O)c1cccc2ccnn12>>CCOC(=O)c1ncn2c1CN(C)C(=O)c1cc(C3CCCCC3)ccc1-2
plate_1,O=C(O)c1cccc2cn[nH]c12,5964.27094,plate_1_520,CCOC(=O)c1ncn2c1CN(C)C(=O)c1cc(Br)ccc1-2.O=C(O)C1CCCCC1.O=C(O)c1cccc2cn[nH]c12>>CCOC(=O)c1ncn2c1CN(C)C(=O)c1cc(C3CCCCC3)ccc1-2
plate_1,O=C(O)c1cccc2ncsc12,9759.93338,plate_1_480,CCOC(=O)c1ncn2c1CN(C)C(=O)c1cc(Br)ccc1-2.O=C(O)C1CCCCC1.O=C(O)c1cccc2ncsc12>>CCOC(=O)c1ncn2c1CN(C)C(=O)c1cc(C3CCCCC3)ccc1-2
plate_1,O=C(O)c1cccc[n+]1[O-],10767.81715,plate_1_523,CCOC(=O)c1ncn2c1CN(C)C(=O)c1cc(Br)ccc1-2.O=C(O)C1CCCCC1.O=C(O)c1cccc[n+]1[O-]>>CCOC(=O)c1ncn2c1CN(C)C(=O)c1cc(C3CCCCC3)ccc1-2
plate_1,O=C(O)c1ccccc1,26344.65027,plate_1_562,CCOC(=O)c1ncn2c1CN(C)C(=O)c1cc(Br)ccc1-2.O=C(O)C1CCCCC1.O=C(O)c1ccccc1>>CCOC(=O)c1ncn2c1CN(C)C(=O)c1cc(C3CCCCC3)ccc1-2
plate_1,O=C(O)c1ccccc1-c1ncc[nH]1,15630.6591,plate_1_547,CCOC(=O)c1ncn2c1CN(C)C(=O)c1cc(Br)ccc1-2.O=C(O)C1CCCCC1.O=C(O)c1ccccc1-c1ncc[nH]1>>CCOC(=O)c1ncn2c1CN(C)C(=O)c1cc(C3CCCCC3)ccc1-2
plate_1,O=C(O)c1ccccc1-c1nnn[nH]1,2188.07755,plate_1_548,CCOC(=O)c1ncn2c1CN(C)C(=O)c1cc(Br)ccc1-2.O=C(O)C1CCCCC1.O=C(O)c1ccccc1-c1nnn[nH]1>>CCOC(=O)c1ncn2c1CN(C)C(=O)c1cc(C3CCCCC3)ccc1-2
plate_1,O=C(O)c1ccccc1-n1ccnn1,8079.68485,plate_1_535,CCOC(=O)c1ncn2c1CN(C)C(=O)c1cc(Br)ccc1-2.O=C(O)C1CCCCC1.O=C(O)c1ccccc1-n1ccnn1>>CCOC(=O)c1ncn2c1CN(C)C(=O)c1cc(C3CCCCC3)ccc1-2
plate_1,O=C(O)c1ccccc1-n1nccn1,14227.04186,plate_1_536,CCOC(=O)c1ncn2c1CN(C)C(=O)c1cc(Br)ccc1-2.O=C(O)C1CCCCC1.O=C(O)c1ccccc1-n1nccn1>>CCOC(=O)c1ncn2c1CN(C)C(=O)c1cc(C3CCCCC3)ccc1-2
plate_1,O=C(O)c1ccccc1-n1ncnn1,6060.05846,plate_1_537,CCOC(=O)c1ncn2c1CN(C)C(=O)c1cc(Br)ccc1-2.O=C(O)C1CCCCC1.O=C(O)c1ccccc1-n1ncnn1>>CCOC(=O)c1ncn2c1CN(C)C(=O)c1cc(C3CCCCC3)ccc1-2
plate_1,O=C(O)c1ccccn1,7390.68715,plate_1_681,CCOC(=O)c1ncn2c1CN(C)C(=O)c1cc(Br)ccc1-2.O=C(O)C1CCCCC1.O=C(O)c1ccccn1>>CCOC(=O)c1ncn2c1CN(C)C(=O)c1cc(C3CCCCC3)ccc1-2
plate_1,O=C(O)c1ccco1,11504.0311,plate_1_485,CCOC(=O)c1ncn2c1CN(C)C(=O)c1cc(Br)ccc1-2.O=C(O)C1CCCCC1.O=C(O)c1ccco1>>CCOC(=O)c1ncn2c1CN(C)C(=O)c1cc(C3CCCCC3)ccc1-2
plate_1,O=C(O)c1cccs1,13987.320625,plate_1_490,CCOC(=O)c1ncn2c1CN(C)C(=O)c1cc(Br)ccc1-2.O=C(O)C1CCCCC1.O=C(O)c1cccs1>>CCOC(=O)c1ncn2c1CN(C)C(=O)c1cc(C3CCCCC3)ccc1-2
plate_1,O=C(O)c1ccno1,10092.33499,plate_1_711,CCOC(=O)c1ncn2c1CN(C)C(=O)c1cc(Br)ccc1-2.O=C(O)C1CCCCC1.O=C(O)c1ccno1>>CCOC(=O)c1ncn2c1CN(C)C(=O)c1cc(C3CCCCC3)ccc1-2
plate_1,O=C(O)c1cnco1,9223.937805,plate_1_475,CCOC(=O)c1ncn2c1CN(C)C(=O)c1cc(Br)ccc1-2.O=C(O)C1CCCCC1.O=C(O)c1cnco1>>CCOC(=O)c1ncn2c1CN(C)C(=O)c1cc(C3CCCCC3)ccc1-2
plate_1,O=C(O)c1cocn1,42121.86601,plate_1_473,CCOC(=O)c1ncn2c1CN(C)C(=O)c1cc(Br)ccc1-2.O=C(O)C1CCCCC1.O=C(O)c1cocn1>>CCOC(=O)c1ncn2c1CN(C)C(=O)c1cc(C3CCCCC3)ccc1-2
plate_1,O=C(O)c1n[nH]c2ccccc12,7207.68741,plate_1_647,CCOC(=O)c1ncn2c1CN(C)C(=O)c1cc(Br)ccc1-2.O=C(O)C1CCCCC1.O=C(O)c1n[nH]c2ccccc12>>CCOC(=O)c1ncn2c1CN(C)C(=O)c1cc(C3CCCCC3)ccc1-2
plate_1,O=C(O)c1nc(=O)[nH]c2ccccc12,19725.77212,plate_1_648,CCOC(=O)c1ncn2c1CN(C)C(=O)c1cc(Br)ccc1-2.O=C(O)C1CCCCC1.O=C(O)c1nc(=O)[nH]c2ccccc12>>CCOC(=O)c1ncn2c1CN(C)C(=O)c1cc(C3CCCCC3)ccc1-2
plate_1,O=C(O)c1nccc2ccccc12,4472.36227,plate_1_660,CCOC(=O)c1ncn2c1CN(C)C(=O)c1cc(Br)ccc1-2.O=C(O)C1CCCCC1.O=C(O)c1nccc2ccccc12>>CCOC(=O)c1ncn2c1CN(C)C(=O)c1cc(C3CCCCC3)ccc1-2
plate_1,O=C(O)c1ncco1,33647.46995,plate_1_713,CCOC(=O)c1ncn2c1CN(C)C(=O)c1cc(Br)ccc1-2.O=C(O)C1CCCCC1.O=C(O)c1ncco1>>CCOC(=O)c1ncn2c1CN(C)C(=O)c1cc(C3CCCCC3)ccc1-2
plate_1,O=C(c1ccccc1)c1ncco1,16517.865035000003,plate_1_563,CCOC(=O)c1ncn2c1CN(C)C(=O)c1cc(Br)ccc1-2.O=C(O)C1CCCCC1.O=C(c1ccccc1)c1ncco1>>CCOC(=O)c1ncn2c1CN(C)C(=O)c1cc(C3CCCCC3)ccc1-2
plate_1,O=C(c1ccccc1O)N1CCCC1,39279.13119,plate_1_533,CCOC(=O)c1ncn2c1CN(C)C(=O)c1cc(Br)ccc1-2.O=C(O)C1CCCCC1.O=C(c1ccccc1O)N1CCCC1>>CCOC(=O)c1ncn2c1CN(C)C(=O)c1cc(C3CCCCC3)ccc1-2
plate_1,O=C(c1ccccn1)C(O)c1ccccn1,4508.35868,plate_1_683,CCOC(=O)c1ncn2c1CN(C)C(=O)c1cc(Br)ccc1-2.O=C(O)C1CCCCC1.O=C(c1ccccn1)C(O)c1ccccn1>>CCOC(=O)c1ncn2c1CN(C)C(=O)c1cc(C3CCCCC3)ccc1-2
plate_1,O=C(c1cccs1)c1cccs1,28262.18156,plate_1_491,CCOC(=O)c1ncn2c1CN(C)C(=O)c1cc(Br)ccc1-2.O=C(O)C1CCCCC1.O=C(c1cccs1)c1cccs1>>CCOC(=O)c1ncn2c1CN(C)C(=O)c1cc(C3CCCCC3)ccc1-2
plate_1,O=C(c1ncc[nH]1)c1ccco1,5167.2441,plate_1_486,CCOC(=O)c1ncn2c1CN(C)C(=O)c1cc(Br)ccc1-2.O=C(O)C1CCCCC1.O=C(c1ncc[nH]1)c1ccco1>>CCOC(=O)c1ncn2c1CN(C)C(=O)c1cc(C3CCCCC3)ccc1-2
plate_1,O=C1C=C(c2ccccc2)C(=O)O1,2258.36626,plate_1_569,CCOC(=O)c1ncn2c1CN(C)C(=O)c1cc(Br)ccc1-2.O=C(O)C1CCCCC1.O=C1C=C(c2ccccc2)C(=O)O1>>CCOC(=O)c1ncn2c1CN(C)C(=O)c1cc(C3CCCCC3)ccc1-2
plate_1,O=C1C=CC(=O)C=C1,5748.56434,plate_1_22,CCOC(=O)c1ncn2c1CN(C)C(=O)c1cc(Br)ccc1-2.O=C(O)C1CCCCC1.O=C1C=CC(=O)C=C1>>CCOC(=O)c1ncn2c1CN(C)C(=O)c1cc(C3CCCCC3)ccc1-2
plate_1,O=C1C=CC(=O)N1,72156.89953,plate_1_23,CCOC(=O)c1ncn2c1CN(C)C(=O)c1cc(Br)ccc1-2.O=C(O)C1CCCCC1.O=C1C=CC(=O)N1>>CCOC(=O)c1ncn2c1CN(C)C(=O)c1cc(C3CCCCC3)ccc1-2
plate_1,O=C1C=CC(=O)N1Cc1ccccc1,27181.05183,plate_1_577,CCOC(=O)c1ncn2c1CN(C)C(=O)c1cc(Br)ccc1-2.O=C(O)C1CCCCC1.O=C1C=CC(=O)N1Cc1ccccc1>>CCOC(=O)c1ncn2c1CN(C)C(=O)c1cc(C3CCCCC3)ccc1-2
plate_1,O=C1C=CC(=O)c2ccccc21,0.0,plate_1_620,CCOC(=O)c1ncn2c1CN(C)C(=O)c1cc(Br)ccc1-2.O=C(O)C1CCCCC1.O=C1C=CC(=O)c2ccccc21>>CCOC(=O)c1ncn2c1CN(C)C(=O)c1cc(C3CCCCC3)ccc1-2
plate_1,O=C1C=CCCC1,50107.53156,plate_1_38,CCOC(=O)c1ncn2c1CN(C)C(=O)c1cc(Br)ccc1-2.O=C(O)C1CCCCC1.O=C1C=CCCC1>>CCOC(=O)c1ncn2c1CN(C)C(=O)c1cc(C3CCCCC3)ccc1-2
plate_1,O=C1CC(=O)NC(=O)N1,1224.47303,plate_1_26,CCOC(=O)c1ncn2c1CN(C)C(=O)c1cc(Br)ccc1-2.O=C(O)C1CCCCC1.O=C1CC(=O)NC(=O)N1>>CCOC(=O)c1ncn2c1CN(C)C(=O)c1cc(C3CCCCC3)ccc1-2
plate_1,O=C1CCC(=O)N1,85748.90075,plate_1_32,CCOC(=O)c1ncn2c1CN(C)C(=O)c1cc(Br)ccc1-2.O=C(O)C1CCCCC1.O=C1CCC(=O)N1>>CCOC(=O)c1ncn2c1CN(C)C(=O)c1cc(C3CCCCC3)ccc1-2
plate_1,O=C1CCCC(=O)N1,47062.32471,plate_1_31,CCOC(=O)c1ncn2c1CN(C)C(=O)c1cc(Br)ccc1-2.O=C(O)C1CCCCC1.O=C1CCCC(=O)N1>>CCOC(=O)c1ncn2c1CN(C)C(=O)c1cc(C3CCCCC3)ccc1-2
plate_1,O=C1CCCCC1=O,11185.36221,plate_1_41,CCOC(=O)c1ncn2c1CN(C)C(=O)c1cc(Br)ccc1-2.O=C(O)C1CCCCC1.O=C1CCCCC1=O>>CCOC(=O)c1ncn2c1CN(C)C(=O)c1cc(C3CCCCC3)ccc1-2
plate_1,O=C1CCCCC1O,36907.66681,plate_1_42,CCOC(=O)c1ncn2c1CN(C)C(=O)c1cc(Br)ccc1-2.O=C(O)C1CCCCC1.O=C1CCCCC1O>>CCOC(=O)c1ncn2c1CN(C)C(=O)c1cc(C3CCCCC3)ccc1-2
plate_1,O=C1CCCCC1[N+](=O)[O-],0.0,plate_1_43,CCOC(=O)c1ncn2c1CN(C)C(=O)c1cc(Br)ccc1-2.O=C(O)C1CCCCC1.O=C1CCCCC1[N+](=O)[O-]>>CCOC(=O)c1ncn2c1CN(C)C(=O)c1cc(C3CCCCC3)ccc1-2
plate_1,O=C1CCCCCCCCC1,50420.17296,plate_1_53,CCOC(=O)c1ncn2c1CN(C)C(=O)c1cc(Br)ccc1-2.O=C(O)C1CCCCC1.O=C1CCCCCCCCC1>>CCOC(=O)c1ncn2c1CN(C)C(=O)c1cc(C3CCCCC3)ccc1-2
plate_1,O=C1CCCCCCCCCCCN1,57755.14277,plate_1_54,CCOC(=O)c1ncn2c1CN(C)C(=O)c1cc(Br)ccc1-2.O=C(O)C1CCCCC1.O=C1CCCCCCCCCCCN1>>CCOC(=O)c1ncn2c1CN(C)C(=O)c1cc(C3CCCCC3)ccc1-2
plate_1,O=C1CCCCCN1,52967.0996,plate_1_44,CCOC(=O)c1ncn2c1CN(C)C(=O)c1cc(Br)ccc1-2.O=C(O)C1CCCCC1.O=C1CCCCCN1>>CCOC(=O)c1ncn2c1CN(C)C(=O)c1cc(C3CCCCC3)ccc1-2
plate_1,O=C1CCCCN1,53061.34939,plate_1_58,CCOC(=O)c1ncn2c1CN(C)C(=O)c1cc(Br)ccc1-2.O=C(O)C1CCCCC1.O=C1CCCCN1>>CCOC(=O)c1ncn2c1CN(C)C(=O)c1cc(C3CCCCC3)ccc1-2
plate_1,O=C1CCCc2ccccc21,48126.77345,plate_1_630,CCOC(=O)c1ncn2c1CN(C)C(=O)c1cc(Br)ccc1-2.O=C(O)C1CCCCC1.O=C1CCCc2ccccc21>>CCOC(=O)c1ncn2c1CN(C)C(=O)c1cc(C3CCCCC3)ccc1-2
plate_1,O=C1CCCc2cccnc21,9902.33247,plate_1_504,CCOC(=O)c1ncn2c1CN(C)C(=O)c1cc(Br)ccc1-2.O=C(O)C1CCCCC1.O=C1CCCc2cccnc21>>CCOC(=O)c1ncn2c1CN(C)C(=O)c1cc(C3CCCCC3)ccc1-2
plate_1,O=C1CCN(c2ccccc2)N1,3310.47823,plate_1_588,CCOC(=O)c1ncn2c1CN(C)C(=O)c1cc(Br)ccc1-2.O=C(O)C1CCCCC1.O=C1CCN(c2ccccc2)N1>>CCOC(=O)c1ncn2c1CN(C)C(=O)c1cc(C3CCCCC3)ccc1-2
plate_1,O=C1CCNC(=O)C1,6763.73541,plate_1_67,CCOC(=O)c1ncn2c1CN(C)C(=O)c1cc(Br)ccc1-2.O=C(O)C1CCCCC1.O=C1CCNC(=O)C1>>CCOC(=O)c1ncn2c1CN(C)C(=O)c1cc(C3CCCCC3)ccc1-2
plate_1,O=C1CCNC(=O)N1,54043.21781,plate_1_69,CCOC(=O)c1ncn2c1CN(C)C(=O)c1cc(Br)ccc1-2.O=C(O)C1CCCCC1.O=C1CCNC(=O)N1>>CCOC(=O)c1ncn2c1CN(C)C(=O)c1cc(C3CCCCC3)ccc1-2
plate_1,O=C1CCOc2ccccc21,37457.91188,plate_1_621,CCOC(=O)c1ncn2c1CN(C)C(=O)c1cc(Br)ccc1-2.O=C(O)C1CCCCC1.O=C1CCOc2ccccc21>>CCOC(=O)c1ncn2c1CN(C)C(=O)c1cc(C3CCCCC3)ccc1-2
plate_1,O=C1CC[C@H](CO)N1,58662.57788,plate_1_33,CCOC(=O)c1ncn2c1CN(C)C(=O)c1cc(Br)ccc1-2.O=C(O)C1CCCCC1.O=C1CC[C@H](CO)N1>>CCOC(=O)c1ncn2c1CN(C)C(=O)c1cc(C3CCCCC3)ccc1-2
plate_1,O=C1CCc2ccccc2N1,56313.74133,plate_1_628,CCOC(=O)c1ncn2c1CN(C)C(=O)c1cc(Br)ccc1-2.O=C(O)C1CCCCC1.O=C1CCc2ccccc2N1>>CCOC(=O)c1ncn2c1CN(C)C(=O)c1cc(C3CCCCC3)ccc1-2
plate_1,O=C1CCc2ccccc2O1,57204.0736,plate_1_629,CCOC(=O)c1ncn2c1CN(C)C(=O)c1cc(Br)ccc1-2.O=C(O)C1CCCCC1.O=C1CCc2ccccc2O1>>CCOC(=O)c1ncn2c1CN(C)C(=O)c1cc(C3CCCCC3)ccc1-2
plate_1,O=C1CNC(=O)N1,80753.85138,plate_1_25,CCOC(=O)c1ncn2c1CN(C)C(=O)c1cc(Br)ccc1-2.O=C(O)C1CCCCC1.O=C1CNC(=O)N1>>CCOC(=O)c1ncn2c1CN(C)C(=O)c1cc(C3CCCCC3)ccc1-2
plate_1,O=C1COC(=O)C1,2233.08163,plate_1_24,CCOC(=O)c1ncn2c1CN(C)C(=O)c1cc(Br)ccc1-2.O=C(O)C1CCCCC1.O=C1COC(=O)C1>>CCOC(=O)c1ncn2c1CN(C)C(=O)c1cc(C3CCCCC3)ccc1-2
plate_1,O=C1Cc2ccccc2C1=O,806.53601,plate_1_624,CCOC(=O)c1ncn2c1CN(C)C(=O)c1cc(Br)ccc1-2.O=C(O)C1CCCCC1.O=C1Cc2ccccc2C1=O>>CCOC(=O)c1ncn2c1CN(C)C(=O)c1cc(C3CCCCC3)ccc1-2
plate_1,O=C1Cc2ccccc2N1,23772.57903,plate_1_625,CCOC(=O)c1ncn2c1CN(C)C(=O)c1cc(Br)ccc1-2.O=C(O)C1CCCCC1.O=C1Cc2ccccc2N1>>CCOC(=O)c1ncn2c1CN(C)C(=O)c1cc(C3CCCCC3)ccc1-2
plate_1,O=C1Cc2cccnc2N1,4983.53092,plate_1_507,CCOC(=O)c1ncn2c1CN(C)C(=O)c1cc(Br)ccc1-2.O=C(O)C1CCCCC1.O=C1Cc2cccnc2N1>>CCOC(=O)c1ncn2c1CN(C)C(=O)c1cc(C3CCCCC3)ccc1-2
plate_1,O=C1NC(=O)/C(=C/c2ccccc2)N1,343.61381,plate_1_556,CCOC(=O)c1ncn2c1CN(C)C(=O)c1cc(Br)ccc1-2.O=C(O)C1CCCCC1.O=C1NC(=O)/C(=C/c2ccccc2)N1>>CCOC(=O)c1ncn2c1CN(C)C(=O)c1cc(C3CCCCC3)ccc1-2
plate_1,O=C1NC(=O)C(Cc2ccccc2)N1,80119.98989,plate_1_570,CCOC(=O)c1ncn2c1CN(C)C(=O)c1cc(Br)ccc1-2.O=C(O)C1CCCCC1.O=C1NC(=O)C(Cc2ccccc2)N1>>CCOC(=O)c1ncn2c1CN(C)C(=O)c1cc(C3CCCCC3)ccc1-2
plate_1,O=C1NC(=O)c2ccccc21,75294.66711,plate_1_622,CCOC(=O)c1ncn2c1CN(C)C(=O)c1cc(Br)ccc1-2.O=C(O)C1CCCCC1.O=C1NC(=O)c2ccccc21>>CCOC(=O)c1ncn2c1CN(C)C(=O)c1cc(C3CCCCC3)ccc1-2
plate_1,O=C1NCC(C(=O)O)N1,1689.81168,plate_1_28,CCOC(=O)c1ncn2c1CN(C)C(=O)c1cc(Br)ccc1-2.O=C(O)C1CCCCC1.O=C1NCC(C(=O)O)N1>>CCOC(=O)c1ncn2c1CN(C)C(=O)c1cc(C3CCCCC3)ccc1-2
plate_1,O=C1NCCCN1,57945.06209,plate_1_68,CCOC(=O)c1ncn2c1CN(C)C(=O)c1cc(Br)ccc1-2.O=C(O)C1CCCCC1.O=C1NCCCN1>>CCOC(=O)c1ncn2c1CN(C)C(=O)c1cc(C3CCCCC3)ccc1-2
plate_1,O=C1NCCN1c1ccccc1,34232.83782,plate_1_590,CCOC(=O)c1ncn2c1CN(C)C(=O)c1cc(Br)ccc1-2.O=C(O)C1CCCCC1.O=C1NCCN1c1ccccc1>>CCOC(=O)c1ncn2c1CN(C)C(=O)c1cc(C3CCCCC3)ccc1-2
plate_1,O=C1NCCNC1=O,49342.05503,plate_1_66,CCOC(=O)c1ncn2c1CN(C)C(=O)c1cc(Br)ccc1-2.O=C(O)C1CCCCC1.O=C1NCCNC1=O>>CCOC(=O)c1ncn2c1CN(C)C(=O)c1cc(C3CCCCC3)ccc1-2
plate_1,O=C1NCc2ccccc21,37838.70337,plate_1_633,CCOC(=O)c1ncn2c1CN(C)C(=O)c1cc(Br)ccc1-2.O=C(O)C1CCCCC1.O=C1NCc2ccccc21>>CCOC(=O)c1ncn2c1CN(C)C(=O)c1cc(C3CCCCC3)ccc1-2
plate_1,O=C1Nc2c(C(=O)O)cccc2C1=O,1854.68538,plate_1_498,CCOC(=O)c1ncn2c1CN(C)C(=O)c1cc(Br)ccc1-2.O=C(O)C1CCCCC1.O=C1Nc2c(C(=O)O)cccc2C1=O>>CCOC(=O)c1ncn2c1CN(C)C(=O)c1cc(C3CCCCC3)ccc1-2
plate_1,O=C1OC(=O)c2ccccc21,6027.88638,plate_1_623,CCOC(=O)c1ncn2c1CN(C)C(=O)c1cc(Br)ccc1-2.O=C(O)C1CCCCC1.O=C1OC(=O)c2ccccc21>>CCOC(=O)c1ncn2c1CN(C)C(=O)c1cc(C3CCCCC3)ccc1-2
plate_1,O=C1OCCC1O,53961.50717,plate_1_72,CCOC(=O)c1ncn2c1CN(C)C(=O)c1cc(Br)ccc1-2.O=C(O)C1CCCCC1.O=C1OCCC1O>>CCOC(=O)c1ncn2c1CN(C)C(=O)c1cc(C3CCCCC3)ccc1-2
plate_1,O=C1OCc2ccccc21,46147.72146,plate_1_634,CCOC(=O)c1ncn2c1CN(C)C(=O)c1cc(Br)ccc1-2.O=C(O)C1CCCCC1.O=C1OCc2ccccc21>>CCOC(=O)c1ncn2c1CN(C)C(=O)c1cc(C3CCCCC3)ccc1-2
plate_1,O=CC1CCCCC1,64046.07817,plate_1_50,CCOC(=O)c1ncn2c1CN(C)C(=O)c1cc(Br)ccc1-2.O=C(O)C1CCCCC1.O=CC1CCCCC1>>CCOC(=O)c1ncn2c1CN(C)C(=O)c1cc(C3CCCCC3)ccc1-2
plate_1,O=CCCc1ccccc1,54291.400555,plate_1_572,CCOC(=O)c1ncn2c1CN(C)C(=O)c1cc(Br)ccc1-2.O=C(O)C1CCCCC1.O=CCCc1ccccc1>>CCOC(=O)c1ncn2c1CN(C)C(=O)c1cc(C3CCCCC3)ccc1-2
plate_1,O=CN1CCCC1,53842.39952,plate_1_55,CCOC(=O)c1ncn2c1CN(C)C(=O)c1cc(Br)ccc1-2.O=C(O)C1CCCCC1.O=CN1CCCC1>>CCOC(=O)c1ncn2c1CN(C)C(=O)c1cc(C3CCCCC3)ccc1-2
plate_1,O=CNc1ccccc1,57648.52324,plate_1_594,CCOC(=O)c1ncn2c1CN(C)C(=O)c1cc(Br)ccc1-2.O=C(O)C1CCCCC1.O=CNc1ccccc1>>CCOC(=O)c1ncn2c1CN(C)C(=O)c1cc(C3CCCCC3)ccc1-2
plate_1,O=CNc1ccccn1,26286.8521,plate_1_691,CCOC(=O)c1ncn2c1CN(C)C(=O)c1cc(Br)ccc1-2.O=C(O)C1CCCCC1.O=CNc1ccccn1>>CCOC(=O)c1ncn2c1CN(C)C(=O)c1cc(C3CCCCC3)ccc1-2
plate_1,O=Cc1c[nH]cn1,13329.66599,plate_1_472,CCOC(=O)c1ncn2c1CN(C)C(=O)c1cc(Br)ccc1-2.O=C(O)C1CCCCC1.O=Cc1c[nH]cn1>>CCOC(=O)c1ncn2c1CN(C)C(=O)c1cc(C3CCCCC3)ccc1-2
plate_1,O=Cc1ccccc1O,27308.84816,plate_1_539,CCOC(=O)c1ncn2c1CN(C)C(=O)c1cc(Br)ccc1-2.O=C(O)C1CCCCC1.O=Cc1ccccc1O>>CCOC(=O)c1ncn2c1CN(C)C(=O)c1cc(C3CCCCC3)ccc1-2
plate_1,O=Cc1ccccn1,2544.97727,plate_1_684,CCOC(=O)c1ncn2c1CN(C)C(=O)c1cc(Br)ccc1-2.O=C(O)C1CCCCC1.O=Cc1ccccn1>>CCOC(=O)c1ncn2c1CN(C)C(=O)c1cc(C3CCCCC3)ccc1-2
plate_1,O=S(=O)(O)c1ccccc1,5841.06946,plate_1_601,CCOC(=O)c1ncn2c1CN(C)C(=O)c1cc(Br)ccc1-2.O=C(O)C1CCCCC1.O=S(=O)(O)c1ccccc1>>CCOC(=O)c1ncn2c1CN(C)C(=O)c1cc(C3CCCCC3)ccc1-2
plate_1,O=S1(=O)CCCC1,53400.12789,plate_1_61,CCOC(=O)c1ncn2c1CN(C)C(=O)c1cc(Br)ccc1-2.O=C(O)C1CCCCC1.O=S1(=O)CCCC1>>CCOC(=O)c1ncn2c1CN(C)C(=O)c1cc(C3CCCCC3)ccc1-2
plate_1,O=S1(=O)CCCN1,48912.172285,plate_1_71,CCOC(=O)c1ncn2c1CN(C)C(=O)c1cc(Br)ccc1-2.O=C(O)C1CCCCC1.O=S1(=O)CCCN1>>CCOC(=O)c1ncn2c1CN(C)C(=O)c1cc(C3CCCCC3)ccc1-2
plate_1,O=[N+]([O-])CCc1ccccc1,11014.63101,plate_1_576,CCOC(=O)c1ncn2c1CN(C)C(=O)c1cc(Br)ccc1-2.O=C(O)C1CCCCC1.O=[N+]([O-])CCc1ccccc1>>CCOC(=O)c1ncn2c1CN(C)C(=O)c1cc(C3CCCCC3)ccc1-2
plate_1,O=[N+]([O-])c1cccc2cc[nH]c12,150.45707,plate_1_511,CCOC(=O)c1ncn2c1CN(C)C(=O)c1cc(Br)ccc1-2.O=C(O)C1CCCCC1.O=[N+]([O-])c1cccc2cc[nH]c12>>CCOC(=O)c1ncn2c1CN(C)C(=O)c1cc(C3CCCCC3)ccc1-2
plate_1,O=[N+]([O-])c1cccnc1O,163.54149,plate_1_479,CCOC(=O)c1ncn2c1CN(C)C(=O)c1cc(Br)ccc1-2.O=C(O)C1CCCCC1.O=[N+]([O-])c1cccnc1O>>CCOC(=O)c1ncn2c1CN(C)C(=O)c1cc(C3CCCCC3)ccc1-2
plate_1,O=[N+]([O-])c1cccs1,858.60507,plate_1_494,CCOC(=O)c1ncn2c1CN(C)C(=O)c1cc(Br)ccc1-2.O=C(O)C1CCCCC1.O=[N+]([O-])c1cccs1>>CCOC(=O)c1ncn2c1CN(C)C(=O)c1cc(C3CCCCC3)ccc1-2
plate_1,O=c1[nH][nH]c(=O)n1-c1ccccc1,1845.94902,plate_1_614,CCOC(=O)c1ncn2c1CN(C)C(=O)c1cc(Br)ccc1-2.O=C(O)C1CCCCC1.O=c1[nH][nH]c(=O)n1-c1ccccc1>>CCOC(=O)c1ncn2c1CN(C)C(=O)c1cc(C3CCCCC3)ccc1-2
plate_1,O=c1[nH]c(=O)[nH]c(=O)[nH]1,33855.69082,plate_1_468,CCOC(=O)c1ncn2c1CN(C)C(=O)c1cc(Br)ccc1-2.O=C(O)C1CCCCC1.O=c1[nH]c(=O)[nH]c(=O)[nH]1>>CCOC(=O)c1ncn2c1CN(C)C(=O)c1cc(C3CCCCC3)ccc1-2
plate_1,O=c1[nH]c(=O)c2ccccc2[nH]1,57300.66607,plate_1_644,CCOC(=O)c1ncn2c1CN(C)C(=O)c1cc(Br)ccc1-2.O=C(O)C1CCCCC1.O=c1[nH]c(=O)c2ccccc2[nH]1>>CCOC(=O)c1ncn2c1CN(C)C(=O)c1cc(C3CCCCC3)ccc1-2
plate_1,O=c1[nH]c(=O)c2nc[nH]c2[nH]1,26111.90483,plate_1_469,CCOC(=O)c1ncn2c1CN(C)C(=O)c1cc(Br)ccc1-2.O=C(O)C1CCCCC1.O=c1[nH]c(=O)c2nc[nH]c2[nH]1>>CCOC(=O)c1ncn2c1CN(C)C(=O)c1cc(C3CCCCC3)ccc1-2
plate_1,O=c1[nH]c(=O)n(-c2ccccc2)[nH]1,394.68507,plate_1_615,CCOC(=O)c1ncn2c1CN(C)C(=O)c1cc(Br)ccc1-2.O=C(O)C1CCCCC1.O=c1[nH]c(=O)n(-c2ccccc2)[nH]1>>CCOC(=O)c1ncn2c1CN(C)C(=O)c1cc(C3CCCCC3)ccc1-2
plate_1,O=c1[nH]c2ccccc2[nH]1,62348.09742,plate_1_636,CCOC(=O)c1ncn2c1CN(C)C(=O)c1cc(Br)ccc1-2.O=C(O)C1CCCCC1.O=c1[nH]c2ccccc2[nH]1>>CCOC(=O)c1ncn2c1CN(C)C(=O)c1cc(C3CCCCC3)ccc1-2
plate_1,O=c1[nH]c2ccccc2c(=O)o1,50.75863,plate_1_646,CCOC(=O)c1ncn2c1CN(C)C(=O)c1cc(Br)ccc1-2.O=C(O)C1CCCCC1.O=c1[nH]c2ccccc2c(=O)o1>>CCOC(=O)c1ncn2c1CN(C)C(=O)c1cc(C3CCCCC3)ccc1-2
plate_1,O=c1[nH]c2ccccc2s1,1868.21807,plate_1_637,CCOC(=O)c1ncn2c1CN(C)C(=O)c1cc(Br)ccc1-2.O=C(O)C1CCCCC1.O=c1[nH]c2ccccc2s1>>CCOC(=O)c1ncn2c1CN(C)C(=O)c1cc(C3CCCCC3)ccc1-2
plate_1,O=c1ccc(-c2ccccc2)n[nH]1,36192.79002,plate_1_608,CCOC(=O)c1ncn2c1CN(C)C(=O)c1cc(Br)ccc1-2.O=C(O)C1CCCCC1.O=c1ccc(-c2ccccc2)n[nH]1>>CCOC(=O)c1ncn2c1CN(C)C(=O)c1cc(C3CCCCC3)ccc1-2
plate_1,O=c1ccc2ccccc2o1,4061.40411,plate_1_653,CCOC(=O)c1ncn2c1CN(C)C(=O)c1cc(Br)ccc1-2.O=C(O)C1CCCCC1.O=c1ccc2ccccc2o1>>CCOC(=O)c1ncn2c1CN(C)C(=O)c1cc(C3CCCCC3)ccc1-2
plate_1,O=c1ccccn1-c1ccccc1,29990.81108,plate_1_617,CCOC(=O)c1ncn2c1CN(C)C(=O)c1cc(Br)ccc1-2.O=C(O)C1CCCCC1.O=c1ccccn1-c1ccccc1>>CCOC(=O)c1ncn2c1CN(C)C(=O)c1cc(C3CCCCC3)ccc1-2
plate_1,O=c1ccccn1Cc1ccccn1,41245.12225,plate_1_687,CCOC(=O)c1ncn2c1CN(C)C(=O)c1cc(Br)ccc1-2.O=C(O)C1CCCCC1.O=c1ccccn1Cc1ccccn1>>CCOC(=O)c1ncn2c1CN(C)C(=O)c1cc(C3CCCCC3)ccc1-2
plate_1,O=c1ccoc2ccccc12,35705.01724,plate_1_645,CCOC(=O)c1ncn2c1CN(C)C(=O)c1cc(Br)ccc1-2.O=C(O)C1CCCCC1.O=c1ccoc2ccccc12>>CCOC(=O)c1ncn2c1CN(C)C(=O)c1cc(C3CCCCC3)ccc1-2
plate_1,OC1C=CCCC1,53768.57618,plate_1_39,CCOC(=O)c1ncn2c1CN(C)C(=O)c1cc(Br)ccc1-2.O=C(O)C1CCCCC1.OC1C=CCCC1>>CCOC(=O)c1ncn2c1CN(C)C(=O)c1cc(C3CCCCC3)ccc1-2
plate_1,OC1CCCCC1,49300.72233,plate_1_52,CCOC(=O)c1ncn2c1CN(C)C(=O)c1cc(Br)ccc1-2.O=C(O)C1CCCCC1.OC1CCCCC1>>CCOC(=O)c1ncn2c1CN(C)C(=O)c1cc(C3CCCCC3)ccc1-2
plate_1,OC1CCCc2ccccc21,62225.71393,plate_1_631,CCOC(=O)c1ncn2c1CN(C)C(=O)c1cc(Br)ccc1-2.O=C(O)C1CCCCC1.OC1CCCc2ccccc21>>CCOC(=O)c1ncn2c1CN(C)C(=O)c1cc(C3CCCCC3)ccc1-2
plate_1,OC1CCCc2cccnc21,14651.7185,plate_1_506,CCOC(=O)c1ncn2c1CN(C)C(=O)c1cc(Br)ccc1-2.O=C(O)C1CCCCC1.OC1CCCc2cccnc21>>CCOC(=O)c1ncn2c1CN(C)C(=O)c1cc(C3CCCCC3)ccc1-2
plate_1,OC1CCc2cccnc21,35699.94357,plate_1_505,CCOC(=O)c1ncn2c1CN(C)C(=O)c1cc(Br)ccc1-2.O=C(O)C1CCCCC1.OC1CCc2cccnc21>>CCOC(=O)c1ncn2c1CN(C)C(=O)c1cc(C3CCCCC3)ccc1-2
plate_1,OC1Cc2ccccc2C1O,60170.59739,plate_1_626,CCOC(=O)c1ncn2c1CN(C)C(=O)c1cc(Br)ccc1-2.O=C(O)C1CCCCC1.OC1Cc2ccccc2C1O>>CCOC(=O)c1ncn2c1CN(C)C(=O)c1cc(C3CCCCC3)ccc1-2
plate_1,OCC(CO)CO,60609.38117,plate_1_10,CCOC(=O)c1ncn2c1CN(C)C(=O)c1cc(Br)ccc1-2.O=C(O)C1CCCCC1.OCC(CO)CO>>CCOC(=O)c1ncn2c1CN(C)C(=O)c1cc(C3CCCCC3)ccc1-2
plate_1,OCC(F)(F)F,49208.41574,plate_1_11,CCOC(=O)c1ncn2c1CN(C)C(=O)c1cc(Br)ccc1-2.O=C(O)C1CCCCC1.OCC(F)(F)F>>CCOC(=O)c1ncn2c1CN(C)C(=O)c1cc(C3CCCCC3)ccc1-2
plate_1,OCC(O)c1ccccc1,61375.32293,plate_1_566,CCOC(=O)c1ncn2c1CN(C)C(=O)c1cc(Br)ccc1-2.O=C(O)C1CCCCC1.OCC(O)c1ccccc1>>CCOC(=O)c1ncn2c1CN(C)C(=O)c1cc(C3CCCCC3)ccc1-2
plate_1,OCC1CCCCO1,55142.54989,plate_1_60,CCOC(=O)c1ncn2c1CN(C)C(=O)c1cc(Br)ccc1-2.O=C(O)C1CCCCC1.OCC1CCCCO1>>CCOC(=O)c1ncn2c1CN(C)C(=O)c1cc(C3CCCCC3)ccc1-2
plate_1,OCC1CCCO1,56810.71404,plate_1_36,CCOC(=O)c1ncn2c1CN(C)C(=O)c1cc(Br)ccc1-2.O=C(O)C1CCCCC1.OCC1CCCO1>>CCOC(=O)c1ncn2c1CN(C)C(=O)c1cc(C3CCCCC3)ccc1-2
plate_1,OCCCCCCO,64053.46801,plate_1_13,CCOC(=O)c1ncn2c1CN(C)C(=O)c1cc(Br)ccc1-2.O=C(O)C1CCCCC1.OCCCCCCO>>CCOC(=O)c1ncn2c1CN(C)C(=O)c1cc(C3CCCCC3)ccc1-2
plate_1,OCCCOc1ccccc1,60168.74764,plate_1_599,CCOC(=O)c1ncn2c1CN(C)C(=O)c1cc(Br)ccc1-2.O=C(O)C1CCCCC1.OCCCOc1ccccc1>>CCOC(=O)c1ncn2c1CN(C)C(=O)c1cc(C3CCCCC3)ccc1-2
plate_1,OCCCc1ccccc1,60658.33975,plate_1_574,CCOC(=O)c1ncn2c1CN(C)C(=O)c1cc(Br)ccc1-2.O=C(O)C1CCCCC1.OCCCc1ccccc1>>CCOC(=O)c1ncn2c1CN(C)C(=O)c1cc(C3CCCCC3)ccc1-2
plate_1,OCCOCCO,58616.13768,plate_1_14,CCOC(=O)c1ncn2c1CN(C)C(=O)c1cc(Br)ccc1-2.O=C(O)C1CCCCC1.OCCOCCO>>CCOC(=O)c1ncn2c1CN(C)C(=O)c1cc(C3CCCCC3)ccc1-2
plate_1,OCCOCCOCCO,56825.84548,plate_1_15,CCOC(=O)c1ncn2c1CN(C)C(=O)c1cc(Br)ccc1-2.O=C(O)C1CCCCC1.OCCOCCOCCO>>CCOC(=O)c1ncn2c1CN(C)C(=O)c1cc(C3CCCCC3)ccc1-2
plate_1,OCCOc1ccccc1O,41149.91573,plate_1_546,CCOC(=O)c1ncn2c1CN(C)C(=O)c1cc(Br)ccc1-2.O=C(O)C1CCCCC1.OCCOc1ccccc1O>>CCOC(=O)c1ncn2c1CN(C)C(=O)c1cc(C3CCCCC3)ccc1-2
plate_1,OCCSc1ccccc1,59024.05681,plate_1_602,CCOC(=O)c1ncn2c1CN(C)C(=O)c1cc(Br)ccc1-2.O=C(O)C1CCCCC1.OCCSc1ccccc1>>CCOC(=O)c1ncn2c1CN(C)C(=O)c1cc(C3CCCCC3)ccc1-2
plate_1,OCCSc1ccccn1,43846.32777,plate_1_694,CCOC(=O)c1ncn2c1CN(C)C(=O)c1cc(Br)ccc1-2.O=C(O)C1CCCCC1.OCCSc1ccccn1>>CCOC(=O)c1ncn2c1CN(C)C(=O)c1cc(C3CCCCC3)ccc1-2
plate_1,OCCc1ccccc1,60623.14296,plate_1_575,CCOC(=O)c1ncn2c1CN(C)C(=O)c1cc(Br)ccc1-2.O=C(O)C1CCCCC1.OCCc1ccccc1>>CCOC(=O)c1ncn2c1CN(C)C(=O)c1cc(C3CCCCC3)ccc1-2
plate_1,OCc1cccc(CO)n1,53101.22225,plate_1_483,CCOC(=O)c1ncn2c1CN(C)C(=O)c1cc(Br)ccc1-2.O=C(O)C1CCCCC1.OCc1cccc(CO)n1>>CCOC(=O)c1ncn2c1CN(C)C(=O)c1cc(C3CCCCC3)ccc1-2
plate_1,OCc1ccccc1CO,66876.25779,plate_1_541,CCOC(=O)c1ncn2c1CN(C)C(=O)c1cc(Br)ccc1-2.O=C(O)C1CCCCC1.OCc1ccccc1CO>>CCOC(=O)c1ncn2c1CN(C)C(=O)c1cc(C3CCCCC3)ccc1-2
plate_1,OCc1ccccn1,41781.58954,plate_1_686,CCOC(=O)c1ncn2c1CN(C)C(=O)c1cc(Br)ccc1-2.O=C(O)C1CCCCC1.OCc1ccccn1>>CCOC(=O)c1ncn2c1CN(C)C(=O)c1cc(C3CCCCC3)ccc1-2
plate_1,OCc1ccon1,15661.53037,plate_1_714,CCOC(=O)c1ncn2c1CN(C)C(=O)c1cc(Br)ccc1-2.O=C(O)C1CCCCC1.OCc1ccon1>>CCOC(=O)c1ncn2c1CN(C)C(=O)c1cc(C3CCCCC3)ccc1-2
plate_1,ONCc1ccccc1,3843.32386,plate_1_579,CCOC(=O)c1ncn2c1CN(C)C(=O)c1cc(Br)ccc1-2.O=C(O)C1CCCCC1.ONCc1ccccc1>>CCOC(=O)c1ncn2c1CN(C)C(=O)c1cc(C3CCCCC3)ccc1-2
plate_1,O[C@@H]1CCCC[C@H]1O,56052.7817,plate_1_65,CCOC(=O)c1ncn2c1CN(C)C(=O)c1cc(Br)ccc1-2.O=C(O)C1CCCCC1.O[C@@H]1CCCC[C@H]1O>>CCOC(=O)c1ncn2c1CN(C)C(=O)c1cc(C3CCCCC3)ccc1-2
plate_1,O[C@H]1CCC[C@@H]1O,48525.01411,plate_1_74,CCOC(=O)c1ncn2c1CN(C)C(=O)c1cc(Br)ccc1-2.O=C(O)C1CCCCC1.O[C@H]1CCC[C@@H]1O>>CCOC(=O)c1ncn2c1CN(C)C(=O)c1cc(C3CCCCC3)ccc1-2
plate_1,Oc1ccc(C(F)(F)F)cc1,35115.560755,plate_1_481,CCOC(=O)c1ncn2c1CN(C)C(=O)c1cc(Br)ccc1-2.O=C(O)C1CCCCC1.Oc1ccc(C(F)(F)F)cc1>>CCOC(=O)c1ncn2c1CN(C)C(=O)c1cc(C3CCCCC3)ccc1-2
plate_1,Oc1ccc2cccc(O)c2n1,73.33854,plate_1_514,CCOC(=O)c1ncn2c1CN(C)C(=O)c1cc(Br)ccc1-2.O=C(O)C1CCCCC1.Oc1ccc2cccc(O)c2n1>>CCOC(=O)c1ncn2c1CN(C)C(=O)c1cc(C3CCCCC3)ccc1-2
plate_1,Oc1ccc2ccccc2c1O,111.09816,plate_1_654,CCOC(=O)c1ncn2c1CN(C)C(=O)c1cc(Br)ccc1-2.O=C(O)C1CCCCC1.Oc1ccc2ccccc2c1O>>CCOC(=O)c1ncn2c1CN(C)C(=O)c1cc(C3CCCCC3)ccc1-2
plate_1,Oc1ccc2ccccc2n1,25048.44068,plate_1_657,CCOC(=O)c1ncn2c1CN(C)C(=O)c1cc(Br)ccc1-2.O=C(O)C1CCCCC1.Oc1ccc2ccccc2n1>>CCOC(=O)c1ncn2c1CN(C)C(=O)c1cc(C3CCCCC3)ccc1-2
plate_1,Oc1cccc2[nH]cnc12,1145.46706,plate_1_500,CCOC(=O)c1ncn2c1CN(C)C(=O)c1cc(Br)ccc1-2.O=C(O)C1CCCCC1.Oc1cccc2[nH]cnc12>>CCOC(=O)c1ncn2c1CN(C)C(=O)c1cc(C3CCCCC3)ccc1-2
plate_1,Oc1cccc2[nH]nnc12,98.91095,plate_1_501,CCOC(=O)c1ncn2c1CN(C)C(=O)c1cc(Br)ccc1-2.O=C(O)C1CCCCC1.Oc1cccc2[nH]nnc12>>CCOC(=O)c1ncn2c1CN(C)C(=O)c1cc(C3CCCCC3)ccc1-2
plate_1,Oc1cccc2cccnc12,3140.36783,plate_1_518,CCOC(=O)c1ncn2c1CN(C)C(=O)c1cc(Br)ccc1-2.O=C(O)C1CCCCC1.Oc1cccc2cccnc12>>CCOC(=O)c1ncn2c1CN(C)C(=O)c1cc(C3CCCCC3)ccc1-2
plate_1,Oc1cccc2cncnc12,2300.12182,plate_1_522,CCOC(=O)c1ncn2c1CN(C)C(=O)c1cc(Br)ccc1-2.O=C(O)C1CCCCC1.Oc1cccc2cncnc12>>CCOC(=O)c1ncn2c1CN(C)C(=O)c1cc(C3CCCCC3)ccc1-2
plate_1,Oc1ccccc1,53536.78206,plate_1_595,CCOC(=O)c1ncn2c1CN(C)C(=O)c1cc(Br)ccc1-2.O=C(O)C1CCCCC1.Oc1ccccc1>>CCOC(=O)c1ncn2c1CN(C)C(=O)c1cc(C3CCCCC3)ccc1-2
plate_1,Oc1ccccc1-c1cc[nH]n1,10151.6244,plate_1_549,CCOC(=O)c1ncn2c1CN(C)C(=O)c1cc(Br)ccc1-2.O=C(O)C1CCCCC1.Oc1ccccc1-c1cc[nH]n1>>CCOC(=O)c1ncn2c1CN(C)C(=O)c1cc(C3CCCCC3)ccc1-2
plate_1,Oc1ccccc1-c1ccccc1O,964.99797,plate_1_550,CCOC(=O)c1ncn2c1CN(C)C(=O)c1cc(Br)ccc1-2.O=C(O)C1CCCCC1.Oc1ccccc1-c1ccccc1O>>CCOC(=O)c1ncn2c1CN(C)C(=O)c1cc(C3CCCCC3)ccc1-2
plate_1,Oc1ccccc1-c1ccccn1,237.19725,plate_1_551,CCOC(=O)c1ncn2c1CN(C)C(=O)c1cc(Br)ccc1-2.O=C(O)C1CCCCC1.Oc1ccccc1-c1ccccn1>>CCOC(=O)c1ncn2c1CN(C)C(=O)c1cc(C3CCCCC3)ccc1-2
plate_1,Oc1ccccc1-c1nc2ccccc2o1,1163.46282,plate_1_552,CCOC(=O)c1ncn2c1CN(C)C(=O)c1cc(Br)ccc1-2.O=C(O)C1CCCCC1.Oc1ccccc1-c1nc2ccccc2o1>>CCOC(=O)c1ncn2c1CN(C)C(=O)c1cc(C3CCCCC3)ccc1-2
plate_1,Oc1ccccc1-c1nnco1,204.3685,plate_1_553,CCOC(=O)c1ncn2c1CN(C)C(=O)c1cc(Br)ccc1-2.O=C(O)C1CCCCC1.Oc1ccccc1-c1nnco1>>CCOC(=O)c1ncn2c1CN(C)C(=O)c1cc(C3CCCCC3)ccc1-2
plate_1,Oc1ccccc1-n1ccnc1,5202.475,plate_1_554,CCOC(=O)c1ncn2c1CN(C)C(=O)c1cc(Br)ccc1-2.O=C(O)C1CCCCC1.Oc1ccccc1-n1ccnc1>>CCOC(=O)c1ncn2c1CN(C)C(=O)c1cc(C3CCCCC3)ccc1-2
plate_1,Oc1ccccc1C(=S)S,12011.7787,plate_1_538,CCOC(=O)c1ncn2c1CN(C)C(=O)c1cc(Br)ccc1-2.O=C(O)C1CCCCC1.Oc1ccccc1C(=S)S>>CCOC(=O)c1ncn2c1CN(C)C(=O)c1cc(C3CCCCC3)ccc1-2
plate_1,Oc1ccccc1N1CCCC1,5833.87638,plate_1_542,CCOC(=O)c1ncn2c1CN(C)C(=O)c1cc(Br)ccc1-2.O=C(O)C1CCCCC1.Oc1ccccc1N1CCCC1>>CCOC(=O)c1ncn2c1CN(C)C(=O)c1cc(C3CCCCC3)ccc1-2
plate_1,Oc1ccccc1N1CCCCC1,14374.18758,plate_1_543,CCOC(=O)c1ncn2c1CN(C)C(=O)c1cc(Br)ccc1-2.O=C(O)C1CCCCC1.Oc1ccccc1N1CCCCC1>>CCOC(=O)c1ncn2c1CN(C)C(=O)c1cc(C3CCCCC3)ccc1-2
plate_1,Oc1ccccc1O,6882.33949,plate_1_544,CCOC(=O)c1ncn2c1CN(C)C(=O)c1cc(Br)ccc1-2.O=C(O)C1CCCCC1.Oc1ccccc1O>>CCOC(=O)c1ncn2c1CN(C)C(=O)c1cc(C3CCCCC3)ccc1-2
plate_1,Oc1ccccn1,35863.32715,plate_1_692,CCOC(=O)c1ncn2c1CN(C)C(=O)c1cc(Br)ccc1-2.O=C(O)C1CCCCC1.Oc1ccccn1>>CCOC(=O)c1ncn2c1CN(C)C(=O)c1cc(C3CCCCC3)ccc1-2
plate_1,Oc1cn(-c2ccccc2)nn1,1266.35538,plate_1_616,CCOC(=O)c1ncn2c1CN(C)C(=O)c1cc(Br)ccc1-2.O=C(O)C1CCCCC1.Oc1cn(-c2ccccc2)nn1>>CCOC(=O)c1ncn2c1CN(C)C(=O)c1cc(C3CCCCC3)ccc1-2
plate_1,Oc1nc(-c2ccccc2)cs1,2126.37828,plate_1_610,CCOC(=O)c1ncn2c1CN(C)C(=O)c1cc(Br)ccc1-2.O=C(O)C1CCCCC1.Oc1nc(-c2ccccc2)cs1>>CCOC(=O)c1ncn2c1CN(C)C(=O)c1cc(C3CCCCC3)ccc1-2
plate_1,Oc1nc2ccccc2nc1O,15146.23162,plate_1_665,CCOC(=O)c1ncn2c1CN(C)C(=O)c1cc(Br)ccc1-2.O=C(O)C1CCCCC1.Oc1nc2ccccc2nc1O>>CCOC(=O)c1ncn2c1CN(C)C(=O)c1cc(C3CCCCC3)ccc1-2
plate_1,Oc1nccc2ccccc12,58625.29481,plate_1_661,CCOC(=O)c1ncn2c1CN(C)C(=O)c1cc(Br)ccc1-2.O=C(O)C1CCCCC1.Oc1nccc2ccccc12>>CCOC(=O)c1ncn2c1CN(C)C(=O)c1cc(C3CCCCC3)ccc1-2
plate_1,S=C1NCCCN1,44057.29836,plate_1_70,CCOC(=O)c1ncn2c1CN(C)C(=O)c1cc(Br)ccc1-2.O=C(O)C1CCCCC1.S=C1NCCCN1>>CCOC(=O)c1ncn2c1CN(C)C(=O)c1cc(C3CCCCC3)ccc1-2
plate_1,S=c1[nH]nc(Cc2ccccc2)[nH]1,2582.20482,plate_1_584,CCOC(=O)c1ncn2c1CN(C)C(=O)c1cc(Br)ccc1-2.O=C(O)C1CCCCC1.S=c1[nH]nc(Cc2ccccc2)[nH]1>>CCOC(=O)c1ncn2c1CN(C)C(=O)c1cc(C3CCCCC3)ccc1-2
plate_1,Sc1ccc2ccccc2n1,4021.04769,plate_1_658,CCOC(=O)c1ncn2c1CN(C)C(=O)c1cc(Br)ccc1-2.O=C(O)C1CCCCC1.Sc1ccc2ccccc2n1>>CCOC(=O)c1ncn2c1CN(C)C(=O)c1cc(C3CCCCC3)ccc1-2
plate_1,Sc1ccccn1,872.80598,plate_1_693,CCOC(=O)c1ncn2c1CN(C)C(=O)c1cc(Br)ccc1-2.O=C(O)C1CCCCC1.Sc1ccccn1>>CCOC(=O)c1ncn2c1CN(C)C(=O)c1cc(C3CCCCC3)ccc1-2
plate_1,Sc1nc(-c2ccccc2)cs1,2965.739,plate_1_611,CCOC(=O)c1ncn2c1CN(C)C(=O)c1cc(Br)ccc1-2.O=C(O)C1CCCCC1.Sc1nc(-c2ccccc2)cs1>>CCOC(=O)c1ncn2c1CN(C)C(=O)c1cc(C3CCCCC3)ccc1-2
plate_1,Sc1ncc[nH]1,6123.72021,plate_1_698,CCOC(=O)c1ncn2c1CN(C)C(=O)c1cc(Br)ccc1-2.O=C(O)C1CCCCC1.Sc1ncc[nH]1>>CCOC(=O)c1ncn2c1CN(C)C(=O)c1cc(C3CCCCC3)ccc1-2
plate_1,Sc1ncccn1,4140.99638,plate_1_707,CCOC(=O)c1ncn2c1CN(C)C(=O)c1cc(Br)ccc1-2.O=C(O)C1CCCCC1.Sc1ncccn1>>CCOC(=O)c1ncn2c1CN(C)C(=O)c1cc(C3CCCCC3)ccc1-2
plate_1,[O-][n+]1c(-c2cscn2)[nH]c2ccccc21,3336.91118,plate_1_638,CCOC(=O)c1ncn2c1CN(C)C(=O)c1cc(Br)ccc1-2.O=C(O)C1CCCCC1.[O-][n+]1c(-c2cscn2)[nH]c2ccccc21>>CCOC(=O)c1ncn2c1CN(C)C(=O)c1cc(C3CCCCC3)ccc1-2
plate_1,[O-][n+]1cccc2cccc(O)c21,1672.53802,plate_1_515,CCOC(=O)c1ncn2c1CN(C)C(=O)c1cc(Br)ccc1-2.O=C(O)C1CCCCC1.[O-][n+]1cccc2cccc(O)c21>>CCOC(=O)c1ncn2c1CN(C)C(=O)c1cc(C3CCCCC3)ccc1-2
plate_1,[O-][n+]1ccccc1O,5221.9085,plate_1_524,CCOC(=O)c1ncn2c1CN(C)C(=O)c1cc(Br)ccc1-2.O=C(O)C1CCCCC1.[O-][n+]1ccccc1O>>CCOC(=O)c1ncn2c1CN(C)C(=O)c1cc(C3CCCCC3)ccc1-2
plate_1,c1c[nH]c(-c2cccs2)c1,14874.42237,plate_1_478,CCOC(=O)c1ncn2c1CN(C)C(=O)c1cc(Br)ccc1-2.O=C(O)C1CCCCC1.c1c[nH]c(-c2cccs2)c1>>CCOC(=O)c1ncn2c1CN(C)C(=O)c1cc(C3CCCCC3)ccc1-2
plate_1,c1c[nH]c(-c2ncc[nH]2)n1,17917.31124,plate_1_699,CCOC(=O)c1ncn2c1CN(C)C(=O)c1cc(Br)ccc1-2.O=C(O)C1CCCCC1.c1c[nH]c(-c2ncc[nH]2)n1>>CCOC(=O)c1ncn2c1CN(C)C(=O)c1cc(C3CCCCC3)ccc1-2
plate_1,c1cc2[nH]cnc2cn1,20914.6806,plate_1_708,CCOC(=O)c1ncn2c1CN(C)C(=O)c1cc(Br)ccc1-2.O=C(O)C1CCCCC1.c1cc2[nH]cnc2cn1>>CCOC(=O)c1ncn2c1CN(C)C(=O)c1cc(C3CCCCC3)ccc1-2
plate_1,c1cc2[nH]ncc2cn1,15849.53385,plate_1_709,CCOC(=O)c1ncn2c1CN(C)C(=O)c1cc(Br)ccc1-2.O=C(O)C1CCCCC1.c1cc2[nH]ncc2cn1>>CCOC(=O)c1ncn2c1CN(C)C(=O)c1cc(C3CCCCC3)ccc1-2
plate_1,c1ccc(-c2c[nH]cn2)cc1,48000.24858,plate_1_605,CCOC(=O)c1ncn2c1CN(C)C(=O)c1cc(Br)ccc1-2.O=C(O)C1CCCCC1.c1ccc(-c2c[nH]cn2)cc1>>CCOC(=O)c1ncn2c1CN(C)C(=O)c1cc(C3CCCCC3)ccc1-2
plate_1,c1ccc(-c2c[nH]nn2)cc1,13279.25278,plate_1_606,CCOC(=O)c1ncn2c1CN(C)C(=O)c1cc(Br)ccc1-2.O=C(O)C1CCCCC1.c1ccc(-c2c[nH]nn2)cc1>>CCOC(=O)c1ncn2c1CN(C)C(=O)c1cc(C3CCCCC3)ccc1-2
plate_1,c1ccc(-c2cc[nH]n2)cc1,58991.88017,plate_1_607,CCOC(=O)c1ncn2c1CN(C)C(=O)c1cc(Br)ccc1-2.O=C(O)C1CCCCC1.c1ccc(-c2cc[nH]n2)cc1>>CCOC(=O)c1ncn2c1CN(C)C(=O)c1cc(C3CCCCC3)ccc1-2
plate_1,c1ccc(-c2cnco2)cc1,35768.03014,plate_1_609,CCOC(=O)c1ncn2c1CN(C)C(=O)c1cc(Br)ccc1-2.O=C(O)C1CCCCC1.c1ccc(-c2cnco2)cc1>>CCOC(=O)c1ncn2c1CN(C)C(=O)c1cc(C3CCCCC3)ccc1-2
plate_1,c1ccc(-c2nc[nH]n2)cc1,54368.18851,plate_1_612,CCOC(=O)c1ncn2c1CN(C)C(=O)c1cc(Br)ccc1-2.O=C(O)C1CCCCC1.c1ccc(-c2nc[nH]n2)cc1>>CCOC(=O)c1ncn2c1CN(C)C(=O)c1cc(C3CCCCC3)ccc1-2
plate_1,c1ccc(-c2ncc[nH]2)cc1,52171.734775,plate_1_603,CCOC(=O)c1ncn2c1CN(C)C(=O)c1cc(Br)ccc1-2.O=C(O)C1CCCCC1.c1ccc(-c2ncc[nH]2)cc1>>CCOC(=O)c1ncn2c1CN(C)C(=O)c1cc(C3CCCCC3)ccc1-2
plate_1,c1ccc(-c2nccs2)cc1,19271.21601,plate_1_613,CCOC(=O)c1ncn2c1CN(C)C(=O)c1cc(Br)ccc1-2.O=C(O)C1CCCCC1.c1ccc(-c2nccs2)cc1>>CCOC(=O)c1ncn2c1CN(C)C(=O)c1cc(C3CCCCC3)ccc1-2
plate_1,c1ccc(-c2nnn[nH]2)cc1,11105.23466,plate_1_604,CCOC(=O)c1ncn2c1CN(C)C(=O)c1cc(Br)ccc1-2.O=C(O)C1CCCCC1.c1ccc(-c2nnn[nH]2)cc1>>CCOC(=O)c1ncn2c1CN(C)C(=O)c1cc(C3CCCCC3)ccc1-2
plate_1,c1ccc(-n2ccnc2)cc1,44717.4078,plate_1_618,CCOC(=O)c1ncn2c1CN(C)C(=O)c1cc(Br)ccc1-2.O=C(O)C1CCCCC1.c1ccc(-n2ccnc2)cc1>>CCOC(=O)c1ncn2c1CN(C)C(=O)c1cc(C3CCCCC3)ccc1-2
plate_1,c1ccc(COc2cccc3cc[nH]c23)cc1,32775.43555,plate_1_582,CCOC(=O)c1ncn2c1CN(C)C(=O)c1cc(Br)ccc1-2.O=C(O)C1CCCCC1.c1ccc(COc2cccc3cc[nH]c23)cc1>>CCOC(=O)c1ncn2c1CN(C)C(=O)c1cc(C3CCCCC3)ccc1-2
plate_1,c1ccc(CSc2nnn[nH]2)cc1,9532.9362,plate_1_583,CCOC(=O)c1ncn2c1CN(C)C(=O)c1cc(Br)ccc1-2.O=C(O)C1CCCCC1.c1ccc(CSc2nnn[nH]2)cc1>>CCOC(=O)c1ncn2c1CN(C)C(=O)c1cc(C3CCCCC3)ccc1-2
plate_1,c1ccc(Cc2nnn[nH]2)cc1,18476.74715,plate_1_585,CCOC(=O)c1ncn2c1CN(C)C(=O)c1cc(Br)ccc1-2.O=C(O)C1CCCCC1.c1ccc(Cc2nnn[nH]2)cc1>>CCOC(=O)c1ncn2c1CN(C)C(=O)c1cc(C3CCCCC3)ccc1-2
plate_1,c1ccc(Cn2cccc2)cc1,39512.25134,plate_1_586,CCOC(=O)c1ncn2c1CN(C)C(=O)c1cc(Br)ccc1-2.O=C(O)C1CCCCC1.c1ccc(Cn2cccc2)cc1>>CCOC(=O)c1ncn2c1CN(C)C(=O)c1cc(C3CCCCC3)ccc1-2
plate_1,c1ccc(Cn2ccnc2)cc1,31813.37911,plate_1_587,CCOC(=O)c1ncn2c1CN(C)C(=O)c1cc(Br)ccc1-2.O=C(O)C1CCCCC1.c1ccc(Cn2ccnc2)cc1>>CCOC(=O)c1ncn2c1CN(C)C(=O)c1cc(C3CCCCC3)ccc1-2
plate_1,c1ccc(N2CCCCC2)cc1,6207.91338,plate_1_589,CCOC(=O)c1ncn2c1CN(C)C(=O)c1cc(Br)ccc1-2.O=C(O)C1CCCCC1.c1ccc(N2CCCCC2)cc1>>CCOC(=O)c1ncn2c1CN(C)C(=O)c1cc(C3CCCCC3)ccc1-2
plate_1,c1ccc2[nH]c(-c3cscn3)nc2c1,1305.94492,plate_1_641,CCOC(=O)c1ncn2c1CN(C)C(=O)c1cc(Br)ccc1-2.O=C(O)C1CCCCC1.c1ccc2[nH]c(-c3cscn3)nc2c1>>CCOC(=O)c1ncn2c1CN(C)C(=O)c1cc(C3CCCCC3)ccc1-2
plate_1,c1ccc2[nH]ccc2c1,32108.0821,plate_1_652,CCOC(=O)c1ncn2c1CN(C)C(=O)c1cc(Br)ccc1-2.O=C(O)C1CCCCC1.c1ccc2[nH]ccc2c1>>CCOC(=O)c1ncn2c1CN(C)C(=O)c1cc(C3CCCCC3)ccc1-2
plate_1,c1ccc2[nH]cnc2c1,62625.51585,plate_1_642,CCOC(=O)c1ncn2c1CN(C)C(=O)c1cc(Br)ccc1-2.O=C(O)C1CCCCC1.c1ccc2[nH]cnc2c1>>CCOC(=O)c1ncn2c1CN(C)C(=O)c1cc(C3CCCCC3)ccc1-2
plate_1,c1ccc2[nH]nnc2c1,5244.11716,plate_1_643,CCOC(=O)c1ncn2c1CN(C)C(=O)c1cc(Br)ccc1-2.O=C(O)C1CCCCC1.c1ccc2[nH]nnc2c1>>CCOC(=O)c1ncn2c1CN(C)C(=O)c1cc(C3CCCCC3)ccc1-2
plate_1,c1ccc2c(c1)CCO2,55886.24536,plate_1_632,CCOC(=O)c1ncn2c1CN(C)C(=O)c1cc(Br)ccc1-2.O=C(O)C1CCCCC1.c1ccc2c(c1)CCO2>>CCOC(=O)c1ncn2c1CN(C)C(=O)c1cc(C3CCCCC3)ccc1-2
plate_1,c1ccc2c(c1)OCO2,52037.84133,plate_1_635,CCOC(=O)c1ncn2c1CN(C)C(=O)c1cc(Br)ccc1-2.O=C(O)C1CCCCC1.c1ccc2c(c1)OCO2>>CCOC(=O)c1ncn2c1CN(C)C(=O)c1cc(C3CCCCC3)ccc1-2
plate_1,c1ccc2occc2c1,58328.88968,plate_1_662,CCOC(=O)c1ncn2c1CN(C)C(=O)c1cc(Br)ccc1-2.O=C(O)C1CCCCC1.c1ccc2occc2c1>>CCOC(=O)c1ncn2c1CN(C)C(=O)c1cc(C3CCCCC3)ccc1-2
plate_1,c1ccc2oncc2c1,511.3314,plate_1_663,CCOC(=O)c1ncn2c1CN(C)C(=O)c1cc(Br)ccc1-2.O=C(O)C1CCCCC1.c1ccc2oncc2c1>>CCOC(=O)c1ncn2c1CN(C)C(=O)c1cc(C3CCCCC3)ccc1-2
plate_1,c1ccc2sc(-c3cc[nH]n3)nc2c1,12515.07606,plate_1_668,CCOC(=O)c1ncn2c1CN(C)C(=O)c1cc(Br)ccc1-2.O=C(O)C1CCCCC1.c1ccc2sc(-c3cc[nH]n3)nc2c1>>CCOC(=O)c1ncn2c1CN(C)C(=O)c1cc(C3CCCCC3)ccc1-2
plate_1,c1cnc2[nH]ccc2c1,49629.48192666667,plate_1_512,CCOC(=O)c1ncn2c1CN(C)C(=O)c1cc(Br)ccc1-2.O=C(O)C1CCCCC1.c1cnc2[nH]ccc2c1>>CCOC(=O)c1ncn2c1CN(C)C(=O)c1cc(C3CCCCC3)ccc1-2
plate_1,c1cnc2[nH]cnc2c1,39510.72773,plate_1_497,CCOC(=O)c1ncn2c1CN(C)C(=O)c1cc(Br)ccc1-2.O=C(O)C1CCCCC1.c1cnc2[nH]cnc2c1>>CCOC(=O)c1ncn2c1CN(C)C(=O)c1cc(C3CCCCC3)ccc1-2
plate_1,c1cnc2[nH]ncc2c1,60820.49836,plate_1_521,CCOC(=O)c1ncn2c1CN(C)C(=O)c1cc(Br)ccc1-2.O=C(O)C1CCCCC1.c1cnc2[nH]ncc2c1>>CCOC(=O)c1ncn2c1CN(C)C(=O)c1cc(C3CCCCC3)ccc1-2
plate_1,c1coc(-c2nc3ccccc3[nH]2)c1,11429.92121,plate_1_640,CCOC(=O)c1ncn2c1CN(C)C(=O)c1cc(Br)ccc1-2.O=C(O)C1CCCCC1.c1coc(-c2nc3ccccc3[nH]2)c1>>CCOC(=O)c1ncn2c1CN(C)C(=O)c1cc(C3CCCCC3)ccc1-2
plate_1,c1coc(-c2nnn[nH]2)c1,3103.98967,plate_1_488,CCOC(=O)c1ncn2c1CN(C)C(=O)c1cc(Br)ccc1-2.O=C(O)C1CCCCC1.c1coc(-c2nnn[nH]2)c1>>CCOC(=O)c1ncn2c1CN(C)C(=O)c1cc(C3CCCCC3)ccc1-2
plate_1,c1csc(-c2cc[nH]n2)c1,40422.64484,plate_1_495,CCOC(=O)c1ncn2c1CN(C)C(=O)c1cc(Br)ccc1-2.O=C(O)C1CCCCC1.c1csc(-c2cc[nH]n2)c1>>CCOC(=O)c1ncn2c1CN(C)C(=O)c1cc(C3CCCCC3)ccc1-2
plate_2,C#CC(=O)c1ccccc1,280.88274,plate_2_0,Brc1cncc(-c2ccccc2)c1.O=C(O)C1CCCCC1.C#CC(=O)c1ccccc1>>c1ccc(-c2cncc(C3CCCCC3)c2)cc1
plate_2,C#CC1(O)CCCCC1,9658.20713,plate_2_1,Brc1cncc(-c2ccccc2)c1.O=C(O)C1CCCCC1.C#CC1(O)CCCCC1>>c1ccc(-c2cncc(C3CCCCC3)c2)cc1
plate_2,C#CCCCCO,6876.127,plate_2_2,Brc1cncc(-c2ccccc2)c1.O=C(O)C1CCCCC1.C#CCCCCO>>c1ccc(-c2cncc(C3CCCCC3)c2)cc1
plate_2,C#CCCCc1ccccc1,8534.72267,plate_2_3,Brc1cncc(-c2ccccc2)c1.O=C(O)C1CCCCC1.C#CCCCc1ccccc1>>c1ccc(-c2cncc(C3CCCCC3)c2)cc1
plate_2,C#Cc1ccc(CC)cc1,6568.48706,plate_2_280,Brc1cncc(-c2ccccc2)c1.O=C(O)C1CCCCC1.C#Cc1ccc(CC)cc1>>c1ccc(-c2cncc(C3CCCCC3)c2)cc1
plate_2,C#Cc1ccc(OCCC)cc1,4483.83498,plate_2_222,Brc1cncc(-c2ccccc2)c1.O=C(O)C1CCCCC1.C#Cc1ccc(OCCC)cc1>>c1ccc(-c2cncc(C3CCCCC3)c2)cc1
plate_2,C#Cc1ncccn1,273.14517,plate_2_4,Brc1cncc(-c2ccccc2)c1.O=C(O)C1CCCCC1.C#Cc1ncccn1>>c1ccc(-c2cncc(C3CCCCC3)c2)cc1
plate_2,C(=N/Nc1ccc2ccccc2n1)\c1ccccn1,1723.15337,plate_2_656,Brc1cncc(-c2ccccc2)c1.O=C(O)C1CCCCC1.C(=N/Nc1ccc2ccccc2n1)\c1ccccn1>>c1ccc(-c2cncc(C3CCCCC3)c2)cc1
plate_2,C/C(=N\O)c1ccccc1,5261.5364,plate_2_18,Brc1cncc(-c2ccccc2)c1.O=C(O)C1CCCCC1.C/C(=N\O)c1ccccc1>>c1ccc(-c2cncc(C3CCCCC3)c2)cc1
plate_2,C/C=C/C(=O)OC,9886.88269,plate_2_19,Brc1cncc(-c2ccccc2)c1.O=C(O)C1CCCCC1.C/C=C/C(=O)OC>>c1ccc(-c2cncc(C3CCCCC3)c2)cc1
plate_2,C/C=C/C=C/C(=O)OC,6339.30291,plate_2_20,Brc1cncc(-c2ccccc2)c1.O=C(O)C1CCCCC1.C/C=C/C=C/C(=O)OC>>c1ccc(-c2cncc(C3CCCCC3)c2)cc1
plate_2,C/N=C/c1ccccc1,9598.05653,plate_2_21,Brc1cncc(-c2ccccc2)c1.O=C(O)C1CCCCC1.C/N=C/c1ccccc1>>c1ccc(-c2cncc(C3CCCCC3)c2)cc1
plate_2,C=C(C)CCCCC,8176.22867,plate_2_211,Brc1cncc(-c2ccccc2)c1.O=C(O)C1CCCCC1.C=C(C)CCCCC>>c1ccc(-c2cncc(C3CCCCC3)c2)cc1
plate_2,C=CCCC(=O)OC,7156.59577,plate_2_330,Brc1cncc(-c2ccccc2)c1.O=C(O)C1CCCCC1.C=CCCC(=O)OC>>c1ccc(-c2cncc(C3CCCCC3)c2)cc1
plate_2,C=CCCCCCC,8610.62672,plate_2_214,Brc1cncc(-c2ccccc2)c1.O=C(O)C1CCCCC1.C=CCCCCCC>>c1ccc(-c2cncc(C3CCCCC3)c2)cc1
plate_2,C=CCNC(N)=O,9256.50212,plate_2_77,Brc1cncc(-c2ccccc2)c1.O=C(O)C1CCCCC1.C=CCNC(N)=O>>c1ccc(-c2cncc(C3CCCCC3)c2)cc1
plate_2,C=CCOCc1ccccc1,6981.69539,plate_2_78,Brc1cncc(-c2ccccc2)c1.O=C(O)C1CCCCC1.C=CCOCc1ccccc1>>c1ccc(-c2cncc(C3CCCCC3)c2)cc1
plate_2,C=CCc1ccccc1,9293.34182,plate_2_79,Brc1cncc(-c2ccccc2)c1.O=C(O)C1CCCCC1.C=CCc1ccccc1>>c1ccc(-c2cncc(C3CCCCC3)c2)cc1
plate_2,C=CCc1ccccc1C(=O)O,6509.4338,plate_2_80,Brc1cncc(-c2ccccc2)c1.O=C(O)C1CCCCC1.C=CCc1ccccc1C(=O)O>>c1ccc(-c2cncc(C3CCCCC3)c2)cc1
plate_2,C=CCn1ccnc1,3673.34454,plate_2_81,Brc1cncc(-c2ccccc2)c1.O=C(O)C1CCCCC1.C=CCn1ccnc1>>c1ccc(-c2cncc(C3CCCCC3)c2)cc1
plate_2,C=C[C@H]1CN2CC[C@H]1C[C@@H]2[C@@H](O)c1ccnc2ccccc12,5389.19082,plate_2_82,Brc1cncc(-c2ccccc2)c1.O=C(O)C1CCCCC1.C=C[C@H]1CN2CC[C@H]1C[C@@H]2[C@@H](O)c1ccnc2ccccc12>>c1ccc(-c2cncc(C3CCCCC3)c2)cc1
plate_2,C=Cc1ccc2ccccc2c1,7693.48848,plate_2_83,Brc1cncc(-c2ccccc2)c1.O=C(O)C1CCCCC1.C=Cc1ccc2ccccc2c1>>c1ccc(-c2cncc(C3CCCCC3)c2)cc1
plate_2,C=Cc1ccccn1,7527.63017,plate_2_84,Brc1cncc(-c2ccccc2)c1.O=C(O)C1CCCCC1.C=Cc1ccccn1>>c1ccc(-c2cncc(C3CCCCC3)c2)cc1
plate_2,C=Cc1cnccn1,3338.75836,plate_2_85,Brc1cncc(-c2ccccc2)c1.O=C(O)C1CCCCC1.C=Cc1cnccn1>>c1ccc(-c2cncc(C3CCCCC3)c2)cc1
plate_2,CC#Cc1ccccc1,8995.64961,plate_2_86,Brc1cncc(-c2ccccc2)c1.O=C(O)C1CCCCC1.CC#Cc1ccccc1>>c1ccc(-c2cncc(C3CCCCC3)c2)cc1
plate_2,CC(=O)/C=C(/C)N1CCCC1,6920.09598,plate_2_17,Brc1cncc(-c2ccccc2)c1.O=C(O)C1CCCCC1.CC(=O)/C=C(/C)N1CCCC1>>c1ccc(-c2cncc(C3CCCCC3)c2)cc1
plate_2,CC(=O)C(=O)N1CCCCC1,5632.86622,plate_2_87,Brc1cncc(-c2ccccc2)c1.O=C(O)C1CCCCC1.CC(=O)C(=O)N1CCCCC1>>c1ccc(-c2cncc(C3CCCCC3)c2)cc1
plate_2,CC(=O)C(=O)c1ccccc1,2307.55258,plate_2_89,Brc1cncc(-c2ccccc2)c1.O=C(O)C1CCCCC1.CC(=O)C(=O)c1ccccc1>>c1ccc(-c2cncc(C3CCCCC3)c2)cc1
plate_2,CC(=O)C(C(C)=O)c1ccccc1,449.53195,plate_2_91,Brc1cncc(-c2ccccc2)c1.O=C(O)C1CCCCC1.CC(=O)C(C(C)=O)c1ccccc1>>c1ccc(-c2cncc(C3CCCCC3)c2)cc1
plate_2,CC(=O)C(C)(C)O,7185.06057,plate_2_90,Brc1cncc(-c2ccccc2)c1.O=C(O)C1CCCCC1.CC(=O)C(C)(C)O>>c1ccc(-c2cncc(C3CCCCC3)c2)cc1
plate_2,CC(=O)C1CCCC1=O,3926.24006,plate_2_92,Brc1cncc(-c2ccccc2)c1.O=C(O)C1CCCCC1.CC(=O)C1CCCC1=O>>c1ccc(-c2cncc(C3CCCCC3)c2)cc1
plate_2,CC(=O)C1CCCCC1,8173.52006,plate_2_93,Brc1cncc(-c2ccccc2)c1.O=C(O)C1CCCCC1.CC(=O)C1CCCCC1>>c1ccc(-c2cncc(C3CCCCC3)c2)cc1
plate_2,CC(=O)C1CCCCC1=O,2967.44967,plate_2_94,Brc1cncc(-c2ccccc2)c1.O=C(O)C1CCCCC1.CC(=O)C1CCCCC1=O>>c1ccc(-c2cncc(C3CCCCC3)c2)cc1
plate_2,CC(=O)C1CCN(C)C1=O,188.56987,plate_2_95,Brc1cncc(-c2ccccc2)c1.O=C(O)C1CCCCC1.CC(=O)C1CCN(C)C1=O>>c1ccc(-c2cncc(C3CCCCC3)c2)cc1
plate_2,CC(=O)CC(=O)N(C)C,3182.77396,plate_2_98,Brc1cncc(-c2ccccc2)c1.O=C(O)C1CCCCC1.CC(=O)CC(=O)N(C)C>>c1ccc(-c2cncc(C3CCCCC3)c2)cc1
plate_2,CC(=O)CC(=O)Nc1ccccc1,1173.00407,plate_2_99,Brc1cncc(-c2ccccc2)c1.O=C(O)C1CCCCC1.CC(=O)CC(=O)Nc1ccccc1>>c1ccc(-c2cncc(C3CCCCC3)c2)cc1
plate_2,CC(=O)CC(=O)c1ccccc1,1579.95763,plate_2_100,Brc1cncc(-c2ccccc2)c1.O=C(O)C1CCCCC1.CC(=O)CC(=O)c1ccccc1>>c1ccc(-c2cncc(C3CCCCC3)c2)cc1
plate_2,CC(=O)CC(C)=O,7132.90138,plate_2_96,Brc1cncc(-c2ccccc2)c1.O=C(O)C1CCCCC1.CC(=O)CC(C)=O>>c1ccc(-c2cncc(C3CCCCC3)c2)cc1
plate_2,CC(=O)CC(N)=O,3947.50435,plate_2_97,Brc1cncc(-c2ccccc2)c1.O=C(O)C1CCCCC1.CC(=O)CC(N)=O>>c1ccc(-c2cncc(C3CCCCC3)c2)cc1
plate_2,CC(=O)CCC(C)=O,7469.93708,plate_2_101,Brc1cncc(-c2ccccc2)c1.O=C(O)C1CCCCC1.CC(=O)CCC(C)=O>>c1ccc(-c2cncc(C3CCCCC3)c2)cc1
plate_2,CC(=O)CCc1nc2ccccc2[nH]1,13338.80806,plate_2_102,Brc1cncc(-c2ccccc2)c1.O=C(O)C1CCCCC1.CC(=O)CCc1nc2ccccc2[nH]1>>c1ccc(-c2cncc(C3CCCCC3)c2)cc1
plate_2,CC(=O)CN(C)C,6854.12872,plate_2_103,Brc1cncc(-c2ccccc2)c1.O=C(O)C1CCCCC1.CC(=O)CN(C)C>>c1ccc(-c2cncc(C3CCCCC3)c2)cc1
plate_2,CC(=O)CNC(C)=O,9385.24228,plate_2_104,Brc1cncc(-c2ccccc2)c1.O=C(O)C1CCCCC1.CC(=O)CNC(C)=O>>c1ccc(-c2cncc(C3CCCCC3)c2)cc1
plate_2,CC(=O)COCc1ccccc1,9803.92356,plate_2_105,Brc1cncc(-c2ccccc2)c1.O=C(O)C1CCCCC1.CC(=O)COCc1ccccc1>>c1ccc(-c2cncc(C3CCCCC3)c2)cc1
plate_2,CC(=O)CS(C)(=O)=O,2643.21046,plate_2_106,Brc1cncc(-c2ccccc2)c1.O=C(O)C1CCCCC1.CC(=O)CS(C)(=O)=O>>c1ccc(-c2cncc(C3CCCCC3)c2)cc1
plate_2,CC(=O)Cc1ccco1,2355.31173,plate_2_108,Brc1cncc(-c2ccccc2)c1.O=C(O)C1CCCCC1.CC(=O)Cc1ccco1>>c1ccc(-c2cncc(C3CCCCC3)c2)cc1
plate_2,CC(=O)NC(C)C(=O)O,1268.42624,plate_2_148,Brc1cncc(-c2ccccc2)c1.O=C(O)C1CCCCC1.CC(=O)NC(C)C(=O)O>>c1ccc(-c2cncc(C3CCCCC3)c2)cc1
plate_2,CC(=O)NC(C)C(C)=O,8149.32342,plate_2_146,Brc1cncc(-c2ccccc2)c1.O=C(O)C1CCCCC1.CC(=O)NC(C)C(C)=O>>c1ccc(-c2cncc(C3CCCCC3)c2)cc1
plate_2,CC(=O)NCCO,12047.65063,plate_2_110,Brc1cncc(-c2ccccc2)c1.O=C(O)C1CCCCC1.CC(=O)NCCO>>c1ccc(-c2cncc(C3CCCCC3)c2)cc1
plate_2,CC(=O)NCc1ccccc1,11509.35146,plate_2_111,Brc1cncc(-c2ccccc2)c1.O=C(O)C1CCCCC1.CC(=O)NCc1ccccc1>>c1ccc(-c2cncc(C3CCCCC3)c2)cc1
plate_2,CC(=O)NNc1ccccc1,5761.0654,plate_2_112,Brc1cncc(-c2ccccc2)c1.O=C(O)C1CCCCC1.CC(=O)NNc1ccccc1>>c1ccc(-c2cncc(C3CCCCC3)c2)cc1
plate_2,CC(=O)Nc1cccc(C(=O)O)n1,0.0,plate_2_113,Brc1cncc(-c2ccccc2)c1.O=C(O)C1CCCCC1.CC(=O)Nc1cccc(C(=O)O)n1>>c1ccc(-c2cncc(C3CCCCC3)c2)cc1
plate_2,CC(=O)Nc1ccccc1,10130.90482,plate_2_114,Brc1cncc(-c2ccccc2)c1.O=C(O)C1CCCCC1.CC(=O)Nc1ccccc1>>c1ccc(-c2cncc(C3CCCCC3)c2)cc1
plate_2,CC(=O)Nc1ccccc1O,4822.67084,plate_2_115,Brc1cncc(-c2ccccc2)c1.O=C(O)C1CCCCC1.CC(=O)Nc1ccccc1O>>c1ccc(-c2cncc(C3CCCCC3)c2)cc1
plate_2,CC(=O)Nc1ccccn1,7790.1395,plate_2_117,Brc1cncc(-c2ccccc2)c1.O=C(O)C1CCCCC1.CC(=O)Nc1ccccn1>>c1ccc(-c2cncc(C3CCCCC3)c2)cc1
plate_2,CC(=O)Nc1nc(C)cs1,7594.22658,plate_2_439,Brc1cncc(-c2ccccc2)c1.O=C(O)C1CCCCC1.CC(=O)Nc1nc(C)cs1>>c1ccc(-c2cncc(C3CCCCC3)c2)cc1
plate_2,CC(=O)Nc1nccs1,1681.52587,plate_2_118,Brc1cncc(-c2ccccc2)c1.O=C(O)C1CCCCC1.CC(=O)Nc1nccs1>>c1ccc(-c2cncc(C3CCCCC3)c2)cc1
plate_2,CC(=O)OCCO,10118.60668,plate_2_119,Brc1cncc(-c2ccccc2)c1.O=C(O)C1CCCCC1.CC(=O)OCCO>>c1ccc(-c2cncc(C3CCCCC3)c2)cc1
plate_2,CC(=O)OCc1ccccn1,9876.4526,plate_2_120,Brc1cncc(-c2ccccc2)c1.O=C(O)C1CCCCC1.CC(=O)OCc1ccccn1>>c1ccc(-c2cncc(C3CCCCC3)c2)cc1
plate_2,CC(=O)Oc1ccccc1,7821.51075,plate_2_121,Brc1cncc(-c2ccccc2)c1.O=C(O)C1CCCCC1.CC(=O)Oc1ccccc1>>c1ccc(-c2cncc(C3CCCCC3)c2)cc1
plate_2,CC(=O)Oc1ccccc1C(=O)O,9742.14563,plate_2_122,Brc1cncc(-c2ccccc2)c1.O=C(O)C1CCCCC1.CC(=O)Oc1ccccc1C(=O)O>>c1ccc(-c2cncc(C3CCCCC3)c2)cc1
plate_2,CC(=O)c1[nH]c(=O)[nH]c1C,2899.08314,plate_2_420,Brc1cncc(-c2ccccc2)c1.O=C(O)C1CCCCC1.CC(=O)c1[nH]c(=O)[nH]c1C>>c1ccc(-c2cncc(C3CCCCC3)c2)cc1
plate_2,CC(=O)c1cc2ccccc2[nH]1,1926.86538,plate_2_125,Brc1cncc(-c2ccccc2)c1.O=C(O)C1CCCCC1.CC(=O)c1cc2ccccc2[nH]1>>c1ccc(-c2cncc(C3CCCCC3)c2)cc1
plate_2,CC(=O)c1cc2ccccc2o1,8559.51988,plate_2_126,Brc1cncc(-c2ccccc2)c1.O=C(O)C1CCCCC1.CC(=O)c1cc2ccccc2o1>>c1ccc(-c2cncc(C3CCCCC3)c2)cc1
plate_2,CC(=O)c1ccc(C(C)=O)s1,163.00416,plate_2_129,Brc1cncc(-c2ccccc2)c1.O=C(O)C1CCCCC1.CC(=O)c1ccc(C(C)=O)s1>>c1ccc(-c2cncc(C3CCCCC3)c2)cc1
plate_2,CC(=O)c1ccc(C)o1,5952.76286,plate_2_432,Brc1cncc(-c2ccccc2)c1.O=C(O)C1CCCCC1.CC(=O)c1ccc(C)o1>>c1ccc(-c2cncc(C3CCCCC3)c2)cc1
plate_2,CC(=O)c1ccc(F)nc1,10092.18212,plate_2_128,Brc1cncc(-c2ccccc2)c1.O=C(O)C1CCCCC1.CC(=O)c1ccc(F)nc1>>c1ccc(-c2cncc(C3CCCCC3)c2)cc1
plate_2,CC(=O)c1ccc2ccccc2c1O,2920.01512,plate_2_130,Brc1cncc(-c2ccccc2)c1.O=C(O)C1CCCCC1.CC(=O)c1ccc2ccccc2c1O>>c1ccc(-c2cncc(C3CCCCC3)c2)cc1
plate_2,CC(=O)c1ccc2ccccc2n1,3484.24234,plate_2_131,Brc1cncc(-c2ccccc2)c1.O=C(O)C1CCCCC1.CC(=O)c1ccc2ccccc2n1>>c1ccc(-c2cncc(C3CCCCC3)c2)cc1
plate_2,CC(=O)c1ccc[nH]1,5000.3917,plate_2_132,Brc1cncc(-c2ccccc2)c1.O=C(O)C1CCCCC1.CC(=O)c1ccc[nH]1>>c1ccc(-c2cncc(C3CCCCC3)c2)cc1
plate_2,CC(=O)c1cccc(C(C)=O)n1,5951.11329,plate_2_133,Brc1cncc(-c2ccccc2)c1.O=C(O)C1CCCCC1.CC(=O)c1cccc(C(C)=O)n1>>c1ccc(-c2cncc(C3CCCCC3)c2)cc1
plate_2,CC(=O)c1ccccc1,9864.33947,plate_2_134,Brc1cncc(-c2ccccc2)c1.O=C(O)C1CCCCC1.CC(=O)c1ccccc1>>c1ccc(-c2cncc(C3CCCCC3)c2)cc1
plate_2,CC(=O)c1ccccc1-n1cccn1,8637.58931,plate_2_138,Brc1cncc(-c2ccccc2)c1.O=C(O)C1CCCCC1.CC(=O)c1ccccc1-n1cccn1>>c1ccc(-c2cncc(C3CCCCC3)c2)cc1
plate_2,CC(=O)c1ccccc1C(=O)O,2671.628275,plate_2_135,Brc1cncc(-c2ccccc2)c1.O=C(O)C1CCCCC1.CC(=O)c1ccccc1C(=O)O>>c1ccc(-c2cncc(C3CCCCC3)c2)cc1
plate_2,CC(=O)c1ccccc1O,2351.21112,plate_2_136,Brc1cncc(-c2ccccc2)c1.O=C(O)C1CCCCC1.CC(=O)c1ccccc1O>>c1ccc(-c2cncc(C3CCCCC3)c2)cc1
plate_2,CC(=O)c1ccccc1[N+](=O)[O-],222.03277,plate_2_137,Brc1cncc(-c2ccccc2)c1.O=C(O)C1CCCCC1.CC(=O)c1ccccc1[N+](=O)[O-]>>c1ccc(-c2cncc(C3CCCCC3)c2)cc1
plate_2,CC(=O)c1ccccn1,7571.15623,plate_2_139,Brc1cncc(-c2ccccc2)c1.O=C(O)C1CCCCC1.CC(=O)c1ccccn1>>c1ccc(-c2cncc(C3CCCCC3)c2)cc1
plate_2,CC(=O)c1cccn1C,11973.47407,plate_2_140,Brc1cncc(-c2ccccc2)c1.O=C(O)C1CCCCC1.CC(=O)c1cccn1C>>c1ccc(-c2cncc(C3CCCCC3)c2)cc1
plate_2,CC(=O)c1ccco1,5223.25371,plate_2_141,Brc1cncc(-c2ccccc2)c1.O=C(O)C1CCCCC1.CC(=O)c1ccco1>>c1ccc(-c2cncc(C3CCCCC3)c2)cc1
plate_2,CC(=O)c1cccs1,8663.70708,plate_2_142,Brc1cncc(-c2ccccc2)c1.O=C(O)C1CCCCC1.CC(=O)c1cccs1>>c1ccc(-c2cncc(C3CCCCC3)c2)cc1
plate_2,CC(=O)c1cnc(-c2ccccc2)s1,7672.45968,plate_2_143,Brc1cncc(-c2ccccc2)c1.O=C(O)C1CCCCC1.CC(=O)c1cnc(-c2ccccc2)s1>>c1ccc(-c2cncc(C3CCCCC3)c2)cc1
plate_2,CC(=O)c1cncs1,8284.68173,plate_2_144,Brc1cncc(-c2ccccc2)c1.O=C(O)C1CCCCC1.CC(=O)c1cncs1>>c1ccc(-c2cncc(C3CCCCC3)c2)cc1
plate_2,CC(=O)c1cocn1,6164.1816,plate_2_145,Brc1cncc(-c2ccccc2)c1.O=C(O)C1CCCCC1.CC(=O)c1cocn1>>c1ccc(-c2cncc(C3CCCCC3)c2)cc1
plate_2,CC(=O)c1nc(-c2ccccc2)c[nH]1,2416.41789,plate_2_123,Brc1cncc(-c2ccccc2)c1.O=C(O)C1CCCCC1.CC(=O)c1nc(-c2ccccc2)c[nH]1>>c1ccc(-c2cncc(C3CCCCC3)c2)cc1
plate_2,CC(=O)c1ncc[nH]1,5750.8208,plate_2_124,Brc1cncc(-c2ccccc2)c1.O=C(O)C1CCCCC1.CC(=O)c1ncc[nH]1>>c1ccc(-c2cncc(C3CCCCC3)c2)cc1
plate_2,CC(=O)c1noc(C)n1,11333.49862,plate_2_443,Brc1cncc(-c2ccccc2)c1.O=C(O)C1CCCCC1.CC(=O)c1noc(C)n1>>c1ccc(-c2cncc(C3CCCCC3)c2)cc1
plate_2,CC(C)(C)C(=O)CC(=O)C(C)(C)C,5276.04868,plate_2_153,Brc1cncc(-c2ccccc2)c1.O=C(O)C1CCCCC1.CC(C)(C)C(=O)CC(=O)C(C)(C)C>>c1ccc(-c2cncc(C3CCCCC3)c2)cc1
plate_2,CC(C)(C)C(=O)Nc1ncccc1O,176.65446,plate_2_154,Brc1cncc(-c2ccccc2)c1.O=C(O)C1CCCCC1.CC(C)(C)C(=O)Nc1ncccc1O>>c1ccc(-c2cncc(C3CCCCC3)c2)cc1
plate_2,CC(C)(C)OC(=O)NC1CCCc2cn[nH]c21,7446.5949,plate_2_155,Brc1cncc(-c2ccccc2)c1.O=C(O)C1CCCCC1.CC(C)(C)OC(=O)NC1CCCc2cn[nH]c21>>c1ccc(-c2cncc(C3CCCCC3)c2)cc1
plate_2,CC(C)(C)OC(=O)NCc1ncc[nH]1,5375.68616,plate_2_156,Brc1cncc(-c2ccccc2)c1.O=C(O)C1CCCCC1.CC(C)(C)OC(=O)NCc1ncc[nH]1>>c1ccc(-c2cncc(C3CCCCC3)c2)cc1
plate_2,CC(C)(C)[S@](=O)/N=C/c1cnc[nH]1,1424.18717,plate_2_157,Brc1cncc(-c2ccccc2)c1.O=C(O)C1CCCCC1.CC(C)(C)[S@](=O)/N=C/c1cnc[nH]1>>c1ccc(-c2cncc(C3CCCCC3)c2)cc1
plate_2,CC(C)(CO)C(=O)O,4546.57596,plate_2_160,Brc1cncc(-c2ccccc2)c1.O=C(O)C1CCCCC1.CC(C)(CO)C(=O)O>>c1ccc(-c2cncc(C3CCCCC3)c2)cc1
plate_2,CC(C)(CO)CO,11473.04374,plate_2_161,Brc1cncc(-c2ccccc2)c1.O=C(O)C1CCCCC1.CC(C)(CO)CO>>c1ccc(-c2cncc(C3CCCCC3)c2)cc1
plate_2,CC(C)(F)C(=O)O,4547.24804,plate_2_150,Brc1cncc(-c2ccccc2)c1.O=C(O)C1CCCCC1.CC(C)(F)C(=O)O>>c1ccc(-c2cncc(C3CCCCC3)c2)cc1
plate_2,CC(C)(O)C(=O)c1ccccc1,8896.42931,plate_2_151,Brc1cncc(-c2ccccc2)c1.O=C(O)C1CCCCC1.CC(C)(O)C(=O)c1ccccc1>>c1ccc(-c2cncc(C3CCCCC3)c2)cc1
plate_2,CC(C)(O)C(N)=O,7919.65399,plate_2_149,Brc1cncc(-c2ccccc2)c1.O=C(O)C1CCCCC1.CC(C)(O)C(N)=O>>c1ccc(-c2cncc(C3CCCCC3)c2)cc1
plate_2,CC(C)(O)CCO,7153.22011,plate_2_158,Brc1cncc(-c2ccccc2)c1.O=C(O)C1CCCCC1.CC(C)(O)CCO>>c1ccc(-c2cncc(C3CCCCC3)c2)cc1
plate_2,CC(C)(O)Cc1ccccc1,9469.84471,plate_2_164,Brc1cncc(-c2ccccc2)c1.O=C(O)C1CCCCC1.CC(C)(O)Cc1ccccc1>>c1ccc(-c2cncc(C3CCCCC3)c2)cc1
plate_2,CC(C)(O)c1ccccc1,6489.33582,plate_2_165,Brc1cncc(-c2ccccc2)c1.O=C(O)C1CCCCC1.CC(C)(O)c1ccccc1>>c1ccc(-c2cncc(C3CCCCC3)c2)cc1
plate_2,CC(C)(O)c1ccccc1O,9584.76715,plate_2_166,Brc1cncc(-c2ccccc2)c1.O=C(O)C1CCCCC1.CC(C)(O)c1ccccc1O>>c1ccc(-c2cncc(C3CCCCC3)c2)cc1
plate_2,CC(C)C(=O)CC(=O)C(C)C,10562.35504,plate_2_167,Brc1cncc(-c2ccccc2)c1.O=C(O)C1CCCCC1.CC(C)C(=O)CC(=O)C(C)C>>c1ccc(-c2cncc(C3CCCCC3)c2)cc1
plate_2,CC(C)NC(=S)NC(C)C,7749.66333,plate_2_168,Brc1cncc(-c2ccccc2)c1.O=C(O)C1CCCCC1.CC(C)NC(=S)NC(C)C>>c1ccc(-c2cncc(C3CCCCC3)c2)cc1
plate_2,CC(O)(c1cccnc1)C(C)(O)c1cccnc1,7590.88244,plate_2_176,Brc1cncc(-c2ccccc2)c1.O=C(O)C1CCCCC1.CC(O)(c1cccnc1)C(C)(O)c1cccnc1>>c1ccc(-c2cncc(C3CCCCC3)c2)cc1
plate_2,CC(O)CCCO,8037.39841,plate_2_169,Brc1cncc(-c2ccccc2)c1.O=C(O)C1CCCCC1.CC(O)CCCO>>c1ccc(-c2cncc(C3CCCCC3)c2)cc1
plate_2,CC(O)CN(C)C,8214.66811,plate_2_170,Brc1cncc(-c2ccccc2)c1.O=C(O)C1CCCCC1.CC(O)CN(C)C>>c1ccc(-c2cncc(C3CCCCC3)c2)cc1
plate_2,CC(O)COc1ccccc1,7645.32168,plate_2_171,Brc1cncc(-c2ccccc2)c1.O=C(O)C1CCCCC1.CC(O)COc1ccccc1>>c1ccc(-c2cncc(C3CCCCC3)c2)cc1
plate_2,CC(O)Cc1ccccc1,8664.42193,plate_2_172,Brc1cncc(-c2ccccc2)c1.O=C(O)C1CCCCC1.CC(O)Cc1ccccc1>>c1ccc(-c2cncc(C3CCCCC3)c2)cc1
plate_2,CC(O)c1ccccc1,11458.04256,plate_2_174,Brc1cncc(-c2ccccc2)c1.O=C(O)C1CCCCC1.CC(O)c1ccccc1>>c1ccc(-c2cncc(C3CCCCC3)c2)cc1
plate_2,CC(O)c1ccccn1,6573.97764,plate_2_175,Brc1cncc(-c2ccccc2)c1.O=C(O)C1CCCCC1.CC(O)c1ccccn1>>c1ccc(-c2cncc(C3CCCCC3)c2)cc1
plate_2,CC(O)c1ccco1,5755.90496,plate_2_177,Brc1cncc(-c2ccccc2)c1.O=C(O)C1CCCCC1.CC(O)c1ccco1>>c1ccc(-c2cncc(C3CCCCC3)c2)cc1
plate_2,CC(O)c1nc2ccccc2[nH]1,6898.29596,plate_2_173,Brc1cncc(-c2ccccc2)c1.O=C(O)C1CCCCC1.CC(O)c1nc2ccccc2[nH]1>>c1ccc(-c2cncc(C3CCCCC3)c2)cc1
plate_2,CC(O)c1nc2ccccc2s1,7738.75632,plate_2_178,Brc1cncc(-c2ccccc2)c1.O=C(O)C1CCCCC1.CC(O)c1nc2ccccc2s1>>c1ccc(-c2cncc(C3CCCCC3)c2)cc1
plate_2,CC/N=C/c1ccccc1,6961.42218,plate_2_179,Brc1cncc(-c2ccccc2)c1.O=C(O)C1CCCCC1.CC/N=C/c1ccccc1>>c1ccc(-c2cncc(C3CCCCC3)c2)cc1
plate_2,CC1(C)C(=O)Nc2ccccc21,13753.98591,plate_2_187,Brc1cncc(-c2ccccc2)c1.O=C(O)C1CCCCC1.CC1(C)C(=O)Nc2ccccc21>>c1ccc(-c2cncc(C3CCCCC3)c2)cc1
plate_2,CC1(C)CCCC(C)(C)C1=O,8065.35895,plate_2_182,Brc1cncc(-c2ccccc2)c1.O=C(O)C1CCCCC1.CC1(C)CCCC(C)(C)C1=O>>c1ccc(-c2cncc(C3CCCCC3)c2)cc1
plate_2,CC1(C)COC(=O)N1,10082.2387,plate_2_184,Brc1cncc(-c2ccccc2)c1.O=C(O)C1CCCCC1.CC1(C)COC(=O)N1>>c1ccc(-c2cncc(C3CCCCC3)c2)cc1
plate_2,CC1(C)NC(=O)NC1=O,21525.36061,plate_2_180,Brc1cncc(-c2ccccc2)c1.O=C(O)C1CCCCC1.CC1(C)NC(=O)NC1=O>>c1ccc(-c2cncc(C3CCCCC3)c2)cc1
plate_2,CC1(C)O[C@@H](C(=O)O)[C@H](C(=O)O)O1,2597.524,plate_2_186,Brc1cncc(-c2ccccc2)c1.O=C(O)C1CCCCC1.CC1(C)O[C@@H](C(=O)O)[C@H](C(=O)O)O1>>c1ccc(-c2cncc(C3CCCCC3)c2)cc1
plate_2,CC1(C)O[C@H](CO)[C@@H](CO)O1,13177.77111,plate_2_185,Brc1cncc(-c2ccccc2)c1.O=C(O)C1CCCCC1.CC1(C)O[C@H](CO)[C@@H](CO)O1>>c1ccc(-c2cncc(C3CCCCC3)c2)cc1
plate_2,CC1(C)Oc2ccccc2NC1=O,8670.42452,plate_2_181,Brc1cncc(-c2ccccc2)c1.O=C(O)C1CCCCC1.CC1(C)Oc2ccccc2NC1=O>>c1ccc(-c2cncc(C3CCCCC3)c2)cc1
plate_2,CC1(O)CCCCC1,9536.00698,plate_2_183,Brc1cncc(-c2ccccc2)c1.O=C(O)C1CCCCC1.CC1(O)CCCCC1>>c1ccc(-c2cncc(C3CCCCC3)c2)cc1
plate_2,CC1=CC(=O)CCC1,7615.72432,plate_2_188,Brc1cncc(-c2ccccc2)c1.O=C(O)C1CCCCC1.CC1=CC(=O)CCC1>>c1ccc(-c2cncc(C3CCCCC3)c2)cc1
plate_2,CC1C=NNC1=O,2424.35036,plate_2_190,Brc1cncc(-c2ccccc2)c1.O=C(O)C1CCCCC1.CC1C=NNC1=O>>c1ccc(-c2cncc(C3CCCCC3)c2)cc1
plate_2,CC1CC(=O)OC(=O)C1,2706.8892,plate_2_192,Brc1cncc(-c2ccccc2)c1.O=C(O)C1CCCCC1.CC1CC(=O)OC(=O)C1>>c1ccc(-c2cncc(C3CCCCC3)c2)cc1
plate_2,CC1CC(O)=CC(=O)O1,5071.12158,plate_2_191,Brc1cncc(-c2ccccc2)c1.O=C(O)C1CCCCC1.CC1CC(O)=CC(=O)O1>>c1ccc(-c2cncc(C3CCCCC3)c2)cc1
plate_2,CC1CCC(=O)N1,4183.69007,plate_2_193,Brc1cncc(-c2ccccc2)c1.O=C(O)C1CCCCC1.CC1CCC(=O)N1>>c1ccc(-c2cncc(C3CCCCC3)c2)cc1
plate_2,CC1CCC(=O)O1,6925.3037,plate_2_194,Brc1cncc(-c2ccccc2)c1.O=C(O)C1CCCCC1.CC1CCC(=O)O1>>c1ccc(-c2cncc(C3CCCCC3)c2)cc1
plate_2,CC1CCOC1=O,6297.53779,plate_2_195,Brc1cncc(-c2ccccc2)c1.O=C(O)C1CCCCC1.CC1CCOC1=O>>c1ccc(-c2cncc(C3CCCCC3)c2)cc1
plate_2,CC1NC(=O)C(=O)OC1C,468.35752,plate_2_189,Brc1cncc(-c2ccccc2)c1.O=C(O)C1CCCCC1.CC1NC(=O)C(=O)OC1C>>c1ccc(-c2cncc(C3CCCCC3)c2)cc1
plate_2,CCC(=O)N(C)C,7445.84341,plate_2_197,Brc1cncc(-c2ccccc2)c1.O=C(O)C1CCCCC1.CCC(=O)N(C)C>>c1ccc(-c2cncc(C3CCCCC3)c2)cc1
plate_2,CCC(=O)OC(C)(C)C,4944.56774,plate_2_199,Brc1cncc(-c2ccccc2)c1.O=C(O)C1CCCCC1.CCC(=O)OC(C)(C)C>>c1ccc(-c2cncc(C3CCCCC3)c2)cc1
plate_2,CCC(=O)c1ccc[nH]1,3805.13098,plate_2_200,Brc1cncc(-c2ccccc2)c1.O=C(O)C1CCCCC1.CCC(=O)c1ccc[nH]1>>c1ccc(-c2cncc(C3CCCCC3)c2)cc1
plate_2,CCC(O)c1ccco1,8469.09738,plate_2_201,Brc1cncc(-c2ccccc2)c1.O=C(O)C1CCCCC1.CCC(O)c1ccco1>>c1ccc(-c2cncc(C3CCCCC3)c2)cc1
plate_2,CCC/C(=N\O)C(C)=O,3799.29056,plate_2_202,Brc1cncc(-c2ccccc2)c1.O=C(O)C1CCCCC1.CCC/C(=N\O)C(C)=O>>c1ccc(-c2cncc(C3CCCCC3)c2)cc1
plate_2,CCCC#CCCC,7794.2366,plate_2_203,Brc1cncc(-c2ccccc2)c1.O=C(O)C1CCCCC1.CCCC#CCCC>>c1ccc(-c2cncc(C3CCCCC3)c2)cc1
plate_2,CCCC(=O)OCC,8464.84578,plate_2_204,Brc1cncc(-c2ccccc2)c1.O=C(O)C1CCCCC1.CCCC(=O)OCC>>c1ccc(-c2cncc(C3CCCCC3)c2)cc1
plate_2,CCCC(C)(C)O,7244.03474,plate_2_205,Brc1cncc(-c2ccccc2)c1.O=C(O)C1CCCCC1.CCCC(C)(C)O>>c1ccc(-c2cncc(C3CCCCC3)c2)cc1
plate_2,CCCC(O)CO,8252.9941,plate_2_206,Brc1cncc(-c2ccccc2)c1.O=C(O)C1CCCCC1.CCCC(O)CO>>c1ccc(-c2cncc(C3CCCCC3)c2)cc1
plate_2,CCCCC(=O)NC,9537.39966,plate_2_208,Brc1cncc(-c2ccccc2)c1.O=C(O)C1CCCCC1.CCCCC(=O)NC>>c1ccc(-c2cncc(C3CCCCC3)c2)cc1
plate_2,CCCCC(=O)c1ccccc1,8907.93289,plate_2_209,Brc1cncc(-c2ccccc2)c1.O=C(O)C1CCCCC1.CCCCC(=O)c1ccccc1>>c1ccc(-c2cncc(C3CCCCC3)c2)cc1
plate_2,CCCCC(N)=O,8633.96176,plate_2_207,Brc1cncc(-c2ccccc2)c1.O=C(O)C1CCCCC1.CCCCC(N)=O>>c1ccc(-c2cncc(C3CCCCC3)c2)cc1
plate_2,CCCCCC#N,6769.09836,plate_2_210,Brc1cncc(-c2ccccc2)c1.O=C(O)C1CCCCC1.CCCCCC#N>>c1ccc(-c2cncc(C3CCCCC3)c2)cc1
plate_2,CCCCCC(C)=O,8580.74294,plate_2_212,Brc1cncc(-c2ccccc2)c1.O=C(O)C1CCCCC1.CCCCCC(C)=O>>c1ccc(-c2cncc(C3CCCCC3)c2)cc1
plate_2,CCCCCCC(C)=O,6318.81221,plate_2_213,Brc1cncc(-c2ccccc2)c1.O=C(O)C1CCCCC1.CCCCCCC(C)=O>>c1ccc(-c2cncc(C3CCCCC3)c2)cc1
plate_2,CCCCNC(C)=O,9328.5039,plate_2_215,Brc1cncc(-c2ccccc2)c1.O=C(O)C1CCCCC1.CCCCNC(C)=O>>c1ccc(-c2cncc(C3CCCCC3)c2)cc1
plate_2,CCCCNC=O,10224.3172,plate_2_216,Brc1cncc(-c2ccccc2)c1.O=C(O)C1CCCCC1.CCCCNC=O>>c1ccc(-c2cncc(C3CCCCC3)c2)cc1
plate_2,CCCCOC(N)=O,9652.70296,plate_2_217,Brc1cncc(-c2ccccc2)c1.O=C(O)C1CCCCC1.CCCCOC(N)=O>>c1ccc(-c2cncc(C3CCCCC3)c2)cc1
plate_2,CCCCc1ccsc1,8089.01693,plate_2_218,Brc1cncc(-c2ccccc2)c1.O=C(O)C1CCCCC1.CCCCc1ccsc1>>c1ccc(-c2cncc(C3CCCCC3)c2)cc1
plate_2,CCCCn1ccnc1,2944.41255,plate_2_219,Brc1cncc(-c2ccccc2)c1.O=C(O)C1CCCCC1.CCCCn1ccnc1>>c1ccc(-c2cncc(C3CCCCC3)c2)cc1
plate_2,CCCNC(N)=O,8734.57706,plate_2_220,Brc1cncc(-c2ccccc2)c1.O=C(O)C1CCCCC1.CCCNC(N)=O>>c1ccc(-c2cncc(C3CCCCC3)c2)cc1
plate_2,CCCNS(C)(=O)=O,10739.12582,plate_2_221,Brc1cncc(-c2ccccc2)c1.O=C(O)C1CCCCC1.CCCNS(C)(=O)=O>>c1ccc(-c2cncc(C3CCCCC3)c2)cc1
plate_2,CCCc1ncc[nH]1,6303.68973,plate_2_223,Brc1cncc(-c2ccccc2)c1.O=C(O)C1CCCCC1.CCCc1ncc[nH]1>>c1ccc(-c2cncc(C3CCCCC3)c2)cc1
plate_2,CCN(C(C)C)C(C)C,6586.7575,plate_2_224,Brc1cncc(-c2ccccc2)c1.O=C(O)C1CCCCC1.CCN(C(C)C)C(C)C>>c1ccc(-c2cncc(C3CCCCC3)c2)cc1
plate_2,CCN(CC)C(=O)CO,10516.34079,plate_2_225,Brc1cncc(-c2ccccc2)c1.O=C(O)C1CCCCC1.CCN(CC)C(=O)CO>>c1ccc(-c2cncc(C3CCCCC3)c2)cc1
plate_2,CCN(CC)C(N)=O,9264.001,plate_2_226,Brc1cncc(-c2ccccc2)c1.O=C(O)C1CCCCC1.CCN(CC)C(N)=O>>c1ccc(-c2cncc(C3CCCCC3)c2)cc1
plate_2,CCN(CC)CCCO,2373.89606,plate_2_227,Brc1cncc(-c2ccccc2)c1.O=C(O)C1CCCCC1.CCN(CC)CCCO>>c1ccc(-c2cncc(C3CCCCC3)c2)cc1
plate_2,CCN(CC)c1ccccc1,7532.46322,plate_2_228,Brc1cncc(-c2ccccc2)c1.O=C(O)C1CCCCC1.CCN(CC)c1ccccc1>>c1ccc(-c2cncc(C3CCCCC3)c2)cc1
plate_2,CCN1CCCC1=O,7137.23554,plate_2_229,Brc1cncc(-c2ccccc2)c1.O=C(O)C1CCCCC1.CCN1CCCC1=O>>c1ccc(-c2cncc(C3CCCCC3)c2)cc1
plate_2,CCN1CCNC(=O)C1=O,10165.15545,plate_2_230,Brc1cncc(-c2ccccc2)c1.O=C(O)C1CCCCC1.CCN1CCNC(=O)C1=O>>c1ccc(-c2cncc(C3CCCCC3)c2)cc1
plate_2,CCNC(=O)C(=O)NCC,9148.71184,plate_2_231,Brc1cncc(-c2ccccc2)c1.O=C(O)C1CCCCC1.CCNC(=O)C(=O)NCC>>c1ccc(-c2cncc(C3CCCCC3)c2)cc1
plate_2,CCNC(=O)OC,8161.41467,plate_2_232,Brc1cncc(-c2ccccc2)c1.O=C(O)C1CCCCC1.CCNC(=O)OC>>c1ccc(-c2cncc(C3CCCCC3)c2)cc1
plate_2,CCNC(=O)OCC,9085.75409,plate_2_233,Brc1cncc(-c2ccccc2)c1.O=C(O)C1CCCCC1.CCNC(=O)OCC>>c1ccc(-c2cncc(C3CCCCC3)c2)cc1
plate_2,CCOC(=N)C(=O)OCC,3579.62162,plate_2_234,Brc1cncc(-c2ccccc2)c1.O=C(O)C1CCCCC1.CCOC(=N)C(=O)OCC>>c1ccc(-c2cncc(C3CCCCC3)c2)cc1
plate_2,CCOC(=N)CCOC,8911.77951,plate_2_235,Brc1cncc(-c2ccccc2)c1.O=C(O)C1CCCCC1.CCOC(=N)CCOC>>c1ccc(-c2cncc(C3CCCCC3)c2)cc1
plate_2,CCOC(=O)/C(N)=N\O,1904.55232,plate_2_236,Brc1cncc(-c2ccccc2)c1.O=C(O)C1CCCCC1.CCOC(=O)/C(N)=N\O>>c1ccc(-c2cncc(C3CCCCC3)c2)cc1
plate_2,CCOC(=O)C(=O)C1CCCCC1,6978.40312,plate_2_238,Brc1cncc(-c2ccccc2)c1.O=C(O)C1CCCCC1.CCOC(=O)C(=O)C1CCCCC1>>c1ccc(-c2cncc(C3CCCCC3)c2)cc1
plate_2,CCOC(=O)C(=O)N(C)C,5544.23629,plate_2_240,Brc1cncc(-c2ccccc2)c1.O=C(O)C1CCCCC1.CCOC(=O)C(=O)N(C)C>>c1ccc(-c2cncc(C3CCCCC3)c2)cc1
plate_2,CCOC(=O)C(=O)Nc1ccccc1,9229.6056,plate_2_241,Brc1cncc(-c2ccccc2)c1.O=C(O)C1CCCCC1.CCOC(=O)C(=O)Nc1ccccc1>>c1ccc(-c2cncc(C3CCCCC3)c2)cc1
plate_2,CCOC(=O)C(=O)O,3123.11912,plate_2_242,Brc1cncc(-c2ccccc2)c1.O=C(O)C1CCCCC1.CCOC(=O)C(=O)O>>c1ccc(-c2cncc(C3CCCCC3)c2)cc1
plate_2,CCOC(=O)C(=O)OCC,7898.29186,plate_2_243,Brc1cncc(-c2ccccc2)c1.O=C(O)C1CCCCC1.CCOC(=O)C(=O)OCC>>c1ccc(-c2cncc(C3CCCCC3)c2)cc1
plate_2,CCOC(=O)C(C)=O,7075.02644,plate_2_237,Brc1cncc(-c2ccccc2)c1.O=C(O)C1CCCCC1.CCOC(=O)C(C)=O>>c1ccc(-c2cncc(C3CCCCC3)c2)cc1
plate_2,CCOC(=O)C(N)=O,6693.44056,plate_2_239,Brc1cncc(-c2ccccc2)c1.O=C(O)C1CCCCC1.CCOC(=O)C(N)=O>>c1ccc(-c2cncc(C3CCCCC3)c2)cc1
plate_2,CCOC(=O)C1CCCCC1=O,7905.45992,plate_2_244,Brc1cncc(-c2ccccc2)c1.O=C(O)C1CCCCC1.CCOC(=O)C1CCCCC1=O>>c1ccc(-c2cncc(C3CCCCC3)c2)cc1
plate_2,CCOC(=O)C1CCNC1=O,6823.75707,plate_2_245,Brc1cncc(-c2ccccc2)c1.O=C(O)C1CCCCC1.CCOC(=O)C1CCNC1=O>>c1ccc(-c2cncc(C3CCCCC3)c2)cc1
plate_2,CCOC(=O)CC#N,585.98407,plate_2_246,Brc1cncc(-c2ccccc2)c1.O=C(O)C1CCCCC1.CCOC(=O)CC#N>>c1ccc(-c2cncc(C3CCCCC3)c2)cc1
plate_2,CCOC(=O)CC(=O)OCC,8784.33927,plate_2_247,Brc1cncc(-c2ccccc2)c1.O=C(O)C1CCCCC1.CCOC(=O)CC(=O)OCC>>c1ccc(-c2cncc(C3CCCCC3)c2)cc1
plate_2,CCOC(=O)CC(=O)c1ccccn1,536.50519,plate_2_248,Brc1cncc(-c2ccccc2)c1.O=C(O)C1CCCCC1.CCOC(=O)CC(=O)c1ccccn1>>c1ccc(-c2cncc(C3CCCCC3)c2)cc1
plate_2,CCOC(=O)CCCC(=O)CC,8419.35997,plate_2_196,Brc1cncc(-c2ccccc2)c1.O=C(O)C1CCCCC1.CCOC(=O)CCCC(=O)CC>>c1ccc(-c2cncc(C3CCCCC3)c2)cc1
plate_2,CCOC(=O)CN(C)C,7044.66711,plate_2_249,Brc1cncc(-c2ccccc2)c1.O=C(O)C1CCCCC1.CCOC(=O)CN(C)C>>c1ccc(-c2cncc(C3CCCCC3)c2)cc1
plate_2,CCOC(=O)CNC(=O)CC,9085.50325,plate_2_198,Brc1cncc(-c2ccccc2)c1.O=C(O)C1CCCCC1.CCOC(=O)CNC(=O)CC>>c1ccc(-c2cncc(C3CCCCC3)c2)cc1
plate_2,CCOC(=O)CNC(C)=O,8143.44855,plate_2_250,Brc1cncc(-c2ccccc2)c1.O=C(O)C1CCCCC1.CCOC(=O)CNC(C)=O>>c1ccc(-c2cncc(C3CCCCC3)c2)cc1
plate_2,CCOC(=O)CNC=O,10792.55316,plate_2_251,Brc1cncc(-c2ccccc2)c1.O=C(O)C1CCCCC1.CCOC(=O)CNC=O>>c1ccc(-c2cncc(C3CCCCC3)c2)cc1
plate_2,CCOC(=O)CO,9800.82904,plate_2_252,Brc1cncc(-c2ccccc2)c1.O=C(O)C1CCCCC1.CCOC(=O)CO>>c1ccc(-c2cncc(C3CCCCC3)c2)cc1
plate_2,CCOC(=O)CSc1ccccc1,12090.37451,plate_2_253,Brc1cncc(-c2ccccc2)c1.O=C(O)C1CCCCC1.CCOC(=O)CSc1ccccc1>>c1ccc(-c2cncc(C3CCCCC3)c2)cc1
plate_2,CCOC(=O)Cc1ccccn1,9107.8407,plate_2_254,Brc1cncc(-c2ccccc2)c1.O=C(O)C1CCCCC1.CCOC(=O)Cc1ccccn1>>c1ccc(-c2cncc(C3CCCCC3)c2)cc1
plate_2,CCOC(=O)Cc1ccco1,2797.84962,plate_2_255,Brc1cncc(-c2ccccc2)c1.O=C(O)C1CCCCC1.CCOC(=O)Cc1ccco1>>c1ccc(-c2cncc(C3CCCCC3)c2)cc1
plate_2,CCOC(=O)Cc1ncccn1,5090.7507,plate_2_256,Brc1cncc(-c2ccccc2)c1.O=C(O)C1CCCCC1.CCOC(=O)Cc1ncccn1>>c1ccc(-c2cncc(C3CCCCC3)c2)cc1
plate_2,CCOC(=O)Cn1nnc(-c2ccccc2)n1,8638.7219,plate_2_257,Brc1cncc(-c2ccccc2)c1.O=C(O)C1CCCCC1.CCOC(=O)Cn1nnc(-c2ccccc2)n1>>c1ccc(-c2cncc(C3CCCCC3)c2)cc1
plate_2,CCOC(=O)NC,7754.54905,plate_2_258,Brc1cncc(-c2ccccc2)c1.O=C(O)C1CCCCC1.CCOC(=O)NC>>c1ccc(-c2cncc(C3CCCCC3)c2)cc1
plate_2,CCOC(=O)OCC,9893.5087,plate_2_259,Brc1cncc(-c2ccccc2)c1.O=C(O)C1CCCCC1.CCOC(=O)OCC>>c1ccc(-c2cncc(C3CCCCC3)c2)cc1
plate_2,CCOC(=O)[C@@H]1CCCC[C@H]1O,6312.28117,plate_2_260,Brc1cncc(-c2ccccc2)c1.O=C(O)C1CCCCC1.CCOC(=O)[C@@H]1CCCC[C@H]1O>>c1ccc(-c2cncc(C3CCCCC3)c2)cc1
plate_2,CCOC(=O)c1c[nH]cn1,2805.46268,plate_2_262,Brc1cncc(-c2ccccc2)c1.O=C(O)C1CCCCC1.CCOC(=O)c1c[nH]cn1>>c1ccc(-c2cncc(C3CCCCC3)c2)cc1
plate_2,CCOC(=O)c1cc(C)on1,1391.73288,plate_2_263,Brc1cncc(-c2ccccc2)c1.O=C(O)C1CCCCC1.CCOC(=O)c1cc(C)on1>>c1ccc(-c2cncc(C3CCCCC3)c2)cc1
plate_2,CCOC(=O)c1ccccc1,9627.88108,plate_2_264,Brc1cncc(-c2ccccc2)c1.O=C(O)C1CCCCC1.CCOC(=O)c1ccccc1>>c1ccc(-c2cncc(C3CCCCC3)c2)cc1
plate_2,CCOC(=O)c1ccccn1,9282.45009,plate_2_265,Brc1cncc(-c2ccccc2)c1.O=C(O)C1CCCCC1.CCOC(=O)c1ccccn1>>c1ccc(-c2cncc(C3CCCCC3)c2)cc1
plate_2,CCOC(=O)c1cccs1,7625.14752,plate_2_266,Brc1cncc(-c2ccccc2)c1.O=C(O)C1CCCCC1.CCOC(=O)c1cccs1>>c1ccc(-c2cncc(C3CCCCC3)c2)cc1
plate_2,CCOC(=O)c1cn(Cc2ccccc2)nn1,10069.31224,plate_2_267,Brc1cncc(-c2ccccc2)c1.O=C(O)C1CCCCC1.CCOC(=O)c1cn(Cc2ccccc2)nn1>>c1ccc(-c2cncc(C3CCCCC3)c2)cc1
plate_2,CCOC(=O)c1cnoc1C,6079.97027,plate_2_268,Brc1cncc(-c2ccccc2)c1.O=C(O)C1CCCCC1.CCOC(=O)c1cnoc1C>>c1ccc(-c2cncc(C3CCCCC3)c2)cc1
plate_2,CCOC(=O)c1csc(-c2ccccn2)n1,2213.14267,plate_2_269,Brc1cncc(-c2ccccc2)c1.O=C(O)C1CCCCC1.CCOC(=O)c1csc(-c2ccccn2)n1>>c1ccc(-c2cncc(C3CCCCC3)c2)cc1
plate_2,CCOC(=O)c1nc2ccccc2s1,7219.41457,plate_2_270,Brc1cncc(-c2ccccc2)c1.O=C(O)C1CCCCC1.CCOC(=O)c1nc2ccccc2s1>>c1ccc(-c2cncc(C3CCCCC3)c2)cc1
plate_2,CCOC(=O)c1ncc[nH]1,16645.74526,plate_2_261,Brc1cncc(-c2ccccc2)c1.O=C(O)C1CCCCC1.CCOC(=O)c1ncc[nH]1>>c1ccc(-c2cncc(C3CCCCC3)c2)cc1
plate_2,CCOC(=O)c1nccn1C,6483.32754,plate_2_271,Brc1cncc(-c2ccccc2)c1.O=C(O)C1CCCCC1.CCOC(=O)c1nccn1C>>c1ccc(-c2cncc(C3CCCCC3)c2)cc1
plate_2,CCOC(=O)c1ncco1,4157.61142,plate_2_272,Brc1cncc(-c2ccccc2)c1.O=C(O)C1CCCCC1.CCOC(=O)c1ncco1>>c1ccc(-c2cncc(C3CCCCC3)c2)cc1
plate_2,CCOCC(=O)OCC,8908.08145,plate_2_273,Brc1cncc(-c2ccccc2)c1.O=C(O)C1CCCCC1.CCOCC(=O)OCC>>c1ccc(-c2cncc(C3CCCCC3)c2)cc1
plate_2,CCOCC(C)O,8308.61525,plate_2_274,Brc1cncc(-c2ccccc2)c1.O=C(O)C1CCCCC1.CCOCC(C)O>>c1ccc(-c2cncc(C3CCCCC3)c2)cc1
plate_2,CCOP(C)(=O)OCC,8919.17964,plate_2_275,Brc1cncc(-c2ccccc2)c1.O=C(O)C1CCCCC1.CCOP(C)(=O)OCC>>c1ccc(-c2cncc(C3CCCCC3)c2)cc1
plate_2,CCOc1ccccc1C(N)=O,6087.06444,plate_2_276,Brc1cncc(-c2ccccc2)c1.O=C(O)C1CCCCC1.CCOc1ccccc1C(N)=O>>c1ccc(-c2cncc(C3CCCCC3)c2)cc1
plate_2,CCS(=O)(=O)CC,8548.82816,plate_2_277,Brc1cncc(-c2ccccc2)c1.O=C(O)C1CCCCC1.CCS(=O)(=O)CC>>c1ccc(-c2cncc(C3CCCCC3)c2)cc1
plate_2,CCSCCO,8322.22629,plate_2_278,Brc1cncc(-c2ccccc2)c1.O=C(O)C1CCCCC1.CCSCCO>>c1ccc(-c2cncc(C3CCCCC3)c2)cc1
plate_2,CCc1ccc[nH]1,4223.39493,plate_2_281,Brc1cncc(-c2ccccc2)c1.O=C(O)C1CCCCC1.CCc1ccc[nH]1>>c1ccc(-c2cncc(C3CCCCC3)c2)cc1
plate_2,CCc1ncc[nH]1,7075.05908,plate_2_279,Brc1cncc(-c2ccccc2)c1.O=C(O)C1CCCCC1.CCc1ncc[nH]1>>c1ccc(-c2cncc(C3CCCCC3)c2)cc1
plate_2,CN(C)/C=N/C(C)(C)C,6784.49408,plate_2_152,Brc1cncc(-c2ccccc2)c1.O=C(O)C1CCCCC1.CN(C)/C=N/C(C)(C)C>>c1ccc(-c2cncc(C3CCCCC3)c2)cc1
plate_2,CN(C)C(=N)N(C)C,8325.68563,plate_2_282,Brc1cncc(-c2ccccc2)c1.O=C(O)C1CCCCC1.CN(C)C(=N)N(C)C>>c1ccc(-c2cncc(C3CCCCC3)c2)cc1
plate_2,CN(C)C(=O)CC#N,8308.92679,plate_2_283,Brc1cncc(-c2ccccc2)c1.O=C(O)C1CCCCC1.CN(C)C(=O)CC#N>>c1ccc(-c2cncc(C3CCCCC3)c2)cc1
plate_2,CN(C)C(C)(C)CO,433.52675,plate_2_162,Brc1cncc(-c2ccccc2)c1.O=C(O)C1CCCCC1.CN(C)C(C)(C)CO>>c1ccc(-c2cncc(C3CCCCC3)c2)cc1
plate_2,CN(C)CC(=O)O,238.59366,plate_2_285,Brc1cncc(-c2ccccc2)c1.O=C(O)C1CCCCC1.CN(C)CC(=O)O>>c1ccc(-c2cncc(C3CCCCC3)c2)cc1
plate_2,CN(C)CC(C)(C)CO,9276.65509,plate_2_159,Brc1cncc(-c2ccccc2)c1.O=C(O)C1CCCCC1.CN(C)CC(C)(C)CO>>c1ccc(-c2cncc(C3CCCCC3)c2)cc1
plate_2,CN(C)CC(N)=O,3177.36063,plate_2_284,Brc1cncc(-c2ccccc2)c1.O=C(O)C1CCCCC1.CN(C)CC(N)=O>>c1ccc(-c2cncc(C3CCCCC3)c2)cc1
plate_2,CN(C)CC(O)CN(C)C,1595.45444,plate_2_287,Brc1cncc(-c2ccccc2)c1.O=C(O)C1CCCCC1.CN(C)CC(O)CN(C)C>>c1ccc(-c2cncc(C3CCCCC3)c2)cc1
plate_2,CN(C)CCC#N,4752.77864,plate_2_288,Brc1cncc(-c2ccccc2)c1.O=C(O)C1CCCCC1.CN(C)CCC#N>>c1ccc(-c2cncc(C3CCCCC3)c2)cc1
plate_2,CN(C)CCCCO,1136.95846,plate_2_289,Brc1cncc(-c2ccccc2)c1.O=C(O)C1CCCCC1.CN(C)CCCCO>>c1ccc(-c2cncc(C3CCCCC3)c2)cc1
plate_2,CN(C)CCCO,2717.32483,plate_2_290,Brc1cncc(-c2ccccc2)c1.O=C(O)C1CCCCC1.CN(C)CCCO>>c1ccc(-c2cncc(C3CCCCC3)c2)cc1
plate_2,CN(C)CCN(C)C,8083.30969,plate_2_291,Brc1cncc(-c2ccccc2)c1.O=C(O)C1CCCCC1.CN(C)CCN(C)C>>c1ccc(-c2cncc(C3CCCCC3)c2)cc1
plate_2,CN(C)CCN(C)CCN(C)C,4999.44357,plate_2_292,Brc1cncc(-c2ccccc2)c1.O=C(O)C1CCCCC1.CN(C)CCN(C)CCN(C)C>>c1ccc(-c2cncc(C3CCCCC3)c2)cc1
plate_2,CN(C)S(C)(=O)=O,8192.53089,plate_2_293,Brc1cncc(-c2ccccc2)c1.O=C(O)C1CCCCC1.CN(C)S(C)(=O)=O>>c1ccc(-c2cncc(C3CCCCC3)c2)cc1
plate_2,CN(C)[C@@H](Cc1ccccc1)C(=O)O,6098.939945,plate_2_295,Brc1cncc(-c2ccccc2)c1.O=C(O)C1CCCCC1.CN(C)[C@@H](Cc1ccccc1)C(=O)O>>c1ccc(-c2cncc(C3CCCCC3)c2)cc1
plate_2,CN(C)c1ccccc1C(=O)O,2985.984045,plate_2_296,Brc1cncc(-c2ccccc2)c1.O=C(O)C1CCCCC1.CN(C)c1ccccc1C(=O)O>>c1ccc(-c2cncc(C3CCCCC3)c2)cc1
plate_2,CN(C)c1ccccc1C=O,906.44676,plate_2_298,Brc1cncc(-c2ccccc2)c1.O=C(O)C1CCCCC1.CN(C)c1ccccc1C=O>>c1ccc(-c2cncc(C3CCCCC3)c2)cc1
plate_2,CN(C=O)c1ccccn1,8871.70772,plate_2_299,Brc1cncc(-c2ccccc2)c1.O=C(O)C1CCCCC1.CN(C=O)c1ccccn1>>c1ccc(-c2cncc(C3CCCCC3)c2)cc1
plate_2,CN(CCO)CCO,1420.10392,plate_2_300,Brc1cncc(-c2ccccc2)c1.O=C(O)C1CCCCC1.CN(CCO)CCO>>c1ccc(-c2cncc(C3CCCCC3)c2)cc1
plate_2,CN1C(=O)CC(=O)NC1=O,5133.44802,plate_2_301,Brc1cncc(-c2ccccc2)c1.O=C(O)C1CCCCC1.CN1C(=O)CC(=O)NC1=O>>c1ccc(-c2cncc(C3CCCCC3)c2)cc1
plate_2,CN1CC(=O)N=C1N,6631.99447,plate_2_302,Brc1cncc(-c2ccccc2)c1.O=C(O)C1CCCCC1.CN1CC(=O)N=C1N>>c1ccc(-c2cncc(C3CCCCC3)c2)cc1
plate_2,CN1CC(=O)NC1=O,35512.44912,plate_2_303,Brc1cncc(-c2ccccc2)c1.O=C(O)C1CCCCC1.CN1CC(=O)NC1=O>>c1ccc(-c2cncc(C3CCCCC3)c2)cc1
plate_2,CN1CCCC1C(=O)O,1072.06385,plate_2_304,Brc1cncc(-c2ccccc2)c1.O=C(O)C1CCCCC1.CN1CCCC1C(=O)O>>c1ccc(-c2cncc(C3CCCCC3)c2)cc1
plate_2,CN1CCCC1CO,4836.08062,plate_2_305,Brc1cncc(-c2ccccc2)c1.O=C(O)C1CCCCC1.CN1CCCC1CO>>c1ccc(-c2cncc(C3CCCCC3)c2)cc1
plate_2,CN1CCCCC1=O,8772.37156,plate_2_306,Brc1cncc(-c2ccccc2)c1.O=C(O)C1CCCCC1.CN1CCCCC1=O>>c1ccc(-c2cncc(C3CCCCC3)c2)cc1
plate_2,CN1CCCN(C)C1=O,7259.61158,plate_2_307,Brc1cncc(-c2ccccc2)c1.O=C(O)C1CCCCC1.CN1CCCN(C)C1=O>>c1ccc(-c2cncc(C3CCCCC3)c2)cc1
plate_2,CN1CCCN2CCCN=C12,3195.09025,plate_2_308,Brc1cncc(-c2ccccc2)c1.O=C(O)C1CCCCC1.CN1CCCN2CCCN=C12>>c1ccc(-c2cncc(C3CCCCC3)c2)cc1
plate_2,CN1Cc2ccccc2NC1=O,12873.25227,plate_2_309,Brc1cncc(-c2ccccc2)c1.O=C(O)C1CCCCC1.CN1Cc2ccccc2NC1=O>>c1ccc(-c2cncc(C3CCCCC3)c2)cc1
plate_2,CNC(=O)C(=O)NC,6136.60465,plate_2_310,Brc1cncc(-c2ccccc2)c1.O=C(O)C1CCCCC1.CNC(=O)C(=O)NC>>c1ccc(-c2cncc(C3CCCCC3)c2)cc1
plate_2,CNC(=O)C(=O)O,360.05381,plate_2_311,Brc1cncc(-c2ccccc2)c1.O=C(O)C1CCCCC1.CNC(=O)C(=O)O>>c1ccc(-c2cncc(C3CCCCC3)c2)cc1
plate_2,CNC(=O)C(=O)c1ccccc1,7951.23526,plate_2_312,Brc1cncc(-c2ccccc2)c1.O=C(O)C1CCCCC1.CNC(=O)C(=O)c1ccccc1>>c1ccc(-c2cncc(C3CCCCC3)c2)cc1
plate_2,CNC(=O)CC#N,8745.46375,plate_2_313,Brc1cncc(-c2ccccc2)c1.O=C(O)C1CCCCC1.CNC(=O)CC#N>>c1ccc(-c2cncc(C3CCCCC3)c2)cc1
plate_2,CNC(=O)N(C)C,5110.56845,plate_2_314,Brc1cncc(-c2ccccc2)c1.O=C(O)C1CCCCC1.CNC(=O)N(C)C>>c1ccc(-c2cncc(C3CCCCC3)c2)cc1
plate_2,CNC(=O)c1ccccc1,7374.05978,plate_2_315,Brc1cncc(-c2ccccc2)c1.O=C(O)C1CCCCC1.CNC(=O)c1ccccc1>>c1ccc(-c2cncc(C3CCCCC3)c2)cc1
plate_2,CNC(=O)c1ccccc1O,2108.29914,plate_2_316,Brc1cncc(-c2ccccc2)c1.O=C(O)C1CCCCC1.CNC(=O)c1ccccc1O>>c1ccc(-c2cncc(C3CCCCC3)c2)cc1
plate_2,CNC(=O)c1cn2ccccc2n1,3318.19722,plate_2_317,Brc1cncc(-c2ccccc2)c1.O=C(O)C1CCCCC1.CNC(=O)c1cn2ccccc2n1>>c1ccc(-c2cncc(C3CCCCC3)c2)cc1
plate_2,CNS(=O)(=O)N(C)C,10803.19293,plate_2_319,Brc1cncc(-c2ccccc2)c1.O=C(O)C1CCCCC1.CNS(=O)(=O)N(C)C>>c1ccc(-c2cncc(C3CCCCC3)c2)cc1
plate_2,CNS(C)(=O)=O,7765.32393,plate_2_318,Brc1cncc(-c2ccccc2)c1.O=C(O)C1CCCCC1.CNS(C)(=O)=O>>c1ccc(-c2cncc(C3CCCCC3)c2)cc1
plate_2,COC(=N)c1cnccn1,712.32397,plate_2_320,Brc1cncc(-c2ccccc2)c1.O=C(O)C1CCCCC1.COC(=N)c1cnccn1>>c1ccc(-c2cncc(C3CCCCC3)c2)cc1
plate_2,COC(=O)C(=O)c1ccccc1,5306.69189,plate_2_321,Brc1cncc(-c2ccccc2)c1.O=C(O)C1CCCCC1.COC(=O)C(=O)c1ccccc1>>c1ccc(-c2cncc(C3CCCCC3)c2)cc1
plate_2,COC(=O)C(C)=O,9909.57182,plate_2_88,Brc1cncc(-c2ccccc2)c1.O=C(O)C1CCCCC1.COC(=O)C(C)=O>>c1ccc(-c2cncc(C3CCCCC3)c2)cc1
plate_2,COC(=O)C1CCCC1=O,2002.61962,plate_2_322,Brc1cncc(-c2ccccc2)c1.O=C(O)C1CCCCC1.COC(=O)C1CCCC1=O>>c1ccc(-c2cncc(C3CCCCC3)c2)cc1
plate_2,COC(=O)C1CCCCC1,7092.75704,plate_2_323,Brc1cncc(-c2ccccc2)c1.O=C(O)C1CCCCC1.COC(=O)C1CCCCC1>>c1ccc(-c2cncc(C3CCCCC3)c2)cc1
plate_2,COC(=O)C1CCCCO1,10150.32661,plate_2_324,Brc1cncc(-c2ccccc2)c1.O=C(O)C1CCCCC1.COC(=O)C1CCCCO1>>c1ccc(-c2cncc(C3CCCCC3)c2)cc1
plate_2,COC(=O)CC#N,1220.03148,plate_2_325,Brc1cncc(-c2ccccc2)c1.O=C(O)C1CCCCC1.COC(=O)CC#N>>c1ccc(-c2cncc(C3CCCCC3)c2)cc1
plate_2,COC(=O)CC(=O)CC(=O)OC,161.48497,plate_2_326,Brc1cncc(-c2ccccc2)c1.O=C(O)C1CCCCC1.COC(=O)CC(=O)CC(=O)OC>>c1ccc(-c2cncc(C3CCCCC3)c2)cc1
plate_2,COC(=O)CC(N)=O,9052.93633,plate_2_327,Brc1cncc(-c2ccccc2)c1.O=C(O)C1CCCCC1.COC(=O)CC(N)=O>>c1ccc(-c2cncc(C3CCCCC3)c2)cc1
plate_2,COC(=O)CCC#N,7157.77822,plate_2_328,Brc1cncc(-c2ccccc2)c1.O=C(O)C1CCCCC1.COC(=O)CCC#N>>c1ccc(-c2cncc(C3CCCCC3)c2)cc1
plate_2,COC(=O)CCC(=O)C(=O)OC,5457.54206,plate_2_329,Brc1cncc(-c2ccccc2)c1.O=C(O)C1CCCCC1.COC(=O)CCC(=O)C(=O)OC>>c1ccc(-c2cncc(C3CCCCC3)c2)cc1
plate_2,COC(=O)CCO,9080.92953,plate_2_331,Brc1cncc(-c2ccccc2)c1.O=C(O)C1CCCCC1.COC(=O)CCO>>c1ccc(-c2cncc(C3CCCCC3)c2)cc1
plate_2,COC(=O)CC[N+](=O)[O-],2860.09932,plate_2_332,Brc1cncc(-c2ccccc2)c1.O=C(O)C1CCCCC1.COC(=O)CC[N+](=O)[O-]>>c1ccc(-c2cncc(C3CCCCC3)c2)cc1
plate_2,COC(=O)CCc1c[nH]cn1,3019.76953,plate_2_333,Brc1cncc(-c2ccccc2)c1.O=C(O)C1CCCCC1.COC(=O)CCc1c[nH]cn1>>c1ccc(-c2cncc(C3CCCCC3)c2)cc1
plate_2,COC(=O)CN(C)C,6696.5733,plate_2_286,Brc1cncc(-c2ccccc2)c1.O=C(O)C1CCCCC1.COC(=O)CN(C)C>>c1ccc(-c2cncc(C3CCCCC3)c2)cc1
plate_2,COC(=O)CNC(=O)C(=O)OC,3379.40439,plate_2_334,Brc1cncc(-c2ccccc2)c1.O=C(O)C1CCCCC1.COC(=O)CNC(=O)C(=O)OC>>c1ccc(-c2cncc(C3CCCCC3)c2)cc1
plate_2,COC(=O)CS(C)(=O)=O,9801.50317,plate_2_335,Brc1cncc(-c2ccccc2)c1.O=C(O)C1CCCCC1.COC(=O)CS(C)(=O)=O>>c1ccc(-c2cncc(C3CCCCC3)c2)cc1
plate_2,COC(=O)C[C@@H](C)O,7221.2401,plate_2_418,Brc1cncc(-c2ccccc2)c1.O=C(O)C1CCCCC1.COC(=O)C[C@@H](C)O>>c1ccc(-c2cncc(C3CCCCC3)c2)cc1
plate_2,COC(=O)C[N+](=O)[O-],2721.20199,plate_2_336,Brc1cncc(-c2ccccc2)c1.O=C(O)C1CCCCC1.COC(=O)C[N+](=O)[O-]>>c1ccc(-c2cncc(C3CCCCC3)c2)cc1
plate_2,COC(=O)Cc1ccccn1,7830.61687,plate_2_337,Brc1cncc(-c2ccccc2)c1.O=C(O)C1CCCCC1.COC(=O)Cc1ccccn1>>c1ccc(-c2cncc(C3CCCCC3)c2)cc1
plate_2,COC(=O)Cc1nccs1,789.7662,plate_2_338,Brc1cncc(-c2ccccc2)c1.O=C(O)C1CCCCC1.COC(=O)Cc1nccs1>>c1ccc(-c2cncc(C3CCCCC3)c2)cc1
plate_2,COC(=O)N1CCCCC1,7897.86592,plate_2_339,Brc1cncc(-c2ccccc2)c1.O=C(O)C1CCCCC1.COC(=O)N1CCCCC1>>c1ccc(-c2cncc(C3CCCCC3)c2)cc1
plate_2,COC(=O)Nc1ccc(OC)cc1,12588.15724,plate_2_380,Brc1cncc(-c2ccccc2)c1.O=C(O)C1CCCCC1.COC(=O)Nc1ccc(OC)cc1>>c1ccc(-c2cncc(C3CCCCC3)c2)cc1
plate_2,COC(=O)Nc1ccccc1,11666.69461,plate_2_341,Brc1cncc(-c2ccccc2)c1.O=C(O)C1CCCCC1.COC(=O)Nc1ccccc1>>c1ccc(-c2cncc(C3CCCCC3)c2)cc1
plate_2,COC(=O)Nc1nc2ccccc2[nH]1,1512.79008,plate_2_340,Brc1cncc(-c2ccccc2)c1.O=C(O)C1CCCCC1.COC(=O)Nc1nc2ccccc2[nH]1>>c1ccc(-c2cncc(C3CCCCC3)c2)cc1
plate_2,COC(=O)[C@@H](O)[C@H](O)c1ccccc1,9600.06227,plate_2_342,Brc1cncc(-c2ccccc2)c1.O=C(O)C1CCCCC1.COC(=O)[C@@H](O)[C@H](O)c1ccccc1>>c1ccc(-c2cncc(C3CCCCC3)c2)cc1
plate_2,COC(=O)c1cc(C)ccc1O,8675.96837,plate_2_425,Brc1cncc(-c2ccccc2)c1.O=C(O)C1CCCCC1.COC(=O)c1cc(C)ccc1O>>c1ccc(-c2cncc(C3CCCCC3)c2)cc1
plate_2,COC(=O)c1cc(OC)ccc1O,2859.41806,plate_2_369,Brc1cncc(-c2ccccc2)c1.O=C(O)C1CCCCC1.COC(=O)c1cc(OC)ccc1O>>c1ccc(-c2cncc(C3CCCCC3)c2)cc1
plate_2,COC(=O)c1ccc(OC)cc1,8500.0,plate_2_376,Brc1cncc(-c2ccccc2)c1.O=C(O)C1CCCCC1.COC(=O)c1ccc(OC)cc1>>c1ccc(-c2cncc(C3CCCCC3)c2)cc1
plate_2,COC(=O)c1cccc(C(=O)O)n1,729.30154,plate_2_343,Brc1cncc(-c2ccccc2)c1.O=C(O)C1CCCCC1.COC(=O)c1cccc(C(=O)O)n1>>c1ccc(-c2cncc(C3CCCCC3)c2)cc1
plate_2,COC(=O)c1cccc(C(=O)OC)n1,10333.4605,plate_2_344,Brc1cncc(-c2ccccc2)c1.O=C(O)C1CCCCC1.COC(=O)c1cccc(C(=O)OC)n1>>c1ccc(-c2cncc(C3CCCCC3)c2)cc1
plate_2,COC(=O)c1cccc2c1NC(=O)C2,79.04465,plate_2_345,Brc1cncc(-c2ccccc2)c1.O=C(O)C1CCCCC1.COC(=O)c1cccc2c1NC(=O)C2>>c1ccc(-c2cncc(C3CCCCC3)c2)cc1
plate_2,COC(=O)c1ccccc1,8626.35011,plate_2_346,Brc1cncc(-c2ccccc2)c1.O=C(O)C1CCCCC1.COC(=O)c1ccccc1>>c1ccc(-c2cncc(C3CCCCC3)c2)cc1
plate_2,COC(=O)c1ccccc1-c1ccc[nH]1,5942.84554,plate_2_351,Brc1cncc(-c2ccccc2)c1.O=C(O)C1CCCCC1.COC(=O)c1ccccc1-c1ccc[nH]1>>c1ccc(-c2cncc(C3CCCCC3)c2)cc1
plate_2,COC(=O)c1ccccc1C(=O)O,3552.79144,plate_2_347,Brc1cncc(-c2ccccc2)c1.O=C(O)C1CCCCC1.COC(=O)c1ccccc1C(=O)O>>c1ccc(-c2cncc(C3CCCCC3)c2)cc1
plate_2,COC(=O)c1ccccc1C(=O)OC,9559.33987,plate_2_348,Brc1cncc(-c2ccccc2)c1.O=C(O)C1CCCCC1.COC(=O)c1ccccc1C(=O)OC>>c1ccc(-c2cncc(C3CCCCC3)c2)cc1
plate_2,COC(=O)c1ccccc1N(C)C,1169.61583,plate_2_297,Brc1cncc(-c2ccccc2)c1.O=C(O)C1CCCCC1.COC(=O)c1ccccc1N(C)C>>c1ccc(-c2cncc(C3CCCCC3)c2)cc1
plate_2,COC(=O)c1ccccc1OC,7713.3522,plate_2_394,Brc1cncc(-c2ccccc2)c1.O=C(O)C1CCCCC1.COC(=O)c1ccccc1OC>>c1ccc(-c2cncc(C3CCCCC3)c2)cc1
plate_2,COC(=O)c1ccccc1S,977.04717,plate_2_349,Brc1cncc(-c2ccccc2)c1.O=C(O)C1CCCCC1.COC(=O)c1ccccc1S>>c1ccc(-c2cncc(C3CCCCC3)c2)cc1
plate_2,COC(=O)c1ccccc1SC,13286.45654,plate_2_350,Brc1cncc(-c2ccccc2)c1.O=C(O)C1CCCCC1.COC(=O)c1ccccc1SC>>c1ccc(-c2cncc(C3CCCCC3)c2)cc1
plate_2,COC(=O)c1ccccn1,11535.72992,plate_2_352,Brc1cncc(-c2ccccc2)c1.O=C(O)C1CCCCC1.COC(=O)c1ccccn1>>c1ccc(-c2cncc(C3CCCCC3)c2)cc1
plate_2,COC(=O)c1cccnc1O,3282.66817,plate_2_353,Brc1cncc(-c2ccccc2)c1.O=C(O)C1CCCCC1.COC(=O)c1cccnc1O>>c1ccc(-c2cncc(C3CCCCC3)c2)cc1
plate_2,COC(=O)c1cccs1,7791.8709,plate_2_354,Brc1cncc(-c2ccccc2)c1.O=C(O)C1CCCCC1.COC(=O)c1cccs1>>c1ccc(-c2cncc(C3CCCCC3)c2)cc1
plate_2,COC(=O)c1ccn(C)n1,8344.68104,plate_2_459,Brc1cncc(-c2ccccc2)c1.O=C(O)C1CCCCC1.COC(=O)c1ccn(C)n1>>c1ccc(-c2cncc(C3CCCCC3)c2)cc1
plate_2,COC(=O)c1ccnn1C,9175.39368,plate_2_447,Brc1cncc(-c2ccccc2)c1.O=C(O)C1CCCCC1.COC(=O)c1ccnn1C>>c1ccc(-c2cncc(C3CCCCC3)c2)cc1
plate_2,COC(=O)c1ccno1,572.10367,plate_2_355,Brc1cncc(-c2ccccc2)c1.O=C(O)C1CCCCC1.COC(=O)c1ccno1>>c1ccc(-c2cncc(C3CCCCC3)c2)cc1
plate_2,COC(=O)c1cn(C)cn1,7434.17078,plate_2_450,Brc1cncc(-c2ccccc2)c1.O=C(O)C1CCCCC1.COC(=O)c1cn(C)cn1>>c1ccc(-c2cncc(C3CCCCC3)c2)cc1
plate_2,COC(=O)c1cncs1,5565.84682,plate_2_356,Brc1cncc(-c2ccccc2)c1.O=C(O)C1CCCCC1.COC(=O)c1cncs1>>c1ccc(-c2cncc(C3CCCCC3)c2)cc1
plate_2,COC(=O)c1nc[nH]n1,5381.53034,plate_2_357,Brc1cncc(-c2ccccc2)c1.O=C(O)C1CCCCC1.COC(=O)c1nc[nH]n1>>c1ccc(-c2cncc(C3CCCCC3)c2)cc1
plate_2,COC(C)C(N)=O,8390.1737,plate_2_147,Brc1cncc(-c2ccccc2)c1.O=C(O)C1CCCCC1.COC(C)C(N)=O>>c1ccc(-c2cncc(C3CCCCC3)c2)cc1
plate_2,COC(OC)c1ccccc1,9570.66689,plate_2_358,Brc1cncc(-c2ccccc2)c1.O=C(O)C1CCCCC1.COC(OC)c1ccccc1>>c1ccc(-c2cncc(C3CCCCC3)c2)cc1
plate_2,COC1CCCCC1=O,7434.96802,plate_2_359,Brc1cncc(-c2ccccc2)c1.O=C(O)C1CCCCC1.COC1CCCCC1=O>>c1ccc(-c2cncc(C3CCCCC3)c2)cc1
plate_2,COCC(=O)OC,9503.08686,plate_2_360,Brc1cncc(-c2ccccc2)c1.O=C(O)C1CCCCC1.COCC(=O)OC>>c1ccc(-c2cncc(C3CCCCC3)c2)cc1
plate_2,COCC(=O)c1ccccc1,11548.81521,plate_2_361,Brc1cncc(-c2ccccc2)c1.O=C(O)C1CCCCC1.COCC(=O)c1ccccc1>>c1ccc(-c2cncc(C3CCCCC3)c2)cc1
plate_2,COCC(C)(C)O,9261.16464,plate_2_163,Brc1cncc(-c2ccccc2)c1.O=C(O)C1CCCCC1.COCC(C)(C)O>>c1ccc(-c2cncc(C3CCCCC3)c2)cc1
plate_2,COCC/C(N)=N/O,7856.58134,plate_2_362,Brc1cncc(-c2ccccc2)c1.O=C(O)C1CCCCC1.COCC/C(N)=N/O>>c1ccc(-c2cncc(C3CCCCC3)c2)cc1
plate_2,COCCC(=O)OC,6222.28768,plate_2_363,Brc1cncc(-c2ccccc2)c1.O=C(O)C1CCCCC1.COCCC(=O)OC>>c1ccc(-c2cncc(C3CCCCC3)c2)cc1
plate_2,COCCCNS(N)(=O)=O,8800.24985,plate_2_364,Brc1cncc(-c2ccccc2)c1.O=C(O)C1CCCCC1.COCCCNS(N)(=O)=O>>c1ccc(-c2cncc(C3CCCCC3)c2)cc1
plate_2,COCCNS(=O)(=O)N(C)C,7303.7932,plate_2_294,Brc1cncc(-c2ccccc2)c1.O=C(O)C1CCCCC1.COCCNS(=O)(=O)N(C)C>>c1ccc(-c2cncc(C3CCCCC3)c2)cc1
plate_2,COCc1ccccc1C(=O)O,5642.84466,plate_2_365,Brc1cncc(-c2ccccc2)c1.O=C(O)C1CCCCC1.COCc1ccccc1C(=O)O>>c1ccc(-c2cncc(C3CCCCC3)c2)cc1
plate_2,CON(C)C(C)=O,5356.2253,plate_2_109,Brc1cncc(-c2ccccc2)c1.O=C(O)C1CCCCC1.CON(C)C(C)=O>>c1ccc(-c2cncc(C3CCCCC3)c2)cc1
plate_2,CO[C@H]1CCCC[C@@H]1O,6728.10312,plate_2_366,Brc1cncc(-c2ccccc2)c1.O=C(O)C1CCCCC1.CO[C@H]1CCCC[C@@H]1O>>c1ccc(-c2cncc(C3CCCCC3)c2)cc1
plate_2,COc1cc[nH]n1,12305.12272,plate_2_367,Brc1cncc(-c2ccccc2)c1.O=C(O)C1CCCCC1.COc1cc[nH]n1>>c1ccc(-c2cncc(C3CCCCC3)c2)cc1
plate_2,COc1ccc(/C(N)=N\O)cc1,1796.35206,plate_2_372,Brc1cncc(-c2ccccc2)c1.O=C(O)C1CCCCC1.COc1ccc(/C(N)=N\O)cc1>>c1ccc(-c2cncc(C3CCCCC3)c2)cc1
plate_2,COc1ccc(C(=N)N)cc1,4809.04919,plate_2_373,Brc1cncc(-c2ccccc2)c1.O=C(O)C1CCCCC1.COc1ccc(C(=N)N)cc1>>c1ccc(-c2cncc(C3CCCCC3)c2)cc1
plate_2,COc1ccc(C(=O)O)c(O)c1,594.91956,plate_2_370,Brc1cncc(-c2ccccc2)c1.O=C(O)C1CCCCC1.COc1ccc(C(=O)O)c(O)c1>>c1ccc(-c2cncc(C3CCCCC3)c2)cc1
plate_2,COc1ccc(C(=O)O)cc1,5012.89161,plate_2_375,Brc1cncc(-c2ccccc2)c1.O=C(O)C1CCCCC1.COc1ccc(C(=O)O)cc1>>c1ccc(-c2cncc(C3CCCCC3)c2)cc1
plate_2,COc1ccc(C(C)=O)cc1,8256.53424,plate_2_127,Brc1cncc(-c2ccccc2)c1.O=C(O)C1CCCCC1.COc1ccc(C(C)=O)cc1>>c1ccc(-c2cncc(C3CCCCC3)c2)cc1
plate_2,COc1ccc(C(N)=O)cc1,7338.23506,plate_2_374,Brc1cncc(-c2ccccc2)c1.O=C(O)C1CCCCC1.COc1ccc(C(N)=O)cc1>>c1ccc(-c2cncc(C3CCCCC3)c2)cc1
plate_2,COc1ccc(C=O)cc1,8148.0,plate_2_377,Brc1cncc(-c2ccccc2)c1.O=C(O)C1CCCCC1.COc1ccc(C=O)cc1>>c1ccc(-c2cncc(C3CCCCC3)c2)cc1
plate_2,COc1ccc(COCC(=N)N)cc1,6415.47388,plate_2_378,Brc1cncc(-c2ccccc2)c1.O=C(O)C1CCCCC1.COc1ccc(COCC(=N)N)cc1>>c1ccc(-c2cncc(C3CCCCC3)c2)cc1
plate_2,COc1ccc(N2CCNC2=O)cc1,1859.5226,plate_2_379,Brc1cncc(-c2ccccc2)c1.O=C(O)C1CCCCC1.COc1ccc(N2CCNC2=O)cc1>>c1ccc(-c2cncc(C3CCCCC3)c2)cc1
plate_2,COc1ccc(O)c(C(=O)O)c1,1946.21855,plate_2_368,Brc1cncc(-c2ccccc2)c1.O=C(O)C1CCCCC1.COc1ccc(O)c(C(=O)O)c1>>c1ccc(-c2cncc(C3CCCCC3)c2)cc1
plate_2,COc1ccc(O)c([N+](=O)[O-])c1,0.0,plate_2_371,Brc1cncc(-c2ccccc2)c1.O=C(O)C1CCCCC1.COc1ccc(O)c([N+](=O)[O-])c1>>c1ccc(-c2cncc(C3CCCCC3)c2)cc1
plate_2,COc1ccc(S(N)(=O)=O)cc1,7883.40084,plate_2_381,Brc1cncc(-c2ccccc2)c1.O=C(O)C1CCCCC1.COc1ccc(S(N)(=O)=O)cc1>>c1ccc(-c2cncc(C3CCCCC3)c2)cc1
plate_2,COc1ccc2[nH]ccc2c1,5001.45732,plate_2_387,Brc1cncc(-c2ccccc2)c1.O=C(O)C1CCCCC1.COc1ccc2[nH]ccc2c1>>c1ccc(-c2cncc(C3CCCCC3)c2)cc1
plate_2,COc1ccc2c(c1)C(=O)C(=O)N2,86.47331,plate_2_382,Brc1cncc(-c2ccccc2)c1.O=C(O)C1CCCCC1.COc1ccc2c(c1)C(=O)C(=O)N2>>c1ccc(-c2cncc(C3CCCCC3)c2)cc1
plate_2,COc1ccc2c(c1)CC(=O)N2,2270.94095,plate_2_383,Brc1cncc(-c2ccccc2)c1.O=C(O)C1CCCCC1.COc1ccc2c(c1)CC(=O)N2>>c1ccc(-c2cncc(C3CCCCC3)c2)cc1
plate_2,COc1ccc2c(c1)CCC(=O)N2,6967.61568,plate_2_384,Brc1cncc(-c2ccccc2)c1.O=C(O)C1CCCCC1.COc1ccc2c(c1)CCC(=O)N2>>c1ccc(-c2cncc(C3CCCCC3)c2)cc1
plate_2,COc1ccc2c(c1)CNC2=O,9302.28892,plate_2_385,Brc1cncc(-c2ccccc2)c1.O=C(O)C1CCCCC1.COc1ccc2c(c1)CNC2=O>>c1ccc(-c2cncc(C3CCCCC3)c2)cc1
plate_2,COc1ccc2c(c1)NC(=O)C2=O,3363.51987,plate_2_386,Brc1cncc(-c2ccccc2)c1.O=C(O)C1CCCCC1.COc1ccc2c(c1)NC(=O)C2=O>>c1ccc(-c2cncc(C3CCCCC3)c2)cc1
plate_2,COc1cccc2c1C(=O)CCC2,5828.77745,plate_2_388,Brc1cncc(-c2ccccc2)c1.O=C(O)C1CCCCC1.COc1cccc2c1C(=O)CCC2>>c1ccc(-c2cncc(C3CCCCC3)c2)cc1
plate_2,COc1cccc2c1NC(=O)C2,3134.76017,plate_2_389,Brc1cncc(-c2ccccc2)c1.O=C(O)C1CCCCC1.COc1cccc2c1NC(=O)C2>>c1ccc(-c2cncc(C3CCCCC3)c2)cc1
plate_2,COc1cccc2cc(C(=O)O)[nH]c12,277.33409,plate_2_390,Brc1cncc(-c2ccccc2)c1.O=C(O)C1CCCCC1.COc1cccc2cc(C(=O)O)[nH]c12>>c1ccc(-c2cncc(C3CCCCC3)c2)cc1
plate_2,COc1cccc2cc[nH]c12,6829.389719999999,plate_2_391,Brc1cncc(-c2ccccc2)c1.O=C(O)C1CCCCC1.COc1cccc2cc[nH]c12>>c1ccc(-c2cncc(C3CCCCC3)c2)cc1
plate_2,COc1ccccc1,7922.84377,plate_2_392,Brc1cncc(-c2ccccc2)c1.O=C(O)C1CCCCC1.COc1ccccc1>>c1ccc(-c2cncc(C3CCCCC3)c2)cc1
plate_2,COc1ccccc1/C(N)=N/O,2215.16342,plate_2_393,Brc1cncc(-c2ccccc2)c1.O=C(O)C1CCCCC1.COc1ccccc1/C(N)=N/O>>c1ccc(-c2cncc(C3CCCCC3)c2)cc1
plate_2,COc1ccccc1C(N)=S,906.85947,plate_2_395,Brc1cncc(-c2ccccc2)c1.O=C(O)C1CCCCC1.COc1ccccc1C(N)=S>>c1ccc(-c2cncc(C3CCCCC3)c2)cc1
plate_2,COc1ccccc1NC(C)=O,9804.77706,plate_2_116,Brc1cncc(-c2ccccc2)c1.O=C(O)C1CCCCC1.COc1ccccc1NC(C)=O>>c1ccc(-c2cncc(C3CCCCC3)c2)cc1
plate_2,COc1ccccc1NC(N)=S,7017.52356,plate_2_396,Brc1cncc(-c2ccccc2)c1.O=C(O)C1CCCCC1.COc1ccccc1NC(N)=S>>c1ccc(-c2cncc(C3CCCCC3)c2)cc1
plate_2,COc1ccccc1O,7589.00733,plate_2_397,Brc1cncc(-c2ccccc2)c1.O=C(O)C1CCCCC1.COc1ccccc1O>>c1ccc(-c2cncc(C3CCCCC3)c2)cc1
plate_2,COc1ccccc1OC,5982.0777,plate_2_398,Brc1cncc(-c2ccccc2)c1.O=C(O)C1CCCCC1.COc1ccccc1OC>>c1ccc(-c2cncc(C3CCCCC3)c2)cc1
plate_2,COc1ccccc1OCC(N)=O,8590.57773,plate_2_399,Brc1cncc(-c2ccccc2)c1.O=C(O)C1CCCCC1.COc1ccccc1OCC(N)=O>>c1ccc(-c2cncc(C3CCCCC3)c2)cc1
plate_2,COc1ccccc1S,8028.73887,plate_2_400,Brc1cncc(-c2ccccc2)c1.O=C(O)C1CCCCC1.COc1ccccc1S>>c1ccc(-c2cncc(C3CCCCC3)c2)cc1
plate_2,COc1ccnc(O)c1,12057.36658,plate_2_401,Brc1cncc(-c2ccccc2)c1.O=C(O)C1CCCCC1.COc1ccnc(O)c1>>c1ccc(-c2cncc(C3CCCCC3)c2)cc1
plate_2,CS(=O)(=O)C/C(N)=N/O,1751.98454,plate_2_403,Brc1cncc(-c2ccccc2)c1.O=C(O)C1CCCCC1.CS(=O)(=O)C/C(N)=N/O>>c1ccc(-c2cncc(C3CCCCC3)c2)cc1
plate_2,CS(=O)(=O)CC(=O)c1ccccc1,2682.5671,plate_2_404,Brc1cncc(-c2ccccc2)c1.O=C(O)C1CCCCC1.CS(=O)(=O)CC(=O)c1ccccc1>>c1ccc(-c2cncc(C3CCCCC3)c2)cc1
plate_2,CS(=O)(=O)Nc1ccccn1,6617.20873,plate_2_406,Brc1cncc(-c2ccccc2)c1.O=C(O)C1CCCCC1.CS(=O)(=O)Nc1ccccn1>>c1ccc(-c2cncc(C3CCCCC3)c2)cc1
plate_2,CS(=O)(=O)c1ccccc1O,1102.84914,plate_2_408,Brc1cncc(-c2ccccc2)c1.O=C(O)C1CCCCC1.CS(=O)(=O)c1ccccc1O>>c1ccc(-c2cncc(C3CCCCC3)c2)cc1
plate_2,CS(=O)(=O)c1nc2ccccc2[nH]1,5402.92417,plate_2_407,Brc1cncc(-c2ccccc2)c1.O=C(O)C1CCCCC1.CS(=O)(=O)c1nc2ccccc2[nH]1>>c1ccc(-c2cncc(C3CCCCC3)c2)cc1
plate_2,CS(=O)(=O)c1nc2ccccc2s1,4993.45869,plate_2_409,Brc1cncc(-c2ccccc2)c1.O=C(O)C1CCCCC1.CS(=O)(=O)c1nc2ccccc2s1>>c1ccc(-c2cncc(C3CCCCC3)c2)cc1
plate_2,CS(=O)(=O)c1nc[nH]n1,1927.37485,plate_2_410,Brc1cncc(-c2ccccc2)c1.O=C(O)C1CCCCC1.CS(=O)(=O)c1nc[nH]n1>>c1ccc(-c2cncc(C3CCCCC3)c2)cc1
plate_2,CS(=O)c1ccccc1,7393.73682,plate_2_411,Brc1cncc(-c2ccccc2)c1.O=C(O)C1CCCCC1.CS(=O)c1ccccc1>>c1ccc(-c2cncc(C3CCCCC3)c2)cc1
plate_2,CS(C)(=O)=O,5872.67163,plate_2_402,Brc1cncc(-c2ccccc2)c1.O=C(O)C1CCCCC1.CS(C)(=O)=O>>c1ccc(-c2cncc(C3CCCCC3)c2)cc1
plate_2,CS(N)(=O)=O,890.12046,plate_2_405,Brc1cncc(-c2ccccc2)c1.O=C(O)C1CCCCC1.CS(N)(=O)=O>>c1ccc(-c2cncc(C3CCCCC3)c2)cc1
plate_2,CSCC(=O)O,1189.51946,plate_2_412,Brc1cncc(-c2ccccc2)c1.O=C(O)C1CCCCC1.CSCC(=O)O>>c1ccc(-c2cncc(C3CCCCC3)c2)cc1
plate_2,CSCC(C)=O,6739.7141,plate_2_107,Brc1cncc(-c2ccccc2)c1.O=C(O)C1CCCCC1.CSCC(C)=O>>c1ccc(-c2cncc(C3CCCCC3)c2)cc1
plate_2,CSCCCO,10567.18939,plate_2_413,Brc1cncc(-c2ccccc2)c1.O=C(O)C1CCCCC1.CSCCCO>>c1ccc(-c2cncc(C3CCCCC3)c2)cc1
plate_2,CSc1ccccc1,7743.85115,plate_2_414,Brc1cncc(-c2ccccc2)c1.O=C(O)C1CCCCC1.CSc1ccccc1>>c1ccc(-c2cncc(C3CCCCC3)c2)cc1
plate_2,CSc1ccccc1C(=O)O,2098.411265,plate_2_415,Brc1cncc(-c2ccccc2)c1.O=C(O)C1CCCCC1.CSc1ccccc1C(=O)O>>c1ccc(-c2cncc(C3CCCCC3)c2)cc1
plate_2,CSc1ccccc1O,7756.92483,plate_2_416,Brc1cncc(-c2ccccc2)c1.O=C(O)C1CCCCC1.CSc1ccccc1O>>c1ccc(-c2cncc(C3CCCCC3)c2)cc1
plate_2,C[C@@H]1COC(=O)O1,8979.13708,plate_2_417,Brc1cncc(-c2ccccc2)c1.O=C(O)C1CCCCC1.C[C@@H]1COC(=O)O1>>c1ccc(-c2cncc(C3CCCCC3)c2)cc1
plate_2,C[S@@](=N)(=O)c1ccccc1,5442.25819,plate_2_419,Brc1cncc(-c2ccccc2)c1.O=C(O)C1CCCCC1.C[S@@](=N)(=O)c1ccccc1>>c1ccc(-c2cncc(C3CCCCC3)c2)cc1
plate_2,Cc1cc(C)[nH]n1,5609.61277,plate_2_422,Brc1cncc(-c2ccccc2)c1.O=C(O)C1CCCCC1.Cc1cc(C)[nH]n1>>c1ccc(-c2cncc(C3CCCCC3)c2)cc1
plate_2,Cc1cc(C)on1,5712.08197,plate_2_424,Brc1cncc(-c2ccccc2)c1.O=C(O)C1CCCCC1.Cc1cc(C)on1>>c1ccc(-c2cncc(C3CCCCC3)c2)cc1
plate_2,Cc1cc(O)nc(O)c1,3792.17805,plate_2_423,Brc1cncc(-c2ccccc2)c1.O=C(O)C1CCCCC1.Cc1cc(O)nc(O)c1>>c1ccc(-c2cncc(C3CCCCC3)c2)cc1
plate_2,Cc1cc([N+](=O)[O-])c(O)c([N+](=O)[O-])c1,429.9567,plate_2_421,Brc1cncc(-c2ccccc2)c1.O=C(O)C1CCCCC1.Cc1cc([N+](=O)[O-])c(O)c([N+](=O)[O-])c1>>c1ccc(-c2cncc(C3CCCCC3)c2)cc1
plate_2,Cc1ccc(-c2nnn[nH]2)cc1,6525.97267,plate_2_430,Brc1cncc(-c2ccccc2)c1.O=C(O)C1CCCCC1.Cc1ccc(-c2nnn[nH]2)cc1>>c1ccc(-c2cncc(C3CCCCC3)c2)cc1
plate_2,Cc1ccc(C(=O)NN)cc1,719.26454,plate_2_427,Brc1cncc(-c2ccccc2)c1.O=C(O)C1CCCCC1.Cc1ccc(C(=O)NN)cc1>>c1ccc(-c2cncc(C3CCCCC3)c2)cc1
plate_2,Cc1ccc(C(N)=O)cc1,8676.83876,plate_2_426,Brc1cncc(-c2ccccc2)c1.O=C(O)C1CCCCC1.Cc1ccc(C(N)=O)cc1>>c1ccc(-c2cncc(C3CCCCC3)c2)cc1
plate_2,Cc1ccc(C(N)=S)cc1,555.76065,plate_2_428,Brc1cncc(-c2ccccc2)c1.O=C(O)C1CCCCC1.Cc1ccc(C(N)=S)cc1>>c1ccc(-c2cncc(C3CCCCC3)c2)cc1
plate_2,Cc1ccc(C=O)cc1,9250.51057,plate_2_429,Brc1cncc(-c2ccccc2)c1.O=C(O)C1CCCCC1.Cc1ccc(C=O)cc1>>c1ccc(-c2cncc(C3CCCCC3)c2)cc1
plate_2,Cc1ccc(O)nc1,4708.59066,plate_2_431,Brc1cncc(-c2ccccc2)c1.O=C(O)C1CCCCC1.Cc1ccc(O)nc1>>c1ccc(-c2cncc(C3CCCCC3)c2)cc1
plate_2,Cc1cccc(C)c1C(=O)O,4953.47296,plate_2_433,Brc1cncc(-c2ccccc2)c1.O=C(O)C1CCCCC1.Cc1cccc(C)c1C(=O)O>>c1ccc(-c2cncc(C3CCCCC3)c2)cc1
plate_2,Cc1cccc(C)c1O,10632.17992,plate_2_434,Brc1cncc(-c2ccccc2)c1.O=C(O)C1CCCCC1.Cc1cccc(C)c1O>>c1ccc(-c2cncc(C3CCCCC3)c2)cc1
plate_2,Cc1ccn(C(N)=O)n1,11797.15702,plate_2_435,Brc1cncc(-c2ccccc2)c1.O=C(O)C1CCCCC1.Cc1ccn(C(N)=O)n1>>c1ccc(-c2cncc(C3CCCCC3)c2)cc1
plate_2,Cc1cnc(C(=N)N)cn1,8683.45952,plate_2_437,Brc1cncc(-c2ccccc2)c1.O=C(O)C1CCCCC1.Cc1cnc(C(=N)N)cn1>>c1ccc(-c2cncc(C3CCCCC3)c2)cc1
plate_2,Cc1cnc(C(C)NC(=O)OC(C)(C)C)[nH]1,5228.77564,plate_2_436,Brc1cncc(-c2ccccc2)c1.O=C(O)C1CCCCC1.Cc1cnc(C(C)NC(=O)OC(C)(C)C)[nH]1>>c1ccc(-c2cncc(C3CCCCC3)c2)cc1
plate_2,Cc1cnc(O)nc1,7318.93895,plate_2_438,Brc1cncc(-c2ccccc2)c1.O=C(O)C1CCCCC1.Cc1cnc(O)nc1>>c1ccc(-c2cncc(C3CCCCC3)c2)cc1
plate_2,Cc1cscn1,6742.27972,plate_2_440,Brc1cncc(-c2ccccc2)c1.O=C(O)C1CCCCC1.Cc1cscn1>>c1ccc(-c2cncc(C3CCCCC3)c2)cc1
plate_2,Cc1nc(-c2ccccc2O)cs1,872.21216,plate_2_442,Brc1cncc(-c2ccccc2)c1.O=C(O)C1CCCCC1.Cc1nc(-c2ccccc2O)cs1>>c1ccc(-c2cncc(C3CCCCC3)c2)cc1
plate_2,Cc1nc(=O)[nH]n1-c1ccccc1,1642.27944,plate_2_441,Brc1cncc(-c2ccccc2)c1.O=C(O)C1CCCCC1.Cc1nc(=O)[nH]n1-c1ccccc1>>c1ccc(-c2cncc(C3CCCCC3)c2)cc1
plate_2,Cn1c(=O)[nH]c2ccccc2c1=O,1636.58829,plate_2_444,Brc1cncc(-c2ccccc2)c1.O=C(O)C1CCCCC1.Cn1c(=O)[nH]c2ccccc2c1=O>>c1ccc(-c2cncc(C3CCCCC3)c2)cc1
plate_2,Cn1cc(C(=O)O)nn1,68.70035,plate_2_454,Brc1cncc(-c2ccccc2)c1.O=C(O)C1CCCCC1.Cn1cc(C(=O)O)nn1>>c1ccc(-c2cncc(C3CCCCC3)c2)cc1
plate_2,Cn1cc[nH]c1=O,7543.59665,plate_2_455,Brc1cncc(-c2ccccc2)c1.O=C(O)C1CCCCC1.Cn1cc[nH]c1=O>>c1ccc(-c2cncc(C3CCCCC3)c2)cc1
plate_2,Cn1ccc(=O)[nH]c1=O,17523.75093,plate_2_456,Brc1cncc(-c2ccccc2)c1.O=C(O)C1CCCCC1.Cn1ccc(=O)[nH]c1=O>>c1ccc(-c2cncc(C3CCCCC3)c2)cc1
plate_2,Cn1ccc(=O)n(C)c1=O,8483.77331,plate_2_457,Brc1cncc(-c2ccccc2)c1.O=C(O)C1CCCCC1.Cn1ccc(=O)n(C)c1=O>>c1ccc(-c2cncc(C3CCCCC3)c2)cc1
plate_2,Cn1ccc(C(=O)O)n1,282.49829,plate_2_458,Brc1cncc(-c2ccccc2)c1.O=C(O)C1CCCCC1.Cn1ccc(C(=O)O)n1>>c1ccc(-c2cncc(C3CCCCC3)c2)cc1
plate_2,Cn1ccnc1[N+](=O)[O-],1226.6019,plate_2_460,Brc1cncc(-c2ccccc2)c1.O=C(O)C1CCCCC1.Cn1ccnc1[N+](=O)[O-]>>c1ccc(-c2cncc(C3CCCCC3)c2)cc1
plate_2,Cn1cnc(C=O)c1,7395.76357,plate_2_451,Brc1cncc(-c2ccccc2)c1.O=C(O)C1CCCCC1.Cn1cnc(C=O)c1>>c1ccc(-c2cncc(C3CCCCC3)c2)cc1
plate_2,Cn1cnc(CO)c1,3262.84955,plate_2_452,Brc1cncc(-c2ccccc2)c1.O=C(O)C1CCCCC1.Cn1cnc(CO)c1>>c1ccc(-c2cncc(C3CCCCC3)c2)cc1
plate_2,Cn1cnc(S(N)(=O)=O)c1,6509.18953,plate_2_453,Brc1cncc(-c2ccccc2)c1.O=C(O)C1CCCCC1.Cn1cnc(S(N)(=O)=O)c1>>c1ccc(-c2cncc(C3CCCCC3)c2)cc1
plate_2,Cn1cnc2c(=O)[nH]c(=O)[nH]c21,10070.72114,plate_2_461,Brc1cncc(-c2ccccc2)c1.O=C(O)C1CCCCC1.Cn1cnc2c(=O)[nH]c(=O)[nH]c21>>c1ccc(-c2cncc(C3CCCCC3)c2)cc1
plate_2,Cn1cnc2c(=O)[nH]c(=O)n(C)c21,11446.97418,plate_2_463,Brc1cncc(-c2ccccc2)c1.O=C(O)C1CCCCC1.Cn1cnc2c(=O)[nH]c(=O)n(C)c21>>c1ccc(-c2cncc(C3CCCCC3)c2)cc1
plate_2,Cn1cnc2ccccc21,6525.50671,plate_2_462,Brc1cncc(-c2ccccc2)c1.O=C(O)C1CCCCC1.Cn1cnc2ccccc21>>c1ccc(-c2cncc(C3CCCCC3)c2)cc1
plate_2,Cn1cncc1C(=O)O,2654.94628,plate_2_464,Brc1cncc(-c2ccccc2)c1.O=C(O)C1CCCCC1.Cn1cncc1C(=O)O>>c1ccc(-c2cncc(C3CCCCC3)c2)cc1
plate_2,Cn1cncc1CO,5153.09743,plate_2_465,Brc1cncc(-c2ccccc2)c1.O=C(O)C1CCCCC1.Cn1cncc1CO>>c1ccc(-c2cncc(C3CCCCC3)c2)cc1
plate_2,Cn1nc(-c2ccccc2)cc1O,2064.93631,plate_2_445,Brc1cncc(-c2ccccc2)c1.O=C(O)C1CCCCC1.Cn1nc(-c2ccccc2)cc1O>>c1ccc(-c2cncc(C3CCCCC3)c2)cc1
plate_2,Cn1nccc1C(=O)O,3957.732165,plate_2_446,Brc1cncc(-c2ccccc2)c1.O=C(O)C1CCCCC1.Cn1nccc1C(=O)O>>c1ccc(-c2cncc(C3CCCCC3)c2)cc1
plate_2,Cn1nccc1O,224.50056,plate_2_448,Brc1cncc(-c2ccccc2)c1.O=C(O)C1CCCCC1.Cn1nccc1O>>c1ccc(-c2cncc(C3CCCCC3)c2)cc1
plate_2,Cn1nncc1C(=O)O,2268.87995,plate_2_449,Brc1cncc(-c2ccccc2)c1.O=C(O)C1CCCCC1.Cn1nncc1C(=O)O>>c1ccc(-c2cncc(C3CCCCC3)c2)cc1
plate_2,FC(F)(F)c1c[nH]cn1,2814.50588,plate_2_471,Brc1cncc(-c2ccccc2)c1.O=C(O)C1CCCCC1.FC(F)(F)c1c[nH]cn1>>c1ccc(-c2cncc(C3CCCCC3)c2)cc1
plate_2,FC(F)(F)c1cn[nH]c1,1932.98093,plate_2_470,Brc1cncc(-c2ccccc2)c1.O=C(O)C1CCCCC1.FC(F)(F)c1cn[nH]c1>>c1ccc(-c2cncc(C3CCCCC3)c2)cc1
plate_2,FC(F)(F)c1ncc[nH]1,7716.81298,plate_2_697,Brc1cncc(-c2ccccc2)c1.O=C(O)C1CCCCC1.FC(F)(F)c1ncc[nH]1>>c1ccc(-c2cncc(C3CCCCC3)c2)cc1
plate_2,Fc1ccc2[nH]ccc2c1,8520.29932,plate_2_503,Brc1cncc(-c2ccccc2)c1.O=C(O)C1CCCCC1.Fc1ccc2[nH]ccc2c1>>c1ccc(-c2cncc(C3CCCCC3)c2)cc1
plate_2,Fc1ccc2[nH]ncc2c1,4713.23433,plate_2_502,Brc1cncc(-c2ccccc2)c1.O=C(O)C1CCCCC1.Fc1ccc2[nH]ncc2c1>>c1ccc(-c2cncc(C3CCCCC3)c2)cc1
plate_2,Fc1ccccn1,6323.02941,plate_2_688,Brc1cncc(-c2ccccc2)c1.O=C(O)C1CCCCC1.Fc1ccccn1>>c1ccc(-c2cncc(C3CCCCC3)c2)cc1
plate_2,N#CC(C#N)c1ccccc1,897.55544,plate_2_564,Brc1cncc(-c2ccccc2)c1.O=C(O)C1CCCCC1.N#CC(C#N)c1ccccc1>>c1ccc(-c2cncc(C3CCCCC3)c2)cc1
plate_2,N#CC1(O)CCCCC1,5387.04601,plate_2_46,Brc1cncc(-c2ccccc2)c1.O=C(O)C1CCCCC1.N#CC1(O)CCCCC1>>c1ccc(-c2cncc(C3CCCCC3)c2)cc1
plate_2,N#CC1CCCCC1,8326.6075,plate_2_47,Brc1cncc(-c2ccccc2)c1.O=C(O)C1CCCCC1.N#CC1CCCCC1>>c1ccc(-c2cncc(C3CCCCC3)c2)cc1
plate_2,N#CC1CCCS1,7209.78416,plate_2_37,Brc1cncc(-c2ccccc2)c1.O=C(O)C1CCCCC1.N#CC1CCCS1>>c1ccc(-c2cncc(C3CCCCC3)c2)cc1
plate_2,N#CCC(=O)Nc1ccccc1,7377.45029,plate_2_591,Brc1cncc(-c2ccccc2)c1.O=C(O)C1CCCCC1.N#CCC(=O)Nc1ccccc1>>c1ccc(-c2cncc(C3CCCCC3)c2)cc1
plate_2,N#CCC1=CCCCC1,9481.64882,plate_2_40,Brc1cncc(-c2ccccc2)c1.O=C(O)C1CCCCC1.N#CCC1=CCCCC1>>c1ccc(-c2cncc(C3CCCCC3)c2)cc1
plate_2,N#CCCCc1ccccc1,9687.85253,plate_2_573,Brc1cncc(-c2ccccc2)c1.O=C(O)C1CCCCC1.N#CCCCc1ccccc1>>c1ccc(-c2cncc(C3CCCCC3)c2)cc1
plate_2,N#CCS(N)(=O)=O,6273.06152,plate_2_6,Brc1cncc(-c2ccccc2)c1.O=C(O)C1CCCCC1.N#CCS(N)(=O)=O>>c1ccc(-c2cncc(C3CCCCC3)c2)cc1
plate_2,N#CCc1cccc2cccnc12,5335.60243,plate_2_517,Brc1cncc(-c2ccccc2)c1.O=C(O)C1CCCCC1.N#CCc1cccc2cccnc12>>c1ccc(-c2cncc(C3CCCCC3)c2)cc1
plate_2,N#CCc1nccs1,553.76176,plate_2_716,Brc1cncc(-c2ccccc2)c1.O=C(O)C1CCCCC1.N#CCc1nccs1>>c1ccc(-c2cncc(C3CCCCC3)c2)cc1
plate_2,N#C[C@@H]1CC[C@H]1C#N,12987.33966,plate_2_76,Brc1cncc(-c2ccccc2)c1.O=C(O)C1CCCCC1.N#C[C@@H]1CC[C@H]1C#N>>c1ccc(-c2cncc(C3CCCCC3)c2)cc1
plate_2,N#Cc1cccc(C#N)n1,10144.324325,plate_2_482,Brc1cncc(-c2ccccc2)c1.O=C(O)C1CCCCC1.N#Cc1cccc(C#N)n1>>c1ccc(-c2cncc(C3CCCCC3)c2)cc1
plate_2,N#Cc1cccc2cc[nH]c12,8542.33186,plate_2_509,Brc1cncc(-c2ccccc2)c1.O=C(O)C1CCCCC1.N#Cc1cccc2cc[nH]c12>>c1ccc(-c2cncc(C3CCCCC3)c2)cc1
plate_2,N#Cc1cccc2cccnc12,2920.80289,plate_2_516,Brc1cncc(-c2ccccc2)c1.O=C(O)C1CCCCC1.N#Cc1cccc2cccnc12>>c1ccc(-c2cncc(C3CCCCC3)c2)cc1
plate_2,N#Cc1ccccc1,9227.49025,plate_2_558,Brc1cncc(-c2ccccc2)c1.O=C(O)C1CCCCC1.N#Cc1ccccc1>>c1ccc(-c2cncc(C3CCCCC3)c2)cc1
plate_2,N#Cc1ccccc1C#N,10707.60998,plate_2_526,Brc1cncc(-c2ccccc2)c1.O=C(O)C1CCCCC1.N#Cc1ccccc1C#N>>c1ccc(-c2cncc(C3CCCCC3)c2)cc1
plate_2,N#Cc1ccccc1O,1443.21886,plate_2_527,Brc1cncc(-c2ccccc2)c1.O=C(O)C1CCCCC1.N#Cc1ccccc1O>>c1ccc(-c2cncc(C3CCCCC3)c2)cc1
plate_2,N#Cc1ccccc1[N+](=O)[O-],2078.81322,plate_2_528,Brc1cncc(-c2ccccc2)c1.O=C(O)C1CCCCC1.N#Cc1ccccc1[N+](=O)[O-]>>c1ccc(-c2cncc(C3CCCCC3)c2)cc1
plate_2,N#Cc1ccccn1,12818.54283,plate_2_678,Brc1cncc(-c2ccccc2)c1.O=C(O)C1CCCCC1.N#Cc1ccccn1>>c1ccc(-c2cncc(C3CCCCC3)c2)cc1
plate_2,N#Cc1ncccn1,11276.49738,plate_2_701,Brc1cncc(-c2ccccc2)c1.O=C(O)C1CCCCC1.N#Cc1ncccn1>>c1ccc(-c2cncc(C3CCCCC3)c2)cc1
plate_2,N#Cc1nccs1,7659.91173,plate_2_715,Brc1cncc(-c2ccccc2)c1.O=C(O)C1CCCCC1.N#Cc1nccs1>>c1ccc(-c2cncc(C3CCCCC3)c2)cc1
plate_2,N#N,7370.179842222222,plate_2_466,Brc1cncc(-c2ccccc2)c1.O=C(O)C1CCCCC1.N#N>>c1ccc(-c2cncc(C3CCCCC3)c2)cc1
plate_2,N/C(=N\O)c1ccccc1,5683.50988,plate_2_555,Brc1cncc(-c2ccccc2)c1.O=C(O)C1CCCCC1.N/C(=N\O)c1ccccc1>>c1ccc(-c2cncc(C3CCCCC3)c2)cc1
plate_2,N/C(=N\O)c1ccccn1,206.80412,plate_2_676,Brc1cncc(-c2ccccc2)c1.O=C(O)C1CCCCC1.N/C(=N\O)c1ccccn1>>c1ccc(-c2cncc(C3CCCCC3)c2)cc1
plate_2,N/C(=N\O)c1cccs1,2818.77897,plate_2_489,Brc1cncc(-c2ccccc2)c1.O=C(O)C1CCCCC1.N/C(=N\O)c1cccs1>>c1ccc(-c2cncc(C3CCCCC3)c2)cc1
plate_2,N/C(=N\O)c1cnc2ccccc2n1,2455.74455,plate_2_669,Brc1cncc(-c2ccccc2)c1.O=C(O)C1CCCCC1.N/C(=N\O)c1cnc2ccccc2n1>>c1ccc(-c2cncc(C3CCCCC3)c2)cc1
plate_2,N/C(=N\O)c1nc2ccccc2s1,1238.90084,plate_2_666,Brc1cncc(-c2ccccc2)c1.O=C(O)C1CCCCC1.N/C(=N\O)c1nc2ccccc2s1>>c1ccc(-c2cncc(C3CCCCC3)c2)cc1
plate_2,N/C(Cc1ccccc1)=N\O,251.86482,plate_2_568,Brc1cncc(-c2ccccc2)c1.O=C(O)C1CCCCC1.N/C(Cc1ccccc1)=N\O>>c1ccc(-c2cncc(C3CCCCC3)c2)cc1
plate_2,N/N=C/c1ccccc1O,2456.70623,plate_2_525,Brc1cncc(-c2ccccc2)c1.O=C(O)C1CCCCC1.N/N=C/c1ccccc1O>>c1ccc(-c2cncc(C3CCCCC3)c2)cc1
plate_2,N=C(N)c1cc2ccccc2o1,3786.35145,plate_2_649,Brc1cncc(-c2ccccc2)c1.O=C(O)C1CCCCC1.N=C(N)c1cc2ccccc2o1>>c1ccc(-c2cncc(C3CCCCC3)c2)cc1
plate_2,N=C(N)c1nc2ccccc2s1,3088.22747,plate_2_667,Brc1cncc(-c2ccccc2)c1.O=C(O)C1CCCCC1.N=C(N)c1nc2ccccc2s1>>c1ccc(-c2cncc(C3CCCCC3)c2)cc1
plate_2,N=C(NO)C1CCCC1,2866.95546,plate_2_45,Brc1cncc(-c2ccccc2)c1.O=C(O)C1CCCCC1.N=C(NO)C1CCCC1>>c1ccc(-c2cncc(C3CCCCC3)c2)cc1
plate_2,N=C(n1nnc2ccccc21)n1nnc2ccccc21,2129.30534,plate_2_670,Brc1cncc(-c2ccccc2)c1.O=C(O)C1CCCCC1.N=C(n1nnc2ccccc21)n1nnc2ccccc21>>c1ccc(-c2cncc(C3CCCCC3)c2)cc1
plate_2,N=C1NC(=O)c2ccccc21,13420.70734,plate_2_619,Brc1cncc(-c2ccccc2)c1.O=C(O)C1CCCCC1.N=C1NC(=O)c2ccccc21>>c1ccc(-c2cncc(C3CCCCC3)c2)cc1
plate_2,NC(=O)C(C(N)=O)c1ccccc1,7066.12817,plate_2_565,Brc1cncc(-c2ccccc2)c1.O=C(O)C1CCCCC1.NC(=O)C(C(N)=O)c1ccccc1>>c1ccc(-c2cncc(C3CCCCC3)c2)cc1
plate_2,NC(=O)C(F)(F)F,9782.01765,plate_2_5,Brc1cncc(-c2ccccc2)c1.O=C(O)C1CCCCC1.NC(=O)C(F)(F)F>>c1ccc(-c2cncc(C3CCCCC3)c2)cc1
plate_2,NC(=O)C(c1ccccc1)c1ccccn1,6472.44029,plate_2_567,Brc1cncc(-c2ccccc2)c1.O=C(O)C1CCCCC1.NC(=O)C(c1ccccc1)c1ccccn1>>c1ccc(-c2cncc(C3CCCCC3)c2)cc1
plate_2,NC(=O)C1CCCCC1,8577.33054,plate_2_48,Brc1cncc(-c2ccccc2)c1.O=C(O)C1CCCCC1.NC(=O)C1CCCCC1>>c1ccc(-c2cncc(C3CCCCC3)c2)cc1
plate_2,NC(=O)CC(=O)O,3028.98994,plate_2_8,Brc1cncc(-c2ccccc2)c1.O=C(O)C1CCCCC1.NC(=O)CC(=O)O>>c1ccc(-c2cncc(C3CCCCC3)c2)cc1
plate_2,NC(=O)CC(N)=O,6731.26868,plate_2_7,Brc1cncc(-c2ccccc2)c1.O=C(O)C1CCCCC1.NC(=O)CC(N)=O>>c1ccc(-c2cncc(C3CCCCC3)c2)cc1
plate_2,NC(=O)CCC(N)=O,8877.96846,plate_2_12,Brc1cncc(-c2ccccc2)c1.O=C(O)C1CCCCC1.NC(=O)CCC(N)=O>>c1ccc(-c2cncc(C3CCCCC3)c2)cc1
plate_2,NC(=O)CN1CCCC1=O,6094.93023,plate_2_29,Brc1cncc(-c2ccccc2)c1.O=C(O)C1CCCCC1.NC(=O)CN1CCCC1=O>>c1ccc(-c2cncc(C3CCCCC3)c2)cc1
plate_2,NC(=O)COCc1ccccc1,7978.00283,plate_2_580,Brc1cncc(-c2ccccc2)c1.O=C(O)C1CCCCC1.NC(=O)COCc1ccccc1>>c1ccc(-c2cncc(C3CCCCC3)c2)cc1
plate_2,NC(=O)Cc1cc2ccccc2s1,7125.09381,plate_2_651,Brc1cncc(-c2ccccc2)c1.O=C(O)C1CCCCC1.NC(=O)Cc1cc2ccccc2s1>>c1ccc(-c2cncc(C3CCCCC3)c2)cc1
plate_2,NC(=O)Cc1ccccn1,8927.18842,plate_2_685,Brc1cncc(-c2ccccc2)c1.O=C(O)C1CCCCC1.NC(=O)Cc1ccccn1>>c1ccc(-c2cncc(C3CCCCC3)c2)cc1
plate_2,NC(=O)Cc1cccs1,7999.20377,plate_2_492,Brc1cncc(-c2ccccc2)c1.O=C(O)C1CCCCC1.NC(=O)Cc1cccs1>>c1ccc(-c2cncc(C3CCCCC3)c2)cc1
plate_2,NC(=O)Cc1cncs1,6970.9268,plate_2_476,Brc1cncc(-c2ccccc2)c1.O=C(O)C1CCCCC1.NC(=O)Cc1cncs1>>c1ccc(-c2cncc(C3CCCCC3)c2)cc1
plate_2,NC(=O)Cc1nc2ccccc2[nH]1,4154.28067,plate_2_639,Brc1cncc(-c2ccccc2)c1.O=C(O)C1CCCCC1.NC(=O)Cc1nc2ccccc2[nH]1>>c1ccc(-c2cncc(C3CCCCC3)c2)cc1
plate_2,NC(=O)Cn1nnc2ccccc21,8621.9364,plate_2_672,Brc1cncc(-c2ccccc2)c1.O=C(O)C1CCCCC1.NC(=O)Cn1nnc2ccccc21>>c1ccc(-c2cncc(C3CCCCC3)c2)cc1
plate_2,NC(=O)NCc1ccccc1,11426.03594,plate_2_578,Brc1cncc(-c2ccccc2)c1.O=C(O)C1CCCCC1.NC(=O)NCc1ccccc1>>c1ccc(-c2cncc(C3CCCCC3)c2)cc1
plate_2,NC(=O)Nc1ccccc1,10549.63716,plate_2_592,Brc1cncc(-c2ccccc2)c1.O=C(O)C1CCCCC1.NC(=O)Nc1ccccc1>>c1ccc(-c2cncc(C3CCCCC3)c2)cc1
plate_2,NC(=O)Nc1ccccn1,5584.72919,plate_2_689,Brc1cncc(-c2ccccc2)c1.O=C(O)C1CCCCC1.NC(=O)Nc1ccccn1>>c1ccc(-c2cncc(C3CCCCC3)c2)cc1
plate_2,NC(=O)Oc1ccccc1,6801.44307,plate_2_596,Brc1cncc(-c2ccccc2)c1.O=C(O)C1CCCCC1.NC(=O)Oc1ccccc1>>c1ccc(-c2cncc(C3CCCCC3)c2)cc1
plate_2,NC(=O)[C@@H]1CCCC[C@@H]1O,5685.88648,plate_2_62,Brc1cncc(-c2ccccc2)c1.O=C(O)C1CCCCC1.NC(=O)[C@@H]1CCCC[C@@H]1O>>c1ccc(-c2cncc(C3CCCCC3)c2)cc1
plate_2,NC(=O)[C@@H]1CCCC[C@H]1O,12096.2681,plate_2_64,Brc1cncc(-c2ccccc2)c1.O=C(O)C1CCCCC1.NC(=O)[C@@H]1CCCC[C@H]1O>>c1ccc(-c2cncc(C3CCCCC3)c2)cc1
plate_2,NC(=O)[C@@H]1CCCO1,11093.52261,plate_2_75,Brc1cncc(-c2ccccc2)c1.O=C(O)C1CCCCC1.NC(=O)[C@@H]1CCCO1>>c1ccc(-c2cncc(C3CCCCC3)c2)cc1
plate_2,NC(=O)c1cc2ccccc2cc1O,6544.85494,plate_2_673,Brc1cncc(-c2ccccc2)c1.O=C(O)C1CCCCC1.NC(=O)c1cc2ccccc2cc1O>>c1ccc(-c2cncc(C3CCCCC3)c2)cc1
plate_2,NC(=O)c1ccccc1C(N)=O,10490.58347,plate_2_529,Brc1cncc(-c2ccccc2)c1.O=C(O)C1CCCCC1.NC(=O)c1ccccc1C(N)=O>>c1ccc(-c2cncc(C3CCCCC3)c2)cc1
plate_2,NC(=O)c1ccccc1O,689.32773,plate_2_530,Brc1cncc(-c2ccccc2)c1.O=C(O)C1CCCCC1.NC(=O)c1ccccc1O>>c1ccc(-c2cncc(C3CCCCC3)c2)cc1
plate_2,NC(=O)c1ccccc1OCC(=O)O,3964.15521,plate_2_531,Brc1cncc(-c2ccccc2)c1.O=C(O)C1CCCCC1.NC(=O)c1ccccc1OCC(=O)O>>c1ccc(-c2cncc(C3CCCCC3)c2)cc1
plate_2,NC(=O)c1ccccc1[N+](=O)[O-],1014.51383,plate_2_532,Brc1cncc(-c2ccccc2)c1.O=C(O)C1CCCCC1.NC(=O)c1ccccc1[N+](=O)[O-]>>c1ccc(-c2cncc(C3CCCCC3)c2)cc1
plate_2,NC(=O)c1ccccn1,5073.05662,plate_2_680,Brc1cncc(-c2ccccc2)c1.O=C(O)C1CCCCC1.NC(=O)c1ccccn1>>c1ccc(-c2cncc(C3CCCCC3)c2)cc1
plate_2,NC(=O)c1cn2ccccc2n1,4143.2465,plate_2_675,Brc1cncc(-c2ccccc2)c1.O=C(O)C1CCCCC1.NC(=O)c1cn2ccccc2n1>>c1ccc(-c2cncc(C3CCCCC3)c2)cc1
plate_2,NC(=O)c1nccc2ccccc12,15670.36107,plate_2_659,Brc1cncc(-c2ccccc2)c1.O=C(O)C1CCCCC1.NC(=O)c1nccc2ccccc12>>c1ccc(-c2cncc(C3CCCCC3)c2)cc1
plate_2,NC(=O)c1ncco1,5280.54989,plate_2_712,Brc1cncc(-c2ccccc2)c1.O=C(O)C1CCCCC1.NC(=O)c1ncco1>>c1ccc(-c2cncc(C3CCCCC3)c2)cc1
plate_2,NC(=O)n1nnc2ccccc21,2787.76404,plate_2_671,Brc1cncc(-c2ccccc2)c1.O=C(O)C1CCCCC1.NC(=O)n1nnc2ccccc21>>c1ccc(-c2cncc(C3CCCCC3)c2)cc1
plate_2,NC(=S)N1CCCCC1,11039.65928,plate_2_57,Brc1cncc(-c2ccccc2)c1.O=C(O)C1CCCCC1.NC(=S)N1CCCCC1>>c1ccc(-c2cncc(C3CCCCC3)c2)cc1
plate_2,NC(=S)NC1CCCCC1,12021.75645,plate_2_51,Brc1cncc(-c2ccccc2)c1.O=C(O)C1CCCCC1.NC(=S)NC1CCCCC1>>c1ccc(-c2cncc(C3CCCCC3)c2)cc1
plate_2,NC(=S)Nc1ccccc1,2573.98714,plate_2_593,Brc1cncc(-c2ccccc2)c1.O=C(O)C1CCCCC1.NC(=S)Nc1ccccc1>>c1ccc(-c2cncc(C3CCCCC3)c2)cc1
plate_2,NC(=S)Nc1ccccn1,4782.18835,plate_2_690,Brc1cncc(-c2ccccc2)c1.O=C(O)C1CCCCC1.NC(=S)Nc1ccccn1>>c1ccc(-c2cncc(C3CCCCC3)c2)cc1
plate_2,NC(=S)c1ccccn1,0.0,plate_2_682,Brc1cncc(-c2ccccc2)c1.O=C(O)C1CCCCC1.NC(=S)c1ccccn1>>c1ccc(-c2cncc(C3CCCCC3)c2)cc1
plate_2,NC(=S)c1ncccn1,1051.02777,plate_2_702,Brc1cncc(-c2ccccc2)c1.O=C(O)C1CCCCC1.NC(=S)c1ncccn1>>c1ccc(-c2cncc(C3CCCCC3)c2)cc1
plate_2,NC1=NC(C(=O)O)CS1,7088.92195,plate_2_27,Brc1cncc(-c2ccccc2)c1.O=C(O)C1CCCCC1.NC1=NC(C(=O)O)CS1>>c1ccc(-c2cncc(C3CCCCC3)c2)cc1
plate_2,NC1=NCCS1,4929.95496,plate_2_73,Brc1cncc(-c2ccccc2)c1.O=C(O)C1CCCCC1.NC1=NCCS1>>c1ccc(-c2cncc(C3CCCCC3)c2)cc1
plate_2,NNC(=O)c1ccccc1,1768.55114,plate_2_560,Brc1cncc(-c2ccccc2)c1.O=C(O)C1CCCCC1.NNC(=O)c1ccccc1>>c1ccc(-c2cncc(C3CCCCC3)c2)cc1
plate_2,NNc1ncccn1,1534.73324,plate_2_706,Brc1cncc(-c2ccccc2)c1.O=C(O)C1CCCCC1.NNc1ncccn1>>c1ccc(-c2cncc(C3CCCCC3)c2)cc1
plate_2,NS(=O)(=O)N1CCCC1,11340.94267,plate_2_56,Brc1cncc(-c2ccccc2)c1.O=C(O)C1CCCCC1.NS(=O)(=O)N1CCCC1>>c1ccc(-c2cncc(C3CCCCC3)c2)cc1
plate_2,NS(=O)(=O)c1ccccc1,8262.46366,plate_2_600,Brc1cncc(-c2ccccc2)c1.O=C(O)C1CCCCC1.NS(=O)(=O)c1ccccc1>>c1ccc(-c2cncc(C3CCCCC3)c2)cc1
plate_2,NS(=O)(=O)c1cccs1,8961.2255,plate_2_493,Brc1cncc(-c2ccccc2)c1.O=C(O)C1CCCCC1.NS(=O)(=O)c1cccs1>>c1ccc(-c2cncc(C3CCCCC3)c2)cc1
plate_2,NS(N)(=O)=O,6569.73256,plate_2_467,Brc1cncc(-c2ccccc2)c1.O=C(O)C1CCCCC1.NS(N)(=O)=O>>c1ccc(-c2cncc(C3CCCCC3)c2)cc1
plate_2,Nc1ncccn1,5332.82715,plate_2_704,Brc1cncc(-c2ccccc2)c1.O=C(O)C1CCCCC1.Nc1ncccn1>>c1ccc(-c2cncc(C3CCCCC3)c2)cc1
plate_2,O/N=C/c1ccccc1,202.8211,plate_2_557,Brc1cncc(-c2ccccc2)c1.O=C(O)C1CCCCC1.O/N=C/c1ccccc1>>c1ccc(-c2cncc(C3CCCCC3)c2)cc1
plate_2,O/N=C/c1ccccn1,794.7901,plate_2_677,Brc1cncc(-c2ccccc2)c1.O=C(O)C1CCCCC1.O/N=C/c1ccccn1>>c1ccc(-c2cncc(C3CCCCC3)c2)cc1
plate_2,O=C(C(=O)c1ccco1)c1ccco1,2577.66136,plate_2_484,Brc1cncc(-c2ccccc2)c1.O=C(O)C1CCCCC1.O=C(C(=O)c1ccco1)c1ccco1>>c1ccc(-c2cncc(C3CCCCC3)c2)cc1
plate_2,O=C(CC(=O)Nc1nccs1)Nc1nccs1,1060.56712,plate_2_717,Brc1cncc(-c2ccccc2)c1.O=C(O)C1CCCCC1.O=C(CC(=O)Nc1nccs1)Nc1nccs1>>c1ccc(-c2cncc(C3CCCCC3)c2)cc1
plate_2,O=C(CC(=O)c1ccccn1)c1ccccn1,28.06104,plate_2_679,Brc1cncc(-c2ccccc2)c1.O=C(O)C1CCCCC1.O=C(CC(=O)c1ccccn1)c1ccccn1>>c1ccc(-c2cncc(C3CCCCC3)c2)cc1
plate_2,O=C(NO)c1ccccc1,3391.49735,plate_2_561,Brc1cncc(-c2ccccc2)c1.O=C(O)C1CCCCC1.O=C(NO)c1ccccc1>>c1ccc(-c2cncc(C3CCCCC3)c2)cc1
plate_2,O=C(O)C(=O)c1ccccc1,220.547695,plate_2_559,Brc1cncc(-c2ccccc2)c1.O=C(O)C1CCCCC1.O=C(O)C(=O)c1ccccc1>>c1ccc(-c2cncc(C3CCCCC3)c2)cc1
plate_2,O=C(O)C(O)CO,4773.03834,plate_2_9,Brc1cncc(-c2ccccc2)c1.O=C(O)C1CCCCC1.O=C(O)C(O)CO>>c1ccc(-c2cncc(C3CCCCC3)c2)cc1
plate_2,O=C(O)C1CCCCC1,7104.84932,plate_2_49,Brc1cncc(-c2ccccc2)c1.O=C(O)C1CCCCC1.O=C(O)C1CCCCC1>>c1ccc(-c2cncc(C3CCCCC3)c2)cc1
plate_2,O=C(O)C1CCCCO1,1771.68471,plate_2_59,Brc1cncc(-c2ccccc2)c1.O=C(O)C1CCCCC1.O=C(O)C1CCCCO1>>c1ccc(-c2cncc(C3CCCCC3)c2)cc1
plate_2,O=C(O)C1CCCO1,1433.86917,plate_2_34,Brc1cncc(-c2ccccc2)c1.O=C(O)C1CCCCC1.O=C(O)C1CCCO1>>c1ccc(-c2cncc(C3CCCCC3)c2)cc1
plate_2,O=C(O)C1CCCn2cnnc21,41.52947,plate_2_718,Brc1cncc(-c2ccccc2)c1.O=C(O)C1CCCCC1.O=C(O)C1CCCn2cnnc21>>c1ccc(-c2cncc(C3CCCCC3)c2)cc1
plate_2,O=C(O)C1Cc2ccccc2O1,4479.36073,plate_2_627,Brc1cncc(-c2ccccc2)c1.O=C(O)C1CCCCC1.O=C(O)C1Cc2ccccc2O1>>c1ccc(-c2cncc(C3CCCCC3)c2)cc1
plate_2,O=C(O)CC1CCCO1,6081.46887,plate_2_35,Brc1cncc(-c2ccccc2)c1.O=C(O)C1CCCCC1.O=C(O)CC1CCCO1>>c1ccc(-c2cncc(C3CCCCC3)c2)cc1
plate_2,O=C(O)CCN1CCCC1=O,5464.06846,plate_2_30,Brc1cncc(-c2ccccc2)c1.O=C(O)C1CCCCC1.O=C(O)CCN1CCCC1=O>>c1ccc(-c2cncc(C3CCCCC3)c2)cc1
plate_2,O=C(O)CCOc1ccccc1,5276.944495,plate_2_598,Brc1cncc(-c2ccccc2)c1.O=C(O)C1CCCCC1.O=C(O)CCOc1ccccc1>>c1ccc(-c2cncc(C3CCCCC3)c2)cc1
plate_2,O=C(O)CCc1ccccc1,3748.06477,plate_2_571,Brc1cncc(-c2ccccc2)c1.O=C(O)C1CCCCC1.O=C(O)CCc1ccccc1>>c1ccc(-c2cncc(C3CCCCC3)c2)cc1
plate_2,O=C(O)CNC(=O)c1ccccc1O,1767.75057,plate_2_534,Brc1cncc(-c2ccccc2)c1.O=C(O)C1CCCCC1.O=C(O)CNC(=O)c1ccccc1O>>c1ccc(-c2cncc(C3CCCCC3)c2)cc1
plate_2,O=C(O)COCc1ccccc1,2875.49926,plate_2_581,Brc1cncc(-c2ccccc2)c1.O=C(O)C1CCCCC1.O=C(O)COCc1ccccc1>>c1ccc(-c2cncc(C3CCCCC3)c2)cc1
plate_2,O=C(O)COc1ccccc1,8084.24984,plate_2_597,Brc1cncc(-c2ccccc2)c1.O=C(O)C1CCCCC1.O=C(O)COc1ccccc1>>c1ccc(-c2cncc(C3CCCCC3)c2)cc1
plate_2,O=C(O)COc1ccccc1O,181.33915,plate_2_545,Brc1cncc(-c2ccccc2)c1.O=C(O)C1CCCCC1.O=C(O)COc1ccccc1O>>c1ccc(-c2cncc(C3CCCCC3)c2)cc1
plate_2,O=C(O)Cc1ccccc1O,0.0,plate_2_540,Brc1cncc(-c2ccccc2)c1.O=C(O)C1CCCCC1.O=C(O)Cc1ccccc1O>>c1ccc(-c2cncc(C3CCCCC3)c2)cc1
plate_2,O=C(O)Cc1ccco1,1747.16768,plate_2_487,Brc1cncc(-c2ccccc2)c1.O=C(O)C1CCCCC1.O=C(O)Cc1ccco1>>c1ccc(-c2cncc(C3CCCCC3)c2)cc1
plate_2,O=C(O)Cc1ncccn1,1314.56255,plate_2_703,Brc1cncc(-c2ccccc2)c1.O=C(O)C1CCCCC1.O=C(O)Cc1ncccn1>>c1ccc(-c2cncc(C3CCCCC3)c2)cc1
plate_2,O=C(O)Cc1nnn[nH]1,985.8397,plate_2_16,Brc1cncc(-c2ccccc2)c1.O=C(O)C1CCCCC1.O=C(O)Cc1nnn[nH]1>>c1ccc(-c2cncc(C3CCCCC3)c2)cc1
plate_2,O=C(O)Cn1c(=O)oc2ccccc21,4855.77473,plate_2_664,Brc1cncc(-c2ccccc2)c1.O=C(O)C1CCCCC1.O=C(O)Cn1c(=O)oc2ccccc21>>c1ccc(-c2cncc(C3CCCCC3)c2)cc1
plate_2,O=C(O)Cn1cccc1,3763.48642,plate_2_674,Brc1cncc(-c2ccccc2)c1.O=C(O)C1CCCCC1.O=C(O)Cn1cccc1>>c1ccc(-c2cncc(C3CCCCC3)c2)cc1
plate_2,O=C(O)Cn1cccn1,337.68873,plate_2_710,Brc1cncc(-c2ccccc2)c1.O=C(O)C1CCCCC1.O=C(O)Cn1cccn1>>c1ccc(-c2cncc(C3CCCCC3)c2)cc1
plate_2,O=C(O)Cn1ccnc1,5762.92826,plate_2_695,Brc1cncc(-c2ccccc2)c1.O=C(O)C1CCCCC1.O=C(O)Cn1ccnc1>>c1ccc(-c2cncc(C3CCCCC3)c2)cc1
plate_2,O=C(O)Cn1ccnn1,6505.87488,plate_2_696,Brc1cncc(-c2ccccc2)c1.O=C(O)C1CCCCC1.O=C(O)Cn1ccnn1>>c1ccc(-c2cncc(C3CCCCC3)c2)cc1
plate_2,O=C(O)Cn1cnnn1,2863.73044,plate_2_719,Brc1cncc(-c2ccccc2)c1.O=C(O)C1CCCCC1.O=C(O)Cn1cnnn1>>c1ccc(-c2cncc(C3CCCCC3)c2)cc1
plate_2,O=C(O)[C@H]1CCCC[C@@H]1C(=O)O,1494.4069,plate_2_63,Brc1cncc(-c2ccccc2)c1.O=C(O)C1CCCCC1.O=C(O)[C@H]1CCCC[C@@H]1C(=O)O>>c1ccc(-c2cncc(C3CCCCC3)c2)cc1
plate_2,O=C(O)[C@H]1CCCN1c1ncccn1,997.37822,plate_2_705,Brc1cncc(-c2ccccc2)c1.O=C(O)C1CCCCC1.O=C(O)[C@H]1CCCN1c1ncccn1>>c1ccc(-c2cncc(C3CCCCC3)c2)cc1
plate_2,O=C(O)c1c[nH]nn1,3524.35423,plate_2_474,Brc1cncc(-c2ccccc2)c1.O=C(O)C1CCCCC1.O=C(O)c1c[nH]nn1>>c1ccc(-c2cncc(C3CCCCC3)c2)cc1
plate_2,O=C(O)c1cc(C(F)(F)F)ccn1,709.385475,plate_2_700,Brc1cncc(-c2ccccc2)c1.O=C(O)C1CCCCC1.O=C(O)c1cc(C(F)(F)F)ccn1>>c1ccc(-c2cncc(C3CCCCC3)c2)cc1
plate_2,O=C(O)c1cc2cccc(O)c2[nH]1,1475.49928,plate_2_508,Brc1cncc(-c2ccccc2)c1.O=C(O)C1CCCCC1.O=C(O)c1cc2cccc(O)c2[nH]1>>c1ccc(-c2cncc(C3CCCCC3)c2)cc1
plate_2,O=C(O)c1cc2ccccc2s1,1477.53332,plate_2_650,Brc1cncc(-c2ccccc2)c1.O=C(O)C1CCCCC1.O=C(O)c1cc2ccccc2s1>>c1ccc(-c2cncc(C3CCCCC3)c2)cc1
plate_2,O=C(O)c1cc[nH]n1,2407.66999,plate_2_477,Brc1cncc(-c2ccccc2)c1.O=C(O)C1CCCCC1.O=C(O)c1cc[nH]n1>>c1ccc(-c2cncc(C3CCCCC3)c2)cc1
plate_2,O=C(O)c1ccc(C(=O)O)s1,132.30376,plate_2_496,Brc1cncc(-c2ccccc2)c1.O=C(O)C1CCCCC1.O=C(O)c1ccc(C(=O)O)s1>>c1ccc(-c2cncc(C3CCCCC3)c2)cc1
plate_2,O=C(O)c1ccc2ccccc2n1,87.23206,plate_2_655,Brc1cncc(-c2ccccc2)c1.O=C(O)C1CCCCC1.O=C(O)c1ccc2ccccc2n1>>c1ccc(-c2cncc(C3CCCCC3)c2)cc1
plate_2,O=C(O)c1cccc2c1OCC2,1534.69357,plate_2_499,Brc1cncc(-c2ccccc2)c1.O=C(O)C1CCCCC1.O=C(O)c1cccc2c1OCC2>>c1ccc(-c2cncc(C3CCCCC3)c2)cc1
plate_2,O=C(O)c1cccc2cc[nH]c12,3109.56874,plate_2_510,Brc1cncc(-c2ccccc2)c1.O=C(O)C1CCCCC1.O=C(O)c1cccc2cc[nH]c12>>c1ccc(-c2cncc(C3CCCCC3)c2)cc1
plate_2,O=C(O)c1cccc2ccc(=O)[nH]c12,5712.60655,plate_2_513,Brc1cncc(-c2ccccc2)c1.O=C(O)C1CCCCC1.O=C(O)c1cccc2ccc(=O)[nH]c12>>c1ccc(-c2cncc(C3CCCCC3)c2)cc1
plate_2,O=C(O)c1cccc2ccnn12,120.76487,plate_2_519,Brc1cncc(-c2ccccc2)c1.O=C(O)C1CCCCC1.O=C(O)c1cccc2ccnn12>>c1ccc(-c2cncc(C3CCCCC3)c2)cc1
plate_2,O=C(O)c1cccc2cn[nH]c12,171.63934,plate_2_520,Brc1cncc(-c2ccccc2)c1.O=C(O)C1CCCCC1.O=C(O)c1cccc2cn[nH]c12>>c1ccc(-c2cncc(C3CCCCC3)c2)cc1
plate_2,O=C(O)c1cccc2ncsc12,2979.22501,plate_2_480,Brc1cncc(-c2ccccc2)c1.O=C(O)C1CCCCC1.O=C(O)c1cccc2ncsc12>>c1ccc(-c2cncc(C3CCCCC3)c2)cc1
plate_2,O=C(O)c1cccc[n+]1[O-],2445.22888,plate_2_523,Brc1cncc(-c2ccccc2)c1.O=C(O)C1CCCCC1.O=C(O)c1cccc[n+]1[O-]>>c1ccc(-c2cncc(C3CCCCC3)c2)cc1
plate_2,O=C(O)c1ccccc1,6085.01867,plate_2_562,Brc1cncc(-c2ccccc2)c1.O=C(O)C1CCCCC1.O=C(O)c1ccccc1>>c1ccc(-c2cncc(C3CCCCC3)c2)cc1
plate_2,O=C(O)c1ccccc1-c1ncc[nH]1,3115.61127,plate_2_547,Brc1cncc(-c2ccccc2)c1.O=C(O)C1CCCCC1.O=C(O)c1ccccc1-c1ncc[nH]1>>c1ccc(-c2cncc(C3CCCCC3)c2)cc1
plate_2,O=C(O)c1ccccc1-c1nnn[nH]1,379.35452,plate_2_548,Brc1cncc(-c2ccccc2)c1.O=C(O)C1CCCCC1.O=C(O)c1ccccc1-c1nnn[nH]1>>c1ccc(-c2cncc(C3CCCCC3)c2)cc1
plate_2,O=C(O)c1ccccc1-n1ccnn1,3267.02406,plate_2_535,Brc1cncc(-c2ccccc2)c1.O=C(O)C1CCCCC1.O=C(O)c1ccccc1-n1ccnn1>>c1ccc(-c2cncc(C3CCCCC3)c2)cc1
plate_2,O=C(O)c1ccccc1-n1nccn1,4180.79927,plate_2_536,Brc1cncc(-c2ccccc2)c1.O=C(O)C1CCCCC1.O=C(O)c1ccccc1-n1nccn1>>c1ccc(-c2cncc(C3CCCCC3)c2)cc1
plate_2,O=C(O)c1ccccc1-n1ncnn1,3010.26083,plate_2_537,Brc1cncc(-c2ccccc2)c1.O=C(O)C1CCCCC1.O=C(O)c1ccccc1-n1ncnn1>>c1ccc(-c2cncc(C3CCCCC3)c2)cc1
plate_2,O=C(O)c1ccccn1,2120.32899,plate_2_681,Brc1cncc(-c2ccccc2)c1.O=C(O)C1CCCCC1.O=C(O)c1ccccn1>>c1ccc(-c2cncc(C3CCCCC3)c2)cc1
plate_2,O=C(O)c1ccco1,3171.9095,plate_2_485,Brc1cncc(-c2ccccc2)c1.O=C(O)C1CCCCC1.O=C(O)c1ccco1>>c1ccc(-c2cncc(C3CCCCC3)c2)cc1
plate_2,O=C(O)c1cccs1,4590.275715,plate_2_490,Brc1cncc(-c2ccccc2)c1.O=C(O)C1CCCCC1.O=C(O)c1cccs1>>c1ccc(-c2cncc(C3CCCCC3)c2)cc1
plate_2,O=C(O)c1ccno1,1696.49246,plate_2_711,Brc1cncc(-c2ccccc2)c1.O=C(O)C1CCCCC1.O=C(O)c1ccno1>>c1ccc(-c2cncc(C3CCCCC3)c2)cc1
plate_2,O=C(O)c1cnco1,3351.359985,plate_2_475,Brc1cncc(-c2ccccc2)c1.O=C(O)C1CCCCC1.O=C(O)c1cnco1>>c1ccc(-c2cncc(C3CCCCC3)c2)cc1
plate_2,O=C(O)c1cocn1,5519.22227,plate_2_473,Brc1cncc(-c2ccccc2)c1.O=C(O)C1CCCCC1.O=C(O)c1cocn1>>c1ccc(-c2cncc(C3CCCCC3)c2)cc1
plate_2,O=C(O)c1n[nH]c2ccccc12,471.444185,plate_2_647,Brc1cncc(-c2ccccc2)c1.O=C(O)C1CCCCC1.O=C(O)c1n[nH]c2ccccc12>>c1ccc(-c2cncc(C3CCCCC3)c2)cc1
plate_2,O=C(O)c1nc(=O)[nH]c2ccccc12,6254.21621,plate_2_648,Brc1cncc(-c2ccccc2)c1.O=C(O)C1CCCCC1.O=C(O)c1nc(=O)[nH]c2ccccc12>>c1ccc(-c2cncc(C3CCCCC3)c2)cc1
plate_2,O=C(O)c1nccc2ccccc12,493.62396,plate_2_660,Brc1cncc(-c2ccccc2)c1.O=C(O)C1CCCCC1.O=C(O)c1nccc2ccccc12>>c1ccc(-c2cncc(C3CCCCC3)c2)cc1
plate_2,O=C(O)c1ncco1,5145.19761,plate_2_713,Brc1cncc(-c2ccccc2)c1.O=C(O)C1CCCCC1.O=C(O)c1ncco1>>c1ccc(-c2cncc(C3CCCCC3)c2)cc1
plate_2,O=C(c1ccccc1)c1ncco1,4766.55477,plate_2_563,Brc1cncc(-c2ccccc2)c1.O=C(O)C1CCCCC1.O=C(c1ccccc1)c1ncco1>>c1ccc(-c2cncc(C3CCCCC3)c2)cc1
plate_2,O=C(c1ccccc1O)N1CCCC1,9096.20665,plate_2_533,Brc1cncc(-c2ccccc2)c1.O=C(O)C1CCCCC1.O=C(c1ccccc1O)N1CCCC1>>c1ccc(-c2cncc(C3CCCCC3)c2)cc1
plate_2,O=C(c1ccccn1)C(O)c1ccccn1,1379.29809,plate_2_683,Brc1cncc(-c2ccccc2)c1.O=C(O)C1CCCCC1.O=C(c1ccccn1)C(O)c1ccccn1>>c1ccc(-c2cncc(C3CCCCC3)c2)cc1
plate_2,O=C(c1cccs1)c1cccs1,8181.55312,plate_2_491,Brc1cncc(-c2ccccc2)c1.O=C(O)C1CCCCC1.O=C(c1cccs1)c1cccs1>>c1ccc(-c2cncc(C3CCCCC3)c2)cc1
plate_2,O=C(c1ncc[nH]1)c1ccco1,1158.233335,plate_2_486,Brc1cncc(-c2ccccc2)c1.O=C(O)C1CCCCC1.O=C(c1ncc[nH]1)c1ccco1>>c1ccc(-c2cncc(C3CCCCC3)c2)cc1
plate_2,O=C1C=C(c2ccccc2)C(=O)O1,128.60036,plate_2_569,Brc1cncc(-c2ccccc2)c1.O=C(O)C1CCCCC1.O=C1C=C(c2ccccc2)C(=O)O1>>c1ccc(-c2cncc(C3CCCCC3)c2)cc1
plate_2,O=C1C=CC(=O)C=C1,1502.76059,plate_2_22,Brc1cncc(-c2ccccc2)c1.O=C(O)C1CCCCC1.O=C1C=CC(=O)C=C1>>c1ccc(-c2cncc(C3CCCCC3)c2)cc1
plate_2,O=C1C=CC(=O)N1,21485.12084,plate_2_23,Brc1cncc(-c2ccccc2)c1.O=C(O)C1CCCCC1.O=C1C=CC(=O)N1>>c1ccc(-c2cncc(C3CCCCC3)c2)cc1
plate_2,O=C1C=CC(=O)N1Cc1ccccc1,3476.60003,plate_2_577,Brc1cncc(-c2ccccc2)c1.O=C(O)C1CCCCC1.O=C1C=CC(=O)N1Cc1ccccc1>>c1ccc(-c2cncc(C3CCCCC3)c2)cc1
plate_2,O=C1C=CC(=O)c2ccccc21,0.0,plate_2_620,Brc1cncc(-c2ccccc2)c1.O=C(O)C1CCCCC1.O=C1C=CC(=O)c2ccccc21>>c1ccc(-c2cncc(C3CCCCC3)c2)cc1
plate_2,O=C1C=CCCC1,6775.4327,plate_2_38,Brc1cncc(-c2ccccc2)c1.O=C(O)C1CCCCC1.O=C1C=CCCC1>>c1ccc(-c2cncc(C3CCCCC3)c2)cc1
plate_2,O=C1CC(=O)NC(=O)N1,673.61816,plate_2_26,Brc1cncc(-c2ccccc2)c1.O=C(O)C1CCCCC1.O=C1CC(=O)NC(=O)N1>>c1ccc(-c2cncc(C3CCCCC3)c2)cc1
plate_2,O=C1CCC(=O)N1,22684.73404,plate_2_32,Brc1cncc(-c2ccccc2)c1.O=C(O)C1CCCCC1.O=C1CCC(=O)N1>>c1ccc(-c2cncc(C3CCCCC3)c2)cc1
plate_2,O=C1CCCC(=O)N1,8035.02329,plate_2_31,Brc1cncc(-c2ccccc2)c1.O=C(O)C1CCCCC1.O=C1CCCC(=O)N1>>c1ccc(-c2cncc(C3CCCCC3)c2)cc1
plate_2,O=C1CCCCC1=O,321.54774,plate_2_41,Brc1cncc(-c2ccccc2)c1.O=C(O)C1CCCCC1.O=C1CCCCC1=O>>c1ccc(-c2cncc(C3CCCCC3)c2)cc1
plate_2,O=C1CCCCC1O,8361.75756,plate_2_42,Brc1cncc(-c2ccccc2)c1.O=C(O)C1CCCCC1.O=C1CCCCC1O>>c1ccc(-c2cncc(C3CCCCC3)c2)cc1
plate_2,O=C1CCCCC1[N+](=O)[O-],188.01374,plate_2_43,Brc1cncc(-c2ccccc2)c1.O=C(O)C1CCCCC1.O=C1CCCCC1[N+](=O)[O-]>>c1ccc(-c2cncc(C3CCCCC3)c2)cc1
plate_2,O=C1CCCCCCCCC1,8340.37678,plate_2_53,Brc1cncc(-c2ccccc2)c1.O=C(O)C1CCCCC1.O=C1CCCCCCCCC1>>c1ccc(-c2cncc(C3CCCCC3)c2)cc1
plate_2,O=C1CCCCCCCCCCCN1,9657.68808,plate_2_54,Brc1cncc(-c2ccccc2)c1.O=C(O)C1CCCCC1.O=C1CCCCCCCCCCCN1>>c1ccc(-c2cncc(C3CCCCC3)c2)cc1
plate_2,O=C1CCCCCN1,8344.90105,plate_2_44,Brc1cncc(-c2ccccc2)c1.O=C(O)C1CCCCC1.O=C1CCCCCN1>>c1ccc(-c2cncc(C3CCCCC3)c2)cc1
plate_2,O=C1CCCCN1,7601.64282,plate_2_58,Brc1cncc(-c2ccccc2)c1.O=C(O)C1CCCCC1.O=C1CCCCN1>>c1ccc(-c2cncc(C3CCCCC3)c2)cc1
plate_2,O=C1CCCc2ccccc21,10820.17791,plate_2_630,Brc1cncc(-c2ccccc2)c1.O=C(O)C1CCCCC1.O=C1CCCc2ccccc21>>c1ccc(-c2cncc(C3CCCCC3)c2)cc1
plate_2,O=C1CCCc2cccnc21,3451.79305,plate_2_504,Brc1cncc(-c2ccccc2)c1.O=C(O)C1CCCCC1.O=C1CCCc2cccnc21>>c1ccc(-c2cncc(C3CCCCC3)c2)cc1
plate_2,O=C1CCN(c2ccccc2)N1,1323.63092,plate_2_588,Brc1cncc(-c2ccccc2)c1.O=C(O)C1CCCCC1.O=C1CCN(c2ccccc2)N1>>c1ccc(-c2cncc(C3CCCCC3)c2)cc1
plate_2,O=C1CCNC(=O)C1,2615.45454,plate_2_67,Brc1cncc(-c2ccccc2)c1.O=C(O)C1CCCCC1.O=C1CCNC(=O)C1>>c1ccc(-c2cncc(C3CCCCC3)c2)cc1
plate_2,O=C1CCNC(=O)N1,6685.10261,plate_2_69,Brc1cncc(-c2ccccc2)c1.O=C(O)C1CCCCC1.O=C1CCNC(=O)N1>>c1ccc(-c2cncc(C3CCCCC3)c2)cc1
plate_2,O=C1CCOc2ccccc21,9519.85117,plate_2_621,Brc1cncc(-c2ccccc2)c1.O=C(O)C1CCCCC1.O=C1CCOc2ccccc21>>c1ccc(-c2cncc(C3CCCCC3)c2)cc1
plate_2,O=C1CC[C@H](CO)N1,11611.52535,plate_2_33,Brc1cncc(-c2ccccc2)c1.O=C(O)C1CCCCC1.O=C1CC[C@H](CO)N1>>c1ccc(-c2cncc(C3CCCCC3)c2)cc1
plate_2,O=C1CCc2ccccc2N1,13459.77415,plate_2_628,Brc1cncc(-c2ccccc2)c1.O=C(O)C1CCCCC1.O=C1CCc2ccccc2N1>>c1ccc(-c2cncc(C3CCCCC3)c2)cc1
plate_2,O=C1CCc2ccccc2O1,8660.0,plate_2_629,Brc1cncc(-c2ccccc2)c1.O=C(O)C1CCCCC1.O=C1CCc2ccccc2O1>>c1ccc(-c2cncc(C3CCCCC3)c2)cc1
plate_2,O=C1CNC(=O)N1,28856.50647,plate_2_25,Brc1cncc(-c2ccccc2)c1.O=C(O)C1CCCCC1.O=C1CNC(=O)N1>>c1ccc(-c2cncc(C3CCCCC3)c2)cc1
plate_2,O=C1COC(=O)C1,213.30067,plate_2_24,Brc1cncc(-c2ccccc2)c1.O=C(O)C1CCCCC1.O=C1COC(=O)C1>>c1ccc(-c2cncc(C3CCCCC3)c2)cc1
plate_2,O=C1Cc2ccccc2C1=O,607.93399,plate_2_624,Brc1cncc(-c2ccccc2)c1.O=C(O)C1CCCCC1.O=C1Cc2ccccc2C1=O>>c1ccc(-c2cncc(C3CCCCC3)c2)cc1
plate_2,O=C1Cc2ccccc2N1,4967.13571,plate_2_625,Brc1cncc(-c2ccccc2)c1.O=C(O)C1CCCCC1.O=C1Cc2ccccc2N1>>c1ccc(-c2cncc(C3CCCCC3)c2)cc1
plate_2,O=C1Cc2cccnc2N1,837.5409,plate_2_507,Brc1cncc(-c2ccccc2)c1.O=C(O)C1CCCCC1.O=C1Cc2cccnc2N1>>c1ccc(-c2cncc(C3CCCCC3)c2)cc1
plate_2,O=C1NC(=O)/C(=C/c2ccccc2)N1,3866.27765,plate_2_556,Brc1cncc(-c2ccccc2)c1.O=C(O)C1CCCCC1.O=C1NC(=O)/C(=C/c2ccccc2)N1>>c1ccc(-c2cncc(C3CCCCC3)c2)cc1
plate_2,O=C1NC(=O)C(Cc2ccccc2)N1,36900.63087,plate_2_570,Brc1cncc(-c2ccccc2)c1.O=C(O)C1CCCCC1.O=C1NC(=O)C(Cc2ccccc2)N1>>c1ccc(-c2cncc(C3CCCCC3)c2)cc1
plate_2,O=C1NC(=O)c2ccccc21,41520.38558,plate_2_622,Brc1cncc(-c2ccccc2)c1.O=C(O)C1CCCCC1.O=C1NC(=O)c2ccccc21>>c1ccc(-c2cncc(C3CCCCC3)c2)cc1
plate_2,O=C1NCC(C(=O)O)N1,962.80705,plate_2_28,Brc1cncc(-c2ccccc2)c1.O=C(O)C1CCCCC1.O=C1NCC(C(=O)O)N1>>c1ccc(-c2cncc(C3CCCCC3)c2)cc1
plate_2,O=C1NCCCN1,7313.6824,plate_2_68,Brc1cncc(-c2ccccc2)c1.O=C(O)C1CCCCC1.O=C1NCCCN1>>c1ccc(-c2cncc(C3CCCCC3)c2)cc1
plate_2,O=C1NCCN1c1ccccc1,9364.25113,plate_2_590,Brc1cncc(-c2ccccc2)c1.O=C(O)C1CCCCC1.O=C1NCCN1c1ccccc1>>c1ccc(-c2cncc(C3CCCCC3)c2)cc1
plate_2,O=C1NCCNC1=O,3790.80122,plate_2_66,Brc1cncc(-c2ccccc2)c1.O=C(O)C1CCCCC1.O=C1NCCNC1=O>>c1ccc(-c2cncc(C3CCCCC3)c2)cc1
plate_2,O=C1NCc2ccccc21,6067.07019,plate_2_633,Brc1cncc(-c2ccccc2)c1.O=C(O)C1CCCCC1.O=C1NCc2ccccc21>>c1ccc(-c2cncc(C3CCCCC3)c2)cc1
plate_2,O=C1Nc2c(C(=O)O)cccc2C1=O,456.5625,plate_2_498,Brc1cncc(-c2ccccc2)c1.O=C(O)C1CCCCC1.O=C1Nc2c(C(=O)O)cccc2C1=O>>c1ccc(-c2cncc(C3CCCCC3)c2)cc1
plate_2,O=C1OC(=O)c2ccccc21,2741.03977,plate_2_623,Brc1cncc(-c2ccccc2)c1.O=C(O)C1CCCCC1.O=C1OC(=O)c2ccccc21>>c1ccc(-c2cncc(C3CCCCC3)c2)cc1
plate_2,O=C1OCCC1O,9480.11067,plate_2_72,Brc1cncc(-c2ccccc2)c1.O=C(O)C1CCCCC1.O=C1OCCC1O>>c1ccc(-c2cncc(C3CCCCC3)c2)cc1
plate_2,O=C1OCc2ccccc21,6761.43445,plate_2_634,Brc1cncc(-c2ccccc2)c1.O=C(O)C1CCCCC1.O=C1OCc2ccccc21>>c1ccc(-c2cncc(C3CCCCC3)c2)cc1
plate_2,O=CC1CCCCC1,8534.43923,plate_2_50,Brc1cncc(-c2ccccc2)c1.O=C(O)C1CCCCC1.O=CC1CCCCC1>>c1ccc(-c2cncc(C3CCCCC3)c2)cc1
plate_2,O=CCCc1ccccc1,8154.68066,plate_2_572,Brc1cncc(-c2ccccc2)c1.O=C(O)C1CCCCC1.O=CCCc1ccccc1>>c1ccc(-c2cncc(C3CCCCC3)c2)cc1
plate_2,O=CN1CCCC1,7651.92818,plate_2_55,Brc1cncc(-c2ccccc2)c1.O=C(O)C1CCCCC1.O=CN1CCCC1>>c1ccc(-c2cncc(C3CCCCC3)c2)cc1
plate_2,O=CNc1ccccc1,11112.17836,plate_2_594,Brc1cncc(-c2ccccc2)c1.O=C(O)C1CCCCC1.O=CNc1ccccc1>>c1ccc(-c2cncc(C3CCCCC3)c2)cc1
plate_2,O=CNc1ccccn1,7649.04276,plate_2_691,Brc1cncc(-c2ccccc2)c1.O=C(O)C1CCCCC1.O=CNc1ccccn1>>c1ccc(-c2cncc(C3CCCCC3)c2)cc1
plate_2,O=Cc1c[nH]cn1,1145.64028,plate_2_472,Brc1cncc(-c2ccccc2)c1.O=C(O)C1CCCCC1.O=Cc1c[nH]cn1>>c1ccc(-c2cncc(C3CCCCC3)c2)cc1
plate_2,O=Cc1ccccc1O,5624.051975,plate_2_539,Brc1cncc(-c2ccccc2)c1.O=C(O)C1CCCCC1.O=Cc1ccccc1O>>c1ccc(-c2cncc(C3CCCCC3)c2)cc1
plate_2,O=Cc1ccccn1,1759.30759,plate_2_684,Brc1cncc(-c2ccccc2)c1.O=C(O)C1CCCCC1.O=Cc1ccccn1>>c1ccc(-c2cncc(C3CCCCC3)c2)cc1
plate_2,O=S(=O)(O)c1ccccc1,1161.60544,plate_2_601,Brc1cncc(-c2ccccc2)c1.O=C(O)C1CCCCC1.O=S(=O)(O)c1ccccc1>>c1ccc(-c2cncc(C3CCCCC3)c2)cc1
plate_2,O=S1(=O)CCCC1,7727.02276,plate_2_61,Brc1cncc(-c2ccccc2)c1.O=C(O)C1CCCCC1.O=S1(=O)CCCC1>>c1ccc(-c2cncc(C3CCCCC3)c2)cc1
plate_2,O=S1(=O)CCCN1,12980.588615,plate_2_71,Brc1cncc(-c2ccccc2)c1.O=C(O)C1CCCCC1.O=S1(=O)CCCN1>>c1ccc(-c2cncc(C3CCCCC3)c2)cc1
plate_2,O=[N+]([O-])CCc1ccccc1,990.55551,plate_2_576,Brc1cncc(-c2ccccc2)c1.O=C(O)C1CCCCC1.O=[N+]([O-])CCc1ccccc1>>c1ccc(-c2cncc(C3CCCCC3)c2)cc1
plate_2,O=[N+]([O-])c1cccc2cc[nH]c12,0.0,plate_2_511,Brc1cncc(-c2ccccc2)c1.O=C(O)C1CCCCC1.O=[N+]([O-])c1cccc2cc[nH]c12>>c1ccc(-c2cncc(C3CCCCC3)c2)cc1
plate_2,O=[N+]([O-])c1cccnc1O,1793.76533,plate_2_479,Brc1cncc(-c2ccccc2)c1.O=C(O)C1CCCCC1.O=[N+]([O-])c1cccnc1O>>c1ccc(-c2cncc(C3CCCCC3)c2)cc1
plate_2,O=[N+]([O-])c1cccs1,4444.24751,plate_2_494,Brc1cncc(-c2ccccc2)c1.O=C(O)C1CCCCC1.O=[N+]([O-])c1cccs1>>c1ccc(-c2cncc(C3CCCCC3)c2)cc1
plate_2,O=c1[nH][nH]c(=O)n1-c1ccccc1,5123.31685,plate_2_614,Brc1cncc(-c2ccccc2)c1.O=C(O)C1CCCCC1.O=c1[nH][nH]c(=O)n1-c1ccccc1>>c1ccc(-c2cncc(C3CCCCC3)c2)cc1
plate_2,O=c1[nH]c(=O)[nH]c(=O)[nH]1,10350.37729,plate_2_468,Brc1cncc(-c2ccccc2)c1.O=C(O)C1CCCCC1.O=c1[nH]c(=O)[nH]c(=O)[nH]1>>c1ccc(-c2cncc(C3CCCCC3)c2)cc1
plate_2,O=c1[nH]c(=O)c2ccccc2[nH]1,16023.46046,plate_2_644,Brc1cncc(-c2ccccc2)c1.O=C(O)C1CCCCC1.O=c1[nH]c(=O)c2ccccc2[nH]1>>c1ccc(-c2cncc(C3CCCCC3)c2)cc1
plate_2,O=c1[nH]c(=O)c2nc[nH]c2[nH]1,2794.34941,plate_2_469,Brc1cncc(-c2ccccc2)c1.O=C(O)C1CCCCC1.O=c1[nH]c(=O)c2nc[nH]c2[nH]1>>c1ccc(-c2cncc(C3CCCCC3)c2)cc1
plate_2,O=c1[nH]c(=O)n(-c2ccccc2)[nH]1,4955.24653,plate_2_615,Brc1cncc(-c2ccccc2)c1.O=C(O)C1CCCCC1.O=c1[nH]c(=O)n(-c2ccccc2)[nH]1>>c1ccc(-c2cncc(C3CCCCC3)c2)cc1
plate_2,O=c1[nH]c2ccccc2[nH]1,7943.73703,plate_2_636,Brc1cncc(-c2ccccc2)c1.O=C(O)C1CCCCC1.O=c1[nH]c2ccccc2[nH]1>>c1ccc(-c2cncc(C3CCCCC3)c2)cc1
plate_2,O=c1[nH]c2ccccc2c(=O)o1,811.40139,plate_2_646,Brc1cncc(-c2ccccc2)c1.O=C(O)C1CCCCC1.O=c1[nH]c2ccccc2c(=O)o1>>c1ccc(-c2cncc(C3CCCCC3)c2)cc1
plate_2,O=c1[nH]c2ccccc2s1,253.52183,plate_2_637,Brc1cncc(-c2ccccc2)c1.O=C(O)C1CCCCC1.O=c1[nH]c2ccccc2s1>>c1ccc(-c2cncc(C3CCCCC3)c2)cc1
plate_2,O=c1ccc(-c2ccccc2)n[nH]1,15090.93536,plate_2_608,Brc1cncc(-c2ccccc2)c1.O=C(O)C1CCCCC1.O=c1ccc(-c2ccccc2)n[nH]1>>c1ccc(-c2cncc(C3CCCCC3)c2)cc1
plate_2,O=c1ccc2ccccc2o1,1713.29524,plate_2_653,Brc1cncc(-c2ccccc2)c1.O=C(O)C1CCCCC1.O=c1ccc2ccccc2o1>>c1ccc(-c2cncc(C3CCCCC3)c2)cc1
plate_2,O=c1ccccn1-c1ccccc1,7307.58129,plate_2_617,Brc1cncc(-c2ccccc2)c1.O=C(O)C1CCCCC1.O=c1ccccn1-c1ccccc1>>c1ccc(-c2cncc(C3CCCCC3)c2)cc1
plate_2,O=c1ccccn1Cc1ccccn1,10489.97529,plate_2_687,Brc1cncc(-c2ccccc2)c1.O=C(O)C1CCCCC1.O=c1ccccn1Cc1ccccn1>>c1ccc(-c2cncc(C3CCCCC3)c2)cc1
plate_2,O=c1ccoc2ccccc12,7629.06843,plate_2_645,Brc1cncc(-c2ccccc2)c1.O=C(O)C1CCCCC1.O=c1ccoc2ccccc12>>c1ccc(-c2cncc(C3CCCCC3)c2)cc1
plate_2,OC1C=CCCC1,8216.17617,plate_2_39,Brc1cncc(-c2ccccc2)c1.O=C(O)C1CCCCC1.OC1C=CCCC1>>c1ccc(-c2cncc(C3CCCCC3)c2)cc1
plate_2,OC1CCCCC1,6643.22934,plate_2_52,Brc1cncc(-c2ccccc2)c1.O=C(O)C1CCCCC1.OC1CCCCC1>>c1ccc(-c2cncc(C3CCCCC3)c2)cc1
plate_2,OC1CCCc2ccccc21,14465.51785,plate_2_631,Brc1cncc(-c2ccccc2)c1.O=C(O)C1CCCCC1.OC1CCCc2ccccc21>>c1ccc(-c2cncc(C3CCCCC3)c2)cc1
plate_2,OC1CCCc2cccnc21,2343.70899,plate_2_506,Brc1cncc(-c2ccccc2)c1.O=C(O)C1CCCCC1.OC1CCCc2cccnc21>>c1ccc(-c2cncc(C3CCCCC3)c2)cc1
plate_2,OC1CCc2cccnc21,6279.42571,plate_2_505,Brc1cncc(-c2ccccc2)c1.O=C(O)C1CCCCC1.OC1CCc2cccnc21>>c1ccc(-c2cncc(C3CCCCC3)c2)cc1
plate_2,OC1Cc2ccccc2C1O,11401.34214,plate_2_626,Brc1cncc(-c2ccccc2)c1.O=C(O)C1CCCCC1.OC1Cc2ccccc2C1O>>c1ccc(-c2cncc(C3CCCCC3)c2)cc1
plate_2,OCC(CO)CO,9283.6416,plate_2_10,Brc1cncc(-c2ccccc2)c1.O=C(O)C1CCCCC1.OCC(CO)CO>>c1ccc(-c2cncc(C3CCCCC3)c2)cc1
plate_2,OCC(F)(F)F,6632.26715,plate_2_11,Brc1cncc(-c2ccccc2)c1.O=C(O)C1CCCCC1.OCC(F)(F)F>>c1ccc(-c2cncc(C3CCCCC3)c2)cc1
plate_2,OCC(O)c1ccccc1,10533.99903,plate_2_566,Brc1cncc(-c2ccccc2)c1.O=C(O)C1CCCCC1.OCC(O)c1ccccc1>>c1ccc(-c2cncc(C3CCCCC3)c2)cc1
plate_2,OCC1CCCCO1,9156.97695,plate_2_60,Brc1cncc(-c2ccccc2)c1.O=C(O)C1CCCCC1.OCC1CCCCO1>>c1ccc(-c2cncc(C3CCCCC3)c2)cc1
plate_2,OCC1CCCO1,9417.30739,plate_2_36,Brc1cncc(-c2ccccc2)c1.O=C(O)C1CCCCC1.OCC1CCCO1>>c1ccc(-c2cncc(C3CCCCC3)c2)cc1
plate_2,OCCCCCCO,14318.98337,plate_2_13,Brc1cncc(-c2ccccc2)c1.O=C(O)C1CCCCC1.OCCCCCCO>>c1ccc(-c2cncc(C3CCCCC3)c2)cc1
plate_2,OCCCOc1ccccc1,10307.83197,plate_2_599,Brc1cncc(-c2ccccc2)c1.O=C(O)C1CCCCC1.OCCCOc1ccccc1>>c1ccc(-c2cncc(C3CCCCC3)c2)cc1
plate_2,OCCCc1ccccc1,8818.23036,plate_2_574,Brc1cncc(-c2ccccc2)c1.O=C(O)C1CCCCC1.OCCCc1ccccc1>>c1ccc(-c2cncc(C3CCCCC3)c2)cc1
plate_2,OCCOCCO,9002.64555,plate_2_14,Brc1cncc(-c2ccccc2)c1.O=C(O)C1CCCCC1.OCCOCCO>>c1ccc(-c2cncc(C3CCCCC3)c2)cc1
plate_2,OCCOCCOCCO,12476.34238,plate_2_15,Brc1cncc(-c2ccccc2)c1.O=C(O)C1CCCCC1.OCCOCCOCCO>>c1ccc(-c2cncc(C3CCCCC3)c2)cc1
plate_2,OCCOc1ccccc1O,8258.85268,plate_2_546,Brc1cncc(-c2ccccc2)c1.O=C(O)C1CCCCC1.OCCOc1ccccc1O>>c1ccc(-c2cncc(C3CCCCC3)c2)cc1
plate_2,OCCSc1ccccc1,10239.64117,plate_2_602,Brc1cncc(-c2ccccc2)c1.O=C(O)C1CCCCC1.OCCSc1ccccc1>>c1ccc(-c2cncc(C3CCCCC3)c2)cc1
plate_2,OCCSc1ccccn1,9953.47253,plate_2_694,Brc1cncc(-c2ccccc2)c1.O=C(O)C1CCCCC1.OCCSc1ccccn1>>c1ccc(-c2cncc(C3CCCCC3)c2)cc1
plate_2,OCCc1ccccc1,9900.90479,plate_2_575,Brc1cncc(-c2ccccc2)c1.O=C(O)C1CCCCC1.OCCc1ccccc1>>c1ccc(-c2cncc(C3CCCCC3)c2)cc1
plate_2,OCc1cccc(CO)n1,10933.9011,plate_2_483,Brc1cncc(-c2ccccc2)c1.O=C(O)C1CCCCC1.OCc1cccc(CO)n1>>c1ccc(-c2cncc(C3CCCCC3)c2)cc1
plate_2,OCc1ccccc1CO,14471.45444,plate_2_541,Brc1cncc(-c2ccccc2)c1.O=C(O)C1CCCCC1.OCc1ccccc1CO>>c1ccc(-c2cncc(C3CCCCC3)c2)cc1
plate_2,OCc1ccccn1,6843.66046,plate_2_686,Brc1cncc(-c2ccccc2)c1.O=C(O)C1CCCCC1.OCc1ccccn1>>c1ccc(-c2cncc(C3CCCCC3)c2)cc1
plate_2,OCc1ccon1,2170.88386,plate_2_714,Brc1cncc(-c2ccccc2)c1.O=C(O)C1CCCCC1.OCc1ccon1>>c1ccc(-c2cncc(C3CCCCC3)c2)cc1
plate_2,ONCc1ccccc1,1351.72617,plate_2_579,Brc1cncc(-c2ccccc2)c1.O=C(O)C1CCCCC1.ONCc1ccccc1>>c1ccc(-c2cncc(C3CCCCC3)c2)cc1
plate_2,O[C@@H]1CCCC[C@H]1O,14744.56885,plate_2_65,Brc1cncc(-c2ccccc2)c1.O=C(O)C1CCCCC1.O[C@@H]1CCCC[C@H]1O>>c1ccc(-c2cncc(C3CCCCC3)c2)cc1
plate_2,O[C@H]1CCC[C@@H]1O,11796.55401,plate_2_74,Brc1cncc(-c2ccccc2)c1.O=C(O)C1CCCCC1.O[C@H]1CCC[C@@H]1O>>c1ccc(-c2cncc(C3CCCCC3)c2)cc1
plate_2,Oc1ccc(C(F)(F)F)cc1,16697.665719999997,plate_2_481,Brc1cncc(-c2ccccc2)c1.O=C(O)C1CCCCC1.Oc1ccc(C(F)(F)F)cc1>>c1ccc(-c2cncc(C3CCCCC3)c2)cc1
plate_2,Oc1ccc2cccc(O)c2n1,546.89151,plate_2_514,Brc1cncc(-c2ccccc2)c1.O=C(O)C1CCCCC1.Oc1ccc2cccc(O)c2n1>>c1ccc(-c2cncc(C3CCCCC3)c2)cc1
plate_2,Oc1ccc2ccccc2c1O,20.79657,plate_2_654,Brc1cncc(-c2ccccc2)c1.O=C(O)C1CCCCC1.Oc1ccc2ccccc2c1O>>c1ccc(-c2cncc(C3CCCCC3)c2)cc1
plate_2,Oc1ccc2ccccc2n1,5449.07062,plate_2_657,Brc1cncc(-c2ccccc2)c1.O=C(O)C1CCCCC1.Oc1ccc2ccccc2n1>>c1ccc(-c2cncc(C3CCCCC3)c2)cc1
plate_2,Oc1cccc2[nH]cnc12,160.25289,plate_2_500,Brc1cncc(-c2ccccc2)c1.O=C(O)C1CCCCC1.Oc1cccc2[nH]cnc12>>c1ccc(-c2cncc(C3CCCCC3)c2)cc1
plate_2,Oc1cccc2[nH]nnc12,270.51327,plate_2_501,Brc1cncc(-c2ccccc2)c1.O=C(O)C1CCCCC1.Oc1cccc2[nH]nnc12>>c1ccc(-c2cncc(C3CCCCC3)c2)cc1
plate_2,Oc1cccc2cccnc12,181.975685,plate_2_518,Brc1cncc(-c2ccccc2)c1.O=C(O)C1CCCCC1.Oc1cccc2cccnc12>>c1ccc(-c2cncc(C3CCCCC3)c2)cc1
plate_2,Oc1cccc2cncnc12,4639.07261,plate_2_522,Brc1cncc(-c2ccccc2)c1.O=C(O)C1CCCCC1.Oc1cccc2cncnc12>>c1ccc(-c2cncc(C3CCCCC3)c2)cc1
plate_2,Oc1ccccc1,11546.17921,plate_2_595,Brc1cncc(-c2ccccc2)c1.O=C(O)C1CCCCC1.Oc1ccccc1>>c1ccc(-c2cncc(C3CCCCC3)c2)cc1
plate_2,Oc1ccccc1-c1cc[nH]n1,2534.25034,plate_2_549,Brc1cncc(-c2ccccc2)c1.O=C(O)C1CCCCC1.Oc1ccccc1-c1cc[nH]n1>>c1ccc(-c2cncc(C3CCCCC3)c2)cc1
plate_2,Oc1ccccc1-c1ccccc1O,247.82901,plate_2_550,Brc1cncc(-c2ccccc2)c1.O=C(O)C1CCCCC1.Oc1ccccc1-c1ccccc1O>>c1ccc(-c2cncc(C3CCCCC3)c2)cc1
plate_2,Oc1ccccc1-c1ccccn1,495.44458,plate_2_551,Brc1cncc(-c2ccccc2)c1.O=C(O)C1CCCCC1.Oc1ccccc1-c1ccccn1>>c1ccc(-c2cncc(C3CCCCC3)c2)cc1
plate_2,Oc1ccccc1-c1nc2ccccc2o1,177.57561,plate_2_552,Brc1cncc(-c2ccccc2)c1.O=C(O)C1CCCCC1.Oc1ccccc1-c1nc2ccccc2o1>>c1ccc(-c2cncc(C3CCCCC3)c2)cc1
plate_2,Oc1ccccc1-c1nnco1,847.29232,plate_2_553,Brc1cncc(-c2ccccc2)c1.O=C(O)C1CCCCC1.Oc1ccccc1-c1nnco1>>c1ccc(-c2cncc(C3CCCCC3)c2)cc1
plate_2,Oc1ccccc1-n1ccnc1,2396.24861,plate_2_554,Brc1cncc(-c2ccccc2)c1.O=C(O)C1CCCCC1.Oc1ccccc1-n1ccnc1>>c1ccc(-c2cncc(C3CCCCC3)c2)cc1
plate_2,Oc1ccccc1C(=S)S,1446.98215,plate_2_538,Brc1cncc(-c2ccccc2)c1.O=C(O)C1CCCCC1.Oc1ccccc1C(=S)S>>c1ccc(-c2cncc(C3CCCCC3)c2)cc1
plate_2,Oc1ccccc1N1CCCC1,2374.87291,plate_2_542,Brc1cncc(-c2ccccc2)c1.O=C(O)C1CCCCC1.Oc1ccccc1N1CCCC1>>c1ccc(-c2cncc(C3CCCCC3)c2)cc1
plate_2,Oc1ccccc1N1CCCCC1,4021.5745,plate_2_543,Brc1cncc(-c2ccccc2)c1.O=C(O)C1CCCCC1.Oc1ccccc1N1CCCCC1>>c1ccc(-c2cncc(C3CCCCC3)c2)cc1
plate_2,Oc1ccccc1O,444.41275,plate_2_544,Brc1cncc(-c2ccccc2)c1.O=C(O)C1CCCCC1.Oc1ccccc1O>>c1ccc(-c2cncc(C3CCCCC3)c2)cc1
plate_2,Oc1ccccn1,8206.88822,plate_2_692,Brc1cncc(-c2ccccc2)c1.O=C(O)C1CCCCC1.Oc1ccccn1>>c1ccc(-c2cncc(C3CCCCC3)c2)cc1
plate_2,Oc1cn(-c2ccccc2)nn1,253.05091,plate_2_616,Brc1cncc(-c2ccccc2)c1.O=C(O)C1CCCCC1.Oc1cn(-c2ccccc2)nn1>>c1ccc(-c2cncc(C3CCCCC3)c2)cc1
plate_2,Oc1nc(-c2ccccc2)cs1,2429.83908,plate_2_610,Brc1cncc(-c2ccccc2)c1.O=C(O)C1CCCCC1.Oc1nc(-c2ccccc2)cs1>>c1ccc(-c2cncc(C3CCCCC3)c2)cc1
plate_2,Oc1nc2ccccc2nc1O,4757.45561,plate_2_665,Brc1cncc(-c2ccccc2)c1.O=C(O)C1CCCCC1.Oc1nc2ccccc2nc1O>>c1ccc(-c2cncc(C3CCCCC3)c2)cc1
plate_2,Oc1nccc2ccccc12,10226.03711,plate_2_661,Brc1cncc(-c2ccccc2)c1.O=C(O)C1CCCCC1.Oc1nccc2ccccc12>>c1ccc(-c2cncc(C3CCCCC3)c2)cc1
plate_2,S=C1NCCCN1,12696.41781,plate_2_70,Brc1cncc(-c2ccccc2)c1.O=C(O)C1CCCCC1.S=C1NCCCN1>>c1ccc(-c2cncc(C3CCCCC3)c2)cc1
plate_2,S=c1[nH]nc(Cc2ccccc2)[nH]1,303.82966,plate_2_584,Brc1cncc(-c2ccccc2)c1.O=C(O)C1CCCCC1.S=c1[nH]nc(Cc2ccccc2)[nH]1>>c1ccc(-c2cncc(C3CCCCC3)c2)cc1
plate_2,Sc1ccc2ccccc2n1,0.0,plate_2_658,Brc1cncc(-c2ccccc2)c1.O=C(O)C1CCCCC1.Sc1ccc2ccccc2n1>>c1ccc(-c2cncc(C3CCCCC3)c2)cc1
plate_2,Sc1ccccn1,389.67493,plate_2_693,Brc1cncc(-c2ccccc2)c1.O=C(O)C1CCCCC1.Sc1ccccn1>>c1ccc(-c2cncc(C3CCCCC3)c2)cc1
plate_2,Sc1nc(-c2ccccc2)cs1,1987.73583,plate_2_611,Brc1cncc(-c2ccccc2)c1.O=C(O)C1CCCCC1.Sc1nc(-c2ccccc2)cs1>>c1ccc(-c2cncc(C3CCCCC3)c2)cc1
plate_2,Sc1ncc[nH]1,6390.76895,plate_2_698,Brc1cncc(-c2ccccc2)c1.O=C(O)C1CCCCC1.Sc1ncc[nH]1>>c1ccc(-c2cncc(C3CCCCC3)c2)cc1
plate_2,Sc1ncccn1,3360.16585,plate_2_707,Brc1cncc(-c2ccccc2)c1.O=C(O)C1CCCCC1.Sc1ncccn1>>c1ccc(-c2cncc(C3CCCCC3)c2)cc1
plate_2,[O-][n+]1c(-c2cscn2)[nH]c2ccccc21,411.1236,plate_2_638,Brc1cncc(-c2ccccc2)c1.O=C(O)C1CCCCC1.[O-][n+]1c(-c2cscn2)[nH]c2ccccc21>>c1ccc(-c2cncc(C3CCCCC3)c2)cc1
plate_2,[O-][n+]1cccc2cccc(O)c21,442.88111,plate_2_515,Brc1cncc(-c2ccccc2)c1.O=C(O)C1CCCCC1.[O-][n+]1cccc2cccc(O)c21>>c1ccc(-c2cncc(C3CCCCC3)c2)cc1
plate_2,[O-][n+]1ccccc1O,69.01745,plate_2_524,Brc1cncc(-c2ccccc2)c1.O=C(O)C1CCCCC1.[O-][n+]1ccccc1O>>c1ccc(-c2cncc(C3CCCCC3)c2)cc1
plate_2,c1c[nH]c(-c2cccs2)c1,4047.59522,plate_2_478,Brc1cncc(-c2ccccc2)c1.O=C(O)C1CCCCC1.c1c[nH]c(-c2cccs2)c1>>c1ccc(-c2cncc(C3CCCCC3)c2)cc1
plate_2,c1c[nH]c(-c2ncc[nH]2)n1,2647.55293,plate_2_699,Brc1cncc(-c2ccccc2)c1.O=C(O)C1CCCCC1.c1c[nH]c(-c2ncc[nH]2)n1>>c1ccc(-c2cncc(C3CCCCC3)c2)cc1
plate_2,c1cc2[nH]cnc2cn1,1815.32429,plate_2_708,Brc1cncc(-c2ccccc2)c1.O=C(O)C1CCCCC1.c1cc2[nH]cnc2cn1>>c1ccc(-c2cncc(C3CCCCC3)c2)cc1
plate_2,c1cc2[nH]ncc2cn1,2129.19113,plate_2_709,Brc1cncc(-c2ccccc2)c1.O=C(O)C1CCCCC1.c1cc2[nH]ncc2cn1>>c1ccc(-c2cncc(C3CCCCC3)c2)cc1
plate_2,c1ccc(-c2c[nH]cn2)cc1,9985.36972,plate_2_605,Brc1cncc(-c2ccccc2)c1.O=C(O)C1CCCCC1.c1ccc(-c2c[nH]cn2)cc1>>c1ccc(-c2cncc(C3CCCCC3)c2)cc1
plate_2,c1ccc(-c2c[nH]nn2)cc1,1533.31673,plate_2_606,Brc1cncc(-c2ccccc2)c1.O=C(O)C1CCCCC1.c1ccc(-c2c[nH]nn2)cc1>>c1ccc(-c2cncc(C3CCCCC3)c2)cc1
plate_2,c1ccc(-c2cc[nH]n2)cc1,14753.67526,plate_2_607,Brc1cncc(-c2ccccc2)c1.O=C(O)C1CCCCC1.c1ccc(-c2cc[nH]n2)cc1>>c1ccc(-c2cncc(C3CCCCC3)c2)cc1
plate_2,c1ccc(-c2cnco2)cc1,8700.58781,plate_2_609,Brc1cncc(-c2ccccc2)c1.O=C(O)C1CCCCC1.c1ccc(-c2cnco2)cc1>>c1ccc(-c2cncc(C3CCCCC3)c2)cc1
plate_2,c1ccc(-c2nc[nH]n2)cc1,11071.15713,plate_2_612,Brc1cncc(-c2ccccc2)c1.O=C(O)C1CCCCC1.c1ccc(-c2nc[nH]n2)cc1>>c1ccc(-c2cncc(C3CCCCC3)c2)cc1
plate_2,c1ccc(-c2ncc[nH]2)cc1,15763.40142,plate_2_603,Brc1cncc(-c2ccccc2)c1.O=C(O)C1CCCCC1.c1ccc(-c2ncc[nH]2)cc1>>c1ccc(-c2cncc(C3CCCCC3)c2)cc1
plate_2,c1ccc(-c2nccs2)cc1,4357.75293,plate_2_613,Brc1cncc(-c2ccccc2)c1.O=C(O)C1CCCCC1.c1ccc(-c2nccs2)cc1>>c1ccc(-c2cncc(C3CCCCC3)c2)cc1
plate_2,c1ccc(-c2nnn[nH]2)cc1,5384.42485,plate_2_604,Brc1cncc(-c2ccccc2)c1.O=C(O)C1CCCCC1.c1ccc(-c2nnn[nH]2)cc1>>c1ccc(-c2cncc(C3CCCCC3)c2)cc1
plate_2,c1ccc(-n2ccnc2)cc1,5259.49542,plate_2_618,Brc1cncc(-c2ccccc2)c1.O=C(O)C1CCCCC1.c1ccc(-n2ccnc2)cc1>>c1ccc(-c2cncc(C3CCCCC3)c2)cc1
plate_2,c1ccc(COc2cccc3cc[nH]c23)cc1,4127.67947,plate_2_582,Brc1cncc(-c2ccccc2)c1.O=C(O)C1CCCCC1.c1ccc(COc2cccc3cc[nH]c23)cc1>>c1ccc(-c2cncc(C3CCCCC3)c2)cc1
plate_2,c1ccc(CSc2nnn[nH]2)cc1,4791.66214,plate_2_583,Brc1cncc(-c2ccccc2)c1.O=C(O)C1CCCCC1.c1ccc(CSc2nnn[nH]2)cc1>>c1ccc(-c2cncc(C3CCCCC3)c2)cc1
plate_2,c1ccc(Cc2nnn[nH]2)cc1,6711.58557,plate_2_585,Brc1cncc(-c2ccccc2)c1.O=C(O)C1CCCCC1.c1ccc(Cc2nnn[nH]2)cc1>>c1ccc(-c2cncc(C3CCCCC3)c2)cc1
plate_2,c1ccc(Cn2cccc2)cc1,7987.09562,plate_2_586,Brc1cncc(-c2ccccc2)c1.O=C(O)C1CCCCC1.c1ccc(Cn2cccc2)cc1>>c1ccc(-c2cncc(C3CCCCC3)c2)cc1
plate_2,c1ccc(Cn2ccnc2)cc1,2595.25059,plate_2_587,Brc1cncc(-c2ccccc2)c1.O=C(O)C1CCCCC1.c1ccc(Cn2ccnc2)cc1>>c1ccc(-c2cncc(C3CCCCC3)c2)cc1
plate_2,c1ccc(N2CCCCC2)cc1,2649.23722,plate_2_589,Brc1cncc(-c2ccccc2)c1.O=C(O)C1CCCCC1.c1ccc(N2CCCCC2)cc1>>c1ccc(-c2cncc(C3CCCCC3)c2)cc1
plate_2,c1ccc2[nH]c(-c3cscn3)nc2c1,0.0,plate_2_641,Brc1cncc(-c2ccccc2)c1.O=C(O)C1CCCCC1.c1ccc2[nH]c(-c3cscn3)nc2c1>>c1ccc(-c2cncc(C3CCCCC3)c2)cc1
plate_2,c1ccc2[nH]ccc2c1,8390.48808,plate_2_652,Brc1cncc(-c2ccccc2)c1.O=C(O)C1CCCCC1.c1ccc2[nH]ccc2c1>>c1ccc(-c2cncc(C3CCCCC3)c2)cc1
plate_2,c1ccc2[nH]cnc2c1,10369.631865,plate_2_642,Brc1cncc(-c2ccccc2)c1.O=C(O)C1CCCCC1.c1ccc2[nH]cnc2c1>>c1ccc(-c2cncc(C3CCCCC3)c2)cc1
plate_2,c1ccc2[nH]nnc2c1,3456.53044,plate_2_643,Brc1cncc(-c2ccccc2)c1.O=C(O)C1CCCCC1.c1ccc2[nH]nnc2c1>>c1ccc(-c2cncc(C3CCCCC3)c2)cc1
plate_2,c1ccc2c(c1)CCO2,9800.27872,plate_2_632,Brc1cncc(-c2ccccc2)c1.O=C(O)C1CCCCC1.c1ccc2c(c1)CCO2>>c1ccc(-c2cncc(C3CCCCC3)c2)cc1
plate_2,c1ccc2c(c1)OCO2,5836.63905,plate_2_635,Brc1cncc(-c2ccccc2)c1.O=C(O)C1CCCCC1.c1ccc2c(c1)OCO2>>c1ccc(-c2cncc(C3CCCCC3)c2)cc1
plate_2,c1ccc2occc2c1,10913.02842,plate_2_662,Brc1cncc(-c2ccccc2)c1.O=C(O)C1CCCCC1.c1ccc2occc2c1>>c1ccc(-c2cncc(C3CCCCC3)c2)cc1
plate_2,c1ccc2oncc2c1,121.3288,plate_2_663,Brc1cncc(-c2ccccc2)c1.O=C(O)C1CCCCC1.c1ccc2oncc2c1>>c1ccc(-c2cncc(C3CCCCC3)c2)cc1
plate_2,c1ccc2sc(-c3cc[nH]n3)nc2c1,720.26577,plate_2_668,Brc1cncc(-c2ccccc2)c1.O=C(O)C1CCCCC1.c1ccc2sc(-c3cc[nH]n3)nc2c1>>c1ccc(-c2cncc(C3CCCCC3)c2)cc1
plate_2,c1cnc2[nH]ccc2c1,10103.928566666667,plate_2_512,Brc1cncc(-c2ccccc2)c1.O=C(O)C1CCCCC1.c1cnc2[nH]ccc2c1>>c1ccc(-c2cncc(C3CCCCC3)c2)cc1
plate_2,c1cnc2[nH]cnc2c1,6828.15543,plate_2_497,Brc1cncc(-c2ccccc2)c1.O=C(O)C1CCCCC1.c1cnc2[nH]cnc2c1>>c1ccc(-c2cncc(C3CCCCC3)c2)cc1
plate_2,c1cnc2[nH]ncc2c1,13391.674715,plate_2_521,Brc1cncc(-c2ccccc2)c1.O=C(O)C1CCCCC1.c1cnc2[nH]ncc2c1>>c1ccc(-c2cncc(C3CCCCC3)c2)cc1
plate_2,c1coc(-c2nc3ccccc3[nH]2)c1,5363.11258,plate_2_640,Brc1cncc(-c2ccccc2)c1.O=C(O)C1CCCCC1.c1coc(-c2nc3ccccc3[nH]2)c1>>c1ccc(-c2cncc(C3CCCCC3)c2)cc1
plate_2,c1coc(-c2nnn[nH]2)c1,1110.77821,plate_2_488,Brc1cncc(-c2ccccc2)c1.O=C(O)C1CCCCC1.c1coc(-c2nnn[nH]2)c1>>c1ccc(-c2cncc(C3CCCCC3)c2)cc1
plate_2,c1csc(-c2cc[nH]n2)c1,480.65765,plate_2_495,Brc1cncc(-c2ccccc2)c1.O=C(O)C1CCCCC1.c1csc(-c2cc[nH]n2)c1>>c1ccc(-c2cncc(C3CCCCC3)c2)cc1
plate_3,C#CC(=O)c1ccccc1,0.0,plate_3_0,O=C1CCc2ccc(Br)cc2N1.O=C(O)C1CCCCC1.C#CC(=O)c1ccccc1>>O=C1CCc2ccc(C3CCCCC3)cc2N1
plate_3,C#CC1(O)CCCCC1,9104.77318,plate_3_1,O=C1CCc2ccc(Br)cc2N1.O=C(O)C1CCCCC1.C#CC1(O)CCCCC1>>O=C1CCc2ccc(C3CCCCC3)cc2N1
plate_3,C#CCCCCO,10138.10998,plate_3_2,O=C1CCc2ccc(Br)cc2N1.O=C(O)C1CCCCC1.C#CCCCCO>>O=C1CCc2ccc(C3CCCCC3)cc2N1
plate_3,C#CCCCc1ccccc1,5818.46102,plate_3_3,O=C1CCc2ccc(Br)cc2N1.O=C(O)C1CCCCC1.C#CCCCc1ccccc1>>O=C1CCc2ccc(C3CCCCC3)cc2N1
plate_3,C#Cc1ccc(CC)cc1,5437.24059,plate_3_280,O=C1CCc2ccc(Br)cc2N1.O=C(O)C1CCCCC1.C#Cc1ccc(CC)cc1>>O=C1CCc2ccc(C3CCCCC3)cc2N1
plate_3,C#Cc1ccc(OCCC)cc1,6769.4834,plate_3_222,O=C1CCc2ccc(Br)cc2N1.O=C(O)C1CCCCC1.C#Cc1ccc(OCCC)cc1>>O=C1CCc2ccc(C3CCCCC3)cc2N1
plate_3,C#Cc1ncccn1,0.0,plate_3_4,O=C1CCc2ccc(Br)cc2N1.O=C(O)C1CCCCC1.C#Cc1ncccn1>>O=C1CCc2ccc(C3CCCCC3)cc2N1
plate_3,C(=N/Nc1ccc2ccccc2n1)\c1ccccn1,1422.15926,plate_3_656,O=C1CCc2ccc(Br)cc2N1.O=C(O)C1CCCCC1.C(=N/Nc1ccc2ccccc2n1)\c1ccccn1>>O=C1CCc2ccc(C3CCCCC3)cc2N1
plate_3,C/C(=N\O)c1ccccc1,5107.65445,plate_3_18,O=C1CCc2ccc(Br)cc2N1.O=C(O)C1CCCCC1.C/C(=N\O)c1ccccc1>>O=C1CCc2ccc(C3CCCCC3)cc2N1
plate_3,C/C=C/C(=O)OC,1721.12029,plate_3_19,O=C1CCc2ccc(Br)cc2N1.O=C(O)C1CCCCC1.C/C=C/C(=O)OC>>O=C1CCc2ccc(C3CCCCC3)cc2N1
plate_3,C/C=C/C=C/C(=O)OC,8746.98852,plate_3_20,O=C1CCc2ccc(Br)cc2N1.O=C(O)C1CCCCC1.C/C=C/C=C/C(=O)OC>>O=C1CCc2ccc(C3CCCCC3)cc2N1
plate_3,C/N=C/c1ccccc1,5968.52621,plate_3_21,O=C1CCc2ccc(Br)cc2N1.O=C(O)C1CCCCC1.C/N=C/c1ccccc1>>O=C1CCc2ccc(C3CCCCC3)cc2N1
plate_3,C=C(C)CCCCC,5738.40947,plate_3_211,O=C1CCc2ccc(Br)cc2N1.O=C(O)C1CCCCC1.C=C(C)CCCCC>>O=C1CCc2ccc(C3CCCCC3)cc2N1
plate_3,C=CCCC(=O)OC,7005.12591,plate_3_330,O=C1CCc2ccc(Br)cc2N1.O=C(O)C1CCCCC1.C=CCCC(=O)OC>>O=C1CCc2ccc(C3CCCCC3)cc2N1
plate_3,C=CCCCCCC,6196.76745,plate_3_214,O=C1CCc2ccc(Br)cc2N1.O=C(O)C1CCCCC1.C=CCCCCCC>>O=C1CCc2ccc(C3CCCCC3)cc2N1
plate_3,C=CCNC(N)=O,5558.2418,plate_3_77,O=C1CCc2ccc(Br)cc2N1.O=C(O)C1CCCCC1.C=CCNC(N)=O>>O=C1CCc2ccc(C3CCCCC3)cc2N1
plate_3,C=CCOCc1ccccc1,4643.86709,plate_3_78,O=C1CCc2ccc(Br)cc2N1.O=C(O)C1CCCCC1.C=CCOCc1ccccc1>>O=C1CCc2ccc(C3CCCCC3)cc2N1
plate_3,C=CCc1ccccc1,5775.43232,plate_3_79,O=C1CCc2ccc(Br)cc2N1.O=C(O)C1CCCCC1.C=CCc1ccccc1>>O=C1CCc2ccc(C3CCCCC3)cc2N1
plate_3,C=CCc1ccccc1C(=O)O,6268.5391,plate_3_80,O=C1CCc2ccc(Br)cc2N1.O=C(O)C1CCCCC1.C=CCc1ccccc1C(=O)O>>O=C1CCc2ccc(C3CCCCC3)cc2N1
plate_3,C=CCn1ccnc1,4808.14442,plate_3_81,O=C1CCc2ccc(Br)cc2N1.O=C(O)C1CCCCC1.C=CCn1ccnc1>>O=C1CCc2ccc(C3CCCCC3)cc2N1
plate_3,C=C[C@H]1CN2CC[C@H]1C[C@@H]2[C@@H](O)c1ccnc2ccccc12,3197.55358,plate_3_82,O=C1CCc2ccc(Br)cc2N1.O=C(O)C1CCCCC1.C=C[C@H]1CN2CC[C@H]1C[C@@H]2[C@@H](O)c1ccnc2ccccc12>>O=C1CCc2ccc(C3CCCCC3)cc2N1
plate_3,C=Cc1ccc2ccccc2c1,5863.8616,plate_3_83,O=C1CCc2ccc(Br)cc2N1.O=C(O)C1CCCCC1.C=Cc1ccc2ccccc2c1>>O=C1CCc2ccc(C3CCCCC3)cc2N1
plate_3,C=Cc1ccccn1,4447.21975,plate_3_84,O=C1CCc2ccc(Br)cc2N1.O=C(O)C1CCCCC1.C=Cc1ccccn1>>O=C1CCc2ccc(C3CCCCC3)cc2N1
plate_3,C=Cc1cnccn1,2629.87096,plate_3_85,O=C1CCc2ccc(Br)cc2N1.O=C(O)C1CCCCC1.C=Cc1cnccn1>>O=C1CCc2ccc(C3CCCCC3)cc2N1
plate_3,CC#Cc1ccccc1,4976.91362,plate_3_86,O=C1CCc2ccc(Br)cc2N1.O=C(O)C1CCCCC1.CC#Cc1ccccc1>>O=C1CCc2ccc(C3CCCCC3)cc2N1
plate_3,CC(=O)/C=C(/C)N1CCCC1,8517.48034,plate_3_17,O=C1CCc2ccc(Br)cc2N1.O=C(O)C1CCCCC1.CC(=O)/C=C(/C)N1CCCC1>>O=C1CCc2ccc(C3CCCCC3)cc2N1
plate_3,CC(=O)C(=O)N1CCCCC1,1787.40004,plate_3_87,O=C1CCc2ccc(Br)cc2N1.O=C(O)C1CCCCC1.CC(=O)C(=O)N1CCCCC1>>O=C1CCc2ccc(C3CCCCC3)cc2N1
plate_3,CC(=O)C(=O)c1ccccc1,7461.85022,plate_3_89,O=C1CCc2ccc(Br)cc2N1.O=C(O)C1CCCCC1.CC(=O)C(=O)c1ccccc1>>O=C1CCc2ccc(C3CCCCC3)cc2N1
plate_3,CC(=O)C(C(C)=O)c1ccccc1,0.0,plate_3_91,O=C1CCc2ccc(Br)cc2N1.O=C(O)C1CCCCC1.CC(=O)C(C(C)=O)c1ccccc1>>O=C1CCc2ccc(C3CCCCC3)cc2N1
plate_3,CC(=O)C(C)(C)O,4785.25112,plate_3_90,O=C1CCc2ccc(Br)cc2N1.O=C(O)C1CCCCC1.CC(=O)C(C)(C)O>>O=C1CCc2ccc(C3CCCCC3)cc2N1
plate_3,CC(=O)C1CCCC1=O,2803.04637,plate_3_92,O=C1CCc2ccc(Br)cc2N1.O=C(O)C1CCCCC1.CC(=O)C1CCCC1=O>>O=C1CCc2ccc(C3CCCCC3)cc2N1
plate_3,CC(=O)C1CCCCC1,4643.16294,plate_3_93,O=C1CCc2ccc(Br)cc2N1.O=C(O)C1CCCCC1.CC(=O)C1CCCCC1>>O=C1CCc2ccc(C3CCCCC3)cc2N1
plate_3,CC(=O)C1CCCCC1=O,1465.22228,plate_3_94,O=C1CCc2ccc(Br)cc2N1.O=C(O)C1CCCCC1.CC(=O)C1CCCCC1=O>>O=C1CCc2ccc(C3CCCCC3)cc2N1
plate_3,CC(=O)C1CCN(C)C1=O,6887.14722,plate_3_95,O=C1CCc2ccc(Br)cc2N1.O=C(O)C1CCCCC1.CC(=O)C1CCN(C)C1=O>>O=C1CCc2ccc(C3CCCCC3)cc2N1
plate_3,CC(=O)CC(=O)N(C)C,2370.24434,plate_3_98,O=C1CCc2ccc(Br)cc2N1.O=C(O)C1CCCCC1.CC(=O)CC(=O)N(C)C>>O=C1CCc2ccc(C3CCCCC3)cc2N1
plate_3,CC(=O)CC(=O)Nc1ccccc1,0.0,plate_3_99,O=C1CCc2ccc(Br)cc2N1.O=C(O)C1CCCCC1.CC(=O)CC(=O)Nc1ccccc1>>O=C1CCc2ccc(C3CCCCC3)cc2N1
plate_3,CC(=O)CC(=O)c1ccccc1,0.0,plate_3_100,O=C1CCc2ccc(Br)cc2N1.O=C(O)C1CCCCC1.CC(=O)CC(=O)c1ccccc1>>O=C1CCc2ccc(C3CCCCC3)cc2N1
plate_3,CC(=O)CC(C)=O,1979.14367,plate_3_96,O=C1CCc2ccc(Br)cc2N1.O=C(O)C1CCCCC1.CC(=O)CC(C)=O>>O=C1CCc2ccc(C3CCCCC3)cc2N1
plate_3,CC(=O)CC(N)=O,2928.45587,plate_3_97,O=C1CCc2ccc(Br)cc2N1.O=C(O)C1CCCCC1.CC(=O)CC(N)=O>>O=C1CCc2ccc(C3CCCCC3)cc2N1
plate_3,CC(=O)CCC(C)=O,4559.23679,plate_3_101,O=C1CCc2ccc(Br)cc2N1.O=C(O)C1CCCCC1.CC(=O)CCC(C)=O>>O=C1CCc2ccc(C3CCCCC3)cc2N1
plate_3,CC(=O)CCc1nc2ccccc2[nH]1,8938.50838,plate_3_102,O=C1CCc2ccc(Br)cc2N1.O=C(O)C1CCCCC1.CC(=O)CCc1nc2ccccc2[nH]1>>O=C1CCc2ccc(C3CCCCC3)cc2N1
plate_3,CC(=O)CN(C)C,2882.83707,plate_3_103,O=C1CCc2ccc(Br)cc2N1.O=C(O)C1CCCCC1.CC(=O)CN(C)C>>O=C1CCc2ccc(C3CCCCC3)cc2N1
plate_3,CC(=O)CNC(C)=O,4357.088,plate_3_104,O=C1CCc2ccc(Br)cc2N1.O=C(O)C1CCCCC1.CC(=O)CNC(C)=O>>O=C1CCc2ccc(C3CCCCC3)cc2N1
plate_3,CC(=O)COCc1ccccc1,4923.64494,plate_3_105,O=C1CCc2ccc(Br)cc2N1.O=C(O)C1CCCCC1.CC(=O)COCc1ccccc1>>O=C1CCc2ccc(C3CCCCC3)cc2N1
plate_3,CC(=O)CS(C)(=O)=O,2186.44446,plate_3_106,O=C1CCc2ccc(Br)cc2N1.O=C(O)C1CCCCC1.CC(=O)CS(C)(=O)=O>>O=C1CCc2ccc(C3CCCCC3)cc2N1
plate_3,CC(=O)Cc1ccco1,4771.51784,plate_3_108,O=C1CCc2ccc(Br)cc2N1.O=C(O)C1CCCCC1.CC(=O)Cc1ccco1>>O=C1CCc2ccc(C3CCCCC3)cc2N1
plate_3,CC(=O)NC(C)C(=O)O,0.0,plate_3_148,O=C1CCc2ccc(Br)cc2N1.O=C(O)C1CCCCC1.CC(=O)NC(C)C(=O)O>>O=C1CCc2ccc(C3CCCCC3)cc2N1
plate_3,CC(=O)NC(C)C(C)=O,4332.03383,plate_3_146,O=C1CCc2ccc(Br)cc2N1.O=C(O)C1CCCCC1.CC(=O)NC(C)C(C)=O>>O=C1CCc2ccc(C3CCCCC3)cc2N1
plate_3,CC(=O)NCCO,3860.02637,plate_3_110,O=C1CCc2ccc(Br)cc2N1.O=C(O)C1CCCCC1.CC(=O)NCCO>>O=C1CCc2ccc(C3CCCCC3)cc2N1
plate_3,CC(=O)NCc1ccccc1,4760.25116,plate_3_111,O=C1CCc2ccc(Br)cc2N1.O=C(O)C1CCCCC1.CC(=O)NCc1ccccc1>>O=C1CCc2ccc(C3CCCCC3)cc2N1
plate_3,CC(=O)NNc1ccccc1,6641.018,plate_3_112,O=C1CCc2ccc(Br)cc2N1.O=C(O)C1CCCCC1.CC(=O)NNc1ccccc1>>O=C1CCc2ccc(C3CCCCC3)cc2N1
plate_3,CC(=O)Nc1cccc(C(=O)O)n1,0.0,plate_3_113,O=C1CCc2ccc(Br)cc2N1.O=C(O)C1CCCCC1.CC(=O)Nc1cccc(C(=O)O)n1>>O=C1CCc2ccc(C3CCCCC3)cc2N1
plate_3,CC(=O)Nc1ccccc1,6142.14889,plate_3_114,O=C1CCc2ccc(Br)cc2N1.O=C(O)C1CCCCC1.CC(=O)Nc1ccccc1>>O=C1CCc2ccc(C3CCCCC3)cc2N1
plate_3,CC(=O)Nc1ccccc1O,5247.53523,plate_3_115,O=C1CCc2ccc(Br)cc2N1.O=C(O)C1CCCCC1.CC(=O)Nc1ccccc1O>>O=C1CCc2ccc(C3CCCCC3)cc2N1
plate_3,CC(=O)Nc1ccccn1,1095.93345,plate_3_117,O=C1CCc2ccc(Br)cc2N1.O=C(O)C1CCCCC1.CC(=O)Nc1ccccn1>>O=C1CCc2ccc(C3CCCCC3)cc2N1
plate_3,CC(=O)Nc1nc(C)cs1,2232.10034,plate_3_439,O=C1CCc2ccc(Br)cc2N1.O=C(O)C1CCCCC1.CC(=O)Nc1nc(C)cs1>>O=C1CCc2ccc(C3CCCCC3)cc2N1
plate_3,CC(=O)Nc1nccs1,0.0,plate_3_118,O=C1CCc2ccc(Br)cc2N1.O=C(O)C1CCCCC1.CC(=O)Nc1nccs1>>O=C1CCc2ccc(C3CCCCC3)cc2N1
plate_3,CC(=O)OCCO,3210.29249,plate_3_119,O=C1CCc2ccc(Br)cc2N1.O=C(O)C1CCCCC1.CC(=O)OCCO>>O=C1CCc2ccc(C3CCCCC3)cc2N1
plate_3,CC(=O)OCc1ccccn1,8874.19877,plate_3_120,O=C1CCc2ccc(Br)cc2N1.O=C(O)C1CCCCC1.CC(=O)OCc1ccccn1>>O=C1CCc2ccc(C3CCCCC3)cc2N1
plate_3,CC(=O)Oc1ccccc1,4114.80435,plate_3_121,O=C1CCc2ccc(Br)cc2N1.O=C(O)C1CCCCC1.CC(=O)Oc1ccccc1>>O=C1CCc2ccc(C3CCCCC3)cc2N1
plate_3,CC(=O)Oc1ccccc1C(=O)O,2458.14968,plate_3_122,O=C1CCc2ccc(Br)cc2N1.O=C(O)C1CCCCC1.CC(=O)Oc1ccccc1C(=O)O>>O=C1CCc2ccc(C3CCCCC3)cc2N1
plate_3,CC(=O)c1[nH]c(=O)[nH]c1C,6722.72602,plate_3_420,O=C1CCc2ccc(Br)cc2N1.O=C(O)C1CCCCC1.CC(=O)c1[nH]c(=O)[nH]c1C>>O=C1CCc2ccc(C3CCCCC3)cc2N1
plate_3,CC(=O)c1cc2ccccc2[nH]1,1878.47507,plate_3_125,O=C1CCc2ccc(Br)cc2N1.O=C(O)C1CCCCC1.CC(=O)c1cc2ccccc2[nH]1>>O=C1CCc2ccc(C3CCCCC3)cc2N1
plate_3,CC(=O)c1cc2ccccc2o1,3171.42619,plate_3_126,O=C1CCc2ccc(Br)cc2N1.O=C(O)C1CCCCC1.CC(=O)c1cc2ccccc2o1>>O=C1CCc2ccc(C3CCCCC3)cc2N1
plate_3,CC(=O)c1ccc(C(C)=O)s1,0.0,plate_3_129,O=C1CCc2ccc(Br)cc2N1.O=C(O)C1CCCCC1.CC(=O)c1ccc(C(C)=O)s1>>O=C1CCc2ccc(C3CCCCC3)cc2N1
plate_3,CC(=O)c1ccc(C)o1,3277.45392,plate_3_432,O=C1CCc2ccc(Br)cc2N1.O=C(O)C1CCCCC1.CC(=O)c1ccc(C)o1>>O=C1CCc2ccc(C3CCCCC3)cc2N1
plate_3,CC(=O)c1ccc(F)nc1,10906.12415,plate_3_128,O=C1CCc2ccc(Br)cc2N1.O=C(O)C1CCCCC1.CC(=O)c1ccc(F)nc1>>O=C1CCc2ccc(C3CCCCC3)cc2N1
plate_3,CC(=O)c1ccc2ccccc2c1O,0.0,plate_3_130,O=C1CCc2ccc(Br)cc2N1.O=C(O)C1CCCCC1.CC(=O)c1ccc2ccccc2c1O>>O=C1CCc2ccc(C3CCCCC3)cc2N1
plate_3,CC(=O)c1ccc2ccccc2n1,3440.50386,plate_3_131,O=C1CCc2ccc(Br)cc2N1.O=C(O)C1CCCCC1.CC(=O)c1ccc2ccccc2n1>>O=C1CCc2ccc(C3CCCCC3)cc2N1
plate_3,CC(=O)c1ccc[nH]1,4650.95282,plate_3_132,O=C1CCc2ccc(Br)cc2N1.O=C(O)C1CCCCC1.CC(=O)c1ccc[nH]1>>O=C1CCc2ccc(C3CCCCC3)cc2N1
plate_3,CC(=O)c1cccc(C(C)=O)n1,5442.95357,plate_3_133,O=C1CCc2ccc(Br)cc2N1.O=C(O)C1CCCCC1.CC(=O)c1cccc(C(C)=O)n1>>O=C1CCc2ccc(C3CCCCC3)cc2N1
plate_3,CC(=O)c1ccccc1,5295.40262,plate_3_134,O=C1CCc2ccc(Br)cc2N1.O=C(O)C1CCCCC1.CC(=O)c1ccccc1>>O=C1CCc2ccc(C3CCCCC3)cc2N1
plate_3,CC(=O)c1ccccc1-n1cccn1,5623.43351,plate_3_138,O=C1CCc2ccc(Br)cc2N1.O=C(O)C1CCCCC1.CC(=O)c1ccccc1-n1cccn1>>O=C1CCc2ccc(C3CCCCC3)cc2N1
plate_3,CC(=O)c1ccccc1C(=O)O,1433.177465,plate_3_135,O=C1CCc2ccc(Br)cc2N1.O=C(O)C1CCCCC1.CC(=O)c1ccccc1C(=O)O>>O=C1CCc2ccc(C3CCCCC3)cc2N1
plate_3,CC(=O)c1ccccc1O,4146.04078,plate_3_136,O=C1CCc2ccc(Br)cc2N1.O=C(O)C1CCCCC1.CC(=O)c1ccccc1O>>O=C1CCc2ccc(C3CCCCC3)cc2N1
plate_3,CC(=O)c1ccccc1[N+](=O)[O-],470.37451,plate_3_137,O=C1CCc2ccc(Br)cc2N1.O=C(O)C1CCCCC1.CC(=O)c1ccccc1[N+](=O)[O-]>>O=C1CCc2ccc(C3CCCCC3)cc2N1
plate_3,CC(=O)c1ccccn1,3122.07165,plate_3_139,O=C1CCc2ccc(Br)cc2N1.O=C(O)C1CCCCC1.CC(=O)c1ccccn1>>O=C1CCc2ccc(C3CCCCC3)cc2N1
plate_3,CC(=O)c1cccn1C,3653.57346,plate_3_140,O=C1CCc2ccc(Br)cc2N1.O=C(O)C1CCCCC1.CC(=O)c1cccn1C>>O=C1CCc2ccc(C3CCCCC3)cc2N1
plate_3,CC(=O)c1ccco1,6303.63721,plate_3_141,O=C1CCc2ccc(Br)cc2N1.O=C(O)C1CCCCC1.CC(=O)c1ccco1>>O=C1CCc2ccc(C3CCCCC3)cc2N1
plate_3,CC(=O)c1cccs1,2618.88589,plate_3_142,O=C1CCc2ccc(Br)cc2N1.O=C(O)C1CCCCC1.CC(=O)c1cccs1>>O=C1CCc2ccc(C3CCCCC3)cc2N1
plate_3,CC(=O)c1cnc(-c2ccccc2)s1,1113.37891,plate_3_143,O=C1CCc2ccc(Br)cc2N1.O=C(O)C1CCCCC1.CC(=O)c1cnc(-c2ccccc2)s1>>O=C1CCc2ccc(C3CCCCC3)cc2N1
plate_3,CC(=O)c1cncs1,4391.60328,plate_3_144,O=C1CCc2ccc(Br)cc2N1.O=C(O)C1CCCCC1.CC(=O)c1cncs1>>O=C1CCc2ccc(C3CCCCC3)cc2N1
plate_3,CC(=O)c1cocn1,2944.45704,plate_3_145,O=C1CCc2ccc(Br)cc2N1.O=C(O)C1CCCCC1.CC(=O)c1cocn1>>O=C1CCc2ccc(C3CCCCC3)cc2N1
plate_3,CC(=O)c1nc(-c2ccccc2)c[nH]1,728.2641,plate_3_123,O=C1CCc2ccc(Br)cc2N1.O=C(O)C1CCCCC1.CC(=O)c1nc(-c2ccccc2)c[nH]1>>O=C1CCc2ccc(C3CCCCC3)cc2N1
plate_3,CC(=O)c1ncc[nH]1,4475.40312,plate_3_124,O=C1CCc2ccc(Br)cc2N1.O=C(O)C1CCCCC1.CC(=O)c1ncc[nH]1>>O=C1CCc2ccc(C3CCCCC3)cc2N1
plate_3,CC(=O)c1noc(C)n1,3896.94696,plate_3_443,O=C1CCc2ccc(Br)cc2N1.O=C(O)C1CCCCC1.CC(=O)c1noc(C)n1>>O=C1CCc2ccc(C3CCCCC3)cc2N1
plate_3,CC(C)(C)C(=O)CC(=O)C(C)(C)C,2691.64552,plate_3_153,O=C1CCc2ccc(Br)cc2N1.O=C(O)C1CCCCC1.CC(C)(C)C(=O)CC(=O)C(C)(C)C>>O=C1CCc2ccc(C3CCCCC3)cc2N1
plate_3,CC(C)(C)C(=O)Nc1ncccc1O,0.0,plate_3_154,O=C1CCc2ccc(Br)cc2N1.O=C(O)C1CCCCC1.CC(C)(C)C(=O)Nc1ncccc1O>>O=C1CCc2ccc(C3CCCCC3)cc2N1
plate_3,CC(C)(C)OC(=O)NC1CCCc2cn[nH]c21,3755.95219,plate_3_155,O=C1CCc2ccc(Br)cc2N1.O=C(O)C1CCCCC1.CC(C)(C)OC(=O)NC1CCCc2cn[nH]c21>>O=C1CCc2ccc(C3CCCCC3)cc2N1
plate_3,CC(C)(C)OC(=O)NCc1ncc[nH]1,6573.90889,plate_3_156,O=C1CCc2ccc(Br)cc2N1.O=C(O)C1CCCCC1.CC(C)(C)OC(=O)NCc1ncc[nH]1>>O=C1CCc2ccc(C3CCCCC3)cc2N1
plate_3,CC(C)(C)[S@](=O)/N=C/c1cnc[nH]1,0.0,plate_3_157,O=C1CCc2ccc(Br)cc2N1.O=C(O)C1CCCCC1.CC(C)(C)[S@](=O)/N=C/c1cnc[nH]1>>O=C1CCc2ccc(C3CCCCC3)cc2N1
plate_3,CC(C)(CO)C(=O)O,2400.31928,plate_3_160,O=C1CCc2ccc(Br)cc2N1.O=C(O)C1CCCCC1.CC(C)(CO)C(=O)O>>O=C1CCc2ccc(C3CCCCC3)cc2N1
plate_3,CC(C)(CO)CO,5414.68738,plate_3_161,O=C1CCc2ccc(Br)cc2N1.O=C(O)C1CCCCC1.CC(C)(CO)CO>>O=C1CCc2ccc(C3CCCCC3)cc2N1
plate_3,CC(C)(F)C(=O)O,4882.6948,plate_3_150,O=C1CCc2ccc(Br)cc2N1.O=C(O)C1CCCCC1.CC(C)(F)C(=O)O>>O=C1CCc2ccc(C3CCCCC3)cc2N1
plate_3,CC(C)(O)C(=O)c1ccccc1,3876.8834,plate_3_151,O=C1CCc2ccc(Br)cc2N1.O=C(O)C1CCCCC1.CC(C)(O)C(=O)c1ccccc1>>O=C1CCc2ccc(C3CCCCC3)cc2N1
plate_3,CC(C)(O)C(N)=O,3437.82889,plate_3_149,O=C1CCc2ccc(Br)cc2N1.O=C(O)C1CCCCC1.CC(C)(O)C(N)=O>>O=C1CCc2ccc(C3CCCCC3)cc2N1
plate_3,CC(C)(O)CCO,4468.02936,plate_3_158,O=C1CCc2ccc(Br)cc2N1.O=C(O)C1CCCCC1.CC(C)(O)CCO>>O=C1CCc2ccc(C3CCCCC3)cc2N1
plate_3,CC(C)(O)Cc1ccccc1,4132.11029,plate_3_164,O=C1CCc2ccc(Br)cc2N1.O=C(O)C1CCCCC1.CC(C)(O)Cc1ccccc1>>O=C1CCc2ccc(C3CCCCC3)cc2N1
plate_3,CC(C)(O)c1ccccc1,2165.47032,plate_3_165,O=C1CCc2ccc(Br)cc2N1.O=C(O)C1CCCCC1.CC(C)(O)c1ccccc1>>O=C1CCc2ccc(C3CCCCC3)cc2N1
plate_3,CC(C)(O)c1ccccc1O,6136.23332,plate_3_166,O=C1CCc2ccc(Br)cc2N1.O=C(O)C1CCCCC1.CC(C)(O)c1ccccc1O>>O=C1CCc2ccc(C3CCCCC3)cc2N1
plate_3,CC(C)C(=O)CC(=O)C(C)C,3318.15858,plate_3_167,O=C1CCc2ccc(Br)cc2N1.O=C(O)C1CCCCC1.CC(C)C(=O)CC(=O)C(C)C>>O=C1CCc2ccc(C3CCCCC3)cc2N1
plate_3,CC(C)NC(=S)NC(C)C,1693.19077,plate_3_168,O=C1CCc2ccc(Br)cc2N1.O=C(O)C1CCCCC1.CC(C)NC(=S)NC(C)C>>O=C1CCc2ccc(C3CCCCC3)cc2N1
plate_3,CC(O)(c1cccnc1)C(C)(O)c1cccnc1,6516.21486,plate_3_176,O=C1CCc2ccc(Br)cc2N1.O=C(O)C1CCCCC1.CC(O)(c1cccnc1)C(C)(O)c1cccnc1>>O=C1CCc2ccc(C3CCCCC3)cc2N1
plate_3,CC(O)CCCO,4816.33596,plate_3_169,O=C1CCc2ccc(Br)cc2N1.O=C(O)C1CCCCC1.CC(O)CCCO>>O=C1CCc2ccc(C3CCCCC3)cc2N1
plate_3,CC(O)CN(C)C,5269.57535,plate_3_170,O=C1CCc2ccc(Br)cc2N1.O=C(O)C1CCCCC1.CC(O)CN(C)C>>O=C1CCc2ccc(C3CCCCC3)cc2N1
plate_3,CC(O)COc1ccccc1,5702.40448,plate_3_171,O=C1CCc2ccc(Br)cc2N1.O=C(O)C1CCCCC1.CC(O)COc1ccccc1>>O=C1CCc2ccc(C3CCCCC3)cc2N1
plate_3,CC(O)Cc1ccccc1,4559.97883,plate_3_172,O=C1CCc2ccc(Br)cc2N1.O=C(O)C1CCCCC1.CC(O)Cc1ccccc1>>O=C1CCc2ccc(C3CCCCC3)cc2N1
plate_3,CC(O)c1ccccc1,4498.08632,plate_3_174,O=C1CCc2ccc(Br)cc2N1.O=C(O)C1CCCCC1.CC(O)c1ccccc1>>O=C1CCc2ccc(C3CCCCC3)cc2N1
plate_3,CC(O)c1ccccn1,3531.77752,plate_3_175,O=C1CCc2ccc(Br)cc2N1.O=C(O)C1CCCCC1.CC(O)c1ccccn1>>O=C1CCc2ccc(C3CCCCC3)cc2N1
plate_3,CC(O)c1ccco1,4143.67202,plate_3_177,O=C1CCc2ccc(Br)cc2N1.O=C(O)C1CCCCC1.CC(O)c1ccco1>>O=C1CCc2ccc(C3CCCCC3)cc2N1
plate_3,CC(O)c1nc2ccccc2[nH]1,2307.37596,plate_3_173,O=C1CCc2ccc(Br)cc2N1.O=C(O)C1CCCCC1.CC(O)c1nc2ccccc2[nH]1>>O=C1CCc2ccc(C3CCCCC3)cc2N1
plate_3,CC(O)c1nc2ccccc2s1,2943.44494,plate_3_178,O=C1CCc2ccc(Br)cc2N1.O=C(O)C1CCCCC1.CC(O)c1nc2ccccc2s1>>O=C1CCc2ccc(C3CCCCC3)cc2N1
plate_3,CC/N=C/c1ccccc1,8764.63531,plate_3_179,O=C1CCc2ccc(Br)cc2N1.O=C(O)C1CCCCC1.CC/N=C/c1ccccc1>>O=C1CCc2ccc(C3CCCCC3)cc2N1
plate_3,CC1(C)C(=O)Nc2ccccc21,6160.3722,plate_3_187,O=C1CCc2ccc(Br)cc2N1.O=C(O)C1CCCCC1.CC1(C)C(=O)Nc2ccccc21>>O=C1CCc2ccc(C3CCCCC3)cc2N1
plate_3,CC1(C)CCCC(C)(C)C1=O,4974.899,plate_3_182,O=C1CCc2ccc(Br)cc2N1.O=C(O)C1CCCCC1.CC1(C)CCCC(C)(C)C1=O>>O=C1CCc2ccc(C3CCCCC3)cc2N1
plate_3,CC1(C)COC(=O)N1,3762.38355,plate_3_184,O=C1CCc2ccc(Br)cc2N1.O=C(O)C1CCCCC1.CC1(C)COC(=O)N1>>O=C1CCc2ccc(C3CCCCC3)cc2N1
plate_3,CC1(C)NC(=O)NC1=O,25610.65786,plate_3_180,O=C1CCc2ccc(Br)cc2N1.O=C(O)C1CCCCC1.CC1(C)NC(=O)NC1=O>>O=C1CCc2ccc(C3CCCCC3)cc2N1
plate_3,CC1(C)O[C@@H](C(=O)O)[C@H](C(=O)O)O1,1117.73572,plate_3_186,O=C1CCc2ccc(Br)cc2N1.O=C(O)C1CCCCC1.CC1(C)O[C@@H](C(=O)O)[C@H](C(=O)O)O1>>O=C1CCc2ccc(C3CCCCC3)cc2N1
plate_3,CC1(C)O[C@H](CO)[C@@H](CO)O1,5776.45976,plate_3_185,O=C1CCc2ccc(Br)cc2N1.O=C(O)C1CCCCC1.CC1(C)O[C@H](CO)[C@@H](CO)O1>>O=C1CCc2ccc(C3CCCCC3)cc2N1
plate_3,CC1(C)Oc2ccccc2NC1=O,2768.64961,plate_3_181,O=C1CCc2ccc(Br)cc2N1.O=C(O)C1CCCCC1.CC1(C)Oc2ccccc2NC1=O>>O=C1CCc2ccc(C3CCCCC3)cc2N1
plate_3,CC1(O)CCCCC1,5915.66446,plate_3_183,O=C1CCc2ccc(Br)cc2N1.O=C(O)C1CCCCC1.CC1(O)CCCCC1>>O=C1CCc2ccc(C3CCCCC3)cc2N1
plate_3,CC1=CC(=O)CCC1,2570.94264,plate_3_188,O=C1CCc2ccc(Br)cc2N1.O=C(O)C1CCCCC1.CC1=CC(=O)CCC1>>O=C1CCc2ccc(C3CCCCC3)cc2N1
plate_3,CC1C=NNC1=O,0.0,plate_3_190,O=C1CCc2ccc(Br)cc2N1.O=C(O)C1CCCCC1.CC1C=NNC1=O>>O=C1CCc2ccc(C3CCCCC3)cc2N1
plate_3,CC1CC(=O)OC(=O)C1,3054.3648,plate_3_192,O=C1CCc2ccc(Br)cc2N1.O=C(O)C1CCCCC1.CC1CC(=O)OC(=O)C1>>O=C1CCc2ccc(C3CCCCC3)cc2N1
plate_3,CC1CC(O)=CC(=O)O1,3169.1338,plate_3_191,O=C1CCc2ccc(Br)cc2N1.O=C(O)C1CCCCC1.CC1CC(O)=CC(=O)O1>>O=C1CCc2ccc(C3CCCCC3)cc2N1
plate_3,CC1CCC(=O)N1,7942.07453,plate_3_193,O=C1CCc2ccc(Br)cc2N1.O=C(O)C1CCCCC1.CC1CCC(=O)N1>>O=C1CCc2ccc(C3CCCCC3)cc2N1
plate_3,CC1CCC(=O)O1,3504.09475,plate_3_194,O=C1CCc2ccc(Br)cc2N1.O=C(O)C1CCCCC1.CC1CCC(=O)O1>>O=C1CCc2ccc(C3CCCCC3)cc2N1
plate_3,CC1CCOC1=O,5486.30612,plate_3_195,O=C1CCc2ccc(Br)cc2N1.O=C(O)C1CCCCC1.CC1CCOC1=O>>O=C1CCc2ccc(C3CCCCC3)cc2N1
plate_3,CC1NC(=O)C(=O)OC1C,1077.75282,plate_3_189,O=C1CCc2ccc(Br)cc2N1.O=C(O)C1CCCCC1.CC1NC(=O)C(=O)OC1C>>O=C1CCc2ccc(C3CCCCC3)cc2N1
plate_3,CCC(=O)N(C)C,5052.77994,plate_3_197,O=C1CCc2ccc(Br)cc2N1.O=C(O)C1CCCCC1.CCC(=O)N(C)C>>O=C1CCc2ccc(C3CCCCC3)cc2N1
plate_3,CCC(=O)OC(C)(C)C,5866.66368,plate_3_199,O=C1CCc2ccc(Br)cc2N1.O=C(O)C1CCCCC1.CCC(=O)OC(C)(C)C>>O=C1CCc2ccc(C3CCCCC3)cc2N1
plate_3,CCC(=O)c1ccc[nH]1,2128.32248,plate_3_200,O=C1CCc2ccc(Br)cc2N1.O=C(O)C1CCCCC1.CCC(=O)c1ccc[nH]1>>O=C1CCc2ccc(C3CCCCC3)cc2N1
plate_3,CCC(O)c1ccco1,6390.9321,plate_3_201,O=C1CCc2ccc(Br)cc2N1.O=C(O)C1CCCCC1.CCC(O)c1ccco1>>O=C1CCc2ccc(C3CCCCC3)cc2N1
plate_3,CCC/C(=N\O)C(C)=O,873.72234,plate_3_202,O=C1CCc2ccc(Br)cc2N1.O=C(O)C1CCCCC1.CCC/C(=N\O)C(C)=O>>O=C1CCc2ccc(C3CCCCC3)cc2N1
plate_3,CCCC#CCCC,5090.38135,plate_3_203,O=C1CCc2ccc(Br)cc2N1.O=C(O)C1CCCCC1.CCCC#CCCC>>O=C1CCc2ccc(C3CCCCC3)cc2N1
plate_3,CCCC(=O)OCC,6117.16535,plate_3_204,O=C1CCc2ccc(Br)cc2N1.O=C(O)C1CCCCC1.CCCC(=O)OCC>>O=C1CCc2ccc(C3CCCCC3)cc2N1
plate_3,CCCC(C)(C)O,4650.87352,plate_3_205,O=C1CCc2ccc(Br)cc2N1.O=C(O)C1CCCCC1.CCCC(C)(C)O>>O=C1CCc2ccc(C3CCCCC3)cc2N1
plate_3,CCCC(O)CO,4854.71823,plate_3_206,O=C1CCc2ccc(Br)cc2N1.O=C(O)C1CCCCC1.CCCC(O)CO>>O=C1CCc2ccc(C3CCCCC3)cc2N1
plate_3,CCCCC(=O)NC,5998.04755,plate_3_208,O=C1CCc2ccc(Br)cc2N1.O=C(O)C1CCCCC1.CCCCC(=O)NC>>O=C1CCc2ccc(C3CCCCC3)cc2N1
plate_3,CCCCC(=O)c1ccccc1,5002.0,plate_3_209,O=C1CCc2ccc(Br)cc2N1.O=C(O)C1CCCCC1.CCCCC(=O)c1ccccc1>>O=C1CCc2ccc(C3CCCCC3)cc2N1
plate_3,CCCCC(N)=O,5973.13788,plate_3_207,O=C1CCc2ccc(Br)cc2N1.O=C(O)C1CCCCC1.CCCCC(N)=O>>O=C1CCc2ccc(C3CCCCC3)cc2N1
plate_3,CCCCCC#N,7695.22816,plate_3_210,O=C1CCc2ccc(Br)cc2N1.O=C(O)C1CCCCC1.CCCCCC#N>>O=C1CCc2ccc(C3CCCCC3)cc2N1
plate_3,CCCCCC(C)=O,4405.86143,plate_3_212,O=C1CCc2ccc(Br)cc2N1.O=C(O)C1CCCCC1.CCCCCC(C)=O>>O=C1CCc2ccc(C3CCCCC3)cc2N1
plate_3,CCCCCCC(C)=O,8701.7782,plate_3_213,O=C1CCc2ccc(Br)cc2N1.O=C(O)C1CCCCC1.CCCCCCC(C)=O>>O=C1CCc2ccc(C3CCCCC3)cc2N1
plate_3,CCCCNC(C)=O,5897.86174,plate_3_215,O=C1CCc2ccc(Br)cc2N1.O=C(O)C1CCCCC1.CCCCNC(C)=O>>O=C1CCc2ccc(C3CCCCC3)cc2N1
plate_3,CCCCNC=O,5784.33461,plate_3_216,O=C1CCc2ccc(Br)cc2N1.O=C(O)C1CCCCC1.CCCCNC=O>>O=C1CCc2ccc(C3CCCCC3)cc2N1
plate_3,CCCCOC(N)=O,6210.93319,plate_3_217,O=C1CCc2ccc(Br)cc2N1.O=C(O)C1CCCCC1.CCCCOC(N)=O>>O=C1CCc2ccc(C3CCCCC3)cc2N1
plate_3,CCCCc1ccsc1,3403.90075,plate_3_218,O=C1CCc2ccc(Br)cc2N1.O=C(O)C1CCCCC1.CCCCc1ccsc1>>O=C1CCc2ccc(C3CCCCC3)cc2N1
plate_3,CCCCn1ccnc1,5482.97551,plate_3_219,O=C1CCc2ccc(Br)cc2N1.O=C(O)C1CCCCC1.CCCCn1ccnc1>>O=C1CCc2ccc(C3CCCCC3)cc2N1
plate_3,CCCNC(N)=O,2947.32771,plate_3_220,O=C1CCc2ccc(Br)cc2N1.O=C(O)C1CCCCC1.CCCNC(N)=O>>O=C1CCc2ccc(C3CCCCC3)cc2N1
plate_3,CCCNS(C)(=O)=O,3568.96048,plate_3_221,O=C1CCc2ccc(Br)cc2N1.O=C(O)C1CCCCC1.CCCNS(C)(=O)=O>>O=C1CCc2ccc(C3CCCCC3)cc2N1
plate_3,CCCc1ncc[nH]1,3456.62145,plate_3_223,O=C1CCc2ccc(Br)cc2N1.O=C(O)C1CCCCC1.CCCc1ncc[nH]1>>O=C1CCc2ccc(C3CCCCC3)cc2N1
plate_3,CCN(C(C)C)C(C)C,3366.21718,plate_3_224,O=C1CCc2ccc(Br)cc2N1.O=C(O)C1CCCCC1.CCN(C(C)C)C(C)C>>O=C1CCc2ccc(C3CCCCC3)cc2N1
plate_3,CCN(CC)C(=O)CO,3210.5249,plate_3_225,O=C1CCc2ccc(Br)cc2N1.O=C(O)C1CCCCC1.CCN(CC)C(=O)CO>>O=C1CCc2ccc(C3CCCCC3)cc2N1
plate_3,CCN(CC)C(N)=O,6016.38639,plate_3_226,O=C1CCc2ccc(Br)cc2N1.O=C(O)C1CCCCC1.CCN(CC)C(N)=O>>O=C1CCc2ccc(C3CCCCC3)cc2N1
plate_3,CCN(CC)CCCO,0.0,plate_3_227,O=C1CCc2ccc(Br)cc2N1.O=C(O)C1CCCCC1.CCN(CC)CCCO>>O=C1CCc2ccc(C3CCCCC3)cc2N1
plate_3,CCN(CC)c1ccccc1,6411.83711,plate_3_228,O=C1CCc2ccc(Br)cc2N1.O=C(O)C1CCCCC1.CCN(CC)c1ccccc1>>O=C1CCc2ccc(C3CCCCC3)cc2N1
plate_3,CCN1CCCC1=O,4435.52056,plate_3_229,O=C1CCc2ccc(Br)cc2N1.O=C(O)C1CCCCC1.CCN1CCCC1=O>>O=C1CCc2ccc(C3CCCCC3)cc2N1
plate_3,CCN1CCNC(=O)C1=O,3300.29248,plate_3_230,O=C1CCc2ccc(Br)cc2N1.O=C(O)C1CCCCC1.CCN1CCNC(=O)C1=O>>O=C1CCc2ccc(C3CCCCC3)cc2N1
plate_3,CCNC(=O)C(=O)NCC,5817.24131,plate_3_231,O=C1CCc2ccc(Br)cc2N1.O=C(O)C1CCCCC1.CCNC(=O)C(=O)NCC>>O=C1CCc2ccc(C3CCCCC3)cc2N1
plate_3,CCNC(=O)OC,4100.8459,plate_3_232,O=C1CCc2ccc(Br)cc2N1.O=C(O)C1CCCCC1.CCNC(=O)OC>>O=C1CCc2ccc(C3CCCCC3)cc2N1
plate_3,CCNC(=O)OCC,4040.90529,plate_3_233,O=C1CCc2ccc(Br)cc2N1.O=C(O)C1CCCCC1.CCNC(=O)OCC>>O=C1CCc2ccc(C3CCCCC3)cc2N1
plate_3,CCOC(=N)C(=O)OCC,8777.15842,plate_3_234,O=C1CCc2ccc(Br)cc2N1.O=C(O)C1CCCCC1.CCOC(=N)C(=O)OCC>>O=C1CCc2ccc(C3CCCCC3)cc2N1
plate_3,CCOC(=N)CCOC,6115.79971,plate_3_235,O=C1CCc2ccc(Br)cc2N1.O=C(O)C1CCCCC1.CCOC(=N)CCOC>>O=C1CCc2ccc(C3CCCCC3)cc2N1
plate_3,CCOC(=O)/C(N)=N\O,2141.70493,plate_3_236,O=C1CCc2ccc(Br)cc2N1.O=C(O)C1CCCCC1.CCOC(=O)/C(N)=N\O>>O=C1CCc2ccc(C3CCCCC3)cc2N1
plate_3,CCOC(=O)C(=O)C1CCCCC1,8992.35114,plate_3_238,O=C1CCc2ccc(Br)cc2N1.O=C(O)C1CCCCC1.CCOC(=O)C(=O)C1CCCCC1>>O=C1CCc2ccc(C3CCCCC3)cc2N1
plate_3,CCOC(=O)C(=O)N(C)C,4770.91136,plate_3_240,O=C1CCc2ccc(Br)cc2N1.O=C(O)C1CCCCC1.CCOC(=O)C(=O)N(C)C>>O=C1CCc2ccc(C3CCCCC3)cc2N1
plate_3,CCOC(=O)C(=O)Nc1ccccc1,4476.46323,plate_3_241,O=C1CCc2ccc(Br)cc2N1.O=C(O)C1CCCCC1.CCOC(=O)C(=O)Nc1ccccc1>>O=C1CCc2ccc(C3CCCCC3)cc2N1
plate_3,CCOC(=O)C(=O)O,3724.74977,plate_3_242,O=C1CCc2ccc(Br)cc2N1.O=C(O)C1CCCCC1.CCOC(=O)C(=O)O>>O=C1CCc2ccc(C3CCCCC3)cc2N1
plate_3,CCOC(=O)C(=O)OCC,4498.31531,plate_3_243,O=C1CCc2ccc(Br)cc2N1.O=C(O)C1CCCCC1.CCOC(=O)C(=O)OCC>>O=C1CCc2ccc(C3CCCCC3)cc2N1
plate_3,CCOC(=O)C(C)=O,4634.10896,plate_3_237,O=C1CCc2ccc(Br)cc2N1.O=C(O)C1CCCCC1.CCOC(=O)C(C)=O>>O=C1CCc2ccc(C3CCCCC3)cc2N1
plate_3,CCOC(=O)C(N)=O,4909.41881,plate_3_239,O=C1CCc2ccc(Br)cc2N1.O=C(O)C1CCCCC1.CCOC(=O)C(N)=O>>O=C1CCc2ccc(C3CCCCC3)cc2N1
plate_3,CCOC(=O)C1CCCCC1=O,515.78001,plate_3_244,O=C1CCc2ccc(Br)cc2N1.O=C(O)C1CCCCC1.CCOC(=O)C1CCCCC1=O>>O=C1CCc2ccc(C3CCCCC3)cc2N1
plate_3,CCOC(=O)C1CCNC1=O,5808.50277,plate_3_245,O=C1CCc2ccc(Br)cc2N1.O=C(O)C1CCCCC1.CCOC(=O)C1CCNC1=O>>O=C1CCc2ccc(C3CCCCC3)cc2N1
plate_3,CCOC(=O)CC#N,1011.28218,plate_3_246,O=C1CCc2ccc(Br)cc2N1.O=C(O)C1CCCCC1.CCOC(=O)CC#N>>O=C1CCc2ccc(C3CCCCC3)cc2N1
plate_3,CCOC(=O)CC(=O)OCC,2587.42537,plate_3_247,O=C1CCc2ccc(Br)cc2N1.O=C(O)C1CCCCC1.CCOC(=O)CC(=O)OCC>>O=C1CCc2ccc(C3CCCCC3)cc2N1
plate_3,CCOC(=O)CC(=O)c1ccccn1,0.0,plate_3_248,O=C1CCc2ccc(Br)cc2N1.O=C(O)C1CCCCC1.CCOC(=O)CC(=O)c1ccccn1>>O=C1CCc2ccc(C3CCCCC3)cc2N1
plate_3,CCOC(=O)CCCC(=O)CC,5199.16297,plate_3_196,O=C1CCc2ccc(Br)cc2N1.O=C(O)C1CCCCC1.CCOC(=O)CCCC(=O)CC>>O=C1CCc2ccc(C3CCCCC3)cc2N1
plate_3,CCOC(=O)CN(C)C,5197.67661,plate_3_249,O=C1CCc2ccc(Br)cc2N1.O=C(O)C1CCCCC1.CCOC(=O)CN(C)C>>O=C1CCc2ccc(C3CCCCC3)cc2N1
plate_3,CCOC(=O)CNC(=O)CC,4909.51692,plate_3_198,O=C1CCc2ccc(Br)cc2N1.O=C(O)C1CCCCC1.CCOC(=O)CNC(=O)CC>>O=C1CCc2ccc(C3CCCCC3)cc2N1
plate_3,CCOC(=O)CNC(C)=O,4218.9595,plate_3_250,O=C1CCc2ccc(Br)cc2N1.O=C(O)C1CCCCC1.CCOC(=O)CNC(C)=O>>O=C1CCc2ccc(C3CCCCC3)cc2N1
plate_3,CCOC(=O)CNC=O,4747.80778,plate_3_251,O=C1CCc2ccc(Br)cc2N1.O=C(O)C1CCCCC1.CCOC(=O)CNC=O>>O=C1CCc2ccc(C3CCCCC3)cc2N1
plate_3,CCOC(=O)CO,4152.31008,plate_3_252,O=C1CCc2ccc(Br)cc2N1.O=C(O)C1CCCCC1.CCOC(=O)CO>>O=C1CCc2ccc(C3CCCCC3)cc2N1
plate_3,CCOC(=O)CSc1ccccc1,1629.61911,plate_3_253,O=C1CCc2ccc(Br)cc2N1.O=C(O)C1CCCCC1.CCOC(=O)CSc1ccccc1>>O=C1CCc2ccc(C3CCCCC3)cc2N1
plate_3,CCOC(=O)Cc1ccccn1,3767.75369,plate_3_254,O=C1CCc2ccc(Br)cc2N1.O=C(O)C1CCCCC1.CCOC(=O)Cc1ccccn1>>O=C1CCc2ccc(C3CCCCC3)cc2N1
plate_3,CCOC(=O)Cc1ccco1,5421.86449,plate_3_255,O=C1CCc2ccc(Br)cc2N1.O=C(O)C1CCCCC1.CCOC(=O)Cc1ccco1>>O=C1CCc2ccc(C3CCCCC3)cc2N1
plate_3,CCOC(=O)Cc1ncccn1,1842.85462,plate_3_256,O=C1CCc2ccc(Br)cc2N1.O=C(O)C1CCCCC1.CCOC(=O)Cc1ncccn1>>O=C1CCc2ccc(C3CCCCC3)cc2N1
plate_3,CCOC(=O)Cn1nnc(-c2ccccc2)n1,3708.21065,plate_3_257,O=C1CCc2ccc(Br)cc2N1.O=C(O)C1CCCCC1.CCOC(=O)Cn1nnc(-c2ccccc2)n1>>O=C1CCc2ccc(C3CCCCC3)cc2N1
plate_3,CCOC(=O)NC,5292.16002,plate_3_258,O=C1CCc2ccc(Br)cc2N1.O=C(O)C1CCCCC1.CCOC(=O)NC>>O=C1CCc2ccc(C3CCCCC3)cc2N1
plate_3,CCOC(=O)OCC,5172.48048,plate_3_259,O=C1CCc2ccc(Br)cc2N1.O=C(O)C1CCCCC1.CCOC(=O)OCC>>O=C1CCc2ccc(C3CCCCC3)cc2N1
plate_3,CCOC(=O)[C@@H]1CCCC[C@H]1O,3169.10706,plate_3_260,O=C1CCc2ccc(Br)cc2N1.O=C(O)C1CCCCC1.CCOC(=O)[C@@H]1CCCC[C@H]1O>>O=C1CCc2ccc(C3CCCCC3)cc2N1
plate_3,CCOC(=O)c1c[nH]cn1,6209.53369,plate_3_262,O=C1CCc2ccc(Br)cc2N1.O=C(O)C1CCCCC1.CCOC(=O)c1c[nH]cn1>>O=C1CCc2ccc(C3CCCCC3)cc2N1
plate_3,CCOC(=O)c1cc(C)on1,862.4015,plate_3_263,O=C1CCc2ccc(Br)cc2N1.O=C(O)C1CCCCC1.CCOC(=O)c1cc(C)on1>>O=C1CCc2ccc(C3CCCCC3)cc2N1
plate_3,CCOC(=O)c1ccccc1,5277.58666,plate_3_264,O=C1CCc2ccc(Br)cc2N1.O=C(O)C1CCCCC1.CCOC(=O)c1ccccc1>>O=C1CCc2ccc(C3CCCCC3)cc2N1
plate_3,CCOC(=O)c1ccccn1,3764.6962,plate_3_265,O=C1CCc2ccc(Br)cc2N1.O=C(O)C1CCCCC1.CCOC(=O)c1ccccn1>>O=C1CCc2ccc(C3CCCCC3)cc2N1
plate_3,CCOC(=O)c1cccs1,1860.80548,plate_3_266,O=C1CCc2ccc(Br)cc2N1.O=C(O)C1CCCCC1.CCOC(=O)c1cccs1>>O=C1CCc2ccc(C3CCCCC3)cc2N1
plate_3,CCOC(=O)c1cn(Cc2ccccc2)nn1,7792.90328,plate_3_267,O=C1CCc2ccc(Br)cc2N1.O=C(O)C1CCCCC1.CCOC(=O)c1cn(Cc2ccccc2)nn1>>O=C1CCc2ccc(C3CCCCC3)cc2N1
plate_3,CCOC(=O)c1cnoc1C,6059.73376,plate_3_268,O=C1CCc2ccc(Br)cc2N1.O=C(O)C1CCCCC1.CCOC(=O)c1cnoc1C>>O=C1CCc2ccc(C3CCCCC3)cc2N1
plate_3,CCOC(=O)c1csc(-c2ccccn2)n1,8061.98847,plate_3_269,O=C1CCc2ccc(Br)cc2N1.O=C(O)C1CCCCC1.CCOC(=O)c1csc(-c2ccccn2)n1>>O=C1CCc2ccc(C3CCCCC3)cc2N1
plate_3,CCOC(=O)c1nc2ccccc2s1,2212.1482,plate_3_270,O=C1CCc2ccc(Br)cc2N1.O=C(O)C1CCCCC1.CCOC(=O)c1nc2ccccc2s1>>O=C1CCc2ccc(C3CCCCC3)cc2N1
plate_3,CCOC(=O)c1ncc[nH]1,19644.16953,plate_3_261,O=C1CCc2ccc(Br)cc2N1.O=C(O)C1CCCCC1.CCOC(=O)c1ncc[nH]1>>O=C1CCc2ccc(C3CCCCC3)cc2N1
plate_3,CCOC(=O)c1nccn1C,4154.2481,plate_3_271,O=C1CCc2ccc(Br)cc2N1.O=C(O)C1CCCCC1.CCOC(=O)c1nccn1C>>O=C1CCc2ccc(C3CCCCC3)cc2N1
plate_3,CCOC(=O)c1ncco1,4866.41041,plate_3_272,O=C1CCc2ccc(Br)cc2N1.O=C(O)C1CCCCC1.CCOC(=O)c1ncco1>>O=C1CCc2ccc(C3CCCCC3)cc2N1
plate_3,CCOCC(=O)OCC,4248.15254,plate_3_273,O=C1CCc2ccc(Br)cc2N1.O=C(O)C1CCCCC1.CCOCC(=O)OCC>>O=C1CCc2ccc(C3CCCCC3)cc2N1
plate_3,CCOCC(C)O,4679.99985,plate_3_274,O=C1CCc2ccc(Br)cc2N1.O=C(O)C1CCCCC1.CCOCC(C)O>>O=C1CCc2ccc(C3CCCCC3)cc2N1
plate_3,CCOP(C)(=O)OCC,2083.12796,plate_3_275,O=C1CCc2ccc(Br)cc2N1.O=C(O)C1CCCCC1.CCOP(C)(=O)OCC>>O=C1CCc2ccc(C3CCCCC3)cc2N1
plate_3,CCOc1ccccc1C(N)=O,4331.85585,plate_3_276,O=C1CCc2ccc(Br)cc2N1.O=C(O)C1CCCCC1.CCOc1ccccc1C(N)=O>>O=C1CCc2ccc(C3CCCCC3)cc2N1
plate_3,CCS(=O)(=O)CC,5688.91798,plate_3_277,O=C1CCc2ccc(Br)cc2N1.O=C(O)C1CCCCC1.CCS(=O)(=O)CC>>O=C1CCc2ccc(C3CCCCC3)cc2N1
plate_3,CCSCCO,4450.36516,plate_3_278,O=C1CCc2ccc(Br)cc2N1.O=C(O)C1CCCCC1.CCSCCO>>O=C1CCc2ccc(C3CCCCC3)cc2N1
plate_3,CCc1ccc[nH]1,5211.01427,plate_3_281,O=C1CCc2ccc(Br)cc2N1.O=C(O)C1CCCCC1.CCc1ccc[nH]1>>O=C1CCc2ccc(C3CCCCC3)cc2N1
plate_3,CCc1ncc[nH]1,5045.97457,plate_3_279,O=C1CCc2ccc(Br)cc2N1.O=C(O)C1CCCCC1.CCc1ncc[nH]1>>O=C1CCc2ccc(C3CCCCC3)cc2N1
plate_3,CN(C)/C=N/C(C)(C)C,5201.9233,plate_3_152,O=C1CCc2ccc(Br)cc2N1.O=C(O)C1CCCCC1.CN(C)/C=N/C(C)(C)C>>O=C1CCc2ccc(C3CCCCC3)cc2N1
plate_3,CN(C)C(=N)N(C)C,5808.80413,plate_3_282,O=C1CCc2ccc(Br)cc2N1.O=C(O)C1CCCCC1.CN(C)C(=N)N(C)C>>O=C1CCc2ccc(C3CCCCC3)cc2N1
plate_3,CN(C)C(=O)CC#N,5617.29952,plate_3_283,O=C1CCc2ccc(Br)cc2N1.O=C(O)C1CCCCC1.CN(C)C(=O)CC#N>>O=C1CCc2ccc(C3CCCCC3)cc2N1
plate_3,CN(C)C(C)(C)CO,0.0,plate_3_162,O=C1CCc2ccc(Br)cc2N1.O=C(O)C1CCCCC1.CN(C)C(C)(C)CO>>O=C1CCc2ccc(C3CCCCC3)cc2N1
plate_3,CN(C)CC(=O)O,1291.07644,plate_3_285,O=C1CCc2ccc(Br)cc2N1.O=C(O)C1CCCCC1.CN(C)CC(=O)O>>O=C1CCc2ccc(C3CCCCC3)cc2N1
plate_3,CN(C)CC(C)(C)CO,3680.05056,plate_3_159,O=C1CCc2ccc(Br)cc2N1.O=C(O)C1CCCCC1.CN(C)CC(C)(C)CO>>O=C1CCc2ccc(C3CCCCC3)cc2N1
plate_3,CN(C)CC(N)=O,538.85606,plate_3_284,O=C1CCc2ccc(Br)cc2N1.O=C(O)C1CCCCC1.CN(C)CC(N)=O>>O=C1CCc2ccc(C3CCCCC3)cc2N1
plate_3,CN(C)CC(O)CN(C)C,0.0,plate_3_287,O=C1CCc2ccc(Br)cc2N1.O=C(O)C1CCCCC1.CN(C)CC(O)CN(C)C>>O=C1CCc2ccc(C3CCCCC3)cc2N1
plate_3,CN(C)CCC#N,546.97229,plate_3_288,O=C1CCc2ccc(Br)cc2N1.O=C(O)C1CCCCC1.CN(C)CCC#N>>O=C1CCc2ccc(C3CCCCC3)cc2N1
plate_3,CN(C)CCCCO,0.0,plate_3_289,O=C1CCc2ccc(Br)cc2N1.O=C(O)C1CCCCC1.CN(C)CCCCO>>O=C1CCc2ccc(C3CCCCC3)cc2N1
plate_3,CN(C)CCCO,0.0,plate_3_290,O=C1CCc2ccc(Br)cc2N1.O=C(O)C1CCCCC1.CN(C)CCCO>>O=C1CCc2ccc(C3CCCCC3)cc2N1
plate_3,CN(C)CCN(C)C,5884.29392,plate_3_291,O=C1CCc2ccc(Br)cc2N1.O=C(O)C1CCCCC1.CN(C)CCN(C)C>>O=C1CCc2ccc(C3CCCCC3)cc2N1
plate_3,CN(C)CCN(C)CCN(C)C,2501.86913,plate_3_292,O=C1CCc2ccc(Br)cc2N1.O=C(O)C1CCCCC1.CN(C)CCN(C)CCN(C)C>>O=C1CCc2ccc(C3CCCCC3)cc2N1
plate_3,CN(C)S(C)(=O)=O,4663.0307,plate_3_293,O=C1CCc2ccc(Br)cc2N1.O=C(O)C1CCCCC1.CN(C)S(C)(=O)=O>>O=C1CCc2ccc(C3CCCCC3)cc2N1
plate_3,CN(C)[C@@H](Cc1ccccc1)C(=O)O,3255.188535,plate_3_295,O=C1CCc2ccc(Br)cc2N1.O=C(O)C1CCCCC1.CN(C)[C@@H](Cc1ccccc1)C(=O)O>>O=C1CCc2ccc(C3CCCCC3)cc2N1
plate_3,CN(C)c1ccccc1C(=O)O,0.0,plate_3_296,O=C1CCc2ccc(Br)cc2N1.O=C(O)C1CCCCC1.CN(C)c1ccccc1C(=O)O>>O=C1CCc2ccc(C3CCCCC3)cc2N1
plate_3,CN(C)c1ccccc1C=O,0.0,plate_3_298,O=C1CCc2ccc(Br)cc2N1.O=C(O)C1CCCCC1.CN(C)c1ccccc1C=O>>O=C1CCc2ccc(C3CCCCC3)cc2N1
plate_3,CN(C=O)c1ccccn1,3742.63108,plate_3_299,O=C1CCc2ccc(Br)cc2N1.O=C(O)C1CCCCC1.CN(C=O)c1ccccn1>>O=C1CCc2ccc(C3CCCCC3)cc2N1
plate_3,CN(CCO)CCO,0.0,plate_3_300,O=C1CCc2ccc(Br)cc2N1.O=C(O)C1CCCCC1.CN(CCO)CCO>>O=C1CCc2ccc(C3CCCCC3)cc2N1
plate_3,CN1C(=O)CC(=O)NC1=O,0.0,plate_3_301,O=C1CCc2ccc(Br)cc2N1.O=C(O)C1CCCCC1.CN1C(=O)CC(=O)NC1=O>>O=C1CCc2ccc(C3CCCCC3)cc2N1
plate_3,CN1CC(=O)N=C1N,3144.37162,plate_3_302,O=C1CCc2ccc(Br)cc2N1.O=C(O)C1CCCCC1.CN1CC(=O)N=C1N>>O=C1CCc2ccc(C3CCCCC3)cc2N1
plate_3,CN1CC(=O)NC1=O,47299.97185,plate_3_303,O=C1CCc2ccc(Br)cc2N1.O=C(O)C1CCCCC1.CN1CC(=O)NC1=O>>O=C1CCc2ccc(C3CCCCC3)cc2N1
plate_3,CN1CCCC1C(=O)O,6818.80475,plate_3_304,O=C1CCc2ccc(Br)cc2N1.O=C(O)C1CCCCC1.CN1CCCC1C(=O)O>>O=C1CCc2ccc(C3CCCCC3)cc2N1
plate_3,CN1CCCC1CO,2096.66042,plate_3_305,O=C1CCc2ccc(Br)cc2N1.O=C(O)C1CCCCC1.CN1CCCC1CO>>O=C1CCc2ccc(C3CCCCC3)cc2N1
plate_3,CN1CCCCC1=O,5032.7944,plate_3_306,O=C1CCc2ccc(Br)cc2N1.O=C(O)C1CCCCC1.CN1CCCCC1=O>>O=C1CCc2ccc(C3CCCCC3)cc2N1
plate_3,CN1CCCN(C)C1=O,5370.67706,plate_3_307,O=C1CCc2ccc(Br)cc2N1.O=C(O)C1CCCCC1.CN1CCCN(C)C1=O>>O=C1CCc2ccc(C3CCCCC3)cc2N1
plate_3,CN1CCCN2CCCN=C12,0.0,plate_3_308,O=C1CCc2ccc(Br)cc2N1.O=C(O)C1CCCCC1.CN1CCCN2CCCN=C12>>O=C1CCc2ccc(C3CCCCC3)cc2N1
plate_3,CN1Cc2ccccc2NC1=O,2649.26376,plate_3_309,O=C1CCc2ccc(Br)cc2N1.O=C(O)C1CCCCC1.CN1Cc2ccccc2NC1=O>>O=C1CCc2ccc(C3CCCCC3)cc2N1
plate_3,CNC(=O)C(=O)NC,4183.01888,plate_3_310,O=C1CCc2ccc(Br)cc2N1.O=C(O)C1CCCCC1.CNC(=O)C(=O)NC>>O=C1CCc2ccc(C3CCCCC3)cc2N1
plate_3,CNC(=O)C(=O)O,0.0,plate_3_311,O=C1CCc2ccc(Br)cc2N1.O=C(O)C1CCCCC1.CNC(=O)C(=O)O>>O=C1CCc2ccc(C3CCCCC3)cc2N1
plate_3,CNC(=O)C(=O)c1ccccc1,8082.09453,plate_3_312,O=C1CCc2ccc(Br)cc2N1.O=C(O)C1CCCCC1.CNC(=O)C(=O)c1ccccc1>>O=C1CCc2ccc(C3CCCCC3)cc2N1
plate_3,CNC(=O)CC#N,3373.0147,plate_3_313,O=C1CCc2ccc(Br)cc2N1.O=C(O)C1CCCCC1.CNC(=O)CC#N>>O=C1CCc2ccc(C3CCCCC3)cc2N1
plate_3,CNC(=O)N(C)C,2543.59873,plate_3_314,O=C1CCc2ccc(Br)cc2N1.O=C(O)C1CCCCC1.CNC(=O)N(C)C>>O=C1CCc2ccc(C3CCCCC3)cc2N1
plate_3,CNC(=O)c1ccccc1,5325.20929,plate_3_315,O=C1CCc2ccc(Br)cc2N1.O=C(O)C1CCCCC1.CNC(=O)c1ccccc1>>O=C1CCc2ccc(C3CCCCC3)cc2N1
plate_3,CNC(=O)c1ccccc1O,3905.14623,plate_3_316,O=C1CCc2ccc(Br)cc2N1.O=C(O)C1CCCCC1.CNC(=O)c1ccccc1O>>O=C1CCc2ccc(C3CCCCC3)cc2N1
plate_3,CNC(=O)c1cn2ccccc2n1,2535.27073,plate_3_317,O=C1CCc2ccc(Br)cc2N1.O=C(O)C1CCCCC1.CNC(=O)c1cn2ccccc2n1>>O=C1CCc2ccc(C3CCCCC3)cc2N1
plate_3,CNS(=O)(=O)N(C)C,2712.57528,plate_3_319,O=C1CCc2ccc(Br)cc2N1.O=C(O)C1CCCCC1.CNS(=O)(=O)N(C)C>>O=C1CCc2ccc(C3CCCCC3)cc2N1
plate_3,CNS(C)(=O)=O,5261.93954,plate_3_318,O=C1CCc2ccc(Br)cc2N1.O=C(O)C1CCCCC1.CNS(C)(=O)=O>>O=C1CCc2ccc(C3CCCCC3)cc2N1
plate_3,COC(=N)c1cnccn1,0.0,plate_3_320,O=C1CCc2ccc(Br)cc2N1.O=C(O)C1CCCCC1.COC(=N)c1cnccn1>>O=C1CCc2ccc(C3CCCCC3)cc2N1
plate_3,COC(=O)C(=O)c1ccccc1,5264.98996,plate_3_321,O=C1CCc2ccc(Br)cc2N1.O=C(O)C1CCCCC1.COC(=O)C(=O)c1ccccc1>>O=C1CCc2ccc(C3CCCCC3)cc2N1
plate_3,COC(=O)C(C)=O,5542.88566,plate_3_88,O=C1CCc2ccc(Br)cc2N1.O=C(O)C1CCCCC1.COC(=O)C(C)=O>>O=C1CCc2ccc(C3CCCCC3)cc2N1
plate_3,COC(=O)C1CCCC1=O,955.27648,plate_3_322,O=C1CCc2ccc(Br)cc2N1.O=C(O)C1CCCCC1.COC(=O)C1CCCC1=O>>O=C1CCc2ccc(C3CCCCC3)cc2N1
plate_3,COC(=O)C1CCCCC1,2670.64631,plate_3_323,O=C1CCc2ccc(Br)cc2N1.O=C(O)C1CCCCC1.COC(=O)C1CCCCC1>>O=C1CCc2ccc(C3CCCCC3)cc2N1
plate_3,COC(=O)C1CCCCO1,2662.18495,plate_3_324,O=C1CCc2ccc(Br)cc2N1.O=C(O)C1CCCCC1.COC(=O)C1CCCCO1>>O=C1CCc2ccc(C3CCCCC3)cc2N1
plate_3,COC(=O)CC#N,0.0,plate_3_325,O=C1CCc2ccc(Br)cc2N1.O=C(O)C1CCCCC1.COC(=O)CC#N>>O=C1CCc2ccc(C3CCCCC3)cc2N1
plate_3,COC(=O)CC(=O)CC(=O)OC,0.0,plate_3_326,O=C1CCc2ccc(Br)cc2N1.O=C(O)C1CCCCC1.COC(=O)CC(=O)CC(=O)OC>>O=C1CCc2ccc(C3CCCCC3)cc2N1
plate_3,COC(=O)CC(N)=O,4662.81339,plate_3_327,O=C1CCc2ccc(Br)cc2N1.O=C(O)C1CCCCC1.COC(=O)CC(N)=O>>O=C1CCc2ccc(C3CCCCC3)cc2N1
plate_3,COC(=O)CCC#N,3448.86019,plate_3_328,O=C1CCc2ccc(Br)cc2N1.O=C(O)C1CCCCC1.COC(=O)CCC#N>>O=C1CCc2ccc(C3CCCCC3)cc2N1
plate_3,COC(=O)CCC(=O)C(=O)OC,5999.3544,plate_3_329,O=C1CCc2ccc(Br)cc2N1.O=C(O)C1CCCCC1.COC(=O)CCC(=O)C(=O)OC>>O=C1CCc2ccc(C3CCCCC3)cc2N1
plate_3,COC(=O)CCO,2978.51045,plate_3_331,O=C1CCc2ccc(Br)cc2N1.O=C(O)C1CCCCC1.COC(=O)CCO>>O=C1CCc2ccc(C3CCCCC3)cc2N1
plate_3,COC(=O)CC[N+](=O)[O-],1727.77563,plate_3_332,O=C1CCc2ccc(Br)cc2N1.O=C(O)C1CCCCC1.COC(=O)CC[N+](=O)[O-]>>O=C1CCc2ccc(C3CCCCC3)cc2N1
plate_3,COC(=O)CCc1c[nH]cn1,4331.6987,plate_3_333,O=C1CCc2ccc(Br)cc2N1.O=C(O)C1CCCCC1.COC(=O)CCc1c[nH]cn1>>O=C1CCc2ccc(C3CCCCC3)cc2N1
plate_3,COC(=O)CN(C)C,4784.82087,plate_3_286,O=C1CCc2ccc(Br)cc2N1.O=C(O)C1CCCCC1.COC(=O)CN(C)C>>O=C1CCc2ccc(C3CCCCC3)cc2N1
plate_3,COC(=O)CNC(=O)C(=O)OC,3269.49036,plate_3_334,O=C1CCc2ccc(Br)cc2N1.O=C(O)C1CCCCC1.COC(=O)CNC(=O)C(=O)OC>>O=C1CCc2ccc(C3CCCCC3)cc2N1
plate_3,COC(=O)CS(C)(=O)=O,5621.99701,plate_3_335,O=C1CCc2ccc(Br)cc2N1.O=C(O)C1CCCCC1.COC(=O)CS(C)(=O)=O>>O=C1CCc2ccc(C3CCCCC3)cc2N1
plate_3,COC(=O)C[C@@H](C)O,4800.98651,plate_3_418,O=C1CCc2ccc(Br)cc2N1.O=C(O)C1CCCCC1.COC(=O)C[C@@H](C)O>>O=C1CCc2ccc(C3CCCCC3)cc2N1
plate_3,COC(=O)C[N+](=O)[O-],3810.12848,plate_3_336,O=C1CCc2ccc(Br)cc2N1.O=C(O)C1CCCCC1.COC(=O)C[N+](=O)[O-]>>O=C1CCc2ccc(C3CCCCC3)cc2N1
plate_3,COC(=O)Cc1ccccn1,5195.77794,plate_3_337,O=C1CCc2ccc(Br)cc2N1.O=C(O)C1CCCCC1.COC(=O)Cc1ccccn1>>O=C1CCc2ccc(C3CCCCC3)cc2N1
plate_3,COC(=O)Cc1nccs1,2206.23019,plate_3_338,O=C1CCc2ccc(Br)cc2N1.O=C(O)C1CCCCC1.COC(=O)Cc1nccs1>>O=C1CCc2ccc(C3CCCCC3)cc2N1
plate_3,COC(=O)N1CCCCC1,5406.1491,plate_3_339,O=C1CCc2ccc(Br)cc2N1.O=C(O)C1CCCCC1.COC(=O)N1CCCCC1>>O=C1CCc2ccc(C3CCCCC3)cc2N1
plate_3,COC(=O)Nc1ccc(OC)cc1,3576.25438,plate_3_380,O=C1CCc2ccc(Br)cc2N1.O=C(O)C1CCCCC1.COC(=O)Nc1ccc(OC)cc1>>O=C1CCc2ccc(C3CCCCC3)cc2N1
plate_3,COC(=O)Nc1ccccc1,6275.50922,plate_3_341,O=C1CCc2ccc(Br)cc2N1.O=C(O)C1CCCCC1.COC(=O)Nc1ccccc1>>O=C1CCc2ccc(C3CCCCC3)cc2N1
plate_3,COC(=O)Nc1nc2ccccc2[nH]1,0.0,plate_3_340,O=C1CCc2ccc(Br)cc2N1.O=C(O)C1CCCCC1.COC(=O)Nc1nc2ccccc2[nH]1>>O=C1CCc2ccc(C3CCCCC3)cc2N1
plate_3,COC(=O)[C@@H](O)[C@H](O)c1ccccc1,5791.15637,plate_3_342,O=C1CCc2ccc(Br)cc2N1.O=C(O)C1CCCCC1.COC(=O)[C@@H](O)[C@H](O)c1ccccc1>>O=C1CCc2ccc(C3CCCCC3)cc2N1
plate_3,COC(=O)c1cc(C)ccc1O,1970.28598,plate_3_425,O=C1CCc2ccc(Br)cc2N1.O=C(O)C1CCCCC1.COC(=O)c1cc(C)ccc1O>>O=C1CCc2ccc(C3CCCCC3)cc2N1
plate_3,COC(=O)c1cc(OC)ccc1O,1931.68695,plate_3_369,O=C1CCc2ccc(Br)cc2N1.O=C(O)C1CCCCC1.COC(=O)c1cc(OC)ccc1O>>O=C1CCc2ccc(C3CCCCC3)cc2N1
plate_3,COC(=O)c1ccc(OC)cc1,5201.4961,plate_3_376,O=C1CCc2ccc(Br)cc2N1.O=C(O)C1CCCCC1.COC(=O)c1ccc(OC)cc1>>O=C1CCc2ccc(C3CCCCC3)cc2N1
plate_3,COC(=O)c1cccc(C(=O)O)n1,0.0,plate_3_343,O=C1CCc2ccc(Br)cc2N1.O=C(O)C1CCCCC1.COC(=O)c1cccc(C(=O)O)n1>>O=C1CCc2ccc(C3CCCCC3)cc2N1
plate_3,COC(=O)c1cccc(C(=O)OC)n1,10808.8899,plate_3_344,O=C1CCc2ccc(Br)cc2N1.O=C(O)C1CCCCC1.COC(=O)c1cccc(C(=O)OC)n1>>O=C1CCc2ccc(C3CCCCC3)cc2N1
plate_3,COC(=O)c1cccc2c1NC(=O)C2,731.13007,plate_3_345,O=C1CCc2ccc(Br)cc2N1.O=C(O)C1CCCCC1.COC(=O)c1cccc2c1NC(=O)C2>>O=C1CCc2ccc(C3CCCCC3)cc2N1
plate_3,COC(=O)c1ccccc1,5636.41457,plate_3_346,O=C1CCc2ccc(Br)cc2N1.O=C(O)C1CCCCC1.COC(=O)c1ccccc1>>O=C1CCc2ccc(C3CCCCC3)cc2N1
plate_3,COC(=O)c1ccccc1-c1ccc[nH]1,2480.23326,plate_3_351,O=C1CCc2ccc(Br)cc2N1.O=C(O)C1CCCCC1.COC(=O)c1ccccc1-c1ccc[nH]1>>O=C1CCc2ccc(C3CCCCC3)cc2N1
plate_3,COC(=O)c1ccccc1C(=O)O,2121.16975,plate_3_347,O=C1CCc2ccc(Br)cc2N1.O=C(O)C1CCCCC1.COC(=O)c1ccccc1C(=O)O>>O=C1CCc2ccc(C3CCCCC3)cc2N1
plate_3,COC(=O)c1ccccc1C(=O)OC,4460.30009,plate_3_348,O=C1CCc2ccc(Br)cc2N1.O=C(O)C1CCCCC1.COC(=O)c1ccccc1C(=O)OC>>O=C1CCc2ccc(C3CCCCC3)cc2N1
plate_3,COC(=O)c1ccccc1N(C)C,0.0,plate_3_297,O=C1CCc2ccc(Br)cc2N1.O=C(O)C1CCCCC1.COC(=O)c1ccccc1N(C)C>>O=C1CCc2ccc(C3CCCCC3)cc2N1
plate_3,COC(=O)c1ccccc1OC,1397.44115,plate_3_394,O=C1CCc2ccc(Br)cc2N1.O=C(O)C1CCCCC1.COC(=O)c1ccccc1OC>>O=C1CCc2ccc(C3CCCCC3)cc2N1
plate_3,COC(=O)c1ccccc1S,0.0,plate_3_349,O=C1CCc2ccc(Br)cc2N1.O=C(O)C1CCCCC1.COC(=O)c1ccccc1S>>O=C1CCc2ccc(C3CCCCC3)cc2N1
plate_3,COC(=O)c1ccccc1SC,459.53844,plate_3_350,O=C1CCc2ccc(Br)cc2N1.O=C(O)C1CCCCC1.COC(=O)c1ccccc1SC>>O=C1CCc2ccc(C3CCCCC3)cc2N1
plate_3,COC(=O)c1ccccn1,2232.19608,plate_3_352,O=C1CCc2ccc(Br)cc2N1.O=C(O)C1CCCCC1.COC(=O)c1ccccn1>>O=C1CCc2ccc(C3CCCCC3)cc2N1
plate_3,COC(=O)c1cccnc1O,2621.53237,plate_3_353,O=C1CCc2ccc(Br)cc2N1.O=C(O)C1CCCCC1.COC(=O)c1cccnc1O>>O=C1CCc2ccc(C3CCCCC3)cc2N1
plate_3,COC(=O)c1cccs1,1917.10284,plate_3_354,O=C1CCc2ccc(Br)cc2N1.O=C(O)C1CCCCC1.COC(=O)c1cccs1>>O=C1CCc2ccc(C3CCCCC3)cc2N1
plate_3,COC(=O)c1ccn(C)n1,4160.70906,plate_3_459,O=C1CCc2ccc(Br)cc2N1.O=C(O)C1CCCCC1.COC(=O)c1ccn(C)n1>>O=C1CCc2ccc(C3CCCCC3)cc2N1
plate_3,COC(=O)c1ccnn1C,5987.03123,plate_3_447,O=C1CCc2ccc(Br)cc2N1.O=C(O)C1CCCCC1.COC(=O)c1ccnn1C>>O=C1CCc2ccc(C3CCCCC3)cc2N1
plate_3,COC(=O)c1ccno1,0.0,plate_3_355,O=C1CCc2ccc(Br)cc2N1.O=C(O)C1CCCCC1.COC(=O)c1ccno1>>O=C1CCc2ccc(C3CCCCC3)cc2N1
plate_3,COC(=O)c1cn(C)cn1,4462.1842,plate_3_450,O=C1CCc2ccc(Br)cc2N1.O=C(O)C1CCCCC1.COC(=O)c1cn(C)cn1>>O=C1CCc2ccc(C3CCCCC3)cc2N1
plate_3,COC(=O)c1cncs1,1147.95496,plate_3_356,O=C1CCc2ccc(Br)cc2N1.O=C(O)C1CCCCC1.COC(=O)c1cncs1>>O=C1CCc2ccc(C3CCCCC3)cc2N1
plate_3,COC(=O)c1nc[nH]n1,5801.05516,plate_3_357,O=C1CCc2ccc(Br)cc2N1.O=C(O)C1CCCCC1.COC(=O)c1nc[nH]n1>>O=C1CCc2ccc(C3CCCCC3)cc2N1
plate_3,COC(C)C(N)=O,5525.25121,plate_3_147,O=C1CCc2ccc(Br)cc2N1.O=C(O)C1CCCCC1.COC(C)C(N)=O>>O=C1CCc2ccc(C3CCCCC3)cc2N1
plate_3,COC(OC)c1ccccc1,4496.96602,plate_3_358,O=C1CCc2ccc(Br)cc2N1.O=C(O)C1CCCCC1.COC(OC)c1ccccc1>>O=C1CCc2ccc(C3CCCCC3)cc2N1
plate_3,COC1CCCCC1=O,3436.97864,plate_3_359,O=C1CCc2ccc(Br)cc2N1.O=C(O)C1CCCCC1.COC1CCCCC1=O>>O=C1CCc2ccc(C3CCCCC3)cc2N1
plate_3,COCC(=O)OC,3743.06471,plate_3_360,O=C1CCc2ccc(Br)cc2N1.O=C(O)C1CCCCC1.COCC(=O)OC>>O=C1CCc2ccc(C3CCCCC3)cc2N1
plate_3,COCC(=O)c1ccccc1,4247.17095,plate_3_361,O=C1CCc2ccc(Br)cc2N1.O=C(O)C1CCCCC1.COCC(=O)c1ccccc1>>O=C1CCc2ccc(C3CCCCC3)cc2N1
plate_3,COCC(C)(C)O,3082.749,plate_3_163,O=C1CCc2ccc(Br)cc2N1.O=C(O)C1CCCCC1.COCC(C)(C)O>>O=C1CCc2ccc(C3CCCCC3)cc2N1
plate_3,COCC/C(N)=N/O,6607.38015,plate_3_362,O=C1CCc2ccc(Br)cc2N1.O=C(O)C1CCCCC1.COCC/C(N)=N/O>>O=C1CCc2ccc(C3CCCCC3)cc2N1
plate_3,COCCC(=O)OC,3376.31807,plate_3_363,O=C1CCc2ccc(Br)cc2N1.O=C(O)C1CCCCC1.COCCC(=O)OC>>O=C1CCc2ccc(C3CCCCC3)cc2N1
plate_3,COCCCNS(N)(=O)=O,4021.19818,plate_3_364,O=C1CCc2ccc(Br)cc2N1.O=C(O)C1CCCCC1.COCCCNS(N)(=O)=O>>O=C1CCc2ccc(C3CCCCC3)cc2N1
plate_3,COCCNS(=O)(=O)N(C)C,5006.09694,plate_3_294,O=C1CCc2ccc(Br)cc2N1.O=C(O)C1CCCCC1.COCCNS(=O)(=O)N(C)C>>O=C1CCc2ccc(C3CCCCC3)cc2N1
plate_3,COCc1ccccc1C(=O)O,4017.39662,plate_3_365,O=C1CCc2ccc(Br)cc2N1.O=C(O)C1CCCCC1.COCc1ccccc1C(=O)O>>O=C1CCc2ccc(C3CCCCC3)cc2N1
plate_3,CON(C)C(C)=O,3036.09793,plate_3_109,O=C1CCc2ccc(Br)cc2N1.O=C(O)C1CCCCC1.CON(C)C(C)=O>>O=C1CCc2ccc(C3CCCCC3)cc2N1
plate_3,CO[C@H]1CCCC[C@@H]1O,4478.84222,plate_3_366,O=C1CCc2ccc(Br)cc2N1.O=C(O)C1CCCCC1.CO[C@H]1CCCC[C@@H]1O>>O=C1CCc2ccc(C3CCCCC3)cc2N1
plate_3,COc1cc[nH]n1,5210.17422,plate_3_367,O=C1CCc2ccc(Br)cc2N1.O=C(O)C1CCCCC1.COc1cc[nH]n1>>O=C1CCc2ccc(C3CCCCC3)cc2N1
plate_3,COc1ccc(/C(N)=N\O)cc1,1633.40841,plate_3_372,O=C1CCc2ccc(Br)cc2N1.O=C(O)C1CCCCC1.COc1ccc(/C(N)=N\O)cc1>>O=C1CCc2ccc(C3CCCCC3)cc2N1
plate_3,COc1ccc(C(=N)N)cc1,5292.49506,plate_3_373,O=C1CCc2ccc(Br)cc2N1.O=C(O)C1CCCCC1.COc1ccc(C(=N)N)cc1>>O=C1CCc2ccc(C3CCCCC3)cc2N1
plate_3,COc1ccc(C(=O)O)c(O)c1,1045.09786,plate_3_370,O=C1CCc2ccc(Br)cc2N1.O=C(O)C1CCCCC1.COc1ccc(C(=O)O)c(O)c1>>O=C1CCc2ccc(C3CCCCC3)cc2N1
plate_3,COc1ccc(C(=O)O)cc1,5220.89773,plate_3_375,O=C1CCc2ccc(Br)cc2N1.O=C(O)C1CCCCC1.COc1ccc(C(=O)O)cc1>>O=C1CCc2ccc(C3CCCCC3)cc2N1
plate_3,COc1ccc(C(C)=O)cc1,3324.44435,plate_3_127,O=C1CCc2ccc(Br)cc2N1.O=C(O)C1CCCCC1.COc1ccc(C(C)=O)cc1>>O=C1CCc2ccc(C3CCCCC3)cc2N1
plate_3,COc1ccc(C(N)=O)cc1,6048.97395,plate_3_374,O=C1CCc2ccc(Br)cc2N1.O=C(O)C1CCCCC1.COc1ccc(C(N)=O)cc1>>O=C1CCc2ccc(C3CCCCC3)cc2N1
plate_3,COc1ccc(C=O)cc1,2556.79966,plate_3_377,O=C1CCc2ccc(Br)cc2N1.O=C(O)C1CCCCC1.COc1ccc(C=O)cc1>>O=C1CCc2ccc(C3CCCCC3)cc2N1
plate_3,COc1ccc(COCC(=N)N)cc1,4785.87787,plate_3_378,O=C1CCc2ccc(Br)cc2N1.O=C(O)C1CCCCC1.COc1ccc(COCC(=N)N)cc1>>O=C1CCc2ccc(C3CCCCC3)cc2N1
plate_3,COc1ccc(N2CCNC2=O)cc1,1292.71454,plate_3_379,O=C1CCc2ccc(Br)cc2N1.O=C(O)C1CCCCC1.COc1ccc(N2CCNC2=O)cc1>>O=C1CCc2ccc(C3CCCCC3)cc2N1
plate_3,COc1ccc(O)c(C(=O)O)c1,0.0,plate_3_368,O=C1CCc2ccc(Br)cc2N1.O=C(O)C1CCCCC1.COc1ccc(O)c(C(=O)O)c1>>O=C1CCc2ccc(C3CCCCC3)cc2N1
plate_3,COc1ccc(O)c([N+](=O)[O-])c1,0.0,plate_3_371,O=C1CCc2ccc(Br)cc2N1.O=C(O)C1CCCCC1.COc1ccc(O)c([N+](=O)[O-])c1>>O=C1CCc2ccc(C3CCCCC3)cc2N1
plate_3,COc1ccc(S(N)(=O)=O)cc1,3078.25886,plate_3_381,O=C1CCc2ccc(Br)cc2N1.O=C(O)C1CCCCC1.COc1ccc(S(N)(=O)=O)cc1>>O=C1CCc2ccc(C3CCCCC3)cc2N1
plate_3,COc1ccc2[nH]ccc2c1,6846.72013,plate_3_387,O=C1CCc2ccc(Br)cc2N1.O=C(O)C1CCCCC1.COc1ccc2[nH]ccc2c1>>O=C1CCc2ccc(C3CCCCC3)cc2N1
plate_3,COc1ccc2c(c1)C(=O)C(=O)N2,0.0,plate_3_382,O=C1CCc2ccc(Br)cc2N1.O=C(O)C1CCCCC1.COc1ccc2c(c1)C(=O)C(=O)N2>>O=C1CCc2ccc(C3CCCCC3)cc2N1
plate_3,COc1ccc2c(c1)CC(=O)N2,1527.86677,plate_3_383,O=C1CCc2ccc(Br)cc2N1.O=C(O)C1CCCCC1.COc1ccc2c(c1)CC(=O)N2>>O=C1CCc2ccc(C3CCCCC3)cc2N1
plate_3,COc1ccc2c(c1)CCC(=O)N2,3914.14345,plate_3_384,O=C1CCc2ccc(Br)cc2N1.O=C(O)C1CCCCC1.COc1ccc2c(c1)CCC(=O)N2>>O=C1CCc2ccc(C3CCCCC3)cc2N1
plate_3,COc1ccc2c(c1)CNC2=O,5502.41542,plate_3_385,O=C1CCc2ccc(Br)cc2N1.O=C(O)C1CCCCC1.COc1ccc2c(c1)CNC2=O>>O=C1CCc2ccc(C3CCCCC3)cc2N1
plate_3,COc1ccc2c(c1)NC(=O)C2=O,4467.9674,plate_3_386,O=C1CCc2ccc(Br)cc2N1.O=C(O)C1CCCCC1.COc1ccc2c(c1)NC(=O)C2=O>>O=C1CCc2ccc(C3CCCCC3)cc2N1
plate_3,COc1cccc2c1C(=O)CCC2,4339.68965,plate_3_388,O=C1CCc2ccc(Br)cc2N1.O=C(O)C1CCCCC1.COc1cccc2c1C(=O)CCC2>>O=C1CCc2ccc(C3CCCCC3)cc2N1
plate_3,COc1cccc2c1NC(=O)C2,1452.71247,plate_3_389,O=C1CCc2ccc(Br)cc2N1.O=C(O)C1CCCCC1.COc1cccc2c1NC(=O)C2>>O=C1CCc2ccc(C3CCCCC3)cc2N1
plate_3,COc1cccc2cc(C(=O)O)[nH]c12,0.0,plate_3_390,O=C1CCc2ccc(Br)cc2N1.O=C(O)C1CCCCC1.COc1cccc2cc(C(=O)O)[nH]c12>>O=C1CCc2ccc(C3CCCCC3)cc2N1
plate_3,COc1cccc2cc[nH]c12,5361.207685,plate_3_391,O=C1CCc2ccc(Br)cc2N1.O=C(O)C1CCCCC1.COc1cccc2cc[nH]c12>>O=C1CCc2ccc(C3CCCCC3)cc2N1
plate_3,COc1ccccc1,3836.50762,plate_3_392,O=C1CCc2ccc(Br)cc2N1.O=C(O)C1CCCCC1.COc1ccccc1>>O=C1CCc2ccc(C3CCCCC3)cc2N1
plate_3,COc1ccccc1/C(N)=N/O,1098.8363,plate_3_393,O=C1CCc2ccc(Br)cc2N1.O=C(O)C1CCCCC1.COc1ccccc1/C(N)=N/O>>O=C1CCc2ccc(C3CCCCC3)cc2N1
plate_3,COc1ccccc1C(N)=S,0.0,plate_3_395,O=C1CCc2ccc(Br)cc2N1.O=C(O)C1CCCCC1.COc1ccccc1C(N)=S>>O=C1CCc2ccc(C3CCCCC3)cc2N1
plate_3,COc1ccccc1NC(C)=O,4853.80015,plate_3_116,O=C1CCc2ccc(Br)cc2N1.O=C(O)C1CCCCC1.COc1ccccc1NC(C)=O>>O=C1CCc2ccc(C3CCCCC3)cc2N1
plate_3,COc1ccccc1NC(N)=S,0.0,plate_3_396,O=C1CCc2ccc(Br)cc2N1.O=C(O)C1CCCCC1.COc1ccccc1NC(N)=S>>O=C1CCc2ccc(C3CCCCC3)cc2N1
plate_3,COc1ccccc1O,6469.60058,plate_3_397,O=C1CCc2ccc(Br)cc2N1.O=C(O)C1CCCCC1.COc1ccccc1O>>O=C1CCc2ccc(C3CCCCC3)cc2N1
plate_3,COc1ccccc1OC,5650.74445,plate_3_398,O=C1CCc2ccc(Br)cc2N1.O=C(O)C1CCCCC1.COc1ccccc1OC>>O=C1CCc2ccc(C3CCCCC3)cc2N1
plate_3,COc1ccccc1OCC(N)=O,4189.66014,plate_3_399,O=C1CCc2ccc(Br)cc2N1.O=C(O)C1CCCCC1.COc1ccccc1OCC(N)=O>>O=C1CCc2ccc(C3CCCCC3)cc2N1
plate_3,COc1ccccc1S,1264.01157,plate_3_400,O=C1CCc2ccc(Br)cc2N1.O=C(O)C1CCCCC1.COc1ccccc1S>>O=C1CCc2ccc(C3CCCCC3)cc2N1
plate_3,COc1ccnc(O)c1,6682.91296,plate_3_401,O=C1CCc2ccc(Br)cc2N1.O=C(O)C1CCCCC1.COc1ccnc(O)c1>>O=C1CCc2ccc(C3CCCCC3)cc2N1
plate_3,CS(=O)(=O)C/C(N)=N/O,2583.90796,plate_3_403,O=C1CCc2ccc(Br)cc2N1.O=C(O)C1CCCCC1.CS(=O)(=O)C/C(N)=N/O>>O=C1CCc2ccc(C3CCCCC3)cc2N1
plate_3,CS(=O)(=O)CC(=O)c1ccccc1,4278.35108,plate_3_404,O=C1CCc2ccc(Br)cc2N1.O=C(O)C1CCCCC1.CS(=O)(=O)CC(=O)c1ccccc1>>O=C1CCc2ccc(C3CCCCC3)cc2N1
plate_3,CS(=O)(=O)Nc1ccccn1,877.00673,plate_3_406,O=C1CCc2ccc(Br)cc2N1.O=C(O)C1CCCCC1.CS(=O)(=O)Nc1ccccn1>>O=C1CCc2ccc(C3CCCCC3)cc2N1
plate_3,CS(=O)(=O)c1ccccc1O,5599.18139,plate_3_408,O=C1CCc2ccc(Br)cc2N1.O=C(O)C1CCCCC1.CS(=O)(=O)c1ccccc1O>>O=C1CCc2ccc(C3CCCCC3)cc2N1
plate_3,CS(=O)(=O)c1nc2ccccc2[nH]1,1080.50633,plate_3_407,O=C1CCc2ccc(Br)cc2N1.O=C(O)C1CCCCC1.CS(=O)(=O)c1nc2ccccc2[nH]1>>O=C1CCc2ccc(C3CCCCC3)cc2N1
plate_3,CS(=O)(=O)c1nc2ccccc2s1,1053.83969,plate_3_409,O=C1CCc2ccc(Br)cc2N1.O=C(O)C1CCCCC1.CS(=O)(=O)c1nc2ccccc2s1>>O=C1CCc2ccc(C3CCCCC3)cc2N1
plate_3,CS(=O)(=O)c1nc[nH]n1,2735.09397,plate_3_410,O=C1CCc2ccc(Br)cc2N1.O=C(O)C1CCCCC1.CS(=O)(=O)c1nc[nH]n1>>O=C1CCc2ccc(C3CCCCC3)cc2N1
plate_3,CS(=O)c1ccccc1,4060.96277,plate_3_411,O=C1CCc2ccc(Br)cc2N1.O=C(O)C1CCCCC1.CS(=O)c1ccccc1>>O=C1CCc2ccc(C3CCCCC3)cc2N1
plate_3,CS(C)(=O)=O,6412.36932,plate_3_402,O=C1CCc2ccc(Br)cc2N1.O=C(O)C1CCCCC1.CS(C)(=O)=O>>O=C1CCc2ccc(C3CCCCC3)cc2N1
plate_3,CS(N)(=O)=O,6021.34213,plate_3_405,O=C1CCc2ccc(Br)cc2N1.O=C(O)C1CCCCC1.CS(N)(=O)=O>>O=C1CCc2ccc(C3CCCCC3)cc2N1
plate_3,CSCC(=O)O,0.0,plate_3_412,O=C1CCc2ccc(Br)cc2N1.O=C(O)C1CCCCC1.CSCC(=O)O>>O=C1CCc2ccc(C3CCCCC3)cc2N1
plate_3,CSCC(C)=O,4730.43031,plate_3_107,O=C1CCc2ccc(Br)cc2N1.O=C(O)C1CCCCC1.CSCC(C)=O>>O=C1CCc2ccc(C3CCCCC3)cc2N1
plate_3,CSCCCO,2548.93118,plate_3_413,O=C1CCc2ccc(Br)cc2N1.O=C(O)C1CCCCC1.CSCCCO>>O=C1CCc2ccc(C3CCCCC3)cc2N1
plate_3,CSc1ccccc1,4120.23608,plate_3_414,O=C1CCc2ccc(Br)cc2N1.O=C(O)C1CCCCC1.CSc1ccccc1>>O=C1CCc2ccc(C3CCCCC3)cc2N1
plate_3,CSc1ccccc1C(=O)O,290.518145,plate_3_415,O=C1CCc2ccc(Br)cc2N1.O=C(O)C1CCCCC1.CSc1ccccc1C(=O)O>>O=C1CCc2ccc(C3CCCCC3)cc2N1
plate_3,CSc1ccccc1O,2993.65441,plate_3_416,O=C1CCc2ccc(Br)cc2N1.O=C(O)C1CCCCC1.CSc1ccccc1O>>O=C1CCc2ccc(C3CCCCC3)cc2N1
plate_3,C[C@@H]1COC(=O)O1,2958.65956,plate_3_417,O=C1CCc2ccc(Br)cc2N1.O=C(O)C1CCCCC1.C[C@@H]1COC(=O)O1>>O=C1CCc2ccc(C3CCCCC3)cc2N1
plate_3,C[S@@](=N)(=O)c1ccccc1,4190.45595,plate_3_419,O=C1CCc2ccc(Br)cc2N1.O=C(O)C1CCCCC1.C[S@@](=N)(=O)c1ccccc1>>O=C1CCc2ccc(C3CCCCC3)cc2N1
plate_3,Cc1cc(C)[nH]n1,4367.19582,plate_3_422,O=C1CCc2ccc(Br)cc2N1.O=C(O)C1CCCCC1.Cc1cc(C)[nH]n1>>O=C1CCc2ccc(C3CCCCC3)cc2N1
plate_3,Cc1cc(C)on1,6878.29305,plate_3_424,O=C1CCc2ccc(Br)cc2N1.O=C(O)C1CCCCC1.Cc1cc(C)on1>>O=C1CCc2ccc(C3CCCCC3)cc2N1
plate_3,Cc1cc(O)nc(O)c1,1117.36901,plate_3_423,O=C1CCc2ccc(Br)cc2N1.O=C(O)C1CCCCC1.Cc1cc(O)nc(O)c1>>O=C1CCc2ccc(C3CCCCC3)cc2N1
plate_3,Cc1cc([N+](=O)[O-])c(O)c([N+](=O)[O-])c1,0.0,plate_3_421,O=C1CCc2ccc(Br)cc2N1.O=C(O)C1CCCCC1.Cc1cc([N+](=O)[O-])c(O)c([N+](=O)[O-])c1>>O=C1CCc2ccc(C3CCCCC3)cc2N1
plate_3,Cc1ccc(-c2nnn[nH]2)cc1,6761.74586,plate_3_430,O=C1CCc2ccc(Br)cc2N1.O=C(O)C1CCCCC1.Cc1ccc(-c2nnn[nH]2)cc1>>O=C1CCc2ccc(C3CCCCC3)cc2N1
plate_3,Cc1ccc(C(=O)NN)cc1,1073.87126,plate_3_427,O=C1CCc2ccc(Br)cc2N1.O=C(O)C1CCCCC1.Cc1ccc(C(=O)NN)cc1>>O=C1CCc2ccc(C3CCCCC3)cc2N1
plate_3,Cc1ccc(C(N)=O)cc1,6076.56481,plate_3_426,O=C1CCc2ccc(Br)cc2N1.O=C(O)C1CCCCC1.Cc1ccc(C(N)=O)cc1>>O=C1CCc2ccc(C3CCCCC3)cc2N1
plate_3,Cc1ccc(C(N)=S)cc1,558.45589,plate_3_428,O=C1CCc2ccc(Br)cc2N1.O=C(O)C1CCCCC1.Cc1ccc(C(N)=S)cc1>>O=C1CCc2ccc(C3CCCCC3)cc2N1
plate_3,Cc1ccc(C=O)cc1,5882.75125,plate_3_429,O=C1CCc2ccc(Br)cc2N1.O=C(O)C1CCCCC1.Cc1ccc(C=O)cc1>>O=C1CCc2ccc(C3CCCCC3)cc2N1
plate_3,Cc1ccc(O)nc1,3881.58449,plate_3_431,O=C1CCc2ccc(Br)cc2N1.O=C(O)C1CCCCC1.Cc1ccc(O)nc1>>O=C1CCc2ccc(C3CCCCC3)cc2N1
plate_3,Cc1cccc(C)c1C(=O)O,2520.23503,plate_3_433,O=C1CCc2ccc(Br)cc2N1.O=C(O)C1CCCCC1.Cc1cccc(C)c1C(=O)O>>O=C1CCc2ccc(C3CCCCC3)cc2N1
plate_3,Cc1cccc(C)c1O,7649.68832,plate_3_434,O=C1CCc2ccc(Br)cc2N1.O=C(O)C1CCCCC1.Cc1cccc(C)c1O>>O=C1CCc2ccc(C3CCCCC3)cc2N1
plate_3,Cc1ccn(C(N)=O)n1,32001.31052,plate_3_435,O=C1CCc2ccc(Br)cc2N1.O=C(O)C1CCCCC1.Cc1ccn(C(N)=O)n1>>O=C1CCc2ccc(C3CCCCC3)cc2N1
plate_3,Cc1cnc(C(=N)N)cn1,3714.49382,plate_3_437,O=C1CCc2ccc(Br)cc2N1.O=C(O)C1CCCCC1.Cc1cnc(C(=N)N)cn1>>O=C1CCc2ccc(C3CCCCC3)cc2N1
plate_3,Cc1cnc(C(C)NC(=O)OC(C)(C)C)[nH]1,2862.47422,plate_3_436,O=C1CCc2ccc(Br)cc2N1.O=C(O)C1CCCCC1.Cc1cnc(C(C)NC(=O)OC(C)(C)C)[nH]1>>O=C1CCc2ccc(C3CCCCC3)cc2N1
plate_3,Cc1cnc(O)nc1,4572.28908,plate_3_438,O=C1CCc2ccc(Br)cc2N1.O=C(O)C1CCCCC1.Cc1cnc(O)nc1>>O=C1CCc2ccc(C3CCCCC3)cc2N1
plate_3,Cc1cscn1,3391.87978,plate_3_440,O=C1CCc2ccc(Br)cc2N1.O=C(O)C1CCCCC1.Cc1cscn1>>O=C1CCc2ccc(C3CCCCC3)cc2N1
plate_3,Cc1nc(-c2ccccc2O)cs1,0.0,plate_3_442,O=C1CCc2ccc(Br)cc2N1.O=C(O)C1CCCCC1.Cc1nc(-c2ccccc2O)cs1>>O=C1CCc2ccc(C3CCCCC3)cc2N1
plate_3,Cc1nc(=O)[nH]n1-c1ccccc1,2744.45325,plate_3_441,O=C1CCc2ccc(Br)cc2N1.O=C(O)C1CCCCC1.Cc1nc(=O)[nH]n1-c1ccccc1>>O=C1CCc2ccc(C3CCCCC3)cc2N1
plate_3,Cn1c(=O)[nH]c2ccccc2c1=O,0.0,plate_3_444,O=C1CCc2ccc(Br)cc2N1.O=C(O)C1CCCCC1.Cn1c(=O)[nH]c2ccccc2c1=O>>O=C1CCc2ccc(C3CCCCC3)cc2N1
plate_3,Cn1cc(C(=O)O)nn1,0.0,plate_3_454,O=C1CCc2ccc(Br)cc2N1.O=C(O)C1CCCCC1.Cn1cc(C(=O)O)nn1>>O=C1CCc2ccc(C3CCCCC3)cc2N1
plate_3,Cn1cc[nH]c1=O,9284.7445,plate_3_455,O=C1CCc2ccc(Br)cc2N1.O=C(O)C1CCCCC1.Cn1cc[nH]c1=O>>O=C1CCc2ccc(C3CCCCC3)cc2N1
plate_3,Cn1ccc(=O)[nH]c1=O,9109.92326,plate_3_456,O=C1CCc2ccc(Br)cc2N1.O=C(O)C1CCCCC1.Cn1ccc(=O)[nH]c1=O>>O=C1CCc2ccc(C3CCCCC3)cc2N1
plate_3,Cn1ccc(=O)n(C)c1=O,7996.30638,plate_3_457,O=C1CCc2ccc(Br)cc2N1.O=C(O)C1CCCCC1.Cn1ccc(=O)n(C)c1=O>>O=C1CCc2ccc(C3CCCCC3)cc2N1
plate_3,Cn1ccc(C(=O)O)n1,0.0,plate_3_458,O=C1CCc2ccc(Br)cc2N1.O=C(O)C1CCCCC1.Cn1ccc(C(=O)O)n1>>O=C1CCc2ccc(C3CCCCC3)cc2N1
plate_3,Cn1ccnc1[N+](=O)[O-],6301.64507,plate_3_460,O=C1CCc2ccc(Br)cc2N1.O=C(O)C1CCCCC1.Cn1ccnc1[N+](=O)[O-]>>O=C1CCc2ccc(C3CCCCC3)cc2N1
plate_3,Cn1cnc(C=O)c1,3259.92563,plate_3_451,O=C1CCc2ccc(Br)cc2N1.O=C(O)C1CCCCC1.Cn1cnc(C=O)c1>>O=C1CCc2ccc(C3CCCCC3)cc2N1
plate_3,Cn1cnc(CO)c1,4263.678765000001,plate_3_452,O=C1CCc2ccc(Br)cc2N1.O=C(O)C1CCCCC1.Cn1cnc(CO)c1>>O=C1CCc2ccc(C3CCCCC3)cc2N1
plate_3,Cn1cnc(S(N)(=O)=O)c1,2607.50081,plate_3_453,O=C1CCc2ccc(Br)cc2N1.O=C(O)C1CCCCC1.Cn1cnc(S(N)(=O)=O)c1>>O=C1CCc2ccc(C3CCCCC3)cc2N1
plate_3,Cn1cnc2c(=O)[nH]c(=O)[nH]c21,3905.35284,plate_3_461,O=C1CCc2ccc(Br)cc2N1.O=C(O)C1CCCCC1.Cn1cnc2c(=O)[nH]c(=O)[nH]c21>>O=C1CCc2ccc(C3CCCCC3)cc2N1
plate_3,Cn1cnc2c(=O)[nH]c(=O)n(C)c21,3510.14136,plate_3_463,O=C1CCc2ccc(Br)cc2N1.O=C(O)C1CCCCC1.Cn1cnc2c(=O)[nH]c(=O)n(C)c21>>O=C1CCc2ccc(C3CCCCC3)cc2N1
plate_3,Cn1cnc2ccccc21,5289.8116,plate_3_462,O=C1CCc2ccc(Br)cc2N1.O=C(O)C1CCCCC1.Cn1cnc2ccccc21>>O=C1CCc2ccc(C3CCCCC3)cc2N1
plate_3,Cn1cncc1C(=O)O,1791.54777,plate_3_464,O=C1CCc2ccc(Br)cc2N1.O=C(O)C1CCCCC1.Cn1cncc1C(=O)O>>O=C1CCc2ccc(C3CCCCC3)cc2N1
plate_3,Cn1cncc1CO,5596.70099,plate_3_465,O=C1CCc2ccc(Br)cc2N1.O=C(O)C1CCCCC1.Cn1cncc1CO>>O=C1CCc2ccc(C3CCCCC3)cc2N1
plate_3,Cn1nc(-c2ccccc2)cc1O,730.69049,plate_3_445,O=C1CCc2ccc(Br)cc2N1.O=C(O)C1CCCCC1.Cn1nc(-c2ccccc2)cc1O>>O=C1CCc2ccc(C3CCCCC3)cc2N1
plate_3,Cn1nccc1C(=O)O,1631.897295,plate_3_446,O=C1CCc2ccc(Br)cc2N1.O=C(O)C1CCCCC1.Cn1nccc1C(=O)O>>O=C1CCc2ccc(C3CCCCC3)cc2N1
plate_3,Cn1nccc1O,0.0,plate_3_448,O=C1CCc2ccc(Br)cc2N1.O=C(O)C1CCCCC1.Cn1nccc1O>>O=C1CCc2ccc(C3CCCCC3)cc2N1
plate_3,Cn1nncc1C(=O)O,991.25103,plate_3_449,O=C1CCc2ccc(Br)cc2N1.O=C(O)C1CCCCC1.Cn1nncc1C(=O)O>>O=C1CCc2ccc(C3CCCCC3)cc2N1
plate_3,FC(F)(F)c1c[nH]cn1,5822.61098,plate_3_471,O=C1CCc2ccc(Br)cc2N1.O=C(O)C1CCCCC1.FC(F)(F)c1c[nH]cn1>>O=C1CCc2ccc(C3CCCCC3)cc2N1
plate_3,FC(F)(F)c1cn[nH]c1,2938.47431,plate_3_470,O=C1CCc2ccc(Br)cc2N1.O=C(O)C1CCCCC1.FC(F)(F)c1cn[nH]c1>>O=C1CCc2ccc(C3CCCCC3)cc2N1
plate_3,FC(F)(F)c1ncc[nH]1,8075.03214,plate_3_697,O=C1CCc2ccc(Br)cc2N1.O=C(O)C1CCCCC1.FC(F)(F)c1ncc[nH]1>>O=C1CCc2ccc(C3CCCCC3)cc2N1
plate_3,Fc1ccc2[nH]ccc2c1,5704.40374,plate_3_503,O=C1CCc2ccc(Br)cc2N1.O=C(O)C1CCCCC1.Fc1ccc2[nH]ccc2c1>>O=C1CCc2ccc(C3CCCCC3)cc2N1
plate_3,Fc1ccc2[nH]ncc2c1,2811.84396,plate_3_502,O=C1CCc2ccc(Br)cc2N1.O=C(O)C1CCCCC1.Fc1ccc2[nH]ncc2c1>>O=C1CCc2ccc(C3CCCCC3)cc2N1
plate_3,Fc1ccccn1,5753.0169,plate_3_688,O=C1CCc2ccc(Br)cc2N1.O=C(O)C1CCCCC1.Fc1ccccn1>>O=C1CCc2ccc(C3CCCCC3)cc2N1
plate_3,N#CC(C#N)c1ccccc1,1415.47455,plate_3_564,O=C1CCc2ccc(Br)cc2N1.O=C(O)C1CCCCC1.N#CC(C#N)c1ccccc1>>O=C1CCc2ccc(C3CCCCC3)cc2N1
plate_3,N#CC1(O)CCCCC1,0.0,plate_3_46,O=C1CCc2ccc(Br)cc2N1.O=C(O)C1CCCCC1.N#CC1(O)CCCCC1>>O=C1CCc2ccc(C3CCCCC3)cc2N1
plate_3,N#CC1CCCCC1,4636.29566,plate_3_47,O=C1CCc2ccc(Br)cc2N1.O=C(O)C1CCCCC1.N#CC1CCCCC1>>O=C1CCc2ccc(C3CCCCC3)cc2N1
plate_3,N#CC1CCCS1,1343.23879,plate_3_37,O=C1CCc2ccc(Br)cc2N1.O=C(O)C1CCCCC1.N#CC1CCCS1>>O=C1CCc2ccc(C3CCCCC3)cc2N1
plate_3,N#CCC(=O)Nc1ccccc1,3204.21261,plate_3_591,O=C1CCc2ccc(Br)cc2N1.O=C(O)C1CCCCC1.N#CCC(=O)Nc1ccccc1>>O=C1CCc2ccc(C3CCCCC3)cc2N1
plate_3,N#CCC1=CCCCC1,2828.91781,plate_3_40,O=C1CCc2ccc(Br)cc2N1.O=C(O)C1CCCCC1.N#CCC1=CCCCC1>>O=C1CCc2ccc(C3CCCCC3)cc2N1
plate_3,N#CCCCc1ccccc1,6523.99003,plate_3_573,O=C1CCc2ccc(Br)cc2N1.O=C(O)C1CCCCC1.N#CCCCc1ccccc1>>O=C1CCc2ccc(C3CCCCC3)cc2N1
plate_3,N#CCS(N)(=O)=O,5673.55602,plate_3_6,O=C1CCc2ccc(Br)cc2N1.O=C(O)C1CCCCC1.N#CCS(N)(=O)=O>>O=C1CCc2ccc(C3CCCCC3)cc2N1
plate_3,N#CCc1cccc2cccnc12,4503.0,plate_3_517,O=C1CCc2ccc(Br)cc2N1.O=C(O)C1CCCCC1.N#CCc1cccc2cccnc12>>O=C1CCc2ccc(C3CCCCC3)cc2N1
plate_3,N#CCc1nccs1,723.36702,plate_3_716,O=C1CCc2ccc(Br)cc2N1.O=C(O)C1CCCCC1.N#CCc1nccs1>>O=C1CCc2ccc(C3CCCCC3)cc2N1
plate_3,N#C[C@@H]1CC[C@H]1C#N,3611.25741,plate_3_76,O=C1CCc2ccc(Br)cc2N1.O=C(O)C1CCCCC1.N#C[C@@H]1CC[C@H]1C#N>>O=C1CCc2ccc(C3CCCCC3)cc2N1
plate_3,N#Cc1cccc(C#N)n1,4744.67951,plate_3_482,O=C1CCc2ccc(Br)cc2N1.O=C(O)C1CCCCC1.N#Cc1cccc(C#N)n1>>O=C1CCc2ccc(C3CCCCC3)cc2N1
plate_3,N#Cc1cccc2cc[nH]c12,8305.44917,plate_3_509,O=C1CCc2ccc(Br)cc2N1.O=C(O)C1CCCCC1.N#Cc1cccc2cc[nH]c12>>O=C1CCc2ccc(C3CCCCC3)cc2N1
plate_3,N#Cc1cccc2cccnc12,6735.94916,plate_3_516,O=C1CCc2ccc(Br)cc2N1.O=C(O)C1CCCCC1.N#Cc1cccc2cccnc12>>O=C1CCc2ccc(C3CCCCC3)cc2N1
plate_3,N#Cc1ccccc1,3887.47873,plate_3_558,O=C1CCc2ccc(Br)cc2N1.O=C(O)C1CCCCC1.N#Cc1ccccc1>>O=C1CCc2ccc(C3CCCCC3)cc2N1
plate_3,N#Cc1ccccc1C#N,3233.70045,plate_3_526,O=C1CCc2ccc(Br)cc2N1.O=C(O)C1CCCCC1.N#Cc1ccccc1C#N>>O=C1CCc2ccc(C3CCCCC3)cc2N1
plate_3,N#Cc1ccccc1O,2295.40887,plate_3_527,O=C1CCc2ccc(Br)cc2N1.O=C(O)C1CCCCC1.N#Cc1ccccc1O>>O=C1CCc2ccc(C3CCCCC3)cc2N1
plate_3,N#Cc1ccccc1[N+](=O)[O-],0.0,plate_3_528,O=C1CCc2ccc(Br)cc2N1.O=C(O)C1CCCCC1.N#Cc1ccccc1[N+](=O)[O-]>>O=C1CCc2ccc(C3CCCCC3)cc2N1
plate_3,N#Cc1ccccn1,4793.27328,plate_3_678,O=C1CCc2ccc(Br)cc2N1.O=C(O)C1CCCCC1.N#Cc1ccccn1>>O=C1CCc2ccc(C3CCCCC3)cc2N1
plate_3,N#Cc1ncccn1,2669.14171,plate_3_701,O=C1CCc2ccc(Br)cc2N1.O=C(O)C1CCCCC1.N#Cc1ncccn1>>O=C1CCc2ccc(C3CCCCC3)cc2N1
plate_3,N#Cc1nccs1,1230.37218,plate_3_715,O=C1CCc2ccc(Br)cc2N1.O=C(O)C1CCCCC1.N#Cc1nccs1>>O=C1CCc2ccc(C3CCCCC3)cc2N1
plate_3,N#N,5945.555574444445,plate_3_466,O=C1CCc2ccc(Br)cc2N1.O=C(O)C1CCCCC1.N#N>>O=C1CCc2ccc(C3CCCCC3)cc2N1
plate_3,N/C(=N\O)c1ccccc1,2928.13992,plate_3_555,O=C1CCc2ccc(Br)cc2N1.O=C(O)C1CCCCC1.N/C(=N\O)c1ccccc1>>O=C1CCc2ccc(C3CCCCC3)cc2N1
plate_3,N/C(=N\O)c1ccccn1,0.0,plate_3_676,O=C1CCc2ccc(Br)cc2N1.O=C(O)C1CCCCC1.N/C(=N\O)c1ccccn1>>O=C1CCc2ccc(C3CCCCC3)cc2N1
plate_3,N/C(=N\O)c1cccs1,2077.05172,plate_3_489,O=C1CCc2ccc(Br)cc2N1.O=C(O)C1CCCCC1.N/C(=N\O)c1cccs1>>O=C1CCc2ccc(C3CCCCC3)cc2N1
plate_3,N/C(=N\O)c1cnc2ccccc2n1,0.0,plate_3_669,O=C1CCc2ccc(Br)cc2N1.O=C(O)C1CCCCC1.N/C(=N\O)c1cnc2ccccc2n1>>O=C1CCc2ccc(C3CCCCC3)cc2N1
plate_3,N/C(=N\O)c1nc2ccccc2s1,558.49203,plate_3_666,O=C1CCc2ccc(Br)cc2N1.O=C(O)C1CCCCC1.N/C(=N\O)c1nc2ccccc2s1>>O=C1CCc2ccc(C3CCCCC3)cc2N1
plate_3,N/C(Cc1ccccc1)=N\O,332.557685,plate_3_568,O=C1CCc2ccc(Br)cc2N1.O=C(O)C1CCCCC1.N/C(Cc1ccccc1)=N\O>>O=C1CCc2ccc(C3CCCCC3)cc2N1
plate_3,N/N=C/c1ccccc1O,0.0,plate_3_525,O=C1CCc2ccc(Br)cc2N1.O=C(O)C1CCCCC1.N/N=C/c1ccccc1O>>O=C1CCc2ccc(C3CCCCC3)cc2N1
plate_3,N=C(N)c1cc2ccccc2o1,3873.87716,plate_3_649,O=C1CCc2ccc(Br)cc2N1.O=C(O)C1CCCCC1.N=C(N)c1cc2ccccc2o1>>O=C1CCc2ccc(C3CCCCC3)cc2N1
plate_3,N=C(N)c1nc2ccccc2s1,3485.08459,plate_3_667,O=C1CCc2ccc(Br)cc2N1.O=C(O)C1CCCCC1.N=C(N)c1nc2ccccc2s1>>O=C1CCc2ccc(C3CCCCC3)cc2N1
plate_3,N=C(NO)C1CCCC1,4632.9507,plate_3_45,O=C1CCc2ccc(Br)cc2N1.O=C(O)C1CCCCC1.N=C(NO)C1CCCC1>>O=C1CCc2ccc(C3CCCCC3)cc2N1
plate_3,N=C(n1nnc2ccccc21)n1nnc2ccccc21,855.94455,plate_3_670,O=C1CCc2ccc(Br)cc2N1.O=C(O)C1CCCCC1.N=C(n1nnc2ccccc21)n1nnc2ccccc21>>O=C1CCc2ccc(C3CCCCC3)cc2N1
plate_3,N=C1NC(=O)c2ccccc21,12636.93243,plate_3_619,O=C1CCc2ccc(Br)cc2N1.O=C(O)C1CCCCC1.N=C1NC(=O)c2ccccc21>>O=C1CCc2ccc(C3CCCCC3)cc2N1
plate_3,NC(=O)C(C(N)=O)c1ccccc1,4282.96023,plate_3_565,O=C1CCc2ccc(Br)cc2N1.O=C(O)C1CCCCC1.NC(=O)C(C(N)=O)c1ccccc1>>O=C1CCc2ccc(C3CCCCC3)cc2N1
plate_3,NC(=O)C(F)(F)F,5793.75103,plate_3_5,O=C1CCc2ccc(Br)cc2N1.O=C(O)C1CCCCC1.NC(=O)C(F)(F)F>>O=C1CCc2ccc(C3CCCCC3)cc2N1
plate_3,NC(=O)C(c1ccccc1)c1ccccn1,3198.70749,plate_3_567,O=C1CCc2ccc(Br)cc2N1.O=C(O)C1CCCCC1.NC(=O)C(c1ccccc1)c1ccccn1>>O=C1CCc2ccc(C3CCCCC3)cc2N1
plate_3,NC(=O)C1CCCCC1,4875.38353,plate_3_48,O=C1CCc2ccc(Br)cc2N1.O=C(O)C1CCCCC1.NC(=O)C1CCCCC1>>O=C1CCc2ccc(C3CCCCC3)cc2N1
plate_3,NC(=O)CC(=O)O,4584.33811,plate_3_8,O=C1CCc2ccc(Br)cc2N1.O=C(O)C1CCCCC1.NC(=O)CC(=O)O>>O=C1CCc2ccc(C3CCCCC3)cc2N1
plate_3,NC(=O)CC(N)=O,4190.36956,plate_3_7,O=C1CCc2ccc(Br)cc2N1.O=C(O)C1CCCCC1.NC(=O)CC(N)=O>>O=C1CCc2ccc(C3CCCCC3)cc2N1
plate_3,NC(=O)CCC(N)=O,3499.69229,plate_3_12,O=C1CCc2ccc(Br)cc2N1.O=C(O)C1CCCCC1.NC(=O)CCC(N)=O>>O=C1CCc2ccc(C3CCCCC3)cc2N1
plate_3,NC(=O)CN1CCCC1=O,4494.30737,plate_3_29,O=C1CCc2ccc(Br)cc2N1.O=C(O)C1CCCCC1.NC(=O)CN1CCCC1=O>>O=C1CCc2ccc(C3CCCCC3)cc2N1
plate_3,NC(=O)COCc1ccccc1,5381.2201,plate_3_580,O=C1CCc2ccc(Br)cc2N1.O=C(O)C1CCCCC1.NC(=O)COCc1ccccc1>>O=C1CCc2ccc(C3CCCCC3)cc2N1
plate_3,NC(=O)Cc1cc2ccccc2s1,2013.79646,plate_3_651,O=C1CCc2ccc(Br)cc2N1.O=C(O)C1CCCCC1.NC(=O)Cc1cc2ccccc2s1>>O=C1CCc2ccc(C3CCCCC3)cc2N1
plate_3,NC(=O)Cc1ccccn1,6718.08808,plate_3_685,O=C1CCc2ccc(Br)cc2N1.O=C(O)C1CCCCC1.NC(=O)Cc1ccccn1>>O=C1CCc2ccc(C3CCCCC3)cc2N1
plate_3,NC(=O)Cc1cccs1,6491.83942,plate_3_492,O=C1CCc2ccc(Br)cc2N1.O=C(O)C1CCCCC1.NC(=O)Cc1cccs1>>O=C1CCc2ccc(C3CCCCC3)cc2N1
plate_3,NC(=O)Cc1cncs1,1732.34032,plate_3_476,O=C1CCc2ccc(Br)cc2N1.O=C(O)C1CCCCC1.NC(=O)Cc1cncs1>>O=C1CCc2ccc(C3CCCCC3)cc2N1
plate_3,NC(=O)Cc1nc2ccccc2[nH]1,3947.49284,plate_3_639,O=C1CCc2ccc(Br)cc2N1.O=C(O)C1CCCCC1.NC(=O)Cc1nc2ccccc2[nH]1>>O=C1CCc2ccc(C3CCCCC3)cc2N1
plate_3,NC(=O)Cn1nnc2ccccc21,5087.71405,plate_3_672,O=C1CCc2ccc(Br)cc2N1.O=C(O)C1CCCCC1.NC(=O)Cn1nnc2ccccc21>>O=C1CCc2ccc(C3CCCCC3)cc2N1
plate_3,NC(=O)NCc1ccccc1,4750.348,plate_3_578,O=C1CCc2ccc(Br)cc2N1.O=C(O)C1CCCCC1.NC(=O)NCc1ccccc1>>O=C1CCc2ccc(C3CCCCC3)cc2N1
plate_3,NC(=O)Nc1ccccc1,6919.60248,plate_3_592,O=C1CCc2ccc(Br)cc2N1.O=C(O)C1CCCCC1.NC(=O)Nc1ccccc1>>O=C1CCc2ccc(C3CCCCC3)cc2N1
plate_3,NC(=O)Nc1ccccn1,4012.94384,plate_3_689,O=C1CCc2ccc(Br)cc2N1.O=C(O)C1CCCCC1.NC(=O)Nc1ccccn1>>O=C1CCc2ccc(C3CCCCC3)cc2N1
plate_3,NC(=O)Oc1ccccc1,10218.26898,plate_3_596,O=C1CCc2ccc(Br)cc2N1.O=C(O)C1CCCCC1.NC(=O)Oc1ccccc1>>O=C1CCc2ccc(C3CCCCC3)cc2N1
plate_3,NC(=O)[C@@H]1CCCC[C@@H]1O,3166.27745,plate_3_62,O=C1CCc2ccc(Br)cc2N1.O=C(O)C1CCCCC1.NC(=O)[C@@H]1CCCC[C@@H]1O>>O=C1CCc2ccc(C3CCCCC3)cc2N1
plate_3,NC(=O)[C@@H]1CCCC[C@H]1O,3551.42409,plate_3_64,O=C1CCc2ccc(Br)cc2N1.O=C(O)C1CCCCC1.NC(=O)[C@@H]1CCCC[C@H]1O>>O=C1CCc2ccc(C3CCCCC3)cc2N1
plate_3,NC(=O)[C@@H]1CCCO1,5724.49094,plate_3_75,O=C1CCc2ccc(Br)cc2N1.O=C(O)C1CCCCC1.NC(=O)[C@@H]1CCCO1>>O=C1CCc2ccc(C3CCCCC3)cc2N1
plate_3,NC(=O)c1cc2ccccc2cc1O,0.0,plate_3_673,O=C1CCc2ccc(Br)cc2N1.O=C(O)C1CCCCC1.NC(=O)c1cc2ccccc2cc1O>>O=C1CCc2ccc(C3CCCCC3)cc2N1
plate_3,NC(=O)c1ccccc1C(N)=O,8716.78772,plate_3_529,O=C1CCc2ccc(Br)cc2N1.O=C(O)C1CCCCC1.NC(=O)c1ccccc1C(N)=O>>O=C1CCc2ccc(C3CCCCC3)cc2N1
plate_3,NC(=O)c1ccccc1O,3834.18674,plate_3_530,O=C1CCc2ccc(Br)cc2N1.O=C(O)C1CCCCC1.NC(=O)c1ccccc1O>>O=C1CCc2ccc(C3CCCCC3)cc2N1
plate_3,NC(=O)c1ccccc1OCC(=O)O,3603.82639,plate_3_531,O=C1CCc2ccc(Br)cc2N1.O=C(O)C1CCCCC1.NC(=O)c1ccccc1OCC(=O)O>>O=C1CCc2ccc(C3CCCCC3)cc2N1
plate_3,NC(=O)c1ccccc1[N+](=O)[O-],0.0,plate_3_532,O=C1CCc2ccc(Br)cc2N1.O=C(O)C1CCCCC1.NC(=O)c1ccccc1[N+](=O)[O-]>>O=C1CCc2ccc(C3CCCCC3)cc2N1
plate_3,NC(=O)c1ccccn1,7118.98239,plate_3_680,O=C1CCc2ccc(Br)cc2N1.O=C(O)C1CCCCC1.NC(=O)c1ccccn1>>O=C1CCc2ccc(C3CCCCC3)cc2N1
plate_3,NC(=O)c1cn2ccccc2n1,4372.5797,plate_3_675,O=C1CCc2ccc(Br)cc2N1.O=C(O)C1CCCCC1.NC(=O)c1cn2ccccc2n1>>O=C1CCc2ccc(C3CCCCC3)cc2N1
plate_3,NC(=O)c1nccc2ccccc12,10219.07672,plate_3_659,O=C1CCc2ccc(Br)cc2N1.O=C(O)C1CCCCC1.NC(=O)c1nccc2ccccc12>>O=C1CCc2ccc(C3CCCCC3)cc2N1
plate_3,NC(=O)c1ncco1,5158.14223,plate_3_712,O=C1CCc2ccc(Br)cc2N1.O=C(O)C1CCCCC1.NC(=O)c1ncco1>>O=C1CCc2ccc(C3CCCCC3)cc2N1
plate_3,NC(=O)n1nnc2ccccc21,1926.39148,plate_3_671,O=C1CCc2ccc(Br)cc2N1.O=C(O)C1CCCCC1.NC(=O)n1nnc2ccccc21>>O=C1CCc2ccc(C3CCCCC3)cc2N1
plate_3,NC(=S)N1CCCCC1,1388.48085,plate_3_57,O=C1CCc2ccc(Br)cc2N1.O=C(O)C1CCCCC1.NC(=S)N1CCCCC1>>O=C1CCc2ccc(C3CCCCC3)cc2N1
plate_3,NC(=S)NC1CCCCC1,1492.83776,plate_3_51,O=C1CCc2ccc(Br)cc2N1.O=C(O)C1CCCCC1.NC(=S)NC1CCCCC1>>O=C1CCc2ccc(C3CCCCC3)cc2N1
plate_3,NC(=S)Nc1ccccc1,512.84509,plate_3_593,O=C1CCc2ccc(Br)cc2N1.O=C(O)C1CCCCC1.NC(=S)Nc1ccccc1>>O=C1CCc2ccc(C3CCCCC3)cc2N1
plate_3,NC(=S)Nc1ccccn1,5451.91176,plate_3_690,O=C1CCc2ccc(Br)cc2N1.O=C(O)C1CCCCC1.NC(=S)Nc1ccccn1>>O=C1CCc2ccc(C3CCCCC3)cc2N1
plate_3,NC(=S)c1ccccn1,175.80585,plate_3_682,O=C1CCc2ccc(Br)cc2N1.O=C(O)C1CCCCC1.NC(=S)c1ccccn1>>O=C1CCc2ccc(C3CCCCC3)cc2N1
plate_3,NC(=S)c1ncccn1,115.29898,plate_3_702,O=C1CCc2ccc(Br)cc2N1.O=C(O)C1CCCCC1.NC(=S)c1ncccn1>>O=C1CCc2ccc(C3CCCCC3)cc2N1
plate_3,NC1=NC(C(=O)O)CS1,4006.47139,plate_3_27,O=C1CCc2ccc(Br)cc2N1.O=C(O)C1CCCCC1.NC1=NC(C(=O)O)CS1>>O=C1CCc2ccc(C3CCCCC3)cc2N1
plate_3,NC1=NCCS1,503.33983,plate_3_73,O=C1CCc2ccc(Br)cc2N1.O=C(O)C1CCCCC1.NC1=NCCS1>>O=C1CCc2ccc(C3CCCCC3)cc2N1
plate_3,NNC(=O)c1ccccc1,7212.71298,plate_3_560,O=C1CCc2ccc(Br)cc2N1.O=C(O)C1CCCCC1.NNC(=O)c1ccccc1>>O=C1CCc2ccc(C3CCCCC3)cc2N1
plate_3,NNc1ncccn1,3852.93064,plate_3_706,O=C1CCc2ccc(Br)cc2N1.O=C(O)C1CCCCC1.NNc1ncccn1>>O=C1CCc2ccc(C3CCCCC3)cc2N1
plate_3,NS(=O)(=O)N1CCCC1,3273.52019,plate_3_56,O=C1CCc2ccc(Br)cc2N1.O=C(O)C1CCCCC1.NS(=O)(=O)N1CCCC1>>O=C1CCc2ccc(C3CCCCC3)cc2N1
plate_3,NS(=O)(=O)c1ccccc1,5418.89999,plate_3_600,O=C1CCc2ccc(Br)cc2N1.O=C(O)C1CCCCC1.NS(=O)(=O)c1ccccc1>>O=C1CCc2ccc(C3CCCCC3)cc2N1
plate_3,NS(=O)(=O)c1cccs1,1881.39184,plate_3_493,O=C1CCc2ccc(Br)cc2N1.O=C(O)C1CCCCC1.NS(=O)(=O)c1cccs1>>O=C1CCc2ccc(C3CCCCC3)cc2N1
plate_3,NS(N)(=O)=O,2186.21188,plate_3_467,O=C1CCc2ccc(Br)cc2N1.O=C(O)C1CCCCC1.NS(N)(=O)=O>>O=C1CCc2ccc(C3CCCCC3)cc2N1
plate_3,Nc1ncccn1,9785.70806,plate_3_704,O=C1CCc2ccc(Br)cc2N1.O=C(O)C1CCCCC1.Nc1ncccn1>>O=C1CCc2ccc(C3CCCCC3)cc2N1
plate_3,O/N=C/c1ccccc1,1185.45347,plate_3_557,O=C1CCc2ccc(Br)cc2N1.O=C(O)C1CCCCC1.O/N=C/c1ccccc1>>O=C1CCc2ccc(C3CCCCC3)cc2N1
plate_3,O/N=C/c1ccccn1,0.0,plate_3_677,O=C1CCc2ccc(Br)cc2N1.O=C(O)C1CCCCC1.O/N=C/c1ccccn1>>O=C1CCc2ccc(C3CCCCC3)cc2N1
plate_3,O=C(C(=O)c1ccco1)c1ccco1,1085.71692,plate_3_484,O=C1CCc2ccc(Br)cc2N1.O=C(O)C1CCCCC1.O=C(C(=O)c1ccco1)c1ccco1>>O=C1CCc2ccc(C3CCCCC3)cc2N1
plate_3,O=C(CC(=O)Nc1nccs1)Nc1nccs1,0.0,plate_3_717,O=C1CCc2ccc(Br)cc2N1.O=C(O)C1CCCCC1.O=C(CC(=O)Nc1nccs1)Nc1nccs1>>O=C1CCc2ccc(C3CCCCC3)cc2N1
plate_3,O=C(CC(=O)c1ccccn1)c1ccccn1,0.0,plate_3_679,O=C1CCc2ccc(Br)cc2N1.O=C(O)C1CCCCC1.O=C(CC(=O)c1ccccn1)c1ccccn1>>O=C1CCc2ccc(C3CCCCC3)cc2N1
plate_3,O=C(NO)c1ccccc1,0.0,plate_3_561,O=C1CCc2ccc(Br)cc2N1.O=C(O)C1CCCCC1.O=C(NO)c1ccccc1>>O=C1CCc2ccc(C3CCCCC3)cc2N1
plate_3,O=C(O)C(=O)c1ccccc1,0.0,plate_3_559,O=C1CCc2ccc(Br)cc2N1.O=C(O)C1CCCCC1.O=C(O)C(=O)c1ccccc1>>O=C1CCc2ccc(C3CCCCC3)cc2N1
plate_3,O=C(O)C(O)CO,3852.46133,plate_3_9,O=C1CCc2ccc(Br)cc2N1.O=C(O)C1CCCCC1.O=C(O)C(O)CO>>O=C1CCc2ccc(C3CCCCC3)cc2N1
plate_3,O=C(O)C1CCCCC1,5575.4157,plate_3_49,O=C1CCc2ccc(Br)cc2N1.O=C(O)C1CCCCC1.O=C(O)C1CCCCC1>>O=C1CCc2ccc(C3CCCCC3)cc2N1
plate_3,O=C(O)C1CCCCO1,1206.29223,plate_3_59,O=C1CCc2ccc(Br)cc2N1.O=C(O)C1CCCCC1.O=C(O)C1CCCCO1>>O=C1CCc2ccc(C3CCCCC3)cc2N1
plate_3,O=C(O)C1CCCO1,3053.422045,plate_3_34,O=C1CCc2ccc(Br)cc2N1.O=C(O)C1CCCCC1.O=C(O)C1CCCO1>>O=C1CCc2ccc(C3CCCCC3)cc2N1
plate_3,O=C(O)C1CCCn2cnnc21,0.0,plate_3_718,O=C1CCc2ccc(Br)cc2N1.O=C(O)C1CCCCC1.O=C(O)C1CCCn2cnnc21>>O=C1CCc2ccc(C3CCCCC3)cc2N1
plate_3,O=C(O)C1Cc2ccccc2O1,6767.12939,plate_3_627,O=C1CCc2ccc(Br)cc2N1.O=C(O)C1CCCCC1.O=C(O)C1Cc2ccccc2O1>>O=C1CCc2ccc(C3CCCCC3)cc2N1
plate_3,O=C(O)CC1CCCO1,2083.78181,plate_3_35,O=C1CCc2ccc(Br)cc2N1.O=C(O)C1CCCCC1.O=C(O)CC1CCCO1>>O=C1CCc2ccc(C3CCCCC3)cc2N1
plate_3,O=C(O)CCN1CCCC1=O,5571.42684,plate_3_30,O=C1CCc2ccc(Br)cc2N1.O=C(O)C1CCCCC1.O=C(O)CCN1CCCC1=O>>O=C1CCc2ccc(C3CCCCC3)cc2N1
plate_3,O=C(O)CCOc1ccccc1,6014.254355,plate_3_598,O=C1CCc2ccc(Br)cc2N1.O=C(O)C1CCCCC1.O=C(O)CCOc1ccccc1>>O=C1CCc2ccc(C3CCCCC3)cc2N1
plate_3,O=C(O)CCc1ccccc1,2780.3448,plate_3_571,O=C1CCc2ccc(Br)cc2N1.O=C(O)C1CCCCC1.O=C(O)CCc1ccccc1>>O=C1CCc2ccc(C3CCCCC3)cc2N1
plate_3,O=C(O)CNC(=O)c1ccccc1O,1065.89059,plate_3_534,O=C1CCc2ccc(Br)cc2N1.O=C(O)C1CCCCC1.O=C(O)CNC(=O)c1ccccc1O>>O=C1CCc2ccc(C3CCCCC3)cc2N1
plate_3,O=C(O)COCc1ccccc1,1711.51821,plate_3_581,O=C1CCc2ccc(Br)cc2N1.O=C(O)C1CCCCC1.O=C(O)COCc1ccccc1>>O=C1CCc2ccc(C3CCCCC3)cc2N1
plate_3,O=C(O)COc1ccccc1,2281.00284,plate_3_597,O=C1CCc2ccc(Br)cc2N1.O=C(O)C1CCCCC1.O=C(O)COc1ccccc1>>O=C1CCc2ccc(C3CCCCC3)cc2N1
plate_3,O=C(O)COc1ccccc1O,0.0,plate_3_545,O=C1CCc2ccc(Br)cc2N1.O=C(O)C1CCCCC1.O=C(O)COc1ccccc1O>>O=C1CCc2ccc(C3CCCCC3)cc2N1
plate_3,O=C(O)Cc1ccccc1O,0.0,plate_3_540,O=C1CCc2ccc(Br)cc2N1.O=C(O)C1CCCCC1.O=C(O)Cc1ccccc1O>>O=C1CCc2ccc(C3CCCCC3)cc2N1
plate_3,O=C(O)Cc1ccco1,912.34457,plate_3_487,O=C1CCc2ccc(Br)cc2N1.O=C(O)C1CCCCC1.O=C(O)Cc1ccco1>>O=C1CCc2ccc(C3CCCCC3)cc2N1
plate_3,O=C(O)Cc1ncccn1,1825.7684,plate_3_703,O=C1CCc2ccc(Br)cc2N1.O=C(O)C1CCCCC1.O=C(O)Cc1ncccn1>>O=C1CCc2ccc(C3CCCCC3)cc2N1
plate_3,O=C(O)Cc1nnn[nH]1,1112.88753,plate_3_16,O=C1CCc2ccc(Br)cc2N1.O=C(O)C1CCCCC1.O=C(O)Cc1nnn[nH]1>>O=C1CCc2ccc(C3CCCCC3)cc2N1
plate_3,O=C(O)Cn1c(=O)oc2ccccc21,4711.12106,plate_3_664,O=C1CCc2ccc(Br)cc2N1.O=C(O)C1CCCCC1.O=C(O)Cn1c(=O)oc2ccccc21>>O=C1CCc2ccc(C3CCCCC3)cc2N1
plate_3,O=C(O)Cn1cccc1,0.0,plate_3_674,O=C1CCc2ccc(Br)cc2N1.O=C(O)C1CCCCC1.O=C(O)Cn1cccc1>>O=C1CCc2ccc(C3CCCCC3)cc2N1
plate_3,O=C(O)Cn1cccn1,1607.43754,plate_3_710,O=C1CCc2ccc(Br)cc2N1.O=C(O)C1CCCCC1.O=C(O)Cn1cccn1>>O=C1CCc2ccc(C3CCCCC3)cc2N1
plate_3,O=C(O)Cn1ccnc1,3586.68367,plate_3_695,O=C1CCc2ccc(Br)cc2N1.O=C(O)C1CCCCC1.O=C(O)Cn1ccnc1>>O=C1CCc2ccc(C3CCCCC3)cc2N1
plate_3,O=C(O)Cn1ccnn1,4660.64639,plate_3_696,O=C1CCc2ccc(Br)cc2N1.O=C(O)C1CCCCC1.O=C(O)Cn1ccnn1>>O=C1CCc2ccc(C3CCCCC3)cc2N1
plate_3,O=C(O)Cn1cnnn1,1716.08469,plate_3_719,O=C1CCc2ccc(Br)cc2N1.O=C(O)C1CCCCC1.O=C(O)Cn1cnnn1>>O=C1CCc2ccc(C3CCCCC3)cc2N1
plate_3,O=C(O)[C@H]1CCCC[C@@H]1C(=O)O,1020.35963,plate_3_63,O=C1CCc2ccc(Br)cc2N1.O=C(O)C1CCCCC1.O=C(O)[C@H]1CCCC[C@@H]1C(=O)O>>O=C1CCc2ccc(C3CCCCC3)cc2N1
plate_3,O=C(O)[C@H]1CCCN1c1ncccn1,2911.17458,plate_3_705,O=C1CCc2ccc(Br)cc2N1.O=C(O)C1CCCCC1.O=C(O)[C@H]1CCCN1c1ncccn1>>O=C1CCc2ccc(C3CCCCC3)cc2N1
plate_3,O=C(O)c1c[nH]nn1,4626.13968,plate_3_474,O=C1CCc2ccc(Br)cc2N1.O=C(O)C1CCCCC1.O=C(O)c1c[nH]nn1>>O=C1CCc2ccc(C3CCCCC3)cc2N1
plate_3,O=C(O)c1cc(C(F)(F)F)ccn1,0.0,plate_3_700,O=C1CCc2ccc(Br)cc2N1.O=C(O)C1CCCCC1.O=C(O)c1cc(C(F)(F)F)ccn1>>O=C1CCc2ccc(C3CCCCC3)cc2N1
plate_3,O=C(O)c1cc2cccc(O)c2[nH]1,0.0,plate_3_508,O=C1CCc2ccc(Br)cc2N1.O=C(O)C1CCCCC1.O=C(O)c1cc2cccc(O)c2[nH]1>>O=C1CCc2ccc(C3CCCCC3)cc2N1
plate_3,O=C(O)c1cc2ccccc2s1,0.0,plate_3_650,O=C1CCc2ccc(Br)cc2N1.O=C(O)C1CCCCC1.O=C(O)c1cc2ccccc2s1>>O=C1CCc2ccc(C3CCCCC3)cc2N1
plate_3,O=C(O)c1cc[nH]n1,0.0,plate_3_477,O=C1CCc2ccc(Br)cc2N1.O=C(O)C1CCCCC1.O=C(O)c1cc[nH]n1>>O=C1CCc2ccc(C3CCCCC3)cc2N1
plate_3,O=C(O)c1ccc(C(=O)O)s1,0.0,plate_3_496,O=C1CCc2ccc(Br)cc2N1.O=C(O)C1CCCCC1.O=C(O)c1ccc(C(=O)O)s1>>O=C1CCc2ccc(C3CCCCC3)cc2N1
plate_3,O=C(O)c1ccc2ccccc2n1,2836.13013,plate_3_655,O=C1CCc2ccc(Br)cc2N1.O=C(O)C1CCCCC1.O=C(O)c1ccc2ccccc2n1>>O=C1CCc2ccc(C3CCCCC3)cc2N1
plate_3,O=C(O)c1cccc2c1OCC2,0.0,plate_3_499,O=C1CCc2ccc(Br)cc2N1.O=C(O)C1CCCCC1.O=C(O)c1cccc2c1OCC2>>O=C1CCc2ccc(C3CCCCC3)cc2N1
plate_3,O=C(O)c1cccc2cc[nH]c12,1772.43144,plate_3_510,O=C1CCc2ccc(Br)cc2N1.O=C(O)C1CCCCC1.O=C(O)c1cccc2cc[nH]c12>>O=C1CCc2ccc(C3CCCCC3)cc2N1
plate_3,O=C(O)c1cccc2ccc(=O)[nH]c12,3855.73918,plate_3_513,O=C1CCc2ccc(Br)cc2N1.O=C(O)C1CCCCC1.O=C(O)c1cccc2ccc(=O)[nH]c12>>O=C1CCc2ccc(C3CCCCC3)cc2N1
plate_3,O=C(O)c1cccc2ccnn12,0.0,plate_3_519,O=C1CCc2ccc(Br)cc2N1.O=C(O)C1CCCCC1.O=C(O)c1cccc2ccnn12>>O=C1CCc2ccc(C3CCCCC3)cc2N1
plate_3,O=C(O)c1cccc2cn[nH]c12,2596.85526,plate_3_520,O=C1CCc2ccc(Br)cc2N1.O=C(O)C1CCCCC1.O=C(O)c1cccc2cn[nH]c12>>O=C1CCc2ccc(C3CCCCC3)cc2N1
plate_3,O=C(O)c1cccc2ncsc12,3502.97388,plate_3_480,O=C1CCc2ccc(Br)cc2N1.O=C(O)C1CCCCC1.O=C(O)c1cccc2ncsc12>>O=C1CCc2ccc(C3CCCCC3)cc2N1
plate_3,O=C(O)c1cccc[n+]1[O-],3110.74798,plate_3_523,O=C1CCc2ccc(Br)cc2N1.O=C(O)C1CCCCC1.O=C(O)c1cccc[n+]1[O-]>>O=C1CCc2ccc(C3CCCCC3)cc2N1
plate_3,O=C(O)c1ccccc1,4566.01137,plate_3_562,O=C1CCc2ccc(Br)cc2N1.O=C(O)C1CCCCC1.O=C(O)c1ccccc1>>O=C1CCc2ccc(C3CCCCC3)cc2N1
plate_3,O=C(O)c1ccccc1-c1ncc[nH]1,4153.00117,plate_3_547,O=C1CCc2ccc(Br)cc2N1.O=C(O)C1CCCCC1.O=C(O)c1ccccc1-c1ncc[nH]1>>O=C1CCc2ccc(C3CCCCC3)cc2N1
plate_3,O=C(O)c1ccccc1-c1nnn[nH]1,0.0,plate_3_548,O=C1CCc2ccc(Br)cc2N1.O=C(O)C1CCCCC1.O=C(O)c1ccccc1-c1nnn[nH]1>>O=C1CCc2ccc(C3CCCCC3)cc2N1
plate_3,O=C(O)c1ccccc1-n1ccnn1,1713.43488,plate_3_535,O=C1CCc2ccc(Br)cc2N1.O=C(O)C1CCCCC1.O=C(O)c1ccccc1-n1ccnn1>>O=C1CCc2ccc(C3CCCCC3)cc2N1
plate_3,O=C(O)c1ccccc1-n1nccn1,1667.43175,plate_3_536,O=C1CCc2ccc(Br)cc2N1.O=C(O)C1CCCCC1.O=C(O)c1ccccc1-n1nccn1>>O=C1CCc2ccc(C3CCCCC3)cc2N1
plate_3,O=C(O)c1ccccc1-n1ncnn1,1338.73892,plate_3_537,O=C1CCc2ccc(Br)cc2N1.O=C(O)C1CCCCC1.O=C(O)c1ccccc1-n1ncnn1>>O=C1CCc2ccc(C3CCCCC3)cc2N1
plate_3,O=C(O)c1ccccn1,0.0,plate_3_681,O=C1CCc2ccc(Br)cc2N1.O=C(O)C1CCCCC1.O=C(O)c1ccccn1>>O=C1CCc2ccc(C3CCCCC3)cc2N1
plate_3,O=C(O)c1ccco1,2245.51158,plate_3_485,O=C1CCc2ccc(Br)cc2N1.O=C(O)C1CCCCC1.O=C(O)c1ccco1>>O=C1CCc2ccc(C3CCCCC3)cc2N1
plate_3,O=C(O)c1cccs1,2399.384185,plate_3_490,O=C1CCc2ccc(Br)cc2N1.O=C(O)C1CCCCC1.O=C(O)c1cccs1>>O=C1CCc2ccc(C3CCCCC3)cc2N1
plate_3,O=C(O)c1ccno1,0.0,plate_3_711,O=C1CCc2ccc(Br)cc2N1.O=C(O)C1CCCCC1.O=C(O)c1ccno1>>O=C1CCc2ccc(C3CCCCC3)cc2N1
plate_3,O=C(O)c1cnco1,1832.356245,plate_3_475,O=C1CCc2ccc(Br)cc2N1.O=C(O)C1CCCCC1.O=C(O)c1cnco1>>O=C1CCc2ccc(C3CCCCC3)cc2N1
plate_3,O=C(O)c1cocn1,4901.41937,plate_3_473,O=C1CCc2ccc(Br)cc2N1.O=C(O)C1CCCCC1.O=C(O)c1cocn1>>O=C1CCc2ccc(C3CCCCC3)cc2N1
plate_3,O=C(O)c1n[nH]c2ccccc12,0.0,plate_3_647,O=C1CCc2ccc(Br)cc2N1.O=C(O)C1CCCCC1.O=C(O)c1n[nH]c2ccccc12>>O=C1CCc2ccc(C3CCCCC3)cc2N1
plate_3,O=C(O)c1nc(=O)[nH]c2ccccc12,2062.21508,plate_3_648,O=C1CCc2ccc(Br)cc2N1.O=C(O)C1CCCCC1.O=C(O)c1nc(=O)[nH]c2ccccc12>>O=C1CCc2ccc(C3CCCCC3)cc2N1
plate_3,O=C(O)c1nccc2ccccc12,0.0,plate_3_660,O=C1CCc2ccc(Br)cc2N1.O=C(O)C1CCCCC1.O=C(O)c1nccc2ccccc12>>O=C1CCc2ccc(C3CCCCC3)cc2N1
plate_3,O=C(O)c1ncco1,3908.48127,plate_3_713,O=C1CCc2ccc(Br)cc2N1.O=C(O)C1CCCCC1.O=C(O)c1ncco1>>O=C1CCc2ccc(C3CCCCC3)cc2N1
plate_3,O=C(c1ccccc1)c1ncco1,3433.01327,plate_3_563,O=C1CCc2ccc(Br)cc2N1.O=C(O)C1CCCCC1.O=C(c1ccccc1)c1ncco1>>O=C1CCc2ccc(C3CCCCC3)cc2N1
plate_3,O=C(c1ccccc1O)N1CCCC1,8590.68711,plate_3_533,O=C1CCc2ccc(Br)cc2N1.O=C(O)C1CCCCC1.O=C(c1ccccc1O)N1CCCC1>>O=C1CCc2ccc(C3CCCCC3)cc2N1
plate_3,O=C(c1ccccn1)C(O)c1ccccn1,749.83437,plate_3_683,O=C1CCc2ccc(Br)cc2N1.O=C(O)C1CCCCC1.O=C(c1ccccn1)C(O)c1ccccn1>>O=C1CCc2ccc(C3CCCCC3)cc2N1
plate_3,O=C(c1cccs1)c1cccs1,2809.59356,plate_3_491,O=C1CCc2ccc(Br)cc2N1.O=C(O)C1CCCCC1.O=C(c1cccs1)c1cccs1>>O=C1CCc2ccc(C3CCCCC3)cc2N1
plate_3,O=C(c1ncc[nH]1)c1ccco1,0.0,plate_3_486,O=C1CCc2ccc(Br)cc2N1.O=C(O)C1CCCCC1.O=C(c1ncc[nH]1)c1ccco1>>O=C1CCc2ccc(C3CCCCC3)cc2N1
plate_3,O=C1C=C(c2ccccc2)C(=O)O1,0.0,plate_3_569,O=C1CCc2ccc(Br)cc2N1.O=C(O)C1CCCCC1.O=C1C=C(c2ccccc2)C(=O)O1>>O=C1CCc2ccc(C3CCCCC3)cc2N1
plate_3,O=C1C=CC(=O)C=C1,679.14592,plate_3_22,O=C1CCc2ccc(Br)cc2N1.O=C(O)C1CCCCC1.O=C1C=CC(=O)C=C1>>O=C1CCc2ccc(C3CCCCC3)cc2N1
plate_3,O=C1C=CC(=O)N1,33818.31324,plate_3_23,O=C1CCc2ccc(Br)cc2N1.O=C(O)C1CCCCC1.O=C1C=CC(=O)N1>>O=C1CCc2ccc(C3CCCCC3)cc2N1
plate_3,O=C1C=CC(=O)N1Cc1ccccc1,3627.87833,plate_3_577,O=C1CCc2ccc(Br)cc2N1.O=C(O)C1CCCCC1.O=C1C=CC(=O)N1Cc1ccccc1>>O=C1CCc2ccc(C3CCCCC3)cc2N1
plate_3,O=C1C=CC(=O)c2ccccc21,0.0,plate_3_620,O=C1CCc2ccc(Br)cc2N1.O=C(O)C1CCCCC1.O=C1C=CC(=O)c2ccccc21>>O=C1CCc2ccc(C3CCCCC3)cc2N1
plate_3,O=C1C=CCCC1,4859.33957,plate_3_38,O=C1CCc2ccc(Br)cc2N1.O=C(O)C1CCCCC1.O=C1C=CCCC1>>O=C1CCc2ccc(C3CCCCC3)cc2N1
plate_3,O=C1CC(=O)NC(=O)N1,968.57431,plate_3_26,O=C1CCc2ccc(Br)cc2N1.O=C(O)C1CCCCC1.O=C1CC(=O)NC(=O)N1>>O=C1CCc2ccc(C3CCCCC3)cc2N1
plate_3,O=C1CCC(=O)N1,27149.95497,plate_3_32,O=C1CCc2ccc(Br)cc2N1.O=C(O)C1CCCCC1.O=C1CCC(=O)N1>>O=C1CCc2ccc(C3CCCCC3)cc2N1
plate_3,O=C1CCCC(=O)N1,5862.95135,plate_3_31,O=C1CCc2ccc(Br)cc2N1.O=C(O)C1CCCCC1.O=C1CCCC(=O)N1>>O=C1CCc2ccc(C3CCCCC3)cc2N1
plate_3,O=C1CCCCC1=O,2257.31393,plate_3_41,O=C1CCc2ccc(Br)cc2N1.O=C(O)C1CCCCC1.O=C1CCCCC1=O>>O=C1CCc2ccc(C3CCCCC3)cc2N1
plate_3,O=C1CCCCC1O,771.00895,plate_3_42,O=C1CCc2ccc(Br)cc2N1.O=C(O)C1CCCCC1.O=C1CCCCC1O>>O=C1CCc2ccc(C3CCCCC3)cc2N1
plate_3,O=C1CCCCC1[N+](=O)[O-],0.0,plate_3_43,O=C1CCc2ccc(Br)cc2N1.O=C(O)C1CCCCC1.O=C1CCCCC1[N+](=O)[O-]>>O=C1CCc2ccc(C3CCCCC3)cc2N1
plate_3,O=C1CCCCCCCCC1,5273.62337,plate_3_53,O=C1CCc2ccc(Br)cc2N1.O=C(O)C1CCCCC1.O=C1CCCCCCCCC1>>O=C1CCc2ccc(C3CCCCC3)cc2N1
plate_3,O=C1CCCCCCCCCCCN1,6003.2666,plate_3_54,O=C1CCc2ccc(Br)cc2N1.O=C(O)C1CCCCC1.O=C1CCCCCCCCCCCN1>>O=C1CCc2ccc(C3CCCCC3)cc2N1
plate_3,O=C1CCCCCN1,4257.62406,plate_3_44,O=C1CCc2ccc(Br)cc2N1.O=C(O)C1CCCCC1.O=C1CCCCCN1>>O=C1CCc2ccc(C3CCCCC3)cc2N1
plate_3,O=C1CCCCN1,5291.17006,plate_3_58,O=C1CCc2ccc(Br)cc2N1.O=C(O)C1CCCCC1.O=C1CCCCN1>>O=C1CCc2ccc(C3CCCCC3)cc2N1
plate_3,O=C1CCCc2ccccc21,2268.38543,plate_3_630,O=C1CCc2ccc(Br)cc2N1.O=C(O)C1CCCCC1.O=C1CCCc2ccccc21>>O=C1CCc2ccc(C3CCCCC3)cc2N1
plate_3,O=C1CCCc2cccnc21,0.0,plate_3_504,O=C1CCc2ccc(Br)cc2N1.O=C(O)C1CCCCC1.O=C1CCCc2cccnc21>>O=C1CCc2ccc(C3CCCCC3)cc2N1
plate_3,O=C1CCN(c2ccccc2)N1,1577.662,plate_3_588,O=C1CCc2ccc(Br)cc2N1.O=C(O)C1CCCCC1.O=C1CCN(c2ccccc2)N1>>O=C1CCc2ccc(C3CCCCC3)cc2N1
plate_3,O=C1CCNC(=O)C1,5137.75015,plate_3_67,O=C1CCc2ccc(Br)cc2N1.O=C(O)C1CCCCC1.O=C1CCNC(=O)C1>>O=C1CCc2ccc(C3CCCCC3)cc2N1
plate_3,O=C1CCNC(=O)N1,4852.17849,plate_3_69,O=C1CCc2ccc(Br)cc2N1.O=C(O)C1CCCCC1.O=C1CCNC(=O)N1>>O=C1CCc2ccc(C3CCCCC3)cc2N1
plate_3,O=C1CCOc2ccccc21,762.55223,plate_3_621,O=C1CCc2ccc(Br)cc2N1.O=C(O)C1CCCCC1.O=C1CCOc2ccccc21>>O=C1CCc2ccc(C3CCCCC3)cc2N1
plate_3,O=C1CC[C@H](CO)N1,4560.7871,plate_3_33,O=C1CCc2ccc(Br)cc2N1.O=C(O)C1CCCCC1.O=C1CC[C@H](CO)N1>>O=C1CCc2ccc(C3CCCCC3)cc2N1
plate_3,O=C1CCc2ccccc2N1,6479.18095,plate_3_628,O=C1CCc2ccc(Br)cc2N1.O=C(O)C1CCCCC1.O=C1CCc2ccccc2N1>>O=C1CCc2ccc(C3CCCCC3)cc2N1
plate_3,O=C1CCc2ccccc2O1,5775.69987,plate_3_629,O=C1CCc2ccc(Br)cc2N1.O=C(O)C1CCCCC1.O=C1CCc2ccccc2O1>>O=C1CCc2ccc(C3CCCCC3)cc2N1
plate_3,O=C1CNC(=O)N1,20072.45939,plate_3_25,O=C1CCc2ccc(Br)cc2N1.O=C(O)C1CCCCC1.O=C1CNC(=O)N1>>O=C1CCc2ccc(C3CCCCC3)cc2N1
plate_3,O=C1COC(=O)C1,0.0,plate_3_24,O=C1CCc2ccc(Br)cc2N1.O=C(O)C1CCCCC1.O=C1COC(=O)C1>>O=C1CCc2ccc(C3CCCCC3)cc2N1
plate_3,O=C1Cc2ccccc2C1=O,7345.90029,plate_3_624,O=C1CCc2ccc(Br)cc2N1.O=C(O)C1CCCCC1.O=C1Cc2ccccc2C1=O>>O=C1CCc2ccc(C3CCCCC3)cc2N1
plate_3,O=C1Cc2ccccc2N1,4385.12235,plate_3_625,O=C1CCc2ccc(Br)cc2N1.O=C(O)C1CCCCC1.O=C1Cc2ccccc2N1>>O=C1CCc2ccc(C3CCCCC3)cc2N1
plate_3,O=C1Cc2cccnc2N1,742.18754,plate_3_507,O=C1CCc2ccc(Br)cc2N1.O=C(O)C1CCCCC1.O=C1Cc2cccnc2N1>>O=C1CCc2ccc(C3CCCCC3)cc2N1
plate_3,O=C1NC(=O)/C(=C/c2ccccc2)N1,0.0,plate_3_556,O=C1CCc2ccc(Br)cc2N1.O=C(O)C1CCCCC1.O=C1NC(=O)/C(=C/c2ccccc2)N1>>O=C1CCc2ccc(C3CCCCC3)cc2N1
plate_3,O=C1NC(=O)C(Cc2ccccc2)N1,36784.11163,plate_3_570,O=C1CCc2ccc(Br)cc2N1.O=C(O)C1CCCCC1.O=C1NC(=O)C(Cc2ccccc2)N1>>O=C1CCc2ccc(C3CCCCC3)cc2N1
plate_3,O=C1NC(=O)c2ccccc21,43392.46845,plate_3_622,O=C1CCc2ccc(Br)cc2N1.O=C(O)C1CCCCC1.O=C1NC(=O)c2ccccc21>>O=C1CCc2ccc(C3CCCCC3)cc2N1
plate_3,O=C1NCC(C(=O)O)N1,0.0,plate_3_28,O=C1CCc2ccc(Br)cc2N1.O=C(O)C1CCCCC1.O=C1NCC(C(=O)O)N1>>O=C1CCc2ccc(C3CCCCC3)cc2N1
plate_3,O=C1NCCCN1,5507.94193,plate_3_68,O=C1CCc2ccc(Br)cc2N1.O=C(O)C1CCCCC1.O=C1NCCCN1>>O=C1CCc2ccc(C3CCCCC3)cc2N1
plate_3,O=C1NCCN1c1ccccc1,4871.29808,plate_3_590,O=C1CCc2ccc(Br)cc2N1.O=C(O)C1CCCCC1.O=C1NCCN1c1ccccc1>>O=C1CCc2ccc(C3CCCCC3)cc2N1
plate_3,O=C1NCCNC1=O,4197.30603,plate_3_66,O=C1CCc2ccc(Br)cc2N1.O=C(O)C1CCCCC1.O=C1NCCNC1=O>>O=C1CCc2ccc(C3CCCCC3)cc2N1
plate_3,O=C1NCc2ccccc21,6042.02313,plate_3_633,O=C1CCc2ccc(Br)cc2N1.O=C(O)C1CCCCC1.O=C1NCc2ccccc21>>O=C1CCc2ccc(C3CCCCC3)cc2N1
plate_3,O=C1Nc2c(C(=O)O)cccc2C1=O,0.0,plate_3_498,O=C1CCc2ccc(Br)cc2N1.O=C(O)C1CCCCC1.O=C1Nc2c(C(=O)O)cccc2C1=O>>O=C1CCc2ccc(C3CCCCC3)cc2N1
plate_3,O=C1OC(=O)c2ccccc21,2342.27206,plate_3_623,O=C1CCc2ccc(Br)cc2N1.O=C(O)C1CCCCC1.O=C1OC(=O)c2ccccc21>>O=C1CCc2ccc(C3CCCCC3)cc2N1
plate_3,O=C1OCCC1O,3810.15854,plate_3_72,O=C1CCc2ccc(Br)cc2N1.O=C(O)C1CCCCC1.O=C1OCCC1O>>O=C1CCc2ccc(C3CCCCC3)cc2N1
plate_3,O=C1OCc2ccccc21,6115.50729,plate_3_634,O=C1CCc2ccc(Br)cc2N1.O=C(O)C1CCCCC1.O=C1OCc2ccccc21>>O=C1CCc2ccc(C3CCCCC3)cc2N1
plate_3,O=CC1CCCCC1,5785.18088,plate_3_50,O=C1CCc2ccc(Br)cc2N1.O=C(O)C1CCCCC1.O=CC1CCCCC1>>O=C1CCc2ccc(C3CCCCC3)cc2N1
plate_3,O=CCCc1ccccc1,5813.808995,plate_3_572,O=C1CCc2ccc(Br)cc2N1.O=C(O)C1CCCCC1.O=CCCc1ccccc1>>O=C1CCc2ccc(C3CCCCC3)cc2N1
plate_3,O=CN1CCCC1,7268.34755,plate_3_55,O=C1CCc2ccc(Br)cc2N1.O=C(O)C1CCCCC1.O=CN1CCCC1>>O=C1CCc2ccc(C3CCCCC3)cc2N1
plate_3,O=CNc1ccccc1,5747.7461,plate_3_594,O=C1CCc2ccc(Br)cc2N1.O=C(O)C1CCCCC1.O=CNc1ccccc1>>O=C1CCc2ccc(C3CCCCC3)cc2N1
plate_3,O=CNc1ccccn1,3697.51885,plate_3_691,O=C1CCc2ccc(Br)cc2N1.O=C(O)C1CCCCC1.O=CNc1ccccn1>>O=C1CCc2ccc(C3CCCCC3)cc2N1
plate_3,O=Cc1c[nH]cn1,3907.52339,plate_3_472,O=C1CCc2ccc(Br)cc2N1.O=C(O)C1CCCCC1.O=Cc1c[nH]cn1>>O=C1CCc2ccc(C3CCCCC3)cc2N1
plate_3,O=Cc1ccccc1O,3347.32205,plate_3_539,O=C1CCc2ccc(Br)cc2N1.O=C(O)C1CCCCC1.O=Cc1ccccc1O>>O=C1CCc2ccc(C3CCCCC3)cc2N1
plate_3,O=Cc1ccccn1,0.0,plate_3_684,O=C1CCc2ccc(Br)cc2N1.O=C(O)C1CCCCC1.O=Cc1ccccn1>>O=C1CCc2ccc(C3CCCCC3)cc2N1
plate_3,O=S(=O)(O)c1ccccc1,0.0,plate_3_601,O=C1CCc2ccc(Br)cc2N1.O=C(O)C1CCCCC1.O=S(=O)(O)c1ccccc1>>O=C1CCc2ccc(C3CCCCC3)cc2N1
plate_3,O=S1(=O)CCCC1,3525.5405,plate_3_61,O=C1CCc2ccc(Br)cc2N1.O=C(O)C1CCCCC1.O=S1(=O)CCCC1>>O=C1CCc2ccc(C3CCCCC3)cc2N1
plate_3,O=S1(=O)CCCN1,2289.489625,plate_3_71,O=C1CCc2ccc(Br)cc2N1.O=C(O)C1CCCCC1.O=S1(=O)CCCN1>>O=C1CCc2ccc(C3CCCCC3)cc2N1
plate_3,O=[N+]([O-])CCc1ccccc1,0.0,plate_3_576,O=C1CCc2ccc(Br)cc2N1.O=C(O)C1CCCCC1.O=[N+]([O-])CCc1ccccc1>>O=C1CCc2ccc(C3CCCCC3)cc2N1
plate_3,O=[N+]([O-])c1cccc2cc[nH]c12,0.0,plate_3_511,O=C1CCc2ccc(Br)cc2N1.O=C(O)C1CCCCC1.O=[N+]([O-])c1cccc2cc[nH]c12>>O=C1CCc2ccc(C3CCCCC3)cc2N1
plate_3,O=[N+]([O-])c1cccnc1O,0.0,plate_3_479,O=C1CCc2ccc(Br)cc2N1.O=C(O)C1CCCCC1.O=[N+]([O-])c1cccnc1O>>O=C1CCc2ccc(C3CCCCC3)cc2N1
plate_3,O=[N+]([O-])c1cccs1,0.0,plate_3_494,O=C1CCc2ccc(Br)cc2N1.O=C(O)C1CCCCC1.O=[N+]([O-])c1cccs1>>O=C1CCc2ccc(C3CCCCC3)cc2N1
plate_3,O=c1[nH][nH]c(=O)n1-c1ccccc1,7667.81204,plate_3_614,O=C1CCc2ccc(Br)cc2N1.O=C(O)C1CCCCC1.O=c1[nH][nH]c(=O)n1-c1ccccc1>>O=C1CCc2ccc(C3CCCCC3)cc2N1
plate_3,O=c1[nH]c(=O)[nH]c(=O)[nH]1,6424.06068,plate_3_468,O=C1CCc2ccc(Br)cc2N1.O=C(O)C1CCCCC1.O=c1[nH]c(=O)[nH]c(=O)[nH]1>>O=C1CCc2ccc(C3CCCCC3)cc2N1
plate_3,O=c1[nH]c(=O)c2ccccc2[nH]1,8514.18297,plate_3_644,O=C1CCc2ccc(Br)cc2N1.O=C(O)C1CCCCC1.O=c1[nH]c(=O)c2ccccc2[nH]1>>O=C1CCc2ccc(C3CCCCC3)cc2N1
plate_3,O=c1[nH]c(=O)c2nc[nH]c2[nH]1,4513.16343,plate_3_469,O=C1CCc2ccc(Br)cc2N1.O=C(O)C1CCCCC1.O=c1[nH]c(=O)c2nc[nH]c2[nH]1>>O=C1CCc2ccc(C3CCCCC3)cc2N1
plate_3,O=c1[nH]c(=O)n(-c2ccccc2)[nH]1,3030.90423,plate_3_615,O=C1CCc2ccc(Br)cc2N1.O=C(O)C1CCCCC1.O=c1[nH]c(=O)n(-c2ccccc2)[nH]1>>O=C1CCc2ccc(C3CCCCC3)cc2N1
plate_3,O=c1[nH]c2ccccc2[nH]1,8966.44308,plate_3_636,O=C1CCc2ccc(Br)cc2N1.O=C(O)C1CCCCC1.O=c1[nH]c2ccccc2[nH]1>>O=C1CCc2ccc(C3CCCCC3)cc2N1
plate_3,O=c1[nH]c2ccccc2c(=O)o1,0.0,plate_3_646,O=C1CCc2ccc(Br)cc2N1.O=C(O)C1CCCCC1.O=c1[nH]c2ccccc2c(=O)o1>>O=C1CCc2ccc(C3CCCCC3)cc2N1
plate_3,O=c1[nH]c2ccccc2s1,6739.20537,plate_3_637,O=C1CCc2ccc(Br)cc2N1.O=C(O)C1CCCCC1.O=c1[nH]c2ccccc2s1>>O=C1CCc2ccc(C3CCCCC3)cc2N1
plate_3,O=c1ccc(-c2ccccc2)n[nH]1,15583.40851,plate_3_608,O=C1CCc2ccc(Br)cc2N1.O=C(O)C1CCCCC1.O=c1ccc(-c2ccccc2)n[nH]1>>O=C1CCc2ccc(C3CCCCC3)cc2N1
plate_3,O=c1ccc2ccccc2o1,0.0,plate_3_653,O=C1CCc2ccc(Br)cc2N1.O=C(O)C1CCCCC1.O=c1ccc2ccccc2o1>>O=C1CCc2ccc(C3CCCCC3)cc2N1
plate_3,O=c1ccccn1-c1ccccc1,4949.15853,plate_3_617,O=C1CCc2ccc(Br)cc2N1.O=C(O)C1CCCCC1.O=c1ccccn1-c1ccccc1>>O=C1CCc2ccc(C3CCCCC3)cc2N1
plate_3,O=c1ccccn1Cc1ccccn1,4933.87294,plate_3_687,O=C1CCc2ccc(Br)cc2N1.O=C(O)C1CCCCC1.O=c1ccccn1Cc1ccccn1>>O=C1CCc2ccc(C3CCCCC3)cc2N1
plate_3,O=c1ccoc2ccccc12,6852.0788,plate_3_645,O=C1CCc2ccc(Br)cc2N1.O=C(O)C1CCCCC1.O=c1ccoc2ccccc12>>O=C1CCc2ccc(C3CCCCC3)cc2N1
plate_3,OC1C=CCCC1,5000.04951,plate_3_39,O=C1CCc2ccc(Br)cc2N1.O=C(O)C1CCCCC1.OC1C=CCCC1>>O=C1CCc2ccc(C3CCCCC3)cc2N1
plate_3,OC1CCCCC1,5393.27823,plate_3_52,O=C1CCc2ccc(Br)cc2N1.O=C(O)C1CCCCC1.OC1CCCCC1>>O=C1CCc2ccc(C3CCCCC3)cc2N1
plate_3,OC1CCCc2ccccc21,5932.56709,plate_3_631,O=C1CCc2ccc(Br)cc2N1.O=C(O)C1CCCCC1.OC1CCCc2ccccc21>>O=C1CCc2ccc(C3CCCCC3)cc2N1
plate_3,OC1CCCc2cccnc21,1844.58407,plate_3_506,O=C1CCc2ccc(Br)cc2N1.O=C(O)C1CCCCC1.OC1CCCc2cccnc21>>O=C1CCc2ccc(C3CCCCC3)cc2N1
plate_3,OC1CCc2cccnc21,4187.7937,plate_3_505,O=C1CCc2ccc(Br)cc2N1.O=C(O)C1CCCCC1.OC1CCc2cccnc21>>O=C1CCc2ccc(C3CCCCC3)cc2N1
plate_3,OC1Cc2ccccc2C1O,5090.46853,plate_3_626,O=C1CCc2ccc(Br)cc2N1.O=C(O)C1CCCCC1.OC1Cc2ccccc2C1O>>O=C1CCc2ccc(C3CCCCC3)cc2N1
plate_3,OCC(CO)CO,4735.10811,plate_3_10,O=C1CCc2ccc(Br)cc2N1.O=C(O)C1CCCCC1.OCC(CO)CO>>O=C1CCc2ccc(C3CCCCC3)cc2N1
plate_3,OCC(F)(F)F,3743.19767,plate_3_11,O=C1CCc2ccc(Br)cc2N1.O=C(O)C1CCCCC1.OCC(F)(F)F>>O=C1CCc2ccc(C3CCCCC3)cc2N1
plate_3,OCC(O)c1ccccc1,4175.73105,plate_3_566,O=C1CCc2ccc(Br)cc2N1.O=C(O)C1CCCCC1.OCC(O)c1ccccc1>>O=C1CCc2ccc(C3CCCCC3)cc2N1
plate_3,OCC1CCCCO1,3585.78019,plate_3_60,O=C1CCc2ccc(Br)cc2N1.O=C(O)C1CCCCC1.OCC1CCCCO1>>O=C1CCc2ccc(C3CCCCC3)cc2N1
plate_3,OCC1CCCO1,4562.56034,plate_3_36,O=C1CCc2ccc(Br)cc2N1.O=C(O)C1CCCCC1.OCC1CCCO1>>O=C1CCc2ccc(C3CCCCC3)cc2N1
plate_3,OCCCCCCO,5194.04346,plate_3_13,O=C1CCc2ccc(Br)cc2N1.O=C(O)C1CCCCC1.OCCCCCCO>>O=C1CCc2ccc(C3CCCCC3)cc2N1
plate_3,OCCCOc1ccccc1,4604.14502,plate_3_599,O=C1CCc2ccc(Br)cc2N1.O=C(O)C1CCCCC1.OCCCOc1ccccc1>>O=C1CCc2ccc(C3CCCCC3)cc2N1
plate_3,OCCCc1ccccc1,4574.16831,plate_3_574,O=C1CCc2ccc(Br)cc2N1.O=C(O)C1CCCCC1.OCCCc1ccccc1>>O=C1CCc2ccc(C3CCCCC3)cc2N1
plate_3,OCCOCCO,5122.78496,plate_3_14,O=C1CCc2ccc(Br)cc2N1.O=C(O)C1CCCCC1.OCCOCCO>>O=C1CCc2ccc(C3CCCCC3)cc2N1
plate_3,OCCOCCOCCO,6137.3746,plate_3_15,O=C1CCc2ccc(Br)cc2N1.O=C(O)C1CCCCC1.OCCOCCOCCO>>O=C1CCc2ccc(C3CCCCC3)cc2N1
plate_3,OCCOc1ccccc1O,7884.50867,plate_3_546,O=C1CCc2ccc(Br)cc2N1.O=C(O)C1CCCCC1.OCCOc1ccccc1O>>O=C1CCc2ccc(C3CCCCC3)cc2N1
plate_3,OCCSc1ccccc1,2998.44352,plate_3_602,O=C1CCc2ccc(Br)cc2N1.O=C(O)C1CCCCC1.OCCSc1ccccc1>>O=C1CCc2ccc(C3CCCCC3)cc2N1
plate_3,OCCSc1ccccn1,860.52631,plate_3_694,O=C1CCc2ccc(Br)cc2N1.O=C(O)C1CCCCC1.OCCSc1ccccn1>>O=C1CCc2ccc(C3CCCCC3)cc2N1
plate_3,OCCc1ccccc1,5340.84839,plate_3_575,O=C1CCc2ccc(Br)cc2N1.O=C(O)C1CCCCC1.OCCc1ccccc1>>O=C1CCc2ccc(C3CCCCC3)cc2N1
plate_3,OCc1cccc(CO)n1,5582.98961,plate_3_483,O=C1CCc2ccc(Br)cc2N1.O=C(O)C1CCCCC1.OCc1cccc(CO)n1>>O=C1CCc2ccc(C3CCCCC3)cc2N1
plate_3,OCc1ccccc1CO,4402.14892,plate_3_541,O=C1CCc2ccc(Br)cc2N1.O=C(O)C1CCCCC1.OCc1ccccc1CO>>O=C1CCc2ccc(C3CCCCC3)cc2N1
plate_3,OCc1ccccn1,4393.50482,plate_3_686,O=C1CCc2ccc(Br)cc2N1.O=C(O)C1CCCCC1.OCc1ccccn1>>O=C1CCc2ccc(C3CCCCC3)cc2N1
plate_3,OCc1ccon1,1788.04853,plate_3_714,O=C1CCc2ccc(Br)cc2N1.O=C(O)C1CCCCC1.OCc1ccon1>>O=C1CCc2ccc(C3CCCCC3)cc2N1
plate_3,ONCc1ccccc1,2990.22761,plate_3_579,O=C1CCc2ccc(Br)cc2N1.O=C(O)C1CCCCC1.ONCc1ccccc1>>O=C1CCc2ccc(C3CCCCC3)cc2N1
plate_3,O[C@@H]1CCCC[C@H]1O,4467.97488,plate_3_65,O=C1CCc2ccc(Br)cc2N1.O=C(O)C1CCCCC1.O[C@@H]1CCCC[C@H]1O>>O=C1CCc2ccc(C3CCCCC3)cc2N1
plate_3,O[C@H]1CCC[C@@H]1O,1180.75508,plate_3_74,O=C1CCc2ccc(Br)cc2N1.O=C(O)C1CCCCC1.O[C@H]1CCC[C@@H]1O>>O=C1CCc2ccc(C3CCCCC3)cc2N1
plate_3,Oc1ccc(C(F)(F)F)cc1,9356.65848,plate_3_481,O=C1CCc2ccc(Br)cc2N1.O=C(O)C1CCCCC1.Oc1ccc(C(F)(F)F)cc1>>O=C1CCc2ccc(C3CCCCC3)cc2N1
plate_3,Oc1ccc2cccc(O)c2n1,0.0,plate_3_514,O=C1CCc2ccc(Br)cc2N1.O=C(O)C1CCCCC1.Oc1ccc2cccc(O)c2n1>>O=C1CCc2ccc(C3CCCCC3)cc2N1
plate_3,Oc1ccc2ccccc2c1O,0.0,plate_3_654,O=C1CCc2ccc(Br)cc2N1.O=C(O)C1CCCCC1.Oc1ccc2ccccc2c1O>>O=C1CCc2ccc(C3CCCCC3)cc2N1
plate_3,Oc1ccc2ccccc2n1,2303.30881,plate_3_657,O=C1CCc2ccc(Br)cc2N1.O=C(O)C1CCCCC1.Oc1ccc2ccccc2n1>>O=C1CCc2ccc(C3CCCCC3)cc2N1
plate_3,Oc1cccc2[nH]cnc12,0.0,plate_3_500,O=C1CCc2ccc(Br)cc2N1.O=C(O)C1CCCCC1.Oc1cccc2[nH]cnc12>>O=C1CCc2ccc(C3CCCCC3)cc2N1
plate_3,Oc1cccc2[nH]nnc12,0.0,plate_3_501,O=C1CCc2ccc(Br)cc2N1.O=C(O)C1CCCCC1.Oc1cccc2[nH]nnc12>>O=C1CCc2ccc(C3CCCCC3)cc2N1
plate_3,Oc1cccc2cccnc12,4696.636075,plate_3_518,O=C1CCc2ccc(Br)cc2N1.O=C(O)C1CCCCC1.Oc1cccc2cccnc12>>O=C1CCc2ccc(C3CCCCC3)cc2N1
plate_3,Oc1cccc2cncnc12,719.52748,plate_3_522,O=C1CCc2ccc(Br)cc2N1.O=C(O)C1CCCCC1.Oc1cccc2cncnc12>>O=C1CCc2ccc(C3CCCCC3)cc2N1
plate_3,Oc1ccccc1,7981.57477,plate_3_595,O=C1CCc2ccc(Br)cc2N1.O=C(O)C1CCCCC1.Oc1ccccc1>>O=C1CCc2ccc(C3CCCCC3)cc2N1
plate_3,Oc1ccccc1-c1cc[nH]n1,392.91427,plate_3_549,O=C1CCc2ccc(Br)cc2N1.O=C(O)C1CCCCC1.Oc1ccccc1-c1cc[nH]n1>>O=C1CCc2ccc(C3CCCCC3)cc2N1
plate_3,Oc1ccccc1-c1ccccc1O,0.0,plate_3_550,O=C1CCc2ccc(Br)cc2N1.O=C(O)C1CCCCC1.Oc1ccccc1-c1ccccc1O>>O=C1CCc2ccc(C3CCCCC3)cc2N1
plate_3,Oc1ccccc1-c1ccccn1,0.0,plate_3_551,O=C1CCc2ccc(Br)cc2N1.O=C(O)C1CCCCC1.Oc1ccccc1-c1ccccn1>>O=C1CCc2ccc(C3CCCCC3)cc2N1
plate_3,Oc1ccccc1-c1nc2ccccc2o1,0.0,plate_3_552,O=C1CCc2ccc(Br)cc2N1.O=C(O)C1CCCCC1.Oc1ccccc1-c1nc2ccccc2o1>>O=C1CCc2ccc(C3CCCCC3)cc2N1
plate_3,Oc1ccccc1-c1nnco1,0.0,plate_3_553,O=C1CCc2ccc(Br)cc2N1.O=C(O)C1CCCCC1.Oc1ccccc1-c1nnco1>>O=C1CCc2ccc(C3CCCCC3)cc2N1
plate_3,Oc1ccccc1-n1ccnc1,5093.48607,plate_3_554,O=C1CCc2ccc(Br)cc2N1.O=C(O)C1CCCCC1.Oc1ccccc1-n1ccnc1>>O=C1CCc2ccc(C3CCCCC3)cc2N1
plate_3,Oc1ccccc1C(=S)S,0.0,plate_3_538,O=C1CCc2ccc(Br)cc2N1.O=C(O)C1CCCCC1.Oc1ccccc1C(=S)S>>O=C1CCc2ccc(C3CCCCC3)cc2N1
plate_3,Oc1ccccc1N1CCCC1,1017.82708,plate_3_542,O=C1CCc2ccc(Br)cc2N1.O=C(O)C1CCCCC1.Oc1ccccc1N1CCCC1>>O=C1CCc2ccc(C3CCCCC3)cc2N1
plate_3,Oc1ccccc1N1CCCCC1,1269.95446,plate_3_543,O=C1CCc2ccc(Br)cc2N1.O=C(O)C1CCCCC1.Oc1ccccc1N1CCCCC1>>O=C1CCc2ccc(C3CCCCC3)cc2N1
plate_3,Oc1ccccc1O,0.0,plate_3_544,O=C1CCc2ccc(Br)cc2N1.O=C(O)C1CCCCC1.Oc1ccccc1O>>O=C1CCc2ccc(C3CCCCC3)cc2N1
plate_3,Oc1ccccn1,6386.23467,plate_3_692,O=C1CCc2ccc(Br)cc2N1.O=C(O)C1CCCCC1.Oc1ccccn1>>O=C1CCc2ccc(C3CCCCC3)cc2N1
plate_3,Oc1cn(-c2ccccc2)nn1,0.0,plate_3_616,O=C1CCc2ccc(Br)cc2N1.O=C(O)C1CCCCC1.Oc1cn(-c2ccccc2)nn1>>O=C1CCc2ccc(C3CCCCC3)cc2N1
plate_3,Oc1nc(-c2ccccc2)cs1,1623.25573,plate_3_610,O=C1CCc2ccc(Br)cc2N1.O=C(O)C1CCCCC1.Oc1nc(-c2ccccc2)cs1>>O=C1CCc2ccc(C3CCCCC3)cc2N1
plate_3,Oc1nc2ccccc2nc1O,0.0,plate_3_665,O=C1CCc2ccc(Br)cc2N1.O=C(O)C1CCCCC1.Oc1nc2ccccc2nc1O>>O=C1CCc2ccc(C3CCCCC3)cc2N1
plate_3,Oc1nccc2ccccc12,6910.41403,plate_3_661,O=C1CCc2ccc(Br)cc2N1.O=C(O)C1CCCCC1.Oc1nccc2ccccc12>>O=C1CCc2ccc(C3CCCCC3)cc2N1
plate_3,S=C1NCCCN1,465.9819,plate_3_70,O=C1CCc2ccc(Br)cc2N1.O=C(O)C1CCCCC1.S=C1NCCCN1>>O=C1CCc2ccc(C3CCCCC3)cc2N1
plate_3,S=c1[nH]nc(Cc2ccccc2)[nH]1,1827.50615,plate_3_584,O=C1CCc2ccc(Br)cc2N1.O=C(O)C1CCCCC1.S=c1[nH]nc(Cc2ccccc2)[nH]1>>O=C1CCc2ccc(C3CCCCC3)cc2N1
plate_3,Sc1ccc2ccccc2n1,1763.9554,plate_3_658,O=C1CCc2ccc(Br)cc2N1.O=C(O)C1CCCCC1.Sc1ccc2ccccc2n1>>O=C1CCc2ccc(C3CCCCC3)cc2N1
plate_3,Sc1ccccn1,0.0,plate_3_693,O=C1CCc2ccc(Br)cc2N1.O=C(O)C1CCCCC1.Sc1ccccn1>>O=C1CCc2ccc(C3CCCCC3)cc2N1
plate_3,Sc1nc(-c2ccccc2)cs1,0.0,plate_3_611,O=C1CCc2ccc(Br)cc2N1.O=C(O)C1CCCCC1.Sc1nc(-c2ccccc2)cs1>>O=C1CCc2ccc(C3CCCCC3)cc2N1
plate_3,Sc1ncc[nH]1,801.06066,plate_3_698,O=C1CCc2ccc(Br)cc2N1.O=C(O)C1CCCCC1.Sc1ncc[nH]1>>O=C1CCc2ccc(C3CCCCC3)cc2N1
plate_3,Sc1ncccn1,0.0,plate_3_707,O=C1CCc2ccc(Br)cc2N1.O=C(O)C1CCCCC1.Sc1ncccn1>>O=C1CCc2ccc(C3CCCCC3)cc2N1
plate_3,[O-][n+]1c(-c2cscn2)[nH]c2ccccc21,0.0,plate_3_638,O=C1CCc2ccc(Br)cc2N1.O=C(O)C1CCCCC1.[O-][n+]1c(-c2cscn2)[nH]c2ccccc21>>O=C1CCc2ccc(C3CCCCC3)cc2N1
plate_3,[O-][n+]1cccc2cccc(O)c21,0.0,plate_3_515,O=C1CCc2ccc(Br)cc2N1.O=C(O)C1CCCCC1.[O-][n+]1cccc2cccc(O)c21>>O=C1CCc2ccc(C3CCCCC3)cc2N1
plate_3,[O-][n+]1ccccc1O,0.0,plate_3_524,O=C1CCc2ccc(Br)cc2N1.O=C(O)C1CCCCC1.[O-][n+]1ccccc1O>>O=C1CCc2ccc(C3CCCCC3)cc2N1
plate_3,c1c[nH]c(-c2cccs2)c1,4274.54602,plate_3_478,O=C1CCc2ccc(Br)cc2N1.O=C(O)C1CCCCC1.c1c[nH]c(-c2cccs2)c1>>O=C1CCc2ccc(C3CCCCC3)cc2N1
plate_3,c1c[nH]c(-c2ncc[nH]2)n1,1698.59494,plate_3_699,O=C1CCc2ccc(Br)cc2N1.O=C(O)C1CCCCC1.c1c[nH]c(-c2ncc[nH]2)n1>>O=C1CCc2ccc(C3CCCCC3)cc2N1
plate_3,c1cc2[nH]cnc2cn1,7209.23848,plate_3_708,O=C1CCc2ccc(Br)cc2N1.O=C(O)C1CCCCC1.c1cc2[nH]cnc2cn1>>O=C1CCc2ccc(C3CCCCC3)cc2N1
plate_3,c1cc2[nH]ncc2cn1,1427.54122,plate_3_709,O=C1CCc2ccc(Br)cc2N1.O=C(O)C1CCCCC1.c1cc2[nH]ncc2cn1>>O=C1CCc2ccc(C3CCCCC3)cc2N1
plate_3,c1ccc(-c2c[nH]cn2)cc1,14149.89642,plate_3_605,O=C1CCc2ccc(Br)cc2N1.O=C(O)C1CCCCC1.c1ccc(-c2c[nH]cn2)cc1>>O=C1CCc2ccc(C3CCCCC3)cc2N1
plate_3,c1ccc(-c2c[nH]nn2)cc1,1220.01478,plate_3_606,O=C1CCc2ccc(Br)cc2N1.O=C(O)C1CCCCC1.c1ccc(-c2c[nH]nn2)cc1>>O=C1CCc2ccc(C3CCCCC3)cc2N1
plate_3,c1ccc(-c2cc[nH]n2)cc1,7328.74098,plate_3_607,O=C1CCc2ccc(Br)cc2N1.O=C(O)C1CCCCC1.c1ccc(-c2cc[nH]n2)cc1>>O=C1CCc2ccc(C3CCCCC3)cc2N1
plate_3,c1ccc(-c2cnco2)cc1,5877.45001,plate_3_609,O=C1CCc2ccc(Br)cc2N1.O=C(O)C1CCCCC1.c1ccc(-c2cnco2)cc1>>O=C1CCc2ccc(C3CCCCC3)cc2N1
plate_3,c1ccc(-c2nc[nH]n2)cc1,16744.37892,plate_3_612,O=C1CCc2ccc(Br)cc2N1.O=C(O)C1CCCCC1.c1ccc(-c2nc[nH]n2)cc1>>O=C1CCc2ccc(C3CCCCC3)cc2N1
plate_3,c1ccc(-c2ncc[nH]2)cc1,7996.705265,plate_3_603,O=C1CCc2ccc(Br)cc2N1.O=C(O)C1CCCCC1.c1ccc(-c2ncc[nH]2)cc1>>O=C1CCc2ccc(C3CCCCC3)cc2N1
plate_3,c1ccc(-c2nccs2)cc1,6548.10768,plate_3_613,O=C1CCc2ccc(Br)cc2N1.O=C(O)C1CCCCC1.c1ccc(-c2nccs2)cc1>>O=C1CCc2ccc(C3CCCCC3)cc2N1
plate_3,c1ccc(-c2nnn[nH]2)cc1,5681.7478,plate_3_604,O=C1CCc2ccc(Br)cc2N1.O=C(O)C1CCCCC1.c1ccc(-c2nnn[nH]2)cc1>>O=C1CCc2ccc(C3CCCCC3)cc2N1
plate_3,c1ccc(-n2ccnc2)cc1,4117.68408,plate_3_618,O=C1CCc2ccc(Br)cc2N1.O=C(O)C1CCCCC1.c1ccc(-n2ccnc2)cc1>>O=C1CCc2ccc(C3CCCCC3)cc2N1
plate_3,c1ccc(COc2cccc3cc[nH]c23)cc1,5000.87931,plate_3_582,O=C1CCc2ccc(Br)cc2N1.O=C(O)C1CCCCC1.c1ccc(COc2cccc3cc[nH]c23)cc1>>O=C1CCc2ccc(C3CCCCC3)cc2N1
plate_3,c1ccc(CSc2nnn[nH]2)cc1,2711.87168,plate_3_583,O=C1CCc2ccc(Br)cc2N1.O=C(O)C1CCCCC1.c1ccc(CSc2nnn[nH]2)cc1>>O=C1CCc2ccc(C3CCCCC3)cc2N1
plate_3,c1ccc(Cc2nnn[nH]2)cc1,10140.42447,plate_3_585,O=C1CCc2ccc(Br)cc2N1.O=C(O)C1CCCCC1.c1ccc(Cc2nnn[nH]2)cc1>>O=C1CCc2ccc(C3CCCCC3)cc2N1
plate_3,c1ccc(Cn2cccc2)cc1,4323.54871,plate_3_586,O=C1CCc2ccc(Br)cc2N1.O=C(O)C1CCCCC1.c1ccc(Cn2cccc2)cc1>>O=C1CCc2ccc(C3CCCCC3)cc2N1
plate_3,c1ccc(Cn2ccnc2)cc1,5616.51658,plate_3_587,O=C1CCc2ccc(Br)cc2N1.O=C(O)C1CCCCC1.c1ccc(Cn2ccnc2)cc1>>O=C1CCc2ccc(C3CCCCC3)cc2N1
plate_3,c1ccc(N2CCCCC2)cc1,1161.87455,plate_3_589,O=C1CCc2ccc(Br)cc2N1.O=C(O)C1CCCCC1.c1ccc(N2CCCCC2)cc1>>O=C1CCc2ccc(C3CCCCC3)cc2N1
plate_3,c1ccc2[nH]c(-c3cscn3)nc2c1,0.0,plate_3_641,O=C1CCc2ccc(Br)cc2N1.O=C(O)C1CCCCC1.c1ccc2[nH]c(-c3cscn3)nc2c1>>O=C1CCc2ccc(C3CCCCC3)cc2N1
plate_3,c1ccc2[nH]ccc2c1,11001.05021,plate_3_652,O=C1CCc2ccc(Br)cc2N1.O=C(O)C1CCCCC1.c1ccc2[nH]ccc2c1>>O=C1CCc2ccc(C3CCCCC3)cc2N1
plate_3,c1ccc2[nH]cnc2c1,21568.85045,plate_3_642,O=C1CCc2ccc(Br)cc2N1.O=C(O)C1CCCCC1.c1ccc2[nH]cnc2c1>>O=C1CCc2ccc(C3CCCCC3)cc2N1
plate_3,c1ccc2[nH]nnc2c1,2179.09212,plate_3_643,O=C1CCc2ccc(Br)cc2N1.O=C(O)C1CCCCC1.c1ccc2[nH]nnc2c1>>O=C1CCc2ccc(C3CCCCC3)cc2N1
plate_3,c1ccc2c(c1)CCO2,6338.00454,plate_3_632,O=C1CCc2ccc(Br)cc2N1.O=C(O)C1CCCCC1.c1ccc2c(c1)CCO2>>O=C1CCc2ccc(C3CCCCC3)cc2N1
plate_3,c1ccc2c(c1)OCO2,5095.63497,plate_3_635,O=C1CCc2ccc(Br)cc2N1.O=C(O)C1CCCCC1.c1ccc2c(c1)OCO2>>O=C1CCc2ccc(C3CCCCC3)cc2N1
plate_3,c1ccc2occc2c1,5564.52877,plate_3_662,O=C1CCc2ccc(Br)cc2N1.O=C(O)C1CCCCC1.c1ccc2occc2c1>>O=C1CCc2ccc(C3CCCCC3)cc2N1
plate_3,c1ccc2oncc2c1,1358.99946,plate_3_663,O=C1CCc2ccc(Br)cc2N1.O=C(O)C1CCCCC1.c1ccc2oncc2c1>>O=C1CCc2ccc(C3CCCCC3)cc2N1
plate_3,c1ccc2sc(-c3cc[nH]n3)nc2c1,0.0,plate_3_668,O=C1CCc2ccc(Br)cc2N1.O=C(O)C1CCCCC1.c1ccc2sc(-c3cc[nH]n3)nc2c1>>O=C1CCc2ccc(C3CCCCC3)cc2N1
plate_3,c1cnc2[nH]ccc2c1,9043.71179,plate_3_512,O=C1CCc2ccc(Br)cc2N1.O=C(O)C1CCCCC1.c1cnc2[nH]ccc2c1>>O=C1CCc2ccc(C3CCCCC3)cc2N1
plate_3,c1cnc2[nH]cnc2c1,18965.42677,plate_3_497,O=C1CCc2ccc(Br)cc2N1.O=C(O)C1CCCCC1.c1cnc2[nH]cnc2c1>>O=C1CCc2ccc(C3CCCCC3)cc2N1
plate_3,c1cnc2[nH]ncc2c1,11849.050045,plate_3_521,O=C1CCc2ccc(Br)cc2N1.O=C(O)C1CCCCC1.c1cnc2[nH]ncc2c1>>O=C1CCc2ccc(C3CCCCC3)cc2N1
plate_3,c1coc(-c2nc3ccccc3[nH]2)c1,4213.52726,plate_3_640,O=C1CCc2ccc(Br)cc2N1.O=C(O)C1CCCCC1.c1coc(-c2nc3ccccc3[nH]2)c1>>O=C1CCc2ccc(C3CCCCC3)cc2N1
plate_3,c1coc(-c2nnn[nH]2)c1,1841.2183,plate_3_488,O=C1CCc2ccc(Br)cc2N1.O=C(O)C1CCCCC1.c1coc(-c2nnn[nH]2)c1>>O=C1CCc2ccc(C3CCCCC3)cc2N1
plate_3,c1csc(-c2cc[nH]n2)c1,6711.16913,plate_3_495,O=C1CCc2ccc(Br)cc2N1.O=C(O)C1CCCCC1.c1csc(-c2cc[nH]n2)c1>>O=C1CCc2ccc(C3CCCCC3)cc2N1
plate_4,C#CC(=O)c1ccccc1,2087.58941,plate_4_0,CCOC(=O)c1ncn2c1CN(C)C(=O)c1cc(Br)ccc1-2.CCCCCC(=O)O.C#CC(=O)c1ccccc1>>CCCCCc1ccc2c(c1)C(=O)N(C)Cc1c(C(=O)OCC)ncn1-2
plate_4,C#CC1(O)CCCCC1,12863.62192,plate_4_1,CCOC(=O)c1ncn2c1CN(C)C(=O)c1cc(Br)ccc1-2.CCCCCC(=O)O.C#CC1(O)CCCCC1>>CCCCCc1ccc2c(c1)C(=O)N(C)Cc1c(C(=O)OCC)ncn1-2
plate_4,C#CCCCCO,11655.72811,plate_4_2,CCOC(=O)c1ncn2c1CN(C)C(=O)c1cc(Br)ccc1-2.CCCCCC(=O)O.C#CCCCCO>>CCCCCc1ccc2c(c1)C(=O)N(C)Cc1c(C(=O)OCC)ncn1-2
plate_4,C#CCCCc1ccccc1,9471.78623,plate_4_3,CCOC(=O)c1ncn2c1CN(C)C(=O)c1cc(Br)ccc1-2.CCCCCC(=O)O.C#CCCCc1ccccc1>>CCCCCc1ccc2c(c1)C(=O)N(C)Cc1c(C(=O)OCC)ncn1-2
plate_4,C#Cc1ccc(CC)cc1,12108.05837,plate_4_280,CCOC(=O)c1ncn2c1CN(C)C(=O)c1cc(Br)ccc1-2.CCCCCC(=O)O.C#Cc1ccc(CC)cc1>>CCCCCc1ccc2c(c1)C(=O)N(C)Cc1c(C(=O)OCC)ncn1-2
plate_4,C#Cc1ccc(OCCC)cc1,11931.85913,plate_4_222,CCOC(=O)c1ncn2c1CN(C)C(=O)c1cc(Br)ccc1-2.CCCCCC(=O)O.C#Cc1ccc(OCCC)cc1>>CCCCCc1ccc2c(c1)C(=O)N(C)Cc1c(C(=O)OCC)ncn1-2
plate_4,C#Cc1ncccn1,0.0,plate_4_4,CCOC(=O)c1ncn2c1CN(C)C(=O)c1cc(Br)ccc1-2.CCCCCC(=O)O.C#Cc1ncccn1>>CCCCCc1ccc2c(c1)C(=O)N(C)Cc1c(C(=O)OCC)ncn1-2
plate_4,C(=N/Nc1ccc2ccccc2n1)\c1ccccn1,0.0,plate_4_656,CCOC(=O)c1ncn2c1CN(C)C(=O)c1cc(Br)ccc1-2.CCCCCC(=O)O.C(=N/Nc1ccc2ccccc2n1)\c1ccccn1>>CCCCCc1ccc2c(c1)C(=O)N(C)Cc1c(C(=O)OCC)ncn1-2
plate_4,C/C(=N\O)c1ccccc1,4336.91196,plate_4_18,CCOC(=O)c1ncn2c1CN(C)C(=O)c1cc(Br)ccc1-2.CCCCCC(=O)O.C/C(=N\O)c1ccccc1>>CCCCCc1ccc2c(c1)C(=O)N(C)Cc1c(C(=O)OCC)ncn1-2
plate_4,C/C=C/C(=O)OC,17968.95744,plate_4_19,CCOC(=O)c1ncn2c1CN(C)C(=O)c1cc(Br)ccc1-2.CCCCCC(=O)O.C/C=C/C(=O)OC>>CCCCCc1ccc2c(c1)C(=O)N(C)Cc1c(C(=O)OCC)ncn1-2
plate_4,C/C=C/C=C/C(=O)OC,13898.21287,plate_4_20,CCOC(=O)c1ncn2c1CN(C)C(=O)c1cc(Br)ccc1-2.CCCCCC(=O)O.C/C=C/C=C/C(=O)OC>>CCCCCc1ccc2c(c1)C(=O)N(C)Cc1c(C(=O)OCC)ncn1-2
plate_4,C/N=C/c1ccccc1,12720.34513,plate_4_21,CCOC(=O)c1ncn2c1CN(C)C(=O)c1cc(Br)ccc1-2.CCCCCC(=O)O.C/N=C/c1ccccc1>>CCCCCc1ccc2c(c1)C(=O)N(C)Cc1c(C(=O)OCC)ncn1-2
plate_4,C=C(C)CCCCC,14022.99567,plate_4_211,CCOC(=O)c1ncn2c1CN(C)C(=O)c1cc(Br)ccc1-2.CCCCCC(=O)O.C=C(C)CCCCC>>CCCCCc1ccc2c(c1)C(=O)N(C)Cc1c(C(=O)OCC)ncn1-2
plate_4,C=CCCC(=O)OC,14193.15029,plate_4_330,CCOC(=O)c1ncn2c1CN(C)C(=O)c1cc(Br)ccc1-2.CCCCCC(=O)O.C=CCCC(=O)OC>>CCCCCc1ccc2c(c1)C(=O)N(C)Cc1c(C(=O)OCC)ncn1-2
plate_4,C=CCCCCCC,11739.10098,plate_4_214,CCOC(=O)c1ncn2c1CN(C)C(=O)c1cc(Br)ccc1-2.CCCCCC(=O)O.C=CCCCCCC>>CCCCCc1ccc2c(c1)C(=O)N(C)Cc1c(C(=O)OCC)ncn1-2
plate_4,C=CCNC(N)=O,16659.98399,plate_4_77,CCOC(=O)c1ncn2c1CN(C)C(=O)c1cc(Br)ccc1-2.CCCCCC(=O)O.C=CCNC(N)=O>>CCCCCc1ccc2c(c1)C(=O)N(C)Cc1c(C(=O)OCC)ncn1-2
plate_4,C=CCOCc1ccccc1,13923.87368,plate_4_78,CCOC(=O)c1ncn2c1CN(C)C(=O)c1cc(Br)ccc1-2.CCCCCC(=O)O.C=CCOCc1ccccc1>>CCCCCc1ccc2c(c1)C(=O)N(C)Cc1c(C(=O)OCC)ncn1-2
plate_4,C=CCc1ccccc1,12681.90753,plate_4_79,CCOC(=O)c1ncn2c1CN(C)C(=O)c1cc(Br)ccc1-2.CCCCCC(=O)O.C=CCc1ccccc1>>CCCCCc1ccc2c(c1)C(=O)N(C)Cc1c(C(=O)OCC)ncn1-2
plate_4,C=CCc1ccccc1C(=O)O,17220.65283,plate_4_80,CCOC(=O)c1ncn2c1CN(C)C(=O)c1cc(Br)ccc1-2.CCCCCC(=O)O.C=CCc1ccccc1C(=O)O>>CCCCCc1ccc2c(c1)C(=O)N(C)Cc1c(C(=O)OCC)ncn1-2
plate_4,C=CCn1ccnc1,9115.14886,plate_4_81,CCOC(=O)c1ncn2c1CN(C)C(=O)c1cc(Br)ccc1-2.CCCCCC(=O)O.C=CCn1ccnc1>>CCCCCc1ccc2c(c1)C(=O)N(C)Cc1c(C(=O)OCC)ncn1-2
plate_4,C=C[C@H]1CN2CC[C@H]1C[C@@H]2[C@@H](O)c1ccnc2ccccc12,10197.52238,plate_4_82,CCOC(=O)c1ncn2c1CN(C)C(=O)c1cc(Br)ccc1-2.CCCCCC(=O)O.C=C[C@H]1CN2CC[C@H]1C[C@@H]2[C@@H](O)c1ccnc2ccccc12>>CCCCCc1ccc2c(c1)C(=O)N(C)Cc1c(C(=O)OCC)ncn1-2
plate_4,C=Cc1ccc2ccccc2c1,11044.5559,plate_4_83,CCOC(=O)c1ncn2c1CN(C)C(=O)c1cc(Br)ccc1-2.CCCCCC(=O)O.C=Cc1ccc2ccccc2c1>>CCCCCc1ccc2c(c1)C(=O)N(C)Cc1c(C(=O)OCC)ncn1-2
plate_4,C=Cc1ccccn1,12426.24901,plate_4_84,CCOC(=O)c1ncn2c1CN(C)C(=O)c1cc(Br)ccc1-2.CCCCCC(=O)O.C=Cc1ccccn1>>CCCCCc1ccc2c(c1)C(=O)N(C)Cc1c(C(=O)OCC)ncn1-2
plate_4,C=Cc1cnccn1,7928.00094,plate_4_85,CCOC(=O)c1ncn2c1CN(C)C(=O)c1cc(Br)ccc1-2.CCCCCC(=O)O.C=Cc1cnccn1>>CCCCCc1ccc2c(c1)C(=O)N(C)Cc1c(C(=O)OCC)ncn1-2
plate_4,CC#Cc1ccccc1,11406.6632,plate_4_86,CCOC(=O)c1ncn2c1CN(C)C(=O)c1cc(Br)ccc1-2.CCCCCC(=O)O.CC#Cc1ccccc1>>CCCCCc1ccc2c(c1)C(=O)N(C)Cc1c(C(=O)OCC)ncn1-2
plate_4,CC(=O)/C=C(/C)N1CCCC1,12616.76271,plate_4_17,CCOC(=O)c1ncn2c1CN(C)C(=O)c1cc(Br)ccc1-2.CCCCCC(=O)O.CC(=O)/C=C(/C)N1CCCC1>>CCCCCc1ccc2c(c1)C(=O)N(C)Cc1c(C(=O)OCC)ncn1-2
plate_4,CC(=O)C(=O)N1CCCCC1,9874.10108,plate_4_87,CCOC(=O)c1ncn2c1CN(C)C(=O)c1cc(Br)ccc1-2.CCCCCC(=O)O.CC(=O)C(=O)N1CCCCC1>>CCCCCc1ccc2c(c1)C(=O)N(C)Cc1c(C(=O)OCC)ncn1-2
plate_4,CC(=O)C(=O)c1ccccc1,5496.09859,plate_4_89,CCOC(=O)c1ncn2c1CN(C)C(=O)c1cc(Br)ccc1-2.CCCCCC(=O)O.CC(=O)C(=O)c1ccccc1>>CCCCCc1ccc2c(c1)C(=O)N(C)Cc1c(C(=O)OCC)ncn1-2
plate_4,CC(=O)C(C(C)=O)c1ccccc1,0.0,plate_4_91,CCOC(=O)c1ncn2c1CN(C)C(=O)c1cc(Br)ccc1-2.CCCCCC(=O)O.CC(=O)C(C(C)=O)c1ccccc1>>CCCCCc1ccc2c(c1)C(=O)N(C)Cc1c(C(=O)OCC)ncn1-2
plate_4,CC(=O)C(C)(C)O,14163.85965,plate_4_90,CCOC(=O)c1ncn2c1CN(C)C(=O)c1cc(Br)ccc1-2.CCCCCC(=O)O.CC(=O)C(C)(C)O>>CCCCCc1ccc2c(c1)C(=O)N(C)Cc1c(C(=O)OCC)ncn1-2
plate_4,CC(=O)C1CCCC1=O,5149.12626,plate_4_92,CCOC(=O)c1ncn2c1CN(C)C(=O)c1cc(Br)ccc1-2.CCCCCC(=O)O.CC(=O)C1CCCC1=O>>CCCCCc1ccc2c(c1)C(=O)N(C)Cc1c(C(=O)OCC)ncn1-2
plate_4,CC(=O)C1CCCCC1,11151.08969,plate_4_93,CCOC(=O)c1ncn2c1CN(C)C(=O)c1cc(Br)ccc1-2.CCCCCC(=O)O.CC(=O)C1CCCCC1>>CCCCCc1ccc2c(c1)C(=O)N(C)Cc1c(C(=O)OCC)ncn1-2
plate_4,CC(=O)C1CCCCC1=O,7441.06995,plate_4_94,CCOC(=O)c1ncn2c1CN(C)C(=O)c1cc(Br)ccc1-2.CCCCCC(=O)O.CC(=O)C1CCCCC1=O>>CCCCCc1ccc2c(c1)C(=O)N(C)Cc1c(C(=O)OCC)ncn1-2
plate_4,CC(=O)C1CCN(C)C1=O,0.0,plate_4_95,CCOC(=O)c1ncn2c1CN(C)C(=O)c1cc(Br)ccc1-2.CCCCCC(=O)O.CC(=O)C1CCN(C)C1=O>>CCCCCc1ccc2c(c1)C(=O)N(C)Cc1c(C(=O)OCC)ncn1-2
plate_4,CC(=O)CC(=O)N(C)C,6602.90046,plate_4_98,CCOC(=O)c1ncn2c1CN(C)C(=O)c1cc(Br)ccc1-2.CCCCCC(=O)O.CC(=O)CC(=O)N(C)C>>CCCCCc1ccc2c(c1)C(=O)N(C)Cc1c(C(=O)OCC)ncn1-2
plate_4,CC(=O)CC(=O)Nc1ccccc1,7088.48671,plate_4_99,CCOC(=O)c1ncn2c1CN(C)C(=O)c1cc(Br)ccc1-2.CCCCCC(=O)O.CC(=O)CC(=O)Nc1ccccc1>>CCCCCc1ccc2c(c1)C(=O)N(C)Cc1c(C(=O)OCC)ncn1-2
plate_4,CC(=O)CC(=O)c1ccccc1,0.0,plate_4_100,CCOC(=O)c1ncn2c1CN(C)C(=O)c1cc(Br)ccc1-2.CCCCCC(=O)O.CC(=O)CC(=O)c1ccccc1>>CCCCCc1ccc2c(c1)C(=O)N(C)Cc1c(C(=O)OCC)ncn1-2
plate_4,CC(=O)CC(C)=O,13372.97841,plate_4_96,CCOC(=O)c1ncn2c1CN(C)C(=O)c1cc(Br)ccc1-2.CCCCCC(=O)O.CC(=O)CC(C)=O>>CCCCCc1ccc2c(c1)C(=O)N(C)Cc1c(C(=O)OCC)ncn1-2
plate_4,CC(=O)CC(N)=O,5281.7429,plate_4_97,CCOC(=O)c1ncn2c1CN(C)C(=O)c1cc(Br)ccc1-2.CCCCCC(=O)O.CC(=O)CC(N)=O>>CCCCCc1ccc2c(c1)C(=O)N(C)Cc1c(C(=O)OCC)ncn1-2
plate_4,CC(=O)CCC(C)=O,17205.09065,plate_4_101,CCOC(=O)c1ncn2c1CN(C)C(=O)c1cc(Br)ccc1-2.CCCCCC(=O)O.CC(=O)CCC(C)=O>>CCCCCc1ccc2c(c1)C(=O)N(C)Cc1c(C(=O)OCC)ncn1-2
plate_4,CC(=O)CCc1nc2ccccc2[nH]1,16598.76572,plate_4_102,CCOC(=O)c1ncn2c1CN(C)C(=O)c1cc(Br)ccc1-2.CCCCCC(=O)O.CC(=O)CCc1nc2ccccc2[nH]1>>CCCCCc1ccc2c(c1)C(=O)N(C)Cc1c(C(=O)OCC)ncn1-2
plate_4,CC(=O)CN(C)C,12354.48011,plate_4_103,CCOC(=O)c1ncn2c1CN(C)C(=O)c1cc(Br)ccc1-2.CCCCCC(=O)O.CC(=O)CN(C)C>>CCCCCc1ccc2c(c1)C(=O)N(C)Cc1c(C(=O)OCC)ncn1-2
plate_4,CC(=O)CNC(C)=O,16502.13965,plate_4_104,CCOC(=O)c1ncn2c1CN(C)C(=O)c1cc(Br)ccc1-2.CCCCCC(=O)O.CC(=O)CNC(C)=O>>CCCCCc1ccc2c(c1)C(=O)N(C)Cc1c(C(=O)OCC)ncn1-2
plate_4,CC(=O)COCc1ccccc1,11544.9324,plate_4_105,CCOC(=O)c1ncn2c1CN(C)C(=O)c1cc(Br)ccc1-2.CCCCCC(=O)O.CC(=O)COCc1ccccc1>>CCCCCc1ccc2c(c1)C(=O)N(C)Cc1c(C(=O)OCC)ncn1-2
plate_4,CC(=O)CS(C)(=O)=O,5621.44238,plate_4_106,CCOC(=O)c1ncn2c1CN(C)C(=O)c1cc(Br)ccc1-2.CCCCCC(=O)O.CC(=O)CS(C)(=O)=O>>CCCCCc1ccc2c(c1)C(=O)N(C)Cc1c(C(=O)OCC)ncn1-2
plate_4,CC(=O)Cc1ccco1,12617.51406,plate_4_108,CCOC(=O)c1ncn2c1CN(C)C(=O)c1cc(Br)ccc1-2.CCCCCC(=O)O.CC(=O)Cc1ccco1>>CCCCCc1ccc2c(c1)C(=O)N(C)Cc1c(C(=O)OCC)ncn1-2
plate_4,CC(=O)NC(C)C(=O)O,0.0,plate_4_148,CCOC(=O)c1ncn2c1CN(C)C(=O)c1cc(Br)ccc1-2.CCCCCC(=O)O.CC(=O)NC(C)C(=O)O>>CCCCCc1ccc2c(c1)C(=O)N(C)Cc1c(C(=O)OCC)ncn1-2
plate_4,CC(=O)NC(C)C(C)=O,11988.23453,plate_4_146,CCOC(=O)c1ncn2c1CN(C)C(=O)c1cc(Br)ccc1-2.CCCCCC(=O)O.CC(=O)NC(C)C(C)=O>>CCCCCc1ccc2c(c1)C(=O)N(C)Cc1c(C(=O)OCC)ncn1-2
plate_4,CC(=O)NCCO,16058.95034,plate_4_110,CCOC(=O)c1ncn2c1CN(C)C(=O)c1cc(Br)ccc1-2.CCCCCC(=O)O.CC(=O)NCCO>>CCCCCc1ccc2c(c1)C(=O)N(C)Cc1c(C(=O)OCC)ncn1-2
plate_4,CC(=O)NCc1ccccc1,13070.16626,plate_4_111,CCOC(=O)c1ncn2c1CN(C)C(=O)c1cc(Br)ccc1-2.CCCCCC(=O)O.CC(=O)NCc1ccccc1>>CCCCCc1ccc2c(c1)C(=O)N(C)Cc1c(C(=O)OCC)ncn1-2
plate_4,CC(=O)NNc1ccccc1,6762.28336,plate_4_112,CCOC(=O)c1ncn2c1CN(C)C(=O)c1cc(Br)ccc1-2.CCCCCC(=O)O.CC(=O)NNc1ccccc1>>CCCCCc1ccc2c(c1)C(=O)N(C)Cc1c(C(=O)OCC)ncn1-2
plate_4,CC(=O)Nc1cccc(C(=O)O)n1,1934.84882,plate_4_113,CCOC(=O)c1ncn2c1CN(C)C(=O)c1cc(Br)ccc1-2.CCCCCC(=O)O.CC(=O)Nc1cccc(C(=O)O)n1>>CCCCCc1ccc2c(c1)C(=O)N(C)Cc1c(C(=O)OCC)ncn1-2
plate_4,CC(=O)Nc1ccccc1,13820.44271,plate_4_114,CCOC(=O)c1ncn2c1CN(C)C(=O)c1cc(Br)ccc1-2.CCCCCC(=O)O.CC(=O)Nc1ccccc1>>CCCCCc1ccc2c(c1)C(=O)N(C)Cc1c(C(=O)OCC)ncn1-2
plate_4,CC(=O)Nc1ccccc1O,3210.00697,plate_4_115,CCOC(=O)c1ncn2c1CN(C)C(=O)c1cc(Br)ccc1-2.CCCCCC(=O)O.CC(=O)Nc1ccccc1O>>CCCCCc1ccc2c(c1)C(=O)N(C)Cc1c(C(=O)OCC)ncn1-2
plate_4,CC(=O)Nc1ccccn1,10808.60263,plate_4_117,CCOC(=O)c1ncn2c1CN(C)C(=O)c1cc(Br)ccc1-2.CCCCCC(=O)O.CC(=O)Nc1ccccn1>>CCCCCc1ccc2c(c1)C(=O)N(C)Cc1c(C(=O)OCC)ncn1-2
plate_4,CC(=O)Nc1nc(C)cs1,8665.09694,plate_4_439,CCOC(=O)c1ncn2c1CN(C)C(=O)c1cc(Br)ccc1-2.CCCCCC(=O)O.CC(=O)Nc1nc(C)cs1>>CCCCCc1ccc2c(c1)C(=O)N(C)Cc1c(C(=O)OCC)ncn1-2
plate_4,CC(=O)Nc1nccs1,6450.13997,plate_4_118,CCOC(=O)c1ncn2c1CN(C)C(=O)c1cc(Br)ccc1-2.CCCCCC(=O)O.CC(=O)Nc1nccs1>>CCCCCc1ccc2c(c1)C(=O)N(C)Cc1c(C(=O)OCC)ncn1-2
plate_4,CC(=O)OCCO,14155.18359,plate_4_119,CCOC(=O)c1ncn2c1CN(C)C(=O)c1cc(Br)ccc1-2.CCCCCC(=O)O.CC(=O)OCCO>>CCCCCc1ccc2c(c1)C(=O)N(C)Cc1c(C(=O)OCC)ncn1-2
plate_4,CC(=O)OCc1ccccn1,13516.77132,plate_4_120,CCOC(=O)c1ncn2c1CN(C)C(=O)c1cc(Br)ccc1-2.CCCCCC(=O)O.CC(=O)OCc1ccccn1>>CCCCCc1ccc2c(c1)C(=O)N(C)Cc1c(C(=O)OCC)ncn1-2
plate_4,CC(=O)Oc1ccccc1,13484.88736,plate_4_121,CCOC(=O)c1ncn2c1CN(C)C(=O)c1cc(Br)ccc1-2.CCCCCC(=O)O.CC(=O)Oc1ccccc1>>CCCCCc1ccc2c(c1)C(=O)N(C)Cc1c(C(=O)OCC)ncn1-2
plate_4,CC(=O)Oc1ccccc1C(=O)O,12959.32377,plate_4_122,CCOC(=O)c1ncn2c1CN(C)C(=O)c1cc(Br)ccc1-2.CCCCCC(=O)O.CC(=O)Oc1ccccc1C(=O)O>>CCCCCc1ccc2c(c1)C(=O)N(C)Cc1c(C(=O)OCC)ncn1-2
plate_4,CC(=O)c1[nH]c(=O)[nH]c1C,5398.51938,plate_4_420,CCOC(=O)c1ncn2c1CN(C)C(=O)c1cc(Br)ccc1-2.CCCCCC(=O)O.CC(=O)c1[nH]c(=O)[nH]c1C>>CCCCCc1ccc2c(c1)C(=O)N(C)Cc1c(C(=O)OCC)ncn1-2
plate_4,CC(=O)c1cc2ccccc2[nH]1,2362.03163,plate_4_125,CCOC(=O)c1ncn2c1CN(C)C(=O)c1cc(Br)ccc1-2.CCCCCC(=O)O.CC(=O)c1cc2ccccc2[nH]1>>CCCCCc1ccc2c(c1)C(=O)N(C)Cc1c(C(=O)OCC)ncn1-2
plate_4,CC(=O)c1cc2ccccc2o1,10530.86482,plate_4_126,CCOC(=O)c1ncn2c1CN(C)C(=O)c1cc(Br)ccc1-2.CCCCCC(=O)O.CC(=O)c1cc2ccccc2o1>>CCCCCc1ccc2c(c1)C(=O)N(C)Cc1c(C(=O)OCC)ncn1-2
plate_4,CC(=O)c1ccc(C(C)=O)s1,3035.40335,plate_4_129,CCOC(=O)c1ncn2c1CN(C)C(=O)c1cc(Br)ccc1-2.CCCCCC(=O)O.CC(=O)c1ccc(C(C)=O)s1>>CCCCCc1ccc2c(c1)C(=O)N(C)Cc1c(C(=O)OCC)ncn1-2
plate_4,CC(=O)c1ccc(C)o1,13644.64007,plate_4_432,CCOC(=O)c1ncn2c1CN(C)C(=O)c1cc(Br)ccc1-2.CCCCCC(=O)O.CC(=O)c1ccc(C)o1>>CCCCCc1ccc2c(c1)C(=O)N(C)Cc1c(C(=O)OCC)ncn1-2
plate_4,CC(=O)c1ccc(F)nc1,17754.8774,plate_4_128,CCOC(=O)c1ncn2c1CN(C)C(=O)c1cc(Br)ccc1-2.CCCCCC(=O)O.CC(=O)c1ccc(F)nc1>>CCCCCc1ccc2c(c1)C(=O)N(C)Cc1c(C(=O)OCC)ncn1-2
plate_4,CC(=O)c1ccc2ccccc2c1O,0.0,plate_4_130,CCOC(=O)c1ncn2c1CN(C)C(=O)c1cc(Br)ccc1-2.CCCCCC(=O)O.CC(=O)c1ccc2ccccc2c1O>>CCCCCc1ccc2c(c1)C(=O)N(C)Cc1c(C(=O)OCC)ncn1-2
plate_4,CC(=O)c1ccc2ccccc2n1,3584.80195,plate_4_131,CCOC(=O)c1ncn2c1CN(C)C(=O)c1cc(Br)ccc1-2.CCCCCC(=O)O.CC(=O)c1ccc2ccccc2n1>>CCCCCc1ccc2c(c1)C(=O)N(C)Cc1c(C(=O)OCC)ncn1-2
plate_4,CC(=O)c1ccc[nH]1,13011.90805,plate_4_132,CCOC(=O)c1ncn2c1CN(C)C(=O)c1cc(Br)ccc1-2.CCCCCC(=O)O.CC(=O)c1ccc[nH]1>>CCCCCc1ccc2c(c1)C(=O)N(C)Cc1c(C(=O)OCC)ncn1-2
plate_4,CC(=O)c1cccc(C(C)=O)n1,12587.1807,plate_4_133,CCOC(=O)c1ncn2c1CN(C)C(=O)c1cc(Br)ccc1-2.CCCCCC(=O)O.CC(=O)c1cccc(C(C)=O)n1>>CCCCCc1ccc2c(c1)C(=O)N(C)Cc1c(C(=O)OCC)ncn1-2
plate_4,CC(=O)c1ccccc1,10225.82572,plate_4_134,CCOC(=O)c1ncn2c1CN(C)C(=O)c1cc(Br)ccc1-2.CCCCCC(=O)O.CC(=O)c1ccccc1>>CCCCCc1ccc2c(c1)C(=O)N(C)Cc1c(C(=O)OCC)ncn1-2
plate_4,CC(=O)c1ccccc1-n1cccn1,14402.03406,plate_4_138,CCOC(=O)c1ncn2c1CN(C)C(=O)c1cc(Br)ccc1-2.CCCCCC(=O)O.CC(=O)c1ccccc1-n1cccn1>>CCCCCc1ccc2c(c1)C(=O)N(C)Cc1c(C(=O)OCC)ncn1-2
plate_4,CC(=O)c1ccccc1C(=O)O,13445.738005,plate_4_135,CCOC(=O)c1ncn2c1CN(C)C(=O)c1cc(Br)ccc1-2.CCCCCC(=O)O.CC(=O)c1ccccc1C(=O)O>>CCCCCc1ccc2c(c1)C(=O)N(C)Cc1c(C(=O)OCC)ncn1-2
plate_4,CC(=O)c1ccccc1O,2258.10072,plate_4_136,CCOC(=O)c1ncn2c1CN(C)C(=O)c1cc(Br)ccc1-2.CCCCCC(=O)O.CC(=O)c1ccccc1O>>CCCCCc1ccc2c(c1)C(=O)N(C)Cc1c(C(=O)OCC)ncn1-2
plate_4,CC(=O)c1ccccc1[N+](=O)[O-],0.0,plate_4_137,CCOC(=O)c1ncn2c1CN(C)C(=O)c1cc(Br)ccc1-2.CCCCCC(=O)O.CC(=O)c1ccccc1[N+](=O)[O-]>>CCCCCc1ccc2c(c1)C(=O)N(C)Cc1c(C(=O)OCC)ncn1-2
plate_4,CC(=O)c1ccccn1,11088.03111,plate_4_139,CCOC(=O)c1ncn2c1CN(C)C(=O)c1cc(Br)ccc1-2.CCCCCC(=O)O.CC(=O)c1ccccn1>>CCCCCc1ccc2c(c1)C(=O)N(C)Cc1c(C(=O)OCC)ncn1-2
plate_4,CC(=O)c1cccn1C,13479.96311,plate_4_140,CCOC(=O)c1ncn2c1CN(C)C(=O)c1cc(Br)ccc1-2.CCCCCC(=O)O.CC(=O)c1cccn1C>>CCCCCc1ccc2c(c1)C(=O)N(C)Cc1c(C(=O)OCC)ncn1-2
plate_4,CC(=O)c1ccco1,12359.72695,plate_4_141,CCOC(=O)c1ncn2c1CN(C)C(=O)c1cc(Br)ccc1-2.CCCCCC(=O)O.CC(=O)c1ccco1>>CCCCCc1ccc2c(c1)C(=O)N(C)Cc1c(C(=O)OCC)ncn1-2
plate_4,CC(=O)c1cccs1,12765.9368,plate_4_142,CCOC(=O)c1ncn2c1CN(C)C(=O)c1cc(Br)ccc1-2.CCCCCC(=O)O.CC(=O)c1cccs1>>CCCCCc1ccc2c(c1)C(=O)N(C)Cc1c(C(=O)OCC)ncn1-2
plate_4,CC(=O)c1cnc(-c2ccccc2)s1,11262.87188,plate_4_143,CCOC(=O)c1ncn2c1CN(C)C(=O)c1cc(Br)ccc1-2.CCCCCC(=O)O.CC(=O)c1cnc(-c2ccccc2)s1>>CCCCCc1ccc2c(c1)C(=O)N(C)Cc1c(C(=O)OCC)ncn1-2
plate_4,CC(=O)c1cncs1,12358.86451,plate_4_144,CCOC(=O)c1ncn2c1CN(C)C(=O)c1cc(Br)ccc1-2.CCCCCC(=O)O.CC(=O)c1cncs1>>CCCCCc1ccc2c(c1)C(=O)N(C)Cc1c(C(=O)OCC)ncn1-2
plate_4,CC(=O)c1cocn1,9883.31991,plate_4_145,CCOC(=O)c1ncn2c1CN(C)C(=O)c1cc(Br)ccc1-2.CCCCCC(=O)O.CC(=O)c1cocn1>>CCCCCc1ccc2c(c1)C(=O)N(C)Cc1c(C(=O)OCC)ncn1-2
plate_4,CC(=O)c1nc(-c2ccccc2)c[nH]1,1114.98846,plate_4_123,CCOC(=O)c1ncn2c1CN(C)C(=O)c1cc(Br)ccc1-2.CCCCCC(=O)O.CC(=O)c1nc(-c2ccccc2)c[nH]1>>CCCCCc1ccc2c(c1)C(=O)N(C)Cc1c(C(=O)OCC)ncn1-2
plate_4,CC(=O)c1ncc[nH]1,7721.09744,plate_4_124,CCOC(=O)c1ncn2c1CN(C)C(=O)c1cc(Br)ccc1-2.CCCCCC(=O)O.CC(=O)c1ncc[nH]1>>CCCCCc1ccc2c(c1)C(=O)N(C)Cc1c(C(=O)OCC)ncn1-2
plate_4,CC(=O)c1noc(C)n1,17628.21877,plate_4_443,CCOC(=O)c1ncn2c1CN(C)C(=O)c1cc(Br)ccc1-2.CCCCCC(=O)O.CC(=O)c1noc(C)n1>>CCCCCc1ccc2c(c1)C(=O)N(C)Cc1c(C(=O)OCC)ncn1-2
plate_4,CC(C)(C)C(=O)CC(=O)C(C)(C)C,9910.25633,plate_4_153,CCOC(=O)c1ncn2c1CN(C)C(=O)c1cc(Br)ccc1-2.CCCCCC(=O)O.CC(C)(C)C(=O)CC(=O)C(C)(C)C>>CCCCCc1ccc2c(c1)C(=O)N(C)Cc1c(C(=O)OCC)ncn1-2
plate_4,CC(C)(C)C(=O)Nc1ncccc1O,412.64936,plate_4_154,CCOC(=O)c1ncn2c1CN(C)C(=O)c1cc(Br)ccc1-2.CCCCCC(=O)O.CC(C)(C)C(=O)Nc1ncccc1O>>CCCCCc1ccc2c(c1)C(=O)N(C)Cc1c(C(=O)OCC)ncn1-2
plate_4,CC(C)(C)OC(=O)NC1CCCc2cn[nH]c21,13351.12581,plate_4_155,CCOC(=O)c1ncn2c1CN(C)C(=O)c1cc(Br)ccc1-2.CCCCCC(=O)O.CC(C)(C)OC(=O)NC1CCCc2cn[nH]c21>>CCCCCc1ccc2c(c1)C(=O)N(C)Cc1c(C(=O)OCC)ncn1-2
plate_4,CC(C)(C)OC(=O)NCc1ncc[nH]1,18347.40952,plate_4_156,CCOC(=O)c1ncn2c1CN(C)C(=O)c1cc(Br)ccc1-2.CCCCCC(=O)O.CC(C)(C)OC(=O)NCc1ncc[nH]1>>CCCCCc1ccc2c(c1)C(=O)N(C)Cc1c(C(=O)OCC)ncn1-2
plate_4,CC(C)(C)[S@](=O)/N=C/c1cnc[nH]1,2234.37103,plate_4_157,CCOC(=O)c1ncn2c1CN(C)C(=O)c1cc(Br)ccc1-2.CCCCCC(=O)O.CC(C)(C)[S@](=O)/N=C/c1cnc[nH]1>>CCCCCc1ccc2c(c1)C(=O)N(C)Cc1c(C(=O)OCC)ncn1-2
plate_4,CC(C)(CO)C(=O)O,6569.95388,plate_4_160,CCOC(=O)c1ncn2c1CN(C)C(=O)c1cc(Br)ccc1-2.CCCCCC(=O)O.CC(C)(CO)C(=O)O>>CCCCCc1ccc2c(c1)C(=O)N(C)Cc1c(C(=O)OCC)ncn1-2
plate_4,CC(C)(CO)CO,16698.53886,plate_4_161,CCOC(=O)c1ncn2c1CN(C)C(=O)c1cc(Br)ccc1-2.CCCCCC(=O)O.CC(C)(CO)CO>>CCCCCc1ccc2c(c1)C(=O)N(C)Cc1c(C(=O)OCC)ncn1-2
plate_4,CC(C)(F)C(=O)O,12800.74311,plate_4_150,CCOC(=O)c1ncn2c1CN(C)C(=O)c1cc(Br)ccc1-2.CCCCCC(=O)O.CC(C)(F)C(=O)O>>CCCCCc1ccc2c(c1)C(=O)N(C)Cc1c(C(=O)OCC)ncn1-2
plate_4,CC(C)(O)C(=O)c1ccccc1,14330.96108,plate_4_151,CCOC(=O)c1ncn2c1CN(C)C(=O)c1cc(Br)ccc1-2.CCCCCC(=O)O.CC(C)(O)C(=O)c1ccccc1>>CCCCCc1ccc2c(c1)C(=O)N(C)Cc1c(C(=O)OCC)ncn1-2
plate_4,CC(C)(O)C(N)=O,6790.26719,plate_4_149,CCOC(=O)c1ncn2c1CN(C)C(=O)c1cc(Br)ccc1-2.CCCCCC(=O)O.CC(C)(O)C(N)=O>>CCCCCc1ccc2c(c1)C(=O)N(C)Cc1c(C(=O)OCC)ncn1-2
plate_4,CC(C)(O)CCO,13398.60817,plate_4_158,CCOC(=O)c1ncn2c1CN(C)C(=O)c1cc(Br)ccc1-2.CCCCCC(=O)O.CC(C)(O)CCO>>CCCCCc1ccc2c(c1)C(=O)N(C)Cc1c(C(=O)OCC)ncn1-2
plate_4,CC(C)(O)Cc1ccccc1,13400.1431,plate_4_164,CCOC(=O)c1ncn2c1CN(C)C(=O)c1cc(Br)ccc1-2.CCCCCC(=O)O.CC(C)(O)Cc1ccccc1>>CCCCCc1ccc2c(c1)C(=O)N(C)Cc1c(C(=O)OCC)ncn1-2
plate_4,CC(C)(O)c1ccccc1,11388.01987,plate_4_165,CCOC(=O)c1ncn2c1CN(C)C(=O)c1cc(Br)ccc1-2.CCCCCC(=O)O.CC(C)(O)c1ccccc1>>CCCCCc1ccc2c(c1)C(=O)N(C)Cc1c(C(=O)OCC)ncn1-2
plate_4,CC(C)(O)c1ccccc1O,4785.14652,plate_4_166,CCOC(=O)c1ncn2c1CN(C)C(=O)c1cc(Br)ccc1-2.CCCCCC(=O)O.CC(C)(O)c1ccccc1O>>CCCCCc1ccc2c(c1)C(=O)N(C)Cc1c(C(=O)OCC)ncn1-2
plate_4,CC(C)C(=O)CC(=O)C(C)C,11463.16346,plate_4_167,CCOC(=O)c1ncn2c1CN(C)C(=O)c1cc(Br)ccc1-2.CCCCCC(=O)O.CC(C)C(=O)CC(=O)C(C)C>>CCCCCc1ccc2c(c1)C(=O)N(C)Cc1c(C(=O)OCC)ncn1-2
plate_4,CC(C)NC(=S)NC(C)C,4225.39253,plate_4_168,CCOC(=O)c1ncn2c1CN(C)C(=O)c1cc(Br)ccc1-2.CCCCCC(=O)O.CC(C)NC(=S)NC(C)C>>CCCCCc1ccc2c(c1)C(=O)N(C)Cc1c(C(=O)OCC)ncn1-2
plate_4,CC(O)(c1cccnc1)C(C)(O)c1cccnc1,13244.22588,plate_4_176,CCOC(=O)c1ncn2c1CN(C)C(=O)c1cc(Br)ccc1-2.CCCCCC(=O)O.CC(O)(c1cccnc1)C(C)(O)c1cccnc1>>CCCCCc1ccc2c(c1)C(=O)N(C)Cc1c(C(=O)OCC)ncn1-2
plate_4,CC(O)CCCO,14315.96131,plate_4_169,CCOC(=O)c1ncn2c1CN(C)C(=O)c1cc(Br)ccc1-2.CCCCCC(=O)O.CC(O)CCCO>>CCCCCc1ccc2c(c1)C(=O)N(C)Cc1c(C(=O)OCC)ncn1-2
plate_4,CC(O)CN(C)C,12374.4033,plate_4_170,CCOC(=O)c1ncn2c1CN(C)C(=O)c1cc(Br)ccc1-2.CCCCCC(=O)O.CC(O)CN(C)C>>CCCCCc1ccc2c(c1)C(=O)N(C)Cc1c(C(=O)OCC)ncn1-2
plate_4,CC(O)COc1ccccc1,13410.55519,plate_4_171,CCOC(=O)c1ncn2c1CN(C)C(=O)c1cc(Br)ccc1-2.CCCCCC(=O)O.CC(O)COc1ccccc1>>CCCCCc1ccc2c(c1)C(=O)N(C)Cc1c(C(=O)OCC)ncn1-2
plate_4,CC(O)Cc1ccccc1,11996.91046,plate_4_172,CCOC(=O)c1ncn2c1CN(C)C(=O)c1cc(Br)ccc1-2.CCCCCC(=O)O.CC(O)Cc1ccccc1>>CCCCCc1ccc2c(c1)C(=O)N(C)Cc1c(C(=O)OCC)ncn1-2
plate_4,CC(O)c1ccccc1,10708.99322,plate_4_174,CCOC(=O)c1ncn2c1CN(C)C(=O)c1cc(Br)ccc1-2.CCCCCC(=O)O.CC(O)c1ccccc1>>CCCCCc1ccc2c(c1)C(=O)N(C)Cc1c(C(=O)OCC)ncn1-2
plate_4,CC(O)c1ccccn1,12278.04367,plate_4_175,CCOC(=O)c1ncn2c1CN(C)C(=O)c1cc(Br)ccc1-2.CCCCCC(=O)O.CC(O)c1ccccn1>>CCCCCc1ccc2c(c1)C(=O)N(C)Cc1c(C(=O)OCC)ncn1-2
plate_4,CC(O)c1ccco1,11028.01967,plate_4_177,CCOC(=O)c1ncn2c1CN(C)C(=O)c1cc(Br)ccc1-2.CCCCCC(=O)O.CC(O)c1ccco1>>CCCCCc1ccc2c(c1)C(=O)N(C)Cc1c(C(=O)OCC)ncn1-2
plate_4,CC(O)c1nc2ccccc2[nH]1,11190.84671,plate_4_173,CCOC(=O)c1ncn2c1CN(C)C(=O)c1cc(Br)ccc1-2.CCCCCC(=O)O.CC(O)c1nc2ccccc2[nH]1>>CCCCCc1ccc2c(c1)C(=O)N(C)Cc1c(C(=O)OCC)ncn1-2
plate_4,CC(O)c1nc2ccccc2s1,9112.21009,plate_4_178,CCOC(=O)c1ncn2c1CN(C)C(=O)c1cc(Br)ccc1-2.CCCCCC(=O)O.CC(O)c1nc2ccccc2s1>>CCCCCc1ccc2c(c1)C(=O)N(C)Cc1c(C(=O)OCC)ncn1-2
plate_4,CC/N=C/c1ccccc1,11325.56491,plate_4_179,CCOC(=O)c1ncn2c1CN(C)C(=O)c1cc(Br)ccc1-2.CCCCCC(=O)O.CC/N=C/c1ccccc1>>CCCCCc1ccc2c(c1)C(=O)N(C)Cc1c(C(=O)OCC)ncn1-2
plate_4,CC1(C)C(=O)Nc2ccccc21,15236.80061,plate_4_187,CCOC(=O)c1ncn2c1CN(C)C(=O)c1cc(Br)ccc1-2.CCCCCC(=O)O.CC1(C)C(=O)Nc2ccccc21>>CCCCCc1ccc2c(c1)C(=O)N(C)Cc1c(C(=O)OCC)ncn1-2
plate_4,CC1(C)CCCC(C)(C)C1=O,12561.47751,plate_4_182,CCOC(=O)c1ncn2c1CN(C)C(=O)c1cc(Br)ccc1-2.CCCCCC(=O)O.CC1(C)CCCC(C)(C)C1=O>>CCCCCc1ccc2c(c1)C(=O)N(C)Cc1c(C(=O)OCC)ncn1-2
plate_4,CC1(C)COC(=O)N1,14232.32238,plate_4_184,CCOC(=O)c1ncn2c1CN(C)C(=O)c1cc(Br)ccc1-2.CCCCCC(=O)O.CC1(C)COC(=O)N1>>CCCCCc1ccc2c(c1)C(=O)N(C)Cc1c(C(=O)OCC)ncn1-2
plate_4,CC1(C)NC(=O)NC1=O,39704.70476,plate_4_180,CCOC(=O)c1ncn2c1CN(C)C(=O)c1cc(Br)ccc1-2.CCCCCC(=O)O.CC1(C)NC(=O)NC1=O>>CCCCCc1ccc2c(c1)C(=O)N(C)Cc1c(C(=O)OCC)ncn1-2
plate_4,CC1(C)O[C@@H](C(=O)O)[C@H](C(=O)O)O1,7957.14447,plate_4_186,CCOC(=O)c1ncn2c1CN(C)C(=O)c1cc(Br)ccc1-2.CCCCCC(=O)O.CC1(C)O[C@@H](C(=O)O)[C@H](C(=O)O)O1>>CCCCCc1ccc2c(c1)C(=O)N(C)Cc1c(C(=O)OCC)ncn1-2
plate_4,CC1(C)O[C@H](CO)[C@@H](CO)O1,18115.89413,plate_4_185,CCOC(=O)c1ncn2c1CN(C)C(=O)c1cc(Br)ccc1-2.CCCCCC(=O)O.CC1(C)O[C@H](CO)[C@@H](CO)O1>>CCCCCc1ccc2c(c1)C(=O)N(C)Cc1c(C(=O)OCC)ncn1-2
plate_4,CC1(C)Oc2ccccc2NC1=O,15521.77146,plate_4_181,CCOC(=O)c1ncn2c1CN(C)C(=O)c1cc(Br)ccc1-2.CCCCCC(=O)O.CC1(C)Oc2ccccc2NC1=O>>CCCCCc1ccc2c(c1)C(=O)N(C)Cc1c(C(=O)OCC)ncn1-2
plate_4,CC1(O)CCCCC1,13695.36955,plate_4_183,CCOC(=O)c1ncn2c1CN(C)C(=O)c1cc(Br)ccc1-2.CCCCCC(=O)O.CC1(O)CCCCC1>>CCCCCc1ccc2c(c1)C(=O)N(C)Cc1c(C(=O)OCC)ncn1-2
plate_4,CC1=CC(=O)CCC1,13253.07578,plate_4_188,CCOC(=O)c1ncn2c1CN(C)C(=O)c1cc(Br)ccc1-2.CCCCCC(=O)O.CC1=CC(=O)CCC1>>CCCCCc1ccc2c(c1)C(=O)N(C)Cc1c(C(=O)OCC)ncn1-2
plate_4,CC1C=NNC1=O,3026.87174,plate_4_190,CCOC(=O)c1ncn2c1CN(C)C(=O)c1cc(Br)ccc1-2.CCCCCC(=O)O.CC1C=NNC1=O>>CCCCCc1ccc2c(c1)C(=O)N(C)Cc1c(C(=O)OCC)ncn1-2
plate_4,CC1CC(=O)OC(=O)C1,11354.91016,plate_4_192,CCOC(=O)c1ncn2c1CN(C)C(=O)c1cc(Br)ccc1-2.CCCCCC(=O)O.CC1CC(=O)OC(=O)C1>>CCCCCc1ccc2c(c1)C(=O)N(C)Cc1c(C(=O)OCC)ncn1-2
plate_4,CC1CC(O)=CC(=O)O1,10405.91888,plate_4_191,CCOC(=O)c1ncn2c1CN(C)C(=O)c1cc(Br)ccc1-2.CCCCCC(=O)O.CC1CC(O)=CC(=O)O1>>CCCCCc1ccc2c(c1)C(=O)N(C)Cc1c(C(=O)OCC)ncn1-2
plate_4,CC1CCC(=O)N1,13650.92693,plate_4_193,CCOC(=O)c1ncn2c1CN(C)C(=O)c1cc(Br)ccc1-2.CCCCCC(=O)O.CC1CCC(=O)N1>>CCCCCc1ccc2c(c1)C(=O)N(C)Cc1c(C(=O)OCC)ncn1-2
plate_4,CC1CCC(=O)O1,12274.95085,plate_4_194,CCOC(=O)c1ncn2c1CN(C)C(=O)c1cc(Br)ccc1-2.CCCCCC(=O)O.CC1CCC(=O)O1>>CCCCCc1ccc2c(c1)C(=O)N(C)Cc1c(C(=O)OCC)ncn1-2
plate_4,CC1CCOC1=O,12782.97934,plate_4_195,CCOC(=O)c1ncn2c1CN(C)C(=O)c1cc(Br)ccc1-2.CCCCCC(=O)O.CC1CCOC1=O>>CCCCCc1ccc2c(c1)C(=O)N(C)Cc1c(C(=O)OCC)ncn1-2
plate_4,CC1NC(=O)C(=O)OC1C,10240.50712,plate_4_189,CCOC(=O)c1ncn2c1CN(C)C(=O)c1cc(Br)ccc1-2.CCCCCC(=O)O.CC1NC(=O)C(=O)OC1C>>CCCCCc1ccc2c(c1)C(=O)N(C)Cc1c(C(=O)OCC)ncn1-2
plate_4,CCC(=O)N(C)C,13731.79372,plate_4_197,CCOC(=O)c1ncn2c1CN(C)C(=O)c1cc(Br)ccc1-2.CCCCCC(=O)O.CCC(=O)N(C)C>>CCCCCc1ccc2c(c1)C(=O)N(C)Cc1c(C(=O)OCC)ncn1-2
plate_4,CCC(=O)OC(C)(C)C,12518.9097,plate_4_199,CCOC(=O)c1ncn2c1CN(C)C(=O)c1cc(Br)ccc1-2.CCCCCC(=O)O.CCC(=O)OC(C)(C)C>>CCCCCc1ccc2c(c1)C(=O)N(C)Cc1c(C(=O)OCC)ncn1-2
plate_4,CCC(=O)c1ccc[nH]1,10004.89634,plate_4_200,CCOC(=O)c1ncn2c1CN(C)C(=O)c1cc(Br)ccc1-2.CCCCCC(=O)O.CCC(=O)c1ccc[nH]1>>CCCCCc1ccc2c(c1)C(=O)N(C)Cc1c(C(=O)OCC)ncn1-2
plate_4,CCC(O)c1ccco1,11070.17854,plate_4_201,CCOC(=O)c1ncn2c1CN(C)C(=O)c1cc(Br)ccc1-2.CCCCCC(=O)O.CCC(O)c1ccco1>>CCCCCc1ccc2c(c1)C(=O)N(C)Cc1c(C(=O)OCC)ncn1-2
plate_4,CCC/C(=N\O)C(C)=O,2496.21883,plate_4_202,CCOC(=O)c1ncn2c1CN(C)C(=O)c1cc(Br)ccc1-2.CCCCCC(=O)O.CCC/C(=N\O)C(C)=O>>CCCCCc1ccc2c(c1)C(=O)N(C)Cc1c(C(=O)OCC)ncn1-2
plate_4,CCCC#CCCC,11281.14746,plate_4_203,CCOC(=O)c1ncn2c1CN(C)C(=O)c1cc(Br)ccc1-2.CCCCCC(=O)O.CCCC#CCCC>>CCCCCc1ccc2c(c1)C(=O)N(C)Cc1c(C(=O)OCC)ncn1-2
plate_4,CCCC(=O)OCC,11860.06136,plate_4_204,CCOC(=O)c1ncn2c1CN(C)C(=O)c1cc(Br)ccc1-2.CCCCCC(=O)O.CCCC(=O)OCC>>CCCCCc1ccc2c(c1)C(=O)N(C)Cc1c(C(=O)OCC)ncn1-2
plate_4,CCCC(C)(C)O,12383.47386,plate_4_205,CCOC(=O)c1ncn2c1CN(C)C(=O)c1cc(Br)ccc1-2.CCCCCC(=O)O.CCCC(C)(C)O>>CCCCCc1ccc2c(c1)C(=O)N(C)Cc1c(C(=O)OCC)ncn1-2
plate_4,CCCC(O)CO,15817.14922,plate_4_206,CCOC(=O)c1ncn2c1CN(C)C(=O)c1cc(Br)ccc1-2.CCCCCC(=O)O.CCCC(O)CO>>CCCCCc1ccc2c(c1)C(=O)N(C)Cc1c(C(=O)OCC)ncn1-2
plate_4,CCCCC(=O)NC,13499.76049,plate_4_208,CCOC(=O)c1ncn2c1CN(C)C(=O)c1cc(Br)ccc1-2.CCCCCC(=O)O.CCCCC(=O)NC>>CCCCCc1ccc2c(c1)C(=O)N(C)Cc1c(C(=O)OCC)ncn1-2
plate_4,CCCCC(=O)c1ccccc1,12302.928,plate_4_209,CCOC(=O)c1ncn2c1CN(C)C(=O)c1cc(Br)ccc1-2.CCCCCC(=O)O.CCCCC(=O)c1ccccc1>>CCCCCc1ccc2c(c1)C(=O)N(C)Cc1c(C(=O)OCC)ncn1-2
plate_4,CCCCC(N)=O,13645.2179,plate_4_207,CCOC(=O)c1ncn2c1CN(C)C(=O)c1cc(Br)ccc1-2.CCCCCC(=O)O.CCCCC(N)=O>>CCCCCc1ccc2c(c1)C(=O)N(C)Cc1c(C(=O)OCC)ncn1-2
plate_4,CCCCCC#N,11775.45463,plate_4_210,CCOC(=O)c1ncn2c1CN(C)C(=O)c1cc(Br)ccc1-2.CCCCCC(=O)O.CCCCCC#N>>CCCCCc1ccc2c(c1)C(=O)N(C)Cc1c(C(=O)OCC)ncn1-2
plate_4,CCCCCC(C)=O,11604.43415,plate_4_212,CCOC(=O)c1ncn2c1CN(C)C(=O)c1cc(Br)ccc1-2.CCCCCC(=O)O.CCCCCC(C)=O>>CCCCCc1ccc2c(c1)C(=O)N(C)Cc1c(C(=O)OCC)ncn1-2
plate_4,CCCCCCC(C)=O,10183.51352,plate_4_213,CCOC(=O)c1ncn2c1CN(C)C(=O)c1cc(Br)ccc1-2.CCCCCC(=O)O.CCCCCCC(C)=O>>CCCCCc1ccc2c(c1)C(=O)N(C)Cc1c(C(=O)OCC)ncn1-2
plate_4,CCCCNC(C)=O,13103.80855,plate_4_215,CCOC(=O)c1ncn2c1CN(C)C(=O)c1cc(Br)ccc1-2.CCCCCC(=O)O.CCCCNC(C)=O>>CCCCCc1ccc2c(c1)C(=O)N(C)Cc1c(C(=O)OCC)ncn1-2
plate_4,CCCCNC=O,14303.14196,plate_4_216,CCOC(=O)c1ncn2c1CN(C)C(=O)c1cc(Br)ccc1-2.CCCCCC(=O)O.CCCCNC=O>>CCCCCc1ccc2c(c1)C(=O)N(C)Cc1c(C(=O)OCC)ncn1-2
plate_4,CCCCOC(N)=O,15793.72022,plate_4_217,CCOC(=O)c1ncn2c1CN(C)C(=O)c1cc(Br)ccc1-2.CCCCCC(=O)O.CCCCOC(N)=O>>CCCCCc1ccc2c(c1)C(=O)N(C)Cc1c(C(=O)OCC)ncn1-2
plate_4,CCCCc1ccsc1,11994.76539,plate_4_218,CCOC(=O)c1ncn2c1CN(C)C(=O)c1cc(Br)ccc1-2.CCCCCC(=O)O.CCCCc1ccsc1>>CCCCCc1ccc2c(c1)C(=O)N(C)Cc1c(C(=O)OCC)ncn1-2
plate_4,CCCCn1ccnc1,8670.80915,plate_4_219,CCOC(=O)c1ncn2c1CN(C)C(=O)c1cc(Br)ccc1-2.CCCCCC(=O)O.CCCCn1ccnc1>>CCCCCc1ccc2c(c1)C(=O)N(C)Cc1c(C(=O)OCC)ncn1-2
plate_4,CCCNC(N)=O,16949.84434,plate_4_220,CCOC(=O)c1ncn2c1CN(C)C(=O)c1cc(Br)ccc1-2.CCCCCC(=O)O.CCCNC(N)=O>>CCCCCc1ccc2c(c1)C(=O)N(C)Cc1c(C(=O)OCC)ncn1-2
plate_4,CCCNS(C)(=O)=O,12540.94546,plate_4_221,CCOC(=O)c1ncn2c1CN(C)C(=O)c1cc(Br)ccc1-2.CCCCCC(=O)O.CCCNS(C)(=O)=O>>CCCCCc1ccc2c(c1)C(=O)N(C)Cc1c(C(=O)OCC)ncn1-2
plate_4,CCCc1ncc[nH]1,15130.02245,plate_4_223,CCOC(=O)c1ncn2c1CN(C)C(=O)c1cc(Br)ccc1-2.CCCCCC(=O)O.CCCc1ncc[nH]1>>CCCCCc1ccc2c(c1)C(=O)N(C)Cc1c(C(=O)OCC)ncn1-2
plate_4,CCN(C(C)C)C(C)C,10487.06394,plate_4_224,CCOC(=O)c1ncn2c1CN(C)C(=O)c1cc(Br)ccc1-2.CCCCCC(=O)O.CCN(C(C)C)C(C)C>>CCCCCc1ccc2c(c1)C(=O)N(C)Cc1c(C(=O)OCC)ncn1-2
plate_4,CCN(CC)C(=O)CO,11717.04327,plate_4_225,CCOC(=O)c1ncn2c1CN(C)C(=O)c1cc(Br)ccc1-2.CCCCCC(=O)O.CCN(CC)C(=O)CO>>CCCCCc1ccc2c(c1)C(=O)N(C)Cc1c(C(=O)OCC)ncn1-2
plate_4,CCN(CC)C(N)=O,13410.69728,plate_4_226,CCOC(=O)c1ncn2c1CN(C)C(=O)c1cc(Br)ccc1-2.CCCCCC(=O)O.CCN(CC)C(N)=O>>CCCCCc1ccc2c(c1)C(=O)N(C)Cc1c(C(=O)OCC)ncn1-2
plate_4,CCN(CC)CCCO,2328.73285,plate_4_227,CCOC(=O)c1ncn2c1CN(C)C(=O)c1cc(Br)ccc1-2.CCCCCC(=O)O.CCN(CC)CCCO>>CCCCCc1ccc2c(c1)C(=O)N(C)Cc1c(C(=O)OCC)ncn1-2
plate_4,CCN(CC)c1ccccc1,12112.32234,plate_4_228,CCOC(=O)c1ncn2c1CN(C)C(=O)c1cc(Br)ccc1-2.CCCCCC(=O)O.CCN(CC)c1ccccc1>>CCCCCc1ccc2c(c1)C(=O)N(C)Cc1c(C(=O)OCC)ncn1-2
plate_4,CCN1CCCC1=O,10219.61213,plate_4_229,CCOC(=O)c1ncn2c1CN(C)C(=O)c1cc(Br)ccc1-2.CCCCCC(=O)O.CCN1CCCC1=O>>CCCCCc1ccc2c(c1)C(=O)N(C)Cc1c(C(=O)OCC)ncn1-2
plate_4,CCN1CCNC(=O)C1=O,11086.44865,plate_4_230,CCOC(=O)c1ncn2c1CN(C)C(=O)c1cc(Br)ccc1-2.CCCCCC(=O)O.CCN1CCNC(=O)C1=O>>CCCCCc1ccc2c(c1)C(=O)N(C)Cc1c(C(=O)OCC)ncn1-2
plate_4,CCNC(=O)C(=O)NCC,13094.38735,plate_4_231,CCOC(=O)c1ncn2c1CN(C)C(=O)c1cc(Br)ccc1-2.CCCCCC(=O)O.CCNC(=O)C(=O)NCC>>CCCCCc1ccc2c(c1)C(=O)N(C)Cc1c(C(=O)OCC)ncn1-2
plate_4,CCNC(=O)OC,13170.74594,plate_4_232,CCOC(=O)c1ncn2c1CN(C)C(=O)c1cc(Br)ccc1-2.CCCCCC(=O)O.CCNC(=O)OC>>CCCCCc1ccc2c(c1)C(=O)N(C)Cc1c(C(=O)OCC)ncn1-2
plate_4,CCNC(=O)OCC,13810.89416,plate_4_233,CCOC(=O)c1ncn2c1CN(C)C(=O)c1cc(Br)ccc1-2.CCCCCC(=O)O.CCNC(=O)OCC>>CCCCCc1ccc2c(c1)C(=O)N(C)Cc1c(C(=O)OCC)ncn1-2
plate_4,CCOC(=N)C(=O)OCC,10142.3991,plate_4_234,CCOC(=O)c1ncn2c1CN(C)C(=O)c1cc(Br)ccc1-2.CCCCCC(=O)O.CCOC(=N)C(=O)OCC>>CCCCCc1ccc2c(c1)C(=O)N(C)Cc1c(C(=O)OCC)ncn1-2
plate_4,CCOC(=N)CCOC,18138.53413,plate_4_235,CCOC(=O)c1ncn2c1CN(C)C(=O)c1cc(Br)ccc1-2.CCCCCC(=O)O.CCOC(=N)CCOC>>CCCCCc1ccc2c(c1)C(=O)N(C)Cc1c(C(=O)OCC)ncn1-2
plate_4,CCOC(=O)/C(N)=N\O,3160.57793,plate_4_236,CCOC(=O)c1ncn2c1CN(C)C(=O)c1cc(Br)ccc1-2.CCCCCC(=O)O.CCOC(=O)/C(N)=N\O>>CCCCCc1ccc2c(c1)C(=O)N(C)Cc1c(C(=O)OCC)ncn1-2
plate_4,CCOC(=O)C(=O)C1CCCCC1,12215.31573,plate_4_238,CCOC(=O)c1ncn2c1CN(C)C(=O)c1cc(Br)ccc1-2.CCCCCC(=O)O.CCOC(=O)C(=O)C1CCCCC1>>CCCCCc1ccc2c(c1)C(=O)N(C)Cc1c(C(=O)OCC)ncn1-2
plate_4,CCOC(=O)C(=O)N(C)C,15242.65001,plate_4_240,CCOC(=O)c1ncn2c1CN(C)C(=O)c1cc(Br)ccc1-2.CCCCCC(=O)O.CCOC(=O)C(=O)N(C)C>>CCCCCc1ccc2c(c1)C(=O)N(C)Cc1c(C(=O)OCC)ncn1-2
plate_4,CCOC(=O)C(=O)Nc1ccccc1,12815.25074,plate_4_241,CCOC(=O)c1ncn2c1CN(C)C(=O)c1cc(Br)ccc1-2.CCCCCC(=O)O.CCOC(=O)C(=O)Nc1ccccc1>>CCCCCc1ccc2c(c1)C(=O)N(C)Cc1c(C(=O)OCC)ncn1-2
plate_4,CCOC(=O)C(=O)O,11234.19354,plate_4_242,CCOC(=O)c1ncn2c1CN(C)C(=O)c1cc(Br)ccc1-2.CCCCCC(=O)O.CCOC(=O)C(=O)O>>CCCCCc1ccc2c(c1)C(=O)N(C)Cc1c(C(=O)OCC)ncn1-2
plate_4,CCOC(=O)C(=O)OCC,12725.99654,plate_4_243,CCOC(=O)c1ncn2c1CN(C)C(=O)c1cc(Br)ccc1-2.CCCCCC(=O)O.CCOC(=O)C(=O)OCC>>CCCCCc1ccc2c(c1)C(=O)N(C)Cc1c(C(=O)OCC)ncn1-2
plate_4,CCOC(=O)C(C)=O,14903.42486,plate_4_237,CCOC(=O)c1ncn2c1CN(C)C(=O)c1cc(Br)ccc1-2.CCCCCC(=O)O.CCOC(=O)C(C)=O>>CCCCCc1ccc2c(c1)C(=O)N(C)Cc1c(C(=O)OCC)ncn1-2
plate_4,CCOC(=O)C(N)=O,13275.31624,plate_4_239,CCOC(=O)c1ncn2c1CN(C)C(=O)c1cc(Br)ccc1-2.CCCCCC(=O)O.CCOC(=O)C(N)=O>>CCCCCc1ccc2c(c1)C(=O)N(C)Cc1c(C(=O)OCC)ncn1-2
plate_4,CCOC(=O)C1CCCCC1=O,16729.43888,plate_4_244,CCOC(=O)c1ncn2c1CN(C)C(=O)c1cc(Br)ccc1-2.CCCCCC(=O)O.CCOC(=O)C1CCCCC1=O>>CCCCCc1ccc2c(c1)C(=O)N(C)Cc1c(C(=O)OCC)ncn1-2
plate_4,CCOC(=O)C1CCNC1=O,16053.4004,plate_4_245,CCOC(=O)c1ncn2c1CN(C)C(=O)c1cc(Br)ccc1-2.CCCCCC(=O)O.CCOC(=O)C1CCNC1=O>>CCCCCc1ccc2c(c1)C(=O)N(C)Cc1c(C(=O)OCC)ncn1-2
plate_4,CCOC(=O)CC#N,3142.94166,plate_4_246,CCOC(=O)c1ncn2c1CN(C)C(=O)c1cc(Br)ccc1-2.CCCCCC(=O)O.CCOC(=O)CC#N>>CCCCCc1ccc2c(c1)C(=O)N(C)Cc1c(C(=O)OCC)ncn1-2
plate_4,CCOC(=O)CC(=O)OCC,9645.66413,plate_4_247,CCOC(=O)c1ncn2c1CN(C)C(=O)c1cc(Br)ccc1-2.CCCCCC(=O)O.CCOC(=O)CC(=O)OCC>>CCCCCc1ccc2c(c1)C(=O)N(C)Cc1c(C(=O)OCC)ncn1-2
plate_4,CCOC(=O)CC(=O)c1ccccn1,0.0,plate_4_248,CCOC(=O)c1ncn2c1CN(C)C(=O)c1cc(Br)ccc1-2.CCCCCC(=O)O.CCOC(=O)CC(=O)c1ccccn1>>CCCCCc1ccc2c(c1)C(=O)N(C)Cc1c(C(=O)OCC)ncn1-2
plate_4,CCOC(=O)CCCC(=O)CC,12785.63548,plate_4_196,CCOC(=O)c1ncn2c1CN(C)C(=O)c1cc(Br)ccc1-2.CCCCCC(=O)O.CCOC(=O)CCCC(=O)CC>>CCCCCc1ccc2c(c1)C(=O)N(C)Cc1c(C(=O)OCC)ncn1-2
plate_4,CCOC(=O)CN(C)C,12545.9537,plate_4_249,CCOC(=O)c1ncn2c1CN(C)C(=O)c1cc(Br)ccc1-2.CCCCCC(=O)O.CCOC(=O)CN(C)C>>CCCCCc1ccc2c(c1)C(=O)N(C)Cc1c(C(=O)OCC)ncn1-2
plate_4,CCOC(=O)CNC(=O)CC,12891.0291,plate_4_198,CCOC(=O)c1ncn2c1CN(C)C(=O)c1cc(Br)ccc1-2.CCCCCC(=O)O.CCOC(=O)CNC(=O)CC>>CCCCCc1ccc2c(c1)C(=O)N(C)Cc1c(C(=O)OCC)ncn1-2
plate_4,CCOC(=O)CNC(C)=O,11795.78081,plate_4_250,CCOC(=O)c1ncn2c1CN(C)C(=O)c1cc(Br)ccc1-2.CCCCCC(=O)O.CCOC(=O)CNC(C)=O>>CCCCCc1ccc2c(c1)C(=O)N(C)Cc1c(C(=O)OCC)ncn1-2
plate_4,CCOC(=O)CNC=O,15137.8543,plate_4_251,CCOC(=O)c1ncn2c1CN(C)C(=O)c1cc(Br)ccc1-2.CCCCCC(=O)O.CCOC(=O)CNC=O>>CCCCCc1ccc2c(c1)C(=O)N(C)Cc1c(C(=O)OCC)ncn1-2
plate_4,CCOC(=O)CO,12737.98085,plate_4_252,CCOC(=O)c1ncn2c1CN(C)C(=O)c1cc(Br)ccc1-2.CCCCCC(=O)O.CCOC(=O)CO>>CCCCCc1ccc2c(c1)C(=O)N(C)Cc1c(C(=O)OCC)ncn1-2
plate_4,CCOC(=O)CSc1ccccc1,13634.4117,plate_4_253,CCOC(=O)c1ncn2c1CN(C)C(=O)c1cc(Br)ccc1-2.CCCCCC(=O)O.CCOC(=O)CSc1ccccc1>>CCCCCc1ccc2c(c1)C(=O)N(C)Cc1c(C(=O)OCC)ncn1-2
plate_4,CCOC(=O)Cc1ccccn1,13445.81227,plate_4_254,CCOC(=O)c1ncn2c1CN(C)C(=O)c1cc(Br)ccc1-2.CCCCCC(=O)O.CCOC(=O)Cc1ccccn1>>CCCCCc1ccc2c(c1)C(=O)N(C)Cc1c(C(=O)OCC)ncn1-2
plate_4,CCOC(=O)Cc1ccco1,6831.6903,plate_4_255,CCOC(=O)c1ncn2c1CN(C)C(=O)c1cc(Br)ccc1-2.CCCCCC(=O)O.CCOC(=O)Cc1ccco1>>CCCCCc1ccc2c(c1)C(=O)N(C)Cc1c(C(=O)OCC)ncn1-2
plate_4,CCOC(=O)Cc1ncccn1,11724.59431,plate_4_256,CCOC(=O)c1ncn2c1CN(C)C(=O)c1cc(Br)ccc1-2.CCCCCC(=O)O.CCOC(=O)Cc1ncccn1>>CCCCCc1ccc2c(c1)C(=O)N(C)Cc1c(C(=O)OCC)ncn1-2
plate_4,CCOC(=O)Cn1nnc(-c2ccccc2)n1,11622.61345,plate_4_257,CCOC(=O)c1ncn2c1CN(C)C(=O)c1cc(Br)ccc1-2.CCCCCC(=O)O.CCOC(=O)Cn1nnc(-c2ccccc2)n1>>CCCCCc1ccc2c(c1)C(=O)N(C)Cc1c(C(=O)OCC)ncn1-2
plate_4,CCOC(=O)NC,12311.77244,plate_4_258,CCOC(=O)c1ncn2c1CN(C)C(=O)c1cc(Br)ccc1-2.CCCCCC(=O)O.CCOC(=O)NC>>CCCCCc1ccc2c(c1)C(=O)N(C)Cc1c(C(=O)OCC)ncn1-2
plate_4,CCOC(=O)OCC,12503.2618,plate_4_259,CCOC(=O)c1ncn2c1CN(C)C(=O)c1cc(Br)ccc1-2.CCCCCC(=O)O.CCOC(=O)OCC>>CCCCCc1ccc2c(c1)C(=O)N(C)Cc1c(C(=O)OCC)ncn1-2
plate_4,CCOC(=O)[C@@H]1CCCC[C@H]1O,13757.74285,plate_4_260,CCOC(=O)c1ncn2c1CN(C)C(=O)c1cc(Br)ccc1-2.CCCCCC(=O)O.CCOC(=O)[C@@H]1CCCC[C@H]1O>>CCCCCc1ccc2c(c1)C(=O)N(C)Cc1c(C(=O)OCC)ncn1-2
plate_4,CCOC(=O)c1c[nH]cn1,13315.18956,plate_4_262,CCOC(=O)c1ncn2c1CN(C)C(=O)c1cc(Br)ccc1-2.CCCCCC(=O)O.CCOC(=O)c1c[nH]cn1>>CCCCCc1ccc2c(c1)C(=O)N(C)Cc1c(C(=O)OCC)ncn1-2
plate_4,CCOC(=O)c1cc(C)on1,4152.55923,plate_4_263,CCOC(=O)c1ncn2c1CN(C)C(=O)c1cc(Br)ccc1-2.CCCCCC(=O)O.CCOC(=O)c1cc(C)on1>>CCCCCc1ccc2c(c1)C(=O)N(C)Cc1c(C(=O)OCC)ncn1-2
plate_4,CCOC(=O)c1ccccc1,12019.21381,plate_4_264,CCOC(=O)c1ncn2c1CN(C)C(=O)c1cc(Br)ccc1-2.CCCCCC(=O)O.CCOC(=O)c1ccccc1>>CCCCCc1ccc2c(c1)C(=O)N(C)Cc1c(C(=O)OCC)ncn1-2
plate_4,CCOC(=O)c1ccccn1,9982.95391,plate_4_265,CCOC(=O)c1ncn2c1CN(C)C(=O)c1cc(Br)ccc1-2.CCCCCC(=O)O.CCOC(=O)c1ccccn1>>CCCCCc1ccc2c(c1)C(=O)N(C)Cc1c(C(=O)OCC)ncn1-2
plate_4,CCOC(=O)c1cccs1,10796.97458,plate_4_266,CCOC(=O)c1ncn2c1CN(C)C(=O)c1cc(Br)ccc1-2.CCCCCC(=O)O.CCOC(=O)c1cccs1>>CCCCCc1ccc2c(c1)C(=O)N(C)Cc1c(C(=O)OCC)ncn1-2
plate_4,CCOC(=O)c1cn(Cc2ccccc2)nn1,10344.48425,plate_4_267,CCOC(=O)c1ncn2c1CN(C)C(=O)c1cc(Br)ccc1-2.CCCCCC(=O)O.CCOC(=O)c1cn(Cc2ccccc2)nn1>>CCCCCc1ccc2c(c1)C(=O)N(C)Cc1c(C(=O)OCC)ncn1-2
plate_4,CCOC(=O)c1cnoc1C,9908.2937,plate_4_268,CCOC(=O)c1ncn2c1CN(C)C(=O)c1cc(Br)ccc1-2.CCCCCC(=O)O.CCOC(=O)c1cnoc1C>>CCCCCc1ccc2c(c1)C(=O)N(C)Cc1c(C(=O)OCC)ncn1-2
plate_4,CCOC(=O)c1csc(-c2ccccn2)n1,0.0,plate_4_269,CCOC(=O)c1ncn2c1CN(C)C(=O)c1cc(Br)ccc1-2.CCCCCC(=O)O.CCOC(=O)c1csc(-c2ccccn2)n1>>CCCCCc1ccc2c(c1)C(=O)N(C)Cc1c(C(=O)OCC)ncn1-2
plate_4,CCOC(=O)c1nc2ccccc2s1,11930.73205,plate_4_270,CCOC(=O)c1ncn2c1CN(C)C(=O)c1cc(Br)ccc1-2.CCCCCC(=O)O.CCOC(=O)c1nc2ccccc2s1>>CCCCCc1ccc2c(c1)C(=O)N(C)Cc1c(C(=O)OCC)ncn1-2
plate_4,CCOC(=O)c1ncc[nH]1,33098.59919,plate_4_261,CCOC(=O)c1ncn2c1CN(C)C(=O)c1cc(Br)ccc1-2.CCCCCC(=O)O.CCOC(=O)c1ncc[nH]1>>CCCCCc1ccc2c(c1)C(=O)N(C)Cc1c(C(=O)OCC)ncn1-2
plate_4,CCOC(=O)c1nccn1C,14834.84307,plate_4_271,CCOC(=O)c1ncn2c1CN(C)C(=O)c1cc(Br)ccc1-2.CCCCCC(=O)O.CCOC(=O)c1nccn1C>>CCCCCc1ccc2c(c1)C(=O)N(C)Cc1c(C(=O)OCC)ncn1-2
plate_4,CCOC(=O)c1ncco1,11692.5658,plate_4_272,CCOC(=O)c1ncn2c1CN(C)C(=O)c1cc(Br)ccc1-2.CCCCCC(=O)O.CCOC(=O)c1ncco1>>CCCCCc1ccc2c(c1)C(=O)N(C)Cc1c(C(=O)OCC)ncn1-2
plate_4,CCOCC(=O)OCC,13672.42749,plate_4_273,CCOC(=O)c1ncn2c1CN(C)C(=O)c1cc(Br)ccc1-2.CCCCCC(=O)O.CCOCC(=O)OCC>>CCCCCc1ccc2c(c1)C(=O)N(C)Cc1c(C(=O)OCC)ncn1-2
plate_4,CCOCC(C)O,15391.78479,plate_4_274,CCOC(=O)c1ncn2c1CN(C)C(=O)c1cc(Br)ccc1-2.CCCCCC(=O)O.CCOCC(C)O>>CCCCCc1ccc2c(c1)C(=O)N(C)Cc1c(C(=O)OCC)ncn1-2
plate_4,CCOP(C)(=O)OCC,12816.76432,plate_4_275,CCOC(=O)c1ncn2c1CN(C)C(=O)c1cc(Br)ccc1-2.CCCCCC(=O)O.CCOP(C)(=O)OCC>>CCCCCc1ccc2c(c1)C(=O)N(C)Cc1c(C(=O)OCC)ncn1-2
plate_4,CCOc1ccccc1C(N)=O,12788.7004,plate_4_276,CCOC(=O)c1ncn2c1CN(C)C(=O)c1cc(Br)ccc1-2.CCCCCC(=O)O.CCOc1ccccc1C(N)=O>>CCCCCc1ccc2c(c1)C(=O)N(C)Cc1c(C(=O)OCC)ncn1-2
plate_4,CCS(=O)(=O)CC,11209.44791,plate_4_277,CCOC(=O)c1ncn2c1CN(C)C(=O)c1cc(Br)ccc1-2.CCCCCC(=O)O.CCS(=O)(=O)CC>>CCCCCc1ccc2c(c1)C(=O)N(C)Cc1c(C(=O)OCC)ncn1-2
plate_4,CCSCCO,13856.00132,plate_4_278,CCOC(=O)c1ncn2c1CN(C)C(=O)c1cc(Br)ccc1-2.CCCCCC(=O)O.CCSCCO>>CCCCCc1ccc2c(c1)C(=O)N(C)Cc1c(C(=O)OCC)ncn1-2
plate_4,CCc1ccc[nH]1,10628.89985,plate_4_281,CCOC(=O)c1ncn2c1CN(C)C(=O)c1cc(Br)ccc1-2.CCCCCC(=O)O.CCc1ccc[nH]1>>CCCCCc1ccc2c(c1)C(=O)N(C)Cc1c(C(=O)OCC)ncn1-2
plate_4,CCc1ncc[nH]1,13652.50678,plate_4_279,CCOC(=O)c1ncn2c1CN(C)C(=O)c1cc(Br)ccc1-2.CCCCCC(=O)O.CCc1ncc[nH]1>>CCCCCc1ccc2c(c1)C(=O)N(C)Cc1c(C(=O)OCC)ncn1-2
plate_4,CN(C)/C=N/C(C)(C)C,9580.90898,plate_4_152,CCOC(=O)c1ncn2c1CN(C)C(=O)c1cc(Br)ccc1-2.CCCCCC(=O)O.CN(C)/C=N/C(C)(C)C>>CCCCCc1ccc2c(c1)C(=O)N(C)Cc1c(C(=O)OCC)ncn1-2
plate_4,CN(C)C(=N)N(C)C,11225.14533,plate_4_282,CCOC(=O)c1ncn2c1CN(C)C(=O)c1cc(Br)ccc1-2.CCCCCC(=O)O.CN(C)C(=N)N(C)C>>CCCCCc1ccc2c(c1)C(=O)N(C)Cc1c(C(=O)OCC)ncn1-2
plate_4,CN(C)C(=O)CC#N,14097.06326,plate_4_283,CCOC(=O)c1ncn2c1CN(C)C(=O)c1cc(Br)ccc1-2.CCCCCC(=O)O.CN(C)C(=O)CC#N>>CCCCCc1ccc2c(c1)C(=O)N(C)Cc1c(C(=O)OCC)ncn1-2
plate_4,CN(C)C(C)(C)CO,0.0,plate_4_162,CCOC(=O)c1ncn2c1CN(C)C(=O)c1cc(Br)ccc1-2.CCCCCC(=O)O.CN(C)C(C)(C)CO>>CCCCCc1ccc2c(c1)C(=O)N(C)Cc1c(C(=O)OCC)ncn1-2
plate_4,CN(C)CC(=O)O,5270.68324,plate_4_285,CCOC(=O)c1ncn2c1CN(C)C(=O)c1cc(Br)ccc1-2.CCCCCC(=O)O.CN(C)CC(=O)O>>CCCCCc1ccc2c(c1)C(=O)N(C)Cc1c(C(=O)OCC)ncn1-2
plate_4,CN(C)CC(C)(C)CO,15666.81194,plate_4_159,CCOC(=O)c1ncn2c1CN(C)C(=O)c1cc(Br)ccc1-2.CCCCCC(=O)O.CN(C)CC(C)(C)CO>>CCCCCc1ccc2c(c1)C(=O)N(C)Cc1c(C(=O)OCC)ncn1-2
plate_4,CN(C)CC(N)=O,2485.24303,plate_4_284,CCOC(=O)c1ncn2c1CN(C)C(=O)c1cc(Br)ccc1-2.CCCCCC(=O)O.CN(C)CC(N)=O>>CCCCCc1ccc2c(c1)C(=O)N(C)Cc1c(C(=O)OCC)ncn1-2
plate_4,CN(C)CC(O)CN(C)C,2839.83477,plate_4_287,CCOC(=O)c1ncn2c1CN(C)C(=O)c1cc(Br)ccc1-2.CCCCCC(=O)O.CN(C)CC(O)CN(C)C>>CCCCCc1ccc2c(c1)C(=O)N(C)Cc1c(C(=O)OCC)ncn1-2
plate_4,CN(C)CCC#N,3581.0865,plate_4_288,CCOC(=O)c1ncn2c1CN(C)C(=O)c1cc(Br)ccc1-2.CCCCCC(=O)O.CN(C)CCC#N>>CCCCCc1ccc2c(c1)C(=O)N(C)Cc1c(C(=O)OCC)ncn1-2
plate_4,CN(C)CCCCO,0.0,plate_4_289,CCOC(=O)c1ncn2c1CN(C)C(=O)c1cc(Br)ccc1-2.CCCCCC(=O)O.CN(C)CCCCO>>CCCCCc1ccc2c(c1)C(=O)N(C)Cc1c(C(=O)OCC)ncn1-2
plate_4,CN(C)CCCO,2936.01016,plate_4_290,CCOC(=O)c1ncn2c1CN(C)C(=O)c1cc(Br)ccc1-2.CCCCCC(=O)O.CN(C)CCCO>>CCCCCc1ccc2c(c1)C(=O)N(C)Cc1c(C(=O)OCC)ncn1-2
plate_4,CN(C)CCN(C)C,10699.17999,plate_4_291,CCOC(=O)c1ncn2c1CN(C)C(=O)c1cc(Br)ccc1-2.CCCCCC(=O)O.CN(C)CCN(C)C>>CCCCCc1ccc2c(c1)C(=O)N(C)Cc1c(C(=O)OCC)ncn1-2
plate_4,CN(C)CCN(C)CCN(C)C,10136.53466,plate_4_292,CCOC(=O)c1ncn2c1CN(C)C(=O)c1cc(Br)ccc1-2.CCCCCC(=O)O.CN(C)CCN(C)CCN(C)C>>CCCCCc1ccc2c(c1)C(=O)N(C)Cc1c(C(=O)OCC)ncn1-2
plate_4,CN(C)S(C)(=O)=O,9625.49486,plate_4_293,CCOC(=O)c1ncn2c1CN(C)C(=O)c1cc(Br)ccc1-2.CCCCCC(=O)O.CN(C)S(C)(=O)=O>>CCCCCc1ccc2c(c1)C(=O)N(C)Cc1c(C(=O)OCC)ncn1-2
plate_4,CN(C)[C@@H](Cc1ccccc1)C(=O)O,11792.164395,plate_4_295,CCOC(=O)c1ncn2c1CN(C)C(=O)c1cc(Br)ccc1-2.CCCCCC(=O)O.CN(C)[C@@H](Cc1ccccc1)C(=O)O>>CCCCCc1ccc2c(c1)C(=O)N(C)Cc1c(C(=O)OCC)ncn1-2
plate_4,CN(C)c1ccccc1C(=O)O,0.0,plate_4_296,CCOC(=O)c1ncn2c1CN(C)C(=O)c1cc(Br)ccc1-2.CCCCCC(=O)O.CN(C)c1ccccc1C(=O)O>>CCCCCc1ccc2c(c1)C(=O)N(C)Cc1c(C(=O)OCC)ncn1-2
plate_4,CN(C)c1ccccc1C=O,2992.1186,plate_4_298,CCOC(=O)c1ncn2c1CN(C)C(=O)c1cc(Br)ccc1-2.CCCCCC(=O)O.CN(C)c1ccccc1C=O>>CCCCCc1ccc2c(c1)C(=O)N(C)Cc1c(C(=O)OCC)ncn1-2
plate_4,CN(C=O)c1ccccn1,14534.70729,plate_4_299,CCOC(=O)c1ncn2c1CN(C)C(=O)c1cc(Br)ccc1-2.CCCCCC(=O)O.CN(C=O)c1ccccn1>>CCCCCc1ccc2c(c1)C(=O)N(C)Cc1c(C(=O)OCC)ncn1-2
plate_4,CN(CCO)CCO,0.0,plate_4_300,CCOC(=O)c1ncn2c1CN(C)C(=O)c1cc(Br)ccc1-2.CCCCCC(=O)O.CN(CCO)CCO>>CCCCCc1ccc2c(c1)C(=O)N(C)Cc1c(C(=O)OCC)ncn1-2
plate_4,CN1C(=O)CC(=O)NC1=O,1597.38251,plate_4_301,CCOC(=O)c1ncn2c1CN(C)C(=O)c1cc(Br)ccc1-2.CCCCCC(=O)O.CN1C(=O)CC(=O)NC1=O>>CCCCCc1ccc2c(c1)C(=O)N(C)Cc1c(C(=O)OCC)ncn1-2
plate_4,CN1CC(=O)N=C1N,13329.17024,plate_4_302,CCOC(=O)c1ncn2c1CN(C)C(=O)c1cc(Br)ccc1-2.CCCCCC(=O)O.CN1CC(=O)N=C1N>>CCCCCc1ccc2c(c1)C(=O)N(C)Cc1c(C(=O)OCC)ncn1-2
plate_4,CN1CC(=O)NC1=O,40115.2345,plate_4_303,CCOC(=O)c1ncn2c1CN(C)C(=O)c1cc(Br)ccc1-2.CCCCCC(=O)O.CN1CC(=O)NC1=O>>CCCCCc1ccc2c(c1)C(=O)N(C)Cc1c(C(=O)OCC)ncn1-2
plate_4,CN1CCCC1C(=O)O,0.0,plate_4_304,CCOC(=O)c1ncn2c1CN(C)C(=O)c1cc(Br)ccc1-2.CCCCCC(=O)O.CN1CCCC1C(=O)O>>CCCCCc1ccc2c(c1)C(=O)N(C)Cc1c(C(=O)OCC)ncn1-2
plate_4,CN1CCCC1CO,0.0,plate_4_305,CCOC(=O)c1ncn2c1CN(C)C(=O)c1cc(Br)ccc1-2.CCCCCC(=O)O.CN1CCCC1CO>>CCCCCc1ccc2c(c1)C(=O)N(C)Cc1c(C(=O)OCC)ncn1-2
plate_4,CN1CCCCC1=O,11296.57884,plate_4_306,CCOC(=O)c1ncn2c1CN(C)C(=O)c1cc(Br)ccc1-2.CCCCCC(=O)O.CN1CCCCC1=O>>CCCCCc1ccc2c(c1)C(=O)N(C)Cc1c(C(=O)OCC)ncn1-2
plate_4,CN1CCCN(C)C1=O,8714.2605,plate_4_307,CCOC(=O)c1ncn2c1CN(C)C(=O)c1cc(Br)ccc1-2.CCCCCC(=O)O.CN1CCCN(C)C1=O>>CCCCCc1ccc2c(c1)C(=O)N(C)Cc1c(C(=O)OCC)ncn1-2
plate_4,CN1CCCN2CCCN=C12,4074.28401,plate_4_308,CCOC(=O)c1ncn2c1CN(C)C(=O)c1cc(Br)ccc1-2.CCCCCC(=O)O.CN1CCCN2CCCN=C12>>CCCCCc1ccc2c(c1)C(=O)N(C)Cc1c(C(=O)OCC)ncn1-2
plate_4,CN1Cc2ccccc2NC1=O,13616.782,plate_4_309,CCOC(=O)c1ncn2c1CN(C)C(=O)c1cc(Br)ccc1-2.CCCCCC(=O)O.CN1Cc2ccccc2NC1=O>>CCCCCc1ccc2c(c1)C(=O)N(C)Cc1c(C(=O)OCC)ncn1-2
plate_4,CNC(=O)C(=O)NC,12464.41802,plate_4_310,CCOC(=O)c1ncn2c1CN(C)C(=O)c1cc(Br)ccc1-2.CCCCCC(=O)O.CNC(=O)C(=O)NC>>CCCCCc1ccc2c(c1)C(=O)N(C)Cc1c(C(=O)OCC)ncn1-2
plate_4,CNC(=O)C(=O)O,3579.70377,plate_4_311,CCOC(=O)c1ncn2c1CN(C)C(=O)c1cc(Br)ccc1-2.CCCCCC(=O)O.CNC(=O)C(=O)O>>CCCCCc1ccc2c(c1)C(=O)N(C)Cc1c(C(=O)OCC)ncn1-2
plate_4,CNC(=O)C(=O)c1ccccc1,15628.92705,plate_4_312,CCOC(=O)c1ncn2c1CN(C)C(=O)c1cc(Br)ccc1-2.CCCCCC(=O)O.CNC(=O)C(=O)c1ccccc1>>CCCCCc1ccc2c(c1)C(=O)N(C)Cc1c(C(=O)OCC)ncn1-2
plate_4,CNC(=O)CC#N,13240.82472,plate_4_313,CCOC(=O)c1ncn2c1CN(C)C(=O)c1cc(Br)ccc1-2.CCCCCC(=O)O.CNC(=O)CC#N>>CCCCCc1ccc2c(c1)C(=O)N(C)Cc1c(C(=O)OCC)ncn1-2
plate_4,CNC(=O)N(C)C,17559.04174,plate_4_314,CCOC(=O)c1ncn2c1CN(C)C(=O)c1cc(Br)ccc1-2.CCCCCC(=O)O.CNC(=O)N(C)C>>CCCCCc1ccc2c(c1)C(=O)N(C)Cc1c(C(=O)OCC)ncn1-2
plate_4,CNC(=O)c1ccccc1,12160.224,plate_4_315,CCOC(=O)c1ncn2c1CN(C)C(=O)c1cc(Br)ccc1-2.CCCCCC(=O)O.CNC(=O)c1ccccc1>>CCCCCc1ccc2c(c1)C(=O)N(C)Cc1c(C(=O)OCC)ncn1-2
plate_4,CNC(=O)c1ccccc1O,2890.12494,plate_4_316,CCOC(=O)c1ncn2c1CN(C)C(=O)c1cc(Br)ccc1-2.CCCCCC(=O)O.CNC(=O)c1ccccc1O>>CCCCCc1ccc2c(c1)C(=O)N(C)Cc1c(C(=O)OCC)ncn1-2
plate_4,CNC(=O)c1cn2ccccc2n1,5361.42906,plate_4_317,CCOC(=O)c1ncn2c1CN(C)C(=O)c1cc(Br)ccc1-2.CCCCCC(=O)O.CNC(=O)c1cn2ccccc2n1>>CCCCCc1ccc2c(c1)C(=O)N(C)Cc1c(C(=O)OCC)ncn1-2
plate_4,CNS(=O)(=O)N(C)C,7630.12553,plate_4_319,CCOC(=O)c1ncn2c1CN(C)C(=O)c1cc(Br)ccc1-2.CCCCCC(=O)O.CNS(=O)(=O)N(C)C>>CCCCCc1ccc2c(c1)C(=O)N(C)Cc1c(C(=O)OCC)ncn1-2
plate_4,CNS(C)(=O)=O,13750.26077,plate_4_318,CCOC(=O)c1ncn2c1CN(C)C(=O)c1cc(Br)ccc1-2.CCCCCC(=O)O.CNS(C)(=O)=O>>CCCCCc1ccc2c(c1)C(=O)N(C)Cc1c(C(=O)OCC)ncn1-2
plate_4,COC(=N)c1cnccn1,0.0,plate_4_320,CCOC(=O)c1ncn2c1CN(C)C(=O)c1cc(Br)ccc1-2.CCCCCC(=O)O.COC(=N)c1cnccn1>>CCCCCc1ccc2c(c1)C(=O)N(C)Cc1c(C(=O)OCC)ncn1-2
plate_4,COC(=O)C(=O)c1ccccc1,4565.73041,plate_4_321,CCOC(=O)c1ncn2c1CN(C)C(=O)c1cc(Br)ccc1-2.CCCCCC(=O)O.COC(=O)C(=O)c1ccccc1>>CCCCCc1ccc2c(c1)C(=O)N(C)Cc1c(C(=O)OCC)ncn1-2
plate_4,COC(=O)C(C)=O,12533.99365,plate_4_88,CCOC(=O)c1ncn2c1CN(C)C(=O)c1cc(Br)ccc1-2.CCCCCC(=O)O.COC(=O)C(C)=O>>CCCCCc1ccc2c(c1)C(=O)N(C)Cc1c(C(=O)OCC)ncn1-2
plate_4,COC(=O)C1CCCC1=O,0.0,plate_4_322,CCOC(=O)c1ncn2c1CN(C)C(=O)c1cc(Br)ccc1-2.CCCCCC(=O)O.COC(=O)C1CCCC1=O>>CCCCCc1ccc2c(c1)C(=O)N(C)Cc1c(C(=O)OCC)ncn1-2
plate_4,COC(=O)C1CCCCC1,12545.93933,plate_4_323,CCOC(=O)c1ncn2c1CN(C)C(=O)c1cc(Br)ccc1-2.CCCCCC(=O)O.COC(=O)C1CCCCC1>>CCCCCc1ccc2c(c1)C(=O)N(C)Cc1c(C(=O)OCC)ncn1-2
plate_4,COC(=O)C1CCCCO1,11645.66842,plate_4_324,CCOC(=O)c1ncn2c1CN(C)C(=O)c1cc(Br)ccc1-2.CCCCCC(=O)O.COC(=O)C1CCCCO1>>CCCCCc1ccc2c(c1)C(=O)N(C)Cc1c(C(=O)OCC)ncn1-2
plate_4,COC(=O)CC#N,1922.55976,plate_4_325,CCOC(=O)c1ncn2c1CN(C)C(=O)c1cc(Br)ccc1-2.CCCCCC(=O)O.COC(=O)CC#N>>CCCCCc1ccc2c(c1)C(=O)N(C)Cc1c(C(=O)OCC)ncn1-2
plate_4,COC(=O)CC(=O)CC(=O)OC,0.0,plate_4_326,CCOC(=O)c1ncn2c1CN(C)C(=O)c1cc(Br)ccc1-2.CCCCCC(=O)O.COC(=O)CC(=O)CC(=O)OC>>CCCCCc1ccc2c(c1)C(=O)N(C)Cc1c(C(=O)OCC)ncn1-2
plate_4,COC(=O)CC(N)=O,17066.47786,plate_4_327,CCOC(=O)c1ncn2c1CN(C)C(=O)c1cc(Br)ccc1-2.CCCCCC(=O)O.COC(=O)CC(N)=O>>CCCCCc1ccc2c(c1)C(=O)N(C)Cc1c(C(=O)OCC)ncn1-2
plate_4,COC(=O)CCC#N,17481.35632,plate_4_328,CCOC(=O)c1ncn2c1CN(C)C(=O)c1cc(Br)ccc1-2.CCCCCC(=O)O.COC(=O)CCC#N>>CCCCCc1ccc2c(c1)C(=O)N(C)Cc1c(C(=O)OCC)ncn1-2
plate_4,COC(=O)CCC(=O)C(=O)OC,8232.35651,plate_4_329,CCOC(=O)c1ncn2c1CN(C)C(=O)c1cc(Br)ccc1-2.CCCCCC(=O)O.COC(=O)CCC(=O)C(=O)OC>>CCCCCc1ccc2c(c1)C(=O)N(C)Cc1c(C(=O)OCC)ncn1-2
plate_4,COC(=O)CCO,17830.49198,plate_4_331,CCOC(=O)c1ncn2c1CN(C)C(=O)c1cc(Br)ccc1-2.CCCCCC(=O)O.COC(=O)CCO>>CCCCCc1ccc2c(c1)C(=O)N(C)Cc1c(C(=O)OCC)ncn1-2
plate_4,COC(=O)CC[N+](=O)[O-],0.0,plate_4_332,CCOC(=O)c1ncn2c1CN(C)C(=O)c1cc(Br)ccc1-2.CCCCCC(=O)O.COC(=O)CC[N+](=O)[O-]>>CCCCCc1ccc2c(c1)C(=O)N(C)Cc1c(C(=O)OCC)ncn1-2
plate_4,COC(=O)CCc1c[nH]cn1,13066.31916,plate_4_333,CCOC(=O)c1ncn2c1CN(C)C(=O)c1cc(Br)ccc1-2.CCCCCC(=O)O.COC(=O)CCc1c[nH]cn1>>CCCCCc1ccc2c(c1)C(=O)N(C)Cc1c(C(=O)OCC)ncn1-2
plate_4,COC(=O)CN(C)C,13277.94948,plate_4_286,CCOC(=O)c1ncn2c1CN(C)C(=O)c1cc(Br)ccc1-2.CCCCCC(=O)O.COC(=O)CN(C)C>>CCCCCc1ccc2c(c1)C(=O)N(C)Cc1c(C(=O)OCC)ncn1-2
plate_4,COC(=O)CNC(=O)C(=O)OC,9632.48067,plate_4_334,CCOC(=O)c1ncn2c1CN(C)C(=O)c1cc(Br)ccc1-2.CCCCCC(=O)O.COC(=O)CNC(=O)C(=O)OC>>CCCCCc1ccc2c(c1)C(=O)N(C)Cc1c(C(=O)OCC)ncn1-2
plate_4,COC(=O)CS(C)(=O)=O,13076.7507,plate_4_335,CCOC(=O)c1ncn2c1CN(C)C(=O)c1cc(Br)ccc1-2.CCCCCC(=O)O.COC(=O)CS(C)(=O)=O>>CCCCCc1ccc2c(c1)C(=O)N(C)Cc1c(C(=O)OCC)ncn1-2
plate_4,COC(=O)C[C@@H](C)O,14456.95346,plate_4_418,CCOC(=O)c1ncn2c1CN(C)C(=O)c1cc(Br)ccc1-2.CCCCCC(=O)O.COC(=O)C[C@@H](C)O>>CCCCCc1ccc2c(c1)C(=O)N(C)Cc1c(C(=O)OCC)ncn1-2
plate_4,COC(=O)C[N+](=O)[O-],0.0,plate_4_336,CCOC(=O)c1ncn2c1CN(C)C(=O)c1cc(Br)ccc1-2.CCCCCC(=O)O.COC(=O)C[N+](=O)[O-]>>CCCCCc1ccc2c(c1)C(=O)N(C)Cc1c(C(=O)OCC)ncn1-2
plate_4,COC(=O)Cc1ccccn1,13141.62122,plate_4_337,CCOC(=O)c1ncn2c1CN(C)C(=O)c1cc(Br)ccc1-2.CCCCCC(=O)O.COC(=O)Cc1ccccn1>>CCCCCc1ccc2c(c1)C(=O)N(C)Cc1c(C(=O)OCC)ncn1-2
plate_4,COC(=O)Cc1nccs1,3720.04138,plate_4_338,CCOC(=O)c1ncn2c1CN(C)C(=O)c1cc(Br)ccc1-2.CCCCCC(=O)O.COC(=O)Cc1nccs1>>CCCCCc1ccc2c(c1)C(=O)N(C)Cc1c(C(=O)OCC)ncn1-2
plate_4,COC(=O)N1CCCCC1,12668.44945,plate_4_339,CCOC(=O)c1ncn2c1CN(C)C(=O)c1cc(Br)ccc1-2.CCCCCC(=O)O.COC(=O)N1CCCCC1>>CCCCCc1ccc2c(c1)C(=O)N(C)Cc1c(C(=O)OCC)ncn1-2
plate_4,COC(=O)Nc1ccc(OC)cc1,10762.61125,plate_4_380,CCOC(=O)c1ncn2c1CN(C)C(=O)c1cc(Br)ccc1-2.CCCCCC(=O)O.COC(=O)Nc1ccc(OC)cc1>>CCCCCc1ccc2c(c1)C(=O)N(C)Cc1c(C(=O)OCC)ncn1-2
plate_4,COC(=O)Nc1ccccc1,13462.19814,plate_4_341,CCOC(=O)c1ncn2c1CN(C)C(=O)c1cc(Br)ccc1-2.CCCCCC(=O)O.COC(=O)Nc1ccccc1>>CCCCCc1ccc2c(c1)C(=O)N(C)Cc1c(C(=O)OCC)ncn1-2
plate_4,COC(=O)Nc1nc2ccccc2[nH]1,3245.09723,plate_4_340,CCOC(=O)c1ncn2c1CN(C)C(=O)c1cc(Br)ccc1-2.CCCCCC(=O)O.COC(=O)Nc1nc2ccccc2[nH]1>>CCCCCc1ccc2c(c1)C(=O)N(C)Cc1c(C(=O)OCC)ncn1-2
plate_4,COC(=O)[C@@H](O)[C@H](O)c1ccccc1,18132.59076,plate_4_342,CCOC(=O)c1ncn2c1CN(C)C(=O)c1cc(Br)ccc1-2.CCCCCC(=O)O.COC(=O)[C@@H](O)[C@H](O)c1ccccc1>>CCCCCc1ccc2c(c1)C(=O)N(C)Cc1c(C(=O)OCC)ncn1-2
plate_4,COC(=O)c1cc(C)ccc1O,8701.97372,plate_4_425,CCOC(=O)c1ncn2c1CN(C)C(=O)c1cc(Br)ccc1-2.CCCCCC(=O)O.COC(=O)c1cc(C)ccc1O>>CCCCCc1ccc2c(c1)C(=O)N(C)Cc1c(C(=O)OCC)ncn1-2
plate_4,COC(=O)c1cc(OC)ccc1O,2450.44669,plate_4_369,CCOC(=O)c1ncn2c1CN(C)C(=O)c1cc(Br)ccc1-2.CCCCCC(=O)O.COC(=O)c1cc(OC)ccc1O>>CCCCCc1ccc2c(c1)C(=O)N(C)Cc1c(C(=O)OCC)ncn1-2
plate_4,COC(=O)c1ccc(OC)cc1,12345.37387,plate_4_376,CCOC(=O)c1ncn2c1CN(C)C(=O)c1cc(Br)ccc1-2.CCCCCC(=O)O.COC(=O)c1ccc(OC)cc1>>CCCCCc1ccc2c(c1)C(=O)N(C)Cc1c(C(=O)OCC)ncn1-2
plate_4,COC(=O)c1cccc(C(=O)O)n1,4493.64051,plate_4_343,CCOC(=O)c1ncn2c1CN(C)C(=O)c1cc(Br)ccc1-2.CCCCCC(=O)O.COC(=O)c1cccc(C(=O)O)n1>>CCCCCc1ccc2c(c1)C(=O)N(C)Cc1c(C(=O)OCC)ncn1-2
plate_4,COC(=O)c1cccc(C(=O)OC)n1,14872.4114,plate_4_344,CCOC(=O)c1ncn2c1CN(C)C(=O)c1cc(Br)ccc1-2.CCCCCC(=O)O.COC(=O)c1cccc(C(=O)OC)n1>>CCCCCc1ccc2c(c1)C(=O)N(C)Cc1c(C(=O)OCC)ncn1-2
plate_4,COC(=O)c1cccc2c1NC(=O)C2,0.0,plate_4_345,CCOC(=O)c1ncn2c1CN(C)C(=O)c1cc(Br)ccc1-2.CCCCCC(=O)O.COC(=O)c1cccc2c1NC(=O)C2>>CCCCCc1ccc2c(c1)C(=O)N(C)Cc1c(C(=O)OCC)ncn1-2
plate_4,COC(=O)c1ccccc1,13975.65005,plate_4_346,CCOC(=O)c1ncn2c1CN(C)C(=O)c1cc(Br)ccc1-2.CCCCCC(=O)O.COC(=O)c1ccccc1>>CCCCCc1ccc2c(c1)C(=O)N(C)Cc1c(C(=O)OCC)ncn1-2
plate_4,COC(=O)c1ccccc1-c1ccc[nH]1,5677.28558,plate_4_351,CCOC(=O)c1ncn2c1CN(C)C(=O)c1cc(Br)ccc1-2.CCCCCC(=O)O.COC(=O)c1ccccc1-c1ccc[nH]1>>CCCCCc1ccc2c(c1)C(=O)N(C)Cc1c(C(=O)OCC)ncn1-2
plate_4,COC(=O)c1ccccc1C(=O)O,15404.26074,plate_4_347,CCOC(=O)c1ncn2c1CN(C)C(=O)c1cc(Br)ccc1-2.CCCCCC(=O)O.COC(=O)c1ccccc1C(=O)O>>CCCCCc1ccc2c(c1)C(=O)N(C)Cc1c(C(=O)OCC)ncn1-2
plate_4,COC(=O)c1ccccc1C(=O)OC,13279.36758,plate_4_348,CCOC(=O)c1ncn2c1CN(C)C(=O)c1cc(Br)ccc1-2.CCCCCC(=O)O.COC(=O)c1ccccc1C(=O)OC>>CCCCCc1ccc2c(c1)C(=O)N(C)Cc1c(C(=O)OCC)ncn1-2
plate_4,COC(=O)c1ccccc1N(C)C,0.0,plate_4_297,CCOC(=O)c1ncn2c1CN(C)C(=O)c1cc(Br)ccc1-2.CCCCCC(=O)O.COC(=O)c1ccccc1N(C)C>>CCCCCc1ccc2c(c1)C(=O)N(C)Cc1c(C(=O)OCC)ncn1-2
plate_4,COC(=O)c1ccccc1OC,14821.29514,plate_4_394,CCOC(=O)c1ncn2c1CN(C)C(=O)c1cc(Br)ccc1-2.CCCCCC(=O)O.COC(=O)c1ccccc1OC>>CCCCCc1ccc2c(c1)C(=O)N(C)Cc1c(C(=O)OCC)ncn1-2
plate_4,COC(=O)c1ccccc1S,0.0,plate_4_349,CCOC(=O)c1ncn2c1CN(C)C(=O)c1cc(Br)ccc1-2.CCCCCC(=O)O.COC(=O)c1ccccc1S>>CCCCCc1ccc2c(c1)C(=O)N(C)Cc1c(C(=O)OCC)ncn1-2
plate_4,COC(=O)c1ccccc1SC,15182.67849,plate_4_350,CCOC(=O)c1ncn2c1CN(C)C(=O)c1cc(Br)ccc1-2.CCCCCC(=O)O.COC(=O)c1ccccc1SC>>CCCCCc1ccc2c(c1)C(=O)N(C)Cc1c(C(=O)OCC)ncn1-2
plate_4,COC(=O)c1ccccn1,13289.10516,plate_4_352,CCOC(=O)c1ncn2c1CN(C)C(=O)c1cc(Br)ccc1-2.CCCCCC(=O)O.COC(=O)c1ccccn1>>CCCCCc1ccc2c(c1)C(=O)N(C)Cc1c(C(=O)OCC)ncn1-2
plate_4,COC(=O)c1cccnc1O,11179.79548,plate_4_353,CCOC(=O)c1ncn2c1CN(C)C(=O)c1cc(Br)ccc1-2.CCCCCC(=O)O.COC(=O)c1cccnc1O>>CCCCCc1ccc2c(c1)C(=O)N(C)Cc1c(C(=O)OCC)ncn1-2
plate_4,COC(=O)c1cccs1,5978.61102,plate_4_354,CCOC(=O)c1ncn2c1CN(C)C(=O)c1cc(Br)ccc1-2.CCCCCC(=O)O.COC(=O)c1cccs1>>CCCCCc1ccc2c(c1)C(=O)N(C)Cc1c(C(=O)OCC)ncn1-2
plate_4,COC(=O)c1ccn(C)n1,13173.94864,plate_4_459,CCOC(=O)c1ncn2c1CN(C)C(=O)c1cc(Br)ccc1-2.CCCCCC(=O)O.COC(=O)c1ccn(C)n1>>CCCCCc1ccc2c(c1)C(=O)N(C)Cc1c(C(=O)OCC)ncn1-2
plate_4,COC(=O)c1ccnn1C,12393.67897,plate_4_447,CCOC(=O)c1ncn2c1CN(C)C(=O)c1cc(Br)ccc1-2.CCCCCC(=O)O.COC(=O)c1ccnn1C>>CCCCCc1ccc2c(c1)C(=O)N(C)Cc1c(C(=O)OCC)ncn1-2
plate_4,COC(=O)c1ccno1,0.0,plate_4_355,CCOC(=O)c1ncn2c1CN(C)C(=O)c1cc(Br)ccc1-2.CCCCCC(=O)O.COC(=O)c1ccno1>>CCCCCc1ccc2c(c1)C(=O)N(C)Cc1c(C(=O)OCC)ncn1-2
plate_4,COC(=O)c1cn(C)cn1,11004.14828,plate_4_450,CCOC(=O)c1ncn2c1CN(C)C(=O)c1cc(Br)ccc1-2.CCCCCC(=O)O.COC(=O)c1cn(C)cn1>>CCCCCc1ccc2c(c1)C(=O)N(C)Cc1c(C(=O)OCC)ncn1-2
plate_4,COC(=O)c1cncs1,6070.47126,plate_4_356,CCOC(=O)c1ncn2c1CN(C)C(=O)c1cc(Br)ccc1-2.CCCCCC(=O)O.COC(=O)c1cncs1>>CCCCCc1ccc2c(c1)C(=O)N(C)Cc1c(C(=O)OCC)ncn1-2
plate_4,COC(=O)c1nc[nH]n1,23352.11195,plate_4_357,CCOC(=O)c1ncn2c1CN(C)C(=O)c1cc(Br)ccc1-2.CCCCCC(=O)O.COC(=O)c1nc[nH]n1>>CCCCCc1ccc2c(c1)C(=O)N(C)Cc1c(C(=O)OCC)ncn1-2
plate_4,COC(C)C(N)=O,13793.67938,plate_4_147,CCOC(=O)c1ncn2c1CN(C)C(=O)c1cc(Br)ccc1-2.CCCCCC(=O)O.COC(C)C(N)=O>>CCCCCc1ccc2c(c1)C(=O)N(C)Cc1c(C(=O)OCC)ncn1-2
plate_4,COC(OC)c1ccccc1,13704.4174,plate_4_358,CCOC(=O)c1ncn2c1CN(C)C(=O)c1cc(Br)ccc1-2.CCCCCC(=O)O.COC(OC)c1ccccc1>>CCCCCc1ccc2c(c1)C(=O)N(C)Cc1c(C(=O)OCC)ncn1-2
plate_4,COC1CCCCC1=O,17552.0944,plate_4_359,CCOC(=O)c1ncn2c1CN(C)C(=O)c1cc(Br)ccc1-2.CCCCCC(=O)O.COC1CCCCC1=O>>CCCCCc1ccc2c(c1)C(=O)N(C)Cc1c(C(=O)OCC)ncn1-2
plate_4,COCC(=O)OC,14231.98106,plate_4_360,CCOC(=O)c1ncn2c1CN(C)C(=O)c1cc(Br)ccc1-2.CCCCCC(=O)O.COCC(=O)OC>>CCCCCc1ccc2c(c1)C(=O)N(C)Cc1c(C(=O)OCC)ncn1-2
plate_4,COCC(=O)c1ccccc1,16716.91998,plate_4_361,CCOC(=O)c1ncn2c1CN(C)C(=O)c1cc(Br)ccc1-2.CCCCCC(=O)O.COCC(=O)c1ccccc1>>CCCCCc1ccc2c(c1)C(=O)N(C)Cc1c(C(=O)OCC)ncn1-2
plate_4,COCC(C)(C)O,13264.43484,plate_4_163,CCOC(=O)c1ncn2c1CN(C)C(=O)c1cc(Br)ccc1-2.CCCCCC(=O)O.COCC(C)(C)O>>CCCCCc1ccc2c(c1)C(=O)N(C)Cc1c(C(=O)OCC)ncn1-2
plate_4,COCC/C(N)=N/O,15628.7107,plate_4_362,CCOC(=O)c1ncn2c1CN(C)C(=O)c1cc(Br)ccc1-2.CCCCCC(=O)O.COCC/C(N)=N/O>>CCCCCc1ccc2c(c1)C(=O)N(C)Cc1c(C(=O)OCC)ncn1-2
plate_4,COCCC(=O)OC,11911.77751,plate_4_363,CCOC(=O)c1ncn2c1CN(C)C(=O)c1cc(Br)ccc1-2.CCCCCC(=O)O.COCCC(=O)OC>>CCCCCc1ccc2c(c1)C(=O)N(C)Cc1c(C(=O)OCC)ncn1-2
plate_4,COCCCNS(N)(=O)=O,14609.12543,plate_4_364,CCOC(=O)c1ncn2c1CN(C)C(=O)c1cc(Br)ccc1-2.CCCCCC(=O)O.COCCCNS(N)(=O)=O>>CCCCCc1ccc2c(c1)C(=O)N(C)Cc1c(C(=O)OCC)ncn1-2
plate_4,COCCNS(=O)(=O)N(C)C,12603.28549,plate_4_294,CCOC(=O)c1ncn2c1CN(C)C(=O)c1cc(Br)ccc1-2.CCCCCC(=O)O.COCCNS(=O)(=O)N(C)C>>CCCCCc1ccc2c(c1)C(=O)N(C)Cc1c(C(=O)OCC)ncn1-2
plate_4,COCc1ccccc1C(=O)O,15753.23334,plate_4_365,CCOC(=O)c1ncn2c1CN(C)C(=O)c1cc(Br)ccc1-2.CCCCCC(=O)O.COCc1ccccc1C(=O)O>>CCCCCc1ccc2c(c1)C(=O)N(C)Cc1c(C(=O)OCC)ncn1-2
plate_4,CON(C)C(C)=O,13903.25725,plate_4_109,CCOC(=O)c1ncn2c1CN(C)C(=O)c1cc(Br)ccc1-2.CCCCCC(=O)O.CON(C)C(C)=O>>CCCCCc1ccc2c(c1)C(=O)N(C)Cc1c(C(=O)OCC)ncn1-2
plate_4,CO[C@H]1CCCC[C@@H]1O,11866.24409,plate_4_366,CCOC(=O)c1ncn2c1CN(C)C(=O)c1cc(Br)ccc1-2.CCCCCC(=O)O.CO[C@H]1CCCC[C@@H]1O>>CCCCCc1ccc2c(c1)C(=O)N(C)Cc1c(C(=O)OCC)ncn1-2
plate_4,COc1cc[nH]n1,8125.19024,plate_4_367,CCOC(=O)c1ncn2c1CN(C)C(=O)c1cc(Br)ccc1-2.CCCCCC(=O)O.COc1cc[nH]n1>>CCCCCc1ccc2c(c1)C(=O)N(C)Cc1c(C(=O)OCC)ncn1-2
plate_4,COc1ccc(/C(N)=N\O)cc1,5026.43108,plate_4_372,CCOC(=O)c1ncn2c1CN(C)C(=O)c1cc(Br)ccc1-2.CCCCCC(=O)O.COc1ccc(/C(N)=N\O)cc1>>CCCCCc1ccc2c(c1)C(=O)N(C)Cc1c(C(=O)OCC)ncn1-2
plate_4,COc1ccc(C(=N)N)cc1,14518.03591,plate_4_373,CCOC(=O)c1ncn2c1CN(C)C(=O)c1cc(Br)ccc1-2.CCCCCC(=O)O.COc1ccc(C(=N)N)cc1>>CCCCCc1ccc2c(c1)C(=O)N(C)Cc1c(C(=O)OCC)ncn1-2
plate_4,COc1ccc(C(=O)O)c(O)c1,2725.70028,plate_4_370,CCOC(=O)c1ncn2c1CN(C)C(=O)c1cc(Br)ccc1-2.CCCCCC(=O)O.COc1ccc(C(=O)O)c(O)c1>>CCCCCc1ccc2c(c1)C(=O)N(C)Cc1c(C(=O)OCC)ncn1-2
plate_4,COc1ccc(C(=O)O)cc1,15784.4252,plate_4_375,CCOC(=O)c1ncn2c1CN(C)C(=O)c1cc(Br)ccc1-2.CCCCCC(=O)O.COc1ccc(C(=O)O)cc1>>CCCCCc1ccc2c(c1)C(=O)N(C)Cc1c(C(=O)OCC)ncn1-2
plate_4,COc1ccc(C(C)=O)cc1,13372.17179,plate_4_127,CCOC(=O)c1ncn2c1CN(C)C(=O)c1cc(Br)ccc1-2.CCCCCC(=O)O.COc1ccc(C(C)=O)cc1>>CCCCCc1ccc2c(c1)C(=O)N(C)Cc1c(C(=O)OCC)ncn1-2
plate_4,COc1ccc(C(N)=O)cc1,14947.65474,plate_4_374,CCOC(=O)c1ncn2c1CN(C)C(=O)c1cc(Br)ccc1-2.CCCCCC(=O)O.COc1ccc(C(N)=O)cc1>>CCCCCc1ccc2c(c1)C(=O)N(C)Cc1c(C(=O)OCC)ncn1-2
plate_4,COc1ccc(C=O)cc1,15564.75683,plate_4_377,CCOC(=O)c1ncn2c1CN(C)C(=O)c1cc(Br)ccc1-2.CCCCCC(=O)O.COc1ccc(C=O)cc1>>CCCCCc1ccc2c(c1)C(=O)N(C)Cc1c(C(=O)OCC)ncn1-2
plate_4,COc1ccc(COCC(=N)N)cc1,17100.82739,plate_4_378,CCOC(=O)c1ncn2c1CN(C)C(=O)c1cc(Br)ccc1-2.CCCCCC(=O)O.COc1ccc(COCC(=N)N)cc1>>CCCCCc1ccc2c(c1)C(=O)N(C)Cc1c(C(=O)OCC)ncn1-2
plate_4,COc1ccc(N2CCNC2=O)cc1,2056.93509,plate_4_379,CCOC(=O)c1ncn2c1CN(C)C(=O)c1cc(Br)ccc1-2.CCCCCC(=O)O.COc1ccc(N2CCNC2=O)cc1>>CCCCCc1ccc2c(c1)C(=O)N(C)Cc1c(C(=O)OCC)ncn1-2
plate_4,COc1ccc(O)c(C(=O)O)c1,0.0,plate_4_368,CCOC(=O)c1ncn2c1CN(C)C(=O)c1cc(Br)ccc1-2.CCCCCC(=O)O.COc1ccc(O)c(C(=O)O)c1>>CCCCCc1ccc2c(c1)C(=O)N(C)Cc1c(C(=O)OCC)ncn1-2
plate_4,COc1ccc(O)c([N+](=O)[O-])c1,0.0,plate_4_371,CCOC(=O)c1ncn2c1CN(C)C(=O)c1cc(Br)ccc1-2.CCCCCC(=O)O.COc1ccc(O)c([N+](=O)[O-])c1>>CCCCCc1ccc2c(c1)C(=O)N(C)Cc1c(C(=O)OCC)ncn1-2
plate_4,COc1ccc(S(N)(=O)=O)cc1,9043.20823,plate_4_381,CCOC(=O)c1ncn2c1CN(C)C(=O)c1cc(Br)ccc1-2.CCCCCC(=O)O.COc1ccc(S(N)(=O)=O)cc1>>CCCCCc1ccc2c(c1)C(=O)N(C)Cc1c(C(=O)OCC)ncn1-2
plate_4,COc1ccc2[nH]ccc2c1,11119.19291,plate_4_387,CCOC(=O)c1ncn2c1CN(C)C(=O)c1cc(Br)ccc1-2.CCCCCC(=O)O.COc1ccc2[nH]ccc2c1>>CCCCCc1ccc2c(c1)C(=O)N(C)Cc1c(C(=O)OCC)ncn1-2
plate_4,COc1ccc2c(c1)C(=O)C(=O)N2,0.0,plate_4_382,CCOC(=O)c1ncn2c1CN(C)C(=O)c1cc(Br)ccc1-2.CCCCCC(=O)O.COc1ccc2c(c1)C(=O)C(=O)N2>>CCCCCc1ccc2c(c1)C(=O)N(C)Cc1c(C(=O)OCC)ncn1-2
plate_4,COc1ccc2c(c1)CC(=O)N2,6825.92515,plate_4_383,CCOC(=O)c1ncn2c1CN(C)C(=O)c1cc(Br)ccc1-2.CCCCCC(=O)O.COc1ccc2c(c1)CC(=O)N2>>CCCCCc1ccc2c(c1)C(=O)N(C)Cc1c(C(=O)OCC)ncn1-2
plate_4,COc1ccc2c(c1)CCC(=O)N2,7439.26813,plate_4_384,CCOC(=O)c1ncn2c1CN(C)C(=O)c1cc(Br)ccc1-2.CCCCCC(=O)O.COc1ccc2c(c1)CCC(=O)N2>>CCCCCc1ccc2c(c1)C(=O)N(C)Cc1c(C(=O)OCC)ncn1-2
plate_4,COc1ccc2c(c1)CNC2=O,7870.00603,plate_4_385,CCOC(=O)c1ncn2c1CN(C)C(=O)c1cc(Br)ccc1-2.CCCCCC(=O)O.COc1ccc2c(c1)CNC2=O>>CCCCCc1ccc2c(c1)C(=O)N(C)Cc1c(C(=O)OCC)ncn1-2
plate_4,COc1ccc2c(c1)NC(=O)C2=O,0.0,plate_4_386,CCOC(=O)c1ncn2c1CN(C)C(=O)c1cc(Br)ccc1-2.CCCCCC(=O)O.COc1ccc2c(c1)NC(=O)C2=O>>CCCCCc1ccc2c(c1)C(=O)N(C)Cc1c(C(=O)OCC)ncn1-2
plate_4,COc1cccc2c1C(=O)CCC2,9299.30786,plate_4_388,CCOC(=O)c1ncn2c1CN(C)C(=O)c1cc(Br)ccc1-2.CCCCCC(=O)O.COc1cccc2c1C(=O)CCC2>>CCCCCc1ccc2c(c1)C(=O)N(C)Cc1c(C(=O)OCC)ncn1-2
plate_4,COc1cccc2c1NC(=O)C2,8534.89063,plate_4_389,CCOC(=O)c1ncn2c1CN(C)C(=O)c1cc(Br)ccc1-2.CCCCCC(=O)O.COc1cccc2c1NC(=O)C2>>CCCCCc1ccc2c(c1)C(=O)N(C)Cc1c(C(=O)OCC)ncn1-2
plate_4,COc1cccc2cc(C(=O)O)[nH]c12,4330.69442,plate_4_390,CCOC(=O)c1ncn2c1CN(C)C(=O)c1cc(Br)ccc1-2.CCCCCC(=O)O.COc1cccc2cc(C(=O)O)[nH]c12>>CCCCCc1ccc2c(c1)C(=O)N(C)Cc1c(C(=O)OCC)ncn1-2
plate_4,COc1cccc2cc[nH]c12,7131.35088,plate_4_391,CCOC(=O)c1ncn2c1CN(C)C(=O)c1cc(Br)ccc1-2.CCCCCC(=O)O.COc1cccc2cc[nH]c12>>CCCCCc1ccc2c(c1)C(=O)N(C)Cc1c(C(=O)OCC)ncn1-2
plate_4,COc1ccccc1,12597.10452,plate_4_392,CCOC(=O)c1ncn2c1CN(C)C(=O)c1cc(Br)ccc1-2.CCCCCC(=O)O.COc1ccccc1>>CCCCCc1ccc2c(c1)C(=O)N(C)Cc1c(C(=O)OCC)ncn1-2
plate_4,COc1ccccc1/C(N)=N/O,3157.25037,plate_4_393,CCOC(=O)c1ncn2c1CN(C)C(=O)c1cc(Br)ccc1-2.CCCCCC(=O)O.COc1ccccc1/C(N)=N/O>>CCCCCc1ccc2c(c1)C(=O)N(C)Cc1c(C(=O)OCC)ncn1-2
plate_4,COc1ccccc1C(N)=S,0.0,plate_4_395,CCOC(=O)c1ncn2c1CN(C)C(=O)c1cc(Br)ccc1-2.CCCCCC(=O)O.COc1ccccc1C(N)=S>>CCCCCc1ccc2c(c1)C(=O)N(C)Cc1c(C(=O)OCC)ncn1-2
plate_4,COc1ccccc1NC(C)=O,14705.38378,plate_4_116,CCOC(=O)c1ncn2c1CN(C)C(=O)c1cc(Br)ccc1-2.CCCCCC(=O)O.COc1ccccc1NC(C)=O>>CCCCCc1ccc2c(c1)C(=O)N(C)Cc1c(C(=O)OCC)ncn1-2
plate_4,COc1ccccc1NC(N)=S,4622.22169,plate_4_396,CCOC(=O)c1ncn2c1CN(C)C(=O)c1cc(Br)ccc1-2.CCCCCC(=O)O.COc1ccccc1NC(N)=S>>CCCCCc1ccc2c(c1)C(=O)N(C)Cc1c(C(=O)OCC)ncn1-2
plate_4,COc1ccccc1O,8903.07469,plate_4_397,CCOC(=O)c1ncn2c1CN(C)C(=O)c1cc(Br)ccc1-2.CCCCCC(=O)O.COc1ccccc1O>>CCCCCc1ccc2c(c1)C(=O)N(C)Cc1c(C(=O)OCC)ncn1-2
plate_4,COc1ccccc1OC,14491.37854,plate_4_398,CCOC(=O)c1ncn2c1CN(C)C(=O)c1cc(Br)ccc1-2.CCCCCC(=O)O.COc1ccccc1OC>>CCCCCc1ccc2c(c1)C(=O)N(C)Cc1c(C(=O)OCC)ncn1-2
plate_4,COc1ccccc1OCC(N)=O,14572.07022,plate_4_399,CCOC(=O)c1ncn2c1CN(C)C(=O)c1cc(Br)ccc1-2.CCCCCC(=O)O.COc1ccccc1OCC(N)=O>>CCCCCc1ccc2c(c1)C(=O)N(C)Cc1c(C(=O)OCC)ncn1-2
plate_4,COc1ccccc1S,6044.51783,plate_4_400,CCOC(=O)c1ncn2c1CN(C)C(=O)c1cc(Br)ccc1-2.CCCCCC(=O)O.COc1ccccc1S>>CCCCCc1ccc2c(c1)C(=O)N(C)Cc1c(C(=O)OCC)ncn1-2
plate_4,COc1ccnc(O)c1,12363.40976,plate_4_401,CCOC(=O)c1ncn2c1CN(C)C(=O)c1cc(Br)ccc1-2.CCCCCC(=O)O.COc1ccnc(O)c1>>CCCCCc1ccc2c(c1)C(=O)N(C)Cc1c(C(=O)OCC)ncn1-2
plate_4,CS(=O)(=O)C/C(N)=N/O,3447.5326,plate_4_403,CCOC(=O)c1ncn2c1CN(C)C(=O)c1cc(Br)ccc1-2.CCCCCC(=O)O.CS(=O)(=O)C/C(N)=N/O>>CCCCCc1ccc2c(c1)C(=O)N(C)Cc1c(C(=O)OCC)ncn1-2
plate_4,CS(=O)(=O)CC(=O)c1ccccc1,6053.26525,plate_4_404,CCOC(=O)c1ncn2c1CN(C)C(=O)c1cc(Br)ccc1-2.CCCCCC(=O)O.CS(=O)(=O)CC(=O)c1ccccc1>>CCCCCc1ccc2c(c1)C(=O)N(C)Cc1c(C(=O)OCC)ncn1-2
plate_4,CS(=O)(=O)Nc1ccccn1,5390.65009,plate_4_406,CCOC(=O)c1ncn2c1CN(C)C(=O)c1cc(Br)ccc1-2.CCCCCC(=O)O.CS(=O)(=O)Nc1ccccn1>>CCCCCc1ccc2c(c1)C(=O)N(C)Cc1c(C(=O)OCC)ncn1-2
plate_4,CS(=O)(=O)c1ccccc1O,2835.64471,plate_4_408,CCOC(=O)c1ncn2c1CN(C)C(=O)c1cc(Br)ccc1-2.CCCCCC(=O)O.CS(=O)(=O)c1ccccc1O>>CCCCCc1ccc2c(c1)C(=O)N(C)Cc1c(C(=O)OCC)ncn1-2
plate_4,CS(=O)(=O)c1nc2ccccc2[nH]1,8065.87304,plate_4_407,CCOC(=O)c1ncn2c1CN(C)C(=O)c1cc(Br)ccc1-2.CCCCCC(=O)O.CS(=O)(=O)c1nc2ccccc2[nH]1>>CCCCCc1ccc2c(c1)C(=O)N(C)Cc1c(C(=O)OCC)ncn1-2
plate_4,CS(=O)(=O)c1nc2ccccc2s1,9686.60553,plate_4_409,CCOC(=O)c1ncn2c1CN(C)C(=O)c1cc(Br)ccc1-2.CCCCCC(=O)O.CS(=O)(=O)c1nc2ccccc2s1>>CCCCCc1ccc2c(c1)C(=O)N(C)Cc1c(C(=O)OCC)ncn1-2
plate_4,CS(=O)(=O)c1nc[nH]n1,14423.77431,plate_4_410,CCOC(=O)c1ncn2c1CN(C)C(=O)c1cc(Br)ccc1-2.CCCCCC(=O)O.CS(=O)(=O)c1nc[nH]n1>>CCCCCc1ccc2c(c1)C(=O)N(C)Cc1c(C(=O)OCC)ncn1-2
plate_4,CS(=O)c1ccccc1,12953.04777,plate_4_411,CCOC(=O)c1ncn2c1CN(C)C(=O)c1cc(Br)ccc1-2.CCCCCC(=O)O.CS(=O)c1ccccc1>>CCCCCc1ccc2c(c1)C(=O)N(C)Cc1c(C(=O)OCC)ncn1-2
plate_4,CS(C)(=O)=O,9153.92783,plate_4_402,CCOC(=O)c1ncn2c1CN(C)C(=O)c1cc(Br)ccc1-2.CCCCCC(=O)O.CS(C)(=O)=O>>CCCCCc1ccc2c(c1)C(=O)N(C)Cc1c(C(=O)OCC)ncn1-2
plate_4,CS(N)(=O)=O,8008.94677,plate_4_405,CCOC(=O)c1ncn2c1CN(C)C(=O)c1cc(Br)ccc1-2.CCCCCC(=O)O.CS(N)(=O)=O>>CCCCCc1ccc2c(c1)C(=O)N(C)Cc1c(C(=O)OCC)ncn1-2
plate_4,CSCC(=O)O,0.0,plate_4_412,CCOC(=O)c1ncn2c1CN(C)C(=O)c1cc(Br)ccc1-2.CCCCCC(=O)O.CSCC(=O)O>>CCCCCc1ccc2c(c1)C(=O)N(C)Cc1c(C(=O)OCC)ncn1-2
plate_4,CSCC(C)=O,15303.62074,plate_4_107,CCOC(=O)c1ncn2c1CN(C)C(=O)c1cc(Br)ccc1-2.CCCCCC(=O)O.CSCC(C)=O>>CCCCCc1ccc2c(c1)C(=O)N(C)Cc1c(C(=O)OCC)ncn1-2
plate_4,CSCCCO,15618.41602,plate_4_413,CCOC(=O)c1ncn2c1CN(C)C(=O)c1cc(Br)ccc1-2.CCCCCC(=O)O.CSCCCO>>CCCCCc1ccc2c(c1)C(=O)N(C)Cc1c(C(=O)OCC)ncn1-2
plate_4,CSc1ccccc1,10172.85629,plate_4_414,CCOC(=O)c1ncn2c1CN(C)C(=O)c1cc(Br)ccc1-2.CCCCCC(=O)O.CSc1ccccc1>>CCCCCc1ccc2c(c1)C(=O)N(C)Cc1c(C(=O)OCC)ncn1-2
plate_4,CSc1ccccc1C(=O)O,0.0,plate_4_415,CCOC(=O)c1ncn2c1CN(C)C(=O)c1cc(Br)ccc1-2.CCCCCC(=O)O.CSc1ccccc1C(=O)O>>CCCCCc1ccc2c(c1)C(=O)N(C)Cc1c(C(=O)OCC)ncn1-2
plate_4,CSc1ccccc1O,10865.72364,plate_4_416,CCOC(=O)c1ncn2c1CN(C)C(=O)c1cc(Br)ccc1-2.CCCCCC(=O)O.CSc1ccccc1O>>CCCCCc1ccc2c(c1)C(=O)N(C)Cc1c(C(=O)OCC)ncn1-2
plate_4,C[C@@H]1COC(=O)O1,13533.72988,plate_4_417,CCOC(=O)c1ncn2c1CN(C)C(=O)c1cc(Br)ccc1-2.CCCCCC(=O)O.C[C@@H]1COC(=O)O1>>CCCCCc1ccc2c(c1)C(=O)N(C)Cc1c(C(=O)OCC)ncn1-2
plate_4,C[S@@](=N)(=O)c1ccccc1,10753.27718,plate_4_419,CCOC(=O)c1ncn2c1CN(C)C(=O)c1cc(Br)ccc1-2.CCCCCC(=O)O.C[S@@](=N)(=O)c1ccccc1>>CCCCCc1ccc2c(c1)C(=O)N(C)Cc1c(C(=O)OCC)ncn1-2
plate_4,Cc1cc(C)[nH]n1,11262.17175,plate_4_422,CCOC(=O)c1ncn2c1CN(C)C(=O)c1cc(Br)ccc1-2.CCCCCC(=O)O.Cc1cc(C)[nH]n1>>CCCCCc1ccc2c(c1)C(=O)N(C)Cc1c(C(=O)OCC)ncn1-2
plate_4,Cc1cc(C)on1,10640.13119,plate_4_424,CCOC(=O)c1ncn2c1CN(C)C(=O)c1cc(Br)ccc1-2.CCCCCC(=O)O.Cc1cc(C)on1>>CCCCCc1ccc2c(c1)C(=O)N(C)Cc1c(C(=O)OCC)ncn1-2
plate_4,Cc1cc(O)nc(O)c1,0.0,plate_4_423,CCOC(=O)c1ncn2c1CN(C)C(=O)c1cc(Br)ccc1-2.CCCCCC(=O)O.Cc1cc(O)nc(O)c1>>CCCCCc1ccc2c(c1)C(=O)N(C)Cc1c(C(=O)OCC)ncn1-2
plate_4,Cc1cc([N+](=O)[O-])c(O)c([N+](=O)[O-])c1,0.0,plate_4_421,CCOC(=O)c1ncn2c1CN(C)C(=O)c1cc(Br)ccc1-2.CCCCCC(=O)O.Cc1cc([N+](=O)[O-])c(O)c([N+](=O)[O-])c1>>CCCCCc1ccc2c(c1)C(=O)N(C)Cc1c(C(=O)OCC)ncn1-2
plate_4,Cc1ccc(-c2nnn[nH]2)cc1,19657.82414,plate_4_430,CCOC(=O)c1ncn2c1CN(C)C(=O)c1cc(Br)ccc1-2.CCCCCC(=O)O.Cc1ccc(-c2nnn[nH]2)cc1>>CCCCCc1ccc2c(c1)C(=O)N(C)Cc1c(C(=O)OCC)ncn1-2
plate_4,Cc1ccc(C(=O)NN)cc1,0.0,plate_4_427,CCOC(=O)c1ncn2c1CN(C)C(=O)c1cc(Br)ccc1-2.CCCCCC(=O)O.Cc1ccc(C(=O)NN)cc1>>CCCCCc1ccc2c(c1)C(=O)N(C)Cc1c(C(=O)OCC)ncn1-2
plate_4,Cc1ccc(C(N)=O)cc1,12175.22739,plate_4_426,CCOC(=O)c1ncn2c1CN(C)C(=O)c1cc(Br)ccc1-2.CCCCCC(=O)O.Cc1ccc(C(N)=O)cc1>>CCCCCc1ccc2c(c1)C(=O)N(C)Cc1c(C(=O)OCC)ncn1-2
plate_4,Cc1ccc(C(N)=S)cc1,0.0,plate_4_428,CCOC(=O)c1ncn2c1CN(C)C(=O)c1cc(Br)ccc1-2.CCCCCC(=O)O.Cc1ccc(C(N)=S)cc1>>CCCCCc1ccc2c(c1)C(=O)N(C)Cc1c(C(=O)OCC)ncn1-2
plate_4,Cc1ccc(C=O)cc1,11387.7053,plate_4_429,CCOC(=O)c1ncn2c1CN(C)C(=O)c1cc(Br)ccc1-2.CCCCCC(=O)O.Cc1ccc(C=O)cc1>>CCCCCc1ccc2c(c1)C(=O)N(C)Cc1c(C(=O)OCC)ncn1-2
plate_4,Cc1ccc(O)nc1,4723.57957,plate_4_431,CCOC(=O)c1ncn2c1CN(C)C(=O)c1cc(Br)ccc1-2.CCCCCC(=O)O.Cc1ccc(O)nc1>>CCCCCc1ccc2c(c1)C(=O)N(C)Cc1c(C(=O)OCC)ncn1-2
plate_4,Cc1cccc(C)c1C(=O)O,15548.30026,plate_4_433,CCOC(=O)c1ncn2c1CN(C)C(=O)c1cc(Br)ccc1-2.CCCCCC(=O)O.Cc1cccc(C)c1C(=O)O>>CCCCCc1ccc2c(c1)C(=O)N(C)Cc1c(C(=O)OCC)ncn1-2
plate_4,Cc1cccc(C)c1O,11004.07387,plate_4_434,CCOC(=O)c1ncn2c1CN(C)C(=O)c1cc(Br)ccc1-2.CCCCCC(=O)O.Cc1cccc(C)c1O>>CCCCCc1ccc2c(c1)C(=O)N(C)Cc1c(C(=O)OCC)ncn1-2
plate_4,Cc1ccn(C(N)=O)n1,36906.01221,plate_4_435,CCOC(=O)c1ncn2c1CN(C)C(=O)c1cc(Br)ccc1-2.CCCCCC(=O)O.Cc1ccn(C(N)=O)n1>>CCCCCc1ccc2c(c1)C(=O)N(C)Cc1c(C(=O)OCC)ncn1-2
plate_4,Cc1cnc(C(=N)N)cn1,16830.28574,plate_4_437,CCOC(=O)c1ncn2c1CN(C)C(=O)c1cc(Br)ccc1-2.CCCCCC(=O)O.Cc1cnc(C(=N)N)cn1>>CCCCCc1ccc2c(c1)C(=O)N(C)Cc1c(C(=O)OCC)ncn1-2
plate_4,Cc1cnc(C(C)NC(=O)OC(C)(C)C)[nH]1,14955.30525,plate_4_436,CCOC(=O)c1ncn2c1CN(C)C(=O)c1cc(Br)ccc1-2.CCCCCC(=O)O.Cc1cnc(C(C)NC(=O)OC(C)(C)C)[nH]1>>CCCCCc1ccc2c(c1)C(=O)N(C)Cc1c(C(=O)OCC)ncn1-2
plate_4,Cc1cnc(O)nc1,13420.75874,plate_4_438,CCOC(=O)c1ncn2c1CN(C)C(=O)c1cc(Br)ccc1-2.CCCCCC(=O)O.Cc1cnc(O)nc1>>CCCCCc1ccc2c(c1)C(=O)N(C)Cc1c(C(=O)OCC)ncn1-2
plate_4,Cc1cscn1,13201.47106,plate_4_440,CCOC(=O)c1ncn2c1CN(C)C(=O)c1cc(Br)ccc1-2.CCCCCC(=O)O.Cc1cscn1>>CCCCCc1ccc2c(c1)C(=O)N(C)Cc1c(C(=O)OCC)ncn1-2
plate_4,Cc1nc(-c2ccccc2O)cs1,0.0,plate_4_442,CCOC(=O)c1ncn2c1CN(C)C(=O)c1cc(Br)ccc1-2.CCCCCC(=O)O.Cc1nc(-c2ccccc2O)cs1>>CCCCCc1ccc2c(c1)C(=O)N(C)Cc1c(C(=O)OCC)ncn1-2
plate_4,Cc1nc(=O)[nH]n1-c1ccccc1,3926.34436,plate_4_441,CCOC(=O)c1ncn2c1CN(C)C(=O)c1cc(Br)ccc1-2.CCCCCC(=O)O.Cc1nc(=O)[nH]n1-c1ccccc1>>CCCCCc1ccc2c(c1)C(=O)N(C)Cc1c(C(=O)OCC)ncn1-2
plate_4,Cn1c(=O)[nH]c2ccccc2c1=O,7270.59294,plate_4_444,CCOC(=O)c1ncn2c1CN(C)C(=O)c1cc(Br)ccc1-2.CCCCCC(=O)O.Cn1c(=O)[nH]c2ccccc2c1=O>>CCCCCc1ccc2c(c1)C(=O)N(C)Cc1c(C(=O)OCC)ncn1-2
plate_4,Cn1cc(C(=O)O)nn1,7280.60924,plate_4_454,CCOC(=O)c1ncn2c1CN(C)C(=O)c1cc(Br)ccc1-2.CCCCCC(=O)O.Cn1cc(C(=O)O)nn1>>CCCCCc1ccc2c(c1)C(=O)N(C)Cc1c(C(=O)OCC)ncn1-2
plate_4,Cn1cc[nH]c1=O,15693.85307,plate_4_455,CCOC(=O)c1ncn2c1CN(C)C(=O)c1cc(Br)ccc1-2.CCCCCC(=O)O.Cn1cc[nH]c1=O>>CCCCCc1ccc2c(c1)C(=O)N(C)Cc1c(C(=O)OCC)ncn1-2
plate_4,Cn1ccc(=O)[nH]c1=O,21519.80772,plate_4_456,CCOC(=O)c1ncn2c1CN(C)C(=O)c1cc(Br)ccc1-2.CCCCCC(=O)O.Cn1ccc(=O)[nH]c1=O>>CCCCCc1ccc2c(c1)C(=O)N(C)Cc1c(C(=O)OCC)ncn1-2
plate_4,Cn1ccc(=O)n(C)c1=O,12987.33777,plate_4_457,CCOC(=O)c1ncn2c1CN(C)C(=O)c1cc(Br)ccc1-2.CCCCCC(=O)O.Cn1ccc(=O)n(C)c1=O>>CCCCCc1ccc2c(c1)C(=O)N(C)Cc1c(C(=O)OCC)ncn1-2
plate_4,Cn1ccc(C(=O)O)n1,6990.47708,plate_4_458,CCOC(=O)c1ncn2c1CN(C)C(=O)c1cc(Br)ccc1-2.CCCCCC(=O)O.Cn1ccc(C(=O)O)n1>>CCCCCc1ccc2c(c1)C(=O)N(C)Cc1c(C(=O)OCC)ncn1-2
plate_4,Cn1ccnc1[N+](=O)[O-],0.0,plate_4_460,CCOC(=O)c1ncn2c1CN(C)C(=O)c1cc(Br)ccc1-2.CCCCCC(=O)O.Cn1ccnc1[N+](=O)[O-]>>CCCCCc1ccc2c(c1)C(=O)N(C)Cc1c(C(=O)OCC)ncn1-2
plate_4,Cn1cnc(C=O)c1,13040.24496,plate_4_451,CCOC(=O)c1ncn2c1CN(C)C(=O)c1cc(Br)ccc1-2.CCCCCC(=O)O.Cn1cnc(C=O)c1>>CCCCCc1ccc2c(c1)C(=O)N(C)Cc1c(C(=O)OCC)ncn1-2
plate_4,Cn1cnc(CO)c1,11897.96524,plate_4_452,CCOC(=O)c1ncn2c1CN(C)C(=O)c1cc(Br)ccc1-2.CCCCCC(=O)O.Cn1cnc(CO)c1>>CCCCCc1ccc2c(c1)C(=O)N(C)Cc1c(C(=O)OCC)ncn1-2
plate_4,Cn1cnc(S(N)(=O)=O)c1,10824.63127,plate_4_453,CCOC(=O)c1ncn2c1CN(C)C(=O)c1cc(Br)ccc1-2.CCCCCC(=O)O.Cn1cnc(S(N)(=O)=O)c1>>CCCCCc1ccc2c(c1)C(=O)N(C)Cc1c(C(=O)OCC)ncn1-2
plate_4,Cn1cnc2c(=O)[nH]c(=O)[nH]c21,13544.4345,plate_4_461,CCOC(=O)c1ncn2c1CN(C)C(=O)c1cc(Br)ccc1-2.CCCCCC(=O)O.Cn1cnc2c(=O)[nH]c(=O)[nH]c21>>CCCCCc1ccc2c(c1)C(=O)N(C)Cc1c(C(=O)OCC)ncn1-2
plate_4,Cn1cnc2c(=O)[nH]c(=O)n(C)c21,16289.34798,plate_4_463,CCOC(=O)c1ncn2c1CN(C)C(=O)c1cc(Br)ccc1-2.CCCCCC(=O)O.Cn1cnc2c(=O)[nH]c(=O)n(C)c21>>CCCCCc1ccc2c(c1)C(=O)N(C)Cc1c(C(=O)OCC)ncn1-2
plate_4,Cn1cnc2ccccc21,11635.41256,plate_4_462,CCOC(=O)c1ncn2c1CN(C)C(=O)c1cc(Br)ccc1-2.CCCCCC(=O)O.Cn1cnc2ccccc21>>CCCCCc1ccc2c(c1)C(=O)N(C)Cc1c(C(=O)OCC)ncn1-2
plate_4,Cn1cncc1C(=O)O,11032.81394,plate_4_464,CCOC(=O)c1ncn2c1CN(C)C(=O)c1cc(Br)ccc1-2.CCCCCC(=O)O.Cn1cncc1C(=O)O>>CCCCCc1ccc2c(c1)C(=O)N(C)Cc1c(C(=O)OCC)ncn1-2
plate_4,Cn1cncc1CO,11622.66484,plate_4_465,CCOC(=O)c1ncn2c1CN(C)C(=O)c1cc(Br)ccc1-2.CCCCCC(=O)O.Cn1cncc1CO>>CCCCCc1ccc2c(c1)C(=O)N(C)Cc1c(C(=O)OCC)ncn1-2
plate_4,Cn1nc(-c2ccccc2)cc1O,2902.49624,plate_4_445,CCOC(=O)c1ncn2c1CN(C)C(=O)c1cc(Br)ccc1-2.CCCCCC(=O)O.Cn1nc(-c2ccccc2)cc1O>>CCCCCc1ccc2c(c1)C(=O)N(C)Cc1c(C(=O)OCC)ncn1-2
plate_4,Cn1nccc1C(=O)O,15306.140765,plate_4_446,CCOC(=O)c1ncn2c1CN(C)C(=O)c1cc(Br)ccc1-2.CCCCCC(=O)O.Cn1nccc1C(=O)O>>CCCCCc1ccc2c(c1)C(=O)N(C)Cc1c(C(=O)OCC)ncn1-2
plate_4,Cn1nccc1O,3875.19812,plate_4_448,CCOC(=O)c1ncn2c1CN(C)C(=O)c1cc(Br)ccc1-2.CCCCCC(=O)O.Cn1nccc1O>>CCCCCc1ccc2c(c1)C(=O)N(C)Cc1c(C(=O)OCC)ncn1-2
plate_4,Cn1nncc1C(=O)O,14399.03963,plate_4_449,CCOC(=O)c1ncn2c1CN(C)C(=O)c1cc(Br)ccc1-2.CCCCCC(=O)O.Cn1nncc1C(=O)O>>CCCCCc1ccc2c(c1)C(=O)N(C)Cc1c(C(=O)OCC)ncn1-2
plate_4,FC(F)(F)c1c[nH]cn1,15913.00701,plate_4_471,CCOC(=O)c1ncn2c1CN(C)C(=O)c1cc(Br)ccc1-2.CCCCCC(=O)O.FC(F)(F)c1c[nH]cn1>>CCCCCc1ccc2c(c1)C(=O)N(C)Cc1c(C(=O)OCC)ncn1-2
plate_4,FC(F)(F)c1cn[nH]c1,5671.23533,plate_4_470,CCOC(=O)c1ncn2c1CN(C)C(=O)c1cc(Br)ccc1-2.CCCCCC(=O)O.FC(F)(F)c1cn[nH]c1>>CCCCCc1ccc2c(c1)C(=O)N(C)Cc1c(C(=O)OCC)ncn1-2
plate_4,FC(F)(F)c1ncc[nH]1,17985.51981,plate_4_697,CCOC(=O)c1ncn2c1CN(C)C(=O)c1cc(Br)ccc1-2.CCCCCC(=O)O.FC(F)(F)c1ncc[nH]1>>CCCCCc1ccc2c(c1)C(=O)N(C)Cc1c(C(=O)OCC)ncn1-2
plate_4,Fc1ccc2[nH]ccc2c1,12776.77734,plate_4_503,CCOC(=O)c1ncn2c1CN(C)C(=O)c1cc(Br)ccc1-2.CCCCCC(=O)O.Fc1ccc2[nH]ccc2c1>>CCCCCc1ccc2c(c1)C(=O)N(C)Cc1c(C(=O)OCC)ncn1-2
plate_4,Fc1ccc2[nH]ncc2c1,5161.37439,plate_4_502,CCOC(=O)c1ncn2c1CN(C)C(=O)c1cc(Br)ccc1-2.CCCCCC(=O)O.Fc1ccc2[nH]ncc2c1>>CCCCCc1ccc2c(c1)C(=O)N(C)Cc1c(C(=O)OCC)ncn1-2
plate_4,Fc1ccccn1,16575.01121,plate_4_688,CCOC(=O)c1ncn2c1CN(C)C(=O)c1cc(Br)ccc1-2.CCCCCC(=O)O.Fc1ccccn1>>CCCCCc1ccc2c(c1)C(=O)N(C)Cc1c(C(=O)OCC)ncn1-2
plate_4,N#CC(C#N)c1ccccc1,0.0,plate_4_564,CCOC(=O)c1ncn2c1CN(C)C(=O)c1cc(Br)ccc1-2.CCCCCC(=O)O.N#CC(C#N)c1ccccc1>>CCCCCc1ccc2c(c1)C(=O)N(C)Cc1c(C(=O)OCC)ncn1-2
plate_4,N#CC1(O)CCCCC1,0.0,plate_4_46,CCOC(=O)c1ncn2c1CN(C)C(=O)c1cc(Br)ccc1-2.CCCCCC(=O)O.N#CC1(O)CCCCC1>>CCCCCc1ccc2c(c1)C(=O)N(C)Cc1c(C(=O)OCC)ncn1-2
plate_4,N#CC1CCCCC1,12095.10162,plate_4_47,CCOC(=O)c1ncn2c1CN(C)C(=O)c1cc(Br)ccc1-2.CCCCCC(=O)O.N#CC1CCCCC1>>CCCCCc1ccc2c(c1)C(=O)N(C)Cc1c(C(=O)OCC)ncn1-2
plate_4,N#CC1CCCS1,11751.90461,plate_4_37,CCOC(=O)c1ncn2c1CN(C)C(=O)c1cc(Br)ccc1-2.CCCCCC(=O)O.N#CC1CCCS1>>CCCCCc1ccc2c(c1)C(=O)N(C)Cc1c(C(=O)OCC)ncn1-2
plate_4,N#CCC(=O)Nc1ccccc1,10258.76862,plate_4_591,CCOC(=O)c1ncn2c1CN(C)C(=O)c1cc(Br)ccc1-2.CCCCCC(=O)O.N#CCC(=O)Nc1ccccc1>>CCCCCc1ccc2c(c1)C(=O)N(C)Cc1c(C(=O)OCC)ncn1-2
plate_4,N#CCC1=CCCCC1,11895.76854,plate_4_40,CCOC(=O)c1ncn2c1CN(C)C(=O)c1cc(Br)ccc1-2.CCCCCC(=O)O.N#CCC1=CCCCC1>>CCCCCc1ccc2c(c1)C(=O)N(C)Cc1c(C(=O)OCC)ncn1-2
plate_4,N#CCCCc1ccccc1,13867.68192,plate_4_573,CCOC(=O)c1ncn2c1CN(C)C(=O)c1cc(Br)ccc1-2.CCCCCC(=O)O.N#CCCCc1ccccc1>>CCCCCc1ccc2c(c1)C(=O)N(C)Cc1c(C(=O)OCC)ncn1-2
plate_4,N#CCS(N)(=O)=O,17618.41463,plate_4_6,CCOC(=O)c1ncn2c1CN(C)C(=O)c1cc(Br)ccc1-2.CCCCCC(=O)O.N#CCS(N)(=O)=O>>CCCCCc1ccc2c(c1)C(=O)N(C)Cc1c(C(=O)OCC)ncn1-2
plate_4,N#CCc1cccc2cccnc12,5577.46945,plate_4_517,CCOC(=O)c1ncn2c1CN(C)C(=O)c1cc(Br)ccc1-2.CCCCCC(=O)O.N#CCc1cccc2cccnc12>>CCCCCc1ccc2c(c1)C(=O)N(C)Cc1c(C(=O)OCC)ncn1-2
plate_4,N#CCc1nccs1,0.0,plate_4_716,CCOC(=O)c1ncn2c1CN(C)C(=O)c1cc(Br)ccc1-2.CCCCCC(=O)O.N#CCc1nccs1>>CCCCCc1ccc2c(c1)C(=O)N(C)Cc1c(C(=O)OCC)ncn1-2
plate_4,N#C[C@@H]1CC[C@H]1C#N,15202.09945,plate_4_76,CCOC(=O)c1ncn2c1CN(C)C(=O)c1cc(Br)ccc1-2.CCCCCC(=O)O.N#C[C@@H]1CC[C@H]1C#N>>CCCCCc1ccc2c(c1)C(=O)N(C)Cc1c(C(=O)OCC)ncn1-2
plate_4,N#Cc1cccc(C#N)n1,12041.76444,plate_4_482,CCOC(=O)c1ncn2c1CN(C)C(=O)c1cc(Br)ccc1-2.CCCCCC(=O)O.N#Cc1cccc(C#N)n1>>CCCCCc1ccc2c(c1)C(=O)N(C)Cc1c(C(=O)OCC)ncn1-2
plate_4,N#Cc1cccc2cc[nH]c12,13322.64875,plate_4_509,CCOC(=O)c1ncn2c1CN(C)C(=O)c1cc(Br)ccc1-2.CCCCCC(=O)O.N#Cc1cccc2cc[nH]c12>>CCCCCc1ccc2c(c1)C(=O)N(C)Cc1c(C(=O)OCC)ncn1-2
plate_4,N#Cc1cccc2cccnc12,3701.90105,plate_4_516,CCOC(=O)c1ncn2c1CN(C)C(=O)c1cc(Br)ccc1-2.CCCCCC(=O)O.N#Cc1cccc2cccnc12>>CCCCCc1ccc2c(c1)C(=O)N(C)Cc1c(C(=O)OCC)ncn1-2
plate_4,N#Cc1ccccc1,14514.71543,plate_4_558,CCOC(=O)c1ncn2c1CN(C)C(=O)c1cc(Br)ccc1-2.CCCCCC(=O)O.N#Cc1ccccc1>>CCCCCc1ccc2c(c1)C(=O)N(C)Cc1c(C(=O)OCC)ncn1-2
plate_4,N#Cc1ccccc1C#N,14965.48998,plate_4_526,CCOC(=O)c1ncn2c1CN(C)C(=O)c1cc(Br)ccc1-2.CCCCCC(=O)O.N#Cc1ccccc1C#N>>CCCCCc1ccc2c(c1)C(=O)N(C)Cc1c(C(=O)OCC)ncn1-2
plate_4,N#Cc1ccccc1O,0.0,plate_4_527,CCOC(=O)c1ncn2c1CN(C)C(=O)c1cc(Br)ccc1-2.CCCCCC(=O)O.N#Cc1ccccc1O>>CCCCCc1ccc2c(c1)C(=O)N(C)Cc1c(C(=O)OCC)ncn1-2
plate_4,N#Cc1ccccc1[N+](=O)[O-],0.0,plate_4_528,CCOC(=O)c1ncn2c1CN(C)C(=O)c1cc(Br)ccc1-2.CCCCCC(=O)O.N#Cc1ccccc1[N+](=O)[O-]>>CCCCCc1ccc2c(c1)C(=O)N(C)Cc1c(C(=O)OCC)ncn1-2
plate_4,N#Cc1ccccn1,12261.67006,plate_4_678,CCOC(=O)c1ncn2c1CN(C)C(=O)c1cc(Br)ccc1-2.CCCCCC(=O)O.N#Cc1ccccn1>>CCCCCc1ccc2c(c1)C(=O)N(C)Cc1c(C(=O)OCC)ncn1-2
plate_4,N#Cc1ncccn1,15136.7537,plate_4_701,CCOC(=O)c1ncn2c1CN(C)C(=O)c1cc(Br)ccc1-2.CCCCCC(=O)O.N#Cc1ncccn1>>CCCCCc1ccc2c(c1)C(=O)N(C)Cc1c(C(=O)OCC)ncn1-2
plate_4,N#Cc1nccs1,14097.33801,plate_4_715,CCOC(=O)c1ncn2c1CN(C)C(=O)c1cc(Br)ccc1-2.CCCCCC(=O)O.N#Cc1nccs1>>CCCCCc1ccc2c(c1)C(=O)N(C)Cc1c(C(=O)OCC)ncn1-2
plate_4,N#N,13135.11331,plate_4_466,CCOC(=O)c1ncn2c1CN(C)C(=O)c1cc(Br)ccc1-2.CCCCCC(=O)O.N#N>>CCCCCc1ccc2c(c1)C(=O)N(C)Cc1c(C(=O)OCC)ncn1-2
plate_4,N/C(=N\O)c1ccccc1,6028.95538,plate_4_555,CCOC(=O)c1ncn2c1CN(C)C(=O)c1cc(Br)ccc1-2.CCCCCC(=O)O.N/C(=N\O)c1ccccc1>>CCCCCc1ccc2c(c1)C(=O)N(C)Cc1c(C(=O)OCC)ncn1-2
plate_4,N/C(=N\O)c1ccccn1,0.0,plate_4_676,CCOC(=O)c1ncn2c1CN(C)C(=O)c1cc(Br)ccc1-2.CCCCCC(=O)O.N/C(=N\O)c1ccccn1>>CCCCCc1ccc2c(c1)C(=O)N(C)Cc1c(C(=O)OCC)ncn1-2
plate_4,N/C(=N\O)c1cccs1,4688.50098,plate_4_489,CCOC(=O)c1ncn2c1CN(C)C(=O)c1cc(Br)ccc1-2.CCCCCC(=O)O.N/C(=N\O)c1cccs1>>CCCCCc1ccc2c(c1)C(=O)N(C)Cc1c(C(=O)OCC)ncn1-2
plate_4,N/C(=N\O)c1cnc2ccccc2n1,0.0,plate_4_669,CCOC(=O)c1ncn2c1CN(C)C(=O)c1cc(Br)ccc1-2.CCCCCC(=O)O.N/C(=N\O)c1cnc2ccccc2n1>>CCCCCc1ccc2c(c1)C(=O)N(C)Cc1c(C(=O)OCC)ncn1-2
plate_4,N/C(=N\O)c1nc2ccccc2s1,0.0,plate_4_666,CCOC(=O)c1ncn2c1CN(C)C(=O)c1cc(Br)ccc1-2.CCCCCC(=O)O.N/C(=N\O)c1nc2ccccc2s1>>CCCCCc1ccc2c(c1)C(=O)N(C)Cc1c(C(=O)OCC)ncn1-2
plate_4,N/C(Cc1ccccc1)=N\O,4628.98526,plate_4_568,CCOC(=O)c1ncn2c1CN(C)C(=O)c1cc(Br)ccc1-2.CCCCCC(=O)O.N/C(Cc1ccccc1)=N\O>>CCCCCc1ccc2c(c1)C(=O)N(C)Cc1c(C(=O)OCC)ncn1-2
plate_4,N/N=C/c1ccccc1O,0.0,plate_4_525,CCOC(=O)c1ncn2c1CN(C)C(=O)c1cc(Br)ccc1-2.CCCCCC(=O)O.N/N=C/c1ccccc1O>>CCCCCc1ccc2c(c1)C(=O)N(C)Cc1c(C(=O)OCC)ncn1-2
plate_4,N=C(N)c1cc2ccccc2o1,14135.46278,plate_4_649,CCOC(=O)c1ncn2c1CN(C)C(=O)c1cc(Br)ccc1-2.CCCCCC(=O)O.N=C(N)c1cc2ccccc2o1>>CCCCCc1ccc2c(c1)C(=O)N(C)Cc1c(C(=O)OCC)ncn1-2
plate_4,N=C(N)c1nc2ccccc2s1,6325.44085,plate_4_667,CCOC(=O)c1ncn2c1CN(C)C(=O)c1cc(Br)ccc1-2.CCCCCC(=O)O.N=C(N)c1nc2ccccc2s1>>CCCCCc1ccc2c(c1)C(=O)N(C)Cc1c(C(=O)OCC)ncn1-2
plate_4,N=C(NO)C1CCCC1,6621.40051,plate_4_45,CCOC(=O)c1ncn2c1CN(C)C(=O)c1cc(Br)ccc1-2.CCCCCC(=O)O.N=C(NO)C1CCCC1>>CCCCCc1ccc2c(c1)C(=O)N(C)Cc1c(C(=O)OCC)ncn1-2
plate_4,N=C(n1nnc2ccccc21)n1nnc2ccccc21,2312.72857,plate_4_670,CCOC(=O)c1ncn2c1CN(C)C(=O)c1cc(Br)ccc1-2.CCCCCC(=O)O.N=C(n1nnc2ccccc21)n1nnc2ccccc21>>CCCCCc1ccc2c(c1)C(=O)N(C)Cc1c(C(=O)OCC)ncn1-2
plate_4,N=C1NC(=O)c2ccccc21,13650.30256,plate_4_619,CCOC(=O)c1ncn2c1CN(C)C(=O)c1cc(Br)ccc1-2.CCCCCC(=O)O.N=C1NC(=O)c2ccccc21>>CCCCCc1ccc2c(c1)C(=O)N(C)Cc1c(C(=O)OCC)ncn1-2
plate_4,NC(=O)C(C(N)=O)c1ccccc1,7044.37178,plate_4_565,CCOC(=O)c1ncn2c1CN(C)C(=O)c1cc(Br)ccc1-2.CCCCCC(=O)O.NC(=O)C(C(N)=O)c1ccccc1>>CCCCCc1ccc2c(c1)C(=O)N(C)Cc1c(C(=O)OCC)ncn1-2
plate_4,NC(=O)C(F)(F)F,18972.15609,plate_4_5,CCOC(=O)c1ncn2c1CN(C)C(=O)c1cc(Br)ccc1-2.CCCCCC(=O)O.NC(=O)C(F)(F)F>>CCCCCc1ccc2c(c1)C(=O)N(C)Cc1c(C(=O)OCC)ncn1-2
plate_4,NC(=O)C(c1ccccc1)c1ccccn1,8716.85976,plate_4_567,CCOC(=O)c1ncn2c1CN(C)C(=O)c1cc(Br)ccc1-2.CCCCCC(=O)O.NC(=O)C(c1ccccc1)c1ccccn1>>CCCCCc1ccc2c(c1)C(=O)N(C)Cc1c(C(=O)OCC)ncn1-2
plate_4,NC(=O)C1CCCCC1,9777.01557,plate_4_48,CCOC(=O)c1ncn2c1CN(C)C(=O)c1cc(Br)ccc1-2.CCCCCC(=O)O.NC(=O)C1CCCCC1>>CCCCCc1ccc2c(c1)C(=O)N(C)Cc1c(C(=O)OCC)ncn1-2
plate_4,NC(=O)CC(=O)O,12653.31348,plate_4_8,CCOC(=O)c1ncn2c1CN(C)C(=O)c1cc(Br)ccc1-2.CCCCCC(=O)O.NC(=O)CC(=O)O>>CCCCCc1ccc2c(c1)C(=O)N(C)Cc1c(C(=O)OCC)ncn1-2
plate_4,NC(=O)CC(N)=O,15216.19534,plate_4_7,CCOC(=O)c1ncn2c1CN(C)C(=O)c1cc(Br)ccc1-2.CCCCCC(=O)O.NC(=O)CC(N)=O>>CCCCCc1ccc2c(c1)C(=O)N(C)Cc1c(C(=O)OCC)ncn1-2
plate_4,NC(=O)CCC(N)=O,11705.15485,plate_4_12,CCOC(=O)c1ncn2c1CN(C)C(=O)c1cc(Br)ccc1-2.CCCCCC(=O)O.NC(=O)CCC(N)=O>>CCCCCc1ccc2c(c1)C(=O)N(C)Cc1c(C(=O)OCC)ncn1-2
plate_4,NC(=O)CN1CCCC1=O,13136.65761,plate_4_29,CCOC(=O)c1ncn2c1CN(C)C(=O)c1cc(Br)ccc1-2.CCCCCC(=O)O.NC(=O)CN1CCCC1=O>>CCCCCc1ccc2c(c1)C(=O)N(C)Cc1c(C(=O)OCC)ncn1-2
plate_4,NC(=O)COCc1ccccc1,15164.9203,plate_4_580,CCOC(=O)c1ncn2c1CN(C)C(=O)c1cc(Br)ccc1-2.CCCCCC(=O)O.NC(=O)COCc1ccccc1>>CCCCCc1ccc2c(c1)C(=O)N(C)Cc1c(C(=O)OCC)ncn1-2
plate_4,NC(=O)Cc1cc2ccccc2s1,11257.58051,plate_4_651,CCOC(=O)c1ncn2c1CN(C)C(=O)c1cc(Br)ccc1-2.CCCCCC(=O)O.NC(=O)Cc1cc2ccccc2s1>>CCCCCc1ccc2c(c1)C(=O)N(C)Cc1c(C(=O)OCC)ncn1-2
plate_4,NC(=O)Cc1ccccn1,13298.69658,plate_4_685,CCOC(=O)c1ncn2c1CN(C)C(=O)c1cc(Br)ccc1-2.CCCCCC(=O)O.NC(=O)Cc1ccccn1>>CCCCCc1ccc2c(c1)C(=O)N(C)Cc1c(C(=O)OCC)ncn1-2
plate_4,NC(=O)Cc1cccs1,12893.56281,plate_4_492,CCOC(=O)c1ncn2c1CN(C)C(=O)c1cc(Br)ccc1-2.CCCCCC(=O)O.NC(=O)Cc1cccs1>>CCCCCc1ccc2c(c1)C(=O)N(C)Cc1c(C(=O)OCC)ncn1-2
plate_4,NC(=O)Cc1cncs1,12165.82822,plate_4_476,CCOC(=O)c1ncn2c1CN(C)C(=O)c1cc(Br)ccc1-2.CCCCCC(=O)O.NC(=O)Cc1cncs1>>CCCCCc1ccc2c(c1)C(=O)N(C)Cc1c(C(=O)OCC)ncn1-2
plate_4,NC(=O)Cc1nc2ccccc2[nH]1,8515.89938,plate_4_639,CCOC(=O)c1ncn2c1CN(C)C(=O)c1cc(Br)ccc1-2.CCCCCC(=O)O.NC(=O)Cc1nc2ccccc2[nH]1>>CCCCCc1ccc2c(c1)C(=O)N(C)Cc1c(C(=O)OCC)ncn1-2
plate_4,NC(=O)Cn1nnc2ccccc21,9639.13673,plate_4_672,CCOC(=O)c1ncn2c1CN(C)C(=O)c1cc(Br)ccc1-2.CCCCCC(=O)O.NC(=O)Cn1nnc2ccccc21>>CCCCCc1ccc2c(c1)C(=O)N(C)Cc1c(C(=O)OCC)ncn1-2
plate_4,NC(=O)NCc1ccccc1,16308.27875,plate_4_578,CCOC(=O)c1ncn2c1CN(C)C(=O)c1cc(Br)ccc1-2.CCCCCC(=O)O.NC(=O)NCc1ccccc1>>CCCCCc1ccc2c(c1)C(=O)N(C)Cc1c(C(=O)OCC)ncn1-2
plate_4,NC(=O)Nc1ccccc1,14357.87636,plate_4_592,CCOC(=O)c1ncn2c1CN(C)C(=O)c1cc(Br)ccc1-2.CCCCCC(=O)O.NC(=O)Nc1ccccc1>>CCCCCc1ccc2c(c1)C(=O)N(C)Cc1c(C(=O)OCC)ncn1-2
plate_4,NC(=O)Nc1ccccn1,13137.21886,plate_4_689,CCOC(=O)c1ncn2c1CN(C)C(=O)c1cc(Br)ccc1-2.CCCCCC(=O)O.NC(=O)Nc1ccccn1>>CCCCCc1ccc2c(c1)C(=O)N(C)Cc1c(C(=O)OCC)ncn1-2
plate_4,NC(=O)Oc1ccccc1,16239.34666,plate_4_596,CCOC(=O)c1ncn2c1CN(C)C(=O)c1cc(Br)ccc1-2.CCCCCC(=O)O.NC(=O)Oc1ccccc1>>CCCCCc1ccc2c(c1)C(=O)N(C)Cc1c(C(=O)OCC)ncn1-2
plate_4,NC(=O)[C@@H]1CCCC[C@@H]1O,13553.38726,plate_4_62,CCOC(=O)c1ncn2c1CN(C)C(=O)c1cc(Br)ccc1-2.CCCCCC(=O)O.NC(=O)[C@@H]1CCCC[C@@H]1O>>CCCCCc1ccc2c(c1)C(=O)N(C)Cc1c(C(=O)OCC)ncn1-2
plate_4,NC(=O)[C@@H]1CCCC[C@H]1O,14875.434,plate_4_64,CCOC(=O)c1ncn2c1CN(C)C(=O)c1cc(Br)ccc1-2.CCCCCC(=O)O.NC(=O)[C@@H]1CCCC[C@H]1O>>CCCCCc1ccc2c(c1)C(=O)N(C)Cc1c(C(=O)OCC)ncn1-2
plate_4,NC(=O)[C@@H]1CCCO1,13252.10359,plate_4_75,CCOC(=O)c1ncn2c1CN(C)C(=O)c1cc(Br)ccc1-2.CCCCCC(=O)O.NC(=O)[C@@H]1CCCO1>>CCCCCc1ccc2c(c1)C(=O)N(C)Cc1c(C(=O)OCC)ncn1-2
plate_4,NC(=O)c1cc2ccccc2cc1O,0.0,plate_4_673,CCOC(=O)c1ncn2c1CN(C)C(=O)c1cc(Br)ccc1-2.CCCCCC(=O)O.NC(=O)c1cc2ccccc2cc1O>>CCCCCc1ccc2c(c1)C(=O)N(C)Cc1c(C(=O)OCC)ncn1-2
plate_4,NC(=O)c1ccccc1C(N)=O,26579.75385,plate_4_529,CCOC(=O)c1ncn2c1CN(C)C(=O)c1cc(Br)ccc1-2.CCCCCC(=O)O.NC(=O)c1ccccc1C(N)=O>>CCCCCc1ccc2c(c1)C(=O)N(C)Cc1c(C(=O)OCC)ncn1-2
plate_4,NC(=O)c1ccccc1O,0.0,plate_4_530,CCOC(=O)c1ncn2c1CN(C)C(=O)c1cc(Br)ccc1-2.CCCCCC(=O)O.NC(=O)c1ccccc1O>>CCCCCc1ccc2c(c1)C(=O)N(C)Cc1c(C(=O)OCC)ncn1-2
plate_4,NC(=O)c1ccccc1OCC(=O)O,13527.41026,plate_4_531,CCOC(=O)c1ncn2c1CN(C)C(=O)c1cc(Br)ccc1-2.CCCCCC(=O)O.NC(=O)c1ccccc1OCC(=O)O>>CCCCCc1ccc2c(c1)C(=O)N(C)Cc1c(C(=O)OCC)ncn1-2
plate_4,NC(=O)c1ccccc1[N+](=O)[O-],0.0,plate_4_532,CCOC(=O)c1ncn2c1CN(C)C(=O)c1cc(Br)ccc1-2.CCCCCC(=O)O.NC(=O)c1ccccc1[N+](=O)[O-]>>CCCCCc1ccc2c(c1)C(=O)N(C)Cc1c(C(=O)OCC)ncn1-2
plate_4,NC(=O)c1ccccn1,10236.98492,plate_4_680,CCOC(=O)c1ncn2c1CN(C)C(=O)c1cc(Br)ccc1-2.CCCCCC(=O)O.NC(=O)c1ccccn1>>CCCCCc1ccc2c(c1)C(=O)N(C)Cc1c(C(=O)OCC)ncn1-2
plate_4,NC(=O)c1cn2ccccc2n1,7835.72132,plate_4_675,CCOC(=O)c1ncn2c1CN(C)C(=O)c1cc(Br)ccc1-2.CCCCCC(=O)O.NC(=O)c1cn2ccccc2n1>>CCCCCc1ccc2c(c1)C(=O)N(C)Cc1c(C(=O)OCC)ncn1-2
plate_4,NC(=O)c1nccc2ccccc12,16490.14055,plate_4_659,CCOC(=O)c1ncn2c1CN(C)C(=O)c1cc(Br)ccc1-2.CCCCCC(=O)O.NC(=O)c1nccc2ccccc12>>CCCCCc1ccc2c(c1)C(=O)N(C)Cc1c(C(=O)OCC)ncn1-2
plate_4,NC(=O)c1ncco1,10305.29606,plate_4_712,CCOC(=O)c1ncn2c1CN(C)C(=O)c1cc(Br)ccc1-2.CCCCCC(=O)O.NC(=O)c1ncco1>>CCCCCc1ccc2c(c1)C(=O)N(C)Cc1c(C(=O)OCC)ncn1-2
plate_4,NC(=O)n1nnc2ccccc21,2606.07988,plate_4_671,CCOC(=O)c1ncn2c1CN(C)C(=O)c1cc(Br)ccc1-2.CCCCCC(=O)O.NC(=O)n1nnc2ccccc21>>CCCCCc1ccc2c(c1)C(=O)N(C)Cc1c(C(=O)OCC)ncn1-2
plate_4,NC(=S)N1CCCCC1,3019.38989,plate_4_57,CCOC(=O)c1ncn2c1CN(C)C(=O)c1cc(Br)ccc1-2.CCCCCC(=O)O.NC(=S)N1CCCCC1>>CCCCCc1ccc2c(c1)C(=O)N(C)Cc1c(C(=O)OCC)ncn1-2
plate_4,NC(=S)NC1CCCCC1,9653.74311,plate_4_51,CCOC(=O)c1ncn2c1CN(C)C(=O)c1cc(Br)ccc1-2.CCCCCC(=O)O.NC(=S)NC1CCCCC1>>CCCCCc1ccc2c(c1)C(=O)N(C)Cc1c(C(=O)OCC)ncn1-2
plate_4,NC(=S)Nc1ccccc1,3780.91167,plate_4_593,CCOC(=O)c1ncn2c1CN(C)C(=O)c1cc(Br)ccc1-2.CCCCCC(=O)O.NC(=S)Nc1ccccc1>>CCCCCc1ccc2c(c1)C(=O)N(C)Cc1c(C(=O)OCC)ncn1-2
plate_4,NC(=S)Nc1ccccn1,0.0,plate_4_690,CCOC(=O)c1ncn2c1CN(C)C(=O)c1cc(Br)ccc1-2.CCCCCC(=O)O.NC(=S)Nc1ccccn1>>CCCCCc1ccc2c(c1)C(=O)N(C)Cc1c(C(=O)OCC)ncn1-2
plate_4,NC(=S)c1ccccn1,0.0,plate_4_682,CCOC(=O)c1ncn2c1CN(C)C(=O)c1cc(Br)ccc1-2.CCCCCC(=O)O.NC(=S)c1ccccn1>>CCCCCc1ccc2c(c1)C(=O)N(C)Cc1c(C(=O)OCC)ncn1-2
plate_4,NC(=S)c1ncccn1,0.0,plate_4_702,CCOC(=O)c1ncn2c1CN(C)C(=O)c1cc(Br)ccc1-2.CCCCCC(=O)O.NC(=S)c1ncccn1>>CCCCCc1ccc2c(c1)C(=O)N(C)Cc1c(C(=O)OCC)ncn1-2
plate_4,NC1=NC(C(=O)O)CS1,7076.49386,plate_4_27,CCOC(=O)c1ncn2c1CN(C)C(=O)c1cc(Br)ccc1-2.CCCCCC(=O)O.NC1=NC(C(=O)O)CS1>>CCCCCc1ccc2c(c1)C(=O)N(C)Cc1c(C(=O)OCC)ncn1-2
plate_4,NC1=NCCS1,9078.4295,plate_4_73,CCOC(=O)c1ncn2c1CN(C)C(=O)c1cc(Br)ccc1-2.CCCCCC(=O)O.NC1=NCCS1>>CCCCCc1ccc2c(c1)C(=O)N(C)Cc1c(C(=O)OCC)ncn1-2
plate_4,NNC(=O)c1ccccc1,7230.84137,plate_4_560,CCOC(=O)c1ncn2c1CN(C)C(=O)c1cc(Br)ccc1-2.CCCCCC(=O)O.NNC(=O)c1ccccc1>>CCCCCc1ccc2c(c1)C(=O)N(C)Cc1c(C(=O)OCC)ncn1-2
plate_4,NNc1ncccn1,2340.03223,plate_4_706,CCOC(=O)c1ncn2c1CN(C)C(=O)c1cc(Br)ccc1-2.CCCCCC(=O)O.NNc1ncccn1>>CCCCCc1ccc2c(c1)C(=O)N(C)Cc1c(C(=O)OCC)ncn1-2
plate_4,NS(=O)(=O)N1CCCC1,10556.20363,plate_4_56,CCOC(=O)c1ncn2c1CN(C)C(=O)c1cc(Br)ccc1-2.CCCCCC(=O)O.NS(=O)(=O)N1CCCC1>>CCCCCc1ccc2c(c1)C(=O)N(C)Cc1c(C(=O)OCC)ncn1-2
plate_4,NS(=O)(=O)c1ccccc1,7668.09828,plate_4_600,CCOC(=O)c1ncn2c1CN(C)C(=O)c1cc(Br)ccc1-2.CCCCCC(=O)O.NS(=O)(=O)c1ccccc1>>CCCCCc1ccc2c(c1)C(=O)N(C)Cc1c(C(=O)OCC)ncn1-2
plate_4,NS(=O)(=O)c1cccs1,11969.31281,plate_4_493,CCOC(=O)c1ncn2c1CN(C)C(=O)c1cc(Br)ccc1-2.CCCCCC(=O)O.NS(=O)(=O)c1cccs1>>CCCCCc1ccc2c(c1)C(=O)N(C)Cc1c(C(=O)OCC)ncn1-2
plate_4,NS(N)(=O)=O,11431.99941,plate_4_467,CCOC(=O)c1ncn2c1CN(C)C(=O)c1cc(Br)ccc1-2.CCCCCC(=O)O.NS(N)(=O)=O>>CCCCCc1ccc2c(c1)C(=O)N(C)Cc1c(C(=O)OCC)ncn1-2
plate_4,Nc1ncccn1,16473.92971,plate_4_704,CCOC(=O)c1ncn2c1CN(C)C(=O)c1cc(Br)ccc1-2.CCCCCC(=O)O.Nc1ncccn1>>CCCCCc1ccc2c(c1)C(=O)N(C)Cc1c(C(=O)OCC)ncn1-2
plate_4,O/N=C/c1ccccc1,0.0,plate_4_557,CCOC(=O)c1ncn2c1CN(C)C(=O)c1cc(Br)ccc1-2.CCCCCC(=O)O.O/N=C/c1ccccc1>>CCCCCc1ccc2c(c1)C(=O)N(C)Cc1c(C(=O)OCC)ncn1-2
plate_4,O/N=C/c1ccccn1,0.0,plate_4_677,CCOC(=O)c1ncn2c1CN(C)C(=O)c1cc(Br)ccc1-2.CCCCCC(=O)O.O/N=C/c1ccccn1>>CCCCCc1ccc2c(c1)C(=O)N(C)Cc1c(C(=O)OCC)ncn1-2
plate_4,O=C(C(=O)c1ccco1)c1ccco1,0.0,plate_4_484,CCOC(=O)c1ncn2c1CN(C)C(=O)c1cc(Br)ccc1-2.CCCCCC(=O)O.O=C(C(=O)c1ccco1)c1ccco1>>CCCCCc1ccc2c(c1)C(=O)N(C)Cc1c(C(=O)OCC)ncn1-2
plate_4,O=C(CC(=O)Nc1nccs1)Nc1nccs1,0.0,plate_4_717,CCOC(=O)c1ncn2c1CN(C)C(=O)c1cc(Br)ccc1-2.CCCCCC(=O)O.O=C(CC(=O)Nc1nccs1)Nc1nccs1>>CCCCCc1ccc2c(c1)C(=O)N(C)Cc1c(C(=O)OCC)ncn1-2
plate_4,O=C(CC(=O)c1ccccn1)c1ccccn1,0.0,plate_4_679,CCOC(=O)c1ncn2c1CN(C)C(=O)c1cc(Br)ccc1-2.CCCCCC(=O)O.O=C(CC(=O)c1ccccn1)c1ccccn1>>CCCCCc1ccc2c(c1)C(=O)N(C)Cc1c(C(=O)OCC)ncn1-2
plate_4,O=C(NO)c1ccccc1,0.0,plate_4_561,CCOC(=O)c1ncn2c1CN(C)C(=O)c1cc(Br)ccc1-2.CCCCCC(=O)O.O=C(NO)c1ccccc1>>CCCCCc1ccc2c(c1)C(=O)N(C)Cc1c(C(=O)OCC)ncn1-2
plate_4,O=C(O)C(=O)c1ccccc1,0.0,plate_4_559,CCOC(=O)c1ncn2c1CN(C)C(=O)c1cc(Br)ccc1-2.CCCCCC(=O)O.O=C(O)C(=O)c1ccccc1>>CCCCCc1ccc2c(c1)C(=O)N(C)Cc1c(C(=O)OCC)ncn1-2
plate_4,O=C(O)C(O)CO,12347.42096,plate_4_9,CCOC(=O)c1ncn2c1CN(C)C(=O)c1cc(Br)ccc1-2.CCCCCC(=O)O.O=C(O)C(O)CO>>CCCCCc1ccc2c(c1)C(=O)N(C)Cc1c(C(=O)OCC)ncn1-2
plate_4,O=C(O)C1CCCCC1,19350.84821,plate_4_49,CCOC(=O)c1ncn2c1CN(C)C(=O)c1cc(Br)ccc1-2.CCCCCC(=O)O.O=C(O)C1CCCCC1>>CCCCCc1ccc2c(c1)C(=O)N(C)Cc1c(C(=O)OCC)ncn1-2
plate_4,O=C(O)C1CCCCO1,6375.38613,plate_4_59,CCOC(=O)c1ncn2c1CN(C)C(=O)c1cc(Br)ccc1-2.CCCCCC(=O)O.O=C(O)C1CCCCO1>>CCCCCc1ccc2c(c1)C(=O)N(C)Cc1c(C(=O)OCC)ncn1-2
plate_4,O=C(O)C1CCCO1,0.0,plate_4_34,CCOC(=O)c1ncn2c1CN(C)C(=O)c1cc(Br)ccc1-2.CCCCCC(=O)O.O=C(O)C1CCCO1>>CCCCCc1ccc2c(c1)C(=O)N(C)Cc1c(C(=O)OCC)ncn1-2
plate_4,O=C(O)C1CCCn2cnnc21,0.0,plate_4_718,CCOC(=O)c1ncn2c1CN(C)C(=O)c1cc(Br)ccc1-2.CCCCCC(=O)O.O=C(O)C1CCCn2cnnc21>>CCCCCc1ccc2c(c1)C(=O)N(C)Cc1c(C(=O)OCC)ncn1-2
plate_4,O=C(O)C1Cc2ccccc2O1,0.0,plate_4_627,CCOC(=O)c1ncn2c1CN(C)C(=O)c1cc(Br)ccc1-2.CCCCCC(=O)O.O=C(O)C1Cc2ccccc2O1>>CCCCCc1ccc2c(c1)C(=O)N(C)Cc1c(C(=O)OCC)ncn1-2
plate_4,O=C(O)CC1CCCO1,14850.88252,plate_4_35,CCOC(=O)c1ncn2c1CN(C)C(=O)c1cc(Br)ccc1-2.CCCCCC(=O)O.O=C(O)CC1CCCO1>>CCCCCc1ccc2c(c1)C(=O)N(C)Cc1c(C(=O)OCC)ncn1-2
plate_4,O=C(O)CCN1CCCC1=O,14786.26627,plate_4_30,CCOC(=O)c1ncn2c1CN(C)C(=O)c1cc(Br)ccc1-2.CCCCCC(=O)O.O=C(O)CCN1CCCC1=O>>CCCCCc1ccc2c(c1)C(=O)N(C)Cc1c(C(=O)OCC)ncn1-2
plate_4,O=C(O)CCOc1ccccc1,14210.325375,plate_4_598,CCOC(=O)c1ncn2c1CN(C)C(=O)c1cc(Br)ccc1-2.CCCCCC(=O)O.O=C(O)CCOc1ccccc1>>CCCCCc1ccc2c(c1)C(=O)N(C)Cc1c(C(=O)OCC)ncn1-2
plate_4,O=C(O)CCc1ccccc1,11609.96634,plate_4_571,CCOC(=O)c1ncn2c1CN(C)C(=O)c1cc(Br)ccc1-2.CCCCCC(=O)O.O=C(O)CCc1ccccc1>>CCCCCc1ccc2c(c1)C(=O)N(C)Cc1c(C(=O)OCC)ncn1-2
plate_4,O=C(O)CNC(=O)c1ccccc1O,3721.88016,plate_4_534,CCOC(=O)c1ncn2c1CN(C)C(=O)c1cc(Br)ccc1-2.CCCCCC(=O)O.O=C(O)CNC(=O)c1ccccc1O>>CCCCCc1ccc2c(c1)C(=O)N(C)Cc1c(C(=O)OCC)ncn1-2
plate_4,O=C(O)COCc1ccccc1,5514.31824,plate_4_581,CCOC(=O)c1ncn2c1CN(C)C(=O)c1cc(Br)ccc1-2.CCCCCC(=O)O.O=C(O)COCc1ccccc1>>CCCCCc1ccc2c(c1)C(=O)N(C)Cc1c(C(=O)OCC)ncn1-2
plate_4,O=C(O)COc1ccccc1,4492.20858,plate_4_597,CCOC(=O)c1ncn2c1CN(C)C(=O)c1cc(Br)ccc1-2.CCCCCC(=O)O.O=C(O)COc1ccccc1>>CCCCCc1ccc2c(c1)C(=O)N(C)Cc1c(C(=O)OCC)ncn1-2
plate_4,O=C(O)COc1ccccc1O,3301.13451,plate_4_545,CCOC(=O)c1ncn2c1CN(C)C(=O)c1cc(Br)ccc1-2.CCCCCC(=O)O.O=C(O)COc1ccccc1O>>CCCCCc1ccc2c(c1)C(=O)N(C)Cc1c(C(=O)OCC)ncn1-2
plate_4,O=C(O)Cc1ccccc1O,0.0,plate_4_540,CCOC(=O)c1ncn2c1CN(C)C(=O)c1cc(Br)ccc1-2.CCCCCC(=O)O.O=C(O)Cc1ccccc1O>>CCCCCc1ccc2c(c1)C(=O)N(C)Cc1c(C(=O)OCC)ncn1-2
plate_4,O=C(O)Cc1ccco1,3395.69522,plate_4_487,CCOC(=O)c1ncn2c1CN(C)C(=O)c1cc(Br)ccc1-2.CCCCCC(=O)O.O=C(O)Cc1ccco1>>CCCCCc1ccc2c(c1)C(=O)N(C)Cc1c(C(=O)OCC)ncn1-2
plate_4,O=C(O)Cc1ncccn1,5233.46022,plate_4_703,CCOC(=O)c1ncn2c1CN(C)C(=O)c1cc(Br)ccc1-2.CCCCCC(=O)O.O=C(O)Cc1ncccn1>>CCCCCc1ccc2c(c1)C(=O)N(C)Cc1c(C(=O)OCC)ncn1-2
plate_4,O=C(O)Cc1nnn[nH]1,0.0,plate_4_16,CCOC(=O)c1ncn2c1CN(C)C(=O)c1cc(Br)ccc1-2.CCCCCC(=O)O.O=C(O)Cc1nnn[nH]1>>CCCCCc1ccc2c(c1)C(=O)N(C)Cc1c(C(=O)OCC)ncn1-2
plate_4,O=C(O)Cn1c(=O)oc2ccccc21,12871.75111,plate_4_664,CCOC(=O)c1ncn2c1CN(C)C(=O)c1cc(Br)ccc1-2.CCCCCC(=O)O.O=C(O)Cn1c(=O)oc2ccccc21>>CCCCCc1ccc2c(c1)C(=O)N(C)Cc1c(C(=O)OCC)ncn1-2
plate_4,O=C(O)Cn1cccc1,0.0,plate_4_674,CCOC(=O)c1ncn2c1CN(C)C(=O)c1cc(Br)ccc1-2.CCCCCC(=O)O.O=C(O)Cn1cccc1>>CCCCCc1ccc2c(c1)C(=O)N(C)Cc1c(C(=O)OCC)ncn1-2
plate_4,O=C(O)Cn1cccn1,4646.62419,plate_4_710,CCOC(=O)c1ncn2c1CN(C)C(=O)c1cc(Br)ccc1-2.CCCCCC(=O)O.O=C(O)Cn1cccn1>>CCCCCc1ccc2c(c1)C(=O)N(C)Cc1c(C(=O)OCC)ncn1-2
plate_4,O=C(O)Cn1ccnc1,14705.84457,plate_4_695,CCOC(=O)c1ncn2c1CN(C)C(=O)c1cc(Br)ccc1-2.CCCCCC(=O)O.O=C(O)Cn1ccnc1>>CCCCCc1ccc2c(c1)C(=O)N(C)Cc1c(C(=O)OCC)ncn1-2
plate_4,O=C(O)Cn1ccnn1,17042.43131,plate_4_696,CCOC(=O)c1ncn2c1CN(C)C(=O)c1cc(Br)ccc1-2.CCCCCC(=O)O.O=C(O)Cn1ccnn1>>CCCCCc1ccc2c(c1)C(=O)N(C)Cc1c(C(=O)OCC)ncn1-2
plate_4,O=C(O)Cn1cnnn1,14315.06241,plate_4_719,CCOC(=O)c1ncn2c1CN(C)C(=O)c1cc(Br)ccc1-2.CCCCCC(=O)O.O=C(O)Cn1cnnn1>>CCCCCc1ccc2c(c1)C(=O)N(C)Cc1c(C(=O)OCC)ncn1-2
plate_4,O=C(O)[C@H]1CCCC[C@@H]1C(=O)O,2273.29538,plate_4_63,CCOC(=O)c1ncn2c1CN(C)C(=O)c1cc(Br)ccc1-2.CCCCCC(=O)O.O=C(O)[C@H]1CCCC[C@@H]1C(=O)O>>CCCCCc1ccc2c(c1)C(=O)N(C)Cc1c(C(=O)OCC)ncn1-2
plate_4,O=C(O)[C@H]1CCCN1c1ncccn1,0.0,plate_4_705,CCOC(=O)c1ncn2c1CN(C)C(=O)c1cc(Br)ccc1-2.CCCCCC(=O)O.O=C(O)[C@H]1CCCN1c1ncccn1>>CCCCCc1ccc2c(c1)C(=O)N(C)Cc1c(C(=O)OCC)ncn1-2
plate_4,O=C(O)c1c[nH]nn1,11340.9273,plate_4_474,CCOC(=O)c1ncn2c1CN(C)C(=O)c1cc(Br)ccc1-2.CCCCCC(=O)O.O=C(O)c1c[nH]nn1>>CCCCCc1ccc2c(c1)C(=O)N(C)Cc1c(C(=O)OCC)ncn1-2
plate_4,O=C(O)c1cc(C(F)(F)F)ccn1,940.321795,plate_4_700,CCOC(=O)c1ncn2c1CN(C)C(=O)c1cc(Br)ccc1-2.CCCCCC(=O)O.O=C(O)c1cc(C(F)(F)F)ccn1>>CCCCCc1ccc2c(c1)C(=O)N(C)Cc1c(C(=O)OCC)ncn1-2
plate_4,O=C(O)c1cc2cccc(O)c2[nH]1,0.0,plate_4_508,CCOC(=O)c1ncn2c1CN(C)C(=O)c1cc(Br)ccc1-2.CCCCCC(=O)O.O=C(O)c1cc2cccc(O)c2[nH]1>>CCCCCc1ccc2c(c1)C(=O)N(C)Cc1c(C(=O)OCC)ncn1-2
plate_4,O=C(O)c1cc2ccccc2s1,8893.6942,plate_4_650,CCOC(=O)c1ncn2c1CN(C)C(=O)c1cc(Br)ccc1-2.CCCCCC(=O)O.O=C(O)c1cc2ccccc2s1>>CCCCCc1ccc2c(c1)C(=O)N(C)Cc1c(C(=O)OCC)ncn1-2
plate_4,O=C(O)c1cc[nH]n1,4705.698085,plate_4_477,CCOC(=O)c1ncn2c1CN(C)C(=O)c1cc(Br)ccc1-2.CCCCCC(=O)O.O=C(O)c1cc[nH]n1>>CCCCCc1ccc2c(c1)C(=O)N(C)Cc1c(C(=O)OCC)ncn1-2
plate_4,O=C(O)c1ccc(C(=O)O)s1,3143.19934,plate_4_496,CCOC(=O)c1ncn2c1CN(C)C(=O)c1cc(Br)ccc1-2.CCCCCC(=O)O.O=C(O)c1ccc(C(=O)O)s1>>CCCCCc1ccc2c(c1)C(=O)N(C)Cc1c(C(=O)OCC)ncn1-2
plate_4,O=C(O)c1ccc2ccccc2n1,0.0,plate_4_655,CCOC(=O)c1ncn2c1CN(C)C(=O)c1cc(Br)ccc1-2.CCCCCC(=O)O.O=C(O)c1ccc2ccccc2n1>>CCCCCc1ccc2c(c1)C(=O)N(C)Cc1c(C(=O)OCC)ncn1-2
plate_4,O=C(O)c1cccc2c1OCC2,4032.12435,plate_4_499,CCOC(=O)c1ncn2c1CN(C)C(=O)c1cc(Br)ccc1-2.CCCCCC(=O)O.O=C(O)c1cccc2c1OCC2>>CCCCCc1ccc2c(c1)C(=O)N(C)Cc1c(C(=O)OCC)ncn1-2
plate_4,O=C(O)c1cccc2cc[nH]c12,3385.42929,plate_4_510,CCOC(=O)c1ncn2c1CN(C)C(=O)c1cc(Br)ccc1-2.CCCCCC(=O)O.O=C(O)c1cccc2cc[nH]c12>>CCCCCc1ccc2c(c1)C(=O)N(C)Cc1c(C(=O)OCC)ncn1-2
plate_4,O=C(O)c1cccc2ccc(=O)[nH]c12,14956.87894,plate_4_513,CCOC(=O)c1ncn2c1CN(C)C(=O)c1cc(Br)ccc1-2.CCCCCC(=O)O.O=C(O)c1cccc2ccc(=O)[nH]c12>>CCCCCc1ccc2c(c1)C(=O)N(C)Cc1c(C(=O)OCC)ncn1-2
plate_4,O=C(O)c1cccc2ccnn12,0.0,plate_4_519,CCOC(=O)c1ncn2c1CN(C)C(=O)c1cc(Br)ccc1-2.CCCCCC(=O)O.O=C(O)c1cccc2ccnn12>>CCCCCc1ccc2c(c1)C(=O)N(C)Cc1c(C(=O)OCC)ncn1-2
plate_4,O=C(O)c1cccc2cn[nH]c12,2741.10211,plate_4_520,CCOC(=O)c1ncn2c1CN(C)C(=O)c1cc(Br)ccc1-2.CCCCCC(=O)O.O=C(O)c1cccc2cn[nH]c12>>CCCCCc1ccc2c(c1)C(=O)N(C)Cc1c(C(=O)OCC)ncn1-2
plate_4,O=C(O)c1cccc2ncsc12,12438.78847,plate_4_480,CCOC(=O)c1ncn2c1CN(C)C(=O)c1cc(Br)ccc1-2.CCCCCC(=O)O.O=C(O)c1cccc2ncsc12>>CCCCCc1ccc2c(c1)C(=O)N(C)Cc1c(C(=O)OCC)ncn1-2
plate_4,O=C(O)c1cccc[n+]1[O-],5919.78717,plate_4_523,CCOC(=O)c1ncn2c1CN(C)C(=O)c1cc(Br)ccc1-2.CCCCCC(=O)O.O=C(O)c1cccc[n+]1[O-]>>CCCCCc1ccc2c(c1)C(=O)N(C)Cc1c(C(=O)OCC)ncn1-2
plate_4,O=C(O)c1ccccc1,15964.74203,plate_4_562,CCOC(=O)c1ncn2c1CN(C)C(=O)c1cc(Br)ccc1-2.CCCCCC(=O)O.O=C(O)c1ccccc1>>CCCCCc1ccc2c(c1)C(=O)N(C)Cc1c(C(=O)OCC)ncn1-2
plate_4,O=C(O)c1ccccc1-c1ncc[nH]1,11092.92394,plate_4_547,CCOC(=O)c1ncn2c1CN(C)C(=O)c1cc(Br)ccc1-2.CCCCCC(=O)O.O=C(O)c1ccccc1-c1ncc[nH]1>>CCCCCc1ccc2c(c1)C(=O)N(C)Cc1c(C(=O)OCC)ncn1-2
plate_4,O=C(O)c1ccccc1-c1nnn[nH]1,0.0,plate_4_548,CCOC(=O)c1ncn2c1CN(C)C(=O)c1cc(Br)ccc1-2.CCCCCC(=O)O.O=C(O)c1ccccc1-c1nnn[nH]1>>CCCCCc1ccc2c(c1)C(=O)N(C)Cc1c(C(=O)OCC)ncn1-2
plate_4,O=C(O)c1ccccc1-n1ccnn1,12562.86359,plate_4_535,CCOC(=O)c1ncn2c1CN(C)C(=O)c1cc(Br)ccc1-2.CCCCCC(=O)O.O=C(O)c1ccccc1-n1ccnn1>>CCCCCc1ccc2c(c1)C(=O)N(C)Cc1c(C(=O)OCC)ncn1-2
plate_4,O=C(O)c1ccccc1-n1nccn1,15658.92066,plate_4_536,CCOC(=O)c1ncn2c1CN(C)C(=O)c1cc(Br)ccc1-2.CCCCCC(=O)O.O=C(O)c1ccccc1-n1nccn1>>CCCCCc1ccc2c(c1)C(=O)N(C)Cc1c(C(=O)OCC)ncn1-2
plate_4,O=C(O)c1ccccc1-n1ncnn1,12641.41044,plate_4_537,CCOC(=O)c1ncn2c1CN(C)C(=O)c1cc(Br)ccc1-2.CCCCCC(=O)O.O=C(O)c1ccccc1-n1ncnn1>>CCCCCc1ccc2c(c1)C(=O)N(C)Cc1c(C(=O)OCC)ncn1-2
plate_4,O=C(O)c1ccccn1,0.0,plate_4_681,CCOC(=O)c1ncn2c1CN(C)C(=O)c1cc(Br)ccc1-2.CCCCCC(=O)O.O=C(O)c1ccccn1>>CCCCCc1ccc2c(c1)C(=O)N(C)Cc1c(C(=O)OCC)ncn1-2
plate_4,O=C(O)c1ccco1,14665.86673,plate_4_485,CCOC(=O)c1ncn2c1CN(C)C(=O)c1cc(Br)ccc1-2.CCCCCC(=O)O.O=C(O)c1ccco1>>CCCCCc1ccc2c(c1)C(=O)N(C)Cc1c(C(=O)OCC)ncn1-2
plate_4,O=C(O)c1cccs1,13372.418065,plate_4_490,CCOC(=O)c1ncn2c1CN(C)C(=O)c1cc(Br)ccc1-2.CCCCCC(=O)O.O=C(O)c1cccs1>>CCCCCc1ccc2c(c1)C(=O)N(C)Cc1c(C(=O)OCC)ncn1-2
plate_4,O=C(O)c1ccno1,4548.14649,plate_4_711,CCOC(=O)c1ncn2c1CN(C)C(=O)c1cc(Br)ccc1-2.CCCCCC(=O)O.O=C(O)c1ccno1>>CCCCCc1ccc2c(c1)C(=O)N(C)Cc1c(C(=O)OCC)ncn1-2
plate_4,O=C(O)c1cnco1,11389.783045,plate_4_475,CCOC(=O)c1ncn2c1CN(C)C(=O)c1cc(Br)ccc1-2.CCCCCC(=O)O.O=C(O)c1cnco1>>CCCCCc1ccc2c(c1)C(=O)N(C)Cc1c(C(=O)OCC)ncn1-2
plate_4,O=C(O)c1cocn1,12220.12935,plate_4_473,CCOC(=O)c1ncn2c1CN(C)C(=O)c1cc(Br)ccc1-2.CCCCCC(=O)O.O=C(O)c1cocn1>>CCCCCc1ccc2c(c1)C(=O)N(C)Cc1c(C(=O)OCC)ncn1-2
plate_4,O=C(O)c1n[nH]c2ccccc12,5445.72688,plate_4_647,CCOC(=O)c1ncn2c1CN(C)C(=O)c1cc(Br)ccc1-2.CCCCCC(=O)O.O=C(O)c1n[nH]c2ccccc12>>CCCCCc1ccc2c(c1)C(=O)N(C)Cc1c(C(=O)OCC)ncn1-2
plate_4,O=C(O)c1nc(=O)[nH]c2ccccc12,2514.538,plate_4_648,CCOC(=O)c1ncn2c1CN(C)C(=O)c1cc(Br)ccc1-2.CCCCCC(=O)O.O=C(O)c1nc(=O)[nH]c2ccccc12>>CCCCCc1ccc2c(c1)C(=O)N(C)Cc1c(C(=O)OCC)ncn1-2
plate_4,O=C(O)c1nccc2ccccc12,0.0,plate_4_660,CCOC(=O)c1ncn2c1CN(C)C(=O)c1cc(Br)ccc1-2.CCCCCC(=O)O.O=C(O)c1nccc2ccccc12>>CCCCCc1ccc2c(c1)C(=O)N(C)Cc1c(C(=O)OCC)ncn1-2
plate_4,O=C(O)c1ncco1,9153.17003,plate_4_713,CCOC(=O)c1ncn2c1CN(C)C(=O)c1cc(Br)ccc1-2.CCCCCC(=O)O.O=C(O)c1ncco1>>CCCCCc1ccc2c(c1)C(=O)N(C)Cc1c(C(=O)OCC)ncn1-2
plate_4,O=C(c1ccccc1)c1ncco1,4509.83145,plate_4_563,CCOC(=O)c1ncn2c1CN(C)C(=O)c1cc(Br)ccc1-2.CCCCCC(=O)O.O=C(c1ccccc1)c1ncco1>>CCCCCc1ccc2c(c1)C(=O)N(C)Cc1c(C(=O)OCC)ncn1-2
plate_4,O=C(c1ccccc1O)N1CCCC1,7204.41244,plate_4_533,CCOC(=O)c1ncn2c1CN(C)C(=O)c1cc(Br)ccc1-2.CCCCCC(=O)O.O=C(c1ccccc1O)N1CCCC1>>CCCCCc1ccc2c(c1)C(=O)N(C)Cc1c(C(=O)OCC)ncn1-2
plate_4,O=C(c1ccccn1)C(O)c1ccccn1,0.0,plate_4_683,CCOC(=O)c1ncn2c1CN(C)C(=O)c1cc(Br)ccc1-2.CCCCCC(=O)O.O=C(c1ccccn1)C(O)c1ccccn1>>CCCCCc1ccc2c(c1)C(=O)N(C)Cc1c(C(=O)OCC)ncn1-2
plate_4,O=C(c1cccs1)c1cccs1,10222.57927,plate_4_491,CCOC(=O)c1ncn2c1CN(C)C(=O)c1cc(Br)ccc1-2.CCCCCC(=O)O.O=C(c1cccs1)c1cccs1>>CCCCCc1ccc2c(c1)C(=O)N(C)Cc1c(C(=O)OCC)ncn1-2
plate_4,O=C(c1ncc[nH]1)c1ccco1,4385.82185,plate_4_486,CCOC(=O)c1ncn2c1CN(C)C(=O)c1cc(Br)ccc1-2.CCCCCC(=O)O.O=C(c1ncc[nH]1)c1ccco1>>CCCCCc1ccc2c(c1)C(=O)N(C)Cc1c(C(=O)OCC)ncn1-2
plate_4,O=C1C=C(c2ccccc2)C(=O)O1,0.0,plate_4_569,CCOC(=O)c1ncn2c1CN(C)C(=O)c1cc(Br)ccc1-2.CCCCCC(=O)O.O=C1C=C(c2ccccc2)C(=O)O1>>CCCCCc1ccc2c(c1)C(=O)N(C)Cc1c(C(=O)OCC)ncn1-2
plate_4,O=C1C=CC(=O)C=C1,0.0,plate_4_22,CCOC(=O)c1ncn2c1CN(C)C(=O)c1cc(Br)ccc1-2.CCCCCC(=O)O.O=C1C=CC(=O)C=C1>>CCCCCc1ccc2c(c1)C(=O)N(C)Cc1c(C(=O)OCC)ncn1-2
plate_4,O=C1C=CC(=O)N1,39588.11515,plate_4_23,CCOC(=O)c1ncn2c1CN(C)C(=O)c1cc(Br)ccc1-2.CCCCCC(=O)O.O=C1C=CC(=O)N1>>CCCCCc1ccc2c(c1)C(=O)N(C)Cc1c(C(=O)OCC)ncn1-2
plate_4,O=C1C=CC(=O)N1Cc1ccccc1,8096.54941,plate_4_577,CCOC(=O)c1ncn2c1CN(C)C(=O)c1cc(Br)ccc1-2.CCCCCC(=O)O.O=C1C=CC(=O)N1Cc1ccccc1>>CCCCCc1ccc2c(c1)C(=O)N(C)Cc1c(C(=O)OCC)ncn1-2
plate_4,O=C1C=CC(=O)c2ccccc21,0.0,plate_4_620,CCOC(=O)c1ncn2c1CN(C)C(=O)c1cc(Br)ccc1-2.CCCCCC(=O)O.O=C1C=CC(=O)c2ccccc21>>CCCCCc1ccc2c(c1)C(=O)N(C)Cc1c(C(=O)OCC)ncn1-2
plate_4,O=C1C=CCCC1,13383.16003,plate_4_38,CCOC(=O)c1ncn2c1CN(C)C(=O)c1cc(Br)ccc1-2.CCCCCC(=O)O.O=C1C=CCCC1>>CCCCCc1ccc2c(c1)C(=O)N(C)Cc1c(C(=O)OCC)ncn1-2
plate_4,O=C1CC(=O)NC(=O)N1,3527.56744,plate_4_26,CCOC(=O)c1ncn2c1CN(C)C(=O)c1cc(Br)ccc1-2.CCCCCC(=O)O.O=C1CC(=O)NC(=O)N1>>CCCCCc1ccc2c(c1)C(=O)N(C)Cc1c(C(=O)OCC)ncn1-2
plate_4,O=C1CCC(=O)N1,43347.68822,plate_4_32,CCOC(=O)c1ncn2c1CN(C)C(=O)c1cc(Br)ccc1-2.CCCCCC(=O)O.O=C1CCC(=O)N1>>CCCCCc1ccc2c(c1)C(=O)N(C)Cc1c(C(=O)OCC)ncn1-2
plate_4,O=C1CCCC(=O)N1,13261.66467,plate_4_31,CCOC(=O)c1ncn2c1CN(C)C(=O)c1cc(Br)ccc1-2.CCCCCC(=O)O.O=C1CCCC(=O)N1>>CCCCCc1ccc2c(c1)C(=O)N(C)Cc1c(C(=O)OCC)ncn1-2
plate_4,O=C1CCCCC1=O,2738.50451,plate_4_41,CCOC(=O)c1ncn2c1CN(C)C(=O)c1cc(Br)ccc1-2.CCCCCC(=O)O.O=C1CCCCC1=O>>CCCCCc1ccc2c(c1)C(=O)N(C)Cc1c(C(=O)OCC)ncn1-2
plate_4,O=C1CCCCC1O,11840.09917,plate_4_42,CCOC(=O)c1ncn2c1CN(C)C(=O)c1cc(Br)ccc1-2.CCCCCC(=O)O.O=C1CCCCC1O>>CCCCCc1ccc2c(c1)C(=O)N(C)Cc1c(C(=O)OCC)ncn1-2
plate_4,O=C1CCCCC1[N+](=O)[O-],0.0,plate_4_43,CCOC(=O)c1ncn2c1CN(C)C(=O)c1cc(Br)ccc1-2.CCCCCC(=O)O.O=C1CCCCC1[N+](=O)[O-]>>CCCCCc1ccc2c(c1)C(=O)N(C)Cc1c(C(=O)OCC)ncn1-2
plate_4,O=C1CCCCCCCCC1,13304.45548,plate_4_53,CCOC(=O)c1ncn2c1CN(C)C(=O)c1cc(Br)ccc1-2.CCCCCC(=O)O.O=C1CCCCCCCCC1>>CCCCCc1ccc2c(c1)C(=O)N(C)Cc1c(C(=O)OCC)ncn1-2
plate_4,O=C1CCCCCCCCCCCN1,10930.49288,plate_4_54,CCOC(=O)c1ncn2c1CN(C)C(=O)c1cc(Br)ccc1-2.CCCCCC(=O)O.O=C1CCCCCCCCCCCN1>>CCCCCc1ccc2c(c1)C(=O)N(C)Cc1c(C(=O)OCC)ncn1-2
plate_4,O=C1CCCCCN1,13761.83384,plate_4_44,CCOC(=O)c1ncn2c1CN(C)C(=O)c1cc(Br)ccc1-2.CCCCCC(=O)O.O=C1CCCCCN1>>CCCCCc1ccc2c(c1)C(=O)N(C)Cc1c(C(=O)OCC)ncn1-2
plate_4,O=C1CCCCN1,12281.68308,plate_4_58,CCOC(=O)c1ncn2c1CN(C)C(=O)c1cc(Br)ccc1-2.CCCCCC(=O)O.O=C1CCCCN1>>CCCCCc1ccc2c(c1)C(=O)N(C)Cc1c(C(=O)OCC)ncn1-2
plate_4,O=C1CCCc2ccccc21,13154.39271,plate_4_630,CCOC(=O)c1ncn2c1CN(C)C(=O)c1cc(Br)ccc1-2.CCCCCC(=O)O.O=C1CCCc2ccccc21>>CCCCCc1ccc2c(c1)C(=O)N(C)Cc1c(C(=O)OCC)ncn1-2
plate_4,O=C1CCCc2cccnc21,0.0,plate_4_504,CCOC(=O)c1ncn2c1CN(C)C(=O)c1cc(Br)ccc1-2.CCCCCC(=O)O.O=C1CCCc2cccnc21>>CCCCCc1ccc2c(c1)C(=O)N(C)Cc1c(C(=O)OCC)ncn1-2
plate_4,O=C1CCN(c2ccccc2)N1,0.0,plate_4_588,CCOC(=O)c1ncn2c1CN(C)C(=O)c1cc(Br)ccc1-2.CCCCCC(=O)O.O=C1CCN(c2ccccc2)N1>>CCCCCc1ccc2c(c1)C(=O)N(C)Cc1c(C(=O)OCC)ncn1-2
plate_4,O=C1CCNC(=O)C1,8177.66305,plate_4_67,CCOC(=O)c1ncn2c1CN(C)C(=O)c1cc(Br)ccc1-2.CCCCCC(=O)O.O=C1CCNC(=O)C1>>CCCCCc1ccc2c(c1)C(=O)N(C)Cc1c(C(=O)OCC)ncn1-2
plate_4,O=C1CCNC(=O)N1,14716.22337,plate_4_69,CCOC(=O)c1ncn2c1CN(C)C(=O)c1cc(Br)ccc1-2.CCCCCC(=O)O.O=C1CCNC(=O)N1>>CCCCCc1ccc2c(c1)C(=O)N(C)Cc1c(C(=O)OCC)ncn1-2
plate_4,O=C1CCOc2ccccc21,2309.74553,plate_4_621,CCOC(=O)c1ncn2c1CN(C)C(=O)c1cc(Br)ccc1-2.CCCCCC(=O)O.O=C1CCOc2ccccc21>>CCCCCc1ccc2c(c1)C(=O)N(C)Cc1c(C(=O)OCC)ncn1-2
plate_4,O=C1CC[C@H](CO)N1,17119.12803,plate_4_33,CCOC(=O)c1ncn2c1CN(C)C(=O)c1cc(Br)ccc1-2.CCCCCC(=O)O.O=C1CC[C@H](CO)N1>>CCCCCc1ccc2c(c1)C(=O)N(C)Cc1c(C(=O)OCC)ncn1-2
plate_4,O=C1CCc2ccccc2N1,12644.46206,plate_4_628,CCOC(=O)c1ncn2c1CN(C)C(=O)c1cc(Br)ccc1-2.CCCCCC(=O)O.O=C1CCc2ccccc2N1>>CCCCCc1ccc2c(c1)C(=O)N(C)Cc1c(C(=O)OCC)ncn1-2
plate_4,O=C1CCc2ccccc2O1,14030.54147,plate_4_629,CCOC(=O)c1ncn2c1CN(C)C(=O)c1cc(Br)ccc1-2.CCCCCC(=O)O.O=C1CCc2ccccc2O1>>CCCCCc1ccc2c(c1)C(=O)N(C)Cc1c(C(=O)OCC)ncn1-2
plate_4,O=C1CNC(=O)N1,41346.50156,plate_4_25,CCOC(=O)c1ncn2c1CN(C)C(=O)c1cc(Br)ccc1-2.CCCCCC(=O)O.O=C1CNC(=O)N1>>CCCCCc1ccc2c(c1)C(=O)N(C)Cc1c(C(=O)OCC)ncn1-2
plate_4,O=C1COC(=O)C1,0.0,plate_4_24,CCOC(=O)c1ncn2c1CN(C)C(=O)c1cc(Br)ccc1-2.CCCCCC(=O)O.O=C1COC(=O)C1>>CCCCCc1ccc2c(c1)C(=O)N(C)Cc1c(C(=O)OCC)ncn1-2
plate_4,O=C1Cc2ccccc2C1=O,0.0,plate_4_624,CCOC(=O)c1ncn2c1CN(C)C(=O)c1cc(Br)ccc1-2.CCCCCC(=O)O.O=C1Cc2ccccc2C1=O>>CCCCCc1ccc2c(c1)C(=O)N(C)Cc1c(C(=O)OCC)ncn1-2
plate_4,O=C1Cc2ccccc2N1,8731.08608,plate_4_625,CCOC(=O)c1ncn2c1CN(C)C(=O)c1cc(Br)ccc1-2.CCCCCC(=O)O.O=C1Cc2ccccc2N1>>CCCCCc1ccc2c(c1)C(=O)N(C)Cc1c(C(=O)OCC)ncn1-2
plate_4,O=C1Cc2cccnc2N1,3084.09937,plate_4_507,CCOC(=O)c1ncn2c1CN(C)C(=O)c1cc(Br)ccc1-2.CCCCCC(=O)O.O=C1Cc2cccnc2N1>>CCCCCc1ccc2c(c1)C(=O)N(C)Cc1c(C(=O)OCC)ncn1-2
plate_4,O=C1NC(=O)/C(=C/c2ccccc2)N1,0.0,plate_4_556,CCOC(=O)c1ncn2c1CN(C)C(=O)c1cc(Br)ccc1-2.CCCCCC(=O)O.O=C1NC(=O)/C(=C/c2ccccc2)N1>>CCCCCc1ccc2c(c1)C(=O)N(C)Cc1c(C(=O)OCC)ncn1-2
plate_4,O=C1NC(=O)C(Cc2ccccc2)N1,38706.0817,plate_4_570,CCOC(=O)c1ncn2c1CN(C)C(=O)c1cc(Br)ccc1-2.CCCCCC(=O)O.O=C1NC(=O)C(Cc2ccccc2)N1>>CCCCCc1ccc2c(c1)C(=O)N(C)Cc1c(C(=O)OCC)ncn1-2
plate_4,O=C1NC(=O)c2ccccc21,49964.35102,plate_4_622,CCOC(=O)c1ncn2c1CN(C)C(=O)c1cc(Br)ccc1-2.CCCCCC(=O)O.O=C1NC(=O)c2ccccc21>>CCCCCc1ccc2c(c1)C(=O)N(C)Cc1c(C(=O)OCC)ncn1-2
plate_4,O=C1NCC(C(=O)O)N1,3304.38408,plate_4_28,CCOC(=O)c1ncn2c1CN(C)C(=O)c1cc(Br)ccc1-2.CCCCCC(=O)O.O=C1NCC(C(=O)O)N1>>CCCCCc1ccc2c(c1)C(=O)N(C)Cc1c(C(=O)OCC)ncn1-2
plate_4,O=C1NCCCN1,13842.96547,plate_4_68,CCOC(=O)c1ncn2c1CN(C)C(=O)c1cc(Br)ccc1-2.CCCCCC(=O)O.O=C1NCCCN1>>CCCCCc1ccc2c(c1)C(=O)N(C)Cc1c(C(=O)OCC)ncn1-2
plate_4,O=C1NCCN1c1ccccc1,8765.99049,plate_4_590,CCOC(=O)c1ncn2c1CN(C)C(=O)c1cc(Br)ccc1-2.CCCCCC(=O)O.O=C1NCCN1c1ccccc1>>CCCCCc1ccc2c(c1)C(=O)N(C)Cc1c(C(=O)OCC)ncn1-2
plate_4,O=C1NCCNC1=O,12431.08091,plate_4_66,CCOC(=O)c1ncn2c1CN(C)C(=O)c1cc(Br)ccc1-2.CCCCCC(=O)O.O=C1NCCNC1=O>>CCCCCc1ccc2c(c1)C(=O)N(C)Cc1c(C(=O)OCC)ncn1-2
plate_4,O=C1NCc2ccccc21,11454.9693,plate_4_633,CCOC(=O)c1ncn2c1CN(C)C(=O)c1cc(Br)ccc1-2.CCCCCC(=O)O.O=C1NCc2ccccc21>>CCCCCc1ccc2c(c1)C(=O)N(C)Cc1c(C(=O)OCC)ncn1-2
plate_4,O=C1Nc2c(C(=O)O)cccc2C1=O,0.0,plate_4_498,CCOC(=O)c1ncn2c1CN(C)C(=O)c1cc(Br)ccc1-2.CCCCCC(=O)O.O=C1Nc2c(C(=O)O)cccc2C1=O>>CCCCCc1ccc2c(c1)C(=O)N(C)Cc1c(C(=O)OCC)ncn1-2
plate_4,O=C1OC(=O)c2ccccc21,10431.60593,plate_4_623,CCOC(=O)c1ncn2c1CN(C)C(=O)c1cc(Br)ccc1-2.CCCCCC(=O)O.O=C1OC(=O)c2ccccc21>>CCCCCc1ccc2c(c1)C(=O)N(C)Cc1c(C(=O)OCC)ncn1-2
plate_4,O=C1OCCC1O,11955.17563,plate_4_72,CCOC(=O)c1ncn2c1CN(C)C(=O)c1cc(Br)ccc1-2.CCCCCC(=O)O.O=C1OCCC1O>>CCCCCc1ccc2c(c1)C(=O)N(C)Cc1c(C(=O)OCC)ncn1-2
plate_4,O=C1OCc2ccccc21,11247.00746,plate_4_634,CCOC(=O)c1ncn2c1CN(C)C(=O)c1cc(Br)ccc1-2.CCCCCC(=O)O.O=C1OCc2ccccc21>>CCCCCc1ccc2c(c1)C(=O)N(C)Cc1c(C(=O)OCC)ncn1-2
plate_4,O=CC1CCCCC1,16215.47868,plate_4_50,CCOC(=O)c1ncn2c1CN(C)C(=O)c1cc(Br)ccc1-2.CCCCCC(=O)O.O=CC1CCCCC1>>CCCCCc1ccc2c(c1)C(=O)N(C)Cc1c(C(=O)OCC)ncn1-2
plate_4,O=CCCc1ccccc1,13511.046675,plate_4_572,CCOC(=O)c1ncn2c1CN(C)C(=O)c1cc(Br)ccc1-2.CCCCCC(=O)O.O=CCCc1ccccc1>>CCCCCc1ccc2c(c1)C(=O)N(C)Cc1c(C(=O)OCC)ncn1-2
plate_4,O=CN1CCCC1,9617.2398,plate_4_55,CCOC(=O)c1ncn2c1CN(C)C(=O)c1cc(Br)ccc1-2.CCCCCC(=O)O.O=CN1CCCC1>>CCCCCc1ccc2c(c1)C(=O)N(C)Cc1c(C(=O)OCC)ncn1-2
plate_4,O=CNc1ccccc1,12714.4716,plate_4_594,CCOC(=O)c1ncn2c1CN(C)C(=O)c1cc(Br)ccc1-2.CCCCCC(=O)O.O=CNc1ccccc1>>CCCCCc1ccc2c(c1)C(=O)N(C)Cc1c(C(=O)OCC)ncn1-2
plate_4,O=CNc1ccccn1,10139.32459,plate_4_691,CCOC(=O)c1ncn2c1CN(C)C(=O)c1cc(Br)ccc1-2.CCCCCC(=O)O.O=CNc1ccccn1>>CCCCCc1ccc2c(c1)C(=O)N(C)Cc1c(C(=O)OCC)ncn1-2
plate_4,O=Cc1c[nH]cn1,7221.57751,plate_4_472,CCOC(=O)c1ncn2c1CN(C)C(=O)c1cc(Br)ccc1-2.CCCCCC(=O)O.O=Cc1c[nH]cn1>>CCCCCc1ccc2c(c1)C(=O)N(C)Cc1c(C(=O)OCC)ncn1-2
plate_4,O=Cc1ccccc1O,2821.138325,plate_4_539,CCOC(=O)c1ncn2c1CN(C)C(=O)c1cc(Br)ccc1-2.CCCCCC(=O)O.O=Cc1ccccc1O>>CCCCCc1ccc2c(c1)C(=O)N(C)Cc1c(C(=O)OCC)ncn1-2
plate_4,O=Cc1ccccn1,0.0,plate_4_684,CCOC(=O)c1ncn2c1CN(C)C(=O)c1cc(Br)ccc1-2.CCCCCC(=O)O.O=Cc1ccccn1>>CCCCCc1ccc2c(c1)C(=O)N(C)Cc1c(C(=O)OCC)ncn1-2
plate_4,O=S(=O)(O)c1ccccc1,8576.03407,plate_4_601,CCOC(=O)c1ncn2c1CN(C)C(=O)c1cc(Br)ccc1-2.CCCCCC(=O)O.O=S(=O)(O)c1ccccc1>>CCCCCc1ccc2c(c1)C(=O)N(C)Cc1c(C(=O)OCC)ncn1-2
plate_4,O=S1(=O)CCCC1,9666.58733,plate_4_61,CCOC(=O)c1ncn2c1CN(C)C(=O)c1cc(Br)ccc1-2.CCCCCC(=O)O.O=S1(=O)CCCC1>>CCCCCc1ccc2c(c1)C(=O)N(C)Cc1c(C(=O)OCC)ncn1-2
plate_4,O=S1(=O)CCCN1,11099.848855,plate_4_71,CCOC(=O)c1ncn2c1CN(C)C(=O)c1cc(Br)ccc1-2.CCCCCC(=O)O.O=S1(=O)CCCN1>>CCCCCc1ccc2c(c1)C(=O)N(C)Cc1c(C(=O)OCC)ncn1-2
plate_4,O=[N+]([O-])CCc1ccccc1,0.0,plate_4_576,CCOC(=O)c1ncn2c1CN(C)C(=O)c1cc(Br)ccc1-2.CCCCCC(=O)O.O=[N+]([O-])CCc1ccccc1>>CCCCCc1ccc2c(c1)C(=O)N(C)Cc1c(C(=O)OCC)ncn1-2
plate_4,O=[N+]([O-])c1cccc2cc[nH]c12,0.0,plate_4_511,CCOC(=O)c1ncn2c1CN(C)C(=O)c1cc(Br)ccc1-2.CCCCCC(=O)O.O=[N+]([O-])c1cccc2cc[nH]c12>>CCCCCc1ccc2c(c1)C(=O)N(C)Cc1c(C(=O)OCC)ncn1-2
plate_4,O=[N+]([O-])c1cccnc1O,0.0,plate_4_479,CCOC(=O)c1ncn2c1CN(C)C(=O)c1cc(Br)ccc1-2.CCCCCC(=O)O.O=[N+]([O-])c1cccnc1O>>CCCCCc1ccc2c(c1)C(=O)N(C)Cc1c(C(=O)OCC)ncn1-2
plate_4,O=[N+]([O-])c1cccs1,0.0,plate_4_494,CCOC(=O)c1ncn2c1CN(C)C(=O)c1cc(Br)ccc1-2.CCCCCC(=O)O.O=[N+]([O-])c1cccs1>>CCCCCc1ccc2c(c1)C(=O)N(C)Cc1c(C(=O)OCC)ncn1-2
plate_4,O=c1[nH][nH]c(=O)n1-c1ccccc1,2207.05298,plate_4_614,CCOC(=O)c1ncn2c1CN(C)C(=O)c1cc(Br)ccc1-2.CCCCCC(=O)O.O=c1[nH][nH]c(=O)n1-c1ccccc1>>CCCCCc1ccc2c(c1)C(=O)N(C)Cc1c(C(=O)OCC)ncn1-2
plate_4,O=c1[nH]c(=O)[nH]c(=O)[nH]1,30057.24146,plate_4_468,CCOC(=O)c1ncn2c1CN(C)C(=O)c1cc(Br)ccc1-2.CCCCCC(=O)O.O=c1[nH]c(=O)[nH]c(=O)[nH]1>>CCCCCc1ccc2c(c1)C(=O)N(C)Cc1c(C(=O)OCC)ncn1-2
plate_4,O=c1[nH]c(=O)c2ccccc2[nH]1,26158.70034,plate_4_644,CCOC(=O)c1ncn2c1CN(C)C(=O)c1cc(Br)ccc1-2.CCCCCC(=O)O.O=c1[nH]c(=O)c2ccccc2[nH]1>>CCCCCc1ccc2c(c1)C(=O)N(C)Cc1c(C(=O)OCC)ncn1-2
plate_4,O=c1[nH]c(=O)c2nc[nH]c2[nH]1,10030.26696,plate_4_469,CCOC(=O)c1ncn2c1CN(C)C(=O)c1cc(Br)ccc1-2.CCCCCC(=O)O.O=c1[nH]c(=O)c2nc[nH]c2[nH]1>>CCCCCc1ccc2c(c1)C(=O)N(C)Cc1c(C(=O)OCC)ncn1-2
plate_4,O=c1[nH]c(=O)n(-c2ccccc2)[nH]1,1221.48294,plate_4_615,CCOC(=O)c1ncn2c1CN(C)C(=O)c1cc(Br)ccc1-2.CCCCCC(=O)O.O=c1[nH]c(=O)n(-c2ccccc2)[nH]1>>CCCCCc1ccc2c(c1)C(=O)N(C)Cc1c(C(=O)OCC)ncn1-2
plate_4,O=c1[nH]c2ccccc2[nH]1,17122.07337,plate_4_636,CCOC(=O)c1ncn2c1CN(C)C(=O)c1cc(Br)ccc1-2.CCCCCC(=O)O.O=c1[nH]c2ccccc2[nH]1>>CCCCCc1ccc2c(c1)C(=O)N(C)Cc1c(C(=O)OCC)ncn1-2
plate_4,O=c1[nH]c2ccccc2c(=O)o1,1838.73098,plate_4_646,CCOC(=O)c1ncn2c1CN(C)C(=O)c1cc(Br)ccc1-2.CCCCCC(=O)O.O=c1[nH]c2ccccc2c(=O)o1>>CCCCCc1ccc2c(c1)C(=O)N(C)Cc1c(C(=O)OCC)ncn1-2
plate_4,O=c1[nH]c2ccccc2s1,20127.11211,plate_4_637,CCOC(=O)c1ncn2c1CN(C)C(=O)c1cc(Br)ccc1-2.CCCCCC(=O)O.O=c1[nH]c2ccccc2s1>>CCCCCc1ccc2c(c1)C(=O)N(C)Cc1c(C(=O)OCC)ncn1-2
plate_4,O=c1ccc(-c2ccccc2)n[nH]1,20520.5676,plate_4_608,CCOC(=O)c1ncn2c1CN(C)C(=O)c1cc(Br)ccc1-2.CCCCCC(=O)O.O=c1ccc(-c2ccccc2)n[nH]1>>CCCCCc1ccc2c(c1)C(=O)N(C)Cc1c(C(=O)OCC)ncn1-2
plate_4,O=c1ccc2ccccc2o1,7532.91914,plate_4_653,CCOC(=O)c1ncn2c1CN(C)C(=O)c1cc(Br)ccc1-2.CCCCCC(=O)O.O=c1ccc2ccccc2o1>>CCCCCc1ccc2c(c1)C(=O)N(C)Cc1c(C(=O)OCC)ncn1-2
plate_4,O=c1ccccn1-c1ccccc1,7969.28012,plate_4_617,CCOC(=O)c1ncn2c1CN(C)C(=O)c1cc(Br)ccc1-2.CCCCCC(=O)O.O=c1ccccn1-c1ccccc1>>CCCCCc1ccc2c(c1)C(=O)N(C)Cc1c(C(=O)OCC)ncn1-2
plate_4,O=c1ccccn1Cc1ccccn1,11068.03954,plate_4_687,CCOC(=O)c1ncn2c1CN(C)C(=O)c1cc(Br)ccc1-2.CCCCCC(=O)O.O=c1ccccn1Cc1ccccn1>>CCCCCc1ccc2c(c1)C(=O)N(C)Cc1c(C(=O)OCC)ncn1-2
plate_4,O=c1ccoc2ccccc12,11190.85028,plate_4_645,CCOC(=O)c1ncn2c1CN(C)C(=O)c1cc(Br)ccc1-2.CCCCCC(=O)O.O=c1ccoc2ccccc12>>CCCCCc1ccc2c(c1)C(=O)N(C)Cc1c(C(=O)OCC)ncn1-2
plate_4,OC1C=CCCC1,13061.59698,plate_4_39,CCOC(=O)c1ncn2c1CN(C)C(=O)c1cc(Br)ccc1-2.CCCCCC(=O)O.OC1C=CCCC1>>CCCCCc1ccc2c(c1)C(=O)N(C)Cc1c(C(=O)OCC)ncn1-2
plate_4,OC1CCCCC1,11930.90305,plate_4_52,CCOC(=O)c1ncn2c1CN(C)C(=O)c1cc(Br)ccc1-2.CCCCCC(=O)O.OC1CCCCC1>>CCCCCc1ccc2c(c1)C(=O)N(C)Cc1c(C(=O)OCC)ncn1-2
plate_4,OC1CCCc2ccccc21,11270.34101,plate_4_631,CCOC(=O)c1ncn2c1CN(C)C(=O)c1cc(Br)ccc1-2.CCCCCC(=O)O.OC1CCCc2ccccc21>>CCCCCc1ccc2c(c1)C(=O)N(C)Cc1c(C(=O)OCC)ncn1-2
plate_4,OC1CCCc2cccnc21,5142.03715,plate_4_506,CCOC(=O)c1ncn2c1CN(C)C(=O)c1cc(Br)ccc1-2.CCCCCC(=O)O.OC1CCCc2cccnc21>>CCCCCc1ccc2c(c1)C(=O)N(C)Cc1c(C(=O)OCC)ncn1-2
plate_4,OC1CCc2cccnc21,8463.90077,plate_4_505,CCOC(=O)c1ncn2c1CN(C)C(=O)c1cc(Br)ccc1-2.CCCCCC(=O)O.OC1CCc2cccnc21>>CCCCCc1ccc2c(c1)C(=O)N(C)Cc1c(C(=O)OCC)ncn1-2
plate_4,OC1Cc2ccccc2C1O,13660.41704,plate_4_626,CCOC(=O)c1ncn2c1CN(C)C(=O)c1cc(Br)ccc1-2.CCCCCC(=O)O.OC1Cc2ccccc2C1O>>CCCCCc1ccc2c(c1)C(=O)N(C)Cc1c(C(=O)OCC)ncn1-2
plate_4,OCC(CO)CO,17477.91274,plate_4_10,CCOC(=O)c1ncn2c1CN(C)C(=O)c1cc(Br)ccc1-2.CCCCCC(=O)O.OCC(CO)CO>>CCCCCc1ccc2c(c1)C(=O)N(C)Cc1c(C(=O)OCC)ncn1-2
plate_4,OCC(F)(F)F,13421.44883,plate_4_11,CCOC(=O)c1ncn2c1CN(C)C(=O)c1cc(Br)ccc1-2.CCCCCC(=O)O.OCC(F)(F)F>>CCCCCc1ccc2c(c1)C(=O)N(C)Cc1c(C(=O)OCC)ncn1-2
plate_4,OCC(O)c1ccccc1,17866.05215,plate_4_566,CCOC(=O)c1ncn2c1CN(C)C(=O)c1cc(Br)ccc1-2.CCCCCC(=O)O.OCC(O)c1ccccc1>>CCCCCc1ccc2c(c1)C(=O)N(C)Cc1c(C(=O)OCC)ncn1-2
plate_4,OCC1CCCCO1,14595.99024,plate_4_60,CCOC(=O)c1ncn2c1CN(C)C(=O)c1cc(Br)ccc1-2.CCCCCC(=O)O.OCC1CCCCO1>>CCCCCc1ccc2c(c1)C(=O)N(C)Cc1c(C(=O)OCC)ncn1-2
plate_4,OCC1CCCO1,16124.97756,plate_4_36,CCOC(=O)c1ncn2c1CN(C)C(=O)c1cc(Br)ccc1-2.CCCCCC(=O)O.OCC1CCCO1>>CCCCCc1ccc2c(c1)C(=O)N(C)Cc1c(C(=O)OCC)ncn1-2
plate_4,OCCCCCCO,15496.73126,plate_4_13,CCOC(=O)c1ncn2c1CN(C)C(=O)c1cc(Br)ccc1-2.CCCCCC(=O)O.OCCCCCCO>>CCCCCc1ccc2c(c1)C(=O)N(C)Cc1c(C(=O)OCC)ncn1-2
plate_4,OCCCOc1ccccc1,11958.72985,plate_4_599,CCOC(=O)c1ncn2c1CN(C)C(=O)c1cc(Br)ccc1-2.CCCCCC(=O)O.OCCCOc1ccccc1>>CCCCCc1ccc2c(c1)C(=O)N(C)Cc1c(C(=O)OCC)ncn1-2
plate_4,OCCCc1ccccc1,15320.40431,plate_4_574,CCOC(=O)c1ncn2c1CN(C)C(=O)c1cc(Br)ccc1-2.CCCCCC(=O)O.OCCCc1ccccc1>>CCCCCc1ccc2c(c1)C(=O)N(C)Cc1c(C(=O)OCC)ncn1-2
plate_4,OCCOCCO,15780.90916,plate_4_14,CCOC(=O)c1ncn2c1CN(C)C(=O)c1cc(Br)ccc1-2.CCCCCC(=O)O.OCCOCCO>>CCCCCc1ccc2c(c1)C(=O)N(C)Cc1c(C(=O)OCC)ncn1-2
plate_4,OCCOCCOCCO,14918.5025,plate_4_15,CCOC(=O)c1ncn2c1CN(C)C(=O)c1cc(Br)ccc1-2.CCCCCC(=O)O.OCCOCCOCCO>>CCCCCc1ccc2c(c1)C(=O)N(C)Cc1c(C(=O)OCC)ncn1-2
plate_4,OCCOc1ccccc1O,11673.47191,plate_4_546,CCOC(=O)c1ncn2c1CN(C)C(=O)c1cc(Br)ccc1-2.CCCCCC(=O)O.OCCOc1ccccc1O>>CCCCCc1ccc2c(c1)C(=O)N(C)Cc1c(C(=O)OCC)ncn1-2
plate_4,OCCSc1ccccc1,14039.44617,plate_4_602,CCOC(=O)c1ncn2c1CN(C)C(=O)c1cc(Br)ccc1-2.CCCCCC(=O)O.OCCSc1ccccc1>>CCCCCc1ccc2c(c1)C(=O)N(C)Cc1c(C(=O)OCC)ncn1-2
plate_4,OCCSc1ccccn1,6709.2747,plate_4_694,CCOC(=O)c1ncn2c1CN(C)C(=O)c1cc(Br)ccc1-2.CCCCCC(=O)O.OCCSc1ccccn1>>CCCCCc1ccc2c(c1)C(=O)N(C)Cc1c(C(=O)OCC)ncn1-2
plate_4,OCCc1ccccc1,13872.98646,plate_4_575,CCOC(=O)c1ncn2c1CN(C)C(=O)c1cc(Br)ccc1-2.CCCCCC(=O)O.OCCc1ccccc1>>CCCCCc1ccc2c(c1)C(=O)N(C)Cc1c(C(=O)OCC)ncn1-2
plate_4,OCc1cccc(CO)n1,13372.1202,plate_4_483,CCOC(=O)c1ncn2c1CN(C)C(=O)c1cc(Br)ccc1-2.CCCCCC(=O)O.OCc1cccc(CO)n1>>CCCCCc1ccc2c(c1)C(=O)N(C)Cc1c(C(=O)OCC)ncn1-2
plate_4,OCc1ccccc1CO,17839.73115,plate_4_541,CCOC(=O)c1ncn2c1CN(C)C(=O)c1cc(Br)ccc1-2.CCCCCC(=O)O.OCc1ccccc1CO>>CCCCCc1ccc2c(c1)C(=O)N(C)Cc1c(C(=O)OCC)ncn1-2
plate_4,OCc1ccccn1,12023.23891,plate_4_686,CCOC(=O)c1ncn2c1CN(C)C(=O)c1cc(Br)ccc1-2.CCCCCC(=O)O.OCc1ccccn1>>CCCCCc1ccc2c(c1)C(=O)N(C)Cc1c(C(=O)OCC)ncn1-2
plate_4,OCc1ccon1,2511.14599,plate_4_714,CCOC(=O)c1ncn2c1CN(C)C(=O)c1cc(Br)ccc1-2.CCCCCC(=O)O.OCc1ccon1>>CCCCCc1ccc2c(c1)C(=O)N(C)Cc1c(C(=O)OCC)ncn1-2
plate_4,ONCc1ccccc1,2593.55732,plate_4_579,CCOC(=O)c1ncn2c1CN(C)C(=O)c1cc(Br)ccc1-2.CCCCCC(=O)O.ONCc1ccccc1>>CCCCCc1ccc2c(c1)C(=O)N(C)Cc1c(C(=O)OCC)ncn1-2
plate_4,O[C@@H]1CCCC[C@H]1O,16999.00903,plate_4_65,CCOC(=O)c1ncn2c1CN(C)C(=O)c1cc(Br)ccc1-2.CCCCCC(=O)O.O[C@@H]1CCCC[C@H]1O>>CCCCCc1ccc2c(c1)C(=O)N(C)Cc1c(C(=O)OCC)ncn1-2
plate_4,O[C@H]1CCC[C@@H]1O,13378.10374,plate_4_74,CCOC(=O)c1ncn2c1CN(C)C(=O)c1cc(Br)ccc1-2.CCCCCC(=O)O.O[C@H]1CCC[C@@H]1O>>CCCCCc1ccc2c(c1)C(=O)N(C)Cc1c(C(=O)OCC)ncn1-2
plate_4,Oc1ccc(C(F)(F)F)cc1,12407.807304999998,plate_4_481,CCOC(=O)c1ncn2c1CN(C)C(=O)c1cc(Br)ccc1-2.CCCCCC(=O)O.Oc1ccc(C(F)(F)F)cc1>>CCCCCc1ccc2c(c1)C(=O)N(C)Cc1c(C(=O)OCC)ncn1-2
plate_4,Oc1ccc2cccc(O)c2n1,0.0,plate_4_514,CCOC(=O)c1ncn2c1CN(C)C(=O)c1cc(Br)ccc1-2.CCCCCC(=O)O.Oc1ccc2cccc(O)c2n1>>CCCCCc1ccc2c(c1)C(=O)N(C)Cc1c(C(=O)OCC)ncn1-2
plate_4,Oc1ccc2ccccc2c1O,0.0,plate_4_654,CCOC(=O)c1ncn2c1CN(C)C(=O)c1cc(Br)ccc1-2.CCCCCC(=O)O.Oc1ccc2ccccc2c1O>>CCCCCc1ccc2c(c1)C(=O)N(C)Cc1c(C(=O)OCC)ncn1-2
plate_4,Oc1ccc2ccccc2n1,11065.18358,plate_4_657,CCOC(=O)c1ncn2c1CN(C)C(=O)c1cc(Br)ccc1-2.CCCCCC(=O)O.Oc1ccc2ccccc2n1>>CCCCCc1ccc2c(c1)C(=O)N(C)Cc1c(C(=O)OCC)ncn1-2
plate_4,Oc1cccc2[nH]cnc12,2670.44513,plate_4_500,CCOC(=O)c1ncn2c1CN(C)C(=O)c1cc(Br)ccc1-2.CCCCCC(=O)O.Oc1cccc2[nH]cnc12>>CCCCCc1ccc2c(c1)C(=O)N(C)Cc1c(C(=O)OCC)ncn1-2
plate_4,Oc1cccc2[nH]nnc12,0.0,plate_4_501,CCOC(=O)c1ncn2c1CN(C)C(=O)c1cc(Br)ccc1-2.CCCCCC(=O)O.Oc1cccc2[nH]nnc12>>CCCCCc1ccc2c(c1)C(=O)N(C)Cc1c(C(=O)OCC)ncn1-2
plate_4,Oc1cccc2cccnc12,0.0,plate_4_518,CCOC(=O)c1ncn2c1CN(C)C(=O)c1cc(Br)ccc1-2.CCCCCC(=O)O.Oc1cccc2cccnc12>>CCCCCc1ccc2c(c1)C(=O)N(C)Cc1c(C(=O)OCC)ncn1-2
plate_4,Oc1cccc2cncnc12,0.0,plate_4_522,CCOC(=O)c1ncn2c1CN(C)C(=O)c1cc(Br)ccc1-2.CCCCCC(=O)O.Oc1cccc2cncnc12>>CCCCCc1ccc2c(c1)C(=O)N(C)Cc1c(C(=O)OCC)ncn1-2
plate_4,Oc1ccccc1,11084.24384,plate_4_595,CCOC(=O)c1ncn2c1CN(C)C(=O)c1cc(Br)ccc1-2.CCCCCC(=O)O.Oc1ccccc1>>CCCCCc1ccc2c(c1)C(=O)N(C)Cc1c(C(=O)OCC)ncn1-2
plate_4,Oc1ccccc1-c1cc[nH]n1,1842.42778,plate_4_549,CCOC(=O)c1ncn2c1CN(C)C(=O)c1cc(Br)ccc1-2.CCCCCC(=O)O.Oc1ccccc1-c1cc[nH]n1>>CCCCCc1ccc2c(c1)C(=O)N(C)Cc1c(C(=O)OCC)ncn1-2
plate_4,Oc1ccccc1-c1ccccc1O,0.0,plate_4_550,CCOC(=O)c1ncn2c1CN(C)C(=O)c1cc(Br)ccc1-2.CCCCCC(=O)O.Oc1ccccc1-c1ccccc1O>>CCCCCc1ccc2c(c1)C(=O)N(C)Cc1c(C(=O)OCC)ncn1-2
plate_4,Oc1ccccc1-c1ccccn1,0.0,plate_4_551,CCOC(=O)c1ncn2c1CN(C)C(=O)c1cc(Br)ccc1-2.CCCCCC(=O)O.Oc1ccccc1-c1ccccn1>>CCCCCc1ccc2c(c1)C(=O)N(C)Cc1c(C(=O)OCC)ncn1-2
plate_4,Oc1ccccc1-c1nc2ccccc2o1,0.0,plate_4_552,CCOC(=O)c1ncn2c1CN(C)C(=O)c1cc(Br)ccc1-2.CCCCCC(=O)O.Oc1ccccc1-c1nc2ccccc2o1>>CCCCCc1ccc2c(c1)C(=O)N(C)Cc1c(C(=O)OCC)ncn1-2
plate_4,Oc1ccccc1-c1nnco1,0.0,plate_4_553,CCOC(=O)c1ncn2c1CN(C)C(=O)c1cc(Br)ccc1-2.CCCCCC(=O)O.Oc1ccccc1-c1nnco1>>CCCCCc1ccc2c(c1)C(=O)N(C)Cc1c(C(=O)OCC)ncn1-2
plate_4,Oc1ccccc1-n1ccnc1,1859.64315,plate_4_554,CCOC(=O)c1ncn2c1CN(C)C(=O)c1cc(Br)ccc1-2.CCCCCC(=O)O.Oc1ccccc1-n1ccnc1>>CCCCCc1ccc2c(c1)C(=O)N(C)Cc1c(C(=O)OCC)ncn1-2
plate_4,Oc1ccccc1C(=S)S,3929.75026,plate_4_538,CCOC(=O)c1ncn2c1CN(C)C(=O)c1cc(Br)ccc1-2.CCCCCC(=O)O.Oc1ccccc1C(=S)S>>CCCCCc1ccc2c(c1)C(=O)N(C)Cc1c(C(=O)OCC)ncn1-2
plate_4,Oc1ccccc1N1CCCC1,4680.7233,plate_4_542,CCOC(=O)c1ncn2c1CN(C)C(=O)c1cc(Br)ccc1-2.CCCCCC(=O)O.Oc1ccccc1N1CCCC1>>CCCCCc1ccc2c(c1)C(=O)N(C)Cc1c(C(=O)OCC)ncn1-2
plate_4,Oc1ccccc1N1CCCCC1,9408.70463,plate_4_543,CCOC(=O)c1ncn2c1CN(C)C(=O)c1cc(Br)ccc1-2.CCCCCC(=O)O.Oc1ccccc1N1CCCCC1>>CCCCCc1ccc2c(c1)C(=O)N(C)Cc1c(C(=O)OCC)ncn1-2
plate_4,Oc1ccccc1O,1446.12524,plate_4_544,CCOC(=O)c1ncn2c1CN(C)C(=O)c1cc(Br)ccc1-2.CCCCCC(=O)O.Oc1ccccc1O>>CCCCCc1ccc2c(c1)C(=O)N(C)Cc1c(C(=O)OCC)ncn1-2
plate_4,Oc1ccccn1,10502.70512,plate_4_692,CCOC(=O)c1ncn2c1CN(C)C(=O)c1cc(Br)ccc1-2.CCCCCC(=O)O.Oc1ccccn1>>CCCCCc1ccc2c(c1)C(=O)N(C)Cc1c(C(=O)OCC)ncn1-2
plate_4,Oc1cn(-c2ccccc2)nn1,2769.06579,plate_4_616,CCOC(=O)c1ncn2c1CN(C)C(=O)c1cc(Br)ccc1-2.CCCCCC(=O)O.Oc1cn(-c2ccccc2)nn1>>CCCCCc1ccc2c(c1)C(=O)N(C)Cc1c(C(=O)OCC)ncn1-2
plate_4,Oc1nc(-c2ccccc2)cs1,2983.71121,plate_4_610,CCOC(=O)c1ncn2c1CN(C)C(=O)c1cc(Br)ccc1-2.CCCCCC(=O)O.Oc1nc(-c2ccccc2)cs1>>CCCCCc1ccc2c(c1)C(=O)N(C)Cc1c(C(=O)OCC)ncn1-2
plate_4,Oc1nc2ccccc2nc1O,3543.30868,plate_4_665,CCOC(=O)c1ncn2c1CN(C)C(=O)c1cc(Br)ccc1-2.CCCCCC(=O)O.Oc1nc2ccccc2nc1O>>CCCCCc1ccc2c(c1)C(=O)N(C)Cc1c(C(=O)OCC)ncn1-2
plate_4,Oc1nccc2ccccc12,18625.7955,plate_4_661,CCOC(=O)c1ncn2c1CN(C)C(=O)c1cc(Br)ccc1-2.CCCCCC(=O)O.Oc1nccc2ccccc12>>CCCCCc1ccc2c(c1)C(=O)N(C)Cc1c(C(=O)OCC)ncn1-2
plate_4,S=C1NCCCN1,12007.05931,plate_4_70,CCOC(=O)c1ncn2c1CN(C)C(=O)c1cc(Br)ccc1-2.CCCCCC(=O)O.S=C1NCCCN1>>CCCCCc1ccc2c(c1)C(=O)N(C)Cc1c(C(=O)OCC)ncn1-2
plate_4,S=c1[nH]nc(Cc2ccccc2)[nH]1,5190.07105,plate_4_584,CCOC(=O)c1ncn2c1CN(C)C(=O)c1cc(Br)ccc1-2.CCCCCC(=O)O.S=c1[nH]nc(Cc2ccccc2)[nH]1>>CCCCCc1ccc2c(c1)C(=O)N(C)Cc1c(C(=O)OCC)ncn1-2
plate_4,Sc1ccc2ccccc2n1,4673.52832,plate_4_658,CCOC(=O)c1ncn2c1CN(C)C(=O)c1cc(Br)ccc1-2.CCCCCC(=O)O.Sc1ccc2ccccc2n1>>CCCCCc1ccc2c(c1)C(=O)N(C)Cc1c(C(=O)OCC)ncn1-2
plate_4,Sc1ccccn1,0.0,plate_4_693,CCOC(=O)c1ncn2c1CN(C)C(=O)c1cc(Br)ccc1-2.CCCCCC(=O)O.Sc1ccccn1>>CCCCCc1ccc2c(c1)C(=O)N(C)Cc1c(C(=O)OCC)ncn1-2
plate_4,Sc1nc(-c2ccccc2)cs1,0.0,plate_4_611,CCOC(=O)c1ncn2c1CN(C)C(=O)c1cc(Br)ccc1-2.CCCCCC(=O)O.Sc1nc(-c2ccccc2)cs1>>CCCCCc1ccc2c(c1)C(=O)N(C)Cc1c(C(=O)OCC)ncn1-2
plate_4,Sc1ncc[nH]1,3890.54488,plate_4_698,CCOC(=O)c1ncn2c1CN(C)C(=O)c1cc(Br)ccc1-2.CCCCCC(=O)O.Sc1ncc[nH]1>>CCCCCc1ccc2c(c1)C(=O)N(C)Cc1c(C(=O)OCC)ncn1-2
plate_4,Sc1ncccn1,1964.08314,plate_4_707,CCOC(=O)c1ncn2c1CN(C)C(=O)c1cc(Br)ccc1-2.CCCCCC(=O)O.Sc1ncccn1>>CCCCCc1ccc2c(c1)C(=O)N(C)Cc1c(C(=O)OCC)ncn1-2
plate_4,[O-][n+]1c(-c2cscn2)[nH]c2ccccc21,0.0,plate_4_638,CCOC(=O)c1ncn2c1CN(C)C(=O)c1cc(Br)ccc1-2.CCCCCC(=O)O.[O-][n+]1c(-c2cscn2)[nH]c2ccccc21>>CCCCCc1ccc2c(c1)C(=O)N(C)Cc1c(C(=O)OCC)ncn1-2
plate_4,[O-][n+]1cccc2cccc(O)c21,0.0,plate_4_515,CCOC(=O)c1ncn2c1CN(C)C(=O)c1cc(Br)ccc1-2.CCCCCC(=O)O.[O-][n+]1cccc2cccc(O)c21>>CCCCCc1ccc2c(c1)C(=O)N(C)Cc1c(C(=O)OCC)ncn1-2
plate_4,[O-][n+]1ccccc1O,0.0,plate_4_524,CCOC(=O)c1ncn2c1CN(C)C(=O)c1cc(Br)ccc1-2.CCCCCC(=O)O.[O-][n+]1ccccc1O>>CCCCCc1ccc2c(c1)C(=O)N(C)Cc1c(C(=O)OCC)ncn1-2
plate_4,c1c[nH]c(-c2cccs2)c1,4733.42531,plate_4_478,CCOC(=O)c1ncn2c1CN(C)C(=O)c1cc(Br)ccc1-2.CCCCCC(=O)O.c1c[nH]c(-c2cccs2)c1>>CCCCCc1ccc2c(c1)C(=O)N(C)Cc1c(C(=O)OCC)ncn1-2
plate_4,c1c[nH]c(-c2ncc[nH]2)n1,8453.77447,plate_4_699,CCOC(=O)c1ncn2c1CN(C)C(=O)c1cc(Br)ccc1-2.CCCCCC(=O)O.c1c[nH]c(-c2ncc[nH]2)n1>>CCCCCc1ccc2c(c1)C(=O)N(C)Cc1c(C(=O)OCC)ncn1-2
plate_4,c1cc2[nH]cnc2cn1,16892.4798,plate_4_708,CCOC(=O)c1ncn2c1CN(C)C(=O)c1cc(Br)ccc1-2.CCCCCC(=O)O.c1cc2[nH]cnc2cn1>>CCCCCc1ccc2c(c1)C(=O)N(C)Cc1c(C(=O)OCC)ncn1-2
plate_4,c1cc2[nH]ncc2cn1,5926.90097,plate_4_709,CCOC(=O)c1ncn2c1CN(C)C(=O)c1cc(Br)ccc1-2.CCCCCC(=O)O.c1cc2[nH]ncc2cn1>>CCCCCc1ccc2c(c1)C(=O)N(C)Cc1c(C(=O)OCC)ncn1-2
plate_4,c1ccc(-c2c[nH]cn2)cc1,20686.68928,plate_4_605,CCOC(=O)c1ncn2c1CN(C)C(=O)c1cc(Br)ccc1-2.CCCCCC(=O)O.c1ccc(-c2c[nH]cn2)cc1>>CCCCCc1ccc2c(c1)C(=O)N(C)Cc1c(C(=O)OCC)ncn1-2
plate_4,c1ccc(-c2c[nH]nn2)cc1,5011.01162,plate_4_606,CCOC(=O)c1ncn2c1CN(C)C(=O)c1cc(Br)ccc1-2.CCCCCC(=O)O.c1ccc(-c2c[nH]nn2)cc1>>CCCCCc1ccc2c(c1)C(=O)N(C)Cc1c(C(=O)OCC)ncn1-2
plate_4,c1ccc(-c2cc[nH]n2)cc1,21495.43388,plate_4_607,CCOC(=O)c1ncn2c1CN(C)C(=O)c1cc(Br)ccc1-2.CCCCCC(=O)O.c1ccc(-c2cc[nH]n2)cc1>>CCCCCc1ccc2c(c1)C(=O)N(C)Cc1c(C(=O)OCC)ncn1-2
plate_4,c1ccc(-c2cnco2)cc1,11747.97566,plate_4_609,CCOC(=O)c1ncn2c1CN(C)C(=O)c1cc(Br)ccc1-2.CCCCCC(=O)O.c1ccc(-c2cnco2)cc1>>CCCCCc1ccc2c(c1)C(=O)N(C)Cc1c(C(=O)OCC)ncn1-2
plate_4,c1ccc(-c2nc[nH]n2)cc1,23528.44747,plate_4_612,CCOC(=O)c1ncn2c1CN(C)C(=O)c1cc(Br)ccc1-2.CCCCCC(=O)O.c1ccc(-c2nc[nH]n2)cc1>>CCCCCc1ccc2c(c1)C(=O)N(C)Cc1c(C(=O)OCC)ncn1-2
plate_4,c1ccc(-c2ncc[nH]2)cc1,14316.37976,plate_4_603,CCOC(=O)c1ncn2c1CN(C)C(=O)c1cc(Br)ccc1-2.CCCCCC(=O)O.c1ccc(-c2ncc[nH]2)cc1>>CCCCCc1ccc2c(c1)C(=O)N(C)Cc1c(C(=O)OCC)ncn1-2
plate_4,c1ccc(-c2nccs2)cc1,6423.55775,plate_4_613,CCOC(=O)c1ncn2c1CN(C)C(=O)c1cc(Br)ccc1-2.CCCCCC(=O)O.c1ccc(-c2nccs2)cc1>>CCCCCc1ccc2c(c1)C(=O)N(C)Cc1c(C(=O)OCC)ncn1-2
plate_4,c1ccc(-c2nnn[nH]2)cc1,14776.26597,plate_4_604,CCOC(=O)c1ncn2c1CN(C)C(=O)c1cc(Br)ccc1-2.CCCCCC(=O)O.c1ccc(-c2nnn[nH]2)cc1>>CCCCCc1ccc2c(c1)C(=O)N(C)Cc1c(C(=O)OCC)ncn1-2
plate_4,c1ccc(-n2ccnc2)cc1,12638.58829,plate_4_618,CCOC(=O)c1ncn2c1CN(C)C(=O)c1cc(Br)ccc1-2.CCCCCC(=O)O.c1ccc(-n2ccnc2)cc1>>CCCCCc1ccc2c(c1)C(=O)N(C)Cc1c(C(=O)OCC)ncn1-2
plate_4,c1ccc(COc2cccc3cc[nH]c23)cc1,7884.31565,plate_4_582,CCOC(=O)c1ncn2c1CN(C)C(=O)c1cc(Br)ccc1-2.CCCCCC(=O)O.c1ccc(COc2cccc3cc[nH]c23)cc1>>CCCCCc1ccc2c(c1)C(=O)N(C)Cc1c(C(=O)OCC)ncn1-2
plate_4,c1ccc(CSc2nnn[nH]2)cc1,7406.66803,plate_4_583,CCOC(=O)c1ncn2c1CN(C)C(=O)c1cc(Br)ccc1-2.CCCCCC(=O)O.c1ccc(CSc2nnn[nH]2)cc1>>CCCCCc1ccc2c(c1)C(=O)N(C)Cc1c(C(=O)OCC)ncn1-2
plate_4,c1ccc(Cc2nnn[nH]2)cc1,23036.42587,plate_4_585,CCOC(=O)c1ncn2c1CN(C)C(=O)c1cc(Br)ccc1-2.CCCCCC(=O)O.c1ccc(Cc2nnn[nH]2)cc1>>CCCCCc1ccc2c(c1)C(=O)N(C)Cc1c(C(=O)OCC)ncn1-2
plate_4,c1ccc(Cn2cccc2)cc1,15642.55233,plate_4_586,CCOC(=O)c1ncn2c1CN(C)C(=O)c1cc(Br)ccc1-2.CCCCCC(=O)O.c1ccc(Cn2cccc2)cc1>>CCCCCc1ccc2c(c1)C(=O)N(C)Cc1c(C(=O)OCC)ncn1-2
plate_4,c1ccc(Cn2ccnc2)cc1,8325.134,plate_4_587,CCOC(=O)c1ncn2c1CN(C)C(=O)c1cc(Br)ccc1-2.CCCCCC(=O)O.c1ccc(Cn2ccnc2)cc1>>CCCCCc1ccc2c(c1)C(=O)N(C)Cc1c(C(=O)OCC)ncn1-2
plate_4,c1ccc(N2CCCCC2)cc1,2904.92216,plate_4_589,CCOC(=O)c1ncn2c1CN(C)C(=O)c1cc(Br)ccc1-2.CCCCCC(=O)O.c1ccc(N2CCCCC2)cc1>>CCCCCc1ccc2c(c1)C(=O)N(C)Cc1c(C(=O)OCC)ncn1-2
plate_4,c1ccc2[nH]c(-c3cscn3)nc2c1,0.0,plate_4_641,CCOC(=O)c1ncn2c1CN(C)C(=O)c1cc(Br)ccc1-2.CCCCCC(=O)O.c1ccc2[nH]c(-c3cscn3)nc2c1>>CCCCCc1ccc2c(c1)C(=O)N(C)Cc1c(C(=O)OCC)ncn1-2
plate_4,c1ccc2[nH]ccc2c1,10940.02905,plate_4_652,CCOC(=O)c1ncn2c1CN(C)C(=O)c1cc(Br)ccc1-2.CCCCCC(=O)O.c1ccc2[nH]ccc2c1>>CCCCCc1ccc2c(c1)C(=O)N(C)Cc1c(C(=O)OCC)ncn1-2
plate_4,c1ccc2[nH]cnc2c1,23617.143855,plate_4_642,CCOC(=O)c1ncn2c1CN(C)C(=O)c1cc(Br)ccc1-2.CCCCCC(=O)O.c1ccc2[nH]cnc2c1>>CCCCCc1ccc2c(c1)C(=O)N(C)Cc1c(C(=O)OCC)ncn1-2
plate_4,c1ccc2[nH]nnc2c1,3202.68216,plate_4_643,CCOC(=O)c1ncn2c1CN(C)C(=O)c1cc(Br)ccc1-2.CCCCCC(=O)O.c1ccc2[nH]nnc2c1>>CCCCCc1ccc2c(c1)C(=O)N(C)Cc1c(C(=O)OCC)ncn1-2
plate_4,c1ccc2c(c1)CCO2,13686.76655,plate_4_632,CCOC(=O)c1ncn2c1CN(C)C(=O)c1cc(Br)ccc1-2.CCCCCC(=O)O.c1ccc2c(c1)CCO2>>CCCCCc1ccc2c(c1)C(=O)N(C)Cc1c(C(=O)OCC)ncn1-2
plate_4,c1ccc2c(c1)OCO2,13105.86882,plate_4_635,CCOC(=O)c1ncn2c1CN(C)C(=O)c1cc(Br)ccc1-2.CCCCCC(=O)O.c1ccc2c(c1)OCO2>>CCCCCc1ccc2c(c1)C(=O)N(C)Cc1c(C(=O)OCC)ncn1-2
plate_4,c1ccc2occc2c1,11732.47823,plate_4_662,CCOC(=O)c1ncn2c1CN(C)C(=O)c1cc(Br)ccc1-2.CCCCCC(=O)O.c1ccc2occc2c1>>CCCCCc1ccc2c(c1)C(=O)N(C)Cc1c(C(=O)OCC)ncn1-2
plate_4,c1ccc2oncc2c1,0.0,plate_4_663,CCOC(=O)c1ncn2c1CN(C)C(=O)c1cc(Br)ccc1-2.CCCCCC(=O)O.c1ccc2oncc2c1>>CCCCCc1ccc2c(c1)C(=O)N(C)Cc1c(C(=O)OCC)ncn1-2
plate_4,c1ccc2sc(-c3cc[nH]n3)nc2c1,1783.2859,plate_4_668,CCOC(=O)c1ncn2c1CN(C)C(=O)c1cc(Br)ccc1-2.CCCCCC(=O)O.c1ccc2sc(-c3cc[nH]n3)nc2c1>>CCCCCc1ccc2c(c1)C(=O)N(C)Cc1c(C(=O)OCC)ncn1-2
plate_4,c1cnc2[nH]ccc2c1,14342.04697,plate_4_512,CCOC(=O)c1ncn2c1CN(C)C(=O)c1cc(Br)ccc1-2.CCCCCC(=O)O.c1cnc2[nH]ccc2c1>>CCCCCc1ccc2c(c1)C(=O)N(C)Cc1c(C(=O)OCC)ncn1-2
plate_4,c1cnc2[nH]cnc2c1,19786.16931,plate_4_497,CCOC(=O)c1ncn2c1CN(C)C(=O)c1cc(Br)ccc1-2.CCCCCC(=O)O.c1cnc2[nH]cnc2c1>>CCCCCc1ccc2c(c1)C(=O)N(C)Cc1c(C(=O)OCC)ncn1-2
plate_4,c1cnc2[nH]ncc2c1,17273.457305,plate_4_521,CCOC(=O)c1ncn2c1CN(C)C(=O)c1cc(Br)ccc1-2.CCCCCC(=O)O.c1cnc2[nH]ncc2c1>>CCCCCc1ccc2c(c1)C(=O)N(C)Cc1c(C(=O)OCC)ncn1-2
plate_4,c1coc(-c2nc3ccccc3[nH]2)c1,4759.33752,plate_4_640,CCOC(=O)c1ncn2c1CN(C)C(=O)c1cc(Br)ccc1-2.CCCCCC(=O)O.c1coc(-c2nc3ccccc3[nH]2)c1>>CCCCCc1ccc2c(c1)C(=O)N(C)Cc1c(C(=O)OCC)ncn1-2
plate_4,c1coc(-c2nnn[nH]2)c1,9883.10274,plate_4_488,CCOC(=O)c1ncn2c1CN(C)C(=O)c1cc(Br)ccc1-2.CCCCCC(=O)O.c1coc(-c2nnn[nH]2)c1>>CCCCCc1ccc2c(c1)C(=O)N(C)Cc1c(C(=O)OCC)ncn1-2
plate_4,c1csc(-c2cc[nH]n2)c1,15320.62839,plate_4_495,CCOC(=O)c1ncn2c1CN(C)C(=O)c1cc(Br)ccc1-2.CCCCCC(=O)O.c1csc(-c2cc[nH]n2)c1>>CCCCCc1ccc2c(c1)C(=O)N(C)Cc1c(C(=O)OCC)ncn1-2
