smiles,xtb_total_energy_eh,xtb_homo_ev,xtb_lumo_ev,xtb_gap_ev,xtb_dipole_debye,xtb_alpha_au,xtb_n_atoms,xtb_q_min,xtb_q_max,xtb_q_mean_abs,xtb_q_std
C#CC(=O)c1ccccc1,-26.286606685852,-10.9312,-8.1037,2.827500000000001,3.61,99.041901,16.0,-0.36029566,0.25207678,0.07128219125,0.1173763474524636
C#CC1(O)CCCCC1,-27.257235296371,-10.8643,-4.4583,6.406,1.653,92.413654,21.0,-0.44755412,0.28489658,0.0833294271428571,0.1301841597587408
C#CCCCCO,-21.931531421848,-10.8875,-4.046,6.841499999999999,1.69,74.290165,17.0,-0.44493142,0.2855824,0.08732552294117647,0.1383440427501366
C#CCCCc1ccccc1,-29.587921251909,-10.6349,-6.0403,4.5946,0.53,120.647077,23.0,-0.11265858,0.07032803,0.039457367391304336,0.0440163533936411
C#Cc1ccc(CC)cc1,-26.431598677867,-10.3672,-6.4503,3.9169,0.812,109.016413,20.0,-0.10100252,0.07226177,0.041015826000000005,0.046517894140179754
C#Cc1ccc(OCCC)cc1,-33.660544035493,-10.0798,-6.285,3.7948000000000004,1.841,125.435643,24.0,-0.28069556,0.14674976,0.06278451833333333,0.08270895700210872
C#Cc1ncccn1,-20.635508160637,-10.1684,-7.572,2.5964,1.626,76.710394,12.0,-0.23692589,0.20998161,0.09933348833333333,0.12620694609012142
C(=N/Nc1ccc2ccccc2n1)\c1ccccn1,-49.883138571597,-10.0495,-7.776,2.2735000000000003,2.176,188.579362,31.0,-0.28493041,0.16846976,0.06669646516129032,0.09259086101614951
C/C(=N\O)c1ccccc1,-28.633624396068,-10.5285,-7.0658,3.462699999999999,0.683,101.911229,19.0,-0.35120544,0.30536638,0.07868725736842105,0.12084325696808898
C/C=C/C(=O)OC,-22.894475685795,-11.1465,-7.4173,3.7291999999999996,3.222,69.011615,15.0,-0.41488611,0.34925184,0.11638873866666666,0.16621379149418494
C/C=C/C=C/C(=O)OC,-28.177731148837,-10.7381,-7.7624,2.975699999999999,3.972,91.590821,19.0,-0.41939825,0.34752653,0.09878864684210527,0.14867284031813088
C/N=C/c1ccccc1,-24.595581546275,-10.1794,-7.3717,2.8076999999999996,1.622,97.603383,18.0,-0.23088928,0.07059451,0.04347026388888889,0.06456665988191854
C=C(C)CCCCC,-25.267951591353,-10.3914,-5.3285,5.062900000000001,0.684,97.670631,24.0,-0.10840152,0.04332853,0.04453971208333333,0.0509899779125138
C=CCCC(=O)OC,-26.050566628434,-10.9466,-6.5416,4.405,2.049,80.6626,18.0,-0.40124373,0.35039739,0.10418608777777777,0.15097432533029773
C=CCCCCCC,-25.261820018538,-10.6851,-5.5052,5.1799,0.471,97.735485,24.0,-0.09977047,0.03940191,0.041856952083333336,0.04624616394647348
C=CCNC(N)=O,-22.528933343954,-10.6549,-6.1076,4.5473,4.121,70.818636,15.0,-0.47160507,0.33668585,0.15178739999999996,0.20087170419438447
C=CCOCc1ccccc1,-31.533398733993,-10.6183,-6.1044,4.5139,1.459,118.73963,23.0,-0.32189193,0.08757899,0.05206187130434783,0.08024269313257582
C=CCc1ccccc1,-24.318451397718,-10.636,-6.0788,4.557199999999999,0.288,102.016192,19.0,-0.09448387,0.0432932,0.03656156105263158,0.04000295431813044
C=CCc1ccccc1C(=O)O,-34.606213252084,-10.9487,-7.2821,3.6666000000000007,2.282,119.85049,22.0,-0.42185537,0.35782373,0.10117357545454544,0.1644516501918218
C=CCn1ccnc1,-22.738723508424,-10.0912,-6.3702,3.721000000000001,4.303,84.167517,16.0,-0.26498267,0.07631971,0.054264159375,0.07979021148572796
C=C[C@H]1CN2CC[C@H]1C[C@@H]2[C@@H](O)c1ccnc2ccccc12,-61.788155955722,-9.8133,-7.6015,2.2118,4.383,222.709195,44.0,-0.45144838,0.30217694,0.0620689334090909,0.10353832380509567
C=Cc1ccc2ccccc2c1,-30.749686192206,-10.052,-7.3047,2.747299999999999,0.018,130.388573,22.0,-0.08459694,0.03856891,0.033133953181818186,0.03566452085161991
C=Cc1ccccn1,-21.428363882172,-9.9817,-7.2125,2.7691999999999997,1.716,85.790735,15.0,-0.23150466,0.09785959,0.058022651333333335,0.07689483913718913
C=Cc1cnccn1,-21.692310053063,-9.9544,-7.9432,2.0111999999999997,0.839,81.208979,14.0,-0.21408749,0.09191594,0.07538375071428571,0.09472857532147697
CC#Cc1ccccc1,-23.272716268757,-10.2789,-6.3698,3.9091000000000005,0.845,97.371367,17.0,-0.08377706,0.05259239,0.03913509823529412,0.041923604832460715
CC(=O)/C=C(/C)N1CCCC1,-33.889903856343,-9.3712,-6.5694,2.8018,5.232,114.848111,26.0,-0.397146,0.23413593,0.07603085961538461,0.10962497796719892
CC(=O)C(=O)N1CCCCC1,-34.821698139194,-10.4374,-7.8209,2.6165000000000003,3.515,105.615001,24.0,-0.42402059,0.2325359,0.0977958075,0.1420263716787939
CC(=O)C(=O)c1ccccc1,-31.42999308544,-10.635,-8.6253,2.0097000000000005,2.701,105.858473,19.0,-0.35165024,0.22503989,0.09736531631578947,0.14244830268684
CC(=O)C(C(C)=O)c1ccccc1,-37.769833500735,-10.7826,-7.4616,3.3210000000000006,4.273,128.847663,25.0,-0.36571905,0.2465294,0.0974751808,0.13819380351716945
CC(=O)C(C)(C)O,-23.920943021476,-10.6812,-7.2854,3.3958000000000004,1.544,69.285974,17.0,-0.44260462,0.28924648,0.1365185135294118,0.17963286003068285
CC(=O)C1CCCC1=O,-28.211502918524,-11.0054,-7.3697,3.6357,2.861,84.303118,19.0,-0.36710204,0.2419072,0.11964939894736844,0.15675863674157534
CC(=O)C1CCCCC1,-28.338343899477,-10.6233,-6.9058,3.7175000000000002,3.392,94.696724,23.0,-0.36601329,0.23073759,0.06956099956521741,0.10352180321831048
CC(=O)C1CCCCC1=O,-31.373420235784,-10.83,-7.3241,3.5059000000000005,3.826,96.01639,22.0,-0.37145453,0.24135816,0.10754747999999999,0.14624471007273698
CC(=O)C1CCN(C)C1=O,-31.67403011189,-10.6864,-7.2113,3.475100000000001,2.501,93.810425,21.0,-0.42532668,0.26975684,0.11447815476190475,0.1590642418370506
CC(=O)CC(=O)N(C)C,-29.508560272468,-10.7485,-6.9708,3.7777000000000003,5.58,87.304998,20.0,-0.43437528,0.26459149,0.12420473299999998,0.1661324216866507
CC(=O)CC(=O)Nc1ccccc1,-38.067961846804,-10.2196,-7.767,2.4525999999999994,4.121,126.410573,24.0,-0.43493053,0.27438352,0.11954049666666666,0.1623308126154869
CC(=O)CC(=O)c1ccccc1,-34.602781764418,-10.8473,-8.0303,2.817,4.883,117.28402,22.0,-0.36872919,0.24602465,0.1000867809090909,0.1446302112956989
CC(=O)CC(C)=O,-22.892771539037,-11.174,-7.6995,3.4745,0.948,66.195684,15.0,-0.36186996,0.24450086,0.14707926733333335,0.17838960343903518
CC(=O)CC(N)=O,-23.178459464652,-11.0647,-7.2647,3.8,2.542,63.775561,14.0,-0.42595986,0.29103636,0.18698423571428577,0.21870085645324489
CC(=O)CCC(C)=O,-26.057909715209,-10.8742,-7.0489,3.8253000000000004,0.0,77.704125,18.0,-0.37030835,0.23322397,0.13069909444444444,0.1640449144256467
CC(=O)CCc1nc2ccccc2[nH]1,-39.595709758528,-10.2675,-7.0003,3.2672,0.495,137.385438,26.0,-0.37164098,0.23450882,0.0966880726923077,0.12773361892657395
CC(=O)CN(C)C,-23.279034856192,-9.628,-6.9779,2.6501,4.124,74.517333,18.0,-0.34823003,0.23087724,0.08070341722222223,0.11731542184442086
CC(=O)CNC(C)=O,-26.345299699065,-10.7304,-7.3977,3.332699999999999,2.662,75.437704,17.0,-0.4347355,0.27750461,0.15098419705882352,0.18880654383574613
CC(=O)COCc1ccccc1,-35.624830818692,-10.9748,-7.2413,3.7335000000000003,3.665,120.789292,24.0,-0.35513215,0.23540708,0.08036645,0.12020085467109559
CC(=O)CS(C)(=O)=O,-28.050209459628,-11.5414,-7.8047,3.736699999999999,2.688,82.747249,16.0,-0.55707191,1.02004813,0.24836342562499997,0.3535363714978078
CC(=O)Cc1ccco1,-27.174042635968,-10.4729,-7.221,3.251899999999999,2.977,86.218303,17.0,-0.36067556,0.23909737,0.10651194235294117,0.13453633519513272
CC(=O)NC(C)C(=O)O,-30.435564997616,-10.8439,-7.0214,3.8225,4.899,80.27991,18.0,-0.42787262,0.34449758,0.184000855,0.22847844905687914
CC(=O)NC(C)C(C)=O,-29.513576624528,-10.6604,-7.3563,3.304099999999999,2.748,87.031351,20.0,-0.43723753,0.27745061,0.13836810049999998,0.17658735874581255
CC(=O)NCCO,-24.204522522241,-10.7452,-5.8012,4.944000000000001,5.965,67.042565,16.0,-0.43762583,0.28556744,0.14983230062500003,0.20101260409341792
CC(=O)NCc1ccccc1,-31.863970835011,-10.615,-6.3222,4.292800000000001,4.078,113.350868,22.0,-0.43482061,0.27531727,0.08368575772727273,0.13077953704039894
CC(=O)NNc1ccccc1,-32.107149379309,-9.9389,-6.2605,3.6784,3.271,110.970852,21.0,-0.43001607,0.26836573,0.0997997876190476,0.1403012539949075
CC(=O)Nc1cccc(C(=O)O)n1,-39.27178816425,-10.7118,-8.0753,2.6365,2.683,115.172275,21.0,-0.41303698,0.34714327,0.17300443428571427,0.21716133203744736
CC(=O)Nc1ccccc1,-28.706787129923,-10.4227,-6.5482,3.874500000000001,4.027,101.717723,19.0,-0.41456698,0.27746803,0.09632175999999999,0.13807505134896078
CC(=O)Nc1ccccc1O,-32.78155468103,-10.2015,-6.4925,3.7089999999999996,4.84,106.173973,20.0,-0.42064617,0.30251134,0.1326038605,0.17975697792831447
CC(=O)Nc1ccccn1,-28.973458478213,-9.9527,-6.974,2.9787,5.608,97.316015,18.0,-0.37876223,0.28194963,0.11422168722222222,0.1500757848244905
CC(=O)Nc1nc(C)cs1,-30.099242627169,-10.3481,-7.1307,3.2174000000000005,3.367,105.977268,18.0,-0.39358573,0.28083248,0.1288489022222222,0.16455657725413095
CC(=O)Nc1nccs1,-26.927307545331,-10.6149,-7.2579,3.357,2.804,94.538361,15.0,-0.39253256,0.28104923,0.13624112466666669,0.1739883383432719
CC(=O)OCCO,-24.838220765085,-11.4682,-6.6018,4.8664,0.663,62.725885,15.0,-0.43194095,0.35596574,0.16626269466666665,0.21543708873341316
CC(=O)OCc1ccccn1,-32.765371230988,-10.3655,-7.197,3.1685000000000008,4.05,104.447192,20.0,-0.40560998,0.35697709,0.11258963650000002,0.15659573809448687
CC(=O)Oc1ccccc1,-29.333904888938,-11.0785,-6.8176,4.2609,2.083,97.231957,18.0,-0.39118302,0.35785672,0.10807585166666668,0.15501372143986622
CC(=O)Oc1ccccc1C(=O)O,-39.622955360545,-11.3751,-7.8683,3.5068,2.389,115.242981,21.0,-0.41806772,0.36609901,0.16380303571428573,0.2185087929010061
CC(=O)c1[nH]c(=O)[nH]c1C,-30.935409472229,-10.3526,-7.6656,2.6870000000000003,6.646,90.565489,18.0,-0.45210726,0.31420297,0.15535552222222224,0.1956347527920041
CC(=O)c1cc2ccccc2[nH]1,-32.988755621697,-10.2901,-7.7506,2.5395000000000003,2.265,119.128464,21.0,-0.39363339,0.22601163,0.08044437619047619,0.11878076748181203
CC(=O)c1cc2ccccc2o1,-33.607173945508,-10.8771,-8.1082,2.7689000000000004,4.501,114.691938,20.0,-0.35599409,0.22617178,0.08961283,0.12139995334237269
CC(=O)c1ccc(C(C)=O)s1,-32.550795989705,-11.127,-8.6801,2.446900000000001,6.821,114.810856,19.0,-0.36363198,0.22983317,0.11633400789473684,0.15577512895165532
CC(=O)c1ccc(C)o1,-27.186616513193,-10.7116,-7.6502,3.061400000000001,4.836,86.164596,17.0,-0.38289394,0.22403823,0.11048011764705883,0.13914464583963113
CC(=O)c1ccc(F)nc1,-29.745002108942,-11.0413,-8.3844,2.6569000000000003,1.434,88.517628,16.0,-0.35985089,0.25815201,0.12323413937500001,0.15701503101518446
CC(=O)c1ccc2ccccc2c1O,-38.90579790547,-10.3378,-7.7133,2.6244999999999994,4.805,137.02272,24.0,-0.39323211,0.30630433,0.09544697375000001,0.14691479610756075
CC(=O)c1ccc2ccccc2n1,-35.108156960839,-10.2609,-8.3483,1.9125999999999994,3.955,127.889691,22.0,-0.36730573,0.23101834,0.0827286009090909,0.11932663102937623
CC(=O)c1ccc[nH]1,-23.388306862059,-10.6135,-7.3469,3.2666000000000004,5.171,79.183958,15.0,-0.38504777,0.22238295,0.09320291333333333,0.1340924449277926
CC(=O)c1cccc(C(C)=O)n1,-34.881433331497,-10.7206,-8.4489,2.271699999999999,0.573,112.670526,21.0,-0.36077769,0.23175821,0.12033490904761904,0.15643226348768516
CC(=O)c1ccccc1,-25.245048766207,-10.6905,-7.6976,2.9928999999999997,3.534,92.504369,17.0,-0.37382515,0.22924456,0.0751147588235294,0.11756582718399165
CC(=O)c1ccccc1-n1cccn1,-38.529349230322,-10.6271,-7.3337,3.2934,4.767,137.475844,24.0,-0.36219852,0.24991,0.07694504708333333,0.1135598888600676
CC(=O)c1ccccc1C(=O)O,-35.530165244482,-10.9396,-7.9815,2.958100000000001,1.62,110.515048,20.0,-0.41584934,0.35567315,0.1371306705,0.19840103617650087
CC(=O)c1ccccc1O,-29.317536657935,-10.5516,-7.4819,3.0697,4.93,97.038906,18.0,-0.38558476,0.30325414,0.11964682722222225,0.16859442255651882
CC(=O)c1ccccc1[N+](=O)[O-],-35.692149488822,-11.3538,-8.8977,2.4560999999999993,7.644,106.691435,19.0,-0.37449679,0.53891035,0.13711322000000004,0.20502325904710633
CC(=O)c1ccccn1,-25.515184033346,-10.4279,-8.1027,2.325199999999999,3.316,87.941457,16.0,-0.36663277,0.23137348,0.09833356000000001,0.13529295493729587
CC(=O)c1cccn1C,-26.553206651774,-10.4815,-7.1928,3.2887000000000004,5.458,90.937423,18.0,-0.39051531,0.22453317,0.07855864333333333,0.11928224339731754
CC(=O)c1ccco1,-24.0099509641,-10.8784,-7.8635,3.014899999999999,4.362,74.791745,14.0,-0.36076663,0.22567708,0.1090896507142857,0.1385321626056865
CC(=O)c1cccs1,-23.185349793705,-10.8498,-7.9767,2.8731,4.291,89.904753,14.0,-0.37695934,0.22802145,0.08993492714285713,0.13080815463003204
CC(=O)c1cnc(-c2ccccc2)s1,-38.353982849215,-10.8311,-8.3102,2.5208999999999993,3.014,147.86561,23.0,-0.3733621,0.22930539,0.07748306782608695,0.1164556780291599
CC(=O)c1cncs1,-23.462417662516,-11.0661,-8.4085,2.6576000000000004,2.089,85.370622,13.0,-0.36759767,0.23101822,0.11300063538461541,0.14837329890809867
CC(=O)c1cocn1,-24.283303717032,-11.0375,-8.018,3.019499999999999,5.079,70.232203,13.0,-0.33614876,0.22995386,0.13356769846153843,0.15792543060924116
CC(=O)c1nc(-c2ccccc2)c[nH]1,-38.558442891803,-10.4799,-7.8386,2.641300000000001,2.572,137.076773,24.0,-0.38982433,0.22461717,0.085893815,0.125184043069906
CC(=O)c1ncc[nH]1,-23.670102129448,-10.8135,-7.8603,2.9532,2.625,74.521621,14.0,-0.38855892,0.22554984,0.12189161714285714,0.159248350173521
CC(=O)c1noc(C)n1,-27.696815598445,-11.2409,-8.6318,2.6090999999999998,5.588,77.297559,15.0,-0.3318955,0.24310065,0.14881585866666666,0.16867128905740578
CC(C)(C)C(=O)CC(=O)C(C)(C)C,-41.880498456559,-10.7144,-7.3878,3.326599999999999,3.18,136.204782,33.0,-0.36121306,0.23826734,0.08751732484848485,0.12249812961817629
CC(C)(C)C(=O)Nc1ncccc1O,-42.557840765353,-10.3281,-7.2168,3.111299999999999,3.649,136.619712,28.0,-0.42894726,0.34978575,0.11983172142857143,0.16828661567171216
CC(C)(C)OC(=O)NC1CCCc2cn[nH]c21,-52.342731898478,-10.5557,-5.9613,4.5944,2.669,164.837378,36.0,-0.46976618,0.40303844,0.0990594875,0.14476817406991288
CC(C)(C)OC(=O)NCc1ncc[nH]1,-43.869112281533,-10.5224,-5.8625,4.6598999999999995,2.403,135.063919,29.0,-0.47478876,0.40186805,0.11822346689655173,0.1645398663428896
CC(C)(C)[S@](=O)/N=C/c1cnc[nH]1,-39.815894809032,-9.835,-8.0137,1.8213000000000008,5.051,139.090365,26.0,-0.52755677,0.47094518,0.11323140538461539,0.1716840582601207
CC(C)(CO)C(=O)O,-28.006424440497,-11.3406,-6.7488,4.5918,2.442,74.312585,18.0,-0.43528529,0.34579982,0.15949868777777776,0.21917135334610946
CC(C)(CO)CO,-24.946113659668,-10.9116,0.5566,11.4682,2.947,72.621281,19.0,-0.44635473,0.29023988,0.11638318894736843,0.1793746716692963
CC(C)(F)C(=O)O,-25.00661880437,-11.7048,-7.1533,4.551500000000001,3.867,58.567273,14.0,-0.38509542,0.34474633,0.17623790928571428,0.21762911174342578
CC(C)(O)C(=O)c1ccccc1,-35.632947830018,-10.7993,-7.9587,2.8406000000000002,3.963,120.418245,24.0,-0.45903708,0.30649065,0.09712668666666667,0.15214726216893767
CC(C)(O)C(N)=O,-24.211853880219,-11.0693,-6.2259,4.8434,4.773,66.899125,16.0,-0.45073051,0.31040717,0.171202958125,0.21701971845494006
CC(C)(O)CCO,-24.950604129624,-10.9447,0.6047,11.549399999999999,2.851,72.43941,19.0,-0.45674255,0.2863554,0.1281713705263158,0.18537228330084066
CC(C)(O)Cc1ccccc1,-32.606805247324,-10.4906,-5.8661,4.6245,2.021,118.848452,25.0,-0.45296397,0.28285794,0.0740527228,0.12081437401199964
CC(C)(O)c1ccccc1,-29.438226890093,-10.7649,-6.2248,4.540100000000001,1.638,107.185363,22.0,-0.45198563,0.28243849,0.07681612590909091,0.12635627194740431
CC(C)(O)c1ccccc1O,-33.512954360823,-10.4916,-6.3415,4.1501,3.247,111.709484,23.0,-0.46994688,0.31124617,0.11275333304347825,0.16985141294364572
CC(C)C(=O)CC(=O)C(C)C,-35.551182144885,-10.9095,-7.6289,3.2805999999999997,1.144,112.943479,27.0,-0.35908464,0.23645292,0.09432054666666666,0.13101708432842513
CC(C)NC(=S)NC(C)C,-32.262039283866,-8.8571,-6.1564,2.700700000000001,6.349,121.311055,26.0,-0.46222471,0.19698229,0.09828536807692309,0.1326263815314015
CC(O)(c1cccnc1)C(C)(O)c1cccnc1,-52.079594491483,-9.9938,-7.2205,2.7733,4.068,176.82431,34.0,-0.4636581,0.30918545,0.10025278352941176,0.15354384622980188
CC(O)CCCO,-24.94689061598,-10.9567,0.8649,11.8216,2.753,72.61687,19.0,-0.45150273,0.28881676,0.12052346263157893,0.18134689300595583
CC(O)CN(C)C,-24.310977828369,-9.4642,0.0866,9.5508,2.449,77.622153,20.0,-0.44775523,0.28414407,0.0806963285,0.13359736343497222
CC(O)COc1ccccc1,-33.503745807581,-10.4323,-6.2376,4.1947,1.871,112.105632,23.0,-0.44731774,0.29904345,0.09341386260869565,0.14083143940409604
CC(O)Cc1ccccc1,-29.436300326345,-10.5763,-5.9796,4.5967,1.857,107.33843,22.0,-0.44840955,0.28208393,0.07248274318181819,0.12305465912492622
CC(O)c1ccccc1,-26.271330301968,-10.8363,-6.3032,4.533099999999999,1.779,95.643374,19.0,-0.44904794,0.2843221,0.0764229847368421,0.13083055024748425
CC(O)c1ccccn1,-26.546025950446,-10.5426,-7.2105,3.3321000000000005,3.786,91.057429,18.0,-0.4572933,0.31082669,0.0994757961111111,0.15178092402356547
CC(O)c1ccco1,-25.036184569822,-10.5202,-6.011,4.509200000000001,1.368,77.743251,16.0,-0.44462432,0.28849624,0.109928046875,0.1545791751146815
CC(O)c1nc2ccccc2[nH]1,-34.293843409587,-10.1642,-6.4905,3.6736999999999993,3.399,117.433243,22.0,-0.45614563,0.29189803,0.10494952409090909,0.15054643123369468
CC(O)c1nc2ccccc2s1,-34.091624044557,-10.7177,-7.425,3.292700000000001,1.638,128.099813,21.0,-0.43706994,0.29085026,0.09412298857142856,0.14040646967128081
CC/N=C/c1ccccc1,-27.760839297663,-10.177,-7.3469,2.8301,1.445,109.272746,21.0,-0.23394189,0.06958799,0.045277772857142864,0.06527664786115567
CC1(C)C(=O)Nc2ccccc21,-34.040013240321,-10.4359,-6.6087,3.8272000000000004,3.14,119.891671,23.0,-0.41010576,0.2704522,0.08119090130434782,0.12273020991209013
CC1(C)CCCC(C)(C)C1=O,-34.672930889293,-10.3136,-6.9123,3.401299999999999,3.068,118.005682,29.0,-0.36501666,0.22689416,0.06483572241379311,0.09512422986335901
CC1(C)COC(=O)N1,-26.391985295224,-11.1785,-5.5888,5.5897,6.143,73.76661,17.0,-0.43190024,0.40285091,0.13817114117647059,0.18396158044566757
CC1(C)NC(=O)NC1=O,-28.818873874485,-11.3632,-7.1769,4.186300000000001,3.251,79.876566,17.0,-0.44501319,0.3332316,0.16904702588235293,0.20917386488531614
CC1(C)O[C@@H](C(=O)O)[C@H](C(=O)O)O1,-44.508109982302,-11.237,-7.4133,3.8237000000000005,1.885,103.956565,23.0,-0.39975428,0.35158642,0.2072797343478261,0.2468674141427806
CC1(C)O[C@H](CO)[C@@H](CO)O1,-38.38990548403,-10.8902,-0.9705,9.9197,2.883,100.426716,25.0,-0.43771284,0.30622151,0.14524445519999998,0.19771316347276363
CC1(C)Oc2ccccc2NC1=O,-38.104754231654,-10.3058,-6.8882,3.4175999999999993,2.695,124.605624,24.0,-0.42021705,0.25892997,0.10441699249999999,0.14057500094489941
CC1(O)CCCCC1,-26.214832463465,-10.7741,0.7747,11.5488,1.714,86.138054,22.0,-0.45066585,0.27984192,0.07757448045454546,0.1257524298553124
CC1=CC(=O)CCC1,-24.138631328975,-10.3874,-7.4264,2.9609999999999994,4.876,82.087231,18.0,-0.38574268,0.22951878,0.08646610444444446,0.12076261612169117
CC1C=NNC1=O,-21.51373833107,-10.9059,-7.3782,3.527700000000001,2.574,63.783709,13.0,-0.40850744,0.26743915,0.1193948723076923,0.1594459657042055
CC1CC(=O)OC(=O)C1,-29.14010296777,-11.8923,-8.2097,3.6826000000000008,5.838,77.888086,17.0,-0.35333468,0.35218982,0.14504589294117645,0.18935304964908706
CC1CC(O)=CC(=O)O1,-29.126455656836,-11.0422,-7.3813,3.660899999999999,5.047,80.05639,17.0,-0.39360431,0.35002932,0.1614137176470588,0.20213055850376518
CC1CCC(=O)N1,-22.308204344145,-10.6015,-5.7164,4.8850999999999996,4.552,68.846777,16.0,-0.4297879,0.27642893,0.11197837125000001,0.15367372774541868
CC1CCC(=O)O1,-22.936263789559,-11.3431,-6.5563,4.7867999999999995,5.153,64.509548,15.0,-0.3809145,0.35380548,0.12310446133333335,0.16464568316551664
CC1CCOC1=O,-22.933701425916,-11.2699,-6.5912,4.6787,4.964,64.586808,15.0,-0.3759838,0.35069078,0.11350026533333334,0.1587565925444312
CC1NC(=O)C(=O)OC1C,-32.5691004018,-10.9462,-8.0156,2.9306,8.38,87.282877,19.0,-0.37751109,0.32953757,0.14570236684210527,0.180852894452277
CCC(=O)N(C)C,-23.313462997661,-10.3544,-5.6254,4.729,4.298,74.256949,18.0,-0.43564758,0.25716376,0.08968779833333332,0.13252126252349603
CCC(=O)OC(C)(C)C,-30.284874804142,-10.967,-6.3273,4.6397,2.405,92.857215,23.0,-0.41437467,0.35736584,0.10558176869565215,0.1463914356670616
CCC(=O)c1ccc[nH]1,-26.551532626333,-10.5377,-7.3049,3.2327999999999992,4.989,90.893181,18.0,-0.37947814,0.21638667,0.08148100111111112,0.11998593510867273
CCC(O)c1ccco1,-28.200284704112,-10.4924,-5.9961,4.4963,1.256,89.416135,19.0,-0.44271971,0.28796283,0.09746617157894738,0.14161945164691495
CCC/C(=N\O)C(C)=O,-29.440921438063,-10.8656,-8.1283,2.737300000000001,2.851,87.519034,20.0,-0.34855332,0.31257054,0.11373107600000001,0.15302875283838113
CCCC#CCCC,-24.213079609883,-10.3846,-3.7484,6.6362000000000005,0.056,93.079565,22.0,-0.09884508,0.04405621,0.04337760045454546,0.04756721616666333
CCCC(=O)OCC,-27.113273599857,-11.1572,-6.4463,4.7109,2.23,81.384239,20.0,-0.4093742,0.35553155,0.102574631,0.14757726800414664
CCCC(C)(C)O,-24.057138079693,-10.8834,0.6631,11.5465,1.877,79.522557,21.0,-0.45677751,0.28041897,0.08651191238095239,0.13297138912907763
CCCC(O)CO,-24.945526604838,-10.9562,0.0622,11.018400000000002,2.824,72.70231,19.0,-0.45198198,0.30397058,0.11811064315789473,0.1820972825139029
CCCCC(=O)NC,-26.474989529186,-10.532,-5.644,4.888,4.16,85.78333,21.0,-0.42615524,0.26728915,0.08987358809523809,0.13154972060168382
CCCCC(=O)c1ccccc1,-34.737689160646,-10.5869,-7.6522,2.9347000000000003,3.311,127.520513,26.0,-0.37165845,0.22275556,0.06115948307692309,0.09572461186267353
CCCCC(N)=O,-23.310168359735,-10.6784,-5.6865,4.9919,4.207,73.973842,18.0,-0.42937724,0.28157731,0.11121341388888888,0.15729580811962968
CCCCCC#N,-21.343267185394,-11.51,-5.7861,5.7238999999999995,3.849,76.148192,18.0,-0.23660843,0.11113073,0.06079083833333333,0.07760663767808033
CCCCCC(C)=O,-26.188726140875,-10.7418,-6.8707,3.8710999999999993,3.399,88.081763,22.0,-0.366603,0.23336178,0.07768611136363636,0.1096301191817066
CCCCCCC(C)=O,-29.352019032974,-10.7363,-6.8658,3.8705,3.385,99.756331,25.0,-0.36671483,0.23330774,0.0728194952,0.10373924289112559
CCCCNC(C)=O,-26.478612055109,-10.5294,-5.6541,4.875300000000001,4.39,85.683695,21.0,-0.43486018,0.27268958,0.09397679047619048,0.13653099991017248
CCCCNC=O,-23.3053490173,-10.8334,-5.9802,4.853199999999999,4.314,74.390838,18.0,-0.40242098,0.24607929,0.08831141333333332,0.1320121757395556
CCCCOC(N)=O,-27.396639400833,-11.2994,-5.2386,6.0608,3.144,78.915874,19.0,-0.4671626,0.4079232,0.13389304999999999,0.1885056296711311
CCCCc1ccsc1,-26.480850526263,-10.3663,-6.495,3.8713000000000006,1.374,111.620851,21.0,-0.09998474,0.03908087,0.03828149714285715,0.04222304936251232
CCCCn1ccnc1,-26.964570070881,-10.0392,-5.3772,4.661999999999999,4.543,96.552177,21.0,-0.26687,0.07545401,0.05095695952380952,0.07319681733421197
CCCNC(N)=O,-23.59005715497,-10.5931,-5.093,5.5001,4.207,71.530328,17.0,-0.47245996,0.33710328,0.13910495529411765,0.19009730006047806
CCCNS(C)(=O)=O,-28.458845080568,-10.8658,-3.549,7.316800000000001,5.824,90.758389,19.0,-0.55962474,1.09046484,0.1939153131578947,0.3295338451662166
CCCc1ncc[nH]1,-23.798457442876,-10.061,-5.3549,4.7061,3.826,84.635378,18.0,-0.2766862,0.15507315,0.06888410277777778,0.09357039263095722
CCN(C(C)C)C(C)C,-29.741570445072,-9.0286,-0.2247,8.8039,0.779,107.987304,28.0,-0.19107831,0.04823939,0.051239773928571423,0.06461714243207999
CCN(CC)C(=O)CO,-30.542969746581,-10.7967,-6.0803,4.716399999999999,5.166,90.525934,22.0,-0.44411008,0.31468645,0.11045463272727273,0.1676524150122499
CCN(CC)C(N)=O,-26.761145952013,-10.2468,-4.824,5.4228000000000005,4.577,83.295025,20.0,-0.489516,0.32682896,0.11561780149999998,0.169492217848224
CCN(CC)CCCO,-30.633883630733,-9.2921,0.2472,9.539299999999999,1.886,101.029665,26.0,-0.44636757,0.28247518,0.07004607884615385,0.11875720801425775
CCN(CC)c1ccccc1,-31.974589058692,-9.1647,-5.6547,3.51,2.333,123.948156,26.0,-0.11347052,0.06675485,0.04313546884615384,0.051212648834689296
CCN1CCCC1=O,-25.477059780787,-10.3651,-5.6439,4.7212,4.304,80.697387,19.0,-0.43065814,0.26828559,0.08505437526315789,0.13000972455680243
CCN1CCNC(=O)C1=O,-31.944296453535,-10.4714,-7.3817,3.089699999999999,8.155,91.784907,20.0,-0.38272156,0.24589903,0.117390196,0.16303554941271223
CCNC(=O)C(=O)NCC,-32.967766217488,-10.3488,-7.244,3.104800000000001,0.0,96.63373,22.0,-0.43078819,0.23670607,0.1277118236363636,0.1735354202064094
CCNC(=O)OC,-24.234604611932,-10.9074,-5.2351,5.672300000000001,2.874,67.367213,16.0,-0.4634144,0.39651867,0.13392971312500002,0.18905766826801623
CCNC(=O)OCC,-27.400542116784,-10.7829,-5.2339,5.5489999999999995,3.169,78.937893,19.0,-0.46805296,0.39423217,0.12628601842105264,0.17803330093765085
CCOC(=N)C(=O)OCC,-33.562918496923,-10.6518,-7.9122,2.7395999999999994,1.431,92.610393,21.0,-0.36863401,0.33415568,0.13736866047619045,0.1744630219700134
CCOC(=N)CCOC,-30.507763849654,-10.3788,-5.9995,4.3793,1.761,91.012778,22.0,-0.3901106,0.23811386,0.1056533581818182,0.14523206406646375
CCOC(=O)/C(N)=N\O,-30.628527713279,-10.4661,-7.1244,3.3417000000000012,1.312,78.36056,17.0,-0.40083947,0.35297809,0.18109028647058822,0.21562881927361277
CCOC(=O)C(=O)C1CCCCC1,-41.773271571365,-10.8554,-8.5056,2.3498,1.524,124.705839,29.0,-0.3896832,0.33062167,0.09292345896551725,0.13448892115363986
CCOC(=O)C(=O)N(C)C,-33.586281363497,-10.7102,-7.1606,3.5496000000000008,4.413,92.575097,21.0,-0.3939373,0.33989838,0.12579926666666666,0.1702711449383241
CCOC(=O)C(=O)Nc1ccccc1,-42.146218708932,-10.6669,-8.0863,2.5806000000000004,1.775,131.786297,25.0,-0.40898049,0.32224524,0.1156747856,0.1603804830141104
CCOC(=O)C(=O)O,-27.883297112598,-11.7047,-8.596,3.1087000000000007,1.147,64.933334,14.0,-0.36160586,0.35114615,0.1994054878571428,0.2390092961803283
CCOC(=O)C(=O)OCC,-34.213771967071,-11.3813,-8.3304,3.0509000000000004,0.0,88.23531,20.0,-0.36062705,0.32824527,0.1409498805,0.1810495689494426
CCOC(=O)C(C)=O,-26.966015485032,-11.1012,-8.6366,2.464600000000001,1.632,71.506916,16.0,-0.38599072,0.33231482,0.146737308125,0.18207441664554042
CCOC(=O)C(N)=O,-27.249793749977,-11.0512,-7.8736,3.1776,6.414,69.140706,15.0,-0.37072889,0.32821611,0.18129878600000005,0.21443482178923975
CCOC(=O)C1CCCCC1=O,-38.624373436607,-10.8333,-7.1953,3.638,4.303,112.693008,26.0,-0.40164568,0.36284365,0.11172993538461538,0.15639711010500823
CCOC(=O)C1CCNC1=O,-35.750518982949,-10.9118,-6.7133,4.198499999999999,4.996,98.760899,22.0,-0.41331476,0.3614745,0.1354423959090909,0.18270847930493467
CCOC(=O)CC#N,-25.292472539358,-11.9198,-7.1275,4.7923,5.755,70.969315,15.0,-0.38791696,0.36003012,0.14084803333333337,0.1779081829340159
CCOC(=O)CC(=O)OCC,-37.392110761086,-11.6133,-6.8575,4.755800000000001,3.01,99.525529,23.0,-0.39118964,0.36345124,0.14372847347826087,0.18799299699363595
CCOC(=O)CC(=O)c1ccccn1,-42.125592727672,-10.6068,-8.342,2.2647999999999993,4.262,129.437216,25.0,-0.39853106,0.36365471,0.12173769879999999,0.1654466854139037
CCOC(=O)CCCC(=O)CC,-39.636546741757,-10.6701,-6.9708,3.6993,2.445,117.720566,28.0,-0.40850744,0.35640785,0.11076145714285714,0.15314974427751607
CCOC(=O)CN(C)C,-30.531836923486,-9.6776,-6.5241,3.1535,2.906,91.078331,22.0,-0.38655448,0.34834465,0.09327239772727271,0.13916196139977702
CCOC(=O)CNC(=O)CC,-36.761253641328,-10.6693,-7.0173,3.652,3.341,103.787343,24.0,-0.42705773,0.34799966,0.1326695325,0.17779201338431694
CCOC(=O)CNC(C)=O,-33.59763074788,-10.7187,-7.0364,3.6822999999999997,3.459,92.085161,21.0,-0.43663129,0.34814713,0.14838408619047616,0.1919661527298285
CCOC(=O)CNC=O,-30.422195041546,-11.0266,-7.1677,3.8589,4.004,80.78441,18.0,-0.40235184,0.34554372,0.15195621666666667,0.1959819135848444
CCOC(=O)CO,-24.837989372893,-11.3858,-6.9535,4.4323,2.991,62.810666,15.0,-0.42860117,0.33864141,0.160500844,0.211043528124556
CCOC(=O)CSc1ccccc1,-38.897443084622,-9.9588,-7.0651,2.8937,1.364,140.515208,25.0,-0.40583664,0.35187105,0.08899398,0.13282055908328919
CCOC(=O)Cc1ccccn1,-35.933134033809,-10.1308,-6.903,3.227800000000001,1.578,116.109646,23.0,-0.40352051,0.35829849,0.10479522434782605,0.14776615129171597
CCOC(=O)Cc1ccco1,-34.425460187472,-10.3825,-6.6642,3.7183,2.065,102.848301,21.0,-0.39493285,0.35399607,0.11309963952380953,0.15129694996008886
CCOC(=O)Cc1ncccn1,-36.20473453836,-10.227,-7.6177,2.6093,3.464,111.618603,22.0,-0.399095,0.3631505,0.12777007727272727,0.1651102117735098
CCOC(=O)Cn1nnc(-c2ccccc2)n1,-49.465685982706,-10.9252,-7.6623,3.2629,3.37,156.681732,29.0,-0.38631119,0.3552594,0.10280711655172414,0.14160098320687747
CCOC(=O)NC,-24.234390694279,-10.8623,-5.211,5.651299999999999,2.883,67.341509,16.0,-0.46527627,0.39666889,0.139099735,0.19112116873658042
CCOC(=O)OCC,-28.032934952921,-11.943,-6.0925,5.850499999999999,0.791,74.689553,18.0,-0.44647153,0.47262895,0.13413655944444447,0.18803459407111883
CCOC(=O)[C@@H]1CCCC[C@H]1O,-39.654419983399,-10.8745,-6.4278,4.446699999999999,2.905,115.739215,28.0,-0.44839027,0.35215013,0.1092322075,0.16150018823344323
CCOC(=O)c1c[nH]cn1,-30.912202093925,-10.6076,-7.0937,3.5138999999999996,6.272,91.27135,18.0,-0.39427984,0.34648812,0.1217479611111111,0.1652727208452371
CCOC(=O)c1cc(C)on1,-34.666751473288,-11.4706,-8.0081,3.4624999999999986,1.958,98.504853,20.0,-0.40546472,0.34968347,0.11906634550000002,0.15408502743437358
CCOC(=O)c1ccccc1,-32.498327826736,-11.1322,-7.4454,3.686799999999999,2.31,109.119171,21.0,-0.41553392,0.34947619,0.08839542523809525,0.14060476352698925
CCOC(=O)c1ccccn1,-32.762939416142,-10.3621,-7.8974,2.4646999999999997,1.872,104.653657,20.0,-0.4103821,0.34622201,0.10336388650000002,0.14890279299933853
CCOC(=O)c1cccs1,-30.437761136902,-11.1461,-7.821,3.325100000000001,2.186,106.470366,18.0,-0.42170084,0.34506861,0.10193233055555556,0.1531451944105316
CCOC(=O)c1cn(Cc2ccccc2)nn1,-49.202261063268,-10.751,-7.3643,3.3866999999999994,3.694,161.229021,30.0,-0.42401034,0.34776142,0.08228499100000002,0.12573254838414757
CCOC(=O)c1cnoc1C,-34.67283107642,-11.4107,-7.6268,3.7839,2.041,98.412644,20.0,-0.42291898,0.34920908,0.12289066950000001,0.1596799797567328
CCOC(=O)c1csc(-c2ccccn2)n1,-45.872444425692,-10.5022,-8.0887,2.413500000000001,3.54,160.033447,26.0,-0.41914865,0.34890446,0.10298823538461538,0.14519577470189787
CCOC(=O)c1nc2ccccc2s1,-40.309821792817,-10.9854,-8.4403,2.5450999999999997,2.604,141.8507,23.0,-0.4041472,0.34305518,0.09754092695652174,0.14147300690630923
CCOC(=O)c1ncc[nH]1,-30.912646343137,-10.6638,-7.6491,3.0147000000000004,6.236,91.262072,18.0,-0.38419186,0.33926838,0.12186223055555558,0.164541581118355
CCOC(=O)c1nccn1C,-34.087087338294,-10.4773,-7.4474,3.0298999999999996,2.316,102.961286,21.0,-0.43159855,0.3405315,0.10604485,0.15307229472632272
CCOC(=O)c1ncco1,-31.53284232849,-11.5287,-8.3131,3.2156000000000002,1.707,86.873735,17.0,-0.38755434,0.33885712,0.13414697588235294,0.16989615196331478
CCOCC(=O)OCC,-31.163274383732,-10.7903,-6.7438,4.0465,2.596,86.433051,21.0,-0.38570427,0.34059911,0.11312151904761905,0.15584541204369412
CCOCC(C)O,-24.943218392584,-10.7487,-0.401,10.3477,0.551,72.973538,19.0,-0.45427015,0.29290829,0.10639536789473684,0.15748651527940247
CCOP(C)(=O)OCC,-32.160132658964,-11.2243,-2.487,8.7373,3.494,102.782317,22.0,-0.47397453,0.46544967,0.12551592272727272,0.17744360621504152
CCOc1ccccc1C(N)=O,-35.920144206841,-10.5757,-6.9471,3.6285999999999996,3.22,118.157706,23.0,-0.42398524,0.29103719,0.1129316017391304,0.15756960559360142
CCS(=O)(=O)CC,-25.01964295555,-11.1647,-3.3184,7.846299999999999,5.242,81.121914,17.0,-0.55293226,0.95995577,0.1866582182352941,0.30945770597706557
CCSCCO,-20.958031781339,-9.899,-5.647,4.251999999999999,3.268,76.074609,16.0,-0.4405007,0.30017474,0.09671557125000001,0.15116619610829132
CCc1ccc[nH]1,-20.351356442651,-9.617,-4.8477,4.769300000000001,2.21,77.760083,16.0,-0.0971935,0.15036189,0.050726440624999994,0.06224005220743075
CCc1ncc[nH]1,-20.633582753752,-10.0663,-5.3636,4.7027,3.832,72.981104,15.0,-0.27597463,0.15486722,0.07472769200000001,0.1005419579793467
CN(C)/C=N/C(C)(C)C,-28.989132067026,-9.3025,-5.1949,4.107600000000001,2.663,102.751009,25.0,-0.30821401,0.12325537,0.06435632799999999,0.08679543340466483
CN(C)C(=N)N(C)C,-26.086703485944,-9.2867,-5.0346,4.2520999999999995,2.97,88.502001,21.0,-0.42817217,0.21564824,0.08111838571428572,0.12259689301558331
CN(C)C(=O)CC#N,-24.658297592508,-10.9149,-6.3105,4.604399999999999,7.63,75.442191,16.0,-0.42299021,0.26704551,0.11350500625,0.1514540736154315
CN(C)C(C)(C)CO,-27.467813704782,-9.3563,-0.5272,8.829099999999999,2.221,89.355593,23.0,-0.44633808,0.28281383,0.07910158521739132,0.12666234282264363
CN(C)CC(=O)O,-24.204254662085,-9.7859,-6.7077,3.0782,2.595,67.635919,16.0,-0.39615907,0.34930287,0.129227455,0.19181059062796665
CN(C)CC(C)(C)CO,-30.637013499035,-9.4764,0.0546,9.531,2.205,101.025228,26.0,-0.44115543,0.28279746,0.06859890923076924,0.11679434191812411
CN(C)CC(N)=O,-23.57132862364,-10.0975,-5.8879,4.2096,3.998,71.951922,17.0,-0.42901748,0.2768297,0.11466290470588236,0.16454797804792812
CN(C)CC(O)CN(C)C,-34.058696684893,-9.2321,-0.101,9.1311,3.101,110.663391,28.0,-0.44779621,0.28086441,0.06614518285714285,0.11567815344902171
CN(C)CCC#N,-21.600802551145,-9.9717,-5.8814,4.0903,3.791,74.145352,17.0,-0.23188556,0.10884176,0.062144611176470584,0.08489838625849129
CN(C)CCCCO,-27.470220397468,-9.377,0.4104,9.7874,1.298,89.468295,23.0,-0.44371697,0.28333327,0.06997967304347825,0.12170610204609454
CN(C)CCCO,-24.307201036461,-9.6261,0.1426,9.768699999999999,2.702,77.754021,20.0,-0.4435655,0.28529229,0.07584629949999999,0.13003788351660747
CN(C)CCN(C)C,-26.83604181943,-9.4296,-0.4,9.0296,1.502,94.462988,24.0,-0.17781426,0.04463282,0.03961330083333333,0.058792382360502486
CN(C)CCN(C)CCN(C)C,-39.75179656393,-9.1029,-0.5028,8.6001,1.963,139.069809,35.0,-0.18116251,0.04023336,0.039054073142857144,0.058605411930862335
CN(C)S(C)(=O)=O,-25.296038780198,-10.557,-3.7488,6.8082,4.495,79.202331,16.0,-0.5744413,1.10846862,0.213306055,0.35723304881748685
CN(C)[C@@H](Cc1ccccc1)C(=O)O,-42.248147570147,-9.7608,-6.854,2.9067999999999996,1.644,141.834578,29.0,-0.41927879,0.34223937,0.08624395379310343,0.14447613364878345
CN(C)c1ccccc1C(=O)O,-35.925444827719,-9.5052,-7.1604,2.3448,2.032,118.540202,23.0,-0.41347566,0.35639943,0.10141380217391305,0.16267335543915842
CN(C)c1ccccc1C=O,-31.827256830055,-9.5659,-7.6904,1.8754999999999988,3.518,114.021611,22.0,-0.34277582,0.1990347,0.0632454931818182,0.09645365189332497
CN(C=O)c1ccccn1,-28.97523462927,-10.3895,-7.3158,3.0736999999999997,5.394,97.534318,18.0,-0.39307186,0.23874821,0.09651278111111111,0.13644993012895007
CN(CCO)CCO,-28.36107333331,-9.7184,-0.6939,9.024500000000002,3.864,82.320838,21.0,-0.44905873,0.28729514,0.1062410323809524,0.17233260439765008
CN1C(=O)CC(=O)NC1=O,-31.863565540071,-11.779,-8.0984,3.6806,1.039,81.678459,16.0,-0.41504133,0.32809538,0.20130343499999998,0.23628714776144152
CN1CC(=O)N=C1N,-24.981256886392,-10.3575,-6.9151,3.4424,7.711,72.991024,15.0,-0.39452708,0.28672792,0.1621009326666667,0.20050461134132666
CN1CC(=O)NC1=O,-25.649783938852,-11.1351,-7.1932,3.9418999999999995,3.166,68.439372,14.0,-0.44200021,0.32207043,0.17134052,0.21639032018051088
CN1CCCC1C(=O)O,-29.523061259863,-9.6876,-6.6978,2.9898,2.606,85.78005,20.0,-0.39776961,0.3473281,0.10987423749999999,0.17223224088096725
CN1CCCC1CO,-26.460256217486,-9.4104,0.2868,9.697199999999999,1.247,84.224055,21.0,-0.4449447,0.28544436,0.07395107428571428,0.1273680757219551
CN1CCCCC1=O,-25.472997456347,-10.3373,-5.7433,4.594000000000001,4.385,80.729819,19.0,-0.44060641,0.26388109,0.08384747526315789,0.1296267462692422
CN1CCCN(C)C1=O,-28.923023202896,-9.8858,-4.6876,5.1982,4.754,90.233128,21.0,-0.48765798,0.30793299,0.08597815809523808,0.1394550884076394
CN1CCCN2CCCN=C12,-33.582164618162,-8.9402,-4.1004,4.839800000000001,3.65,113.516404,26.0,-0.37136867,0.20504183,0.06151969,0.0972534358152656
CN1Cc2ccccc2NC1=O,-34.323772274161,-10.1416,-6.4496,3.692,3.74,117.684803,22.0,-0.48304491,0.3184903,0.09068578863636363,0.14327863133183666
CNC(=O)C(=O)NC,-26.632499617819,-10.4188,-7.2877,3.131099999999999,0.0,73.393531,16.0,-0.43035683,0.23447744,0.1563281675,0.1991743582301587
CNC(=O)C(=O)O,-24.092833377368,-11.0743,-8.092,2.9822999999999986,2.648,57.487337,12.0,-0.40809948,0.34468445,0.2192237608333333,0.25502451799301235
CNC(=O)C(=O)c1ccccc1,-34.886200748005,-10.4635,-8.3657,2.0977999999999994,1.608,115.153933,21.0,-0.41180085,0.24882023,0.10354153809523811,0.15461825000361887
CNC(=O)CC#N,-21.49393064561,-11.2553,-6.6185,4.6368,5.57,63.64839,13.0,-0.41525491,0.27796223,0.14272266461538463,0.17678678007362955
CNC(=O)N(C)C,-23.590887809221,-10.1202,-4.9662,5.154000000000001,4.331,71.889756,17.0,-0.4747287,0.31457246,0.11154433647058823,0.16268667003793372
CNC(=O)c1ccccc1,-28.694825894721,-10.4985,-7.008,3.4905,4.087,101.846123,19.0,-0.43108636,0.26504264,0.08434828421052631,0.13408689679303548
CNC(=O)c1ccccc1O,-32.777536644905,-10.5168,-7.1842,3.3326000000000002,4.597,106.392071,20.0,-0.45384935,0.34047882,0.1287294165,0.1833827722826382
CNC(=O)c1cn2ccccc2n1,-36.702867404473,-10.2805,-7.3695,2.9109999999999996,7.56,124.021345,22.0,-0.4066013,0.26463932,0.0940491790909091,0.13696484911468246
CNS(=O)(=O)N(C)C,-28.740275851601,-10.5643,-3.8879,6.676399999999999,5.053,88.780108,18.0,-0.57505798,1.23075114,0.21460184222222226,0.37029372309667863
CNS(C)(=O)=O,-22.128887636228,-10.9404,-3.4925,7.447900000000001,4.507,67.459282,13.0,-0.56875039,1.10365188,0.26693733000000003,0.40239601613034787
COC(=N)c1cnccn1,-29.201080717359,-10.2493,-8.3199,1.9293999999999993,0.995,93.075079,17.0,-0.37158688,0.23545274,0.11687128176470588,0.14945031373881743
COC(=O)C(=O)c1ccccc1,-35.511201668123,-10.8757,-8.366,2.5097000000000005,3.696,111.015997,20.0,-0.38236987,0.34300679,0.10470246950000002,0.1585192677571645
COC(=O)C(C)=O,-23.797958727667,-11.1665,-8.6995,2.4669999999999987,1.536,59.931527,13.0,-0.38159361,0.33019989,0.16139822,0.19666305817284543
COC(=O)C1CCCC1=O,-32.293444243773,-11.0051,-7.2247,3.7804,4.254,89.435905,20.0,-0.39439239,0.36141063,0.1277112795,0.173469937163476
COC(=O)C1CCCCC1,-32.42458570351,-10.9465,-6.4633,4.4832,2.017,99.682759,24.0,-0.40289541,0.34808988,0.08137922833333334,0.1290908027509011
COC(=O)C1CCCCO1,-33.312999040489,-10.628,-6.7438,3.8842,3.186,92.98946,22.0,-0.38323457,0.33573228,0.10255744727272727,0.14787004008619994
COC(=O)CC#N,-22.125134276151,-11.9767,-7.1935,4.783199999999999,5.403,59.401679,12.0,-0.38331125,0.3606398,0.15509972583333329,0.19305024320310682
COC(=O)CC(=O)CC(=O)OC,-40.415364738503,-11.4461,-7.7408,3.7052999999999994,2.928,101.180759,22.0,-0.38806407,0.36256999,0.1699791645454545,0.2110253974525473
COC(=O)CC(N)=O,-27.263609879594,-10.9812,-7.1568,3.8244,4.114,68.792842,15.0,-0.42928203,0.35535233,0.1991325866666667,0.23631965912017575
COC(=O)CCC#N,-25.294525716056,-11.7363,-6.9879,4.7484,3.885,70.857627,15.0,-0.40000464,0.3513398,0.13594959866666667,0.17628923223060988
COC(=O)CCC(=O)C(=O)OC,-40.405960130433,-11.1508,-7.9838,3.1670000000000007,2.979,101.306526,22.0,-0.40335315,0.35016582,0.15926506636363635,0.20036635358833227
COC(=O)CCO,-24.83615843887,-11.2902,-6.6463,4.6439,2.614,62.828259,15.0,-0.439255,0.3558666,0.15950693866666665,0.21255008633178543
COC(=O)CC[N+](=O)[O-],-31.228428830186,-12.1485,-9.0052,3.1433,4.447,72.209049,16.0,-0.39404417,0.52867828,0.1908702425,0.24491753768611807
COC(=O)CCc1c[nH]cn1,-34.077846272626,-10.2983,-6.3359,3.9623999999999997,3.78,102.623562,21.0,-0.40494179,0.35070561,0.11512214238095239,0.15762799933476232
COC(=O)CN(C)C,-27.364042606488,-9.7018,-6.597,3.1048,2.844,79.488376,19.0,-0.3828815,0.34627084,0.09536242684210527,0.1448661818732671
COC(=O)CNC(=O)C(=O)OC,-40.694155511393,-11.0188,-7.7701,3.2487000000000004,5.451,99.108146,21.0,-0.39392268,0.34720752,0.17271609095238094,0.21359679831233988
COC(=O)CS(C)(=O)=O,-32.130722894392,-11.6985,-7.4113,4.2871999999999995,4.747,87.855173,17.0,-0.55299408,1.01363851,0.2500349735294118,0.3532914574123719
COC(=O)C[C@@H](C)O,-28.006068665279,-11.2124,-6.5979,4.6145000000000005,0.847,74.318783,18.0,-0.45280052,0.3499141,0.14846807777777776,0.1999882407192066
COC(=O)C[N+](=O)[O-],-28.054998904016,-12.4754,-9.2382,3.2371999999999996,3.305,60.857864,13.0,-0.36841146,0.54109221,0.21710082846153847,0.26722301281803396
COC(=O)Cc1ccccn1,-32.765395890649,-10.1522,-6.923,3.2292000000000005,1.382,104.526006,20.0,-0.40000662,0.35629371,0.10836331250000002,0.15408533320338352
COC(=O)Cc1nccs1,-30.710401126245,-10.9411,-7.3178,3.6233000000000004,3.145,101.828372,17.0,-0.38954497,0.35807244,0.11983641,0.16498558691529067
COC(=O)N1CCCCC1,-32.71784738304,-10.2441,-5.1712,5.0729,3.321,97.319964,23.0,-0.47460755,0.38221758,0.09292105391304345,0.1499735352210134
COC(=O)Nc1ccc(OC)cc1,-40.023392641427,-10.0398,-6.2758,3.7639999999999993,1.218,123.189139,24.0,-0.44982077,0.39695512,0.11760565083333334,0.16564858042291764
COC(=O)Nc1ccccc1,-32.79133270746,-10.4672,-6.4158,4.0514,2.686,106.741528,20.0,-0.44667604,0.39834852,0.11064036099999999,0.16589728854860297
COC(=O)Nc1nc2ccccc2[nH]1,-40.801375363358,-10.1975,-6.7369,3.4605999999999995,6.156,128.760352,23.0,-0.40169914,0.40201363,0.12760610130434785,0.17254182327486733
COC(=O)[C@@H](O)[C@H](O)c1ccccc1,-43.775469250133,-10.8114,-7.3072,3.504200000000001,3.522,130.142142,26.0,-0.4483649,0.33353628,0.12877195153846155,0.19247860416685605
COC(=O)c1cc(C)ccc1O,-36.568947153418,-10.5106,-7.0422,3.4684,3.123,113.709961,22.0,-0.39524353,0.35906203,0.12069433636363637,0.17376086506797925
COC(=O)c1cc(OC)ccc1O,-40.644081180192,-10.2642,-7.6176,2.6466000000000003,4.096,118.57175,23.0,-0.43699764,0.35089432,0.13739839608695648,0.18793652444346984
COC(=O)c1ccc(OC)cc1,-36.564527474498,-10.7081,-7.2617,3.4463999999999997,3.984,114.005933,22.0,-0.4154451,0.34686177,0.10295617681818184,0.15067454787949233
COC(=O)c1cccc(C(=O)O)n1,-39.874499378123,-10.6613,-8.2823,2.3790000000000013,6.119,111.200547,20.0,-0.38128583,0.3475697,0.16129087350000001,0.21375481735604052
COC(=O)c1cccc(C(=O)OC)n1,-43.034918318706,-10.5501,-8.1531,2.3970000000000002,6.211,123.013642,23.0,-0.36300165,0.34506269,0.1295810965217391,0.17764948451034376
COC(=O)c1cccc2c1NC(=O)C2,-41.161819616717,-10.7612,-7.7483,3.0129,5.177,126.339755,23.0,-0.42534421,0.34878643,0.12778112434782607,0.17843206124388672
COC(=O)c1ccccc1,-29.330532406296,-11.1943,-7.4923,3.702,2.33,97.528779,18.0,-0.41203385,0.34736348,0.08970897555555557,0.1467787810325609
COC(=O)c1ccccc1-c1ccc[nH]1,-42.355559112055,-9.7989,-7.2133,2.5855999999999995,2.033,146.849169,26.0,-0.4232148,0.35749399,0.08098916346153848,0.13221483543090806
COC(=O)c1ccccc1C(=O)O,-39.615418803855,-11.3967,-7.7805,3.616199999999999,4.04,115.613896,21.0,-0.40430314,0.36258168,0.14470417238095237,0.21114430668037573
COC(=O)c1ccccc1C(=O)OC,-42.77499712749,-11.2071,-7.5513,3.6558,2.397,127.447826,24.0,-0.40108652,0.36026381,0.11640924208333332,0.1769872663463419
COC(=O)c1ccccc1N(C)C,-39.086371525335,-9.5875,-6.868,2.7195,2.818,130.414498,26.0,-0.41311837,0.35807522,0.08005593000000001,0.12817918703526499
COC(=O)c1ccccc1OC,-36.557413133328,-10.5918,-7.0703,3.5214999999999996,2.308,114.143374,22.0,-0.39673831,0.35794635,0.10065386818181819,0.14852819768712985
COC(=O)c1ccccc1S,-32.574977009794,-10.3339,-7.561,2.7729,2.305,117.101717,19.0,-0.40125104,0.35572067,0.10977439526315791,0.1599646232659221
COC(=O)c1ccccc1SC,-35.730248103613,-9.7069,-7.3022,2.404699999999999,2.621,128.899294,22.0,-0.4001547,0.36296064,0.09215281590909091,0.14097810232738572
COC(=O)c1ccccn1,-29.595152771158,-10.3951,-7.9424,2.452699999999999,1.983,93.06813,17.0,-0.4067501,0.34410434,0.10726756058823529,0.15654277896503613
COC(=O)c1cccnc1O,-33.678265181929,-10.5168,-8.0101,2.5067000000000004,1.936,97.632521,18.0,-0.4037633,0.34867757,0.15572264833333332,0.20538439427854793
COC(=O)c1cccs1,-27.268999727852,-11.1768,-7.8558,3.3209999999999997,3.059,94.924048,15.0,-0.41428501,0.34550984,0.10735088600000003,0.16281629258523303
COC(=O)c1ccn(C)n1,-30.900315325179,-11.0433,-7.2333,3.8100000000000005,4.226,91.464179,18.0,-0.41876662,0.34421916,0.11396986833333335,0.15943343791167136
COC(=O)c1ccnn1C,-30.901987730948,-11.1294,-7.6137,3.5157000000000007,3.138,91.440575,18.0,-0.41204565,0.34641072,0.11311218166666664,0.1599746986032635
COC(=O)c1ccno1,-28.322853047353,-11.8503,-8.5722,3.2781000000000002,4.762,75.542782,14.0,-0.37472517,0.34556485,0.12528224571428573,0.16671808321778447
COC(=O)c1cn(C)cn1,-30.917134294101,-10.4759,-6.9997,3.4761999999999995,6.91,91.382095,18.0,-0.39509757,0.34346891,0.10919469,0.15835746589156938
COC(=O)c1cncs1,-27.546865911836,-11.3157,-8.3138,3.001899999999999,2.872,90.398314,14.0,-0.40904701,0.34816849,0.12863175071428573,0.17672788141781934
COC(=O)c1nc[nH]n1,-28.000185845467,-11.1507,-7.8918,3.2589000000000006,4.656,75.208613,14.0,-0.37973398,0.34333651,0.15078371142857144,0.18760787667085962
COC(C)C(N)=O,-24.196082887374,-10.4589,-6.084,4.3749,4.703,67.418508,16.0,-0.41234964,0.26710698,0.13715519125,0.17980600875148778
COC(OC)c1ccccc1,-33.491574168145,-10.9278,-6.3115,4.6163,2.209,112.90672,23.0,-0.32811105,0.24467432,0.06837967565217391,0.11299806249698044
COC1CCCCC1=O,-29.232861536758,-10.3861,-7.1634,3.2227000000000006,3.754,87.995843,21.0,-0.35375319,0.22130843,0.08828965809523809,0.1246540449096453
COCC(=O)OC,-24.829208580278,-10.9528,-6.8559,4.0969,2.88,63.2412,15.0,-0.38183748,0.33924505,0.12622775000000003,0.17463881347816715
COCC(=O)c1ccccc1,-32.456866763971,-10.4741,-7.9086,2.5655,4.066,109.332997,21.0,-0.35478128,0.21161118,0.0748374680952381,0.11823974133058224
COCC(C)(C)O,-24.949033431538,-10.9411,-0.2522,10.6889,2.635,72.926146,19.0,-0.45202125,0.3006438,0.10653431736842105,0.1584626289269892
COCC/C(N)=N/O,-27.574125055406,-10.0404,-5.6878,4.3526,3.013,76.628928,18.0,-0.37698634,0.30563873,0.13934100277777778,0.17815862985265402
COCCC(=O)OC,-27.997072240879,-11.0618,-6.5843,4.4775,2.459,74.862601,18.0,-0.3995485,0.35710019,0.11892784333333332,0.1677565929858599
COCCCNS(N)(=O)=O,-35.953827152214,-10.9302,-3.8741,7.056099999999999,4.341,105.301368,22.0,-0.59602766,1.26325777,0.21847831954545455,0.36283996479031105
COCCNS(=O)(=O)N(C)C,-39.126257980763,-10.5588,-3.7517,6.8071,5.381,117.063963,25.0,-0.59137301,1.25132842,0.1809428352,0.32785474535426945
COCc1ccccc1C(=O)O,-36.553779977947,-10.993,-7.3113,3.6817,3.17,114.057858,22.0,-0.41612282,0.36199653,0.11157398636363637,0.17664238964477771
CON(C)C(C)=O,-24.159362370141,-10.6659,-6.3529,4.313000000000001,4.457,67.503838,16.0,-0.39503711,0.2710775,0.106298606875,0.14752413201103506
CO[C@H]1CCCC[C@@H]1O,-30.264618646756,-10.6681,-0.2977,10.3704,1.749,91.229486,23.0,-0.4537618,0.28876203,0.08777443739130435,0.14007907632202113
COc1cc[nH]n1,-21.514453934124,-10.2185,-5.7871,4.431400000000001,1.977,66.384523,13.0,-0.27319966,0.20687776,0.09998404692307691,0.13547613327847588
COc1ccc(/C(N)=N\O)cc1,-36.134980344226,-9.7452,-6.2581,3.4871000000000008,3.221,115.833641,22.0,-0.36822365,0.30286965,0.11776568227272727,0.15773849268242726
COc1ccc(C(=N)N)cc1,-32.104663543583,-9.8074,-6.6002,3.2071999999999994,3.253,111.058232,21.0,-0.39751207,0.18678118,0.10927008142857145,0.1478852778751658
COc1ccc(C(=O)O)c(O)c1,-37.47414541766,-10.6954,-7.0875,3.607899999999999,3.692,106.813979,20.0,-0.42587313,0.36053959,0.16648318950000002,0.21717866809316674
COc1ccc(C(=O)O)cc1,-33.405366326981,-10.7925,-7.3618,3.4307000000000007,2.43,102.137128,19.0,-0.42818293,0.34911587,0.13210284105263156,0.18974555314900518
COc1ccc(C(C)=O)cc1,-32.479183151411,-10.5771,-7.4796,3.0975,5.176,108.981427,21.0,-0.3784274,0.22835721,0.09167303095238094,0.12836561423150203
COc1ccc(C(N)=O)cc1,-32.762823453643,-10.5585,-6.9029,3.6556000000000006,5.536,106.518012,20.0,-0.434838,0.27897921,0.1175916195,0.1630601001850809
COc1ccc(C=O)cc1,-29.304539635748,-10.7824,-7.797,2.985400000000001,3.999,97.631558,18.0,-0.3493457,0.19891748,0.08698876555555557,0.12540765733048978
COc1ccc(COCC(=N)N)cc1,-42.486235965868,-10.0521,-6.3147,3.737399999999999,3.36,139.482144,28.0,-0.39013016,0.19161306,0.10299781571428569,0.1439241070621824
COc1ccc(N2CCNC2=O)cc1,-41.540503975513,-9.7373,-6.1079,3.6293999999999995,5.785,134.203452,26.0,-0.45198296,0.31953583,0.0985131576923077,0.14382173467963535
COc1ccc(O)c(C(=O)O)c1,-37.484465784329,-10.3076,-7.6922,2.615400000000001,2.696,106.746484,20.0,-0.44597816,0.35417116,0.16915509850000002,0.22224534288702724
COc1ccc(O)c([N+](=O)[O-])c1,-37.632354601151,-10.8878,-8.6225,2.2653,8.089,103.042827,19.0,-0.37378606,0.54562173,0.16236384789473685,0.22326905784765308
COc1ccc(S(N)(=O)=O)cc1,-37.905584969764,-11.0823,-7.0199,4.0624,7.082,123.359119,21.0,-0.57175754,1.10948522,0.19998915000000006,0.3287776554664714
COc1ccc2[nH]ccc2c1,-30.845004956027,-9.5868,-6.3087,3.2781000000000002,2.878,110.905866,20.0,-0.27945176,0.15093778,0.065315685,0.08978914401751066
COc1ccc2c(c1)C(=O)C(=O)N2,-37.950974434309,-10.6874,-8.8376,1.8498,8.238,115.12548,20.0,-0.34909752,0.25377722,0.123387477,0.15798629115451973
COc1ccc2c(c1)CC(=O)N2,-34.937452994785,-10.1154,-6.4543,3.6610999999999994,4.76,112.994239,21.0,-0.4155368,0.27418464,0.10734731428571428,0.14596816401206
COc1ccc2c(c1)CCC(=O)N2,-38.10527346532,-10.1069,-6.4882,3.6186999999999996,4.504,124.624013,24.0,-0.43622947,0.27329463,0.09935812333333334,0.13956143520441117
COc1ccc2c(c1)CNC2=O,-34.92815561355,-10.4453,-6.8604,3.5848999999999993,6.208,113.085986,21.0,-0.43657136,0.27243732,0.10184279523809524,0.14753356460580042
COc1ccc2c(c1)NC(=O)C2=O,-37.954465058453,-10.6253,-8.7215,1.9037999999999986,7.931,115.116173,20.0,-0.34735269,0.25474523,0.12594098299999998,0.15946293442340229
COc1cccc2c1C(=O)CCC2,-37.793679270284,-10.3164,-7.6026,2.7138,4.212,127.123107,25.0,-0.36980429,0.23326871,0.081596762,0.11825231087260786
COc1cccc2c1NC(=O)C2,-34.937319908466,-10.2207,-6.5455,3.675200000000001,5.028,113.014902,21.0,-0.41548207,0.27435569,0.10503731142857144,0.14540937191576436
COc1cccc2cc(C(=O)O)[nH]c12,-41.141326454202,-10.0107,-7.5529,2.4577999999999998,4.579,128.800108,23.0,-0.42678769,0.34614006,0.12169421913043478,0.17840317861216629
COc1cccc2cc[nH]c12,-30.847050358538,-9.5142,-6.0456,3.4686000000000003,2.205,110.91473,20.0,-0.28322679,0.16022892,0.062967771,0.08893346633929816
COc1ccccc1,-23.111678236167,-10.2689,-6.0987,4.1702,1.469,84.312989,16.0,-0.27405661,0.14465699,0.062099471249999996,0.08703525773128604
COc1ccccc1/C(N)=N/O,-36.135296591159,-9.7178,-6.4685,3.2493000000000007,1.638,115.876893,22.0,-0.3775338,0.30321246,0.1181090690909091,0.15811177180459643
COc1ccccc1C(N)=S,-31.9313845882,-9.1452,-7.536,1.6092000000000013,6.455,121.43734,20.0,-0.38121047,0.19418966,0.105744094,0.145060953399589
COc1ccccc1NC(C)=O,-35.925249073798,-10.225,-6.5183,3.7066999999999997,2.955,118.262758,23.0,-0.40689065,0.28326764,0.10308910739130435,0.142096004401624
COc1ccccc1NC(N)=S,-35.379312881426,-9.143,-6.8739,2.269100000000001,6.69,130.577288,22.0,-0.42693436,0.20621245,0.11993546000000004,0.15883365077432895
COc1ccccc1O,-27.179405473888,-9.9754,-5.9985,3.9769000000000005,1.162,88.863024,17.0,-0.38491705,0.30016085,0.10263523000000001,0.1462079593850672
COc1ccccc1OC,-30.338307020304,-9.8467,-5.8922,3.9545000000000003,0.666,100.86291,20.0,-0.26110772,0.1238092,0.07505971600000001,0.10065709126764741
COc1ccccc1OCC(N)=O,-39.987497879332,-10.1774,-6.1802,3.9972000000000003,4.821,123.069953,24.0,-0.42689121,0.27566106,0.12089827000000002,0.16130305474728918
COc1ccccc1S,-26.361868077113,-9.8452,-6.3659,3.4793000000000003,3.471,103.822268,17.0,-0.27767388,0.18365767,0.08195748352941176,0.11109796224164621
COc1ccnc(O)c1,-27.46923803302,-10.5494,-6.6348,3.9146,1.648,84.280692,16.0,-0.3898234,0.33404313,0.14032107437499997,0.1824427363835852
CS(=O)(=O)C/C(N)=N/O,-31.716750759666,-10.5743,-6.4472,4.1270999999999995,3.972,89.592622,17.0,-0.56399216,1.00151544,0.27364107058823534,0.3586648883800394
CS(=O)(=O)CC(=O)c1ccccc1,-39.757790017313,-11.1336,-7.9811,3.1525,3.982,133.913452,23.0,-0.55403198,1.00673897,0.16805001739130435,0.28913922518735213
CS(=O)(=O)Nc1ccccn1,-34.129978431421,-10.5864,-7.1597,3.4266999999999994,4.74,113.966451,19.0,-0.56646362,1.13341078,0.21556832210526314,0.34590555791352995
CS(=O)(=O)c1ccccc1O,-34.482565111655,-11.0333,-7.1889,3.8444000000000003,4.435,113.645541,19.0,-0.57772379,1.00596397,0.20980862736842104,0.3279141125574438
CS(=O)(=O)c1nc2ccccc2[nH]1,-38.413001637937,-10.9296,-7.3613,3.5683000000000007,2.574,130.979531,21.0,-0.54816316,0.98614099,0.17382475142857143,0.29171982331111684
CS(=O)(=O)c1nc2ccccc2s1,-38.211871812855,-11.1505,-8.0573,3.0931999999999995,4.913,141.789053,20.0,-0.54468649,0.99621132,0.1663344715,0.2949851040794276
CS(=O)(=O)c1nc[nH]n1,-29.067560709931,-11.4498,-7.4445,4.0053,6.681,86.623557,14.0,-0.53787435,0.98838327,0.24520705785714283,0.35661258666961243
CS(=O)c1ccccc1,-26.331900602334,-10.2851,-6.8421,3.4429999999999996,4.514,104.023119,17.0,-0.5043586,0.37599181,0.09207917235294118,0.16024440493365222
CS(C)(=O)=O,-18.684795706441,-11.4974,-3.4394,8.058,5.272,57.924397,11.0,-0.549698,0.97580442,0.27120411363636365,0.3905877819207193
CS(N)(=O)=O,-18.962481955052,-11.5343,-3.7103,7.824,3.903,55.757929,10.0,-0.57345458,1.12473191,0.362211977,0.4776894033613174
CSCC(=O)O,-20.853335409016,-10.064,-7.2308,2.8331999999999997,3.409,66.143772,12.0,-0.40230045,0.3523499,0.16965146083333335,0.2218675310408968
CSCC(C)=O,-19.928243497144,-10.0218,-7.3963,2.6255000000000006,3.839,72.907,14.0,-0.35494581,0.23756856,0.10674592499999999,0.138642214112
CSCCCO,-20.956051216755,-9.7467,-5.5054,4.241300000000001,2.606,76.052223,16.0,-0.44470598,0.28743403,0.09650746875,0.14925462630345201
CSc1ccccc1,-22.284593503309,-9.7294,-6.5853,3.1441,2.311,99.10269,16.0,-0.19170783,0.05629254,0.048893311875000005,0.06175575535587113
CSc1ccccc1C(=O)O,-32.569437352439,-9.8571,-7.486,2.371100000000001,3.828,117.070599,19.0,-0.41197173,0.36260788,0.11849760000000001,0.17960218152442456
CSc1ccccc1O,-26.356094669191,-9.535,-6.565,2.9699999999999998,3.4,103.633065,17.0,-0.3876121,0.2992755,0.0924515194117647,0.13632589333431988
C[C@@H]1COC(=O)O1,-23.850097375444,-12.2656,-6.6199,5.645699999999999,6.055,57.986917,13.0,-0.37057346,0.47524596,0.15982197230769232,0.20918201898256666
C[S@@](=N)(=O)c1ccccc1,-29.709866367221,-9.7372,-7.0041,2.7330999999999994,4.417,113.446968,19.0,-0.53576507,0.77571517,0.1504762684210526,0.25808081883565365
Cc1cc(C)[nH]n1,-20.620165826285,-10.3081,-5.5556,4.7524999999999995,2.426,72.931712,15.0,-0.24500134,0.15646001,0.07591122266666667,0.09543306150695317
Cc1cc(C)on1,-21.225622321964,-10.8619,-6.5846,4.2773,3.172,68.49736,14.0,-0.16203197,0.13428267,0.08862908357142858,0.0963314110840435
Cc1cc(O)nc(O)c1,-27.482251787456,-10.5913,-6.6636,3.9277000000000006,3.521,83.919994,16.0,-0.38687442,0.33597726,0.171115614375,0.21444821840291825
Cc1cc([N+](=O)[O-])c(O)c([N+](=O)[O-])c1,-44.028067114395,-12.0236,-9.7585,2.2651000000000003,5.583,112.330116,20.0,-0.39335804,0.55089629,0.202654616,0.2699962522163665
Cc1ccc(-c2nnn[nH]2)cc1,-32.848619480515,-10.6249,-7.5855,3.0394000000000005,6.829,115.053909,20.0,-0.19796314,0.16620104,0.06507971649999998,0.08274646006246554
Cc1ccc(C(=O)NN)cc1,-32.099355609903,-10.5446,-7.0515,3.493100000000001,3.449,110.729204,21.0,-0.43696086,0.2567526,0.10385446095238095,0.1475263175603115
Cc1ccc(C(N)=O)cc1,-28.700436825195,-10.5606,-6.9787,3.581900000000001,4.466,101.565648,19.0,-0.43548011,0.27858551,0.1025334647368421,0.15249444984494698
Cc1ccc(C(N)=S)cc1,-27.86940381722,-9.2375,-7.5154,1.722100000000001,5.507,116.49535,19.0,-0.37711129,0.19350965,0.08914793105263158,0.12901312007842206
Cc1ccc(C=O)cc1,-25.241414376183,-10.7949,-7.8695,2.9254,4.353,92.673876,17.0,-0.34661386,0.19962115,0.06894717941176472,0.10687443274127201
Cc1ccc(O)nc1,-23.403076573244,-10.4676,-6.8869,3.5806999999999993,1.998,79.311692,15.0,-0.39318396,0.33160626,0.1168338526666667,0.16897816129525506
Cc1cccc(C)c1C(=O)O,-32.506747645539,-10.7589,-7.0702,3.6887000000000008,1.744,108.802042,21.0,-0.42026328,0.3598526,0.11045267666666667,0.170086685021543
Cc1cccc(C)c1O,-26.291423727961,-10.0718,-5.8619,4.209899999999999,1.621,95.420177,19.0,-0.3988605,0.29827458,0.08106805947368421,0.12681344549477544
Cc1ccn(C(N)=O)n1,-27.106376359755,-10.7009,-7.1231,3.5778000000000008,5.671,84.036369,16.0,-0.39538783,0.32715417,0.134380165,0.17693344616388104
Cc1cnc(C(=N)N)cn1,-28.57971705772,-10.017,-8.08,1.9369999999999994,3.606,96.994964,18.0,-0.3831029,0.19039467,0.13423191055555553,0.16291583563581927
Cc1cnc(C(C)NC(=O)OC(C)(C)C)[nH]1,-50.212335470556,-10.2465,-5.6388,4.6076999999999995,2.873,158.161749,35.0,-0.48018468,0.40327252,0.11152986085714287,0.15442877965305743
Cc1cnc(O)nc1,-23.678964862754,-10.3357,-7.602,2.733699999999999,3.626,74.881434,14.0,-0.37196837,0.33838329,0.1483972564285714,0.19527001606142294
Cc1cscn1,-17.267921524421,-10.7558,-7.1082,3.6476000000000006,1.271,71.932272,11.0,-0.23883128,0.07722963,0.07458572909090909,0.09340442126472942
Cc1nc(-c2ccccc2O)cs1,-36.229329849385,-10.105,-6.9188,3.1862000000000004,1.408,138.910083,22.0,-0.39873643,0.30156915,0.09388993000000001,0.1352645612660224
Cc1nc(=O)[nH]n1-c1ccccc1,-36.686728083096,-10.597,-7.3367,3.260299999999999,8.059,123.859605,22.0,-0.43969866,0.33911556,0.10942471000000001,0.1557267055707763
Cn1c(=O)[nH]c2ccccc2c1=O,-37.38645135587,-11.0649,-7.6728,3.3921,3.885,119.271228,21.0,-0.45248125,0.32148136,0.12445549380952381,0.1781616116775906
Cn1cc(C(=O)O)nn1,-27.991644827355,-10.9062,-7.6291,3.2771,6.947,75.213214,14.0,-0.39848627,0.34702063,0.1616587314285714,0.2112560288863487
Cn1cc[nH]c1=O,-21.563367249736,-9.7964,-5.1309,4.665500000000001,3.972,66.037345,13.0,-0.46688337,0.29817475,0.11793461461538463,0.17284281202231663
Cn1ccc(=O)[nH]c1=O,-27.781967214645,-11.1549,-7.441,3.7138999999999998,5.141,79.337862,15.0,-0.44362434,0.31989857,0.1635052913333333,0.21208171259546624
Cn1ccc(=O)n(C)c1=O,-30.94943068605,-10.9852,-7.262,3.723200000000001,4.367,90.986754,18.0,-0.44092704,0.30941205,0.13295168166666663,0.18451213304323216
Cn1ccc(C(=O)O)n1,-27.740306322386,-11.1418,-7.3704,3.7714,4.541,79.603511,15.0,-0.42976269,0.34725948,0.15317519533333332,0.2065482309351023
Cn1ccnc1[N+](=O)[O-],-27.919743592549,-11.4027,-9.06,2.342699999999999,7.195,75.692135,14.0,-0.39586853,0.51249149,0.14854471,0.21357012730581057
Cn1cnc(C=O)c1,-23.663243532564,-10.6198,-7.5881,3.0317,6.455,74.864585,14.0,-0.35759189,0.19905838,0.09645184571428571,0.13823543815079115
Cn1cnc(CO)c1,-24.696522462662,-10.2411,-5.7284,4.5127,6.216,77.803812,16.0,-0.45243236,0.31441397,0.104940076875,0.1617392641448184
Cn1cnc(S(N)(=O)=O)c1,-32.260228370278,-11.0964,-6.4372,4.659199999999999,7.843,100.660798,17.0,-0.57258514,1.11006299,0.22957779235294118,0.363852863827584
Cn1cnc2c(=O)[nH]c(=O)[nH]c21,-35.797214322758,-10.944,-7.1091,3.834900000000001,8.544,101.394589,18.0,-0.44359461,0.32714203,0.165530575,0.2073884544518972
Cn1cnc2c(=O)[nH]c(=O)n(C)c21,-38.962406653689,-10.797,-7.0156,3.7814000000000005,9.069,113.040349,21.0,-0.444046,0.31637611,0.13996061999999998,0.18622420554519092
Cn1cnc2ccccc21,-27.067070557393,-10.1723,-6.5739,3.5984,4.008,101.409536,18.0,-0.2808944,0.09272944,0.05956192777777777,0.081742787906852
Cn1cncc1C(=O)O,-27.76059852984,-10.7669,-7.5475,3.2193999999999994,5.209,79.433552,15.0,-0.42965322,0.3474212,0.15099789333333333,0.21066435618201015
Cn1cncc1CO,-24.694757752631,-10.1968,-5.5745,4.6223,2.549,77.820026,16.0,-0.44369913,0.29088981,0.09789549375,0.1553602514695508
Cn1nc(-c2ccccc2)cc1O,-36.408508920247,-9.9973,-6.4441,3.5531999999999995,3.72,128.779105,23.0,-0.38134559,0.30840997,0.08321840739130437,0.12801815981579934
Cn1nccc1C(=O)O,-27.741132780043,-11.2377,-7.7526,3.4851,2.573,79.596611,15.0,-0.42484458,0.34876139,0.15240099,0.20819940159309247
Cn1nccc1O,-21.522693739482,-10.2549,-5.5079,4.746999999999999,2.924,66.237976,13.0,-0.38608639,0.31614169,0.12463591999999998,0.16935509590833175
Cn1nncc1C(=O)O,-27.994931582385,-11.0092,-8.2297,2.7795000000000005,4.766,75.185777,14.0,-0.41642142,0.34944117,0.16306879785714284,0.21372723556744633
FC(F)(F)c1c[nH]cn1,-30.145114072659,-11.3008,-6.6934,4.607400000000001,7.105,65.132596,12.0,-0.23025817,0.48115936,0.15198283749999997,0.196536048573761
FC(F)(F)c1cn[nH]c1,-30.128111273269,-11.7774,-7.0689,4.7085,4.303,65.173431,12.0,-0.20991558,0.4869463,0.14419882333333334,0.1936033280310029
FC(F)(F)c1ncc[nH]1,-30.140990323351,-11.3262,-7.0603,4.2659,5.143,65.157657,12.0,-0.22688345,0.47838756,0.15085922166666668,0.19497634040273001
Fc1ccc2[nH]ccc2c1,-27.845361090038,-10.1392,-6.7128,3.426400000000001,4.423,94.75507,16.0,-0.22865921,0.15964662,0.0712415875,0.09255747732152027
Fc1ccc2[nH]ncc2c1,-28.099388008465,-10.6533,-7.4568,3.1964999999999995,2.458,90.276535,15.0,-0.22220652,0.16412549,0.07913458733333334,0.10320224563258344
Fc1ccccn1,-20.380930260166,-10.7476,-7.4713,3.2763,3.813,63.738734,11.0,-0.22761153,0.25257524,0.09696049181818181,0.12663739933219373
N#CC(C#N)c1ccccc1,-28.068642907149,-11.527,-7.0502,4.476799999999999,4.446,105.091134,17.0,-0.20844612,0.11890931,0.06540356352941176,0.08959220935825107
N#CC1(O)CCCCC1,-27.556315553739,-11.4106,-6.2191,5.1915000000000004,5.103,87.312976,20.0,-0.44605867,0.29019536,0.09446291700000001,0.14071399049179395
N#CC1CCCCC1,-23.501712447183,-11.3708,-5.7747,5.596099999999999,4.039,82.723706,19.0,-0.23668176,0.10447587,0.05246359947368421,0.07065237715688698
N#CC1CCCS1,-20.403379701455,-10.0775,-6.6144,3.4631000000000007,4.532,79.140182,14.0,-0.2163328,0.10725674,0.06948576214285715,0.08930149652397605
N#CCC(=O)Nc1ccccc1,-33.217889239957,-10.7674,-7.1339,3.6335000000000006,4.353,114.595236,20.0,-0.40270157,0.28256254,0.104858236,0.14285346358304904
N#CCC1=CCCCC1,-25.613502160883,-10.5432,-5.7951,4.748100000000001,4.173,93.502673,20.0,-0.23615521,0.1114043,0.055577590499999996,0.07263589490552047
N#CCCCc1ccccc1,-29.892231757073,-10.8278,-6.191,4.6368,3.69,115.444763,22.0,-0.23551098,0.11128406,0.05064419636363635,0.06765758342945177
N#CCS(N)(=O)=O,-23.474493392598,-11.9905,-6.9443,5.046200000000001,3.09,68.855655,11.0,-0.57623263,1.17378509,0.35275873181818185,0.47016397323315406
N#CCc1cccc2cccnc12,-33.424658737518,-10.227,-7.986,2.2410000000000005,4.991,127.52562,21.0,-0.24103216,0.11901234,0.06497506714285714,0.0896685280140226
N#CCc1nccs1,-21.778751391523,-11.2014,-7.5495,3.6518999999999995,3.742,84.82958,12.0,-0.23979835,0.11753199,0.09163009000000001,0.11432832566774939
N#C[C@@H]1CC[C@H]1C#N,-21.650729466106,-11.8442,-6.7305,5.113700000000001,4.616,72.048838,14.0,-0.22324926,0.10689314,0.07790927642857141,0.10230061787703731
N#Cc1cccc(C#N)n1,-25.174374692329,-11.2847,-8.6581,2.6266000000000016,6.08,89.063933,13.0,-0.20577187,0.11474344,0.09601694153846153,0.11554318090768172
N#Cc1cccc2cc[nH]c12,-28.137509002997,-10.3877,-7.4659,2.9218,3.243,107.155615,17.0,-0.24917077,0.16316666,0.06042067294117648,0.08624619985405597
N#Cc1cccc2cccnc12,-30.257886168367,-10.3361,-8.4029,1.9331999999999994,6.265,116.036516,18.0,-0.23355311,0.11773212,0.06396068166666666,0.09036282601309319
N#Cc1ccccc1,-20.398128248838,-11.5138,-7.5297,3.9840999999999998,4.247,80.590676,13.0,-0.22918145,0.10831445,0.05194663538461538,0.07629790168602955
N#Cc1ccccc1C#N,-24.91288428518,-11.8597,-8.3691,3.4906000000000006,6.726,93.458381,14.0,-0.20793369,0.11005926,0.06945260428571429,0.09418727960028217
N#Cc1ccccc1O,-24.473204075096,-11.0823,-7.5662,3.5161,3.045,85.081429,14.0,-0.38079678,0.30676886,0.10967772285714286,0.15783684796239225
N#Cc1ccccc1[N+](=O)[O-],-30.843373332137,-12.1733,-9.2693,2.904,7.496,94.795849,15.0,-0.36533947,0.53073921,0.130025822,0.20228743249093534
N#Cc1ccccn1,-20.662741823945,-10.7348,-8.074,2.6608,5.38,76.11326,12.0,-0.21207517,0.11342701,0.07917922083333333,0.1018565834354942
N#Cc1ncccn1,-20.930101070256,-10.8081,-8.5373,2.2707999999999995,5.707,71.693336,11.0,-0.22187925,0.19607501,0.11817362636363637,0.13633906756727412
N#Cc1nccs1,-18.609022967062,-11.4672,-8.4723,2.9948999999999995,4.86,73.501036,9.0,-0.21300366,0.11329362,0.09464522111111112,0.11387760462183007
N#N,-5.599316143598,-13.363,-11.2365,2.1265,0.0,13.185547,2.0,0.0,0.0,0.0,0.0
N/C(=N\O)c1ccccc1,-28.906800631382,-10.016,-6.8633,3.1527000000000003,1.509,99.293197,18.0,-0.37238193,0.30479865,0.11156908722222221,0.15825434692965606
N/C(=N\O)c1ccccn1,-29.181130921373,-10.0148,-7.3551,2.659699999999999,1.703,94.787147,17.0,-0.36483815,0.30493012,0.13486357588235295,0.17239668963478066
N/C(=N\O)c1cccs1,-26.847612320431,-9.9801,-7.2865,2.6936,1.208,96.587584,15.0,-0.36786177,0.30648113,0.12970618066666664,0.17324704597680343
N/C(=N\O)c1cnc2ccccc2n1,-39.029387815451,-10.0882,-8.6658,1.4223999999999997,4.994,130.154847,22.0,-0.35360696,0.30214296,0.12618203227272728,0.16001440447684856
N/C(=N\O)c1nc2ccccc2s1,-36.722446520918,-10.3465,-7.8885,2.458000000000001,1.945,131.96364,20.0,-0.35847461,0.3153252,0.12305177550000002,0.16057766848513313
N/C(Cc1ccccc1)=N\O,-32.072158228821,-10.0418,-6.2409,3.8009000000000004,1.458,110.846454,21.0,-0.37785158,0.30410235,0.10635649952380953,0.14982878644812808
N/N=C/c1ccccc1O,-28.913591724474,-9.5916,-6.8476,2.7439999999999998,1.144,99.576732,18.0,-0.3766881,0.30001539,0.10186425888888889,0.1446688371532574
N=C(N)c1cc2ccccc2o1,-33.236608798434,-10.1801,-7.4962,2.6838999999999995,2.932,116.712166,20.0,-0.39181762,0.19376874,0.11033508949999997,0.14682752397276297
N=C(N)c1nc2ccccc2s1,-32.690003288031,-10.4026,-7.9585,2.4440999999999997,2.641,127.198412,19.0,-0.37861999,0.17871085,0.1127477305263158,0.15243074810768673
N=C(NO)C1CCCC1,-28.814208103387,-10.2298,-5.9562,4.273599999999999,3.469,89.830967,21.0,-0.37926361,0.3014388,0.1008401219047619,0.14747570281466166
N=C(n1nnc2ccccc21)n1nnc2ccccc21,-52.817001543948,-11.0027,-8.6364,2.3663000000000007,3.88,183.764997,29.0,-0.34444353,0.20026678,0.07891076724137933,0.1053755304142755
N=C1NC(=O)c2ccccc21,-30.093810802093,-10.76,-8.3296,2.4304000000000006,3.797,102.939918,17.0,-0.39643809,0.28013593,0.11903103352941174,0.16961493134821032
NC(=O)C(C(N)=O)c1ccccc1,-38.344908552788,-10.6334,-6.6542,3.9791999999999996,4.751,123.964553,23.0,-0.43608449,0.28808616,0.1431496656521739,0.19482754891147092
NC(=O)C(F)(F)F,-26.478968354473,-12.4731,-7.9437,4.529400000000001,4.712,43.189478,9.0,-0.35281966,0.45867603,0.25777063222222224,0.27197288443916073
NC(=O)C(c1ccccc1)c1ccccn1,-43.844418048575,-10.1459,-6.9264,3.219499999999999,1.905,159.675329,28.0,-0.42843668,0.2844099,0.08910822357142857,0.1352812106784647
NC(=O)C1CCCCC1,-28.633210581443,-10.578,-5.7769,4.801099999999999,4.132,92.211345,22.0,-0.42938606,0.27804131,0.09229576545454544,0.1404630441283403
NC(=O)CC(=O)O,-24.098389026992,-11.2664,-6.9078,4.358600000000001,5.231,57.107497,12.0,-0.41415485,0.3678037,0.2614147833333333,0.28647317542576756
NC(=O)CC(N)=O,-23.468488779969,-10.8605,-6.4004,4.4601,3.989,61.323246,13.0,-0.43657565,0.28916072,0.23573895230769232,0.2598809366074473
NC(=O)CCC(N)=O,-26.63070409315,-10.7746,-5.7891,4.985499999999999,0.0,72.832703,16.0,-0.43474001,0.28103695,0.197678378125,0.2314213335397995
NC(=O)CN1CCCC1=O,-31.959925043395,-10.6181,-6.3447,4.2734000000000005,3.858,91.261874,20.0,-0.4440018,0.27612694,0.1437386265,0.19231531534464064
NC(=O)COCc1ccccc1,-35.912849513957,-10.8783,-6.462,4.4163,4.089,118.414725,23.0,-0.42631125,0.27627252,0.10125718739130436,0.1535322561700614
NC(=O)Cc1cc2ccccc2s1,-36.232116871325,-10.3522,-7.1238,3.2283999999999997,4.46,138.748536,22.0,-0.42362838,0.28568686,0.09518781954545454,0.1423799375786107
NC(=O)Cc1ccccn1,-28.970020548946,-10.4239,-7.1734,3.2504999999999997,3.537,97.02023,18.0,-0.42632213,0.28865135,0.12663267555555555,0.1700202940444837
NC(=O)Cc1cccs1,-26.633068687218,-10.4943,-6.8773,3.617000000000001,3.329,98.827911,16.0,-0.42194411,0.2856776,0.118410883125,0.1651919769795481
NC(=O)Cc1cncs1,-26.910950140145,-10.8903,-7.4118,3.4784999999999995,4.347,94.288538,15.0,-0.41803547,0.2851551,0.1369700593333333,0.17917362478705612
NC(=O)Cc1nc2ccccc2[nH]1,-36.719074555295,-10.2691,-6.6138,3.6552999999999995,2.65,123.427675,22.0,-0.4372501,0.28532931,0.12712619545454548,0.16756227300237242
NC(=O)Cn1nnc2ccccc21,-36.945290657841,-10.6526,-7.7702,2.8823999999999996,0.498,119.421213,21.0,-0.41468439,0.28021018,0.11266422952380951,0.15321756427788602
NC(=O)NCc1ccccc1,-32.138117551947,-10.6243,-6.3879,4.2364,4.295,110.873264,21.0,-0.47327126,0.33732011,0.11138932095238097,0.1689886951069686
NC(=O)Nc1ccccc1,-28.983717542977,-10.3131,-6.2247,4.0884,4.261,99.245198,18.0,-0.45860945,0.33824015,0.12857430611111112,0.1799177435126721
NC(=O)Nc1ccccn1,-29.262340331617,-10.295,-6.9013,3.3937,2.634,94.707041,17.0,-0.45807535,0.34008079,0.15574287647058824,0.19984938807327682
NC(=O)Oc1ccccc1,-29.617815727873,-11.0087,-6.3726,4.636099999999999,2.763,94.843209,17.0,-0.45323585,0.40867503,0.14051807705882355,0.19696784853356705
NC(=O)[C@@H]1CCCC[C@@H]1O,-32.697202256568,-10.671,-6.0811,4.589899999999999,5.079,96.861971,23.0,-0.45610081,0.3087176,0.12484935043478264,0.18201494557481104
NC(=O)[C@@H]1CCCC[C@H]1O,-32.691786224302,-10.6023,-5.8464,4.7559,5.657,96.698485,23.0,-0.44745477,0.28220007,0.1246763947826087,0.17751179078414586
NC(=O)[C@@H]1CCCO1,-26.35641066567,-10.6043,-6.0999,4.5044,3.026,73.713264,17.0,-0.42189402,0.27133541,0.1353089976470588,0.1806443430143932
NC(=O)c1cc2ccccc2cc1O,-39.204259480458,-10.157,-7.7301,2.4269,4.678,134.609711,23.0,-0.4517007,0.33936488,0.12295032434782607,0.1809584164750644
NC(=O)c1ccccc1C(N)=O,-35.181884793968,-10.5357,-7.2935,3.2422000000000004,4.874,112.354089,20.0,-0.44738903,0.28712021,0.1552413065,0.20864815780429613
NC(=O)c1ccccc1O,-29.60561263816,-10.4601,-7.0578,3.4023000000000003,5.617,94.539435,17.0,-0.44701352,0.30409325,0.15399782352941174,0.20611274890188555
NC(=O)c1ccccc1OCC(=O)O,-43.032280599513,-10.7981,-7.2251,3.5729999999999995,5.359,124.56734,23.0,-0.42519813,0.35402855,0.16660662782608693,0.2160909392623241
NC(=O)c1ccccc1[N+](=O)[O-],-35.978490863554,-11.295,-8.7977,2.497299999999999,8.136,104.293598,18.0,-0.41175536,0.54189577,0.1663890488888889,0.23331233928105008
NC(=O)c1ccccn1,-25.803471907345,-10.4652,-7.6736,2.791599999999999,3.508,85.51727,15.0,-0.4310259,0.27293435,0.13245967733333333,0.17931889948637358
NC(=O)c1cn2ccccc2n1,-33.537423858744,-10.368,-7.439,2.9290000000000003,7.745,112.23056,19.0,-0.40940379,0.27875579,0.11474983947368422,0.1616301842242134
NC(=O)c1nccc2ccccc12,-35.392544249466,-10.3095,-8.1317,2.1777999999999995,3.119,125.476197,21.0,-0.43383434,0.27374778,0.10418266476190474,0.15348220177222055
NC(=O)c1ncco1,-24.568755596266,-11.253,-8.0208,3.2322000000000006,5.984,67.758219,12.0,-0.39669028,0.27099452,0.17937951166666669,0.20665103880828709
NC(=O)n1nnc2ccccc21,-33.794428746994,-10.9113,-8.2216,2.6897,0.195,107.922462,18.0,-0.42337438,0.32820328,0.12303495555555556,0.16878013840851286
NC(=S)N1CCCCC1,-28.081432857232,-8.966,-6.4122,2.553799999999999,6.015,104.685429,21.0,-0.46944346,0.1998187,0.09644163904761903,0.14481665403968533
NC(=S)NC1CCCCC1,-31.241219668475,-8.951,-6.1578,2.7932000000000006,6.609,116.201932,24.0,-0.48939815,0.21387175,0.10192707875,0.14769456012097007
NC(=S)Nc1ccccc1,-28.150542197584,-9.274,-7.0347,2.239299999999999,5.403,114.124579,18.0,-0.45874023,0.20974122,0.11706333555555558,0.16229776915699698
NC(=S)Nc1ccccn1,-28.424325491127,-9.4316,-7.2978,2.1338,3.985,109.615198,17.0,-0.41230674,0.20683163,0.14029857647058822,0.1763811280374131
NC(=S)c1ccccn1,-24.972381055726,-9.4256,-8.1333,1.2922999999999991,4.443,100.453309,15.0,-0.3601055,0.20276118,0.11791022666666667,0.1543374760133603
NC(=S)c1ncccn1,-25.238005571549,-9.4598,-8.4351,1.0246999999999993,5.771,96.098975,14.0,-0.29657006,0.20215329,0.14613176714285717,0.16809991326689308
NC1=NC(C(=O)O)CS1,-28.848876217967,-10.3676,-6.9528,3.4147999999999996,2.393,88.228766,15.0,-0.4131981,0.34937264,0.20231891866666665,0.23974814198630298
NC1=NCCS1,-18.56600148722,-10.0532,-6.0029,4.0503,0.735,70.190439,12.0,-0.32350497,0.20844668,0.13009133083333335,0.16662751277195148
NNC(=O)c1ccccc1,-28.928212077143,-10.633,-7.2063,3.4266999999999994,2.958,99.212669,18.0,-0.43437439,0.25687435,0.10756041388888889,0.15564910548456856
NNc1ncccn1,-23.26767129654,-9.8611,-7.2707,2.5904000000000007,0.953,76.923316,14.0,-0.28301162,0.22432583,0.14540681785714285,0.17034733317960593
NS(=O)(=O)N1CCCC1,-30.892731748678,-10.4439,-3.7845,6.6594,3.736,95.198575,19.0,-0.61604793,1.26515541,0.21880157210526316,0.37908461300095775
NS(=O)(=O)c1ccccc1,-30.677409394057,-11.3828,-7.2363,4.1465,4.45,106.844366,17.0,-0.57414354,1.11182698,0.2120368276470588,0.3606911371878825
NS(=O)(=O)c1cccs1,-28.607407848881,-11.4589,-7.6563,3.8026,5.816,104.313066,14.0,-0.55817489,1.11253387,0.24895801428571435,0.39185426287078723
NS(N)(=O)=O,-19.235167333315,-11.6923,-4.0609,7.631399999999999,4.33,53.741079,9.0,-0.59108338,1.28181809,0.4668348544444444,0.5703121975164146
Nc1ncccn1,-19.870712749575,-9.9182,-7.2609,2.6573,1.368,67.745682,12.0,-0.28242145,0.2451249,0.1509245916666667,0.1810351795914481
O/N=C/c1ccccc1,-25.463557874133,-10.6929,-7.4347,3.2581999999999995,0.963,90.423783,16.0,-0.35186317,0.30951729,0.076044124375,0.12498871308008373
O/N=C/c1ccccn1,-25.732399046691,-10.3285,-7.8386,2.4899000000000004,2.584,85.869664,15.0,-0.34340503,0.31246986,0.10122817333333335,0.14337939461339008
O=C(C(=O)c1ccco1)c1ccco1,-40.673063587791,-10.6572,-8.9235,1.733699999999999,0.967,121.576399,20.0,-0.35951554,0.20280586,0.1178591315,0.1479245119762823
O=C(CC(=O)Nc1nccs1)Nc1nccs1,-49.683783888973,-10.7935,-7.7233,3.0702,0.994,172.564316,25.0,-0.39431525,0.28151954,0.14723764399999997,0.18604685188462655
O=C(CC(=O)c1ccccn1)c1ccccn1,-46.857334803148,-10.4073,-8.2139,2.1933999999999987,4.827,159.358001,27.0,-0.36241703,0.24113027,0.1027775837037037,0.14307090518021706
O=C(NO)c1ccccc1,-29.547542630036,-10.8848,-7.4625,3.4223,3.801,94.885951,17.0,-0.433483,0.33924268,0.11823903588235295,0.17995861011559924
O=C(O)C(=O)c1ccccc1,-32.350655195865,-11.0614,-8.4818,2.579600000000001,3.552,99.245423,17.0,-0.38975836,0.34526435,0.13659473352941176,0.19963563121235725
O=C(O)C(O)CO,-25.732314941916,-11.386,-6.988,4.397999999999999,2.231,55.838719,13.0,-0.44440433,0.34171245,0.25094522769230776,0.29319897167866427
O=C(O)C1CCCCC1,-29.263782904239,-11.136,-6.5826,4.553399999999999,2.177,87.823803,21.0,-0.42306523,0.35058594,0.10454962095238095,0.16651802150656914
O=C(O)C1CCCCO1,-30.149120918351,-10.8625,-6.8148,4.047700000000001,3.325,81.242645,19.0,-0.38363396,0.34527758,0.13144341368421053,0.18764757607219454
O=C(O)C1CCCO1,-26.988065903279,-10.895,-6.8668,4.0282,3.53,69.432098,16.0,-0.38499065,0.34347512,0.149958993125,0.20422849653137162
O=C(O)C1CCCn2cnnc21,-36.503861610481,-10.1537,-6.9926,3.1611000000000002,6.6,104.792606,21.0,-0.40298358,0.35911795,0.12931050047619047,0.180083521774579
O=C(O)C1Cc2ccccc2O1,-35.550137856253,-10.4384,-7.0612,3.3771999999999993,3.178,108.600492,20.0,-0.38134524,0.34572753,0.12787387249999999,0.18179880971193646
O=C(O)CC1CCCO1,-30.160619369987,-10.6821,-6.7464,3.9356999999999998,1.455,80.894534,19.0,-0.41511788,0.35309156,0.1422017989473684,0.19632647200545766
O=C(O)CCN1CCCC1=O,-35.76021919317,-10.6279,-6.8279,3.8000000000000007,5.633,98.550461,22.0,-0.42459978,0.35392643,0.14297411318181819,0.19939775205731206
O=C(O)CCOc1ccccc1,-36.561887441994,-10.3131,-6.76,3.5531000000000006,1.931,113.796664,22.0,-0.40883546,0.35895045,0.12502683363636363,0.17877702244047136
O=C(O)CCc1ccccc1,-32.498917404203,-10.7908,-6.6471,4.143700000000001,2.032,108.901733,21.0,-0.41970982,0.35574775,0.10455537666666667,0.1675828862036114
O=C(O)CNC(=O)c1ccccc1O,-43.055529300093,-10.5784,-7.1946,3.3838,6.753,124.312005,23.0,-0.4401536,0.34817492,0.1748897186956522,0.22847081919815004
O=C(O)COCc1ccccc1,-36.542607145672,-10.7473,-6.9263,3.820999999999999,3.045,114.143561,22.0,-0.38163454,0.34916225,0.11085306409090911,0.1725105780401533
O=C(O)COc1ccccc1,-33.392203412925,-10.4846,-7.2459,3.2387000000000006,0.596,102.273257,19.0,-0.40301723,0.34596058,0.12987039421052632,0.18438426017389498
O=C(O)COc1ccccc1O,-37.465901518336,-10.1947,-7.2247,2.969999999999999,3.837,106.760217,20.0,-0.39016071,0.3469632,0.16335913950000003,0.2148908397125761
O=C(O)Cc1ccccc1O,-33.407839984902,-10.4508,-6.5038,3.946999999999999,1.712,101.782233,19.0,-0.41234333,0.36182129,0.1529170505263158,0.2130156560044405
O=C(O)Cc1ccco1,-28.097509858522,-10.4862,-6.8461,3.6401000000000003,1.638,79.439546,15.0,-0.4030584,0.35531227,0.15840835266666667,0.20651439200280905
O=C(O)Cc1ncccn1,-29.876316347331,-10.3061,-7.6953,2.610800000000001,3.323,88.22306,16.0,-0.40602814,0.36440786,0.175391781875,0.21744681706075794
O=C(O)Cc1nnn[nH]1,-28.247639118948,-10.8679,-7.7168,3.1511000000000005,6.385,70.532044,13.0,-0.41813359,0.356629,0.19522757076923075,0.232841033292473
O=C(O)Cn1c(=O)oc2ccccc21,-42.077558838609,-10.9393,-7.3244,3.6148999999999996,5.074,119.687767,21.0,-0.41805951,0.38456146,0.16034530809523811,0.21637071984819525
O=C(O)Cn1cccc1,-27.468107005583,-9.9373,-7.1233,2.814,3.347,84.301695,16.0,-0.39006544,0.35158368,0.12241430812500001,0.18841137528687718
O=C(O)Cn1cccn1,-27.73168297958,-10.8286,-7.199,3.6296,2.825,79.718225,15.0,-0.39196019,0.35350512,0.14860040466666666,0.2050166553555277
O=C(O)Cn1ccnc1,-27.748453703594,-10.3649,-7.5619,2.803000000000001,3.295,79.637286,15.0,-0.39172685,0.35312292,0.14341935800000002,0.2034820604245784
O=C(O)Cn1ccnn1,-27.984326395666,-10.6714,-7.542,3.1294000000000004,4.992,75.313908,14.0,-0.38933864,0.35617065,0.15749948928571425,0.2089341231848322
O=C(O)Cn1cnnn1,-28.239813930439,-11.0543,-7.8796,3.1746999999999996,5.395,70.885093,13.0,-0.38268069,0.35430529,0.17618275769230768,0.2182495997245807
O=C(O)[C@H]1CCCC[C@@H]1C(=O)O,-39.560587641606,-11.4036,-6.9239,4.479700000000001,3.224,105.668945,24.0,-0.41427068,0.35124877,0.15570561875000002,0.21736158824002288
O=C(O)[C@H]1CCCN1c1ncccn1,-41.814715525657,-9.6141,-7.0157,2.5984000000000007,1.67,127.384031,25.0,-0.40217662,0.35186124,0.1302694496,0.1818678846001544
O=C(O)c1c[nH]nn1,-24.815842250969,-11.1272,-7.8156,3.3116000000000003,6.335,63.617241,11.0,-0.39299261,0.34810762,0.1842465327272727,0.23618442507419787
O=C(O)c1cc(C(F)(F)F)ccn1,-42.276914093971,-11.2801,-8.8978,2.382299999999999,0.156,96.593771,17.0,-0.37511007,0.47891427,0.1837972158823529,0.23392511871588564
O=C(O)c1cc2cccc(O)c2[nH]1,-37.979560513925,-10.1644,-7.7511,2.4133000000000004,0.514,116.753627,20.0,-0.44224861,0.3467853,0.1509973835,0.21104352513727823
O=C(O)c1cc2ccccc2s1,-33.706059821309,-10.5918,-8.1181,2.473699999999999,3.49,122.969896,18.0,-0.42118561,0.34912095,0.10864253444444444,0.18016345381730883
O=C(O)c1cc[nH]n1,-24.564653348689,-11.2525,-7.5454,3.7070999999999996,4.53,67.964418,12.0,-0.40777714,0.34675884,0.17199376416666667,0.22826709996764244
O=C(O)c1ccc(C(=O)O)s1,-34.3972400297,-11.6819,-8.801,2.8809000000000005,1.44,101.270216,15.0,-0.41373034,0.35020862,0.22284371066666667,0.2759574546724393
O=C(O)c1ccc2ccccc2n1,-36.025487376085,-10.272,-8.3308,1.9412000000000003,4.141,121.191637,20.0,-0.38898648,0.34553288,0.1154135245,0.17492452352160645
O=C(O)c1cccc2c1OCC2,-35.557336141604,-10.5442,-7.4227,3.1215,3.422,108.529107,20.0,-0.41073965,0.35252387,0.12712291349999996,0.18360765773773477
O=C(O)c1cccc2cc[nH]c12,-33.914259551454,-10.174,-7.5391,2.634899999999999,0.142,112.273811,19.0,-0.44985441,0.34866648,0.11894429210526314,0.18382286567288034
O=C(O)c1cccc2ccc(=O)[nH]c12,-40.129230019656,-10.7289,-8.2329,2.4959999999999987,6.112,125.576939,21.0,-0.43074194,0.35016807,0.14968000523809522,0.2100018637869268
O=C(O)c1cccc2ccnn12,-34.153365568752,-10.6241,-8.0627,2.561400000000001,4.099,108.102289,18.0,-0.38986766,0.34968329,0.12851210444444444,0.18562091912650241
O=C(O)c1cccc2cn[nH]c12,-34.167094166507,-10.7195,-8.0106,2.7089,2.89,107.817508,18.0,-0.44111416,0.34924426,0.12656166000000002,0.19098028966333125
O=C(O)c1cccc2ncsc12,-33.98812257548,-11.0071,-8.092,2.915099999999999,2.014,118.312494,17.0,-0.41501111,0.35129822,0.1339607482352941,0.19414137457217456
O=C(O)c1cccc[n+]1[O-],-30.453937584289,-10.9338,-8.0438,2.8900000000000006,4.428,86.08745,15.0,-0.45452928,0.36938035,0.17315168866666666,0.23854074260621053
O=C(O)c1ccccc1,-26.170905034474,-11.3745,-7.6074,3.7670999999999992,2.269,85.668212,15.0,-0.42277485,0.34973407,0.12371752999999998,0.19515420853118629
O=C(O)c1ccccc1-c1ncc[nH]1,-39.47794400746,-10.0987,-7.7011,2.397599999999999,3.041,130.310525,22.0,-0.43593512,0.35627294,0.12012189818181816,0.1816911719064554
O=C(O)c1ccccc1-c1nnn[nH]1,-39.967796318231,-10.5964,-8.3565,2.2398999999999987,7.28,121.501495,20.0,-0.43235192,0.35630777,0.1304304715,0.1873251038138037
O=C(O)c1ccccc1-n1ccnn1,-39.707642050068,-10.5702,-7.978,2.5922,5.485,126.173419,21.0,-0.4125192,0.35946931,0.1144073661904762,0.17314666083828795
O=C(O)c1ccccc1-n1nccn1,-39.716303925552,-11.0951,-7.8081,3.287000000000001,2.047,126.256583,21.0,-0.40228278,0.36647317,0.12569333904761906,0.18219278251809456
O=C(O)c1ccccc1-n1ncnn1,-39.971927511002,-11.2623,-8.4018,2.8605,3.033,121.80127,20.0,-0.39789275,0.36630765,0.137453188,0.18838781968242027
O=C(O)c1ccccn1,-26.432336874452,-10.4706,-8.0643,2.4063,4.222,81.252471,14.0,-0.38560719,0.34601934,0.1471290557142857,0.20543012739539382
O=C(O)c1ccco1,-24.93221178092,-11.4489,-7.8528,3.5961,3.012,67.997576,12.0,-0.40834921,0.34503994,0.17510810416666664,0.22584964419041034
O=C(O)c1cccs1,-24.10837245455,-11.2727,-7.981,3.2917000000000005,2.989,83.071564,12.0,-0.42673998,0.3475032,0.15458590333333336,0.22142879133451224
O=C(O)c1ccno1,-25.161713475182,-11.9772,-8.7504,3.226799999999999,4.205,63.767813,11.0,-0.38385917,0.34852018,0.18089905181818178,0.22934970456263243
O=C(O)c1cnco1,-25.208794769146,-11.7379,-8.3851,3.3528000000000002,0.967,63.488481,11.0,-0.39649953,0.34776094,0.21220341727272726,0.24837134778635844
O=C(O)c1cocn1,-25.207121316079,-11.599,-8.0029,3.5961,3.682,63.485334,11.0,-0.3892423,0.34902577,0.21039941999999998,0.24652023739380383
O=C(O)c1n[nH]c2ccccc12,-34.160330581364,-10.781,-7.9188,2.8622000000000005,3.656,107.86888,18.0,-0.42949241,0.34637003,0.12416515333333332,0.18727909478336516
O=C(O)c1nc(=O)[nH]c2ccccc12,-40.39118322435,-10.8359,-8.7141,2.1218000000000004,6.791,121.370305,20.0,-0.42346847,0.36148642,0.16561558299999998,0.21969519230204812
O=C(O)c1nccc2ccccc12,-36.024061627288,-10.3358,-8.412,1.9238,2.922,121.191889,20.0,-0.41818657,0.34724679,0.11256693549999999,0.1734350490690794
O=C(O)c1ncco1,-25.204292604177,-11.6904,-8.553,3.1373999999999995,2.147,63.542744,11.0,-0.39045,0.34826037,0.2053320772727273,0.24231040228757167
O=C(c1ccccc1)c1ncco1,-35.994983173886,-11.0057,-8.5289,2.476799999999999,5.22,121.325738,20.0,-0.3398679,0.21493674,0.08606181800000001,0.12416435354373986
O=C(c1ccccc1O)N1CCCC1,-41.263586434557,-10.4115,-6.9311,3.4804000000000004,4.998,136.225245,27.0,-0.4684255,0.33319083,0.09706137666666666,0.153744301353404
O=C(c1ccccn1)C(O)c1ccccn1,-44.722063838988,-10.3548,-8.3825,1.9722999999999988,4.511,150.836611,26.0,-0.43852746,0.32884436,0.10628061461538461,0.15552785073641381
O=C(c1cccs1)c1cccs1,-32.834767424745,-10.9798,-8.1289,2.8508999999999993,2.964,138.229108,18.0,-0.3754892,0.2253043,0.06281678166666667,0.10926869344536931
O=C(c1ncc[nH]1)c1ccco1,-34.140834779112,-10.4681,-8.2665,2.201599999999999,7.331,107.944801,18.0,-0.3506912,0.20897671,0.10683148055555554,0.1387136098822972
O=C1C=C(c2ccccc2)C(=O)O1,-36.6433300365,-11.6743,-9.6485,2.0258000000000003,5.777,116.925972,19.0,-0.33524809,0.35846925,0.11360778263157895,0.17050277378141596
O=C1C=CC(=O)C=C1,-22.940539850875,-11.3466,-9.9213,1.4253,0.0,71.829241,12.0,-0.32790265,0.23695759,0.13361282166666666,0.17308825209162162
O=C1C=CC(=O)N1,-21.131077174115,-11.8243,-9.3971,2.427199999999999,1.153,58.624022,10.0,-0.35975468,0.29170826,0.19506176900000002,0.22795718977702564
O=C1C=CC(=O)N1Cc1ccccc1,-39.182594104607,-11.111,-9.1816,1.9294000000000011,0.59,132.862124,23.0,-0.36706994,0.28214413,0.09367598173913043,0.14413150579004466
O=C1C=CC(=O)c2ccccc21,-32.552234052296,-11.0081,-9.3954,1.6127000000000002,1.758,111.707178,18.0,-0.35033978,0.22938035,0.09509865499999999,0.1456307636176533
O=C1C=CCCC1,-20.965176710991,-10.5422,-7.6653,2.876899999999999,4.343,70.582965,15.0,-0.37793163,0.23304861,0.08638297133333331,0.1255872606179358
O=C1CC(=O)NC(=O)N1,-28.695523292998,-11.9533,-8.2482,3.7051,0.086,70.110231,13.0,-0.41413472,0.33706919,0.25007315307692307,0.2704311298269311
O=C1CCC(=O)N1,-22.196822955213,-11.4805,-7.5492,3.9312999999999994,2.178,58.896952,12.0,-0.39217792,0.28666629,0.18809343916666665,0.22137704174021494
O=C1CCCC(=O)N1,-25.361746357885,-11.5036,-7.6515,3.8521,3.494,70.499034,15.0,-0.39599186,0.28256545,0.15839069333333333,0.19872648639107449
O=C1CCCCC1=O,-25.027433374999,-10.7483,-8.7778,1.9705000000000013,5.687,73.081101,16.0,-0.31019258,0.21818372,0.11362506124999999,0.14520878334854598
O=C1CCCCC1O,-26.072371404656,-10.6773,-7.3898,3.2875000000000005,1.937,75.977758,18.0,-0.43025584,0.29252505,0.116748945,0.1670708859946005
O=C1CCCCC1[N+](=O)[O-],-32.461627910485,-11.536,-8.8826,2.6533999999999995,7.162,85.425049,19.0,-0.36360294,0.53259796,0.1429611552631579,0.2021404380475432
O=C1CCCCCCCCC1,-34.646692471532,-10.5445,-6.9026,3.6418999999999997,3.726,117.986859,29.0,-0.37229175,0.23018787,0.06350942931034484,0.09379186599308938
O=C1CCCCCCCCCCCN1,-44.410165309202,-10.1708,-6.2828,3.888,4.639,150.521671,37.0,-0.39758836,0.27656644,0.06817748297297296,0.10249003264511389
O=C1CCCCCN1,-25.468471354429,-10.4336,-5.5841,4.8495,4.694,80.574312,19.0,-0.45318975,0.27138484,0.09364798473684212,0.14126013485644828
O=C1CCCCN1,-22.301778237911,-10.5035,-5.6789,4.824600000000001,4.575,68.940805,16.0,-0.44381318,0.27355607,0.10354201125,0.15160437595445256
O=C1CCCc2ccccc21,-30.574085695083,-10.5018,-7.6014,2.9003999999999994,3.827,110.588332,21.0,-0.38129501,0.22830359,0.0674915761904762,0.10636047850471254
O=C1CCCc2cccnc21,-30.836404656947,-10.2047,-7.9843,2.2204000000000006,5.864,106.133447,20.0,-0.34256969,0.22503383,0.07980931500000002,0.11251524848804191
O=C1CCN(c2ccccc2)N1,-34.261737958265,-9.7685,-6.3306,3.4379,3.715,117.671408,22.0,-0.42836727,0.27037296,0.08264177181818183,0.12607186627859981
O=C1CCNC(=O)C1,-25.332919518976,-11.0608,-7.5218,3.5390000000000006,4.157,70.398825,15.0,-0.43629745,0.27218607,0.15761441666666667,0.1967285033665718
O=C1CCNC(=O)N1,-25.644830317575,-11.3972,-7.2437,4.1535,4.42,68.24838,14.0,-0.45338292,0.33038774,0.18766029571428572,0.22954983156429648
O=C1CCOc2ccccc21,-31.473845842836,-10.7857,-7.8064,2.9793000000000003,2.499,103.814973,19.0,-0.37704553,0.22972013,0.09559008526315789,0.13358148385076843
O=C1CC[C@H](CO)N1,-26.364483049222,-10.7538,-5.8052,4.9486,4.296,73.523388,17.0,-0.43526098,0.28878589,0.14290672352941175,0.1940208716612964
O=C1CCc2ccccc2N1,-30.873405329544,-10.4754,-6.685,3.790400000000001,3.577,108.165841,20.0,-0.43361122,0.27455606,0.08921179099999998,0.13420305666262003
O=C1CCc2ccccc2O1,-31.491843628154,-11.0874,-7.1712,3.916200000000001,4.887,103.752659,19.0,-0.37224347,0.34921252,0.09684053473684211,0.14189449839445203
O=C1CNC(=O)N1,-22.478198400805,-11.5909,-7.2867,4.3042,2.828,56.735221,11.0,-0.43981885,0.33171928,0.22051401727272726,0.2529387344905284
O=C1COC(=O)C1,-22.792942891306,-11.7391,-8.1372,3.6019000000000005,1.986,54.631559,11.0,-0.36168999,0.35059035,0.19553760181818183,0.22457206310892544
O=C1Cc2ccccc2C1=O,-30.423348235801,-10.6273,-9.004,1.6233000000000004,6.166,100.828269,17.0,-0.31111439,0.21447763,0.09638269764705884,0.13611417734478848
O=C1Cc2ccccc2N1,-27.706128135209,-10.5092,-6.615,3.8941999999999997,3.417,96.521724,17.0,-0.4141099,0.27505262,0.0979067,0.14194562752686393
O=C1Cc2cccnc2N1,-27.980252918392,-10.5912,-7.2321,3.3591000000000006,3.575,92.017106,16.0,-0.40117702,0.27761997,0.123149485625,0.16234454403253126
O=C1NC(=O)/C(=C/c2ccccc2)N1,-39.489556115063,-10.9321,-8.1254,2.8066999999999993,3.447,130.345394,22.0,-0.42445663,0.33228315,0.12125603454545454,0.17509741768004683
O=C1NC(=O)C(Cc2ccccc2)N1,-40.523233584332,-10.9834,-7.259,3.7243999999999993,2.925,130.95511,24.0,-0.44221071,0.33331157,0.11914140916666667,0.1733251068398297
O=C1NC(=O)c2ccccc21,-30.74415646298,-11.4656,-8.719,2.746600000000001,2.785,98.469654,16.0,-0.37711314,0.28590777,0.127729511875,0.18276049891881022
O=C1NCC(C(=O)O)N1,-29.701427595634,-10.7881,-7.4191,3.3689999999999998,5.867,73.040925,15.0,-0.45602144,0.34761588,0.21966728600000002,0.26162945143292976
O=C1NCCCN1,-22.587311851276,-10.375,-4.5028,5.8722,5.165,66.588973,15.0,-0.50362955,0.32489494,0.13132658066666666,0.18747786549018247
O=C1NCCN1c1ccccc1,-34.30897675749,-10.0484,-6.112,3.936400000000001,4.672,117.748845,22.0,-0.45089393,0.32062668,0.08885306409090908,0.1397929117018006
O=C1NCCNC1=O,-25.607191244932,-10.654,-7.5842,3.0698,8.052,68.438034,14.0,-0.37814013,0.24720366,0.16066588571428572,0.20057862522490602
O=C1NCc2ccccc21,-27.695107608598,-10.5312,-7.1107,3.4205000000000005,4.686,96.590917,17.0,-0.43465168,0.27218468,0.08883986176470587,0.14313714672920388
O=C1Nc2c(C(=O)O)cccc2C1=O,-41.013895612234,-10.9193,-9.1552,1.7640999999999991,7.051,116.705929,19.0,-0.42682862,0.35223344,0.17658797105263158,0.22481002541004036
O=C1OC(=O)c2ccccc21,-31.361206212714,-12.1045,-9.3007,2.803799999999999,5.782,94.287927,15.0,-0.33208241,0.35701366,0.13176843466666666,0.19149325838629722
O=C1OCCC1O,-23.824250766539,-11.4716,-7.096,4.3756,3.729,57.696477,13.0,-0.42669762,0.33625107,0.17238811692307693,0.22000188776437246
O=C1OCc2ccccc21,-28.321624411749,-11.1847,-7.6908,3.493899999999999,5.591,92.295486,16.0,-0.3843883,0.35057429,0.09735563687500001,0.15277290675563077
O=CC1CCCCC1,-25.170693792871,-10.8836,-7.4092,3.4743999999999993,3.451,83.294416,20.0,-0.33279891,0.20468124,0.063646495,0.09608441878706687
O=CCCc1ccccc1,-28.396809613644,-10.776,-7.431,3.3449999999999998,2.945,104.367884,20.0,-0.32913266,0.20629026,0.0632611455,0.09638271757549279
O=CN1CCCC1,-22.300451509317,-10.5282,-5.7847,4.7435,5.028,69.281325,16.0,-0.4198105,0.23416486,0.079546569375,0.12919106465607763
O=CNc1ccccc1,-25.531907870119,-10.6255,-6.8344,3.791100000000001,3.958,90.422452,16.0,-0.38663336,0.24935138,0.09037485875,0.13441330444113403
O=CNc1ccccn1,-25.809127964747,-10.5267,-7.2794,3.2473,2.46,85.864864,15.0,-0.38222567,0.25101767,0.11901454533333333,0.15989871183083273
O=Cc1c[nH]cn1,-20.490388102273,-10.7704,-7.7501,3.0203000000000007,5.812,63.176584,11.0,-0.35135377,0.19976932,0.12288803999999999,0.15936201942149236
O=Cc1ccccc1O,-26.15261111387,-10.9327,-8.2021,2.730600000000001,3.271,85.717369,15.0,-0.3893866,0.3444015,0.1256195973333333,0.1817141881034478
O=Cc1ccccn1,-22.337082428154,-10.6518,-8.4773,2.1745,3.921,76.601265,13.0,-0.32774986,0.1988078,0.0926606176923077,0.1300876639317125
O=S(=O)(O)c1ccccc1,-31.330563898004,-11.5766,-7.3193,4.257299999999999,4.914,102.640297,16.0,-0.61160943,1.2763264,0.24102307375,0.4166450413981859
O=S1(=O)CCCC1,-24.010014457661,-11.277,-4.0131,7.2639,5.492,75.9844,15.0,-0.54811828,0.98478309,0.203385514,0.33255573225643487
O=S1(=O)CCCN1,-24.282288611848,-10.8964,-4.2635,6.6329,5.506,73.966769,14.0,-0.56977266,1.12820563,0.24527041857142856,0.3898284014151635
O=[N+]([O-])CCc1ccccc1,-32.663461325823,-11.2541,-8.8109,2.443199999999999,4.584,105.020988,20.0,-0.37021135,0.52612222,0.101553538,0.17207731454022904
O=[N+]([O-])c1cccc2cc[nH]c12,-34.079444608493,-10.7711,-8.7957,1.9754000000000005,4.965,108.351162,18.0,-0.41221436,0.51385006,0.11611667777777779,0.1905116270729161
O=[N+]([O-])c1cccnc1O,-30.684352743354,-11.2422,-9.5489,1.6933000000000007,3.91,82.043315,14.0,-0.40108308,0.52110532,0.20177311,0.2600190092017848
O=[N+]([O-])c1cccs1,-24.270411825605,-11.8826,-9.1543,2.728300000000001,5.924,79.287277,11.0,-0.38358709,0.52117045,0.15554537727272727,0.23226179612615439
O=c1[nH][nH]c(=O)n1-c1ccccc1,-37.619899934951,-10.933,-6.786,4.147,1.947,117.061195,20.0,-0.42675329,0.31906322,0.1386700515,0.1901672046312104
O=c1[nH]c(=O)[nH]c(=O)[nH]1,-29.002872717854,-12.2351,-7.5981,4.637,0.0,68.077276,12.0,-0.41498737,0.33794354,0.29142517500000004,0.30601367606702823
O=c1[nH]c(=O)c2ccccc2[nH]1,-34.219321735424,-11.1987,-7.7998,3.3989000000000003,4.824,107.624081,18.0,-0.45224124,0.33072131,0.147944695,0.20087741038553825
O=c1[nH]c(=O)c2nc[nH]c2[nH]1,-32.624135227202,-11.0892,-7.2277,3.8615000000000004,7.903,89.73234,15.0,-0.4388913,0.32734777,0.1985146506666667,0.22974788687689252
O=c1[nH]c(=O)n(-c2ccccc2)[nH]1,-37.624903445801,-10.6824,-7.1443,3.538099999999999,3.276,117.160573,20.0,-0.42983797,0.32848342,0.1380620445,0.1928510434204894
O=c1[nH]c2ccccc2[nH]1,-28.000788104254,-10.3438,-6.5141,3.8297,3.457,94.276311,16.0,-0.45016853,0.32023745,0.120674560625,0.16807232272745787
O=c1[nH]c2ccccc2c(=O)o1,-34.833268427551,-11.5875,-8.28,3.307500000000001,7.37,103.460789,17.0,-0.40586398,0.40044729,0.1521000205882353,0.20685599820138936
O=c1[nH]c2ccccc2s1,-27.797725161128,-10.7054,-7.0359,3.6694999999999993,5.045,104.973758,15.0,-0.4097316,0.29712648,0.10417613266666666,0.15112519900307858
O=c1ccc(-c2ccccc2)n[nH]1,-35.364056990218,-10.5836,-7.9648,2.6188000000000002,4.482,125.734213,21.0,-0.44526225,0.2607585,0.08285285523809523,0.13132508157977935
O=c1ccc2ccccc2o1,-30.451851798426,-11.1992,-8.0999,3.0992999999999995,5.815,103.173105,17.0,-0.38839646,0.34452206,0.09830905941176471,0.149039610086876
O=c1ccccn1-c1ccccc1,-35.111156398562,-10.3527,-7.3545,2.9982000000000006,4.186,130.288456,22.0,-0.43858213,0.25992771,0.07094329909090909,0.11706154410790415
O=c1ccccn1Cc1ccccn1,-38.552542993329,-10.3213,-7.1813,3.1400000000000006,3.179,137.299648,24.0,-0.45748381,0.25710314,0.08127663583333333,0.12729103740319772
O=c1ccoc2ccccc12,-30.44185170704,-10.5758,-7.7906,2.785199999999999,3.679,103.099358,17.0,-0.39997814,0.2265776,0.09882018117647058,0.1371083619751705
OC1C=CCCC1,-21.988513458875,-10.482,-5.5479,4.934099999999999,2.17,73.799052,17.0,-0.44849219,0.28201692,0.08367060588235295,0.13749418117567969
OC1CCCCC1,-23.048167737216,-10.8499,0.8581,11.708,2.107,74.481302,19.0,-0.45162924,0.28342058,0.07982253684210525,0.1314005655340506
OC1CCCc2ccccc21,-31.592810721855,-10.4568,-5.9078,4.5489999999999995,2.335,113.792136,23.0,-0.44706572,0.28335424,0.06683652869565218,0.11854427299082172
OC1CCCc2cccnc21,-31.869079048876,-10.4062,-7.0462,3.3600000000000003,3.821,109.109219,22.0,-0.45647137,0.31276442,0.08652532772727271,0.13784629407621404
OC1CCc2cccnc21,-28.695115846802,-9.9634,-6.8151,3.1483,3.521,97.51921,19.0,-0.43064105,0.28924597,0.08957862421052631,0.1384038121314765
OC1Cc2ccccc2C1O,-32.490589599145,-10.757,-6.4211,4.3359,3.159,106.483615,21.0,-0.44074819,0.29087156,0.10687672285714286,0.16884807346683603
OCC(CO)CO,-25.824761858196,-10.7982,0.5042,11.302399999999999,1.323,65.889268,17.0,-0.45244561,0.29022692,0.15812154352941177,0.22528847914999686
OCC(F)(F)F,-24.069454130326,-12.5756,-1.5524,11.0232,1.806,36.76926,9.0,-0.41376708,0.47302666,0.22362285666666665,0.2638551449376065
OCC(O)c1ccccc1,-30.32997866022,-10.9216,-6.5114,4.4102,3.437,100.298035,20.0,-0.4561895,0.30809105,0.10737772849999998,0.17554373710154872
OCC1CCCCO1,-27.1033378979,-10.9009,-0.2664,10.6345,3.105,79.504525,20.0,-0.44458735,0.3044628,0.09644133749999997,0.15037468157070497
OCC1CCCO1,-23.929554662877,-10.686,-0.5341,10.1519,1.759,67.770046,17.0,-0.4478817,0.29203686,0.10684572058823529,0.16198287166418535
OCCCCCCO,-28.102545783967,-11.0485,0.6639,11.7124,2.57,84.418381,22.0,-0.44615006,0.28406874,0.10384375363636363,0.165922677303468
OCCCOc1ccccc1,-33.498649775325,-10.1888,-6.0416,4.147200000000001,2.71,112.211648,23.0,-0.44290546,0.28478371,0.08835991826086956,0.13567452645183614
OCCCc1ccccc1,-29.435274044221,-10.6364,-6.044,4.5924000000000005,1.757,107.392855,22.0,-0.44331168,0.28593503,0.06704759454545453,0.11886626566538884
OCCOCCO,-25.828901176632,-10.9536,-0.4367,10.5169,2.536,66.111212,17.0,-0.44685234,0.3038158,0.14186813764705883,0.20381700345575723
OCCOCCOCCO,-36.206667386429,-10.9421,-0.6729,10.2692,3.928,94.430315,24.0,-0.44691973,0.29339331,0.12685610125,0.1853765274218213
OCCOc1ccccc1O,-34.407887319515,-10.2627,-6.158,4.1047,2.055,104.988393,21.0,-0.44027265,0.31308619,0.12804245095238095,0.181583149398321
OCCSc1ccccc1,-29.501366882842,-9.6164,-6.5768,3.0396,2.683,115.49132,20.0,-0.43699011,0.28951986,0.07821376649999999,0.1301549539452735
OCCSc1ccccn1,-29.785690353083,-10.1803,-7.1729,3.0074000000000005,3.136,110.852175,19.0,-0.44171087,0.29217082,0.09990422789473684,0.1477303394367059
OCCc1ccccc1,-26.268645379958,-10.6147,-5.9916,4.623099999999999,2.03,95.722142,19.0,-0.44416344,0.28534058,0.07212545263157893,0.12727344429675394
OCc1cccc(CO)n1,-30.605726865149,-10.9862,-7.4479,3.5383000000000004,4.954,95.658487,19.0,-0.44881184,0.30970325,0.13287740315789476,0.19276046658798465
OCc1ccccc1CO,-30.332622102146,-10.7627,-6.5073,4.255400000000001,3.37,100.367313,20.0,-0.46514327,0.31412413,0.105877044,0.1769437527814102
OCc1ccccn1,-23.372875462891,-10.0822,-6.8901,3.1921,0.948,79.486271,15.0,-0.44360725,0.28989478,0.10270353666666666,0.1571643440669126
OCc1ccon1,-22.10696249375,-11.3952,-7.345,4.050200000000001,2.981,61.822212,12.0,-0.43688566,0.3042452,0.12768810916666665,0.17194613935689965
ONCc1ccccc1,-26.487561551046,-10.3464,-6.1086,4.237799999999999,0.706,93.143026,18.0,-0.39822087,0.29924367,0.07921677388888888,0.13127822319909258
O[C@@H]1CCCC[C@H]1O,-27.102001557639,-10.8267,0.1955,11.022200000000002,2.725,78.965865,20.0,-0.45666035,0.3009678,0.11760791899999998,0.17918013334418123
O[C@H]1CCC[C@@H]1O,-23.935947842246,-10.9921,0.3843,11.3764,2.72,67.325377,17.0,-0.45505681,0.29934089,0.1309204623529412,0.1927378481877402
Oc1ccc(C(F)(F)F)cc1,-35.804381726126,-11.3993,-7.1105,4.2888,4.603,87.428557,16.0,-0.37722636,0.47794466,0.148941706875,0.2008971222277115
Oc1ccc2cccc(O)c2n1,-33.898262231047,-10.1766,-7.6913,2.4853000000000005,4.366,112.323748,19.0,-0.38947778,0.32845891,0.13406860842105264,0.18735941894602368
Oc1ccc2ccccc2c1O,-33.608170562665,-9.9455,-7.1719,2.773599999999999,0.559,116.679029,20.0,-0.41379749,0.30630839,0.1057538025,0.1681236240397914
Oc1ccc2ccccc2n1,-29.826387655328,-10.388,-7.675,2.713,1.527,107.751331,18.0,-0.38882654,0.33285599,0.10110174388888887,0.15565486857410513
Oc1cccc2[nH]cnc12,-27.972421174067,-10.0727,-6.59,3.4826999999999995,4.231,94.123087,16.0,-0.38909241,0.321035,0.118847279375,0.16185927160444896
Oc1cccc2[nH]nnc12,-28.201036276241,-10.5132,-7.6254,2.8877999999999995,3.483,89.934559,15.0,-0.38119195,0.32165696,0.11313015600000001,0.15554409408943393
Oc1cccc2cccnc12,-29.819753936405,-10.2632,-7.7599,2.5032999999999994,2.619,107.729907,18.0,-0.38975361,0.32547299,0.09263469944444443,0.14280547304601013
Oc1cccc2cncnc12,-30.091756643706,-10.3319,-8.2439,2.087999999999999,1.754,103.19327,17.0,-0.38373365,0.32703543,0.11927686176470587,0.16292837805087135
Oc1ccccc1,-19.953192289566,-10.4221,-6.1732,4.248900000000001,1.526,72.302784,13.0,-0.39479958,0.29816646,0.09531220692307693,0.1477836384995909
Oc1ccccc1-c1cc[nH]n1,-33.245376541928,-10.0266,-6.7695,3.2571000000000003,4.079,117.000062,20.0,-0.40501929,0.32301807,0.09187612299999999,0.14184432350326331
Oc1ccccc1-c1ccccc1O,-38.90956057588,-10.1277,-6.67,3.457700000000001,3.287,139.358279,24.0,-0.41520324,0.3243382,0.09914496125000001,0.1584019524973245
Oc1ccccc1-c1ccccn1,-35.106774671631,-9.8357,-6.9714,2.864299999999999,2.235,130.326051,22.0,-0.3969673,0.30002696,0.08198340227272727,0.12818082327591626
Oc1ccccc1-c1nc2ccccc2o1,-43.485034102911,-10.4005,-7.4631,2.9373999999999993,2.979,152.248187,25.0,-0.37765556,0.30355587,0.09844463679999998,0.13977730253076903
Oc1ccccc1-c1nnco1,-34.144232139294,-10.9384,-7.8596,3.0787999999999993,2.569,107.973442,18.0,-0.39077109,0.31881931,0.1276856822222222,0.1657192615072121
Oc1ccccc1-n1ccnc1,-33.256901149257,-10.078,-6.8975,3.1804999999999994,5.231,117.022224,20.0,-0.38934165,0.30548252,0.08702162000000001,0.13471978418993158
Oc1ccccc1C(=S)S,-28.57222152994,-10.1274,-8.6865,1.4408999999999992,3.861,120.281583,16.0,-0.38429173,0.31423741,0.11910558062500001,0.1619873602168505
Oc1ccccc1N1CCCC1,-35.035803992088,-8.8832,-5.5466,3.3366000000000007,1.482,123.127858,25.0,-0.41538198,0.293827,0.06929180280000001,0.11307782665280253
Oc1ccccc1N1CCCCC1,-38.195354953705,-8.8717,-5.614,3.2577000000000007,1.167,134.873996,28.0,-0.41165271,0.29409245,0.06571329678571428,0.10723310624481522
Oc1ccccc1O,-24.016846465952,-10.4444,-6.1539,4.2905,0.595,76.671802,14.0,-0.41046691,0.30516285,0.14502159785714283,0.20099802240854742
Oc1ccccn1,-20.232465251999,-10.5762,-7.0016,3.5746,1.407,67.795938,12.0,-0.39007593,0.33298377,0.13263544916666667,0.18546778817028522
Oc1cn(-c2ccccc2)nn1,-33.502869295082,-10.6826,-7.4795,3.203100000000001,3.067,112.679076,19.0,-0.39301588,0.32282958,0.10063924473684209,0.14553839458662454
Oc1nc(-c2ccccc2)cs1,-33.061807183439,-10.3297,-7.1033,3.226400000000001,1.201,127.663841,19.0,-0.36674372,0.34640029,0.09568314421052632,0.1524394265211257
Oc1nc2ccccc2nc1O,-34.169375973354,-10.2458,-8.2542,1.9915999999999983,2.799,107.848738,18.0,-0.3975122,0.34111905,0.15723359555555558,0.20482366671837293
Oc1nccc2ccccc12,-29.813931871218,-10.1738,-7.6429,2.5309,4.088,107.803029,18.0,-0.38146825,0.31042629,0.09209225388888889,0.14299707185171703
S=C1NCCCN1,-21.754782005726,-8.9304,-6.0785,2.8519000000000005,6.925,81.432913,15.0,-0.49774255,0.20443554,0.11929692466666666,0.16973113913874924
S=c1[nH]nc(Cc2ccccc2)[nH]1,-35.870898072949,-9.3499,-6.7408,2.6090999999999998,5.55,138.746631,22.0,-0.45780024,0.20165796,0.09703160045454545,0.14033368715009634
Sc1ccc2ccccc2n1,-28.997960184229,-10.3182,-7.8525,2.465699999999999,2.367,122.787166,18.0,-0.26925081,0.18992327,0.074935575,0.10529078574852548
Sc1ccccn1,-19.404158959985,-10.4151,-7.1915,3.223600000000001,2.194,82.830888,12.0,-0.2486141,0.19016824,0.09332659250000001,0.12179865282835783
Sc1nc(-c2ccccc2)cs1,-32.231775708944,-10.3626,-7.4154,2.9472000000000005,2.34,142.670827,19.0,-0.25745875,0.18030652,0.06869940842105264,0.09530924332300164
Sc1ncc[nH]1,-17.549111697926,-10.1506,-5.8787,4.2719000000000005,2.356,69.299896,10.0,-0.28924014,0.1934472,0.127451707,0.15709686666396738
Sc1ncccn1,-19.676931803221,-10.4411,-7.7808,2.6603000000000003,3.197,78.415957,11.0,-0.26051215,0.21728821,0.1317809481818182,0.15503746331690607
[O-][n+]1c(-c2cscn2)[nH]c2ccccc21,-41.007517022913,-9.5464,-7.6397,1.9066999999999998,4.356,149.730515,22.0,-0.4976451,0.22729312,0.09228148909090908,0.14276963128554418
[O-][n+]1cccc2cccc(O)c21,-33.851439885221,-10.3033,-8.1161,2.1872000000000007,4.677,112.421707,19.0,-0.48936097,0.35194954,0.11710067105263158,0.18379549932661304
[O-][n+]1ccccc1O,-24.253938128032,-10.529,-7.4986,3.0304,3.655,72.447279,13.0,-0.50174406,0.34775826,0.15663059,0.2178892749694164
c1c[nH]c(-c2cccs2)c1,-26.847009884822,-9.6739,-6.8764,2.7974999999999994,0.879,114.256342,17.0,-0.08807459,0.16179516,0.04677119529411764,0.058141355308206535
c1c[nH]c(-c2ncc[nH]2)n1,-27.598065849999,-10.1489,-6.7828,3.3660999999999994,7.262,94.421557,16.0,-0.24362122,0.15010092,0.090722301875,0.11745665110810895
c1cc2[nH]cnc2cn1,-24.164881847734,-10.086,-7.1447,2.9413,5.347,85.097752,14.0,-0.26374737,0.16279198,0.09548085714285715,0.11876921081951614
c1cc2[nH]ncc2cn1,-24.139298578207,-10.212,-7.4925,2.7195,2.354,85.319978,14.0,-0.23143135,0.1624653,0.07488909571428572,0.09940152105510444
c1ccc(-c2c[nH]cn2)cc1,-29.18470069978,-10.0338,-6.365,3.668799999999999,3.848,112.391692,19.0,-0.26345746,0.15828369,0.05667782894736841,0.08198677647375109
c1ccc(-c2c[nH]nn2)cc1,-29.418779728444,-10.4977,-6.8348,3.6628999999999996,4.109,108.055431,18.0,-0.1796889,0.16767383,0.05101702388888889,0.07121599529277639
c1ccc(-c2cc[nH]n2)cc1,-29.164844605626,-10.2311,-6.5869,3.6441999999999997,2.312,112.539995,19.0,-0.227649,0.15999667,0.048459552105263155,0.07203250031341689
c1ccc(-c2cnco2)cc1,-29.812535708776,-10.6283,-7.261,3.3672999999999993,2.281,107.911594,18.0,-0.2452666,0.17124846,0.06558835111111111,0.09360690309612106
c1ccc(-c2nc[nH]n2)cc1,-29.448490502374,-10.5324,-6.9268,3.605600000000001,2.402,107.638049,18.0,-0.27648384,0.16553914,0.0731632488888889,0.10646261994600739
c1ccc(-c2ncc[nH]2)cc1,-29.186218864512,-10.1481,-6.8161,3.332,3.44,112.415427,19.0,-0.27071475,0.15653191,0.05635863894736843,0.08468972210580976
c1ccc(-c2nccs2)cc1,-28.986198538055,-10.5513,-7.5493,3.002,0.812,123.020202,18.0,-0.2450031,0.10773601,0.04894581777777777,0.07099881307838915
c1ccc(-c2nnn[nH]2)cc1,-29.677081686599,-10.7192,-7.7334,2.985800000000001,6.151,103.546952,17.0,-0.19566688,0.16747366,0.06134035588235293,0.08260152884371354
c1ccc(-n2ccnc2)cc1,-29.186931839361,-10.2977,-6.9318,3.365900000000001,3.924,112.519825,19.0,-0.25711523,0.0803443,0.04871447736842106,0.07066081161259623
c1ccc(COc2cccc3cc[nH]c23)cc1,-45.724935597654,-9.4942,-6.3871,3.107099999999999,2.458,173.546471,30.0,-0.28608182,0.16041041,0.052180314000000005,0.0756677731472406
c1ccc(CSc2nnn[nH]2)cc1,-36.078315006024,-10.816,-7.487,3.3290000000000006,4.85,135.028802,21.0,-0.21474909,0.17948741,0.06516868714285713,0.08750753645893355
c1ccc(Cc2nnn[nH]2)cc1,-32.840075772273,-10.7327,-7.2616,3.4711,6.213,115.061625,20.0,-0.19981388,0.16995405,0.06428270700000002,0.08254953652971209
c1ccc(Cn2cccc2)cc1,-32.065851779572,-9.7476,-6.3854,3.3622000000000005,2.363,128.983112,23.0,-0.06657575,0.05019671,0.030777594782608702,0.03441278652778618
c1ccc(Cn2ccnc2)cc1,-32.347353299855,-10.0619,-6.5498,3.5120999999999993,4.37,124.244863,22.0,-0.265552,0.07717987,0.04239703772727273,0.06633103723735137
c1ccc(N2CCCCC2)cc1,-34.12666337882,-9.0852,-5.6544,3.4308000000000005,2.48,130.503541,27.0,-0.1159169,0.06068295,0.0385251962962963,0.04417976565497956
c1ccc2[nH]c(-c3cscn3)nc2c1,-36.98897008409,-10.2168,-7.57,2.646799999999999,4.502,144.941129,21.0,-0.26034813,0.15393681,0.07495867619047619,0.0973720868199626
c1ccc2[nH]ccc2c1,-23.614687758257,-9.7841,-6.3008,3.4833000000000007,2.189,94.453863,16.0,-0.10392999,0.15109742,0.044035061875,0.05722931217929284
c1ccc2[nH]cnc2c1,-23.89544444399,-10.2947,-6.6774,3.617300000000001,3.588,89.635843,15.0,-0.26927654,0.15702739,0.07340842533333333,0.09691341323705473
c1ccc2[nH]nnc2c1,-24.123547965974,-10.5323,-7.6729,2.859399999999999,4.264,85.393478,14.0,-0.18342063,0.16422898,0.06379861142857143,0.08026193435213036
c1ccc2c(c1)CCO2,-25.269004283515,-10.1732,-6.1033,4.0699,1.708,90.573473,17.0,-0.28614889,0.14016831,0.06368728470588236,0.08852289278713209
c1ccc2c(c1)OCO2,-26.167670967694,-10.2393,-6.2483,3.9909999999999997,0.056,83.781496,15.0,-0.28383661,0.21317058,0.10231452933333333,0.1325624393110871
c1ccc2occc2c1,-24.242048441529,-10.4076,-6.7766,3.6310000000000002,0.537,89.879941,15.0,-0.20671005,0.12344421,0.059125368000000005,0.07539239894171569
c1ccc2oncc2c1,-24.474607274046,-11.1307,-7.7169,3.4137999999999993,3.429,85.474178,14.0,-0.15187092,0.13977975,0.05977696928571429,0.07289604328197367
c1ccc2sc(-c3cc[nH]n3)nc2c1,-36.975638358195,-10.483,-7.3947,3.0883000000000003,2.169,145.002429,21.0,-0.25782731,0.16764156,0.06765001761904763,0.09351342403240243
c1cnc2[nH]ccc2c1,-23.890038454259,-10.0741,-6.9918,3.0823,1.544,89.823259,15.0,-0.26510927,0.17058473,0.07058913399999998,0.0983339341871821
c1cnc2[nH]cnc2c1,-24.169533388176,-10.1675,-7.3749,2.7926,1.52,85.03319,14.0,-0.26547498,0.1768075,0.10175440857142858,0.12807948557355478
c1cnc2[nH]ncc2c1,-24.142756207336,-10.4692,-7.7245,2.744700000000001,1.733,85.326518,14.0,-0.25709252,0.17409942,0.07923541285714286,0.10848918695936138
c1coc(-c2nc3ccccc3[nH]2)c1,-37.548629322848,-10.2315,-7.269,2.9625000000000004,3.88,134.463085,22.0,-0.27666242,0.15823254,0.07842076181818182,0.09852706828975445
c1coc(-c2nnn[nH]2)c1,-28.442449179231,-10.8928,-7.8298,3.0629999999999997,6.109,85.767531,14.0,-0.19638997,0.17760279,0.09639448499999999,0.11174999394059583
c1csc(-c2cc[nH]n2)c1,-27.094491081785,-10.1474,-6.7488,3.398599999999999,2.657,109.795981,16.0,-0.2197388,0.16296396,0.052123714375000005,0.07700640331207718
