reaction_smiles,smiles,additive_id,candidate_key,ligand_smiles,base_smiles,solvent_smiles,drfp_pca128_0,drfp_pca128_1,drfp_pca128_2,drfp_pca128_3,drfp_pca128_4,drfp_pca128_5,drfp_pca128_6,drfp_pca128_7,drfp_pca128_8,drfp_pca128_9,drfp_pca128_10,drfp_pca128_11,drfp_pca128_12,drfp_pca128_13,drfp_pca128_14,drfp_pca128_15,drfp_pca128_16,drfp_pca128_17,drfp_pca128_18,drfp_pca128_19,drfp_pca128_20,drfp_pca128_21,drfp_pca128_22,drfp_pca128_23,drfp_pca128_24,drfp_pca128_25,drfp_pca128_26,drfp_pca128_27,drfp_pca128_28,drfp_pca128_29,drfp_pca128_30,drfp_pca128_31,drfp_pca128_32,drfp_pca128_33,drfp_pca128_34,drfp_pca128_35,drfp_pca128_36,drfp_pca128_37,drfp_pca128_38,drfp_pca128_39,drfp_pca128_40,drfp_pca128_41,drfp_pca128_42,drfp_pca128_43,drfp_pca128_44,drfp_pca128_45,drfp_pca128_46,drfp_pca128_47,drfp_pca128_48,drfp_pca128_49,drfp_pca128_50,drfp_pca128_51,drfp_pca128_52,drfp_pca128_53,drfp_pca128_54,drfp_pca128_55,drfp_pca128_56,drfp_pca128_57,drfp_pca128_58,drfp_pca128_59,drfp_pca128_60,drfp_pca128_61,drfp_pca128_62,drfp_pca128_63,drfp_pca128_64,drfp_pca128_65,drfp_pca128_66,drfp_pca128_67,drfp_pca128_68,drfp_pca128_69,drfp_pca128_70,drfp_pca128_71,drfp_pca128_72,drfp_pca128_73,drfp_pca128_74,drfp_pca128_75,drfp_pca128_76,drfp_pca128_77,drfp_pca128_78,drfp_pca128_79,drfp_pca128_80,drfp_pca128_81,drfp_pca128_82,drfp_pca128_83,drfp_pca128_84,drfp_pca128_85,drfp_pca128_86,drfp_pca128_87,drfp_pca128_88,drfp_pca128_89,drfp_pca128_90,drfp_pca128_91,drfp_pca128_92,drfp_pca128_93,drfp_pca128_94,drfp_pca128_95,drfp_pca128_96,drfp_pca128_97,drfp_pca128_98,drfp_pca128_99,drfp_pca128_100,drfp_pca128_101,drfp_pca128_102,drfp_pca128_103,drfp_pca128_104,drfp_pca128_105,drfp_pca128_106,drfp_pca128_107,drfp_pca128_108,drfp_pca128_109,drfp_pca128_110,drfp_pca128_111,drfp_pca128_112,drfp_pca128_113,drfp_pca128_114,drfp_pca128_115,drfp_pca128_116,drfp_pca128_117,drfp_pca128_118,drfp_pca128_119,drfp_pca128_120,drfp_pca128_121,drfp_pca128_122,drfp_pca128_123,drfp_pca128_124,drfp_pca128_125,drfp_pca128_126,drfp_pca128_127
CC(P(C(C)(C)C)C(C)(C)C)(C)C.[Na+].[OH-].N#CC>>,CC(P(C(C)(C)C)C(C)(C)C)(C)C||[Na+].[OH-]||N#CC,C_7b2ea94c7f7f,CC(P(C(C)(C)C)C(C)(C)C)(C)C||[Na+].[OH-]||N#CC,CC(P(C(C)(C)C)C(C)(C)C)(C)C,[Na+].[OH-],N#CC,-1.468256998468115,-1.0233837722197974,-0.12043775247772703,0.04263839902621298,0.31995878602678346,2.027775082333273,0.050803256218666736,0.22227897582127376,1.500008810318482,-0.3159412846823717,-0.40660371862289896,-0.47233823895202875,-0.5293337929889761,1.6367522804353631,1.2602632931450408,-0.6805647790296768,-0.9293233340260268,-0.5383298817399096,0.6355746510932282,-0.22039709357864373,-0.0137467412427911,-0.09537054304909937,0.05928860012572319,-0.10917359078130454,0.12272956624127897,-0.17086694982902884,-0.035434461401156414,-0.02544435419962577,0.0030886465862049028,0.04039213805746484,1.912591748614107e-14,-3.738588579213831e-15,9.016190392682777e-16,-1.2935072459573755e-15,-4.496287454350744e-16,-7.456323584274305e-16,-2.491474138037797e-16,-3.995881235149507e-16,-1.0902196360587015e-15,4.573383235475461e-16,-2.1368834292644551e-16,-3.192874788367219e-18,4.812585437222612e-16,-1.1225799981665634e-16,-3.0904358953754694e-16,-3.636327770429618e-17,6.587820671770396e-17,-2.9558878151893847e-16,2.3278354276503297e-16,7.82748065111055e-18,3.818386976407132e-17,-3.138544728481776e-17,-6.854054523642234e-17,5.840301613027595e-17,-8.823881231638085e-17,7.240462738399441e-17,-7.728659473916514e-17,9.479040479416383e-17,1.2311654090231967e-17,8.288573379168503e-17,-6.695658230840603e-17,-5.682843787344542e-18,-8.326644638022648e-17,2.2681539612289773e-17,-4.3933049144928494e-17,7.947476402587536e-17,8.321206622183254e-17,7.91834157918701e-17,8.432762318128094e-17,3.137102399483296e-17,5.44076103094709e-17,7.568117286941341e-18,7.213241061466788e-17,-1.9207939126944577e-17,-3.7603887459653555e-17,-6.459105686483455e-17,-9.038626075537687e-18,3.862744125789839e-17,-1.0654482766001053e-17,-2.740688775063836e-17,2.495299324025224e-17,1.847504226719077e-17,-1.5023136344211915e-17,-1.4523466905979136e-17,2.3414445996256e-19,-1.237542915690024e-17,5.0121468602780765e-17,2.5296408501886632e-17,3.889793125128693e-18,-2.492006567272443e-18,2.3967725228009932e-17,7.82878810301162e-18,-3.0943374831471404e-17,1.7379139873736953e-17,-3.992946398467563e-17,-3.800482823191978e-17,2.7593964289753678e-17,9.507175923087791e-18,7.637682496485454e-18,2.0525865883308004e-17,5.259221873365808e-18,-5.792713249600886e-18,-2.5035526962657897e-17,-2.0049767731330637e-17,-3.851023690166738e-17,4.0857098523258836e-17,2.3437948327663425e-17,-1.0117789416302716e-17,-4.874975053637147e-17,4.506933282445471e-17,-9.58018404870155e-18,-1.15049851623121e-17,6.793758628615143e-17,-1.2838042322026904e-17,-2.858814656648419e-17,-1.8198285445311604e-17,-1.4768741281960606e-17,2.6058426233741427e-17,2.956629969341349e-17,-4.001381005843406e-17,2.5568230131224935e-17,-3.2224797897652396e-17,-1.6483371381811233e-17,3.4549287405713016e-17,-2.2074459295398205e-17,1.6724766359303475e-17,-2.388168723828053e-17,1.7795514739883283e-17
P(C1=CC=CC=C1)(C2=CC=CC=C2)C3=CC=CC=C3.[Na+].[OH-].N#CC>>,P(C1=CC=CC=C1)(C2=CC=CC=C2)C3=CC=CC=C3||[Na+].[OH-]||N#CC,C_39126a7e935b,P(C1=CC=CC=C1)(C2=CC=CC=C2)C3=CC=CC=C3||[Na+].[OH-]||N#CC,P(C1=CC=CC=C1)(C2=CC=CC=C2)C3=CC=CC=C3,[Na+].[OH-],N#CC,-0.39208050066469097,1.3560669152586509,-0.45111951398335864,-0.1133367460203243,0.04222113933964105,1.9522800369783453,0.10705494618237602,0.5429006381098049,-0.12757648672626903,-0.20421939188150445,0.34338048298740753,-0.28465301455760406,-0.47886519926966953,1.5979419315869188,0.36563121597309817,-0.5995040575691272,1.8038470859705256,-0.5979492459516396,0.6218300464021407,0.2730930885549563,-0.05882525189799849,-0.332296435962421,0.09736608289772265,-0.1236170862782409,0.11729164741645923,-0.08131544648482497,-0.005441362545653242,-0.03467958712333113,-0.020684080348393405,0.019149682467982432,-3.691058907397266e-17,-6.827527458373795e-15,-5.0853316099155235e-17,-3.1101440396189034e-15,-4.063734634761683e-16,-3.961050227958613e-16,2.979309767087412e-16,-1.1424358685650453e-15,-1.8996188143047983e-15,1.655668109749653e-15,-5.117571149982682e-16,3.1038097952815877e-16,5.44418690410103e-16,8.951415216824558e-17,-2.1625365066070956e-16,-1.412036179020063e-16,-3.1709023205644885e-16,-3.8404043947655775e-16,-5.004871981472301e-17,3.735548237178611e-16,1.567058673527077e-19,-1.4692433959798755e-16,-9.295319537530467e-17,1.7330861365222203e-16,-3.0131998622607004e-16,1.967461692931883e-17,-1.8634938178585e-16,2.4849141531989184e-16,7.361419051263399e-17,5.793483433479102e-17,-2.2432427676594095e-16,1.9089014303997714e-16,-2.628386286925312e-16,2.1625342864983418e-17,7.507412203224405e-17,-7.414339435882154e-17,4.595952779653429e-17,1.4017308793014362e-16,6.795156844496055e-17,-1.2640840533921634e-16,1.2042777707946185e-16,-1.1809892010082516e-16,6.481367659677668e-17,9.125260176652989e-17,-4.0689005076165095e-17,-5.886641637628872e-17,4.2401892833040916e-17,-1.3205973723996436e-17,-6.976897881245615e-17,-2.0230336440637897e-17,2.253097591461716e-17,7.981310133648392e-17,1.797993022308586e-17,1.0464100725320769e-16,-8.781398113110295e-17,7.012816074266397e-17,2.1142497278302448e-17,4.138805992220321e-17,5.365688224472417e-17,1.1073562749825762e-16,3.890842109162141e-17,1.6036449417553215e-17,-4.984070270623842e-17,4.343929548284935e-17,-3.4386459372970944e-17,1.2744425754598852e-17,1.0998309070014002e-16,1.1230728965271623e-16,6.064902205647134e-17,7.143123063525237e-17,-7.379840423453182e-17,-1.8622178254003043e-17,-2.925178886704159e-18,-9.232319332955516e-17,8.520797566771452e-17,5.489973175199546e-18,4.969777211779801e-17,4.549642790624402e-18,-1.1630497350477103e-18,1.6024454006514452e-18,-1.813004127783484e-17,-5.115254825043167e-17,-2.879950499174252e-18,1.8721586057843988e-17,-1.6602774106585474e-17,8.020753276415233e-17,2.0600040030945402e-17,-8.077724105479586e-17,1.4810217255174004e-16,-9.17537233485798e-18,-1.0682568366373212e-17,-5.0654776239277843e-17,-2.7564870602320178e-17,-4.095996758527275e-17,-1.0837924130902324e-18,8.02715024537645e-17,1.4212824960506077e-17,-1.7444188600952365e-17
CC(C)(C)P(C(C)(C)C)C1=CC=C(N(C)C)C=C1.[Na+].[OH-].N#CC>>,CC(C)(C)P(C(C)(C)C)C1=CC=C(N(C)C)C=C1||[Na+].[OH-]||N#CC,C_20c336ba7a84,CC(C)(C)P(C(C)(C)C)C1=CC=C(N(C)C)C=C1||[Na+].[OH-]||N#CC,CC(C)(C)P(C(C)(C)C)C1=CC=C(N(C)C)C=C1,[Na+].[OH-],N#CC,-1.5353791552609264,-0.051377458831290614,0.9993589233395083,1.3666880032476594,3.8959141432576563,1.7800824179500614,0.3539653427642956,-0.3654527677510823,-0.7990312446946589,0.13991633332190223,0.32444219788888967,-0.14073388345466895,-0.4906096282894741,1.0776049846758804,-0.6458246950755133,0.15957411322630824,-0.10222469335688081,-0.5532510209501806,0.5872768811808503,-0.28812118504667794,-0.37535689524822485,-0.12108704569728138,0.1078275035234463,-0.09552575496754712,0.043957364352701776,0.030973063169481167,0.15660797750173175,0.09318627239434693,-0.06463441854532077,-0.15680639160294144,3.0042249246398736e-15,1.4524497640043856e-15,-1.0221731860238403e-14,1.9242353175824896e-16,-4.15615328928189e-17,-3.0894980356480746e-16,1.6294279165163525e-15,7.587773250490737e-16,3.3054003663652374e-16,2.6733523805236903e-16,3.6082657448806335e-16,3.555780294050428e-16,-3.588676881455518e-16,-6.25224520217309e-16,-6.521729435123553e-17,3.2125546373024864e-16,-1.5391903652565837e-16,2.1388302260500003e-16,5.615640439363749e-16,3.62311183846806e-16,3.868613302610178e-16,-1.0307182497168571e-16,2.3846818187329945e-16,-1.7664647476110246e-16,-4.325964437981468e-16,-4.606186040121871e-17,-4.361704517803884e-17,-2.5233201258235884e-16,-9.573024482593227e-17,1.7887471656304703e-17,1.1459998371190581e-16,1.1492431747590744e-16,4.5286919860433624e-17,1.9906165992378994e-16,8.218321352953922e-18,-1.1789249779051578e-16,-3.931073917995283e-17,-4.2043425143689684e-17,-2.036667757916542e-16,-1.9114646916708778e-16,-2.338530949596944e-17,-7.777940998933635e-17,-1.1690571227743184e-16,2.0719315603895976e-16,-9.894066556515847e-17,6.020063671901813e-17,1.7917823529519615e-17,6.396000567073805e-17,-5.349456845806948e-18,1.8146092035029806e-17,-7.210952002424091e-17,1.125643752768601e-16,9.905955527523125e-18,7.834841959132912e-17,4.495046006756854e-17,-5.874130266931775e-17,-8.442249575452843e-17,-5.808882980663056e-17,6.609435424141702e-19,-3.692959097723563e-17,-1.858915922253951e-17,3.2943539858107913e-18,1.3575243088697126e-16,-6.06329879955456e-17,1.1164808179961571e-16,5.4787298960689456e-17,8.426393945728913e-18,-7.654286900729317e-17,8.001779537540746e-17,-9.292600141799107e-17,9.429519809697149e-17,-1.730240899663505e-16,-2.076235845872836e-17,1.8820989924766632e-17,1.3169773301991423e-16,1.438141531406269e-17,-2.4249568376689166e-17,3.8469187155570477e-17,1.0461692034768101e-16,2.0725157851396167e-17,-2.614171056476632e-17,-1.0289240207333332e-16,-1.3522675742828623e-16,-1.4772371960367657e-17,8.081292072858952e-17,1.152490605445784e-16,8.514180447989948e-17,-6.773106592955454e-17,-2.4578541737599616e-17,9.47088312231099e-17,-4.346334351864285e-17,2.1122597740282085e-17,1.2871699221879576e-18,-1.732858146811222e-16,1.1195031062021604e-16,9.03438071090443e-17,4.5223517089947494e-17,-1.7900916583644088e-16
P(C1CCCCC1)(C2CCCCC2)C3CCCCC3.[Na+].[OH-].N#CC>>,P(C1CCCCC1)(C2CCCCC2)C3CCCCC3||[Na+].[OH-]||N#CC,C_0432ae315c8c,P(C1CCCCC1)(C2CCCCC2)C3CCCCC3||[Na+].[OH-]||N#CC,P(C1CCCCC1)(C2CCCCC2)C3CCCCC3,[Na+].[OH-],N#CC,-0.10027989734355769,-1.5749202206860482,-0.44727266422387574,-0.13709081460511321,-0.03532824798050695,1.8608882034665244,-0.17950658576667183,0.43704104749872996,2.391220081085203,-0.16911548225191086,1.0551978198459075,-0.7024909132736236,-0.8525241669433481,0.7801099285581257,-1.4748676757662567,0.5436939476438913,0.1824832683815915,-0.5993403886642502,0.6278887300835163,0.28733440289604484,-0.026130974983287276,-0.284619893825951,0.27186184956278364,-0.03683164022686683,0.11178485844183163,-0.05527980840551238,-0.006837989741689916,0.004046676951804047,0.09616540851087181,0.018441441993399886,-3.3056537401414275e-15,-2.6268697345712313e-15,1.1396880298791496e-15,-2.483101141996406e-16,2.382782228567894e-15,-2.8018790865936882e-15,1.5245990404455734e-15,1.1003709464115995e-15,2.4203406336705423e-15,-9.011327549233992e-16,5.550738791934598e-16,4.886525583169464e-16,2.120252425817903e-15,-8.648251389800726e-16,-9.329510180077844e-16,8.487819938164725e-16,7.38181284071482e-16,4.646451622970281e-16,4.371329831101104e-16,-2.1361128252336764e-16,2.8580146419141344e-16,-3.637856084272624e-16,4.787092312854622e-16,-2.411804222517759e-16,-4.0350144093975194e-16,1.2556543424109584e-16,1.8742506052830296e-16,3.8897601027282384e-16,-1.724748617366659e-16,-1.3134337746595739e-16,-1.940210331410125e-16,1.3896782602860216e-16,8.962813166794967e-17,2.1182789025723006e-16,8.312148683182941e-17,1.4969098957829632e-17,1.03747655043614e-16,-4.9556016431229577e-17,1.3383408255593857e-16,-8.704377934094161e-17,1.0504520434542643e-16,-2.0276912997099644e-16,1.7595400610622788e-16,2.1765593456834312e-16,-8.541780129200484e-17,4.571481689399747e-17,-3.29678419647738e-17,2.6999975828716712e-17,-8.490734211530664e-17,-1.0907230729717174e-16,-5.93286944792148e-17,-1.1594423531017732e-16,-3.936472093554013e-17,-7.168997564829796e-17,-6.909100668691206e-17,-3.238091391811234e-17,3.502822509748952e-17,1.3003598714402282e-16,-5.67106732038478e-17,-1.3657407880384806e-16,-2.783650888185421e-18,5.4405939505049566e-17,-4.9907640155013275e-17,-4.475321271784232e-17,8.886179441570149e-17,-1.4439486209314161e-16,1.230066021270123e-16,-2.8679428136488646e-17,-1.6407932172954296e-17,2.10732514243632e-16,-1.1445871445038665e-16,2.1559258226311167e-16,6.839305311610539e-17,8.19215305896572e-17,-1.7649884196856339e-16,1.393516291755217e-16,2.6850906156243923e-17,-1.1579223526155458e-17,1.6812617458494354e-17,2.604180436270001e-17,-1.5694312367397937e-16,-1.4328421955886596e-16,2.4221680074081e-17,2.7117594649287377e-17,-6.077399699256385e-17,1.1659216127449208e-16,-1.4393130566384754e-16,1.3357682378314502e-16,1.1223081482847236e-16,-1.0769812716172812e-16,1.373549514423148e-16,1.7578661384972448e-16,-6.983705757239365e-18,-8.093095760816395e-17,-3.903481659688138e-17,-1.285869585902859e-16,4.3613061851222e-17,-6.174292566367687e-17
CC1=CC=CC=C1P(C2=CC=CC=C2C)C3=CC=CC=C3C.[Na+].[OH-].N#CC>>,CC1=CC=CC=C1P(C2=CC=CC=C2C)C3=CC=CC=C3C||[Na+].[OH-]||N#CC,C_7ea459e62d1c,CC1=CC=CC=C1P(C2=CC=CC=C2C)C3=CC=CC=C3C||[Na+].[OH-]||N#CC,CC1=CC=CC=C1P(C2=CC=CC=C2C)C3=CC=CC=C3C,[Na+].[OH-],N#CC,-0.5617353923592346,1.7687391782895354,-0.6154552380509147,-0.137137309468244,0.06840106207753167,2.0009008332802884,-0.8278766630898303,2.9645950137638253,-0.564527102229718,-0.20487728465744823,-0.8885999752108974,0.23834651276109414,-0.8215746674745462,0.8869872089111848,-0.7220941077651608,0.18056898486936204,-0.5696389641453413,-0.5769864999725332,0.6295135220455841,0.246261108015864,-0.06030270113968931,-0.3302410057934422,0.09591194823455457,-0.13284508618956697,0.11062213193573321,-0.0836687886449271,-0.005612653585159183,-0.035305939077853885,-0.02055696373336914,0.019348277813986067,1.2991160746445215e-15,3.1285785057489784e-15,1.9628589993247503e-15,4.121054609347747e-15,-2.04272284762678e-15,2.720550643281766e-15,2.98459219221385e-16,-3.672751513835726e-16,-1.4094605160769978e-15,1.994807746288402e-15,9.20187666103514e-16,5.61248673052703e-16,-1.2538419149947558e-15,-1.3192705672545165e-15,-1.86067284684311e-16,9.602017606291547e-17,5.528940063627209e-16,-5.321016680562848e-16,4.214322155361777e-16,-4.806825679958856e-16,-1.6622754880050077e-16,-3.2616075529653875e-16,7.064835116650339e-16,-1.0800650443761564e-16,-3.2710174420059105e-16,3.716044606203526e-16,-5.459475468391103e-17,-1.719458751456509e-16,-6.439827372547247e-16,-4.919598453481618e-16,-1.610517584080692e-16,1.9943346055498109e-16,1.4047060805617916e-16,-1.4840824974126528e-16,1.4417691295742136e-16,-4.286881527833852e-17,1.2342399039698482e-16,-1.0870200711911e-17,1.754573764111673e-16,1.5216347011010443e-16,3.0627715664395002e-16,-2.448210916884392e-16,3.1541034503512356e-16,2.884886554379956e-16,2.2284318434193875e-16,5.4680083730808086e-17,8.520331945939413e-17,-7.271029395447298e-17,-1.9273512776711352e-17,-2.4410805883278988e-17,-1.0331188047288127e-16,-2.3024842955278535e-17,4.812977583663226e-17,-9.781683044866695e-19,-3.60193048955899e-18,-8.654428966141947e-17,8.005245400392028e-18,4.8348657409708935e-17,9.972409561771519e-17,5.425313649134748e-17,-5.623246551427206e-18,-1.3922589757965163e-16,-2.6672495571939466e-17,-5.844172720029888e-18,7.077441978472857e-17,-6.566560192535978e-17,6.093849979095125e-17,1.5049553151219143e-16,4.124113932541271e-17,1.5045689869965534e-16,-3.86664328919552e-17,1.7783004606396517e-16,3.716215391765211e-17,5.402431958076714e-17,-5.31718365926864e-17,2.5855815356524877e-16,4.8726327479184334e-17,8.24075594565524e-17,-6.53263726699749e-17,8.568765729073923e-17,-7.203640712589614e-17,-1.8742309822810067e-16,-1.2037016776500433e-16,-5.183799821391514e-17,-2.794678050413835e-17,1.8918255075836934e-16,1.936107273104523e-16,3.0546015758925015e-17,8.736075060575733e-17,1.8107979738304522e-17,2.1507180627472012e-16,1.8337589622109932e-16,-4.3675383167042405e-17,-2.7140359637536815e-17,8.012682948388399e-17,-2.1972177530677068e-17,-1.618504493241189e-16,-7.732178161189261e-17
CCCCP(C12C[C@@H]3C[C@@H](C[C@H](C2)C3)C1)C45C[C@H]6C[C@@H](C5)C[C@@H](C4)C6.[Na+].[OH-].N#CC>>,CCCCP(C12C[C@@H]3C[C@@H](C[C@H](C2)C3)C1)C45C[C@H]6C[C@@H](C5)C[C@@H](C4)C6||[Na+].[OH-]||N#CC,C_5aa65a8527a9,CCCCP(C12C[C@@H]3C[C@@H](C[C@H](C2)C3)C1)C45C[C@H]6C[C@@H](C5)C[C@@H](C4)C6||[Na+].[OH-]||N#CC,CCCCP(C12C[C@@H]3C[C@@H](C[C@H](C2)C3)C1)C45C[C@H]6C[C@@H](C5)C[C@@H](C4)C6,[Na+].[OH-],N#CC,-1.8292215288382496,-3.4363102631422295,-2.5087063384355215,0.05287281281149849,-0.9914587370100691,1.9033666333357435,0.329716613794154,-0.1719934786603374,-1.7930076705982527,0.013239548950301137,0.10041872969642097,0.05540196373566207,-0.5948198127217352,1.1434113593504878,-0.5537538524821097,0.003500845443354547,-0.01533533957837745,-0.5606543230906326,0.6270491964521276,-0.18752982638279964,0.020872581291763784,-0.04628206272250762,0.23381120436635322,-0.016545533388496913,0.10835509486922273,-0.15112816487974404,-0.05454324490349683,-0.012453210416410364,0.0016023030283048541,0.046813223839567916,-2.2364829254743005e-15,-2.6039115248283213e-15,-2.7285516184203015e-15,3.58233378162636e-15,-4.787679107259521e-15,-1.2582321733094625e-15,-2.9804620923892727e-15,3.460151434439245e-16,5.529885532357902e-16,-1.8551878459657327e-15,-9.166499552414607e-16,-6.2980465307941e-16,-4.4081353328649345e-17,1.044081499439785e-15,-7.307351886428175e-16,-6.222599477262913e-16,4.642356788015439e-18,-2.8508634663060476e-16,-3.171317346252526e-16,2.4774489177858544e-16,-1.556316291483219e-16,-1.4206849251510137e-16,2.0117733804841532e-17,4.2998225139991695e-17,4.637181552676971e-16,9.424008547083009e-17,1.1456951343428504e-16,2.738267854623326e-16,2.9372536369505573e-16,-2.0566613309397472e-16,-6.818195572427848e-17,1.961459657237912e-16,-8.927866195556612e-18,-9.260749058975062e-17,1.8881772328096978e-16,-2.0136948044236023e-17,-4.673625658975417e-17,8.909911588458032e-17,3.2162676263814927e-16,-1.384284831197941e-16,1.6118392783243037e-16,-9.435918828749787e-17,1.78199960605269e-16,-3.688280533513241e-17,8.55389820552245e-17,-9.901439978414148e-17,-1.7007172643861389e-16,1.181683842059613e-16,-1.3144013561862095e-16,-2.327719685052761e-17,5.0411850731258985e-18,-7.120506668486286e-17,8.009136082581682e-17,2.4508631317499034e-17,3.12617210163879e-17,1.209208065449645e-16,5.745929528611139e-18,2.6994848406163707e-17,1.1012709119052283e-16,1.2107377313571635e-16,7.633342165299456e-17,7.360329517955985e-17,-1.4285464359380147e-16,6.20955152724371e-17,-8.047983067387786e-17,-1.4177594682261845e-17,3.678334651032601e-18,7.410981270387057e-17,-8.773955576904284e-17,-8.779147111803667e-17,-1.5409001920160155e-16,1.058568856168323e-16,-1.0610910518046898e-16,-8.671551545872606e-18,4.8946168672826075e-17,-5.0464240550198735e-17,9.303931154437033e-18,-1.6624918924818884e-17,-1.0664963626700267e-16,2.9899219952281774e-17,-1.118940593292535e-16,-7.803995234144588e-17,1.034677434457904e-17,1.4412646198579018e-17,-1.1882552377559653e-16,4.194491988027419e-17,-1.8325708699547878e-16,-2.5822549907402052e-17,7.116577947738132e-17,3.987387624248829e-18,-2.6399969288766728e-17,1.6704312289670035e-16,4.389029893601418e-17,-4.965104619909573e-17,4.346743142033818e-17,-6.514477651761942e-17,6.353205072870892e-17,1.0049601631501281e-16
COC1=CC=CC(OC)=C1C2=C(P(C3CCCCC3)C4CCCCC4)C=CC=C2.[Na+].[OH-].N#CC>>,COC1=CC=CC(OC)=C1C2=C(P(C3CCCCC3)C4CCCCC4)C=CC=C2||[Na+].[OH-]||N#CC,C_32b06737784f,COC1=CC=CC(OC)=C1C2=C(P(C3CCCCC3)C4CCCCC4)C=CC=C2||[Na+].[OH-]||N#CC,COC1=CC=CC(OC)=C1C2=C(P(C3CCCCC3)C4CCCCC4)C=CC=C2,[Na+].[OH-],N#CC,4.078838173161571,-0.49518518225318414,0.36570091574793107,-0.08048121633162346,0.031690950587548845,1.4138560985305475,3.077935956597947,0.4782931628203812,-0.21121704646290385,-0.30976354847908416,-0.29867162876733555,0.05992879275511084,-0.6949746093869213,1.037116653900658,-0.32836068894236303,-0.047224612441405814,-0.28665500094705276,-0.5759607425492687,0.5942788687957381,0.5772826994621404,0.07787674082091608,0.23079472934092807,-0.13015809786390328,0.2711924661559094,0.014765404597305012,0.10969217287303776,-0.15474166828009242,0.10452629545473176,-0.036332996797160205,-0.02450708989714415,1.8326783663732332e-16,-1.121720822845611e-15,1.6645289408990281e-15,1.21073600052591e-16,-9.529568459283676e-16,-1.0097569164125223e-15,6.31740276849658e-16,3.0439956702172375e-15,1.7564638366600354e-16,-7.887141674823341e-16,-1.3700077083087092e-15,1.109563771132809e-15,-1.0397036728790266e-15,-4.754246183764622e-16,3.07230720240826e-16,1.1007400806642917e-15,-1.6992079191474569e-16,7.823286074532321e-16,-2.416613337446548e-16,2.865031599324111e-16,-2.2498476091605964e-16,5.883569794816442e-16,3.995354115765367e-17,4.683644297014586e-16,-5.336183439325851e-16,5.10299530928289e-17,-5.770447937649794e-17,-1.0023591531532783e-16,-2.513624049196929e-16,-1.9545175019536664e-16,1.6207677881611776e-16,2.8314851687000216e-17,-7.845135445839188e-17,-2.5072430016017577e-16,-2.2215743960333925e-16,-1.1352369950982586e-16,-4.8097877849035114e-17,-7.946959841647323e-17,-3.19014897865636e-16,4.481712776823117e-16,-2.0113580553624397e-16,-6.868108894767162e-18,-3.4613076579077725e-17,-1.541911474945229e-16,2.6296435498576184e-16,1.4423329734665503e-16,-1.0863915086301283e-16,-4.1065478878386424e-17,-1.4422875631054964e-16,-3.073965940580417e-17,-1.2142380281514773e-16,-1.3076389648175652e-17,-9.215916628765668e-18,1.247048789247768e-16,-5.009743485272999e-17,-1.2455183021520647e-16,1.056827836027455e-16,-9.11425398185761e-17,-1.8815065665656003e-17,2.4108410109136107e-16,3.2611459505534697e-16,9.244430154974983e-17,-1.4582914197211425e-16,-7.696038234081794e-17,-1.0850615909209906e-16,1.241063234531837e-16,2.1241693009883214e-16,-2.7566596496869315e-17,8.973268775013517e-17,1.5445472318966555e-16,-1.0782691607719962e-16,-2.1066034182980812e-16,1.3954327590938174e-16,2.1311049484713994e-16,1.7142910129842428e-17,1.1342632458305168e-16,-1.3421349684366194e-16,-9.056617781867721e-17,-1.2180092542595586e-16,-1.7618900158741366e-17,-1.0045456803790739e-16,-1.9204511233030188e-17,-7.998647427368847e-17,1.1813557115084538e-16,1.0623498235091517e-17,-2.1404895504152225e-16,-6.394915470976227e-17,-1.1625744454325218e-16,-5.89091461140438e-17,-2.5846711843584217e-16,-8.176792044626047e-18,2.180138520668866e-17,3.1627068752046545e-17,-1.1579572662250659e-16,-6.297618447096853e-17,-5.660518292598104e-17,5.1383681440638665e-17,1.2193780690539978e-16
CC(C)(P(C(C)(C)C)[c-]1cccc1)C.CC(C)(P(C(C)(C)C)[c-]2cccc2)C.[Fe+2].[Na+].[OH-].N#CC>>,CC(C)(P(C(C)(C)C)[c-]1cccc1)C.CC(C)(P(C(C)(C)C)[c-]2cccc2)C.[Fe+2]||[Na+].[OH-]||N#CC,C_7b4d9439ac47,CC(C)(P(C(C)(C)C)[c-]1cccc1)C.CC(C)(P(C(C)(C)C)[c-]2cccc2)C.[Fe+2]||[Na+].[OH-]||N#CC,CC(C)(P(C(C)(C)C)[c-]1cccc1)C.CC(C)(P(C(C)(C)C)[c-]2cccc2)C.[Fe+2],[Na+].[OH-],N#CC,-2.023188845770855,-0.34953531471061194,2.6453213506922806,-0.9752946323315833,-0.9637751238254215,1.945269750786473,0.2115072269988071,-0.9139996814990409,0.3183658094797221,-0.2658459578476797,-1.5789132045129879,0.8175649767812719,-0.5684457090991324,1.154319230663675,-0.9320294686660382,0.06140457675277711,0.3163634442351411,-0.5617940964337824,0.6288963144047504,-0.21234667170020724,-0.01826510465034365,-0.10518342615857718,0.04523357394473026,-0.11424215602020582,0.12142739584909475,-0.17114523415526658,-0.0359195566489464,-0.026345588106301127,0.00032547943387407636,0.04059075584765736,-2.4065424117749716e-15,2.0142415211718425e-15,9.210336564666627e-16,7.720110240398435e-16,1.0316640034571344e-15,-3.932703176765978e-15,-3.079006241074994e-15,-2.2599275901427262e-17,-1.6130377899253376e-15,1.5374945023786697e-15,1.4060049795716689e-15,-5.238881161253486e-16,1.2039618931420133e-15,-2.0922179847688832e-16,1.35820363104252e-15,1.4031311821639423e-16,3.625122261363017e-16,2.816019107164601e-16,-6.642792402295514e-18,3.235769007886681e-16,9.002866277417079e-16,3.629004751715868e-16,1.6413307568735142e-16,3.484092735947127e-17,2.222970199792378e-17,-1.2075238979673444e-16,-1.2972975653642128e-16,-2.9937167183979084e-16,-2.1640078023323098e-16,3.3659851587846397e-16,-1.4825377618129599e-16,-2.0001784449958846e-16,4.788124116572993e-17,-3.1539156130693357e-16,2.7522017859539606e-16,-2.1278575827269892e-16,-3.313860696963669e-16,2.2176751878882015e-17,1.117161369383445e-16,1.4936743465994343e-16,4.902408128947792e-17,-1.648441960375319e-17,2.802361704394589e-17,6.204413496432467e-17,6.6075122775540034e-18,-3.0186104987561e-17,1.0981496938393162e-16,-7.908648848558415e-17,-6.440687035486105e-17,7.38868961362059e-17,1.1565281452670515e-16,9.915220129172785e-17,1.4991292479913062e-16,3.159551009025802e-16,1.6185792785965108e-17,1.1251417869785907e-16,-1.0520992405096189e-16,9.0813163072541e-17,-1.9758391159460646e-17,8.786115759992298e-17,-2.255000842389649e-17,-3.462961174972807e-17,3.9944899535306e-17,-6.08528632630655e-17,3.6670064469706407e-17,-6.349440280900036e-17,1.230103394235524e-16,4.0073089675339144e-17,-1.6644407035812072e-16,-5.0239436697264086e-17,-2.574494129373265e-17,-1.5969381687834597e-16,-1.8473751456858168e-16,-1.6260273448655067e-16,6.707414596008767e-17,-1.342383163080335e-16,-6.112400359309214e-18,1.0436975103743554e-16,8.472000467335217e-17,9.130630210829394e-17,3.599322323984001e-17,9.511257609575997e-17,-3.375414198727609e-17,-2.7714904079804163e-17,-1.5060216783707331e-16,2.3218749197084944e-17,-1.7028171476592665e-18,-4.495080842118614e-17,-1.3126559350474947e-16,4.906324042169591e-17,-8.192686511998429e-18,-5.775127579282391e-17,-1.821139994058984e-16,-5.417922671482333e-17,1.332660236858662e-16,-1.12699711096471e-16,6.803308572044798e-17,-1.2720288881309124e-16
CC(C1=C(C2=CC=CC=C2P(C3CCCCC3)C4CCCCC4)C(C(C)C)=CC(C(C)C)=C1)C.[Na+].[OH-].N#CC>>,CC(C1=C(C2=CC=CC=C2P(C3CCCCC3)C4CCCCC4)C(C(C)C)=CC(C(C)C)=C1)C||[Na+].[OH-]||N#CC,C_9877b7dfaa50,CC(C1=C(C2=CC=CC=C2P(C3CCCCC3)C4CCCCC4)C(C(C)C)=CC(C(C)C)=C1)C||[Na+].[OH-]||N#CC,CC(C1=C(C2=CC=CC=C2P(C3CCCCC3)C4CCCCC4)C(C(C)C)=CC(C(C)C)=C1)C,[Na+].[OH-],N#CC,4.467645988993023,-0.6182216940251196,0.3800088119527969,0.014880129171859371,0.08525440944590729,2.325118186580186,-2.386944921665642,-0.8479356805609791,-0.5101457047804735,0.08643950051459458,-0.0796358292940067,-0.0982436865775887,-0.4818994241312308,1.1803622951419512,-0.2657355266987052,-0.061780747583028144,-0.132570413753945,-0.5644140681029862,0.5945352842961569,-0.20914678474350498,0.03989901619225832,-0.06404990437176727,0.15863256893548885,0.16051855488273833,0.2644117901497142,-0.12595670617945687,-0.028760150021920766,-0.00697101968765923,-0.015286361587198743,0.04594122954644601,1.792933445917204e-15,1.6452940469198087e-16,1.8438388273451752e-15,2.6640277080702076e-15,-6.992044520594157e-17,4.4008465370251264e-16,2.7950638343927714e-15,-2.015146784427609e-15,2.516929171243338e-15,-4.692872495751059e-16,-4.22299018480347e-16,5.991020687367422e-16,8.851290673603049e-16,1.856558479976676e-17,8.815838980842564e-16,-5.162544549993908e-16,-3.545506666259567e-16,-1.012702752742733e-15,-7.354587680350281e-16,5.675172163192129e-16,4.0950445278683183e-16,8.329316783570608e-16,-5.449250484309813e-17,3.4789603696305666e-16,9.123210111493732e-17,-1.4310459350428256e-16,8.342427483077861e-17,-4.617059626917083e-16,2.278334737941981e-16,-1.1149039355869767e-16,-2.4308066008004327e-17,5.311965775763836e-16,-1.7857081385337025e-16,-8.35596607997245e-17,-8.8986036816196e-18,1.1946310479265383e-16,2.0871253577416342e-16,-8.005821016047471e-17,2.0156428241787495e-17,-3.9790490851314784e-16,-4.135010874003564e-16,1.5366407363772288e-16,-1.1210752129932657e-16,-5.5761121355477555e-18,2.0003836826259326e-16,-1.6415117227171948e-16,1.5118066539376382e-16,-2.1640951868185943e-17,2.6207168948155077e-17,1.3069325350302593e-16,-1.4071891323972653e-16,-8.523125885167977e-17,1.129765231426686e-17,-9.464725967589313e-17,-5.657665482668455e-17,1.1888760839011462e-17,-1.838088889715361e-17,1.5086863074889026e-16,-2.6978770684403376e-17,2.897740586594371e-17,-1.3328521708552655e-16,-6.044699764546631e-17,9.87674968580192e-17,-1.6111560169339608e-16,2.0438365750215008e-16,-1.5136144915658337e-16,9.223333385868516e-17,6.710841220961581e-18,9.49531251710221e-17,-1.788484207492158e-16,-2.746004458937602e-17,-2.1499591114026517e-16,-1.021952331921249e-16,3.0618675313736406e-18,2.13478850892156e-17,-4.3087680867681446e-17,5.036909284967652e-19,1.2084239929201565e-16,-1.9652863393265784e-16,4.007573244489503e-17,9.208912335550607e-17,-5.753318631719788e-17,-2.4090278762703226e-16,-2.8839235892001325e-17,5.688508671185655e-17,-8.865518295338593e-17,-1.7169249915696168e-16,4.05909637323213e-18,-1.5276899023567284e-16,2.026188316874205e-17,-8.671880097439844e-17,-4.078557422830625e-17,-9.59800783073279e-17,-1.9622065313590822e-17,6.05743037875165e-17,-8.94715227417208e-17,-9.183765859724466e-18,-6.440530519261759e-17
[c-]1(P(C2=CC=CC=C2)C3=CC=CC=C3)cccc1.[c-]4(P(C5=CC=CC=C5)C6=CC=CC=C6)cccc4.[Fe+2].[Na+].[OH-].N#CC>>,[c-]1(P(C2=CC=CC=C2)C3=CC=CC=C3)cccc1.[c-]4(P(C5=CC=CC=C5)C6=CC=CC=C6)cccc4.[Fe+2]||[Na+].[OH-]||N#CC,C_ab40f8c82875,[c-]1(P(C2=CC=CC=C2)C3=CC=CC=C3)cccc1.[c-]4(P(C5=CC=CC=C5)C6=CC=CC=C6)cccc4.[Fe+2]||[Na+].[OH-]||N#CC,[c-]1(P(C2=CC=CC=C2)C3=CC=CC=C3)cccc1.[c-]4(P(C5=CC=CC=C5)C6=CC=CC=C6)cccc4.[Fe+2],[Na+].[OH-],N#CC,-1.1972395907658662,0.8507066893374238,2.453872675474499,-1.1233217252687662,-1.3415396540148041,1.8202652078515458,0.1736032952208252,0.13166813148593212,-1.2272358652017397,0.06340463821975426,1.742174368376629,-0.9659634701369147,-0.7504445703221742,1.05051228305939,-0.11814092469707377,0.007788913102123565,-0.6153222220906751,-0.5775090439779204,0.6305413712851503,0.2504547701544884,-0.06084119443449552,-0.331830172761367,0.09676275579737394,-0.13404113985001795,0.10976075141156261,-0.08344829681627841,-0.005883714564807586,-0.035216238225476156,-0.020607396384752962,0.019398805983472128,-1.954180083937704e-15,3.131598477052808e-15,5.409060321476301e-16,8.616383862022889e-16,1.4623656077210557e-15,-2.567889555822343e-15,1.780332975026896e-15,2.524836895580691e-16,7.276984380688386e-17,6.989396017260325e-16,-1.759277117549699e-15,6.356055257916553e-16,-1.6068058825530857e-15,1.631254966902777e-15,-1.17582543167527e-15,1.6385871701059883e-16,-4.234586806796614e-17,-6.616114670085694e-16,5.68327003259578e-16,-2.649200119977002e-16,7.462987558849251e-16,-2.293499749001214e-16,-3.4846655146570396e-16,-4.784299461673196e-16,-3.5903527841113033e-16,2.4429108642097685e-16,-6.521045928026192e-16,-3.042196855741365e-16,6.619155899353784e-16,3.2044822474765955e-16,5.272192342797029e-18,1.7957533175488e-16,-2.963530782257355e-16,-6.564766492854298e-17,-1.8593149921997769e-16,-6.042108554827353e-17,-3.58879663656335e-17,-4.695099352003244e-17,7.882413434209558e-17,2.7981441219463224e-16,2.468974497751828e-16,-5.2256741135985526e-17,7.99355084425219e-17,-1.5265060345605659e-16,1.4646984688501781e-16,-1.4272102573708924e-16,-6.492568867002949e-17,1.0751143325867725e-16,-7.025484519352777e-17,-1.3893186273353673e-16,-1.2396712180988586e-16,9.263263667935378e-17,1.7991947076780692e-17,6.079153943310661e-17,-5.493096082019879e-17,2.67018566577079e-17,8.765656707020403e-17,-6.053958051385317e-18,-1.7716475036588707e-17,1.085531705239645e-16,-1.045083992217261e-16,-2.909186080763046e-17,1.2073966961275319e-16,-2.990607929806645e-17,-2.901808373517044e-16,-7.570538064047927e-17,-8.01585761516778e-17,2.3582416536068234e-16,-1.4288477939802487e-17,-1.6109165299178175e-16,-3.0353318958507286e-17,1.6754263756959486e-16,-7.031665225772191e-17,-6.678709666544207e-17,-9.210354617976229e-17,6.316163350929185e-17,-6.836320544172522e-17,-3.014591008013031e-17,-6.478089031085337e-17,9.470290981131811e-17,6.227283174867976e-17,9.075842501279128e-17,2.1103453195030878e-16,-3.515241172071917e-18,-2.2962622508019172e-17,1.095636057816949e-16,-1.0524676768021955e-16,-1.1536201117291493e-16,4.0941566515681383e-17,-6.637127027650584e-17,2.634174915711814e-17,-7.953567440210391e-17,3.3276485397077783e-17,2.134376827262784e-17,-7.133938456516466e-17,5.2603241961260235e-17,1.7391039473682982e-17,1.280978815366267e-17
CC1(C)C2=C(OC3=C1C=CC=C3P(C4=CC=CC=C4)C5=CC=CC=C5)C(P(C6=CC=CC=C6)C7=CC=CC=C7)=CC=C2.[Na+].[OH-].N#CC>>,CC1(C)C2=C(OC3=C1C=CC=C3P(C4=CC=CC=C4)C5=CC=CC=C5)C(P(C6=CC=CC=C6)C7=CC=CC=C7)=CC=C2||[Na+].[OH-]||N#CC,C_b5d529ce8b00,CC1(C)C2=C(OC3=C1C=CC=C3P(C4=CC=CC=C4)C5=CC=CC=C5)C(P(C6=CC=CC=C6)C7=CC=CC=C7)=CC=C2||[Na+].[OH-]||N#CC,CC1(C)C2=C(OC3=C1C=CC=C3P(C4=CC=CC=C4)C5=CC=CC=C5)C(P(C6=CC=CC=C6)C7=CC=CC=C7)=CC=C2,[Na+].[OH-],N#CC,-0.41764414385321913,3.6699804455883664,-2.364838008904866,-0.07736964261642974,-0.4373318360762386,1.75506828951311,0.5997206774032431,-1.8565398774058655,0.24271584010204755,-0.043975976756776,0.051276348178917804,-0.04938679880309753,-0.5108463334034472,1.0078633955209624,-0.6487304808372371,0.12196924100647555,-0.55443028377885,-0.5523000253864171,0.5963982945788411,0.07412496679319364,0.08880752456107668,0.37888865215139556,-0.37774805574485326,0.2292893534261759,-0.026595915641489262,-0.03295353475387039,-0.04205560917163736,-0.04887472226513366,0.0026051450812871286,-0.041910508002440394,-8.27240670716931e-17,9.284140154590517e-16,1.2104646268531432e-15,-2.988020069779759e-15,-1.464883777092213e-15,-5.224973940667696e-16,-1.3498591389500975e-15,1.0932677852745016e-15,2.6459934864949762e-15,1.602826269639918e-15,1.053476336743283e-15,4.154468786952277e-16,-1.796227964082594e-15,-2.292113661389389e-16,1.0801518104734178e-15,7.655273221770887e-17,-3.9186119485314344e-17,-9.600826963393465e-16,6.603197279997253e-16,6.045872203856851e-16,-2.2810120391897507e-16,4.227669179564275e-16,-3.7775183836984874e-17,-2.987396615393913e-16,-4.3310586352654994e-17,6.062924925000549e-17,2.2186998274180093e-16,2.254083430600554e-16,3.412432478814084e-16,2.0063730049958745e-16,-8.642728890282267e-17,2.56964554558589e-16,-1.8118559197932478e-16,2.573974795848925e-17,1.0196027193262096e-16,3.7826240043068657e-16,1.9935900197567182e-16,1.4115575067116755e-16,-3.8799652013789215e-17,-3.052509578258747e-16,3.7366895809665727e-16,-2.351919956366168e-16,-9.312359573555896e-17,-1.8345639454923089e-16,4.360218343721031e-17,1.021122390569963e-16,-7.015167469842528e-17,1.5189156483111654e-16,4.1501546722253585e-17,1.211041750633429e-18,6.601951382485457e-17,6.190444921448473e-17,1.0082971007199394e-16,1.2252170037445066e-16,1.1533826089413953e-16,6.983020443372245e-17,5.557617169606945e-17,-3.030875533924412e-17,8.565632299093759e-18,1.8979557601918316e-17,-1.1363638209929161e-16,1.779797306155317e-16,1.0721151583176369e-16,-2.7297877122047294e-17,-1.0160420466870278e-16,-1.2997779454322269e-16,-1.371657277206016e-16,-2.1811899598070686e-16,2.0655498912302697e-16,-2.2711985795200197e-16,1.0985681849672988e-16,3.340705437248654e-17,1.8464838695395277e-16,-2.677457385810945e-17,1.300058021535137e-16,-8.898020702917552e-17,-1.1150840788662828e-16,6.588536329291095e-17,2.077683273786191e-16,-2.52078051295415e-17,1.2740489326521898e-16,-3.7858368534336804e-17,2.331815575703327e-17,2.5034147876888965e-18,9.203515520901842e-17,-1.768188076901626e-16,9.285881878150626e-17,1.0483244701838311e-16,8.871888351915902e-17,-8.326657888614905e-17,8.481131117419873e-17,-3.213419658861366e-19,1.6045944118272597e-16,8.052742883033832e-17,6.781943526655461e-18,-6.445032855470271e-17,-9.916081938744455e-17,-2.2120613736640784e-16
CC(P(C(C)(C)C)C(C)(C)C)(C)C.OC([O-])=O.[Na+].N#CC>>,CC(P(C(C)(C)C)C(C)(C)C)(C)C||OC([O-])=O.[Na+]||N#CC,C_7f418a453179,CC(P(C(C)(C)C)C(C)(C)C)(C)C||OC([O-])=O.[Na+]||N#CC,CC(P(C(C)(C)C)C(C)(C)C)(C)C,OC([O-])=O.[Na+],N#CC,-1.3359000999125021,-0.918969722848722,-0.09642649226654273,0.5749723690349882,0.22738793873179344,1.3877980403134262,0.1668180195590768,-0.04151224345870209,1.4668197535241938,1.1651933621134474,-1.1694318964147026,-1.5604388380248855,-1.0189215845313218,0.26202920148726244,1.0462632831766152,-1.7875461992078818,-0.8778087006869115,0.15824770103905608,-0.22778464143812005,0.06430442573278121,0.029262800197501188,0.42578640204578183,-0.2692973572421629,0.08499307264944296,-0.000776053435525192,-0.027791510841334705,0.1913338834855981,0.03125866337271179,-0.017405353919149155,0.06718733477516431,-3.4484739058694067e-15,1.3432364069429218e-16,-1.0917972030833583e-15,6.701899773654287e-16,1.0790917163875334e-15,-1.078127227156897e-15,-3.6666659305255666e-16,-2.5641236286329966e-16,-1.7269540756570758e-15,-5.803048810656766e-16,-6.609502514095592e-16,-5.472822169828557e-16,6.399826762531645e-16,-1.920525726268233e-15,2.4517583939312396e-16,-4.4028556862345607e-16,-1.2061631984190695e-16,-1.2422381506747729e-15,1.255100755853318e-15,-1.889663837045036e-16,-1.1815808483743206e-15,6.631884819585141e-16,3.6260249090406577e-16,-3.246776806013672e-16,-2.899776309640148e-16,-6.119047171622985e-16,-1.2881585159299428e-16,-1.0645434994411851e-16,1.9139660639622862e-16,-3.186027392932397e-17,4.101472160211463e-16,2.0247476211642496e-16,-3.6996980328625595e-16,-3.426779720081098e-16,1.2069146059359138e-16,3.7833799578116006e-16,5.3039221365413764e-17,2.0589649977892789e-16,-3.415488219528053e-16,-1.1979841166629862e-16,-1.5044339360428316e-16,2.1783373702124355e-16,7.758393059753808e-17,1.1936872053025333e-16,-2.2504423967852343e-17,-1.0425224744255004e-16,-8.253380351298256e-17,7.211408014096708e-17,-6.468677760228338e-17,2.4996882015560823e-17,-8.407917930387506e-17,-9.999991301376247e-17,-1.1943730138594863e-16,-5.111089429570303e-17,-4.34828786523488e-17,2.7387893955331744e-16,1.5986269348889454e-16,1.0020101118955199e-16,1.0933014651754423e-16,-1.8467670066256475e-16,4.067864060024385e-17,-1.365083189929036e-16,1.015150666531133e-16,-2.203234346375981e-16,-2.6505216934711863e-18,7.727356562348758e-17,3.128724463319908e-17,1.4616125226010095e-16,-4.6000960840852375e-17,7.543430755016368e-17,-1.3030348627928758e-16,-9.920452761408611e-18,-8.024740429850441e-17,-1.5947323432443677e-16,1.8390351374549643e-17,1.3264061434877083e-16,1.2324148984148556e-17,-2.2475718652359174e-16,-2.0725610036915614e-16,6.433722214434657e-17,1.4132224823455871e-16,1.4933625776433963e-16,1.2204725192418445e-16,2.7234560451490604e-17,5.293477843632111e-17,1.1035909034352686e-17,-8.186770664077008e-17,-7.369835251184103e-17,-2.5263965625346597e-17,-2.4461093496016546e-16,-2.3740792109383768e-17,-7.67524028244329e-17,2.256612239336018e-17,1.0919474509999369e-16,1.182031908836731e-17,-1.0950278057454497e-16,3.946989375232276e-17,2.730941928174766e-16
P(C1=CC=CC=C1)(C2=CC=CC=C2)C3=CC=CC=C3.OC([O-])=O.[Na+].N#CC>>,P(C1=CC=CC=C1)(C2=CC=CC=C2)C3=CC=CC=C3||OC([O-])=O.[Na+]||N#CC,C_b174264ba087,P(C1=CC=CC=C1)(C2=CC=CC=C2)C3=CC=CC=C3||OC([O-])=O.[Na+]||N#CC,P(C1=CC=CC=C1)(C2=CC=CC=C2)C3=CC=CC=C3,OC([O-])=O.[Na+],N#CC,-0.25972360210905915,1.4604809646297219,-0.4271082537721774,0.41899722398845146,-0.05034970795535399,1.312302994958508,0.22306970952278576,0.27910941882982604,-0.16076554352058794,1.2769152549143103,-0.41944769480440114,-1.3727536136304594,-0.968452990812013,0.22321885263882385,0.15163120600466837,-1.7064854777473324,1.8553617193096357,0.09862833682732725,-0.24152924612920829,0.5577946078663817,-0.01581571045770666,0.1888605091324649,-0.2312198744701689,0.07054957715250408,-0.00621397226034271,0.06175999250286817,0.2213269823411039,0.022023430449007012,-0.04117808085374557,0.04594487918568334,-2.3951990122566563e-16,4.431051398579967e-15,1.0041682080581803e-15,-4.462167628024986e-15,-5.045465496908776e-15,-1.6967338706315328e-15,2.4889596123160343e-15,-1.4860865901167237e-15,-4.2026346237844173e-16,-1.150478267922935e-15,9.315928323619477e-16,-1.0352601878700536e-15,4.496753131468929e-16,-5.008622816891423e-16,-7.268480473847375e-16,6.807244757612034e-17,6.998108218551215e-17,4.993531799653074e-16,-2.9446730929662117e-16,1.681069944982782e-16,1.6381445147502746e-16,-1.3679583037972301e-16,6.212694488918281e-17,-1.7325057616761068e-16,3.633570349970329e-16,5.4047488246376186e-17,-1.597674775863345e-16,-2.756195185743029e-16,-1.210806571982241e-16,-3.321491358083547e-17,-1.2499697281077564e-16,-7.232508575672598e-18,-2.0412495350219433e-16,-3.082514642095763e-18,-1.7156295117756014e-16,-6.035362651353547e-17,-3.651543758741612e-17,5.039467497619221e-17,1.0584146886862963e-16,9.2784854191929e-17,-3.7147387701921165e-16,-1.3747648918969145e-16,-9.889478300855388e-17,1.429174411346877e-16,2.0897707886077343e-16,-9.251059796145166e-17,1.6304756007383907e-17,8.154829397938708e-17,-1.152977375209009e-16,7.624142741509502e-17,-4.052596024364825e-17,-4.086002676156918e-18,-1.5006781571180873e-18,2.2087820139787506e-16,1.6165030323062189e-16,-1.0211952442995844e-16,6.751831045438773e-17,2.0909477738427846e-17,7.475243625523005e-17,-5.4282613153093465e-17,5.451950944661104e-17,-5.689562445858585e-17,-6.397656378903844e-17,-2.330505620928466e-16,1.2862119815899233e-17,-1.4069796825863232e-16,2.3918485242661556e-17,9.671058636957265e-17,-3.78328368168122e-17,1.1821416583593519e-16,-6.271167409403901e-19,9.765660810329918e-18,-6.503393191206287e-17,2.146677322760011e-17,1.2988897171560436e-16,4.186662632859854e-17,2.6532022574881425e-17,-3.7015123935231867e-17,-6.157259599342999e-17,1.0650757453366193e-16,-5.319464955853351e-17,1.511719429491536e-17,1.0829708998061313e-16,-4.049999382525407e-17,1.358006671200246e-16,8.549322453034373e-18,-8.779130280494572e-18,-5.836620255853697e-17,-7.919296612276345e-17,4.900059511237398e-17,1.0079036823601297e-16,3.604583099631767e-18,-5.764493374584876e-17,-1.9722711641114924e-17,6.253594832333083e-17,4.295436325837341e-17,7.191343378835641e-17,-1.2232325269224133e-17
CC(C)(C)P(C(C)(C)C)C1=CC=C(N(C)C)C=C1.OC([O-])=O.[Na+].N#CC>>,CC(C)(C)P(C(C)(C)C)C1=CC=C(N(C)C)C=C1||OC([O-])=O.[Na+]||N#CC,C_75a7865608f8,CC(C)(C)P(C(C)(C)C)C1=CC=C(N(C)C)C=C1||OC([O-])=O.[Na+]||N#CC,CC(C)(C)P(C(C)(C)C)C1=CC=C(N(C)C)C=C1,OC([O-])=O.[Na+],N#CC,-1.3822225062469782,0.04484625112525545,0.9728155121764995,1.6726413727145055,3.7655182474579885,1.3032754419034474,0.480656390773804,-0.5993384021596386,-0.8009017585565892,1.5120925115099817,-0.3984524251710932,-1.137265225587459,-0.8871681945288654,-0.29797042531711765,-0.760134473181633,-0.812670130021797,-0.03925533303649448,0.10691143365172713,-0.13604455105174257,-0.054156541898251975,0.03769151484342543,0.08098346311307414,-0.3830693151170899,0.3853576887119156,-0.3750183092918148,0.07824888615612702,0.0068931416558814995,-0.037032934049894516,0.035369904604005735,0.3154494175546583,-2.00049555791652e-15,-2.709320772457114e-15,-4.200822471459378e-16,9.825172065147243e-17,-5.9560689216547495e-16,3.8378353046570833e-16,1.793377618277779e-15,-5.422284469662219e-16,3.4441021541548123e-16,1.3240154645547449e-16,-8.767499737686322e-16,-1.4778448386657874e-16,1.1017387838923719e-15,1.1804158834420756e-15,8.766017182955717e-16,7.437975286819475e-16,1.2024807049576816e-17,-6.567941955292253e-16,9.873095913045572e-16,-3.4811641174200204e-17,-7.994662316278212e-17,4.122313581895701e-16,4.5924020777877e-16,3.13733619433259e-16,5.696516660157521e-16,8.824124036516189e-17,-1.6204467990904955e-17,-1.3139901911853657e-16,-7.680925473211237e-17,6.325710800242922e-17,1.3831831307373778e-16,-1.577303277882311e-17,4.851164715753026e-16,-7.757282846347867e-17,-1.0731669849071701e-16,1.2721865662788594e-16,2.491350033734432e-17,-1.3509404516639288e-16,3.562974962768696e-17,6.489597763532875e-16,4.42062308558693e-16,-1.8403767316112283e-16,3.6888334579147204e-17,4.901196060665661e-16,-1.9427702504457864e-16,-8.534960883174604e-17,1.9860012885980886e-16,1.2428330952384155e-16,-1.976211344243767e-16,3.071936145517414e-17,5.936233061833937e-17,-9.351106649812278e-17,2.4183314809522676e-16,1.4547935339474445e-16,8.385716870559315e-17,-1.9689181439494394e-17,-2.9630050260703353e-17,-5.1314616454905544e-17,1.6007382472006046e-16,6.295046377337071e-17,-3.853262660810187e-17,1.3555849267298093e-16,2.5590032809479973e-17,-1.2537786944708455e-16,-6.424254984985283e-17,-1.921214459441044e-16,-1.5724359988880052e-16,-1.1256651042261348e-16,-8.10807328223264e-17,5.881394525073308e-17,2.1844323978374846e-16,1.2529648106614182e-16,-7.08668950653179e-17,1.6900333051928855e-16,-1.370872840538466e-16,-3.1353959032384313e-19,2.98851203998517e-16,1.1424853115844124e-17,-3.0306133277916793e-18,2.494729426825503e-16,-1.0663774199532534e-16,-1.9025251252913382e-16,-1.1294651042368763e-16,-1.8454391542225468e-16,-2.0201458886711912e-17,7.791721009943559e-17,1.1487039110153594e-16,1.3268750003186037e-16,6.143018225678491e-17,7.619963199015524e-17,2.275437618987657e-16,-1.0014577780767134e-16,1.5227324225445934e-16,8.322899109681111e-17,-2.240298852007101e-16,8.8544387456242e-17,-1.2270174845653633e-16,-2.4196239321682997e-16
P(C1CCCCC1)(C2CCCCC2)C3CCCCC3.OC([O-])=O.[Na+].N#CC>>,P(C1CCCCC1)(C2CCCCC2)C3CCCCC3||OC([O-])=O.[Na+]||N#CC,C_764179003ddb,P(C1CCCCC1)(C2CCCCC2)C3CCCCC3||OC([O-])=O.[Na+]||N#CC,P(C1CCCCC1)(C2CCCCC2)C3CCCCC3,OC([O-])=O.[Na+],N#CC,0.03207700121205647,-1.4705061713149874,-0.42326140401268203,0.3952431554036598,-0.12789909527549373,1.2209111614466819,-0.06349182242626253,0.17324982821874602,2.358031024290894,1.3120191645439077,0.2923696420540997,-1.7905915123464777,-1.3421119584856913,-0.5946131503899754,-1.6888676857346883,-0.563287472534315,0.23399790172070337,0.09723719411471315,-0.23547056244782663,0.5720359222074749,0.016878566457003502,0.23653705126893174,-0.056724107805113146,0.15733502320387915,-0.011720761234971353,0.08779563058218222,0.2199303551450647,0.060749694524141806,0.07567140800552392,0.04523663871110118,-1.2177812741176843e-15,-1.7050153191401524e-16,-1.1112716278648604e-16,-2.485322756030385e-15,-1.6141657255645151e-15,2.4846771732327556e-15,-2.6834819648374994e-15,1.6170617357526015e-15,7.379429816800823e-16,6.428450955758434e-16,-4.818923932050704e-16,2.010628093519412e-15,1.2226258022916463e-15,1.0620264306223772e-15,-5.786532105561375e-16,-1.7505244039168057e-16,3.449497559673896e-16,4.0041762070800246e-16,6.997699106211199e-16,-9.943142262489968e-17,1.9930183365869832e-16,1.4696940766434863e-16,-3.9786642701596614e-16,-2.900529353680908e-16,-4.678048910964117e-16,-2.5682277238594165e-17,-4.2462580567605683e-16,-5.831916748510062e-16,-1.5313302178533734e-16,-2.978940578432917e-16,-1.649781861303151e-17,2.0067053806626126e-16,2.2878190409236523e-16,7.189847004021262e-18,3.886774454083028e-16,1.3228624133805474e-16,-1.2875733935753076e-16,7.198960623717194e-17,6.824942726398748e-17,-7.924640660865276e-17,-1.5610144817542409e-16,3.4692283296526396e-16,-1.7856121771847728e-16,1.511436289390969e-16,-7.31485693662086e-17,9.631231386633158e-17,4.1116817925202946e-17,-6.912255375156465e-17,-5.853673610767954e-17,-2.486135742016534e-17,-1.4296200810481006e-16,7.764739698440612e-17,-4.85255062408653e-17,-2.424218731314582e-16,-1.4057497495903574e-16,1.4352977492863398e-16,-1.4976792617488924e-16,6.291051928247732e-17,4.105049980723408e-17,-1.3942365854164225e-16,-2.5085672749456052e-17,-2.3225835589062944e-16,9.986940460839731e-17,5.843294608041197e-17,5.299944788971986e-17,-1.3840766331734595e-16,6.077735165823216e-17,7.583071786058095e-17,-2.846484758224429e-17,-1.354028046558085e-16,7.357719166623948e-17,1.0175094972696934e-16,-2.0869345580905083e-17,-3.388159974963583e-17,3.232440132071211e-17,-1.120774438484724e-16,-7.482896407990616e-17,-1.020077222942972e-17,1.6853718492849973e-16,1.493156201793701e-17,7.4334879211103e-17,-1.148027967140104e-16,5.574564632290809e-17,2.044456655800557e-17,6.504546059041806e-17,1.3383075488435504e-17,-4.9953899546229696e-17,-4.33769720417667e-17,4.850145465449469e-17,1.1805231310778794e-16,9.346909388549243e-17,7.19825971401464e-17,2.2789069571569637e-17,7.831697189045573e-17,2.6150662381302316e-17,9.296425548228605e-17,-6.102088340930206e-17,1.2683526698496144e-16
CC1=CC=CC=C1P(C2=CC=CC=C2C)C3=CC=CC=C3C.OC([O-])=O.[Na+].N#CC>>,CC1=CC=CC=C1P(C2=CC=CC=C2C)C3=CC=CC=C3C||OC([O-])=O.[Na+]||N#CC,C_11fc259b218e,CC1=CC=CC=C1P(C2=CC=CC=C2C)C3=CC=CC=C3C||OC([O-])=O.[Na+]||N#CC,CC1=CC=CC=C1P(C2=CC=CC=C2C)C3=CC=CC=C3C,OC([O-])=O.[Na+],N#CC,-0.4293784938036282,1.8731532276606062,-0.5914439778397379,0.3951966605405339,-0.024169785217455133,1.360923791260451,-0.7118618997494193,2.7008037944838486,-0.5977161590240194,1.2762573621383726,-1.6514281530026997,-0.8497540863117584,-1.3111624590168873,-0.48773587003691327,-0.9360941177335932,-0.9264124353088455,-0.5181243308062309,0.11959108280643091,-0.23384577048576427,0.5309626273272947,-0.01729315969939393,0.19091593930144346,-0.23267400913334157,0.06132157724117978,-0.0128834877410715,0.059406650342767535,0.22115569130159415,0.021397078494485806,-0.04105096423871771,0.0461434745316877,3.917769226383486e-16,-7.239743283951247e-16,2.365454765141475e-16,-5.803687677624163e-17,1.2941388704379728e-15,1.2886331423296215e-15,4.2019390908767937e-16,1.4463768143335248e-15,3.556473571065765e-16,-6.368273569179371e-16,1.25843139284791e-15,5.553865076134096e-16,-3.348434182809749e-16,-1.0762802167715976e-15,7.329161249125752e-16,-2.181891720278509e-16,-9.754145116656216e-16,-3.35353747913506e-16,-2.624977140824073e-16,7.733879730889414e-16,8.509919128703846e-16,-3.8505151320085404e-16,-1.3124022503768456e-17,6.21250874328856e-16,2.5272445982858124e-16,-2.1729814222776515e-16,-4.206564343443455e-16,-6.067961294891998e-16,1.6470443675378712e-16,2.298144103514201e-16,-3.3710089161613523e-16,1.424633622297189e-16,2.934768835136351e-17,9.581491260846082e-17,-9.194557853334607e-17,-4.382846888118923e-16,-2.4764463885971152e-17,3.2080247396108824e-16,2.975559882839385e-16,-6.411793700092421e-17,4.4060123547230964e-16,-1.4242516705189443e-16,-1.654310796337088e-16,-1.7796911496051734e-16,1.1419811233828998e-16,-1.075933242138575e-17,-1.0106334244939343e-16,1.2380764529414795e-16,-1.1484287583363715e-16,-8.488125228068783e-18,1.5541321689174738e-16,5.8756769358525975e-18,-1.454390798720671e-16,-1.3111101746582806e-16,-9.789973569232722e-18,1.2484727309857572e-16,1.3895508161478508e-16,-1.3937231721687473e-16,1.1483312428999705e-16,-5.768453033123947e-17,2.5871180825316523e-16,1.1207180185826642e-17,-1.552001229905344e-17,9.394426556444794e-17,-7.825983138637983e-17,5.831478018839754e-17,-3.762657574179401e-17,-1.3995378297968495e-17,-1.286196221067261e-16,1.0240075079104982e-16,-1.3397232603378162e-16,1.1610421246190454e-16,-1.5467793250031506e-16,3.948480496047344e-17,-8.654251142160315e-18,2.042068900770602e-17,-6.292196659976618e-17,7.362962910549861e-17,-1.6506555553205838e-16,-1.7875414298942667e-16,-2.8490603547245723e-16,2.790771566636404e-16,-2.6756699907114937e-18,4.113939491847364e-17,-9.640808386974031e-17,6.5854086919284054e-18,3.5539944645284353e-17,7.554786814733695e-17,-1.9240935256122726e-16,1.3318924148745679e-16,-1.5290891288559048e-16,8.81830841109892e-17,1.989502487073627e-17,-1.6175465500147136e-18,3.3840537317615963e-17,1.204421645765368e-16,1.0567209304170465e-16,1.35959497480383e-16
CCCCP(C12C[C@@H]3C[C@@H](C[C@H](C2)C3)C1)C45C[C@H]6C[C@@H](C5)C[C@@H](C4)C6.OC([O-])=O.[Na+].N#CC>>,CCCCP(C12C[C@@H]3C[C@@H](C[C@H](C2)C3)C1)C45C[C@H]6C[C@@H](C5)C[C@@H](C4)C6||OC([O-])=O.[Na+]||N#CC,C_113c74b9d1b2,CCCCP(C12C[C@@H]3C[C@@H](C[C@H](C2)C3)C1)C45C[C@H]6C[C@@H](C5)C[C@@H](C4)C6||OC([O-])=O.[Na+]||N#CC,CCCCP(C12C[C@@H]3C[C@@H](C[C@H](C2)C3)C1)C45C[C@H]6C[C@@H](C5)C[C@@H](C4)C6,OC([O-])=O.[Na+],N#CC,-1.696864630282642,-3.3318962137711616,-2.484695078224333,0.5852067828202737,-1.0840295843050574,1.263389591315903,0.4457313771345594,-0.435784697940314,-1.826196727392558,1.4943741957461174,-0.6624094480953846,-1.0326986353371932,-1.084407604264078,-0.23131171959761374,-0.7677538624505408,-1.1034805747348528,0.036179293760733866,0.1359232596883308,-0.23631009607922226,0.09717169292862615,0.06388212273205583,0.4748748823723775,-0.09477475300154582,0.17762113004224905,-0.015150524807579913,-0.008052725892048652,0.17222509998325916,0.04424980715592676,-0.018891697477045312,0.07360842055727067,3.9295724824519004e-16,9.472703606865784e-16,3.5144310141410425e-16,1.5254203127843914e-15,6.595151430268595e-16,-4.51574595827259e-16,3.213611406177965e-16,-1.6646444443471266e-15,1.4024195152666573e-16,-2.528870774587648e-17,-8.014167680680898e-16,-2.610002260077172e-16,-1.770668146162697e-16,-2.9800415716576173e-17,3.4838678964729917e-16,9.194126270215328e-16,-1.4619860331513077e-15,-6.662163025173396e-16,1.6737779061358393e-17,8.475496643128973e-16,8.299441353181951e-17,-8.5859397178221555e-16,-7.187136995669036e-16,-4.2182231899317603e-16,-6.256808313634765e-17,1.589845771859776e-16,1.933218513042271e-16,5.3498065133601973e-17,-7.919281559083399e-16,7.474231674889864e-18,-5.1592961334018574e-17,-1.2938147596967944e-16,6.273914123943209e-17,1.4585254888893155e-16,4.767256926353994e-16,7.128703954475084e-17,1.578437294239982e-17,8.982036321544727e-17,-1.408979187978736e-16,-2.5492477370694647e-16,-1.9707354271301822e-16,7.503824462217075e-17,-1.7919250564439895e-16,-4.9544415927159586e-17,-9.161767315945132e-17,2.042543461368975e-17,-1.362870854342602e-16,9.777894756598875e-17,-1.6518651453737434e-16,-1.0979230784220409e-16,8.059865272072195e-17,-3.758662869676181e-17,-1.4050703953245494e-16,9.213977249361687e-17,1.7758841914660977e-17,-1.8132090120203025e-16,1.2313540966851944e-16,2.331872703596771e-17,-1.140291942016618e-16,8.094411165185172e-17,3.8153587505004744e-16,2.7687931116443392e-17,2.6995052961110478e-17,7.783528373178542e-17,1.1188268531426696e-16,6.092673415108506e-17,8.190465697125958e-17,-9.819489195838877e-17,3.5259158818161517e-17,-1.3537105842574491e-16,-1.1159030144862768e-16,1.3381940404040278e-16,4.2362509151473604e-16,-7.931985134191737e-17,-2.5718536980409363e-16,-1.9441915857007403e-16,4.907954843842948e-17,8.602095160856909e-17,2.9840049802744595e-16,5.672651820530813e-17,-2.684032063155229e-16,-1.5029728475739768e-16,3.965277633235499e-17,1.2080176550534907e-16,-2.5188250053903724e-16,5.935381242486983e-18,2.7600767026611043e-17,1.1241403819530055e-16,7.832578395155864e-17,1.5167526480096267e-16,4.7856015067525685e-17,8.917158607827605e-17,-4.328756367211338e-17,1.4447133590777413e-16,-8.886537703045103e-17,-5.3679567766502854e-17,-5.4114911685871137e-17,3.0215322834066556e-17
COC1=CC=CC(OC)=C1C2=C(P(C3CCCCC3)C4CCCCC4)C=CC=C2.OC([O-])=O.[Na+].N#CC>>,COC1=CC=CC(OC)=C1C2=C(P(C3CCCCC3)C4CCCCC4)C=CC=C2||OC([O-])=O.[Na+]||N#CC,C_7eba3d9fb2b7,COC1=CC=CC(OC)=C1C2=C(P(C3CCCCC3)C4CCCCC4)C=CC=C2||OC([O-])=O.[Na+]||N#CC,COC1=CC=CC(OC)=C1C2=C(P(C3CCCCC3)C4CCCCC4)C=CC=C2,OC([O-])=O.[Na+],N#CC,4.071679034093209,-0.4612259833440253,0.44901669976845515,0.4282902071965459,-0.034273633815584015,0.9779942639576715,3.127526306436378,0.3673728784383307,-0.23180142733026796,0.9587784011391489,-0.902413245649184,-0.9065649804993188,-1.1468036788160305,-0.06830772829607099,-0.6144521467107253,-1.1945526485991085,-0.17162941612813187,0.13708358951231434,-0.14291917918099936,0.5396089911527818,-0.05138781288244108,0.21824566848021534,0.2452918299623725,-0.3706764052900588,-0.2958656958077141,0.026039348425874725,0.0153968364669157,0.17826279619745955,-0.02109655633752656,0.10542717331151344,1.1378470129972913e-15,2.3346738522235366e-16,-4.43429843277653e-16,2.853134533137833e-15,-1.219778950750902e-15,2.5721381182677994e-18,-7.257979916397806e-16,-2.3546838744312995e-15,1.6792419315234207e-15,1.5474127445517078e-15,-6.089170492373639e-16,-2.3966434976058524e-16,9.174994896688233e-16,3.657695009440617e-16,4.109331635428754e-16,-2.177467795487643e-16,-2.367636417407879e-16,1.5501685697003604e-15,3.408441588605547e-16,-8.006455803853032e-17,-8.869003467958679e-17,-2.570840378887421e-17,-2.998366301101639e-16,5.905134535033834e-16,-4.004919305551926e-16,-9.95510717559622e-17,-2.892253293797173e-16,1.12517714180616e-16,3.2147407298448556e-16,1.5476290421705587e-16,2.7628918369219336e-16,4.0281956909176114e-17,-1.0698490564645705e-16,-1.3221262366404565e-16,-2.9709866832419973e-16,-1.6547862489411974e-16,-2.0996844480261803e-16,-2.934133986292394e-17,-2.7831448723192185e-16,6.37516913715369e-17,-2.4710801396911415e-16,-7.50163099373678e-18,-1.6749614176500746e-16,-2.1790356033338216e-16,1.5634156308189196e-16,-1.5968545807940487e-18,-8.349154148405325e-18,-4.40005790864346e-19,1.7385137346827465e-16,-6.823358075086956e-19,1.2968224900083984e-18,-1.1031691611959975e-16,-2.535093949614046e-18,2.3123790959756014e-17,2.29947594254818e-17,7.161420950763539e-17,-5.061739087258936e-17,5.27839192589088e-17,-4.215049724374093e-17,1.1563834869698447e-16,5.820179491869558e-17,-1.213311244059709e-16,-1.6526198354405286e-16,7.819099010734185e-17,-2.6062831095210854e-16,-6.210327821149239e-18,2.2694639499121496e-17,3.5775828583307514e-17,-6.73765351099351e-17,1.821495976097344e-16,-7.707940303189649e-17,1.1072916499666631e-16,2.2832373680144987e-17,6.969921697444984e-17,-6.916091998907498e-17,-8.697308011274386e-17,-2.6090519659881685e-16,-1.097885524516608e-16,4.7721016349677454e-17,-4.7209769043979856e-17,-5.0426791619203974e-17,4.6647278286042115e-17,-9.046379960856946e-17,1.967838639126758e-17,2.1439189857679612e-16,-1.0180077277875927e-16,-3.669335467201937e-17,-4.342385873302443e-17,1.497558185422221e-16,-2.767403205097842e-17,-7.485111928357348e-17,2.967480526296503e-17,-8.452002106799237e-17,-5.114798405072955e-17,-5.882591978663141e-17,-5.343067387798878e-18,1.506829183476293e-16,-1.9364788980039552e-17
CC(C)(P(C(C)(C)C)[c-]1cccc1)C.CC(C)(P(C(C)(C)C)[c-]2cccc2)C.[Fe+2].OC([O-])=O.[Na+].N#CC>>,CC(C)(P(C(C)(C)C)[c-]1cccc1)C.CC(C)(P(C(C)(C)C)[c-]2cccc2)C.[Fe+2]||OC([O-])=O.[Na+]||N#CC,C_1c90b2151d64,CC(C)(P(C(C)(C)C)[c-]1cccc1)C.CC(C)(P(C(C)(C)C)[c-]2cccc2)C.[Fe+2]||OC([O-])=O.[Na+]||N#CC,CC(C)(P(C(C)(C)C)[c-]1cccc1)C.CC(C)(P(C(C)(C)C)[c-]2cccc2)C.[Fe+2],OC([O-])=O.[Na+],N#CC,-1.8908319472152468,-0.24512126533954126,2.669332610903466,-0.4429606623228096,-1.0563459711204068,1.3052927087666282,0.3275219903392164,-1.177790900779023,0.2851767526854152,1.2152886889481331,-2.3417413823047952,-0.27053562229158795,-1.0580335006414712,-0.22040384828442566,-1.1460294786344671,-1.0455768434254296,0.3678780775742535,0.13478348634518084,-0.23446297812659805,0.07235484761122275,0.02474443678994896,0.41597351893630835,-0.283352383423165,0.07992450741054023,-0.00207822382771101,-0.02806979516757094,0.1908487882378066,0.030357429466038605,-0.020168521071479685,0.06738595256535844,-5.252564730306935e-16,7.944556009202156e-16,-6.577505882548855e-16,-1.6580321405079216e-16,1.4110342475775076e-15,3.9316644817510695e-16,-3.6521132384896436e-16,-5.405371295022598e-16,-2.0211152716749584e-15,-1.0017963011570338e-15,5.123864698568745e-16,-6.600225088629782e-16,-1.730562998612724e-16,1.0000950179195448e-15,-3.348671742145138e-16,4.735923897230143e-16,-4.1917554460554845e-16,-2.759950145990152e-16,1.876266105442176e-16,-4.023976781448097e-16,5.189617259882089e-16,-1.164790999231566e-16,1.3454493072663192e-16,8.17745563379689e-16,-6.121690694564042e-16,3.3968070360587077e-16,3.9479851820318247e-16,-5.674760550207249e-17,3.376894722482641e-16,-3.7865097089253214e-16,2.4665541644533077e-16,2.0901908567218868e-16,-7.488639557312818e-17,-2.767923367280742e-16,1.6640767385499968e-16,3.104512637488421e-16,-1.4312462284478103e-16,2.7378494572252616e-16,8.359033478827166e-17,1.751805800012166e-16,2.0021657700726052e-16,1.8042835993490185e-16,1.1876861877583508e-16,-3.891838566701517e-16,9.709998557793116e-17,1.1978859487213016e-16,-5.405072835524038e-17,-1.4612237888334033e-16,-3.7100895532755327e-17,3.5661008200145837e-16,1.8998722330284318e-16,2.3829547435708708e-18,7.292759869353215e-18,8.204581242971191e-18,2.3545645780884474e-16,-3.307869512308963e-16,-4.4628742096996226e-18,5.4575499914521535e-17,-4.438605518051153e-17,2.2626985341092007e-16,-2.2198466486062212e-16,2.3523346848317544e-16,9.1005626366214e-17,-1.9463789059309783e-17,1.6715867587534378e-16,-6.115443217556448e-18,1.3260003081503094e-16,-6.429533013302858e-17,8.337066819353392e-17,-1.4734888302529504e-17,1.4307731907120512e-16,-7.456788907860341e-17,2.866271165740392e-16,4.228449830741532e-17,-2.36587048969881e-16,1.7756232004604805e-16,-1.8512746020109645e-16,-5.71519947330969e-17,1.713383629503239e-16,-6.778596869810978e-18,6.566553572518517e-18,-3.6876276107714006e-16,-9.970382931680763e-17,1.2767801833229812e-16,8.14329326895274e-17,-2.214774192379597e-16,-1.3548844633556068e-16,1.9831691479292354e-16,1.0448632037686143e-16,-6.44570500583393e-17,2.6644058806961116e-16,3.6521199407783574e-17,1.1412305331062172e-16,7.759292963265373e-17,-4.8498934766427555e-17,1.474066758321897e-17,-3.442593038760567e-17,-2.342596737119066e-16
CC(C1=C(C2=CC=CC=C2P(C3CCCCC3)C4CCCCC4)C(C(C)C)=CC(C(C)C)=C1)C.OC([O-])=O.[Na+].N#CC>>,CC(C1=C(C2=CC=CC=C2P(C3CCCCC3)C4CCCCC4)C(C(C)C)=CC(C(C)C)=C1)C||OC([O-])=O.[Na+]||N#CC,C_84dca9ffd58f,CC(C1=C(C2=CC=CC=C2P(C3CCCCC3)C4CCCCC4)C(C(C)C)=CC(C(C)C)=C1)C||OC([O-])=O.[Na+]||N#CC,CC(C1=C(C2=CC=CC=C2P(C3CCCCC3)C4CCCCC4)C(C(C)C)=CC(C(C)C)=C1)C,OC([O-])=O.[Na+],N#CC,4.476572243191924,-0.5690034473373817,0.44799968129026885,0.525274354931765,0.013214589658220886,1.7085099402959911,-2.3117667116055407,-0.9766020837024939,-0.5190863085672779,1.4322178096838962,-0.703501087070607,-1.0566532222842382,-0.7844657258875078,-0.013002008823380302,-0.5465940389746895,-1.2349053713261795,-0.04635353245000557,0.1592826980805402,-0.14769020399987473,0.12926636143573056,0.02169334238753287,0.544085071457837,0.11243439649915672,-0.2699468944163886,-0.41146614976219487,-0.07058652086451064,0.10118915739658971,0.03392653602696763,0.02331268368470197,0.07650356896885646,-1.4119681051216963e-16,-4.781152838705957e-15,4.950171614745298e-16,2.2891998394477945e-16,1.1696449539448556e-16,9.243316205594117e-16,1.2063139037306251e-15,1.421197576647094e-16,4.464355113389217e-16,-9.161632875811962e-16,1.2989676241263057e-15,-9.954670421773807e-16,-1.4642181196778853e-15,6.363456021468658e-16,1.117073326145347e-15,-8.428696116270783e-16,4.1362309065599557e-16,3.689066925163198e-16,4.716786989025392e-16,-8.930007618247124e-16,5.42023946626947e-16,3.091726353965655e-17,1.3481411231318725e-16,-9.524954211168746e-16,2.4086434143502135e-16,6.608740786702842e-17,-2.297951225294123e-17,8.914106946094288e-17,-4.445443279113989e-16,2.999150037988426e-16,-1.3874710042582676e-16,-2.5010692817485063e-16,-4.954274620057934e-16,-1.5151541649035796e-16,4.624436291083056e-16,-3.0915198720556905e-16,-3.1461878101035564e-16,-5.4394046034545145e-17,-8.055856655410479e-17,6.262970311428237e-17,-1.6897221985999914e-16,3.930619593663565e-17,1.0772566723976552e-16,-9.494248834888034e-17,-1.154293343754528e-16,-1.0466543427929665e-17,-4.9944556241797237e-17,-1.296609312475121e-16,3.853972051140744e-17,-1.212960582162684e-16,-2.955201782827953e-16,8.445153545543128e-17,8.011276132371102e-17,4.5242364046013457e-17,-9.885146152186008e-17,-1.4778568929053535e-16,-1.1803664432630113e-16,-1.896159624026178e-17,7.013678186186954e-17,3.884382949170162e-17,4.500506283040556e-17,5.098939812101931e-17,1.2335310804926536e-16,-2.246460020268637e-16,5.456302775964843e-17,1.7105570539313263e-16,1.2786319549567534e-16,7.046667351269475e-17,-1.5989191803508242e-16,-1.4569013350892527e-16,-8.935186187909019e-17,-2.766918827607163e-17,1.2862298098710556e-16,-1.853623161225125e-17,6.9052463403586366e-18,3.315126967117044e-17,-6.67025667707936e-17,-1.884760235082758e-16,1.1411398786135725e-16,-8.900231774572377e-17,8.314998551165026e-18,-5.1923292811599336e-17,-3.835621809330341e-18,7.023728791555825e-17,3.637441309539148e-17,-6.218551029088937e-17,2.8675916572111018e-18,-1.2181509098301463e-16,-4.5050123795922394e-17,-1.1314939580208412e-16,2.285513483550848e-16,-1.3314360665811113e-18,-8.540928278607536e-17,-1.5403845335472063e-16,2.25253286499099e-16,3.133466680954383e-17,-3.5625512719748015e-17,1.0267367335347922e-16
[c-]1(P(C2=CC=CC=C2)C3=CC=CC=C3)cccc1.[c-]4(P(C5=CC=CC=C5)C6=CC=CC=C6)cccc4.[Fe+2].OC([O-])=O.[Na+].N#CC>>,[c-]1(P(C2=CC=CC=C2)C3=CC=CC=C3)cccc1.[c-]4(P(C5=CC=CC=C5)C6=CC=CC=C6)cccc4.[Fe+2]||OC([O-])=O.[Na+]||N#CC,C_eecc0f27c3f1,[c-]1(P(C2=CC=CC=C2)C3=CC=CC=C3)cccc1.[c-]4(P(C5=CC=CC=C5)C6=CC=CC=C6)cccc4.[Fe+2]||OC([O-])=O.[Na+]||N#CC,[c-]1(P(C2=CC=CC=C2)C3=CC=CC=C3)cccc1.[c-]4(P(C5=CC=CC=C5)C6=CC=CC=C6)cccc4.[Fe+2],OC([O-])=O.[Na+],N#CC,-1.0648826922102583,0.9551207387084942,2.4778839356856843,-0.5909877552599908,-1.4341105013097908,1.180288165831703,0.28961805856123823,-0.13212308779404625,-1.2604249219960455,1.5445392850155704,0.9793461905848195,-2.0540640692097694,-1.2400323618645184,-0.3242107958887081,-0.3321409346655019,-1.0991925070760868,-0.5638075887515682,0.11906853880103901,-0.23281792124619652,0.535156289465918,-0.017831652994203293,0.1893267723335162,-0.2318232015705211,0.06012552358072696,-0.013744868265238352,0.05962714217141567,0.22088463032194458,0.02148677934686305,-0.04110139689010263,0.046194002701173166,2.070503986441686e-15,7.180307547581641e-16,-5.471789475807891e-16,9.133571647925018e-16,9.72358764815854e-16,7.206504603754977e-16,-1.3693540903936859e-15,1.6418783223440853e-15,7.203210585651578e-16,7.013111439379649e-16,-4.3137723016590743e-16,-1.7385525730308901e-15,1.5870850190871063e-15,5.963942611295104e-16,-8.343900578312751e-16,-3.325122909040738e-16,-3.0726397400080093e-16,-5.241856904666421e-16,-1.2990867415696655e-15,2.6167169450593485e-16,3.246419095502813e-16,-1.467001487121575e-16,9.634267347542536e-16,-6.009257548222353e-16,1.8440391839797983e-16,2.909449071134143e-16,1.0581875926320586e-16,2.1978710399712911e-16,-1.7522194586167216e-16,4.0793999522370254e-16,-5.015528988157855e-17,1.8075250066347942e-16,-5.900084440773721e-16,-6.924562891198066e-17,-2.5591479187482357e-16,-1.5831299865411929e-16,3.7292648179324514e-16,-1.6541617128165107e-17,-4.248317167434463e-16,-3.808336759190326e-17,4.555568356523035e-18,-3.4367970124113473e-16,-3.133850583581551e-17,6.909545744996983e-18,6.506348796823987e-17,1.7862990557166595e-16,-4.4113557459021416e-17,-2.405022248486856e-16,1.7169002772214422e-16,1.0664348708877701e-16,-2.596180729467972e-17,-2.359051031975494e-17,4.913353033487002e-17,9.35172815988164e-17,-7.75456019636151e-17,-6.841909019044186e-17,4.9341647692612503e-17,-2.048571616920513e-17,-4.1042788924473575e-17,-1.6215879301742923e-16,1.4890695111652887e-17,1.4855341787637576e-16,8.277213020648487e-17,-1.082775349417804e-16,-1.2766360632684122e-16,1.5928886470228617e-16,-1.0288579798666618e-16,2.3160646520733042e-17,3.266177880521684e-17,9.776688020828125e-17,1.0242897453241027e-16,1.6513976497539146e-16,2.0982515056010025e-17,-4.856820341273796e-17,1.919523285421349e-16,8.762095350378024e-17,6.646321742908442e-18,-4.609668940926758e-17,-4.01801697617327e-17,-6.125374841673087e-17,7.279317235427624e-18,1.1165989672232671e-16,-1.6070846111036551e-16,1.3375660324318803e-16,1.6066119119377267e-16,-1.1643353671114425e-16,3.1955340074122277e-17,6.75905688230147e-17,-2.0654910492338375e-17,1.786612195664684e-17,-9.093749509490122e-18,-2.2975743138767696e-16,3.607091196499931e-17,2.1942846177655371e-16,1.3717738751994473e-17,1.6309773086025466e-16,-8.246297928640914e-17,6.66996068696665e-17
CC1(C)C2=C(OC3=C1C=CC=C3P(C4=CC=CC=C4)C5=CC=CC=C5)C(P(C6=CC=CC=C6)C7=CC=CC=C7)=CC=C2.OC([O-])=O.[Na+].N#CC>>,CC1(C)C2=C(OC3=C1C=CC=C3P(C4=CC=CC=C4)C5=CC=CC=C5)C(P(C6=CC=CC=C6)C7=CC=CC=C7)=CC=C2||OC([O-])=O.[Na+]||N#CC,C_fd81cebeb53f,CC1(C)C2=C(OC3=C1C=CC=C3P(C4=CC=CC=C4)C5=CC=CC=C5)C(P(C6=CC=CC=C6)C7=CC=CC=C7)=CC=C2||OC([O-])=O.[Na+]||N#CC,CC1(C)C2=C(OC3=C1C=CC=C3P(C4=CC=CC=C4)C5=CC=CC=C5)C(P(C6=CC=CC=C6)C7=CC=CC=C7)=CC=C2,OC([O-])=O.[Na+],N#CC,-0.4248032829215822,3.703939644497526,-2.2815222248843408,0.43140178091173526,-0.5032964204793715,1.3192064549402294,0.6493110272416689,-1.9674601617879193,0.2221314592346824,1.2245659728614573,-0.5524652687029258,-1.015880572057526,-0.9626754028325673,-0.09756098667576371,-0.934821938605603,-1.0253587951512297,-0.43940469895993034,0.16074430667517178,-0.14079975339789516,0.03645125848383737,-0.0404570291422815,0.36633959129068183,-0.0022981279185805307,-0.41257951801979303,-0.3372270160465075,-0.11660635920103664,0.12808289557537147,0.024861778477597966,0.017841585540912565,0.08802375520621578,-1.8488212381721924e-15,-4.423722579087345e-16,-3.911117978203958e-16,4.2707813625276927e-16,7.35515579771603e-16,3.9502701590190993e-16,6.752770323048146e-16,1.0221065674780842e-16,-2.6008548949550504e-16,6.440251401147231e-16,-1.6806981248696878e-16,5.994446432756079e-16,-7.076381920337886e-16,2.9543295440315283e-16,-4.077748367372839e-16,5.0859108868068025e-17,6.265055982983291e-16,-3.051926278712266e-16,-2.700689974083508e-16,1.0143764643103113e-15,-6.345929568488361e-16,-7.691989138797561e-19,-8.796489263496651e-16,9.309178176454028e-16,1.5753082160691084e-16,1.9194517057454152e-16,-3.3197435131109966e-17,2.886314361313227e-16,-1.0975187698426133e-16,1.5244610889578847e-16,-3.940153390821008e-17,-1.6277958920387354e-16,-5.015162040894488e-17,9.201808255831148e-17,-1.9282595325451072e-17,-1.50990875762801e-16,1.2669497606111357e-17,3.4938274856656856e-16,-1.476113652569331e-16,2.45068762424346e-17,-4.738856911189016e-16,1.7117915170424623e-16,3.8447450083382725e-16,1.6857108466359023e-17,-4.1732646273880596e-16,-1.598993377908874e-16,1.0363620992860397e-16,1.1204672691615368e-16,2.2222900611821777e-16,-6.089378130519226e-17,-6.1496580601979135e-18,-9.46835314592844e-17,1.592620506179172e-16,8.489547146674535e-17,5.090462579322784e-17,-1.0525810932236778e-17,3.1462892737754776e-17,3.6868542340660604e-17,-4.2135271787827345e-17,-2.5134517504668337e-16,-3.1284618505642874e-16,-6.44629227851698e-17,-6.501653386320291e-17,-2.0079857947742667e-18,-1.9053374911981102e-16,-1.6314405300216796e-16,3.550528983312932e-17,-5.052534079328017e-17,1.0274071455395109e-16,2.1427434190788464e-16,1.076706902178436e-16,1.1978694520329155e-16,-3.4018126458605777e-16,-1.967879342547657e-16,1.5398862992679444e-16,5.449851907840355e-17,9.610633314485397e-17,-2.1252296592315728e-17,8.791136470541414e-17,7.206805564961417e-17,2.0647993100207745e-16,7.821563084958632e-17,1.8982696117904358e-17,-1.7187664796421965e-16,-4.3462704693226595e-18,3.453948503292343e-16,5.271621335175554e-17,1.0006503696831183e-16,-3.131120324328824e-17,-2.066764255257075e-17,-4.4615113167300987e-17,-2.0601741790529148e-16,-1.2297652691510994e-16,5.259870609998551e-17,8.874077764823337e-17,-1.2975584850330307e-17,-1.207914077976834e-16,-8.360456189938195e-17
CC(P(C(C)(C)C)C(C)(C)C)(C)C.[Cs+].[F-].N#CC>>,CC(P(C(C)(C)C)C(C)(C)C)(C)C||[Cs+].[F-]||N#CC,C_718aad833337,CC(P(C(C)(C)C)C(C)(C)C)(C)C||[Cs+].[F-]||N#CC,CC(P(C(C)(C)C)C(C)(C)C)(C)C,[Cs+].[F-],N#CC,-1.4698351239489926,-1.025892698932597,-0.12165519541065925,0.032584492496325536,0.3211228285481336,2.0565044668426307,0.0398609275173029,0.22718081093852405,1.508232282362089,-0.5519991038675345,-0.29161328066847597,-0.26163444078673714,-0.5019134984521822,1.4265411600678246,1.474798858381208,-0.38912890798126865,-0.8635326260816911,1.2833307429788194,0.016389700253076893,-0.23172027770342582,0.026106322449352855,-0.1266784784368032,0.05906034862698177,-0.11907854830242257,0.1036996547215151,-0.16589173174209307,-0.049525677196732246,-0.026762129575423937,0.009470317781538218,0.03605776284182352,-2.55313250582281e-15,1.1359561071701743e-16,9.266093753646227e-16,-2.3578282796532177e-16,-7.497184667429785e-16,-4.4386905961168275e-16,-5.348608199784018e-16,8.043517828360027e-16,-1.2599515101801212e-15,2.733300432527184e-16,-2.113936957023894e-15,1.8543839957617214e-15,1.5834287060456796e-16,-1.1138102472649759e-15,1.0537531501309979e-15,-1.2676458533173492e-15,-1.7766065219511726e-15,9.617270495231638e-16,-6.727378087284764e-16,-4.1632263096991774e-16,2.0665667810988143e-16,-3.390891668436391e-16,1.9779552418063687e-16,-3.620052413201272e-16,4.143698915031312e-16,1.261618872413366e-16,-1.9000614577861494e-16,-7.893154292513995e-17,-1.8107167855769407e-17,-2.14830499509504e-17,1.2854020134927334e-16,2.9324544779171767e-16,-3.9746014125041923e-17,7.302305756588345e-17,-3.6831103439574726e-17,-1.5646312905549046e-16,1.6750907935529514e-16,1.1517584810568352e-16,-1.912515008487012e-17,9.01805254706321e-17,1.145242328351159e-16,-1.8478639951800327e-16,4.4826529504578584e-17,3.167971972820262e-17,-9.536056194915128e-17,-4.623345077668363e-17,6.4986053020046125e-18,1.4108015747103615e-16,1.1922647205911245e-16,6.680531974676735e-17,9.633944740673533e-17,-9.756472467915456e-17,-5.840429079455704e-19,9.262918449499378e-17,5.996128695784281e-17,-2.8319853468219606e-16,5.889857973751508e-17,-1.675422433065153e-16,8.691290625324522e-17,-1.3410383519768374e-16,-2.7664182184818796e-16,2.2273440807251138e-17,1.7186239194507494e-16,-8.722501347899603e-17,1.541831532892392e-16,4.0104270296149215e-17,1.1510178175332815e-16,-1.2093997964887412e-16,2.298239961588222e-17,4.327260940171022e-17,1.7020188925804335e-16,-2.0563224927043903e-17,6.50675491447094e-17,-1.0139103304267038e-16,-2.4743945788085024e-16,5.300522523645546e-17,-2.825262495379445e-17,2.3182789656284144e-17,1.3744234651022758e-16,2.505557821709056e-19,-2.929705526482667e-17,-1.0595495218050967e-16,-1.470111993275858e-16,-2.1860280805151857e-16,-6.78422487187548e-17,-1.2808435065402304e-16,1.228737699151752e-17,1.3517974257991554e-16,1.3501522720742056e-16,-3.1273981482149203e-17,-4.4389144022263717e-17,-1.6549148996524491e-16,4.033743744423038e-17,8.826005010958775e-17,-1.0940447236242242e-17,1.7213600161072968e-16,2.1137083692186857e-17,-1.0411438722512926e-16
P(C1=CC=CC=C1)(C2=CC=CC=C2)C3=CC=CC=C3.[Cs+].[F-].N#CC>>,P(C1=CC=CC=C1)(C2=CC=CC=C2)C3=CC=CC=C3||[Cs+].[F-]||N#CC,C_08473a56b566,P(C1=CC=CC=C1)(C2=CC=CC=C2)C3=CC=CC=C3||[Cs+].[F-]||N#CC,P(C1=CC=CC=C1)(C2=CC=CC=C2)C3=CC=CC=C3,[Cs+].[F-],N#CC,-0.39365862614555147,1.353557988545848,-0.4523369569162938,-0.12339065255021177,0.04338518186098708,1.9810094214877116,0.0961126174810089,0.5478024732270508,-0.11935301468269206,-0.4402772110666681,0.45837092094182663,-0.07394921639230982,-0.45144490473286975,1.3877308112193898,0.5801667812092577,-0.30806818652072243,1.869637793914857,1.2237113787670895,0.0026450955619892694,0.2617699044301728,-0.01897218820586012,-0.36360437135012463,0.09713783139897691,-0.1335220437993605,0.09826173589669218,-0.07634022839788938,-0.019532578341228315,-0.03599736249912811,-0.014302409153056011,0.014815307252341248,-1.0802126232649767e-15,1.0295510654815814e-15,9.4762996763305e-16,3.447818584700762e-16,8.263634892857411e-16,3.1306725640041026e-16,-7.857445682593411e-17,-5.8555012871578e-16,-4.985883538524151e-16,9.458230809279946e-18,1.9793783932229582e-16,-1.5791032496192683e-15,-4.883172586119997e-16,-8.106350665388048e-17,-1.6377787605478087e-16,-1.6799258731965552e-16,2.9461745141395784e-16,4.198361963258006e-16,5.214249092081341e-16,4.581703381254292e-16,8.524759302338793e-17,5.159194113557374e-16,-6.758748894488123e-17,-1.913899326410018e-17,-1.9617145805315397e-16,9.244139305437911e-17,4.65651153226281e-16,2.0943687457398405e-16,3.116844166476815e-16,-5.480013362994834e-17,-1.3068440157788859e-16,3.427268139252342e-16,-1.965504551794114e-16,5.922908567220311e-16,1.5727922083919408e-16,2.4204491196231895e-16,3.54311247738987e-16,1.0221887492569818e-16,4.16728204767013e-18,3.64607933281617e-16,7.940232404892897e-17,2.1095551003505348e-17,-2.463086851827316e-16,3.540183348086542e-16,-8.082392901480497e-17,8.017477874439614e-17,-9.137646470039049e-17,1.5679169663145152e-16,3.277012897873504e-17,2.03890541873031e-16,-1.0450700882621188e-16,1.3938088244359588e-16,-6.54649824347848e-17,-1.8133126055539614e-16,7.03550980038009e-17,-8.697531799993978e-17,8.379918403264599e-19,-1.9941620058308537e-16,4.944100466027493e-17,-7.864575129807102e-17,1.1525255210151757e-16,-8.390770989896558e-17,-2.712470332430275e-16,-8.50661644283904e-18,2.587234079367623e-16,7.273647166548019e-17,3.5491252599633226e-17,-4.069207821924728e-17,2.775415875776927e-16,4.781250534993263e-17,-8.941397103842513e-17,-4.1285762834542604e-17,-2.0623268437934607e-16,-2.314290068583793e-18,-5.141262678300618e-17,1.1802546215135934e-16,6.911912917504463e-17,-1.4677654619531238e-17,9.493573747325259e-17,-1.6212022583262473e-16,-6.900592920646936e-17,2.936204982722624e-17,8.927181857667878e-20,-1.9819152523292809e-16,2.65865759848616e-16,9.956377056114473e-17,1.3510139456683959e-17,1.7108429140426646e-16,3.762848422110714e-16,3.395777156519274e-16,-2.601910009098837e-16,6.130737125206886e-17,-5.782547637586312e-17,-3.2968006019648805e-17,2.2458547755112745e-16,2.48937576024755e-16,1.191773688572528e-16,1.7415910365621688e-16
CC(C)(C)P(C(C)(C)C)C1=CC=C(N(C)C)C=C1.[Cs+].[F-].N#CC>>,CC(C)(C)P(C(C)(C)C)C1=CC=C(N(C)C)C=C1||[Cs+].[F-]||N#CC,C_1fa2615a45b6,CC(C)(C)P(C(C)(C)C)C1=CC=C(N(C)C)C=C1||[Cs+].[F-]||N#CC,CC(C)(C)P(C(C)(C)C)C1=CC=C(N(C)C)C=C1,[Cs+].[F-],N#CC,-1.536957280741807,-0.05388638554410041,0.9981414804065691,1.3566340967177757,3.8970781857790064,1.808811802459427,0.3430230140629308,-0.36055093263383203,-0.7908077726510611,-0.09614148586326288,0.4394326358433075,0.06996991471062379,-0.46318933375267696,0.8673938643083492,-0.4312891298393568,0.4510099842747156,-0.03643398541255116,1.2684096037685464,-0.031908069659300306,-0.29944436917146244,-0.3355038315560837,-0.15239498108498528,0.10759925202469785,-0.10543071248866658,0.02492745283293452,0.035948281256418434,0.14251676170615454,0.09186849701855021,-0.058252747349981183,-0.16114076681857892,4.0920282279911545e-16,-8.256061800668162e-17,1.4962749809660125e-15,1.3630019572812091e-15,3.647677852107835e-16,-5.401712860210942e-16,4.070709192848212e-18,-7.72331136770539e-17,9.234693854191905e-16,-4.744314245488206e-16,9.954448552026057e-16,5.32170458491278e-16,1.518779214772835e-16,-1.0231466481531143e-16,-9.333468073564871e-16,-1.0216265631542239e-15,-3.063410442306375e-16,-1.3337938148086717e-16,2.575347719152716e-16,4.2538330129087736e-16,-3.6158131834451185e-16,-2.48905140737087e-17,4.108526738755042e-16,2.490706738381925e-16,-1.6162766303513403e-16,-3.7685527849648824e-16,-5.0618645095256323e-17,-2.730939748164231e-16,1.839362897764444e-16,4.077996154084512e-17,-1.0015788485771113e-16,-4.545613876534588e-17,1.908386500853214e-16,2.74645638859364e-16,1.427415948613779e-16,2.1631115373968835e-16,-3.3758460409561137e-17,-1.0789733525353622e-16,2.609650489838966e-16,3.6548138202546173e-16,1.393330982961634e-16,2.5783313972647527e-16,2.345658820761262e-16,-1.8031972747968074e-17,-2.820601458613831e-16,5.681158090803159e-18,-1.7068638595423068e-16,-1.6202109530072223e-16,-6.3947157541192775e-18,-1.2709193446646743e-17,-1.1580206564044797e-16,1.823344915425959e-16,-6.572052962524427e-17,-1.0679742050963676e-16,2.515469934710767e-16,1.730359647122157e-16,2.2503543056903716e-16,-7.208751970082506e-17,-2.251608179722953e-16,-3.8856631689307955e-17,-1.504649693417568e-16,-1.7335008485808527e-17,-1.546833406347408e-16,-1.1682416033852177e-16,-2.666041373272167e-16,1.8941340757624095e-16,6.962239181549676e-18,-1.6807535130512808e-16,-7.491954804517729e-17,-3.124103118304046e-16,-5.739315277817044e-18,-2.2439991400152315e-16,-7.800859445469164e-17,-1.1210974245297123e-16,-1.9389134673749333e-17,-1.0668676354875231e-16,4.57255287462366e-17,-9.104338599055773e-17,1.5660611769987566e-16,-4.4041473803362745e-17,2.0688051094488354e-16,-2.8135981789591764e-17,-1.9838943895149244e-16,1.740012049791278e-17,-1.0682411504677176e-17,-2.4417111253554107e-16,1.8304696085121377e-16,5.975383951482569e-17,8.127854352056926e-17,-1.2809512634607354e-16,9.401023992182662e-17,-1.3613963332318638e-17,-1.3328076275738426e-16,-7.583186977564093e-17,6.211175543616026e-17,1.0543579649881733e-16,-6.616787402763331e-17,1.7858629259681758e-16
P(C1CCCCC1)(C2CCCCC2)C3CCCCC3.[Cs+].[F-].N#CC>>,P(C1CCCCC1)(C2CCCCC2)C3CCCCC3||[Cs+].[F-]||N#CC,C_229f4b0808fd,P(C1CCCCC1)(C2CCCCC2)C3CCCCC3||[Cs+].[F-]||N#CC,P(C1CCCCC1)(C2CCCCC2)C3CCCCC3,[Cs+].[F-],N#CC,-0.10185802282443598,-1.5774291473988622,-0.4484901071567983,-0.14714472113500274,-0.03416420545915397,1.8896175879758872,-0.19044891446803963,0.44194288261597914,2.399443553128789,-0.4051733014370717,1.1701882578003269,-0.49178711510832707,-0.8251038724065489,0.5698988081905915,-1.2603321105300986,0.8351298186922981,0.2482739763259215,1.2223202360544754,0.008703779243367574,0.27601121877126295,0.013722088708852578,-0.31592782921365464,0.2716335980640339,-0.04673659774798431,0.09275494692206451,-0.05030459031857458,-0.020929205537268066,0.0027289015760077486,0.10254707970620999,0.014107066777759641,-2.825208027834672e-15,-1.3814056762257205e-15,3.1636422608616035e-16,-5.265703071050059e-17,-4.679269421317522e-16,3.7644365320190205e-16,-7.980736007833636e-16,-1.8987794811294087e-16,-1.5678233519353906e-15,-6.912169733438054e-16,1.6187267474456117e-17,2.1506040312066722e-16,-4.837558758612296e-16,6.055808038194779e-16,5.272315126678717e-16,-1.0815272728374376e-16,6.773479277580264e-16,-5.487418593781786e-16,-6.825591936202293e-16,6.596815571792325e-16,2.0814210174150507e-16,3.101297925612869e-16,3.7280709123456517e-16,1.4246900689978031e-18,-2.5666162499018664e-16,2.587909918845151e-17,1.382976537550203e-16,-1.3236345493322982e-16,-2.0691948287553675e-16,9.342522342061936e-17,-5.928434356049789e-17,-3.278687944810447e-16,-2.593875561541123e-17,1.848123193040909e-16,-9.377609469403962e-16,-9.182506176582893e-17,5.026463145217123e-17,-2.5571413900335517e-16,-6.981999658462026e-16,-4.014096689237901e-16,-1.2379977620578637e-16,-4.180001386246204e-17,2.4270368204471544e-16,1.368596482822717e-16,-3.518258308766414e-17,-1.6928508810183274e-16,-1.887250163059072e-17,-5.0390617463953793e-17,-2.684849558003313e-16,1.079986195867817e-16,-5.2856024476041993e-17,-1.6671690634384678e-16,-1.3413969437585902e-16,-1.1445822363676988e-16,2.090907830284939e-18,1.535541616621729e-17,9.728976686360255e-17,-3.414337248412635e-17,1.0966692830131075e-16,-9.581853232213936e-17,1.0836140615814907e-16,1.8166144845224448e-17,1.9920883443698709e-16,1.6807481225014123e-16,2.3141453516059346e-16,-8.450619539204296e-17,-1.2792448278172604e-16,-3.2030381030732493e-16,2.484436815161611e-16,-4.1797013071273843e-17,2.1710964362545472e-16,1.0946454183382722e-16,1.6958545831531162e-16,2.0752806702642226e-16,-5.239910318113404e-17,1.210637421472951e-16,1.21236885705905e-16,1.8368701766056125e-16,8.662936637342925e-17,-1.1412712923788207e-17,6.671628991529508e-17,-2.6469181602159848e-17,1.8531177598145104e-16,1.2585873790852618e-17,-2.5063038917728754e-17,-6.762886420040708e-17,2.959526955318366e-16,1.0518729137377974e-16,-5.839539481623808e-17,1.1757698063019799e-17,-1.9884601759950146e-16,-6.691827675826874e-17,-1.2100726680725467e-17,-1.399108732311506e-17,-6.44853449084613e-17,-8.498232773868418e-17,-1.3423714554747586e-16,-6.261601568958129e-17
CC1=CC=CC=C1P(C2=CC=CC=C2C)C3=CC=CC=C3C.[Cs+].[F-].N#CC>>,CC1=CC=CC=C1P(C2=CC=CC=C2C)C3=CC=CC=C3C||[Cs+].[F-]||N#CC,C_226d7782d40c,CC1=CC=CC=C1P(C2=CC=CC=C2C)C3=CC=CC=C3C||[Cs+].[F-]||N#CC,CC1=CC=CC=C1P(C2=CC=CC=C2C)C3=CC=CC=C3C,[Cs+].[F-],N#CC,-0.5633135178401205,1.7662302515767325,-0.6166726809838545,-0.1471912159981293,0.06956510459888567,2.029630217789653,-0.8388189917911971,2.969496848881074,-0.5563036301861238,-0.4409351038426076,-0.7736095372564755,0.4490503109263904,-0.7941543729377449,0.6767760885436535,-0.5075585425290029,0.47200485591776564,-0.5038482562010107,1.2446741247461952,0.010328571205432789,0.23493792389108414,-0.02044963744754569,-0.3615489411811438,0.09568369673580544,-0.14275004371068387,0.09159222041596621,-0.0786935705579897,-0.019703869380737437,-0.0366237144536503,-0.01417529253803111,0.015013902598345338,-5.038676574576908e-16,5.742882257517862e-17,1.0686763739767201e-16,6.701929042142329e-16,-3.405388059212186e-16,2.9098695392921404e-16,-5.034941777793285e-16,5.65735437022284e-16,2.006267622501054e-16,-7.687503069718102e-16,1.789687248266307e-15,8.116779984606835e-16,4.816827932954057e-16,1.9514681440485327e-16,-1.026046117188534e-15,1.7272233559000795e-16,-9.360657321762298e-16,-7.884072079861161e-16,-5.484037897642256e-17,-4.792830657408879e-16,-1.6797565727506673e-16,2.0870798342266067e-16,-3.774829304975528e-16,2.277371987186751e-16,4.811795155842571e-16,1.991324776437348e-16,-4.17985338274618e-16,5.311852573429605e-16,3.497703516736668e-16,-3.3142539389714176e-18,8.906362353232042e-18,-5.336371454872831e-16,-1.5452732677189727e-16,1.741263477044429e-16,-1.3660690684941522e-16,-1.0957678019577015e-16,-1.4408303501392363e-16,-2.4183842880651808e-17,-2.5789312347680215e-16,-4.2822018776612536e-17,6.376160493098539e-17,1.4612099559767762e-16,-1.6244986336168872e-16,1.6078528870178464e-17,-5.081410513475053e-16,-9.075655606108361e-17,2.0075165976707627e-16,-1.8573764769785804e-16,1.9736588548686966e-16,-1.3930451295018404e-17,1.0430999687964855e-16,1.377078093340886e-16,-3.2341118737765033e-17,2.994384422569049e-16,-2.609882875868248e-16,-2.315927066142491e-16,2.0321471965304548e-16,2.7652217856612777e-16,-1.6561296281811681e-16,-1.8377847421176536e-16,3.638144305632809e-17,1.5989488932496206e-16,2.1257686263142755e-16,-3.6409747515859353e-16,6.057343833376226e-17,-5.30361057135109e-17,2.264783538124652e-16,1.5360786129969583e-16,5.103503113631755e-17,1.7033998378164636e-16,-1.506102650301166e-16,6.724734214323876e-17,-5.1276506241750597e-17,1.2418432038599646e-16,5.499800895191303e-17,1.415142717950334e-16,-5.90139807410107e-17,3.0203019096700844e-16,-1.259438212901847e-16,1.369678722866407e-16,-9.971825783534948e-17,-2.3259831166293425e-16,-5.3809873019215316e-17,-1.1880567789262356e-16,-1.001010094039932e-16,-8.32184275626081e-17,-6.545144339466113e-18,-2.296961539820656e-16,-5.45467244403255e-17,-1.856975711547385e-16,-1.14550782182796e-16,2.4487050024560136e-17,-7.886958242140694e-17,-2.3103963431046277e-16,-1.6978935497074404e-16,8.685486148391034e-17,-1.2631996329856378e-16,-1.7782069455672902e-16
CCCCP(C12C[C@@H]3C[C@@H](C[C@H](C2)C3)C1)C45C[C@H]6C[C@@H](C5)C[C@@H](C4)C6.[Cs+].[F-].N#CC>>,CCCCP(C12C[C@@H]3C[C@@H](C[C@H](C2)C3)C1)C45C[C@H]6C[C@@H](C5)C[C@@H](C4)C6||[Cs+].[F-]||N#CC,C_312f400d7d32,CCCCP(C12C[C@@H]3C[C@@H](C[C@H](C2)C3)C1)C45C[C@H]6C[C@@H](C5)C[C@@H](C4)C6||[Cs+].[F-]||N#CC,CCCCP(C12C[C@@H]3C[C@@H](C[C@H](C2)C3)C1)C45C[C@H]6C[C@@H](C5)C[C@@H](C4)C6,[Cs+].[F-],N#CC,-1.830799654319134,-3.4388191898550358,-2.5099237813684496,0.04281890628161077,-0.9902946944887162,1.9320960178451074,0.3187742850927854,-0.16709164354308742,-1.784784198554662,-0.2228182702348642,0.2154091676508428,0.2661057619009557,-0.5673995181849392,0.9332002389829543,-0.3392182872459512,0.2949367164917603,0.05045536836595353,1.2610063016280957,0.00786424561197481,-0.19885301050758458,0.060725644983905,-0.07758999811020842,0.2335829528676,-0.026450490909614193,0.08932518334945555,-0.14615294679280658,-0.06863446069907314,-0.013770985792206605,0.007983974223642084,0.04247884862392977,8.95880051247348e-16,1.7415650247908997e-15,7.144821666913751e-16,-1.4611391720162755e-15,1.5917023549035728e-16,1.8022271871244575e-15,1.51229745758541e-15,2.2476264251210346e-15,6.725066241645383e-16,8.477159870057264e-16,-2.2532766614027655e-15,-2.6550096842565994e-15,2.3651292355139913e-16,-9.567669580327381e-17,-2.3352833292392135e-16,-8.241176146180469e-16,-1.0740772435789141e-16,6.999774278763498e-18,5.25874516035123e-16,3.6192639917512094e-16,-6.0436249447558806e-18,5.3520669293383614e-17,1.1849932775635963e-16,2.7612174098398187e-16,-2.7758004065218795e-16,-2.3224340701108743e-18,1.2237579122546891e-16,-2.4473212305333894e-16,-1.8763692971431797e-17,-1.3485576444721073e-16,-2.216538143180777e-16,-3.583772930211586e-16,4.2262827227058144e-16,-2.923553484210459e-16,6.962806335210895e-17,-2.381582384571645e-16,-1.5660988574743956e-16,-6.384291273174978e-17,1.1479178394947624e-16,-1.8479266052826226e-16,1.365701126058684e-16,3.582239119818233e-16,1.5462267384640952e-16,-1.9413755562412923e-16,-2.600240644068984e-16,-4.5636265528352516e-17,-4.5656551098426106e-17,9.973116817118292e-17,-1.4607579589445981e-16,-1.52200799276265e-16,-7.712337469964138e-17,-1.9425970902919807e-16,3.205014015350769e-17,9.984658959182465e-17,9.526358484832256e-17,5.595553263936096e-17,-1.650840482560633e-16,1.680993529958026e-16,7.600279640399073e-17,-5.545729598996012e-17,-1.4363766106309963e-16,3.954052556475483e-17,-5.896769160757269e-17,-1.2175211452626822e-16,1.6566930666941507e-16,-1.158329484263094e-16,-2.2377874680365548e-17,7.623190471635314e-17,-7.430666022237883e-17,3.722923384071094e-17,-2.3326293118697887e-16,4.2899545129131224e-17,5.327936041203632e-17,-2.9650341410874153e-17,1.262552618719765e-16,5.97351656468704e-17,1.1996805298047973e-16,-3.000745996268097e-17,1.2041615060838686e-16,7.195501136236307e-17,-1.508456856545618e-16,-6.489849380285038e-17,4.5286794865768694e-17,-1.380877886779375e-16,-1.8191459188589776e-16,-9.149432257648833e-17,2.926880386555187e-16,-1.362825718024276e-16,-9.083633273789328e-17,-1.337576371828217e-16,-1.6342980522756885e-16,-1.372532549935198e-17,2.934572312199438e-17,-2.87366549154015e-16,-1.187016096649425e-16,-2.8489784253094726e-16,1.8830511047778237e-16,-1.3832125873197745e-16
COC1=CC=CC(OC)=C1C2=C(P(C3CCCCC3)C4CCCCC4)C=CC=C2.[Cs+].[F-].N#CC>>,COC1=CC=CC(OC)=C1C2=C(P(C3CCCCC3)C4CCCCC4)C=CC=C2||[Cs+].[F-]||N#CC,C_6f11b961e049,COC1=CC=CC(OC)=C1C2=C(P(C3CCCCC3)C4CCCCC4)C=CC=C2||[Cs+].[F-]||N#CC,COC1=CC=CC(OC)=C1C2=C(P(C3CCCCC3)C4CCCCC4)C=CC=C2,[Cs+].[F-],N#CC,4.077260047680687,-0.4976941089659883,0.3644834728149991,-0.09053512286151039,0.032854993108902664,1.4425854830399132,3.0669936278965833,0.4831949979376315,-0.20299357441931282,-0.5458213676642456,-0.1836811908129184,0.2706325909204048,-0.667554314850119,0.826905533533124,-0.11382512370619995,0.24421125860700013,-0.22086429300272298,1.2456998821694552,-0.024906082044413993,0.5659595153373593,0.11772980451305809,0.19948679395322733,-0.13038634936265103,0.2612875086347923,-0.004264506922462546,0.1146673909599783,-0.1688328840756706,0.1032085200789329,-0.029951325601820594,-0.028841465112782193,8.297741243583912e-16,-1.0598832975589159e-15,-8.37287510535972e-16,9.11806880796585e-16,4.3314946439125526e-16,1.0139783571385738e-15,1.8955448168690568e-16,-8.902646430906848e-16,-2.1518362805345606e-17,6.382512730805126e-16,1.233238710711926e-16,-3.575027412573443e-16,-2.3756505506480506e-16,-1.717071665234189e-16,-1.0774174562869746e-15,1.4225281182673662e-15,-1.9383384715790017e-16,4.194670135273179e-16,-8.145069570167234e-16,-2.22482695893729e-16,-6.358933133715098e-16,3.341281783785966e-16,3.543222120102118e-16,-8.306074223231174e-16,4.304656273611387e-16,-3.1839219125303685e-16,-3.560526344027177e-16,-6.75167873202746e-16,2.9119004603354016e-16,6.632432582598352e-17,-1.0775521648208703e-16,-1.8171085132529817e-16,-1.5144291001400514e-16,-2.765884873313523e-16,-8.984615230390257e-18,1.807068859935158e-16,-3.68896222037505e-16,1.099985486455247e-18,2.678754922110151e-16,-2.086510572706914e-16,3.0961120370226795e-16,3.715952436130854e-18,3.300726340782328e-16,1.8046787394310606e-16,-1.0405248495316419e-16,9.53438348869953e-17,-1.224802441715952e-17,6.305551346871679e-17,1.0963007518358585e-16,7.016152387493857e-17,7.901291542349471e-17,-3.240257861782997e-16,5.452175480058959e-17,2.0934872465874857e-17,-1.6242508867838112e-16,5.965907280772401e-17,-9.306279705510553e-17,-1.1441201732907218e-16,5.243870273511137e-17,3.4327189598882474e-17,-2.0676980447327152e-16,1.6585465895962997e-16,-6.868383809481996e-17,1.1828285298582714e-16,1.4973324011574485e-16,-1.3702633787809842e-16,3.4731636652848e-16,-8.896994902085441e-17,2.6965087830640043e-16,9.708248856624085e-17,1.3199742461996347e-16,7.419941110833276e-17,1.7501837307201582e-16,-2.2025942749501953e-16,1.6779468715469784e-16,4.0722907399158616e-17,-6.965702079367663e-17,-1.7104830872325932e-17,2.686678057745744e-17,-1.962668687917738e-16,-5.500066245452642e-17,1.3827540188138348e-16,1.7940801461977168e-16,8.195435970769392e-17,2.024099671160927e-17,7.846535812923163e-17,3.4671257984832753e-17,1.0249224482415479e-16,3.2264906915561425e-17,1.739984871421305e-17,-1.6932949113619596e-17,-9.286962138797946e-17,-2.0265864843579117e-16,5.55593372036222e-17,-5.685864702230208e-17,2.1669270844038623e-16,-4.79370255176039e-17,-2.6738721032837474e-16
CC(C)(P(C(C)(C)C)[c-]1cccc1)C.CC(C)(P(C(C)(C)C)[c-]2cccc2)C.[Fe+2].[Cs+].[F-].N#CC>>,CC(C)(P(C(C)(C)C)[c-]1cccc1)C.CC(C)(P(C(C)(C)C)[c-]2cccc2)C.[Fe+2]||[Cs+].[F-]||N#CC,C_aeeb6550fbb3,CC(C)(P(C(C)(C)C)[c-]1cccc1)C.CC(C)(P(C(C)(C)C)[c-]2cccc2)C.[Fe+2]||[Cs+].[F-]||N#CC,CC(C)(P(C(C)(C)C)[c-]1cccc1)C.CC(C)(P(C(C)(C)C)[c-]2cccc2)C.[Fe+2],[Cs+].[F-],N#CC,-2.024766971251738,-0.3520442414234162,2.64410390775935,-0.9853485388614723,-0.9626110813040674,1.973999135295833,0.20056489829743898,-0.9090978463817965,0.326589281523311,-0.5019037770328477,-1.4639227665585708,1.0282687749465624,-0.5410254145623291,0.9441081102961407,-0.7174939034298782,0.3528404478011816,0.3821541521794734,1.2598665282849428,0.009711363564599616,-0.22366985582498772,0.021587959041798815,-0.136491361546278,0.04500532244598156,-0.12414711354132249,0.10239748432932534,-0.16617001606832835,-0.05001077244452601,-0.027663363482097313,0.0067071506292089664,0.0362563806320169,-1.868330224002172e-15,-3.025280323715024e-15,-1.5271793663000183e-15,-4.684773139851406e-16,1.3503194517882968e-16,3.65827307664992e-16,1.975840498272994e-16,-1.072703575692172e-15,-6.385896965353013e-16,-1.1940960720084301e-15,1.0307857571642435e-16,2.517529102786517e-16,-7.776353282753462e-16,-6.811089714986245e-16,2.436981630045654e-16,-2.285644479176326e-16,-2.2720579194058384e-16,1.0156006796832134e-15,4.20787724500056e-16,6.330624127175409e-16,1.6483287200183154e-16,-1.8684275950421464e-16,1.366030838783754e-16,7.685340612359373e-17,-2.8232793411939553e-16,5.044321225684576e-16,6.651441455767202e-17,-1.7008502115151262e-16,1.804382976201747e-16,8.35355117378034e-17,-2.458075921618014e-16,-1.8358050479295327e-16,-5.212893789489706e-17,-2.1781711879189286e-16,6.662843292880583e-17,4.276781656848044e-17,3.0401312135400713e-16,-7.809365695902228e-17,7.75284857054633e-19,1.3496727159846136e-16,4.320400231968608e-17,1.8420731311737335e-16,-1.3810232616340185e-16,-2.952062033385451e-16,5.05998349306825e-16,-3.0694200407406063e-17,6.440125129641319e-17,-1.0473684528702415e-16,1.120858511898899e-16,2.6116614318752444e-16,-1.2958012650134997e-16,-6.003926541291813e-17,-4.3418342319386e-18,-7.007265485202494e-17,-6.877440333322076e-17,2.7178767514380195e-16,1.1237416791167676e-16,-6.274119044379719e-18,-7.063744678832046e-17,-2.1789279522189623e-16,-1.6752409173584344e-16,-1.3483693039997153e-16,-1.1655486515877162e-16,-1.2584564341676813e-16,-7.479424600268073e-17,1.798593684972248e-17,-2.8865575665837994e-18,-1.5587205510541423e-16,2.7187841935399383e-17,1.424423077537526e-16,-4.275582898274585e-17,3.4758924213220813e-16,1.594253000937946e-16,8.780662836096351e-17,1.1359682389598543e-16,-2.5838610999265065e-17,2.725279082634088e-16,9.104818908930476e-17,-1.1580842704189584e-16,1.5249818169224424e-16,-5.753299189518382e-17,-9.023472572654302e-18,2.1800400513205725e-16,-4.486251878929287e-17,-1.1875531738603214e-16,-3.962732339222867e-17,-4.968198655994833e-18,-1.1646683972352548e-16,-1.9172914799454226e-17,-4.358924466430916e-17,1.995929048076016e-16,1.0393924732695681e-16,5.237746405305515e-18,3.0425780813706737e-17,-7.79539623336913e-17,-6.05785720691394e-17,-1.2697067113585032e-16,-3.479225691674037e-19
CC(C1=C(C2=CC=CC=C2P(C3CCCCC3)C4CCCCC4)C(C(C)C)=CC(C(C)C)=C1)C.[Cs+].[F-].N#CC>>,CC(C1=C(C2=CC=CC=C2P(C3CCCCC3)C4CCCCC4)C(C(C)C)=CC(C(C)C)=C1)C||[Cs+].[F-]||N#CC,C_9d30371edded,CC(C1=C(C2=CC=CC=C2P(C3CCCCC3)C4CCCCC4)C(C(C)C)=CC(C(C)C)=C1)C||[Cs+].[F-]||N#CC,CC(C1=C(C2=CC=CC=C2P(C3CCCCC3)C4CCCCC4)C(C(C)C)=CC(C(C)C)=C1)C,[Cs+].[F-],N#CC,4.466067863512139,-0.6207306207379234,0.3787913690198655,0.0048262226419714125,0.08641845196726015,2.35384757108955,-2.3978872503670012,-0.8430338454437342,-0.501922232736884,-0.14961831867056954,0.035354608660412915,0.11246011158770935,-0.45447912959443126,0.9701511747744188,-0.051199961462543984,0.22965512346537892,-0.06677970580961695,1.257246556615741,-0.02464966654399247,-0.22046996886828593,0.0797520798843993,-0.09535783975946915,0.15840431743673916,0.15061359736162086,0.24538187862994687,-0.1209814880925188,-0.04285136581749949,-0.008288795063454812,-0.008904690391857909,0.041606854330804174,2.9346632816381766e-15,2.6034500349812974e-15,-1.3789440344775628e-15,-9.958174722997295e-16,1.0660631141829802e-15,-1.0284389785309824e-15,4.9424850894136254e-17,1.7252521102167492e-15,1.3620333285994645e-16,1.6334824051811034e-16,3.452308550144928e-16,-4.4177280942199404e-16,-4.4348175575422255e-16,1.120808613115957e-15,1.3160629256854304e-15,5.908626703379827e-18,-6.288629194318651e-16,1.0531742489425476e-17,-8.515059371231362e-16,-3.4939419649535524e-16,-9.362803165733127e-16,-1.1373734376952523e-16,-2.481947690337625e-16,3.7093302406351743e-16,8.789970123643634e-17,-2.985154968930948e-16,2.3685614777187437e-16,2.861980852918147e-16,-4.312197466815299e-17,-2.0128731538356047e-16,-9.115099733080713e-17,3.316299795210044e-16,2.5348866249766344e-16,-1.491155918930684e-16,1.3825932180059812e-16,3.540237628509497e-16,-5.2410272171577056e-17,-1.7081319596667247e-16,1.6381764172884268e-17,4.1309222374384414e-16,-5.167209084118416e-17,-1.5923619731446072e-16,-1.087723185025022e-16,2.2616558642119287e-16,2.1066537251381658e-16,-8.156863977881227e-17,2.416864139882248e-16,-3.306257154413051e-16,-2.415743129937384e-17,-1.3314666930185562e-16,-4.652956208761206e-16,-1.139810026051295e-16,5.864188783928675e-17,-1.595198732096846e-16,-2.0168787666218645e-16,2.4899240981387965e-17,9.652360312387387e-17,-1.087066932424463e-17,1.0205119437102642e-16,3.614073950194568e-17,-6.432272703807138e-17,5.174848215985876e-17,-7.244635970001427e-17,4.194422979054618e-17,2.244120874272778e-16,-3.160865872979242e-19,5.766503094539448e-17,1.394975630360672e-17,-1.7072704681383757e-17,6.751919883932332e-17,6.989992012953624e-17,2.4326915165877955e-16,-7.17020282508473e-17,1.4857628438787075e-16,-1.0423043856322449e-16,-2.179824069335117e-18,-4.337157304173622e-17,-5.863630526844855e-17,-1.3485552129113787e-16,1.0738225350326897e-16,2.530944503247801e-17,2.6050046910080694e-17,8.386892106136846e-17,9.641771659985958e-17,2.844249320880248e-17,1.0870384548102127e-16,-2.1262322342596708e-16,1.2937474643900124e-16,7.811216210756748e-17,-3.9496738600662094e-17,-5.070385727192281e-17,7.740275526389214e-17,-1.0968908546617786e-16,-1.1759712336038473e-16,-3.277515950890922e-17,-4.384071512608447e-17,-1.6524411592191677e-16,-1.1277378959783086e-16
[c-]1(P(C2=CC=CC=C2)C3=CC=CC=C3)cccc1.[c-]4(P(C5=CC=CC=C5)C6=CC=CC=C6)cccc4.[Fe+2].[Cs+].[F-].N#CC>>,[c-]1(P(C2=CC=CC=C2)C3=CC=CC=C3)cccc1.[c-]4(P(C5=CC=CC=C5)C6=CC=CC=C6)cccc4.[Fe+2]||[Cs+].[F-]||N#CC,C_d3bafeb77ec0,[c-]1(P(C2=CC=CC=C2)C3=CC=CC=C3)cccc1.[c-]4(P(C5=CC=CC=C5)C6=CC=CC=C6)cccc4.[Fe+2]||[Cs+].[F-]||N#CC,[c-]1(P(C2=CC=CC=C2)C3=CC=CC=C3)cccc1.[c-]4(P(C5=CC=CC=C5)C6=CC=CC=C6)cccc4.[Fe+2],[Cs+].[F-],N#CC,-1.1988177162467517,0.8481977626246202,2.4526552325415683,-1.133375631798654,-1.3403756114934509,1.8489945923609075,0.1626609665194608,0.13656996660317955,-1.2190123931581505,-0.17265318096541016,1.857164806331047,-0.7552596719716205,-0.7230242757853733,0.8403011626918593,0.09639464053908797,0.29922478415052933,-0.5495315141463485,1.2441515807408021,0.011356420444999897,0.23913158602970785,-0.020988130742352555,-0.3631381081490699,0.09653450429862437,-0.1439460973711343,0.0907308398917962,-0.07847307872934134,-0.019974930360388846,-0.03653401360127229,-0.014225725189413223,0.015064430767831816,1.5566363409549795e-15,4.5378662797467516e-15,-1.5126237846984816e-15,-2.840892652938768e-15,7.560428756494605e-16,2.3414381892156265e-15,-4.454526234182376e-16,-1.9567537982034346e-15,1.8763905519780986e-16,-1.0597401456058542e-15,-8.388343522180267e-16,1.0659843925104219e-15,3.9840601815510197e-16,-1.1231184165458433e-16,8.921628987559324e-16,5.847332403094952e-16,3.9183831762132486e-16,5.618639278600664e-18,-8.022246649454412e-17,-2.7919817139579374e-16,5.427527383369195e-16,1.5512901874715956e-16,2.872981903440423e-16,4.216715252268792e-18,2.7276454106237105e-16,-4.355259837680338e-16,-6.744832425912792e-17,6.391991460980709e-16,-2.006617363234133e-16,4.653098406121454e-17,-1.0014299215322238e-16,-7.62838975935651e-17,-3.383654096373113e-16,-2.549327201589933e-16,5.3548472283993065e-17,-4.587045372699499e-16,3.9972345625555804e-17,-2.341703898253419e-16,1.9385330490147936e-16,1.3473913940563473e-16,-1.1247435387322898e-16,-1.0874916966548702e-16,2.4148726533691204e-16,3.5272195815627045e-17,-1.308083337355996e-16,-1.3646075273692537e-16,-1.0678394828765708e-16,-1.3514329497881454e-16,-5.909493379724793e-17,-2.782407805433863e-17,1.2073162935769416e-16,-9.784799939899185e-17,-6.628270482821323e-17,-6.492682151005641e-17,-5.083169498091521e-17,1.9684810740632208e-16,8.885863550593567e-17,1.764924361780548e-17,-3.1581410319576944e-17,1.191695757622299e-16,-2.195125981508837e-17,2.0259038228152893e-17,-1.3339940025893782e-16,2.679117620131877e-17,-1.9397873881553383e-16,-7.940575733062972e-17,7.791091407583027e-17,-4.611425295266422e-18,-1.1192213295518755e-16,1.0773608430120146e-16,-1.7297141227705679e-16,-1.3987250294706955e-17,-8.496962129152377e-17,-1.52551664558185e-16,-1.2182375387709327e-16,-1.5289856747958237e-16,6.96683751923556e-17,-9.249240738583372e-17,-4.712386298359625e-17,-1.4712301550474652e-17,-2.3435087110067196e-17,-4.9700295433588006e-17,3.284746157689594e-17,5.206707998411778e-17,-2.0855071652867887e-16,-3.1209917470513053e-17,-1.4082362448716237e-16,-7.353081758307197e-17,5.482409440600603e-17,-1.481264684843327e-16,-7.526230399941283e-17,1.108450680166016e-16,-2.570150058559077e-17,-8.462405420521218e-17,-1.3329783772040311e-16,-5.199780960565501e-17,-1.0880777986806213e-17,1.1117943597452237e-16
CC1(C)C2=C(OC3=C1C=CC=C3P(C4=CC=CC=C4)C5=CC=CC=C5)C(P(C6=CC=CC=C6)C7=CC=CC=C7)=CC=C2.[Cs+].[F-].N#CC>>,CC1(C)C2=C(OC3=C1C=CC=C3P(C4=CC=CC=C4)C5=CC=CC=C5)C(P(C6=CC=CC=C6)C7=CC=CC=C7)=CC=C2||[Cs+].[F-]||N#CC,C_8fb5075dd38d,CC1(C)C2=C(OC3=C1C=CC=C3P(C4=CC=CC=C4)C5=CC=CC=C5)C(P(C6=CC=CC=C6)C7=CC=CC=C7)=CC=C2||[Cs+].[F-]||N#CC,CC1(C)C2=C(OC3=C1C=CC=C3P(C4=CC=CC=C4)C5=CC=CC=C5)C(P(C6=CC=CC=C6)C7=CC=CC=C7)=CC=C2,[Cs+].[F-],N#CC,-0.41922226933410356,3.667471518875562,-2.3660554518377968,-0.08742354914632072,-0.4361677935548847,1.7837976740224732,0.5887783487018746,-1.8516380422886185,0.2509393121456374,-0.28003379594193833,0.16626678613333767,0.16131699936219696,-0.483426038866649,0.7976522751534296,-0.4341949156010752,0.4134051120548812,-0.48863957583451995,1.2693605993323103,-0.02278665626130946,0.06280178266841353,0.12866058825321974,0.3475807167636954,-0.37797630724360193,0.21938439590505787,-0.04562582716125472,-0.0279783166669327,-0.05614682496721473,-0.05019249764092888,0.008986816276623164,-0.046244883218080485,2.8156553876974087e-16,-5.457664926716482e-16,1.4420546608244415e-16,4.892305232398038e-16,4.225714828532863e-16,-2.2258794150564785e-17,2.276213994463296e-16,-2.0945493570495606e-16,-4.1079564261114965e-16,-1.136456392217847e-16,1.3437760176622766e-16,-2.875337159899047e-17,2.420544444606197e-16,3.10586346200171e-16,3.5022921263332757e-16,2.4912374722548247e-17,-1.110083886388486e-16,1.511127519551485e-16,-2.172902593323307e-17,-1.1563379051227612e-16,2.1290267732640327e-16,1.3679222867998114e-16,1.7807973812348756e-16,-2.6332669531144434e-16,-8.444723439162034e-17,-8.506363546798868e-17,-1.1648969157573632e-16,1.289778189943211e-16,2.1581496944039397e-16,-4.2243342303322197e-16,1.907657336343113e-16,-9.104033066657284e-17,1.128077434111878e-16,1.9600993657686862e-16,-3.7945510966408326e-17,-4.641429242519682e-17,1.938891549176746e-17,-2.0479058955615494e-16,7.301881030077941e-17,-2.4345985595031213e-16,-4.8595028780817096e-17,4.0277946785362504e-17,-1.6732020305198657e-16,2.583132267877982e-16,7.8988429458283e-18,3.076664259671988e-16,-2.602192224528927e-18,3.943520004735254e-17,-1.3907355029083456e-16,-4.50172628210558e-16,-9.940818534855119e-17,3.477320205256152e-16,-3.27677126627451e-16,2.61669373202638e-16,-2.29667474498508e-17,-2.3205198123310295e-17,-1.8454083743724916e-16,-5.657988847929537e-16,-5.162360576380404e-16,2.3523507970044316e-17,-1.6216965993888073e-16,-5.5014864481644225e-17,-3.63439999960502e-16,2.980434855873213e-17,7.978772337569921e-17,-2.333187646329948e-16,-2.6218135658555e-16,5.272329700399915e-16,-3.942192162867002e-16,5.304072351716532e-16,-2.2102001059270405e-16,1.4299712061120456e-16,3.0951523935386446e-16,-1.9834967507551328e-16,2.723418300745186e-17,7.284897449251776e-17,-4.327848599577826e-16,1.4199751116404397e-17,1.0803056649478348e-16,4.1305515456970877e-17,5.199711013716873e-17,-1.3436475036237683e-16,-2.7656433021383225e-16,-1.4414409792930934e-17,-1.3594764084735874e-16,-2.646464199224553e-16,3.0921327806370896e-17,7.40247215274881e-17,-2.861882275932446e-16,1.628764967583091e-16,1.950290538296159e-17,9.260483350404356e-17,3.6139301380381676e-17,1.8344585508358542e-16,-6.41963629008304e-18,-1.2122218548024326e-16,-2.9525641093287935e-17,-3.067964848326305e-16
CC(P(C(C)(C)C)C(C)(C)C)(C)C.O=P([O-])([O-])[O-].[K+].[K+].[K+].N#CC>>,CC(P(C(C)(C)C)C(C)(C)C)(C)C||O=P([O-])([O-])[O-].[K+].[K+].[K+]||N#CC,C_029a80fe3b60,CC(P(C(C)(C)C)C(C)(C)C)(C)C||O=P([O-])([O-])[O-].[K+].[K+].[K+]||N#CC,CC(P(C(C)(C)C)C(C)(C)C)(C)C,O=P([O-])([O-])[O-].[K+].[K+].[K+],N#CC,-1.45288113503555,-1.0605289550447168,-0.16411691942300433,-0.010301503845393805,0.31636912180423443,1.8331846484815089,0.05945880648850746,0.3076650759169772,1.9552241073561203,0.4896018747067832,0.5358228562677203,1.3747868527619054,-0.4579794402747458,-0.019389618891701207,1.5961685622826038,-1.511084011353416,-0.959074112236899,0.13184094183643186,0.1486286127878,0.05449934644640612,0.09330650229171798,0.3644593941343989,-0.2720642018262798,0.05229413618664559,-0.17692253982242695,-0.05643723749844343,-0.06950018941129285,-0.03738772202561811,0.09581950477436205,-0.046331101434986394,-1.8035833709512633e-16,6.104721747121124e-16,-3.1199006662557337e-17,2.8849306192820943e-16,1.1996328814490558e-16,2.3417467296571567e-17,2.266799010515253e-16,-9.166207108323064e-16,6.841324207974752e-17,-1.8872115094335466e-16,5.624345660442772e-16,1.9456634806968896e-16,-1.5031407399408387e-16,2.535750104917056e-16,-5.348973941406094e-16,-2.3335849323965165e-16,-3.924247975663089e-16,1.9016250010288342e-16,-1.6208235702396658e-16,-1.3165531444946816e-16,-1.2847457607204623e-16,-9.190742529929874e-18,4.169630103340152e-18,3.903461939667888e-17,-3.3804593627512116e-16,2.268116115516551e-16,1.0614233310504053e-18,-9.664842391485243e-17,2.450269048622629e-17,1.7428656477128934e-18,-3.0894284758883967e-16,-2.2710374479529192e-16,1.812262164121718e-16,2.4811423839740174e-16,-7.105532059332186e-18,5.3515888805094513e-17,-1.6060481785923102e-16,-1.579427762882327e-16,1.3414248248558748e-16,1.1970127786217792e-16,-4.915050643441438e-18,-2.1165971867705805e-16,1.2959771463791326e-16,-1.0867249724397218e-16,-3.1069617398386274e-16,-2.8390796953313736e-16,-2.9451696057479498e-16,1.8050612194934226e-16,-3.9450220876873293e-16,3.545411280038797e-17,-4.4381721454589246e-16,5.8769058584758685e-16,1.5805409212623766e-16,-2.4631817239943085e-16,-1.1132774622215894e-16,3.0542003747716443e-16,-1.2330625781204447e-16,1.0157863347719092e-16,4.588378023446877e-16,-3.624119094384571e-17,3.665059062996861e-16,8.518203410539514e-17,2.3377732334820717e-16,1.0762687648694636e-16,1.0463394490280027e-16,-1.1190524270771677e-17,4.65825560489133e-16,-2.608622587250171e-16,-2.287535776848593e-16,1.1877246330836794e-16,2.3272742236876797e-16,1.1868548224594944e-17,1.1113470581628495e-16,-2.479442962258957e-16,1.2766071026581243e-16,-2.735888473063938e-16,-3.369448849801151e-17,-1.231741684023059e-17,-5.613234312473429e-16,1.8193682639149365e-16,1.969924668986697e-17,3.9299459162299125e-16,-6.642356692377537e-17,1.8630819463919508e-17,5.490857179655405e-16,1.8124205510941487e-16,-1.3346551847012753e-16,1.4818075626822484e-16,-1.9211276019538704e-16,-9.391122128111472e-17,-1.4552944402734323e-16,8.96953753756006e-17,9.473483312714073e-17,1.5599860462213898e-16,-2.02497821555316e-16,-1.5436732446059148e-16,2.8092654977273984e-17,-1.1316741206547468e-16
P(C1=CC=CC=C1)(C2=CC=CC=C2)C3=CC=CC=C3.O=P([O-])([O-])[O-].[K+].[K+].[K+].N#CC>>,P(C1=CC=CC=C1)(C2=CC=CC=C2)C3=CC=CC=C3||O=P([O-])([O-])[O-].[K+].[K+].[K+]||N#CC,C_4343f4b39389,P(C1=CC=CC=C1)(C2=CC=CC=C2)C3=CC=CC=C3||O=P([O-])([O-])[O-].[K+].[K+].[K+]||N#CC,P(C1=CC=CC=C1)(C2=CC=CC=C2)C3=CC=CC=C3,O=P([O-])([O-])[O-].[K+].[K+].[K+],N#CC,-0.3767046372321074,1.3189217324337281,-0.49479868092863893,-0.1662766488919308,0.03863147511708728,1.7576896031265907,0.11571049645221297,0.6282867382055037,0.3276388103113385,0.6013237675076487,1.2858070578780223,1.5624720771563334,-0.40751084655543685,-0.05819996774014212,0.7015364851106557,-1.4300232898928675,1.7740963077596483,0.07222157762470216,0.13488400809671158,0.5479895285800043,0.04822799163650852,0.12753350122107876,-0.23398671905428453,0.03785064068970686,-0.18236045864724795,0.033114265845759744,-0.03950709055578847,-0.046622954949322,0.07204677783976735,-0.06757355702446814,3.2549321086724173e-16,2.477542546469056e-16,-6.409361601612675e-17,6.006277478291482e-16,6.819996482615497e-16,3.252262745118703e-16,-5.465749337621026e-17,4.533446100310074e-17,-9.763961709904291e-17,-2.405287914956465e-16,-2.437044421396737e-16,3.73502435899396e-16,3.3205589114258773e-16,1.509061415712001e-16,4.0458000469340586e-16,-3.324878056842253e-16,1.95429863024499e-16,2.27718045542917e-16,2.121200540728034e-16,1.556947022729381e-16,9.599396818221338e-17,-2.2229228138934242e-17,1.803856773835106e-16,-2.2351795321042087e-17,1.8899849043789375e-16,7.096991130111368e-17,-1.351400939954158e-16,-6.741978295726305e-17,1.3805226625556892e-16,-1.38604361062212e-16,1.0729557710529907e-17,-2.2425547595673065e-16,2.7437308493376827e-16,5.5495060148277825e-17,4.4544574818934144e-17,6.344938412357239e-17,-9.700186448755602e-18,-1.1395280949326203e-16,-4.951684605838362e-17,-2.186898090077315e-16,5.189206433241403e-17,-6.654652508037004e-17,4.386843799885721e-19,1.7496563032526227e-16,3.091694339386506e-16,3.021811361838706e-17,2.2796242290823997e-16,-3.8585061555771567e-16,3.9029484478982097e-16,-4.939105349683598e-16,7.161890216826773e-17,7.3681524317687705e-16,3.3038532158367977e-16,1.9271539661056065e-16,4.541272805034473e-16,-4.3140666661580703e-16,6.468191902825759e-16,4.1515062817028504e-16,1.551470796143334e-16,4.0604326672468264e-16,-3.9856287330087263e-16,7.973328471290022e-17,-4.816048757013319e-16,1.6020447319927897e-16,-2.6342774727102014e-16,-5.981069269579668e-17,3.445347091891375e-16,-4.087037843896591e-16,-5.267410438655129e-17,-7.089284956778848e-17,3.7546377245781776e-19,-3.384964353707636e-17,-5.307774099052457e-17,6.10949777829149e-17,4.529877420386805e-16,1.608681114019036e-16,8.25089969885856e-17,-3.133429972201286e-16,-1.18648708219056e-16,1.722318888811428e-16,2.9963385692090665e-17,2.2537260869653093e-16,7.477190215618057e-17,-1.057567235451603e-16,9.278897104950029e-17,-3.4834248122211324e-17,-1.5394815369940907e-16,-1.6741876814109002e-16,7.763143548416917e-17,-1.8799668069960877e-16,-2.17769703001182e-16,4.14548360576721e-16,1.3373567138742467e-16,1.8405329016960527e-16,-4.65558415762668e-18,-1.5633557766976992e-17,-5.710353685073682e-17,-1.2042953516733668e-16
CC(C)(C)P(C(C)(C)C)C1=CC=C(N(C)C)C=C1.O=P([O-])([O-])[O-].[K+].[K+].[K+].N#CC>>,CC(C)(C)P(C(C)(C)C)C1=CC=C(N(C)C)C=C1||O=P([O-])([O-])[O-].[K+].[K+].[K+]||N#CC,C_f286a094507d,CC(C)(C)P(C(C)(C)C)C1=CC=C(N(C)C)C=C1||O=P([O-])([O-])[O-].[K+].[K+].[K+]||N#CC,CC(C)(C)P(C(C)(C)C)C1=CC=C(N(C)C)C=C1,O=P([O-])([O-])[O-].[K+].[K+].[K+],N#CC,-1.5200032918283617,-0.08852264165622069,0.9556797563942236,1.3137481003760572,3.892324479035107,1.5854919840983048,0.3626208930341353,-0.2800666676553791,-0.34381594765702994,0.9454594927110542,1.2668687727795034,1.706391208259267,-0.419255275575244,-0.5785369146511827,-0.3099194259379589,-0.6709451190974296,-0.1319754715677592,0.11691980262615925,0.10033084287542271,-0.013224745021631772,-0.26830365171371695,0.3387428914862171,-0.22352529842856303,0.06594197200040003,-0.255694741711004,0.14540277550006664,0.12254224949159415,0.08124290456835499,0.028096439642841878,-0.24352963109538925,-3.5225810209847776e-16,-1.5262628242700015e-16,5.270569168593459e-16,-3.244981022677363e-16,1.5073112251664406e-16,-4.61504777912716e-16,-7.105779383205041e-17,-4.321215335792135e-16,-1.0787523676496854e-16,2.070224594682267e-17,3.588508139450813e-16,-1.7648637625265195e-17,-3.221614258769858e-17,2.605115241585088e-16,2.68842450486076e-16,-5.19882960197649e-16,-1.8253154017623411e-16,1.6797102184829645e-16,2.4448737290470493e-17,-4.8962483037180153e-17,-7.644083958393507e-17,-2.6812037478869097e-16,-2.4340973358029915e-16,-8.757151218695478e-18,3.0059390876743203e-17,3.2113195160297635e-16,2.256722060013028e-16,-1.0384756112041706e-16,4.2508353253436724e-17,-1.831462787977448e-16,-1.3080889439281115e-16,-1.4384344624579555e-16,3.1850604329980495e-17,-4.0159181409058796e-17,1.7332800496222792e-16,-5.280390551520237e-17,2.379387764187119e-16,9.223255369909151e-17,-4.141396309006835e-17,3.994798579444504e-17,1.7601294567870938e-16,-2.347456303148323e-17,7.683165805282076e-17,7.915213881417566e-17,1.2971533676861879e-17,1.5385682911725146e-16,4.0900472775891744e-16,2.602631501916599e-16,-4.120678401774976e-17,-5.5472685637573594e-17,-4.508439240461694e-16,-5.203975619345085e-16,-4.994408426445523e-16,9.552757965301135e-17,-3.3373386799090074e-16,-1.4782555679341215e-16,-6.629505994405004e-17,7.483984345984743e-17,1.2869320951295493e-16,1.5195035042586826e-16,-2.6993346207026097e-17,-2.331306264712982e-16,3.019657400031434e-16,3.721685421548161e-16,-3.209037247833858e-16,-4.716328539812933e-16,-4.4766848557027356e-18,2.437120319714105e-16,-1.3660256548704528e-16,3.2782983172551675e-16,-2.664054180464675e-16,-2.1715390154766343e-16,-3.0320493064089774e-16,1.1429172106801784e-16,2.3485966010273567e-16,2.9406956260855445e-16,-1.2711821698713471e-16,-7.077036666780679e-17,5.983383842510663e-17,1.6275611294668585e-16,2.0005273370076238e-16,-6.875449064229653e-17,-1.8422185773089436e-16,2.510159003840387e-16,-1.393138115263361e-16,-9.364987082893216e-17,2.1402403562607598e-17,2.5265945627615675e-16,7.902044267448464e-17,-2.306569303157027e-16,-9.530321031482001e-17,-4.8694753440169064e-17,1.476813731717283e-16,-1.8074581607624448e-16,-1.357451474989278e-16,1.2444578801106844e-16,-8.041488269987793e-17,1.2297697845051564e-16
P(C1CCCCC1)(C2CCCCC2)C3CCCCC3.O=P([O-])([O-])[O-].[K+].[K+].[K+].N#CC>>,P(C1CCCCC1)(C2CCCCC2)C3CCCCC3||O=P([O-])([O-])[O-].[K+].[K+].[K+]||N#CC,C_ba37fad64c8c,P(C1CCCCC1)(C2CCCCC2)C3CCCCC3||O=P([O-])([O-])[O-].[K+].[K+].[K+]||N#CC,P(C1CCCCC1)(C2CCCCC2)C3CCCCC3,O=P([O-])([O-])[O-].[K+].[K+].[K+],N#CC,-0.0842556605728805,-1.5718503388148477,-0.47486783026472934,-0.17982650116542387,-0.036386545257611494,1.669636517231845,-0.15599654809378563,0.48456393854829344,2.659784852385634,0.5394946513320907,1.7956696154638523,0.9563840200817003,-0.7858592439560386,-0.708342544746332,-1.0227166276849573,-0.22224770219898582,0.13048659575552657,0.04621814350628759,0.00797719359714689,0.5222738430061036,0.09470147146011368,0.23082270258248208,-0.03168105458945184,0.1059150553014486,-0.29422056617254144,-0.004714196882870949,-0.17568692680461628,-0.1961208033256914,-0.6676180792062649,-0.01651819711977525,1.0770257021920444e-16,7.712063434760501e-17,-1.693054353493442e-16,-3.771158651807601e-16,9.542715994089885e-16,2.5584199390396645e-17,8.596127660236689e-17,-6.737137158301675e-16,-4.920079378342905e-16,2.400860399209817e-16,-2.871615301912848e-16,3.07248640366615e-16,-3.3810986023630793e-16,3.880102850555414e-16,-4.737560956946505e-16,-5.145898722812154e-16,2.613093128912696e-16,-1.0208282973155386e-16,1.49939949765284e-16,2.0031683685387578e-16,-2.663076082527653e-16,-4.243579675050719e-16,-6.177247277441939e-17,-1.132608774697361e-17,4.682126345298328e-17,5.076952350795238e-17,4.892476001954345e-17,2.614760979213597e-16,-5.4967002459633396e-17,-1.2484801736178685e-16,-5.361037935915689e-17,3.4248495813129407e-16,-2.1432539862348662e-16,2.8007725004530273e-18,-3.4069104904259686e-17,2.843563296967927e-16,-2.8424312189085575e-16,-1.6728978258007147e-16,6.901308913724358e-17,-3.5252739037445744e-16,-6.165095485887188e-18,-1.3775766322518783e-18,-1.7695535849494775e-16,1.3568180202176495e-16,3.0030068302701583e-16,4.0750983391728833e-16,-1.5426996056745044e-17,-2.2541962697779646e-16,1.1086471149391834e-16,3.468333469175086e-16,2.5673541559475168e-17,-2.143235816140881e-17,-3.790968648940367e-17,-9.44326966112397e-17,1.5148309415475288e-17,1.8698363653844652e-16,-9.221446498329482e-17,1.1368188603420778e-16,7.345204134916656e-17,-1.3573360203221371e-17,2.732025923500268e-16,-5.870204871857184e-17,-1.7687408914546959e-16,-1.773176295895494e-16,2.50813164148976e-16,9.417112559214885e-17,-6.074441352676035e-17,-2.5544041463269097e-16,-3.092875269848132e-16,-2.8951788192326587e-16,-5.673436753107557e-16,1.1385822823346094e-16,3.193024155214576e-18,5.597948799492055e-17,-2.837533440969945e-16,-2.941485025425545e-16,-2.0123894294777558e-16,1.2950021814332834e-16,3.0537742341081474e-17,-4.624964743735322e-17,3.3998223374532565e-16,1.717495263651427e-16,-2.986794563138889e-17,-1.7848743065729405e-17,-1.296712315498969e-16,-1.0158179910067904e-17,2.4938231985884112e-17,6.761977601581263e-17,-1.342792394731879e-16,-2.4581583313359146e-16,-1.6478824355036105e-16,7.451871625680915e-17,2.1435213874977984e-19,7.455074229377455e-19,-1.0119777536514651e-16,-1.0223906934775274e-16,4.4143340141627906e-17,4.940939007327911e-17
CC1=CC=CC=C1P(C2=CC=CC=C2C)C3=CC=CC=C3C.O=P([O-])([O-])[O-].[K+].[K+].[K+].N#CC>>,CC1=CC=CC=C1P(C2=CC=CC=C2C)C3=CC=CC=C3C||O=P([O-])([O-])[O-].[K+].[K+].[K+]||N#CC,C_eee5099396d7,CC1=CC=CC=C1P(C2=CC=CC=C2C)C3=CC=CC=C3C||O=P([O-])([O-])[O-].[K+].[K+].[K+]||N#CC,CC1=CC=CC=C1P(C2=CC=CC=C2C)C3=CC=CC=C3C,O=P([O-])([O-])[O-].[K+].[K+].[K+],N#CC,-0.5463595289266765,1.7315939954646131,-0.6591344049961999,-0.19007721233984864,0.06481139785498634,1.8063103994285326,-0.8192211128199927,3.049981113859527,-0.10931180519209308,0.6006658747317085,0.05382659967972016,2.0854716044750328,-0.7502203147603127,-0.7691546904158777,-0.3861888386276055,-0.6499502474543799,-0.5993897423562184,0.09318432360380828,0.14256748374015588,0.5211575480409145,0.04675054239482103,0.129588931390059,-0.23544085371745577,0.028622640778382467,-0.18902997412797262,0.030760923685658272,-0.039678381595297366,-0.047249306903844254,0.07217389445479216,-0.0673749616784641,-2.0598352362958342e-16,-1.4493700186387878e-16,-7.290778810050052e-17,1.61540581637707e-16,1.2953175005941775e-16,3.2712662801646556e-17,-4.3593151720797084e-17,4.108258640882979e-16,-6.042900188308833e-16,-1.6005303655365337e-16,2.32339558673895e-16,-5.376243175199987e-16,2.3505207308535433e-16,6.7082252379827694e-18,-5.259926613572111e-17,2.4738070764627104e-16,-3.662502877788924e-17,1.5646448549405702e-16,-2.988949256556245e-16,-2.1261686293978884e-16,-7.317162403672362e-17,-4.783003018089321e-17,-2.120917554091762e-16,1.4493675228757836e-16,-2.6981519167867058e-18,-1.1443440221622113e-16,-1.7299241093649587e-17,2.66522758154371e-16,-8.563711933429845e-17,-1.1096529075005589e-16,1.9262955810001017e-17,1.3338870354052028e-16,-4.2439062297029363e-17,6.108415902365352e-17,-2.099225714921527e-16,7.964705860832083e-18,1.662751038706925e-16,2.4274777084593613e-16,-7.469833227514091e-17,-5.620397917898261e-18,-6.42784319062471e-17,1.718823209194182e-16,2.684536386815238e-16,1.1692504768649048e-16,-6.008236962463242e-17,-5.738740249325983e-16,1.0898311798832353e-16,3.685440720732575e-16,1.4370062617739594e-16,1.1396552459350103e-16,-5.852656146702549e-16,7.07373928566518e-16,5.188739941342578e-16,-7.334452642101888e-17,1.6687215133591703e-16,5.391244012549709e-16,-6.183256898136991e-16,-2.9326481290267856e-16,-2.349093591048783e-16,3.8269701356864125e-16,-2.4289024158326626e-16,2.1721247381966993e-16,9.951036298784626e-17,-1.667328272531361e-16,-6.797337638950387e-17,-5.499201512233718e-16,-2.420650299505168e-16,5.619182647809548e-17,2.392662146321594e-16,-1.3475458200617047e-16,2.311344560218997e-16,-4.900176545798105e-16,-1.7633011931358023e-16,1.8046062507890883e-16,-2.3602130560158035e-16,-3.3431216579271494e-16,-1.5327497349684407e-16,1.6680428326650036e-16,1.1181596609449416e-16,1.2294531988129424e-16,-3.4129640560181055e-16,-1.1243089997532743e-16,-1.3892120397296557e-16,3.741328321311091e-16,-1.3444107781024815e-16,-1.0623913209398195e-16,-1.3411981642420963e-16,-3.3557240427485555e-16,2.0635617922606916e-16,1.415083479365656e-17,-2.752282373933221e-17,9.704135232837315e-17,1.1590358872085954e-17,2.4210000054485995e-16,-1.0879125497056911e-16,-1.0074424870455527e-16,-1.6731794137713443e-16,1.7454881434249165e-16
CCCCP(C12C[C@@H]3C[C@@H](C[C@H](C2)C3)C1)C45C[C@H]6C[C@@H](C5)C[C@@H](C4)C6.O=P([O-])([O-])[O-].[K+].[K+].[K+].N#CC>>,CCCCP(C12C[C@@H]3C[C@@H](C[C@H](C2)C3)C1)C45C[C@H]6C[C@@H](C5)C[C@@H](C4)C6||O=P([O-])([O-])[O-].[K+].[K+].[K+]||N#CC,C_a6bad66779a3,CCCCP(C12C[C@@H]3C[C@@H](C[C@H](C2)C3)C1)C45C[C@H]6C[C@@H](C5)C[C@@H](C4)C6||O=P([O-])([O-])[O-].[K+].[K+].[K+]||N#CC,CCCCP(C12C[C@@H]3C[C@@H](C[C@H](C2)C3)C1)C45C[C@H]6C[C@@H](C5)C[C@@H](C4)C6,O=P([O-])([O-])[O-].[K+].[K+].[K+],N#CC,-1.8138456654056887,-3.4734554459671556,-2.552385505380794,-6.709006010850847e-05,-0.995048401232616,1.7087761994839872,0.3383721640639899,-0.08660737856463412,-1.3377923735606312,0.8187827083394529,1.0428453045870392,1.9025270554495977,-0.5234654600075062,-0.5127305399765775,-0.21784858334455318,-0.8270183868803852,-0.04508611778925481,0.10951650048570809,0.14010315814669727,0.08736661364224649,0.12792582482627213,0.41354787446099256,-0.09754159758566083,0.14492219357945238,-0.1912970111944841,-0.03669845254915817,-0.08860897291363304,-0.024396578242400914,0.09433316121646465,-0.03991001565287977,3.739916975132189e-16,7.842705323391842e-17,4.61180584839081e-16,4.189854860400397e-17,2.8238185031102796e-16,3.1096230205553413e-16,3.984757565773132e-16,-3.6011491274847354e-16,-4.4639020254281197e-17,-1.0359115937684974e-16,7.319347102534232e-16,5.270217001578712e-16,-3.1955759466092436e-16,2.674033225534927e-16,-2.986077559329946e-16,8.550944318321859e-17,-2.7241097850417457e-16,6.265532836954418e-17,-2.359003075931766e-16,7.60709739168365e-18,-2.061700063858856e-16,7.995020472783e-18,4.974436098324197e-16,5.975591429680206e-17,-2.1451873460110944e-16,1.9520321366717755e-16,2.1699361917128556e-16,1.441646273838692e-16,3.183987525527044e-16,1.4563640715202578e-16,6.505384815267325e-17,1.3506274758376087e-16,-7.385876063082349e-17,-3.433370928013893e-16,-2.1397803823343503e-16,-1.8763000335257683e-16,3.315948589776608e-17,-2.2303875519009566e-16,2.6312234222280847e-16,-1.5806232256545716e-16,-5.565714841003658e-17,6.595115297370002e-17,-2.4271234929756756e-16,2.33022684851617e-16,-3.3437291137498985e-16,7.481848177551527e-16,-3.874520847462885e-16,2.6971441711717363e-16,4.1525930141656793e-16,1.778739757955254e-16,-1.694015259804299e-17,-4.571975453631216e-18,-1.3182830340082773e-16,1.0128870673428159e-16,2.558845844612068e-16,-1.9518186311067274e-16,1.996630970668391e-16,4.993673501690562e-16,2.727723171940633e-16,-1.7637531424172624e-16,-1.1356973688235158e-17,-2.913846777726639e-16,-3.379494501123759e-17,2.1502164166522603e-16,-1.34738082500956e-16,-1.0991862997242323e-16,-1.6454359805838035e-16,-1.279585742439548e-16,-1.4014599894401415e-16,3.4153655263193024e-16,3.808427879729064e-16,-5.124642185267839e-16,-3.2990377783027077e-16,2.050442329680849e-16,-6.113033248528882e-17,5.181348212132968e-17,2.267419494052472e-16,-9.590921691372676e-18,2.1876940927954163e-16,-2.6775567619665433e-17,-1.2368869846245404e-16,-1.080450101007416e-16,2.4035127329205586e-16,-2.160243028430792e-16,-8.472835256792613e-19,-2.678912053613745e-16,-2.304207835317747e-16,-1.980561759090527e-16,-7.233259734487936e-17,2.867949801786779e-17,-4.969143705468049e-17,-1.6505157164105285e-16,-1.4453280075083415e-16,-4.170911822677153e-16,1.6715558501709017e-16,-9.067642504752704e-17,1.9370789331712489e-16,1.3966990723249655e-16
COC1=CC=CC(OC)=C1C2=C(P(C3CCCCC3)C4CCCCC4)C=CC=C2.O=P([O-])([O-])[O-].[K+].[K+].[K+].N#CC>>,COC1=CC=CC(OC)=C1C2=C(P(C3CCCCC3)C4CCCCC4)C=CC=C2||O=P([O-])([O-])[O-].[K+].[K+].[K+]||N#CC,C_78cf5ed110f2,COC1=CC=CC(OC)=C1C2=C(P(C3CCCCC3)C4CCCCC4)C=CC=C2||O=P([O-])([O-])[O-].[K+].[K+].[K+]||N#CC,COC1=CC=CC(OC)=C1C2=C(P(C3CCCCC3)C4CCCCC4)C=CC=C2,O=P([O-])([O-])[O-].[K+].[K+].[K+],N#CC,4.078128643326866,-0.5475894128566863,0.33734666348570613,-0.13504392143496588,0.03417652174955553,1.4000120763901092,3.06100364664612,0.5814253816755433,0.23235447349415725,0.41854325135900095,0.6638785870180262,1.8989696469212716,-0.7728830243455274,-0.5310853236578021,0.0023116347028160895,-0.8519472571796942,-0.2875970756429534,0.08355764690513195,0.11236027080960419,0.4760922849985973,0.07387110445679228,0.06994062983411038,-0.03986279955330727,0.22125677097701732,0.08036013804048785,0.08509887544151477,-0.1486181989617344,0.12542187265684301,0.033035256578733484,-0.011858405603346264,-2.762006409921396e-16,1.6690170807038415e-16,3.481967774524611e-16,-1.3535809914044948e-16,-4.670316408973573e-16,1.9591100469767887e-16,3.1257208579477873e-16,-1.0860696112769586e-16,-1.0732876577938013e-16,-1.554153639676208e-16,-2.4277414782108605e-16,1.7947988832039476e-16,1.0959749787715884e-16,-4.514453889287749e-16,-5.105441126315027e-17,-3.6129733405581905e-17,2.3260223797138933e-17,-3.193879809258658e-16,4.1564698452965626e-17,2.2982599720495163e-16,5.617688459164043e-17,-7.326058570766556e-16,1.0037610728589359e-16,1.4511982461824406e-16,-2.0931656257821597e-16,-1.989326468842351e-16,-5.365076143133652e-17,3.9210424434897195e-16,1.569178127928346e-17,1.4821880096426286e-16,-2.203355929358306e-17,-5.338172302068559e-17,2.409401722354982e-16,1.0728958977847321e-17,4.0095835333468655e-17,4.616162949434824e-17,9.072279129690115e-18,2.824198927771492e-16,-5.914318044749676e-18,-2.0339716512580133e-16,-7.577660417153662e-17,9.1357132170588e-17,3.652364159939554e-16,-7.699437149564041e-17,6.072117225262186e-17,4.9970859160453026e-17,6.840410824074775e-17,-3.777586980025827e-16,5.70028083374215e-17,2.686701739461237e-16,2.1739505714785308e-16,5.834696478195403e-17,1.9480370968763828e-16,2.280100467867079e-16,-2.620945844309626e-16,1.8536297069418618e-17,-6.575288776621511e-16,-2.258216504341439e-16,1.6899967985346512e-17,3.5319527843990057e-16,-1.0963578608395802e-16,1.4643795428300824e-16,2.13698215579129e-16,3.112206741598897e-16,1.6312029416520796e-16,4.079850428664631e-16,9.246038604236194e-17,-6.589086984060757e-17,-1.555143799787488e-16,2.48776169953263e-16,9.502683673759008e-19,4.6640312124246357e-17,-3.214001935403813e-16,-4.3565631491027943e-16,-3.230458623782621e-16,3.652478811979781e-17,3.709391920006925e-16,3.32964078858307e-16,1.745759413298459e-16,-2.623093873199873e-16,1.613936695400925e-16,1.4740772174451492e-16,-3.90183235437406e-17,1.8023241659357188e-16,4.6492067558287233e-17,3.041780928235301e-17,-9.135328787704542e-17,-2.0038347260537368e-16,-1.593103052878533e-16,-5.5040622879647374e-17,6.57826793023836e-17,3.180951228382739e-17,1.565242986750653e-16,-1.2808561154560916e-16,1.395639674563075e-16,-4.592359242898394e-17,-4.0723735757258254e-17,8.947602418193491e-17
CC(C)(P(C(C)(C)C)[c-]1cccc1)C.CC(C)(P(C(C)(C)C)[c-]2cccc2)C.[Fe+2].O=P([O-])([O-])[O-].[K+].[K+].[K+].N#CC>>,CC(C)(P(C(C)(C)C)[c-]1cccc1)C.CC(C)(P(C(C)(C)C)[c-]2cccc2)C.[Fe+2]||O=P([O-])([O-])[O-].[K+].[K+].[K+]||N#CC,C_bd7171db62c5,CC(C)(P(C(C)(C)C)[c-]1cccc1)C.CC(C)(P(C(C)(C)C)[c-]2cccc2)C.[Fe+2]||O=P([O-])([O-])[O-].[K+].[K+].[K+]||N#CC,CC(C)(P(C(C)(C)C)[c-]1cccc1)C.CC(C)(P(C(C)(C)C)[c-]2cccc2)C.[Fe+2],O=P([O-])([O-])[O-].[K+].[K+].[K+],N#CC,-2.0078129823382946,-0.38668049753553607,2.6016421837470047,-1.0282345352031925,-0.9673647880479658,1.750679316934712,0.22016277726864344,-0.8286135814033443,0.7735811065173421,0.5396972015414695,-0.636486629622375,2.6646900684952053,-0.49709135638489627,-0.5018226686633911,-0.5961241995284804,-0.7691146555709637,0.2866126660242648,0.10837672714255664,0.14195027609932181,0.06254976832484282,0.08878813888416556,0.35464651102492384,-0.2861192280072791,0.04722557094774438,-0.1782247102146137,-0.05671552182467995,-0.06998528465908584,-0.0382889559322925,0.09305633762203246,-0.046132483644792485,1.8009206079845785e-16,1.1099831018046813e-16,-5.832041419717383e-16,1.028391260864915e-17,-3.6624589771118204e-16,-2.3400525141876954e-16,-3.58751640765585e-17,-3.258858970810608e-16,-1.8187996478946386e-16,1.0393343246667842e-16,1.2644706907986685e-16,-5.303078967110256e-16,1.8063762162040221e-16,-2.0045161660188266e-16,5.67460909788587e-17,-1.187669781020581e-16,2.5359213858077963e-16,-2.3238570597078613e-16,-2.752920872660505e-16,3.6098864454457213e-16,2.4266345859696325e-16,3.294510451026349e-16,-3.1021987907692867e-16,-1.1524388690473497e-16,3.831883024306702e-17,1.9325467946331032e-16,-2.9409016602296005e-16,9.211990229278543e-17,2.264621322620234e-16,-3.5803881961697284e-16,-1.2122872314592163e-16,2.297391542595581e-16,2.97960332923267e-18,4.218771669050633e-17,2.2614672605702837e-17,1.0013642565935044e-16,1.8916373400283904e-16,-3.4760361929279794e-16,-6.321099221001879e-17,1.1691081077461912e-16,2.7004746517665695e-16,1.235101388238264e-16,-9.079585358305525e-17,-1.0778423716636753e-16,-4.6280734556804786e-17,-7.663757175696168e-17,1.9343528258223797e-16,-3.5404595698590215e-16,5.967341378543331e-16,-7.408163001109876e-16,3.8844084610487676e-16,-7.739787999431823e-16,6.274610153274721e-17,-7.431786853336152e-16,-3.1397423717891845e-16,-1.1513501547550928e-17,-8.765147942590937e-17,-2.0768014818765018e-16,-1.4558997084221423e-16,6.445741597666448e-17,5.754350835794174e-17,-1.13952198013487e-16,-4.4382272944787475e-18,-6.522389369548703e-17,-2.970182157317069e-17,2.2048972644069804e-16,2.4016371908101803e-16,-4.1234821798568007e-16,-2.5126253999369873e-16,2.6216421383308646e-16,2.978965673614297e-16,-4.3640456001131307e-16,3.547640769969163e-17,3.6290898085244965e-17,-2.0405465222081513e-16,-1.470281644304192e-16,-1.40941829900153e-16,-2.8908034189163446e-17,6.471070243990358e-17,1.526766612670727e-16,-1.8098476143093126e-18,3.0518928885395004e-17,4.24304711669161e-16,5.457486139990031e-17,-1.9209503205849943e-17,4.147028431483264e-17,2.347669165741218e-16,7.442308257765512e-17,1.8298317838560938e-16,2.860311814138563e-16,1.058943646138947e-16,2.4732493321620927e-16,1.3500525351905252e-17,4.384598706606362e-17,-8.858981229439798e-17,-4.795577776016323e-17,5.994882618386587e-17,-1.7510423928955192e-16
CC(C1=C(C2=CC=CC=C2P(C3CCCCC3)C4CCCCC4)C(C(C)C)=CC(C(C)C)=C1)C.O=P([O-])([O-])[O-].[K+].[K+].[K+].N#CC>>,CC(C1=C(C2=CC=CC=C2P(C3CCCCC3)C4CCCCC4)C(C(C)C)=CC(C(C)C)=C1)C||O=P([O-])([O-])[O-].[K+].[K+].[K+]||N#CC,C_fb6048ab1971,CC(C1=C(C2=CC=CC=C2P(C3CCCCC3)C4CCCCC4)C(C(C)C)=CC(C(C)C)=C1)C||O=P([O-])([O-])[O-].[K+].[K+].[K+]||N#CC,CC(C1=C(C2=CC=CC=C2P(C3CCCCC3)C4CCCCC4)C(C(C)C)=CC(C(C)C)=C1)C,O=P([O-])([O-])[O-].[K+].[K+].[K+],N#CC,4.4830218524255825,-0.6553668768500429,0.3363296450075195,-0.03805977369974811,0.08166474522336031,2.130527752728428,-2.3782893713957964,-0.7625495804652815,-0.05493040774285335,0.8919826599037468,0.8627907455966086,1.7488814051363513,-0.4105450714169979,-0.4757796041851128,0.07016974243885388,-0.8922999799067669,-0.1623211919648248,0.10575675547335374,0.10758924599072976,0.06574965528154521,0.14695225972676648,0.39578003281173274,-0.1727202330165214,0.32198628185068773,-0.035240315913992515,-0.011526993848870673,-0.06282587803205907,-0.018914387513649555,0.07744449660096506,-0.040782009946005504,-1.3019967801194807e-15,-6.558851792113523e-16,1.9371591667810035e-17,-1.967989305386482e-16,-7.157483271073405e-16,-5.139111083006464e-17,1.9793980742700212e-16,4.612852670509706e-17,1.3304467888796177e-16,2.6921442971373814e-16,-1.9414061116588909e-16,-1.7467010427544902e-16,-2.7845824127972434e-16,-5.038802480189424e-16,-6.618380950091976e-16,3.37889140068618e-16,-1.3455166861937613e-16,-2.3242548972328124e-16,-2.5355188157236496e-16,-3.7106323175626176e-16,3.997210005881487e-16,-9.754853996749125e-17,-7.620972830794472e-17,-1.6805566041906276e-16,-9.778413064023807e-17,-9.662978459096357e-17,3.2135382035778933e-16,9.847286237894354e-17,3.2042858873042587e-16,-1.8726852299481845e-16,9.132498162076231e-17,-1.411209702304929e-17,9.493612064946035e-17,-2.2558109409116153e-17,2.12275801868547e-16,-1.4507809489281078e-17,1.2642674244300265e-18,-3.261503560317191e-17,-2.178761496106305e-16,-1.838054748147746e-16,4.034824304852276e-16,4.140824681104527e-17,-1.86126285750249e-16,3.1227336401990514e-16,1.3296860426170964e-16,-1.6785324211159345e-16,2.69917026004509e-16,-7.547643659623856e-16,1.3464135420038732e-16,2.1224827059880226e-16,4.1730786137113547e-16,-1.1317406228226882e-16,-3.930896595224031e-16,5.346798467432702e-16,6.641252979776651e-17,9.390409113130263e-18,-4.022943170792623e-17,-5.97446766639854e-16,-2.79116822365059e-16,-3.3933555159036224e-16,1.258341536743909e-16,-3.2982382629808236e-16,-6.528743110978364e-17,6.735596997266772e-17,-2.060232990710132e-18,6.300363333147756e-17,-1.1493400348580742e-16,3.655475193486663e-16,3.4039069053752964e-16,-2.916924293780344e-16,7.250533081195463e-17,-2.1070750527775123e-16,-1.1293068775658802e-16,-3.954477588867991e-17,8.405179029893287e-17,-2.7683230350308534e-16,3.423480996277341e-16,-2.0696348749170248e-17,-3.7738106207306777e-16,4.642823887715591e-16,-5.573635446711652e-17,1.46898842550311e-17,-2.851441599469698e-16,-2.0344099784533116e-16,-8.512394300638554e-17,5.9847102746222835e-18,-1.8228946572599922e-16,-4.8691481056647697e-17,1.8969034359934188e-16,-3.9744127324256097e-17,7.762065344653292e-17,-1.2593001590630785e-16,1.3253306531880987e-16,-1.1202670276608681e-17,3.802915493013997e-17,-1.1052500548803514e-16,-6.82011046576316e-17,2.0941167393734616e-17
[c-]1(P(C2=CC=CC=C2)C3=CC=CC=C3)cccc1.[c-]4(P(C5=CC=CC=C5)C6=CC=CC=C6)cccc4.[Fe+2].O=P([O-])([O-])[O-].[K+].[K+].[K+].N#CC>>,[c-]1(P(C2=CC=CC=C2)C3=CC=CC=C3)cccc1.[c-]4(P(C5=CC=CC=C5)C6=CC=CC=C6)cccc4.[Fe+2]||O=P([O-])([O-])[O-].[K+].[K+].[K+]||N#CC,C_ee251b74166f,[c-]1(P(C2=CC=CC=C2)C3=CC=CC=C3)cccc1.[c-]4(P(C5=CC=CC=C5)C6=CC=CC=C6)cccc4.[Fe+2]||O=P([O-])([O-])[O-].[K+].[K+].[K+]||N#CC,[c-]1(P(C2=CC=CC=C2)C3=CC=CC=C3)cccc1.[c-]4(P(C5=CC=CC=C5)C6=CC=CC=C6)cccc4.[Fe+2],O=P([O-])([O-])[O-].[K+].[K+].[K+],N#CC,-1.1818637273333057,0.8135615065124994,2.410193508529224,-1.1762616281403737,-1.3451293182373492,1.6256747739997868,0.1822588454906644,0.21705423158163267,-0.7720205681641197,0.8689477976089072,2.684600943267243,0.8811616215770214,-0.6790902176079407,-0.605629616267673,0.21776434444048567,-0.8227303192216164,-0.645073000301557,0.09266177959841586,0.14359533297972288,0.5253512101795389,0.046212049100014384,0.12799976442213132,-0.23459004615463624,0.027426587117931764,-0.18989135465214302,0.030981415514306693,-0.039949442574948826,-0.04715960605146709,0.07212346180340948,-0.06732443350897774,2.2305308012564546e-16,-4.786378432897826e-16,-2.755214693295048e-16,4.793851273793532e-16,-4.096626031731847e-16,1.2953817166493635e-17,3.197286725486311e-16,1.3933065961876457e-16,-2.700264114294171e-16,-6.002939735468365e-16,-1.182310692582249e-16,-3.1879228984607896e-17,6.613264111868834e-17,-3.166154389379983e-16,1.1883751785833664e-16,-3.718510000759427e-16,4.959174460168932e-16,3.746025214974244e-16,6.197270836316055e-17,4.015300675203889e-17,-7.999873060374589e-18,9.617750541861796e-17,-3.0615335432039405e-16,-1.0772592162576552e-16,-1.2190678348376076e-16,-3.715296353173643e-16,1.4114332465093253e-16,-1.3043078420098772e-16,1.1659010640743173e-16,1.3943888658246383e-16,-3.0810945370590074e-16,1.5553653463196409e-16,8.304104012021599e-17,-1.6115808089782233e-16,8.097027062063284e-17,8.399630673684383e-17,2.020332515814592e-16,-1.5743981037520555e-16,1.763619847740323e-16,-2.294011517334541e-17,2.5236508360241033e-16,-1.490808148245189e-16,1.6133365811155247e-16,-4.629594433581689e-17,-2.7054384223845874e-16,-7.102715802706305e-16,5.826901803370827e-16,-2.326076137906269e-16,5.721862922748604e-18,-3.1531017772875113e-16,2.7585681364295157e-16,9.006517383714084e-17,4.3988809442860984e-16,2.6477167513134672e-17,-2.435784159651897e-19,-1.5954861594727702e-16,3.9957884670924123e-16,4.497090679236064e-16,1.5617354542910502e-16,-8.975730745587868e-18,-1.9182120310121748e-16,-2.768375460591641e-17,-1.3707015269987563e-17,-3.5749109718938845e-17,1.845518471864872e-16,5.289805841308486e-16,-6.023764507159577e-17,3.327623099836694e-16,2.5708206706253743e-16,-1.8925098082908272e-16,8.642288787439964e-17,2.8735938275567585e-16,3.222826755732301e-16,1.3839127687886506e-16,-1.9340691378664339e-16,-1.1852580004403335e-17,-2.420135922555465e-16,1.6790078698904062e-16,3.96331491253758e-16,-3.6999718652745565e-16,1.3751679285390147e-16,1.2407440036396946e-16,-1.7945855020185035e-16,-3.3206148148259137e-19,-8.023491079043032e-17,-6.244636978524171e-17,3.34486888772278e-16,1.8187079180033455e-16,-1.025499167012857e-16,3.051647077502457e-16,-1.1778439123402294e-16,-2.956725330139252e-16,-3.021189577726151e-17,-1.629012668716091e-16,-1.476000724782565e-17,-1.3184905350823813e-16,1.4546442751216736e-16,2.0293455870613763e-16
CC1(C)C2=C(OC3=C1C=CC=C3P(C4=CC=CC=C4)C5=CC=CC=C5)C(P(C6=CC=CC=C6)C7=CC=CC=C7)=CC=C2.O=P([O-])([O-])[O-].[K+].[K+].[K+].N#CC>>,CC1(C)C2=C(OC3=C1C=CC=C3P(C4=CC=CC=C4)C5=CC=CC=C5)C(P(C6=CC=CC=C6)C7=CC=CC=C7)=CC=C2||O=P([O-])([O-])[O-].[K+].[K+].[K+]||N#CC,C_93e6074ef436,CC1(C)C2=C(OC3=C1C=CC=C3P(C4=CC=CC=C4)C5=CC=CC=C5)C(P(C6=CC=CC=C6)C7=CC=CC=C7)=CC=C2||O=P([O-])([O-])[O-].[K+].[K+].[K+]||N#CC,CC1(C)C2=C(OC3=C1C=CC=C3P(C4=CC=CC=C4)C5=CC=CC=C5)C(P(C6=CC=CC=C6)C7=CC=CC=C7)=CC=C2,O=P([O-])([O-])[O-].[K+].[K+].[K+],N#CC,-0.41835367368792387,3.617576214984865,-2.3931922611670906,-0.1319323477197776,-0.43484626491423245,1.741224267372668,0.5827883674514116,-1.753407658550707,0.6862873600591075,0.6843308230813083,1.0138265639642825,1.7896540553630635,-0.5887547483620573,-0.5603385820374965,-0.3180581571920591,-0.6827534037318137,-0.5553723584747505,0.10721836406798678,0.11447969659270892,-0.027065447670348387,0.08480188819695376,0.21803455264457847,-0.28745275743425824,0.1793536582472827,0.03899881780169545,-0.05754683218539601,-0.03593213985327877,-0.02797914506301971,0.0719733984571771,-0.02926182370864412,6.545792276263803e-16,3.978935049448778e-17,6.335766943770326e-17,1.7539938219170208e-16,2.8780055852654993e-16,1.9019791555327006e-16,-2.3155352486244844e-16,4.838253361090812e-16,-8.836370443245816e-17,-1.6548042670613745e-16,9.804445225995719e-17,9.064508598086972e-17,-7.215302418801711e-17,2.436688240189112e-16,-5.198392224786492e-17,2.5093163389750227e-16,-5.3683162800287256e-18,2.636089770175533e-16,4.71009790241177e-16,6.026316703882278e-18,6.526017747101072e-17,3.2396519641093105e-17,5.015074136126826e-16,2.7251797457526684e-16,-1.2106344936963662e-16,9.996206195471622e-17,-2.7535722091621033e-16,1.1592590151965237e-16,-3.5807087505649616e-16,4.449848092385779e-17,1.6144166124334158e-16,1.6686454295771244e-16,1.1711784073131953e-16,1.2891293318165537e-16,4.54989272618907e-17,4.261928871418485e-17,-4.963751964088068e-17,-3.8682437053781987e-16,-4.3548288835880446e-17,-7.958562087262187e-17,-3.010194306543928e-17,-8.48538007064324e-17,-7.889450644825708e-17,-3.9818442768130354e-16,1.608415502820866e-17,-1.9910449291758926e-16,-2.2560214301811163e-16,-1.7301434788947478e-17,3.5765230332945113e-16,2.9904208028458857e-16,-2.913120626216438e-16,-2.709816895104081e-16,-4.972362691694388e-16,3.721676014927586e-16,3.8532987308587153e-16,-5.955917073392839e-17,-7.17918159152779e-17,4.0213227742364203e-16,1.9600745179816825e-16,3.7828321178331367e-16,-5.531229638813284e-17,3.280650558086968e-16,9.100158421820017e-17,-9.947346580177096e-17,3.688778720524213e-16,4.961269548979744e-16,-2.0655333921092967e-16,-5.217673229468566e-17,1.883891403524066e-16,-2.628362373459041e-16,-2.456237155058208e-16,1.2038763847128864e-16,-2.0500143651708768e-16,-5.2640442270862886e-17,1.4468645375026643e-16,-1.625275135156032e-17,3.224379834830846e-17,-1.7390218814807128e-17,3.019187849690361e-17,1.7042704153674693e-16,-3.037020335201759e-16,2.235394497016877e-16,6.381306833890062e-17,-3.4502834444191997e-16,1.5873951487196016e-16,1.6154404175818626e-16,-2.615039952227123e-16,-1.662760313929227e-16,1.7896993015709988e-17,-1.862952861349192e-16,-1.35939885295408e-16,-1.760571856929855e-16,-4.07637148946148e-16,-6.830576119244904e-17,-5.90049810583967e-17,1.4952355452413235e-17,1.2901755816039517e-16,-3.4396977477248916e-17
CC(P(C(C)(C)C)C(C)(C)C)(C)C.[K+].[OH-].N#CC>>,CC(P(C(C)(C)C)C(C)(C)C)(C)C||[K+].[OH-]||N#CC,C_6bdcfd811af1,CC(P(C(C)(C)C)C(C)(C)C)(C)C||[K+].[OH-]||N#CC,CC(P(C(C)(C)C)C(C)(C)C)(C)C,[K+].[OH-],N#CC,-1.4711891270886417,-1.0288945403993681,-0.12374001240486351,0.012331635361994659,0.3256449369698326,2.063549346392278,0.04122807759036915,0.2558275380450425,1.5562570575942951,-0.3968413598461942,-0.12424834901143818,0.08062066809124176,-0.39735965359334546,1.5385054442706338,1.4133259954662292,-0.6129258468176115,-0.9670210166317627,-0.5478018518115271,-0.6037838541089161,-0.24605587274997978,0.038893925131993815,-0.14328590848355285,0.05982757806381684,-0.12791995669644915,0.08133891612677312,-0.17015178757311752,-0.06092313568480899,-0.026815181651960087,0.01755369825285151,0.032591682905665345,-1.3349384567910212e-15,8.380786134674187e-17,4.571619618701629e-16,-5.061630783262154e-16,-1.772683291820137e-16,1.9144456238111963e-16,-1.9088417723030775e-16,-2.965977944106631e-16,-1.412550798070097e-16,-8.764449340136553e-17,3.764097195045494e-17,-3.065650662479692e-17,1.8307461140352507e-16,1.5529460543377858e-16,1.2218757580284949e-17,1.5303788009806091e-16,8.671065762700153e-17,9.627310488310838e-17,2.4235280416327537e-16,-4.459445441757094e-17,-1.1355029302296403e-16,3.310539972348916e-18,-1.9925405584372465e-16,1.600923475209732e-16,-3.3741029058733e-16,-3.111152370328792e-17,2.966285062087866e-17,-2.9847091978544534e-16,3.3323250739785547e-17,-9.341896977500586e-17,8.080604130348213e-17,-2.0380243695824004e-17,8.232236194055115e-17,1.3384385541169612e-16,7.666929083229677e-17,-2.1723846116240965e-16,-1.3429113573536342e-16,-3.2653712324901323e-16,-1.798257904196307e-17,-1.1310984309054352e-17,-4.18265595742213e-17,-2.5297693445309903e-16,9.498999310476299e-17,1.47110798120383e-16,-1.58666693268017e-16,2.972021551648598e-16,4.2848925054485343e-16,-4.2950021713214187e-16,1.3128828304631305e-16,4.3048134153328784e-16,-3.919952251921933e-16,-1.0484762383140791e-16,-1.1370027710145724e-16,-2.1479744142379375e-16,-2.786612557559322e-16,-2.334277234628371e-16,1.8319678226110448e-16,3.597361987349627e-16,-8.691970998820674e-17,-1.334208224904716e-16,1.9800673869602166e-16,1.9639469788861318e-16,1.7734689583878868e-17,-1.1839624737704926e-17,-5.044455511820887e-16,-5.46790514012785e-16,-3.500596363050101e-16,3.750527839725778e-17,-1.4463400490993835e-16,-1.892730762982761e-17,-2.1774913821280815e-16,3.106432252417791e-16,-4.3900626354265974e-18,-1.591945034723332e-16,-9.40062891671519e-17,-2.0090013650446037e-16,-1.891597402201776e-16,3.046021407612145e-17,-3.6921901823733636e-18,9.320436463269606e-18,-2.8169941197623085e-16,-2.401559462607573e-16,-3.451050443690199e-17,2.01336976950526e-16,1.2656571684271092e-16,-6.327701853891192e-17,2.329587433553672e-16,2.1533027954186157e-16,3.461144821289318e-17,2.4939521925099347e-16,-3.535063346222367e-17,-1.3456285362809083e-16,-7.753995520478085e-18,4.112580246920331e-18,3.5976199328435517e-16,9.503431956425004e-17,1.8914484301254854e-16,-9.185484585247994e-17
P(C1=CC=CC=C1)(C2=CC=CC=C2)C3=CC=CC=C3.[K+].[OH-].N#CC>>,P(C1=CC=CC=C1)(C2=CC=CC=C2)C3=CC=CC=C3||[K+].[OH-]||N#CC,C_5346ae39131a,P(C1=CC=CC=C1)(C2=CC=CC=C2)C3=CC=CC=C3||[K+].[OH-]||N#CC,P(C1=CC=CC=C1)(C2=CC=CC=C2)C3=CC=CC=C3,[K+].[OH-],N#CC,-0.3950126292851992,1.3505561470790766,-0.4544217739104984,-0.14364350968454243,0.047907290282685845,1.9880543010373586,0.09747976755407532,0.5764492003335697,-0.07132823945048566,-0.28511946704532853,0.6257358525988646,0.2683058924856694,-0.34689105987403607,1.4996950954221926,0.5186939182942817,-0.5318651253570631,1.7661494033647842,-0.6074212160232567,-0.6175284588000041,0.24743430938361888,-0.0061845855232155545,-0.38021180139687283,0.0979050608358126,-0.1423634521933878,0.07590099730195213,-0.08060028422891406,-0.030930036829304855,-0.03605041457566424,-0.0062190286817437246,0.01134922731618356,-5.393866753187202e-16,7.513586610090132e-17,-4.413905026606502e-17,1.7506703612773738e-16,3.620084431387075e-16,1.7737225804824719e-16,1.8827124715987848e-16,3.292804346198555e-16,-9.532079006449657e-17,-3.3106059248225545e-16,6.306845152161313e-16,-2.337882934547658e-16,-2.960486707247301e-16,3.7558813455069308e-16,1.1232517324690272e-16,-8.27577621706044e-17,-7.633479125020308e-17,2.5916159641320754e-16,9.671658304757847e-17,1.0499995602902232e-16,1.9360618689888003e-16,-1.0644378153069461e-16,7.608024430656065e-17,5.971636232760475e-17,6.276357666085372e-17,-2.1570544882401626e-17,-8.545819774655289e-18,-2.0661519994593162e-16,2.232049622824476e-16,4.3249882595268926e-18,6.054448567704076e-17,-4.5478108456228066e-17,-5.923689939530913e-17,-2.4131586670586382e-17,1.5118133271449878e-16,2.8918299175820525e-16,-6.319409080478108e-17,1.8493163887648074e-16,-3.225597689625741e-17,-8.01995606623492e-18,-1.8805605431269642e-16,-3.486016545630902e-18,3.5204440710733087e-16,-2.769184961587567e-16,2.497621857356725e-16,2.1278811794225416e-16,-2.608975386916183e-16,8.452476927371175e-17,2.0957751901410928e-17,-7.049268186037738e-16,5.850012974552297e-16,-1.5520446098108276e-16,-1.6195098293967783e-16,-2.964874711272624e-16,-3.5030881317138757e-16,-7.021899604492817e-17,-4.5198146919778266e-17,4.6197506979857785e-17,2.4008585193747313e-16,-2.3724056163802834e-16,4.3462229615535813e-17,-1.51305412250013e-17,5.107062034389944e-16,2.753151376048674e-16,-5.4661534480908045e-17,-1.8451067452946966e-16,-6.39243692422964e-16,6.229078525433282e-16,2.2564004456196077e-16,1.0053034767154274e-16,2.1125531491976472e-16,-2.1997339129228072e-17,2.1645266621375142e-17,-3.931655896216076e-17,1.3277948466174315e-16,-2.2588881661409626e-16,-2.019240356533722e-16,8.630309263256007e-17,3.2711570433666167e-16,2.7717237053771155e-17,-6.558573240878815e-16,2.529370942457001e-16,-5.0514518573485495e-17,-1.7156721476309548e-16,-2.8957751551407437e-17,-2.769483187786278e-17,-1.4139173072337764e-16,-7.110342845636426e-17,1.0326371982751959e-16,-3.11090289396616e-16,-8.086314402179563e-17,1.167746758414029e-16,-3.327774988133397e-17,2.672123872822139e-16,-3.113863326778288e-17,-9.923395041151431e-17,2.2961595289645917e-16,1.6429897629766107e-16
CC(C)(C)P(C(C)(C)C)C1=CC=C(N(C)C)C=C1.[K+].[OH-].N#CC>>,CC(C)(C)P(C(C)(C)C)C1=CC=C(N(C)C)C=C1||[K+].[OH-]||N#CC,C_4e17baff8931,CC(C)(C)P(C(C)(C)C)C1=CC=C(N(C)C)C=C1||[K+].[OH-]||N#CC,CC(C)(C)P(C(C)(C)C)C1=CC=C(N(C)C)C=C1,[K+].[OH-],N#CC,-1.5383112838814539,-0.05688822701087173,0.9960566634123642,1.3363812395834451,3.901600294200705,1.815856682009074,0.34439016413599743,-0.33190420552731376,-0.742782997418854,0.05901625815807648,0.6067975675003451,0.41222502358860297,-0.35863548889384333,0.9793581485111518,-0.49276199275433263,0.22721304543837478,-0.13992237596262325,-0.5627229910217999,-0.6520816240212939,-0.31377996421801774,-0.3227162288734406,-0.1690024111317341,0.108366481461534,-0.11427212088269442,0.0025667142381958956,0.03168822542539286,0.1311193032180778,0.09181544494201276,-0.05016936687866866,-0.16460684675473755,-3.4685938279059806e-16,2.341463957788489e-16,1.0610905378647227e-15,-4.469425527997099e-16,-4.02607405879421e-16,2.3669354728261795e-16,-4.0783729215456297e-16,1.9175587297289166e-16,-4.68038513409219e-17,-2.3958382338128576e-16,1.7038360659876917e-16,-4.2986395205794515e-16,-9.247061645974696e-18,1.3876823526523873e-16,2.1568784928374184e-16,3.1432881118384064e-16,-5.0961968249959804e-17,2.0268356855235573e-16,1.2300973707280335e-16,6.377094264342887e-17,3.972084265645034e-17,-3.4934968681885904e-17,1.0309083718256695e-17,1.5201665072406953e-16,-2.323467095708978e-16,1.4878823720176972e-16,4.954697787944493e-18,4.671419557498566e-17,4.503547802181959e-17,-2.1989900880291284e-16,-3.860345683610348e-17,-4.8103126085130535e-17,-7.976516659149609e-18,-4.297540657318309e-18,1.5792174027268107e-17,1.8280674772358593e-17,3.151401393751391e-16,-1.4101135477624617e-17,-6.871568424160883e-18,-1.0713796071111016e-16,-7.400141782958633e-17,8.851060358643231e-17,1.3409978320635322e-16,5.210793956711337e-17,-1.1904963342750869e-17,-1.2905158161562385e-16,-7.53657937032851e-16,-4.740478202084488e-17,7.006575954623515e-16,-3.465681758779787e-16,4.998830076750245e-16,-2.572822250706571e-16,2.0947094404077687e-16,1.3501600511060801e-16,-4.571414880773586e-16,7.396487023423511e-16,-8.734748354538342e-17,3.1793217867720113e-16,3.9876172140627343e-16,-2.981998110233587e-17,-6.640918495790753e-17,2.5512423782008654e-16,9.865231723495934e-17,-5.680873780135267e-17,-1.4456871745254452e-17,-1.11325309629972e-16,7.67929151518186e-17,2.2485653286806524e-16,2.159481647379357e-16,-1.3410028881190462e-16,-4.885785649522541e-16,2.134046140371215e-16,1.0884362236120623e-16,3.1956568161298973e-17,1.532402819409709e-16,2.8056385403056964e-16,-5.411722092435256e-17,-3.353909089937136e-16,-3.9194349836055996e-16,2.1296200244461474e-16,2.477168590930427e-16,-1.458569209040007e-16,-1.4785613705331703e-16,2.69028504373504e-16,7.135934940462912e-17,1.7118560976769368e-16,-5.1600992569861623e-17,-2.3163154193823668e-17,-1.1841459894957175e-16,2.9491661622518425e-16,-1.209308509778899e-16,-1.272964666076622e-16,2.5603606118602603e-16,2.014742024472895e-16,-1.2373832600492295e-16,3.5674677390154173e-16,-8.912710542811889e-18,-8.930996117822312e-17
P(C1CCCCC1)(C2CCCCC2)C3CCCCC3.[K+].[OH-].N#CC>>,P(C1CCCCC1)(C2CCCCC2)C3CCCCC3||[K+].[OH-]||N#CC,C_bfabde8bf9e4,P(C1CCCCC1)(C2CCCCC2)C3CCCCC3||[K+].[OH-]||N#CC,P(C1CCCCC1)(C2CCCCC2)C3CCCCC3,[K+].[OH-],N#CC,-0.1032120259640834,-1.5804309888656334,-0.4505749241510031,-0.16739757826933355,-0.02964209703745484,1.8966624675255346,-0.18908176439497304,0.4705896097224976,2.447468328360996,-0.25001555741573206,1.3375531894573645,-0.1495320062303483,-0.7205500275477154,0.6818630923933945,-1.3218049734450745,0.6113328798559566,0.14478558577585007,-0.608812358735871,-0.6114697751186264,0.2616756237247085,0.02650969139149571,-0.33253525926040417,0.2724008275008702,-0.05557800614201205,0.07039420832732506,-0.05456464614960019,-0.032326664025343926,0.0026758494994704876,0.11063046017752227,0.010640986841602118,-2.7764805419938555e-16,-4.037678694848353e-16,-6.143781853121322e-17,2.2463131412032964e-16,-3.913475451973373e-16,3.4540713501669885e-16,6.819912959561607e-16,1.7503407797919031e-16,4.1498405413448176e-17,-1.1053197318894018e-16,3.627711572165879e-17,-1.7819005610731841e-16,-2.7680431430518423e-16,-4.1599831050819703e-16,-7.653926889962807e-17,-1.386069249892874e-17,2.725066417859228e-17,-3.8899898537853727e-17,-8.967568506958035e-17,1.4423609641663064e-16,-6.112733360455778e-17,8.246741176351067e-17,-6.89052045013488e-17,-6.526562649132888e-17,1.3541896832470842e-16,1.2562601544650295e-16,1.0963174101671595e-16,-2.241545668155623e-16,1.644896311098724e-16,-2.584192320024465e-16,2.2688870528245575e-16,-1.0074862173278783e-16,-2.6560007573523025e-16,1.9886115149085263e-16,1.317841684894673e-17,-1.839688347918781e-17,-2.932185043244185e-16,1.53028682429309e-16,1.2548775201824578e-16,2.7172153945272407e-16,1.7664651760977173e-16,-1.0513354823534252e-17,-2.2263947732989985e-16,-1.8577586084452484e-16,-5.109868994656662e-17,5.241839366170039e-16,3.8768107519857046e-16,-4.659379518044711e-16,-1.4706985818164558e-16,-1.5921273676778745e-16,1.880878532619823e-16,2.049461746791398e-16,-2.0149462950936096e-16,4.616023709306907e-16,3.1609403209164387e-16,5.738983616423061e-16,9.516624224876161e-17,2.1846576005501349e-16,2.856042105417419e-16,1.9290248377152507e-16,3.8422858413198234e-17,-1.1726462876889971e-16,1.6763401970752858e-16,-2.80027396926711e-16,8.828682105175055e-17,2.2303414010980263e-16,5.0031511750082293e-17,-1.6942436390388638e-16,2.270287001205504e-16,-4.289377067010938e-17,2.8512957922268096e-16,-2.8434474352447935e-16,-1.5441644771769053e-16,-3.311063236777398e-16,-4.209257019684512e-16,1.261954578776176e-16,-4.518577228902817e-17,-3.894610577003921e-17,2.7013227900853013e-16,-3.4082862789075116e-16,2.9558652142669367e-16,-3.634569448325495e-16,2.388036928815093e-17,2.8857531056436613e-16,-1.852098205963473e-17,1.573902145217584e-16,-1.0251814146557429e-16,-2.6174229428341815e-16,-1.6338250737491976e-16,-9.828393575471727e-17,-1.0267123653921301e-16,-8.91053145572988e-18,-3.9029424491216876e-17,1.0029997972153531e-16,-2.540406651925167e-16,5.043342479539393e-17,3.4331829080114825e-17,4.3534829421156086e-17
CC1=CC=CC=C1P(C2=CC=CC=C2C)C3=CC=CC=C3C.[K+].[OH-].N#CC>>,CC1=CC=CC=C1P(C2=CC=CC=C2C)C3=CC=CC=C3C||[K+].[OH-]||N#CC,C_a655586d3c9b,CC1=CC=CC=C1P(C2=CC=CC=C2C)C3=CC=CC=C3C||[K+].[OH-]||N#CC,CC1=CC=CC=C1P(C2=CC=CC=C2C)C3=CC=CC=C3C,[K+].[OH-],N#CC,-0.5646675209797687,1.763228410109961,-0.6187574979780589,-0.1674440731324604,0.07408721302058452,2.0366750973393,-0.837451841718131,2.998143575987592,-0.5082788549539174,-0.2857773598212678,-0.6062446055994382,0.7913054198043694,-0.6896005280789115,0.7887403727464565,-0.5690314054439791,0.24820791708142428,-0.6073366467510826,-0.5864584700441509,-0.609844983156561,0.22060232884452952,-0.007662034764902799,-0.3781563712278918,0.09645092617264114,-0.1515914521047117,0.06923148182122675,-0.08295362638901553,-0.031101327868813602,-0.03667676653018648,-0.00609191206671903,0.011547822662187566,-5.245978711627289e-16,-4.999773692067229e-16,-6.883186487853799e-17,-7.631411325685953e-17,1.0283087802650465e-16,6.174440353690663e-16,8.260826328604193e-17,-1.9125918889813716e-16,1.642574920231115e-17,4.1660223079834877e-17,9.622357221815166e-19,-5.19158678498166e-16,2.4899268500605844e-16,2.902496132197055e-16,-6.940793138495117e-17,3.675345763483052e-16,-4.4228620427811114e-16,-2.3309440652737854e-18,-2.121984071890557e-16,2.2020962949434048e-17,-2.9978576206604546e-17,1.68026272906503e-16,1.2826106685179215e-16,-2.1098464588066199e-16,-2.404117208843547e-16,-1.563492528940943e-16,-6.945800460302175e-18,-1.1530470470610305e-16,2.232621376147745e-17,1.847030212378147e-16,1.4453559226361855e-16,-1.224261110084108e-16,6.439324695064457e-17,-1.8599282689707085e-16,2.228819593849591e-16,9.770249178372438e-17,3.4860402580928787e-17,4.735273653040032e-17,-3.1350904528239486e-16,7.050419194321101e-18,2.1081992974451804e-17,-4.156947953620277e-17,-1.293269205280399e-16,-1.679000074759281e-16,3.6262360861941057e-17,-7.686990107846196e-17,-7.079089288725421e-17,1.3005048165636326e-16,-4.090381787414353e-16,1.6546861218521852e-16,8.883672661772512e-17,-1.8348348730291362e-16,1.6169348925253315e-16,-2.7573549732096214e-16,-2.87960832548127e-17,-1.615886816709706e-16,-4.252742081792833e-16,2.5974793512598932e-17,-2.497007636194444e-16,2.732235788303059e-16,4.9867865053546966e-17,-3.5482098245811857e-16,-4.327884111003226e-16,-8.554965562248369e-17,-3.1301075672647947e-16,-2.391924218319079e-16,-1.1869917239907285e-16,-2.0103738058486311e-16,2.3097144132830403e-16,-3.219165277326206e-16,-7.904935516969431e-17,-3.5151773111139754e-16,5.838960904027839e-17,-5.727488831712039e-17,1.2379195880142528e-16,3.3596043351148644e-16,-2.0132472885623025e-16,3.676104728222565e-16,4.507504918735401e-16,8.78204124289436e-17,5.690944625631829e-17,2.776083355748608e-17,2.9601589968377507e-16,-4.297678911853793e-16,8.634395362108592e-17,-4.9938683817018726e-17,-1.3517066494790465e-17,1.7623655214096235e-17,4.3715064049272953e-17,3.399621262948513e-17,-1.7725385522968365e-16,-3.9992565288447943e-17,2.5108811881509463e-16,3.390948111060329e-17,9.196533291343576e-17,-1.6976136740984715e-16,-4.7867996074185965e-17,1.0787729513528879e-16
CCCCP(C12C[C@@H]3C[C@@H](C[C@H](C2)C3)C1)C45C[C@H]6C[C@@H](C5)C[C@@H](C4)C6.[K+].[OH-].N#CC>>,CCCCP(C12C[C@@H]3C[C@@H](C[C@H](C2)C3)C1)C45C[C@H]6C[C@@H](C5)C[C@@H](C4)C6||[K+].[OH-]||N#CC,C_c6e8d1cbbdc6,CCCCP(C12C[C@@H]3C[C@@H](C[C@H](C2)C3)C1)C45C[C@H]6C[C@@H](C5)C[C@@H](C4)C6||[K+].[OH-]||N#CC,CCCCP(C12C[C@@H]3C[C@@H](C[C@H](C2)C3)C1)C45C[C@H]6C[C@@H](C5)C[C@@H](C4)C6,[K+].[OH-],N#CC,-1.8321536574587813,-3.4418210313218083,-2.5120085983626543,0.022566049147280158,-0.9857725860670179,1.939140897394755,0.32014143516585203,-0.13844491643656884,-1.736759423322456,-0.06766052621352416,0.38277409930788037,0.6083608707789353,-0.46284567332610616,1.0451645231857571,-0.400691150160927,0.07113977765541943,-0.05303302218411852,-0.5701262931622509,-0.6123093087500191,-0.21318860555413915,0.0735132476665481,-0.09419742815695854,0.23435018230443636,-0.03529189930364215,0.06696444475471586,-0.15041300262383234,-0.08003191918714955,-0.013824037868743042,0.016067354694953996,0.039012768687772426,-1.3304433348972473e-15,-2.1775644914149492e-17,-7.725196211286177e-17,-3.419862748794361e-16,1.8849612665290904e-16,3.742119550959993e-16,2.9741161353802528e-16,-3.2390690733223496e-16,4.351418275391254e-17,2.6639283378957445e-17,1.9124276246770625e-16,-3.73755306337717e-16,-4.706247755927363e-17,-3.2835983110085303e-16,1.313571254137453e-16,-1.839874345597425e-16,-3.159662472525665e-16,-8.261049538164679e-17,-4.9298582442211776e-17,1.4049554857246974e-17,2.4483278493596115e-17,1.9550864725500048e-16,3.0989244161556986e-17,-1.5794423315615612e-16,-1.3216426281412851e-16,1.7869085832720445e-16,-5.173570961333264e-17,1.3199730006449238e-16,1.6040168752275136e-16,1.1134647943482592e-16,-3.1760659424328035e-17,-9.17300497443703e-17,-1.3100159849055542e-16,3.8264127818360855e-17,-4.4483263609600004e-17,-3.364993313804374e-16,-3.6263594863635246e-16,2.5437275640308657e-16,2.225734544356311e-16,6.784229670829248e-17,8.682472538610783e-17,7.046241534607064e-18,-1.4592067867326157e-16,8.302094018973039e-17,1.0807607086961118e-16,-4.1493964935263053e-16,9.699240734496399e-16,-6.896262640680727e-17,1.0864456716074239e-16,8.665384282585777e-17,1.7198065337084137e-16,1.0741794843925119e-16,-1.5411348725547636e-16,-2.8967126340181953e-16,-1.8391203947299333e-16,6.352560576980558e-17,-3.199903644479407e-16,5.287767153423932e-17,1.863058356274724e-16,9.494584126801051e-17,-8.174783305893969e-18,3.1272746249877097e-16,5.910679737322987e-17,1.236387277071824e-16,2.9300554618056465e-17,-2.070045122381405e-16,-3.2176565610445915e-16,-7.364176022019388e-17,-7.28707044184288e-17,5.523814017617641e-19,-9.338476041676251e-17,5.876063944046706e-17,-1.05905419670169e-17,2.909398835347726e-17,2.0355156222623027e-16,-9.196660637877562e-18,-4.170759070448272e-16,-2.117423668286959e-16,1.046114821039068e-16,1.1580066807567813e-16,4.654669786291914e-16,1.0894043091920942e-16,1.678483439484582e-18,-1.5932410764689396e-16,2.506368396170715e-16,-1.0410106551880216e-17,-1.6936835142916415e-16,-2.293959701995706e-16,-8.420707720983173e-17,-2.6346527405552137e-16,2.4784845396485875e-16,-2.4518506665296532e-17,-3.039888681041828e-18,-2.6367150181086738e-18,6.182815565115055e-17,1.3536503218072546e-16,-1.0367849086510296e-16,2.2237366147758142e-16
COC1=CC=CC(OC)=C1C2=C(P(C3CCCCC3)C4CCCCC4)C=CC=C2.[K+].[OH-].N#CC>>,COC1=CC=CC(OC)=C1C2=C(P(C3CCCCC3)C4CCCCC4)C=CC=C2||[K+].[OH-]||N#CC,C_f8d66f21a3df,COC1=CC=CC(OC)=C1C2=C(P(C3CCCCC3)C4CCCCC4)C=CC=C2||[K+].[OH-]||N#CC,COC1=CC=CC(OC)=C1C2=C(P(C3CCCCC3)C4CCCCC4)C=CC=C2,[K+].[OH-],N#CC,4.07590604454104,-0.5006959504327595,0.36239865582079483,-0.11078797999584003,0.037377101530601524,1.4496303625895623,3.0683607779696493,0.5118417250441506,-0.15496879918710643,-0.3906636236429059,-0.016316259155880544,0.6128876997983831,-0.5630004699912853,0.9388698177359277,-0.1752979866211759,0.02041431977065949,-0.32435268355279434,-0.5854327126208909,-0.6450796364064078,0.5516239202908054,0.13051740719570123,0.18287936390647827,-0.12961911992581526,0.25244610024076447,-0.02662524551720188,0.11040733512895275,-0.1802303425637466,0.10315546800239711,-0.021867945130508396,-0.032307545048940546,3.2615360919034426e-18,-3.6817082776196115e-18,-2.317640922761783e-16,1.5187272638344807e-16,2.9313777178484185e-16,4.0128223813263536e-16,4.0333348853549196e-16,-1.2195223884837185e-16,-4.265139034438911e-16,-1.6693038272343648e-16,-1.026094046797863e-16,-1.3978537641173255e-16,5.117107032861022e-16,-3.691335358701717e-16,3.482062948711257e-16,2.810120177064137e-16,5.684989160138006e-16,-1.796969415251226e-16,-6.437205103146575e-16,3.341040882043442e-16,1.747688138031262e-16,-1.9745227726022513e-16,1.6649240235622444e-16,1.0572817474675596e-16,-4.458048231333135e-18,7.976783413025131e-17,-3.1602889777334286e-17,3.884065830555772e-16,2.271661064367791e-16,-2.5505551118229775e-16,3.720046740012457e-17,1.45129230208494e-17,8.807512972640154e-17,2.8695917257881836e-17,1.8102591483684458e-16,3.504770070038581e-17,1.562644363091341e-17,-2.294667277782269e-16,1.3996263369963338e-16,3.3086614890358135e-16,8.29686441200061e-17,-9.236562742031071e-17,3.9149801052771996e-17,-2.5544987309179395e-16,6.313642618424169e-17,1.0658596177702699e-16,-7.672685973759502e-17,6.902407062936994e-16,-2.0072382206357665e-16,8.147815602577343e-17,-2.8788638615325666e-17,1.5249720254060358e-16,1.733381574331002e-16,2.0562143642188832e-16,-4.623175179843318e-16,2.0457899845171949e-16,5.354034145513799e-16,-2.030981582137057e-16,-1.5107474198371175e-16,5.696359753406703e-17,-6.123116592720105e-17,-2.3683016110776825e-16,2.8111771624602097e-16,-1.7198504494724615e-16,1.5143128036661072e-16,-1.9734743659387648e-16,-5.342603047108855e-16,-1.2975726385990764e-16,-2.2461079127386513e-16,-1.1054274933115617e-16,2.4586531543748482e-17,8.655993150800776e-17,7.03023950131921e-17,-9.163411507375823e-17,1.9149494112337903e-16,-3.4856003910366955e-16,-2.6320488074047955e-16,-6.909092760174706e-17,-1.8765635032822931e-16,-1.5984574865765685e-16,2.8486007388083977e-16,-3.5263023749574575e-16,2.535602870367034e-16,-1.3657240688410689e-16,-3.1613152935544684e-17,1.637815671537381e-17,-1.2323469500890663e-16,-1.8967459576758143e-16,-1.2248706535182014e-16,-7.457254053855711e-17,3.15152803446966e-17,-1.4516227963431212e-16,-9.295062870298752e-17,-6.833081272556025e-17,3.5008874524063217e-16,2.568834239288795e-16,1.0165045724018837e-16,-2.2138784450635976e-16
CC(C)(P(C(C)(C)C)[c-]1cccc1)C.CC(C)(P(C(C)(C)C)[c-]2cccc2)C.[Fe+2].[K+].[OH-].N#CC>>,CC(C)(P(C(C)(C)C)[c-]1cccc1)C.CC(C)(P(C(C)(C)C)[c-]2cccc2)C.[Fe+2]||[K+].[OH-]||N#CC,C_670f0ad0f115,CC(C)(P(C(C)(C)C)[c-]1cccc1)C.CC(C)(P(C(C)(C)C)[c-]2cccc2)C.[Fe+2]||[K+].[OH-]||N#CC,CC(C)(P(C(C)(C)C)[c-]1cccc1)C.CC(C)(P(C(C)(C)C)[c-]2cccc2)C.[Fe+2],[K+].[OH-],N#CC,-2.0261209743913864,-0.355046082890187,2.6420190907651446,-1.0056013959958032,-0.9580889728823686,1.9810440148454809,0.20193204837050527,-0.8804511192752789,0.3746140567555175,-0.3467460330115077,-1.2965578349015343,1.3705238838245404,-0.43647156970349565,1.0560723944989434,-0.7789667663448541,0.12904350896484099,0.2786657616294015,-0.5712660665054027,-0.610462190797394,-0.23800545087154257,0.03437556172444159,-0.15309879159302758,0.04577255188281723,-0.13298852193535057,0.08003674573458605,-0.17043007189935394,-0.06140823093260218,-0.027716415558634362,0.014790531100521155,0.032790300695859316,-2.1961782318736035e-16,-4.306108892415263e-16,4.242757056836841e-17,-1.9838601643288516e-16,-1.7866230446014534e-16,9.287267663462182e-16,3.8939965785747315e-16,1.3800680400405066e-16,6.372563673324502e-16,-4.859681396849303e-17,-2.2482697724562776e-16,-5.262852160439651e-16,-2.3675573439812803e-16,-2.67208083411045e-17,-1.2447996083420886e-16,-2.056848170304341e-16,1.119766903934696e-16,-2.4724330121177502e-18,-2.270826053056116e-16,-3.0407512244853446e-16,-3.557457735990858e-16,-3.1012575967945036e-16,-7.687877906105276e-17,-9.124885867006503e-17,3.193414876055893e-16,-5.911987216921213e-17,1.2910308592284043e-16,2.773067304996475e-16,5.145901548345683e-17,-2.21408574966986e-17,1.4833735544210525e-16,1.7909916788015968e-16,4.761982993547734e-17,-5.026973502658396e-17,1.4827840577408574e-16,1.5248525693189773e-16,5.0919329539209786e-17,-2.0270200880633123e-16,-2.367905930490359e-16,7.447529265081099e-17,4.053125397493398e-16,1.0172674059341419e-16,1.753296976351433e-16,-2.065429149163786e-16,9.591863875997282e-17,-1.5213372796941985e-16,-1.9034408521057977e-16,1.2641307664691283e-16,-3.277639823489086e-16,2.497515601682839e-16,-1.0897629068096002e-16,3.3914669952200753e-16,-1.7070517892531953e-16,2.1667714898814362e-16,2.1297705418762574e-16,2.0038385266848527e-16,2.700339017040733e-16,3.326658009742459e-16,6.250348013491573e-17,4.937966229342994e-17,5.787240086505263e-17,9.891628005222495e-17,1.8067446710465545e-16,3.5210187688729676e-16,-4.0967561631346414e-16,-1.9595780051339828e-16,2.2733216174182716e-16,1.1123440256029008e-16,-3.1963675703312406e-16,2.0963908375450988e-16,5.118507799473138e-17,-1.2166807634113559e-17,3.5016273817871887e-16,-1.9986069958728425e-16,8.230008533169364e-18,9.648483192487885e-17,-1.313153953403954e-16,2.9809131943667555e-16,1.6418195254825357e-16,-3.3652790073362906e-16,1.0666148059334802e-16,1.5362768451713005e-16,1.287418584747191e-16,-8.992998832468678e-17,-1.4122591028586976e-16,2.0138810594535212e-16,-2.748706928417661e-17,1.4839668035635617e-16,-6.343641240118723e-17,9.254850154200544e-17,-4.2408184270837e-17,1.1161140855958882e-16,-6.534169999652259e-17,-1.3231928720640446e-16,-1.2312240313618866e-16,-8.437062007790664e-17,1.2881476485765103e-16,9.714930936957444e-17
CC(C1=C(C2=CC=CC=C2P(C3CCCCC3)C4CCCCC4)C(C(C)C)=CC(C(C)C)=C1)C.[K+].[OH-].N#CC>>,CC(C1=C(C2=CC=CC=C2P(C3CCCCC3)C4CCCCC4)C(C(C)C)=CC(C(C)C)=C1)C||[K+].[OH-]||N#CC,C_f602f35e1c02,CC(C1=C(C2=CC=CC=C2P(C3CCCCC3)C4CCCCC4)C(C(C)C)=CC(C(C)C)=C1)C||[K+].[OH-]||N#CC,CC(C1=C(C2=CC=CC=C2P(C3CCCCC3)C4CCCCC4)C(C(C)C)=CC(C(C)C)=C1)C,[K+].[OH-],N#CC,4.464713860372489,-0.623732462204695,0.37670655202566095,-0.015426634492359453,0.09094056038895902,2.360892450639197,-2.396520100293935,-0.8143871183372156,-0.453897457504677,0.005539425350769641,0.20271954031745107,0.45471522046568824,-0.3499252847355973,1.0821154589772215,-0.11267282437751963,0.0058581846290383125,-0.17026809635968862,-0.5738860381746058,-0.644823220905986,-0.23480556391483995,0.09253968256704238,-0.11196526980621858,0.15917154687357504,0.14177218896759286,0.22302114003520745,-0.1252415439235443,-0.05424882430557558,-0.008341847139991608,-0.0008213099205456662,0.03814077439464638,-7.172137709092687e-16,-5.142501448095313e-16,-1.2156691583111331e-17,-3.4187832423668123e-16,-1.453917305117367e-16,5.702542453063784e-16,1.0691411963787041e-16,-2.3883427934976394e-16,-1.4688390207793676e-16,-1.3797093943067966e-16,2.890189651924782e-16,2.1216806533092336e-17,-3.653473582210697e-16,1.2713775924855508e-16,3.2499532337143705e-16,-1.8586292646635356e-17,1.2537670383784667e-16,4.046003279183757e-16,1.508097493844653e-16,1.0515843549552538e-16,5.726327698506035e-17,-7.109985466115496e-17,5.152490203574764e-17,4.965141880824499e-17,-1.7224541573425521e-16,-2.0743921418338777e-16,1.288085648474604e-16,-7.262463722184354e-17,-9.895358456181849e-17,5.356001054578061e-17,1.1304391958469276e-16,9.447661914079726e-17,1.9810621589293894e-16,-2.560439763199024e-16,-1.604010277788415e-16,2.4826076553372413e-16,2.1377609863708135e-16,3.703669495007881e-17,1.3330534849538034e-16,-1.6584420722205887e-16,-5.131940861902195e-17,1.4579610529414997e-16,4.818488618501029e-17,-7.045058426852563e-17,2.7083356042049554e-17,3.5365836523029523e-16,1.2670650883749945e-16,-8.684918028712137e-17,-1.8526768831050988e-16,-1.9552119373965574e-16,2.186983726490844e-16,9.402231211881296e-17,-7.582487061733665e-17,6.880099399210389e-17,-9.202750122220725e-18,2.1876208269523366e-16,-5.036851721575323e-17,5.393947299829347e-17,-8.217762018848382e-16,-4.048495602495336e-16,-1.2516795529423865e-16,-5.5108778487926924e-17,-3.2289735071354585e-16,5.2037827946459355e-17,-1.6544566375978498e-16,1.2376560702192763e-16,5.232545498586033e-16,-1.3877968430141744e-16,2.1608471815148708e-16,-1.436651114076591e-16,-9.755637312353726e-17,-6.357874099500532e-17,-9.486674960997013e-17,2.5057055665443863e-16,1.669526563111115e-16,-2.112308008634093e-16,-3.39534221168341e-17,-2.5055926167145133e-17,-7.341941496793282e-17,3.823147369509124e-16,-2.3381878586184384e-16,2.4301231964724177e-16,-1.8012420784463904e-16,3.6161984526164655e-16,-9.199578202115819e-17,-1.9801642725311135e-16,5.212692651575691e-17,9.622353087650126e-17,-2.196725857909457e-16,-1.9555971569150218e-16,-2.302847211376188e-17,-2.6749746598090635e-16,-1.3620978194160361e-16,2.105545134637002e-16,-1.0765966373762257e-16,1.3867961081751905e-16,-1.0348173234156342e-16,-6.82705570815844e-17
[c-]1(P(C2=CC=CC=C2)C3=CC=CC=C3)cccc1.[c-]4(P(C5=CC=CC=C5)C6=CC=CC=C6)cccc4.[Fe+2].[K+].[OH-].N#CC>>,[c-]1(P(C2=CC=CC=C2)C3=CC=CC=C3)cccc1.[c-]4(P(C5=CC=CC=C5)C6=CC=CC=C6)cccc4.[Fe+2]||[K+].[OH-]||N#CC,C_c69348bbc36f,[c-]1(P(C2=CC=CC=C2)C3=CC=CC=C3)cccc1.[c-]4(P(C5=CC=CC=C5)C6=CC=CC=C6)cccc4.[Fe+2]||[K+].[OH-]||N#CC,[c-]1(P(C2=CC=CC=C2)C3=CC=CC=C3)cccc1.[c-]4(P(C5=CC=CC=C5)C6=CC=CC=C6)cccc4.[Fe+2],[K+].[OH-],N#CC,-1.2001717193863988,0.8451959211578488,2.4505704155473635,-1.1536284889329846,-1.3358535030717524,1.856039471910557,0.16402811659252683,0.16521669370969833,-1.170987617925943,-0.01749543694407026,2.024529737988085,-0.41300456309364175,-0.6184704309265402,0.9522654468946615,0.03492177762411137,0.07542784531418856,-0.6530199046964204,-0.586981014049544,-0.6088171339169931,0.22479599098315353,-0.00820052805970956,-0.37974553819581974,0.09730173373546028,-0.15278750576516265,0.06837010129705637,-0.08273313456036713,-0.031372388848464855,-0.03658706567780887,-0.006142344718100913,0.01159835083167419,-4.824692116806837e-16,-3.0454593911583595e-16,3.7707799941884545e-16,-9.955541835243641e-16,-3.0698259385488735e-17,3.0382355585987473e-16,1.8966123319549716e-17,2.1889555490926364e-16,1.6992118267743722e-16,-3.3747462626302897e-16,4.8351522141604525e-16,2.7080808396659907e-16,2.7029781414255506e-16,5.946142970760457e-16,3.669820352355941e-16,3.6736883076791345e-16,-2.897605184474721e-16,-9.82311506620704e-17,2.9289493070626886e-16,-8.08794977628613e-17,-3.78280984147967e-16,-3.1549746873752837e-16,-4.315839185507446e-17,1.4614195131588489e-16,1.3716649763466347e-16,-1.5159798661471976e-16,-3.4377908831701545e-17,-5.401146732473625e-17,-9.455026649149136e-17,1.2641501629968788e-16,4.710463687108099e-16,1.9656261781256882e-17,4.1144020900329736e-17,2.9401644441251003e-18,9.686031937535312e-17,2.6545261481653193e-16,-1.304190506802025e-16,-1.434833888555567e-16,-2.0065830405350065e-16,-3.828353559125675e-17,1.304844393676139e-16,-3.0170035989911173e-16,4.530387684161264e-17,-4.1216422441125244e-17,3.28342844070202e-17,-7.659878087853792e-17,4.301268837027951e-18,5.355828069307039e-16,6.476874888828405e-16,-1.753189674052145e-16,6.089084277455046e-17,-6.32194076826982e-17,2.5479478433287963e-16,-1.3082893780208186e-18,3.4193613190696e-16,-2.2486515980963544e-17,-1.225887135430576e-16,-2.952605094249967e-16,4.185105316882375e-17,8.551856612177514e-17,5.376850976033485e-16,-3.6019840009538286e-16,-1.5648124077741444e-16,1.155516844617433e-16,2.971690256836633e-17,4.724970162372842e-16,3.212048917843606e-16,1.261035927489467e-16,-4.1585305706204167e-17,1.33487846843747e-16,-1.5523101081874587e-17,-1.859979767677354e-18,1.1974747217970402e-16,5.265156838068485e-16,-2.0924927374603507e-16,1.3879937299515157e-16,-6.205193089093805e-18,1.6850076981737745e-16,-1.336026733977009e-16,1.236879668696306e-16,-1.9341653395615327e-16,-4.3657030450056575e-17,-2.0659381686478733e-17,-6.439059188819914e-17,-1.0859443317682196e-16,1.4861601872317746e-16,8.212945147876856e-17,3.708654659547508e-17,1.0207694908983415e-16,4.491058622849313e-17,8.683003150391132e-18,6.960281059259642e-17,-3.5356344739748484e-17,-8.51506763660118e-17,9.918871681353407e-17,1.3733757590577218e-16,-2.6992090219589786e-16,2.1707735331076297e-16
CC1(C)C2=C(OC3=C1C=CC=C3P(C4=CC=CC=C4)C5=CC=CC=C5)C(P(C6=CC=CC=C6)C7=CC=CC=C7)=CC=C2.[K+].[OH-].N#CC>>,CC1(C)C2=C(OC3=C1C=CC=C3P(C4=CC=CC=C4)C5=CC=CC=C5)C(P(C6=CC=CC=C6)C7=CC=CC=C7)=CC=C2||[K+].[OH-]||N#CC,C_ef5e145ec31f,CC1(C)C2=C(OC3=C1C=CC=C3P(C4=CC=CC=C4)C5=CC=CC=C5)C(P(C6=CC=CC=C6)C7=CC=CC=C7)=CC=C2||[K+].[OH-]||N#CC,CC1(C)C2=C(OC3=C1C=CC=C3P(C4=CC=CC=C4)C5=CC=CC=C5)C(P(C6=CC=CC=C6)C7=CC=CC=C7)=CC=C2,[K+].[OH-],N#CC,-0.4205762724737511,3.664469677408793,-2.3681402688320023,-0.10767640628065099,-0.4316456851331865,1.7908425535721197,0.5901454987749413,-1.8229913151821002,0.2989640873778439,-0.1248760519205987,0.33363171779037576,0.5035721082401756,-0.3788721940078152,0.9096165593562323,-0.49566777851605115,0.18960817321854007,-0.5921279663845911,-0.5617719954580364,-0.6429602106233027,0.048466187621859134,0.1414481909358629,0.330973286716946,-0.377209077806766,0.21054298751102996,-0.0679865657559941,-0.03223837249795831,-0.06754428345529073,-0.05024554971746556,0.017070196747935272,-0.0497109631542383,3.0513628806453765e-16,-4.996219172899121e-16,8.4858684929966e-18,3.116424245122675e-16,2.2087228615486454e-16,1.8295634217926785e-16,1.1658039934637174e-16,1.2395234892016614e-16,2.6677302642085813e-17,-2.1747772419511866e-16,1.2300615514638695e-16,-1.9701269668951077e-17,1.3896145180627286e-16,6.331768512561093e-17,6.322854052759663e-17,-2.6726177248641915e-17,-1.1981983348784969e-16,3.4595148521007544e-16,7.784968628432946e-17,-4.650012523526771e-16,1.3193989620966044e-16,-1.6712325023054468e-17,1.775350770700429e-18,1.3113796865372445e-16,-7.30824593797257e-17,5.33715094540646e-17,-1.3770802813983713e-16,-3.404209355610154e-17,1.538659128378694e-17,3.937650430121185e-17,-1.4115076099041708e-16,1.8321357848966823e-16,1.7371914591359145e-16,1.2662380505007993e-16,-1.6597876325663077e-18,-3.84347197382798e-17,-3.2691532770856895e-16,9.106276449794031e-17,-8.888649453234927e-17,-6.904734054810687e-17,-1.0470712084387953e-16,-2.404927646991263e-16,-1.90335546327925e-16,1.2163546317861963e-16,1.1324880059849949e-16,-1.4180534298490188e-16,-5.862934804042735e-16,6.604433922878905e-17,-3.1936198258053665e-16,4.202768582462738e-16,-2.27754897171095e-16,-1.4555440491336285e-16,5.478935792496994e-16,-5.743058676184186e-16,-4.7643285384148214e-17,-9.78631139997234e-17,3.659092092682909e-16,3.288519191691424e-16,-2.2305436101873206e-16,-2.7027371273358243e-16,-8.080114584437086e-17,-5.857702469478063e-17,-4.1168567574748025e-16,-3.439783852651841e-17,9.987995241697421e-18,2.159144930662371e-16,-1.8978960068974704e-16,9.71006021743686e-16,3.8582013409730287e-16,-1.5687928234132418e-16,1.159319131456353e-16,-2.0460452307256036e-17,-3.975762686597466e-16,-5.075637422571159e-16,-2.0833613307049558e-16,5.582680130296125e-17,1.748321051554436e-16,-7.916159308591166e-17,1.1098849663410344e-17,-4.6391830516348724e-17,2.2162399532117608e-16,-1.896560909609877e-17,6.871148119246611e-18,1.6974076741238902e-16,-2.1972467888834613e-16,-1.2829062299077714e-16,1.176102810650358e-16,5.068435031424909e-17,-9.817331692147099e-17,2.436917750310627e-16,-1.780540708971948e-17,-1.72955820513314e-17,-3.380025184391072e-17,9.750393041724044e-17,-1.731026493793923e-16,-1.3179946343912778e-16,-1.5412795329454127e-17,2.782990385402866e-17
CC(P(C(C)(C)C)C(C)(C)C)(C)C.CC([O-])C.[Li+].N#CC>>,CC(P(C(C)(C)C)C(C)(C)C)(C)C||CC([O-])C.[Li+]||N#CC,C_3ce58b30f59a,CC(P(C(C)(C)C)C(C)(C)C)(C)C||CC([O-])C.[Li+]||N#CC,CC(P(C(C)(C)C)C(C)(C)C)(C)C,CC([O-])C.[Li+],N#CC,-1.3376436400803533,-0.9556170592327391,-0.1473395988381049,0.2669626968125857,0.21229638904314177,1.8562379540029743,0.057704610293447776,-0.01619564161775338,1.486403113633018,-0.26959117998858884,-0.5967622451165556,-0.4166844290061513,-1.6084868348845098,-0.19205057252209085,2.420698062420193,0.3346262986342304,-0.5541991424038121,-0.14700502638462862,0.006681523555597158,-0.5912541357734113,0.12239995081360927,0.01105602769514759,-0.03434585453829539,-0.012279142322983622,0.2314731608334554,-0.05241012244056613,-0.012205125162015218,-0.02209982522099132,0.0023156256931264386,0.05234637218341452,-1.1305079063811918e-15,-1.278934719740986e-16,2.7798309068058523e-16,7.087406220318887e-17,-6.39301821803358e-17,4.0481622849637617e-16,4.897913050130812e-17,3.254757638679156e-16,-2.190943305565301e-17,5.0782373491373296e-17,2.7781123630577404e-16,-9.672604077341276e-17,1.2816283819216165e-16,4.1197441128980085e-16,-2.89726325842257e-17,3.810201231912688e-16,2.26678150486633e-16,1.489234400166025e-16,8.05900885178826e-18,4.431478973774233e-16,-5.90744979851333e-18,-2.1577245958814152e-16,-2.3886903838105064e-16,-1.7983754182044485e-16,1.4054325808774518e-17,9.594281023894033e-18,-1.9680973932914508e-16,-8.484683695751416e-17,-9.30672538811752e-17,-2.2483165022563413e-16,1.6231364665589628e-16,-1.2974783794940526e-16,-1.7618636744229732e-17,-1.625881965572106e-16,1.3418547349264463e-16,1.1342043304204166e-16,5.946624395926617e-17,-1.4852189347347598e-16,5.776370983741388e-17,-3.4544049170458013e-17,-7.247167672865282e-17,-8.677266521371803e-17,-1.4361441107480583e-16,3.631029515713297e-17,1.0809328271432149e-16,-1.6672219661058117e-16,-5.984832851869833e-16,-2.1860446940184775e-16,5.170999864388181e-17,-1.232233649251464e-16,-3.165795380675499e-16,9.309997425473684e-17,-4.832255125533842e-16,-6.696730252205593e-18,-5.46185057383625e-16,1.749364361464631e-16,-7.069943060269022e-17,5.481129818214413e-18,-4.788430904584136e-17,2.965962907396133e-16,-3.0399703695689086e-16,3.1062131511091973e-16,1.1929708596754809e-18,-6.874647381306937e-16,3.067217565653307e-16,1.345273513791647e-16,-1.1218748352924922e-16,1.5371432979218716e-16,-1.2022216490854969e-16,6.439023261920697e-17,1.2079042194804037e-16,-6.641060590154439e-16,-2.419714541536068e-16,1.2962648720962608e-16,6.241393612593699e-17,-9.887561350846618e-17,1.2285657643733828e-16,1.8766489891481632e-16,-8.341135296837995e-17,-2.0518378205313803e-16,7.230877181689863e-17,4.641787781522397e-17,7.342130776976567e-17,-2.9931130282160793e-16,1.1031183623706537e-16,4.436304341253802e-17,1.3978957483138564e-16,1.9567048948184775e-16,2.1179276521044932e-17,-1.6716572930664303e-16,8.356225454367355e-17,1.1527597615415023e-16,1.619412377024925e-16,7.678010510816247e-17,5.831109405547214e-17,7.809678942775796e-18,2.82716932162354e-17,1.6701586906173466e-16
P(C1=CC=CC=C1)(C2=CC=CC=C2)C3=CC=CC=C3.CC([O-])C.[Li+].N#CC>>,P(C1=CC=CC=C1)(C2=CC=CC=C2)C3=CC=CC=C3||CC([O-])C.[Li+]||N#CC,C_60734620b488,P(C1=CC=CC=C1)(C2=CC=CC=C2)C3=CC=CC=C3||CC([O-])C.[Li+]||N#CC,P(C1=CC=CC=C1)(C2=CC=CC=C2)C3=CC=CC=C3,CC([O-])C.[Li+],N#CC,-0.2614671422769116,1.4238336282457056,-0.4780213603437399,0.11098755176604864,-0.06544125764400545,1.7807429086480555,0.11395630025715388,0.30442602067077384,-0.14118218341176336,-0.15786928718772383,0.15322195649374687,-0.2289992046117236,-1.5580182411652004,-0.23086092137053177,1.526065985248246,0.41568702009477865,2.1789712775927352,-0.2066243905963587,-0.007063081135490842,-0.09776395363981318,0.07732144015839991,-0.22586986521817248,0.0037316282336999204,-0.02672263781992244,0.2260352420086345,0.037141380903636875,0.01778797369348913,-0.031335058144695414,-0.021457101241468584,0.031103916593932728,2.703289369806784e-17,-8.389180334756849e-17,3.3483302576544934e-16,4.173723864909605e-16,8.047006651501935e-16,7.38841978947766e-16,1.4338818145192974e-16,-2.9487708941430482e-18,1.6818782580575586e-16,2.5101375717108425e-17,3.094257084424775e-16,-1.039055009589882e-16,2.28803746537507e-16,4.123254033102149e-16,-1.9604650222424624e-16,2.654051674768504e-16,-2.9779655353281837e-16,1.437435228224178e-16,1.6363193309548376e-16,1.0734304634274564e-16,7.632414555877384e-17,3.1134657367567e-16,-1.6698433647247683e-16,-1.8863455731144344e-17,6.490780037497356e-17,2.022875227788964e-16,1.2791637675743835e-16,-4.43896028080298e-17,-2.5533261061697356e-16,7.425809963664488e-17,1.5842878228514384e-16,6.733393935095098e-17,-2.3501763495658406e-16,6.108446729260891e-17,2.5444941071822595e-17,-2.2793972640872026e-16,-2.018607893854774e-16,-1.8566050463404674e-16,6.731200804549432e-17,-1.936388092822073e-16,1.383852389897439e-16,1.210438418889059e-16,3.7025967367578727e-17,2.9748118306350665e-16,2.403690999632805e-16,-1.2575473400986245e-16,-4.154285195040365e-16,9.176796187014904e-17,-1.465682293815326e-16,6.927853730280053e-17,3.708987600061997e-16,-5.0004658015996203e-17,2.9179648893078904e-16,-1.4133425559405513e-16,2.8451264124053745e-16,-2.1655396105778878e-17,1.3809009188174972e-16,-1.1235665863709594e-16,-3.03013595719518e-17,7.865197507058204e-17,-1.7127312194413772e-16,1.0495644473923532e-16,4.3067155168794587e-16,1.8144447375356955e-16,5.2781974825420367e-17,-8.28825828914577e-18,2.3877137155879574e-16,-8.832224980825104e-17,-2.0346989609378587e-17,-1.4467615155446858e-16,1.1452419395793564e-16,1.2086235930274024e-16,4.605051024349119e-16,2.2673521086964152e-17,-1.5719978968266543e-16,-2.927905435754297e-17,-2.0702388594426655e-17,-3.430770569289597e-16,-2.3885224748451196e-16,3.3752580675640704e-16,1.9772475792646643e-16,-2.1793513955816725e-16,4.359651544768931e-17,-5.34100321064653e-17,-6.449233162067735e-17,-5.140256537156336e-17,-1.5034095404884412e-18,-2.5742656526668612e-17,-3.5406670362596637e-16,3.658803889078196e-18,-1.3832558872943657e-16,-1.195942824873897e-16,1.153792885943519e-16,-1.5181560153884603e-16,2.2591547969012962e-16,-2.7073889229999274e-16,-1.1979700977132492e-16,-1.0850729539388245e-16
CC(C)(C)P(C(C)(C)C)C1=CC=C(N(C)C)C=C1.CC([O-])C.[Li+].N#CC>>,CC(C)(C)P(C(C)(C)C)C1=CC=C(N(C)C)C=C1||CC([O-])C.[Li+]||N#CC,C_bd0669e2c5d4,CC(C)(C)P(C(C)(C)C)C1=CC=C(N(C)C)C=C1||CC([O-])C.[Li+]||N#CC,CC(C)(C)P(C(C)(C)C)C1=CC=C(N(C)C)C=C1,CC([O-])C.[Li+],N#CC,-1.4047657968731664,0.016389254155756733,0.9724570769791223,1.5910123010340358,3.7882517462740126,1.6085452896197705,0.3608666968390759,-0.6039273851901089,-0.8126369413801314,0.18626643801568213,0.13428367139522815,-0.08508007350879,-1.5697626701850085,-0.7511978682815722,0.514610074199631,1.174765190890217,0.27289949826532744,-0.1619261655949018,-0.04161624635678093,-0.6589782272414488,-0.23921020319182515,-0.014660474953033442,0.014193048859421376,0.0013686934907709341,0.15270095894487806,0.14942989055794362,0.17983731374087206,0.09653080137298162,-0.06540743943839387,-0.14485215747698818,-5.126783934685947e-16,1.1639193919932893e-16,9.561434789188621e-16,-8.457359460016362e-17,1.1249220473296482e-16,-2.5080671146312727e-16,9.96512434683185e-17,-2.5883038002825225e-16,-1.4911730245509001e-16,4.73081935885799e-16,2.967300012136879e-16,-4.831974109719623e-17,2.813333747678597e-16,1.6920686529102493e-16,2.969265541458443e-16,-6.39579654946156e-17,-5.051494384979592e-17,2.1244922492293317e-16,7.854909235369033e-17,-1.0671849063049829e-16,-2.585362501167006e-16,-1.6285603893215237e-16,-2.4514521084309987e-17,-1.8858938895223745e-16,6.4817534252856725e-18,-1.0106801366217733e-16,2.018060162579559e-16,-8.207401327693072e-17,-1.1393456549237848e-16,5.506206535665152e-17,-5.4022496840246296e-17,8.052421376428492e-17,-9.419283931468662e-17,2.381270433829027e-18,-2.6840159459074457e-16,-1.0902299011414435e-16,-6.026033822450862e-17,1.1012493127725389e-16,6.744863248325981e-17,-4.463764551923874e-16,7.586953416166071e-17,2.80366064760935e-16,-3.9932310785142405e-17,1.0930235170629908e-16,-1.4791765336323065e-17,2.6403214807965133e-18,2.6050543935532684e-16,-1.482429191110227e-16,-2.7203168883869227e-16,4.469280690576767e-16,-3.52824439461528e-16,-3.084262498833841e-17,-2.0327343272267714e-16,-2.2612152328413074e-17,1.0465058133732818e-16,-1.6045940627263852e-18,3.04404315964508e-17,1.1444963866000639e-16,1.7478486802920669e-16,4.0857404134343423e-16,-1.7630939870954066e-16,2.0430375007954967e-16,1.0088955068575169e-16,1.8704405860173316e-16,-9.692032251609111e-17,2.1666408053163647e-16,2.023368477737088e-16,4.3315552692334533e-16,3.808794308220499e-16,1.5353707763144918e-16,2.546125598397873e-16,9.800974457066224e-17,1.8350384994155995e-16,3.713851296691461e-16,-1.421507517665023e-16,-1.902510168966939e-16,-6.473813901266375e-16,-1.5113392720167195e-16,4.854514693157172e-17,2.417550133291742e-17,-2.5620811096730087e-16,1.1208560940437697e-16,4.252555695790056e-16,-2.9758043843442193e-16,-1.2303724173629479e-16,-4.535239058471541e-17,-2.1032395206688047e-17,-2.1745369531717187e-16,3.6854583287248356e-16,-1.3274985914751055e-16,-1.9548837434123272e-17,1.2711272451184075e-16,2.9339143714913277e-16,1.307977717590418e-16,3.332217225712012e-17,8.980121613460671e-17,4.589309994858824e-17,-4.7989006242598314e-17
P(C1CCCCC1)(C2CCCCC2)C3CCCCC3.CC([O-])C.[Li+].N#CC>>,P(C1CCCCC1)(C2CCCCC2)C3CCCCC3||CC([O-])C.[Li+]||N#CC,C_4ab9734407bc,P(C1CCCCC1)(C2CCCCC2)C3CCCCC3||CC([O-])C.[Li+]||N#CC,P(C1CCCCC1)(C2CCCCC2)C3CCCCC3,CC([O-])C.[Li+],N#CC,0.03033346104420418,-1.5071535076990035,-0.4741745105842445,0.0872334831812575,-0.14299064496414518,1.6893510751362302,-0.17260523169189487,0.1985664300597017,2.377614384399719,-0.12276537755812658,0.8650392933522475,-0.646837103327741,-1.93167720883888,-1.0486929243993302,-0.3144329064911113,1.5588850253077986,0.5576074600038002,-0.20801553330897254,-0.0010043974541129445,-0.08352263929872275,0.1100157170731111,-0.17819332308170363,0.17822739489875788,0.06006280823145355,0.22052845303400734,0.0631770189829512,0.016391346497449798,0.007391205930439211,0.09539238761779738,0.030395676119351303,-1.779119695994226e-16,-1.6014612204873958e-17,-4.916615324048506e-17,-1.8475640786545332e-16,1.7813731102178065e-16,4.2304830606188133e-16,-3.4311321596500755e-17,-2.646850068802271e-16,-3.628075397305778e-16,-1.3960816447541334e-16,9.163575614590994e-17,1.4717994648990632e-16,-3.08782427116739e-16,-3.031562878797147e-17,-1.0433568221752704e-16,1.3717915834054293e-16,5.090178065853567e-17,1.0189620981747754e-16,-1.383699153777791e-16,7.020054524556758e-17,-2.151671369573899e-16,2.2936465713878783e-16,1.3979020191023153e-16,-4.29157236679031e-16,-1.9678198711253596e-18,2.4034385206007256e-16,2.3484155896851358e-17,1.8808190699154098e-16,4.875718607679681e-17,-1.7280117287279163e-16,2.9269609488541324e-16,4.98279402713995e-16,5.1987422306735645e-17,-7.301581878472677e-17,1.2710316469078162e-16,-2.7654910701243656e-17,-3.2737956917579008e-16,8.250217790717655e-17,7.049144778938842e-17,-5.51955086586947e-17,-1.1809136124406356e-16,-3.4109747950819455e-16,-1.0769429411734244e-16,5.901351053744044e-17,-1.2992561295367285e-16,-4.821077125588603e-16,-3.549632223642191e-16,-1.2837698624301634e-16,3.0414633312305806e-16,-3.1536251670333634e-18,-6.355665939148745e-17,-1.6351710134471305e-16,2.1109237885751125e-16,1.2511610445046222e-16,6.551442163717308e-16,5.0047338336513835e-17,9.335806053054693e-17,2.1850089070793917e-17,-3.1807391055899255e-16,1.3148071389372132e-16,-3.0382836857559966e-16,4.981311144540678e-17,4.465566805951593e-16,4.856826086657802e-16,-2.235908109132995e-16,-2.053975511011999e-16,-2.6223086485030197e-16,-1.390993998271106e-16,-4.1619484738443136e-16,6.803096112302791e-17,-3.8776217981219896e-16,-2.4875872372531734e-16,-2.643479070719218e-16,1.666805511430024e-16,9.539421597989393e-17,-1.0718504409580933e-16,-6.418369822320569e-17,-7.217104545995262e-17,-3.0463577670732916e-17,-2.0957134009353642e-16,-1.3306471803542521e-16,1.9159134457966227e-16,-2.3880821914657793e-16,-1.2190061148745863e-16,-2.0265972048217432e-16,-2.124584946532725e-16,3.3958453691563463e-16,2.6931906009895434e-16,1.0722839898067069e-17,1.6596467358756884e-16,3.5247056743758624e-16,-9.344999775009056e-17,-5.597586168806251e-17,-1.9108000932298203e-16,-1.0800458784728729e-16,-8.100155186476102e-17,-5.523010882240974e-17,1.192932332072535e-16
CC1=CC=CC=C1P(C2=CC=CC=C2C)C3=CC=CC=C3C.CC([O-])C.[Li+].N#CC>>,CC1=CC=CC=C1P(C2=CC=CC=C2C)C3=CC=CC=C3C||CC([O-])C.[Li+]||N#CC,C_f3851a83175b,CC1=CC=CC=C1P(C2=CC=CC=C2C)C3=CC=CC=C3C||CC([O-])C.[Li+]||N#CC,CC1=CC=CC=C1P(C2=CC=CC=C2C)C3=CC=CC=C3C,CC([O-])C.[Li+],N#CC,-0.43112203397148074,1.83650589127659,-0.6423570844112999,0.0871869883181306,-0.039261334906106414,1.829363704949996,-0.8209753090150532,2.7261203963247973,-0.5781327989151953,-0.15852717996366184,-1.0787585017045556,0.29400032270697646,-1.900727709370076,-0.9418156440462679,0.4383406615099846,1.195760062533267,-0.19451477252313232,-0.1856616446172523,0.0006203945079528426,-0.12459593417890195,0.07584399091671248,-0.22381443504919132,0.0022774935705288718,-0.03595063773124573,0.21936572652790887,0.03478803874353584,0.01761668265398022,-0.03196141009921783,-0.021329984626444025,0.03130251193993702,-3.618195620656684e-16,-2.714178700328825e-16,2.5096754756152015e-17,-8.868313694813986e-17,-1.1984645750965089e-16,3.9798207070943255e-16,2.497269432241669e-17,6.534121775093e-17,-2.778905552327199e-16,-3.00772613706328e-16,-5.671800718298227e-17,3.2447105577131593e-17,5.103816670392395e-17,3.876555653313492e-16,2.317179726381708e-16,1.3391734719528332e-16,1.5606319567948843e-16,1.0069838418790748e-16,1.400473905676148e-16,-2.5415412986813774e-18,-2.0392261103473415e-16,-1.2926758033131208e-16,1.0831699549669405e-17,7.240144575590966e-17,7.106443638222367e-17,-6.029666153831244e-17,-1.6344461357311291e-16,9.210749005597747e-17,9.331913875648064e-19,-3.2748528263113924e-17,-2.3124039986077785e-16,-3.993855921782104e-17,7.109295933309164e-17,8.943307633473438e-17,1.364299046517878e-16,-1.259404762730343e-16,-8.394327129299178e-17,1.3390746489893457e-16,-1.4251290190582527e-16,-7.046024370602883e-17,7.932284999621051e-18,6.6184235223482155e-18,-1.0799236353387751e-16,2.1634694759263595e-16,3.859999499360308e-17,2.717525067297837e-16,6.56149963296349e-17,3.557895155970672e-16,-2.2684729461161683e-16,1.639768416890428e-16,2.1776073551935006e-16,-3.4337031143284163e-16,-3.73365877281674e-18,2.311559753544263e-17,-2.525692258389045e-16,-1.9369916183802032e-16,1.4945165475048163e-16,2.498432866880444e-17,4.615502992972835e-16,1.2579991120985436e-16,-5.505244148285258e-16,-7.825604857292159e-17,-3.6750938696687497e-16,-1.186638050280256e-16,-5.453590635927093e-17,1.8259087020734833e-16,7.132573843116902e-17,-7.141337923180007e-17,-1.100094057008174e-16,-4.961842987366379e-16,6.129469411442666e-17,-1.248543561391456e-16,-2.6598082891836842e-17,2.897188409537402e-17,-1.7193941852279654e-16,-3.622420335565827e-16,-2.5627535379159e-16,-7.728730194079907e-17,6.931100910095056e-18,1.559399551753978e-17,-6.655804180911808e-17,3.2106719718153796e-16,-2.612353862631721e-16,1.7955563170537868e-16,-1.1771001166133062e-17,-3.973417849849817e-17,-3.3021463836181585e-16,-1.4283809586548385e-16,4.422077635073208e-17,3.211186560772866e-16,1.9180773088392894e-16,-1.3450157962049837e-16,9.325998099990876e-17,-2.2514288299430643e-16,1.0716374165273116e-16,3.4181899819892164e-17,-1.2598818227133e-16,-1.2986997158151336e-16
CCCCP(C12C[C@@H]3C[C@@H](C[C@H](C2)C3)C1)C45C[C@H]6C[C@@H](C5)C[C@@H](C4)C6.CC([O-])C.[Li+].N#CC>>,CCCCP(C12C[C@@H]3C[C@@H](C[C@H](C2)C3)C1)C45C[C@H]6C[C@@H](C5)C[C@@H](C4)C6||CC([O-])C.[Li+]||N#CC,C_0302d1b352d1,CCCCP(C12C[C@@H]3C[C@@H](C[C@H](C2)C3)C1)C45C[C@H]6C[C@@H](C5)C[C@@H](C4)C6||CC([O-])C.[Li+]||N#CC,CCCCP(C12C[C@@H]3C[C@@H](C[C@H](C2)C3)C1)C45C[C@H]6C[C@@H](C5)C[C@@H](C4)C6,CC([O-])C.[Li+],N#CC,-1.6986081704504945,-3.368543550155178,-2.5356081847958944,0.277197110597871,-1.0991211339937081,1.7318295050054513,0.33661796786893045,-0.41046809609936474,-1.8066133672837332,0.05958965364408094,-0.08973979679723691,0.11105577368154211,-1.6739728546172703,-0.6853914936069669,0.6066809167930368,1.0186919231072618,0.3597888520438319,-0.1693294677353525,-0.0018439310855052926,-0.5583868685775714,0.15701927334816332,0.060144508021741955,0.14017674970232347,0.08034891506982328,0.21709868946139818,-0.0326713374912814,-0.03131390866435561,-0.009108681437774095,0.0008292821352292576,0.05876745796552186,-8.459689161977351e-16,-1.8919430731743852e-16,2.3554694736108964e-16,-4.935202003359616e-16,-5.771393284058966e-18,3.244708862674227e-16,2.243428042421361e-16,3.3033796146479103e-16,-1.4560715083600677e-16,3.136826374318781e-16,2.6543772844690933e-16,-9.757821439181379e-16,3.484223698880808e-16,-4.3336767239872047e-16,3.018912246184769e-16,1.1767685558184533e-16,1.298726441167246e-16,3.030126033052057e-16,7.003972343690201e-17,3.2782910505641456e-17,-5.638568655398977e-17,4.40710754496798e-17,-3.1428884734445856e-16,-1.6745267610103365e-16,-2.4267470499805605e-16,2.3672042466368897e-16,-3.4514139813912684e-16,1.563147200607291e-16,5.170250907810816e-17,-1.1124935625773705e-16,7.275772063412278e-17,3.180784105824441e-16,6.94392933793494e-17,5.4209936980531436e-17,-1.8893707887816562e-16,-3.1847663132304395e-16,-4.237511909339273e-17,-9.151925610007302e-17,8.963072372016413e-17,-2.117742208089522e-17,-1.1897917407419038e-17,1.1467818815270004e-16,1.928303872499436e-16,-7.901024575090551e-17,-2.8821008246026413e-16,-1.6362045928294304e-16,-4.662654779915919e-18,1.9168636234478876e-16,2.7883400344480254e-16,1.325521849266847e-16,-7.133476126066366e-17,2.7761340547521416e-16,7.242504757251667e-17,1.6670065111224742e-16,1.6271289003621183e-16,-4.686662220155088e-16,2.8786000224155e-16,-2.5244680595880814e-16,-1.6387728322154184e-16,-1.0347122565410604e-16,4.543736763952518e-16,-5.103521826433398e-16,4.095803843176973e-16,4.720948709224952e-16,-6.130898796055522e-17,1.7483275389886862e-16,-2.226785867927764e-16,3.9753425550091905e-17,2.4131247184492923e-16,-7.437018786318391e-17,1.3184869175407328e-17,-1.9510922167449946e-16,-4.2670713236473176e-16,-9.087550151099773e-17,-2.9660383435017445e-17,-1.770296824261926e-17,-7.577845854768538e-17,9.855451828671668e-18,-2.0970020243789843e-16,1.4003518590745814e-16,-2.223204405726412e-16,1.7342237803824414e-16,-1.8510219150347557e-16,6.878947989039609e-16,1.6821480025160825e-16,4.040776561767643e-16,8.760722855586083e-17,2.787452295811788e-17,8.218074694199475e-17,-2.1177722040714945e-16,-1.0088375044949048e-16,-1.6597635840930113e-16,1.931017239492382e-16,-1.4028727170967056e-16,-1.554307493545061e-16,2.182895633293214e-17,-1.0039391144970121e-16,-3.302858494406962e-16
COC1=CC=CC(OC)=C1C2=C(P(C3CCCCC3)C4CCCCC4)C=CC=C2.CC([O-])C.[Li+].N#CC>>,COC1=CC=CC(OC)=C1C2=C(P(C3CCCCC3)C4CCCCC4)C=CC=C2||CC([O-])C.[Li+]||N#CC,C_42ab371e21dc,COC1=CC=CC(OC)=C1C2=C(P(C3CCCCC3)C4CCCCC4)C=CC=C2||CC([O-])C.[Li+]||N#CC,COC1=CC=CC(OC)=C1C2=C(P(C3CCCCC3)C4CCCCC4)C=CC=C2,CC([O-])C.[Li+],N#CC,4.08602088719262,-0.48261427194946366,0.38277867851384006,0.12190333720588074,-0.05544041888878781,1.2656877659359045,3.044000757392412,0.37494336151982105,-0.20057429014088235,-0.3987697814118168,-0.3498672352457837,0.245273666067192,-1.587106161496384,-0.6103274240740296,0.7652155780252321,0.9018232616575542,0.12317143863998765,-0.15751670378943156,0.0865195454934226,0.2601372841351801,0.15280821763229938,0.42419933081989875,0.05859523240363679,-0.2565451981156425,-0.42886332104562447,0.1404437465887541,-0.2283313695091944,0.09206536257565412,0.021987028087013624,-0.00878571306648168,-4.795968185891417e-16,1.064801880740094e-15,-2.285317037451849e-16,-1.7295810111243794e-16,2.801516183818192e-16,4.941285483555023e-18,-3.68747720120597e-16,1.1122588156916751e-16,-4.83997054071517e-16,-2.5541576339548023e-16,-1.0273933608444088e-16,-4.662480965590263e-16,2.9698862286949315e-16,-1.371553782623107e-16,1.2429716562510522e-16,-1.3330739002188874e-16,-2.607612674526397e-16,2.373206944908265e-16,1.553986639872294e-16,-1.0895471842989401e-16,-1.2407613841852246e-16,1.3901613475213176e-16,-9.230914856458599e-17,2.2669416856869184e-16,1.424739333207966e-16,1.4188307110505395e-16,-3.678038670142104e-17,1.4054673630612063e-16,-2.3368329944717666e-16,1.4580025794710713e-16,-2.058041457990304e-16,3.6983320771732753e-16,-2.5645197754717817e-16,2.7187578540534593e-16,1.5142198589189308e-16,2.334137327451593e-17,6.238848600847911e-18,-2.2973622429789778e-17,1.6015723614773397e-16,-2.5250251355278744e-16,3.9092567094312834e-16,-1.0989676919761381e-16,9.113503631881051e-17,3.213796354661775e-17,-1.8433175696343203e-16,3.167513449900739e-17,1.1816071177580005e-16,-3.1147559198550206e-17,-1.644467222081281e-16,-1.7550650613049722e-16,-2.453007398520766e-16,1.9597714154212264e-16,1.0197378651974455e-17,-2.0631187405138231e-16,-6.322104729892989e-16,1.2980907656916869e-16,2.1474208319246963e-16,-1.63360860411081e-17,-3.224642716374558e-16,-7.614120606792772e-17,3.8537597454892425e-16,2.0767210824211238e-17,1.1740257679714976e-16,3.574062294712201e-16,-6.039708235065322e-17,1.67113563061422e-16,1.3623773588064626e-16,1.9369585138865057e-17,1.0642474713556208e-16,-5.467476889748613e-16,-3.888347281113211e-17,-1.1741532713964478e-16,-5.1251901528686596e-17,4.087903384676976e-16,2.1279216772684625e-16,6.28394644984775e-16,4.478869197045825e-16,1.2918933535374464e-16,-7.924719710020711e-17,1.6000075116503236e-16,1.5923675771122457e-16,-4.900211820502599e-16,2.588632466797843e-16,-2.646337584846885e-16,-4.0936266951566913e-17,-9.472933485926815e-17,1.066207569906199e-16,1.4456876826498443e-16,-2.8997789314924467e-16,-6.459536336119699e-17,2.239897630011395e-16,-2.3355005746605788e-17,-3.589824978202573e-16,5.651563828483817e-17,1.502174378293735e-18,-3.862175631700634e-17,2.311836477832059e-16,-6.617377811860677e-17
CC(C)(P(C(C)(C)C)[c-]1cccc1)C.CC(C)(P(C(C)(C)C)[c-]2cccc2)C.[Fe+2].CC([O-])C.[Li+].N#CC>>,CC(C)(P(C(C)(C)C)[c-]1cccc1)C.CC(C)(P(C(C)(C)C)[c-]2cccc2)C.[Fe+2]||CC([O-])C.[Li+]||N#CC,C_20044dc2642f,CC(C)(P(C(C)(C)C)[c-]1cccc1)C.CC(C)(P(C(C)(C)C)[c-]2cccc2)C.[Fe+2]||CC([O-])C.[Li+]||N#CC,CC(C)(P(C(C)(C)C)[c-]1cccc1)C.CC(C)(P(C(C)(C)C)[c-]2cccc2)C.[Fe+2],CC([O-])C.[Li+],N#CC,-1.8925754873830989,-0.28176860172355817,2.618419504331903,-0.7509703345452118,-1.071437520809059,1.773732622456177,0.21840858107358332,-1.1524742989380743,0.30476011279423976,-0.2194958531539023,-1.7690717310066502,0.8732187867271481,-1.6475987509946595,-0.6744836222937809,0.2284053006091096,1.0765956544166828,0.6914876358573522,-0.17046924107850409,3.186867119543943e-06,-0.5832037138949744,0.11788158740605703,0.0012431445856728618,-0.04840088071929512,-0.017347707561884845,0.23017099044126835,-0.05268840676680294,-0.012690220409808004,-0.02300105912766583,-0.0004475414592035696,0.0525449899736086,3.6645493872282716e-16,4.354424876537006e-16,2.518137433718393e-16,3.7222322281038124e-16,-1.2867387805752143e-16,5.250514213446612e-16,-2.948907789769104e-16,-1.4523606986742111e-16,4.836951133748878e-16,-5.190006241313184e-16,-5.411449198088366e-16,7.347420898944887e-17,-5.594244680119823e-17,-7.504586259500867e-17,-2.6969998441349235e-16,1.1247727459583505e-17,-1.8683042712677237e-16,6.664718710899288e-17,1.1909449000342226e-16,-8.895572707711035e-17,1.382728792999766e-17,1.3924760053662873e-16,1.000121892386718e-16,2.4056710297663436e-16,-3.5263748924065704e-16,3.2433309784653093e-18,1.6267814954875613e-16,-2.794799730333985e-17,-1.4971865302798137e-16,-6.04010374685402e-18,-2.5730997027195604e-16,1.2804038459985877e-16,-9.848452560953879e-17,2.289854715460928e-16,1.4362960023746621e-16,3.4839827784157763e-16,-1.696620530666667e-16,-3.1743516396389867e-16,-1.6992074646421071e-16,-2.4507929946574677e-16,-1.498896664214068e-16,-1.0550800929091914e-16,-4.1690853558192914e-17,-1.6872535669200478e-18,-1.5488550642363244e-16,-2.0090339712679935e-16,4.448818403514576e-16,-6.072935967139657e-17,1.4720795448855276e-16,1.7267432835103785e-16,2.3413401385544525e-16,2.2847339760241527e-16,5.717898480658415e-17,-3.181037030391711e-17,1.472495596463279e-17,-1.0645532554101099e-16,-9.897435754019168e-17,-3.3710414636489497e-16,-4.392323358341124e-17,-1.0420076661216755e-16,3.1751474011013286e-16,1.2959835654522173e-16,-6.922261083380969e-17,-2.051685497082526e-16,1.3675001841777303e-16,4.204456219840666e-17,-2.1721072977725028e-16,1.2396540213147617e-16,-2.908546590284464e-16,5.70749498543323e-16,3.751623572229483e-16,2.319657763888006e-17,-2.9620739412388887e-16,8.279888695164401e-17,2.804309540477993e-16,1.6943325164122842e-16,-1.863283594833592e-16,-1.376590028607665e-16,-8.500970806470077e-17,-2.2449209740030153e-16,1.3432859656250458e-18,4.812862248872675e-17,6.7201362630434736e-18,3.3729551556525655e-16,-1.2980335831063248e-16,1.5370617330500142e-17,2.0207614369286843e-16,-6.768822788970627e-17,5.721217879042187e-17,8.387488474712768e-18,-1.8833978316665246e-16,1.515316910821032e-16,2.6359062241997696e-16,1.83439822918136e-16,-7.092978765069468e-17,2.5934222406700556e-16,-1.206923691472551e-16,2.795280756244737e-17
CC(C1=C(C2=CC=CC=C2P(C3CCCCC3)C4CCCCC4)C(C(C)C)=CC(C(C)C)=C1)C.CC([O-])C.[Li+].N#CC>>,CC(C1=C(C2=CC=CC=C2P(C3CCCCC3)C4CCCCC4)C(C(C)C)=CC(C(C)C)=C1)C||CC([O-])C.[Li+]||N#CC,C_018b043c365c,CC(C1=C(C2=CC=CC=C2P(C3CCCCC3)C4CCCCC4)C(C(C)C)=CC(C(C)C)=C1)C||CC([O-])C.[Li+]||N#CC,CC(C1=C(C2=CC=CC=C2P(C3CCCCC3)C4CCCCC4)C(C(C)C)=CC(C(C)C)=C1)C,CC([O-])C.[Li+],N#CC,4.474828703024073,-0.6056507837213987,0.39708657471870606,0.21726468270936175,-0.00187696003043123,2.1769498539855396,-2.420880120871173,-0.9512854818615456,-0.4995029484584539,-0.002566732418139565,-0.13083143577245204,0.08710118673449643,-1.3740309762406961,-0.46708178283273494,0.8278407402688877,0.8872671265159332,0.2772560258330935,-0.1459700293431462,0.08677596099384367,-0.5262922000704655,0.11483049300364012,0.12935469710720215,0.34738589920302654,-0.36721910938881414,-0.1792169354932153,-0.09520513246374292,-0.10234985125102329,-0.01943195256673454,0.04303366329697602,0.06166260637710525,-1.7688151329896173e-15,1.223336270253165e-16,1.5518574504848506e-16,-8.535392846619998e-16,-6.729428448500504e-17,-7.193946322962819e-17,2.8274914831824234e-16,-7.611582922883775e-17,-6.604856793842453e-17,5.71594659126919e-17,-1.094376785413716e-16,2.27899857216911e-16,9.965931948941663e-17,-4.4773286552556813e-17,-5.909554832322226e-16,2.1125697845415247e-16,-3.5306172250640012e-16,-2.1953338549414422e-16,2.955053860700501e-16,-1.8875762180917735e-17,-2.377859974092874e-16,1.6897133741972042e-17,1.0659270683370224e-17,-1.329068931721421e-17,4.180548602406456e-16,-1.8771129717753468e-16,-8.141533333237673e-17,1.1521546175105184e-16,-1.485265258291342e-16,1.1090212439619901e-16,-3.3581509861946575e-16,-3.672117379489674e-18,2.1001037213069183e-16,-7.274368796728673e-17,-1.1061891769024392e-16,9.739257463206124e-17,-7.597522633820307e-17,2.566535362573431e-16,-9.653326741324968e-17,-4.0822515822923445e-17,5.2264964790123985e-17,-4.6189173113139445e-17,4.3844205417254136e-18,-5.906760984411708e-17,1.3141564815230205e-16,2.8087774335099933e-16,-3.597918224418947e-16,2.0213442963765997e-16,-3.1766447111170396e-16,2.1726308447579144e-16,1.7424366708086435e-16,-2.1863256062276442e-17,1.6423562926142883e-16,1.3682661733188333e-16,-2.0717157150752015e-16,-1.8360924406887604e-17,-3.627812902473946e-16,3.832407841954567e-17,-1.5158251904706367e-16,2.3177339477384664e-16,1.6856643427963667e-16,9.75678867622951e-17,-1.3404100166207207e-16,-3.193314386774878e-17,-6.147645782805619e-17,4.46656120048329e-16,2.8282855765264085e-16,-2.8274777535852926e-16,-1.6948395996197438e-17,4.628577432715323e-16,2.4394598137323935e-17,-2.2180995827727038e-17,-4.1810969509575594e-16,4.800999978948927e-18,1.085572264811909e-16,5.098766458448989e-17,-2.224397239336951e-16,-3.460336452330072e-16,2.571993461625365e-16,1.0652800772568519e-17,-2.0641555256889413e-16,-1.542613917943912e-16,-1.6585160211005233e-16,-2.420937038306782e-16,1.863195617421494e-16,2.209053471617488e-16,4.948848881985956e-17,-4.7737106307239085e-17,1.879289987331201e-16,6.840356568245132e-17,-1.0880971205762885e-16,1.654361324042123e-16,1.5020421681146786e-16,4.1394782694332606e-17,1.8352156770212496e-16,-2.3702292796906955e-20,7.021933695313844e-17,-2.9117637335432915e-16
[c-]1(P(C2=CC=CC=C2)C3=CC=CC=C3)cccc1.[c-]4(P(C5=CC=CC=C5)C6=CC=CC=C6)cccc4.[Fe+2].CC([O-])C.[Li+].N#CC>>,[c-]1(P(C2=CC=CC=C2)C3=CC=CC=C3)cccc1.[c-]4(P(C5=CC=CC=C5)C6=CC=CC=C6)cccc4.[Fe+2]||CC([O-])C.[Li+]||N#CC,C_1c32f3745dda,[c-]1(P(C2=CC=CC=C2)C3=CC=CC=C3)cccc1.[c-]4(P(C5=CC=CC=C5)C6=CC=CC=C6)cccc4.[Fe+2]||CC([O-])C.[Li+]||N#CC,[c-]1(P(C2=CC=CC=C2)C3=CC=CC=C3)cccc1.[c-]4(P(C5=CC=CC=C5)C6=CC=CC=C6)cccc4.[Fe+2],CC([O-])C.[Li+],N#CC,-1.0666262323781102,0.9184734023244774,2.4269708291141225,-0.8989974274823938,-1.4492020509984422,1.6487280795212518,0.18050464929560509,-0.10680648595309784,-1.2408415618872208,0.10975474291353536,1.552015841882968,-0.9103096601910345,-1.8295976122177044,-0.7782905698980629,1.0422938445780752,1.0229799907660302,-0.2401980304684701,-0.18618418862264527,0.0016482437475203394,-0.12040227204027773,0.07530549762190569,-0.2254036020171189,0.0031283011333479156,-0.037146691391696594,0.21850434600373908,0.03500853057218414,0.01734562167432898,-0.031871709246840206,-0.021380417277826275,0.03135304010942317,-5.812093447719807e-16,-7.053273254072677e-16,-1.5100504200416522e-16,7.179789341020652e-17,-2.220275018190839e-16,5.225510360996145e-16,-3.123477817170987e-17,8.51504197603631e-17,-1.441912476019439e-16,-1.4214778392736076e-16,-1.6782768463064069e-16,-3.2018712722570055e-16,-1.673433096649265e-16,3.569756108624792e-16,-3.083110377593007e-16,2.5056474421059627e-16,4.562327820422085e-17,4.871057803108161e-17,-3.337299460325288e-17,7.174487351135064e-17,-2.0395600280240327e-16,-2.273180537904998e-17,7.025050776465302e-17,6.981520731025383e-17,-4.898605251031282e-17,-1.854254972055686e-16,1.7065231215128884e-16,-8.367122223792336e-17,-1.7587256992965677e-16,-8.751237374659317e-18,3.8147914348606873e-16,-2.944628935078706e-16,1.5258254054608087e-16,1.633707392918719e-17,-6.676459619961564e-17,-1.4596028554781408e-16,3.349988152458424e-16,3.2485286355153977e-16,3.3245646633407944e-16,-2.1048621582967276e-17,5.1241988401127295e-17,-2.284025324367054e-16,-3.687664914456765e-16,-2.3885351909262767e-16,2.1684156368752186e-17,1.242348011772565e-16,-3.20692308054027e-17,-2.607806358044045e-16,2.1596759657542613e-16,-3.5709201285147586e-18,-1.6951392396078987e-16,2.818586874494308e-16,-4.079896741009066e-17,-1.4909400337797324e-16,-1.2444050849045593e-16,-1.930308660772542e-16,3.4070013600575956e-16,-2.972255728469956e-16,6.413358413797835e-17,-4.2662233461019266e-16,3.5734098643402614e-16,2.2087754698895896e-17,2.253574315483515e-16,-7.0754986859127e-17,1.2079570994306768e-16,-3.946188392387821e-16,2.1317504537964123e-16,-1.7697648877149418e-16,-4.059788370923569e-17,-5.1927452903484705e-17,-3.402628269681774e-16,-1.496388091014926e-16,8.532226521236313e-17,-7.452501515766932e-17,-2.3382827349260047e-16,9.667395720777729e-17,-6.674733043675134e-17,5.231368233138613e-17,3.883960284370169e-17,-2.724014751042423e-16,3.5768788403839797e-16,3.674386105187013e-16,-1.706317139365698e-16,-9.883880477119564e-17,-5.295152616834203e-18,-5.767434646266694e-17,-3.567760875701782e-16,-1.0471571742649218e-16,3.1566599051375727e-17,1.24098237957988e-16,2.8860976215959204e-16,5.839069075519557e-17,2.3524771342744986e-16,1.458624794868611e-16,4.700351726769498e-16,-3.8016904733048936e-17,3.2084268241218757e-16,-1.6209486367229506e-16
CC1(C)C2=C(OC3=C1C=CC=C3P(C4=CC=CC=C4)C5=CC=CC=C5)C(P(C6=CC=CC=C6)C7=CC=CC=C7)=CC=C2.CC([O-])C.[Li+].N#CC>>,CC1(C)C2=C(OC3=C1C=CC=C3P(C4=CC=CC=C4)C5=CC=CC=C5)C(P(C6=CC=CC=C6)C7=CC=CC=C7)=CC=C2||CC([O-])C.[Li+]||N#CC,C_0fa66d26bc25,CC1(C)C2=C(OC3=C1C=CC=C3P(C4=CC=CC=C4)C5=CC=CC=C5)C(P(C6=CC=CC=C6)C7=CC=CC=C7)=CC=C2||CC([O-])C.[Li+]||N#CC,CC1(C)C2=C(OC3=C1C=CC=C3P(C4=CC=CC=C4)C5=CC=CC=C5)C(P(C6=CC=CC=C6)C7=CC=CC=C7)=CC=C2,CC([O-])C.[Li+],N#CC,-0.4104614298221703,3.682551355892088,-2.347760246138956,0.12501491092106973,-0.5244632055525759,1.6068999569184625,0.5657854781977028,-1.959889678706429,0.2533585964240676,-0.13298220968950888,8.074170047233245e-05,0.13595807450898392,-1.4029778855129134,-0.6395806824537245,0.4448457861303559,1.0710171151054353,-0.14460384419180933,-0.13385598662657672,0.08863897127652673,-0.24302044853376595,0.16373900137246022,0.5722932536303665,-0.18899472547731444,-0.29844831084537676,-0.47022464128441693,-0.002201961038156761,-0.1156453104007385,-0.061335655144208405,0.060925169965457104,-0.026189131171779154,1.3489574487916333e-15,4.466289656497909e-16,2.599608614909129e-16,2.721154991880605e-17,5.141235062946033e-16,-4.3261954246886524e-16,-1.3283469213901185e-16,1.2820760637583416e-16,-2.952242995851237e-16,-2.5719213543365588e-16,1.6100200325434717e-16,-7.230346564399248e-17,-2.3504077941099284e-16,1.794050727481942e-16,-1.6980913471415948e-16,-9.004263891812613e-17,4.4035022184526135e-17,3.559252274171657e-16,1.6078942422327022e-16,-1.0440069015152786e-17,1.8267804575324174e-16,-1.4051103724478932e-17,1.4278663381015113e-16,-2.257353762771688e-17,-7.196882114954215e-17,-1.576803285384499e-16,1.128706144013998e-16,-4.22785265134572e-17,-1.1720553507980926e-16,-1.6143490626933044e-16,1.3132389500808091e-16,1.072500277869917e-16,1.0856596152662207e-16,8.406769696470945e-17,-2.1794401788946298e-16,-3.782520952995545e-17,-5.870576878120545e-17,-1.3648768892332482e-16,6.250031203328042e-17,2.6948334130438994e-17,1.0694351683184011e-16,4.1591507233945493e-17,1.0913822602759395e-16,1.135673925550382e-17,7.968795935456414e-17,-1.7123622249757547e-16,-1.4808257029129965e-16,-7.530395017468858e-17,-4.198729108415748e-16,-1.9745358118310803e-17,2.8120400385737046e-16,-1.6082841620901987e-16,-1.5369710400074562e-16,1.1014116488357097e-16,-3.377025092172122e-16,-1.6060085794066212e-16,-7.738494649285401e-17,-2.743050718085405e-16,2.1009889551523943e-16,-3.2387553929968736e-16,5.570898545855505e-17,-2.355402515049918e-16,4.148560078275046e-16,-2.427847421936055e-16,-5.057255432083385e-16,-1.9299569534838518e-16,1.1638059593405452e-16,-3.898381092394942e-16,1.7461417362890958e-16,1.1703568150288801e-16,-7.272623692177006e-17,3.975894107282541e-16,1.1768570358250792e-16,3.218169085240017e-16,-2.179670293317e-16,-1.2448081461394735e-16,1.165375551829748e-16,1.054730913717243e-16,-1.5247883233980703e-16,-4.2695015745137623e-16,4.124958263310408e-16,3.161920249322658e-17,-4.779697847419464e-16,-1.5469753805372144e-16,-2.8082949112918646e-16,3.810192231632305e-16,-3.141627080973156e-16,-4.16024286994506e-16,4.0506793638365855e-16,2.8256780173924737e-16,-5.257982865236178e-16,1.4588872731022422e-16,-6.435896488881934e-17,-2.4824895456206883e-16,-3.7341479625263096e-16,8.807055360045997e-17,-1.2774666002842418e-16,2.424299529200143e-16
CC(P(C(C)(C)C)C(C)(C)C)(C)C.CCN(CC)CC.N#CC>>,CC(P(C(C)(C)C)C(C)(C)C)(C)C||CCN(CC)CC||N#CC,C_bf9e49d6eb15,CC(P(C(C)(C)C)C(C)(C)C)(C)C||CCN(CC)CC||N#CC,CC(P(C(C)(C)C)C(C)(C)C)(C)C,CCN(CC)CC,N#CC,-1.4810314809800929,-1.0209391743850893,-0.08035544846447527,0.29437562650967813,0.23662573662005967,2.005735419506553,-0.04809364572452679,0.15374619482133423,1.3796138352966103,-2.392162291223947,-0.31748682478928536,-0.6809242169024948,-0.19566979354562672,-0.08532494081905331,1.3417156024575194,-1.3242240776413712,-0.8082490212544133,-0.013354795137483635,0.027843786723790266,-0.6918704147880902,-0.12763012531946868,-0.11848629690336296,0.0383205643379964,-0.032116581724597026,-0.0963969622455827,0.11402885917064756,0.02401082202542263,0.029405338429645805,-0.007328193157105649,0.010434502625365926,-1.5835021440167298e-15,1.006986272905172e-16,4.377760611154424e-16,-2.712422521708786e-16,-6.157833426101945e-17,3.96446075398481e-16,-3.7204338564079858e-16,1.0395826490454841e-16,-2.3768728096587244e-16,-3.011881894325508e-16,-2.0452477161873047e-16,5.723781103451283e-17,2.954441176098227e-16,1.9656842696113439e-16,7.542198412749421e-17,7.837055088011839e-16,5.294813833680585e-17,6.051409425063767e-17,1.9242900604434377e-16,-3.6728727427780557e-17,2.5441468227688886e-16,-9.567922076723758e-18,-6.602163496366557e-17,3.339263189544167e-16,1.863960197001727e-16,8.70166814809206e-17,-1.4144910452370903e-16,1.4464527685640118e-16,1.5698563969726887e-16,-9.207806592926735e-18,1.898633330315096e-17,2.4717313450467627e-16,-2.1427597436904157e-16,6.088708386502982e-17,-1.2286906393006182e-17,2.494840571528658e-16,8.62330488373934e-17,-3.638342588277401e-17,-1.26156540731297e-16,-2.6678882473885564e-16,-5.136009864599188e-17,-1.695063681567372e-16,-4.4345379001251276e-17,-1.4426133876903557e-16,-1.3441346299396326e-17,2.3100542688761183e-16,4.0062535820950176e-16,-2.2540283635518593e-16,-1.37978740822249e-16,-4.475818359933784e-16,-3.3477112047725455e-16,4.542769960044696e-17,2.8044210072587425e-16,1.4897923127240227e-17,9.418891471195734e-17,1.7823069513421972e-16,-3.0676439662379955e-16,-1.9226707750537269e-16,-1.1926246567141851e-16,-1.4290297048497314e-16,5.652696274189926e-17,-5.019113094795303e-16,-1.1282408999196e-16,1.0647345294046704e-17,1.0637982123787687e-16,-3.2886973032999817e-16,2.206617614508236e-16,1.1767540329675808e-16,8.964415394024269e-17,-9.375966892194959e-17,1.483684569165703e-17,-2.122828997680551e-16,1.5330489958117546e-16,-5.654090438320109e-16,-1.742616083582311e-16,2.609896678504627e-16,2.0773116597951644e-16,-5.028274520577071e-16,1.4002457777519208e-16,-5.178156326614534e-16,-3.542984949652436e-16,4.591741394142882e-16,6.674515992092469e-17,-4.060906902160812e-16,2.2906202553798858e-17,4.786077330903756e-16,-6.40097184085981e-17,-1.767572830553694e-16,-2.8138191878226865e-16,3.381390850775211e-17,-6.380524322613345e-17,2.0909625634133443e-18,-1.9913256597607998e-16,-2.3115668268506677e-16,-3.148189824164784e-17,2.1522352637494374e-16,4.082978141327511e-17,4.270321841111039e-17
P(C1=CC=CC=C1)(C2=CC=CC=C2)C3=CC=CC=C3.CCN(CC)CC.N#CC>>,P(C1=CC=CC=C1)(C2=CC=CC=C2)C3=CC=CC=C3||CCN(CC)CC||N#CC,C_626c6a952ee4,P(C1=CC=CC=C1)(C2=CC=CC=C2)C3=CC=CC=C3||CCN(CC)CC||N#CC,P(C1=CC=CC=C1)(C2=CC=CC=C2)C3=CC=CC=C3,CCN(CC)CC,N#CC,-0.40485498317665125,1.3585115130933556,-0.4110372099701101,0.13840048146314077,-0.04111191006708721,1.9302403741516343,0.008158044239179008,0.4743678571098611,-0.24797146174816992,-2.2804403984230808,0.4324973768210169,-0.493238992508067,-0.1452011998263174,-0.12413528966749436,0.4470835252855713,-1.2431633561808233,1.9249213987421334,-0.0729741593492134,0.014099182032702239,-0.19838023265449162,-0.17270863597467848,-0.3554121898166828,0.0763980471099918,-0.04656007722153541,-0.10183488107040353,0.20358036251485093,0.05400392088092692,0.02017010550594152,-0.031100920091700908,-0.01080795296411571,-8.138583144201624e-16,-2.260787879472221e-16,1.7461174574604245e-16,1.4449889322477615e-16,2.294999152217042e-16,-8.001054922999106e-17,2.514714157904139e-16,-4.9217911825282635e-17,3.043217616690114e-16,1.793038124054515e-16,-1.8490699537143946e-17,-2.9023983210873933e-16,1.563732575045558e-16,3.3535710203325557e-16,2.958585397608474e-16,2.76473240812698e-16,-2.474321029761647e-16,-1.268435257234141e-16,2.012325198447173e-16,-3.354375190438769e-16,-1.35921507496073e-16,-1.7233426615761905e-17,-1.6758757403196178e-17,5.30723245177873e-17,-8.675484791470119e-17,1.143357674141999e-16,-2.18577000614684e-16,4.98280866291497e-17,2.6838835828309755e-17,-3.80523723050668e-16,1.5670671175906016e-16,1.2757654068700937e-16,-3.50374686080424e-17,2.792509411824765e-17,6.661605377460275e-17,-1.4795481164380988e-16,2.3364313799722442e-18,-1.3854333279964967e-16,6.701567584692486e-17,-2.275784026315282e-17,-6.282468422380607e-17,1.1806682896800003e-16,-3.3962607406504655e-17,1.0622214538424543e-16,-2.0133922010988243e-16,-8.065437156473527e-17,-2.709325273432645e-16,-1.547631717710689e-17,1.1815064072885087e-16,2.0819275698793859e-16,8.957270431178916e-18,-7.751049202043202e-17,-3.150502734207367e-16,5.368746126312843e-16,-3.1371223352723334e-16,-1.5157922757056167e-16,-1.802785741145565e-16,-5.002126079221361e-16,4.377206302291191e-16,-2.770998712735699e-16,-2.216111190473681e-16,2.599051783541021e-16,-3.8337626781618774e-16,1.3800898829330126e-16,-1.9389258552868998e-16,4.485570450327154e-17,1.086026288138592e-16,-1.9786597443069904e-16,1.7202899567116033e-16,-2.052450524347606e-17,3.4771770326061537e-16,1.837512797780707e-16,1.1485657667003836e-16,5.276342656181056e-17,1.424508377997673e-16,-2.125845533800642e-16,-1.1260315598817708e-16,1.6192480446839955e-16,-2.742963507386873e-17,-1.6560217435124345e-16,9.704811021785808e-17,-2.1535467482117888e-16,4.660424313082947e-16,5.836042627192916e-16,8.397631522688819e-17,-4.590362020210707e-16,4.641885823717667e-16,2.098540410154751e-16,-2.5466821153880082e-16,-1.695165614364116e-16,-4.274738234343563e-16,3.243762182580846e-16,-5.020881240038331e-16,8.708603630980862e-17,-8.299904320587586e-17,-2.854525732244107e-16,-1.328375183855787e-16,4.221679350293902e-16
CC(C)(C)P(C(C)(C)C)C1=CC=C(N(C)C)C=C1.CCN(CC)CC.N#CC>>,CC(C)(C)P(C(C)(C)C)C1=CC=C(N(C)C)C=C1||CCN(CC)CC||N#CC,C_91832105d954,CC(C)(C)P(C(C)(C)C)C1=CC=C(N(C)C)C=C1||CCN(CC)CC||N#CC,CC(C)(C)P(C(C)(C)C)C1=CC=C(N(C)C)C=C1,CCN(CC)CC,N#CC,-1.5481536377729066,-0.0489328609965933,1.0394412273527536,1.6184252307311278,3.8125810938509326,1.7580427551233493,0.25506844082110114,-0.4339855487510212,-0.9194262197165384,-1.9363046732196754,0.41355909172249794,-0.3493198614051335,-0.15694562884612484,-0.6444722365785351,-0.5643723857630433,-0.4840851853853853,0.01884961941472636,-0.028275934347756174,-0.02045398318858739,-0.7595945062561275,-0.48924027932490344,-0.144202799551544,0.08685946773571315,-0.01846874591084253,-0.17516916413416017,0.3158688721691581,0.21605326092830962,0.14803596502361852,-0.07505125828862633,-0.18676402703503667,-1.0240113547335378e-15,-7.040647217778393e-17,4.706409089878252e-16,-3.840434835128117e-16,-3.33428165471906e-16,6.539427580537882e-16,-1.9309059701130473e-16,-3.5400036014878993e-16,-3.3622349045899113e-17,-1.7492069899704891e-16,-3.0453058422078014e-16,-2.0822727919623214e-16,-3.8896678354323145e-16,2.1516064715717105e-16,4.868159780157557e-17,2.708623270100921e-16,3.1055793729502065e-16,5.4124536710309855e-17,-7.427948623511561e-17,2.4638286231885283e-16,1.3206471769685968e-16,-1.4163780668089578e-17,-8.708657681619738e-17,-2.2336202976672873e-16,-8.178546406393706e-17,7.472484907231317e-17,-3.9004424711675475e-16,2.346611547378536e-16,2.449191807878519e-17,8.135561224798291e-17,-4.0470730672354204e-17,-1.9827821687633699e-16,4.517392452045645e-17,-2.5048960466184947e-16,-4.425948269538996e-17,5.245113470059678e-16,4.6774928441202765e-17,-1.2871180840684141e-17,2.712280326979329e-16,-1.6856908877936284e-16,2.4915920290510136e-16,-1.5684937275319089e-16,-6.998476250890674e-17,3.665503270705791e-17,1.9076391119967396e-16,-2.3347939376934885e-16,1.869230803971859e-16,-9.323794660613124e-17,-8.241383244409253e-17,2.0840794305578423e-16,7.05139340525777e-17,-1.6995198132834147e-16,3.8789258923971835e-16,-2.1996468768377782e-16,9.829788150145531e-17,-2.0450960969157226e-16,2.953193391864772e-16,2.1875926599069194e-16,-3.164592656980672e-16,2.1174709556393131e-16,4.30825006261973e-16,-5.1871691623120136e-17,1.5019732418172256e-16,-2.598279219883809e-16,-6.434636695252708e-17,-6.4829113884156e-17,3.285838361285369e-17,-1.401826874502403e-16,-1.3771317264194543e-16,2.3492395267477224e-16,-5.3433744739130475e-17,-2.0375603975736572e-16,-3.178769974313096e-17,-2.6785259549634973e-16,-1.0049945794429219e-16,-7.444660494890528e-17,4.747939887078184e-17,2.6676026398885833e-16,-1.0903167359131206e-16,-3.241503959292131e-16,-2.702707207506259e-16,-1.869259752910211e-16,-1.0495035207259172e-16,-2.79308700053565e-17,-1.9002586482075018e-16,-1.8029238962670415e-16,-3.4977730919837565e-16,-1.464602510416123e-16,-2.25486844928996e-16,-3.353250342568829e-16,-3.542656150428234e-16,-4.159391121446874e-16,-4.231095989749706e-16,1.4710671894104336e-16,5.934258864581134e-17,-1.3387697222070976e-16,-5.056798847075738e-16,9.74616906491134e-17
P(C1CCCCC1)(C2CCCCC2)C3CCCCC3.CCN(CC)CC.N#CC>>,P(C1CCCCC1)(C2CCCCC2)C3CCCCC3||CCN(CC)CC||N#CC,C_41ce4e7c3242,P(C1CCCCC1)(C2CCCCC2)C3CCCCC3||CCN(CC)CC||N#CC,P(C1CCCCC1)(C2CCCCC2)C3CCCCC3,CCN(CC)CC,N#CC,-0.1130543798555356,-1.5724756228513541,-0.4071903602106148,0.11464641287834947,-0.11866129738722714,1.8388485406398105,-0.27840348770986934,0.36850826649878893,2.2708251060633127,-2.245336488793485,1.1443147136795178,-0.911076891224085,-0.518860167499997,-0.9419672926962923,-1.3934153664537852,-0.09996535096780355,0.3035575811531995,-0.07436530206182787,0.0201578657140806,-0.18413891831340182,-0.14001435905996723,-0.30773564768021494,0.25089381377504955,0.04022536882984007,-0.10734167004503017,0.22961600059416473,0.052607293684887875,0.05889636958107639,0.08574856876756488,-0.011516193438697144,1.2589841031849423e-16,2.426122175577735e-16,1.6075109257245532e-16,9.06780184863892e-17,4.309804596587643e-16,2.7615861802340885e-16,-2.148569467294588e-17,-2.6788744901862643e-16,-5.829811343434966e-17,-7.08538899089932e-18,4.4120373284480604e-16,-2.4414054695898377e-16,-1.0344687950756199e-16,1.449042738517177e-16,-8.671623326698948e-18,-3.512890011216134e-16,-3.4540286292196424e-16,5.873349118560757e-17,-1.7322530514130608e-17,3.8914030405747706e-17,-5.617374458832432e-17,-5.436673036531464e-17,-3.869508842006299e-17,3.439726032929757e-16,1.0753119270997479e-16,9.946153364680872e-19,9.527846221738746e-18,1.8974594274590762e-18,7.081510535506693e-17,-1.0977882123808524e-16,-9.978233768676705e-17,7.042783853448548e-17,1.5311735476338671e-16,-2.1566382701166257e-16,-1.0500552100702863e-16,-1.2425514600556983e-16,1.103909986469956e-16,-1.393184071452364e-17,-3.467161977153305e-16,-1.3226756230324986e-17,3.133436015493826e-17,-2.1521494248651573e-16,1.5258634619357434e-17,1.6597943769302114e-16,6.118211452521486e-17,-8.011481221678288e-17,-1.0562975630635567e-16,3.722175347718442e-17,2.87226939290908e-16,-2.1334192144273482e-16,1.0273261034494343e-16,1.1296319003590785e-16,-6.536314572611149e-17,1.5341086561102883e-16,-8.344814575569641e-17,-1.380110091601058e-16,-4.090024560795446e-16,-3.5089830604315044e-17,3.58812505043369e-16,-4.1898969273957316e-17,3.416421701058801e-16,1.4986930833809875e-16,-2.1610656517366127e-16,-1.7888455700922915e-16,-6.891578978593642e-16,2.399761281707256e-16,-2.584971493406424e-16,2.2991073602334354e-16,-3.4083806293395173e-16,-5.532679381799025e-16,5.709835434461795e-16,5.806456493769434e-17,2.159500969077071e-16,-4.677211738147625e-16,-1.14797722718863e-16,-1.2426595624282054e-16,2.4300275832095236e-16,-2.3939903370668156e-16,-3.7684357034607187e-16,-1.6320362678991416e-16,-8.217375660102288e-17,7.439134895838841e-17,6.124522600466971e-17,-3.6476624842280427e-17,2.00977541825264e-16,2.4651756150882335e-17,-7.239399352988097e-17,1.3085873115600266e-16,-8.735580343464946e-17,-3.3698535285098835e-16,4.136814976244188e-16,2.4461768870776065e-17,8.849358127244773e-17,-2.2952826557010467e-16,2.4241599621471966e-16,-5.33165908968881e-16,-2.5912765498173618e-17,-2.843351564012898e-16
CC1=CC=CC=C1P(C2=CC=CC=C2C)C3=CC=CC=C3C.CCN(CC)CC.N#CC>>,CC1=CC=CC=C1P(C2=CC=CC=C2C)C3=CC=CC=C3C||CCN(CC)CC||N#CC,C_b004534ff0f6,CC1=CC=CC=C1P(C2=CC=CC=C2C)C3=CC=CC=C3C||CCN(CC)CC||N#CC,CC1=CC=CC=C1P(C2=CC=CC=C2C)C3=CC=CC=C3C,CCN(CC)CC,N#CC,-0.5745098748712204,1.7711837761242397,-0.57537293403767,0.11459991801522258,-0.014931987329188762,1.9788611704535761,-0.9267735650330271,2.896062232763883,-0.684922077251602,-2.2810982911990196,-0.7994830813772851,0.02976053481063239,-0.48791066803119315,-0.8350900123432301,-0.6406417984526896,-0.46309031374233534,-0.44856465137373347,-0.052011413370107146,0.021782657676145976,-0.22521221319358076,-0.1741860852163657,-0.3533567596477019,0.07494391244682067,-0.05578807713285925,-0.10850439655112894,0.20122702035474965,0.05383262984141817,0.019543753551419265,-0.030973803476676155,-0.010609357618111354,-3.2364018029152087e-16,-1.7756447195679544e-16,1.6146769368438488e-16,-1.7482958295710626e-16,-4.852798860379463e-16,-3.405065333593702e-16,2.517230583424587e-16,-1.8054187997417633e-17,1.1766317212526244e-16,1.1038101831224448e-16,3.336430838566491e-17,-3.554261210362393e-16,9.760244120513554e-17,4.812493290563935e-16,4.223051407792403e-16,2.922448942816342e-16,3.9766171013501076e-16,-2.312143621825681e-16,-1.6960509876336148e-16,-2.1866203419697363e-16,2.1554367524298866e-17,3.8126624250876706e-17,-2.94620455522633e-17,-6.15656580567321e-17,9.527655370180931e-17,-9.640404030166716e-17,-2.847318200624827e-17,-1.7171870120013726e-16,-6.332994776655565e-18,-8.51817190119535e-17,-2.1004915785089554e-17,3.800377749554876e-16,1.0808415732052305e-16,-5.002778604833657e-17,2.302621432569825e-16,-1.2575183539942925e-16,-1.9158030317153453e-16,2.085792322949522e-16,-1.2266665456527277e-16,-9.05655652015348e-17,4.339504200180828e-18,-2.5285746114101174e-17,1.6392220889370902e-16,-1.5449240041144422e-16,1.0117724731444543e-16,1.005954926755338e-16,8.7785113729394e-17,4.865800903875543e-16,2.1811072205017736e-16,8.784925687721609e-17,-6.002879321709897e-17,-5.085384537124421e-18,-5.984409219621413e-16,-2.9105450332335577e-16,1.1725156002922885e-16,1.9933737722072214e-16,3.1728016817685283e-16,-2.2070766362375376e-17,-3.1782210265714087e-16,-3.589150209599129e-16,3.6872619866565113e-17,1.4980048937051402e-16,-2.7960111746297553e-17,1.7918303175161228e-16,4.597340468497873e-16,1.4865902113109235e-16,8.904594919419169e-17,-2.2170419802796364e-16,-2.9725420494284316e-16,1.1376353743617238e-16,1.6651065405935848e-16,3.698266301754169e-16,-8.117155343380478e-17,-1.2398080296365253e-16,5.189974395798208e-16,1.855615333908246e-16,5.380746076088519e-16,2.2084314884348747e-16,-8.681629784824494e-17,-1.516153240225957e-17,3.1336315290123517e-16,1.9691651754285367e-16,-3.734113326376578e-18,-2.49349463690102e-16,-1.6789496093831982e-16,-3.4150013657165015e-16,8.575660465660301e-17,-7.538404184683868e-16,4.459333541112695e-16,-4.34116851235874e-17,5.905081969192293e-17,-1.9331242706897637e-16,1.0857566861331243e-16,2.671023438064056e-16,-5.20954523114258e-16,-1.8551631929631214e-16,1.165625073709574e-16,-3.257032757852442e-16
CCCCP(C12C[C@@H]3C[C@@H](C[C@H](C2)C3)C1)C45C[C@H]6C[C@@H](C5)C[C@@H](C4)C6.CCN(CC)CC.N#CC>>,CCCCP(C12C[C@@H]3C[C@@H](C[C@H](C2)C3)C1)C45C[C@H]6C[C@@H](C5)C[C@@H](C4)C6||CCN(CC)CC||N#CC,C_3a6d5b470da5,CCCCP(C12C[C@@H]3C[C@@H](C[C@H](C2)C3)C1)C45C[C@H]6C[C@@H](C5)C[C@@H](C4)C6||CCN(CC)CC||N#CC,CCCCP(C12C[C@@H]3C[C@@H](C[C@H](C2)C3)C1)C45C[C@H]6C[C@@H](C5)C[C@@H](C4)C6,CCN(CC)CC,N#CC,-1.8419960113502336,-3.4338656653075277,-2.4686240344222665,0.3046100402949635,-1.0747917864167906,1.881326970509031,0.23081971185095565,-0.24052625966027769,-1.9134026456201403,-2.0629814575912766,0.1895356235300334,-0.1531840142148013,-0.2611558132783874,-0.5786658619039299,-0.4723015431696374,-0.640158453168341,0.10573897319323054,-0.03567923648820722,0.019318332082687788,-0.6590031475922494,-0.09301080278491439,-0.06939781657676827,0.2128431685786153,0.060511475668209996,-0.11077143361764005,0.13376764411993253,0.004902038523082164,0.04239648221286284,-0.008814536715003072,0.016855588407473223,-4.658307047302904e-16,-1.5891322858919027e-16,2.8238630663467083e-16,-6.866540506561383e-16,4.1370691982195644e-16,8.626007531148381e-16,6.517745999052304e-17,2.2397808261737737e-16,1.4293082045146042e-16,2.0718690286138397e-16,5.379520522445308e-16,1.7620675807692524e-16,2.1742923542295404e-16,2.4599647273940676e-16,-1.553427120366683e-16,1.6672728826361346e-16,-2.2824614593170874e-16,2.4573601992424574e-16,-2.6969656920964144e-16,-3.8050318527458615e-16,1.405369453149343e-16,-3.9941500037088643e-17,5.570013621876335e-17,1.4124765406965917e-16,-1.518082618744901e-16,-2.913457796767095e-16,-3.1323768067840894e-18,4.989014177457171e-18,-6.424915746901729e-18,-1.3811642263271263e-16,1.6774267519124236e-17,2.694163148055391e-16,-1.0427133025542713e-16,1.5815439189676723e-16,-1.8492635370541747e-16,1.739795183652371e-16,-3.1138600939904385e-17,1.628772270696858e-16,1.4052682192361644e-17,5.567210414346957e-17,5.515869291551021e-17,4.766753461229392e-16,-1.1167788297519223e-17,-7.456123183464011e-17,1.971115161847067e-17,2.5949253771352067e-16,5.887886785927107e-17,-9.740954788812924e-17,2.0417970509329753e-17,4.466994111017512e-17,2.0539801646569405e-16,-9.252407189034346e-17,3.653364876566791e-16,7.957069388862567e-17,-1.0948790067822941e-16,6.516650205783693e-17,4.837417172864548e-16,8.927019915946612e-17,2.7176093279537546e-17,4.1922664425307703e-16,2.3818415305923483e-16,-1.0791362679085318e-16,1.8090149084761223e-16,-4.75009285468943e-16,2.590986174256612e-16,-9.816341937096161e-17,5.936319711429081e-17,-4.096845734441198e-17,-1.1562488237025045e-17,-1.452632699218738e-17,2.7575128496000836e-16,5.339413099024597e-16,-3.574384837538446e-16,-6.673391395177547e-18,1.0615977722771573e-16,-2.551335862985984e-16,3.114340844857301e-16,1.0284175037803789e-16,1.6535654242299125e-16,8.530317889429233e-17,1.0237179122572115e-16,2.167636853577716e-16,-1.197919064054163e-16,1.7992370960986927e-17,1.7850538064494246e-16,-9.124294687215496e-19,-1.563028313358646e-17,4.8936191258409006e-17,2.1829050410885067e-18,3.969503131593491e-16,3.645476393364132e-16,1.9484776174854354e-16,-2.142953631607065e-16,-5.246673594496326e-17,1.29310958992683e-16,-1.0043121025440223e-16,-1.7918971273715812e-16,2.9154035332806994e-16
COC1=CC=CC(OC)=C1C2=C(P(C3CCCCC3)C4CCCCC4)C=CC=C2.CCN(CC)CC.N#CC>>,COC1=CC=CC(OC)=C1C2=C(P(C3CCCCC3)C4CCCCC4)C=CC=C2||CCN(CC)CC||N#CC,C_5f1f2bddf2c7,COC1=CC=CC(OC)=C1C2=C(P(C3CCCCC3)C4CCCCC4)C=CC=C2||CCN(CC)CC||N#CC,COC1=CC=CC(OC)=C1C2=C(P(C3CCCCC3)C4CCCCC4)C=CC=C2,CCN(CC)CC,N#CC,4.066063690649587,-0.4927405844184807,0.4057832197611839,0.17125601115184222,-0.051642098819171596,1.3918164357038378,2.979039054654755,0.40976038182044155,-0.3316120214847909,-2.3859845550206584,-0.20955473493372778,-0.14865718519535304,-0.3613106099435669,-0.6849605673537595,-0.24690837962988607,-0.6908839110531011,-0.1655806881754455,-0.05098565594684761,-0.013451995573700679,0.10580937825269511,-0.03600664325576136,0.20767897548666792,-0.15112613365163607,0.3482494752126166,-0.20436112388955732,0.39458798187271765,-0.0952963848535146,0.15937598808400272,-0.04674983654046537,-0.054464725329239905,-4.732160865297252e-16,-1.9170868931051908e-16,2.6330373702757473e-17,-1.0898622512378196e-16,-2.7719052154512517e-16,-1.9537670592902762e-16,3.339578635783216e-16,6.765375548671059e-17,-1.0077139566727121e-15,7.044568183875429e-16,-3.811549625698913e-16,-1.26681093128044e-16,3.3882776165134737e-16,4.855765146815717e-16,-1.981636850131924e-16,-1.5670430489965016e-16,1.0720943107732222e-16,-2.0137789683018388e-17,-4.153776004607893e-17,-1.2684939759058062e-16,3.5235116419692626e-17,2.490194173178812e-16,1.874975333467325e-16,2.1792684134334562e-16,-2.2609978191928226e-17,-1.859855163381398e-16,-2.2142720472345007e-17,2.9152430030084553e-16,6.2143765389262495e-18,1.6821645738505337e-16,-9.657685097329837e-17,2.104865404308273e-17,-3.8620622180499456e-17,1.2094497957571571e-16,1.8881954190779242e-16,-4.3205591698520753e-16,7.625206551640091e-17,4.7384784725368794e-17,1.8002104151379442e-16,5.0599838308193104e-17,-1.3524005311192765e-17,-1.3969549612963834e-16,-8.264171540574714e-17,-7.478098934669773e-17,1.8081001325084148e-16,1.3062520759940847e-16,9.72516473399801e-17,6.100511174037382e-17,-4.8325632580762204e-17,-2.616341011228458e-16,7.493527606687659e-17,-3.2219697570753275e-17,-4.920018752719387e-16,-5.006249010342556e-16,5.5813801661827e-16,-4.399078436444697e-17,-1.5405004983970726e-16,4.1578585923923206e-16,-1.977870574939672e-17,-4.3095989686251684e-16,-2.577408026795339e-16,3.9322687875333984e-16,5.4435022353122055e-17,-1.8912191483738624e-16,-9.950108277734696e-18,7.257886674939418e-18,-2.920605671283371e-16,-1.4370081990308824e-16,2.912247261736965e-16,-5.374219557856391e-18,1.6484801115688315e-16,-2.933230957653089e-17,-1.603203742404824e-17,1.378429127773086e-16,-2.9882390831996986e-16,-5.760548260115036e-17,3.204883977439137e-17,7.311059664775594e-17,-4.4154902382767467e-16,1.5195535240547243e-16,-1.6041799609673918e-16,2.1529735958720085e-16,-6.087749988412634e-17,-2.4428226133955966e-16,-4.629970035256981e-16,7.332303237267705e-16,1.3404644661450534e-16,9.997602809094704e-17,-3.7349146933256e-17,-5.680998750511294e-17,-3.9722041328697015e-16,2.4775313192781637e-16,3.50646556885678e-16,1.2158018603844085e-16,1.7801192676208204e-16,-3.7665239255230334e-17,-4.586935150102127e-16,5.862935296784959e-17
CC(C)(P(C(C)(C)C)[c-]1cccc1)C.CC(C)(P(C(C)(C)C)[c-]2cccc2)C.[Fe+2].CCN(CC)CC.N#CC>>,CC(C)(P(C(C)(C)C)[c-]1cccc1)C.CC(C)(P(C(C)(C)C)[c-]2cccc2)C.[Fe+2]||CCN(CC)CC||N#CC,C_1d093464217c,CC(C)(P(C(C)(C)C)[c-]1cccc1)C.CC(C)(P(C(C)(C)C)[c-]2cccc2)C.[Fe+2]||CCN(CC)CC||N#CC,CC(C)(P(C(C)(C)C)[c-]1cccc1)C.CC(C)(P(C(C)(C)C)[c-]2cccc2)C.[Fe+2],CCN(CC)CC,N#CC,-2.035963328282838,-0.3470907168759082,2.6854036547055333,-0.7235574048481198,-1.047108173232141,1.9232300879597561,0.112610325055609,-0.9825324624989872,0.19797083445783312,-2.34206696438926,-1.4897963106793803,0.6089789988308039,-0.2347817096557775,-0.5677579905907435,-0.8505771593535651,-0.5822547218589199,0.43743775700675064,-0.03681900983135883,0.02116545003531248,-0.683819992909653,-0.1321484887270213,-0.12829918001283824,0.024265538156996537,-0.03718514696349796,-0.09769913263776937,0.11375057484441084,0.023525726777629517,0.028504104522971387,-0.010091360309435667,0.010633120415559888,-1.9089915171702906e-16,-5.577877892815158e-16,1.2005625270489795e-16,-8.997766722678108e-17,-1.920599887255804e-16,1.6862824316346948e-16,-1.0193530346150549e-16,3.4038368401166062e-16,4.1638611726004967e-16,-3.603985847637769e-16,3.2902884930909043e-16,-1.2219494794444908e-16,-3.4588315603276883e-18,-5.975614833135047e-17,-4.762743632021077e-16,2.655178951489428e-16,-6.563023315286396e-16,-1.5376965813669968e-17,-2.967667413916519e-16,2.375096104335308e-16,-2.326994655972418e-16,3.3299073720823667e-16,-1.2820198206458862e-16,-2.519847071134823e-16,-6.279358819767246e-18,1.0765600863316956e-16,-1.9709001327961497e-16,-4.596547787008091e-17,-4.262487950643011e-16,2.2515679417806127e-17,4.847573169406655e-17,-1.353283244889384e-16,-2.225479801248751e-16,-2.553994628909164e-16,1.7242043061413186e-16,-1.808147413484976e-16,-1.7151396185459178e-16,-1.539902521434984e-16,-2.9599815484849553e-16,1.7659904132232804e-16,1.341788750497559e-16,1.3099104228999225e-16,1.5909614558683137e-16,-1.374703360786614e-16,2.1653665618463065e-16,1.986985916797739e-16,1.8611277840043687e-16,1.6114927807483761e-16,-2.498528500458558e-16,-2.8827826668532297e-16,6.27859977447678e-17,4.642793497480783e-16,-4.9456381279994365e-18,-8.123162055755933e-17,1.6753728693725397e-16,-1.0028618606694204e-16,-1.6260945504117469e-16,1.7631246489532558e-16,-1.4055633238586766e-16,1.5912638772081555e-16,-3.7088127340573365e-16,-1.2228654982431325e-16,-2.2192910876927668e-16,3.5861524824142307e-16,3.4384639163834056e-16,3.1460858353254096e-17,-4.544141895800334e-16,9.306438835395007e-17,2.709660828971008e-16,7.51138932344943e-17,-4.407369399559553e-16,-3.160386410334065e-17,-2.1466184892507752e-17,3.6680250986751264e-16,-6.303146663631193e-16,-4.449206165091604e-16,4.762098713815914e-16,-8.88537113369027e-17,-4.799563234457946e-16,5.8826547005733e-17,5.145756144782798e-16,8.599672559818364e-17,4.34084614173942e-18,-3.805134859377601e-17,3.888663185203526e-16,-1.5401976407091722e-16,1.208538142688711e-16,3.4224963212340905e-16,-1.6088557704283395e-16,-5.990639525667074e-17,-1.2814500633978618e-16,-4.6673587156888324e-17,7.807062678926975e-17,-2.4244008973921896e-17,2.352155421761106e-17,4.26231886410514e-16,1.7090711760657642e-16,2.0351392910499858e-16
CC(C1=C(C2=CC=CC=C2P(C3CCCCC3)C4CCCCC4)C(C(C)C)=CC(C(C)C)=C1)C.CCN(CC)CC.N#CC>>,CC(C1=C(C2=CC=CC=C2P(C3CCCCC3)C4CCCCC4)C(C(C)C)=CC(C(C)C)=C1)C||CCN(CC)CC||N#CC,C_62682761b83f,CC(C1=C(C2=CC=CC=C2P(C3CCCCC3)C4CCCCC4)C(C(C)C)=CC(C(C)C)=C1)C||CCN(CC)CC||N#CC,CC(C1=C(C2=CC=CC=C2P(C3CCCCC3)C4CCCCC4)C(C(C)C)=CC(C(C)C)=C1)C,CCN(CC)CC,N#CC,4.454871506481039,-0.6157770961904164,0.42009111596604976,0.2666173566553236,0.0019213600391854984,2.3030785237534723,-2.485841823608832,-0.916468461560924,-0.6305406798023615,-1.9897815060269817,0.009481064539603627,-0.30682966452804844,-0.14823542468787906,-0.5417149261124651,-0.18428321738623,-0.7054400461947222,-0.011496100982339589,-0.03943898150056141,-0.013195580073279364,-0.6806201059529509,-0.07398436788442042,-0.08716565822602901,0.13766453314775415,0.23757556393944504,0.04528526166285194,0.15893910282022056,0.030685133404656166,0.04787867294161408,-0.025703201330503137,0.01598359411434716,-8.817990251683103e-16,1.2895576620845156e-16,1.05353168788207e-15,7.290849155984623e-17,-5.790349656615081e-17,2.6312692827610725e-16,1.9005773197330996e-16,-1.6310463795590622e-16,-1.0528715878881904e-16,-1.4143745028546483e-16,-1.359169096906205e-16,-2.425100217661075e-16,8.565275267909538e-17,-7.38399221005015e-16,-4.768658055968919e-16,3.0491893157835707e-16,1.617604248876448e-16,2.6863537939347883e-16,-1.1197020168441851e-16,2.96336710662294e-16,-1.3490963447040077e-16,-1.8300344218866163e-16,1.547960129720868e-16,3.279310408050826e-16,1.7023765424615218e-16,-5.853005132882051e-17,-4.467200158802331e-16,2.648966550182565e-16,-5.444142689561356e-19,2.841349459041224e-16,-9.347531014562695e-17,1.8376302065489694e-16,8.340507122586917e-17,-6.541686593410179e-17,1.1320125590603815e-16,-7.530857625716474e-17,-1.3710064508184775e-16,1.9089530136867583e-16,2.3484289758121667e-18,2.1444095409354665e-16,-8.09848572421931e-17,-2.4733703271338696e-16,1.0950735868739003e-17,6.000530698636624e-17,-6.821788535452098e-17,8.389242295527246e-17,-5.3644498729285855e-17,-1.9028981595186401e-16,1.5656725812027958e-16,-2.1072862056075354e-16,-2.978148281033413e-16,4.538549964935013e-17,4.9680353422180246e-17,-4.188018820736942e-16,3.1249507656617787e-16,6.30762295537036e-17,4.041097346599884e-17,-2.6210791743546315e-16,1.9558714021656062e-16,-3.291914721260908e-16,-3.0835049983624724e-17,1.6697835433303975e-16,1.9036150686281873e-16,8.570036376172668e-17,-8.65053298883793e-17,3.2057250329216455e-16,-3.231284028265748e-17,2.2423407395128726e-17,-3.2973877468063904e-17,-3.6285303915817903e-16,6.891440845476306e-18,-3.7973994712743233e-16,4.743427419009205e-16,8.628085026103417e-18,5.509519329368474e-16,-1.2853138674482958e-17,-3.6563973692491434e-16,1.5414470902816467e-16,3.8320140880222036e-16,2.523706289119302e-16,5.48855485113312e-16,-5.998115615048676e-16,-2.1363955608244403e-17,1.1652476149498805e-16,7.65785199111276e-17,8.177906690147999e-17,-1.5787292328054057e-16,-5.2396334110298634e-17,3.3307667974181163e-16,3.696273460166226e-16,-1.1121444364085431e-16,1.9006753409246895e-16,1.2527355637239393e-16,-5.035955476077274e-17,2.776580749888008e-17,1.0126073990317815e-16,3.494694644903375e-16,9.044529404319829e-17
[c-]1(P(C2=CC=CC=C2)C3=CC=CC=C3)cccc1.[c-]4(P(C5=CC=CC=C5)C6=CC=CC=C6)cccc4.[Fe+2].CCN(CC)CC.N#CC>>,[c-]1(P(C2=CC=CC=C2)C3=CC=CC=C3)cccc1.[c-]4(P(C5=CC=CC=C5)C6=CC=CC=C6)cccc4.[Fe+2]||CCN(CC)CC||N#CC,C_158445cd520d,[c-]1(P(C2=CC=CC=C2)C3=CC=CC=C3)cccc1.[c-]4(P(C5=CC=CC=C5)C6=CC=CC=C6)cccc4.[Fe+2]||CCN(CC)CC||N#CC,[c-]1(P(C2=CC=CC=C2)C3=CC=CC=C3)cccc1.[c-]4(P(C5=CC=CC=C5)C6=CC=CC=C6)cccc4.[Fe+2],CCN(CC)CC,N#CC,-1.21001407327785,0.8531512871721275,2.493954979487753,-0.8715844977853016,-1.4248727034215243,1.7982255450248308,0.07470639327763037,0.06313535048598994,-1.347630840223628,-2.0128163683218228,1.831291262210238,-1.1745494480873795,-0.41678057087882125,-0.671564938195025,-0.03668861538459836,-0.6358703855095723,-0.49424790931907153,-0.052533957375500255,0.022810506915713024,-0.2210185510549565,-0.17472457851117262,-0.35494592661563024,0.07579472000963959,-0.056984130793310404,-0.10936577707529845,0.20144751218339785,0.05356156886176688,0.019633454403796595,-0.031024236128058477,-0.01055882944862506,5.312639765506042e-16,1.6218951851194065e-16,4.864514408665505e-16,1.5755747349389143e-16,-4.369223433275786e-16,9.657365575434089e-16,-5.151529991020565e-17,5.739496150349264e-17,-4.0307610785006146e-16,-5.189004370764246e-16,5.20438917075658e-17,2.0501796864563833e-16,3.5116674709660605e-17,1.1575834823937652e-17,6.581616272771958e-17,-3.3985582746901586e-17,-1.2667474967623495e-16,2.590529462353045e-16,6.014602312185514e-16,4.453481621349348e-16,-3.9700596026291805e-17,-9.506350640388163e-17,-5.89219983697751e-17,-2.322457572461542e-16,5.983603640697469e-17,-4.068594375116897e-17,2.4769013172954723e-16,-5.077306551981714e-17,3.179316836449422e-16,3.552271616832809e-16,-1.288452242182689e-16,-1.2092929916006215e-16,-2.5095825019648707e-16,1.9780790812562757e-16,-5.609841629451495e-18,4.3507557617683376e-18,1.5009495801652603e-17,-8.897082950536002e-17,2.2622464908841774e-17,3.810623175842258e-17,-2.243904579600447e-16,-2.2885183380998713e-16,-2.318299226355875e-16,-1.5648776089654206e-16,-5.4615437145694695e-17,1.7282390106836673e-16,-2.4249090215528447e-17,8.636798102085916e-18,-2.5065382763541566e-16,9.984525960198165e-17,-3.8203699935860095e-16,-4.7797768878492754e-17,9.939856104078283e-17,3.3512735578569655e-16,-3.475748388684634e-16,-3.336417798038526e-16,-2.729125459781387e-16,3.0932756994878965e-17,1.4763150056875705e-17,1.1724165142658788e-16,-6.378893095891994e-16,-1.3686415249936508e-16,-5.3838041879815865e-17,2.6721602557343937e-16,5.390276097641632e-17,2.7923109545689217e-16,-2.982313492206682e-16,-6.016997718165242e-17,-2.1523294717122797e-17,3.1017324102333224e-16,2.176915536311554e-16,-2.5322425342190597e-16,-7.442768924760934e-18,1.1439929959558392e-16,-2.1531767755406462e-16,2.622985339461138e-16,2.3892729539234496e-16,-1.4505096516006534e-17,-1.3004174098429029e-18,4.76344983808029e-16,3.0649026628316793e-16,1.949260124045299e-16,-8.099794915146292e-17,1.2507844123069346e-16,-4.2508771615685977e-16,2.4635096412222813e-16,-1.295435078844502e-16,3.2184431880569346e-16,-6.925337107843077e-17,2.5709073721467132e-17,1.7950414598437562e-16,3.646503961561717e-17,-2.517671393928009e-16,4.1084163428885934e-16,-3.1564696295396324e-16,-2.4765392294834715e-16,2.0400818280116041e-16,-1.294454452103282e-16
CC1(C)C2=C(OC3=C1C=CC=C3P(C4=CC=CC=C4)C5=CC=CC=C5)C(P(C6=CC=CC=C6)C7=CC=CC=C7)=CC=C2.CCN(CC)CC.N#CC>>,CC1(C)C2=C(OC3=C1C=CC=C3P(C4=CC=CC=C4)C5=CC=CC=C5)C(P(C6=CC=CC=C6)C7=CC=CC=C7)=CC=C2||CCN(CC)CC||N#CC,C_952eb37d4fe8,CC1(C)C2=C(OC3=C1C=CC=C3P(C4=CC=CC=C4)C5=CC=CC=C5)C(P(C6=CC=CC=C6)C7=CC=CC=C7)=CC=C2||CCN(CC)CC||N#CC,CC1(C)C2=C(OC3=C1C=CC=C3P(C4=CC=CC=C4)C5=CC=CC=C5)C(P(C6=CC=CC=C6)C7=CC=CC=C7)=CC=C2,CCN(CC)CC,N#CC,-0.4304186263652032,3.6724250434230687,-2.3247557048916128,0.17436758486703208,-0.5206648854829588,1.7330286266863961,0.5008237754600445,-1.9250726584058093,0.12232086508015975,-2.1201969832983503,0.1403932420125283,-0.25797277675356073,-0.1771823339600962,-0.7142138257334546,-0.5672781715247619,-0.5216900576052205,-0.4333559710072422,-0.027324938783992492,-0.011332569790596473,-0.39734835441625144,-0.02507585951560047,0.35577289829713543,-0.3987160915325872,0.3063463624828823,-0.24572244412834968,0.2519422742458065,0.01738967425494115,0.005974970364140018,-0.00781169466202225,-0.0718681434345374,1.7332190526491527e-15,2.561550531121253e-16,3.715945173480426e-16,5.923741792001501e-16,7.741198184391825e-16,8.005199692972663e-17,-3.6856204402257757e-16,1.7292053432257138e-16,2.734822262069547e-16,-8.8972609367692e-16,-3.709814176313075e-16,1.729974371059214e-16,1.754124019788871e-16,2.6175443127770652e-16,-1.7593282001068533e-16,-2.444355295397784e-16,-4.987529143196284e-16,1.7847942925878387e-16,2.654290896436876e-16,1.8645932606656073e-16,-2.850611354153151e-17,6.09910786066585e-17,-9.011069210168661e-19,-2.33689678179461e-16,6.539945332049186e-17,-1.408076908918736e-17,3.402590533766848e-17,6.4116977745620335e-18,1.9907444702913246e-17,-2.4083412734750538e-17,1.4636281598031647e-16,-1.254730114457856e-16,4.04573802979005e-17,2.1807611730792733e-16,-4.378105846115169e-16,-1.9318248670207157e-16,1.271697260557824e-16,-9.319827937198049e-18,1.2661045423554985e-16,2.540503641063371e-16,-1.4818473374653777e-16,-1.7487677540660596e-16,3.5299585916139577e-16,-2.0427849748088676e-17,1.8109584725302058e-16,-6.361778267588076e-17,1.978520402271492e-16,-5.670139988240185e-17,-2.150069181630407e-16,3.123273568624831e-16,5.486545105519244e-16,-5.633443842602689e-18,-1.1806284965587002e-16,-9.719745790689443e-17,2.4639112355946367e-17,4.603048981196754e-16,-9.936221499504606e-17,-1.297241592312704e-16,5.15927024434624e-17,-1.301914836552816e-16,-1.7706401006384138e-16,-1.8339511331947177e-17,-5.122741034708655e-18,1.6894078794265292e-16,1.9694196488300936e-16,-1.1338901194132258e-16,2.8345862767399626e-16,1.6394166555210124e-16,-2.3047931080622884e-16,-2.1044696980531623e-16,-2.2251403788195097e-16,-2.6553925532201397e-16,-3.853714095673516e-17,-1.3602758065806648e-17,1.6351295834016647e-16,3.1307371739025747e-16,-1.0053703258982633e-16,1.5183769903927676e-16,1.3222147298717598e-16,-2.0091629830332045e-16,-4.055896340813687e-16,-3.515976865290243e-17,2.4682247257868097e-16,1.1963194974799294e-16,8.641085473489523e-17,1.379182986212341e-16,5.771882551223977e-16,-6.176667181959619e-17,5.593056684472224e-16,-1.8552931721752822e-16,3.5414528463176195e-16,1.501502475283699e-16,-4.2972135320561834e-17,-5.890355269924187e-16,6.234978613062142e-16,-1.713199033650941e-18,1.9831538177320717e-16,-6.258789047229596e-17
CC(P(C(C)(C)C)C(C)(C)C)(C)C.[Na+].[OH-].C1COCC1>>,CC(P(C(C)(C)C)C(C)(C)C)(C)C||[Na+].[OH-]||C1COCC1,C_b8d7759064b7,CC(P(C(C)(C)C)C(C)(C)C)(C)C||[Na+].[OH-]||C1COCC1,CC(P(C(C)(C)C)C(C)(C)C)(C)C,[Na+].[OH-],C1COCC1,-1.2674563949437956,-1.2702733419028656,-0.570939939929553,-1.911181700407695,1.04266484102135,-1.043471097420618,-0.3230947817605147,0.0432721333540148,1.4541490460435118,-0.3719480482646455,-0.5620033832755406,-0.4944262002749985,-0.02495248083441473,1.4510539394392858,1.3732849818130666,-0.5522986674822469,-0.974061776520023,-0.5558459876819047,0.6346881402294441,0.19423649531537826,-0.04059791144357108,0.045762714530175254,0.20342883959414934,0.15754860978044855,-0.13076101775985777,0.04723458985320332,-0.031821578571906976,-0.0014094704035810355,-0.009339598805759538,-0.025289099477943597,-3.569770570024575e-17,5.382231447241497e-16,3.214787763499226e-16,-1.1838301512180354e-16,5.624852184913983e-16,2.756690150142561e-16,-1.7797681219974213e-16,6.434676387850422e-16,-6.213491421297436e-17,-6.634155149143141e-16,1.562221950465058e-16,-8.491192402150084e-16,4.233774230787684e-16,-7.066824738350746e-17,3.3562653079156574e-16,9.94194729630574e-17,-1.2178481366207036e-16,-9.500526684066634e-17,1.771901012339926e-16,2.512118748724816e-16,-2.0164284121413712e-16,-2.3345096248164347e-17,-1.0558681609888447e-16,-3.5627591756931384e-16,1.535714879325071e-16,2.2149654067795705e-16,-1.1290203391914331e-16,6.735243279024662e-18,1.0664067672788148e-16,-2.3463038319047463e-16,1.129002468492315e-16,2.2438681475817007e-16,6.741592673663163e-17,-1.3940884393289034e-16,-9.023736490040418e-17,-1.5537079397665037e-16,-1.325723863003606e-16,-3.741441429796916e-16,2.351675233336795e-16,9.055113187030567e-17,-3.2143279197546323e-16,4.630363052189143e-17,1.0762699125708932e-17,-1.0493814761122056e-16,-8.078062469075049e-17,1.6696942517785264e-16,-8.375494757721667e-17,-9.585296512767074e-17,-7.075156770613097e-17,2.9912412637221286e-16,6.196034047398052e-16,1.6886547405471066e-16,3.4694690158968707e-17,-3.7128219569230856e-16,-2.533850835465316e-16,9.061120623879004e-17,6.485067170184433e-17,1.4737832331778427e-16,4.25471496057045e-17,3.8966530943623497e-16,-2.7471169521828725e-17,1.9976824148720477e-17,-1.5968668654959512e-16,2.785032212211086e-16,-6.866025088672548e-17,-1.9576774998867401e-16,-6.102830994648342e-17,5.225169192305121e-17,3.711646627878557e-16,2.683366710295581e-16,2.4901896283926234e-16,2.6341827452983706e-17,4.498478897838114e-16,4.448145466803418e-17,3.997516689410731e-16,-3.134667392990511e-16,2.844053701579127e-17,3.988496159923063e-16,1.9079406877019705e-16,2.43266950978862e-16,9.139525635189249e-17,1.255391253718322e-17,-6.968180097064413e-16,-1.5722575460284462e-16,-1.3940095678129598e-16,4.2089501412002877e-16,-1.0942695963004218e-16,7.869248824988437e-18,-6.942513066909397e-17,-7.301717203051842e-17,3.122075127743325e-16,-2.6187284298554525e-16,-1.4065354242602223e-16,-2.5182211438708942e-17,-1.3894175454106548e-16,8.938095089499172e-17,-1.6215609900011608e-16,2.2678915831899247e-16
P(C1=CC=CC=C1)(C2=CC=CC=C2)C3=CC=CC=C3.[Na+].[OH-].C1COCC1>>,P(C1=CC=CC=C1)(C2=CC=CC=C2)C3=CC=CC=C3||[Na+].[OH-]||C1COCC1,C_2fc1da07eff1,P(C1=CC=CC=C1)(C2=CC=CC=C2)C3=CC=CC=C3||[Na+].[OH-]||C1COCC1,P(C1=CC=CC=C1)(C2=CC=CC=C2)C3=CC=CC=C3,[Na+].[OH-],C1COCC1,-0.16503376434910627,1.1384344178136705,-0.8793126972819073,-2.098330468730076,0.7255390338897448,-1.2388077801797877,-0.21308690641581318,0.5366115321298647,-0.1365762221606495,-0.15780385919314352,0.2987184069777472,-0.346864064041023,0.12039274982135817,1.5005800074908373,0.39176044173868296,-0.46929626965151994,1.8502363402666824,-0.587914100047008,0.6182112386934974,-0.13262494204881006,-0.008574205638171193,0.21769999517082805,0.14776536777513297,0.1822945869875027,-0.11428334940074567,-0.023919813915388374,-0.05791530224960497,0.006018273090547561,0.005494639343390058,-0.006967832730124754,-9.151464564921522e-16,1.630140603932573e-16,-1.6375549285244347e-16,-1.7162529047987222e-16,-2.0726265520335508e-16,6.557451736844128e-16,1.9707695566672566e-16,7.689633527630173e-17,-7.241216594427628e-17,-1.900884571731665e-16,1.4425934789429878e-16,-2.408663238170941e-18,2.889908678333322e-16,1.6622842157613653e-16,3.2434122288339123e-17,2.173129111688106e-16,-3.620742938674019e-16,-3.649208340165603e-17,-2.0220166969055068e-16,-5.698211998562512e-17,9.683217299348424e-18,-1.7678513564720167e-16,2.1414994292750157e-16,3.800054911633713e-16,2.3836543530671015e-16,-2.4442507774511843e-17,-2.2872353982283717e-16,-4.90116070712457e-16,-3.7503795059537416e-17,1.4941107326799674e-16,-1.4669247110901268e-16,-9.622570143040805e-17,2.6954831256438977e-17,-1.8568436629144798e-16,2.604909446485685e-16,-2.011738512131642e-16,4.464754677846499e-16,-5.698779754733861e-17,-8.897277111165684e-17,2.2920303040565523e-17,5.4585180932415104e-18,9.797806000552556e-17,2.5782198608309185e-17,2.2575674130293177e-16,-1.6238295384855244e-16,-9.688125940988659e-17,-1.7371428576859698e-16,-4.735420485144947e-17,1.0883284183782398e-16,1.327730235349448e-16,3.1781496354309635e-16,2.571246147153326e-16,-2.2681084395952217e-16,1.9644014738165636e-16,1.9357232239386726e-17,1.0441391490741661e-16,4.497866154557457e-16,-1.4479349052613743e-16,-3.667087002865337e-16,-6.998957030386644e-17,2.6227955167978614e-16,5.2840557512454245e-16,3.309419287432113e-18,3.964102442097479e-17,-2.7726101787405325e-16,-1.0143640560169729e-17,9.04047987257322e-17,7.63854756112985e-17,-3.801651086832372e-19,5.2961044006498584e-17,-4.765784409817531e-16,-2.658241619915369e-16,-3.70274502694362e-16,2.5042750594389146e-16,-6.48047465467373e-16,4.67101748303941e-17,-1.819112443681461e-16,3.550776212828774e-17,4.714127417898869e-16,-3.7350004968612703e-16,4.536994439011152e-16,4.0709230250870987e-16,1.2056059057231844e-16,-1.457754359919917e-17,5.411136590678476e-16,4.3759310746353403e-16,1.8576109718716164e-16,2.88281589229889e-16,1.6055026820994212e-16,2.452751833316177e-18,3.0488669852845725e-16,-2.4195953844454188e-17,2.1989544974156134e-16,2.3686251894439624e-16,-3.3517286521480077e-16,-2.5249669939061004e-16,-3.086591889661258e-16,1.7607798749558096e-16
CC(C)(C)P(C(C)(C)C)C1=CC=C(N(C)C)C=C1.[Na+].[OH-].C1COCC1>>,CC(C)(C)P(C(C)(C)C)C1=CC=C(N(C)C)C=C1||[Na+].[OH-]||C1COCC1,C_6f97e627a91d,CC(C)(C)P(C(C)(C)C)C1=CC=C(N(C)C)C=C1||[Na+].[OH-]||C1COCC1,CC(C)(C)P(C(C)(C)C)C1=CC=C(N(C)C)C=C1,[Na+].[OH-],C1COCC1,-1.3540995512008611,-0.2906128945480551,0.5945981044039642,-0.37836093112765845,4.622928770229751,-1.1978430483274745,-0.026287665999979934,-0.5624140661725961,-0.8731055621950703,-0.09515376900028266,0.22298836997542104,-0.13306952748724116,-0.19911829237935072,0.9040889027435237,-0.6101167604169752,0.1662854997377551,-0.15925548448459395,-0.5720737450495819,0.5799315945804019,0.3460146887887868,0.12292628725453601,0.30071903848420833,0.23612000231662444,-0.09632469268312714,0.20379600028569153,-0.13908732295874648,0.021079663491474592,-0.006575968285572604,-0.02589399338129036,-0.1310479029112323,-1.1148257205680153e-15,5.1047827460888173e-17,1.6326813726800328e-16,-4.345712544013896e-16,5.819474144970989e-16,8.310002030979196e-16,9.426127347628779e-17,-3.1684779717784776e-16,-6.470532576809162e-16,-4.3692045624639197e-16,-4.509108529205409e-16,-2.633399194208608e-17,5.996292332624004e-16,3.272226077977848e-17,3.2131040664597905e-16,9.105456127816782e-17,-2.1866874826968768e-16,-2.1448773109446372e-16,-4.2197055497750867e-16,1.174184131756021e-16,1.588280749867551e-16,2.8262832835891064e-16,-1.0722470378485685e-16,-1.0779746285024857e-16,-2.3824516426022716e-16,1.8383279649372934e-16,-5.365368045636546e-18,-1.4883242571954808e-18,-1.5533201064641729e-16,1.1989309714377386e-17,1.9299766645337383e-17,9.236685212774338e-17,2.5625375849444924e-16,1.0941306253589455e-16,-8.339580505986726e-17,4.585589418039062e-17,3.882701272419824e-17,-1.2285146646530745e-16,-1.3621320273358178e-16,1.804483762979427e-16,-9.948130079195776e-17,6.740693990603513e-17,3.1838331365548754e-17,-2.506184577235135e-16,1.4383988727969073e-16,-1.5183831513660972e-17,-1.0415751731698219e-16,2.116026688447508e-17,-3.264773050773548e-17,-2.2774277878102533e-16,1.0756395869219624e-18,1.9342225277509072e-16,2.7049141872416413e-17,5.297657467456241e-17,1.5084420324048099e-16,-2.4433246903757325e-16,-2.367465233431965e-16,3.8874108756073187e-16,-1.0069229436555745e-17,-3.648252018929706e-16,6.546131481698106e-17,-4.1078763152321433e-16,-1.6380845709387366e-17,2.3855247512887754e-16,1.14833366596899e-16,1.8827469887589862e-16,2.638134782802717e-16,2.4707490684771793e-16,-9.582984258355191e-17,-1.1357450918875555e-16,3.8228033450141506e-17,1.8241363685996845e-16,-5.320486018591707e-16,-6.244016960592223e-17,1.1533858926435538e-16,-1.923768169459425e-16,-1.929171392944932e-16,2.750165772162811e-16,-3.4113163629797916e-17,3.570933086437618e-16,5.296290397628089e-16,-2.39677580358057e-17,4.569824297455115e-16,2.1452282603993353e-16,-3.2102707334305727e-16,1.960463897555717e-17,-2.0245490389988058e-16,-3.1079388727363534e-16,9.742504100830477e-17,-1.098557227327095e-16,3.478098398250486e-16,4.856500929974164e-16,7.065698465038e-17,-6.51525085247431e-17,1.4815194725952628e-16,1.6377100409301224e-16,-1.6594094677214705e-16,1.7624958660804442e-16
P(C1CCCCC1)(C2CCCCC2)C3CCCCC3.[Na+].[OH-].C1COCC1>>,P(C1CCCCC1)(C2CCCCC2)C3CCCCC3||[Na+].[OH-]||C1COCC1,C_2e031abbdcb7,P(C1CCCCC1)(C2CCCCC2)C3CCCCC3||[Na+].[OH-]||C1COCC1,P(C1CCCCC1)(C2CCCCC2)C3CCCCC3,[Na+].[OH-],C1COCC1,0.018450618634203875,-1.6513266454555662,-0.7892887456506217,-2.0018435878196,0.6291302856440664,-1.2045941061246623,-0.48654352443363513,0.4568021851364256,2.3825076649452104,-0.0919336189151028,0.9626017446521044,-0.7614797893665238,-0.1683912831337314,0.6985813856337447,-1.3180728062458877,0.6410890036328504,0.21850723559993507,-0.5889720093725833,0.6429757799511904,-0.20097214480265413,-0.14306739676389796,0.007323103708380802,-0.46363767593254834,-0.1340564888344043,-0.06653393493673139,-0.07728337877753404,0.0166293062542251,-0.010765284111560804,0.11950477199523685,-0.032612637814083856,-3.633272165206043e-16,3.4130343746700813e-16,-2.8775317370831976e-16,-9.982058254493307e-17,7.523780647807161e-17,7.884152780698667e-16,3.0327042121839855e-16,-1.986527202530423e-17,-2.835922821513967e-16,-3.6443425249669493e-16,-4.55743512292063e-16,-5.476743430432774e-17,7.123675128159838e-17,-4.526504946702551e-17,-1.8264882951730068e-16,-1.0637145223431077e-17,3.639581926375507e-17,-8.500643425125669e-17,-2.6201930021816875e-16,2.9908059300752307e-17,-1.936714180663736e-16,3.405270543839201e-16,3.0282700635426605e-17,4.485554507626558e-16,1.3002606466855026e-16,5.93456579011317e-17,-8.183299183967828e-17,2.9606110459834705e-16,-2.803271064611333e-16,2.252709087021333e-16,-6.827633599291065e-17,1.6709542199805866e-16,-2.126592321672112e-16,1.923111363908454e-16,1.8867116812863394e-16,2.931460606985607e-16,1.3309416478860687e-16,1.1665357785181952e-16,7.080532363522512e-17,5.3107047489141616e-17,2.936567694203385e-16,3.8669796834706476e-16,-2.524984770459184e-16,-4.047750527485873e-17,5.534377739731911e-17,1.667552945072809e-16,1.4466636553019152e-16,2.3218226577383364e-16,5.74787604684113e-17,3.5113346470032487e-16,3.3414660266332284e-16,2.1284791524110045e-16,-1.2247283019839929e-16,5.3294520531989625e-17,-1.1523197360151495e-16,-5.238000161371037e-16,-2.2668245778164515e-16,-2.535549119013863e-16,1.3481722516850187e-16,1.4432650328878472e-16,-1.5079228208699093e-16,-2.3171851442596e-17,1.4303185441958269e-16,-1.4724448899426388e-16,1.856095502349948e-16,-3.7450325304104205e-16,3.848497649319462e-16,3.551640025197337e-16,-1.3470499639063518e-16,-3.322493798361578e-16,-7.906109856557743e-17,-5.130737003328179e-17,1.915560806716066e-16,2.2882190514269143e-17,3.568798149672582e-16,-2.7424355543598996e-16,-3.533721747551771e-16,-2.7395690555690393e-16,-1.9145322897116373e-16,-5.729908360175946e-17,-5.315201909840329e-17,8.207749366917458e-17,-4.361439346243182e-17,2.515854251072281e-16,-1.6378732869955645e-16,3.9502744558201674e-16,1.749637981535506e-16,2.173701218214147e-16,-1.172567286624948e-16,-6.013078649827691e-17,-2.0998802060260335e-16,-4.147500127039718e-16,-3.937998370568416e-16,-1.3218013594285413e-16,-2.301647920034951e-16,-8.519427787960441e-17,4.926856964342936e-16,2.4137542734686403e-16
CC1=CC=CC=C1P(C2=CC=CC=C2C)C3=CC=CC=C3C.[Na+].[OH-].C1COCC1>>,CC1=CC=CC=C1P(C2=CC=CC=C2C)C3=CC=CC=C3C||[Na+].[OH-]||C1COCC1,C_7b992e130e07,CC1=CC=CC=C1P(C2=CC=CC=C2C)C3=CC=CC=C3C||[Na+].[OH-]||C1COCC1,CC1=CC=CC=C1P(C2=CC=CC=C2C)C3=CC=CC=C3C,[Na+].[OH-],C1COCC1,-0.33468865604367526,1.551106680844555,-1.0436484213494672,-2.1221310321779936,0.7517189566276431,-1.190186983877846,-1.1480185156880205,2.958305907783888,-0.5735268376640813,-0.15846175196908302,-0.9332620512205555,0.1761354632776768,-0.22231671838351713,0.7896252848151013,-0.695964881999578,0.3107767727869677,-0.5232497098491854,-0.5669513540679024,0.6258947143369408,-0.1594569225879,-0.010051654879859206,0.21975542533980902,0.14631123311196165,0.1730665870761777,-0.12095286488147053,-0.026273156075489953,-0.05808659328911381,0.005391921136025428,0.005621755958415654,-0.006769237384120692,-1.1702627351632641e-15,2.4083315337151852e-16,5.3347309357300215e-18,-5.657450313708219e-16,-1.3196319459042005e-17,3.9982157276737417e-16,-1.368410190863544e-16,-6.809884588778911e-16,-1.610257946983142e-16,3.2415631176471744e-16,-2.642019558635271e-16,-3.594944468159987e-16,7.97286159258777e-16,2.691635989998681e-16,2.571059221070692e-16,1.744157315575925e-16,7.37992347184125e-17,-1.634171168723926e-16,3.3536928042538713e-16,4.095561599481245e-16,1.198079759062152e-16,-2.361889001902825e-16,-2.449980072530069e-18,-1.2774565268559802e-16,7.526711438282851e-17,2.868987719346566e-16,2.904885755437652e-16,-4.07638251944135e-17,-2.5772557220292007e-17,2.9552681383201947e-16,5.59874195632906e-17,9.222149809124733e-18,5.609865675539541e-17,-1.4910212921053981e-16,-1.2516438627140088e-16,2.1508989861619973e-16,-2.973484987900586e-16,5.0392908050782676e-17,1.0883948677820814e-16,1.4989138607377136e-16,6.352491308266028e-17,1.5613901866914468e-16,1.5756229168526288e-16,-1.3785023221375755e-16,4.493431141062655e-17,2.8647322037830565e-16,-1.1801436158310233e-16,-2.6605701855465075e-16,-9.274466687156578e-18,-1.296338764547014e-16,-3.7087708637234977e-16,-2.552854078815219e-16,3.356112758276942e-16,-1.9100388691091898e-17,2.254655391368411e-16,1.7552985476640297e-16,6.394146138123549e-16,-5.664290968457064e-16,3.101598280988036e-16,-9.089757270888732e-17,-5.883906303262023e-17,2.3063482658319288e-17,-4.3037610840759064e-17,5.798712601816423e-17,-1.1281504149704454e-16,9.689618124914174e-17,2.390362439024791e-16,1.0022161946972549e-16,2.4034748275647126e-17,1.8651422024007347e-16,3.000078278715438e-16,-1.3160637710472896e-16,-5.826086480080576e-17,8.633731328168177e-17,1.8416727525360373e-16,1.569935440801398e-16,-1.7600884679807776e-16,-1.337962938268147e-16,1.896907633410932e-17,-3.0556107298820524e-16,-2.6067340658470893e-16,-2.278666326936578e-17,-2.3897570253501386e-17,4.74127988153116e-17,-9.684022758214324e-17,-6.616941934299563e-17,1.649161606158914e-16,-1.8794163533150948e-16,-5.77528150901266e-16,-3.1695999326607395e-16,4.194013898715547e-17,1.2777038293661078e-16,-5.156752991311722e-17,1.8852996249566473e-16,3.1325488287078346e-17,4.212047674920092e-17,-1.6037057860147233e-16,3.9911203758351544e-16
CCCCP(C12C[C@@H]3C[C@@H](C[C@H](C2)C3)C1)C45C[C@H]6C[C@@H](C5)C[C@@H](C4)C6.[Na+].[OH-].C1COCC1>>,CCCCP(C12C[C@@H]3C[C@@H](C[C@H](C2)C3)C1)C45C[C@H]6C[C@@H](C5)C[C@@H](C4)C6||[Na+].[OH-]||C1COCC1,C_415b52f54e62,CCCCP(C12C[C@@H]3C[C@@H](C[C@H](C2)C3)C1)C45C[C@H]6C[C@@H](C5)C[C@@H](C4)C6||[Na+].[OH-]||C1COCC1,CCCCP(C12C[C@@H]3C[C@@H](C[C@H](C2)C3)C1)C45C[C@H]6C[C@@H](C5)C[C@@H](C4)C6,[Na+].[OH-],C1COCC1,-1.736737145651741,-3.541973760149832,-2.873031424015553,-1.7807063371271454,-0.2876120429410384,-1.0422740388511909,-0.031076510253805298,-0.3249500775099634,-1.8385801155788608,-0.012000883983530775,-0.10291493414036543,0.036536175803210905,-0.005563565848584714,0.9735463995261142,-0.31006652005930396,0.09895422506213497,-0.07043906915019206,-0.5778371956455894,0.6448685431646569,0.14451524541628502,-0.17316605694945453,-0.16320223874214634,-0.40794736653797,-0.15295985470002643,-0.09187928569327433,-0.012425828138971565,0.02501087362562229,-0.04392814789760739,-0.013665298571076458,-0.04380457830521417,1.2946050562546328e-16,3.6782967982559746e-16,2.7032134271329194e-16,1.6644543543262212e-16,4.1422879654659844e-16,5.322685998880345e-16,-1.1584440189378502e-17,-3.92096747581354e-16,2.154981679497849e-16,-3.622703511630137e-16,7.027810132778404e-16,4.540745359235962e-16,3.378830609821357e-16,7.73782635088506e-16,2.4588337350817115e-17,-4.0522518367096364e-17,5.536951657729872e-17,3.7657523323385336e-16,-1.5988396175084895e-16,2.7848854644265845e-16,-2.7345908665671245e-16,3.179934982991617e-17,-2.851894369602491e-16,-2.0230169764242385e-16,-9.193490802812247e-17,-1.5642430936268534e-16,6.86175662780907e-17,-1.132210554328915e-16,4.040526250271253e-17,-2.532845300491478e-16,1.0750716899514131e-16,1.7073234382162207e-16,-6.500553422770299e-18,-8.754277266202602e-17,-2.6832707764584196e-17,2.844038240182455e-18,-1.401976254985978e-16,-1.7385662903886587e-16,-2.2451271649350147e-16,2.8966765117171424e-16,1.895846036313094e-16,-2.810934195056302e-16,1.6027504301441718e-16,-1.5559359484948573e-16,-3.0665997990590144e-18,-8.090673315552649e-18,2.3294754494792253e-16,2.418065287645599e-16,4.336512047502161e-16,4.804571435047477e-16,9.174245312958558e-17,2.1785721100761915e-16,-1.904422800659999e-16,-1.627734698954991e-16,-1.1544990446322983e-16,-3.955329956120443e-17,-6.705523260531527e-17,-9.81234120036895e-17,6.418957045804997e-17,-6.983361349463823e-17,-1.948815369878459e-16,-1.1055302623388725e-16,9.901837615550804e-17,-3.729392336482397e-16,6.056155378248507e-17,4.182711379111871e-16,8.367970335827077e-17,-5.538710316451168e-18,7.636712524297076e-17,2.1850572133578333e-16,-3.766614456604913e-16,-6.846638241780329e-17,1.6818182466202376e-16,-1.3642463716400544e-16,-1.5229242625219522e-17,2.504702851750921e-16,1.3758531839135498e-16,-1.416788492962344e-16,5.438832416051664e-17,1.47505686400816e-16,-2.477321538885109e-16,1.3760981045816397e-16,-2.1942268229016186e-17,-1.5789785674266388e-16,-7.112049966946952e-17,3.31858850232911e-16,3.697832402464423e-16,-5.408506730609128e-16,-3.7475050451989583e-16,-7.126999696457599e-17,3.7778536763420527e-16,-1.6318619154141953e-16,2.3566473744580218e-17,4.265675479605042e-16,-6.100021222603374e-18,-2.6302402829228476e-16,3.9216225202556213e-16,2.0242136043896628e-16
COC1=CC=CC(OC)=C1C2=C(P(C3CCCCC3)C4CCCCC4)C=CC=C2.[Na+].[OH-].C1COCC1>>,COC1=CC=CC(OC)=C1C2=C(P(C3CCCCC3)C4CCCCC4)C=CC=C2||[Na+].[OH-]||C1COCC1,C_3d8f99d6d846,COC1=CC=CC(OC)=C1C2=C(P(C3CCCCC3)C4CCCCC4)C=CC=C2||[Na+].[OH-]||C1COCC1,COC1=CC=CC(OC)=C1C2=C(P(C3CCCCC3)C4CCCCC4)C=CC=C2,[Na+].[OH-],C1COCC1,4.181483295872063,-0.586850654801271,0.03900974900422856,-1.9468567917778459,0.7022247195966742,-1.4708797993493183,2.74531115770932,0.5158004192175382,-0.23157323968345225,-0.30981804469334734,-0.3711440630663919,-0.007144320885567044,-0.16010449325014292,1.0435280327448824,-0.17679876491437088,0.07596703113300354,-0.22182233021373252,-0.5762447973795385,0.6143933589827044,-0.28711070272515093,-0.1501185608583258,-0.09794630981505598,-0.44400952309662917,-0.037435804598469305,0.20169345072563097,-0.051334407261092695,-0.09108517495568154,0.1225532794194692,-0.036356238125063625,0.02381075408161933,-9.143213966385867e-16,-4.5756853346665473e-17,4.770821577206034e-16,-3.842656363463868e-16,-5.2273003788437406e-17,2.4146133579144584e-16,3.101487264516517e-16,3.0495773466289616e-16,-2.1005915659159083e-16,-3.81472121240827e-16,4.347800378193281e-16,-1.2341651521639596e-16,1.4396013227012862e-16,4.469613787279584e-16,-1.4935466842498378e-16,1.6864141907621285e-16,-1.5902963234227454e-16,2.2983505374900027e-16,1.497398747550316e-16,-1.0273560512086387e-16,5.036459159346681e-17,-4.200805942732598e-16,-4.3369666862275283e-16,-1.7649365411836202e-16,-7.702550922967088e-17,-1.560038820004198e-16,6.388182372662627e-17,-1.7118389824591632e-16,-4.385492906449412e-18,-1.4845970053026392e-16,2.8638727591529194e-16,-4.6319185678955034e-17,-6.535563467374468e-17,-2.491700941400033e-16,-6.993250420741547e-18,-2.2322220063047105e-16,3.0163457322328773e-16,2.3393558924222876e-16,-4.528161188880186e-17,-3.8745583115393814e-16,1.2543175526704273e-16,2.2581048749354364e-16,1.6291566981098184e-16,2.4297578250623356e-16,2.899490732878255e-17,-4.2750839263422276e-17,-2.9629978204167245e-18,-2.4725071522664496e-17,1.0188705970019981e-16,3.9550952485390343e-17,-9.693853717884585e-17,2.0116079383402528e-16,-2.647488744856414e-16,-5.668674471588642e-16,4.888137217330061e-16,9.171197467152929e-17,8.633766823459374e-17,-7.293068337169257e-17,2.6472293752861583e-16,2.7627254963410096e-16,6.0929586280821845e-18,-2.122607407709856e-16,-4.038732036887917e-17,-1.9620860985633045e-16,-1.4720416915025752e-16,3.294188573065335e-17,2.5192570449293182e-17,-8.417951142602134e-17,-1.6493755402359865e-16,2.6097337372427742e-18,1.1794882017815185e-16,4.125109805696396e-17,-6.789739334293072e-17,-2.6659945584400212e-17,1.505283035416111e-16,1.9465538524526655e-16,-5.169890590424348e-17,-2.2159702195851203e-16,4.992245349731368e-17,2.976297703265557e-16,-8.037338268251543e-18,2.442771808084442e-16,1.7400609609831891e-16,-1.6044499030294033e-16,-2.5955429775042805e-16,7.010062586136476e-17,1.8451168803835463e-17,2.9279967437607926e-16,-1.2811657385718053e-16,1.9743966305990645e-16,-6.877441786504716e-17,-2.6077794261411163e-16,-3.191086148537842e-16,-1.8500623970243968e-16,-7.906561221156878e-17,4.923528225640384e-16,1.2297845673558642e-16,1.1494117785162108e-17
CC(C)(P(C(C)(C)C)[c-]1cccc1)C.CC(C)(P(C(C)(C)C)[c-]2cccc2)C.[Fe+2].[Na+].[OH-].C1COCC1>>,CC(C)(P(C(C)(C)C)[c-]1cccc1)C.CC(C)(P(C(C)(C)C)[c-]2cccc2)C.[Fe+2]||[Na+].[OH-]||C1COCC1,C_926d50a54994,CC(C)(P(C(C)(C)C)[c-]1cccc1)C.CC(C)(P(C(C)(C)C)[c-]2cccc2)C.[Fe+2]||[Na+].[OH-]||C1COCC1,CC(C)(P(C(C)(C)C)[c-]1cccc1)C.CC(C)(P(C(C)(C)C)[c-]2cccc2)C.[Fe+2],[Na+].[OH-],C1COCC1,-1.8223882422465403,-0.5964248843936856,2.194819163240456,-2.929114731765494,-0.24106906883085008,-1.1259764289674157,-0.16239081098037847,-1.093006523966307,0.2725060452047343,-0.3218527214299587,-1.734312869165636,0.7954770154583,-0.06406439694456464,0.9686208896675956,-0.8190077799980169,0.18967068830020603,0.2716250017411411,-0.5793102023757803,0.6280098035409674,0.20228691719381514,-0.04511627485112317,0.03594983142070004,0.18937381341314996,0.15248004454154718,-0.13206318815204424,0.04695630552696652,-0.03230667381969987,-0.002310704310255875,-0.012102765958089935,-0.025090481687749338,-5.366913991724434e-16,3.910257576743797e-16,2.6529812071173623e-16,-1.285270751823548e-16,-1.140189493697594e-16,8.804974315897077e-16,-2.0998106919710518e-16,-3.368344470952084e-16,3.5838436670169146e-17,-4.944091550125067e-16,-1.62277065966671e-16,-2.5175610097581713e-16,1.6922134226168721e-16,3.594408238344309e-16,2.432670561641921e-16,-2.0613610060237413e-16,2.390417675213709e-16,-7.090335131095071e-18,6.495199454647658e-17,5.792799713841864e-17,-1.4222416882992397e-16,-3.911851972881543e-16,-2.1969481790250533e-16,3.04031991915271e-17,-1.4282006571844561e-16,-5.150180177334105e-16,-5.006401283166607e-17,6.570672566151686e-17,1.3720206086190794e-16,5.037742794449702e-17,-3.16852161967316e-16,-5.5087164064491046e-17,1.6350483582776914e-16,2.256636466771658e-16,1.6398537364650687e-16,-9.873596553028076e-17,1.225689162224059e-16,-1.0560690282813768e-16,1.4781054938273176e-18,-2.2332695244758057e-16,-4.59949812580345e-18,-9.970785593258608e-17,-9.156490283993034e-17,3.117465246662606e-16,1.5549413653736932e-18,-2.3896794219471054e-18,-1.1784280345051521e-16,1.254189569822404e-16,3.4385890760479523e-17,-2.7876157719640555e-17,-1.6796774916186352e-16,-4.359910481549184e-17,1.5064044879124235e-16,2.9581435827204217e-16,-8.843342394468211e-17,1.6652182599727637e-17,-1.4221696996954467e-16,-3.782471922795538e-17,-1.345843749069844e-16,-4.3766364255502357e-16,-6.456365930173684e-17,1.6896794660156095e-16,5.405129801493117e-17,-6.105215648898166e-17,1.4020543870378325e-16,1.5531450904882015e-16,-2.3313833046862083e-16,-2.121024325819596e-16,3.3587512559595364e-16,-8.828429465620625e-17,2.5187887449090132e-17,-1.0453141131419985e-16,6.860571415904338e-18,-1.6305537601466388e-16,-1.7899194517290248e-16,4.827990567272124e-16,-6.2335124253667e-16,-4.463149280183345e-17,-9.206776778962173e-17,4.59329896470368e-16,-3.284264778264963e-17,-9.077864313207466e-17,-2.877073310260751e-16,-3.791581461379262e-16,1.1508586473948694e-16,-9.37899901910113e-17,2.3370931369820604e-16,-2.2000496952243154e-16,3.421883942077328e-17,-3.775997727442616e-16,1.7849535033110915e-16,1.0669563572717721e-16,-2.9121390398248608e-16,-2.1018630011920198e-16,-1.1703456998827177e-16,3.93945735753255e-16,-7.273274893992313e-19,5.265897548715514e-17
CC(C1=C(C2=CC=CC=C2P(C3CCCCC3)C4CCCCC4)C(C(C)C)=CC(C(C)C)=C1)C.[Na+].[OH-].C1COCC1>>,CC(C1=C(C2=CC=CC=C2P(C3CCCCC3)C4CCCCC4)C(C(C)C)=CC(C(C)C)=C1)C||[Na+].[OH-]||C1COCC1,C_85cb7eff897a,CC(C1=C(C2=CC=CC=C2P(C3CCCCC3)C4CCCCC4)C(C(C)C)=CC(C(C)C)=C1)C||[Na+].[OH-]||C1COCC1,CC(C1=C(C2=CC=CC=C2P(C3CCCCC3)C4CCCCC4)C(C(C)C)=CC(C(C)C)=C1)C,[Na+].[OH-],C1COCC1,4.560130372179532,-0.7238851910327191,0.01568372637276136,-1.8186990207667848,0.7891011035149383,-0.6205224856067488,-2.747738045713593,-1.0008922794106105,-0.5557181497610829,0.06119906758076282,-0.2829694931307944,-0.11710947451003617,0.10735682274192293,1.0104973353175786,-0.022048194275896462,0.03367263203575331,-0.18767414332576196,-0.5815969406579445,0.6123546310086901,0.12289828705558371,-0.1541396220489606,-0.1809700803914068,-0.4831260019688307,0.02410423357120837,0.06417740958721829,0.012745630561316376,0.050793968507196065,-0.038445957168855835,-0.030553963186576945,-0.04467657259834013,-4.96384227471737e-16,-1.1133400653864255e-16,-2.8548393279663136e-16,1.9891651281011747e-16,4.2736025809655124e-17,4.570469089787177e-16,6.079034965614811e-17,2.6281996619220096e-16,-7.176137699951516e-16,1.7663894462602808e-16,1.6581481721761829e-16,-3.057565365792943e-16,-2.6766037490621338e-17,2.3304273626402426e-16,-4.9692554293382573e-17,4.346511109164259e-16,-6.323988721027056e-16,5.070870687196005e-16,-2.3198391466252386e-18,7.907256138205033e-17,8.074630542767049e-17,-3.5974886160574993e-16,-1.1195587928973363e-16,-1.788086439992821e-16,9.632621495412918e-17,4.7582499656758356e-17,3.4368698652573333e-16,1.6489023870791746e-16,-6.869990610331211e-17,-1.6050396940345936e-16,-5.592818562659442e-17,1.913300008167329e-16,2.206470188078149e-16,-6.359953555204089e-17,-1.9710341105099267e-16,2.0722494902043356e-16,-8.196394821028494e-17,1.6167060566839937e-16,-1.9659326757100033e-16,9.826374312099209e-17,-2.1072172871969782e-16,-6.902538752329573e-17,2.8343216155151053e-16,1.9224270409022592e-16,-1.0965942226360328e-16,-6.431615720507696e-17,1.5481299536918435e-17,1.9575183374152358e-16,1.5356473163166968e-16,-3.0722675232143306e-16,-3.445465287284187e-17,-2.051155901770968e-16,6.841509359287914e-17,5.655670171144535e-17,1.2308041721033162e-17,-1.8745435651131513e-16,-6.598896979268612e-17,1.5094870751937707e-16,-1.4035287298256645e-17,-1.692774482285593e-16,8.39732397586553e-17,-1.5347308039831191e-16,-6.162471314292135e-17,-2.0396388931519106e-16,-1.243109101255448e-16,-2.460866456135513e-16,1.720171923507289e-16,-5.543398010454041e-17,-2.863366963613153e-17,5.222861804641577e-17,-5.77347774971642e-17,5.316927054740827e-17,-9.942279686719668e-17,-1.640656833579214e-16,-1.7717974337722997e-16,-6.96644483674442e-17,-6.624633032486839e-17,6.631424243586551e-17,8.62191591598635e-20,-1.7738606758689414e-16,6.225242200350061e-16,1.6577044810384142e-16,1.6144953785962692e-16,-1.8878426585190394e-16,2.5240277408222676e-16,-3.597208338628899e-16,1.296609459304602e-16,-1.3939829528387477e-16,-7.222626131911332e-17,-1.4062182104589572e-16,-2.1156798940703167e-16,-3.9829195035337843e-16,4.4310867683476914e-16,-9.676529728986454e-17,2.155874397249537e-16,-2.361751575138159e-16,1.0711344004641783e-17,1.7232128036678936e-16
[c-]1(P(C2=CC=CC=C2)C3=CC=CC=C3)cccc1.[c-]4(P(C5=CC=CC=C5)C6=CC=CC=C6)cccc4.[Fe+2].[Na+].[OH-].C1COCC1>>,[c-]1(P(C2=CC=CC=C2)C3=CC=CC=C3)cccc1.[c-]4(P(C5=CC=CC=C5)C6=CC=CC=C6)cccc4.[Fe+2]||[Na+].[OH-]||C1COCC1,C_e83961cdff04,[c-]1(P(C2=CC=CC=C2)C3=CC=CC=C3)cccc1.[c-]4(P(C5=CC=CC=C5)C6=CC=CC=C6)cccc4.[Fe+2]||[Na+].[OH-]||C1COCC1,[c-]1(P(C2=CC=CC=C2)C3=CC=CC=C3)cccc1.[c-]4(P(C5=CC=CC=C5)C6=CC=CC=C6)cccc4.[Fe+2],[Na+].[OH-],C1COCC1,-0.9701928544503052,0.6330741918924417,2.025679492175955,-3.1083154479785184,-0.658221759464693,-1.3708226093065905,-0.14653855737736185,0.12537902550599292,-1.2362356006361073,0.10982017090811368,1.6975122923669674,-1.0281745196203347,-0.15118662123114585,0.953150358963307,-0.09201169893148643,0.13799670101973116,-0.5689329677945226,-0.5674738980732947,0.6269225635765083,-0.15526326044927574,-0.010590148174665803,0.21816625837188106,0.1471620406747807,0.1718705334157269,-0.1218142454056405,-0.02605266424684143,-0.05835765426876515,0.0054816219884028525,0.0055713233070329195,-0.006718709214634387,5.4076890193860005e-17,-1.0859175204450375e-16,1.6269917073357602e-16,9.526179692105142e-17,-3.330527202312569e-16,9.503037616106049e-16,3.419529593320674e-16,2.874782233564422e-16,-3.1606221156300117e-16,1.2242472502098397e-17,1.6361142508497693e-16,-9.734281959917187e-17,1.889188644691146e-16,-4.803048302348469e-17,6.798560949026658e-17,2.7599049996502983e-16,1.3369722328262214e-16,4.720505112513213e-16,2.5351579181910877e-17,8.379614031311084e-17,-1.6277619068418672e-17,3.554749505850762e-17,-3.773395592029986e-17,1.486147526211811e-16,1.4579663971132331e-16,3.3478571541539877e-16,-4.384964659343441e-17,2.397387613093284e-16,1.6620891534502855e-16,1.918934519636884e-16,-2.1739704662388892e-16,4.444287784311147e-17,-1.2602620327016884e-16,-6.82953453761725e-17,3.3007612605118796e-16,1.3069209287616258e-16,-1.0328420727103833e-16,1.905346336388557e-16,-4.768027455367865e-16,-1.2457741991806998e-16,9.841934506716278e-17,1.5208628657971368e-16,1.0465704899244682e-16,1.8963026164331539e-16,-2.6544182794745743e-16,3.6392471423547307e-17,-3.3607521480176813e-17,-3.672078145107256e-17,-2.8621154533034077e-16,-1.2839768157809928e-16,1.8105113131142717e-17,-5.908812476742861e-17,-2.8238854919332504e-16,-9.09952968345897e-17,3.831253973406033e-16,1.848943152309264e-16,2.0351428834922528e-16,-2.2500389257692863e-16,2.1780156088553864e-16,-1.2026384976864052e-17,-2.0596809735714507e-16,-3.3932298332482356e-16,3.704922514754567e-17,-4.541636756616756e-17,3.864479998865027e-17,1.4907913589469794e-16,-1.3977871979237845e-16,6.750019488713224e-17,-9.63877747362151e-17,6.060873820774805e-17,1.0839266726593138e-16,3.0146257574926112e-16,-2.5142505839973913e-16,-2.8378433609346984e-16,-1.6492381474558435e-16,-2.882689591050277e-16,-3.0985425745545043e-16,4.329792627288057e-16,-1.695091235312254e-16,-1.1504343976009324e-16,1.8891855978450377e-16,-1.605607585681235e-16,-1.659177658826186e-16,2.546323538896838e-16,2.470800375842134e-16,-7.094899156804487e-17,8.047929382470677e-17,1.1705039655942566e-16,-6.460837862870573e-17,-4.380022909311433e-16,-7.132274696568631e-17,3.5272916047533185e-16,9.034150994345545e-18,-4.8576451649622504e-17,4.140408188418235e-17,-3.7642067209752494e-17,2.5039180803030827e-16,-1.1717975457197263e-16
CC1(C)C2=C(OC3=C1C=CC=C3P(C4=CC=CC=C4)C5=CC=CC=C5)C(P(C6=CC=CC=C6)C7=CC=CC=C7)=CC=C2.[Na+].[OH-].C1COCC1>>,CC1(C)C2=C(OC3=C1C=CC=C3P(C4=CC=CC=C4)C5=CC=CC=C5)C(P(C6=CC=CC=C6)C7=CC=CC=C7)=CC=C2||[Na+].[OH-]||C1COCC1,C_ea5aff8c040c,CC1(C)C2=C(OC3=C1C=CC=C3P(C4=CC=CC=C4)C5=CC=CC=C5)C(P(C6=CC=CC=C6)C7=CC=CC=C7)=CC=C2||[Na+].[OH-]||C1COCC1,CC1(C)C2=C(OC3=C1C=CC=C3P(C4=CC=CC=C4)C5=CC=CC=C5)C(P(C6=CC=CC=C6)C7=CC=CC=C7)=CC=C2,[Na+].[OH-],C1COCC1,-0.23292893359616967,3.4078318281267146,-2.800015281673639,-2.0328125442820806,0.2914494543028845,-1.1354314785294612,0.2002347792023898,-2.0178006011136693,0.18521229874649978,-0.17721909989012016,-0.08399967557897839,-0.07955899767384038,-0.15572778892172573,0.9101049762934893,-0.5409417376615953,0.2760319401393557,-0.5703600227578748,-0.5804685654503504,0.6005392240343531,0.11267170119862366,-0.04910252553833505,-0.10066212695964538,0.18804028398617142,0.284608131841086,0.08516033986426519,0.04612499516625059,0.0017464709861071577,0.007999106559016533,-0.033185705122945,-0.008219821751601006,-9.822705456601342e-16,-3.4898526604098267e-16,1.5006850778793042e-16,9.995166863892784e-17,-3.8176762739198786e-16,5.089625996157312e-16,-7.696727693930164e-17,-1.621179885519864e-16,-3.731064550701299e-17,-2.1235510786213772e-16,-2.7194940041302392e-17,-2.786620040469574e-16,-3.9226241143539266e-16,-8.95848455188457e-17,6.022031510440662e-16,-1.8638605360404834e-16,-5.332115863137402e-16,2.666238060136792e-16,5.479876752425622e-16,1.61136203690215e-16,1.187337569039033e-16,4.4426129392900254e-17,3.896219962615407e-16,-1.9361774389609055e-16,1.683614846200542e-16,-2.3881843508725323e-16,-2.42022722056897e-17,-4.0337246059646103e-17,8.155728505767051e-17,-4.3160529737963056e-16,-8.403753814653656e-19,-2.844246597771644e-16,-3.42314697055216e-16,2.3496437997158604e-16,6.682010194017952e-17,1.0729995374664142e-16,-2.461454073359214e-16,-2.0504120010495277e-16,-6.046727206409187e-17,1.143716795428645e-16,4.300898497255997e-17,5.285327028683696e-17,2.61595038865936e-16,-1.2736522358614172e-17,-9.230296400672376e-17,1.5542338796684357e-16,1.1667711498215984e-16,2.1902093068469212e-17,5.0992913089998855e-17,-5.893890583814097e-17,-1.8952588769721946e-17,1.3702099910299038e-16,3.799481059522875e-16,-1.1698654167076658e-16,-1.2221394829576028e-16,9.553784135031233e-17,-9.410467217825967e-17,-1.357970330008008e-16,1.0469372008891187e-16,-6.54173898461545e-17,4.299682888370131e-16,3.608830239288333e-17,-2.0095380586677043e-16,7.780819493327448e-17,7.484921506675072e-18,1.7839580045336666e-16,1.0467041471450853e-17,9.632653560365292e-17,1.6081527490282768e-16,1.8685083980159767e-17,6.225637507181308e-17,4.1160669585617606e-17,-1.8023406453873807e-16,3.583983298842479e-16,2.049350924303903e-16,-2.3332361519026536e-16,2.6217482683567875e-17,-2.530578471631119e-16,-1.8529678386341725e-16,-3.092122779197049e-16,9.216575536327964e-17,1.8586416499420354e-16,1.397290595248122e-16,-4.4986320316544664e-17,-1.2638053487918689e-16,2.659187481314297e-16,-3.85794470495103e-16,6.978888280610348e-17,2.9709138424901986e-16,-2.79623650086779e-17,-1.6323384848446016e-16,-3.132284949571219e-16,1.0819796000910909e-16,-1.8209937451780597e-16,4.602534639960999e-18,-3.4826461206826296e-16,1.3494004543521259e-16,-2.8121135964775797e-16
CC(P(C(C)(C)C)C(C)(C)C)(C)C.OC([O-])=O.[Na+].C1COCC1>>,CC(P(C(C)(C)C)C(C)(C)C)(C)C||OC([O-])=O.[Na+]||C1COCC1,C_8ed61bcbad56,CC(P(C(C)(C)C)C(C)(C)C)(C)C||OC([O-])=O.[Na+]||C1COCC1,CC(P(C(C)(C)C)C(C)(C)C)(C)C,OC([O-])=O.[Na+],C1COCC1,-1.1511848896554522,-1.1811183403103744,-0.5316037650353156,-1.3804705326306586,0.9561692291109142,-1.5027017277291448,-0.2326678786417708,-0.2027729671665024,1.4093162121686464,1.031950238980102,-1.3047079201725993,-1.5906110368956308,-0.6638030400495991,0.16427078225979244,1.1540520263522571,-1.6334835000750028,-0.893738439665936,0.13007916097512207,-0.22364371198260896,0.10285116013821412,-0.10864724990191155,-0.05376437706525939,0.2964909824888601,0.1403118510643526,0.11098020207022899,0.05128701907878625,0.23513596364334366,0.08813249219686059,-0.05319620412337845,0.10087802102600495,-3.7619667637842787e-19,1.8235626949641282e-16,1.9384625929507184e-16,2.820331387319615e-16,4.190439069524641e-17,2.833248712181591e-16,-1.379253077786851e-16,-3.267409201428453e-16,1.3691479830209724e-16,7.18826746794625e-17,2.420910590985112e-16,7.619041122993161e-17,1.0764497509528609e-16,-1.0526170299035887e-16,-1.4268090878044408e-17,3.069413765783851e-16,1.8409620090411026e-18,-1.9291878264508217e-17,-4.57002861994952e-16,1.035938166311165e-16,1.4182718674342024e-16,1.463660909417441e-16,-1.3194337439706226e-16,-1.915187878890129e-16,-3.3844277647380356e-16,-3.261903948939138e-17,1.133932011823462e-16,8.85407462650536e-17,3.4784906443327865e-18,5.120069513722095e-18,1.747650476091335e-17,2.6199644395935125e-17,-1.7489512210559638e-16,1.29583720217569e-16,5.142942711163436e-17,-4.68607021861597e-17,1.3522601533492703e-16,-5.014359095180895e-17,-9.03235488606514e-17,1.489741037751391e-16,1.8242965027673103e-16,-5.843809872875101e-18,2.0922460578456862e-16,-1.6757619517927894e-16,3.2788476860421076e-17,-1.6307314578930023e-17,-1.3369980419331541e-17,-3.7520741106237495e-17,2.689607908101572e-16,1.7072082433530917e-16,5.5056028654227955e-17,1.4015670923945427e-16,-2.5105324941714846e-17,-9.22468981668061e-17,-9.070234467954214e-17,2.402559834416481e-16,-2.184622999167249e-16,3.504270555555587e-17,-4.1031044169727146e-17,1.4355716558950558e-16,9.621908056585053e-17,-2.1216334799164377e-18,-1.0509718500197075e-16,-4.277461895062745e-17,-2.684111766692636e-16,4.1203212865205095e-17,-1.233233169735444e-16,-3.630934402441934e-17,-5.204975908714964e-17,-7.366851368529445e-17,-2.188026619543585e-17,9.086907902312748e-17,-2.8210080215832895e-16,3.8743003679791533e-16,-9.489222938403562e-17,2.3375968594598675e-16,2.2067003084863897e-16,-2.7362794526090337e-16,-1.1202812896518184e-16,-5.743808239923377e-18,6.403422144669689e-18,-5.16500879575343e-17,-4.222715862343594e-16,6.493244300670106e-18,-5.784157772519667e-16,-2.641484676480522e-16,-9.226066931429931e-17,-9.794489031706478e-17,-1.0419222652675333e-16,-1.7641191539630618e-16,-5.196515476498134e-16,2.6332731132865187e-16,1.009041590026798e-16,-3.6886396206827015e-16,-2.0015041402776015e-16,-7.746607041291045e-17,2.0766672463711225e-16,-1.3366739118171397e-16
P(C1=CC=CC=C1)(C2=CC=CC=C2)C3=CC=CC=C3.OC([O-])=O.[Na+].C1COCC1>>,P(C1=CC=CC=C1)(C2=CC=CC=C2)C3=CC=CC=C3||OC([O-])=O.[Na+]||C1COCC1,C_da76c35c781e,P(C1=CC=CC=C1)(C2=CC=CC=C2)C3=CC=CC=C3||OC([O-])=O.[Na+]||C1COCC1,P(C1=CC=CC=C1)(C2=CC=CC=C2)C3=CC=CC=C3,OC([O-])=O.[Na+],C1COCC1,-0.04876225906076242,1.2275894194061618,-0.8399765223876693,-1.5676193009530386,0.6390434219793097,-1.698038410488314,-0.12266000329706998,0.290566431609347,-0.1814090560355159,1.246094428051604,-0.44398612991931125,-1.4430489006616538,-0.5184578093938258,0.21379685031134435,0.1725274862778728,-1.5504811022442764,1.9305596771207696,0.09801104861001962,-0.24012061351855588,-0.22401027722597436,-0.07662354409651237,0.11817290357539376,0.2408275106698433,0.16505782827140625,0.12745787042934076,-0.01986738468980513,0.20904223996564525,0.09556023569098902,-0.03836196597422861,0.11919928777382365,7.815978461462926e-16,-6.136483243904915e-17,1.6067629602453826e-16,2.7441165094749453e-16,7.658672646252099e-17,-2.286177279369277e-16,-1.7545310300097596e-16,-3.521138221794757e-17,4.1258990080497746e-16,-3.5563386495447234e-16,4.760387633537876e-16,-4.084063059581988e-17,-6.874296839764679e-16,-3.0332534685358745e-16,-2.0784602778583869e-16,-2.391753192099617e-16,-1.4352863244301995e-16,3.5273832580325554e-16,-2.1988458810141565e-16,-4.33624436968032e-17,1.171433439548661e-16,4.609328538555332e-16,-1.376258661213323e-16,-3.283522080158368e-16,-2.734217542758731e-16,-1.6234195329323867e-16,-1.7483976182893207e-16,1.8786959596309842e-16,1.695728626154978e-16,-3.243722325022194e-17,5.026771992188674e-17,2.4699504209295717e-16,9.104501266557099e-17,-7.319314199743335e-17,-2.5450950857350027e-16,5.438238478070945e-17,-1.6775679239314048e-16,8.37475515164132e-17,9.958880497428201e-17,2.650839129783255e-16,6.33454650260046e-17,-3.3353218265018824e-16,-1.353330931977255e-17,1.7101168744328665e-16,-8.538446533578435e-17,-1.0810376450476863e-17,-1.221864357597211e-17,-1.520348999523699e-16,1.2980328494473636e-16,6.731803416310252e-17,-3.5289722212513205e-16,-3.283816619007158e-17,1.0552491537622099e-17,3.0285621740336273e-17,-3.304092368342635e-16,1.1062540741416504e-16,1.872205767686199e-16,8.03434482269772e-17,2.3773712108296774e-17,1.7751017000870835e-16,-2.0160378264359e-16,-2.1100534969838426e-16,-1.667529852818542e-16,2.625509174091934e-16,9.955616909108816e-17,-2.0628025556113848e-16,5.1168910665555986e-17,-1.7882632251025449e-16,-1.1428884307288578e-17,-2.575092096707534e-16,-5.699783795556058e-17,1.6893072155040233e-16,-1.3556820624970938e-18,7.097480137626171e-18,-7.575307308679821e-17,-3.937095352017161e-16,-2.3727998315661025e-18,2.0129798806287834e-16,1.552542412915243e-16,-3.7654351598328057e-16,-8.666219825098377e-17,-2.223872097997664e-16,-1.4072636644886494e-16,-1.863504896350662e-16,-2.32811288265332e-16,4.131715232929102e-16,5.80199468144047e-16,2.4595612775816202e-17,2.6230448835080765e-17,-3.967181993855942e-16,-7.998831904140734e-17,4.0596117378433293e-16,2.377849942726576e-16,-2.0324646821688048e-17,-1.2363343160684231e-16,2.363732357071492e-16,3.848918668960115e-17,-2.928148259788325e-16
CC(C)(C)P(C(C)(C)C)C1=CC=C(N(C)C)C=C1.OC([O-])=O.[Na+].C1COCC1>>,CC(C)(C)P(C(C)(C)C)C1=CC=C(N(C)C)C=C1||OC([O-])=O.[Na+]||C1COCC1,C_296710a75b59,CC(C)(C)P(C(C)(C)C)C1=CC=C(N(C)C)C=C1||OC([O-])=O.[Na+]||C1COCC1,CC(C)(C)P(C(C)(C)C)C1=CC=C(N(C)C)C=C1,OC([O-])=O.[Na+],C1COCC1,-1.2170282954541811,-0.20964823237008118,0.5833796079240149,-0.07403036389255392,4.498608109814638,-1.493903612662773,0.07481552178786183,-0.7785535818216903,-0.8866198531375691,1.1997860496367303,-0.47978261218981094,-1.137685107167806,-0.744939626291584,-0.3835465854808678,-0.7296594840154728,-0.7801621559249011,-0.06747742064923166,0.0774362754303906,-0.1383623973328957,0.20389247744862496,0.4249158174475527,-0.11789448939575312,0.16687128393869308,0.17315532884949505,0.15006716614806426,-0.23083450973421119,-0.08844597502588042,-0.10395622970171049,0.0507477249557663,0.44057983003261214,-3.648345756245538e-16,4.132504402919096e-16,-2.6172117815329947e-16,-6.968137582971728e-16,6.636362928004708e-16,3.943923509527306e-16,-1.4971478035970117e-16,2.27841423056696e-16,-3.5235762670039116e-16,6.379511200847195e-17,1.8681833916000163e-16,3.542537288892876e-16,-2.258941829706221e-16,-6.582382522577849e-17,-5.31200178738256e-16,-1.4087787955405885e-16,1.2897472792813904e-16,5.131780573636415e-16,-3.9668876867794645e-16,1.1474753569959737e-16,-1.509214745018195e-16,1.0969850983815091e-16,8.372698379627566e-17,1.7066571039948693e-16,-3.404513186660299e-17,-1.5831074346404067e-16,-1.0825388610315384e-16,8.056376695011961e-17,1.4164464995150374e-16,-2.651123575966889e-16,-1.489958060897245e-16,-1.0747955331366619e-16,-1.1489051310637256e-16,1.8398357209063605e-16,-7.730683073431679e-17,2.373755989053351e-16,3.0614180192070143e-16,-1.5031240985331095e-16,1.947418047407218e-16,-3.0044853684561483e-16,4.356681763016828e-17,1.3381073571717252e-16,1.3297428970242766e-17,-2.5617881117732953e-17,1.832928536546204e-16,-1.47125887616855e-16,-7.179861163082135e-17,9.904391902436113e-17,7.246364289449882e-17,-1.7878139802873209e-16,-8.004462031257866e-17,5.608172938571437e-17,-7.599437616634874e-18,2.164477985763595e-18,7.566388239868335e-17,-2.25745235810171e-16,-1.288561642983346e-16,-9.904271386669762e-17,-3.295395134281569e-17,4.706311278279893e-16,1.1439577808025057e-16,2.5843641422097207e-16,7.534655812721263e-17,-5.633262400437471e-17,-3.9953521644589816e-17,2.5388038094813535e-16,-7.891333812222553e-17,2.363101520346124e-16,2.215192918820999e-18,-2.039803470941469e-16,1.0131796552356243e-16,-4.4637686588663595e-17,3.6262418341827743e-16,-2.257490121647629e-16,6.331226069041643e-17,1.6061182600608973e-16,1.0862890776464337e-16,1.2507370862293904e-16,-1.7072607263456844e-16,1.3818906993738853e-16,6.335785915972871e-17,1.6778134486532889e-16,3.179270140546041e-17,4.606238131280489e-17,8.295399016541208e-17,1.9157693352245113e-16,1.3775411970691783e-16,1.0053788469345994e-16,2.5191800549028955e-16,-3.521638144655266e-16,7.783631914275025e-17,2.0889648798794052e-17,-3.733051132527428e-16,3.7089059023290426e-17,3.317054357032941e-16,1.9690681820635888e-16,1.510007780794724e-17,8.659562029150761e-17
P(C1CCCCC1)(C2CCCCC2)C3CCCCC3.OC([O-])=O.[Na+].C1COCC1>>,P(C1CCCCC1)(C2CCCCC2)C3CCCCC3||OC([O-])=O.[Na+]||C1COCC1,C_be6616953a94,P(C1CCCCC1)(C2CCCCC2)C3CCCCC3||OC([O-])=O.[Na+]||C1COCC1,P(C1CCCCC1)(C2CCCCC2)C3CCCCC3,OC([O-])=O.[Na+],C1COCC1,0.1347221239225483,-1.5621716438630748,-0.7499525707563839,-1.4711324200425642,0.5426346737336304,-1.663824736433189,-0.3961166213148914,0.21075708461590856,2.337674831070344,1.311964668329645,0.21989720775504612,-1.8576646259871552,-0.8072418423489157,-0.5882017715457485,-1.5373057617066983,-0.44009582895990507,0.29883057245402206,0.09695313928444428,-0.21535607226086245,-0.29235747997981865,-0.21111673522223862,-0.09220398788705353,-0.37057553303783786,-0.1512932475505006,0.17520728489335513,-0.07323094955195054,0.2835868484694755,0.07877667848888029,0.07564816667761769,0.0935544826898648,3.4007491964301063e-16,-4.1519196670446803e-16,1.0982386005013037e-16,2.9667005478484523e-16,1.7138337354281862e-16,-9.584617864166404e-17,3.8529421850837504e-16,3.269919927065269e-16,7.051195237792465e-17,2.3223037299525334e-18,-1.4194751100996116e-16,8.621371758495585e-17,-3.8023187176954964e-16,-1.415787489028037e-16,-1.652410580049672e-16,-1.2183687078140005e-16,3.6278936391355073e-16,1.4762090224054787e-16,4.2631230732586186e-16,-5.000151885228378e-16,3.12874346425864e-16,1.2210586264947406e-16,-2.1911712382920075e-16,-6.57964543794187e-17,4.80059094397469e-16,1.375952998810555e-16,-1.5544031199376704e-16,9.323469317662902e-17,-1.7242740242949824e-16,-2.545527385029552e-16,1.0326618164238025e-16,3.599628474957608e-16,-9.516418773853716e-18,-1.6178871904871098e-16,2.6095209946910307e-16,-4.951137979854262e-19,1.1468551863606649e-16,-2.8019361142708425e-16,-2.24234359440455e-17,-1.5743024916495637e-16,6.066074018664019e-17,8.664543487031579e-17,-8.029332819233538e-17,-1.7647535132530504e-16,-9.742090121054734e-17,-8.165322597206095e-17,1.788487525316621e-17,2.963471214209644e-17,-2.473435401633645e-18,5.6915230345752e-17,7.441604874227109e-19,-2.3897406753595433e-16,1.2823951318140834e-16,-3.021272528048982e-17,-1.0274047150229597e-16,-1.0779265833996896e-16,3.9044410908282844e-17,-6.320717307762527e-17,5.914491581005818e-17,-2.0011134028679528e-16,-5.011885717535978e-17,1.663406133153427e-16,-5.1398389326673476e-17,1.3469984402583523e-16,-1.1699869978089693e-16,-5.3032307451426284e-17,9.491910133770862e-18,-5.098052749792576e-17,2.8991273223714293e-16,2.6183877124489923e-16,-2.854943020060585e-16,-3.434856073912304e-16,8.05961521365788e-18,1.1211221164288308e-16,-1.7064389218856587e-17,-1.235103355514305e-16,1.9157164702999578e-17,8.266272275926277e-16,-6.932093770429532e-17,8.301937024632226e-17,2.812510575058353e-16,3.071847678789873e-16,3.080517070017434e-16,1.0715324745106828e-16,8.995810098385731e-17,1.3374341949376382e-17,-8.914085366503798e-17,-5.603326878845904e-16,-3.9130433759151593e-16,-2.694464168540873e-16,-2.6683412950599384e-16,2.665654584428648e-16,-1.7768081496851157e-18,-1.983283114562844e-16,5.474539129081614e-16,1.7159178378466062e-16,-2.817552769176835e-17,-6.425443696950493e-16
CC1=CC=CC=C1P(C2=CC=CC=C2C)C3=CC=CC=C3C.OC([O-])=O.[Na+].C1COCC1>>,CC1=CC=CC=C1P(C2=CC=CC=C2C)C3=CC=CC=C3C||OC([O-])=O.[Na+]||C1COCC1,C_974f938e84e7,CC1=CC=CC=C1P(C2=CC=CC=C2C)C3=CC=CC=C3C||OC([O-])=O.[Na+]||C1COCC1,CC1=CC=CC=C1P(C2=CC=CC=C2C)C3=CC=CC=C3C,OC([O-])=O.[Na+],C1COCC1,-0.2184171507553314,1.640261682437047,-1.0043122464552299,-1.5914198644009567,0.6652233447172077,-1.649417614186372,-1.057591612569276,2.712260807263371,-0.6183596715389478,1.245436535275665,-1.6759665881176133,-0.920049373342954,-0.8611672775987012,-0.4971578723643917,-0.9151978374603885,-0.7704080598057872,-0.4429263729950983,0.11897379458912564,-0.2324371378751124,-0.250842257765064,-0.07810099333820006,0.12022833374437461,0.23937337600667172,0.1558298283600817,0.12078835494861614,-0.022220726849906815,0.2088709489261366,0.09493388373646709,-0.03823484935920363,0.11939788311982781,1.8267962169115262e-16,1.354025247574629e-16,1.4537130108455903e-16,-4.898459463815852e-16,2.940350361295194e-16,-3.4744641017712295e-16,7.135345355414934e-17,-2.298699250669003e-16,-6.356871964365492e-16,-8.751036646623318e-18,-7.618060406850449e-17,1.3623372698964167e-16,1.0488760310254658e-16,6.376606546238842e-17,-7.879725407649074e-17,-3.2817639883243217e-16,9.212629072209728e-17,2.0807121966606783e-16,6.532231912912842e-17,1.0664925802470375e-16,-7.343342854798271e-17,1.1787979003529373e-16,1.4910386868550945e-16,1.8894344032753412e-17,-6.075320214208078e-17,3.4368333959559606e-16,3.8249781790513194e-16,-1.7908262688751115e-16,3.569840896989757e-16,-2.5742829515279033e-17,1.1754320646844165e-16,4.679867252083081e-17,2.973449294791082e-16,1.9084264375264434e-17,2.4560882293897736e-16,-4.253976709125483e-18,9.751157315488354e-17,-2.316248949609294e-16,1.0898554219432135e-16,-5.127524688838193e-17,1.3854480014901602e-16,-1.9534637453835675e-16,-2.6818201922463706e-17,-7.17894083065412e-17,1.2276945094153228e-16,6.22175936068561e-18,8.328566693528363e-17,6.316390795138005e-17,-4.0163003336941346e-17,-9.638000374991485e-18,1.351279506388568e-16,1.0514102549962245e-16,-6.268152418982217e-17,9.400001280217055e-17,9.465723351097906e-17,-4.301792953421599e-17,-2.1304995322591174e-16,2.581983197126645e-16,-4.1865380370523107e-16,1.2110675662164746e-16,2.841206995675363e-16,1.887747371740008e-16,-1.5557664370635486e-16,-2.130206847635883e-16,-2.4273134670163076e-16,2.0337601500091093e-16,-7.748258336903954e-17,9.559496874717228e-17,2.417166336068837e-16,1.8016387893086637e-16,8.86150663088685e-17,-6.26576325108022e-17,1.0363158953885663e-16,-3.925667692283047e-16,1.5485892550379442e-16,-2.8001534800001007e-17,2.238626805619387e-16,4.376289714585693e-17,-3.022699667544072e-16,-1.1224668853646408e-16,2.6667173041348286e-16,-4.110866984086836e-18,4.8922758405743484e-17,1.359055271260692e-16,6.211674762238299e-17,6.384888424710863e-17,1.5356342742763993e-16,-1.9340722341297195e-16,1.1033927999750428e-16,3.8143423894949143e-16,-1.430188800651234e-16,-6.957622348747321e-17,-1.372996442654765e-16,-1.8514144546305524e-16,2.188351013322368e-17,-7.514601484618846e-17,3.631907533812572e-17,2.3002852887185104e-16
CCCCP(C12C[C@@H]3C[C@@H](C[C@H](C2)C3)C1)C45C[C@H]6C[C@@H](C5)C[C@@H](C4)C6.OC([O-])=O.[Na+].C1COCC1>>,CCCCP(C12C[C@@H]3C[C@@H](C[C@H](C2)C3)C1)C45C[C@H]6C[C@@H](C5)C[C@@H](C4)C6||OC([O-])=O.[Na+]||C1COCC1,C_c71f47b23f7c,CCCCP(C12C[C@@H]3C[C@@H](C[C@H](C2)C3)C1)C45C[C@H]6C[C@@H](C5)C[C@@H](C4)C6||OC([O-])=O.[Na+]||C1COCC1,CCCCP(C12C[C@@H]3C[C@@H](C[C@H](C2)C3)C1)C45C[C@H]6C[C@@H](C5)C[C@@H](C4)C6,OC([O-])=O.[Na+],C1COCC1,-1.6204656403633972,-3.4528187585573393,-2.833695249121316,-1.249995169350108,-0.37410765485147335,-1.5015046691597171,0.05935039286493853,-0.5709951780304807,-1.8834129494537264,1.391897403261217,-0.8456194710374236,-1.0596486608174203,-0.6444141250637698,-0.3132367576533789,-0.529299475520115,-0.9822306075306211,0.009884267703895028,0.10808795301143777,-0.21346330904739608,0.05312991023912094,-0.241215395407795,-0.26272933033758034,-0.31488522364325977,-0.1701966134161222,0.14986193413681206,-0.008373398913388468,0.29196841584087296,0.04561381470283449,-0.05752190388869555,0.08236254219873466,1.21125781165201e-15,-3.587982330458545e-16,6.673169510311411e-16,2.991193764080835e-16,2.047367622906028e-16,1.6459499497014617e-16,-1.9991258840550326e-16,3.170642850170986e-16,-3.2717976124352214e-16,-1.3912442411866712e-16,1.5609704768383898e-16,2.2757017749899626e-16,-1.114546013692078e-16,-1.0767915447031756e-16,-3.454882536864848e-16,3.7826051044176395e-16,-8.780438430870876e-17,1.2548714071647677e-16,4.9060264810880894e-17,-2.1758719632320073e-16,-2.3523160264057253e-16,1.0221319662476997e-16,2.5339890914793663e-16,2.1499105738420407e-16,-4.23277674731956e-17,-1.6017557549374962e-16,9.809169746730309e-17,-1.0096340802401296e-16,-2.425775827993911e-17,2.620206559032645e-16,-2.156870796513279e-16,1.6990317879294527e-17,3.641939736277581e-17,1.5178588023834355e-16,-2.516955498862459e-16,-1.4261337338122356e-18,2.9420315969450902e-18,-1.2759341991494878e-16,-1.0457304878017746e-16,8.694784855497633e-17,1.6309969617310118e-16,-1.1666274692214465e-16,1.690175504834028e-17,-2.3588652816491435e-16,1.2160352350010102e-16,-1.1477193687996345e-16,1.9677609993957953e-17,-1.534790152796844e-16,-6.754187181481134e-17,-1.4257268058164579e-16,-1.4206309092170873e-16,-2.4109963642026703e-16,1.9581976096448272e-17,-1.6264109443673013e-16,4.186186778368732e-17,2.999892692973816e-16,6.220098330051078e-17,-3.327049673405983e-16,1.7740763984393145e-16,-3.0184140266195633e-16,2.723057132776649e-16,1.4096561524091087e-17,-3.190389320454911e-16,3.2853846499027023e-16,1.3605064441269576e-16,-1.4922140228984497e-16,-9.718265358383463e-17,-1.3429059085554046e-16,1.3176531098034826e-16,-1.6609461526467177e-17,3.189145829075405e-17,-3.168405957822626e-16,1.0270725895937118e-16,-2.7232286736847113e-16,-2.4457592737542576e-16,-1.2819459792313545e-16,-4.637865226841822e-16,-1.2191666953984346e-16,1.8243463966122114e-16,3.453202749734988e-16,2.819767467519169e-16,1.6403413187398288e-16,-2.4940019832664486e-16,-1.9006795541702335e-16,-1.3948177190121572e-16,1.2305814603630842e-17,-4.356718089275046e-16,-4.4447498750889145e-17,7.446849627723826e-17,4.8805245266288526e-17,7.96434478852822e-17,3.03433074058902e-16,-4.552675128189668e-16,-3.4915495550553994e-16,-2.099543158413714e-16,-3.471062359973497e-16,-4.4364600527040747e-16,-3.013273872093368e-16
COC1=CC=CC(OC)=C1C2=C(P(C3CCCCC3)C4CCCCC4)C=CC=C2.OC([O-])=O.[Na+].C1COCC1>>,COC1=CC=CC(OC)=C1C2=C(P(C3CCCCC3)C4CCCCC4)C=CC=C2||OC([O-])=O.[Na+]||C1COCC1,C_e4d178d374c2,COC1=CC=CC(OC)=C1C2=C(P(C3CCCCC3)C4CCCCC4)C=CC=C2||OC([O-])=O.[Na+]||C1COCC1,COC1=CC=CC(OC)=C1C2=C(P(C3CCCCC3)C4CCCCC4)C=CC=C2,OC([O-])=O.[Na+],C1COCC1,4.174324156803702,-0.552891455892112,0.1223255330247531,-1.438085368249678,0.6362601351935403,-1.9067416339221983,2.7949015075477477,0.4048801348354863,-0.2521576205508169,0.9587239049248855,-0.9748856799482359,-0.9736380941399972,-0.6119335626792608,-0.0618963494518428,-0.46289022268273694,-1.0713610050246989,-0.10679674539481346,0.13679953468204972,-0.12280468899403255,-0.3247844110345088,-0.2793831145616847,-0.11049537067577014,-0.06855959527035439,-0.679304676044438,-0.10893764967938728,-0.1349872317082589,0.07905332979132705,0.19628978016219872,-0.02111979766543529,0.1537450172902777,9.604552501487816e-16,5.955423691520029e-16,3.989868620135722e-16,-1.65843607885641e-18,1.366367405703856e-16,-1.656275236234711e-16,1.0308783188175726e-16,3.054368055009988e-16,1.9647307133753832e-16,-6.171802638717278e-16,6.1192174460721e-16,2.521797891676471e-16,-1.563257104183308e-16,-1.2015209645224213e-16,-3.8083888583742707e-16,-2.47290319744884e-18,2.6534741103085886e-16,-4.886407257561432e-17,4.852591914153864e-17,4.188235966627243e-16,1.1890339969614542e-16,1.2738698977724546e-16,-1.6037810125636322e-16,-2.1444476718098464e-16,-1.7434797436027124e-16,-2.1024453702549123e-16,-2.630393258999408e-16,2.722671240666151e-16,7.8361567032648e-17,-1.090782571675852e-16,1.8797034578211944e-16,2.3641864344273033e-17,-5.461577371040769e-17,-9.782525444852682e-17,5.535122715080052e-17,1.4528273796717617e-17,4.196814277144682e-17,3.570260533587444e-17,1.0701729265960614e-16,2.9175345829669586e-17,2.839901374387759e-16,-2.971355803389132e-17,-7.71167366756144e-17,3.116535711692705e-17,7.50446470703312e-17,-2.2084261262986826e-17,6.666007565067808e-17,2.583483433206468e-17,-7.197827580590575e-17,2.6375407958100294e-19,-2.218650513170713e-17,4.844006781658824e-17,-8.164184005538989e-17,3.063075666230762e-16,2.755154146726905e-17,1.6640854411051766e-16,-4.124379018053696e-17,4.1372610881762607e-17,2.3265377249410795e-16,-2.5619917458215774e-16,-1.913206981822676e-16,1.4213974421171126e-17,6.431010297811982e-17,2.922306905915634e-16,4.0931786742714184e-16,2.1801321956990498e-16,3.1228016114246065e-17,7.25660685649446e-17,-4.188202215545966e-16,-9.084804967158169e-17,2.7560220278734735e-16,2.91968193965388e-17,-7.150966453539825e-17,9.034606055823255e-17,6.245552559579178e-17,-1.1254600694200425e-16,-1.7376074540607959e-16,-9.805328912153689e-17,6.828875543212612e-17,9.610062778511847e-17,-5.3327862374973686e-17,4.438543868954415e-17,1.6665062229109323e-16,1.387804963057514e-17,-2.0785843638066623e-16,-2.1458242102821505e-16,9.111852412846697e-17,1.848729060579895e-16,3.381968375820133e-16,3.4320891399739004e-16,3.073389320595328e-17,-4.646451038447011e-16,3.930552296038607e-16,5.540859081923732e-17,-2.3400983817765894e-16,-3.7487883949425743e-16,-1.5342008193658287e-16,3.0187740963198023e-16
CC(C)(P(C(C)(C)C)[c-]1cccc1)C.CC(C)(P(C(C)(C)C)[c-]2cccc2)C.[Fe+2].OC([O-])=O.[Na+].C1COCC1>>,CC(C)(P(C(C)(C)C)[c-]1cccc1)C.CC(C)(P(C(C)(C)C)[c-]2cccc2)C.[Fe+2]||OC([O-])=O.[Na+]||C1COCC1,C_ada2c22bf92c,CC(C)(P(C(C)(C)C)[c-]1cccc1)C.CC(C)(P(C(C)(C)C)[c-]2cccc2)C.[Fe+2]||OC([O-])=O.[Na+]||C1COCC1,CC(C)(P(C(C)(C)C)[c-]1cccc1)C.CC(C)(P(C(C)(C)C)[c-]2cccc2)C.[Fe+2],OC([O-])=O.[Na+],C1COCC1,-1.706116736958196,-0.5072698828011932,2.2341553381346926,-2.3984035639884573,-0.32756468074128614,-1.5852070592759415,-0.07196390786163508,-1.339051624486824,0.22767321132986776,1.0820455658147892,-2.4770174060626937,-0.3007078211623313,-0.7029149561597494,-0.3181622675118974,-1.0382407354588274,-0.8915141442925495,0.3519483385952281,0.1066149462812464,-0.23032204867108658,0.1109015820166501,-0.11316561330946433,-0.06357726017473415,0.28243595630786017,0.13524328582545073,0.10967803167804234,0.051008734752550015,0.23465086839555094,0.08723125829018628,-0.05595937127570876,0.10107663881619917,-1.0854918071276363e-17,-6.49149441897929e-16,-3.8777578834244216e-17,2.1796834585495596e-16,-4.13973566390409e-16,-1.4001940506889183e-16,1.996531101582859e-16,1.896189020894562e-16,2.0095305299685826e-16,1.970658891573963e-16,-5.630145161503191e-17,1.835718862130559e-16,-4.540687122493318e-16,1.3909649638187084e-16,8.169183334192621e-16,3.204824315657915e-16,-2.1743924406278165e-16,-5.147523671711713e-16,1.3895730326556992e-16,-3.1760784263819785e-17,-1.8926339859351327e-16,-4.402975466990343e-16,4.800068450162066e-16,2.0539062714412271e-16,-1.3305850358893993e-16,2.6462833358893844e-16,-2.6852858396071304e-16,5.6610158245807e-16,1.7094168105346728e-17,-5.7743044269732e-17,-1.113761637898616e-16,-1.1429439540974836e-16,3.348864945588244e-16,1.0455392474845077e-17,-5.998546158917346e-16,-4.044868853656707e-17,-1.7519738744317112e-16,-1.5025065331036743e-16,5.118386802134998e-16,-3.1520178173644447e-16,-4.614695772135868e-17,-2.0643506970170027e-16,1.2349128337064843e-16,9.64419702210391e-17,-2.5885064187459048e-17,1.946775263870396e-16,1.3104643401540385e-16,-1.4547107548969217e-16,-6.060488171918462e-17,-1.484166571024988e-16,2.856212141789033e-17,2.161275402558565e-16,-1.0411453780085754e-16,-3.703654996742648e-16,-3.612020351389254e-17,3.4677408542642397e-17,-1.3965048277975295e-16,6.060616283656055e-17,-1.9329074354969603e-16,-9.357596445243228e-17,-5.280217820772151e-16,-5.326078651630791e-16,5.484480700102934e-16,-8.712125122649712e-17,1.936693952949652e-16,1.6693660118488986e-16,1.7481519926741668e-16,1.7645811717169175e-16,3.453704783007304e-16,6.991799239190911e-17,-2.446486647476045e-16,-1.0900549385685714e-16,-1.1067345508393972e-16,2.331218937593846e-16,3.003379493296113e-16,-6.896234187764853e-17,-4.145689032911398e-17,-2.8078670409577684e-16,1.1843551469794935e-16,-1.7044463718010972e-16,-6.947503756199302e-17,-2.608527060356138e-17,1.2152510259070029e-16,5.283625864528527e-17,5.556824248719433e-16,3.881856517999756e-17,-2.917914303470219e-16,1.2963155495594918e-16,-4.6750022545622295e-17,4.758959013312737e-17,-1.9656850601607684e-16,3.4887633047846864e-17,9.407753242416662e-17,1.6033232692761464e-16,-1.483849569604188e-16,-5.63743619949966e-16,2.223288373858292e-16,2.1750216476949508e-16
CC(C1=C(C2=CC=CC=C2P(C3CCCCC3)C4CCCCC4)C(C(C)C)=CC(C(C)C)=C1)C.OC([O-])=O.[Na+].C1COCC1>>,CC(C1=C(C2=CC=CC=C2P(C3CCCCC3)C4CCCCC4)C(C(C)C)=CC(C(C)C)=C1)C||OC([O-])=O.[Na+]||C1COCC1,C_438453ea889d,CC(C1=C(C2=CC=CC=C2P(C3CCCCC3)C4CCCCC4)C(C(C)C)=CC(C(C)C)=C1)C||OC([O-])=O.[Na+]||C1COCC1,CC(C1=C(C2=CC=CC=C2P(C3CCCCC3)C4CCCCC4)C(C(C)C)=CC(C(C)C)=C1)C,OC([O-])=O.[Na+],C1COCC1,4.552971233111168,-0.6899259921235598,0.09899951039328603,-1.3099275972386166,0.723136519111804,-1.0563843201796292,-2.6981476958751647,-1.1118125637926617,-0.5763025306284476,1.3297410171989956,-0.8867111100126389,-1.0836032477644655,-0.34447224668719534,-0.09492704687914688,-0.30813965204426325,-1.1136554041219489,-0.07264855850684332,0.13144739140364417,-0.12484341696804696,0.08522457874622603,-0.283404175752319,-0.19351914125212105,-0.10767607414255652,-0.6177646378747602,-0.24645369081780036,-0.07090719388584993,0.22093247325420504,0.03529054357387455,-0.015317522726948469,0.08525769061031802,3.341340121875091e-16,3.2043247198762085e-16,2.9833537569779917e-16,-9.586139702399855e-17,-1.167153411531382e-16,-9.987816279823902e-17,-2.4193288953999336e-16,3.585806584220528e-16,-2.0550895993099622e-16,2.6389725677178076e-16,-3.2465748032649044e-16,1.656713554920666e-16,6.173818798397594e-17,6.806002553870574e-17,-1.7377054116806051e-16,1.0163181644775942e-16,-4.986553370487137e-17,2.0152571351201708e-16,-3.594210074886311e-16,2.5315469477341984e-16,-2.621114678801177e-16,-8.277713625283351e-17,3.291783515885028e-16,-1.1931435595247932e-16,-2.7138133981217196e-16,7.036055090190849e-18,2.8197569859246333e-16,2.8964857073754067e-17,2.6816648308090866e-16,-1.446960890512951e-16,-1.1322386332560428e-16,-9.29683779611517e-17,2.1674560920304723e-16,-6.71176579168736e-17,1.694813134930627e-16,1.605774885448081e-16,-2.0595743340212791e-16,-1.0131625023636651e-17,-2.746760302903013e-18,-2.928800142644268e-17,3.521804727313397e-17,-8.699885159381017e-17,-1.727762968409072e-16,2.240742714638745e-16,-1.2047466616658795e-16,5.421342086284462e-17,8.195565233635025e-17,1.5432350795700016e-16,2.1459002296129406e-17,8.241333410987013e-17,1.3865590754850042e-16,1.4176793072293347e-16,-2.4110738318177684e-17,3.0437908047519723e-17,-6.679691574578022e-17,1.4541812849699598e-16,2.8071878408430527e-16,-1.4042412567636403e-16,-8.366505391236833e-17,6.898476096079723e-17,-1.4309376153475656e-16,4.085896449828736e-17,1.3363014600182065e-16,-2.461112313018682e-20,-1.1493992255404475e-16,1.1809218031485422e-16,5.913759307064344e-17,1.0291590996373529e-16,3.0531813245874026e-17,6.186307894609588e-17,7.910785538496987e-17,-1.0359638811200913e-16,7.034850910643811e-17,-9.615211087488284e-17,-4.464067932321926e-17,-2.826059617792712e-17,1.375040436739277e-16,-4.0970230844579105e-17,-9.209101533771078e-17,-1.1992174198722946e-17,1.4078219395909638e-16,-1.2570480283922532e-17,-1.0122578311916548e-16,-7.864492604762854e-17,-2.322887084346488e-16,9.875592468144357e-17,1.3951912207144262e-17,1.869920170370642e-17,1.1182895953383002e-16,-1.4949007295353066e-16,8.284006096739085e-18,-2.3137625659611362e-17,3.324649841422336e-17,-3.4849348618884953e-17,1.5096514839376923e-16,2.910142285212696e-17,3.1661549286429426e-17,8.892808603769474e-18
[c-]1(P(C2=CC=CC=C2)C3=CC=CC=C3)cccc1.[c-]4(P(C5=CC=CC=C5)C6=CC=CC=C6)cccc4.[Fe+2].OC([O-])=O.[Na+].C1COCC1>>,[c-]1(P(C2=CC=CC=C2)C3=CC=CC=C3)cccc1.[c-]4(P(C5=CC=CC=C5)C6=CC=CC=C6)cccc4.[Fe+2]||OC([O-])=O.[Na+]||C1COCC1,C_bac2953513fd,[c-]1(P(C2=CC=CC=C2)C3=CC=CC=C3)cccc1.[c-]4(P(C5=CC=CC=C5)C6=CC=CC=C6)cccc4.[Fe+2]||OC([O-])=O.[Na+]||C1COCC1,[c-]1(P(C2=CC=CC=C2)C3=CC=CC=C3)cccc1.[c-]4(P(C5=CC=CC=C5)C6=CC=CC=C6)cccc4.[Fe+2],OC([O-])=O.[Na+],C1COCC1,-0.8539213491619607,0.7222291934849339,2.065015667070193,-2.577604280201482,-0.7447173713751284,-1.830053239615117,-0.05611165425861848,-0.120666075014524,-1.2810684345109733,1.513718458152862,0.9548077554699101,-2.124359356240965,-0.7900371804463302,-0.333632798216186,-0.31124465439229726,-0.9431881315730241,-0.4886096309404347,0.11845125058373322,-0.23140928863554464,-0.24664859562643976,-0.07863948663300653,0.11863916677644658,0.24022418356949113,0.15463377469963066,0.1199269744244461,-0.022000235021258443,0.20859988794648524,0.09502358458884427,-0.038285282010585765,0.11944841128931442,7.080772559093931e-16,-5.275872665385014e-16,6.053159496378235e-16,9.463023116188985e-17,5.156785471258087e-16,-8.639230059406569e-16,4.885289009062978e-16,4.4069720849986005e-16,-3.5201723320290036e-16,3.231609832003962e-16,-3.3096805779397285e-16,6.545879898995179e-17,-6.945546090782136e-16,7.069570926925458e-17,-1.4943165437202544e-16,8.54731964949414e-17,7.061061126167949e-18,6.809458813899558e-16,-3.041314813919788e-17,-3.342987170232043e-18,-4.513467755187146e-16,2.313035469510712e-16,1.3927232225884783e-16,5.408383129658847e-17,2.9984577754265766e-16,-1.9760501546629157e-16,-1.7062926865992247e-17,-5.0967550219534286e-17,1.0613093052610744e-16,-1.5212818258333588e-16,-3.0060670703039097e-16,1.164946419098312e-16,-4.225475625133409e-17,2.34372240204242e-16,1.4927415331094447e-16,-6.970740113224556e-17,-1.4277001880305925e-16,-2.265411514311761e-16,2.0242886551309208e-17,-2.5386452111957913e-16,1.1827307797101426e-16,1.0324022457441929e-16,2.968859214929674e-16,2.5070559630670765e-16,9.717498412973343e-17,9.395771438612876e-17,9.384913001869483e-17,2.3050333319541677e-17,-3.6703460755494606e-17,-5.2096924526585956e-17,2.1919887875255665e-16,-1.2000697051376258e-17,1.2367199402108668e-16,2.92026207604498e-17,7.012157213664307e-17,3.0537700713399384e-17,-2.573498389322633e-17,7.837360128367667e-17,-3.048890460827602e-17,8.085084677696185e-19,5.088446675578043e-17,9.560789733857325e-17,3.5758900819683253e-16,2.7585696032954746e-17,-4.4619467478732823e-17,-2.5584394934192795e-16,-8.223027813576485e-17,-1.910661236218189e-16,-1.5200031851362645e-16,9.212049010629267e-18,6.516187320835408e-17,-8.890610585805234e-17,-2.93311865887902e-16,-1.5220631520927312e-16,7.452249092854186e-17,1.7292638520319865e-16,-1.1182749783606037e-17,-2.251026029756903e-17,-1.5674340833405094e-16,-7.700439773019833e-17,-1.9008593497122725e-16,-6.922542014115126e-17,7.415006773656067e-17,-1.261782790852516e-16,-3.697564221958289e-17,-3.013295601907213e-16,-1.4842829696340462e-16,-2.045549518104762e-17,-1.8108824269691684e-16,2.3446905337371297e-16,1.7839054514723384e-17,8.022539349999885e-17,2.309407258306398e-16,5.98835972794612e-17,9.943640561137027e-17,1.5027181090334828e-16,1.9918821103230034e-16,3.016443993297772e-16
CC1(C)C2=C(OC3=C1C=CC=C3P(C4=CC=CC=C4)C5=CC=CC=C5)C(P(C6=CC=CC=C6)C7=CC=CC=C7)=CC=C2.OC([O-])=O.[Na+].C1COCC1>>,CC1(C)C2=C(OC3=C1C=CC=C3P(C4=CC=CC=C4)C5=CC=CC=C5)C(P(C6=CC=CC=C6)C7=CC=CC=C7)=CC=C2||OC([O-])=O.[Na+]||C1COCC1,C_12eed341bcbb,CC1(C)C2=C(OC3=C1C=CC=C3P(C4=CC=CC=C4)C5=CC=CC=C5)C(P(C6=CC=CC=C6)C7=CC=CC=C7)=CC=C2||OC([O-])=O.[Na+]||C1COCC1,CC1(C)C2=C(OC3=C1C=CC=C3P(C4=CC=CC=C4)C5=CC=CC=C5)C(P(C6=CC=CC=C6)C7=CC=CC=C7)=CC=C2,OC([O-])=O.[Na+],C1COCC1,-0.24008807266453167,3.4417910270358734,-2.7166994976531154,-1.5240411207539117,0.22548486989975067,-1.5712933131023408,0.24982512904081733,-2.128720885495721,0.16462791787913547,1.0913228497281133,-0.6877412924608224,-1.0460527709282708,-0.6075568583508444,-0.1953194059032356,-0.8270331954299628,-0.8712960960183462,-0.4553344379389557,0.13257576661123788,-0.13665882394238368,0.0749979928892659,-0.1783670792416936,-0.11321118782035951,0.563490211812446,-0.35726073960488275,-0.22547076054075318,-0.037527829280915886,0.17188497573311606,0.08173560730174668,-0.01794926466331691,0.12171444145705722,-2.473577499514821e-16,2.867669629093863e-16,8.11546183831903e-18,2.1621532856957846e-18,-2.7178778002976247e-16,-4.1804434584396205e-17,-2.3756664048799364e-16,2.744652956502808e-16,-4.851924083252665e-17,-9.809416973187215e-17,-5.335972623389485e-16,-1.4157145080090463e-16,1.9193926366810147e-16,1.0660692572149558e-17,5.359898183322903e-16,3.519697787101612e-16,-3.9295526741471465e-17,8.272548666681391e-18,-3.2433739478456607e-16,-2.1636463571017975e-16,1.7654456724005635e-16,-3.74757366940971e-16,-2.8398203769596925e-17,-9.070351786589649e-17,-1.1692753017576046e-16,9.617482553716754e-17,2.1723992457396484e-16,2.2003775559592651e-16,1.609373346614918e-16,-1.3476174123320498e-16,-7.416855625432172e-17,9.417729494870881e-17,1.1187488573831071e-16,2.554270758312072e-16,-6.112794437484571e-17,-9.555041351452102e-17,9.505853040221979e-17,-1.873917968549824e-16,-7.713290963372843e-17,-2.1254767028889186e-16,3.133785037889262e-16,-7.425672827049804e-17,1.3991682215577871e-16,6.255730353208191e-17,9.401699859505693e-17,3.983140695518241e-18,-1.2268895958748717e-16,-1.904571129194669e-16,2.262882347102503e-17,-7.033846628740783e-17,9.259317873887004e-18,2.887534637499362e-16,-4.8877127684882087e-17,-2.293096938855115e-17,-2.240371004375296e-16,-2.1097078364416034e-16,2.3813378529991924e-16,7.907808797691397e-17,1.279706412693989e-16,1.8074194667734747e-16,-1.3115253892499142e-16,1.0496429194405023e-18,-3.5752460666704132e-16,-2.4170395552869594e-17,1.2820797985477454e-16,-2.181223138467474e-16,4.414250071377843e-17,-5.861583843673552e-17,-2.2351698363382674e-17,-2.7583241273462636e-16,9.430387197099058e-18,-3.0559802940295135e-16,-3.0435550198763864e-16,3.96622106974984e-16,-1.7351994762851744e-16,1.2609412432253988e-16,-9.353626182834873e-17,2.226967217089663e-16,-7.093644016414344e-17,3.6136289417246234e-17,-1.2963021492390954e-16,-3.664292004339456e-18,1.6990463550481207e-16,-6.093176675048355e-17,3.5981576271685547e-17,1.743690031263866e-16,1.099472025727185e-16,-6.152344310561905e-17,-8.71940530931919e-18,-2.5067539139881615e-17,1.2771118449888838e-16,-3.664103281049348e-16,-1.8894099040911662e-16,1.4781969416670886e-16,-1.682119620442966e-16,1.5888954936093033e-16,-8.711220396029629e-17,-5.347816148805521e-17
CC(P(C(C)(C)C)C(C)(C)C)(C)C.[Cs+].[F-].C1COCC1>>,CC(P(C(C)(C)C)C(C)(C)C)(C)C||[Cs+].[F-]||C1COCC1,C_43c37fad4618,CC(P(C(C)(C)C)C(C)(C)C)(C)C||[Cs+].[F-]||C1COCC1,CC(P(C(C)(C)C)C(C)(C)C)(C)C,[Cs+].[F-],C1COCC1,-1.2690345204246796,-1.2727822686156698,-0.5721573828624845,-1.921235606937584,1.0438288835427028,-1.014741712911255,-0.3340371104618807,0.04817396847126355,1.4623725180871017,-0.6080058674498084,-0.4470129453211214,-0.2837224021097052,0.0024678137023848787,1.2408428190717533,1.5878205470492273,-0.26086279643384075,-0.9082710685756942,1.2658146370368215,0.015503189389293362,0.18291331119059684,-0.0007448477514291271,0.014454779142473517,0.2032005880954017,0.1476436522593308,-0.1497909292796249,0.05220980794014058,-0.04591279436748436,-0.0027272457793776177,-0.00295792761042082,-0.029623474693583066,1.9648163002002244e-16,1.042645466406888e-16,3.433600801149422e-16,-2.4382149947137426e-16,3.3249939968994787e-16,2.214791231402925e-16,-1.024865647866921e-16,4.883329423390423e-16,3.6843836102949013e-16,-4.332369847466873e-16,5.63570772762929e-16,-8.450068264428255e-18,4.2893589472289957e-16,6.013432165699562e-17,-2.987112089638866e-16,-3.4378703176551153e-16,-3.821639369592447e-17,-3.4344517790269093e-16,6.829776621189148e-16,4.729875504515303e-18,-8.638879360578742e-17,-2.0388445179053975e-16,3.073002278606259e-16,-6.592423773684636e-17,-8.601118605504255e-18,5.651886322953833e-17,7.64705728488538e-17,1.3007191409789768e-16,1.0269659979338569e-16,4.804017751479404e-17,3.3573500709618414e-16,-1.655408958701361e-16,-1.111793622201425e-16,-1.1771593085180625e-16,2.9730876991739036e-16,-2.243733198862977e-16,4.704391744762329e-17,2.945114432214179e-16,-2.2528568474049843e-16,-2.7028647158437585e-16,-3.331478498784576e-16,-1.6201813707699445e-16,-1.1962947117916424e-17,6.594234769434726e-17,1.4223707744287471e-16,-3.364727169927465e-17,1.3366602206560863e-16,2.815494237904423e-16,1.2263810178297797e-16,1.6956140061209735e-16,1.6734219790139858e-16,-2.2912325948935044e-16,-1.4080267486623177e-16,-1.2168932683599799e-17,1.598136950809625e-17,4.096580541491624e-17,2.1393488625638008e-16,6.45291315866438e-17,-6.924267682486177e-17,1.80960954811618e-16,5.836702790327339e-18,-2.3454125669761637e-16,-7.236532603618751e-17,1.08980844281008e-16,2.0140005099627057e-17,-2.752585112023559e-17,1.440667867010144e-16,5.438336098132639e-17,1.095420734856694e-16,-2.6575266998948127e-16,1.716540812635393e-16,1.785760589007809e-18,-1.517524317391149e-16,9.530090595387372e-17,-1.2909305664216668e-16,-1.6660098543293875e-16,-1.165538463068335e-16,-1.857958444941009e-16,-1.4100074214319011e-16,-3.0148676357671357e-16,5.723988915664393e-17,-4.865581843725257e-16,6.888909648349611e-17,-3.112296330707322e-16,-6.033515743314344e-17,1.7109036251157e-16,-5.565156350898902e-17,1.0199133765142294e-16,-1.2800488119741812e-16,2.059314213321981e-16,-6.552276900492979e-17,3.840832669254083e-16,-1.5768997068095239e-16,1.3341136296071647e-16,-3.178489693349144e-16,1.6781984543930355e-17,1.3246546859860104e-16,-2.2217837360180917e-16
P(C1=CC=CC=C1)(C2=CC=CC=C2)C3=CC=CC=C3.[Cs+].[F-].C1COCC1>>,P(C1=CC=CC=C1)(C2=CC=CC=C2)C3=CC=CC=C3||[Cs+].[F-]||C1COCC1,C_5878e0b30d55,P(C1=CC=CC=C1)(C2=CC=CC=C2)C3=CC=CC=C3||[Cs+].[F-]||C1COCC1,P(C1=CC=CC=C1)(C2=CC=CC=C2)C3=CC=CC=C3,[Cs+].[F-],C1COCC1,-0.16661188982999076,1.1359254911008663,-0.8805301402148386,-2.108384375259964,0.7267030764110978,-1.2100783956704242,-0.2240292351171802,0.5415133672471139,-0.12835275011705988,-0.3938616783783057,0.4137088449321664,-0.1361602658757295,0.1478130443581573,1.2903688871233054,0.6062960069748444,-0.17786039860311367,1.9160270482110118,1.233746524671719,-0.0009737121466534318,-0.14394812617359168,0.03127885805397038,0.18639205978312634,0.14753711627638547,0.1723896294663849,-0.13331326092051277,-0.018944595828450837,-0.07200651804518252,0.004700497714750566,0.011876310538729118,-0.01130220794576402,-4.903154226692054e-16,-1.513552015257574e-16,-2.3385103755356223e-16,1.4084085734102688e-16,-1.8035311912073785e-16,-5.378984384873422e-16,-4.848355943154885e-17,2.8376286361230505e-16,-2.2455765467799844e-16,6.138248664396414e-17,3.1080076910999263e-17,2.9606392483899236e-16,-2.0709265744470745e-16,2.547100990979151e-16,1.8365865852029401e-16,2.7274984768779625e-16,3.8548321278830915e-16,-3.4587597300729677e-16,-6.968103921711787e-17,-1.5386165495874094e-16,-1.2648130306077435e-16,-2.815095100822252e-16,5.339343813752918e-16,4.067745632213622e-16,-1.4519644119048478e-16,-4.0343562844013115e-16,-1.4068852457158302e-16,-2.0246499087401748e-16,-6.327179747349345e-17,1.7810190747914274e-16,-4.3283261960179896e-17,7.176118305714931e-17,8.223375667688919e-17,-1.6188942559745188e-18,5.95522258061412e-17,-2.895688251556444e-16,-2.623085840888784e-17,1.7252122131982e-18,1.143022960461761e-16,-2.2383228617358087e-17,-1.0152086864596247e-16,1.426656520740084e-17,-2.1982782890229538e-16,-3.8138851132077354e-16,4.7131971033543714e-18,4.121044485543983e-17,1.6097448186650812e-16,4.524969734202784e-17,1.9275289089252706e-16,9.782517336505218e-17,-9.968439314482834e-18,5.303735882766437e-17,5.3045394154668706e-17,-2.014844465864245e-16,-1.0473854275631498e-16,-2.6738792873968765e-17,-6.38554589741062e-17,-9.042972152426389e-17,2.9511197509032735e-16,-1.6239558345393176e-17,-4.115126035559998e-17,-4.421743810229589e-17,-5.719221696934584e-17,-2.0840124499099021e-16,-8.04214619652831e-17,-1.7202631099137016e-17,1.1894796883764337e-16,1.008214103497924e-16,2.367254470588738e-17,1.0043756949977386e-16,2.7981558320536628e-16,1.1539828896022574e-16,1.2095519904567897e-16,3.4871986634141395e-17,-1.8418818672477566e-16,1.158880539733123e-16,3.657444562820599e-18,1.2932281830128809e-16,-1.158970202278745e-16,-4.4559486170999516e-17,2.0738262897696396e-17,-1.8713906704167296e-16,-3.479348731416672e-16,1.140947238167893e-16,-1.6496308813841375e-17,-1.2336998166050482e-16,-1.6225726572601182e-17,-7.623425723570135e-18,-2.1405110567431152e-16,-4.9506366427982325e-18,-1.0053786658483893e-17,-2.4838913542033624e-16,9.386143081504867e-17,-1.193638975912542e-16,3.0287211637424347e-16,9.019874209860553e-17,1.407630119897314e-16,-1.118127445200582e-16
CC(C)(C)P(C(C)(C)C)C1=CC=C(N(C)C)C=C1.[Cs+].[F-].C1COCC1>>,CC(C)(C)P(C(C)(C)C)C1=CC=C(N(C)C)C=C1||[Cs+].[F-]||C1COCC1,C_19e23c9d2c2b,CC(C)(C)P(C(C)(C)C)C1=CC=C(N(C)C)C=C1||[Cs+].[F-]||C1COCC1,CC(C)(C)P(C(C)(C)C)C1=CC=C(N(C)C)C=C1,[Cs+].[F-],C1COCC1,-1.355677676681744,-0.2931218212608593,0.5933806614710333,-0.3884148376575468,4.624092812751104,-1.1691136638181119,-0.03722999470134665,-0.5575122310553473,-0.8648820901514803,-0.33121158818544544,0.33797880792984064,0.07763427067805181,-0.1716979978425521,0.6938777823759918,-0.395581195180814,0.45772137078616115,-0.0934647765402653,1.249586879669145,-0.03925335625974889,0.3346915046640059,0.16277935094667798,0.2694111030965067,0.23589175081787636,-0.10622965020424474,0.18476608876592424,-0.1341121048718089,0.006988447695897148,-0.007893743661369423,-0.01951232218595185,-0.13538227812687148,7.341559602491174e-18,1.536074992635805e-17,7.719485698132213e-16,1.7889737638411576e-16,4.026862685074587e-16,6.050101162916752e-16,5.567603386463145e-16,2.3421992132623404e-16,-6.159540418650749e-16,-8.399112898608063e-17,-3.2400787284144454e-16,6.18415369093686e-17,-4.5408557333109636e-17,3.495936442073011e-16,8.213583769222008e-17,-1.5777257775788798e-16,-2.0757285126857624e-18,3.1906266366037743e-16,2.155191340761272e-16,-4.28288276496764e-17,-2.591079306868993e-16,2.4865828259868935e-16,4.949078062511908e-17,-1.0647318350554507e-16,1.8050180170272106e-16,-7.260011630973892e-17,-1.4878569217088122e-16,1.7138513581120278e-16,2.2488084539656207e-16,1.9013052740381313e-16,-1.191401128599202e-16,2.978806955681271e-16,1.2097515383516195e-16,-1.312645841377423e-16,3.715490211681483e-17,-8.977355425685214e-18,-1.4732549356727567e-16,3.435922777149562e-16,1.7008784451625343e-17,-1.6582428055247643e-17,-2.3004179522550834e-17,7.153955340414273e-17,-9.344130411289387e-17,-1.2841918707532006e-16,3.1733459612171774e-16,-7.894762396955978e-17,7.2360090453963e-17,-3.777272497303298e-17,5.79765987403033e-17,-7.592354374094066e-17,1.564037283281215e-16,1.2803654447887115e-16,-1.0261391084712296e-16,1.4620176866347896e-16,-1.4114828645749729e-16,-6.218852954909093e-17,8.303089832342642e-17,6.643044148538241e-17,2.067164084113183e-17,-1.1943751518556055e-16,5.527389965613336e-17,-6.958461683605966e-17,6.239028986536243e-17,-2.266410973658901e-16,-1.179563038986596e-16,-3.1931367681858375e-18,-9.327914792917355e-17,-1.6563140954854845e-16,1.113751303485575e-16,5.4695771213369124e-17,-1.1169883254572697e-16,-1.8867598841763086e-16,-1.5713344187967044e-17,-1.609610353204758e-16,-1.4234953026671776e-16,-1.6677192153179366e-16,3.214733531568051e-16,1.3429013590627618e-16,1.7750763451403425e-16,1.1739889646342215e-16,-3.9794427227911173e-16,-1.0502436853838786e-16,4.527075528724526e-17,1.746891782585923e-16,5.517996217804599e-17,1.0225205237389776e-17,-2.2117264405858214e-16,3.437273277394569e-16,3.0916222208403273e-16,4.85197208748619e-18,9.300006076224068e-17,-1.0057087968164114e-16,1.680035782682201e-16,-9.88895835779853e-17,2.8748508617527506e-16,9.253178976961669e-17,2.9939850346603174e-17,4.0537789826569385e-17
P(C1CCCCC1)(C2CCCCC2)C3CCCCC3.[Cs+].[F-].C1COCC1>>,P(C1CCCCC1)(C2CCCCC2)C3CCCCC3||[Cs+].[F-]||C1COCC1,C_03f637f894b8,P(C1CCCCC1)(C2CCCCC2)C3CCCCC3||[Cs+].[F-]||C1COCC1,P(C1CCCCC1)(C2CCCCC2)C3CCCCC3,[Cs+].[F-],C1COCC1,0.01687249315331984,-1.6538355721683702,-0.7905061885835528,-2.0118974943494896,0.6302943281654186,-1.175864721615299,-0.49748585313500165,0.4617040202536751,2.3907311369888005,-0.3279914381002658,1.0775921826065236,-0.5507759912012304,-0.14097098859693255,0.48837026526621247,-1.103537241009727,0.9325248746812563,0.2842979435442643,1.2326886153461434,0.023790829111039687,-0.2122953289274357,-0.10321433307175612,-0.02398483167932106,-0.4638659274312959,-0.14396144635552208,-0.0855638464564986,-0.07230816069059648,0.002538090458647839,-0.012083059487357705,0.12588644319057493,-0.03694701302972311,5.412494798340978e-16,-2.26485654859765e-16,-3.417255517876517e-17,1.1353278210859124e-16,-6.528413851646533e-16,3.1196168162649036e-16,-2.84569217623669e-16,1.1897140820618375e-16,-1.9907476929410108e-16,-2.2414874752684186e-16,-5.677075951557445e-17,-5.246642333421684e-16,2.3322526649243057e-16,1.5892941779854836e-16,3.323764107795001e-16,2.789931849403111e-16,-6.312968479215188e-16,-3.067135779006654e-16,-1.536584391746251e-16,-4.2020357284047123e-16,-1.0213893953450242e-17,-2.72028518575774e-16,-4.607200143331609e-16,1.6302353013416179e-16,-2.825981905896023e-17,-7.515526731296654e-17,-1.1404563952285637e-16,-1.8658476353667862e-16,-2.379301298575782e-16,4.0375538023205874e-16,2.440300838664576e-16,2.0376928075406098e-16,-1.08890198129788e-16,2.631095882112232e-16,2.7511492425446227e-17,-9.230995826880273e-17,-6.141086074477924e-18,-3.664069189714438e-16,4.782372782789464e-16,4.485237582537748e-17,3.724150457566688e-16,8.071544207223432e-17,1.7742041481461267e-17,-3.638380860223262e-17,3.868509747284196e-16,-7.987424464987949e-17,-1.9845651177878277e-16,-9.681641782802154e-18,2.6913516046530946e-16,1.3935811628626083e-16,5.8841652607963614e-18,3.3555423268024687e-17,9.404437324964903e-17,9.176197905674331e-17,9.637078016665437e-17,3.089327166225026e-16,-1.7656997087976096e-16,3.6602361908523874e-16,-2.6048553208400718e-17,-3.564414376050283e-16,9.679090399573079e-17,-1.1027255553528502e-16,-1.9249268575437892e-16,-4.870401579965612e-17,1.8189788681284524e-17,-8.64215233798431e-17,-2.9325422153247557e-16,-1.4688700430936623e-16,2.1876216916730745e-16,3.6486694316840706e-17,1.479701129060581e-16,-1.0954022426638744e-17,-4.5504397562039796e-17,1.6570007516550425e-16,2.9880145640994863e-16,6.831887604591086e-17,1.4660518502975205e-17,-3.685015440613492e-16,2.1770927093154903e-16,-1.9924451194991244e-16,1.2379211373667118e-16,-8.704592668941759e-17,-5.559217424109146e-17,-1.5507799740732463e-17,6.950885454240939e-17,-5.540127568758973e-17,-1.6297595596150583e-17,2.7089231192013426e-17,-4.0895582608090704e-17,-3.456287558152881e-16,-6.212248449970246e-17,1.217102579416356e-16,3.4776025749583186e-16,1.4734948731434438e-16,2.1388546990436922e-16,-2.9070725101933302e-16,2.919607843047395e-16,-2.735300730193361e-16
CC1=CC=CC=C1P(C2=CC=CC=C2C)C3=CC=CC=C3C.[Cs+].[F-].C1COCC1>>,CC1=CC=CC=C1P(C2=CC=CC=C2C)C3=CC=CC=C3C||[Cs+].[F-]||C1COCC1,C_5e9f6f511d53,CC1=CC=CC=C1P(C2=CC=CC=C2C)C3=CC=CC=C3C||[Cs+].[F-]||C1COCC1,CC1=CC=CC=C1P(C2=CC=CC=C2C)C3=CC=CC=C3C,[Cs+].[F-],C1COCC1,-0.33626678152455997,1.5485977541317508,-1.0448658642823985,-2.1321849387078826,0.7528829991489961,-1.1614575993684821,-1.1589608443893866,2.963207742901135,-0.5653033656204915,-0.3945195711542464,-0.8182716132661358,0.38683926144297065,-0.1948964238467174,0.579414164447569,-0.48142931676341627,0.6022126438353737,-0.45745900190485494,1.2547092706508238,0.006709763496790237,-0.17078010671268096,0.029801408812282666,0.18844748995210725,0.14608298161321345,0.16316162955505997,-0.13998277640123744,-0.02129793798855238,-0.07217780908469137,0.004074145760228261,0.012003427153754112,-0.01110361259975999,2.110220275993115e-16,-7.659442026722972e-16,-5.806698959990362e-17,2.379795944894548e-18,3.552416110644981e-16,4.259090860904103e-18,-4.8691651506501575e-17,-1.0392217581426716e-16,-1.0338007122655716e-16,2.0848389214980202e-16,-3.5335277449931853e-17,2.7380280692034925e-17,-2.7107259624413665e-16,3.81707867035981e-16,-1.7270708051000144e-16,-1.4973954766558918e-16,-2.858186245915138e-16,2.449622281774699e-16,5.235449515143038e-16,1.633550778917056e-16,3.9550204890037764e-16,1.1357976533314162e-17,-3.794599836734843e-18,-3.101890127207415e-17,2.1577785249641928e-16,6.464246755113839e-17,-1.0985211606244358e-16,-1.1756967398959011e-16,2.596743974313486e-17,-5.616377668053882e-17,-1.8750185207015424e-17,4.626982920354113e-17,-2.198663051297011e-16,-9.316784699934934e-17,-7.564677180511595e-17,1.1342194021150219e-16,2.5390508516190905e-17,-1.0271655574991652e-16,9.014170286607435e-17,-3.257509320325074e-17,-1.982174662958076e-16,-1.630252024533297e-16,1.0583415465654994e-16,-2.5725930415130596e-16,-1.3376926531938778e-16,-3.1892229819028397e-18,-2.6664962249062127e-17,-6.87814838015987e-17,3.4611911611776114e-17,1.0624613457990394e-16,3.3452894413396644e-18,3.3676765950663127e-17,4.1041707857903584e-17,-4.7022615415055136e-17,8.798647917269783e-17,4.168408696170796e-17,-7.143018627571065e-17,-1.9172341152495704e-16,-8.26641229380046e-17,5.1303668638392405e-17,-9.146533541543158e-19,1.6611390447691633e-16,-1.0645238895373936e-16,1.6072769716445362e-16,2.0278819230128647e-16,2.195224568269247e-17,3.4626302923449645e-17,1.3271237031581362e-16,-1.1589927458746063e-16,-3.857576998281363e-17,9.115178173447075e-17,1.2760630808706318e-16,-1.9210064660552352e-16,3.781238218367556e-17,-8.102007465619331e-17,1.3384066528718225e-16,-4.044513254776344e-17,-1.0068105513705585e-16,1.472031863161505e-17,5.839115367477881e-17,-5.739805048827681e-17,-7.189178716742934e-17,8.0517913140686e-17,-6.323368434120719e-17,4.0641298756555724e-17,-6.523143101220343e-17,-3.475562967453732e-19,8.729291162713825e-18,9.068230361231697e-17,-8.634192520530847e-18,-1.866518023076065e-16,4.1196332041049314e-17,3.625084064434139e-17,-4.553690444481334e-17,1.4974232264136012e-16,6.662960496413968e-17,-6.947776804832244e-17,7.877331099289479e-17
CCCCP(C12C[C@@H]3C[C@@H](C[C@H](C2)C3)C1)C45C[C@H]6C[C@@H](C5)C[C@@H](C4)C6.[Cs+].[F-].C1COCC1>>,CCCCP(C12C[C@@H]3C[C@@H](C[C@H](C2)C3)C1)C45C[C@H]6C[C@@H](C5)C[C@@H](C4)C6||[Cs+].[F-]||C1COCC1,C_834d1657b240,CCCCP(C12C[C@@H]3C[C@@H](C[C@H](C2)C3)C1)C45C[C@H]6C[C@@H](C5)C[C@@H](C4)C6||[Cs+].[F-]||C1COCC1,CCCCP(C12C[C@@H]3C[C@@H](C[C@H](C2)C3)C1)C45C[C@H]6C[C@@H](C5)C[C@@H](C4)C6,[Cs+].[F-],C1COCC1,-1.738315271132626,-3.5444826868626347,-2.874248866948486,-1.7907602436570316,-0.28644800041968554,-1.0135446543418276,-0.04201883895517159,-0.3200482423927144,-1.8303566435352714,-0.24805870316869358,0.012075503814053987,0.24723997396850417,0.02185672868821445,0.763335279158582,-0.09553095482314303,0.39039009611054093,-0.004648361205862718,1.2438234290731367,0.025683592324506014,0.13319206129150352,-0.13331299325731275,-0.19451017412984836,-0.40817561803671776,-0.16286481222114416,-0.11090919721304102,-0.0074506100520339855,0.010919657830045183,-0.04524592327340406,-0.007283627375737576,-0.048138953520853366,-1.623422069098183e-16,-1.6580738532415333e-16,-3.738907774220482e-16,-2.5923539075542442e-17,1.269053139094317e-16,3.65880888279884e-16,-2.9699806828830835e-17,5.329708499608937e-16,2.290623999908426e-16,1.2774793764227117e-16,1.8482199904471545e-16,-1.0170041384246367e-16,5.72797792702277e-16,-1.120441385100459e-16,1.1736245307866416e-16,-1.8971131640440144e-16,4.542460187525448e-16,-4.460239677254151e-16,3.300517825364698e-16,5.166772806015955e-17,2.9634092776454813e-16,-1.3956745080760287e-16,-1.083833613532974e-16,4.1391140065502e-17,1.579480300084596e-16,1.224937746101961e-16,-1.41135981551601e-17,-3.131114635700858e-16,1.2871551133090697e-16,-1.3258565281522748e-16,-3.2552635281695445e-16,2.38210830677489e-16,-2.2981260770627545e-16,-2.2008041379336567e-16,-9.300299395591534e-17,-1.0075905802077392e-16,-9.656326140859416e-17,9.683912188708063e-17,-1.9624732400534747e-16,1.534464654106811e-16,-7.848991697760861e-17,-2.4469511386469404e-17,-2.094978406174054e-17,-7.233323948553876e-17,-2.0451140026591447e-16,2.429882999382327e-16,-1.2950748940882758e-16,-3.700043786797599e-16,5.006857205780025e-18,1.398917808985727e-17,-2.0416087704113358e-16,4.622341945469948e-17,2.752903555207663e-16,5.948736379028716e-17,-1.4763818264294117e-17,-1.7009897474711516e-16,3.0062990247724394e-17,-2.5100708259537964e-16,1.2031771752922385e-17,1.987599091275831e-16,-1.126129826297707e-16,2.5890841417072253e-17,1.4174036258714433e-16,-1.4143623258849326e-16,1.0730862299965832e-16,-3.051698140055496e-17,-2.1379754696614767e-16,-1.2737688531478529e-16,-7.733690814661665e-17,1.898604118723659e-16,-1.9067339653653194e-16,1.5462137306529847e-17,1.149594058364832e-16,1.4274359863930543e-16,5.62104701804126e-17,-6.884201875164997e-17,1.149632749547897e-16,-3.4509585045495255e-18,-4.587933531051283e-16,-5.009340742385345e-17,-7.07641161721578e-17,9.338928071272647e-17,5.926501589690205e-18,-1.1828737414522166e-17,-1.3296880211643923e-16,-1.0227774947647888e-16,-6.86577693581593e-17,1.990031256165409e-16,3.806035548914999e-16,2.2888584190815995e-17,-6.542889582603374e-17,2.591325579711793e-16,1.2423491718154834e-16,-2.0674675462300458e-16,-1.0557551478003637e-16,1.9411124759847326e-18,1.0215096345464956e-17,2.924304601674834e-16
COC1=CC=CC(OC)=C1C2=C(P(C3CCCCC3)C4CCCCC4)C=CC=C2.[Cs+].[F-].C1COCC1>>,COC1=CC=CC(OC)=C1C2=C(P(C3CCCCC3)C4CCCCC4)C=CC=C2||[Cs+].[F-]||C1COCC1,C_5b803d5f0124,COC1=CC=CC(OC)=C1C2=C(P(C3CCCCC3)C4CCCCC4)C=CC=C2||[Cs+].[F-]||C1COCC1,COC1=CC=CC(OC)=C1C2=C(P(C3CCCCC3)C4CCCCC4)C=CC=C2,[Cs+].[F-],C1COCC1,4.17990517039118,-0.5893595815140751,0.037792306071297556,-1.9569106983077351,0.7033887621180274,-1.4421504148399562,2.7343688290079555,0.5207022543347867,-0.22334976763986245,-0.5458758638785096,-0.25615362511197326,0.20355947727972706,-0.13268419871334308,0.8333169123773506,0.03773680032179066,0.3674029021814096,-0.15603162226940331,1.245415827339187,-0.004791591857446258,-0.2984338868499325,-0.11026549716618426,-0.12925424520275783,-0.4442377745953768,-0.047340762119587196,0.18266353920586414,-0.046359189174155276,-0.10517639075125912,0.1212355040436726,-0.02997456692972411,0.019476378865980058,-6.841321432251115e-16,-3.781431730052896e-16,-7.229880469210117e-16,-1.207715472756686e-15,-1.9032736874290502e-16,-4.052794829159951e-16,-1.759666532843062e-17,-1.1886081288282796e-15,6.550418352403852e-16,9.794059980922661e-16,3.2246564368889374e-16,-4.226421524457523e-16,2.0690123129443185e-17,1.8625284088129587e-17,-2.145570454668239e-16,4.2067045604521546e-16,-4.0660553925126946e-16,-4.058016710066235e-16,1.9823138495210662e-16,-1.285712249338649e-16,6.988389624197946e-17,4.68897853180686e-16,1.4444780096250032e-16,4.128220394020338e-16,2.9698770269237427e-16,6.290982134200799e-16,-1.9589824710494473e-16,-3.58877039825423e-17,-7.812727465831305e-18,-2.9953337345083776e-16,7.184245950408248e-17,1.7775202664340277e-17,2.0293999421592965e-16,3.1933339614739013e-16,1.9389593946588772e-16,-2.4329556047416787e-17,-7.400387302063622e-17,1.8441632395199822e-17,-4.498080462168704e-16,1.604497275336662e-16,-9.224990164402596e-17,-1.6800504112807208e-16,1.0217102419374475e-16,-2.1675997890853792e-16,1.8965924510269003e-17,1.2356221970536196e-16,-1.0198706608199527e-16,-1.7192511398812164e-16,-1.6313299055571128e-18,-2.456124355373762e-16,-1.365037915208256e-16,2.0288306406396792e-16,1.267323788985923e-16,-1.1366836597275645e-17,-1.4533518322270542e-16,1.7003013962906137e-17,-2.090978532700748e-17,1.9631295083858968e-16,-2.2129322313182146e-18,-1.0303642132925545e-16,-9.640709309019902e-17,9.676987014601238e-17,8.21722845380507e-17,6.101333216367717e-17,3.411019154354381e-17,7.723137037930849e-18,7.789646875195015e-17,-5.447897151472561e-18,8.843637560276973e-17,-3.3083221109201985e-16,-7.39454431512295e-17,4.6255277135254037e-17,1.2828569714773813e-16,1.9305376366577957e-16,6.882020069159469e-19,-1.173685917761743e-16,6.512243816814046e-17,2.3877755189597355e-16,3.851685178938028e-16,-1.93015192612762e-16,-1.2204808486652928e-16,2.3787607085593844e-16,-3.298452806995732e-16,-8.096642030145053e-17,-1.897514882648545e-16,-2.0672546467786654e-16,-8.553985245835558e-17,1.1518399290360148e-16,1.0904628684122623e-16,-3.35611705910737e-16,2.5316752307262396e-16,5.901391652548509e-17,-2.4009772955035753e-17,-8.387437944198e-18,-8.017043436335066e-17,3.547344898855636e-17,-2.528536255417143e-17,2.8645357510115154e-16
CC(C)(P(C(C)(C)C)[c-]1cccc1)C.CC(C)(P(C(C)(C)C)[c-]2cccc2)C.[Fe+2].[Cs+].[F-].C1COCC1>>,CC(C)(P(C(C)(C)C)[c-]1cccc1)C.CC(C)(P(C(C)(C)C)[c-]2cccc2)C.[Fe+2]||[Cs+].[F-]||C1COCC1,C_78ec5ee2f2cc,CC(C)(P(C(C)(C)C)[c-]1cccc1)C.CC(C)(P(C(C)(C)C)[c-]2cccc2)C.[Fe+2]||[Cs+].[F-]||C1COCC1,CC(C)(P(C(C)(C)C)[c-]1cccc1)C.CC(C)(P(C(C)(C)C)[c-]2cccc2)C.[Fe+2],[Cs+].[F-],C1COCC1,-1.8239663677274243,-0.5989338111064895,2.1936017203075244,-2.9391686382953828,-0.2399050263094978,-1.097247044458052,-0.17333313968174527,-1.0881046888490575,0.2807295172483238,-0.5579105406151217,-1.6193224312112173,1.0061808136235928,-0.03664410240776544,0.7584097693000631,-0.604472214761856,0.48110655934861196,0.33741570968547063,1.2423504223429456,0.008824852700815502,0.19096373306903272,-0.005263211158981372,0.004641896032998132,0.18914556191440277,0.14257508702042992,-0.15109309967181145,0.05193152361390401,-0.04639788961527747,-0.003628479686052306,-0.005721094762751189,-0.02942485690338889,-6.530843681263778e-16,-1.3546607392971508e-15,-1.0604253309078143e-16,5.856330882429472e-17,-5.561486224880087e-16,-2.3005884126022664e-16,6.63229417502078e-16,-1.5294175275179164e-17,6.416929524006757e-17,-3.9178353742701783e-16,1.735009563631894e-16,-1.630105337587366e-16,3.3387947462757285e-18,-1.3370826764711151e-16,-4.126321687798367e-17,2.049779861392324e-17,8.434998535067516e-17,-2.70933219938277e-16,2.5930907202635266e-16,-6.930189547337559e-17,-1.3454126409926494e-16,-8.321712727447837e-17,-5.884563623767245e-17,1.1446875072972253e-16,1.0986930533912402e-16,-7.693088091294706e-17,2.069215120901257e-17,-2.274851201124327e-16,-1.6466702207800346e-16,7.797668372083539e-17,4.1425258240076697e-16,2.8489863957233893e-16,1.0673458071509277e-16,3.831707469307228e-17,-2.256146676310013e-16,7.761952146893708e-17,2.773784254821135e-16,1.854368153664565e-16,-8.976752991454851e-17,8.345509177883174e-17,1.834821337412431e-16,-3.285525547921909e-16,-1.9325285432303952e-16,1.544064634116864e-16,-2.4768748898899093e-16,1.4964946330932881e-16,-7.194994854257452e-17,2.3755188014105153e-16,7.745477556478607e-17,-2.5896413356366036e-17,2.9214935512424825e-17,1.7637997675373213e-16,7.715575596262859e-17,-1.5169762581405487e-16,-1.8311698926687222e-16,-2.323334012927534e-16,2.3339787396885287e-17,3.336391772695193e-17,-3.528529967386709e-17,3.1798979350869386e-16,-1.6318441330280628e-16,-7.009294195897534e-17,-1.2881252432019627e-17,2.8808608257875137e-16,5.823995945846006e-17,1.3596426954628188e-16,-1.654304516492835e-16,-1.3851674659702312e-16,-2.187921644978865e-16,1.0077314818191705e-16,-2.503378216371021e-16,7.81182582472469e-17,6.484477254026816e-17,-4.191472111297146e-16,1.653243388918082e-16,1.573976544262427e-17,-2.5747401492343946e-16,8.268503017367838e-17,-6.318460254565113e-17,5.4155909669799886e-18,1.8304746669423876e-17,2.3960995669423526e-16,-2.9646663492241396e-17,2.414519863730794e-16,-1.5423760694059078e-17,-2.7439998547854583e-17,-4.4114207498568523e-17,-1.0391635417077947e-16,-8.100558615288167e-17,5.394358217899303e-17,-1.2082025503502894e-16,-1.0646446030253456e-17,2.3984537813096745e-17,-5.076746411901365e-17,8.943390698813479e-17,-8.181878483985175e-18,-2.286734730376704e-16,-9.479900352263365e-17
CC(C1=C(C2=CC=CC=C2P(C3CCCCC3)C4CCCCC4)C(C(C)C)=CC(C(C)C)=C1)C.[Cs+].[F-].C1COCC1>>,CC(C1=C(C2=CC=CC=C2P(C3CCCCC3)C4CCCCC4)C(C(C)C)=CC(C(C)C)=C1)C||[Cs+].[F-]||C1COCC1,C_7e899cbf4ec0,CC(C1=C(C2=CC=CC=C2P(C3CCCCC3)C4CCCCC4)C(C(C)C)=CC(C(C)C)=C1)C||[Cs+].[F-]||C1COCC1,CC(C1=C(C2=CC=CC=C2P(C3CCCCC3)C4CCCCC4)C(C(C)C)=CC(C(C)C)=C1)C,[Cs+].[F-],C1COCC1,4.558552246698647,-0.726394117745523,0.014466283439829558,-1.828752927296672,0.7902651460362906,-0.5917931010973864,-2.758680374414959,-0.9959904442933611,-0.5474946777174929,-0.17485875160439976,-0.16797905517637568,0.09359432365525708,0.13477711727872263,0.8002862149500466,0.19248737096026394,0.3251085030841595,-0.12188343538143251,1.2400636840607828,-0.006830319831461379,0.11157510293080236,-0.11428655835681861,-0.21227801577910857,-0.4833542534675786,0.01419927605009077,0.04514749806745092,0.017720848648253962,0.036702752711618616,-0.03976373254465293,-0.024172291991238215,-0.04901094781397932,-8.615503667643006e-16,-2.514937381667107e-16,4.733188177768429e-16,-1.5532564376827273e-16,-4.589941991946344e-17,-3.0160437190451726e-16,1.8211933071481685e-16,-3.385109172386189e-16,2.682749597803908e-16,-7.877471816893752e-17,-4.773265226021635e-16,6.011892792374677e-17,3.8678588281725315e-17,9.278655502494054e-17,-3.7124559151028754e-16,-1.2292256312874e-16,2.495187316734784e-16,1.6624147206521038e-16,1.0712554478917848e-16,-3.377506203209636e-17,2.733294063878997e-17,2.4119710502157018e-17,1.5402144453017823e-16,-2.1698658045473216e-16,-4.489624126793059e-16,-1.1764802238822715e-16,-2.6675978553572744e-17,2.7182167934175187e-16,-1.0755444824185798e-17,-2.884091507898719e-17,-1.2204849087644698e-16,8.365619832283645e-17,-7.597249452498264e-18,2.721689264857116e-16,2.9418674458351556e-16,-2.382554441534523e-16,3.978919507568469e-17,-9.108290809995318e-17,2.2012087796855846e-16,-1.6497643627966038e-16,1.8165717423725995e-16,-4.577920163886298e-17,1.1629852778213364e-16,-2.9324068429011115e-16,1.8709693221030228e-16,-5.862774533680595e-17,-4.3984003762712514e-17,-4.392649527667878e-17,-9.404193828535145e-17,-7.848947901819304e-17,1.0420107485108444e-16,-3.471026398827473e-18,1.9945826201036124e-16,2.1797844023897293e-17,1.21171291006834e-16,-1.4028312922784634e-16,-2.726724087343699e-16,1.9524829441111382e-17,2.1770817029766079e-16,-1.780998951390943e-17,1.0214755903622568e-16,-4.716108725984473e-17,5.1920459499654486e-17,1.3984210899940497e-16,-7.391248405170812e-17,-1.850927505330609e-16,1.8736964097868492e-16,2.9176044133242376e-20,-1.5297926406935383e-16,-2.177785005116394e-17,1.495813924808239e-16,-9.236317792316309e-17,-1.9613379967555477e-16,-1.9201248585407156e-16,-1.2798024845960262e-16,-1.876795002188945e-16,1.9838341074183645e-16,-1.2897860123837728e-16,7.0484106255965e-17,1.867957218105051e-16,-9.434495896612824e-17,-1.1673468679823515e-16,1.0384323833401767e-16,1.3506280716902082e-16,1.167597383041352e-16,3.2452824385393876e-17,1.40514744021965e-16,-1.7671741876068805e-17,-5.115501999240414e-17,1.6612072978105941e-16,1.9457874683962494e-16,-5.2062266424356016e-17,-4.4712293643200205e-17,8.066225315997245e-17,-3.917211384194934e-16,-2.2413295522414798e-17,-1.3218638043113626e-17,-2.145314527029762e-16
[c-]1(P(C2=CC=CC=C2)C3=CC=CC=C3)cccc1.[c-]4(P(C5=CC=CC=C5)C6=CC=CC=C6)cccc4.[Fe+2].[Cs+].[F-].C1COCC1>>,[c-]1(P(C2=CC=CC=C2)C3=CC=CC=C3)cccc1.[c-]4(P(C5=CC=CC=C5)C6=CC=CC=C6)cccc4.[Fe+2]||[Cs+].[F-]||C1COCC1,C_b3c8d920f6bd,[c-]1(P(C2=CC=CC=C2)C3=CC=CC=C3)cccc1.[c-]4(P(C5=CC=CC=C5)C6=CC=CC=C6)cccc4.[Fe+2]||[Cs+].[F-]||C1COCC1,[c-]1(P(C2=CC=CC=C2)C3=CC=CC=C3)cccc1.[c-]4(P(C5=CC=CC=C5)C6=CC=CC=C6)cccc4.[Fe+2],[Cs+].[F-],C1COCC1,-0.9717709799311897,0.6305652651796378,2.0244620492430245,-3.1183693545084066,-0.6570577169433405,-1.342093224797227,-0.1574808860787284,0.13028086062324165,-1.2280121285925167,-0.12623764827704897,1.8125027303213874,-0.8174707214550413,-0.12376632669434624,0.7429392385957749,0.12252386630467453,0.42943257206813734,-0.5031422598501933,1.2541867266454318,0.007737612736356805,-0.1665864445740575,0.0292629155174759,0.1868583229841794,0.14693378917603325,0.16196557589460936,-0.1408441569254079,-0.02107744615990383,-0.07244887006434289,0.00416384661260592,0.011952994502371583,-0.01105308443027367,5.176894134935057e-16,-2.1576679283932156e-16,2.5378713562006326e-16,2.2879783060685096e-16,-2.921135259611387e-16,2.497817103500883e-16,3.617050878801818e-16,1.6569101243459194e-16,-4.012538240749377e-16,1.2694349690752166e-17,2.8829713576876393e-16,2.5549366952847617e-17,2.059627783502206e-17,-5.826373865353522e-17,5.933545649940949e-17,3.8191758907786355e-16,-2.6414998408929644e-16,-1.2188366683464476e-17,2.6651243650529424e-16,1.5320175083627503e-17,5.3666560333093376e-17,1.348196739905205e-16,-3.378730089100741e-17,-6.023130182584285e-17,-2.882563413633154e-17,9.698278597942945e-17,-4.18708496307741e-17,6.491467855074733e-17,2.6158318145918414e-16,-1.6877297510822736e-16,-2.0633783992305793e-17,-6.724492322369678e-17,-4.4988869827859567e-17,-8.714474723372637e-18,7.610403428050151e-17,-6.514875589801609e-17,-1.6883951248255965e-16,3.4648422148979774e-17,2.1322054621600434e-17,-4.005831444321411e-17,8.33293942117846e-17,6.972446537735622e-17,2.7373083036306787e-16,1.2121808711133856e-16,4.837160535546588e-16,-4.074201189547204e-17,1.003290830988509e-16,8.612598639911818e-17,-9.48901424769254e-17,2.256247857885145e-16,-1.1916089582283104e-16,-3.2860972158761424e-17,-2.996380057735643e-17,1.3595200978380695e-16,7.559122470194256e-17,9.081292854897247e-19,-2.2710404129452256e-16,6.25523237064987e-17,1.813944326545049e-16,-1.2618983025056004e-16,1.5308610421154841e-16,-1.9879428977670893e-17,-2.3724722592437538e-17,-9.880445615501383e-17,6.407931338811205e-17,-1.9577205133410423e-16,8.440161550184037e-17,1.0253322065261902e-16,5.2175521071231026e-17,7.863685952326634e-17,-4.661714030795977e-17,-7.572081676747741e-17,4.351033406807014e-17,5.933410011145081e-17,1.4653633964720514e-16,-8.546573878258589e-17,1.4057759639430176e-16,-1.7784384781965743e-16,1.3374595666547834e-16,1.908230190353833e-17,1.4613910615271222e-17,1.337394486548349e-16,3.518403391351571e-17,3.920285780069426e-18,1.7339923475323497e-16,-6.238416881794946e-17,-1.294831517408197e-16,-3.148031834276136e-17,9.999693156754479e-17,2.0284809678770764e-16,1.051760264385788e-16,4.791990269043978e-17,7.500111915201214e-17,3.9168652318215373e-17,5.562398537462922e-17,1.2490429120269984e-16,-1.872021600973204e-16,2.064912145902998e-17
CC1(C)C2=C(OC3=C1C=CC=C3P(C4=CC=CC=C4)C5=CC=CC=C5)C(P(C6=CC=CC=C6)C7=CC=CC=C7)=CC=C2.[Cs+].[F-].C1COCC1>>,CC1(C)C2=C(OC3=C1C=CC=C3P(C4=CC=CC=C4)C5=CC=CC=C5)C(P(C6=CC=CC=C6)C7=CC=CC=C7)=CC=C2||[Cs+].[F-]||C1COCC1,C_ca3ec2083939,CC1(C)C2=C(OC3=C1C=CC=C3P(C4=CC=CC=C4)C5=CC=CC=C5)C(P(C6=CC=CC=C6)C7=CC=CC=C7)=CC=C2||[Cs+].[F-]||C1COCC1,CC1(C)C2=C(OC3=C1C=CC=C3P(C4=CC=CC=C4)C5=CC=CC=C5)C(P(C6=CC=CC=C6)C7=CC=CC=C7)=CC=C2,[Cs+].[F-],C1COCC1,-0.23450705907705394,3.4053229014139106,-2.80123272460657,-2.0428664508119683,0.2926134968242371,-1.1067020940200971,0.18929245050102395,-2.012898765996419,0.19343577079008964,-0.4132769190752826,0.030990762375440906,0.13114480049145208,-0.12830749438492606,0.699893855925957,-0.32640617242543474,0.5674678111877616,-0.5045693148135462,1.2411920592683758,-0.018645726805797427,0.10134851707384182,-0.009249461846193071,-0.13197006234734715,0.18781203248742442,0.27470317431996844,0.06613042834449784,0.05110021325318803,-0.012344744809470076,0.006681331183220076,-0.026804033927605955,-0.012554196967240559,-2.8255612992878667e-16,2.8370220673886687e-16,4.617056135865751e-16,1.1925412836575183e-16,-1.0820471174300786e-15,-6.999659710436877e-16,-1.325283070363437e-16,-4.445392255538471e-16,3.2753254385541495e-16,5.477752160834679e-17,1.9955101715425774e-16,-2.344578204233974e-16,4.793425384519923e-16,1.1874811235062034e-16,-8.065067067426601e-16,4.958562903237988e-17,-3.1252872857549677e-16,1.1569329462700727e-16,3.4757844846447913e-17,1.4848856126420257e-18,3.523286840489489e-17,-3.6052443179819274e-16,-3.8493169756201256e-17,1.216878649759849e-16,-3.6184556342312445e-16,7.646688102688362e-17,1.1299087205942235e-16,-8.434911106573616e-17,-3.092742705854679e-16,1.6633733487270452e-16,-1.0295988504927895e-16,3.356280768454868e-16,9.801560137749691e-17,-2.974415726392518e-17,2.851127341636373e-16,-9.62034981497621e-17,-4.99177040407928e-17,-3.0013551967605807e-17,-1.9842763495840633e-16,-1.4980267161882879e-16,1.846070336267914e-17,7.178161062412274e-17,1.1666327476763141e-16,-9.0358517485059e-17,-9.10939542771108e-17,-6.679289802691555e-17,1.9900947658456846e-16,9.870415131995883e-17,-1.751888740329427e-16,-2.06661124014019e-16,6.7157020433067205e-18,5.55127365649843e-17,3.9948483979565595e-17,4.9734647877633845e-17,-1.330272795823681e-16,-3.799369768127186e-17,2.6415742474118046e-16,7.379854373519895e-17,-2.5351398738457646e-16,-1.2065866849688504e-17,-2.7458623633946114e-16,1.7199448762017745e-16,2.2890244038138776e-16,1.6396292802996013e-16,-9.654399509245889e-17,1.4918218324820574e-16,-1.15371627863079e-16,-1.2365750422065532e-16,3.3873681843453826e-16,2.8118571060296107e-16,6.694126724908439e-17,-8.898814882164779e-17,2.6923966344375682e-16,-2.197833218995585e-16,2.8885284573669095e-17,2.5093897604438473e-18,-1.4515940082072192e-16,-1.7436264516020294e-16,-1.314570657555439e-16,-2.1414286378349402e-17,5.1983064989256416e-17,4.6533103111685504e-17,-3.19963771242483e-17,8.647638193865537e-18,1.4541087036440184e-16,1.451348407146827e-16,-3.387170401296426e-17,-1.4649418169482244e-17,-1.9847612214813353e-16,5.200407773888083e-17,4.3781512093046385e-17,-1.3565275166183393e-16,1.546886373644469e-16,-3.5665700167245474e-16,-1.0358711357336841e-16,-9.66670021443342e-17,-6.136042977865578e-17,8.790280877429446e-17
CC(P(C(C)(C)C)C(C)(C)C)(C)C.O=P([O-])([O-])[O-].[K+].[K+].[K+].C1COCC1>>,CC(P(C(C)(C)C)C(C)(C)C)(C)C||O=P([O-])([O-])[O-].[K+].[K+].[K+]||C1COCC1,C_9c63eb20e2e0,CC(P(C(C)(C)C)C(C)(C)C)(C)C||O=P([O-])([O-])[O-].[K+].[K+].[K+]||C1COCC1,CC(P(C(C)(C)C)C(C)(C)C)(C)C,O=P([O-])([O-])[O-].[K+].[K+].[K+],C1COCC1,-1.2681659247785007,-1.322677572506368,-0.5992941921917768,-1.9657444055110405,1.045150412183356,-1.0573151195610604,-0.3400270917123442,0.1464043522091758,1.8977205660005732,0.3563587515734386,0.4005468325098232,1.3446146538911619,-0.10286089579302388,-0.11714803811917318,1.703957305458243,-1.3570213122205355,-0.9750038512159238,0.10367240177249838,0.15276954224331168,0.09304608085183459,-0.044603547807694884,-0.11509138497664377,0.2937241379047452,0.1076129146015558,-0.06516628431667428,0.02264129242167731,-0.025698109253548124,0.01948610679853142,0.06002865457013285,-0.012640415184146363,1.1562703154371572e-15,7.272271984386316e-16,1.7858646467417937e-16,-1.4516900794564984e-16,7.199645934086174e-16,7.334614431721692e-17,-1.2571935259876829e-16,-2.316000580721028e-16,2.2988182874146996e-16,-4.0576604385351014e-16,2.7197955231263017e-16,-4.4185503236375105e-16,1.765108070429715e-16,9.106432158649667e-17,1.5296315475910604e-16,1.2003264090123137e-16,-2.541555724082904e-16,-1.1479152448527993e-16,2.733427180999132e-16,-2.223062402568559e-16,-2.2517904230837214e-16,-2.1994095953989903e-16,-1.1079536813285634e-16,9.5359996385033e-17,2.1561071239970944e-17,1.6975883250319302e-16,-2.9384337994727697e-16,-3.5759560163818015e-16,8.62283942717688e-17,4.65600652815576e-17,1.9463988854705882e-16,-7.858298639823179e-17,-1.0209508438478752e-16,-1.4882046236309724e-16,-3.297708048174891e-17,-1.9501516835013767e-16,-2.8535932959309493e-16,-1.714512801955227e-16,6.201567584819408e-17,-1.6545190705743257e-16,6.0390052350683385e-18,3.0742255225840677e-16,1.2733825651145728e-16,-1.567325947923881e-17,-4.151186513357252e-17,9.069963920039241e-17,1.3664419270003271e-16,1.1841561372060974e-16,-1.7132650078378712e-17,-1.888463312148941e-16,6.5297146202551326e-18,1.4192689953530875e-16,1.0764462040190554e-16,-3.8359655352193886e-18,3.5514414419223835e-17,-4.47468961716101e-17,3.093641858817514e-17,-2.288848597208467e-16,-1.51501795045989e-16,-1.5596188890168869e-16,1.7847428282439485e-16,1.3005434655654234e-16,-7.640074218023419e-17,4.2961263303121964e-17,-1.4906186698821023e-16,7.732577569745027e-17,-9.270895637294835e-17,-1.963798589618419e-17,-8.04462630033643e-17,-7.384101589323834e-17,-8.881728995923828e-17,-7.836456794187027e-19,1.6852632624654155e-16,8.713667297127008e-17,6.860067242071541e-17,-7.872293603035831e-17,4.9259662236843934e-18,3.708100506130793e-17,3.829541544425239e-17,-6.393525377698817e-18,1.6677772774314866e-16,1.1439222940418447e-16,5.2970833797296185e-17,-2.789301889243378e-17,-5.829855224324331e-17,-4.6808907696600965e-17,2.757027987325497e-17,-2.0484879389889573e-17,2.23416397753445e-16,1.3207190448376257e-16,9.774497022704502e-17,-1.9543477735991128e-17,1.3784744397218539e-17,1.695284536277906e-16,-4.007116162995741e-17,-1.463741218662628e-17,8.694504387604337e-17,-1.9927948181633081e-16
P(C1=CC=CC=C1)(C2=CC=CC=C2)C3=CC=CC=C3.O=P([O-])([O-])[O-].[K+].[K+].[K+].C1COCC1>>,P(C1=CC=CC=C1)(C2=CC=CC=C2)C3=CC=CC=C3||O=P([O-])([O-])[O-].[K+].[K+].[K+]||C1COCC1,C_e6680ab689cc,P(C1=CC=CC=C1)(C2=CC=CC=C2)C3=CC=CC=C3||O=P([O-])([O-])[O-].[K+].[K+].[K+]||C1COCC1,P(C1=CC=CC=C1)(C2=CC=CC=C2)C3=CC=CC=C3,O=P([O-])([O-])[O-].[K+].[K+].[K+],C1COCC1,-0.1657432941838109,1.0860301872101683,-0.9076669495441311,-2.1528931738334207,0.7280246050517508,-1.2526518023202295,-0.23001921636764355,0.6397437509850252,0.30699529779641066,0.5705029406449403,1.2612686227631111,1.4921767901251382,0.04248433486274892,-0.06762197006762108,0.7224327653838604,-1.2740189143898084,1.849294265570781,0.07160428940739554,0.13629264070736424,-0.23381535651235355,-0.012579842002295904,0.05684589566400911,0.23806066608572857,0.1323588918086093,-0.04868861595756192,-0.04851311134691411,-0.051791832931246624,0.026913850292659625,0.07486289271928294,0.005680851563672309,4.765299684153022e-16,5.380247985904969e-16,-6.102976195488776e-17,9.749156054526577e-19,2.255003683962011e-16,-1.862451337673716e-17,-2.9461340144440655e-17,1.1569529561857887e-16,3.0326094274006566e-16,-4.0921725601874126e-16,2.1156927595223132e-16,1.4959264610611406e-16,3.7253706886050006e-17,5.25871069807581e-16,-2.7001958705918125e-16,-5.426518694892413e-16,-2.0285948687004164e-16,1.5295498549913256e-17,-2.380690218954005e-16,1.451120412379519e-16,1.275104382927145e-16,3.9234605267492885e-16,7.88737894170225e-17,-7.9325000496558e-17,2.251077373252494e-16,-2.0681488866447546e-16,1.535806862567485e-16,-7.319413057577074e-17,-4.247775773136421e-16,-2.4804828733875976e-16,5.9087356633945025e-18,1.98251437111755e-17,3.7479692179962285e-18,2.2146879125961658e-16,2.806969388322142e-17,-2.5008002278782628e-17,-1.5268596684691422e-16,3.9805077566939635e-17,-1.8058614116953083e-16,6.806606537715418e-17,1.4266292924963573e-16,-7.652357167787974e-17,1.1073064044827801e-17,-1.56779605091034e-16,-1.9077258227837667e-16,8.255512594085349e-17,-1.6166535567879572e-17,-7.454978274394053e-17,-7.309578211988415e-17,-6.070372431321706e-17,-5.818547494181868e-17,-1.7720600372972246e-16,4.3570053658378694e-17,1.6874146030348733e-16,1.7542933241843104e-16,2.8218872769801463e-16,-1.488372745167109e-16,-1.0322778931832883e-17,6.735761127074417e-17,7.435246688174031e-17,1.772284184776749e-16,-1.1249368058957983e-16,1.3081260103504492e-16,3.1181113800139295e-17,-1.5664487278031623e-16,1.0011884729265055e-16,6.989202098078597e-17,-2.0150414547398113e-17,2.599874888867605e-16,2.0630531187413977e-16,-2.716226437933231e-16,-1.0083135072221095e-16,1.4238855720225206e-16,-2.0167953361458987e-16,-6.94972185899731e-17,-2.9779949172634653e-16,-4.79300221776408e-17,9.862534184239311e-17,4.3231583098271815e-17,8.853729620229728e-17,-9.266027420887504e-17,-1.2430670260990868e-16,3.470296955613092e-16,-1.6866063403578012e-16,-3.5480869280975346e-16,-1.5000615567307314e-17,-1.2272528538957229e-16,1.705611464474965e-16,1.1453413624067456e-16,-2.1366491637812598e-16,-1.6295667816289069e-16,-3.2016069758498274e-16,-5.1516735629727026e-17,3.024899714716832e-16,-9.594922137700704e-17,1.2334335058922665e-16,2.337643849257691e-16,-3.9192821412480603e-16
CC(C)(C)P(C(C)(C)C)C1=CC=C(N(C)C)C=C1.O=P([O-])([O-])[O-].[K+].[K+].[K+].C1COCC1>>,CC(C)(C)P(C(C)(C)C)C1=CC=C(N(C)C)C=C1||O=P([O-])([O-])[O-].[K+].[K+].[K+]||C1COCC1,C_96df48e4e6cb,CC(C)(C)P(C(C)(C)C)C1=CC=C(N(C)C)C=C1||O=P([O-])([O-])[O-].[K+].[K+].[K+]||C1COCC1,CC(C)(C)P(C(C)(C)C)C1=CC=C(N(C)C)C=C1,O=P([O-])([O-])[O-].[K+].[K+].[K+],C1COCC1,-1.3548090810355653,-0.34301712515155786,0.5662438521417408,-0.4329236362310031,4.625414341391758,-1.211687070467917,-0.043219975951809736,-0.4592818473174354,-0.42953404223801006,0.6331530308378018,1.1855385857607852,1.7059713266789187,-0.2770267073379602,-0.6641130748149345,-0.2794444367717982,-0.6384371450005333,-0.16019755918049572,0.08744464440482112,0.09801299659426921,0.24482427432524373,0.11892065089041232,0.13986493897738966,0.32641530062722013,-0.1462603878620197,0.2693907337288748,-0.16368062039027226,0.027203132809833188,0.014319608916539444,0.043474259994602325,-0.11839921861743509,-5.403398510223787e-16,-9.168043417918286e-16,3.7178238912986745e-16,2.0494853993028296e-16,-2.1548549468711605e-16,1.583570161947767e-16,4.948846383638299e-16,4.4920732356090615e-17,1.4451349057615715e-16,2.366926236306388e-16,4.429533055762625e-17,-3.537055954033815e-16,2.918858303884298e-16,2.370216483503489e-16,1.9399743683103934e-16,-1.979059674188555e-16,2.8201158552370196e-16,3.8727507368503326e-16,5.428901197502207e-17,-2.8445316542296127e-16,-2.3615766332622624e-16,-5.875209163820577e-16,-2.501609106380189e-16,3.104527214503312e-16,7.498936068696796e-17,-3.8500067022169646e-16,-6.453238164622506e-17,-2.0676377524663967e-16,-1.1832052794406393e-16,-1.026629575223809e-17,4.2079863819306415e-16,1.9109819325110365e-16,-3.335729155407517e-16,-1.9082258971184885e-17,-1.157824960079441e-16,-9.074182096064917e-17,-8.230299209864292e-17,6.830182120886575e-17,-1.306983610586403e-16,3.053495576128442e-16,5.087266983346672e-17,-5.268376709725602e-16,-1.2351399379410012e-16,5.677130794739552e-18,1.4733887877708278e-16,1.3230314833381612e-16,-1.1769641623880725e-16,-4.693575629187396e-17,-2.5437318015157464e-16,1.1718648879350346e-17,9.792508890247066e-17,-2.2142359231809252e-16,1.5466534803736224e-16,3.8297044244164686e-17,2.1001807528233436e-16,-5.026330684464817e-17,-6.177116039238415e-17,-1.463037825640423e-16,1.1314836486857723e-16,-3.8098352283718874e-17,-1.5405149749066475e-16,1.8790305274366565e-16,3.79345113027666e-16,-1.9919374869573249e-16,2.0148300880519544e-16,-1.675786548712596e-16,1.1501863733441202e-16,8.150882793171562e-17,6.969303552058414e-17,-5.4911308520112275e-17,-1.965220456118042e-16,-1.9046543652901702e-16,1.1079413135506723e-16,-6.019523518465949e-17,1.8152357597518513e-16,-2.391134705168493e-16,3.048459108756988e-16,4.84715459596993e-17,-2.9834934989202967e-16,-9.041646032537469e-17,9.181180012367832e-17,-7.696680274435622e-17,-1.0514877400174573e-16,-2.4120860230479713e-17,5.732009546826276e-17,-5.493032808446153e-17,2.027817363902016e-16,-5.1877489635692836e-17,-2.3564737520043238e-17,8.754009907641894e-17,1.5183523288721596e-16,1.0273059672777436e-17,-3.1919910630164784e-17,1.3880780596028364e-16,-1.1637135226084701e-16,1.7234864184721714e-16,-1.9690855472313595e-16,-1.075342629709801e-16
P(C1CCCCC1)(C2CCCCC2)C3CCCCC3.O=P([O-])([O-])[O-].[K+].[K+].[K+].C1COCC1>>,P(C1CCCCC1)(C2CCCCC2)C3CCCCC3||O=P([O-])([O-])[O-].[K+].[K+].[K+]||C1COCC1,C_74691cc4d0ba,P(C1CCCCC1)(C2CCCCC2)C3CCCCC3||O=P([O-])([O-])[O-].[K+].[K+].[K+]||C1COCC1,P(C1CCCCC1)(C2CCCCC2)C3CCCCC3,O=P([O-])([O-])[O-].[K+].[K+].[K+],C1COCC1,0.018389462137610602,-1.6635158113629338,-0.8015589970084309,-2.0462020766116464,0.6341472237515143,-1.2150993806480257,-0.4886213469824162,0.5220711949454476,2.6394286591650835,0.5394401551178274,1.723197181164798,0.8893109064410213,-0.2509891278192626,-0.7019311659021064,-0.8711547036569675,-0.09905605862457675,0.1953192664888462,0.045934088676019655,0.028091683784113357,-0.34211955918118886,-0.13329383021912805,-0.09791833657350345,-0.3455324798221771,-0.20271321545293056,-0.10729252004421473,-0.16574077701700457,-0.11203043348020486,-0.17809381936095328,-0.6676413205341691,0.03179964685898772,-1.4088596803892477e-16,2.4816951788476103e-16,-7.204573602083356e-17,-2.1970679428357478e-16,-4.365472605830067e-16,4.41613118112167e-18,1.1123952912483371e-16,1.26597637995192e-16,6.594079248986379e-16,-1.6907976245519238e-16,-4.611042774937466e-16,-2.8420648787222835e-17,6.767416466155012e-16,-5.194618095893582e-16,3.142609755644015e-16,-4.8954614380120946e-17,-2.4276604449487237e-16,5.764815466779323e-17,-3.678011668370298e-16,-3.68139921719615e-16,-1.599856943749847e-18,3.1736267523041893e-16,-3.1946641212561973e-16,8.406436405419423e-18,-6.187541383627336e-16,3.003745957253961e-16,-1.345140703764218e-16,-1.940006686666449e-17,-2.1658137171447552e-17,-2.380957299455851e-16,-4.003787962423251e-17,-4.824029629873965e-16,-2.4838813224760763e-17,-8.430390976537599e-17,1.7923786760241972e-17,2.4726652795731106e-17,-2.2661001473546313e-16,1.5102128043085988e-16,1.2230712449172889e-17,-1.77239418012424e-16,1.2534160322992667e-16,-4.81136370911696e-16,3.47890560721016e-16,-2.4413764335994555e-16,-2.789049019505581e-16,-2.0252192624759245e-16,-2.3373087496487298e-17,2.068516907035684e-16,-1.318007667115447e-16,-6.598228186649581e-18,2.6665790081114768e-17,-1.3673442845261534e-16,-4.552615479173981e-17,2.653809429081391e-16,1.246070187023309e-16,-9.550223702783587e-17,1.2545473942866614e-16,-8.813716182532497e-17,-1.0706423661338462e-16,-1.3828942998364913e-17,1.226416629999938e-17,1.0723948510633522e-16,1.4425342487605474e-16,-2.4808450523482092e-17,-1.4006834523703109e-16,-8.118327338865567e-17,-4.576403447035125e-17,-1.3329446725165207e-16,2.468193633231189e-16,8.872926019112558e-17,2.019261025326935e-16,-1.1682333500768657e-16,4.466320644645566e-17,1.7463123659370752e-16,1.0777117224789686e-16,2.8607955714778804e-16,8.36638113431416e-17,-1.0456166313498497e-16,3.6076402182035264e-17,1.5652568493506027e-16,5.995991435258011e-17,8.346622867910303e-17,-2.76381728469618e-16,-1.1075220664849588e-16,1.1572946574565848e-16,5.564476675137612e-17,-6.437859659182158e-17,-4.509110742959576e-17,4.571419068072064e-17,2.931383840510218e-16,1.2855309856437136e-16,3.0599355612975513e-16,-2.6372612171865734e-16,1.6775161538106727e-16,4.9513068548639e-16,-4.714215207969799e-17,-2.6772040555599048e-17,2.8900327991884866e-16
CC1=CC=CC=C1P(C2=CC=CC=C2C)C3=CC=CC=C3C.O=P([O-])([O-])[O-].[K+].[K+].[K+].C1COCC1>>,CC1=CC=CC=C1P(C2=CC=CC=C2C)C3=CC=CC=C3C||O=P([O-])([O-])[O-].[K+].[K+].[K+]||C1COCC1,C_b9a987446065,CC1=CC=CC=C1P(C2=CC=CC=C2C)C3=CC=CC=C3C||O=P([O-])([O-])[O-].[K+].[K+].[K+]||C1COCC1,CC1=CC=CC=C1P(C2=CC=CC=C2C)C3=CC=CC=C3C,O=P([O-])([O-])[O-].[K+].[K+].[K+],C1COCC1,-0.3353981858783798,1.4987024502410526,-1.0720026736116919,-2.176693737281339,0.7542045277896484,-1.2040310060182877,-1.1649508256398498,3.0614381266390485,-0.1299553177070209,0.5698450478690011,0.029288164564808844,2.015176317443838,-0.30022513334212636,-0.7785766927433567,-0.3652925583544007,-0.4939458719513206,-0.5241917845450856,0.0925670353865013,0.14397611635080793,-0.26064733705144283,-0.014057291243983224,0.058901325832990264,0.23660653142255714,0.12313089189728504,-0.055358131438287266,-0.05086645350701572,-0.05196312397075544,0.02628749833813752,0.07499000933430783,0.00587944690967638,-4.3546036264147137e-16,-7.41268404162758e-16,-3.465183996715502e-16,-3.5535964619458403e-16,1.0649638034834842e-16,-2.321836400222216e-16,4.972661266399837e-16,-1.9016978642610285e-16,-3.6029014824264574e-16,1.490569993398514e-16,-2.293259079981792e-16,-4.375970718073845e-16,-7.07868706196985e-17,3.0279718745084053e-16,-4.2763015059663146e-16,1.968667738705446e-17,2.1118455421496964e-16,-5.514909818307832e-17,-2.909027350437845e-17,-1.0618906659222996e-16,1.1943684820723848e-16,-5.1704345326937234e-17,-2.4677649395943378e-17,-1.6176166761304447e-16,-1.0778946281348144e-16,-9.562163613758868e-17,-1.111921644062628e-16,6.838269816889126e-17,-1.283754685611859e-17,1.1497521736736373e-16,-6.379158845030787e-17,-4.782578829534624e-17,1.3061110862614806e-16,7.162473876641852e-17,-6.032358221821374e-17,2.8248505491219873e-16,-5.264874078660204e-17,2.0128566531847542e-17,4.3521448376995614e-18,2.0552897956355824e-16,-1.21310711808869e-16,1.2799762614140925e-16,-2.160943934391688e-17,8.74214183488588e-18,4.455265821973711e-16,-3.6053618627238347e-16,-2.23373897277582e-16,-1.4025694559599838e-16,5.576822586853325e-17,-4.463795838195428e-17,1.2684332394273006e-16,1.3664925419494654e-16,-1.5219807843633457e-16,1.1200683839474236e-17,-1.2023384813727996e-16,-9.984059677187003e-17,2.232839205796146e-16,4.92131463689815e-17,9.755455983776064e-17,-1.895094366124696e-17,3.911427509392267e-17,-2.1134774906458423e-16,1.808700329561641e-16,-1.1573663330367433e-16,-1.8842320711012416e-17,7.694344512371917e-17,-3.185750936491933e-16,-5.4555964641992745e-17,-1.8056764742323062e-16,1.6412110749567065e-16,-3.114345254651441e-17,1.0157701073668431e-16,4.122766670199891e-18,2.3614085285683736e-16,-2.3091021309447606e-17,3.236424121655175e-16,-2.1285677829690214e-16,-4.813975600137397e-17,1.0488357981148118e-16,1.5827460538410913e-16,1.9752445559111942e-16,-7.459173090728248e-17,-2.1035549281061145e-16,3.016494858923594e-17,-2.9842019018685935e-16,7.79283358697196e-17,-6.282610843012228e-17,3.1642680620584886e-16,-4.7685074188697435e-17,-1.8102112315256046e-16,5.2368266624382186e-17,9.373751666652275e-17,9.871441259150156e-18,1.6475916974988466e-16,2.580800618421427e-16,-2.7245562907241726e-16,9.787924275001857e-17,-2.14115904040088e-16
CCCCP(C12C[C@@H]3C[C@@H](C[C@H](C2)C3)C1)C45C[C@H]6C[C@@H](C5)C[C@@H](C4)C6.O=P([O-])([O-])[O-].[K+].[K+].[K+].C1COCC1>>,CCCCP(C12C[C@@H]3C[C@@H](C[C@H](C2)C3)C1)C45C[C@H]6C[C@@H](C5)C[C@@H](C4)C6||O=P([O-])([O-])[O-].[K+].[K+].[K+]||C1COCC1,C_6f757e9c3bc1,CCCCP(C12C[C@@H]3C[C@@H](C[C@H](C2)C3)C1)C45C[C@H]6C[C@@H](C5)C[C@@H](C4)C6||O=P([O-])([O-])[O-].[K+].[K+].[K+]||C1COCC1,CCCCP(C12C[C@@H]3C[C@@H](C[C@H](C2)C3)C1)C45C[C@H]6C[C@@H](C5)C[C@@H](C4)C6,O=P([O-])([O-])[O-].[K+].[K+].[K+],C1COCC1,-1.7374466754864453,-3.594377990753334,-2.9013856762777777,-1.8352690422304896,-0.2851264717790325,-1.0561180609916332,-0.048008820205634996,-0.22181785865480227,-1.3950085956218017,0.7163059158545534,0.8596352816449991,1.875577029969372,-0.08347198080719413,-0.5946555780323443,0.020605803585872925,-0.7057684196761539,-0.0713811438460936,0.08168119380881368,0.16294994517852412,0.04332483095274169,-0.17717169331357868,-0.3240563382489654,-0.3176520682273742,-0.20289554987891908,-0.026284552250090746,-0.037019125570497226,0.031134342943980868,-0.023032570695495202,0.05570295480481581,-0.031155894011416906,-6.505470218373539e-16,-4.989889247275427e-16,3.113155606856687e-17,-2.0934208784527025e-16,-1.9071962704963676e-16,-1.1174834133285716e-17,4.006033800906798e-16,1.5908019909462883e-16,-1.7269696806935834e-17,1.5352172158211322e-16,9.139924299111961e-17,2.2222010349960507e-16,-5.3620642948724135e-17,4.17724314319722e-16,-1.3701152775681443e-16,4.188492590411017e-17,-2.795544568426976e-16,3.031262461303807e-16,1.352293299047138e-16,-5.75498074437109e-17,1.3029679644286794e-16,3.266671527855873e-16,2.032076970121647e-16,-9.027937837759022e-17,-2.059426330621418e-16,-1.388755226210617e-17,2.330026764830677e-16,2.2125947191416062e-16,-2.3613151145836117e-16,1.9097449499541482e-17,2.1658431707447983e-17,2.598364668072783e-16,4.833190190998407e-17,-2.6607773499169136e-16,-7.408325669188197e-17,-6.075787044031467e-17,-1.158602784424741e-16,2.482510002208833e-16,6.647829215634421e-17,-3.067257818635185e-16,-1.7707104622381425e-16,8.149137539349744e-18,-8.358260496013581e-17,-6.35514982384999e-17,9.786336534016538e-17,-1.8883841160158517e-16,-6.558495143505816e-17,-1.0763154207665658e-16,-1.7141590275163453e-16,1.2944702786235799e-16,2.6116336447862637e-16,1.1729434156986987e-16,5.1871835014213075e-17,-1.1067745857777363e-16,-5.456114670206949e-17,1.920523962222813e-16,3.450279658838435e-16,-1.6869364683514664e-16,-4.339157636968371e-17,-1.0830328177670198e-16,-1.5364962257235894e-16,7.526478795925655e-17,-6.177132066651523e-17,-3.1376340591068637e-17,3.029063034556575e-17,5.682720060796433e-17,-1.9873890021826487e-16,1.9047004947942853e-17,-1.054251011349007e-16,-8.05164735233788e-17,1.2375931063027076e-16,5.0874618326501156e-18,-1.1117249058720314e-16,-1.0464497837065798e-16,1.3015503983652858e-16,2.0883894404133762e-16,1.1487708773702104e-16,1.0702960021569237e-16,8.523377138016557e-17,-3.468788069742575e-17,-1.304116746283931e-16,-1.507755372155541e-16,-7.061854196411639e-17,8.002468547204168e-17,7.663538690856515e-17,-1.451600875570192e-17,-8.832323939835859e-17,1.296258140847143e-16,-9.834973597725173e-17,1.9064448516333684e-16,-2.2256634664498286e-16,2.0374369637629408e-16,1.6303061986789713e-16,-6.570678837405005e-17,3.841920921056866e-17,3.553525618008894e-16,-2.196566047065762e-16,-1.3320915358792804e-16
COC1=CC=CC(OC)=C1C2=C(P(C3CCCCC3)C4CCCCC4)C=CC=C2.O=P([O-])([O-])[O-].[K+].[K+].[K+].C1COCC1>>,COC1=CC=CC(OC)=C1C2=C(P(C3CCCCC3)C4CCCCC4)C=CC=C2||O=P([O-])([O-])[O-].[K+].[K+].[K+]||C1COCC1,C_8e45eb225580,COC1=CC=CC(OC)=C1C2=C(P(C3CCCCC3)C4CCCCC4)C=CC=C2||O=P([O-])([O-])[O-].[K+].[K+].[K+]||C1COCC1,COC1=CC=CC(OC)=C1C2=C(P(C3CCCCC3)C4CCCCC4)C=CC=C2,O=P([O-])([O-])[O-].[K+].[K+].[K+],C1COCC1,4.18077376603736,-0.639254885404773,0.010655496742004706,-2.0014194968811907,0.7047102907586803,-1.4847238214897607,2.72837884775749,0.6189326380726986,0.21199828027360756,0.41848875514473766,0.5914061527189722,1.8318965332805932,-0.2380129082087519,-0.5246739448135759,0.15387355873080594,-0.7287556136052846,-0.2227644049096338,0.08327359207486458,0.13247476099657146,-0.3883011171886945,-0.1541241972224502,-0.258800409321875,-0.35371422478603337,-0.08737149977736226,0.26728818416881456,-0.07592770469261877,-0.08496170563732307,0.14344885662158122,0.03301201525082915,0.03645943837541696,-1.5231917506974768e-16,1.4855526094712152e-16,4.807456675811258e-16,-1.7947124082505282e-16,-3.9560679870517857e-16,-3.712457998699312e-16,7.57344552919899e-17,-2.3356540938438114e-16,-6.445342193456067e-16,-1.8705542048423072e-16,-3.02768001769721e-16,-2.7058524800175e-16,-7.192809558726222e-16,3.863011865382398e-16,3.2715814163973714e-16,-1.78008386793724e-16,-1.6494861377599188e-16,-1.0217941503092818e-16,1.8803081626803715e-16,1.2052066573252846e-16,1.8684059017221012e-16,-2.1589949948249345e-16,1.6286599847687067e-16,-2.5974321962889904e-16,8.268848102756217e-17,-3.628580601753587e-16,-5.120962143423775e-17,1.0738689601488228e-16,-1.6671009095301994e-16,1.8043806224276095e-16,-1.0932895529637991e-16,8.964798551351329e-17,2.11688536753182e-16,8.900559450399294e-17,6.56162310999961e-17,-1.878666486860317e-16,1.5382813848731722e-16,-3.056205442854531e-17,-2.2932339511402573e-16,-1.2182887348397484e-17,1.0786798561652843e-16,2.3331338362249135e-16,8.252242122874168e-17,1.4631687100174764e-16,-2.9147170981604086e-16,1.3392402290844376e-16,5.920452132164504e-17,-1.2908938581044025e-16,-5.564481391470273e-17,2.544826467442637e-17,5.0765787878880036e-17,-1.4322672983187138e-17,-2.5674406390962647e-17,1.7621015928205668e-16,-1.139076285655827e-16,1.5855741917945847e-16,1.529923243721919e-17,1.750539725403211e-16,-1.8755024041007112e-16,-1.8919077173772206e-16,-7.888445143159659e-18,-1.7759920422176491e-16,-1.4388571491934472e-17,1.4107497485864062e-16,-2.335497234770493e-16,1.1549867567724609e-17,-1.6367662511525672e-16,-1.710437731244215e-17,-1.959428066625755e-17,-1.1798507106993345e-16,4.9398386868090614e-17,-2.124045249881642e-16,8.063210692902655e-17,8.353317603852906e-17,1.303710404513316e-16,3.6566108740488396e-17,-3.918901309381094e-18,-2.9614928544838685e-17,-1.6979281093168896e-16,-2.362199753945513e-16,-1.639190838985245e-16,-8.5229429653976e-17,-3.4622216194084403e-18,1.7733779398342982e-16,1.4208213927147704e-16,1.3546359913703603e-17,-7.451758158542383e-17,-2.0710335798806061e-16,-1.0947185450910791e-16,1.5056113589302362e-16,2.1548634083644743e-16,3.07776439624268e-16,-1.477795712388396e-16,1.4297454698596922e-16,-8.505892240248067e-17,1.1717509794691047e-16,2.4651330942079217e-16,8.280453563447838e-17
CC(C)(P(C(C)(C)C)[c-]1cccc1)C.CC(C)(P(C(C)(C)C)[c-]2cccc2)C.[Fe+2].O=P([O-])([O-])[O-].[K+].[K+].[K+].C1COCC1>>,CC(C)(P(C(C)(C)C)[c-]1cccc1)C.CC(C)(P(C(C)(C)C)[c-]2cccc2)C.[Fe+2]||O=P([O-])([O-])[O-].[K+].[K+].[K+]||C1COCC1,C_929a53b6e0d3,CC(C)(P(C(C)(C)C)[c-]1cccc1)C.CC(C)(P(C(C)(C)C)[c-]2cccc2)C.[Fe+2]||O=P([O-])([O-])[O-].[K+].[K+].[K+]||C1COCC1,CC(C)(P(C(C)(C)C)[c-]1cccc1)C.CC(C)(P(C(C)(C)C)[c-]2cccc2)C.[Fe+2],O=P([O-])([O-])[O-].[K+].[K+].[K+],C1COCC1,-1.8230977720812447,-0.6488291149971874,2.166464910978231,-2.983677436868839,-0.23858349766884407,-1.1398204511078578,-0.17932312093220812,-0.9898743051111458,0.7160775651617944,0.4064540784081247,-0.7717626533802716,2.6345178696244607,-0.14197281190317398,-0.599581087890863,-0.4883354563528396,-0.6150519564380829,0.2706829270452395,0.0802081870786226,0.1460912055548333,0.10109650273027161,-0.04912191121524723,-0.12490426808611879,0.2796691117237457,0.10254434936265465,-0.06646845470886079,0.022363008095440496,-0.02618320450134157,0.018584872891856598,0.05726548741780332,-0.01244179739395252,2.15080218845674e-16,-3.119030268030487e-16,-5.204604568553219e-16,-4.207183813648423e-16,-5.309308964174302e-16,6.377737892611975e-16,-3.8803366918769804e-16,9.922272189049337e-17,7.176752160532024e-16,-6.563187126158818e-17,2.837726003930521e-16,9.745824545745638e-17,5.94578779634987e-16,-4.2632708892578054e-16,8.543303859807808e-17,-1.5745853708247364e-16,-6.492298053680119e-16,-6.383527609760301e-17,4.396080432588466e-17,1.114726202946251e-16,2.354293895869e-16,3.0491424230364437e-16,7.644650773779399e-17,-2.408398567249507e-16,6.665995362684772e-17,-5.849368811579628e-17,9.168843863947192e-17,5.177424687364658e-17,-6.127553092493967e-17,-8.099780594616491e-17,1.9458404227275682e-16,1.2005532395266263e-16,-4.924653486188259e-17,1.1401941531149554e-16,-4.905785797501403e-17,-2.4424606175142475e-17,-2.0271352384397828e-16,1.7903528748519797e-16,1.1130334110174793e-16,3.13149563850556e-16,5.067669616214867e-17,1.742209616528579e-16,-3.045509286893639e-17,1.318648439217606e-16,4.1736718610753875e-16,2.1625161660603613e-17,-1.3683483529167268e-16,3.550908224548662e-17,-1.3426285064096755e-16,-1.590209932832181e-17,-4.518495228917151e-16,-7.361731638102807e-17,-6.030055395654913e-17,-3.074208599616599e-17,-4.090964074953589e-17,8.415484317599198e-17,1.2219790116941789e-17,-9.863898150316456e-18,-1.1088936879924113e-16,4.626969354404715e-17,1.2194001933060558e-16,-1.890941749615114e-17,2.0830707867528532e-16,-5.363225443764369e-17,-2.969393491978153e-16,2.83025532675687e-17,-6.304641816537622e-17,-1.6455338729545003e-16,-9.067418273500825e-17,-1.6696249578387471e-16,-3.8330881791423355e-17,2.1146099505554927e-16,2.904743367676936e-17,-1.9760765197859136e-16,-9.811328368617825e-18,6.164796785113858e-17,-4.0394320043204636e-17,9.879809815922853e-17,4.46811981450614e-18,3.2064978576402296e-17,-1.0090392280587085e-16,2.96434385303449e-16,-3.665533979637847e-17,-8.691102780013942e-17,-8.765835610638234e-17,6.186937831661826e-18,2.6604428694850048e-17,8.381139291818245e-17,-2.0171149141016632e-17,2.0832733739238324e-16,-9.189277573019217e-17,-1.5101647438043605e-16,-1.2356182966911512e-16,1.5821835075300582e-18,2.4325223221718007e-17,-6.813360303157565e-19,-6.39674039671688e-17,-7.405137432076638e-17
CC(C1=C(C2=CC=CC=C2P(C3CCCCC3)C4CCCCC4)C(C(C)C)=CC(C(C)C)=C1)C.O=P([O-])([O-])[O-].[K+].[K+].[K+].C1COCC1>>,CC(C1=C(C2=CC=CC=C2P(C3CCCCC3)C4CCCCC4)C(C(C)C)=CC(C(C)C)=C1)C||O=P([O-])([O-])[O-].[K+].[K+].[K+]||C1COCC1,C_249247c81607,CC(C1=C(C2=CC=CC=C2P(C3CCCCC3)C4CCCCC4)C(C(C)C)=CC(C(C)C)=C1)C||O=P([O-])([O-])[O-].[K+].[K+].[K+]||C1COCC1,CC(C1=C(C2=CC=CC=C2P(C3CCCCC3)C4CCCCC4)C(C(C)C)=CC(C(C)C)=C1)C,O=P([O-])([O-])[O-].[K+].[K+].[K+],C1COCC1,4.559420842344827,-0.7762894216362215,-0.012670525889462582,-1.87326172587013,0.7915866746769434,-0.6343665077471919,-2.7646703556654217,-0.8977600605554494,-0.11214662980402264,0.7895058674188471,0.6795807226545691,1.7219313796561246,0.029448407783313944,-0.5577046422408798,0.30862412936928,-0.7710500127025353,-0.18861621802166306,0.077921448796459,0.1304360330225565,0.02170787259203979,-0.15814525841308472,-0.3418241798982259,-0.3928307036582358,-0.025831461607684205,0.1297721430304013,-0.011847666870209503,0.05691743782555503,-0.017550379966743884,0.03881429018931587,-0.032027888304542736,-1.658546114743104e-15,-6.244340680968485e-16,-1.3673210574422143e-16,-1.7328398217775293e-16,2.846688336008496e-16,3.7093095617942256e-16,6.730888555310321e-17,-1.5401707044893807e-16,-1.4672859371067784e-17,5.609115753266832e-16,-3.2100109572595013e-16,1.4683537923676766e-16,-1.536389631828746e-16,9.130611594147521e-17,-1.9776034674450561e-16,-5.548752823521301e-17,-2.1681178574897601e-16,-2.251824690343448e-16,1.2958447516465256e-16,1.5766126354313553e-16,-4.200846867229849e-17,3.603652720767069e-17,-6.793891468474786e-17,-6.307313811080777e-17,-4.520488894912187e-17,-1.5038937781886609e-16,-3.1865131162552177e-16,3.04816809196416e-16,8.625399619220552e-17,4.44885191910382e-17,-4.2152164889586396e-17,-3.5652854917418196e-18,-1.3840665765416965e-16,-2.165360329624134e-17,-5.704482996154565e-18,-6.986027490123645e-17,-2.3909568355059634e-16,2.3950693692333526e-16,-1.3938584602938976e-16,1.6053354421676606e-16,-7.141015162990952e-17,-1.0423262978512455e-16,2.1539341344995928e-16,2.965367348491904e-18,1.2417579901398936e-16,2.2375887855408216e-17,-1.0576637397315693e-16,-1.6769523842068973e-16,3.8991300032690094e-17,2.755634254948191e-17,-5.69294948669693e-17,1.590114045262364e-17,-1.6241386624343367e-16,-2.553658930879049e-16,-3.05679761435286e-17,-2.877008214709366e-16,1.2968204467717856e-16,3.275011133605638e-17,-1.0125300245729465e-16,3.437793411942255e-17,2.2217020013189097e-16,1.4960471015414847e-16,-7.488540464750606e-17,1.183799904376167e-17,-1.0961822380525677e-16,1.1843707219811887e-16,1.4604930912982365e-17,1.358819540214869e-16,4.454588148825802e-17,1.6431054303550252e-16,-1.885309220635156e-16,-1.7721524663551688e-17,4.7850151807862816e-17,1.1599685538579776e-16,1.8488160440090754e-16,-1.7507454241942133e-16,2.423963566649774e-17,-4.5116831886328404e-17,1.0693866832655086e-17,-2.011626437972992e-17,-1.271123270458085e-16,-2.174512717960757e-16,3.599669438605834e-17,7.027814330604421e-17,-1.3578987580119554e-16,2.324965979029094e-16,1.2420138049130134e-16,3.9418883584968147e-17,-2.2795577457149237e-16,1.5852123007002902e-16,-1.914281679046679e-16,6.41241825903881e-17,-1.317952694146006e-16,-1.0257591147438272e-16,4.5141236603465434e-17,3.227218017718588e-17,-1.2102663241147172e-16,-8.938025540817945e-18
[c-]1(P(C2=CC=CC=C2)C3=CC=CC=C3)cccc1.[c-]4(P(C5=CC=CC=C5)C6=CC=CC=C6)cccc4.[Fe+2].O=P([O-])([O-])[O-].[K+].[K+].[K+].C1COCC1>>,[c-]1(P(C2=CC=CC=C2)C3=CC=CC=C3)cccc1.[c-]4(P(C5=CC=CC=C5)C6=CC=CC=C6)cccc4.[Fe+2]||O=P([O-])([O-])[O-].[K+].[K+].[K+]||C1COCC1,C_2d099095eec2,[c-]1(P(C2=CC=CC=C2)C3=CC=CC=C3)cccc1.[c-]4(P(C5=CC=CC=C5)C6=CC=CC=C6)cccc4.[Fe+2]||O=P([O-])([O-])[O-].[K+].[K+].[K+]||C1COCC1,[c-]1(P(C2=CC=CC=C2)C3=CC=CC=C3)cccc1.[c-]4(P(C5=CC=CC=C5)C6=CC=CC=C6)cccc4.[Fe+2],O=P([O-])([O-])[O-].[K+].[K+].[K+],C1COCC1,-0.9709023842850093,0.5806699612889393,1.9973252399137316,-3.1628781530818633,-0.6557361883026869,-1.3846666314470333,-0.1634708673291917,0.22851124436115366,-0.7926640806790474,0.8381269707461985,2.660062508152333,0.8108663345458265,-0.22909503618975507,-0.6150516185951516,0.23866062471369054,-0.6667259437185576,-0.5698750424904236,0.09204449138110855,0.14500396559037543,-0.2564536749128197,-0.01459578453878986,0.0573121588650621,0.23745733898537671,0.12193483823683456,-0.0562195119624573,-0.05064596167836729,-0.05223418495040667,0.026377199190514913,0.07493957668292524,0.005929975079162893,2.988699048096279e-16,-6.15491338010317e-16,1.1427311402702232e-16,2.5133190677926703e-16,-2.0209428628364823e-16,3.348024289761184e-16,5.14708259145839e-16,9.029557151193716e-17,-9.356412566693404e-17,3.959517187601068e-17,1.078142664290302e-16,-1.4770273520403465e-16,-1.0710648760662645e-16,-9.918433365000419e-17,1.6075364586171624e-16,2.867297698061665e-16,-5.35779113317756e-17,1.1119063268352654e-16,3.0567586515858285e-17,-2.4603632289181806e-16,2.31688238902092e-16,3.9236001647374203e-16,-2.657814113976515e-16,2.874650751930893e-16,6.7254934600588e-17,-1.7201011611704562e-16,-1.4785099293964307e-16,-1.9682392566450598e-16,1.9482710835768917e-16,8.480484535054206e-17,-1.4983152063478962e-16,2.0253082581595082e-16,1.9000639389780464e-16,1.1337583039304947e-16,-4.332215717321361e-17,1.1468827407056764e-16,-2.2612066929054336e-16,1.373546804999265e-16,7.243876378095977e-17,-1.6545139866099753e-16,-9.232389308454484e-17,-1.7464432922511564e-16,-5.089825347812977e-17,1.4025614394492072e-16,-2.4267235570949053e-16,3.727265815868143e-17,-2.4941924393680256e-16,1.3517790295857327e-16,3.3840343909666524e-17,-1.1919188554913457e-17,-1.0183503043674945e-18,1.710195534926801e-17,-5.123682235657361e-17,1.1794952904588583e-16,-1.4166811680355547e-16,5.330315428970292e-17,-4.8064436747390255e-17,-8.164719522939098e-17,-3.0205678515319034e-16,2.3531043120299887e-17,-8.211034063918625e-17,-2.451156673971273e-16,7.541788401010285e-17,-4.6684618104328894e-17,2.475931708546209e-16,6.9430075169853e-17,-2.300794146289306e-16,-1.2639739099595072e-16,2.4000795336104768e-17,4.5984763846305806e-17,2.379141302946139e-16,4.0481437023182825e-17,2.848185666617372e-16,9.220209077401238e-17,-1.4659144374936397e-16,1.702028884217529e-17,-6.244037277216988e-17,5.178028739293603e-18,1.2594602646281453e-17,-9.382694793330411e-17,6.268560607387896e-18,-3.9317611153829014e-17,1.0247421376445165e-16,-2.872668212157271e-17,-6.084775437429598e-17,4.1313245631155994e-17,-8.278805703065002e-17,-5.558118783959468e-17,9.025987398578499e-17,1.0408013052096138e-16,8.80920804005961e-17,1.1990509195638834e-16,-2.3337751608277002e-17,-3.5278924160199936e-17,-1.5192968069485937e-16,2.0867712563814414e-16,8.625325305889311e-17,1.8318963016465614e-16
CC1(C)C2=C(OC3=C1C=CC=C3P(C4=CC=CC=C4)C5=CC=CC=C5)C(P(C6=CC=CC=C6)C7=CC=CC=C7)=CC=C2.O=P([O-])([O-])[O-].[K+].[K+].[K+].C1COCC1>>,CC1(C)C2=C(OC3=C1C=CC=C3P(C4=CC=CC=C4)C5=CC=CC=C5)C(P(C6=CC=CC=C6)C7=CC=CC=C7)=CC=C2||O=P([O-])([O-])[O-].[K+].[K+].[K+]||C1COCC1,C_59f4bd3dfb98,CC1(C)C2=C(OC3=C1C=CC=C3P(C4=CC=CC=C4)C5=CC=CC=C5)C(P(C6=CC=CC=C6)C7=CC=CC=C7)=CC=C2||O=P([O-])([O-])[O-].[K+].[K+].[K+]||C1COCC1,CC1(C)C2=C(OC3=C1C=CC=C3P(C4=CC=CC=C4)C5=CC=CC=C5)C(P(C6=CC=CC=C6)C7=CC=CC=C7)=CC=C2,O=P([O-])([O-])[O-].[K+].[K+].[K+],C1COCC1,-0.2336384634308737,3.355427597523212,-2.8283695339358625,-2.0873752493854245,0.29393502546489014,-1.1492755006699031,0.1833024692505607,-1.9146683822585078,0.6287838187035599,0.551087699947964,0.8785505402063859,1.759481856492321,-0.23363620388033474,-0.658097001264969,-0.21026941401641847,-0.528690704598933,-0.5713020974537764,0.07904982400405276,0.1186206260482202,0.011481286735079829,-0.053108161902459275,-0.26151622646646455,0.2783355822967672,0.23467243666219298,0.15075507330744872,0.021531697734724634,0.007869940304466014,0.02889468376112886,0.03618254825294805,0.004428862542196125,-9.065425313827606e-16,-8.316665919144786e-17,-4.188038785965598e-16,-1.4683215894561718e-16,-5.406581297768064e-18,9.400093828156311e-17,2.24628367502664e-17,-3.0421407942921153e-16,-6.778684523878446e-17,7.365900780204395e-16,-1.8416107483058487e-16,-1.146417554312518e-16,-5.449063652027437e-18,1.6020520238615714e-16,3.362981895283318e-17,1.338040775827346e-16,1.0193469569987088e-16,2.377220849263644e-16,1.185031095428675e-16,3.1536242113650093e-16,2.230922861189776e-16,2.6519047402963836e-16,1.2214681541566953e-16,1.6428614980868504e-16,1.9596378631792594e-16,-7.119419915458665e-17,5.213893458991413e-17,9.742183284648803e-18,2.3683703148112216e-16,-3.0527196568837464e-16,-1.826689852840847e-16,-1.6786187812820994e-16,-4.3932326882226327e-16,-1.7558086233222955e-16,7.265216896767385e-17,-5.611831653488483e-18,2.0950392549689805e-16,-1.752957244333689e-16,1.599353185674219e-16,4.9310473049239945e-17,6.618814124516048e-17,-2.559281638984969e-17,5.690847830461091e-17,-3.3041121095353654e-17,-1.393779469201239e-16,1.0142394843454058e-16,3.732087376506496e-17,3.71312117913626e-17,-1.6922298835729217e-16,2.4637124259999223e-16,-1.8500724294043759e-16,2.2687681297463407e-17,-1.0271845288942781e-16,-1.216539636588686e-16,-6.498236557951415e-17,-2.0452066044049922e-17,4.855395752565483e-17,6.206789172885662e-17,1.1544445202336158e-17,-1.2941299454670383e-16,5.957252476327863e-17,-7.226837445046262e-17,1.357021736971064e-16,-2.4251347368481976e-17,-9.635013957624124e-17,6.570765017562461e-17,6.089076259947027e-17,3.6941843176904327e-17,-2.5016328428292125e-16,-3.874760758967752e-17,-2.4206526236060575e-17,-1.1426796982478808e-16,-8.834043671433416e-17,1.313165517210151e-16,-1.8969842190158066e-16,-9.594773750259893e-17,-1.3874968099361239e-16,-1.062258224694239e-16,-1.2896172872198512e-16,-8.068462826084826e-18,-1.5013751049983672e-17,1.4450709878384428e-17,5.138258972092803e-18,-2.5114308715375333e-16,-6.822875018525134e-17,-1.3530641401755012e-16,-1.0042961561958645e-16,-5.278603442528268e-17,1.1381329690589425e-16,1.909051153758385e-17,-2.135388626609916e-18,-5.575040662910978e-17,-9.47294270713462e-17,4.893338010190493e-16,-9.140548037957135e-18,-7.309271132486195e-17,-1.5517875010745192e-16,-1.392098342761105e-16
CC(P(C(C)(C)C)C(C)(C)C)(C)C.[K+].[OH-].C1COCC1>>,CC(P(C(C)(C)C)C(C)(C)C)(C)C||[K+].[OH-]||C1COCC1,C_ad53942d5d4a,CC(P(C(C)(C)C)C(C)(C)C)(C)C||[K+].[OH-]||C1COCC1,CC(P(C(C)(C)C)C(C)(C)C)(C)C,[K+].[OH-],C1COCC1,-1.2703885235643282,-1.275784110082441,-0.5742421998566895,-1.9414884640719157,1.0483509919644016,-1.0076968333616079,-0.3326699603888146,0.07682069557778257,1.5103972933193086,-0.4528481234284686,-0.27964801366408376,0.05853270676827344,0.10702165856121863,1.3528071032745563,1.5263476841342516,-0.4846597352701816,-1.0117594591257648,-0.565317957753525,-0.6046703649727001,0.16857771614404232,0.012042754931213992,-0.0021526509042758316,0.20396781753223767,0.13880224386530296,-0.17215166787436423,0.047949752109115104,-0.05731025285556048,-0.002780297855914825,0.0051254528608913425,-0.033089554629740815,-7.549408912205332e-16,-2.3780236039023885e-16,-1.7626428890425837e-16,-4.2966442795254057e-17,8.67228289394952e-17,2.7704596391620394e-16,4.4401895823357315e-16,3.364018336688256e-17,4.824025397887476e-16,3.8915561846586965e-16,-1.9301567812420875e-17,-3.7088162404382266e-16,-7.42737700293221e-17,2.8909458392248404e-16,1.526815520293666e-16,2.1300218413435654e-16,4.052435605212884e-18,1.8048575481440435e-16,-6.469447443474043e-17,3.665517003016897e-17,2.985674991153776e-16,3.02024148676606e-17,7.7163364856548e-18,-9.099726802863514e-17,-1.494732057181254e-16,-8.166168170717724e-17,-4.561209360796538e-17,1.54279442372365e-16,-2.557702383581485e-16,-2.465239938740352e-16,-1.9638368381885533e-16,-4.2461373816419786e-17,1.0652622199947427e-16,9.5124680131627e-18,-1.547383941270705e-16,8.711261851407973e-17,2.1387793804365388e-16,3.79508466218537e-16,-2.924241712933199e-16,-3.767306468706491e-17,-6.63740105312663e-17,1.355130844730997e-16,-3.0555495069577117e-18,1.1863384770316015e-16,9.735922622855645e-17,-1.9562789114264403e-17,7.968235202380127e-17,-4.894569502529173e-17,7.43976433113898e-17,5.860387282822092e-17,-5.839947763454684e-17,1.9296913887606916e-16,1.5303316996843155e-17,3.000655231394213e-17,1.5893185225141498e-16,1.6246422159311548e-16,-8.527131621973808e-18,1.2052092868865506e-16,3.7079315236839257e-17,-9.847533070792377e-17,7.699483392773952e-17,2.0709416943183165e-16,4.557977911509809e-17,8.8066271146301e-18,3.661236259909959e-17,1.5980482625249198e-16,-1.7790226133536016e-17,1.8206061069258524e-18,-3.376696140585003e-17,9.587092254609954e-17,8.752907513051276e-17,-1.3772900331478076e-16,1.5180968946568112e-16,-4.1444827672705886e-17,6.42492069741969e-17,1.3567598548914183e-16,-1.1610276530147744e-17,-8.541162137654804e-17,1.7353249468999463e-16,-5.792735774154294e-17,1.2854424236049516e-16,-4.571660901279549e-17,1.200757382324298e-16,1.3807061411855836e-18,-1.1702105723903962e-16,-1.115606591107423e-16,-1.1147630529348413e-16,7.200917911718615e-18,7.176993755442025e-17,-1.562598285052887e-17,-5.90607665361773e-17,1.6928467169179498e-16,-4.288804306139457e-17,-1.0261348210537632e-16,1.353769022854879e-16,-7.076219565537632e-17,-1.0004556252633498e-16,-8.854404419993069e-17
P(C1=CC=CC=C1)(C2=CC=CC=C2)C3=CC=CC=C3.[K+].[OH-].C1COCC1>>,P(C1=CC=CC=C1)(C2=CC=CC=C2)C3=CC=CC=C3||[K+].[OH-]||C1COCC1,C_972bd5a967fc,P(C1=CC=CC=C1)(C2=CC=CC=C2)C3=CC=CC=C3||[K+].[OH-]||C1COCC1,P(C1=CC=CC=C1)(C2=CC=CC=C2)C3=CC=CC=C3,[K+].[OH-],C1COCC1,-0.16796589296963857,1.132923649634095,-0.882614957209043,-2.1286372323942944,0.7312251848327964,-1.2030335161207764,-0.22266208504411394,0.5701600943536328,-0.08032797488485341,-0.23870393435696644,0.5810737765892044,0.20609484300224915,0.25236688921699135,1.4023331713261085,0.5448231440598684,-0.4016573374394547,1.8125386576609397,-0.5973860701186277,-0.6211472665086469,-0.15828372122014614,0.04406646073661295,0.16978462973637673,0.14830434571322137,0.16354822107235698,-0.15567399951525196,-0.023204651659476223,-0.08340397653325873,0.004647445638213745,0.019959691010041414,-0.014768287881922037,-2.7634144945066956e-16,-7.615170283804439e-17,-1.348965416122395e-16,-5.650137209237156e-17,-1.2151919183171495e-16,-5.033306800031037e-16,1.4666003544895225e-16,1.4689734163848665e-16,-3.1924109133778024e-16,-3.718799311982918e-16,-8.069493896819009e-17,5.225270290205766e-17,-4.4076523859972814e-16,1.5828597062358938e-16,-8.737111882593161e-18,2.318492135740151e-16,-2.356876233921549e-17,-1.9501555805828862e-16,-1.1018300117888897e-16,4.1956570897711134e-16,-3.8089364287256885e-16,6.946933977915595e-17,-1.472044689372748e-19,9.476797308114789e-17,5.569232433810066e-17,-2.1200006255978018e-16,-1.666738624155309e-16,1.5080285127376082e-16,-1.0996961902093992e-16,-3.479558211093671e-17,3.307898344302421e-17,8.39702712839114e-17,-1.4134593010064522e-17,-1.4906990027752126e-16,2.5402496641686763e-16,-3.004906861030052e-16,1.1363471368383873e-16,-1.0309771285118053e-16,9.716749225324396e-17,2.2208711828834272e-17,-8.171663273260503e-17,8.673849854459946e-17,1.7797473250232124e-16,-5.842681638284869e-17,-1.0400398644286026e-16,2.8020184978974035e-17,7.097765917779063e-17,-5.713471836948977e-18,1.1279482266130527e-16,2.157269240842287e-16,-2.171965294067608e-16,-8.633915609772604e-18,2.607924653058376e-17,1.0949862560222661e-16,1.4187307289595685e-17,1.8910234672651008e-16,1.0915679417761934e-16,-1.4286432322688061e-18,-1.0294098931492369e-16,2.9580297493597494e-17,-1.7786247739426236e-16,-6.38767588103702e-17,3.544633539905906e-16,-1.207160793507256e-16,-1.1827093722702854e-16,1.1306997403660296e-16,1.7122100997655672e-16,-6.38264325508785e-18,1.7309637293117666e-16,-1.320324481362997e-17,-6.11519404425819e-17,1.8291926478513887e-16,2.8576096200149384e-17,-1.7494623109369833e-16,-2.0353903413349026e-16,2.360528961606243e-16,-1.844596446067845e-17,4.711599533950863e-17,-4.377106785163017e-17,1.6488398204833626e-16,4.181104663469808e-17,1.4670819618180342e-16,-9.092418259002336e-18,-3.0040796997088146e-17,-2.0942180408840713e-16,-2.2471080301631943e-16,-4.497504778059386e-18,-9.13884444423572e-17,1.3824597667212099e-16,1.1169858868338403e-16,-8.33368715640994e-17,1.1505915240455357e-16,-1.3912025063915405e-16,6.559819259677858e-17,9.807151154104489e-17,3.91556510582278e-19,-1.6186748166318884e-16,-9.015525542431357e-17
CC(C)(C)P(C(C)(C)C)C1=CC=C(N(C)C)C=C1.[K+].[OH-].C1COCC1>>,CC(C)(C)P(C(C)(C)C)C1=CC=C(N(C)C)C=C1||[K+].[OH-]||C1COCC1,C_dcaf17daf089,CC(C)(C)P(C(C)(C)C)C1=CC=C(N(C)C)C=C1||[K+].[OH-]||C1COCC1,CC(C)(C)P(C(C)(C)C)C1=CC=C(N(C)C)C=C1,[K+].[OH-],C1COCC1,-1.3570316798213924,-0.2961236627276305,0.5912958444768284,-0.4086676947918776,4.628614921172801,-1.1620687842684638,-0.03586284462827987,-0.528865503948829,-0.8168573149192736,-0.1760538441641056,0.5053437395868784,0.41988937955603095,-0.06714415298371793,0.8058420665787944,-0.4570540580957898,0.2339244319498203,-0.19695316709033675,-0.5815457151212018,-0.6594269106217424,0.3203559096174511,0.1755669536293211,0.2528036730497572,0.2366589802547126,-0.1150710585982724,0.1624053501711849,-0.13837216070283456,-0.00440901079217867,-0.007946795737906215,-0.011428941714639528,-0.13884835806302942,-4.652448112515188e-16,1.0450438373095834e-16,8.240530424343593e-16,3.90138624465122e-16,1.914333158437117e-16,7.670348136126731e-17,-2.1714672462592537e-18,-6.336413748576936e-16,-4.431133718825868e-16,8.520108830062715e-17,1.0397171300413161e-16,-2.5392122585312106e-17,3.872775399189102e-16,2.429348553980647e-17,-8.081705043659607e-17,-2.5573047338107764e-16,-6.817738345544547e-17,-3.435162934612123e-17,2.621199584400093e-16,-6.014814513860959e-17,1.7408477270360035e-16,1.3802546318738883e-17,3.997516607696063e-17,2.238935337881627e-16,2.984684549485236e-16,-1.0435000065857928e-16,-5.496534991387261e-17,-1.8630491763863687e-16,-2.006391106328252e-16,1.7381098351864317e-16,-3.3552434018985586e-18,1.3084731980159863e-16,1.773450286858366e-18,-2.21750968346366e-16,1.2590916729991996e-16,1.632501548996768e-16,-9.669140498381639e-17,-1.4821157522208301e-16,-2.1699148380373327e-16,-2.7804423106302917e-16,1.6713241068630024e-16,-2.4137448989605244e-16,-8.423897940777302e-17,-1.0202103330970031e-16,2.134049217748516e-17,6.544733116486418e-17,-8.390346880159813e-18,-1.6353571537201674e-16,-8.949816054003973e-17,-7.967025461610038e-17,-9.908182879670192e-17,1.0624085579932879e-16,-2.691068614103815e-17,1.3954583410696347e-17,-1.3914515392142114e-16,-4.6528589824157656e-17,-2.72153170480151e-16,1.2188648118112721e-17,3.1399509778732064e-17,-1.069944253514036e-16,-7.240249697762533e-17,2.327774650146009e-16,5.780950671881877e-17,5.471688003829362e-18,1.364648694956069e-16,-3.938800848985316e-17,-1.6560873409275848e-16,-3.146630394826489e-16,4.004481128727698e-17,9.375792138865601e-17,1.288461257784991e-16,1.9975433325251188e-17,-6.89574179492031e-17,1.4028057685853714e-16,1.5361754181144472e-16,6.376682745385684e-17,-4.1472892027394715e-19,2.467665595985506e-16,-1.7978741817748871e-16,5.7261115204196126e-18,-2.1680850301669023e-16,3.714210631993738e-17,1.0311724411919145e-16,-4.2305522437869194e-17,1.3698608927749334e-16,1.0073003400348902e-16,7.415263793863103e-17,-1.0985262215529251e-17,7.782019972998168e-18,2.4586990939222873e-16,-2.7525944852299123e-17,-1.5390223478188478e-16,-8.845190685724489e-17,-4.534076285381845e-16,-2.0293235675377066e-16,-1.1709678897705365e-17,1.503311749319151e-16,-3.426148097798395e-17
P(C1CCCCC1)(C2CCCCC2)C3CCCCC3.[K+].[OH-].C1COCC1>>,P(C1CCCCC1)(C2CCCCC2)C3CCCCC3||[K+].[OH-]||C1COCC1,C_2e121051c46d,P(C1CCCCC1)(C2CCCCC2)C3CCCCC3||[K+].[OH-]||C1COCC1,P(C1CCCCC1)(C2CCCCC2)C3CCCCC3,[K+].[OH-],C1COCC1,0.015518490013671737,-1.6568374136351414,-0.7925910055777571,-2.0321503514838195,0.6348164365871174,-1.1688198420656517,-0.4961187030619358,0.49035074736019335,2.438755912221008,-0.1728336940789259,1.2449571142635614,-0.20852088232325175,-0.036417143738097714,0.6003345494690154,-1.1650101039247023,0.7087279358449154,0.1808095529941922,-0.5984439794442028,-0.5963827252509544,-0.22663092397399015,-0.09042673038911352,-0.04059226172607057,-0.46309869799446013,-0.15280285474954994,-0.10792458505123773,-0.07656821652162224,-0.00885936802942804,-0.01213611156389451,0.13396982366188784,-0.04041309296588103,1.2042596145531888e-15,4.2238665643775556e-16,-4.743270769383026e-16,6.070464275599111e-16,-2.127082508160634e-16,2.1336600917056416e-16,1.675886275557564e-16,-3.6232134196533635e-16,1.0826195253668355e-16,1.3456220534373365e-16,-1.871420398670651e-16,5.395769494834537e-16,1.2270297329698561e-16,3.171796464938553e-16,1.5595698942840048e-16,-1.6182724217703962e-16,2.899161382460855e-17,3.6126168609322333e-16,-2.602079107597781e-16,2.265524520649037e-16,5.966566889601388e-18,4.5709494439807154e-17,2.2800425333532095e-16,-1.4104625236980805e-17,1.928834716020356e-16,4.075197478973099e-16,-8.288740320032245e-17,5.398458512177441e-17,2.2377262415272075e-16,3.237202576408879e-17,4.024891823684572e-16,-1.770645282209159e-17,2.453405391842747e-16,-3.6067522831994894e-17,2.339094783874928e-16,-1.4870328828689694e-16,3.047744395970228e-16,1.0859931544739216e-16,3.3939815556766834e-17,1.2450152504571042e-16,1.4586435800889525e-17,1.1200074501539493e-17,2.0480683620177508e-16,-1.1964416066149766e-16,4.321495388357546e-17,1.766910659735565e-17,1.9493907678666258e-16,-2.216713096871569e-16,-3.275727675947206e-16,1.8207626172356735e-16,-8.933858139045355e-17,-3.857269012568384e-19,7.379162759824347e-17,7.822167799897127e-17,3.447104397503825e-17,1.615746164322788e-16,2.549987186406276e-16,-1.3266850949910038e-16,1.180455300572491e-16,-5.777262544634419e-17,1.9670725643456014e-16,-1.440270129251782e-16,8.263722226330669e-17,-1.940699189599126e-17,1.7738716529862912e-16,-1.0538722302038637e-16,-5.865955585343189e-17,7.167337430134134e-17,4.579490973568504e-17,4.166777009417838e-17,1.988750240518217e-16,3.2512468753716955e-17,-2.3751844677669127e-17,8.9848791517339e-17,5.724851195709442e-18,1.7188041662381396e-16,6.314377566157088e-18,-1.2912696384738492e-17,1.3969021200331107e-17,3.012150672291143e-16,-3.772297659275798e-18,-1.8495166806755988e-17,1.9411377711657963e-16,-3.069413510654887e-16,1.2658495147580059e-16,1.2550703117843369e-16,-3.51855803525033e-17,2.5149357686202735e-16,1.6612582069151159e-16,-9.194111637184019e-17,-1.175265008433656e-16,6.003247230616747e-18,-4.472280590243597e-17,-1.6082223076082754e-16,-1.7742620030654373e-16,-1.0422691877418043e-16,-1.0766289820426714e-17,-3.8805162793103954e-18
CC1=CC=CC=C1P(C2=CC=CC=C2C)C3=CC=CC=C3C.[K+].[OH-].C1COCC1>>,CC1=CC=CC=C1P(C2=CC=CC=C2C)C3=CC=CC=C3C||[K+].[OH-]||C1COCC1,C_15a68dd21f8d,CC1=CC=CC=C1P(C2=CC=CC=C2C)C3=CC=CC=C3C||[K+].[OH-]||C1COCC1,CC1=CC=CC=C1P(C2=CC=CC=C2C)C3=CC=CC=C3C,[K+].[OH-],C1COCC1,-0.3376207846642075,1.5455959126649796,-1.046950681276603,-2.1524377958422125,0.757405107570695,-1.1544127198188352,-1.1575936943163208,2.991854470007654,-0.517278590388285,-0.23936182713290607,-0.6509066816090985,0.7290943703209493,-0.09034257898788374,0.6913784486503719,-0.5429021796783926,0.3784157049990328,-0.5609473924549269,-0.5764233241395218,-0.6134637908652039,-0.1851157017592356,0.04258901149492571,0.1718400599053578,0.14685021105004978,0.15432022116103236,-0.16234351499597688,-0.025557993819578025,-0.08357526757276734,0.004021093683691623,0.020086807625066594,-0.014569692535917946,-2.274971066566093e-16,2.7540562636715903e-16,-1.1621496461292551e-18,3.9829199581103716e-16,-8.330117452268264e-17,8.109145160481609e-17,-2.5104482260933805e-16,-6.564781468828062e-16,-5.8060417816450255e-16,-2.191067213052052e-16,-7.625992181257265e-16,1.0848988293105972e-16,5.361211356362176e-16,3.975055928584701e-16,2.482524812839352e-18,-4.602806189850025e-17,-2.131774591599668e-17,-2.1342521963197831e-16,3.107884771709474e-16,4.2431009571816286e-16,1.7321293791347054e-16,-1.2590045704723038e-16,-1.2957749692024917e-16,-2.2971251415339663e-16,-1.5405123334160536e-16,-1.1946806633990953e-16,-1.4191592709851754e-17,-3.398483047927358e-18,-2.022208929146547e-16,-3.3923259024634516e-16,-3.9271851025725773e-17,9.911948348789445e-17,-5.964463450271739e-17,1.0758791496674015e-16,-8.948787974009362e-17,1.5994838264276024e-16,5.943445421630522e-17,6.316351697066039e-17,1.9062505860718625e-16,-5.3122599479475735e-17,1.1468389436223885e-16,-2.2719661567923487e-16,3.422385723001955e-17,1.2710569131686187e-16,-1.9303713180452916e-16,-7.66106580119428e-18,-1.5425932634105054e-16,-2.3872021619666297e-17,1.2843356568873816e-16,-1.6898501742248167e-16,-2.482809200861791e-16,-5.739593142423037e-17,-7.448220389776959e-17,3.036700594321643e-16,2.479852371708825e-17,4.540131482185367e-17,-5.648585402383571e-17,-1.3119046850898727e-16,1.753060883731289e-16,-1.7785629919515e-16,-1.7434466408766342e-16,1.325579762168787e-16,-6.355523515225243e-17,2.0597678867805425e-17,-1.640272342908292e-17,1.7441086492228635e-16,8.475524971196435e-17,1.3003551532751745e-16,-2.2616828482726653e-16,-3.534939924270593e-17,9.939236001946721e-17,3.7344864342366703e-17,-1.1701589130884175e-16,8.240142000359364e-17,9.315815825711516e-18,-2.1669764785312097e-16,9.188360060564823e-17,2.754684508673074e-16,1.450078908690937e-16,-3.625369179829964e-18,9.789918685214464e-17,9.824675059256561e-17,-3.0004441143122686e-17,-6.917433545676752e-17,2.1742596827035191e-16,-8.345620772025399e-17,-2.432357907608412e-16,1.2687791865132243e-16,3.6423745203739765e-17,6.423827912852777e-17,-8.359635163737293e-17,-3.4148393343936305e-16,-1.0654974861822503e-16,-2.194721223109383e-16,1.726842051792808e-16,1.4555996914307117e-16,6.033727143274135e-17,-2.0540116888949818e-16
CCCCP(C12C[C@@H]3C[C@@H](C[C@H](C2)C3)C1)C45C[C@H]6C[C@@H](C5)C[C@@H](C4)C6.[K+].[OH-].C1COCC1>>,CCCCP(C12C[C@@H]3C[C@@H](C[C@H](C2)C3)C1)C45C[C@H]6C[C@@H](C5)C[C@@H](C4)C6||[K+].[OH-]||C1COCC1,C_e43e0da075cd,CCCCP(C12C[C@@H]3C[C@@H](C[C@H](C2)C3)C1)C45C[C@H]6C[C@@H](C5)C[C@@H](C4)C6||[K+].[OH-]||C1COCC1,CCCCP(C12C[C@@H]3C[C@@H](C[C@H](C2)C3)C1)C45C[C@H]6C[C@@H](C5)C[C@@H](C4)C6,[K+].[OH-],C1COCC1,-1.7396692742722728,-3.547484528329406,-2.8763336839426894,-1.811013100791364,-0.2819258919979872,-1.0064997747921802,-0.040651688882105345,-0.29140151528619546,-1.7823318683030642,-0.09290095914735379,0.17944043547109195,0.589495082846483,0.12641057354704824,0.8752995633613849,-0.15700381773811894,0.1665931572741997,-0.10813675175593425,-0.5873091657172096,-0.5944899620374875,0.11885646624494935,-0.12052539057466977,-0.21111760417659728,-0.4074083885998817,-0.17170622061517177,-0.13326993580778093,-0.011710665883059274,-0.00047780065803124176,-0.04529897534994128,0.0007997530955744389,-0.05160503345701141,-4.767609531179656e-17,-8.928254497566954e-17,1.7161404665862367e-16,4.3772351651386655e-17,1.1725161519975256e-16,2.273550541417877e-16,3.9373530754483237e-16,2.1836289307672044e-16,-1.8173799084449822e-16,2.52900842093167e-16,-3.755795146697981e-16,-4.625019979447981e-17,4.203655519709653e-17,1.932051272460348e-16,-1.0361199543598378e-16,1.8994630306127437e-16,1.2970351200506315e-16,5.156992204511127e-17,1.4217984865754176e-16,1.7678268298660332e-16,-1.2543481628259348e-16,1.431529944154719e-16,1.019963633111308e-16,7.473856544883901e-17,-9.530166948094685e-18,-1.9057872194307304e-16,-1.296313111119045e-16,-5.77206428012827e-17,-1.876711173825815e-16,-1.394127195711416e-16,-1.938037481701805e-16,2.460315247601107e-16,-2.2765348166528155e-16,-1.959924250706646e-16,-2.9354603062370364e-16,-1.7879228757246597e-16,-8.370384817558682e-17,-6.658740947840066e-17,-2.8172436755463904e-16,-4.734505189217467e-17,-3.638183333357459e-17,9.20036500492454e-18,-2.587260186491058e-16,5.994401125934006e-17,-1.2690931083758557e-16,1.3104469699350832e-17,2.019354640851835e-16,-1.4250066049331254e-16,-6.684003384287566e-17,-3.352179746629887e-17,7.769848999757361e-17,1.1701933382612187e-16,-5.236474319695886e-17,-1.5247504683473927e-16,-2.084867971494866e-16,1.217196743359969e-16,-3.39901423972711e-18,9.091900629074181e-17,-3.361657068875892e-16,1.87684296387852e-16,-1.1755268135470476e-16,1.0514054745561114e-16,2.5587256323627237e-16,-2.5584251513014438e-17,-6.732771346809824e-17,2.624883585527848e-17,4.060259349072506e-16,2.0778433425646345e-16,-2.785599124513373e-16,1.5559724836451432e-17,6.57627542533708e-17,3.406927142913296e-18,-1.1736274043044072e-16,-4.2496601037583124e-17,-1.527290973670023e-16,-6.461038339075562e-17,1.0830911708716383e-16,-2.5073890282745854e-16,-1.5209053808732817e-17,-1.0761942000485127e-16,1.0907055883746038e-16,-1.3299210324196266e-16,5.928110354259223e-17,3.873455458935176e-17,-2.242350007786283e-16,-1.5139832217168492e-17,2.6082354778230854e-16,3.5531509267676017e-17,1.6532539604703465e-16,5.520631038481331e-17,1.714068891351451e-16,2.0948096433410876e-16,1.8031510996454105e-17,2.240288835207548e-16,1.3635890715319132e-16,-3.5891973364726286e-17,1.4991178763402138e-16,-3.649701781878428e-16
COC1=CC=CC(OC)=C1C2=C(P(C3CCCCC3)C4CCCCC4)C=CC=C2.[K+].[OH-].C1COCC1>>,COC1=CC=CC(OC)=C1C2=C(P(C3CCCCC3)C4CCCCC4)C=CC=C2||[K+].[OH-]||C1COCC1,C_ee4cab6f75e0,COC1=CC=CC(OC)=C1C2=C(P(C3CCCCC3)C4CCCCC4)C=CC=C2||[K+].[OH-]||C1COCC1,COC1=CC=CC(OC)=C1C2=C(P(C3CCCCC3)C4CCCCC4)C=CC=C2,[K+].[OH-],C1COCC1,4.178551167251531,-0.5923614229808462,0.03570748907709278,-1.9771635554420648,0.707910870539726,-1.4351055352903088,2.7357359790810194,0.5493489814413055,-0.17532499240765545,-0.39071811985717025,-0.08878869345493522,0.5458145861577056,-0.028130353854509394,0.9452811965801531,-0.02373606259318565,0.14360596334506867,-0.25952001281947523,-0.5857167674511586,-0.6249651462194401,-0.3127694818964865,-0.09747789448354127,-0.1458616752495069,-0.44347054515854095,-0.056182170513614696,0.16030280061112454,-0.050619245005180585,-0.11657384923933527,0.12118245196713544,-0.021891186458412575,0.016010298929822038,7.201268943256577e-16,7.117479170190221e-16,9.641596929533865e-17,-4.013706223640376e-18,1.3696090414019915e-16,-1.451349563254066e-17,-9.13727508163614e-16,-3.6101771985630367e-16,-2.5950242130597667e-16,-2.4732284412164176e-16,3.0239552912662765e-16,-2.1483852715646717e-16,-2.7707864191292247e-16,3.2840334655599837e-16,2.6441455732197106e-16,-6.0821717929960935e-18,3.494739587964356e-17,-3.078132607099439e-17,1.1387176018521184e-16,2.7461116740522396e-16,1.6731477173097133e-17,1.219715954163267e-16,3.0325022113607735e-16,1.8806380892396944e-16,2.2425266863248365e-16,3.29069381582389e-16,-1.3673601397548904e-16,-1.3869176798549983e-16,1.0162677968626505e-16,-7.576544432473328e-17,6.182279851845695e-17,3.4554204923406844e-16,-2.1659228034061852e-16,1.5096950766794832e-16,1.1519776602447103e-17,-1.715897691242666e-17,-1.739871736992022e-16,6.320576949889602e-17,-1.098634253382458e-16,-1.0745825572654309e-16,-6.318426491887377e-17,-4.3452964567953693e-17,-5.2924457758763125e-18,5.079466605900936e-16,-1.7362581937599578e-16,-1.7782300539653656e-16,-1.0751577410876424e-16,-1.8557923261232668e-17,-7.878447103404589e-17,-8.580244404652505e-18,9.714791010811496e-18,-3.891722799250672e-17,-1.0632706250772336e-16,6.179988864444814e-17,-9.069213830933571e-17,1.1194802739993709e-17,-4.015393576856875e-18,4.599435375126092e-17,-1.2700016779600173e-16,1.257688408531973e-16,9.338897359699603e-17,-2.79388151821621e-17,-5.894428374293614e-19,9.216699013322934e-17,5.025737521267296e-18,8.493312042398403e-17,-4.1673414334067446e-17,-1.2402086782567048e-16,-3.018164839626642e-17,1.811035570837479e-16,-2.0414609892996624e-17,1.337845430161684e-16,2.338928214603715e-16,-3.649962390753529e-17,-1.0623226344113246e-16,-1.798689589322946e-16,3.1048799973681e-16,-3.907948829920738e-17,2.1500783635625359e-16,2.085967471976628e-16,-1.0805302633683158e-16,2.5137518396003834e-16,-1.7759936464243542e-16,-2.5437006186477906e-17,1.173050715559952e-16,-2.3130229801788098e-17,-9.177431994201898e-17,-1.9935627327522372e-16,-8.932647264599016e-18,-1.396231286421088e-16,6.732050924381362e-17,1.77293952915113e-16,1.3101940929619133e-16,-4.705877060255746e-17,2.3129500645185254e-16,8.327283432993063e-17,-7.042743659830983e-17,2.0461980864786644e-16
CC(C)(P(C(C)(C)C)[c-]1cccc1)C.CC(C)(P(C(C)(C)C)[c-]2cccc2)C.[Fe+2].[K+].[OH-].C1COCC1>>,CC(C)(P(C(C)(C)C)[c-]1cccc1)C.CC(C)(P(C(C)(C)C)[c-]2cccc2)C.[Fe+2]||[K+].[OH-]||C1COCC1,C_70b4d9b7997e,CC(C)(P(C(C)(C)C)[c-]1cccc1)C.CC(C)(P(C(C)(C)C)[c-]2cccc2)C.[Fe+2]||[K+].[OH-]||C1COCC1,CC(C)(P(C(C)(C)C)[c-]1cccc1)C.CC(C)(P(C(C)(C)C)[c-]2cccc2)C.[Fe+2],[K+].[OH-],C1COCC1,-1.8253203708670724,-0.6019356525732602,2.191516903313319,-2.9594214954297122,-0.23538291788779891,-1.090202164908405,-0.17196598960867807,-1.0594579617425384,0.32875429248053073,-0.40275279659378277,-1.4519574995541784,1.348435922501573,0.06790974245106814,0.8703740535028661,-0.6659450776768313,0.2573096205122706,0.233927319135399,-0.5887821724473999,-0.6113487016611777,0.17662813802247931,0.007524391523661725,-0.011965534013751179,0.1899127913512381,0.1337336786264017,-0.17345383826655073,0.04767146778287837,-0.057795348103353385,-0.003681531762589015,0.0023622857085612626,-0.03289093683954674,-1.6121092701408736e-16,3.856643432079595e-16,-1.4047322348593895e-16,-2.1972985935650663e-16,2.3415015138476253e-16,4.2716843759781257e-16,-1.990486110625486e-16,6.179400493643091e-16,4.3432512706423416e-16,-6.240378366276104e-17,3.5098405853199843e-16,1.226656425911429e-16,2.3549583560382213e-16,-3.559158516948859e-16,-8.076949229407803e-16,-2.386523604262373e-16,-5.3277720200527e-16,2.4691007618262046e-17,-2.5403598307348725e-16,-3.645906267588118e-17,2.539324985635466e-17,2.8055132208913615e-16,1.7825046884962049e-16,1.5888825418723375e-16,-3.224731498220064e-16,2.4396914102612444e-16,-2.2517398004931317e-16,2.6816961438245656e-16,-2.6440340146126055e-16,3.346312987147707e-16,-7.836321077206038e-17,2.665051414947048e-16,-9.28449235215816e-17,-3.999151879261152e-17,-1.803311783189636e-17,2.2617605011185346e-16,5.1518389401239514e-17,-1.6895784217925772e-16,1.4831642720760295e-16,-1.1541934765638386e-16,7.750730035080037e-17,6.788209614148242e-17,6.825277507723172e-17,2.7191102735214634e-16,1.1179683622338538e-16,8.981741869217464e-17,1.6178231970607241e-16,1.4804949168837311e-16,6.597738300599219e-17,-1.9548690417245677e-16,-1.2893451405932847e-16,-3.0719584115491564e-16,-1.0990774484648942e-16,5.705191571116263e-17,1.3016182159426678e-16,1.376611255657076e-17,-4.123692524929287e-17,-1.1180846048755183e-16,1.979002374759667e-16,9.84226843446979e-17,-2.942444423560584e-16,-9.632190307076162e-17,-1.8567602975650957e-16,-2.1764628641401283e-16,-3.0316804863609076e-16,-1.1590767814495665e-16,-3.401391111258756e-17,-1.4235515758203845e-16,1.0505229785578445e-16,1.4395095344986367e-16,-8.343323654662193e-17,4.448722628988756e-17,-3.351061083393885e-17,3.8701059804752705e-18,-2.4664051228326306e-17,-3.949141834957198e-17,3.002287241684341e-17,-1.5218651840110043e-18,-1.8531927629672088e-16,-1.249831992862255e-16,-1.1495855683535541e-16,1.0859093254826237e-16,-5.890237567526296e-17,-7.240893893689029e-18,1.4995366046987367e-16,-4.099447944169744e-17,9.420096617721892e-17,-1.3688157590325314e-16,1.9309097110373175e-16,1.2422755343666836e-16,1.1628521350637666e-16,-5.572639486842801e-17,1.3875358788304964e-16,2.3009441664096977e-16,1.8524949287246773e-17,-1.3997400795052153e-17,-3.22357165882038e-18,-1.3498056874997737e-17
CC(C1=C(C2=CC=CC=C2P(C3CCCCC3)C4CCCCC4)C(C(C)C)=CC(C(C)C)=C1)C.[K+].[OH-].C1COCC1>>,CC(C1=C(C2=CC=CC=C2P(C3CCCCC3)C4CCCCC4)C(C(C)C)=CC(C(C)C)=C1)C||[K+].[OH-]||C1COCC1,C_726a0fc8079b,CC(C1=C(C2=CC=CC=C2P(C3CCCCC3)C4CCCCC4)C(C(C)C)=CC(C(C)C)=C1)C||[K+].[OH-]||C1COCC1,CC(C1=C(C2=CC=CC=C2P(C3CCCCC3)C4CCCCC4)C(C(C)C)=CC(C(C)C)=C1)C,[K+].[OH-],C1COCC1,4.557198243558999,-0.7293959592122944,0.012381466445625341,-1.849005784431004,0.7947872544579896,-0.5847482215477391,-2.7573132243418934,-0.9673437171868425,-0.49946990248528655,-0.01970100758306007,-0.0006141235193377018,0.43584943253323627,0.23933096213755642,0.9122504991528494,0.13101450804528855,0.10131156424781851,-0.2253718259315039,-0.5910689107295636,-0.6270038741934549,0.09723950788424814,-0.10149895567417563,-0.22888544582585799,-0.4825870240307428,0.00535786765606292,0.022786759472711512,0.013460792817228605,0.025305294223542628,-0.039816784621189524,-0.0160889115199259,-0.052477027750137226,-4.408745210723819e-16,-4.557450267420662e-16,2.9802370971431474e-16,4.118403396067498e-16,2.706957580617623e-16,-1.8808279661621512e-16,-1.557900091883027e-16,-1.5082982035681195e-16,-1.7823806150349347e-16,-3.043545075675239e-16,-7.943682299919358e-16,-2.9070065705756214e-16,-2.755615901314374e-16,-9.754208621743081e-17,1.9991912024113852e-16,3.7578518578231836e-16,3.467854411213e-17,1.7639959155045164e-16,2.054710847417025e-16,2.1312116655123614e-16,-6.15034837962889e-17,-5.831099743149524e-17,2.404920412286347e-16,-2.8634532202258223e-16,3.779814158942736e-17,3.9549735306083184e-16,-2.944470669684047e-16,3.064135937228159e-17,1.9667582330629565e-16,1.855077895146645e-16,-1.5516676303108784e-16,-2.838252176437195e-17,5.911837600038111e-17,1.148307207655219e-16,6.864283947968723e-17,1.4086019550455824e-16,-1.0252130388295591e-17,-4.523410465624599e-17,2.2393857274485094e-16,1.4701948434589425e-17,-1.1806622927156103e-16,-5.826518601677712e-17,-1.9470966657163654e-16,7.334828460779743e-17,-1.502245108153499e-16,-8.690524707363797e-18,-7.624930726532348e-18,8.746908591535192e-17,3.9587192409278444e-17,1.4170212516946103e-16,-3.2362726046640995e-17,-7.674533261122055e-17,4.1990038852260734e-17,2.2027244793501795e-17,-1.342041995820921e-17,6.7292432237948e-17,-1.4903269236267784e-16,1.423800058728013e-16,1.6101902478685245e-17,1.0831795435080296e-16,5.734757447576776e-17,1.3308797740051227e-16,-6.995846927415063e-17,1.9405545067123454e-16,-1.7682939626869604e-16,1.4609815068770804e-16,-9.618276772771651e-17,-2.40787775608426e-16,-1.1949281980251642e-16,2.803565712901912e-19,1.1498268060601614e-16,3.376291574127303e-16,-1.9121217814371082e-17,2.900393373268892e-16,-1.450895115931142e-16,9.391125155139102e-17,-5.096470879415503e-17,-1.129246640173471e-16,-7.507546236655594e-17,-1.238034006745244e-16,2.0074118371568146e-17,1.0933368168127459e-16,1.2616038159816666e-16,2.504839268205087e-16,1.2857823412480614e-16,4.94472323234023e-17,-1.997599707481139e-16,-1.6380167114748158e-17,7.625179337833035e-17,4.7283873490774815e-17,2.1911235249122993e-16,-1.010179588851939e-16,4.122317576315568e-17,-6.687394240890701e-17,9.096913908099426e-17,4.183003968371687e-17,-1.9985992669532935e-17,-6.418677524302287e-17
[c-]1(P(C2=CC=CC=C2)C3=CC=CC=C3)cccc1.[c-]4(P(C5=CC=CC=C5)C6=CC=CC=C6)cccc4.[Fe+2].[K+].[OH-].C1COCC1>>,[c-]1(P(C2=CC=CC=C2)C3=CC=CC=C3)cccc1.[c-]4(P(C5=CC=CC=C5)C6=CC=CC=C6)cccc4.[Fe+2]||[K+].[OH-]||C1COCC1,C_11b78a7a707e,[c-]1(P(C2=CC=CC=C2)C3=CC=CC=C3)cccc1.[c-]4(P(C5=CC=CC=C5)C6=CC=CC=C6)cccc4.[Fe+2]||[K+].[OH-]||C1COCC1,[c-]1(P(C2=CC=CC=C2)C3=CC=CC=C3)cccc1.[c-]4(P(C5=CC=CC=C5)C6=CC=CC=C6)cccc4.[Fe+2],[K+].[OH-],C1COCC1,-0.973124983070837,0.6275634237128667,2.0223772322488203,-3.138622211642738,-0.6525356085216418,-1.3350483452475799,-0.15611373600566164,0.15892758772976068,-1.1799873533603111,0.028920095744290587,1.9798676619784252,-0.4752156125770627,-0.01921248183551271,0.8549035227985775,0.061051003389698835,0.20563563323179612,-0.6066306504002651,-0.5769458681449149,-0.6124359416256367,-0.18092203962061162,0.042050518200118917,0.17025089293742968,0.14770101861286894,0.15312416750058144,-0.16320489552014728,-0.025337501990929528,-0.08384632855241893,0.004110794536069215,0.020036374973683716,-0.014519164366431433,2.857016783442084e-16,-5.967388591717154e-16,1.9467775981360173e-16,4.304883426803577e-16,-1.6882943200946773e-16,4.784628161980525e-16,4.854260856674733e-16,2.248744574157653e-16,-1.8014253668788083e-16,3.862808925229155e-16,5.900755600380959e-16,1.5197496573178975e-16,4.604567340378758e-16,-1.480620742488283e-16,3.930639371540208e-17,8.16158725964027e-17,-3.452245404008531e-16,1.1483155357524779e-16,-1.1046464620974776e-16,3.519677420931714e-16,2.287322286737607e-16,1.9327263768365288e-16,-1.9008052813092906e-16,-1.3012435483328644e-16,-2.0128900265792844e-16,-5.0899929510397127e-17,1.527875547484803e-16,7.96098137564818e-17,1.8086813656245226e-16,9.33845510266712e-17,4.8261046015781506e-17,3.094609333587701e-16,6.553861905938971e-17,-1.4734495670944932e-16,-1.4633444099802727e-16,1.1410459952737458e-17,-7.602829077845028e-17,-3.073477023810045e-19,-5.538493420051945e-17,5.409150413270716e-17,-2.0558359824174193e-17,3.077722359910126e-16,1.9966313069953328e-16,7.700021957194518e-17,-2.308378801733193e-17,7.42718795301223e-18,-3.262089082408836e-17,-1.0152516625819632e-16,-1.2407314786741622e-16,-5.0486886059805563e-17,-1.9848000099295423e-16,-2.1339996883346295e-16,-2.64236699480787e-16,2.4156558256257217e-17,-5.26338164126246e-18,-1.4758122472120578e-16,-3.9931500842879096e-17,1.2372593576635173e-16,5.953251140771137e-17,1.5314144762526088e-16,1.0063296413404589e-16,1.7446210314576378e-16,-7.560543014049506e-17,5.1520745234865004e-17,-4.192554987425892e-17,-1.8028321471622736e-16,1.5175694123682975e-16,2.566571752510381e-17,-2.343337006090397e-16,-8.332869170076412e-17,-1.2126644560088619e-17,-1.529025680720548e-16,1.6265030713646448e-16,-4.262204894095813e-18,-2.2145395565921363e-17,1.2076306795615668e-16,2.338376553360241e-16,-5.645243323851234e-17,3.593944024858714e-18,1.0573036367573998e-16,-7.707189622283152e-17,-1.4707045362534554e-16,-2.9929664181533064e-17,1.7398733415539742e-16,1.8663236913235465e-16,2.7443060739246627e-16,-1.3685688693361837e-16,-1.6083225278599043e-16,1.6593374234572977e-17,-3.957508528999114e-17,-1.6602310566162202e-16,-6.411604307544031e-17,2.869458547793229e-17,-4.1208773571842446e-18,-5.1288714160101946e-17,-2.0304177820317391e-16,1.3141192689512132e-16,2.5076478230885994e-17
CC1(C)C2=C(OC3=C1C=CC=C3P(C4=CC=CC=C4)C5=CC=CC=C5)C(P(C6=CC=CC=C6)C7=CC=CC=C7)=CC=C2.[K+].[OH-].C1COCC1>>,CC1(C)C2=C(OC3=C1C=CC=C3P(C4=CC=CC=C4)C5=CC=CC=C5)C(P(C6=CC=CC=C6)C7=CC=CC=C7)=CC=C2||[K+].[OH-]||C1COCC1,C_241742e0a1e1,CC1(C)C2=C(OC3=C1C=CC=C3P(C4=CC=CC=C4)C5=CC=CC=C5)C(P(C6=CC=CC=C6)C7=CC=CC=C7)=CC=C2||[K+].[OH-]||C1COCC1,CC1(C)C2=C(OC3=C1C=CC=C3P(C4=CC=CC=C4)C5=CC=CC=C5)C(P(C6=CC=CC=C6)C7=CC=CC=C7)=CC=C2,[K+].[OH-],C1COCC1,-0.2358610622167019,3.4023210599471394,-2.8033175416007756,-2.0631193079462986,0.29713560524593563,-1.0996572144704495,0.19065960057409023,-1.9842520388899012,0.24146054602229627,-0.2581191750539427,0.19835569403247877,0.47339990936943055,-0.023753649526092744,0.8118581401287602,-0.3878790353404105,0.34367087235142096,-0.6080577053636175,-0.5899405355219703,-0.6388192811677912,0.08701292202728755,0.003538140836449732,-0.14857749239409646,0.18857926192425994,0.26586176592594085,0.04376968974975843,0.04684015742216259,-0.023742203297546494,0.006628279106682886,-0.018720653456294315,-0.01602027690339829,-5.417678065612285e-16,-2.723781826069132e-16,-4.972657196987738e-16,4.3886030409389384e-16,-6.445035617093634e-16,-2.6996906025075576e-16,4.1139459247202855e-16,-8.818223924960988e-17,-7.375336167386838e-16,3.7113939643099685e-17,-6.530114399367153e-17,3.2529436450052345e-17,3.1257586067151237e-16,3.4690368221033675e-17,-4.1808442775562927e-16,-8.835509558783979e-17,-1.865112318446868e-16,1.7929666061420612e-16,-3.660109338799913e-17,-1.0858628098424894e-16,-4.72115941973289e-16,1.1539480526466795e-16,-9.741080398854103e-17,5.687762366234791e-17,-9.304405437223785e-17,2.194802049780633e-16,-2.0471764109636313e-16,-1.048803956900454e-17,-3.3732177060207457e-16,1.1053497244353223e-16,-3.232159258092205e-16,6.477637676811155e-17,-3.190034522171006e-16,-3.4506179514997587e-16,-8.883908569867371e-17,-5.1559909356591355e-17,1.2324874864291998e-16,1.904840396522052e-17,3.392123359236916e-16,2.6196729196058114e-16,-1.044722727498266e-16,4.421435742826462e-17,-3.102417293590227e-16,-2.3400516337681783e-17,-2.3772651528721164e-16,3.6131856238746215e-17,7.375848648457202e-17,-2.470808529980338e-16,1.692294178954276e-16,-8.413234161053114e-17,-3.475258723330586e-17,-7.554093929140231e-17,2.800556750576647e-17,2.6012954382701218e-17,-1.47790774683029e-16,-2.978474508070643e-16,-3.7691022392197445e-18,-5.31953102476836e-17,3.774567274765118e-17,1.6438646495427276e-16,2.624022504377363e-16,-1.3018644918356547e-16,1.2860180871347081e-16,4.651811951394734e-17,2.904901785488582e-16,4.1521957572498875e-17,-1.1070659176140298e-16,-1.3859420369108782e-17,1.6662208667725515e-16,-2.285197242684259e-16,8.626491333470254e-17,-2.0356037912920362e-16,-1.2198884876096559e-17,-1.0619606028367013e-17,2.2535449824086373e-16,1.0240915477866349e-17,1.2273038809560983e-16,-1.1089828442450033e-16,-6.539805336610024e-17,-8.59124467922405e-17,2.6162251673085163e-17,1.2890457159280165e-16,5.041107281483332e-17,-6.317313223815445e-17,-2.5371355269787623e-16,-3.464153632505837e-16,1.2642391064170149e-17,-5.406272701680748e-17,-2.800700906034757e-17,-4.7906527385740414e-17,6.394794745899955e-17,6.629483908357977e-17,1.6564297278672973e-17,1.2463232207706077e-16,-5.88059610365431e-17,-1.8935719749449735e-16,-2.6528444625407026e-17,-2.0595587935533894e-17
CC(P(C(C)(C)C)C(C)(C)C)(C)C.CC([O-])C.[Li+].C1COCC1>>,CC(P(C(C)(C)C)C(C)(C)C)(C)C||CC([O-])C.[Li+]||C1COCC1,C_1e175aeee2f0,CC(P(C(C)(C)C)C(C)(C)C)(C)C||CC([O-])C.[Li+]||C1COCC1,CC(P(C(C)(C)C)C(C)(C)C)(C)C,CC([O-])C.[Li+],C1COCC1,-1.1368430365560407,-1.2025066289158126,-0.59784178628993,-1.6868574026213239,0.9350024440377113,-1.2150082257509118,-0.3161934276857364,-0.1952024840850134,1.4405433493580306,-0.3255979435708628,-0.7521619097692012,-0.4387723903291196,-1.104105522729946,-0.3777489135181682,2.533719751088216,0.4628924101816607,-0.5989375848978149,-0.1645211323266259,0.00579501269181356,-0.17662054687938933,0.0955487806128293,0.15218928527442432,0.1097943849301256,0.25444305823876867,-0.02201742316768172,0.16569141724166594,-0.008592242332766413,0.0019350585750538846,-0.010112619698834101,-0.01333486535199155,7.242551484947169e-16,3.136793233915306e-16,-7.969842111305819e-17,2.9483325285496035e-16,-1.4453000093633587e-16,-3.174574031547365e-16,3.545160060304939e-16,1.8397939444224647e-16,1.8325457648605276e-16,-2.0050669523853518e-16,1.4187910871201868e-16,3.282843941128916e-17,-2.902259153883276e-16,1.8741332877570714e-16,-1.193042598429192e-16,-1.5699782614569623e-16,-1.23645013865792e-16,2.630525560144329e-16,6.001132121709423e-17,4.498300629413955e-16,3.430497436521309e-16,-3.659655652839343e-17,4.061703404257162e-17,1.3280363337816207e-16,1.9247995838887314e-16,-2.6753729894500084e-16,4.781333047667644e-17,4.323107668226297e-16,-2.1101518463211206e-17,-4.2341934544973335e-16,2.4381694195780036e-16,-2.478332884073647e-16,-2.186609631832702e-16,-2.592224497616014e-16,-9.609071807332518e-17,-2.68406566296832e-17,-1.7799397252879274e-16,8.610168286788065e-17,-8.091490194961132e-17,-2.0147198922115195e-17,2.172478692093058e-16,-5.3620604864068566e-17,-7.131507007805136e-17,-2.5798194151718457e-16,1.1132906273460311e-16,1.4161962397784863e-16,-4.6662423190509547e-17,-1.1850646755762387e-16,-4.2040689215921136e-18,-1.6309607317831072e-16,-7.904489824813515e-17,1.349565522228016e-16,3.230375220808384e-16,2.6172866464376975e-16,6.531275017203606e-17,-1.5695556689317548e-16,2.8871837330205607e-17,1.0815167231970909e-16,1.8739137323530491e-16,-3.6772366644492853e-16,-1.8471361314488513e-16,-8.72093845004755e-17,-7.909678257561611e-17,5.810005999008577e-17,1.330265920141456e-16,-2.685066560436922e-16,1.2211184364947712e-16,1.8164554133142607e-16,-1.6529457277199568e-17,-7.086637613479806e-17,-3.231801161186681e-17,1.73283822354252e-16,1.559439305012378e-17,-2.898971423673963e-16,-1.6326844376207824e-18,1.5506416544528498e-16,-3.153577626521617e-17,1.2666038358641744e-16,-1.7843576428079006e-16,4.0873544335113915e-16,-5.907578508656067e-17,-1.8872281833468154e-16,1.763366945568827e-16,-1.7132891993159036e-16,-4.810897791401724e-17,4.6898836931604377e-17,4.3508908522268627e-16,-2.4846879327079924e-16,1.1290029207017118e-16,2.7928202650407273e-16,2.856694170380381e-16,5.42598954353626e-17,3.6764378953168503e-16,9.99635341227209e-17,1.7409529547596723e-16,-1.7137463635945876e-16,-3.0681298514652333e-16,4.578018900001975e-16
P(C1=CC=CC=C1)(C2=CC=CC=C2)C3=CC=CC=C3.CC([O-])C.[Li+].C1COCC1>>,P(C1=CC=CC=C1)(C2=CC=CC=C2)C3=CC=CC=C3||CC([O-])C.[Li+]||C1COCC1,C_11a2786daf32,P(C1=CC=CC=C1)(C2=CC=CC=C2)C3=CC=CC=C3||CC([O-])C.[Li+]||C1COCC1,P(C1=CC=CC=C1)(C2=CC=CC=C2)C3=CC=CC=C3,CC([O-])C.[Li+],C1COCC1,-0.06066653875259814,1.1769440585626327,-0.9285235477955649,-1.842832547667862,0.6572647973505643,-1.2905032711058302,-0.25994173772203044,0.12541917820351342,-0.1870419476867508,-0.21387605076999744,-0.002177708158898501,-0.25108716593469216,-1.0536369290106369,-0.4165592623666097,1.6390876739162688,0.5439531316422087,2.1342328350987314,-0.2241404965383557,-0.007949591999274417,0.31686963525420914,0.050470269957619655,-0.08473660763889594,0.14787186770212107,0.2399995627418304,-0.027455341992502616,0.25524292058586934,0.02140085652273783,-0.007300174348650125,-0.03388534663342887,-0.03457732094147328,1.2567179648080151e-15,2.0760829283788552e-16,3.631102620117925e-17,7.614925621571563e-16,3.786444577950977e-16,4.8266811944487245e-17,-2.332953154776002e-16,4.608315079070992e-16,-3.6441959063547897e-16,-3.2803488173644766e-16,-3.7463173570801116e-17,2.62654348685077e-16,-3.1863789885840233e-16,2.43969449237766e-16,-1.912671080520565e-16,3.5751782084050076e-16,4.4794498157996265e-17,-7.137325052638708e-17,3.03874340848388e-16,3.799699860061828e-16,-5.825901501021097e-17,5.775899665295811e-17,1.5028181762719918e-16,3.363323010220963e-17,1.5177852909422583e-16,1.854596195907348e-17,-1.889266550358615e-16,-1.4663040593868776e-16,2.886463642577588e-17,1.1536449566921003e-16,-5.921385857444968e-17,-8.244207216011281e-17,-1.333977852315553e-16,1.505959627998372e-16,1.09572121694559e-16,-8.504519668944024e-17,1.118997398299434e-16,1.1725253953237267e-16,-1.6959647349522865e-16,4.9533423414858824e-17,1.4715464432501663e-16,1.3384539689794524e-16,-1.9420280657749402e-17,-1.0651988591095308e-16,2.0459995910062934e-16,-6.744966127700116e-17,1.3243503789023418e-16,-3.862997820977923e-17,1.5901102044611313e-16,9.659930002486652e-17,-1.3820075557141082e-16,1.327618335134391e-16,1.3266049138353949e-17,7.381378327132959e-17,-1.4371535521857213e-16,8.155747801951503e-17,-1.0340382908169796e-16,3.4606737626786395e-16,-4.875178565180492e-17,-1.2636513517786965e-16,5.831384705487588e-17,-2.1969718347963293e-16,2.5212337324914284e-17,4.113362644838419e-17,2.5621154810638275e-17,-7.501049347169322e-17,9.719002901342812e-17,1.532687938596548e-16,-8.910431722585133e-17,2.641046019912844e-16,3.9846560407906e-17,-1.2383627887105976e-16,-1.4227572078544923e-16,-1.617765219953818e-16,1.0889361936045122e-16,-2.1778782851619628e-16,7.976677049368294e-17,-1.007810840635917e-16,1.8193156561039396e-16,1.6644228536965374e-16,4.198258688874545e-17,-2.44768752363447e-16,-2.0300966899776914e-16,4.024861113966681e-17,6.877604990822111e-17,-1.584771983596379e-16,3.4993024327053836e-17,-2.884510890560578e-17,-1.6600121407282603e-16,1.9915651230030719e-16,-2.1419996577923504e-16,-1.378117812156906e-16,-5.0717909539637504e-17,-1.2175540621194051e-16,1.0113922314357215e-16,3.551271442695501e-17,-1.3302869436709411e-16,-1.0222232177381217e-16
CC(C)(C)P(C(C)(C)C)C1=CC=C(N(C)C)C=C1.CC([O-])C.[Li+].C1COCC1>>,CC(C)(C)P(C(C)(C)C)C1=CC=C(N(C)C)C=C1||CC([O-])C.[Li+]||C1COCC1,C_edd6fbb94c87,CC(C)(C)P(C(C)(C)C)C1=CC=C(N(C)C)C=C1||CC([O-])C.[Li+]||C1COCC1,CC(C)(C)P(C(C)(C)C)C1=CC=C(N(C)C)C=C1,CC([O-])C.[Li+],C1COCC1,-1.223486192813105,-0.22284618156100122,0.5676962580435864,-0.1540366333412865,4.515266373246112,-1.369380176657769,-0.019386311925201755,-0.8008886836116249,-0.8867112588805516,-0.0488036643065003,0.03282984348176064,-0.07741571754136199,-1.278271334274882,-0.9247139502139293,0.5503180088581737,1.1814765774016625,0.2158687071376134,-0.18074888969430292,-0.048961532957228694,-0.024842353405980143,0.25907297931093626,0.4071456092284576,0.1424855476526003,0.0005697557751932845,0.3125395948778671,-0.02063049557028316,0.04430899973061503,-0.003231439306937602,-0.026667014274364548,-0.11909366878528,3.987416507537913e-16,-2.98166918677873e-16,2.486653040841294e-16,-3.5978395150804057e-16,-6.534278095430606e-17,4.3782204239374853e-16,-7.251290820820097e-16,-3.6443731788198036e-16,-4.409933456408547e-17,-5.154886250880513e-16,1.9838860184869414e-16,3.9935719290557726e-16,-2.0557430688127627e-16,1.43839061276791e-16,-2.4221762030519902e-17,2.672255290815343e-16,1.1471503583209581e-17,-4.815611032094527e-16,-4.864733173964351e-16,3.579560156283797e-17,-3.121277427120721e-17,1.4925435497869547e-16,-5.18470935982982e-17,2.7730642998386347e-16,-4.888365261989198e-16,-3.764924958705117e-17,-1.4838652197211883e-16,2.4930723471397413e-16,2.2895367183532003e-16,-1.2317619638470003e-16,-2.665492307009873e-16,2.3939066450140516e-16,7.693310201415566e-17,-2.2870410487770308e-17,3.9465538082110814e-16,-1.4052903554235655e-16,-7.19899189570771e-17,-1.4381497194862994e-16,-1.8461880977404092e-16,1.5758893502302407e-16,-2.38532458743164e-16,-1.2142831699735015e-16,-5.3294775213953355e-18,2.7967345768728907e-16,-5.825991739017598e-17,-1.7811801182971205e-16,1.2488818099206492e-16,-7.48631695321191e-17,-1.9612247410273451e-16,1.9594940915006094e-16,1.9114259487905117e-16,-1.3682161786063223e-16,5.228529952041802e-17,1.5428049262189873e-16,-1.7480416132061884e-16,-1.4764507005459743e-16,1.4125762931143897e-16,-6.147731765277988e-17,-4.443742938290834e-18,1.2905844772873727e-16,7.570940905850657e-17,1.2521974244211318e-16,-2.5165082686003635e-16,2.6958967934954505e-16,3.143264767053552e-17,8.79750740420939e-18,-3.108591873142857e-16,1.1763002469863297e-16,-1.3569586415818444e-16,-9.484038255409124e-17,-5.643513365292147e-17,1.3342567665294682e-16,2.230793573566064e-16,1.4705374971504158e-18,9.467790589679155e-17,2.1548393082618755e-16,9.816199675140385e-17,-2.2932977434401104e-16,2.470273640663681e-17,-2.1013406588352102e-16,-2.3188403880420657e-16,2.4821952433670327e-16,4.0112296705904155e-16,-1.8351627584292667e-16,-5.615755383561221e-17,3.4592521769609737e-17,-9.14747288289381e-17,-3.139617723193731e-16,-1.073709932030923e-16,-1.9001172456566963e-17,1.2436877009384017e-16,2.507197091969495e-16,1.6589357207726472e-16,8.657405336586362e-17,-2.3694566092832626e-16,-2.9457817486169605e-16,8.590282053434101e-17,-8.86261238833048e-17
P(C1CCCCC1)(C2CCCCC2)C3CCCCC3.CC([O-])C.[Li+].C1COCC1>>,P(C1CCCCC1)(C2CCCCC2)C3CCCCC3||CC([O-])C.[Li+]||C1COCC1,C_2632c1546818,P(C1CCCCC1)(C2CCCCC2)C3CCCCC3||CC([O-])C.[Li+]||C1COCC1,P(C1CCCCC1)(C2CCCCC2)C3CCCCC3,CC([O-])C.[Li+],C1COCC1,0.12281784423071233,-1.6128170047066037,-0.83849959616428,-1.746345666757386,0.5608560491048854,-1.2562895970507055,-0.5333983557398517,0.045609831210074954,2.33204193941911,-0.14800581049195657,0.6617056295154587,-0.6657028912601929,-1.342420961965726,-1.2185578842237021,-0.07074557406830288,1.6543384049265797,0.5025037304319846,-0.22519840586393147,0.01681494925841845,0.2485224325003644,-0.08402292116810653,-0.2951134991013434,-0.4635311760055598,-0.07635151308007627,0.020294072471511458,0.20187935572372373,0.09594546502656826,-0.02408373155075867,0.08012478601841726,-0.060222126025432185,6.943062952085196e-16,1.8763727858800135e-16,-6.675778746280872e-17,2.841343527419617e-16,-4.2321515414009396e-17,5.971276466410757e-16,2.3262176339403517e-17,-8.251722824214658e-16,1.3973113459697885e-16,-3.304517836584593e-16,8.09547591795733e-17,-2.3893761660117812e-16,4.517361769845515e-16,-1.6810180947767264e-16,6.612662511400471e-16,-4.518251315472932e-16,1.7701174433682123e-16,-4.6204883367994726e-18,1.739597001225199e-16,-2.0760899890486404e-16,-4.408542135316296e-16,-1.74718200771435e-16,8.375941494495831e-17,-4.930423361003614e-17,-1.4818899547952461e-16,-5.382330255583827e-18,-4.679228931257453e-17,-3.673566494517898e-17,3.0663625728451833e-16,2.093286623964761e-16,-2.1436626563505364e-16,2.874243814334893e-16,2.341980047260195e-16,-4.772241241227614e-16,-2.970915785379183e-16,-9.430042904936658e-17,3.831503357051746e-16,3.501783217104634e-17,-1.968580668703006e-16,1.2918708538043627e-16,2.3081100101316593e-16,-9.091533809250861e-17,-5.1379868983530384e-18,-2.039675397127089e-16,-1.0118301808440401e-16,2.0710040173506606e-16,-3.744301021044068e-16,1.8497453194750084e-17,-1.3363670783679128e-16,-4.383556618626601e-16,-8.507943705001362e-17,9.362787755204473e-17,-7.432287926012667e-17,7.152570907391571e-17,4.255137750442312e-17,-8.281654010729594e-18,-1.1609337104762256e-16,-1.4539195208526742e-16,-2.951074976230077e-16,1.5687536581005737e-16,-2.8496905013835464e-18,1.791912940527658e-16,1.50357507852077e-16,-1.7228931901843089e-16,6.98912347443418e-17,-2.5629663819469327e-17,1.4829514295695591e-16,9.076785418205697e-17,2.7148266323326808e-17,-1.005412866890161e-16,9.543583094501136e-17,1.4112602730374426e-16,-8.86831691918429e-17,-4.600376969381919e-17,-1.7668896270941203e-16,-1.0291158823602413e-16,1.4097639597539714e-18,-3.854372631090079e-18,2.0103464067200616e-16,5.653717153713907e-17,-1.0008622780010598e-16,-1.8981801411000553e-16,-1.0386388450118545e-16,1.3649492598467769e-17,9.02874793487169e-17,1.2048013771635834e-17,-9.397492995452991e-17,-4.1169379993176136e-16,2.0306083519193695e-16,-8.113684626843615e-17,-4.490027512834463e-16,-1.036541650684731e-16,1.3632678541942864e-17,6.638738948168258e-17,-6.027579236997559e-17,-5.8061769168132e-18,1.8603441323302443e-17,2.0250350132361559e-16
CC1=CC=CC=C1P(C2=CC=CC=C2C)C3=CC=CC=C3C.CC([O-])C.[Li+].C1COCC1>>,CC1=CC=CC=C1P(C2=CC=CC=C2C)C3=CC=CC=C3C||CC([O-])C.[Li+]||C1COCC1,C_04959aba267d,CC1=CC=CC=C1P(C2=CC=CC=C2C)C3=CC=CC=C3C||CC([O-])C.[Li+]||C1COCC1,CC1=CC=CC=C1P(C2=CC=CC=C2C)C3=CC=CC=C3C,CC([O-])C.[Li+],C1COCC1,-0.23032143044716716,1.589616321593517,-1.0928592718631258,-1.8666331111157792,0.6834447200884625,-1.2418824748038892,-1.1948733469942365,2.5471135538575362,-0.6239925631901823,-0.21453394354593702,-1.234158166357201,0.27191236138400793,-1.3963463972155115,-1.1275139850423452,0.5513623501780072,1.3240261740806967,-0.23925321501713498,-0.20317775055924966,-0.0002661163558311463,0.2900376547151194,0.04899282071593219,-0.08268117746991499,0.14641773303894967,0.23077156283050596,-0.034124857473227486,0.25288957842576776,0.021229565483228952,-0.007926526303172365,-0.03375823001840386,-0.03437872559546926,8.060223570315591e-16,3.8770418943655655e-16,2.1141589755815583e-16,-3.7568355774302354e-17,5.939793617487297e-17,-1.3559024561917631e-16,-3.133627239084446e-17,-3.549657322916689e-16,8.400109524311394e-18,-1.8357504502167878e-16,-3.635046144043704e-16,-3.7382040338892146e-16,7.035448401626312e-17,-1.6173170688892357e-16,3.7253506576001e-16,1.6146923397874344e-16,-1.9471062034619767e-16,4.006448109944646e-16,4.055111106710369e-16,3.8314252708341265e-16,-1.934315140506375e-16,3.969888510783618e-16,-8.413056108662653e-17,-2.5999975319317723e-16,-1.1895107672334038e-16,1.2821981326934528e-16,1.0989780264433912e-16,1.4440730910525683e-16,1.5153518449731618e-16,-1.497857697688421e-18,1.1615867556792418e-16,-5.2058851185541614e-17,1.1430121184824401e-16,-5.876410456482072e-17,1.3360690569986338e-17,1.1291885403981622e-17,9.892629304468397e-17,-1.4586315740094874e-16,2.5504207564188132e-17,-9.452642990457431e-17,1.861680654673429e-16,-2.1992600705023698e-16,5.693839647431339e-17,-1.167917015859903e-16,-1.7180126203939203e-16,1.121003346703706e-16,4.888333424817874e-17,-2.114541983145528e-16,1.5858645234084426e-16,1.663571205555175e-16,5.709596892565323e-17,1.387068063431673e-16,5.329402563895603e-17,-9.079731154974064e-17,1.1477651345737382e-16,1.184087406311374e-16,-5.196233715233237e-17,1.9855865632848023e-16,1.4991519419335896e-16,-1.1259145568154203e-16,3.7062767931004096e-17,9.739964733181389e-17,1.0424614138668716e-16,-7.636811449658053e-17,2.0506896825223987e-17,-5.4551181911026023e-17,3.91327162682723e-17,1.1302294652933979e-16,-1.788652427890934e-16,1.7020119680544102e-17,-1.420566917741337e-16,1.0855757371877834e-16,1.0716840066319526e-16,-1.7637842377760481e-16,-2.662874073394176e-16,-4.1141830546111276e-17,-1.14172497339663e-17,2.1332349746735198e-16,-5.680296461947237e-17,-8.039256520494846e-18,-1.0387357804192087e-17,-4.08252357163438e-17,1.1171914776775719e-17,1.2883874043718193e-16,7.693955486545479e-17,-1.089640462744893e-17,-5.86302248445843e-17,1.9732046404925116e-16,2.70449641654479e-16,6.682673327860125e-17,-8.16338603785935e-17,1.9790792229663094e-16,-2.31723354298323e-16,3.8870529113468174e-17,-1.8980466053769373e-16,1.576165922330327e-16,2.734065982583028e-17,5.035982389782117e-17
CCCCP(C12C[C@@H]3C[C@@H](C[C@H](C2)C3)C1)C45C[C@H]6C[C@@H](C5)C[C@@H](C4)C6.CC([O-])C.[Li+].C1COCC1>>,CCCCP(C12C[C@@H]3C[C@@H](C[C@H](C2)C3)C1)C45C[C@H]6C[C@@H](C5)C[C@@H](C4)C6||CC([O-])C.[Li+]||C1COCC1,C_23adb15ba692,CCCCP(C12C[C@@H]3C[C@@H](C[C@H](C2)C3)C1)C45C[C@H]6C[C@@H](C5)C[C@@H](C4)C6||CC([O-])C.[Li+]||C1COCC1,CCCCP(C12C[C@@H]3C[C@@H](C[C@H](C2)C3)C1)C45C[C@H]6C[C@@H](C5)C[C@@H](C4)C6,CC([O-])C.[Li+],C1COCC1,-1.6061237872639853,-3.4742070471627775,-2.8999332703759317,-1.5563820393407728,-0.39527443992467776,-1.2138111671814844,-0.024175156179026915,-0.5634246949489911,-1.8521858122643422,0.03434922071025162,-0.29307346063402573,0.0921899857490904,-1.0847166077441166,-0.8552564534313395,0.8503682492158451,1.1141453027260417,0.3046851224720161,-0.18651234029031097,0.01597541562702591,-0.22634179677848262,-0.03701936489305422,-0.056775667997897246,-0.5015818212019941,-0.056065406241705494,0.016864308898901538,0.10603099924949154,0.04824020986476277,-0.040583618918971824,-0.01443831946415063,-0.0318503441792617,7.141071937286213e-16,-1.6593506490512263e-16,1.1193037135322118e-16,-1.0166152535288953e-17,2.8753908907467296e-16,-1.208555277770904e-16,-1.7846443029101202e-17,-4.699200598398346e-16,9.75057276702771e-17,-3.947218759868272e-16,4.1689678922890845e-16,4.763864054657695e-16,5.458291595864627e-18,2.674589036122895e-16,-2.735953530876438e-16,3.29043479189896e-16,7.779753032238963e-17,-6.830496090714976e-17,-3.55062054893555e-18,2.4304445927087247e-16,-1.1129509945229119e-16,2.707377001253014e-16,-1.263739256965591e-16,3.9143664489516706e-16,4.148346999511461e-18,-5.1186665929258556e-17,1.6245656337934664e-16,-1.907989075775627e-16,2.6083270220243598e-17,1.3092510335784626e-16,-1.5286275555314858e-16,-2.4495511914626394e-16,-1.4989387229138704e-16,-6.003164528711597e-17,4.1621120742355873e-16,-3.428701579996496e-16,-5.965083844798989e-17,2.2639359823319024e-17,3.9835104060620666e-17,1.502970888674323e-16,3.416358499346543e-16,-3.485056291431669e-16,-7.41798823322229e-17,1.8250314582546487e-16,1.1707084847947343e-16,-4.8745747237886936e-17,6.396913902852625e-17,-6.467584262395704e-17,-9.485135218604108e-17,-2.9655017851368717e-16,3.427179843261908e-17,-2.6982091330411266e-19,1.6264182822775477e-17,1.7423961339681695e-17,6.162214799663369e-17,1.134876300676261e-16,-2.345964678864208e-16,-3.697069014726467e-17,1.567920670034437e-16,-4.6879649943663246e-18,-4.5108034800268964e-17,-9.657494017086951e-17,-2.085276902049232e-16,9.943948796926108e-18,1.7755658658395546e-16,9.005392809229021e-17,-6.949838967775787e-17,9.137232917510127e-17,3.698153802845302e-17,1.1443632966310735e-16,-2.543180867143168e-16,2.1456926192740234e-16,-2.121684962765588e-16,2.3922145492913236e-17,9.007427548677472e-17,2.53248683502256e-16,-1.4392486802748887e-16,6.338317627366414e-17,-2.31895479476009e-17,-2.73602363924946e-16,-7.229112845125387e-17,-3.245171171337951e-16,4.9471604215522573e-17,1.5806622662785558e-16,2.33607989339916e-16,-2.358574135304891e-16,-5.632812187292044e-17,-1.787514859959308e-17,1.995645741299115e-16,-2.496836988249674e-16,-2.0611231272527068e-16,-2.495864022601194e-16,-7.084073452905471e-17,2.792245918019985e-16,-5.219156377531988e-17,1.1005634461650771e-16,-4.4292694001268734e-16,3.493536083677573e-17
COC1=CC=CC(OC)=C1C2=C(P(C3CCCCC3)C4CCCCC4)C=CC=C2.CC([O-])C.[Li+].C1COCC1>>,COC1=CC=CC(OC)=C1C2=C(P(C3CCCCC3)C4CCCCC4)C=CC=C2||CC([O-])C.[Li+]||C1COCC1,C_1caa34759b7f,COC1=CC=CC(OC)=C1C2=C(P(C3CCCCC3)C4CCCCC4)C=CC=C2||CC([O-])C.[Li+]||C1COCC1,COC1=CC=CC(OC)=C1C2=C(P(C3CCCCC3)C4CCCCC4)C=CC=C2,CC([O-])C.[Li+],C1COCC1,4.162419877111866,-0.6035368167356411,0.03377850761685708,-1.7132986149645004,0.6544815105647949,-1.4992064945397154,2.657619773122786,0.2397328814296532,-0.25779051220205224,-0.5012465738967162,-0.5330772581878233,0.21832364058696485,-1.1471126822960716,-0.6922524621297971,1.0036699649556582,1.0230732288617856,0.09687641258314902,-0.18535201046632574,0.10936633252524884,0.21609550144567463,-0.15228930050755202,-0.3134048818900596,-0.1615152382380767,-0.6043629415740139,-0.26385086210123115,0.14012307356741546,-0.10858805365158032,0.09342937012255995,-0.01664317832463613,-3.15914250189211e-05,-4.01635777554972e-16,-7.867833764405591e-16,4.856793590092717e-16,7.19795863863248e-17,-2.222735521878185e-16,5.21415123619434e-16,7.711687597166099e-16,3.3224545570562894e-16,1.0196655730992871e-16,-6.9581321786971285e-16,1.2668238714724555e-16,-1.1091872024507822e-17,2.073362597431806e-16,-4.579917194690681e-16,-5.308386241639775e-17,-4.992454508769143e-16,3.324328756195045e-17,-4.497116714855516e-16,-2.24352533980529e-16,3.257318894300805e-16,4.4062741115676107e-16,-1.163836575732297e-16,-1.0271267240653076e-16,-2.307419376310121e-16,-3.5572335114184853e-16,1.5291232299662975e-16,-6.585696800853671e-17,-2.066891680624336e-16,-4.5727650630659655e-17,1.1428495770173138e-16,2.7941749042272553e-16,-3.606718024529775e-16,-9.984980220116202e-17,-1.2757410223088611e-16,-3.0954868062615124e-17,4.593822629865317e-16,-1.485335672609062e-17,-2.6730918897830537e-17,8.357805773821517e-17,1.1658280575917824e-16,3.481633812125402e-18,1.1806248007503922e-16,-4.3051400751139646e-17,3.174442271656151e-16,1.3163881108670005e-16,3.310207790420047e-17,4.5630346447042004e-17,2.3991154460773414e-16,1.5259327462729456e-16,-1.726757762580035e-17,-6.643588049052996e-17,-6.939513710218192e-17,9.067569004635461e-17,-1.9052095309238095e-17,3.688680862406417e-17,-2.493508875222976e-16,-8.46132351657225e-17,-4.391377664297394e-17,-9.786253758229423e-17,1.0051313199654126e-16,7.392057758004089e-17,-1.1487841412202727e-16,1.2272010524337235e-16,-2.0475683648646626e-16,4.006655937092576e-18,-7.902257910905537e-17,-1.2011180497300315e-16,1.513751927518257e-16,2.1458101402249437e-16,-8.550792683563484e-17,-4.796528954343428e-17,-2.008860945663669e-16,-4.366120774130657e-17,-1.168070115477119e-16,4.328737264361701e-17,2.886459691343952e-17,-1.0696529302759238e-16,7.450848306580859e-17,-1.1311417700261212e-16,-1.5631994729637294e-16,7.590800297482932e-17,7.422678584039037e-19,1.6816239520730246e-16,-1.2136370294124381e-16,-4.892853105418987e-17,-7.951658422894274e-17,-7.380317365436943e-17,2.504348708647296e-16,4.993816468071906e-17,-7.453713308425108e-17,-7.054945086614856e-17,1.9754578521938406e-16,1.6311590814309159e-16,-2.7437535563380475e-16,-2.3890694209798246e-16,-9.165648414488505e-17,-9.908237592587779e-17,-3.2800380420446564e-16
CC(C)(P(C(C)(C)C)[c-]1cccc1)C.CC(C)(P(C(C)(C)C)[c-]2cccc2)C.[Fe+2].CC([O-])C.[Li+].C1COCC1>>,CC(C)(P(C(C)(C)C)[c-]1cccc1)C.CC(C)(P(C(C)(C)C)[c-]2cccc2)C.[Fe+2]||CC([O-])C.[Li+]||C1COCC1,C_9c4fc1cbbb96,CC(C)(P(C(C)(C)C)[c-]1cccc1)C.CC(C)(P(C(C)(C)C)[c-]2cccc2)C.[Fe+2]||CC([O-])C.[Li+]||C1COCC1,CC(C)(P(C(C)(C)C)[c-]1cccc1)C.CC(C)(P(C(C)(C)C)[c-]2cccc2)C.[Fe+2],CC([O-])C.[Li+],C1COCC1,-1.6917748838587845,-0.528658171406631,2.1679173168800783,-2.704790433979122,-0.34873146581449005,-1.2975135572977095,-0.1554894569056003,-1.3314811414053347,0.2589003485192527,-0.2755026167361763,-1.9244713956592963,0.8511308254041791,-1.1432174388400966,-0.8601819632898586,0.3414269892771321,1.2048617659641134,0.6467491933633486,-0.18798534702050176,-0.0008833239966641454,-0.16857012500095309,0.09103041720527681,0.14237640216494915,0.09573935874912577,0.24937449299986747,-0.023319593559868467,0.16541313291542956,-0.00907733758055931,0.0010338246683800588,-0.012875786851163855,-0.013136247561797387,6.500438413525443e-17,-4.430800295910381e-16,8.244249076596487e-17,-1.220596723263629e-16,-4.0041841220049574e-16,9.075459856494898e-17,3.617675131420739e-16,-3.843508638560433e-17,3.961738374162613e-16,5.083102469880979e-16,-4.3448257530508864e-16,2.459789453336645e-17,-3.679120004798447e-16,-1.3949620935884343e-16,6.622494478951553e-17,-1.6284512233501922e-16,2.0256868780607897e-17,-1.818566949427033e-16,-9.247684735492979e-18,5.220750312777345e-17,2.588492043200379e-16,-1.2252922331298497e-16,1.8495091582622738e-16,4.5437608039096016e-17,1.0438375894671739e-16,2.473830958218076e-16,-1.2224157955544797e-16,-1.1021630093653707e-16,1.5257574560905235e-16,7.931691198090455e-17,-9.454256180593476e-17,-1.4180635914319906e-16,-3.916100608453529e-18,-2.621357689211076e-16,1.0787681373072922e-17,-7.746451685331936e-17,-2.826753512893325e-16,-3.031912756424732e-17,-1.603502985928645e-17,-6.579221983699657e-17,-1.1859889673180363e-17,6.601219207856458e-17,-1.569414163741609e-16,2.1510694490227743e-16,-5.081775828275614e-17,-7.521187186119346e-17,-4.338845960379181e-17,1.0576569851242452e-16,1.2261156789532618e-16,9.130852105527481e-17,-4.858825106493958e-17,9.402977304290267e-17,1.661486269243992e-16,-6.193615853583211e-17,-5.1559149522968506e-17,1.0619004721286658e-16,5.1169259302711245e-18,-7.361086573713024e-17,3.651981805370314e-17,-1.378579803329414e-16,1.8703767490686543e-16,7.821135968976782e-17,-2.885684871450799e-17,-2.2211186161114593e-16,1.0405633092779807e-16,-4.127573909872509e-17,-2.4017798534598755e-17,4.415080628483416e-17,6.75003607068945e-17,-4.05598703442241e-17,-6.173771420824528e-17,1.4566363183549954e-16,1.6724631686787583e-17,4.2169995890490875e-18,-1.493120340944511e-16,-8.023839458110945e-17,9.851371376647338e-17,-1.2768902691744258e-16,6.27212354611621e-17,2.966249940602071e-16,4.595248643674493e-17,-1.1184605299033257e-16,-5.610873529399988e-17,7.912128694841723e-17,-1.5829541054576347e-16,9.683472894723829e-17,1.0563432830647797e-16,1.3935726555762895e-16,7.713786736106125e-17,-6.122421362418129e-17,-1.7452843174003703e-16,-1.1012772510387319e-16,-2.603682678347584e-16,-7.568016521078225e-17,1.2651283563933177e-16,-1.34362666052376e-16,1.5782807662885932e-16,-1.2394944275871455e-16
CC(C1=C(C2=CC=CC=C2P(C3CCCCC3)C4CCCCC4)C(C(C)C)=CC(C(C)C)=C1)C.CC([O-])C.[Li+].C1COCC1>>,CC(C1=C(C2=CC=CC=C2P(C3CCCCC3)C4CCCCC4)C(C(C)C)=CC(C(C)C)=C1)C||CC([O-])C.[Li+]||C1COCC1,C_6bdfe42bf0e3,CC(C1=C(C2=CC=CC=C2P(C3CCCCC3)C4CCCCC4)C(C(C)C)=CC(C(C)C)=C1)C||CC([O-])C.[Li+]||C1COCC1,CC(C1=C(C2=CC=CC=C2P(C3CCCCC3)C4CCCCC4)C(C(C)C)=CC(C(C)C)=C1)C,CC([O-])C.[Li+],C1COCC1,4.56731308621058,-0.7113142807289974,0.03276148913867046,-1.6163144672292817,0.7019697340385995,-0.7686908182013965,-2.781673244919131,-1.1042420807111728,-0.5450753934390627,-0.027807165351969906,-0.3341650996092406,0.0682353988020444,-0.7847747293675421,-0.6369467426571075,1.071528072691696,0.9827205061347135,0.22215229626127772,-0.16315290189810483,0.10459530770637471,-0.19424712827137716,-0.07920814523757803,0.01243452108756272,-0.2943726717012912,-0.503633430700344,-0.379451316055711,0.04349720427702978,-0.022795732721904896,-0.0509068900479327,0.027766061697595955,-0.028955195767678216,-1.708891151560312e-16,5.303362074788691e-17,3.2315946492107497e-16,1.0534131544208445e-16,-2.518032301897267e-16,5.453648954030767e-17,-1.0940836135139513e-17,1.8540433617604382e-16,1.0040668604461145e-16,2.6387126610218685e-16,-4.461351445709124e-16,2.6279900465907585e-16,1.156803688860321e-16,-1.4353806776411982e-16,-1.3259807152273133e-16,2.5150104664901127e-16,-3.7244027040045276e-16,-1.2327535066442113e-16,-1.7233526804671258e-17,5.8214368783020955e-18,2.5913759489453797e-16,-1.8013243831669407e-16,4.907349334604391e-16,-7.81191785480646e-17,4.951807503516248e-17,5.766850425259941e-17,2.0810657181276528e-16,-1.0428964678510123e-16,1.1257176553064169e-16,-9.758514761670447e-17,-1.9115093680390523e-16,-1.3603714817758782e-16,7.483056533800287e-17,-1.7540031502846512e-17,-6.761755683354599e-17,1.5834144894685327e-16,1.2883446761276518e-16,-1.1448041804962711e-16,8.807582681712842e-17,6.753149565188829e-17,-3.220441322620217e-16,7.153420608367496e-17,-1.3979421955365886e-16,1.6394241090810124e-16,2.3507641933006024e-16,-9.220321680540262e-17,1.4869156123436472e-16,1.7507662291858201e-16,3.29166259569013e-16,1.4540393156774175e-16,6.49254662189247e-17,9.573133909827642e-17,1.6604962313629617e-16,1.5361303218682059e-16,-2.3952829892154947e-16,1.363118775351834e-16,6.538160478250885e-17,2.4781060781825086e-16,-5.668269968140989e-17,-3.9869471637530703e-17,-1.176414716520899e-16,9.885299480847346e-17,-4.536905436367127e-17,1.475902693308483e-16,1.2563571487899427e-16,1.065633709751876e-17,-1.6978935143443794e-16,1.563074113943588e-16,6.43140022559284e-18,-8.461641442684852e-17,-8.343366911332625e-17,-1.3999389921077594e-16,1.1184131706626824e-16,-2.4654709462337504e-16,-4.611749729713727e-17,-1.0723079947955508e-16,2.438083376358698e-16,1.4509858783463338e-16,5.28600339863994e-17,-6.092821296112466e-17,-1.094524293416576e-16,1.7090933581490324e-17,4.989569898640621e-17,7.197230281102359e-17,-4.028105661855765e-17,8.319714238612573e-17,-6.961625494571581e-17,8.434514259488789e-17,1.5528268669317118e-16,-1.4855414820577086e-16,-4.2774116829209534e-17,3.406647969355862e-16,-2.166477416550968e-16,1.0538785632900843e-16,-2.4157240045117416e-16,2.284585929121355e-16,1.5517523791304087e-16,5.709451190805697e-17
[c-]1(P(C2=CC=CC=C2)C3=CC=CC=C3)cccc1.[c-]4(P(C5=CC=CC=C5)C6=CC=CC=C6)cccc4.[Fe+2].CC([O-])C.[Li+].C1COCC1>>,[c-]1(P(C2=CC=CC=C2)C3=CC=CC=C3)cccc1.[c-]4(P(C5=CC=CC=C5)C6=CC=CC=C6)cccc4.[Fe+2]||CC([O-])C.[Li+]||C1COCC1,C_b74a323249c5,[c-]1(P(C2=CC=CC=C2)C3=CC=CC=C3)cccc1.[c-]4(P(C5=CC=CC=C5)C6=CC=CC=C6)cccc4.[Fe+2]||CC([O-])C.[Li+]||C1COCC1,[c-]1(P(C2=CC=CC=C2)C3=CC=CC=C3)cccc1.[c-]4(P(C5=CC=CC=C5)C6=CC=CC=C6)cccc4.[Fe+2],CC([O-])C.[Li+],C1COCC1,-0.8658256288537969,0.6715838326414046,1.9764686416622979,-2.8528175269163043,-0.7264959960038733,-1.4225181002326333,-0.19339338868357833,-0.28581332842035767,-1.2867013261622082,0.05374797933126091,1.3966161772303225,-0.932397621514003,-1.3252163000631412,-0.96398891089414,1.1553155332460976,1.1512461023134606,-0.2849364729624719,-0.20370029456464228,0.0007617328837369861,0.29423131685374315,0.048454327421125445,-0.08427034443784284,0.14726854060176875,0.2295755091700554,-0.03498623799739768,0.2531100702544167,0.020958504503577717,-0.007836825450794768,-0.03380866266978669,-0.034328197425982775,-4.1446463536394205e-16,-9.672034721239614e-16,-1.2529221573826165e-16,-4.1675098786275205e-16,3.6837683202358477e-16,-6.224174346422082e-16,5.633551198926802e-17,-1.4152313653940063e-16,3.3109194136556124e-16,2.5632502824835864e-16,3.2454196735269566e-17,-4.829014412550191e-16,-4.278071201680734e-16,-5.974139573881819e-17,-1.096764380647802e-16,-1.2905315302745823e-16,-4.71941419848182e-16,-1.4867530371504721e-16,-3.67085313252613e-16,-1.3228254956888176e-16,-1.0624896495115539e-16,-2.2175307342789788e-16,-1.5747658334361177e-16,1.4232863071979067e-16,-1.4549413652989647e-16,1.6047759383549663e-16,-8.816554666631005e-17,-3.687088847938185e-16,-1.9340822628023745e-16,-2.634937009597688e-16,1.3072159970678757e-16,8.559319028988447e-17,5.2726975214684136e-17,3.5056641137278245e-16,-8.504442335927271e-18,-1.8988980837583107e-16,1.2908339549641646e-16,4.1042337339001955e-16,7.863849095530184e-17,-1.9094116506836226e-16,4.152336269020254e-17,-1.3307262554247202e-16,-4.600837367587749e-17,-2.8884180796370856e-16,1.9340301120775393e-17,-1.1495461892467027e-18,1.352316106859851e-16,-1.2597677459527545e-16,3.508221296020148e-17,3.2312788943028404e-16,1.563254428777071e-16,-3.136479670523247e-16,3.322543407004893e-16,-4.426090042641614e-17,1.750219531303809e-17,3.7901197581397327e-16,-1.4941361266057294e-16,-9.617033772008712e-17,-2.3047156190091244e-16,6.572331276127441e-17,-3.1385896624751447e-16,-1.882071153371397e-16,-3.512252730810089e-16,-1.8423986744470118e-16,-9.393966127690276e-17,-1.2771200349134673e-16,-9.293957626105623e-17,-1.960002591978937e-16,-2.408086792326907e-16,-9.620458740502165e-17,2.8273664296945827e-16,4.49160362714404e-17,-1.2488672918552507e-16,3.237360049972106e-17,1.7510232691167345e-16,-1.2258995584395588e-16,-7.962239397763549e-17,2.967489830951693e-16,-2.393082176247691e-16,5.687065604712727e-17,4.320067736362577e-17,2.7559235228856293e-17,2.9020051753891315e-16,-1.2097149159972267e-16,3.576488181670501e-17,1.9618795474416537e-16,2.2920514674072176e-18,-1.1652108441779392e-17,-3.0223273736971157e-16,-2.1784872550764007e-16,7.031437561060048e-17,-5.271622524226884e-17,5.3449825475318905e-17,-4.728508761781293e-17,-5.4968487357434676e-17,-1.226036338596243e-16,1.1687989225147857e-16,1.0213359209412188e-16
CC1(C)C2=C(OC3=C1C=CC=C3P(C4=CC=CC=C4)C5=CC=CC=C5)C(P(C6=CC=CC=C6)C7=CC=CC=C7)=CC=C2.CC([O-])C.[Li+].C1COCC1>>,CC1(C)C2=C(OC3=C1C=CC=C3P(C4=CC=CC=C4)C5=CC=CC=C5)C(P(C6=CC=CC=C6)C7=CC=CC=C7)=CC=C2||CC([O-])C.[Li+]||C1COCC1,C_643b790d7a15,CC1(C)C2=C(OC3=C1C=CC=C3P(C4=CC=CC=C4)C5=CC=CC=C5)C(P(C6=CC=CC=C6)C7=CC=CC=C7)=CC=C2||CC([O-])C.[Li+]||C1COCC1,CC1(C)C2=C(OC3=C1C=CC=C3P(C4=CC=CC=C4)C5=CC=CC=C5)C(P(C6=CC=CC=C6)C7=CC=CC=C7)=CC=C2,CC([O-])C.[Li+],C1COCC1,-0.2257462195651208,3.4204027384304356,-2.7829375189077306,-1.830427990744577,0.2043180848265458,-1.2835998111241074,0.16629957999685135,-2.1211504024142314,0.19585505506851994,-0.2662253328228531,-0.1351952820574247,0.10578587563823877,-1.0478593410311914,-0.7373391016811959,0.5526345293059972,1.2250798142383161,-0.1605335831708354,-0.16202452669051062,0.0927799007320385,-0.2044737141283377,0.0258289512730474,0.09274247451932413,0.37679361425371183,-0.243129532430466,-0.3584683857786645,0.07687656888196429,-0.07184323024299365,-0.004461826320059591,0.0251343197612277,0.007501555079060883,-2.5466890920472176e-16,3.3427124999878563e-16,2.704775191194393e-16,-1.3947417639912266e-17,-1.4435307077194776e-15,1.6083211310885097e-17,3.293465982342675e-16,1.9827777988733348e-16,3.9426496072466367e-16,-1.0998411001929819e-16,1.3566291383754977e-16,-2.958507294374291e-17,8.071386268115793e-17,-1.386621103640165e-17,2.83840315931231e-16,4.349169127329857e-16,-1.0659815647824565e-16,-4.819422210699648e-16,1.9803133599131946e-16,-1.1956382014761357e-16,1.1659058382913875e-16,-1.1302690059939621e-16,3.5300909638288565e-16,9.157836981925282e-17,-4.3868790347387025e-16,-2.377692132373226e-16,-3.561411672282143e-17,1.819717877674368e-16,-1.4503198915196572e-17,2.355931867851127e-16,3.2723678677934846e-17,2.322359056335514e-16,-4.937764289866065e-16,6.879201322441586e-17,-1.9872414435253516e-17,-2.0629627342003476e-17,-1.503988739925192e-16,7.050718471703821e-18,-5.1845156539108836e-17,-3.586602583300442e-17,1.2552189139023437e-16,-8.455397876084886e-17,2.2086068614746275e-16,-5.720763219519601e-17,-2.288142987841734e-16,-1.5770842298680162e-16,2.4959843447617726e-18,-3.376090714938478e-16,4.457411870569511e-17,-8.294880013257488e-17,2.768397833810679e-17,-1.3945097777398865e-16,-1.6098630627677145e-16,-6.048351506345341e-17,5.242498926885778e-17,-1.4024112796029906e-16,-4.945670249261434e-17,2.590662309287557e-16,1.0741126518593301e-16,-1.2475573908496048e-16,1.0699271522494226e-16,-2.5691528904692524e-17,-4.2096271384388884e-16,-1.726062747202339e-16,-1.3407570758980863e-17,-3.3512522951414585e-16,3.029713699452304e-16,4.198085290643063e-17,-2.655531345616421e-16,1.5217653133017284e-16,1.762631232853381e-16,-1.273964066449258e-16,2.3198589819143446e-16,-5.268756719239884e-17,-7.642201669523364e-17,-5.691322204793604e-17,-1.5850507447506541e-16,8.22969985547972e-17,5.921767813762962e-17,3.6147285286801896e-16,1.6880527138899765e-16,5.068742558035046e-16,-1.7404553034169153e-16,1.05447056636339e-16,1.6216506026629263e-17,-2.0869489952705755e-16,-4.2730999571461216e-17,1.1168857254010853e-16,7.737483467472466e-17,-1.7881233813016466e-16,9.294525262894924e-17,8.829954755857383e-17,-1.0121316797726025e-16,4.3619101725765163e-17,2.4506690588914586e-16,1.8953582462560682e-16,3.0396402183167963e-16,2.0017517274123787e-16
CC(P(C(C)(C)C)C(C)(C)C)(C)C.CCN(CC)CC.C1COCC1>>,CC(P(C(C)(C)C)C(C)(C)C)(C)C||CCN(CC)CC||C1COCC1,C_06942027d69d,CC(P(C(C)(C)C)C(C)(C)C)(C)C||CCN(CC)CC||C1COCC1,CC(P(C(C)(C)C)C(C)(C)C)(C)C,CCN(CC)CC,C1COCC1,-1.2997518769200322,-1.2601746101018474,-0.48511626740001135,-1.4506733078656444,0.963640363592157,-0.9721900467709849,-0.4283466544888045,-0.04321510360018081,1.3055395177961915,-2.6272323935461284,-0.41894065270275216,-0.6732598609350666,0.0958215423644983,-0.2588410227514101,1.377423537116062,-1.317512691129926,-0.8652798123821274,-0.032177519236885006,0.020498500123341434,-0.0577345409526207,0.37065305718329283,0.30331978727812825,0.16661306313117452,-0.03291551944017473,0.06344167368740658,-0.05603152695757952,-0.11151749198483416,-0.07035690225027308,0.03141223200692328,0.03619299131707432,-1.1895915778082426e-15,-1.5702241691397106e-17,-9.166968046831472e-16,-4.9162675941160675e-16,1.2870368087367549e-16,-2.816792055330655e-16,4.974473013978852e-16,3.152594826422939e-16,3.426015638129467e-16,1.47851927957783e-16,5.272056169028275e-16,9.038477037736438e-17,7.564937099397584e-17,1.8684464529731053e-16,4.389516123511687e-16,4.136862421535601e-16,2.956386386506243e-16,1.4960097500821407e-16,-6.547720577310348e-16,1.6463118266671376e-17,-2.1502068905705522e-16,4.697407145944459e-17,1.6162615882951368e-16,1.6233099658741788e-16,6.725566066693678e-17,2.0815312046661623e-16,1.3743780960105163e-17,7.088426480814372e-17,-2.0186768491304135e-18,-5.883292442095216e-17,-2.1605273545666214e-16,-4.177915298260477e-17,2.317046055015977e-16,-4.644660116912043e-16,1.5387688114604112e-16,-3.602282311376567e-17,-8.36539960867927e-17,-7.121785612144436e-18,2.306741326993475e-16,-6.35165725866796e-17,3.960929075461319e-16,1.3614705910232592e-17,-1.1649093118727604e-16,-9.054812340144801e-17,5.191040619731508e-17,-2.4467913790832833e-16,5.300978346583112e-17,3.5206571535293553e-17,-2.4182482381188167e-17,1.2656780619134046e-16,8.05403574974494e-17,-2.643272567770871e-16,-4.982556240150304e-17,-5.478196946425505e-17,-1.4167359229666046e-16,5.259630649798309e-18,3.19230407083472e-17,1.8888350688474677e-17,1.2570071398256457e-16,8.313844182882966e-17,-2.387430395873622e-17,-3.312198740933011e-17,5.3774787595212205e-17,2.1686106941575102e-17,-7.061085409051787e-17,1.3290585488283153e-16,7.492157264085742e-17,-4.5967412919415115e-17,1.801121411550231e-17,3.9352064066668815e-17,3.3765369723901006e-17,-4.869275314305011e-17,-8.075339843746069e-17,-8.484568783942471e-17,-2.0156327371511247e-17,3.0758871019650705e-16,-2.783869437034111e-17,6.033659045473391e-17,-7.569406935139547e-17,6.618544739188299e-17,1.0032791892596687e-17,9.747595068155805e-17,-2.526364763105764e-17,3.1917614021483133e-16,1.1534471676688746e-16,-5.909598968125861e-17,1.735596019863856e-16,1.46654590720733e-17,7.034737226023186e-17,-1.2265012306170203e-16,-2.2872973576658034e-16,-9.678805060666561e-17,1.1863190257151477e-16,-6.810872314086402e-17,-2.023233177208547e-16,1.2148799829864245e-16,8.944842674283217e-18,4.626166039880906e-17
P(C1=CC=CC=C1)(C2=CC=CC=C2)C3=CC=CC=C3.CCN(CC)CC.C1COCC1>>,P(C1=CC=CC=C1)(C2=CC=CC=C2)C3=CC=CC=C3||CCN(CC)CC||C1COCC1,C_bc36e49a52b8,P(C1=CC=CC=C1)(C2=CC=CC=C2)C3=CC=CC=C3||CCN(CC)CC||C1COCC1,P(C1=CC=CC=C1)(C2=CC=CC=C2)C3=CC=CC=C3,CCN(CC)CC,C1COCC1,-0.22357537911659003,1.1192760773765975,-0.8157980289056461,-1.6066484529121814,0.685902716905011,-1.0476850921259038,-0.372094964525098,0.27740655868834563,-0.3220457792485901,-2.5155105007452643,0.3310435489075501,-0.48557463654063965,0.14629013608380795,-0.2976513715998518,0.48279145994411415,-1.2364519696693776,1.8678906076144195,-0.09179688344861474,0.0067538954322541225,0.4357556411809768,0.3255745465280829,0.06639389436480804,0.20469054590317087,-0.04735901493711336,0.05800375486258577,0.033519976386623726,-0.0815243931293301,-0.07959213517397751,0.007639505072328051,0.014950535727592308,1.099694571823552e-15,2.4121101273049164e-16,-8.62779217490171e-17,2.9792746206008753e-16,3.70803170280992e-17,1.7813143000451262e-16,-4.1108346644629214e-17,1.6315697492233692e-16,-2.6222617777779236e-16,-4.2306458189373533e-16,1.6479598073410182e-16,2.1659202203096112e-16,-1.9219965538648538e-16,6.120366750877282e-17,-2.4872066599188832e-17,2.0166127379181562e-16,-1.2702327828439405e-17,-1.517853225180991e-17,-7.346089709494341e-17,-1.3083023954393767e-16,1.045535146091365e-16,-6.912094793065096e-17,-1.5838531294640966e-16,-1.5027803805481325e-16,5.884367068458651e-17,1.383571735321155e-16,-1.023538755288088e-16,-6.769961306206376e-17,3.3272936806135155e-16,-1.712589345172919e-16,2.503862234585941e-16,9.292095530868612e-17,-5.293028879209473e-17,-1.5958802913089084e-16,-6.771134450757536e-18,1.969341835125323e-17,1.0058311347989074e-16,1.530971453074359e-16,-2.0042904071838083e-16,-2.0679347707647048e-16,1.550353645913519e-16,1.1675287968910166e-16,3.2338437430504587e-17,-9.95215199637617e-17,-1.5578760044031366e-16,-6.322042634684983e-17,-5.272105089232084e-17,-1.273061075332743e-17,-1.4604478433191102e-16,-1.263193318569094e-16,-6.446383418726929e-17,-4.3161227997004066e-17,-1.3189718938057978e-16,-1.1119658675450461e-16,7.808334113536311e-17,-8.476548835713737e-17,-8.226221728713533e-17,-2.7406479242161697e-17,-2.3908964341600095e-16,1.3180175000066639e-16,7.684285061116424e-17,2.7705857528876433e-16,-6.541850385361375e-17,-4.158511251285628e-17,6.771499366806168e-17,7.397259982343527e-18,-1.3022591694695843e-16,-9.559425166701373e-17,-1.3963139290624883e-16,-1.5456196592258252e-16,-2.4350101702761972e-17,6.884124728629858e-17,-2.8863268642211957e-16,7.132892315325058e-17,5.535383121308213e-17,2.2676424570936634e-16,-1.7172503996032164e-16,-3.911252674690119e-16,1.07601776605065e-16,3.931448901660036e-17,1.9246679085103563e-17,-1.168223918539571e-16,-1.9409544089815312e-16,1.3040564361943361e-16,-1.997855579323538e-16,8.057528067811171e-17,-1.0332396041405624e-16,3.124291450503565e-17,8.565091150780914e-17,7.33679338465517e-18,1.0458986739074651e-16,-3.1796387235544665e-16,2.117340347910083e-16,-1.3208753576874144e-16,1.5352087277588928e-16,1.95307666618276e-17,-1.1075110148141931e-16,-1.6961516386323723e-16
CC(C)(C)P(C(C)(C)C)C1=CC=C(N(C)C)C=C1.CCN(CC)CC.C1COCC1>>,CC(C)(C)P(C(C)(C)C)C1=CC=C(N(C)C)C=C1||CCN(CC)CC||C1COCC1,C_d2ed8c3e0852,CC(C)(C)P(C(C)(C)C)C1=CC=C(N(C)C)C=C1||CCN(CC)CC||C1COCC1,CC(C)(C)P(C(C)(C)C)C1=CC=C(N(C)C)C=C1,CCN(CC)CC,C1COCC1,-1.3668740337128444,-0.28816829671335115,0.6346804084172168,-0.12662370364419423,4.539595720823029,-1.2198827111541892,-0.12518456794317664,-0.630946847172537,-0.9935005372169584,-2.1713747755418575,0.31210526380903086,-0.34165550543770556,0.13454570706400082,-0.8179883185108925,-0.5286644511045002,-0.4773737988739399,-0.03818117171298761,-0.047098658447158055,-0.02779926978903616,-0.1254586324206588,0.009042903177857867,0.2776032846299471,0.21515196652889176,-0.01926768362642062,-0.015330528201170392,0.1458084860409305,0.08052494691805287,0.04827372434369944,-0.036310833124596695,-0.16100553834332873,7.997031084883778e-16,-6.965213684658652e-16,3.940221702946787e-16,-9.608692133554193e-17,-2.5809897139640275e-17,-4.6091783379726933e-17,1.3072896714903982e-16,4.228001430363106e-17,-8.914475234536313e-17,1.625293817214557e-16,-4.511496886934496e-16,8.906827562278879e-17,-4.3083659692904094e-17,-1.5123087931359458e-17,8.671889042041918e-17,-1.0646089628444223e-16,1.959776380403804e-16,-1.9495198707145304e-16,-1.8344585386350615e-16,-1.5670675702871986e-16,3.918973427355339e-16,2.510024578111298e-16,-1.4471039252890013e-16,-9.520407856897708e-17,4.54605354712307e-17,1.2992807086218761e-17,6.210545896782918e-17,-2.0086251770077854e-17,1.884458793290429e-16,-1.30125254892831e-16,2.3646369056119333e-17,3.327408543820646e-17,6.528864769918448e-17,-8.469791885567472e-17,-1.1898563645697835e-16,-5.942248643707965e-17,-2.0863771936174535e-16,-1.4407768732514488e-16,-1.0984948166057021e-16,-2.899167368594996e-16,2.381108764136356e-16,-1.208983235765088e-17,-3.022047529064643e-16,6.074761513269856e-17,1.244381925393573e-16,-8.371739809166906e-17,1.521175696051731e-16,3.489735115135253e-16,1.1733636995893768e-16,1.1659280956575228e-17,-2.879312120508805e-17,-1.4671481129762737e-17,5.0078850001310285e-18,-9.110672194327627e-19,-8.721016671104866e-17,-1.6360825113812625e-17,1.583177977052815e-17,-6.51060565322188e-17,1.0576401247599438e-16,1.121054600369223e-16,-6.836319008229413e-18,1.9513547712329284e-16,9.119596651626433e-17,1.9114360170611765e-16,-9.096357909841908e-17,1.1263296809901588e-16,1.6789111432371176e-16,2.2200398975446803e-17,4.3322898677389455e-17,1.1101589153113462e-16,3.773485209958901e-17,-4.513551801772287e-17,-1.1509987315858894e-16,-8.49764181080527e-17,-2.5183483294112353e-16,-1.519830108645919e-17,9.151648112728364e-17,-3.710731456209147e-17,3.596235171530218e-16,-7.267951300114252e-17,1.0954018150930142e-16,3.194683096239575e-16,-1.764152115580658e-16,-1.7585365323568586e-17,-2.3295334450283587e-17,4.989508600443397e-18,8.948467851268483e-17,1.1393579641928918e-16,3.95541494997646e-17,9.680476070467553e-17,6.912370052261159e-17,4.222056297983256e-17,3.492998544103812e-18,5.899745373608329e-17,1.1456508242159292e-16,-2.5681464825808555e-16,1.8547858598217765e-16,8.637626071578929e-17
P(C1CCCCC1)(C2CCCCC2)C3CCCCC3.CCN(CC)CC.C1COCC1>>,P(C1CCCCC1)(C2CCCCC2)C3CCCCC3||CCN(CC)CC||C1COCC1,C_52dfb705fc0a,P(C1CCCCC1)(C2CCCCC2)C3CCCCC3||CCN(CC)CC||C1COCC1,P(C1CCCCC1)(C2CCCCC2)C3CCCCC3,CCN(CC)CC,C1COCC1,-0.040090996133279225,-1.6704849858926394,-0.7257740772743612,-1.510161572001707,0.5894939686593325,-1.0134714180707787,-0.6455515825429203,0.1975972116949071,2.19703810785727,-2.4496402604672225,0.994926886581908,-0.9001903618661408,-0.14249389687128158,-1.0996499934569441,-1.2270417880404572,-0.1260666963850078,0.2361615029476721,-0.09285479277418991,0.031518436689946874,0.36740843842713317,0.1910813554023565,-0.14398299709763956,-0.4067124978045107,-0.3637100907590198,0.10575316932659971,-0.019843588475522013,-0.006979784625499626,-0.0963756923760861,0.12164963772417457,-0.010694269356366637,-7.672728886816123e-16,-1.8346175581828513e-16,-6.181251375630882e-16,3.0113641352638505e-16,-3.446694124393006e-16,-2.237118219452309e-16,5.451952589203355e-17,-1.7854890015904795e-17,5.21930301082657e-17,2.2091028550656437e-16,1.5717234965843417e-16,-1.0034901830830152e-15,-4.1671433680588956e-17,-3.954775952001651e-16,4.683271488726338e-16,2.9481994922835883e-16,-4.772168188423404e-16,1.215516948474523e-16,4.062046320420909e-17,1.920636209916066e-16,-3.788489289304626e-16,-2.814463903153634e-17,-1.0581674405725183e-17,1.2995359957000532e-16,-3.697653980589219e-16,-3.043775631961108e-16,-1.9996986805074851e-16,7.348337695092846e-17,2.897523158363059e-16,-7.038536798147347e-17,-6.838962510597279e-16,-2.0805541641552038e-16,-2.3995729896066486e-16,2.164614062524543e-16,-1.0377017116587034e-16,1.11917290101427e-16,-1.149171888292683e-16,-3.4611309236224275e-17,9.257498802738611e-17,7.814659302271009e-17,8.07787748679104e-18,2.945854176111962e-16,-2.126724760096042e-16,9.685138814839392e-17,8.675455523942457e-17,-1.2853043523785338e-17,-1.0233661660233455e-16,-6.208374202887158e-17,-1.7029749224872792e-17,4.786870429367607e-17,-4.3332147753754953e-17,-3.137844418326817e-17,-7.546080752734506e-17,4.917769538324372e-18,1.270989700983205e-16,-8.447321161779977e-18,1.9489062753967979e-16,-6.201796665588824e-17,2.0397346262027173e-17,2.363089215750259e-17,-4.0255819596946337e-17,3.418666872563003e-16,-9.609498608566524e-17,1.9268536585792e-16,1.2003416720038125e-16,-1.2840915667285043e-16,1.6238689776391815e-16,-5.3194651126739586e-17,9.611983082324507e-17,1.7215491459919947e-16,-5.805172285837055e-17,9.243910199873301e-17,-2.668700731467488e-16,-9.039503528212527e-17,-7.816966494088668e-17,-9.026666651433556e-17,-2.026122074720348e-16,3.8965496338784537e-16,-2.0228018185119274e-16,-1.0254216212680214e-16,-2.7495734329148507e-16,-7.559098207296803e-17,3.403750982691464e-17,-2.8590583694134917e-16,-4.993096458426303e-16,-1.2830816910237105e-17,-1.5590719445952883e-16,3.936852373205627e-17,-3.199612107941914e-16,3.130624838959658e-16,1.9672454910080813e-16,-8.065975307595288e-17,1.6525437839164854e-16,-9.620678897009343e-17,2.30175086168972e-16,-1.5709869981789577e-17,1.2310848493775329e-17,9.703963788087243e-17
CC1=CC=CC=C1P(C2=CC=CC=C2C)C3=CC=CC=C3C.CCN(CC)CC.C1COCC1>>,CC1=CC=CC=C1P(C2=CC=CC=C2C)C3=CC=CC=C3C||CCN(CC)CC||C1COCC1,C_bef2853fb592,CC1=CC=CC=C1P(C2=CC=CC=C2C)C3=CC=CC=C3C||CCN(CC)CC||C1COCC1,CC1=CC=CC=C1P(C2=CC=CC=C2C)C3=CC=CC=C3C,CCN(CC)CC,C1COCC1,-0.3932302708111593,1.531948340407482,-0.9801337529732069,-1.6304490163600998,0.7120826396429099,-0.9990642958239626,-1.307026573797305,2.6991009343423684,-0.7589963947520216,-2.5161683935212014,-0.9009369092907523,0.037424890778060625,-0.19641933212106755,-1.0086060942755875,-0.6049338637941472,-0.45637892723088974,-0.5055954425014473,-0.07083413746950895,0.01443737107569754,0.40892366064188806,0.3240970972863957,0.06844932453378898,0.20323641123999914,-0.056587014848437776,0.05133423938186076,0.031166634226522244,-0.08169568416883857,-0.08021848712849997,0.007766621687353588,0.015149131073596575,-1.4922659052123739e-16,-3.7753030909708843e-16,-5.762383641104414e-16,1.134460808330024e-17,1.2790814704109196e-16,-2.6292174542963847e-16,-3.6495665710137954e-16,-6.062451946568072e-17,-1.943071205876428e-16,1.392156077308378e-17,-5.440017055811495e-16,8.740953941508553e-17,3.004237645205631e-16,4.940307092809319e-16,2.2734631029174754e-16,-5.751391153676343e-18,-3.3001853473025074e-16,-2.6380541384432393e-16,5.030748961335742e-16,-9.699903444371475e-17,-8.048646422194873e-17,-1.6123375986988296e-16,1.0375695372920616e-16,-2.9088578123221475e-17,-1.2501670803834534e-16,-8.172049564694957e-17,-1.5246655080363368e-17,-1.1248610543327065e-16,-1.9073485692202696e-16,-8.826885408216896e-17,-2.164442266640586e-16,-6.812217699249959e-17,-1.2416918869831472e-16,1.4043085829546691e-16,1.6066048466199163e-16,1.3749601435187444e-16,2.6683171425887857e-16,-4.017005707763523e-17,2.1418169631370737e-16,3.3312872504295553e-16,-2.1893558529095087e-17,-1.4572988388618207e-16,-2.2829826147810307e-16,2.470827793426345e-16,6.975244199150585e-17,-1.4513787998146888e-16,5.00991038043958e-17,3.676188672496447e-17,1.1211578388175052e-16,2.22213959059281e-17,8.85749571901597e-17,-4.220359272923873e-17,5.81454512101988e-18,-4.803875637080009e-18,8.029713298672591e-18,1.5968242929706162e-16,1.3780548460064872e-16,-5.596652228482193e-17,-4.186407058787977e-17,-8.104933189206637e-17,-8.076134051150132e-17,3.301106012326206e-17,3.206326239976617e-16,2.0089856284128779e-16,7.729397157057443e-17,-1.4387387919934903e-16,-8.253786173910258e-17,-1.5124232768613473e-17,1.3073789614517901e-17,-3.8877640363600803e-17,-4.20191718618494e-17,-2.090094190117057e-16,1.4040058735122016e-16,4.8499531341243754e-17,-2.606501468028705e-17,-6.628772711164701e-17,1.324989965835941e-16,-3.0798390509378123e-16,7.483655692450705e-17,-1.7370892214074033e-17,-2.7490293545238087e-17,1.0647378157105044e-16,3.280991573060133e-16,1.2479242812071408e-16,-1.2637542115191149e-17,-1.459225799366923e-16,1.985809966567782e-17,-3.551173524321339e-17,-1.6011398259760344e-16,-1.7612787716993922e-16,-3.2047182720668724e-16,6.076831474314521e-17,-1.7248965938061613e-16,-3.426397974182582e-16,5.807983715379962e-17,2.1147580911581687e-16,4.730850886506864e-17,2.2606982962020915e-16
CCCCP(C12C[C@@H]3C[C@@H](C[C@H](C2)C3)C1)C45C[C@H]6C[C@@H](C5)C[C@@H](C4)C6.CCN(CC)CC.C1COCC1>>,CCCCP(C12C[C@@H]3C[C@@H](C[C@H](C2)C3)C1)C45C[C@H]6C[C@@H](C5)C[C@@H](C4)C6||CCN(CC)CC||C1COCC1,C_f2ce98228292,CCCCP(C12C[C@@H]3C[C@@H](C[C@H](C2)C3)C1)C45C[C@H]6C[C@@H](C5)C[C@@H](C4)C6||CCN(CC)CC||C1COCC1,CCCCP(C12C[C@@H]3C[C@@H](C[C@H](C2)C3)C1)C45C[C@H]6C[C@@H](C5)C[C@@H](C4)C6,CCN(CC)CC,C1COCC1,-1.7690326276279775,-3.5318750283488116,-2.787207751486011,-1.3201979445850933,-0.36663652037023103,-0.9709929882015567,-0.13632838298209507,-0.4114373144641595,-1.9871896438261814,-2.2672852292650143,0.04014779643242323,-0.14229748485685723,0.11521045735032781,-0.7363485626645815,-0.3059279647563091,-0.6662597985855446,0.038342894987703824,-0.05416872720056966,0.030678903058554505,-0.10745579085171526,0.23808491167740883,0.09435483400580696,-0.4447631430009444,-0.3434239839206497,0.10232340575398995,-0.11569194494975432,-0.0546850397873051,-0.11287557974429942,0.02708653224160622,0.017677512489803787,7.194372394185767e-16,1.27653799021535e-16,3.5419268822974692e-16,-1.7006356475388932e-17,-4.538552861867413e-16,-2.404765977986128e-16,3.2159859125765885e-16,8.683500089360655e-16,-1.5926186425920945e-16,-1.3394785483783734e-16,8.827961080917665e-17,-9.404780254566396e-16,2.637327766151107e-17,-1.8390340975363126e-16,5.1074666062503985e-17,1.382903380793416e-16,-4.946312811401094e-17,-1.3972889063496206e-16,7.623461307427765e-17,-2.469114713774202e-16,3.654739410635934e-16,6.234307109525561e-17,6.842801128945523e-17,3.027465322511879e-16,-7.89097145924684e-17,-1.7826180415283575e-16,-2.1672699307976523e-16,1.0321792483753404e-16,-3.240077059791985e-17,-1.4736518437234104e-16,4.382629892450842e-16,-5.673197367268482e-17,5.584352546264251e-17,1.0018462487198901e-16,-1.7337772943198022e-16,1.3284050463758897e-17,1.4167330063147254e-16,-1.8162598976752672e-16,7.306293142839016e-17,-3.3969184664456665e-16,-1.390147883384427e-16,-1.409628693750204e-16,-1.743923083034323e-16,2.2704047717907575e-16,7.622688565741236e-17,1.214945864062126e-16,2.8730334314728004e-16,-8.666620198957346e-17,-1.8909042588102235e-16,5.1623512541850344e-17,-2.0517059260436653e-16,1.3742135633038535e-16,-5.061747334051489e-17,-8.18063919166812e-17,-1.6759790241737684e-16,2.08097069691834e-16,-7.15985948168679e-17,2.621486399227321e-16,3.326272787183909e-16,6.275003699172453e-17,-9.74721753892193e-17,-1.4051887786898544e-16,5.862359037300223e-17,8.367050376379786e-17,-6.383015131269392e-16,5.657619585884398e-16,5.688404998839555e-17,-1.6971765800676928e-16,1.2430869079887984e-16,-1.542239942432721e-16,-1.545178255254805e-16,-1.1433462462746961e-16,-1.2479978588143902e-16,4.617003103571197e-18,-1.5247951084300899e-16,6.834983521753063e-17,-1.0753980202264485e-16,1.6057229210097342e-16,4.282598391866072e-17,-9.256080489648105e-17,1.3607873474474491e-16,-1.2396821296855046e-16,4.998977290560186e-17,-1.4576261980012818e-17,-6.305439034961026e-17,-1.1466070945169584e-16,-2.7836110248630464e-18,9.882620294209699e-17,-2.0122313516701837e-16,1.2062168416891435e-16,-4.769059445215735e-17,-1.8576908896162002e-16,-7.467306754318173e-17,1.7245955692611698e-16,-5.266929466040621e-17,3.794319840570101e-17,-1.8415660880021084e-16,-4.637322634861987e-17
COC1=CC=CC(OC)=C1C2=C(P(C3CCCCC3)C4CCCCC4)C=CC=C2.CCN(CC)CC.C1COCC1>>,COC1=CC=CC(OC)=C1C2=C(P(C3CCCCC3)C4CCCCC4)C=CC=C2||CCN(CC)CC||C1COCC1,C_861ff0f85b9e,COC1=CC=CC(OC)=C1C2=C(P(C3CCCCC3)C4CCCCC4)C=CC=C2||CCN(CC)CC||C1COCC1,COC1=CC=CC(OC)=C1C2=C(P(C3CCCCC3)C4CCCCC4)C=CC=C2,CCN(CC)CC,C1COCC1,4.12294168110458,-0.6060089952383438,0.1025244173804896,-1.4551747759599516,0.6625884026119407,-1.2797571112954347,2.5863030996000353,0.25659544577601895,-0.41704279677139255,-2.6675246862454656,-0.3388189211365887,-0.14585489338518293,-0.13420710698769314,-0.7547033463458063,-0.08576774670893979,-0.6911886688848544,-0.2041680628659956,-0.08012758078114594,0.002936015721461257,0.28126988050463675,0.18403019130792891,-0.2492524106210761,-0.38708434496859173,-0.26708940652308555,0.3739805549889625,0.00610538304091949,-0.11469426583540675,0.03694287115494392,-0.03421137239612566,0.0457291225393369,-4.62403331524094e-16,-4.9860171758949e-16,-5.601434581796273e-16,-3.2437084888244494e-16,3.1005618051971483e-16,1.2567662766979165e-16,1.169708708008273e-16,3.9264967821925107e-16,-2.6500540012994933e-16,-4.797069918212769e-18,7.3646586930284365e-16,6.606464857475517e-17,-4.409083710382149e-17,5.484986808419418e-16,6.586092079899835e-16,-3.894874836056952e-16,-1.416462696943715e-16,-6.314165510737587e-18,1.2132827102248789e-16,4.0227154649139873e-16,5.3387503404394105e-17,-2.230032191398157e-16,2.854283511702523e-16,-1.0720747142431338e-16,3.031476959758238e-16,-2.706211840903561e-17,2.7388501359222443e-16,-2.6565943068500817e-16,-3.1504675103890433e-16,-9.637197388043977e-17,-3.9584302402703143e-17,1.1627723079503933e-16,-5.556949677304721e-17,1.5553173551772152e-19,-2.7481573907173296e-17,2.773848204268093e-16,-2.7942002439565096e-16,-1.0470970289167561e-16,2.691036498235571e-16,-3.7028452355991627e-16,-1.5623919136230066e-16,5.320428038167338e-17,4.2438376716377646e-16,-2.8336870054523255e-16,-5.476886863475898e-17,-1.3440471446807458e-16,5.110952067563729e-17,-4.805839008392794e-17,1.3340452264398622e-17,-3.449646427145124e-17,-2.6814286088528456e-17,-2.6520756936760183e-16,9.664891968496936e-17,1.4753798617736097e-16,-1.16614824018248e-16,-1.305165427351356e-16,2.330725292311044e-16,2.0766975166266825e-16,-2.3091106087478486e-16,8.36990044503807e-17,-1.6605770287135378e-16,-2.2417293035275865e-16,-2.9445394454648093e-17,-2.2170637717048594e-16,-2.0507307655506434e-17,-2.0029169943188285e-16,-1.5841434361359057e-16,-5.765077144653613e-17,-1.8563515782030351e-16,-1.7078020190666093e-16,1.5012623284872922e-16,1.114929303218188e-16,-2.545761009063512e-16,-1.5902090994551703e-16,-1.9625308614566232e-16,-7.870928621084883e-17,-1.3330951481571088e-16,-2.4956231789696e-16,-6.8429283061854e-17,2.1100184601738542e-16,1.74734127706203e-16,-2.0912323630232733e-16,-2.23174184503834e-16,2.0153989917798163e-16,3.9775015414041927e-16,3.082108272339291e-16,6.576814581190083e-17,4.282048435039399e-17,4.1586474085810105e-16,-9.039226297712664e-17,-6.853439175818809e-17,9.267407999488248e-17,-1.4023547534808084e-16,5.3802842998605205e-17,1.332668199470344e-16,-5.776906929099262e-17,-1.158282915186604e-16,-6.970429384911582e-17
CC(C)(P(C(C)(C)C)[c-]1cccc1)C.CC(C)(P(C(C)(C)C)[c-]2cccc2)C.[Fe+2].CCN(CC)CC.C1COCC1>>,CC(C)(P(C(C)(C)C)[c-]1cccc1)C.CC(C)(P(C(C)(C)C)[c-]2cccc2)C.[Fe+2]||CCN(CC)CC||C1COCC1,C_d18a64f778f4,CC(C)(P(C(C)(C)C)[c-]1cccc1)C.CC(C)(P(C(C)(C)C)[c-]2cccc2)C.[Fe+2]||CCN(CC)CC||C1COCC1,CC(C)(P(C(C)(C)C)[c-]1cccc1)C.CC(C)(P(C(C)(C)C)[c-]2cccc2)C.[Fe+2],CCN(CC)CC,C1COCC1,-1.8546837242227767,-0.5863261525926665,2.2806428357699975,-2.4686063392234434,-0.3200935462600428,-1.0546953783177815,-0.2676426837086685,-1.1794937609205025,0.12389651695741354,-2.5771370667114426,-1.591250138592848,0.616643354798232,0.056709626254348444,-0.7412740725231007,-0.8148692246950219,-0.575543335347474,0.3804069658790365,-0.05564173393076005,0.01382016343486425,-0.04968411907418449,0.36613469377574015,0.2935069041686531,0.15255803695017559,-0.03798408467907596,0.06213950329521991,-0.05630981128381662,-0.11200258723262714,-0.0712581361569477,0.02864906485459365,0.03639160910726803,4.780723641220697e-16,1.0047660893429237e-15,2.1553458970590347e-16,-2.345460952850009e-16,1.8366359073035902e-17,4.898659145882511e-16,-9.562596559008244e-17,-2.199016842700849e-16,5.393797394724651e-17,3.0958579762689134e-18,-1.6381224452826146e-16,1.475541634844913e-16,-4.136925651817484e-17,-2.707180471485058e-16,-5.185267606110544e-16,-2.4146357972826984e-16,-3.465267247903786e-16,5.644717356200246e-16,4.852995321833016e-16,2.584491538171473e-16,1.3853735529862262e-16,1.9523052717172017e-16,2.327054878091512e-16,-4.112617753159661e-17,-2.543395077706743e-16,-5.382188269974304e-17,7.777416279832435e-17,-1.2590304553391154e-16,9.117674035934467e-17,3.743942705128456e-16,3.521117473944409e-16,-9.724248646585152e-17,8.737013802944025e-17,2.6699613875430753e-16,-2.3844214112937232e-17,2.4536296268871157e-16,2.251581432204773e-16,3.6517892563976274e-16,8.389139028167599e-17,-8.380884441248611e-17,-8.752602690564556e-17,-1.9179913219266286e-16,1.6496101673838584e-16,8.37244057919717e-17,-3.3668709720478684e-16,-1.326929476857137e-16,6.431617821751126e-17,3.6602219000731543e-16,-4.8490305768066126e-17,-1.2264818600198242e-17,1.4724538303404944e-16,-6.172614871067507e-17,3.66388520484933e-18,-8.772788533015804e-17,-1.4414325083414529e-16,-2.1923160313102645e-16,5.9257176974402e-17,1.4744091833557744e-17,3.6317410042859665e-16,-5.140173340342873e-17,-7.796633610194728e-17,2.7256111528874985e-18,-3.4382615502671106e-17,-1.2323426726827096e-17,-1.8128641227212729e-16,-9.019742732413871e-17,2.5855079344705262e-17,8.090857314373496e-17,3.805658766992599e-18,-7.7214052302472e-17,-1.3870116462912533e-16,-1.8668095472390868e-16,7.498222776677614e-17,3.0219595318179266e-16,1.5234452834835443e-16,-1.361371330973787e-16,1.4478242245678878e-16,1.156700090182405e-18,-4.9665097710775754e-17,-1.4019968966941686e-16,9.327294837700011e-17,-1.9800096978659667e-16,-1.4798175480982198e-16,8.700079567344448e-17,-2.1961669523787779e-16,-3.4625164352265784e-17,1.9954047491429073e-17,-2.6851836283438756e-16,-2.7086595427538855e-16,-2.7912227856949706e-16,1.996538426740198e-16,1.7183564322089255e-17,-1.1385947478773598e-16,1.398090099249528e-16,-3.174131942473249e-17,-3.0783683113299005e-16,-4.726243764027165e-16,-1.5668846016445405e-16
CC(C1=C(C2=CC=CC=C2P(C3CCCCC3)C4CCCCC4)C(C(C)C)=CC(C(C)C)=C1)C.CCN(CC)CC.C1COCC1>>,CC(C1=C(C2=CC=CC=C2P(C3CCCCC3)C4CCCCC4)C(C(C)C)=CC(C(C)C)=C1)C||CCN(CC)CC||C1COCC1,C_f9ad35787a00,CC(C1=C(C2=CC=CC=C2P(C3CCCCC3)C4CCCCC4)C(C(C)C)=CC(C(C)C)=C1)C||CCN(CC)CC||C1COCC1,CC(C1=C(C2=CC=CC=C2P(C3CCCCC3)C4CCCCC4)C(C(C)C)=CC(C(C)C)=C1)C,CCN(CC)CC,C1COCC1,4.5278348902032945,-0.7137864592317001,0.10150739890230316,-1.3581906282247325,0.7100766260857454,-0.5492414349571154,-2.8529899184418817,-1.0873795163648063,-0.7043276780084033,-2.19408527770072,-0.1399067625580065,-0.29594313517010395,0.22813084594083655,-0.6993976268731171,-0.017909638972901386,-0.7315413916119262,-0.07889217918786656,-0.05792847221292466,-0.0018350090974129684,-0.12907274921241593,0.25711134657790313,0.07658699235654627,-0.5199417784318054,-0.16635989564941478,0.2583801010344823,-0.09052048624946614,-0.02890194490573148,-0.10739338901554805,0.010197867626106598,0.016805518196677492,-1.1456247396728375e-15,-3.643108885825198e-16,-5.094947718302663e-16,-1.3839264032855971e-16,-1.2137383132018282e-16,9.436767288789088e-17,-5.5261636623635825e-17,-3.553403453793931e-16,-3.8672632198513583e-16,3.0250275126669775e-16,-3.6145703637748395e-18,2.248474811023275e-16,1.5258115736100455e-16,-4.272962376357171e-16,-4.480776933382582e-16,-1.816282461815853e-16,-2.3501126764741825e-16,2.119626965932913e-16,1.5918897713309142e-16,5.53199071099346e-16,-2.0433954161822993e-17,-1.3881020567086811e-16,4.584174520236398e-17,1.867221878681569e-16,-1.7700115453647443e-17,-2.7870053975944345e-16,-9.041695033569547e-17,1.8609572174569208e-16,2.691685859974667e-16,1.6250812599182345e-16,2.9614654125026947e-16,1.6684442452580302e-16,-2.591163595021008e-16,2.0105579615473632e-16,1.0283467199011876e-16,-1.5294504551423383e-16,-1.7518713142577252e-16,-9.153744851804205e-17,2.41476370719689e-16,-1.1427732137966734e-17,-2.0879546834398953e-16,-1.3836096491003235e-16,8.515810843586631e-17,-1.279072609881314e-16,8.526572065924047e-17,8.820643080623946e-17,-1.6794602908173065e-16,-1.1356177211052132e-16,1.602860026627633e-18,-2.4868306782743e-16,-1.1042621993347339e-16,-1.3299230344303331e-16,-1.632508283546822e-16,6.582099773795804e-17,-5.053018714425661e-17,-4.5583614374134874e-18,7.671052117827449e-19,6.237977457763723e-17,3.8874298610364945e-17,2.992997667278928e-16,2.513137109922969e-16,7.416913477862548e-17,7.328861102360157e-17,-2.2186813905191497e-17,6.667359893544105e-17,-1.6187340721707433e-16,7.268891322845608e-17,1.321107109330702e-16,1.5186475387331764e-16,8.972922853718367e-17,2.5218907956053454e-16,1.3025487143888267e-16,1.0222853218945237e-16,8.457721628221102e-17,-1.5399717169383036e-16,2.022150088631541e-16,-2.4302329641557183e-17,2.4923320529461137e-16,-2.567980773972476e-16,-3.266255789021771e-17,-4.233719818177306e-17,-6.994661636022821e-17,-1.8079723453038593e-16,3.1977712554509404e-17,1.618830763463181e-16,-1.5389605542035424e-16,2.8952579922304844e-16,-4.792403773101104e-17,-5.752500393233459e-17,-1.6281076465202937e-16,9.77394980642484e-17,-2.1823994002306956e-16,1.5083174124607165e-16,-9.783374622035669e-17,-1.4513609045565135e-16,8.480711317530453e-17,-9.415794639970288e-17,-2.036426756418952e-16
[c-]1(P(C2=CC=CC=C2)C3=CC=CC=C3)cccc1.[c-]4(P(C5=CC=CC=C5)C6=CC=CC=C6)cccc4.[Fe+2].CCN(CC)CC.C1COCC1>>,[c-]1(P(C2=CC=CC=C2)C3=CC=CC=C3)cccc1.[c-]4(P(C5=CC=CC=C5)C6=CC=CC=C6)cccc4.[Fe+2]||CCN(CC)CC||C1COCC1,C_7f73dad4e80f,[c-]1(P(C2=CC=CC=C2)C3=CC=CC=C3)cccc1.[c-]4(P(C5=CC=CC=C5)C6=CC=CC=C6)cccc4.[Fe+2]||CCN(CC)CC||C1COCC1,[c-]1(P(C2=CC=CC=C2)C3=CC=CC=C3)cccc1.[c-]4(P(C5=CC=CC=C5)C6=CC=CC=C6)cccc4.[Fe+2],CCN(CC)CC,C1COCC1,-1.0287344692177889,0.6139158514553691,2.0891941605522164,-2.6166334321606244,-0.697858076449426,-1.1796999212527068,-0.30554661548664674,-0.13382594793552588,-1.4217051577240474,-2.2478864706440045,1.7298374342967706,-1.1668850921199507,-0.1252892349686961,-0.8450810201273821,-0.0009806807260560521,-0.6291589989981263,-0.5512787004467847,-0.07135668147490158,0.01546522031526501,0.4131173227805112,0.3235586039915888,0.06686015756586074,0.20408721880281883,-0.05778306850888852,0.05047285885769051,0.03138712605517063,-0.08196674514849023,-0.08012878627612235,0.007716189035970721,0.015199659243083084,-5.181670919152561e-16,-4.682135481103588e-16,-4.1509320127663823e-16,-1.0358678919577757e-16,-4.879889004562519e-16,-9.941499078563711e-18,5.123136461876223e-17,-9.957236512915367e-17,3.2935849680629805e-17,6.525211119293114e-17,1.9601716603200775e-16,-2.945709772257997e-16,-7.422930057316278e-17,-2.7456250962642773e-16,2.723114044888065e-16,-9.339072499594514e-17,-1.7071046685307571e-16,-1.5259151250758037e-16,-5.480792379956896e-17,4.3790161538998195e-17,3.83561148931549e-18,6.153207183052861e-17,-2.8592322467499516e-16,-4.1190634076265845e-17,-5.20932662630723e-17,2.66135177634534e-16,-1.0400606479441663e-16,2.721627658460188e-16,-1.0988898895602831e-16,1.4600818507644744e-16,1.2231922554585196e-16,1.0971407320794476e-16,-8.010939961535312e-18,2.8305892753488894e-17,2.1573037581731215e-16,4.2049230152545897e-16,-8.315779134883772e-20,-3.2177796222981805e-16,-2.2066033934333659e-16,1.707748641328112e-16,-1.1329646805078077e-16,-5.571402513264413e-17,8.834262351817269e-17,-9.08067282104134e-18,-2.1841849124283476e-17,-5.2875234531146706e-17,-1.5836426340785884e-16,-1.878587647019404e-16,-2.6503014847951593e-16,9.640146341665968e-17,1.522517766719708e-16,1.8680080351072449e-16,-4.869324781083694e-16,-1.7449623628151703e-16,-7.618598757635817e-17,-6.288183674604509e-17,9.056583042907001e-17,1.6542762398880638e-16,8.824335711898746e-17,-8.4068713127544e-17,-4.82841863294222e-17,-8.404830100188497e-18,-1.3293075686494261e-19,5.563667942197293e-17,9.66761201684293e-17,-1.9550449380375855e-16,1.5997054323309104e-16,-9.71614189013286e-17,1.9393269448529455e-16,-8.862883734487372e-17,-2.9293253843681805e-19,-1.09099282377525e-16,-1.7672677723273516e-16,-5.862572920330916e-18,4.0678233563975634e-17,6.1955032617001e-17,1.5558264974601075e-16,-3.259079723474534e-16,2.889171394292018e-16,-4.1512303679139595e-17,-3.817418240020133e-16,-1.0099352313866502e-16,-1.232404891283063e-16,-1.5538809305227148e-16,1.3415093349995126e-16,-1.5899975784131254e-16,1.1043887545923474e-16,-1.2588078980733782e-16,-4.492090382512163e-17,4.186480529127717e-16,-2.6579363257465096e-16,1.5377054476797126e-16,1.3361849202398325e-16,-2.38987950529821e-16,1.4541177081200848e-16,1.588889422363512e-16,-2.0314144504270436e-16,-4.073910425814936e-17
CC1(C)C2=C(OC3=C1C=CC=C3P(C4=CC=CC=C4)C5=CC=CC=C5)C(P(C6=CC=CC=C6)C7=CC=CC=C7)=CC=C2.CCN(CC)CC.C1COCC1>>,CC1(C)C2=C(OC3=C1C=CC=C3P(C4=CC=CC=C4)C5=CC=CC=C5)C(P(C6=CC=CC=C6)C7=CC=CC=C7)=CC=C2||CCN(CC)CC||C1COCC1,C_6df8719bbf0b,CC1(C)C2=C(OC3=C1C=CC=C3P(C4=CC=CC=C4)C5=CC=CC=C5)C(P(C6=CC=CC=C6)C7=CC=CC=C7)=CC=C2||CCN(CC)CC||C1COCC1,CC1(C)C2=C(OC3=C1C=CC=C3P(C4=CC=CC=C4)C5=CC=CC=C5)C(P(C6=CC=CC=C6)C7=CC=CC=C7)=CC=C2,CCN(CC)CC,C1COCC1,-0.26522441557240617,3.4179305599277345,-2.7141916091440983,-1.5723041517400282,0.2124249768736916,-1.064150427879827,0.09498290647409996,-2.1042878380678647,0.03660277049917979,-2.4325034451716037,0.059063054993809615,-0.25839265833390884,-0.03495376572281267,-0.7997899858972062,-0.5368031823586016,-0.4891820835083237,-0.4615780586199798,-0.056800097005330445,-0.013650416071749492,-0.13929933506937597,0.36214844308852795,0.1568949457883077,0.15122450752319677,0.0941440026204627,0.2793630313115293,-0.05714112164453199,-0.07794944242682027,-0.06094832528767527,0.007566125689738156,0.05326226904341663,-4.956518216143386e-16,3.077549584258418e-16,-2.1034334930961215e-16,2.3060014696353575e-16,-1.3810459940576858e-16,5.869363569930993e-16,-3.094061420088402e-16,-1.1624441811040243e-16,1.4266868556926498e-16,2.4151516981237568e-17,1.4713980114666462e-17,-2.0392035715266677e-16,9.578382339038816e-17,-4.864949272549283e-16,-4.612724805700579e-16,2.5486046256216533e-16,4.574151199096497e-16,-7.675083817413605e-17,1.300077043032203e-16,3.1229218592005764e-16,-2.388726396773935e-16,-5.288467908182345e-16,3.7661160823728704e-17,-3.5196643856336495e-16,-3.038410197280206e-16,6.423010616624118e-16,8.431301858608706e-17,-6.696742106494021e-17,-1.0717386386275702e-16,6.361512103581466e-17,-1.701560271842513e-16,2.667462433386483e-17,-1.9498789417269378e-16,1.8793575125185496e-16,-9.585225474631184e-17,-2.582862358913265e-16,-1.0393409227345167e-16,-1.0201845411046951e-17,-1.615024053664134e-16,2.13308458707291e-16,6.130834015120855e-17,1.0489813020282414e-16,-1.4643846414870546e-16,-2.4246667624359733e-17,1.686442729828577e-16,-1.7873276206267752e-16,1.2585587329191386e-16,-6.905204657045461e-18,-1.3114720440462572e-17,-2.0587236194124252e-16,-4.167642492588996e-18,-1.0218533183976757e-16,1.1612908596749808e-16,1.4982217519824165e-16,1.4855821444438075e-16,2.020974145093094e-16,-4.885810784210042e-17,3.570450888901739e-18,-1.773294511893938e-16,4.445543123805326e-17,-7.081711766045617e-17,-1.5101286714831155e-17,4.2340124903939813e-17,-2.0455264610815232e-16,4.750790857861337e-17,5.4079735124104307e-17,2.323750144079254e-16,1.6468111179651415e-16,-1.677875432773249e-16,6.153968933566741e-17,-3.1877678250708824e-17,6.682613418557489e-17,8.732153547887183e-17,1.6411794637558233e-16,-1.9320068384604666e-16,-2.2293957499064562e-17,1.475973477996979e-17,-1.4816193137226954e-17,1.943381549708408e-16,6.89533970789104e-17,-1.6362896177773867e-16,-1.9071540016949516e-16,8.224699466522197e-17,1.2912522324116146e-17,9.392728673779254e-17,2.780016877722988e-17,-2.2363774705681763e-16,2.4995132150576183e-17,1.3908242631730661e-16,-2.170787970852348e-17,-1.0454244798996306e-16,-3.445921530570765e-17,-1.1876950454655572e-16,1.0890528713738955e-16,-5.1246940413114294e-17,-4.3289449860810045e-17,-5.627865553063573e-17,-2.0116492846140268e-16
CC(P(C(C)(C)C)C(C)(C)C)(C)C.[Na+].[OH-].O=CN(C)C>>,CC(P(C(C)(C)C)C(C)(C)C)(C)C||[Na+].[OH-]||O=CN(C)C,C_6ee86b3f1760,CC(P(C(C)(C)C)C(C)(C)C)(C)C||[Na+].[OH-]||O=CN(C)C,CC(P(C(C)(C)C)C(C)(C)C)(C)C,[Na+].[OH-],O=CN(C)C,-1.4965666899681895,-0.9211886474791986,0.19484141576964847,2.1758044013004363,-0.4535885891634733,-0.9414720411346188,-0.2935506826458937,0.1405078264420517,1.5559973171639403,-0.3404448776461555,-0.49273218159163995,-0.3732449045955177,0.06312906388565977,1.4920290595475745,1.4216629687832367,-0.4964740882144838,-0.9737121341267623,-0.5657110696479736,0.6156277293866708,0.17226646718750682,0.006543168522212318,0.08419145016525902,-0.03503404389002594,-0.17398044522481163,0.03484532850347779,0.17374477463087534,0.08361453148907584,-0.04109732687316452,-0.01912563685139731,0.0007460928830437053,-1.2989729704454348e-15,2.4706355082163706e-16,3.7832608640890226e-16,-8.497480646236365e-17,-4.432785764713411e-16,3.5804674086144855e-16,2.1040245827993452e-17,-2.070660608189669e-16,-5.783421302576176e-16,2.039895485263229e-17,9.492290210349031e-17,-6.215386323529687e-16,-1.8859358730624972e-16,9.286675702923991e-17,3.707918162683515e-17,1.711133631133608e-16,-2.7420720252409193e-17,-8.313589045410161e-17,-2.3887070248704824e-17,6.840511155013021e-20,1.0345480138504406e-16,1.7048870471692414e-16,-9.374856926305165e-17,2.369525102985831e-18,-4.7206653491273116e-17,-3.1636112727367598e-16,1.6089897485593546e-16,3.311085306653639e-17,-1.0631387659684767e-16,9.452408646594623e-17,2.7029652697397745e-16,2.0282962366182941e-16,1.500003373964875e-16,3.942607673335437e-16,-2.1509125416624362e-16,-2.996528181443678e-16,-8.331255869017153e-17,-5.91018084243273e-17,1.991164277210897e-16,9.370442191330529e-17,1.5911461194835669e-16,1.7657193661494756e-16,-1.8077614415629852e-16,9.64451969886701e-17,-1.0347598499022358e-16,9.429964279569052e-17,-4.224727632568166e-17,-1.0156339309634575e-16,5.20049074140038e-17,-1.3077547970015562e-16,-2.6786785566611325e-17,-1.1153221346184462e-16,7.9279629477549e-17,-7.028483241419515e-17,-5.911064598439619e-17,1.6294302531517802e-16,-4.9285670382387054e-17,2.222779928405736e-17,-1.3986434994415267e-16,7.47725503707641e-18,-2.847015043964372e-16,4.6032356005155134e-17,2.832602595571984e-16,-1.7013739384194716e-17,5.234599287240528e-17,2.227397309264125e-16,-7.657128228554424e-17,-2.483342273084288e-17,-4.0396149324035355e-17,1.0038775390457584e-16,-4.612999506168392e-17,1.4675474453151168e-16,8.84987575867877e-17,-1.393660744716981e-16,-1.6824902451958344e-16,4.304846669468507e-17,1.7185126903881126e-16,-1.1454519466953673e-16,5.871190198382398e-17,-1.0406616651520972e-16,-1.6036709069625776e-17,1.6990428414983174e-16,1.3181992952826725e-16,2.3691508941258438e-17,2.4140239646298796e-16,-2.593649298476754e-16,-4.3755401487183854e-17,1.0696864419806208e-17,1.8532414726610093e-16,-3.5099241973628954e-16,1.2914837169515087e-16,1.9464002669784843e-16,-2.2317237888599124e-16,-4.955071001401583e-16,1.509889845541288e-17,-1.621536486155481e-16,-2.616044719416119e-16,-1.368127287712055e-16
P(C1=CC=CC=C1)(C2=CC=CC=C2)C3=CC=CC=C3.[Na+].[OH-].O=CN(C)C>>,P(C1=CC=CC=C1)(C2=CC=CC=C2)C3=CC=CC=C3||[Na+].[OH-]||O=CN(C)C,C_5848f18789e8,P(C1=CC=CC=C1)(C2=CC=CC=C2)C3=CC=CC=C3||[Na+].[OH-]||O=CN(C)C,P(C1=CC=CC=C1)(C2=CC=CC=C2)C3=CC=CC=C3,[Na+].[OH-],O=CN(C)C,-0.39414405937350033,1.4875191122373377,-0.11353134158270548,1.988655632978056,-0.7707143962950784,-1.136808723893788,-0.18354280730119366,0.6338472252179014,-0.03472795104022109,-0.1263006885746534,0.36798960866164826,-0.2256827683615419,0.2084742945414327,1.5415551275991266,0.44013842870885306,-0.4134716903837577,1.850585982659943,-0.5977791820130759,0.5991508278507234,-0.1545949701766819,0.03856687432761152,0.25612873080591186,-0.09069751570904311,-0.14923446801775817,0.05132299686259003,0.10259037086228383,0.05752080781137732,-0.033669583379035826,-0.004291398702247052,0.019067359630862948,-1.222421680892551e-16,2.4461575688240153e-16,3.032307433876925e-16,1.8098762928304773e-16,2.9238959395846347e-16,3.985274126087218e-16,4.609727134354927e-17,-1.0426587857259843e-16,8.871919814142041e-17,-2.7155702822819924e-16,-1.7989333803805302e-16,5.2343714761085765e-17,3.128095775812548e-16,2.5713193350161565e-16,1.4328205863992756e-16,6.843343808361898e-17,-2.893735265253699e-16,-5.0381853119612743e-17,-1.7154383126467537e-16,-1.3834073376183455e-16,1.0332566188723748e-16,4.255832324382983e-17,2.4851962370694682e-17,-1.3013387800088538e-16,-2.397298513138983e-16,-8.8002539692894e-17,2.937370049326641e-17,1.0009946612271546e-16,8.487499042065527e-17,-8.42724088250015e-17,-4.91145236030014e-17,-1.2628880883153375e-16,4.550003075650499e-17,4.615326877266842e-16,2.5058925001596066e-16,-1.8895500099046405e-16,-8.646516617481518e-17,-2.0757613008237763e-16,-2.6381903358076847e-16,3.346322772758294e-17,3.405771206933026e-17,-2.403728440151799e-16,1.2569678176741344e-16,1.2779153869106112e-16,4.775258694502493e-17,2.373594250931008e-16,1.4368695202160911e-16,1.0225140914949373e-16,4.153932951709732e-17,1.3052034502434204e-16,-1.9597530790651406e-16,-2.322905897140808e-16,1.5726970788423134e-16,-5.356874301849624e-17,-1.877211091403592e-16,2.0844668417400662e-16,5.978975841191558e-17,-5.544041300931304e-17,2.5574293336539362e-17,8.632109221251969e-17,-1.8900427435616403e-16,-5.8372766626853e-17,9.904039340712175e-17,-3.554013793390023e-18,1.0409186416826045e-16,1.9833125775299825e-16,5.630420700159979e-17,-1.569574231107392e-16,1.7749986500779798e-17,-6.203461387575904e-17,1.8732725043709637e-17,-7.729271858312433e-17,-3.041171585348022e-17,-6.620348708150336e-17,6.5089314732017465e-18,-7.576217662671643e-17,7.511010682463238e-17,-1.8790485110719016e-16,5.083156437531869e-17,1.9179925962160564e-17,-1.292054434142402e-16,1.0383566448824204e-16,-1.2640889380683947e-16,1.7405517799690565e-16,-7.085168873592741e-17,-1.9456405044476314e-18,-2.4786637366318905e-16,-6.257580483500561e-17,-9.812031466765561e-17,1.7782235225305867e-17,-5.8908425612021235e-18,-1.3801596194938927e-16,1.4070299220623658e-16,-1.9047901257948328e-16,1.9420228793959633e-16,5.96966852114708e-17,-3.2293690288570377e-16,7.830360653156852e-17
CC(C)(C)P(C(C)(C)C)C1=CC=C(N(C)C)C=C1.[Na+].[OH-].O=CN(C)C>>,CC(C)(C)P(C(C)(C)C)C1=CC=C(N(C)C)C=C1||[Na+].[OH-]||O=CN(C)C,C_b228e90415de,CC(C)(C)P(C(C)(C)C)C1=CC=C(N(C)C)C=C1||[Na+].[OH-]||O=CN(C)C,CC(C)(C)P(C(C)(C)C)C1=CC=C(N(C)C)C=C1,[Na+].[OH-],O=CN(C)C,-1.5428890963026665,0.04262732649477948,1.2640834202126894,3.273473404979953,3.0845417195627216,-1.025994639544594,0.020287688568831057,-0.4173183322588808,-0.7117241949168419,0.006454271750381139,0.2782472896519708,0.0499287078419089,0.19488245388811334,0.9320294327431935,-0.3847347875750128,0.47840198097160186,-0.13515876647634664,-0.6170473370353015,0.7073678197730481,0.05380549955647084,0.014971883168134933,-0.2606114887674499,-0.14880600176495065,0.12638417083766137,-0.33939692735281285,0.279785171628338,-0.10082621034064272,-0.10938892429577107,0.03364962167175802,0.24900817566253727,4.052671428489625e-16,1.897347879404844e-16,5.265979119951301e-16,1.741859980605518e-16,1.7998672743672832e-16,1.598319572429384e-16,4.362210618994598e-17,2.831701525068942e-17,-1.3272326668791268e-16,-7.089790265704146e-16,3.932667089085117e-17,-1.89902862308785e-16,-2.992718656725348e-16,-3.452459675187919e-16,8.775062620441368e-17,-1.3751966693389542e-16,-1.6503514106940307e-16,1.9697215222148975e-16,6.840946677295326e-17,-1.7964483716595565e-16,-3.0299316066093966e-16,-3.9525531725981964e-17,-2.0167310510150107e-16,-1.500392089766114e-16,-1.3662950885686036e-16,2.7037167624463085e-16,5.4930267460422085e-17,-2.457835685819332e-17,3.045827007358541e-17,2.0366432437451505e-16,2.784704287040913e-17,2.0643375749932136e-16,2.8396828809525214e-17,-1.2774909571499345e-17,5.354288676531027e-17,-2.1064320658793682e-16,-5.01073330190563e-17,2.668782096837987e-17,-3.8780167175792145e-17,-1.0445048816971066e-16,-6.621880747032415e-17,-1.4310557583681323e-16,-1.0593620716966062e-16,-1.3648439914181096e-16,2.6793527659695692e-17,-7.336054467330009e-18,-1.2976180657605084e-16,-2.6334247212651923e-16,-1.476836629780903e-16,3.7899657424887866e-17,1.5589766280611294e-16,-1.1484076544437498e-16,6.505967000768375e-17,-3.7580684167538714e-17,-1.9703433091390954e-16,3.0309371872670734e-16,8.8328369734589e-17,7.270836156151678e-17,1.2982432079988762e-16,8.488689387990766e-17,8.439513802125086e-17,-1.0460484457239214e-17,1.8319247851919939e-16,-1.1651354237193644e-16,-5.4019900214098237e-17,-9.153765681608652e-17,1.5080889756045933e-17,6.848903393381162e-17,8.266377782328382e-17,2.824929190600805e-16,4.1329159306869896e-16,-2.6691842164105097e-16,-1.1590043502556885e-16,1.1102241666916086e-16,-1.547637001314801e-16,-1.6365654707901803e-16,-2.937849197028535e-17,-5.833450338286431e-17,-1.545838339366434e-16,5.922087239294791e-17,-7.565689272030643e-18,1.2815354108762915e-16,3.544594305115084e-17,-2.5858561925579832e-17,-1.189728778930937e-16,-3.4785242549226836e-16,1.6396798593141985e-16,5.3941134599261286e-17,1.366254198652017e-16,-1.9544455277756036e-18,-2.0507091870876252e-16,3.9380137373952814e-17,-4.092675881889309e-18,3.127636459957314e-16,2.137616694149495e-16,-1.2269254896225413e-16,3.988973749850096e-17,-7.291403476880279e-17
P(C1CCCCC1)(C2CCCCC2)C3CCCCC3.[Na+].[OH-].O=CN(C)C>>,P(C1CCCCC1)(C2CCCCC2)C3CCCCC3||[Na+].[OH-]||O=CN(C)C,C_420dd4016dbd,P(C1CCCCC1)(C2CCCCC2)C3CCCCC3||[Na+].[OH-]||O=CN(C)C,P(C1CCCCC1)(C2CCCCC2)C3CCCCC3,[Na+].[OH-],O=CN(C)C,-0.10234345605238424,-1.443468023707373,-0.10968449182320987,1.9649015643932637,-0.848263783615219,-1.2282005574056118,-0.4701043392502413,0.5279876346068293,2.484068616771262,-0.09119677894505719,1.0798069455201493,-0.6435206670775595,-0.16518467313224686,0.7237231245703281,-1.4003604630305038,0.7297263148292623,0.22922216507100812,-0.5991703247256903,0.6052095115321017,-0.14035365583559242,0.07126115124232282,0.30380527294238063,0.08379825095601445,-0.06244902196638288,0.04581620788796308,0.1286260089415981,0.0561241806153382,0.005056680696099158,0.11255809015701881,0.018359119156281425,-2.7981664855774897e-16,5.341933709927011e-16,5.91046746968968e-16,-3.534023046662185e-16,3.421633580273452e-16,1.1181762275482283e-17,2.9646071532485076e-16,-7.86420923366312e-16,-3.2621908797362693e-16,1.5846636649142704e-17,4.513708373622936e-16,-1.6074640053542059e-16,5.021110164363072e-17,1.268828431272395e-16,-4.017604102882673e-16,-2.748434862394087e-16,-4.943312418889663e-16,2.112564245317715e-16,-2.0969863205281283e-16,1.8230178134261363e-16,-5.384072167510961e-17,-1.38995087593093e-16,2.823079283419179e-16,1.2334159863672034e-16,-8.383950007148723e-17,7.034069612434398e-17,-1.9191787384311017e-16,-3.793639022977098e-17,5.680109872692342e-17,-2.376282941989294e-16,1.0903816888845853e-16,-2.50239854687781e-16,1.3392652870039524e-16,1.0029743674159244e-16,5.34460190568391e-19,-6.730951244269846e-17,-9.087260205313982e-17,-2.434814970050696e-17,1.1858172306164232e-16,-2.384740676942401e-16,3.0465823489948606e-17,-2.623592611211526e-16,1.296631038674605e-16,-2.8731533858605153e-16,-1.7598618716057322e-16,-4.8975990579888666e-17,1.558983806090559e-16,-3.1836354298114633e-17,1.8332448653968456e-16,-8.532925624027127e-17,-1.5047881887063157e-16,-1.284608080992715e-16,-9.354298658508616e-17,-5.228355613771256e-17,-3.6597117960591244e-17,-1.1919202882261726e-17,7.103047141139381e-17,1.2343157700051364e-16,-2.380546704060701e-16,2.822058947760529e-16,5.2840289320696895e-17,5.452238882330475e-17,1.9603106976818226e-16,-4.647547381900449e-17,2.3385180699518213e-16,2.783356625077242e-17,7.497806752983988e-19,9.311960257198037e-17,1.0392851148888157e-16,-5.827561774000995e-17,9.340134136397849e-17,8.51115473351744e-17,7.553359358716814e-17,-1.319294210066708e-16,1.3117935054433928e-16,-1.3957983880919568e-16,1.2873690004028736e-16,3.7850514204413403e-17,1.5261870594659662e-16,-1.3824181492901534e-16,1.082111358908905e-16,-8.118100098655709e-17,1.4667112600619213e-16,4.7233378024319563e-17,-2.98689271299413e-16,-1.1558804454752246e-17,-1.2536494551187086e-16,1.3913582730109143e-16,1.3111814274047834e-16,1.4030924879272263e-16,-4.2295929706747723e-17,7.086715738211542e-17,2.7493065499828516e-16,-2.979338204349887e-17,-2.187842342072087e-16,-1.666124221786367e-16,-5.954089384060172e-17,-1.936617517183625e-17
CC1=CC=CC=C1P(C2=CC=CC=C2C)C3=CC=CC=C3C.[Na+].[OH-].O=CN(C)C>>,CC1=CC=CC=C1P(C2=CC=CC=C2C)C3=CC=CC=C3C||[Na+].[OH-]||O=CN(C)C,C_7d1f84850706,CC1=CC=CC=C1P(C2=CC=CC=C2C)C3=CC=CC=C3C||[Na+].[OH-]||O=CN(C)C,CC1=CC=CC=C1P(C2=CC=CC=C2C)C3=CC=CC=C3C,[Na+].[OH-],O=CN(C)C,-0.5637989510680698,1.9001913752682222,-0.27786706565026587,1.9648550695301383,-0.7445344735571799,-1.0881879275918465,-1.1184744165733993,3.0555416008719236,-0.4716785665436529,-0.12695858135059299,-0.8639908495366543,0.2973167589571581,-0.1342351736634427,0.8306004049233905,-0.6475868950294076,0.36660135205473066,-0.5229000674559242,-0.5768164360339699,0.6068343034941671,-0.18142695071577147,0.03708942508592421,0.2581841609748926,-0.0921516503722143,-0.15846246792908258,0.044653481381864896,0.1002370287021825,0.05734951677186888,-0.03429593533355834,-0.0041642820872221,0.019265954976866805,-5.576239028694289e-16,1.139070017976502e-16,-8.204972035013692e-18,-6.088664632930856e-16,1.290715230403291e-16,7.923446689336838e-17,8.942642958208024e-17,4.477341995847969e-17,6.305784007990806e-16,-2.8009960530298646e-16,-4.2120991790364663e-16,-6.596398077942597e-17,-8.90281062203393e-17,-3.663894681020602e-16,1.7594221692118076e-16,7.440928112585188e-17,-3.018437824309358e-17,3.052086584105265e-16,-8.692880631491522e-17,2.688723523224452e-16,-1.1645107291531967e-16,6.500525587828377e-17,9.56797546606005e-17,2.7772568751878506e-16,2.2070734430792718e-16,1.8780079236295597e-16,7.95406781937752e-17,1.4056079543192564e-16,-4.159271371339704e-17,2.7388019804184163e-16,8.371944228797806e-17,1.9490481462641647e-16,-2.761480350874118e-16,-2.1204877946079029e-16,-1.8427883005120782e-16,1.795351627731372e-16,-1.3114395013734575e-17,1.0217355623380209e-16,3.939238742113563e-17,-1.857406309889938e-17,9.357483969994243e-17,-5.3142913448507486e-17,1.4790920233114999e-16,-1.1327492731305899e-16,1.36832852784538e-16,-2.469441387173922e-16,3.147869786695127e-17,-2.5800372646670095e-16,1.3458535440056016e-16,8.668079092638399e-17,-5.5240938434307673e-17,1.355454445900717e-16,-1.9731035409523886e-17,1.5903078462935625e-17,-1.0018228036141258e-16,1.8783019387952145e-16,-1.16903557673932e-16,5.611681565372666e-17,3.4948923321990884e-18,-1.7208408802415997e-16,-1.43690275074093e-16,1.2014213168286006e-16,3.4049640513825213e-17,1.162088505427918e-16,-5.0084967685062883e-17,-5.865261484259488e-17,-9.17408821173406e-17,9.366731193082407e-17,-5.4018659602725564e-17,2.313729630501828e-16,-1.8606519206681154e-16,6.776252258533811e-17,-6.475001342095729e-17,1.6131083322007122e-16,2.424846568142337e-17,-1.0431285286653942e-16,1.3694784375662195e-16,-5.312820468698051e-17,2.1217879415249717e-16,9.836548869712244e-17,-7.538917199506484e-17,-4.289204394614735e-17,4.7799506575560404e-17,-4.1700486667620846e-17,-1.2495785053142409e-17,2.926623753538457e-17,-2.777529327942591e-16,8.157558746795272e-17,-6.009486697642308e-17,2.422211923114911e-16,2.0992535504413836e-16,8.02478457899314e-17,-1.2771506281604177e-16,-2.2410334125734826e-16,4.236731565446376e-17,1.9153389460555199e-16,-9.867300067901645e-17,-2.4676118685896366e-16
CCCCP(C12C[C@@H]3C[C@@H](C[C@H](C2)C3)C1)C45C[C@H]6C[C@@H](C5)C[C@@H](C4)C6.[Na+].[OH-].O=CN(C)C>>,CCCCP(C12C[C@@H]3C[C@@H](C[C@H](C2)C3)C1)C45C[C@H]6C[C@@H](C5)C[C@@H](C4)C6||[Na+].[OH-]||O=CN(C)C,C_268f41c7d76c,CCCCP(C12C[C@@H]3C[C@@H](C[C@H](C2)C3)C1)C45C[C@H]6C[C@@H](C5)C[C@@H](C4)C6||[Na+].[OH-]||O=CN(C)C,CCCCP(C12C[C@@H]3C[C@@H](C[C@H](C2)C3)C1)C45C[C@H]6C[C@@H](C5)C[C@@H](C4)C6,[Na+].[OH-],O=CN(C)C,-1.8575312203383303,-3.334115138401638,-2.1934271701881416,2.1860388150857206,-1.7650061122003238,-1.0658804901321415,-0.014637325070411447,-0.25376462803955935,-1.7370191637528098,-0.01126404401348493,0.014290266727679163,0.1544952980921751,-0.0023569558471007433,0.9986881384626983,-0.39235417684391977,0.18759153625854724,-0.05972413967911898,-0.588035510998697,0.6071022747455685,0.20513373438334714,0.041162491056766726,0.1332799304918538,0.13948856035059307,-0.08135238783200469,0.020470857131420613,0.19348355958016009,0.06450574798673538,-0.028106183089947404,-0.02061198040929392,0.0071671786651513695,-6.554729622842578e-16,1.707595014883763e-17,1.1011953391939032e-17,-4.0613882048585948e-16,-8.018525310615703e-18,1.7820729215699133e-16,1.8003499129192357e-16,-3.512840032449522e-16,-3.630886578958649e-17,7.647507442487858e-17,2.022321659414204e-17,4.789988327868184e-16,8.777213326784942e-17,4.469707094817386e-17,2.3386296549593474e-16,1.6723287045090164e-16,6.272443146105391e-17,3.982633884980836e-16,-1.0220292760070355e-16,-3.8620831866210836e-17,3.863702031708751e-17,1.406972668719273e-16,4.900208150559161e-16,1.8208981193786105e-16,6.147471507203539e-17,-1.4828977996844244e-16,1.620910306761819e-16,-3.4930627107317046e-17,1.026654228096477e-16,2.4715096751614946e-17,5.3806038163548426e-17,1.0395397993360141e-16,-8.905896094110142e-17,-9.566274482058147e-17,2.549674824119542e-16,2.5460809436453444e-16,9.1148869936028e-18,-5.493353462780778e-17,-1.3420623455590076e-17,-1.1710703040168802e-17,1.0711256068797258e-17,2.5521365081351463e-16,-2.050914389383329e-18,-1.567518084185771e-16,-7.327306010282396e-17,-1.0840453358841938e-16,-3.708498243749476e-17,-3.510819530183088e-17,1.3939777433458351e-16,-2.6079061295719848e-17,-3.4553313372697403e-17,-1.2415060850916262e-17,-2.462369466595785e-17,1.3151403649297372e-16,-1.497922982371187e-17,-1.0557863630558201e-16,-1.9805593507160005e-16,6.416357001153247e-17,-1.2595838188072893e-16,-2.0113190004834186e-17,-1.358775996817953e-16,6.246375843209586e-17,4.9594131019263384e-18,1.6018293669298256e-16,3.382280975995783e-17,-2.946025349614314e-17,3.3628147329873873e-17,2.091619806769592e-16,6.820732883274518e-17,1.574275393491031e-17,-1.7793863480920324e-17,-1.478411645068929e-16,9.896454511593463e-17,4.919092121461203e-17,7.42119970668172e-17,-4.0880276745111714e-17,2.258665480593554e-16,-6.942499266870596e-17,1.0552572351163088e-17,-2.561819970329591e-16,1.5737810353433026e-16,-1.776290403611972e-17,-2.931739073240488e-17,-2.589623270688909e-16,-8.851466564568591e-18,2.16880448011735e-17,1.9930040794340008e-16,5.934587750248572e-17,-5.418464288737984e-17,-4.168413504768089e-17,-4.079359289881053e-17,9.694427557702781e-17,-4.257928939943587e-17,-6.4793559199337145e-18,2.7129393852360768e-18,1.25051409615591e-16,-1.623487244437604e-16,-7.960207210104233e-17
COC1=CC=CC(OC)=C1C2=C(P(C3CCCCC3)C4CCCCC4)C=CC=C2.[Na+].[OH-].O=CN(C)C>>,COC1=CC=CC(OC)=C1C2=C(P(C3CCCCC3)C4CCCCC4)C=CC=C2||[Na+].[OH-]||O=CN(C)C,C_1026cb6caf62,COC1=CC=CC(OC)=C1C2=C(P(C3CCCCC3)C4CCCCC4)C=CC=C2||[Na+].[OH-]||O=CN(C)C,COC1=CC=CC(OC)=C1C2=C(P(C3CCCCC3)C4CCCCC4)C=CC=C2,[Na+].[OH-],O=CN(C)C,4.0606892211854735,-0.3789920330530776,0.7186140028316405,2.0198883604350204,-0.7751693496626104,-1.4944862506302694,2.7617503428927157,0.586985868687941,-0.13001228785740138,-0.30908120472330125,-0.2539388621983476,0.11081480140339708,-0.15689788324865767,1.0686697716814657,-0.2590864216989865,0.1646043423294155,-0.21110740074265907,-0.5864431127326463,0.5766270905636153,-0.2264922137580883,0.06420998714789522,0.19853585941894367,0.10342640379193356,0.03417166226955179,0.3140435935503259,0.15457498045803908,-0.051590300594568456,0.13837524422712907,-0.04330291996328137,0.07478251105198469,-3.994899157518477e-16,-3.158498448643017e-17,-3.0324891550301725e-16,-2.856414800352673e-16,4.871515544087543e-17,5.481147530511295e-16,1.070040307769788e-16,3.227040753958745e-17,1.2189581055449118e-16,-6.16091361111037e-16,2.0619034182622805e-16,-2.8640576648240244e-16,1.5232918110562842e-16,1.8856822426322615e-16,1.4768952171042022e-16,-2.981790091199787e-16,7.83921788676789e-18,-3.907001097449305e-17,2.4725798740463314e-16,-2.2569973468100876e-16,3.525912968428702e-17,-2.5489062941070165e-16,-1.0292629030701979e-16,-2.551259289229257e-16,-5.4491703171783286e-17,-1.0689941997578419e-17,7.421980472268024e-18,9.166130325310096e-17,1.4212889878829057e-16,1.2655587840290777e-16,-9.309791582720187e-17,3.250027725279384e-17,1.1611165520634457e-16,-1.3250150038475457e-16,2.6929506594645476e-16,-7.089027777093061e-18,1.016454585800183e-16,-1.13427037161491e-16,1.9225756963093168e-16,6.408108144915643e-17,-4.9332092913420077e-17,-4.865920929054026e-17,-2.975675445457045e-16,-4.29464420027499e-17,-3.791330882416346e-17,-1.3941638197027983e-17,8.116776944055216e-17,-3.3689603475334154e-18,-8.172106076694025e-17,2.9089176170467483e-17,8.006833778250023e-17,1.3758666748261192e-16,1.6819930037776761e-19,-1.8656500715557828e-16,1.3191489470977316e-16,-9.914440636001377e-17,-5.714441163502837e-17,2.616815046672388e-17,8.879132925454202e-17,-1.83989819475586e-17,2.1815299452864335e-17,-1.7318135721610985e-16,-7.853292521461493e-17,2.6699720118919335e-17,-7.416140056843947e-17,-5.434944505633459e-17,1.7505767448242723e-16,6.388628487528098e-17,1.454251187188316e-16,-8.295503226026844e-18,1.0434047819615024e-16,1.6264862383009055e-16,3.1713177946315495e-17,-7.294835826658994e-17,-7.118692330373486e-17,2.9328646783365683e-16,1.427781595200247e-17,5.1612941757227605e-17,7.20447352846802e-17,-1.2099348084907339e-16,-1.0405731739808908e-16,1.6329140316005334e-16,-4.946801919165847e-16,-4.125714913051497e-17,8.513375838078131e-17,-3.812213744080859e-16,7.892855863305866e-17,-1.7241433116324815e-17,1.794935816429311e-16,1.7876371094989427e-17,-2.6124629079509023e-16,2.4119127203769433e-16,-9.49626560602589e-17,3.604794137281094e-16,-2.1924874004425013e-17,-5.095385120453521e-17,9.713917309263041e-17,-2.2073286082398338e-16
CC(C)(P(C(C)(C)C)[c-]1cccc1)C.CC(C)(P(C(C)(C)C)[c-]2cccc2)C.[Fe+2].[Na+].[OH-].O=CN(C)C>>,CC(C)(P(C(C)(C)C)[c-]1cccc1)C.CC(C)(P(C(C)(C)C)[c-]2cccc2)C.[Fe+2]||[Na+].[OH-]||O=CN(C)C,C_379311f1489f,CC(C)(P(C(C)(C)C)[c-]1cccc1)C.CC(C)(P(C(C)(C)C)[c-]2cccc2)C.[Fe+2]||[Na+].[OH-]||O=CN(C)C,CC(C)(P(C(C)(C)C)[c-]1cccc1)C.CC(C)(P(C(C)(C)C)[c-]2cccc2)C.[Fe+2],[Na+].[OH-],O=CN(C)C,-2.051498537270933,-0.2473401899700178,2.9606005189396574,1.1578713699426373,-1.7373224990156746,-1.0239773726814159,-0.13284671186575786,-0.9957708308782696,0.37435431632516264,-0.2903495508114684,-1.6650416674817348,0.916658311137781,0.024017147775509347,1.009596009775884,-0.7706297930278472,0.2454952675679687,0.27197464413440114,-0.5891752843418486,0.6089493926981931,0.1803168890659432,0.0020248051146598816,0.0743785670557838,-0.049089070071026045,-0.17904901046371338,0.033543158111291264,0.17346649030463884,0.08312943624128304,-0.04199856077983902,-0.021888804003727308,0.0009447106732381587,-2.918023245705992e-16,1.5393342484572986e-16,3.29523171924998e-16,-2.4634188765972666e-16,-4.939829798277044e-17,4.4108104765676335e-16,4.147960063833689e-16,4.618092056428996e-17,-1.9696361002335634e-16,1.0679994318989031e-17,-3.0312941730010897e-16,-1.6699343462233075e-16,-1.2673038676564252e-16,8.209374529599792e-16,-5.745578602271854e-17,-1.5758592967926962e-16,6.441035588153416e-17,2.4351075339212286e-17,-2.522213173721196e-16,-3.3710523431781985e-16,9.053262766696708e-17,7.087082001922288e-17,3.1584869798449863e-16,1.5507335723251414e-16,1.900330281486919e-16,-7.752969962714782e-17,1.374132450084701e-16,1.6819682897479018e-17,3.072264563512193e-16,-2.352467386574334e-16,-1.4117629207267583e-16,-5.118962411744354e-18,-1.9573034418877157e-16,-2.9361964130253625e-17,5.332278417199979e-17,8.543099773049572e-17,-3.200249391480291e-16,1.965090198925795e-16,-3.8752384602514206e-17,-8.710654483028707e-17,-2.4922611858059953e-16,-7.05705394482545e-17,-8.11837797382966e-18,-8.001952326473601e-17,-2.6721292886560978e-17,-1.564467832324183e-17,-1.1591073490518395e-17,2.7223639490075978e-17,-1.7414538425560671e-16,3.860465633455369e-17,6.715692428993589e-17,-2.1041007953621736e-17,-1.9830827244548952e-16,1.4738108317653726e-16,1.434597975762001e-16,2.454946572188969e-16,7.175700075653451e-17,1.027960708964811e-16,5.099050955556174e-18,3.2133177832682087e-17,4.063903340973442e-17,-9.549772472011202e-17,-1.7189702477505798e-16,-1.5010607034142657e-16,-1.1142376708210595e-16,1.631837814357021e-16,-1.5507869493713456e-17,-1.2272068329082014e-16,2.5881816554428197e-17,2.642959634722093e-17,-1.8283541885583803e-16,-8.451767692870994e-17,1.5860847317165248e-16,1.4834545696528105e-16,3.5425440156866855e-19,6.704569006738844e-17,9.262774866037342e-17,1.922665064558541e-16,2.8869178609327305e-17,1.1793849796142964e-16,-1.0653000971811124e-16,-1.181368650098317e-16,-4.54029307016309e-17,2.148955368116823e-16,9.43527325704036e-18,2.7334088398867303e-16,4.3552612358706086e-17,7.604250760718557e-17,2.2480896776237177e-16,-7.355813633317835e-17,-3.221826396412002e-17,-8.163798743742955e-17,1.1464339828988963e-16,-2.4231063356996155e-16,-8.137483650582025e-18,1.297299297720094e-16,-6.21963646070984e-17,-4.7823652394186594e-17
CC(C1=C(C2=CC=CC=C2P(C3CCCCC3)C4CCCCC4)C(C(C)C)=CC(C(C)C)=C1)C.[Na+].[OH-].O=CN(C)C>>,CC(C1=C(C2=CC=CC=C2P(C3CCCCC3)C4CCCCC4)C(C(C)C)=CC(C(C)C)=C1)C||[Na+].[OH-]||O=CN(C)C,C_b17950b790ca,CC(C1=C(C2=CC=CC=C2P(C3CCCCC3)C4CCCCC4)C(C(C)C)=CC(C(C)C)=C1)C||[Na+].[OH-]||O=CN(C)C,CC(C1=C(C2=CC=CC=C2P(C3CCCCC3)C4CCCCC4)C(C(C)C)=CC(C(C)C)=C1)C,[Na+].[OH-],O=CN(C)C,4.439336297492943,-0.5160265692845253,0.6952879802001731,2.1480461314460806,-0.6882929657443465,-0.6441289368876992,-2.731298860530198,-0.9297068299402071,-0.45415719793503156,0.06193590755080816,-0.16576429226274986,0.0008496477789279057,0.11056343274340787,1.0356390742541624,-0.10433585106051238,0.12230994323216554,-0.17695921385468877,-0.5917952560110521,0.5745883625896013,0.18351677602264627,0.06018892595726081,0.11551208884259306,0.06430992491973218,0.09571170043923014,0.1765275524119126,0.21865501828044837,0.09028884286830956,-0.02262399236119595,-0.037500645024794374,0.00629518437202489,1.3496293295609198e-16,1.9117880399753708e-16,2.3235386757430815e-16,1.1874726868051765e-16,-6.205447164390971e-17,5.020202911120002e-16,-6.69186626812785e-16,4.034569669508943e-16,-8.454132216352876e-16,-1.5939589313028042e-16,5.152991506590122e-16,-2.9240517523873616e-16,2.766999852335169e-16,3.5969436746588915e-16,-3.7080601849115017e-16,5.103120965004493e-16,-3.8713059087345794e-16,3.879265509859474e-16,4.816813339976742e-16,-1.82087590839004e-16,1.2932818645239092e-16,4.998776016895459e-17,-1.7106748944510565e-16,2.5199208735475453e-16,7.871483541478922e-17,1.691828854124066e-17,-1.8101012591769543e-16,8.12046964426431e-17,8.750133166234319e-17,1.6491505352329846e-16,-2.4087171179265294e-17,-1.8291792486853927e-17,7.55772405916069e-17,4.580752647217113e-19,-3.222232420575941e-16,1.6290249740749799e-16,2.6974975018181027e-17,-6.348959487748712e-17,-1.2157825500081303e-16,2.7369075119313432e-17,-8.017316442863232e-17,1.01970011143007e-16,1.2129441262953884e-16,-4.723267941599249e-17,-8.78773926576521e-17,-5.0454054734227377e-17,1.0783474209896533e-16,-1.4608422245651991e-16,-1.2405104499042722e-16,2.6628584283501354e-16,-1.1429445238941466e-16,-1.3446966856206585e-16,-2.057225617046323e-17,2.6140319421822402e-18,1.2986770898775567e-16,-1.0362008501664752e-16,7.964029885700376e-17,-7.189409516184873e-17,-3.4055304806838767e-17,-8.897965010369756e-17,-5.927224059164402e-20,1.1302890813896057e-17,2.119773913000114e-16,-8.38271216336921e-17,-2.0695277309013174e-16,-7.291564879648787e-17,-1.985385229205679e-16,-1.3803549592113493e-16,-1.7803771672142226e-16,-1.5973592810339995e-16,-2.095272153959405e-16,1.421784612035236e-17,8.643078668172915e-17,4.594453532168228e-17,-5.5153041682679515e-17,4.9008718890706325e-17,9.438176203010151e-17,1.4406951841269312e-17,-1.0726107196577283e-16,1.360775932102258e-17,1.0186523329343483e-16,-1.9395209156335544e-16,3.4758240893851806e-16,-7.988902063639839e-17,1.2418348364297035e-16,-1.9190702530832186e-16,-1.649513126804843e-17,-2.814944183821087e-17,1.4629094074834093e-16,1.8466773941973368e-16,-1.2161672518497355e-16,-8.170682765873977e-17,-2.111366191574434e-16,1.8916474025180468e-16,-1.9502104195586706e-16,5.832198659353875e-17,1.2960784618634888e-16,8.120083035467881e-17
[c-]1(P(C2=CC=CC=C2)C3=CC=CC=C3)cccc1.[c-]4(P(C5=CC=CC=C5)C6=CC=CC=C6)cccc4.[Fe+2].[Na+].[OH-].O=CN(C)C>>,[c-]1(P(C2=CC=CC=C2)C3=CC=CC=C3)cccc1.[c-]4(P(C5=CC=CC=C5)C6=CC=CC=C6)cccc4.[Fe+2]||[Na+].[OH-]||O=CN(C)C,C_7884cae29644,[c-]1(P(C2=CC=CC=C2)C3=CC=CC=C3)cccc1.[c-]4(P(C5=CC=CC=C5)C6=CC=CC=C6)cccc4.[Fe+2]||[Na+].[OH-]||O=CN(C)C,[c-]1(P(C2=CC=CC=C2)C3=CC=CC=C3)cccc1.[c-]4(P(C5=CC=CC=C5)C6=CC=CC=C6)cccc4.[Fe+2],[Na+].[OH-],O=CN(C)C,-1.1993031494746995,0.982158886316109,2.7914608478751575,0.9786706537296129,-2.1544751896495167,-1.2688235530205907,-0.11699445826274191,0.2226147185940295,-1.1343873295156783,0.14132334152660458,1.766783494050869,-0.9069932239408535,-0.06310507651107158,0.9941254790715953,-0.0436337119613172,0.19382128028749418,-0.568583325401262,-0.5773389800393623,0.6078621527337343,-0.17723328857714765,0.036550931791116945,0.2565949940069645,-0.09130084280939539,-0.1596585215895335,0.04379210085769508,0.10045752053083119,0.05707845579221743,-0.03420623448118054,-0.004214714738604687,0.01931648314635311,-3.918840075113252e-16,2.5683902709028293e-16,3.6503343474198644e-16,-2.0554010762885482e-16,3.244794310334136e-16,1.0214944854957364e-16,-6.2066436607849735e-18,-1.4059396776507692e-16,-3.6887175993972915e-16,-2.2361867398599155e-16,1.624863309837434e-16,-7.14486406085886e-17,-1.4006290654014747e-16,5.184541292957017e-16,1.4428987777748497e-17,-2.7295404616049746e-16,-3.4092098762533806e-16,1.8121282106230065e-16,-3.661216032116417e-17,2.0127844008428468e-16,-1.635680569961587e-16,-5.479700297629298e-17,2.5849876964668363e-16,-2.927040946325413e-16,-2.95049476272556e-16,8.829006144840463e-17,-5.597391793460947e-16,1.5245491584033139e-16,-6.32176202634969e-17,-3.5399551350897894e-16,5.953175697765199e-17,-1.7089291480071384e-16,6.323473947219641e-17,-2.5471778924760246e-17,4.554626526951272e-17,4.1691973253058005e-17,-9.238968793287533e-17,1.8450015365238557e-16,-1.4577328392642278e-16,-1.696723406816656e-17,-5.1177797043949887e-17,1.3681283647879139e-16,-2.9843106757953826e-17,7.143843597644837e-17,2.44662385548808e-16,-1.1673171015975537e-16,1.8773390523503098e-16,2.1043286610836838e-17,-4.716849549523128e-17,-2.4141270407890256e-16,-1.842943446106395e-16,5.1157261706749425e-17,1.3418960879840304e-16,-8.348126609432628e-17,-1.2830900230795982e-16,-2.3675971017204e-16,-1.245259268086501e-16,4.425523834270275e-17,1.597753376688555e-16,-4.602634063546095e-16,8.653481084322293e-17,5.798244246030385e-16,-2.5266600915308622e-17,5.461019056831653e-17,9.000415630000036e-17,2.1615330015336005e-16,-2.0638940221564392e-16,-2.2928631164800557e-16,-6.631058148222887e-17,-5.849751963402452e-18,-1.204385334859204e-16,-2.3169999080467367e-16,-1.4032404883400325e-16,-1.1500125289847018e-16,2.0691288420365097e-16,-3.8135686586523935e-17,8.30645841382232e-17,4.310958884782212e-17,1.6290857749496808e-16,-3.593046017409559e-16,-1.7582151060157398e-16,-1.5776977071637562e-16,-3.989248081172464e-16,-7.005496984451839e-17,6.705138797599117e-18,6.411254389951702e-17,1.3556235773010414e-16,8.363225753276284e-19,-6.623944712248679e-17,-1.6887917306639988e-16,-7.300314644974951e-17,-8.78334599916457e-17,-1.6631920338926966e-16,9.961705832146984e-17,-1.6983871284447068e-16,2.4214877977624192e-17,-8.39740939201086e-17,-1.3398032316462845e-16
CC1(C)C2=C(OC3=C1C=CC=C3P(C4=CC=CC=C4)C5=CC=CC=C5)C(P(C6=CC=CC=C6)C7=CC=CC=C7)=CC=C2.[Na+].[OH-].O=CN(C)C>>,CC1(C)C2=C(OC3=C1C=CC=C3P(C4=CC=CC=C4)C5=CC=CC=C5)C(P(C6=CC=CC=C6)C7=CC=CC=C7)=CC=C2||[Na+].[OH-]||O=CN(C)C,C_9c9ecdfaa0db,CC1(C)C2=C(OC3=C1C=CC=C3P(C4=CC=CC=C4)C5=CC=CC=C5)C(P(C6=CC=CC=C6)C7=CC=CC=C7)=CC=C2||[Na+].[OH-]||O=CN(C)C,CC1(C)C2=C(OC3=C1C=CC=C3P(C4=CC=CC=C4)C5=CC=CC=C5)C(P(C6=CC=CC=C6)C7=CC=CC=C7)=CC=C2,[Na+].[OH-],O=CN(C)C,-0.46203922862056357,3.7569165225503824,-2.0342339259744375,2.0541735574260516,-1.2048039758819389,-1.0334324222434608,0.22977887831701058,-1.9205649080256317,0.2870605698669289,-0.14571592927162996,-0.014728473895077171,0.041622298005641274,-0.06764624420165162,0.9510800964017782,-0.4925637506914267,0.3318565194071186,-0.5700103803646143,-0.5903336474164184,0.5814788131915795,0.0907016730707523,-0.0019614455725520843,-0.062233391324561606,-0.05042259949800521,-0.046920923164174434,0.2507666861276003,0.172635179943923,0.1171825810470899,-0.03168874991056641,-0.042971743168582516,0.017815370609386594,-4.1741117988177563e-16,-8.318394634486872e-16,5.936907502320274e-19,1.1344727221602307e-17,8.369361943406543e-16,9.497493987158037e-16,-1.753390817129766e-16,-4.658723844024565e-16,7.61110555135523e-18,-1.2034526135561254e-16,-5.703869085528753e-17,-6.016001367523842e-16,1.669555712840736e-16,-8.780510355850422e-17,-1.1137008185255184e-16,-2.475255060923559e-17,-3.146532785086073e-17,3.2243341687257353e-16,-2.1750608098753614e-16,-1.703101550343754e-16,-9.554529377442457e-17,1.6091632106597774e-16,-1.898123049353164e-16,-1.9745242675305626e-17,5.695468822508052e-17,-6.156851004388082e-17,-2.7527390171808124e-16,-1.4005555684123768e-16,1.3259668319845794e-16,1.194288892187171e-16,2.5690641529870866e-19,-2.7021512423304328e-17,1.0218275490510994e-16,-1.0502765701303203e-16,6.72327120037065e-18,-7.777292249593694e-17,-3.109046617502327e-17,2.277236094669603e-16,1.7598066553506186e-17,-5.720144632485265e-17,1.1772920999079985e-16,8.998243372512194e-17,5.625660571022432e-17,4.025395129377432e-16,2.4704842927010135e-16,-5.0964971771265375e-17,-1.635628214281722e-16,-2.924889528575092e-16,-8.250662471262394e-17,-2.0598305959742607e-16,-9.175372206117447e-18,-2.172877348753028e-16,2.907990685900072e-17,2.5241282201840473e-16,-6.537285579379529e-17,-1.388522586870204e-16,-7.724466955403331e-17,1.4289869356459984e-16,9.843713031268563e-18,-5.110151535208185e-17,-6.723822140900234e-17,-3.975200353952357e-17,-8.704971937257327e-17,1.3314980602453112e-16,9.10179073771904e-17,-1.358564666906118e-16,-6.030446814542701e-17,-2.5056059838155913e-16,2.782938617189316e-17,-8.187458142221545e-17,-4.838075261488977e-17,2.2260786550114292e-17,-8.802502764927575e-17,2.128488796369246e-16,-1.4009939187952164e-16,-7.438686737981097e-18,-1.4864915033743433e-16,-8.011636423900595e-17,-2.471823506411193e-16,-1.7044682967282558e-16,-7.062757711595752e-17,-1.2680535308529738e-16,3.127666559738137e-17,-2.453728056662515e-17,1.628868980417628e-16,7.756732476182865e-17,-4.283237561772442e-17,-3.8287758280474033e-16,-1.174917215866827e-16,1.2222682327729568e-16,1.6526114669238433e-16,4.0857949047132157e-17,-1.4392427748847321e-16,2.7754690983956907e-16,3.88272953447194e-17,-1.4661537374148466e-16,1.3266842240978563e-16,-6.160771263517251e-17
CC(P(C(C)(C)C)C(C)(C)C)(C)C.OC([O-])=O.[Na+].O=CN(C)C>>,CC(P(C(C)(C)C)C(C)(C)C)(C)C||OC([O-])=O.[Na+]||O=CN(C)C,C_792caf72ee42,CC(P(C(C)(C)C)C(C)(C)C)(C)C||OC([O-])=O.[Na+]||O=CN(C)C,CC(P(C(C)(C)C)C(C)(C)C)(C)C,OC([O-])=O.[Na+],O=CN(C)C,-1.3571625034423007,-0.850769376993069,0.15303251105859558,2.2751442262996315,-0.4965490489342121,-1.0611910435493985,-0.17169991610323007,-0.0644029720955479,1.540006617347813,0.8439553724275332,-1.131597811083514,-1.275751782965414,-0.37942336218379613,0.19342067395389614,1.3800876924749095,-1.2799959181059521,-0.8756018678673028,0.04561188985869229,0.030783294784834242,-0.030287390167791903,0.6487687238094331,-0.4693937253073317,-0.14141773524575144,0.17874550027877348,-0.07509138724054952,-0.09106158648286562,-0.02860707079144632,0.05300400888877879,-0.04151910742305301,-0.20459143909940639,-5.376095710392825e-16,2.7468382326918242e-17,-1.4203490988635198e-16,3.0660552247833954e-16,-3.712612721808627e-16,2.669650572582416e-16,3.7915957731445894e-16,3.755211908642116e-16,1.1098424594098413e-16,5.522101330273502e-18,3.1238599449250405e-16,-7.185855026889064e-16,-1.1257475536953867e-16,2.8511609009015255e-16,-1.2765492560298352e-16,3.145691907314281e-16,3.0023102733808976e-16,1.6644051586898455e-16,-1.973798290635847e-16,3.36906994085596e-16,3.6402956658412716e-16,9.117378887687835e-17,1.6327858868712152e-16,2.4959604769896706e-16,1.512514412686918e-16,9.103537745359872e-17,-2.9118574934468223e-16,-4.8847732632756825e-17,-1.206620010863668e-16,5.762196075079726e-17,-3.07333104392532e-17,1.3229326761732933e-16,3.4708815944349085e-16,2.2348525231849255e-16,1.6739223396580403e-16,3.0416054963107864e-16,7.119984886781271e-17,2.1450532189097792e-16,4.2764636557762534e-17,-1.40715138871323e-16,2.0470461589579894e-17,1.1873463356195342e-16,2.1918940917552207e-16,1.747314124273745e-17,-2.0218823551022514e-16,2.0610735976060105e-16,1.306741468919041e-16,-5.851829037665034e-18,2.4878570044183913e-17,-1.5942180055046231e-16,-6.869654694579645e-17,-7.952205555532773e-17,8.016948897723424e-17,1.9562499544416818e-16,-4.738495076911156e-17,-3.14215672084776e-17,-3.8756685375421277e-17,-4.6335418605837836e-17,2.3015769223899955e-16,1.9092091436762976e-16,3.42142184494013e-18,1.1760124847060452e-16,-1.9620539535569736e-16,2.0984401711477554e-16,-2.230885260706001e-17,-7.629792469436824e-17,1.1432784435265753e-16,2.94572347140582e-17,-2.066093172242588e-17,4.011765199682518e-17,-1.0569710778725055e-16,-1.8143904001234942e-16,-8.221809465781227e-17,2.878627671302817e-16,-3.8859799044634303e-16,2.9935388284065476e-16,1.514541784208322e-16,-7.218184492758703e-18,-2.495733985608183e-16,2.544754016812732e-17,1.8824135092718656e-16,-1.0203833269505864e-16,-1.8371927578127755e-16,-8.050558027397009e-17,-4.255858017161936e-16,-1.6045516488029759e-16,-1.0788822758680676e-16,-1.350653342842875e-16,8.204986351648587e-17,1.653126571625944e-16,9.437904228821082e-17,-1.2716128876893835e-16,-1.157979986386331e-17,-2.1541611164175362e-16,3.2145408765612714e-16,-2.6288358314047956e-17,4.667478926110328e-16,2.53589936902238e-16
P(C1=CC=CC=C1)(C2=CC=CC=C2)C3=CC=CC=C3.OC([O-])=O.[Na+].O=CN(C)C>>,P(C1=CC=CC=C1)(C2=CC=CC=C2)C3=CC=CC=C3||OC([O-])=O.[Na+]||O=CN(C)C,C_3b6fe7f6c213,P(C1=CC=CC=C1)(C2=CC=CC=C2)C3=CC=CC=C3||OC([O-])=O.[Na+]||O=CN(C)C,P(C1=CC=CC=C1)(C2=CC=CC=C2)C3=CC=CC=C3,OC([O-])=O.[Na+],O=CN(C)C,-0.2547398728476118,1.5579383827234685,-0.15534024629375828,2.087995457977253,-0.8136748560658168,-1.256527726308568,-0.061692040758530416,0.42893642668030174,-0.050718650856348926,1.058099561499035,-0.2708760208302254,-1.1281896467314387,-0.23407813152802343,0.2429467420054479,0.39856315240052603,-1.196993520275226,1.948696248919403,0.013543777493589077,0.014306393248887075,-0.35714882753198,0.6807924296148318,-0.2974564446666792,-0.19708120706476845,0.20349147748582716,-0.05861371888143723,-0.16221599025145733,-0.05470079446914455,0.060431752382906975,-0.026684869273902977,-0.18627017235158758,-4.714815061529632e-16,-2.652448094642217e-16,-3.0613608633950065e-16,6.903416773604283e-16,1.3993774184147358e-16,5.318699525886624e-16,3.8634252194964464e-17,2.5198442932470945e-17,1.840797480144904e-16,-1.9512161678979997e-16,-5.494607803759425e-16,4.4191837412729816e-16,2.9311321012457864e-17,-1.9178104528393521e-16,1.3618745887445973e-16,-5.33325712992015e-17,-7.50525393414342e-17,-5.608086269871702e-16,-1.271271997890487e-16,4.8598128132052745e-17,-1.811810279278234e-16,1.4934403600292193e-16,-2.729389038249727e-16,-1.6750926340122913e-16,-3.7456593243319027e-16,-2.2725697704710646e-17,2.094970892694944e-16,4.482003058986091e-17,-1.1287262013254608e-16,1.6592978068421576e-17,-7.676211048414801e-17,-6.09835774612723e-17,3.866546343080329e-17,-2.8263829400764705e-17,-8.587449666745138e-17,-9.407093578229083e-17,-3.520787135343028e-16,1.0746405397100533e-16,2.92282599345788e-16,1.330213431828213e-16,3.50416225793898e-16,-7.335029291385185e-18,4.44206399816991e-17,-2.639903214174377e-16,-2.0665459527238746e-16,3.036819416407283e-17,-3.568884097554289e-17,-1.5409139827663393e-16,-8.026219591181698e-17,-1.1115609239847235e-16,-4.8657801860881584e-17,-9.33399045745333e-18,-3.166327503044786e-17,4.1462171607826804e-17,3.5354194232390694e-17,-2.039056028235678e-17,-2.806348081267276e-16,1.8003584213045406e-17,3.965474247452833e-17,-8.74879281515109e-17,4.02811331946748e-17,1.9676295671081063e-16,-1.1404535751101395e-16,-4.2770107600886104e-17,-2.5667417797923983e-16,1.2324852285474138e-16,-2.189291523595879e-16,4.0894529728365585e-17,1.276927801129025e-16,2.1513435666870608e-16,1.0362224392162217e-16,7.197865898956491e-17,-1.0280476673427754e-16,-2.2279597276280746e-18,1.4201873990949275e-16,-1.8153259908627917e-16,2.3993154875243083e-16,5.598767350162274e-17,-1.8503314102239802e-17,9.483491589552077e-17,-6.161716076208097e-17,1.0305354049830551e-16,4.911580276891021e-17,-1.7755390421164444e-16,2.0586949222663376e-16,1.944443564815066e-16,-7.630732442130666e-17,-7.413146970925645e-17,-2.0773739234697023e-16,1.987888547931743e-16,1.808862253384906e-16,1.557326307701676e-16,-3.3181662717392514e-16,1.6751349125456664e-16,-8.23678027350395e-17,3.809694427704618e-16,5.402839425358571e-17,3.8182109964271874e-17
CC(C)(C)P(C(C)(C)C)C1=CC=C(N(C)C)C=C1.OC([O-])=O.[Na+].O=CN(C)C>>,CC(C)(C)P(C(C)(C)C)C1=CC=C(N(C)C)C=C1||OC([O-])=O.[Na+]||O=CN(C)C,C_0af56d66f2cb,CC(C)(C)P(C(C)(C)C)C1=CC=C(N(C)C)C=C1||OC([O-])=O.[Na+]||O=CN(C)C,CC(C)(C)P(C(C)(C)C)C1=CC=C(N(C)C)C=C1,OC([O-])=O.[Na+],O=CN(C)C,-1.4034849097767785,0.11304659698090959,1.222274515501637,3.3728132299791485,3.041581259791983,-1.1457136419593739,0.1421384551114959,-0.6222291307964807,-0.7277148947329699,1.1908545218240694,-0.3606183398399037,-0.8525781705279863,-0.2476699721813428,-0.3665789528504844,-0.42631006388333936,-0.3051198489198665,-0.03704850021688723,-0.0057243775286359355,0.12252338517121195,-0.148748357798828,0.6571974384553555,-0.8141966642400407,-0.2551896931206759,0.4791101163412464,-0.4493336430968401,0.014978810514596668,-0.21304781262116473,-0.015287588533828448,0.011256151100102791,0.04367064368008683,3.458995245011344e-17,3.6196195440020826e-16,2.004357336581111e-16,2.8633853570945693e-16,1.1351984506846548e-16,-5.743490279734096e-16,3.418512442177622e-17,-1.2525245612263586e-16,2.009361000391422e-16,8.551760858582425e-16,5.288236090720635e-16,-4.208596577765037e-17,1.475236194323694e-17,8.31203366021901e-17,-2.2412394814208555e-16,-2.0409995045332948e-16,-3.4793799915424546e-16,2.9532064824681054e-16,-4.43497940232854e-17,-1.506159019637494e-16,-1.4740982939854138e-16,-9.395646404131315e-17,2.912948518945526e-17,-1.3596818932889478e-16,1.963076957503797e-16,2.6312065727981786e-17,1.2105838444421526e-17,1.7185271458578428e-16,9.289763606592294e-17,-9.115167550601729e-17,9.47557371780778e-18,1.260514832620506e-16,-1.6364403101687424e-16,1.2233746289372363e-17,2.9336436373361403e-16,-2.1629294118710582e-16,4.325607276167526e-17,1.654601228660123e-16,-9.063369738491539e-17,-1.939644069897561e-16,-1.6940158668720317e-16,7.922918688451462e-17,4.9924483899782807e-17,8.964435106752297e-18,-1.2129388124540735e-17,-5.048786689741801e-17,-5.104446092835023e-17,-1.3775245760521905e-16,9.669976177417611e-17,1.256847723062744e-16,1.19656754518356e-17,2.5227411814940756e-16,1.9205614093200264e-16,-2.595069937184315e-16,-3.556063025372244e-16,-3.1553259825078785e-17,2.926432702885833e-16,-1.7853738336936122e-16,1.0487255034344277e-16,-8.523514074178141e-18,-1.0934569125699268e-16,-4.092982240617378e-16,-6.280122792784651e-17,-6.19421711406187e-17,1.5190069291096546e-16,9.658914085254688e-17,7.020337779777342e-17,-1.89063598563963e-17,-1.2766583089701137e-16,-3.7689119250370824e-17,-2.557918147238524e-16,-2.4016368430469097e-16,1.862419866627063e-17,-2.6297204433984265e-18,-2.3371987022070563e-17,1.480492058871464e-16,1.9047159717684192e-16,-3.7556782206524404e-17,2.1864135050196293e-16,2.078900163966036e-16,-2.55708099021608e-16,5.0489854345828805e-18,7.262476758264667e-17,6.953237571892396e-17,1.32878677679614e-16,9.771563385621414e-17,-9.467171408389067e-17,-6.900378268140853e-17,-1.1504112226572437e-16,-1.5061109743347255e-16,-3.7695605224251554e-16,1.5707057555149697e-16,3.309005018941962e-16,-8.350068841117438e-17,-5.747844041262137e-17,-1.1586812144379287e-16,-7.427713513767797e-17,2.99563015287198e-17
P(C1CCCCC1)(C2CCCCC2)C3CCCCC3.OC([O-])=O.[Na+].O=CN(C)C>>,P(C1CCCCC1)(C2CCCCC2)C3CCCCC3||OC([O-])=O.[Na+]||O=CN(C)C,C_01da4073deca,P(C1CCCCC1)(C2CCCCC2)C3CCCCC3||OC([O-])=O.[Na+]||O=CN(C)C,P(C1CCCCC1)(C2CCCCC2)C3CCCCC3,OC([O-])=O.[Na+],O=CN(C)C,0.03706073047350402,-1.3730487532212419,-0.15149339653426303,2.064241389392462,-0.8912242433859575,-1.3479195598203917,-0.34825357270757834,0.3230768360692298,2.4680779169551332,1.093203471128631,0.44094131602827463,-1.5460275454474561,-0.6077370992017027,-0.57488526102335,-1.4419357393388312,-0.053795515062205555,0.3273324313304687,0.012152634780975372,0.020365076930265704,-0.34290751319089113,0.7134867065295432,-0.2497799025302111,-0.022585440399710603,0.2902769235372023,-0.06412050785606345,-0.13618035217214342,-0.05609742166518371,0.09915801645804151,0.09016461958536315,-0.18697841282616898,1.0911764995803443e-15,-6.478405501080241e-17,6.292316818301532e-16,1.4735107636915073e-16,2.2755967946192958e-17,2.529960800389077e-16,1.8162652710628257e-16,4.786530504801139e-16,-2.63634897638463e-16,-5.678039215236201e-16,-2.2929039826037356e-16,-6.272262793360943e-16,-3.809583789955611e-16,-2.1629072104107128e-16,5.053165614273239e-17,1.3103071593695634e-17,-2.6671435957594858e-17,6.06657439216462e-17,1.8486688660601761e-16,3.796781618707117e-16,1.314075675955825e-16,-4.527223321692508e-18,-4.1991238666558225e-16,-1.3070642207326733e-17,-1.8051993107230396e-16,3.6308861617565246e-17,3.530755258874505e-16,-9.809677094447472e-17,1.1779499623758666e-16,-6.086857238267696e-17,-3.1871236890938176e-17,-3.744973444793544e-16,-3.7323459481551237e-16,-2.0612184693336897e-16,1.7422658365985102e-16,-4.553406139500827e-17,-6.897675378322015e-17,-2.3487987061965044e-16,-8.656564454531449e-17,2.825836109853296e-16,-1.9598353894653657e-16,-1.2610022730874686e-16,5.1205544532355883e-17,2.9523272064702576e-16,1.9064455926974687e-16,3.811257311889297e-17,-4.398174082024192e-17,4.780354403709987e-17,2.4362048414251393e-16,9.317309813209027e-17,4.318953642363673e-17,1.617116746729263e-17,7.392811317895838e-17,-1.388857447039729e-16,-1.2455819607805416e-16,5.746540080250225e-17,5.86994303573808e-17,-7.767306324789701e-17,-1.2309964047965639e-17,-3.188868138291618e-17,-3.1086336643179563e-16,-4.956742344670091e-17,7.523941001309033e-17,1.54771736298701e-16,-6.583021315964877e-17,-1.6131508170900587e-16,1.5949560589540446e-16,-1.659139081774621e-16,-9.221745140698909e-17,-2.673498548298608e-16,1.394921577416462e-16,8.752526822123808e-17,-1.1227411383273773e-16,-1.750563674769222e-16,-3.8403691856868485e-21,2.4181725310021666e-16,4.78788691042331e-17,4.4256697020419853e-16,1.1129811513915713e-16,1.3257719990255562e-16,-1.205120381015453e-16,1.3724053512821496e-16,-2.1537614150189223e-16,1.5822212145610946e-16,3.1736463873936137e-16,1.519575613899225e-16,-2.1214951408353707e-16,-2.917415785591895e-16,3.149131779285552e-16,1.3779801040461562e-17,-1.8012777532692902e-16,-2.0706330377658862e-18,-2.518028899155917e-16,1.9486812823295435e-16,-1.4494263762189088e-16,-2.4073784234889304e-17,-2.0849692497965431e-16,1.5238438485318021e-16
CC1=CC=CC=C1P(C2=CC=CC=C2C)C3=CC=CC=C3C.OC([O-])=O.[Na+].O=CN(C)C>>,CC1=CC=CC=C1P(C2=CC=CC=C2C)C3=CC=CC=C3C||OC([O-])=O.[Na+]||O=CN(C)C,C_fbad7a260ed8,CC1=CC=CC=C1P(C2=CC=CC=C2C)C3=CC=CC=C3C||OC([O-])=O.[Na+]||O=CN(C)C,CC1=CC=CC=C1P(C2=CC=CC=C2C)C3=CC=CC=C3C,OC([O-])=O.[Na+],O=CN(C)C,-0.4243947645421811,1.9706106457543526,-0.31967597036131906,2.064194894529335,-0.7874949333279188,-1.2079069300066265,-0.9966236500307366,2.850630802334323,-0.48766926635978025,1.0574416687230954,-1.5028564790285284,-0.6051901194127377,-0.5767875997328983,-0.4680079806702873,-0.6891621713377348,-0.41692047783673686,-0.42478980119646415,0.03450652347269552,0.021989868892330566,-0.38398080807106977,0.6793149803731449,-0.29540101449769757,-0.19853534172793966,0.19426347757450296,-0.06528323436216266,-0.16456933241155852,-0.05487208550865347,0.059805400428384725,-0.026557752658877914,-0.18607157700558336,5.881040787901799e-16,-4.846842827728967e-17,2.1410981956631958e-16,1.7398776989035425e-16,1.429304895212395e-16,-1.2287071263440882e-16,-7.108376397686177e-17,-3.6500904993982526e-16,1.802828403547023e-16,-4.905125125020124e-16,-1.293969323471263e-16,3.9205932518827046e-16,2.0103377692047837e-18,2.1048824727055324e-16,3.206052926456268e-16,-1.689557812439102e-17,3.6183188693946484e-16,1.2003650025814119e-17,3.2127925722170723e-16,-1.482464204288528e-16,-3.716826295514748e-17,-1.1004598981769183e-16,8.547280196998328e-17,6.21747527991217e-17,1.8896542640704988e-16,6.443679539073376e-18,-3.0825889132037365e-16,3.7104543484019233e-16,1.157562889777539e-16,-3.263499346577088e-16,-2.395837952389035e-16,5.4706299093515866e-17,-4.277259997788091e-17,8.629189736420219e-17,-1.3812167106511128e-16,-7.812020459847284e-17,-3.508819515875054e-17,-4.806603535645654e-17,-2.3398815625159337e-16,-1.1958714688719678e-16,3.740640754808616e-18,-4.378652306735824e-17,-2.999735105184547e-17,1.2285980174069032e-16,2.080506039039498e-16,1.9373494958653465e-17,-1.4983149216487654e-18,8.988658863855471e-17,-1.2689392125069317e-16,-1.9133749903416535e-17,1.270820777517199e-16,6.491358289873843e-18,-8.530143021348325e-17,-1.926792295711515e-16,1.9762033533008162e-16,-9.55883674197633e-17,2.0325087074890463e-18,-4.5949028564479404e-17,-2.58020031453689e-17,-1.1764885872792002e-17,9.184869478816685e-17,-4.359233193472785e-17,2.1286754835789855e-16,-2.392599964189034e-16,-4.3620198534687154e-17,-4.432107897053233e-17,-1.9931608079037596e-16,-2.9951902041678673e-16,1.3448481471020624e-16,-2.9307382496674076e-18,1.9836611851995085e-16,-5.687357248850467e-19,1.5324438908334185e-16,-5.97425551614242e-18,1.0884042941365885e-17,-6.324849653578454e-17,-1.2566108484485828e-16,-2.2133705487266096e-16,1.2833575634541384e-16,2.5235219482075218e-17,2.853919331624205e-16,-5.36463356335162e-17,-9.634091413575853e-17,-1.0313485093735345e-16,-4.555511538282103e-17,-8.502645654209309e-17,2.630590973776968e-16,2.2142600181598333e-16,-2.3925485649034817e-16,-1.2708669264740676e-16,3.6904008369380176e-16,-1.7760044902170865e-16,1.4305896995393885e-16,-1.5485523039089573e-16,-2.3379465872987596e-16,1.5711579276922215e-16,2.6076775652389877e-16,6.927455910875656e-18
CCCCP(C12C[C@@H]3C[C@@H](C[C@H](C2)C3)C1)C45C[C@H]6C[C@@H](C5)C[C@@H](C4)C6.OC([O-])=O.[Na+].O=CN(C)C>>,CCCCP(C12C[C@@H]3C[C@@H](C[C@H](C2)C3)C1)C45C[C@H]6C[C@@H](C5)C[C@@H](C4)C6||OC([O-])=O.[Na+]||O=CN(C)C,C_56d218c992b2,CCCCP(C12C[C@@H]3C[C@@H](C[C@H](C2)C3)C1)C45C[C@H]6C[C@@H](C5)C[C@@H](C4)C6||OC([O-])=O.[Na+]||O=CN(C)C,CCCCP(C12C[C@@H]3C[C@@H](C[C@H](C2)C3)C1)C45C[C@H]6C[C@@H](C5)C[C@@H](C4)C6,OC([O-])=O.[Na+],O=CN(C)C,-1.7181270338124413,-3.2636958679155077,-2.235236074899195,2.2853786400849176,-1.8079665719710616,-1.185599492546921,0.10721344147225194,-0.45867542657715926,-1.753009863568938,1.1731362060602026,-0.6245753627641951,-0.7480115802777211,-0.4449093819165563,-0.29992024713098014,-0.43392945315224685,-0.5959302936329208,0.038386126580341455,0.023287448507968777,0.02225784014373192,0.002579877028048504,0.6833880463439871,-0.4203052449807373,0.033104868994867725,0.27137355767158056,-0.08946585861260667,-0.07132280153358078,-0.04771585429378662,0.06599515267199559,-0.04300545098094992,-0.19817035331729904,-1.7411554046136683e-16,-2.4891503573996545e-16,2.431609916070902e-16,-1.6834084948531183e-16,3.6898033336378486e-17,4.730439143622359e-16,-9.74160943070021e-17,-1.2400386605519207e-16,-3.445043361763349e-16,-4.967051169685811e-16,-1.640843834292776e-16,1.7122163837298052e-16,-2.0413274123315804e-16,2.1919548357682347e-17,2.3902330977326474e-16,2.320715884756635e-16,2.3377939715522907e-16,-4.763945304472802e-17,-8.688226921227887e-17,1.0648108516366658e-16,2.66578051617578e-16,-1.1108670891113364e-16,1.5465640520974834e-16,-5.28342826152599e-18,-1.1649786158004255e-16,1.5471744395496455e-16,-4.2837652812287316e-17,-7.811922992419001e-17,1.2966557943578844e-16,3.227606930238345e-16,8.996964316083844e-17,1.900511381592488e-16,-1.346364248312938e-16,1.927211960668079e-16,-2.9548089655586194e-17,7.605549272321133e-17,-6.751777389020519e-17,7.314294473320704e-17,6.15654105586718e-17,-3.459011613536175e-17,1.641372860630325e-17,-1.3641128819378029e-16,-6.660475164567072e-17,1.3352484478111342e-16,-1.0800717979672325e-16,3.978799492864163e-17,9.172479004810504e-17,8.24592207466858e-17,-6.999433179939772e-17,1.1431171593442892e-17,-3.252343175170932e-18,5.620713973776146e-17,-2.4593109716560496e-17,-2.9788420348891664e-17,1.0925634617393291e-16,1.5610684244806248e-17,-1.4257877105177406e-16,1.5095066152726387e-16,-1.4221577861209941e-16,-1.1525736410275762e-16,-4.482163828307371e-17,8.780848684074172e-17,-1.3462861987570305e-17,-2.3758243748519137e-16,-1.7980193400102176e-16,8.846768974420449e-17,6.305729306543568e-17,2.934392163171595e-16,-1.0958767985187234e-16,-1.9475716953212636e-17,3.7779443383623625e-17,-4.838352126700579e-17,1.7920952082257864e-16,2.081828363768745e-16,1.5352143675099954e-16,2.2542521393197026e-16,-6.021576836612801e-17,5.652099355405776e-17,-2.0857248733685967e-16,-3.187279464934596e-16,-2.0977229046622548e-17,2.24784237925318e-16,5.660923496197509e-17,-1.4010984643239532e-17,-1.7116805078239899e-16,-6.26683188090591e-17,-7.685183073031543e-18,3.181482470865304e-16,2.1938137129036707e-16,-1.1697308931423017e-16,-2.121716124114955e-16,2.147047703569675e-17,1.2040827757844313e-16,1.1144959726792705e-16,7.762889795665849e-17,8.376546702701488e-17,-1.5732346196088578e-16,-2.371764091086991e-16
COC1=CC=CC(OC)=C1C2=C(P(C3CCCCC3)C4CCCCC4)C=CC=C2.OC([O-])=O.[Na+].O=CN(C)C>>,COC1=CC=CC(OC)=C1C2=C(P(C3CCCCC3)C4CCCCC4)C=CC=C2||OC([O-])=O.[Na+]||O=CN(C)C,C_19441cbb4cf9,COC1=CC=CC(OC)=C1C2=C(P(C3CCCCC3)C4CCCCC4)C=CC=C2||OC([O-])=O.[Na+]||O=CN(C)C,COC1=CC=CC(OC)=C1C2=C(P(C3CCCCC3)C4CCCCC4)C=CC=C2,OC([O-])=O.[Na+],O=CN(C)C,4.076662763354656,-0.3637685652502796,0.7207847072468746,2.097288441185347,-0.7975987819260473,-1.590836457309403,2.8427645561550614,0.5171998862888078,-0.12175453466602777,0.7399627077238716,-0.7538415716750076,-0.6620010136002978,-0.4124288195320481,-0.0485798389294443,-0.3675202003148692,-0.6850606911269992,-0.07829488651836733,0.05199903017858025,0.1129164601970955,-0.3753344442455805,0.645220327190098,-0.26807128531892715,0.2794304973677723,-0.23773450495673537,-0.34826544242880636,-0.19793663432845152,-0.2606309403433324,0.21667111813136045,-0.006603344757689757,-0.12678787822575596,-1.8723128404075138e-16,-1.2761389169830499e-17,-3.8579161810580125e-16,-4.650092694773787e-16,3.6070416727146025e-16,3.8943502992923196e-16,2.865757309058094e-16,2.339860115697716e-16,-3.0788460394316486e-16,-3.1997793394792185e-16,-9.272977302830547e-17,-3.551503300962374e-17,9.263173239287058e-17,-3.006653958205028e-16,-2.292980711743439e-16,2.1399485850425868e-16,-4.9341890860829545e-17,5.215363815269106e-18,-2.0190302555285766e-17,-2.2686720454558143e-17,-1.132509769786993e-17,-1.2711218362190531e-17,5.336759042512031e-18,-2.3138037192108393e-16,1.8997046936405098e-17,-6.134844482434682e-17,1.4628121904665663e-16,-9.662603059286275e-17,3.0429096597357414e-17,-1.5889491008527765e-16,-1.1550859106593758e-16,1.847214921744803e-16,-1.0177453405795114e-16,-1.3413163514581495e-17,9.969400910186049e-17,6.677922449603261e-17,1.195542325893203e-16,2.761220702681364e-17,-1.1504678517313103e-16,-7.848285234999971e-17,4.140642201680655e-17,-4.5970054738781827e-17,-5.8789890201909e-17,-1.1095299235911739e-16,4.404325643645978e-17,-2.7659115231695007e-17,2.3833475730639417e-19,-1.7334850045680802e-16,9.000594428622794e-17,8.143301898335882e-17,-1.5579232927034748e-16,-6.969387869093242e-17,1.7278441558750984e-16,1.908636329211771e-17,3.935234468826447e-17,-9.917967593450038e-17,7.858132012660857e-17,1.3548666508179395e-16,-7.963628151231797e-17,-1.51547879076344e-16,-9.759063865131988e-17,2.494663953716113e-16,2.245104538533153e-17,-1.715952544062372e-17,-4.2201978875891866e-16,-9.754779873571186e-17,1.2570515167482032e-16,-2.5406695697931352e-17,1.0354062760044413e-16,8.708105512656475e-17,4.082907009450601e-17,1.0796056567325477e-16,-9.822170377098163e-17,-8.369881733957659e-17,-9.825661743357209e-17,-2.340535618515933e-16,-9.140711071773142e-17,1.7232596276848082e-16,1.0731783977171984e-16,8.990379287250755e-17,-5.323061949804777e-17,1.4460135818433808e-18,3.9662049670708985e-17,-1.173300556639244e-16,1.8037792769838305e-16,-3.24015736593682e-17,-5.848673529668728e-17,-1.655582988608755e-17,3.5624728603822354e-17,-8.842951067385322e-17,-1.024505900905321e-18,-1.697490791888656e-16,2.1587435208065377e-16,-6.924557939384103e-18,-1.8309739648669442e-16,-2.597953676420953e-16,1.5471783852819733e-16,-6.931148943518997e-17
CC(C)(P(C(C)(C)C)[c-]1cccc1)C.CC(C)(P(C(C)(C)C)[c-]2cccc2)C.[Fe+2].OC([O-])=O.[Na+].O=CN(C)C>>,CC(C)(P(C(C)(C)C)[c-]1cccc1)C.CC(C)(P(C(C)(C)C)[c-]2cccc2)C.[Fe+2]||OC([O-])=O.[Na+]||O=CN(C)C,C_c4465505f6c9,CC(C)(P(C(C)(C)C)[c-]1cccc1)C.CC(C)(P(C(C)(C)C)[c-]2cccc2)C.[Fe+2]||OC([O-])=O.[Na+]||O=CN(C)C,CC(C)(P(C(C)(C)C)[c-]1cccc1)C.CC(C)(P(C(C)(C)C)[c-]2cccc2)C.[Fe+2],OC([O-])=O.[Na+],O=CN(C)C,-1.9120943507450456,-0.17692091948388766,2.9187916142286046,1.2572111949418348,-1.780282958786412,-1.143696375096196,-0.010995945323094641,-1.2006816294158693,0.35836361650903487,0.8940506992622197,-2.3039072969736085,0.014151432767884609,-0.4185352782939466,-0.2890123758177943,-0.812205069336174,-0.5380265623234997,0.3700849103938611,0.022147675164816964,0.02410495809635663,-0.022236968289355636,0.6442503604018806,-0.479206608416807,-0.15547276142675118,0.17367693503987244,-0.07639355763273589,-0.09133987080910283,-0.0290921660392397,0.052102774982103923,-0.044282274575382835,-0.20439282130921238,-1.1595325154935686e-16,3.974859711573022e-17,-3.393058639029603e-17,-5.212424778113702e-18,-6.081235210380542e-16,-5.908105562213437e-17,2.5844171954158253e-16,-3.2885769172297887e-16,3.4730504917939407e-16,-7.641276205612532e-17,9.63497725231161e-17,2.52988524792678e-16,3.986965249921484e-16,-2.3079211029742735e-16,1.9225114610738959e-16,-2.388787079705702e-16,-3.9999723415024716e-16,6.12209556083689e-16,1.8359137996781757e-16,1.1994240038774901e-17,-4.406378344858011e-16,3.8109842887933125e-17,-1.7722670365836887e-16,-1.345446397932088e-16,-1.0234280757113171e-16,-5.4839570265014325e-17,7.995978276490631e-17,5.817692718781511e-17,3.4395370834805105e-17,2.151006320171947e-16,3.929878936618905e-17,1.6835918811500975e-16,1.1328899201895175e-16,-8.123758210574606e-17,-8.714446635521354e-17,-1.9256424583228133e-16,3.6493305170132336e-17,-1.6078696922646094e-16,-4.030176618924184e-17,-1.9311764053087127e-16,1.471572942910204e-17,9.278836228284716e-17,1.4336425556539954e-16,9.786968069357118e-17,3.615294975577223e-17,4.195764675829221e-17,-4.4680898214146186e-17,-1.2757135069702073e-16,4.2468140516767395e-17,-9.210416858578756e-17,-3.669507414457953e-17,1.1681005151092985e-16,-1.0415262918703792e-16,2.236764088747436e-16,-1.3821350608924873e-16,-5.3795312746615563e-17,1.905369108869952e-17,-1.072124324880789e-16,1.4595383958327694e-16,2.4707219289464693e-16,1.7928135691219314e-16,9.545104267080985e-17,5.0489772269450667e-17,-1.1803835196395508e-16,3.306793656849329e-16,-9.187739974284525e-17,-1.9334841830156402e-16,1.1367404282791116e-16,-5.3646895947091555e-17,-2.2406963261355646e-16,2.1161873297924928e-16,1.569293530102245e-16,-6.105844180520712e-17,1.421628729126998e-17,-9.756931855577265e-17,1.884989459696088e-17,-9.74267142223261e-17,4.801167922320718e-17,1.1590615400841093e-16,-6.024473404713132e-17,1.551288842528777e-16,-8.040717342892066e-17,3.3007925760972537e-17,-4.255207466040262e-17,-2.507481550329605e-16,-3.5541220489790704e-17,4.9887271030397733e-17,-1.2890548728426671e-16,6.206719516030798e-17,9.966183962245882e-17,-4.480749746945152e-17,-1.9234177013688786e-16,-1.7508350436316783e-17,3.303903989224328e-17,6.884209789521567e-17,-3.353048393483284e-17,-2.8977911241224426e-16,-2.507940497674204e-16
CC(C1=C(C2=CC=CC=C2P(C3CCCCC3)C4CCCCC4)C(C(C)C)=CC(C(C)C)=C1)C.OC([O-])=O.[Na+].O=CN(C)C>>,CC(C1=C(C2=CC=CC=C2P(C3CCCCC3)C4CCCCC4)C(C(C)C)=CC(C(C)C)=C1)C||OC([O-])=O.[Na+]||O=CN(C)C,C_e6a0ba28c3dc,CC(C1=C(C2=CC=CC=C2P(C3CCCCC3)C4CCCCC4)C(C(C)C)=CC(C(C)C)=C1)C||OC([O-])=O.[Na+]||O=CN(C)C,CC(C1=C(C2=CC=CC=C2P(C3CCCCC3)C4CCCCC4)C(C(C)C)=CC(C(C)C)=C1)C,OC([O-])=O.[Na+],O=CN(C)C,4.4553098396621245,-0.5008031014817279,0.6974586846154076,2.2254462121964087,-0.7107223980077838,-0.7404791435668326,-2.6502846472678514,-0.999492812339341,-0.4458994447436579,1.1109798199979821,-0.66566700173941,-0.7719661672247666,-0.14496750353998228,-0.08161053635674824,-0.21276962967639507,-0.7273550902242493,-0.04414669963039729,0.046646886900174586,0.11087773222308116,0.03467454553515367,0.6411992659994635,-0.3510950558952777,0.2403140184955706,-0.17619446678705722,-0.4857814835672193,-0.13385659650604248,-0.11875179688045422,0.05567188154303543,-0.0008010698192031109,-0.19527520490571557,-1.03300311957676e-16,3.1340823015201164e-16,-3.659584182576055e-16,-4.600963877972466e-16,-1.3103231618045627e-16,9.269448749090272e-18,-9.361718034490665e-17,1.4744409443696117e-16,-4.703081538219887e-16,1.9385222126942053e-16,2.2447997840171047e-16,-4.5177423074259046e-17,3.757392510549973e-16,1.4793499365785045e-16,-3.0961248970353874e-16,8.889949787143962e-17,-2.406572742255585e-16,9.413982821826094e-17,1.6828895383556783e-16,2.1960391445134536e-16,2.4242600291810807e-16,1.5602351360880586e-16,-1.7414458751453071e-16,3.458769238265655e-16,1.2397212397917298e-16,2.5648368211961714e-16,-1.4911396828433423e-17,-1.3245665249671215e-16,-2.0186103574917972e-16,-2.000819647746858e-16,-6.7950526989950924e-18,7.764259560202373e-17,-1.8976311632404697e-17,-1.058567905780615e-16,-2.5148056669267343e-16,4.5757923246859117e-17,-9.418644781121912e-17,-1.7415792661340436e-16,9.274980910482934e-17,1.618105615808649e-16,1.0710278108020175e-16,-2.021816257688486e-16,1.3574192335488505e-16,2.7600952477352594e-17,-5.3699432793455763e-17,1.3584584438535129e-17,-9.539648308482384e-17,1.8749187800851847e-17,-3.252935954233058e-17,1.6019090171088565e-16,1.37641219457515e-16,-8.155028064222157e-17,-8.191042493588295e-18,3.2382186741889826e-17,1.3667752904131498e-16,2.7644380000992936e-16,-3.639611120003764e-17,1.6997668822233161e-16,5.9187594120999774e-18,-5.5115853505412065e-17,-6.728266002026667e-18,7.571606468001022e-17,-4.512754997503191e-17,1.0578184624830574e-16,1.7644971867111252e-16,1.1994078402349708e-16,-3.62340530661051e-17,3.288085253560707e-17,1.5984833753625837e-16,1.3325211609015139e-17,-1.6564538627470859e-16,-4.237965205931404e-17,-1.441409260923268e-16,-1.8602774422833942e-16,2.3804438798528437e-16,-1.5460470590375677e-16,-1.9399706958824854e-16,-1.6695674398701715e-16,6.659361636051709e-17,-2.3694793885539207e-16,-2.9333516153096704e-17,-2.3351587830234127e-17,-1.8915130312645992e-16,1.1007115438285146e-17,-3.630968406321928e-16,-1.218807158163594e-16,1.1400604497165946e-16,2.4855080207714267e-16,1.1667710213332982e-16,-1.3055648768762895e-16,1.3362828304863738e-16,3.770859803447413e-17,-8.610811106043153e-17,1.2979529700019042e-16,2.0748214205406793e-16,-2.0870612313377043e-16,-2.1758627683578834e-17,-7.880902760266052e-17
[c-]1(P(C2=CC=CC=C2)C3=CC=CC=C3)cccc1.[c-]4(P(C5=CC=CC=C5)C6=CC=CC=C6)cccc4.[Fe+2].OC([O-])=O.[Na+].O=CN(C)C>>,[c-]1(P(C2=CC=CC=C2)C3=CC=CC=C3)cccc1.[c-]4(P(C5=CC=CC=C5)C6=CC=CC=C6)cccc4.[Fe+2]||OC([O-])=O.[Na+]||O=CN(C)C,C_0503de52f1ea,[c-]1(P(C2=CC=CC=C2)C3=CC=CC=C3)cccc1.[c-]4(P(C5=CC=CC=C5)C6=CC=CC=C6)cccc4.[Fe+2]||OC([O-])=O.[Na+]||O=CN(C)C,[c-]1(P(C2=CC=CC=C2)C3=CC=CC=C3)cccc1.[c-]4(P(C5=CC=CC=C5)C6=CC=CC=C6)cccc4.[Fe+2],OC([O-])=O.[Na+],O=CN(C)C,-1.0598989629488103,1.0525781568022399,2.7496519431641038,1.0780104787288103,-2.1974356494202563,-1.3885425554353705,0.004856308279922325,0.01770392005643034,-1.1503780293318062,1.3257235916002927,1.1279178645589951,-1.8095001023107495,-0.5056575025805278,-0.30448290652208254,-0.08520898826964426,-0.5897005496039741,-0.47047305914180226,0.033983979467302715,0.02301771813189799,-0.37978714593244595,0.6787764870783377,-0.29699018146562595,-0.19768453416512066,0.19306742391405185,-0.06614461488633236,-0.1643488405829103,-0.05514314648830442,0.05989510128076246,-0.026608185310260324,-0.18602104883609724,-6.448889621197658e-16,-6.64196197832335e-16,2.2726968234030645e-16,2.229974943499375e-16,1.381835869154193e-16,5.875031646638829e-18,1.072571224048646e-16,5.52891155631844e-17,-1.510110081109847e-16,2.4094865775252147e-16,1.735189349940475e-16,-1.1363785389834288e-16,1.3983911992855904e-16,3.401371144233527e-16,-1.9387114334994978e-16,-2.0298969348161222e-16,-2.1761110164901147e-16,-4.665348537700111e-17,-1.4313064986111473e-16,-8.363321871171759e-17,-7.423237645487087e-17,-2.5518864660299273e-17,4.449877112897458e-16,2.6063194911592137e-16,-2.6202234819291874e-17,1.4097861844678196e-16,-1.736810019853548e-16,-8.919374529964342e-17,-1.2490046324100698e-16,1.7889145221453677e-17,1.555980780905613e-16,-8.92650873811744e-17,-5.637626007420781e-17,-1.1080091777344196e-16,-4.445736275441775e-17,-1.503250700229151e-18,2.973665592334294e-16,7.027963380207494e-17,9.893977242371932e-17,4.0308787916788187e-17,8.259182882688371e-17,-6.713387469407287e-17,-2.3556190474014136e-16,-6.03685382631574e-17,1.504223353301423e-16,-4.08402469500745e-16,-2.132489576356548e-17,1.2405548085127377e-16,-1.603049311612537e-16,-1.7615355335754351e-16,-2.243779774616364e-16,-2.205714390294243e-16,-3.372209347223877e-16,2.3571363558682926e-16,-1.6874536520299854e-16,1.1336258909474184e-16,1.0188170255932678e-16,2.1802735583805178e-16,-2.680959592500699e-16,2.1712848097142546e-17,1.1422014672897421e-16,-3.3120093508419154e-16,-6.823585792237631e-17,1.6427807450848624e-16,1.2013563261719632e-16,2.0867076586999203e-17,3.3684739034131257e-16,4.229994286688161e-17,-5.5018363464101127e-17,2.0708621133327565e-16,1.883879428679056e-16,-5.010752376480596e-17,8.034099235783164e-17,2.2548468215821597e-16,9.15942892856103e-17,-3.6790478657676467e-16,-1.6641164878151995e-16,-3.571309319934458e-16,-4.369358154984967e-17,-1.3946668952963087e-16,-8.339621306353222e-18,-1.183915692020422e-17,1.3998122134015678e-16,2.1515660196617016e-16,1.6335819192672266e-18,2.039332540775515e-16,8.378891927849964e-17,-2.423710254554907e-16,-1.8253191917890708e-16,2.915608365473499e-17,1.9671955267222705e-16,1.5550140992894553e-16,-4.550857234514383e-17,-1.2680568245581508e-16,1.2898007386339657e-16,1.2289998890273882e-16,-2.44271128934813e-16,1.0927233085482204e-16
CC1(C)C2=C(OC3=C1C=CC=C3P(C4=CC=CC=C4)C5=CC=CC=C5)C(P(C6=CC=CC=C6)C7=CC=CC=C7)=CC=C2.OC([O-])=O.[Na+].O=CN(C)C>>,CC1(C)C2=C(OC3=C1C=CC=C3P(C4=CC=CC=C4)C5=CC=CC=C5)C(P(C6=CC=CC=C6)C7=CC=CC=C7)=CC=C2||OC([O-])=O.[Na+]||O=CN(C)C,C_19f9ac7908f0,CC1(C)C2=C(OC3=C1C=CC=C3P(C4=CC=CC=C4)C5=CC=CC=C5)C(P(C6=CC=CC=C6)C7=CC=CC=C7)=CC=C2||OC([O-])=O.[Na+]||O=CN(C)C,CC1(C)C2=C(OC3=C1C=CC=C3P(C4=CC=CC=C4)C5=CC=CC=C5)C(P(C6=CC=CC=C6)C7=CC=CC=C7)=CC=C2,OC([O-])=O.[Na+],O=CN(C)C,-0.4460656864513818,3.772139990353181,-2.032063221559203,2.131573638176379,-1.2272334081453755,-1.1297826289225943,0.3107930915793577,-1.9903508904247662,0.29531832305830247,0.9033279831755437,-0.5146311833717373,-0.7311935169980541,-0.32317718048504157,-0.16616951420913212,-0.6009975293073097,-0.5178085140492962,-0.4371978661403228,0.04810849549480773,0.11776818282505912,-0.05814055741674041,0.5790488944696507,-0.5288405360624323,0.12558149407783395,-0.3188270903904617,-0.41154234985153154,-0.17987643484256788,-0.09185805870167378,0.046607123993665,-0.006272167962990801,-0.18375501866835373,-2.4609346023306534e-16,-2.6174889377559244e-16,7.563656857605336e-17,-8.650447608995744e-16,-2.9665125546813143e-16,-6.037611638695174e-17,-2.7357128626182004e-16,-3.9600445094055216e-16,5.975274887363651e-17,3.8127346181219967e-16,-7.993630824147498e-17,-2.232812214422409e-16,5.370267544878617e-17,4.095475042868189e-16,2.2325163563782775e-16,2.242072828582551e-16,-4.0553743378394024e-16,-3.569928384387805e-16,1.4772211051192535e-16,-2.2602256528678785e-17,-1.1034546288591023e-17,-2.5173144546382822e-17,4.4375599374456787e-16,-1.4810707842993284e-16,-2.4400520244356925e-16,-4.917078780482616e-16,-3.1779458417933927e-16,2.411868608273464e-18,1.6359753386428601e-16,3.9820552407083813e-17,1.1960368402144424e-16,1.043738802268324e-16,1.9565982442207327e-16,-3.2766240646836316e-17,8.166306867351605e-17,1.0789730520611408e-16,-8.830415127890362e-17,-1.245898487791522e-16,-6.060647839273786e-17,3.616892282587206e-18,6.789604809964906e-17,8.341390739631821e-17,-8.603897772427396e-17,-1.9002200633352278e-16,1.5816415314361137e-17,5.2568746201177066e-17,1.4977783006591587e-16,1.0657115343763539e-16,1.6755874823428475e-17,1.0854856421383667e-16,1.5802975458163947e-16,1.0178725662422115e-16,7.59867603538495e-17,-7.566634684511531e-17,1.469611166088003e-16,-3.414928920478594e-17,7.451546056583313e-17,-1.7720292501078495e-16,5.51524956911731e-17,-4.776003972208904e-18,5.4151124478815356e-17,2.6561469279299716e-17,2.7146071037557253e-16,8.078578333613846e-17,1.1840740944532928e-16,2.1828134735596885e-17,-1.5698551845374453e-16,2.8242526677180474e-17,-2.1956333409998812e-17,2.997201536343251e-17,-3.207720718956324e-16,-1.9099621945104172e-17,3.6737690158203556e-17,-3.3357956606522804e-16,-1.1335516239960817e-16,4.994112103063738e-17,-1.3226655772220477e-17,4.375153751089122e-17,-2.4714277006390844e-16,2.4241647953753547e-16,1.6951747895594678e-17,-1.5143731494780587e-16,2.344692470728049e-16,2.3271894628507676e-17,3.043617669829629e-16,-5.354512557999094e-17,3.745201856256194e-17,8.27331427129815e-17,2.862426714251369e-17,-1.2225760238667979e-17,-2.61851737878532e-16,2.1976642931978935e-16,-1.1226866729653607e-16,-1.2807526071373938e-16,-4.823703978074676e-17,-1.3780291498541695e-16,7.141913444712841e-18,-2.084023749611693e-17
CC(P(C(C)(C)C)C(C)(C)C)(C)C.[Cs+].[F-].O=CN(C)C>>,CC(P(C(C)(C)C)C(C)(C)C)(C)C||[Cs+].[F-]||O=CN(C)C,C_0e72d60f4932,CC(P(C(C)(C)C)C(C)(C)C)(C)C||[Cs+].[F-]||O=CN(C)C,CC(P(C(C)(C)C)C(C)(C)C)(C)C,[Cs+].[F-],O=CN(C)C,-1.498144815449074,-0.9236975741920023,0.19362397283671717,2.165750494770547,-0.4524245466421209,-0.9127426566252557,-0.3044930113472601,0.14540966155930066,1.5642207892075308,-0.576502696831318,-0.37774174363721985,-0.16254110643022462,0.09054935842245929,1.2818179391800417,1.6361985340193974,-0.20503821716607795,-0.9079214261824332,1.2559495550707527,-0.003557221453480181,0.16094328306272554,0.04639623221435417,0.052883514777557164,-0.03526229538877405,-0.18388540274592927,0.015815416983710685,0.17871999271781286,0.0695233156934983,-0.04241510224896102,-0.012743965656058452,-0.0035882823325955166,-8.378671915824041e-16,-1.3418311056615778e-16,2.1829071418787822e-17,-1.2102281059273936e-16,-3.677514764269353e-16,-1.6484554869738847e-16,7.970524698938294e-17,3.743489891218781e-16,-1.4544409309296407e-16,-7.211069052735284e-18,9.956979302347622e-17,-2.974298406664478e-16,-1.234883641524307e-16,3.747207742732218e-16,-2.106249629215721e-16,-4.637856772767164e-17,-2.256741512739059e-16,1.9960630001779642e-17,4.793021508478903e-16,2.338213329338063e-16,1.0228201128973637e-16,3.531173403960737e-16,-1.2540443038162243e-16,1.6737245669911227e-16,-2.169046503509812e-16,3.275177102638089e-16,-1.7159733278861757e-17,-4.036052556193223e-17,-1.5591532453020205e-16,2.263692690280527e-16,-2.225525982087632e-16,1.1453211373569036e-16,1.4514814375175715e-16,-1.684069182509157e-16,-3.550687881061115e-17,-2.0862808562695635e-16,1.2522376598262292e-16,-1.3200864451413369e-16,7.895327561039914e-17,-2.057757018497659e-16,-6.842208806174388e-18,-1.8340224400035805e-16,-1.0314869108123718e-17,-1.470556378457043e-17,1.8656989557726273e-16,1.316038677254017e-16,3.8294294404304216e-17,6.583148661243896e-17,1.5099829006738258e-16,1.8675038238679682e-16,8.974805393057607e-18,-2.254226211820548e-16,3.8537610893182566e-16,1.8898620619656102e-16,1.848271300276732e-16,-1.3955643855565464e-16,1.491273312875942e-16,-2.5128279424587437e-16,-3.827099167639884e-17,2.6068951412346833e-17,2.8033767905130194e-17,4.991710185708226e-17,1.3026360797988264e-16,1.018563033151211e-16,1.1914596896362638e-16,1.6629598778634718e-16,-9.560676591261901e-17,-4.152152245167178e-17,-1.7528048113584293e-16,-2.097388678072601e-16,1.2282174038234426e-16,-1.5456984437395409e-16,-4.819400313960905e-17,1.3095125107320277e-16,3.3988109999923684e-17,-3.5046406302732077e-16,-3.5632948479584285e-17,5.88216931564497e-17,8.962903740004278e-17,-1.1521973560013827e-17,5.3628808226595073e-17,5.932698150985653e-18,-1.3343648437896723e-16,4.448832399406321e-17,3.4404816692577115e-17,1.0689095394784875e-16,-1.865759335628854e-17,-1.944554114607056e-16,6.343941441122683e-17,-6.18904102913772e-17,-4.667458881217797e-17,-4.997657951364488e-18,-1.140836231890592e-16,3.6561605731361217e-16,1.7787968944018335e-16,3.8543496882811806e-16,2.8280591996613376e-16,-1.2397810514214047e-16
P(C1=CC=CC=C1)(C2=CC=CC=C2)C3=CC=CC=C3.[Cs+].[F-].O=CN(C)C>>,P(C1=CC=CC=C1)(C2=CC=CC=C2)C3=CC=CC=C3||[Cs+].[F-]||O=CN(C)C,C_5e14fb1ebbb7,P(C1=CC=CC=C1)(C2=CC=CC=C2)C3=CC=CC=C3||[Cs+].[F-]||O=CN(C)C,P(C1=CC=CC=C1)(C2=CC=CC=C2)C3=CC=CC=C3,[Cs+].[F-],O=CN(C)C,-0.3957221848543847,1.4850101855245337,-0.11474878451563668,1.9786017264481681,-0.7695503537737262,-1.1080793393844246,-0.19448513600256007,0.6387490603351508,-0.026504478996631175,-0.36235850775981665,0.48298004661606764,-0.01497897019624854,0.23589458907823158,1.3313440072315939,0.6546739939450138,-0.12203581933535132,1.9163766906042718,1.2238814427056504,-0.020034122989427604,-0.1659181543014631,0.07841993801975333,0.22482079541821007,-0.09092576720779072,-0.15913942553887578,0.03229308534282276,0.1075655889492213,0.0434295920158,-0.03498735875483248,0.0020902724930915084,0.01473298441522342,4.607127995864156e-17,-4.61227734681645e-16,-1.4985538801846377e-16,7.517171814635573e-16,5.026332152940923e-18,3.4708246061369213e-16,2.407635560349457e-16,3.7013787273087506e-16,4.136189452690434e-16,1.0149410404784315e-16,6.521222722122115e-17,-2.0349530998122793e-16,-1.6321547195041049e-16,-1.4974626437688198e-16,-5.3435274155812834e-17,7.435567843755209e-17,-1.1714098636626285e-16,1.221003289408822e-16,-4.244236398696228e-16,9.804669757146814e-17,1.9581402769681536e-16,1.8917056220934247e-16,3.9756012335381337e-16,-4.732948454002471e-17,-1.8720224489951138e-16,4.312058938485701e-17,-3.992667608653584e-16,1.6479592166326116e-16,-1.3977288570357614e-16,2.0913857296514206e-16,1.2519959962415172e-16,-1.4835900005394348e-16,1.2483445264041286e-16,-7.803373015915798e-17,8.852030309485859e-17,4.669949267643366e-16,-5.521365237421708e-17,-2.6426470370078e-17,1.3113495581054083e-18,-2.2862674959819788e-17,-1.989665554000164e-16,-1.0899531153425542e-16,1.6996720368026791e-16,3.1812745981522917e-16,-1.1940314834999016e-16,-4.7082345312454156e-17,1.6138392109182368e-16,-4.227026976855977e-17,3.380589979782139e-17,1.3468924469632175e-16,1.5846737752969718e-17,1.3107743601824075e-16,-1.3986646329666763e-16,-1.14144280728113e-16,1.6629179001937083e-16,2.0236227825337684e-16,2.955038909749179e-17,-9.572938981738165e-18,2.0457423257928865e-16,5.710410262803723e-17,1.1207621138487386e-17,-5.3316099977033605e-17,6.830311308565648e-17,-9.563447619887005e-17,-8.826719002707825e-17,1.0559185731524776e-17,-1.0100429940378595e-16,1.7088917297359018e-16,-2.5845514669793977e-16,-1.8800996778651966e-16,1.405884814032417e-16,2.2540595132991483e-17,8.826250179694956e-17,2.3376885066521267e-18,-9.612797167026994e-17,-7.072809601463483e-17,1.5269053691004704e-16,6.015295389584626e-18,1.4037329945321995e-16,1.7693394402464276e-16,5.2476475766089934e-17,1.0179957993977892e-16,2.7959698434516513e-16,1.7603335175067775e-16,-1.5040068981489996e-16,1.6707745887514296e-16,-2.0419152807633677e-16,-3.333559006748293e-16,-1.6179155661597195e-16,3.385695424592881e-16,2.248651392332746e-16,3.17590045327653e-17,7.492779561301204e-17,7.363219868849175e-17,-1.5024017980999173e-16,1.3392395739047173e-16,-4.1697874512177697e-17,-2.45899785301519e-16
CC(C)(C)P(C(C)(C)C)C1=CC=C(N(C)C)C=C1.[Cs+].[F-].O=CN(C)C>>,CC(C)(C)P(C(C)(C)C)C1=CC=C(N(C)C)C=C1||[Cs+].[F-]||O=CN(C)C,C_907bd2f9123d,CC(C)(C)P(C(C)(C)C)C1=CC=C(N(C)C)C=C1||[Cs+].[F-]||O=CN(C)C,CC(C)(C)P(C(C)(C)C)C1=CC=C(N(C)C)C=C1,[Cs+].[F-],O=CN(C)C,-1.544467221783551,0.040118399781975754,1.2628659772797588,3.2634194984500655,3.085705762084073,-0.9972652550352308,0.009345359867464823,-0.41241649714163203,-0.7035007228732523,-0.2296035474347817,0.3932377276063896,0.2606325060072023,0.2223027484249126,0.7218183123756614,-0.17019922233885168,0.7698378520200081,-0.06936805853201741,1.2046132876834248,0.08818286893289726,0.042482315431689274,0.05482494686027694,-0.2919194241551517,-0.1490342532636983,0.11647921331654354,-0.35842683887258014,0.28476038971527545,-0.11491742613622011,-0.11070669967156742,0.04003129286709686,0.24467380044689763,4.231832397125804e-16,-2.7860418230843304e-20,1.9169602537599767e-16,8.554449580887979e-17,-2.166732157763099e-16,1.6308108935153847e-16,-1.3868016181624442e-16,3.570447317443028e-16,-1.0920982849589185e-16,-3.9032608633636877e-16,9.258350367829477e-17,-1.8276210956522446e-16,5.818922644904077e-18,-2.853774669410439e-17,2.730964116700482e-16,2.8950671315136063e-17,1.9696039965880556e-16,-1.7872684986565294e-16,1.0263140250928042e-16,1.8147255396524667e-16,1.111416728608384e-16,-1.8074798526959395e-16,2.0335427069313127e-16,1.1188440743719159e-16,1.0696279129005921e-16,3.150614394308391e-17,-1.1382727491848919e-16,2.4683039835495777e-16,-2.1381066399995139e-16,1.764385070546126e-16,2.4400451411199456e-16,2.620459680313286e-18,-8.395260731241246e-18,-3.025169113522779e-17,-1.0031376461775965e-16,1.3306637684892418e-16,1.0000657012300228e-16,5.361153514411823e-17,-6.641858923895472e-17,-9.936304844207192e-17,8.878897496392748e-17,1.2797139714154743e-17,-1.3309674885072117e-16,2.195900152043602e-18,2.111276462454921e-17,-1.4464881687399567e-16,9.662630828784991e-17,-8.574671973078197e-17,5.855399697808304e-17,6.931306964576727e-17,1.1367996568810597e-16,-1.3184540294380228e-16,-2.251334393516819e-16,2.054825412383524e-16,3.732057115507739e-17,1.1153132699345217e-16,3.3237651800648106e-17,-4.7792568964424845e-17,-2.282208804725098e-17,-3.2903751908796796e-17,-3.1830787644962816e-17,-9.777262178296238e-17,-1.899330153598074e-17,1.33117865938374e-16,-1.7116455399618983e-16,-2.0230057790141854e-17,-8.860125652586001e-17,1.8571215974011194e-16,1.2548274358642084e-16,8.351206156832189e-17,8.10695085575627e-17,6.703279261610193e-17,-3.676129646654354e-16,-2.8311234894408976e-16,3.146538694185292e-16,-1.3046610890635077e-16,-1.797488864456868e-16,1.139020220794911e-16,5.761651282086552e-17,-2.9232023965520443e-17,1.986382195208363e-16,-2.687682978743929e-17,-6.649433580048437e-17,-2.7517525830408674e-16,3.959147456382725e-17,2.6478965600400657e-16,-1.9388741258103978e-16,1.271471927499812e-16,-8.657445593154517e-17,-1.3802597287815204e-16,2.4954079581269946e-16,1.481513984436906e-16,-6.681549008675842e-17,8.377835125130395e-17,6.091573921350501e-17,1.4651884549006862e-16,3.0122207698199454e-19,7.070381162078832e-17
P(C1CCCCC1)(C2CCCCC2)C3CCCCC3.[Cs+].[F-].O=CN(C)C>>,P(C1CCCCC1)(C2CCCCC2)C3CCCCC3||[Cs+].[F-]||O=CN(C)C,C_0c911947aaa5,P(C1CCCCC1)(C2CCCCC2)C3CCCCC3||[Cs+].[F-]||O=CN(C)C,P(C1CCCCC1)(C2CCCCC2)C3CCCCC3,[Cs+].[F-],O=CN(C)C,-0.10392158153326897,-1.4459769504201756,-0.11090193475614149,1.9548476578633762,-0.8470997410938668,-1.199471172896249,-0.4810466679516081,0.5328894697240785,2.4922920888148514,-0.32725459813022034,1.194797383474568,-0.4328168689122664,-0.1377643785954478,0.5135120042027963,-1.1858248977943424,1.0211621858776683,0.2950128730153379,1.2224902999930356,-0.01397543930804902,-0.15167683996037423,0.11111421493446477,0.27249733755467836,0.08356999945726695,-0.07235397948750077,0.026786296368196346,0.13360122702853555,0.042032964819761064,0.0037389053203023513,0.11893976135235784,0.014024743940641703,8.048160344603135e-16,5.727368658597694e-16,-1.4608242343826927e-17,4.394170687937965e-16,-1.5054569078105465e-16,-3.2652801720133125e-17,-1.6377923110068679e-16,-3.3564810902817394e-16,4.3507712736313173e-16,1.7753353956010463e-16,1.1378400236630695e-16,-5.434166813230788e-16,-9.736779514199109e-17,1.2631346255614266e-16,9.783377766672865e-17,7.770348290856981e-17,2.862380728568139e-16,1.2264582943060041e-16,3.240180719426948e-16,1.8255731592787658e-16,5.9539878429676e-17,-1.3663885022106673e-16,-1.1397243536774518e-17,2.6026560386485893e-16,4.6238288041930125e-17,2.0308097570433378e-16,-2.0000615869158273e-16,1.4272313341321875e-16,-1.4877562294223808e-16,1.4629819039653943e-17,-1.0050009687356726e-16,3.236632005996149e-16,-2.7401737505670844e-16,-3.0178284166258143e-16,-7.187645856316895e-17,-3.14021601339514e-17,-1.0794154763448835e-16,1.4783201602149952e-16,3.3339245400526144e-17,-1.5826794995984846e-16,1.618620204044656e-16,1.6740005435920134e-16,-9.748628636549292e-17,-5.3518318414449496e-17,1.3699719866163633e-16,-5.768649921750276e-17,-3.0990345639615144e-17,8.689546267675081e-17,7.740191516135482e-17,-1.139706530941744e-16,1.2582240518625228e-17,3.9762048392065473e-16,-9.534234010563402e-17,-7.36260940605564e-17,-1.5131187734820888e-16,-8.483380686468586e-17,-1.2171802321241895e-16,-2.0780014362593692e-16,-1.515647580468874e-17,1.647271012114818e-16,5.828394895028509e-17,-6.436423303816998e-17,-3.212979697868613e-17,-2.8134741396335446e-17,-1.7952600946850564e-16,-6.032470176905214e-17,9.207008767890596e-17,-7.320596581522487e-17,2.679789004249773e-16,5.411216545018475e-17,-2.578035972458713e-16,2.2099038598122269e-16,-2.0288720041221546e-16,-1.3551254550021477e-16,-4.253592925916612e-17,5.739465626293387e-17,1.6400779911050017e-17,-7.899781554419142e-17,-1.453146341873036e-16,1.5860728573658617e-17,6.028140191011469e-17,-1.3032920578428492e-17,1.1097108603266978e-16,-4.258308256938992e-17,-2.914018980334198e-16,-2.5488227258446715e-17,2.8692715442777034e-17,4.502804113037623e-17,7.856187542905278e-17,9.604413082453568e-17,5.800019944758762e-17,-1.449235022200236e-17,-1.7031268772635492e-16,1.0294946030300162e-16,2.3571230770610837e-16,1.7765001692081722e-16,-9.946785820197656e-17,-2.406708327865442e-19
CC1=CC=CC=C1P(C2=CC=CC=C2C)C3=CC=CC=C3C.[Cs+].[F-].O=CN(C)C>>,CC1=CC=CC=C1P(C2=CC=CC=C2C)C3=CC=CC=C3C||[Cs+].[F-]||O=CN(C)C,C_ba706e97ce47,CC1=CC=CC=C1P(C2=CC=CC=C2C)C3=CC=CC=C3C||[Cs+].[F-]||O=CN(C)C,CC1=CC=CC=C1P(C2=CC=CC=C2C)C3=CC=CC=C3C,[Cs+].[F-],O=CN(C)C,-0.5653770765489545,1.897682448555419,-0.27908450858319706,1.95480116300025,-0.7433704310358278,-1.0594585430824834,-1.1294167452747672,3.060443435989173,-0.46345509450006295,-0.3630164005357553,-0.7490004115822348,0.5080205571224513,-0.10681487912664334,0.6203892845558585,-0.4330513297932464,0.6580372231031366,-0.45710935951159504,1.244844188684756,-0.012350647345984003,-0.19275013484055287,0.07694248877806595,0.22687622558719128,-0.09237990187096226,-0.16836742545019975,0.02562356986209747,0.10521224678912021,0.04325830097629112,-0.035613710709354846,0.0022173891081167293,0.014931579761227378,8.253601066627173e-17,-7.223388150772444e-16,-1.0503446740645617e-16,-1.823505441772534e-16,-3.522041974394335e-16,-1.847732043092831e-16,4.884998733001597e-16,-3.0081180054680103e-16,8.079770138223865e-16,1.9125508448256915e-16,-2.068557353660147e-16,3.7981425823457946e-16,-1.0317984886452044e-16,-3.5660358100177354e-16,1.5011353577230892e-16,1.301619303261845e-16,2.570898386081412e-16,8.35651106776908e-17,1.9924282958660678e-16,4.0071382862947715e-16,-2.1679612594673854e-17,-7.290514483491303e-17,2.2650774400023335e-16,-7.01318839608702e-17,-5.174780522434218e-17,-7.235552674836079e-17,7.899539965308643e-17,2.4430589407465765e-16,-2.481609999792326e-16,-2.2524383280345047e-16,3.0318115986299327e-16,-1.163287750011324e-16,1.131962037501017e-16,1.6829079183555658e-16,-1.9156364355889067e-16,-2.224845214148336e-17,-3.8661621466338575e-16,5.849551800056858e-17,-1.8968229499729213e-16,1.6888142294595134e-17,6.100917837176448e-17,1.397536846785248e-16,-1.4691293777911175e-16,2.2861156221858417e-16,3.109467858805894e-17,1.8582381089880395e-17,-1.7988629411688839e-16,-2.0124061005610064e-16,1.9180567148666844e-17,-1.8467621740877032e-16,1.23278828682291e-16,-6.438929997618566e-17,1.0806867913104515e-17,-4.807614347667758e-17,-7.750073977914138e-17,1.653141404572885e-16,1.345862420827027e-16,2.2019882113678865e-16,-6.556782929752281e-17,1.348443720265708e-16,3.211127175463541e-16,-2.923996740123928e-18,-1.1431194602993623e-16,2.156462985836761e-16,-2.92954799938194e-17,-1.4678871399907933e-16,-4.457769915648966e-16,1.2551349871334274e-17,-7.698325868214485e-17,-9.636923021050605e-17,2.1418406687114781e-16,-2.8207472780394865e-16,8.096164733882253e-17,4.563786612151174e-17,-2.1410265680666552e-16,2.0837675482597266e-16,-7.469224679515718e-17,-1.806106320386152e-16,-7.900270519469513e-17,1.195792440112822e-16,1.770263017864306e-16,2.1334792606018546e-16,2.0077552855643116e-16,1.9754408874079484e-16,-1.319260637452901e-16,3.558992498970792e-16,7.356203556149164e-17,-9.985744244748819e-17,3.3097349686100925e-16,-3.861120719118507e-16,-2.1956012306603744e-16,-4.1796633204481373e-16,-3.072851975125281e-17,2.983457174960363e-16,1.0165626632910564e-16,1.799281546707611e-16,9.259982742138526e-17,2.7455222557930305e-16
CCCCP(C12C[C@@H]3C[C@@H](C[C@H](C2)C3)C1)C45C[C@H]6C[C@@H](C5)C[C@@H](C4)C6.[Cs+].[F-].O=CN(C)C>>,CCCCP(C12C[C@@H]3C[C@@H](C[C@H](C2)C3)C1)C45C[C@H]6C[C@@H](C5)C[C@@H](C4)C6||[Cs+].[F-]||O=CN(C)C,C_3d9a9fc0b503,CCCCP(C12C[C@@H]3C[C@@H](C[C@H](C2)C3)C1)C45C[C@H]6C[C@@H](C5)C[C@@H](C4)C6||[Cs+].[F-]||O=CN(C)C,CCCCP(C12C[C@@H]3C[C@@H](C[C@H](C2)C3)C1)C45C[C@H]6C[C@@H](C5)C[C@@H](C4)C6,[Cs+].[F-],O=CN(C)C,-1.8591093458192147,-3.336624065114442,-2.1946446131210724,2.1759849085558316,-1.7638420696789698,-1.0371511056227776,-0.02557965377177807,-0.24886279292231056,-1.7287956917092202,-0.24732186319864788,0.1292807046820985,0.36519909625746827,0.025063338689698775,0.7884770180951655,-0.1778186116077585,0.47902740730695326,0.006066568265210802,1.2336251137200294,-0.012082676094582658,0.19381055025856558,0.08101555474890865,0.10197199510415167,0.1392603088518451,-0.09125734535312245,0.0014409456116536506,0.19845877766709763,0.050414532191158073,-0.029423958465744124,-0.014230309213955341,0.0028328034495119494,-2.490692185006155e-16,2.2161533594028755e-16,-2.36127697539249e-16,-1.7628000761434078e-16,-3.3360249234534613e-17,-1.0437557956835564e-16,4.211138729771211e-16,-4.685889505318561e-16,-3.1937382532461523e-16,3.6266549581214636e-16,-1.8126474156467032e-16,4.697205695853048e-16,4.91203347830749e-16,6.875738804630201e-18,-1.5482613538438554e-16,-5.805264956951098e-18,4.82574454998707e-17,-9.066958523171744e-17,-2.906699893873487e-17,1.949266060110387e-16,-6.803805986132067e-17,4.550758151909741e-17,4.3749767925465486e-17,-6.472498665289215e-17,-7.603993240396604e-17,-1.1651811353263373e-16,-3.5991273392069936e-16,-7.23940825771765e-17,4.359725181423577e-17,6.472212916146634e-17,-6.127991766589189e-17,-3.871528175438338e-17,-1.2088378969632939e-17,7.581566375534552e-18,1.3571642058078804e-16,2.3404059922014206e-16,1.5605660875137274e-17,-1.148396358818814e-16,-2.264468513852234e-17,9.808342513506188e-17,1.3698313189229258e-16,-1.7656691632054467e-16,1.7751411378182462e-17,-2.2183642500809157e-16,5.553697705266888e-17,-2.3762628485577045e-16,-1.1773042162163367e-16,-1.6351904244797375e-16,-2.5197868094041173e-16,1.0817014861815449e-16,-4.68525702868428e-17,4.3619909672292393e-17,-1.0528995480057776e-16,-1.62024169654019e-17,-2.0537126267392866e-16,2.02790532714091e-16,7.247443393106857e-17,-2.3899763995746143e-17,3.406922188362753e-17,1.0479675387108658e-17,7.234460800137351e-17,-1.6710162010096354e-16,-1.7738778587855268e-16,5.290442405332763e-17,-1.2156742885733746e-16,4.665430878821969e-17,2.5782608238755587e-17,-9.977114356576866e-17,1.5621588878606492e-17,-2.697147846846009e-16,8.089579163216421e-17,-2.0116477084591853e-16,-1.381679105312972e-18,8.276627321509373e-17,9.168957338913946e-17,1.5410176358628654e-16,3.370199360689627e-17,2.3672079749919537e-17,-1.8968276112109097e-17,6.59825138276833e-17,9.143727027719088e-17,-8.619797203139637e-17,-1.458304532495846e-16,1.0567173252524186e-16,3.041731044009113e-16,-1.5163073675932743e-16,1.728134296600978e-17,-5.910775155729519e-17,3.185170951567974e-17,-1.499480655389848e-16,-7.835613292911477e-17,-3.344466430569524e-16,3.3003651521653775e-16,1.7308724869488901e-16,-1.3751092252920777e-16,3.2437469132421046e-17,4.59622748986686e-17,1.7600473275828863e-16
COC1=CC=CC(OC)=C1C2=C(P(C3CCCCC3)C4CCCCC4)C=CC=C2.[Cs+].[F-].O=CN(C)C>>,COC1=CC=CC(OC)=C1C2=C(P(C3CCCCC3)C4CCCCC4)C=CC=C2||[Cs+].[F-]||O=CN(C)C,C_583030c32f6b,COC1=CC=CC(OC)=C1C2=C(P(C3CCCCC3)C4CCCCC4)C=CC=C2||[Cs+].[F-]||O=CN(C)C,COC1=CC=CC(OC)=C1C2=C(P(C3CCCCC3)C4CCCCC4)C=CC=C2,[Cs+].[F-],O=CN(C)C,4.059111095704591,-0.3815009597658812,0.7173965598987091,2.0098344539051323,-0.7740053071412575,-1.4657568661209066,2.7508080141913482,0.5918877038051903,-0.12178881581381182,-0.5451390239084639,-0.1389484242439281,0.3215185995686902,-0.12947758871185872,0.8584586513139341,-0.04455085646282531,0.4560402133778218,-0.1453166927983289,1.23521751198608,-0.042557860276535166,-0.2378153978828701,0.10406305084003714,0.1672279240312417,0.10319815229318599,0.024266704748434367,0.2950136820305589,0.15955019854497665,-0.06568151639014581,0.13705746885133258,-0.036921248767942755,0.07044813583634532,-2.86297035512386e-16,-2.8233086615150434e-16,2.862176330915829e-16,2.6159532440451695e-17,-1.5535989231532029e-16,1.3120582650423575e-16,-7.644826284192234e-17,1.6013856025259214e-16,3.4503439083470665e-16,-2.24696149344654e-16,-2.588067814253138e-17,-2.350976523401606e-16,9.099048921102365e-17,4.7576337843933335e-17,-4.649970557204657e-18,8.173195231220677e-17,-1.5731468621474783e-16,-2.1462127831992222e-16,-2.7584649241243383e-17,-2.2045864749999934e-16,4.877244893680813e-17,-3.033674925760924e-16,-1.5281490126420496e-16,1.1414785475888243e-16,-1.9684923067253967e-16,2.5546631404683733e-16,1.4241502498226386e-16,-9.597281133333175e-17,2.4149546410419535e-16,-5.532660792717663e-17,-4.335230681999017e-17,1.1000363106512024e-17,1.678714482046034e-16,1.8218362923125408e-16,4.9587259011778767e-17,5.0364254659658613e-17,-8.792560092102799e-17,-2.0473049790887704e-16,-6.715385686010263e-17,-1.1335211333066274e-16,1.16882148589612e-16,-1.7318247186711857e-16,-3.2624188018353895e-16,-8.037174813391908e-17,-4.991713929600026e-18,-4.9310728486186565e-17,-5.785592620539526e-17,6.108607985848534e-17,5.624444123120682e-17,-9.858935428183461e-17,-9.153129184466563e-17,-7.284679671000807e-17,-3.8821604265500796e-17,-1.5627667275774905e-17,-4.9685263075425974e-17,-9.171420005309009e-17,-5.03057820013293e-17,2.4232144538447425e-17,1.7084512354613595e-16,1.2097179781108073e-17,-2.2787940076532295e-16,1.389852240896841e-16,1.0146281061589858e-16,7.957756171637175e-18,1.45029110830168e-16,-5.0716622131315397e-17,2.757326835672786e-16,5.369355985993615e-17,-2.744578055493795e-17,1.9822097626289397e-16,-1.585223189358413e-16,-2.267342503102547e-16,7.370329328869779e-17,-2.771112412929604e-16,8.31335453589494e-17,-5.4684967196646763e-17,9.746720537645237e-17,-1.9972529101079078e-16,4.429459370124958e-17,-4.8981553010049975e-17,1.7310413752582488e-16,-9.114992289690379e-18,-3.695327061612962e-17,1.8338844195449232e-16,-2.7542932991188684e-16,6.112672262574832e-17,-1.169535106644867e-16,-8.36001764292213e-17,1.8243290624206123e-16,2.671107246526886e-18,-8.05404240941092e-17,-1.5011452805142507e-16,-8.612273548384894e-17,1.6655264210806832e-16,2.60543239279472e-16,4.169402499629488e-17,-2.3553223728158926e-16,1.2683758913856438e-16
CC(C)(P(C(C)(C)C)[c-]1cccc1)C.CC(C)(P(C(C)(C)C)[c-]2cccc2)C.[Fe+2].[Cs+].[F-].O=CN(C)C>>,CC(C)(P(C(C)(C)C)[c-]1cccc1)C.CC(C)(P(C(C)(C)C)[c-]2cccc2)C.[Fe+2]||[Cs+].[F-]||O=CN(C)C,C_1c75229475f2,CC(C)(P(C(C)(C)C)[c-]1cccc1)C.CC(C)(P(C(C)(C)C)[c-]2cccc2)C.[Fe+2]||[Cs+].[F-]||O=CN(C)C,CC(C)(P(C(C)(C)C)[c-]1cccc1)C.CC(C)(P(C(C)(C)C)[c-]2cccc2)C.[Fe+2],[Cs+].[F-],O=CN(C)C,-2.0530766627518187,-0.24984911668282148,2.9593830760067266,1.1478174634127494,-1.7361584564943224,-0.9952479881720527,-0.1437890405671252,-0.9908689957610202,0.3825777883687523,-0.5264073699966316,-1.5500512295273148,1.1273621093030741,0.05143744231230853,0.7993848894083518,-0.5560942277916858,0.5369311386163745,0.33776535207873076,1.2324853403768776,-0.01023555814195827,0.16899370494116178,0.041877868806801596,0.04307063166808193,-0.04931732156977369,-0.18895396798483036,0.014513246591524172,0.17844170839157653,0.06903822044570497,-0.043316336155635626,-0.015507132808388344,-0.0033896645424012577,4.1047713828459685e-16,-3.762872919655874e-16,4.97766939601624e-16,1.5148683093869488e-16,-6.714981025363407e-17,1.0026418453538108e-16,5.820265678903917e-16,-9.949696509270478e-17,-2.304937433651563e-16,2.496993850951174e-17,-3.0550755518079455e-16,1.5163867665258755e-16,-1.127451802095402e-16,-1.2353668086537594e-16,3.1141106377713324e-16,5.1646740809492773e-17,7.557574951928e-17,2.4491597025489864e-16,1.323633287948446e-16,3.418330672356229e-16,-1.9400603085731524e-16,2.7554282075023667e-16,-1.9069969707994735e-16,-3.638865975335194e-16,-9.41126016346212e-18,-1.264714685754051e-16,3.543037719611588e-17,1.1694467304644625e-16,-3.917172677515813e-16,-1.4185876946683978e-16,2.4846762575433296e-16,3.151493065302291e-17,3.729590870561001e-17,-2.0469288332354072e-17,1.0454587292341119e-16,-2.1995670069293634e-16,-3.5357571020125904e-17,1.320100938490121e-16,-2.1974051553836454e-16,7.468533510535962e-17,3.2814884501466086e-16,-1.2217635785057944e-16,-2.007719916829755e-16,-4.3385827983718685e-17,-2.916328655698504e-16,-4.297017238016182e-17,-1.5312398733710846e-16,-1.4705505955568139e-16,1.7562915887051096e-16,8.008620379650761e-17,1.1851195401614722e-16,-9.887184934278262e-18,2.311510291295563e-16,3.546052959345846e-17,-1.240340906583947e-16,-1.8975643826310507e-16,1.9489455001077726e-17,1.9975230069600756e-16,-1.1984952285797098e-16,9.285991974317871e-17,-9.779200708305785e-17,2.8976754185215693e-16,-1.366635340012013e-16,-1.423139049755854e-17,-9.92531046904283e-17,-9.856973920076264e-17,1.7157127841069442e-16,4.6799263215551754e-17,-4.3621126522219974e-17,-2.2684799741060212e-17,-1.4648133569503514e-17,8.763305349353034e-17,-1.0323319243600296e-16,-3.035911829097342e-16,2.2000489431814695e-16,1.6180661485315123e-16,-1.8082639022332576e-16,-1.6862589422490175e-16,-7.349196080712682e-17,1.6259464083793398e-17,-1.065927350186118e-16,6.977750282100306e-17,3.462923456753434e-17,-6.403255763821511e-17,3.812419396673e-17,-3.0036134635160814e-17,-3.8383847963364005e-16,9.011037708427011e-17,-1.808669994878396e-16,5.1935024300416315e-17,-1.1369881724278332e-16,1.7032623061579457e-16,1.1366319308898867e-16,-1.971752256115783e-16,-2.095231330644193e-16,4.564554065740839e-17,1.610676670818905e-17,2.3617438140160614e-17
CC(C1=C(C2=CC=CC=C2P(C3CCCCC3)C4CCCCC4)C(C(C)C)=CC(C(C)C)=C1)C.[Cs+].[F-].O=CN(C)C>>,CC(C1=C(C2=CC=CC=C2P(C3CCCCC3)C4CCCCC4)C(C(C)C)=CC(C(C)C)=C1)C||[Cs+].[F-]||O=CN(C)C,C_775c3200a480,CC(C1=C(C2=CC=CC=C2P(C3CCCCC3)C4CCCCC4)C(C(C)C)=CC(C(C)C)=C1)C||[Cs+].[F-]||O=CN(C)C,CC(C1=C(C2=CC=CC=C2P(C3CCCCC3)C4CCCCC4)C(C(C)C)=CC(C(C)C)=C1)C,[Cs+].[F-],O=CN(C)C,4.437758172012058,-0.518535495997329,0.6940705372672418,2.137992224916193,-0.6871289232229941,-0.6153995523783362,-2.742241189231565,-0.9248049948229582,-0.4459337258914418,-0.17412191163435473,-0.05077385430833064,0.21155344594422068,0.1379837272802071,0.8254279538866299,0.11019971417564867,0.41374581428057167,-0.11116850591035896,1.2298653687076746,-0.04459658825054987,0.17219359189786518,0.10004198964940275,0.08420415345489099,0.06408167342098434,0.08580674291811262,0.15749764089214544,0.22363023636738574,0.07619762707273221,-0.02394176773699252,-0.031118973829455575,0.0019608091563855326,6.577390983397549e-16,-9.206900028312656e-17,8.698940364466435e-17,5.843059398087016e-16,-4.786931068274102e-16,9.62958149571052e-17,-4.4258045910749963e-16,9.518062391530458e-17,-6.749922491529323e-16,8.569944926921126e-17,1.1891147699110063e-16,-2.586312788019497e-16,-2.6631647521828696e-17,-3.5784364760607645e-16,-7.296237731862359e-16,5.034165212539413e-16,-1.9435344052358386e-16,2.3858911839348334e-16,7.621122084288609e-17,-1.077663187887677e-16,4.717453117377809e-16,-1.3914882784895392e-16,-1.486607938460324e-16,4.3722106075939006e-18,-2.205539600249409e-16,-5.706987258350052e-16,1.9493616461403735e-16,-1.183177054603582e-16,1.7166759366108483e-16,3.468014580872965e-17,-5.116090075728779e-17,1.0659895821332528e-16,7.664539075955782e-18,-2.0452331134852605e-16,-1.0434033926923668e-18,1.0497652657215784e-16,-6.381952888667443e-17,-2.8402042337413105e-16,-4.742178793355225e-16,-1.477262106324109e-16,2.4446095428498314e-16,2.6256606072167263e-17,-6.552347969114504e-17,-9.703673914770186e-17,-1.2258179666549768e-16,2.157545123434417e-17,9.811029541320123e-17,2.248845511469767e-16,-5.649592459161651e-17,-6.685423455360296e-17,-9.636487390531944e-17,4.1013901962555394e-17,-1.4980335535670316e-17,-1.1683099602074609e-16,-6.013036223201365e-17,2.4553020167933526e-16,2.0632267945257225e-16,9.212428128750961e-17,1.7860432005341234e-16,9.74389769422365e-17,1.9053449667940644e-18,-6.860337451074063e-17,1.918070640162919e-16,1.6045026242713546e-16,8.406834127084065e-18,-9.555865255206762e-17,-2.7922763044236964e-17,-2.8827630826547853e-17,-1.2990879161199202e-16,1.3610729190257454e-16,6.475318095995118e-18,9.726898394939416e-17,-2.0021004101339103e-16,1.3002357535751148e-16,2.282431296388243e-16,-1.77861619681045e-17,3.285866739759159e-17,9.161676636433232e-17,1.1907110732335938e-16,1.664095848072896e-16,9.012216252341618e-17,2.848839716560666e-17,1.1342679744787876e-16,-1.4368811551564223e-16,6.732539813836146e-17,2.527241662076647e-16,5.692319321118277e-17,2.2240545827456756e-16,-1.737631056161731e-16,-4.3010659326726724e-16,9.527139559379414e-17,1.2814397108648434e-16,1.0027832170873296e-16,3.9273082267826934e-17,1.8686624099942995e-16,-1.198924464144712e-16,-1.4078979166056463e-16,2.865610117012509e-16
[c-]1(P(C2=CC=CC=C2)C3=CC=CC=C3)cccc1.[c-]4(P(C5=CC=CC=C5)C6=CC=CC=C6)cccc4.[Fe+2].[Cs+].[F-].O=CN(C)C>>,[c-]1(P(C2=CC=CC=C2)C3=CC=CC=C3)cccc1.[c-]4(P(C5=CC=CC=C5)C6=CC=CC=C6)cccc4.[Fe+2]||[Cs+].[F-]||O=CN(C)C,C_f4fc17906b1e,[c-]1(P(C2=CC=CC=C2)C3=CC=CC=C3)cccc1.[c-]4(P(C5=CC=CC=C5)C6=CC=CC=C6)cccc4.[Fe+2]||[Cs+].[F-]||O=CN(C)C,[c-]1(P(C2=CC=CC=C2)C3=CC=CC=C3)cccc1.[c-]4(P(C5=CC=CC=C5)C6=CC=CC=C6)cccc4.[Fe+2],[Cs+].[F-],O=CN(C)C,-1.2008812749555837,0.9796499596033056,2.790243404942225,0.9686167471997248,-2.1533111471281643,-1.2400941685112281,-0.1279367869641082,0.22751655371127932,-1.126163857472088,-0.09473447765855826,1.8817739320052889,-0.6962894257755597,-0.035684781974272446,0.7839143587040635,0.170901853274844,0.48525715133589997,-0.502792617456933,1.244321644679363,-0.011322798106416652,-0.18855647270192846,0.07640399548325888,0.22528705861926326,-0.0915290943081431,-0.1695634791106507,0.02476218933792764,0.10543273861776861,0.04298723999663974,-0.035524009856977457,0.002166956456733813,0.01498210793071377,-8.521858776050657e-16,-7.233424608220533e-16,1.5719792843158826e-17,-3.6635481659335375e-18,-4.292140825993909e-16,-2.362616660033553e-16,5.282609524019671e-16,-2.1438440952298773e-16,-1.0052279970800076e-16,2.9413676772796436e-16,2.295217223667823e-16,-2.7254550558923118e-17,2.8601332585127413e-16,-8.375712250547267e-17,4.876204160031632e-16,1.5730511218801698e-16,4.4574044079778853e-17,-3.006911945138783e-17,-7.162927523307084e-18,4.961940943698024e-17,-2.4223170499994457e-16,-2.375410891425938e-16,-3.4639534919408453e-16,-1.5358909148013125e-16,-1.3433986128589613e-17,1.9966987504517969e-16,6.271257826781022e-17,-1.6264767075373018e-16,2.1741979382153697e-16,-1.5001289419407906e-16,-4.2386185836931747e-17,3.5177584462263397e-16,-6.237627643608248e-17,1.2967470281692185e-16,-1.354967127664379e-16,-2.3648742522632355e-16,2.1713707123426376e-17,-2.2587987624781343e-16,9.980604333290266e-17,-1.9826365161661954e-17,-1.6393421795277378e-16,-9.808179393498396e-18,2.2624403837878066e-16,1.0443976140579424e-16,3.2347991158109453e-17,2.745591757214845e-16,1.766393029100152e-16,1.8980334260208253e-16,4.4593665556285895e-17,-2.869603705685482e-17,1.631229749241794e-16,2.136573416623793e-17,-9.632250675914607e-17,-5.025650948564023e-17,1.878250547685336e-16,1.8165137688746262e-16,-2.03253215224757e-16,9.557094336736272e-17,1.7886707303167212e-17,4.147827039115229e-17,1.0368850622138e-16,5.3214303723428744e-17,2.2250537100985934e-16,-2.6367422657294485e-16,-1.1408425028009965e-16,6.713785754566523e-17,1.3128006830094344e-16,2.265440232998095e-16,-2.0475830043126055e-16,-3.6634420370889156e-16,-2.1434223172710558e-16,-7.198297812581746e-18,-9.261363094218251e-18,1.7057288973517847e-17,5.309086130513047e-17,3.01550733930925e-16,-7.571795824465e-17,1.7068132695240227e-16,4.413837129683718e-17,2.2856364461396337e-18,-7.380211481296972e-17,5.7055482052961555e-18,8.432334985886302e-18,1.21037100150052e-16,1.4275722728136388e-16,3.4591042991594314e-18,5.4635140170320325e-17,1.3737953525444037e-16,-1.3165030203321587e-16,-2.646697781817661e-17,-2.1733090849327612e-16,2.366073461215996e-16,-2.567444034231255e-16,-2.2251344406163438e-17,-1.0883256088933198e-17,1.975072184117115e-16,-2.357912171404774e-16,-8.588713872780379e-18
CC1(C)C2=C(OC3=C1C=CC=C3P(C4=CC=CC=C4)C5=CC=CC=C5)C(P(C6=CC=CC=C6)C7=CC=CC=C7)=CC=C2.[Cs+].[F-].O=CN(C)C>>,CC1(C)C2=C(OC3=C1C=CC=C3P(C4=CC=CC=C4)C5=CC=CC=C5)C(P(C6=CC=CC=C6)C7=CC=CC=C7)=CC=C2||[Cs+].[F-]||O=CN(C)C,C_bf83edee71ef,CC1(C)C2=C(OC3=C1C=CC=C3P(C4=CC=CC=C4)C5=CC=CC=C5)C(P(C6=CC=CC=C6)C7=CC=CC=C7)=CC=C2||[Cs+].[F-]||O=CN(C)C,CC1(C)C2=C(OC3=C1C=CC=C3P(C4=CC=CC=C4)C5=CC=CC=C5)C(P(C6=CC=CC=C6)C7=CC=CC=C7)=CC=C2,[Cs+].[F-],O=CN(C)C,-0.4636173541014483,3.754407595837579,-2.0354513689073688,2.044119650896164,-1.2036399333605863,-1.0047030377340977,0.21883654961564414,-1.9156630729083821,0.29528404191051844,-0.38177374845679185,0.10026196405934218,0.25232609617093416,-0.040225949664852156,0.7408689760342456,-0.27802818545526553,0.6232923904555243,-0.504219672420285,1.231326977302308,-0.037706137648571385,0.07937848894597041,0.03789161811958999,-0.09354132671226346,-0.050650850996752525,-0.05682588068529203,0.23173677460783346,0.17761039803086048,0.10309136525151252,-0.03300652528636346,-0.036590071973243564,0.013480995393747378,-2.0921746921554867e-16,-5.256370267493717e-16,-4.3865177493836005e-16,-1.8840474214991985e-16,-1.2777052022191743e-16,-1.5514988363822298e-16,2.873259476640317e-17,-6.090983133993238e-16,-6.71053942392083e-17,-3.969262476639312e-17,-3.8982761340960297e-16,-1.8969284499776966e-16,1.496779629785774e-16,3.6072084284360885e-16,1.0648733972937909e-16,1.0515496057421898e-16,-1.8896691183949786e-17,2.3231427687581736e-17,-1.8578545462417095e-16,-1.9055341326019677e-16,4.286036475114024e-17,-4.7716401554894693e-17,-2.4613379434337362e-17,1.7404744287681374e-17,-2.767731830410437e-17,-2.848644857471041e-16,2.3221598685906273e-16,-1.1982162340139691e-16,-5.5386200494964364e-17,-5.017577856770477e-16,-2.1527708400342344e-16,-2.1270822451661255e-17,-2.946385304811532e-16,-2.440594491633349e-16,-1.3161199869320101e-17,2.445902943533284e-16,1.407273516653e-17,4.0974829178913817e-16,2.1849575231013733e-16,2.3338379434644187e-16,1.2955058624199156e-16,4.978936782604717e-18,-7.352759225110583e-17,1.446357093185978e-16,-1.9677757152477222e-16,-9.553419469475176e-18,9.771909835614966e-17,1.741531598900158e-16,1.657175766982787e-17,-8.899392078433704e-17,1.3137194826829707e-16,1.3872518176779942e-16,-5.640025206160338e-17,-7.871679905965336e-17,-4.0024815179669435e-17,7.251714757041223e-17,-9.190433125179756e-17,1.824734189900874e-16,1.8638029015881474e-16,2.0950984533263773e-17,5.661004251176893e-17,-3.3366376425265166e-16,3.114865120944765e-16,1.1470413514447306e-16,-3.368719332203158e-16,1.1535321927169312e-16,4.6442800637554515e-17,1.2430026913341995e-16,-4.742390590124899e-17,-1.7549905052838363e-16,1.42524564071224e-16,-5.3314059000649706e-17,-3.7797638284598134e-17,4.350544025340553e-16,-1.7081224612187886e-16,2.433053311358224e-17,2.895195025223066e-16,3.2063299056745664e-16,-1.2686645320182877e-16,3.459048172173774e-17,-1.1613679238053321e-16,-2.3886002632952137e-17,-1.704029690624318e-16,9.677443965768417e-17,7.882913076542697e-17,3.191081870502249e-17,1.303898689428042e-16,7.376846717458794e-17,-3.2393143277715934e-16,1.0876894749427111e-16,7.711005146172635e-17,1.9457304425577299e-16,3.103661707850705e-17,1.0697322900318125e-16,4.730756040691701e-17,-1.9327339107872778e-16,1.599066909506375e-16,-9.696731596244509e-17
CC(P(C(C)(C)C)C(C)(C)C)(C)C.O=P([O-])([O-])[O-].[K+].[K+].[K+].O=CN(C)C>>,CC(P(C(C)(C)C)C(C)(C)C)(C)C||O=P([O-])([O-])[O-].[K+].[K+].[K+]||O=CN(C)C,C_da06dfb669e7,CC(P(C(C)(C)C)C(C)(C)C)(C)C||O=P([O-])([O-])[O-].[K+].[K+].[K+]||O=CN(C)C,CC(P(C(C)(C)C)C(C)(C)C)(C)C,O=P([O-])([O-])[O-].[K+].[K+].[K+],O=CN(C)C,-1.4972762198028942,-0.9735928780827009,0.16648716350742446,2.1212416961970906,-0.45110301800146746,-0.955316063275061,-0.31048299259772366,0.2436400452972126,1.9995688371210003,0.3878619221919287,0.46981803419372453,1.4657959495706423,-0.014779351072949769,-0.07617291801088404,1.7523352924284135,-1.3011967329527727,-0.9746542088226636,0.09380731980642999,0.13370913140053758,0.07107605272396307,0.002537532158088101,-0.07666264934156024,0.05526125442056984,-0.22391614040370436,0.10044006194666157,0.1491514771993496,0.08973800080743438,-0.02020174967105227,0.050242616524495576,0.013394777176841455,-5.392634525994967e-16,1.116228922585449e-16,-7.524421604174984e-17,2.0699226815286745e-16,-7.205263821622592e-16,1.6687351257350164e-16,-7.216944318267473e-17,3.05821868057481e-16,-2.90677255059503e-17,-2.8173006075212033e-16,-5.643335096506506e-17,7.33126099249221e-17,2.1939484875096404e-17,9.17189301057115e-17,3.8581321460913605e-16,5.188385615425278e-16,9.556344173937004e-17,-2.3678409035903676e-16,-2.1763183886501327e-16,-6.04569257845326e-17,9.936189176447644e-17,-7.527409959957825e-17,-1.729941650677845e-16,5.930455228375425e-17,-1.355350169456149e-17,-8.577040086088002e-17,2.1031219789877632e-16,-1.6144171203337675e-17,1.6101253675498604e-16,2.0568057064495736e-16,-1.5858638423322564e-16,-1.4582893549961953e-17,-9.382063036978933e-17,1.3109508712858653e-16,2.0329225053411751e-16,-4.096957401547168e-17,-1.0468897849702386e-16,-6.968359285025563e-17,9.691698730743371e-18,-1.304816764408671e-16,7.963640387889111e-17,-1.8348525449906845e-17,2.116694944423758e-16,1.0275142822055166e-16,1.7714239709819448e-16,-1.6118398031999822e-17,-5.78751872351623e-17,-1.1274559483115425e-18,-1.9679756929914454e-17,-1.3169171894691261e-18,-7.313939722933551e-17,2.8076548480911864e-18,-1.0273497625886564e-16,-1.1736659978048727e-16,1.4628368482207938e-16,-3.478078196076935e-17,4.456050694533982e-17,-7.567916454155851e-17,-6.619748805244765e-17,-1.1637142502842098e-16,-1.222940617937557e-16,3.567613423510029e-17,-1.6839842623006935e-16,-1.9464249304062325e-16,-1.504860535382378e-18,6.458781914032351e-17,7.816165091311177e-17,-1.064453804953403e-17,-7.909246042957355e-17,5.59163680110736e-17,8.621561688235727e-17,1.0975173040306722e-17,-7.841190073714772e-17,6.157854117063885e-17,2.8488473573896466e-17,-1.9329896906000448e-16,1.4139172008596797e-16,4.2144939775974415e-17,7.932314529867017e-17,-1.220510180556901e-16,1.5005066765668704e-17,-3.029708132191179e-16,-2.8151865894800385e-17,2.4703017301160747e-16,-1.5448477876951816e-17,1.0161042301363892e-16,1.8304027871735576e-17,2.2492843090330976e-16,5.676901351211885e-17,9.766265869018669e-17,-1.850907775103749e-17,-8.819841911791157e-17,1.464201729781122e-16,-1.4568734491050365e-16,2.0384825880429864e-16,-2.6685880406504874e-16,-4.492300559433618e-17,-1.5681053166271645e-17
P(C1=CC=CC=C1)(C2=CC=CC=C2)C3=CC=CC=C3.O=P([O-])([O-])[O-].[K+].[K+].[K+].O=CN(C)C>>,P(C1=CC=CC=C1)(C2=CC=CC=C2)C3=CC=CC=C3||O=P([O-])([O-])[O-].[K+].[K+].[K+]||O=CN(C)C,C_6f42b2be8daf,P(C1=CC=CC=C1)(C2=CC=CC=C2)C3=CC=CC=C3||O=P([O-])([O-])[O-].[K+].[K+].[K+]||O=CN(C)C,P(C1=CC=CC=C1)(C2=CC=CC=C2)C3=CC=CC=C3,O=P([O-])([O-])[O-].[K+].[K+].[K+],O=CN(C)C,-0.39485358920820446,1.4351148816338353,-0.141885593844929,1.9340929278747108,-0.7682288251330731,-1.1506527460342308,-0.20047511725302347,0.7369794440730625,0.4088435689168391,0.6020061112634305,1.330539824447013,1.6133580858046188,0.13056587958282292,-0.026646849959332482,0.77081075235403,-1.2181943351220463,1.8496439079640419,0.061739207441326924,0.11723222986459023,-0.255785384640225,0.03456123796348717,0.09527463129909326,-0.00040221739844736946,-0.19917016319665076,0.11691773030577347,0.07799707343075807,0.0636442771297359,-0.012774006176923513,0.06507685467364593,0.03171604392465995,8.100374343128092e-16,9.493517173112029e-17,3.3556519556290336e-16,6.573131554548402e-16,1.29856047918964e-16,2.0841086282595253e-16,-4.2112896665533275e-16,4.579269629523353e-16,4.0964819864056176e-16,1.4160161039361648e-16,-6.15603475497413e-16,3.9327019126301457e-16,4.692691214256244e-16,-4.085333842553822e-16,6.783000275329597e-16,5.932879960189286e-16,-1.749469329113573e-16,2.998207736496689e-16,2.968470369340263e-16,3.084767902662573e-16,-3.7148252783882095e-16,-2.1557932279272594e-16,6.272406751520735e-17,6.185770104949312e-18,1.0958390780324534e-16,3.880234201634401e-16,-1.2056382567097444e-17,-2.590611097677879e-17,2.474603079389449e-16,-4.205650021244723e-17,-2.5873962325185565e-16,-4.8616674069855145e-17,-1.5704650579711197e-16,-3.137998396780439e-16,2.201927525611701e-16,8.515112878404675e-17,6.851030890713018e-17,1.6380219493986165e-16,4.344894684705675e-17,-1.364499657713658e-16,-2.828770722533063e-17,-1.5889465280059848e-16,-6.299544200616096e-17,5.117338117889372e-19,-2.931124371701175e-16,1.7493766601383089e-16,-1.3348788938336199e-16,-1.1014109673048588e-16,-2.14952731341792e-16,-1.3571378689083565e-17,3.0464087182402723e-17,1.4425353904379737e-16,-1.5328172954623368e-16,-6.316338809181419e-17,3.1645924275492384e-17,1.3083356028251143e-16,-1.323736596566918e-16,2.6730561380874566e-17,-1.0071085088580895e-16,-1.606266403990045e-17,-7.891195563269521e-18,-2.004118080973509e-16,5.80889254738424e-17,-2.291239179636427e-16,-1.3874838964078374e-16,6.134843876828042e-17,-2.6729898323641586e-16,4.264847900435438e-17,-2.962819410402548e-16,-7.043327333581369e-17,-7.867691169829233e-17,7.635117702864269e-17,1.0687955305404924e-16,1.6996716547536832e-16,1.6810399062394988e-16,-7.483220216610011e-17,-1.0392425854513135e-16,6.359939692533631e-17,-2.0828366014938273e-16,2.188204969453136e-17,1.1363347709317053e-16,1.5268287686762348e-16,1.7560276470874583e-16,-2.6821674179988063e-17,-1.7017685738598708e-16,1.3549504525404976e-16,-4.803846786972953e-17,-4.2008736223544314e-17,2.2351495790764024e-17,1.0284249993550166e-16,2.3196755666732354e-16,-6.059741751851848e-18,-7.854933617143236e-17,-2.3011617330201977e-16,1.467802171774958e-17,-5.943792046449955e-17,-8.691519951374221e-17,-2.1677139262936946e-16
CC(C)(C)P(C(C)(C)C)C1=CC=C(N(C)C)C=C1.O=P([O-])([O-])[O-].[K+].[K+].[K+].O=CN(C)C>>,CC(C)(C)P(C(C)(C)C)C1=CC=C(N(C)C)C=C1||O=P([O-])([O-])[O-].[K+].[K+].[K+]||O=CN(C)C,C_af539375e593,CC(C)(C)P(C(C)(C)C)C1=CC=C(N(C)C)C=C1||O=P([O-])([O-])[O-].[K+].[K+].[K+]||O=CN(C)C,CC(C)(C)P(C(C)(C)C)C1=CC=C(N(C)C)C=C1,O=P([O-])([O-])[O-].[K+].[K+].[K+],O=CN(C)C,-1.5435986261373715,-0.009776904108722744,1.2357291679504658,3.2189106998766084,3.0870272907247283,-1.0398386616850366,0.0033553786170018775,-0.3141861134037204,-0.2681526749597822,0.734761071588466,1.2407975054373344,1.8889695620080698,0.11697403892950446,-0.6361725448152649,-0.05406246392983602,-0.32632066376668684,-0.13610084117224844,0.04247105241910189,0.2254492217869154,-0.047384914907072646,0.010966246804010883,-0.4214655882742687,-0.058510703454355044,0.07644847565876843,-0.2738021939096292,0.25519187419681194,-0.09470274102228404,-0.08849334709365907,0.10301787504765036,0.2616568599563345,9.108438338113406e-17,-5.1273336357140565e-18,-1.347790594008341e-16,-2.0616084729903675e-16,-1.9191151139912454e-16,-4.1878053256153946e-16,8.899266948077177e-17,-1.2040346556231673e-16,-2.7145810506924964e-16,1.4023113085333971e-16,2.9818424374201034e-18,-3.1996324607068584e-16,-4.453027926493972e-16,4.319047925260387e-17,-2.2449663219681173e-16,-2.7963939148157703e-16,-4.003024756895292e-16,3.0268729862914083e-16,-8.956275488211565e-17,2.4379823676107425e-16,2.2977101011182587e-16,2.232534538062144e-16,4.559265320337819e-17,7.086477770550376e-17,-1.867621380696754e-16,-8.209591825787777e-17,5.4075264229940335e-17,-3.911051173881257e-17,-3.7608243645553263e-16,-2.63506808777721e-16,-1.2911349818873412e-16,1.550676214660892e-16,-3.0596822268208544e-17,1.6864166905147062e-17,-1.4301610947959666e-17,-2.2121616221759773e-17,-3.2048840201054524e-17,-3.0965793765638552e-16,-6.657250149451315e-17,-1.3125965556633601e-16,1.9319403784011018e-16,4.977967182566582e-17,1.298358864494314e-16,8.405497951726002e-18,3.414908988242208e-17,1.941052069871815e-16,-9.87596049426028e-17,3.0489451032399024e-16,-3.565734473554089e-17,-5.5422418819349254e-17,1.0601581045551167e-16,1.7278394643898346e-16,-2.6886853068516833e-16,-6.600303837880514e-17,-1.675962653141265e-17,-3.201990441522857e-17,-1.2363610705156658e-16,8.395845412772942e-17,-2.606646989677527e-16,-1.7905763780797867e-16,5.327327861249605e-17,-7.193980324674708e-18,-7.542241888511007e-17,-1.783476925701145e-16,-6.35786788321281e-18,-1.2883010417001801e-16,1.5508389176265897e-16,2.4197816422958058e-17,-1.5107209196133972e-17,-3.8117913446569284e-17,5.799092110783018e-17,1.8260494940981055e-16,-1.196396121824194e-16,-5.307501581519775e-18,-8.233915772669955e-18,-6.242104604644425e-17,-2.687813848014147e-16,-6.766429756371667e-17,6.450984564646926e-17,-3.4374708172045485e-16,-2.6735784918064563e-17,-1.1830191950606788e-16,1.0225182459197555e-16,-8.687596070846211e-17,-1.6623506364862046e-17,-2.3004381491211753e-16,-3.6202184802485206e-16,-3.028725012477462e-17,8.131416329198992e-17,4.251242066256746e-17,2.004178788109617e-16,-1.2963686164251832e-16,-1.5166764981252064e-16,-1.5069480618494196e-16,-1.5151093991531492e-16,1.0089264798908662e-17,-4.3548337106434173e-17,2.2142757718502546e-16
P(C1CCCCC1)(C2CCCCC2)C3CCCCC3.O=P([O-])([O-])[O-].[K+].[K+].[K+].O=CN(C)C>>,P(C1CCCCC1)(C2CCCCC2)C3CCCCC3||O=P([O-])([O-])[O-].[K+].[K+].[K+]||O=CN(C)C,C_d9b7e68f76be,P(C1CCCCC1)(C2CCCCC2)C3CCCCC3||O=P([O-])([O-])[O-].[K+].[K+].[K+]||O=CN(C)C,P(C1CCCCC1)(C2CCCCC2)C3CCCCC3,O=P([O-])([O-])[O-].[K+].[K+].[K+],O=CN(C)C,-0.10240461254897773,-1.4556571896147406,-0.12195474318101938,1.920543075601218,-0.843246845507771,-1.2387058319289759,-0.47218216179902156,0.5932566444158517,2.7409896109911354,0.5401769950878725,1.8404023820328423,1.0072700287299858,-0.2477825178177788,-0.6767894269655224,-0.9534423604415835,-0.010418747428164416,0.20603419595992004,0.0357357733229122,-0.009674584634973728,-0.28150107021412696,0.0810347177870926,0.19856383266049546,0.20190344706638516,-0.1311057485849092,0.005057622780480291,0.040168610702127676,-0.07253555911909167,-0.1622718545532928,-0.6745880023723869,0.08277140382935314,-5.854421443662327e-16,-7.036879707968232e-16,-1.0727015336437428e-16,-1.9834671536772298e-16,3.7392235349436345e-16,8.268068424425896e-16,-9.581454595048723e-17,8.566184431148326e-16,1.4749257902816324e-16,3.1302614491849044e-16,5.097433641953444e-16,-6.990502910086897e-16,-1.758815722391252e-16,1.9384334770520498e-16,-2.114086428385022e-16,-4.1957625051086513e-16,1.9475493297987408e-16,-2.3726390769687375e-17,1.4902087662002329e-16,2.877744809300715e-16,-1.2536853023906797e-16,8.986904105790382e-20,2.0742561653877291e-16,1.9154065776338513e-16,1.7390513215647766e-16,3.1320228106022014e-17,-1.049495170610471e-16,-2.681900191272131e-16,1.0123709541973057e-16,3.392240605213731e-17,6.963187455198505e-17,3.178981245524691e-16,3.526583781931414e-17,-1.2826087125098442e-17,5.81442879191123e-17,-1.7297711265799408e-16,3.0728628197937996e-17,9.15067343895991e-18,1.3473248627221101e-16,2.8147195207806853e-16,-2.5152490035301974e-16,-6.785750275060749e-17,-2.953268114108671e-17,3.049104467586924e-16,1.7097029839861115e-16,-2.482044086988348e-16,1.5471182627535292e-16,8.571281175004114e-17,7.707761228671666e-17,-1.7882576242407225e-16,-3.032734880240416e-17,3.029753915113623e-16,-9.983565064917032e-18,2.525402079787963e-16,-3.1364946227331606e-16,1.2710088469384232e-16,6.519821149004183e-17,-3.0380874306822175e-17,-1.5020042650104153e-16,-1.1031151359647925e-16,-1.4784925725410657e-17,-7.489009425959611e-17,1.6048264150062462e-17,1.63060115847819e-16,-1.4509330009955223e-16,9.134149840456913e-17,2.5845505061943357e-16,2.1997580665317768e-16,2.2374697692157998e-17,2.696300234821602e-16,4.103767255948655e-16,-6.757703984884709e-17,1.6283457197919686e-16,-1.284664771759798e-16,-2.0222788466096082e-16,-7.84335077209042e-17,-3.584486698989146e-17,-3.444640547438336e-17,5.125996343368368e-17,1.7049031579885536e-16,-2.7796962960187844e-16,-5.976988137008549e-17,1.7842442545879762e-16,-2.848847874055245e-16,-5.243790570982636e-17,-1.5207469477840154e-16,-1.305720909428249e-16,-4.5148337156537574e-17,-1.3539297956566516e-16,1.9051846272114566e-17,-1.4417183482477767e-16,-3.243876141603e-16,2.1362466039451817e-16,-1.632636153959978e-16,-2.862216399488654e-16,2.057145789382776e-16,-2.837436442614499e-17,-1.5891624762842048e-16
CC1=CC=CC=C1P(C2=CC=CC=C2C)C3=CC=CC=C3C.O=P([O-])([O-])[O-].[K+].[K+].[K+].O=CN(C)C>>,CC1=CC=CC=C1P(C2=CC=CC=C2C)C3=CC=CC=C3C||O=P([O-])([O-])[O-].[K+].[K+].[K+]||O=CN(C)C,C_9aa07fb5394e,CC1=CC=CC=C1P(C2=CC=CC=C2C)C3=CC=CC=C3C||O=P([O-])([O-])[O-].[K+].[K+].[K+]||O=CN(C)C,CC1=CC=CC=C1P(C2=CC=CC=C2C)C3=CC=CC=C3C,O=P([O-])([O-])[O-].[K+].[K+].[K+],O=CN(C)C,-0.5645084809027736,1.8477871446647198,-0.30622131791248985,1.9102923644267928,-0.7420489023951742,-1.102031949732288,-1.1354067265252297,3.158673819727085,-0.028107046586592598,0.6013482184874913,0.09855936624871012,2.136357613123318,-0.21214358862205204,-0.7376015726350679,-0.31691457138423107,-0.43812129268355837,-0.5238421421518252,0.08270195342043354,0.12491570550803408,-0.28261736517931507,0.03308378872179994,0.09733006146807358,-0.0018563520616187742,-0.208398163107975,0.11024821482504836,0.07564373127065686,0.06347298609022745,-0.013400358131445965,0.06520397128867024,0.03191463927066404,1.49470449498763e-16,-1.2162209516333783e-16,9.520001320616697e-18,-2.832847038484079e-17,-4.307234504108507e-17,-1.953132458504781e-16,2.113428716667951e-16,-2.8715427558501877e-16,1.536836422025163e-16,-8.497388364942165e-17,2.057028135810034e-16,-2.1895292892278892e-16,-3.9031942241237205e-16,3.0913726370541085e-16,-4.0820826253538174e-16,-1.823148526140485e-16,-3.545875217167003e-16,1.0200852132215887e-16,-3.2145754800751504e-16,1.691115317143259e-16,-1.488070046472376e-16,8.21139650069326e-17,3.583008032376774e-16,2.990599698882048e-16,-5.450267278111193e-16,-2.239048519563592e-16,-1.155484153736826e-17,4.5241257938981555e-17,-3.2652541637656133e-16,-1.6681833985129678e-16,4.8836924392983515e-17,1.5768961665430236e-16,-1.7042898905214324e-16,5.230735806776863e-18,1.7231711813613816e-16,-9.558088712084933e-17,-1.6316384224413824e-17,-6.048750884750773e-17,1.3465402716351633e-16,-9.643367190189402e-17,-1.674938806830788e-17,1.1595065463267613e-17,9.230273096120862e-17,1.3287762117693847e-16,2.6775612812309105e-16,-1.5951838151101147e-17,2.0032055276036493e-17,2.6581005714547453e-16,-2.2541303948741326e-16,-2.7348823872163025e-16,9.971734491693207e-17,-2.6059984921479415e-17,1.0639014812629861e-16,9.865533136073568e-17,-2.5079136095210806e-16,2.993209512010259e-17,2.8608384375972636e-16,7.817380965474691e-17,5.620762510563332e-18,-1.6581732574906518e-16,-9.414126009615769e-17,-3.874252849011539e-17,-1.3102646652786826e-17,-1.2107016475795125e-16,7.901095145068596e-17,-1.388879931500356e-16,2.2847767042371464e-16,3.5621206284479254e-17,-1.3826292443878228e-16,2.958287732052506e-17,-4.548221892802203e-18,5.691443370315877e-17,-7.511824739100259e-17,-1.0178042594149299e-16,-2.0772172110253558e-16,7.771429617889422e-17,-9.185806849682302e-17,3.6417492757516805e-17,1.9455847926258826e-16,2.690026415865158e-16,-1.4737793930453667e-16,9.139586236308988e-17,2.018888339676466e-17,-7.946440250178908e-17,8.155980721687799e-17,-1.4199743894312075e-16,1.2613972848058826e-16,1.6608389754905859e-16,-1.8163223878672946e-16,-1.2547162002508356e-16,-6.295647874416647e-17,3.129301123417613e-17,-9.613924899059261e-18,-5.445016247389851e-17,-1.0844090151325462e-16,4.031328666850341e-17,1.1213050187424123e-16,-6.53036836290433e-17
CCCCP(C12C[C@@H]3C[C@@H](C[C@H](C2)C3)C1)C45C[C@H]6C[C@@H](C5)C[C@@H](C4)C6.O=P([O-])([O-])[O-].[K+].[K+].[K+].O=CN(C)C>>,CCCCP(C12C[C@@H]3C[C@@H](C[C@H](C2)C3)C1)C45C[C@H]6C[C@@H](C5)C[C@@H](C4)C6||O=P([O-])([O-])[O-].[K+].[K+].[K+]||O=CN(C)C,C_876e3f62c189,CCCCP(C12C[C@@H]3C[C@@H](C[C@H](C2)C3)C1)C45C[C@H]6C[C@@H](C5)C[C@@H](C4)C6||O=P([O-])([O-])[O-].[K+].[K+].[K+]||O=CN(C)C,CCCCP(C12C[C@@H]3C[C@@H](C[C@H](C2)C3)C1)C45C[C@H]6C[C@@H](C5)C[C@@H](C4)C6,O=P([O-])([O-])[O-].[K+].[K+].[K+],O=CN(C)C,-1.858240750173034,-3.386519369005139,-2.221781422450366,2.1314761099823754,-1.7625205410383173,-1.0797245122725834,-0.03156963502224097,-0.150632409184399,-1.2934476437957507,0.7170427558245991,0.9768404825130433,1.9935361522583361,-0.08026537080570985,-0.5695138390957607,-0.06168185319874253,-0.6171311084797415,-0.060666214375019914,0.07148287845570628,0.1251836767594355,0.10394331991980352,0.037156854692642335,-0.02757416901496541,0.22978385866118892,-0.13128808301089764,0.0860655905746039,0.16889026214863428,0.07062921730509394,-0.007210605887835254,0.0487562729665983,0.019815862958948167,1.141332226971979e-18,-5.804900953236635e-16,4.337676694208395e-17,2.2906279539163646e-17,-4.98040418219101e-16,-1.6418897074653776e-17,1.7306702604807863e-17,3.3989292008367095e-17,-5.3153400499444346e-17,1.2359265661479578e-16,2.754380650685113e-16,2.3483548161385816e-16,-9.651382085962761e-17,-1.806498217800463e-17,6.928500953741395e-17,2.2452208089285577e-16,-7.882310084791106e-17,3.77295479205487e-17,-6.29489707688408e-17,-1.1432470426341007e-16,1.691919888323143e-16,2.216123384511044e-16,3.7381735924273026e-17,1.5534234353123827e-16,-1.0788517976204627e-17,1.6847138520676533e-16,-6.696619182467855e-17,-9.400202631348588e-17,1.8088043902639774e-17,-2.6988377116049658e-17,2.3534412279291967e-16,-1.922417509162114e-16,-9.781177720136537e-17,-3.4154281663209124e-17,-1.6175287271540793e-16,3.464960268658886e-16,1.7663728739445462e-16,-4.674792111003336e-17,-2.5630096837522137e-16,1.8381864254076586e-16,3.796828417526168e-17,5.5242160751068075e-17,-2.1162740517208986e-16,-2.784392769807359e-17,1.9535771507940302e-16,1.5190029539070852e-16,-8.343851512179691e-17,-1.2450682594496044e-16,-1.1170939590601053e-16,1.6079890895124512e-16,-7.217670838476036e-17,-2.2991161544668576e-18,-3.163722785884215e-18,6.284167380307543e-17,-1.0443188212913098e-16,5.69541613855979e-17,2.1975834348498144e-17,8.769023193285575e-17,-2.0778720644321719e-16,-1.886657724747769e-16,-2.907816556545881e-17,1.163306580025933e-16,2.650781544306076e-16,3.165808306227846e-16,6.61068469320583e-17,-1.5159830850688648e-16,1.090364537334572e-16,2.0271806164352134e-16,-4.912597287817119e-17,-1.959529594512277e-16,2.734156984877941e-16,1.3865857261761345e-17,1.8315139085383516e-16,-4.724700181288504e-17,-5.1811560213204975e-17,1.9372285114961932e-16,-4.46302055946142e-17,-2.525954739816058e-17,-2.6565150802750728e-17,3.0064865285401353e-17,1.4656284291730443e-16,3.947077184158702e-16,-1.878600255800262e-16,2.130084282531016e-16,6.861909637945682e-17,1.5715169580681717e-16,1.611917703413235e-16,-2.983777090749172e-17,5.194605247045038e-17,1.5653981927786192e-16,-9.783766623025477e-17,7.944453085437923e-17,-1.838205798388688e-16,-4.8380792850465807e-17,5.697922940820594e-17,1.2729886473642698e-16,5.997727420990506e-17,-1.258355761469364e-16
COC1=CC=CC(OC)=C1C2=C(P(C3CCCCC3)C4CCCCC4)C=CC=C2.O=P([O-])([O-])[O-].[K+].[K+].[K+].O=CN(C)C>>,COC1=CC=CC(OC)=C1C2=C(P(C3CCCCC3)C4CCCCC4)C=CC=C2||O=P([O-])([O-])[O-].[K+].[K+].[K+]||O=CN(C)C,C_fd466c3f2553,COC1=CC=CC(OC)=C1C2=C(P(C3CCCCC3)C4CCCCC4)C=CC=C2||O=P([O-])([O-])[O-].[K+].[K+].[K+]||O=CN(C)C,COC1=CC=CC(OC)=C1C2=C(P(C3CCCCC3)C4CCCCC4)C=CC=C2,O=P([O-])([O-])[O-].[K+].[K+].[K+],O=CN(C)C,4.059979691350771,-0.43139626365657935,0.6902597505694166,1.9653256553316754,-0.7726837785006048,-1.5083302727707117,2.7448180329408842,0.6901180875431017,0.3135592320996586,0.41922559511478225,0.7086113535870168,1.9498556555695585,-0.23480629820726742,-0.49953220587699226,0.07158590194619008,-0.6401183024088728,-0.21204947543856073,0.07307527672175676,0.0947084925774825,-0.3276826282216316,0.06020435078377091,0.037681759912124475,0.19372170210252898,-0.015764032909340944,0.3796383269935094,0.12998168302651317,-0.04546683127620963,0.15927082142924096,0.026065333412611868,0.08743119534578195,-1.6761558367705186e-15,3.150706010348912e-16,-3.3440021905529265e-16,-8.5079372105925e-16,3.4756442209843993e-16,4.592320071553024e-16,-7.27382371127523e-16,1.4166044683038206e-16,-7.747810365769222e-17,2.92147527952802e-16,-3.0217957464551523e-17,1.8758330181622437e-16,2.73473447225614e-16,2.7367502029070175e-16,-3.2359130770338886e-16,-3.9630736258536856e-16,-2.3340140505422023e-16,-5.960848914136077e-16,5.888357597935067e-16,8.170281554184332e-17,-1.4175086191969294e-16,2.7579781934398624e-16,6.430994230257544e-17,-1.352796331602902e-16,8.171744144397775e-17,1.9098646701565365e-16,2.1553138548778516e-16,1.0483349080826857e-17,-8.859835544931991e-17,3.9177687643420035e-16,-4.506423051038281e-16,8.306612725524007e-17,-1.4462809180475997e-16,-6.384998247405316e-17,-2.2526194750565976e-16,-1.5265268021529513e-17,-2.311937121909798e-17,-6.715338001829568e-17,1.0210011812805706e-16,9.859469719989188e-17,6.304768744853314e-17,-1.6555217439766237e-16,1.9732877575661766e-16,-1.0010995725950487e-16,2.163550195038063e-16,-4.5760195960820705e-17,-4.648345709268906e-17,1.7216351682287158e-16,1.5068094666344946e-16,1.2782065553575045e-16,1.0144093970810993e-16,1.7307809265414763e-16,-2.2707355873160324e-17,8.409707396516444e-17,-9.141342778338236e-17,-8.136069480862226e-17,2.446521709809954e-18,2.92751348408845e-17,1.9998456577975182e-16,6.06068477658503e-17,8.432249763858519e-17,-1.9583765195536777e-16,-2.504619515791291e-16,-9.814997819633761e-17,1.928908195501588e-16,-3.730631241716541e-16,1.9187698113525303e-16,2.2214672506538213e-17,1.0427725390190262e-16,-1.2238277616512256e-16,-1.2029590604867966e-16,-3.184964891447743e-16,7.606472583642387e-17,-1.1731819335077863e-16,-2.4181509122162423e-16,1.7178766126151017e-16,-1.4528490457205592e-16,1.5599408450934222e-16,-1.8148816510970114e-16,4.1803629582241606e-18,2.2588139003948656e-16,6.872054196574676e-19,1.753839548226817e-17,1.7536724241807794e-16,-1.464429184041065e-16,5.1402887310281854e-17,3.90569617416787e-16,-1.9957306630085212e-16,7.095990863464724e-17,1.5102909078845464e-16,1.5744937047523102e-16,3.315015729055575e-17,1.9839860738450483e-16,-2.883127427786234e-16,-1.8609586081518008e-16,-8.812235214871091e-17,-1.5602816790656935e-16,-2.4431228022959107e-16
CC(C)(P(C(C)(C)C)[c-]1cccc1)C.CC(C)(P(C(C)(C)C)[c-]2cccc2)C.[Fe+2].O=P([O-])([O-])[O-].[K+].[K+].[K+].O=CN(C)C>>,CC(C)(P(C(C)(C)C)[c-]1cccc1)C.CC(C)(P(C(C)(C)C)[c-]2cccc2)C.[Fe+2]||O=P([O-])([O-])[O-].[K+].[K+].[K+]||O=CN(C)C,C_2acc0f77e717,CC(C)(P(C(C)(C)C)[c-]1cccc1)C.CC(C)(P(C(C)(C)C)[c-]2cccc2)C.[Fe+2]||O=P([O-])([O-])[O-].[K+].[K+].[K+]||O=CN(C)C,CC(C)(P(C(C)(C)C)[c-]1cccc1)C.CC(C)(P(C(C)(C)C)[c-]2cccc2)C.[Fe+2],O=P([O-])([O-])[O-].[K+].[K+].[K+],O=CN(C)C,-2.0522080671056386,-0.2997444205735206,2.932246266677433,1.1033086648392925,-1.7348369278536684,-1.0378213948218573,-0.1497790218175879,-0.8926386120231087,0.817925836282223,0.437957249026615,-0.7024914516963703,2.7556991653039424,-0.05389126718310026,-0.5586059677825738,-0.4399574693826703,-0.5592273771703202,0.2710325694385008,0.07034310511255479,0.12703079471205983,0.07912647460239908,-0.0019808312494646965,-0.0864755324510354,0.04120622823956961,-0.22898470564260595,0.0991378915544753,0.14887319287311307,0.08925290555964119,-0.02110298357772666,0.0474794493721655,0.013593394967035488,1.4126415100643379e-15,6.034663547862732e-16,1.9244660519945734e-16,3.76868385102148e-16,4.3164908826663035e-16,1.675101022888492e-16,7.165591448503321e-17,8.040491240158027e-17,-3.5558562410064184e-16,-4.305812513563616e-16,-7.034392945057657e-17,-1.9171728849939428e-17,3.9719208402240597e-16,2.494372484538435e-16,5.725086142549595e-17,3.3102680670505866e-16,2.277236165145231e-17,-1.4976237046378817e-16,6.521174942244281e-17,3.939238057203234e-16,-1.2607411180350203e-16,3.2773368603327967e-16,7.650590329643514e-17,-3.2332685889252295e-16,1.6089131793159531e-16,-3.6147170076437544e-17,-1.2954719763026101e-17,7.061649318949958e-17,5.780814065870509e-17,-1.0371224550789005e-16,2.699336033560575e-17,2.7255804872305995e-16,1.8047904447079636e-16,3.564839859624602e-16,-5.029352709975253e-17,-1.18059076218522e-16,1.1470649751158332e-16,1.853761956150951e-16,4.274410632107254e-16,-2.2778770181158995e-16,-3.0867081341859534e-16,1.1526399504943221e-16,-1.3234311336030035e-16,-1.9949813405840066e-16,9.113340921556566e-17,1.876525430165129e-16,2.9267715501600816e-17,-1.1609344529891192e-16,-1.8330785779303733e-17,2.6748703903497442e-17,-2.278348623794506e-16,-1.9373976031610802e-16,2.4964085210518147e-16,1.5363262556070534e-16,1.8801175319942523e-17,-1.3972037170104817e-16,2.353341248145297e-17,-2.997462250056669e-16,1.7434559542541933e-17,-1.2901288010031089e-16,1.0448229475838796e-16,6.140196005676527e-17,-6.840832936214163e-17,1.4067317322970358e-16,-3.640129974003653e-16,3.575995554854994e-17,6.236809281843669e-17,2.2209739568103784e-16,-8.302065659226092e-17,2.1948064789270823e-18,-2.5873164414284362e-16,1.8812370136086034e-16,1.7788650391362844e-16,2.406778533052186e-16,9.38798341425918e-17,-2.165869812966474e-17,1.9811453856575431e-16,1.9439248917040607e-16,1.1844749797389196e-16,-2.1638284125897155e-17,-1.628109329983378e-17,-2.4927689689019577e-16,-1.7231500741433934e-17,-3.093600203933382e-16,2.74466669409194e-16,2.0744194213920245e-16,6.930468578476846e-17,-1.351094954024172e-16,2.614960069471164e-17,-1.5296136819480485e-16,-8.439827534344257e-17,-2.2946524196279773e-16,2.959519494179029e-16,1.2180611442417905e-16,1.4243353817208749e-16,-1.32717579363545e-16,-1.3281863341456925e-16,2.0276888013463535e-16
CC(C1=C(C2=CC=CC=C2P(C3CCCCC3)C4CCCCC4)C(C(C)C)=CC(C(C)C)=C1)C.O=P([O-])([O-])[O-].[K+].[K+].[K+].O=CN(C)C>>,CC(C1=C(C2=CC=CC=C2P(C3CCCCC3)C4CCCCC4)C(C(C)C)=CC(C(C)C)=C1)C||O=P([O-])([O-])[O-].[K+].[K+].[K+]||O=CN(C)C,C_354e5eab0e1f,CC(C1=C(C2=CC=CC=C2P(C3CCCCC3)C4CCCCC4)C(C(C)C)=CC(C(C)C)=C1)C||O=P([O-])([O-])[O-].[K+].[K+].[K+]||O=CN(C)C,CC(C1=C(C2=CC=CC=C2P(C3CCCCC3)C4CCCCC4)C(C(C)C)=CC(C(C)C)=C1)C,O=P([O-])([O-])[O-].[K+].[K+].[K+],O=CN(C)C,4.438626767658238,-0.5684307998880268,0.666933727937949,2.0934834263427367,-0.6858073945823411,-0.6579729590281416,-2.7482311704820286,-0.8265746110850463,-0.010585677977971983,0.7902427073888926,0.7967859235226137,1.8398905019450889,0.0326550177847982,-0.5325629033042961,0.22633647258466508,-0.682412701506123,-0.1779012885505903,0.06772313344335142,0.0926697646034679,0.08232636155910156,0.05618328959313646,-0.045342010664227224,0.15460522323032708,0.04577600526033681,0.24212228585509707,0.1940617208489224,0.09641231218666835,-0.0017284151590835801,0.031867608351098524,0.0189438686658223,-5.7980443041132e-16,-1.7132171979814092e-16,-4.440044983605964e-17,-4.490417286967223e-16,-8.150276168955357e-17,2.1188751851022714e-16,6.349392966296882e-17,2.3727887741188215e-16,-5.1412675724219885e-17,6.77818709667208e-16,-1.4651227493424534e-16,5.512748990820053e-16,3.369663043789429e-16,-1.379201063444593e-16,-4.376039037450047e-16,-2.398451045459807e-16,-7.542427597161001e-17,-2.947059062118333e-16,3.352058212541371e-16,6.24498380064634e-16,5.430276582203312e-16,-1.6340749098369598e-16,1.3876465380734342e-16,-1.8149391420734603e-17,2.8216186235674423e-16,1.8670459145923822e-17,2.5074171487954996e-16,3.974672385235211e-16,2.1606477616066375e-16,-3.146396453474456e-16,3.7134329297642617e-16,1.0707184842723344e-16,-2.281097765517781e-16,-3.239620443017415e-16,7.592285676950096e-17,-2.374409276476848e-16,-6.41286924365801e-17,-1.0572766335278332e-16,-1.1903545917110395e-17,1.4696338149623473e-16,2.0755366828365075e-16,1.1197997664785613e-16,1.7461996108267617e-16,5.405285073920339e-17,-1.6772473555414217e-16,-8.293160829637528e-17,6.94670316081633e-19,2.960768561505651e-16,-6.419619894453078e-17,1.4678752290009873e-16,-5.904566271090391e-17,3.9394585225143174e-17,-1.1622133686048562e-17,7.337096387734968e-18,-1.0936063419056325e-16,-1.584468174968452e-17,9.541569977794034e-17,7.709501669214852e-18,1.5390365342575118e-16,-1.0399521719917647e-17,1.903723738817165e-16,1.962211547685944e-16,-1.274679478302118e-16,-3.1589623876391984e-17,2.2468184381974526e-16,4.830816318641954e-17,-1.1346027186961159e-16,-7.328029242161943e-17,3.187285951951403e-16,3.738934106729053e-17,9.983901685323654e-17,-9.312810377988567e-18,4.1608379025346724e-17,-4.6083355003567255e-17,-5.4253126377147884e-17,2.1010540226065614e-16,-3.1530010518591588e-16,-3.8281108560377727e-17,1.359010547060527e-16,-1.112983795489231e-16,-1.4568002725155396e-16,2.809894935140952e-16,-5.560260232127196e-17,2.550095026484968e-16,4.140375154394509e-17,-1.4420841943384862e-16,9.694841655488044e-18,-1.58782263145381e-16,-1.6992285334913854e-16,7.644207260463773e-17,-7.720052798349189e-17,2.367618094214914e-16,-5.764520076635414e-17,6.405221212115917e-17,8.69254074623305e-17,-8.333063278113618e-17,3.082700772977499e-16,1.0411059111428308e-16
[c-]1(P(C2=CC=CC=C2)C3=CC=CC=C3)cccc1.[c-]4(P(C5=CC=CC=C5)C6=CC=CC=C6)cccc4.[Fe+2].O=P([O-])([O-])[O-].[K+].[K+].[K+].O=CN(C)C>>,[c-]1(P(C2=CC=CC=C2)C3=CC=CC=C3)cccc1.[c-]4(P(C5=CC=CC=C5)C6=CC=CC=C6)cccc4.[Fe+2]||O=P([O-])([O-])[O-].[K+].[K+].[K+]||O=CN(C)C,C_9aa3970c92dd,[c-]1(P(C2=CC=CC=C2)C3=CC=CC=C3)cccc1.[c-]4(P(C5=CC=CC=C5)C6=CC=CC=C6)cccc4.[Fe+2]||O=P([O-])([O-])[O-].[K+].[K+].[K+]||O=CN(C)C,[c-]1(P(C2=CC=CC=C2)C3=CC=CC=C3)cccc1.[c-]4(P(C5=CC=CC=C5)C6=CC=CC=C6)cccc4.[Fe+2],O=P([O-])([O-])[O-].[K+].[K+].[K+],O=CN(C)C,-1.2000126793094028,0.9297546557126068,2.7631065956129324,0.924107948626268,-2.151989618487511,-1.2826675751610324,-0.1339267682145717,0.3257469374491909,-0.6908158095586182,0.8696301413646886,2.7293337098362334,0.9320476302253065,-0.141013491469681,-0.5740764984868626,0.28703861168385986,-0.6109013644507947,-0.5695254000971638,0.08217940941504066,0.1259435547476012,-0.27842370304069164,0.032545295426992735,0.09574089450014558,-0.0010055444987995246,-0.20959421676842632,0.10938683430087866,0.07586422309930516,0.06320192511057598,-0.013310657279068156,0.06515353863728854,0.03196516744015035,1.9904860010879058e-16,-4.779553677276551e-17,5.681176880980909e-18,1.2145383068279686e-16,2.868379411043353e-17,-2.353617665587592e-16,2.4933812836130616e-18,5.006694970439601e-17,2.1003269544800396e-16,-2.3764950829599903e-16,4.561124378122625e-16,-1.2247568715988913e-17,5.966914543768616e-16,2.0810442079801316e-16,3.1000436281066044e-16,6.216474897167836e-17,3.030567960674083e-16,-8.583872317720176e-17,2.539489051382258e-17,5.055893633011988e-16,-3.6043685843247586e-16,-3.540217911450684e-16,-1.0807389721108734e-16,-4.539755911741257e-16,5.0471172855380977e-17,9.691737468203292e-17,-3.961597021450813e-16,-1.7709050968790603e-16,-6.172571331437057e-17,-2.306577923974631e-16,3.841400102972646e-17,2.0453800760857924e-16,6.420936201170043e-17,1.2708992201197192e-16,-2.8551852033833517e-16,3.927777628994439e-17,1.7473843933550772e-16,3.171768078003174e-17,-1.0863902569290061e-16,4.341099062167071e-17,5.957591001506053e-17,-1.0401930208603717e-16,2.2618415320904943e-16,-4.621934136848912e-17,1.424562152037278e-16,7.893456355708106e-17,1.1044736158401758e-16,-6.153596506629778e-17,-1.573484088918517e-16,1.333492404103748e-16,1.1630265415521736e-16,2.497491762668334e-18,4.1431058379308205e-17,-2.247212205073894e-16,-1.0981531394041512e-16,6.203349298171389e-17,5.849798862400222e-17,-1.494663624026568e-16,1.8485194216462674e-16,1.784899673761697e-16,6.872023946715449e-17,2.949068210384518e-16,-2.0906002865192798e-16,-9.497234034909816e-17,-3.755331025627582e-17,-1.0232913286860821e-16,7.902341351023845e-18,2.439327033623533e-16,4.0527957830872297e-16,1.7139651968475032e-16,-1.1794844966712417e-16,-3.5861933779794404e-19,-2.5749482781548943e-16,-1.482783470092813e-16,4.524111640433178e-17,-8.71990254770129e-17,1.1107684602574846e-16,-2.364178081086557e-17,-6.075265070357754e-17,1.0025579383870877e-16,1.974384851166012e-16,9.294203224204515e-17,-4.26750745100054e-18,6.990684259353596e-17,2.92673322997939e-18,-3.1219755757113876e-16,3.5054069334779635e-17,-5.519056040350148e-17,1.7931244346239828e-16,-1.1788242754226939e-17,3.7204680663553735e-17,-7.094157297445478e-17,-1.677422273016656e-17,-2.798678865493618e-16,-8.06809408279605e-17,-8.744473009991073e-17,7.155602482735711e-17,-1.976668316628677e-16
CC1(C)C2=C(OC3=C1C=CC=C3P(C4=CC=CC=C4)C5=CC=CC=C5)C(P(C6=CC=CC=C6)C7=CC=CC=C7)=CC=C2.O=P([O-])([O-])[O-].[K+].[K+].[K+].O=CN(C)C>>,CC1(C)C2=C(OC3=C1C=CC=C3P(C4=CC=CC=C4)C5=CC=CC=C5)C(P(C6=CC=CC=C6)C7=CC=CC=C7)=CC=C2||O=P([O-])([O-])[O-].[K+].[K+].[K+]||O=CN(C)C,C_053b3a9c5902,CC1(C)C2=C(OC3=C1C=CC=C3P(C4=CC=CC=C4)C5=CC=CC=C5)C(P(C6=CC=CC=C6)C7=CC=CC=C7)=CC=C2||O=P([O-])([O-])[O-].[K+].[K+].[K+]||O=CN(C)C,CC1(C)C2=C(OC3=C1C=CC=C3P(C4=CC=CC=C4)C5=CC=CC=C5)C(P(C6=CC=CC=C6)C7=CC=CC=C7)=CC=C2,O=P([O-])([O-])[O-].[K+].[K+].[K+],O=CN(C)C,-0.46274875845526836,3.7045122919468807,-2.062588178236661,1.9996108523227072,-1.202318404719933,-1.0472764443839035,0.21284656836518112,-1.8174326891704715,0.7306320898239884,0.5825908705664539,0.9478217418902871,1.880663152171801,-0.145554659160261,-0.6171218811566802,-0.1618914270462491,-0.4728661253311704,-0.5709524550605155,0.06918474203798484,0.0995602152054466,-0.010488741392791968,-0.00596708193667612,-0.22308749083138138,0.0398726988125908,-0.09685661834306693,0.3163614195707845,0.14804188251239714,0.12330605036544871,-0.010793172708453968,0.026396510207310164,0.03046405490318427,-2.858194194305243e-16,-6.120210162792467e-16,-2.6889375070789635e-16,2.5308446565544776e-16,1.5664945263288484e-16,4.922983019834286e-16,2.0511496604894022e-16,4.3488699532094327e-17,-1.846205650266046e-16,-2.154072013500318e-16,-1.3184686030992408e-16,-7.40381358376361e-17,-1.4351606755496953e-16,-4.362518726022641e-16,1.2565794300314722e-16,3.6330457801911674e-16,-4.0457258626438784e-17,1.435639726461455e-16,-3.1820530587512487e-16,-3.9091534783853916e-17,2.0463940322214942e-16,6.825574203637442e-17,-1.2327876199522864e-16,3.3360368832393387e-16,2.049511243979025e-17,1.0888233331586705e-16,1.2578475700219953e-16,-4.264921292734875e-18,-1.7608075391039352e-17,1.434950108691441e-16,1.0372505368065203e-16,-2.6136599471753305e-18,-2.851370422480627e-17,-1.3743658131890357e-16,4.663579387763917e-16,-9.50129980129361e-17,1.0757298806132961e-16,-5.3297995576298034e-17,1.7356047800020583e-18,1.132810427644995e-16,-3.53747121374866e-17,-3.8875868433968587e-16,2.8627375139625287e-16,1.8680120547861786e-16,-7.253792526581291e-17,3.05224667051367e-16,2.0791074822496832e-16,1.7908115449256087e-16,8.466569850796983e-17,-1.3111570272271896e-17,-2.0150807228879373e-16,-1.5174353716342708e-16,2.2439605917160517e-17,-1.4891363768352043e-16,-3.1351019928166784e-17,-4.78118449703266e-17,-5.081475077556142e-17,-8.093070128814523e-17,5.0778084149013916e-17,7.361811219006516e-17,8.011461925704491e-17,7.907621858701885e-17,3.6194420694167936e-17,-1.333148131396498e-16,-1.3874972986364062e-16,2.135389081267036e-16,4.7530902677950297e-17,-1.3644539695061588e-18,2.383712871712114e-16,1.127513448754188e-16,4.3097049963171346e-17,3.410024316561198e-16,-1.3840339943807219e-16,-1.4141723108898076e-16,1.209690669590592e-16,-1.0240476388511988e-16,-5.408824728796025e-18,-6.697289320145761e-17,3.1466802065431506e-16,1.383194160259862e-16,1.4275235576789259e-16,7.670329436695626e-17,1.4738467049252308e-16,1.3228604290750412e-16,-1.8358333760404805e-16,7.011440959807752e-17,1.5408428307080967e-16,1.3022543775629542e-16,9.936622423277511e-17,-7.692767592786588e-17,-1.3259062548896645e-16,-5.67096495816418e-18,9.709852918106626e-17,1.0367795590103126e-16,4.155980854599446e-17,1.1288128053622784e-16,2.5431527993513125e-16,2.433537898944298e-16
CC(P(C(C)(C)C)C(C)(C)C)(C)C.[K+].[OH-].O=CN(C)C>>,CC(P(C(C)(C)C)C(C)(C)C)(C)C||[K+].[OH-]||O=CN(C)C,C_ca1d0a101926,CC(P(C(C)(C)C)C(C)(C)C)(C)C||[K+].[OH-]||O=CN(C)C,CC(P(C(C)(C)C)C(C)(C)C)(C)C,[K+].[OH-],O=CN(C)C,-1.4994988185887215,-0.9266994156587733,0.1915391558425127,2.145497637636217,-0.4479024382204219,-0.9056977770756086,-0.30312586127419383,0.1740563886658193,1.6122455644397358,-0.4213449528099786,-0.2103768119801825,0.1797140024477542,0.19510320328129288,1.3937822233828454,1.5747256711044217,-0.4288351560024185,-1.0114098167325054,-0.5751830397195935,-0.6237307758154742,0.14660768801617147,0.059183834896997384,0.036276084730807824,-0.03449506595193787,-0.19272681113995718,-0.006545321611028583,0.1744599368867874,0.058125857205422335,-0.042468154325498185,-0.004660585184746322,-0.007054362268753224,-8.01990874768725e-16,-2.8904060355870286e-16,-6.104728414744769e-19,-1.651864961650644e-16,-4.746135453855635e-16,5.527749464899921e-16,8.489909629847396e-17,-2.549734653310067e-16,1.4761126443978056e-16,3.803496886019474e-18,3.981315476990137e-17,9.215119122250748e-17,9.313191305320245e-17,1.3232970115976208e-16,-2.285175283247845e-16,1.7801635185043162e-16,-1.7372631870923977e-16,-2.7790403030080396e-16,1.370891165726764e-16,-1.137225609191159e-16,6.054615879783651e-17,2.319069998632089e-16,1.1580865657244246e-16,1.5235227511837697e-16,-3.8322954464316597e-16,-1.732334908463975e-17,3.1850507911808775e-16,8.647158983550818e-17,2.2850808469114684e-16,2.9687168078943404e-16,4.792994873932881e-17,-2.236931971746646e-16,8.413272973141327e-17,2.396126322862051e-16,-1.234213327870996e-16,-3.2482901676697785e-16,-1.1870904539470506e-16,-1.2478324964846318e-16,4.976896918138996e-17,1.1322145421132e-16,3.421709830899388e-16,1.179365948357876e-16,5.439840117125252e-17,1.85562925863406e-16,2.7701275233407246e-16,1.2822610303784823e-16,-6.912821103757546e-17,-1.404465456593071e-17,9.354518918960991e-17,-8.241753439741888e-17,-1.7663716913286996e-16,-2.2394908756108597e-16,1.5662763399085301e-16,1.0878449729868682e-16,2.5441610405517385e-18,-1.5926115801197182e-16,4.498865354556264e-18,1.4231356271347465e-17,-1.9392612359006721e-16,9.310704307756699e-17,5.858412723900702e-17,-1.2836753678110475e-16,2.1358914006241324e-16,2.312445137860814e-17,-1.6416727345815057e-17,1.3177090327957057e-16,1.2052679787740767e-16,8.076471087361704e-17,-1.236087131933732e-16,-6.94408288495157e-17,-1.067299115488878e-16,9.624116702636442e-17,1.853870727910097e-17,6.965770832529844e-17,6.343482033877524e-17,-2.4918101881391105e-16,-7.510708264746283e-17,1.0213006218509647e-16,1.7901848291061847e-16,3.2521075432274785e-16,-7.823081172226273e-17,1.9060818725535388e-16,-7.480365491687268e-17,4.521981714313987e-17,2.511965894605933e-17,1.8036013596347898e-16,2.1705484933753972e-16,-5.274850098715568e-17,-2.6318589043055697e-17,-5.3112998045579485e-17,-6.816015960619863e-18,-5.5464240593011573e-17,1.5517219031677394e-16,-1.1460714564706907e-16,-1.0615891945981605e-16,9.459636797357504e-17,1.7093943953140745e-16,5.790266154465152e-18
P(C1=CC=CC=C1)(C2=CC=CC=C2)C3=CC=CC=C3.[K+].[OH-].O=CN(C)C>>,P(C1=CC=CC=C1)(C2=CC=CC=C2)C3=CC=CC=C3||[K+].[OH-]||O=CN(C)C,C_e813c3ade80b,P(C1=CC=CC=C1)(C2=CC=CC=C2)C3=CC=CC=C3||[K+].[OH-]||O=CN(C)C,P(C1=CC=CC=C1)(C2=CC=CC=C2)C3=CC=CC=C3,[K+].[OH-],O=CN(C)C,-0.39707618799403244,1.4820083440577625,-0.11683360150984119,1.958348869313837,-0.7650282453520274,-1.101034459834777,-0.19311798592949356,0.6673957874416687,0.02152029623557535,-0.20720076373847637,0.6503449782731058,0.3272761386817299,0.3404484339370656,1.443308291434397,0.5932011310300381,-0.3458327581716921,1.8128883000541998,-0.6072511520846962,-0.6402076773514208,-0.1802537493480172,0.09120754070239633,0.20821336537146068,-0.09015853777095495,-0.16798083393290358,0.009932346748083484,0.10330553311819593,0.03203213352772386,-0.035040410831369516,0.010173652964404077,0.011266904479065499,5.078054306101391e-17,-4.758882832432164e-16,-1.7794640875769812e-16,4.3398452360308795e-16,-2.2974065508841296e-16,1.2770277678855012e-16,1.696758418231749e-17,1.6836697417993185e-16,1.940305389684517e-17,3.3845359949568056e-17,-5.85698057565121e-17,3.993239920202224e-16,1.5412573677224446e-16,2.528684180775342e-16,1.07276050433351e-16,1.2276021790541515e-16,-7.971505430801806e-17,-2.551986352768253e-16,1.2253786067612157e-16,1.6083407831527887e-16,-2.1993463373370612e-17,-2.830860649891532e-16,1.3020705996869416e-16,-7.781187264010342e-17,-2.0505580079391338e-16,-2.5647119093754964e-16,2.7827640678941563e-17,-4.510079822660043e-17,1.6767134180889944e-17,-1.4854463433110154e-16,-2.8268059340897487e-16,6.286265287247234e-17,-1.248337219718087e-16,-1.1781332203801308e-16,2.7516557948903778e-17,-6.730902801386075e-17,1.156620770258634e-16,-1.9318926434851005e-16,1.115450475009343e-16,-2.997229425600571e-17,-1.9883917919028772e-16,1.7228018909917696e-16,2.375199035753433e-16,-3.7909064277840424e-16,-6.326056971841955e-17,-5.2608409969964697e-17,6.145582034632958e-17,-1.8172704335070892e-16,1.8828352967590175e-16,3.90965700652106e-17,-1.2556279144691842e-16,-1.714213022049337e-16,2.286287067682604e-16,7.644774010888386e-17,6.627629539399423e-18,-2.8106139992007865e-16,-1.336660428390231e-17,-6.91804675553e-17,1.844965906934489e-17,-4.4454613514710243e-17,-8.778571738519818e-17,-6.972278059025486e-17,2.052353543169714e-16,-1.3583167215465664e-16,1.2781358030578795e-16,-1.5343485420137477e-16,-1.0233972741607516e-16,5.937520796532723e-18,-5.70658357810297e-17,-8.122163405609656e-17,1.7694702572366748e-17,-1.6508417798398968e-16,2.0657024125033152e-16,1.1563248857166598e-16,-4.185008664585571e-17,7.918050786533319e-17,4.298592010923073e-17,-1.1560141590232409e-16,9.33135928279222e-17,-6.183804730450187e-17,1.9366221865957726e-16,1.6092304140811103e-16,1.3215697967000986e-17,-2.0413960087877897e-16,-1.730920577850565e-16,-1.2789537043987765e-16,-1.0633800287580857e-16,4.5096852763787434e-17,-1.3183231645356303e-16,-1.796057204897261e-16,-5.650402129207511e-17,1.340847350662266e-16,1.9021230409263034e-16,-2.3548962332265864e-16,-8.136248216565655e-17,4.1460589027362044e-17,-8.262054159193353e-17,-8.380865076668771e-17
CC(C)(C)P(C(C)(C)C)C1=CC=C(N(C)C)C=C1.[K+].[OH-].O=CN(C)C>>,CC(C)(C)P(C(C)(C)C)C1=CC=C(N(C)C)C=C1||[K+].[OH-]||O=CN(C)C,C_1d6161f19c46,CC(C)(C)P(C(C)(C)C)C1=CC=C(N(C)C)C=C1||[K+].[OH-]||O=CN(C)C,CC(C)(C)P(C(C)(C)C)C1=CC=C(N(C)C)C=C1,[K+].[OH-],O=CN(C)C,-1.5458212249231986,0.03711655831520444,1.2607811602855539,3.2431666413157334,3.090227870505773,-0.9902203754855833,0.010712509940531178,-0.38376977003511303,-0.6554759476410453,-0.07444580341344186,0.5606026592634276,0.602887614885181,0.32685659328374655,0.8337825965784647,-0.2316720852538275,0.5460409131836667,-0.17285644908208914,-0.6265193071069209,-0.5319906854290964,0.028146720385135025,0.06761254954291991,-0.308526854201901,-0.14826702382686233,0.107637804922516,-0.3807875774673193,0.28050033388424966,-0.12631488462429605,-0.11075975174810469,0.04811467333840948,0.24120772051073994,5.977425529467116e-16,1.9448821618097478e-16,4.221661587995227e-16,3.752816361456149e-16,-3.048888256082602e-16,-6.426686625327378e-16,2.2592171221455085e-16,1.8890558254857904e-16,-1.0898756551606118e-16,-1.477385578850602e-16,-2.1214441337275266e-16,5.3005774839207394e-17,-1.0188186102876716e-16,-1.0411383086883816e-19,3.014627547986889e-17,2.828292141117262e-16,-8.687544976922622e-17,6.033973710067625e-17,1.7446104539137787e-16,1.4279500524825636e-16,-1.1438934395662487e-16,-3.346028664663889e-17,4.8001960926176834e-17,-2.276424840176156e-17,-2.9999025854083064e-16,-2.339936398560024e-17,-4.6929636508527496e-17,9.277852688324146e-17,8.678032049473841e-17,5.276894923028657e-17,-1.1748927416318702e-16,-6.101232668529481e-17,-1.6514393760980851e-16,-1.0037141223290478e-16,1.4181634770226973e-16,-2.364039079361405e-16,-4.101685537688981e-17,-4.5154219884595904e-18,-1.884072790688761e-16,-5.41232773234925e-17,-4.541341773158337e-17,6.340616041449951e-17,-1.3133667708741131e-16,-8.301742065461146e-17,-2.0788953777803045e-16,-7.515003444508079e-17,4.2838320615586705e-17,-4.532041626627476e-17,1.7646652266709114e-16,-1.1960343039682526e-17,-7.48224933290654e-17,-4.6508183419393655e-17,9.458806217635447e-18,-3.9824690099691883e-17,1.571928324468386e-16,-6.354634906520356e-17,5.756258667890577e-18,1.7545248747312562e-16,1.3098774144341356e-18,9.613717298822734e-17,5.801727692932088e-17,-1.4551156188251593e-16,1.3503646137137118e-18,7.347369745291246e-17,3.215229524487931e-16,-8.603819179534288e-17,1.3572010742407773e-17,-8.524318534261428e-17,2.0590839081659703e-16,-1.0222785075133515e-16,-3.865251166330459e-18,5.3027101084479066e-17,2.1622798240359383e-16,1.293166176123692e-16,-2.84746132714108e-17,-6.87404737852246e-17,-2.0405532174471892e-16,3.0090139880461675e-16,1.9867157357926703e-17,-2.370278835337763e-16,-7.389459380781911e-17,3.5664067700491585e-17,-4.396224734708226e-17,-8.402967280299968e-17,2.1370878829979313e-16,1.0859227719249487e-17,1.809787888662689e-16,-3.0585890958335025e-16,-7.176287556822277e-17,2.557117503817845e-16,4.4343283700321377e-17,-1.8262849085763e-16,1.9029016231243839e-16,-2.0972370570226898e-17,1.1655028304782232e-16,-4.263355413147124e-17,-3.522851266632364e-17,-1.621323880673313e-16
P(C1CCCCC1)(C2CCCCC2)C3CCCCC3.[K+].[OH-].O=CN(C)C>>,P(C1CCCCC1)(C2CCCCC2)C3CCCCC3||[K+].[OH-]||O=CN(C)C,C_ea4667565b11,P(C1CCCCC1)(C2CCCCC2)C3CCCCC3||[K+].[OH-]||O=CN(C)C,P(C1CCCCC1)(C2CCCCC2)C3CCCCC3,[K+].[OH-],O=CN(C)C,-0.10527558467291677,-1.4489787918869477,-0.11298675175034575,1.9345948007290463,-0.8425776326721676,-1.1924262933466012,-0.47967951787854185,0.5615361968305967,2.5403168640470573,-0.17209685410888,1.3621623151316058,-0.09056176003428755,-0.03321053373661389,0.6254762884055989,-1.2472977607093183,0.7973652470413275,0.1915244824652659,-0.6086422947973099,-0.634148993670043,-0.16601243500692817,0.12390181761710767,0.2558899075079293,0.08433722889410267,-0.0811953878815285,0.004425557773457015,0.12934117119751004,0.030635506331684766,0.0036858532437653788,0.12702314182366983,0.010558664004484214,4.918755358678294e-16,1.5871344442676514e-16,-2.325125452211108e-16,-2.6238939505631473e-16,-2.9988104525665315e-16,-4.779080664142347e-16,6.679753222376913e-16,-2.7470740094125355e-16,9.510289530518832e-17,8.389578540366858e-18,2.939813702159644e-16,-4.1610189749081534e-16,5.772219755090756e-17,1.1844220440267665e-16,-2.474825959218343e-16,-1.6532570673910414e-16,-4.501726219437269e-16,-8.209335119326297e-17,-3.884740089619584e-17,-2.329716709305068e-16,-2.1735783589544734e-17,3.3410021594267514e-17,4.532999379047477e-16,-2.647700381506547e-17,-1.6453692428640372e-16,-1.734923341345073e-16,-3.3315667264411713e-16,1.7839350463877064e-16,-8.257476654288672e-17,-2.349593169206272e-16,-4.8330337418956907e-17,9.078949207529209e-17,-6.031879036623453e-17,-9.845906436839091e-17,-1.0024960120544272e-16,1.22086942705019e-16,7.652453581043579e-17,2.2404824734729737e-16,2.5632066526797183e-16,1.409562157610496e-16,-1.4229123735124647e-17,-1.8405427961661054e-16,1.3558971827179787e-16,-2.171084859396129e-16,-8.391143840479415e-17,1.2268707111879082e-16,1.1304238488225644e-16,6.548432877264382e-17,-5.628190047969625e-17,-3.6591957478633227e-17,1.6596602710597962e-16,-8.53289132204711e-17,2.2740947033810377e-17,7.089003362465981e-17,-3.4266705375595735e-17,-9.320550035684339e-17,1.8116524855331525e-17,-7.255130893129643e-17,-2.6548892383429846e-16,1.2085821949152874e-16,-2.536949566058444e-16,-8.454699145053713e-17,-2.9815673203823405e-16,-2.724033747184923e-17,-1.7292879018915323e-17,2.850401535139307e-16,-3.1487509930921703e-16,-9.212639124164487e-17,-2.9560355160086616e-17,-1.7810050307248273e-16,-2.2122210597211144e-17,1.0955603376715197e-16,2.764571266680716e-17,1.239584610003745e-16,-1.5222061690833502e-16,1.4970433310415911e-16,-1.6590083912461315e-16,-1.6040794662129743e-16,-6.954498956434289e-17,1.908222960292626e-17,7.966248660694624e-17,2.63018663388712e-16,9.366442893235603e-17,1.0193540615674621e-16,-5.872239744442159e-17,-4.2000310393405535e-17,1.2876613184799064e-16,-2.1260184603699615e-16,2.5278684281712015e-16,1.0718028745538775e-16,-1.4288492111818772e-16,1.7338610941426053e-16,-2.4180885183209986e-16,3.722343317115453e-17,5.190653533005466e-17,4.653878464762265e-17,-9.641112124514629e-17,2.7040200255693416e-16
CC1=CC=CC=C1P(C2=CC=CC=C2C)C3=CC=CC=C3C.[K+].[OH-].O=CN(C)C>>,CC1=CC=CC=C1P(C2=CC=CC=C2C)C3=CC=CC=C3C||[K+].[OH-]||O=CN(C)C,C_339ed92c5e36,CC1=CC=CC=C1P(C2=CC=CC=C2C)C3=CC=CC=C3C||[K+].[OH-]||O=CN(C)C,CC1=CC=CC=C1P(C2=CC=CC=C2C)C3=CC=CC=C3C,[K+].[OH-],O=CN(C)C,-0.566731079688602,1.8946806070886473,-0.28116932557740165,1.9345483058659192,-0.7388483226141288,-1.0524136635328354,-1.1280495952016998,3.089090163095693,-0.41543031926785645,-0.20785865651441612,-0.581635479925197,0.8502756660004309,-0.0022610342678098232,0.732353568758661,-0.49452419270822245,0.4342402842667958,-0.5605977500616665,-0.5862884061055895,-0.6325242017079772,-0.20708572988710688,0.08973009146070893,0.21026879554044162,-0.0916126724341263,-0.1772088338442279,0.0032628312673584525,0.1009521909580946,0.03186084248821528,-0.03566676278589194,0.010300769579428704,0.011465499825069551,-5.190085855386899e-16,-4.819739525458453e-16,-1.7884426951353204e-16,-4.8704853596437e-16,4.942659784494906e-17,-5.320534794245922e-16,1.475456353957509e-16,-8.139346636230053e-17,4.3932333356466743e-16,3.430201421722075e-16,-3.541657419181366e-16,-1.4628008135771784e-16,-3.9880705539627033e-16,-2.2618408382861907e-16,-1.5091879909789283e-16,-1.4501236907107929e-16,-1.9929416115629503e-16,1.0137405982158025e-16,-1.7822837186221635e-16,1.972765191663905e-16,1.0187410579710287e-16,2.0109883587516958e-16,8.818963690551511e-17,1.2662564767478758e-16,1.9893887942768123e-16,-2.1395812316932025e-16,-3.097637234239879e-16,1.2598774695323098e-16,-8.713806091723099e-19,1.7300621196683346e-16,3.091704408100363e-16,9.043183294493821e-17,6.830658824842338e-17,-1.2285887441678758e-16,5.2025105469644394e-17,7.767097840754387e-17,-1.8522380594636836e-16,-1.9274085059702127e-16,-1.7270838905161595e-17,-2.7550298891968866e-16,6.80005580821226e-17,1.8088978811812066e-17,9.615605735936678e-17,-1.2891492471337983e-17,4.846099208285164e-17,1.899286250178598e-18,-5.2392879784390366e-17,-8.361312090014755e-18,1.299132623023732e-16,-9.520465795667802e-17,-7.302820857442098e-17,6.508315083391444e-18,1.0029521659807576e-16,-1.229250209816506e-16,-2.1982617550838624e-17,-1.3759798671108656e-16,-3.910565355620864e-17,-8.481981382685983e-17,9.37102562549426e-17,-3.402662417661533e-17,-7.951744376983528e-17,-6.677370676110931e-17,-7.05644641953861e-17,-3.871333795114918e-19,-1.2237189946662102e-16,4.012436645883549e-17,1.6261074179491527e-16,3.752849231146228e-17,5.330687971234474e-17,6.265379448308272e-17,-1.357320025269744e-16,8.071074881611969e-17,-4.9581846161000636e-17,2.5264507408423427e-18,-2.8967945403255507e-17,3.857117676838478e-17,-1.2760397846411088e-16,7.92202911215446e-17,-2.4472371871914295e-16,-4.140545321484377e-17,-8.827843218821054e-17,-2.3454581792453107e-16,-2.403306048178093e-16,-7.364478511715165e-17,-1.6898743029200017e-16,9.518024602918036e-17,4.1071883818324076e-17,2.2056204882250135e-16,5.156582151073292e-17,5.59406251388894e-17,1.7538549326442005e-16,1.6733632284888492e-16,-2.6149656655533964e-16,7.955673599773572e-17,-5.667158966917634e-17,-2.983811709883031e-16,-1.8564908334380855e-16,1.474035477201337e-16
CCCCP(C12C[C@@H]3C[C@@H](C[C@H](C2)C3)C1)C45C[C@H]6C[C@@H](C5)C[C@@H](C4)C6.[K+].[OH-].O=CN(C)C>>,CCCCP(C12C[C@@H]3C[C@@H](C[C@H](C2)C3)C1)C45C[C@H]6C[C@@H](C5)C[C@@H](C4)C6||[K+].[OH-]||O=CN(C)C,C_0c4566a78458,CCCCP(C12C[C@@H]3C[C@@H](C[C@H](C2)C3)C1)C45C[C@H]6C[C@@H](C5)C[C@@H](C4)C6||[K+].[OH-]||O=CN(C)C,CCCCP(C12C[C@@H]3C[C@@H](C[C@H](C2)C3)C1)C45C[C@H]6C[C@@H](C5)C[C@@H](C4)C6,[K+].[OH-],O=CN(C)C,-1.8604633489588618,-3.339625906581212,-2.196729430115276,2.155732051421503,-1.7593199612572716,-1.0301062260731304,-0.024212503698711658,-0.22021606581579198,-1.6807709164770135,-0.0921641191773081,0.2966456363391364,0.707454205135447,0.12961718354853252,0.9004413022979688,-0.23929147452273453,0.25523046847061254,-0.09742182228486075,-0.5975074810703165,-0.6322562304565761,0.17947495521201123,0.09380315743155154,0.08536456505740238,0.14002753828868117,-0.10009875374715024,-0.020919792983085626,0.1941987218360722,0.039017073703082064,-0.029477010542281235,-0.006146928742643323,-0.0006332764866456114,2.9858921062089347e-16,4.033743292437345e-16,1.8708743455249034e-16,-1.2383024913429607e-16,1.375989889817496e-19,-1.2777562583972358e-16,2.624474070419153e-16,4.320328277877846e-16,6.09747642831778e-17,-1.7937188561176461e-16,-1.0514774284116262e-16,1.5954072080270699e-16,3.1962478608034677e-16,-8.416269538791133e-17,4.386907870196844e-16,-2.951343616846458e-16,1.229256471686406e-16,-2.711231261975334e-16,2.242086852825903e-16,-2.1482070319685596e-16,1.379515761021496e-16,-2.5956999445235323e-16,-7.301014858365964e-17,-6.4404282629302335e-18,1.167694323821038e-16,-1.0049529295225721e-16,-1.7143053712597298e-16,-3.271364686247519e-17,1.528286280568242e-16,-5.474636887264164e-17,-2.0288309238288166e-16,-3.829175391820127e-17,-1.5599625102027905e-16,2.1680530768814276e-16,1.5601314335561747e-16,2.8468544271120733e-16,1.2868689760709097e-16,8.469830310274663e-17,8.556076791509388e-17,-4.805181548456714e-17,-3.527628056127447e-17,-1.502882654046264e-16,1.1073231602666575e-16,6.797143443239981e-17,2.0901643316691072e-16,-5.841151660653828e-17,-8.67089358592537e-17,-1.1501785873179914e-16,-9.501737433614958e-17,1.3094372184945233e-17,-4.185652895896645e-17,1.2195820550647174e-16,-6.8789783453817964e-18,-6.435711773817502e-17,9.891569073522953e-17,-1.3627288521712338e-16,-1.1293044546854212e-16,4.396200782590701e-17,-9.92795860430135e-18,2.7254517609287985e-16,1.736359729837568e-16,3.218182065546966e-17,1.1638523577205831e-16,2.1602724935293944e-16,1.5870444470459716e-17,-1.1611495790841294e-16,8.623900506555359e-17,-2.226757550694036e-16,7.792253413025728e-17,3.2738168762307763e-16,1.4686798177775527e-16,-8.720812538512448e-17,1.0620586353135481e-16,2.5325540739639805e-17,-1.807659369381292e-17,-9.188368140577756e-17,6.239071782836001e-17,-3.886974310710097e-17,-9.086194594965587e-17,1.5723286127116898e-16,1.5869500242882158e-16,-3.041661275652664e-16,1.2604079781670503e-16,-1.1393893841347123e-16,1.964472018284206e-16,-1.5247904747090885e-17,1.7123376409383399e-16,-7.14932543259104e-17,2.337877396654454e-16,-9.939452842604497e-17,3.827212937922644e-17,-5.2811769044031365e-17,4.3255575231925304e-17,-8.640124959033465e-17,1.7592238151179268e-16,-2.0555664148327213e-16,-3.0867063861140545e-18,-6.808694877488294e-17
COC1=CC=CC(OC)=C1C2=C(P(C3CCCCC3)C4CCCCC4)C=CC=C2.[K+].[OH-].O=CN(C)C>>,COC1=CC=CC(OC)=C1C2=C(P(C3CCCCC3)C4CCCCC4)C=CC=C2||[K+].[OH-]||O=CN(C)C,C_b0453ef0b22b,COC1=CC=CC(OC)=C1C2=C(P(C3CCCCC3)C4CCCCC4)C=CC=C2||[K+].[OH-]||O=CN(C)C,COC1=CC=CC(OC)=C1C2=C(P(C3CCCCC3)C4CCCCC4)C=CC=C2,[K+].[OH-],O=CN(C)C,4.057757092564943,-0.38450280123265246,0.7153117429045045,1.9895815967708015,-0.7694831987195587,-1.458711986571258,2.752175164264414,0.6205344309117086,-0.07376404058160511,-0.3899812798871244,0.028416507413109828,0.6637737084466695,-0.0249237438530247,0.970422935516737,-0.10602371937780142,0.2322432745414809,-0.2488050833484012,-0.5959150828042661,-0.6627314146385291,-0.25215099292942406,0.11685065352268001,0.1506204939844924,0.10396538173002155,0.015425296354406344,0.27265294343581964,0.15529014271395106,-0.07707897487822175,0.13700441677479522,-0.028837868296630268,0.06698205590018756,3.0603031963116484e-16,-4.5983119342993185e-17,-8.549647927711344e-17,-2.9381880243839503e-17,1.1196865632245374e-16,1.8096071877197703e-16,1.5904534527504793e-16,-1.309296790583564e-16,6.016238996679802e-17,-1.4982560176262025e-16,-4.489894908148798e-17,5.52881467017304e-17,5.769808932763827e-17,2.8956052313232597e-16,1.2255740302489726e-16,-5.405440809929608e-16,-3.3991226338024016e-16,-4.638876957603898e-17,2.764230976230134e-16,-2.3181815640517715e-16,1.091832505617694e-16,2.76069899999659e-16,-1.1311015178489222e-16,-1.8592091674293512e-16,-1.2224814989761934e-16,4.5482936599907386e-17,4.062775130067672e-17,3.0424892974792826e-17,-1.8461247023511662e-18,-9.461229971430711e-17,-3.1447117244967575e-16,2.227933041671251e-16,1.08226300961829e-17,5.1067837579992885e-17,-5.549639708342401e-17,-5.3717140747899295e-17,2.231084406079308e-16,6.458138832217879e-17,-1.4866720112465404e-16,4.015178024818879e-17,7.599884255663978e-17,-1.1316591405660015e-16,5.06899695889132e-17,2.1616952304952865e-16,-1.2887792475787656e-16,-5.570842586836864e-17,3.2515408366768935e-17,-4.5381212320086824e-17,8.018771380740529e-17,6.581527360211999e-17,2.4929081396114203e-16,5.69896942314009e-17,2.0910122045069198e-17,1.1564990293879233e-16,3.1915853404642234e-16,-4.200974703018583e-17,5.356903467277609e-17,-2.1502543126310295e-16,2.4261923493544635e-16,-5.293185777596533e-17,6.691503897530578e-17,1.7176199006936537e-16,4.8601709260169583e-17,-1.0660366451128456e-16,9.457643491238558e-17,-6.711009932724901e-17,-9.126279013280634e-17,-1.4695870896508086e-17,1.2650884268192527e-17,2.629594657516919e-16,-6.164305135495876e-17,4.790419147998538e-17,-1.9296805553163897e-16,1.583880238881912e-17,4.598065414598484e-17,-5.966002842128079e-17,1.3126812063718068e-16,-5.781118497347055e-18,1.2929659671280798e-16,1.1021932443337712e-16,8.149722146459847e-17,-3.024788195459105e-16,2.4912899109733303e-16,-1.2315865397491582e-16,3.7428427944098964e-17,2.111098269475833e-16,-3.442080021223211e-16,9.879324434773652e-17,-3.478050847252787e-16,-3.5765267467232065e-18,-6.416700878760241e-17,1.8040031815326836e-16,-6.643834333063774e-17,1.3168209030995833e-16,-7.752542325327708e-17,-3.03326194935027e-16,7.471517039157637e-17,1.854117074089512e-16
CC(C)(P(C(C)(C)C)[c-]1cccc1)C.CC(C)(P(C(C)(C)C)[c-]2cccc2)C.[Fe+2].[K+].[OH-].O=CN(C)C>>,CC(C)(P(C(C)(C)C)[c-]1cccc1)C.CC(C)(P(C(C)(C)C)[c-]2cccc2)C.[Fe+2]||[K+].[OH-]||O=CN(C)C,C_23fffd820419,CC(C)(P(C(C)(C)C)[c-]1cccc1)C.CC(C)(P(C(C)(C)C)[c-]2cccc2)C.[Fe+2]||[K+].[OH-]||O=CN(C)C,CC(C)(P(C(C)(C)C)[c-]1cccc1)C.CC(C)(P(C(C)(C)C)[c-]2cccc2)C.[Fe+2],[K+].[OH-],O=CN(C)C,-2.0544306658914664,-0.2528509581495928,2.957298259012522,1.1275646062784186,-1.7316363480726238,-0.9882031086224048,-0.14242189049405826,-0.9622222686545019,0.4306025636009591,-0.37124962597529176,-1.3826862978702767,1.4696172181810527,0.15599128717114225,0.9113491736111543,-0.6175670907066622,0.3131341997800335,0.23427696152865937,-0.5986472544134683,-0.6304091125039517,0.154658109894607,0.05466547148944457,0.02646320162133225,-0.04855009213293815,-0.19779537637885874,-0.007847492003215028,0.17418165256055082,0.057640761957629266,-0.043369388232172,-0.007423752337076213,-0.00685574447855907,4.565462446613278e-16,-1.521978903064992e-16,8.157517480967411e-17,-1.7844201464707118e-16,4.0829717229639456e-17,2.938798048100086e-16,6.829947629152013e-16,2.7288243746280177e-16,-5.2244313310333286e-17,1.6872158338034924e-16,-3.0847027268820866e-16,1.3799620311137733e-16,4.313805862011576e-17,4.1936763079196693e-16,-7.477919586254208e-17,2.9644162679689064e-16,-1.5087558597278393e-16,-9.436837021973362e-17,-6.74092760458506e-17,1.3877590904564417e-16,-5.657916420190958e-17,-1.7026173505640842e-17,-8.1283435241547e-17,-2.533617697212624e-16,7.731797311541764e-17,-1.2502424797223458e-16,-9.378379616408495e-18,-1.4471970891643658e-16,-9.64662387080679e-19,-2.5128170844418833e-17,-1.4268023718958015e-17,-7.66045963890275e-17,1.0179533586633233e-16,1.8609452443451446e-16,2.155182401920973e-16,-1.7453976462233727e-16,5.6760461831442646e-18,2.899750817895455e-17,-1.3125614929625649e-16,1.6810767817991286e-16,2.6845925156911905e-16,2.5082587797608982e-17,3.141859796294017e-16,-1.596793500114303e-16,-3.041500460056861e-16,-2.792988162538199e-16,-2.3808178835343044e-16,-2.0233583315765792e-16,8.700775299212383e-17,2.4745869398176267e-16,6.075490460961961e-17,3.7037653389379164e-16,-2.5501577079209945e-16,-6.827703807950377e-17,-8.024021085179799e-17,2.5283039545061308e-17,8.5687994509886e-17,2.5440316180497455e-17,-9.96651214932494e-17,-1.2667869770644076e-16,-9.96105267577494e-17,-3.54884934571755e-16,3.380690860078914e-17,-5.0244133827034704e-18,1.268124502338612e-17,2.064068451814777e-16,7.830212796431883e-17,8.415424666919607e-18,-4.22434007357272e-17,1.8766226903177686e-16,2.0832454247992982e-16,-1.2763083163679513e-16,-3.192764385150209e-17,-2.376171646382719e-17,-1.4891817518320028e-17,-1.481860618050835e-16,-2.815680659697429e-16,2.3307550197567083e-17,-4.408622754747729e-16,-7.558580452708473e-17,-1.362933040949085e-16,-1.0737434586810773e-17,-2.2567982361882504e-16,-2.0180473004016104e-16,-6.524206316699598e-17,-1.4766239241312623e-16,-1.6882610420481868e-16,-1.2213745240368212e-16,2.841404726040297e-16,-1.3796386304144092e-17,-9.62281923343817e-19,-3.82787350267188e-17,-1.9318685442960802e-16,2.104030642013479e-16,4.1667132684157387e-16,-9.679610591015882e-18,4.8019952580678226e-17,-1.0887240958075496e-16
CC(C1=C(C2=CC=CC=C2P(C3CCCCC3)C4CCCCC4)C(C(C)C)=CC(C(C)C)=C1)C.[K+].[OH-].O=CN(C)C>>,CC(C1=C(C2=CC=CC=C2P(C3CCCCC3)C4CCCCC4)C(C(C)C)=CC(C(C)C)=C1)C||[K+].[OH-]||O=CN(C)C,C_ec4db596ae9b,CC(C1=C(C2=CC=CC=C2P(C3CCCCC3)C4CCCCC4)C(C(C)C)=CC(C(C)C)=C1)C||[K+].[OH-]||O=CN(C)C,CC(C1=C(C2=CC=CC=C2P(C3CCCCC3)C4CCCCC4)C(C(C)C)=CC(C(C)C)=C1)C,[K+].[OH-],O=CN(C)C,4.436404168872409,-0.5215373374641002,0.6919857202730376,2.1177393677818626,-0.6826068148012954,-0.608354672828689,-2.7408740391584985,-0.8961582677164388,-0.3979089506592352,-0.01896416761301445,0.11659107734870697,0.5538085548222005,0.2425375721390407,0.937392238089433,0.0487268512606729,0.18994887544423064,-0.21465689646043082,-0.6012672260826717,-0.6647701426125433,0.15785799685131047,0.11282959233204562,0.0675967234081418,0.06484890285782004,0.0769653345240848,0.13513690229740613,0.2193701805363605,0.06480016858465594,-0.023994819813529442,-0.023035593358143536,-0.0015052707797721062,5.908591253711378e-16,1.700737226333352e-16,-9.22013478721355e-16,-1.8717452927337436e-17,-3.7668194575697575e-17,-1.1404022587331128e-16,-3.4154528259747245e-16,3.144847469332537e-16,4.1405841322671587e-17,-2.1160815206866386e-16,4.888078351128378e-16,1.0774199348801579e-16,-1.331909396022033e-16,-3.331831010542191e-16,-5.785495943474041e-17,2.383829216951242e-16,-4.0338874408145397e-16,-2.070176878590698e-16,4.4398791070339554e-16,-4.94868592873847e-16,1.19329002780462e-16,-1.7951862786097995e-16,-1.910201884416159e-16,2.0515306232768005e-16,2.675154488058439e-16,4.423368763057688e-16,4.9724978422108536e-17,-3.524746668603407e-17,-1.0776015892141704e-16,-2.7711498380209707e-17,-4.188989850689457e-17,3.597653536146892e-17,-5.65828677088281e-17,-3.2967357463829887e-17,-1.1505523821231431e-16,1.2017695298616688e-16,1.9230689547997286e-16,-1.5351293957796662e-17,2.067106512846104e-16,2.2696928985086234e-17,-6.75208499981599e-17,9.131941702422872e-17,1.5372969100027468e-16,-9.612490782301676e-17,-1.2673807322204721e-16,-2.8507041376287366e-16,-4.2873486038276594e-17,-6.035280001018021e-17,1.058469245635589e-16,4.502930681163316e-17,-1.0903697009891195e-16,-1.1007747801773174e-17,-1.3119315918959934e-16,-4.106153191776674e-17,4.1437310419224294e-17,8.480640862132893e-17,8.065432997783523e-17,-9.709852398440949e-19,1.2173707807248232e-16,7.048870880982182e-17,-1.5921177755260465e-16,5.375416174622514e-18,-2.1928701463103324e-16,6.10575060946608e-17,-1.1616852508138542e-16,-2.5368996028896285e-16,-1.3194389366482005e-16,-2.1503482605911172e-16,1.6016778143767605e-16,5.71462329263109e-17,7.4185643984843175e-19,-2.833116922809565e-17,-1.9078094938298884e-16,-3.018382549329176e-16,-3.1788690125870537e-16,5.1643289228741465e-17,-1.6275894177724603e-16,-2.3272647694991465e-16,-1.6366586017616806e-16,3.344897366305462e-17,-1.109609273925114e-16,4.440308180158611e-17,-1.7778061815257166e-18,-1.807880177539787e-16,-1.9161788602367675e-16,4.189188561708053e-17,9.433297976776659e-17,-3.795784106481609e-18,-5.3402705480478996e-17,3.760940556919585e-17,-4.615004770301978e-17,-1.4664581854860205e-16,-4.5035719348137124e-17,1.0729765488085302e-16,-2.5393339436748067e-16,-1.3902336071546627e-16,6.480587378643877e-17,1.000839191536884e-17
[c-]1(P(C2=CC=CC=C2)C3=CC=CC=C3)cccc1.[c-]4(P(C5=CC=CC=C5)C6=CC=CC=C6)cccc4.[Fe+2].[K+].[OH-].O=CN(C)C>>,[c-]1(P(C2=CC=CC=C2)C3=CC=CC=C3)cccc1.[c-]4(P(C5=CC=CC=C5)C6=CC=CC=C6)cccc4.[Fe+2]||[K+].[OH-]||O=CN(C)C,C_c882aa3ff120,[c-]1(P(C2=CC=CC=C2)C3=CC=CC=C3)cccc1.[c-]4(P(C5=CC=CC=C5)C6=CC=CC=C6)cccc4.[Fe+2]||[K+].[OH-]||O=CN(C)C,[c-]1(P(C2=CC=CC=C2)C3=CC=CC=C3)cccc1.[c-]4(P(C5=CC=CC=C5)C6=CC=CC=C6)cccc4.[Fe+2],[K+].[OH-],O=CN(C)C,-1.2022352780952306,0.9766481181365344,2.788158587948021,0.9483638900653941,-2.148789038706466,-1.23304928896158,-0.12656963689104161,0.25616328081779766,-1.0781390822398818,0.06042326636278152,2.0491388636623267,-0.3540343168975815,0.06886906288456136,0.8958786429068665,0.10942899035986797,0.2614602124995596,-0.6062810080070048,-0.5868109501109824,-0.63149635246841,-0.2028920677484831,0.08919159816590204,0.20867962857251376,-0.0907618648713071,-0.17840488750467864,0.0024014507431885,0.10117268278674324,0.03158978150856385,-0.03557706193351402,0.010250336928046432,0.011516027994555636,-1.8810817052533151e-16,-1.8430577692538997e-16,2.49570223334171e-16,-2.435988248228169e-16,-4.278993666135044e-16,-3.2172905637628827e-16,5.2579439240013984e-17,-1.6505332297144175e-16,-6.034276318430872e-16,-1.996797614492021e-17,5.479335496813492e-16,2.0904139492790734e-16,6.733539364986005e-17,1.379269388469897e-16,1.9081799603114082e-16,-1.9623049823250418e-16,-6.370770842215496e-17,6.993803674672342e-18,-1.2539069409284372e-17,2.2487269472461403e-16,-9.276916244198928e-17,-2.3719904298526602e-17,-3.358892723305405e-17,1.557589277399543e-17,-3.603633807290928e-16,2.5604113243446036e-16,-2.6641235685013936e-17,-1.781521021716309e-16,1.0689552104929657e-16,-2.931301641149786e-16,-2.012200802021357e-16,1.1227085940107902e-16,4.0908517950894143e-17,-2.3008742403810855e-16,-5.304448860390197e-17,5.927655901593264e-17,-9.297599863969297e-17,6.506348086668301e-17,-2.9063492367406425e-16,2.0439077352335754e-16,-4.879009445561418e-17,5.682277574553559e-17,-3.07670162552069e-16,7.076263627881937e-17,-7.201660673816655e-17,2.349518485710398e-16,8.971649746959285e-17,8.905343800008958e-17,-1.9457207891986894e-17,-9.711099197089223e-17,4.064181670494089e-17,4.763226404090454e-17,2.0898103659556984e-16,8.517281286688605e-18,2.1177286618805496e-16,9.803674170827853e-17,-8.649250104795375e-18,-9.554507999235122e-17,-6.064695024151119e-17,-8.73866485606443e-17,-8.462071303731991e-17,1.6415000215311658e-16,-1.2687027415728874e-16,7.651444233048003e-17,1.3343431238030788e-16,1.546314567516394e-16,6.645008803586963e-17,-1.6534434674110705e-16,-3.328977185732569e-17,-7.986397553832248e-17,-8.04110588580272e-17,-1.2150284772169546e-16,-1.6347858476899266e-16,-8.495318315000778e-17,-4.065525537490776e-17,2.7368789620053712e-17,-1.9122235773076447e-16,3.687827818201053e-17,-3.6464349325014756e-16,-3.416038494948151e-17,-7.010186527332284e-17,-1.3699709169833488e-16,-3.568137116629855e-16,-1.431869162892807e-16,-1.2708657005297878e-16,1.1530288750876582e-16,-8.695285065869161e-17,2.486061570292544e-16,-1.200968166683002e-16,-2.2814936746495057e-17,-2.3402171899164177e-17,1.0282562942128741e-16,3.500533412164043e-17,-2.8824723967584133e-16,-3.2610281404946266e-17,-1.571936518973527e-16,2.0080919528064935e-16,-1.0960700832678445e-16
CC1(C)C2=C(OC3=C1C=CC=C3P(C4=CC=CC=C4)C5=CC=CC=C5)C(P(C6=CC=CC=C6)C7=CC=CC=C7)=CC=C2.[K+].[OH-].O=CN(C)C>>,CC1(C)C2=C(OC3=C1C=CC=C3P(C4=CC=CC=C4)C5=CC=CC=C5)C(P(C6=CC=CC=C6)C7=CC=CC=C7)=CC=C2||[K+].[OH-]||O=CN(C)C,C_7391324c6df5,CC1(C)C2=C(OC3=C1C=CC=C3P(C4=CC=CC=C4)C5=CC=CC=C5)C(P(C6=CC=CC=C6)C7=CC=CC=C7)=CC=C2||[K+].[OH-]||O=CN(C)C,CC1(C)C2=C(OC3=C1C=CC=C3P(C4=CC=CC=C4)C5=CC=CC=C5)C(P(C6=CC=CC=C6)C7=CC=CC=C7)=CC=C2,[K+].[OH-],O=CN(C)C,-0.46497135724109584,3.7514057543708073,-2.0375361859015735,2.023866793761833,-1.1991178249388874,-0.9976581581844499,0.22020369968871084,-1.887016345801864,0.34330881714272493,-0.22661600443545274,0.26762689571638,0.5945812050489134,0.06432789519398162,0.8528332602370486,-0.3395010483702411,0.39949545161918376,-0.6077080629703566,-0.5998056174880381,-0.6578796920105651,0.06504289389941606,0.05067922080223275,-0.11014875675901302,-0.04988362155991683,-0.06566728907931974,0.209376036013094,0.1733503421998348,0.09169390676343651,-0.033059577362899925,-0.02850669150193157,0.010014915457589655,5.368322408737786e-16,-3.644118137129271e-17,-1.2281081560521223e-16,5.877861727446525e-16,6.132069881177535e-16,1.568073085409802e-16,-1.9733320855200977e-16,-1.8977412258850386e-16,-5.319421336491509e-16,-4.855314659838076e-16,-4.623152916970233e-16,-7.557644364756009e-17,3.3008817873037983e-17,-2.6623389094193496e-16,-1.382410854859586e-17,1.4704125079834678e-16,5.342516226331382e-16,3.061239216931125e-16,-3.221324359609631e-16,1.7963296761853634e-16,-6.201980847982344e-17,-8.774131759923658e-17,-3.7973857890961767e-16,9.693436906221762e-17,3.889077122627789e-16,9.684897841326477e-17,-2.624501795786211e-16,-2.418517346126047e-16,1.1429794860207535e-16,3.111269481537183e-16,1.3832816079153197e-16,3.865552217377195e-17,4.2574901314138366e-17,2.194258626915353e-16,7.179742718205397e-17,2.160754178271669e-17,-1.99865633679241e-16,2.1325130292344088e-17,1.6371091573205704e-16,-3.2346680492695754e-16,1.650774717544522e-16,-7.626387056819218e-17,-2.449124628562717e-16,1.8222789267649482e-16,1.4099033370086343e-17,-7.376452067853486e-17,-9.094371834735576e-17,-7.0236635748579e-17,-1.9593553020090858e-16,4.626163142222112e-17,7.118226704022199e-17,2.0609684156009022e-16,-1.5032980773440167e-16,1.4038659132393658e-16,-3.160532974537868e-17,-5.103941300828452e-17,2.2605291647336785e-16,3.8375898567431905e-17,1.2425322981592336e-16,-3.8527948754669564e-17,-1.1727652237857722e-17,3.147432248918587e-17,-3.2763790541871345e-17,-1.777015052631091e-16,2.2390798023375733e-16,-8.271514469327801e-17,-1.8550031122068955e-18,-1.6416699868185328e-16,-5.120560860304914e-17,1.0193116405209714e-16,-2.6940533594675876e-17,-2.2366254721921004e-16,7.125895866613085e-17,-6.953484961871432e-17,1.4743211439429396e-16,4.1591751766415843e-19,1.3672471603765375e-16,-4.264770649570309e-17,1.0248952902136826e-16,2.5379046926111224e-16,-8.140778806860884e-17,3.7305123447809e-17,3.5995111789975306e-17,1.2367106991778511e-16,-2.823463228994691e-18,1.268834395790086e-17,1.0199402147605757e-16,1.2641965328922416e-16,5.0594586145054604e-17,-3.3326004103267617e-16,-6.4591647385345386e-18,1.4233653828103316e-16,1.1369423248341867e-16,-3.065363791099711e-16,-1.2437273428058756e-16,-1.7539960617980215e-17,1.2762005039570775e-16,2.773370349176929e-16
CC(P(C(C)(C)C)C(C)(C)C)(C)C.CC([O-])C.[Li+].O=CN(C)C>>,CC(P(C(C)(C)C)C(C)(C)C)(C)C||CC([O-])C.[Li+]||O=CN(C)C,C_ace9b2401029,CC(P(C(C)(C)C)C(C)(C)C)(C)C||CC([O-])C.[Li+]||O=CN(C)C,CC(P(C(C)(C)C)C(C)(C)C)(C)C,CC([O-])C.[Li+],O=CN(C)C,-1.3630477866129416,-0.8611119118092249,0.14261060154026928,2.228252963743788,-0.4908358873237525,-0.9972523461909284,-0.25637753961010656,-0.07869540687905477,1.5559222351656468,-0.06331039257468811,-0.670340808324086,-0.2926563961220195,-0.91277968488987,-0.11329840857916619,2.4555736958430288,0.3971006147201875,-0.6549030548603169,-0.09226111466784216,-0.05881026343891765,0.0036436632727085785,-0.28627156278963634,0.220494153768722,-0.13931822470755792,0.16429558284533716,0.16988835883502296,-0.4068523667646344,-0.025199354085617923,-0.011821235562678228,0.0062356799702121815,0.0003004145520624487,-1.1301034016777684e-15,7.334480780438625e-17,-6.01189658956886e-16,1.6546446443454195e-16,-2.2224200673088766e-16,4.1781995248990417e-16,2.1042785306369448e-16,2.0102372772340916e-16,-2.149166595929503e-16,1.4038709038460902e-16,-1.413080950060766e-17,-1.1631329303112534e-17,2.4239617317193733e-16,2.1519001586838785e-16,2.1498512001835584e-16,-3.764985001582122e-17,2.6467192390115745e-16,7.884084308112326e-17,-1.5390513643374262e-16,2.28084673808442e-16,3.105697951437331e-17,-9.334057854483954e-18,2.3053526094056164e-17,-8.030246551254273e-17,9.040484944733639e-17,1.8034034839603168e-16,-3.544101970577827e-16,4.307900581851899e-17,1.2493969227012884e-16,-7.406807956578649e-17,-8.127477702726941e-17,-3.299687482494134e-17,-1.469528007639569e-16,9.848376173548147e-17,-1.9863188306711205e-16,2.224055598607578e-16,-2.070258871682488e-17,6.215585028777157e-17,-6.705158117489466e-17,6.232305577821406e-17,8.3435394545392e-17,3.499698119749038e-17,2.551933418494917e-16,1.5624997335334908e-16,4.005507120257263e-17,2.4224851849405774e-16,2.1777304275066686e-17,1.0533762734592799e-16,3.7193907437560654e-17,5.602781012071425e-17,2.037469485699089e-16,1.7519989955551538e-17,-2.5566859725879156e-16,6.051972740091623e-17,2.7989740989735567e-18,-6.553268002328295e-17,-5.777763592888843e-17,1.6919180796241531e-16,1.954153390178419e-16,1.2559470406399073e-16,-8.646464267188603e-17,-1.3088819170455075e-16,-1.0408042686919435e-16,6.242532464416824e-17,-1.9158925569735862e-16,1.491387880718672e-16,-3.459566130148477e-18,-3.86808911863641e-17,8.834091537017506e-17,7.965457897488835e-18,-2.1097343673824356e-17,-1.1959168772830712e-16,1.388029592141242e-16,-1.6390437527455072e-16,1.6280521863002823e-16,-1.884353203292718e-17,-2.1341643621473383e-16,2.7117225362130023e-17,-4.12315571077538e-17,-1.347712856669761e-17,1.1109468071424294e-16,7.1223535712742e-18,-9.332472199108844e-17,-2.212175616664257e-16,4.9070960266135657e-17,-2.4329694081842927e-16,6.900584806231085e-17,-3.986631656600559e-17,1.4424015383118138e-17,1.1137184118566298e-16,-1.2421719295517586e-16,2.1046784950150525e-16,1.3931820689982892e-16,2.5555504506740916e-16,-1.8909584965584346e-17,-1.2264630934916925e-16,-2.5411437297724966e-16,-1.7580678711221287e-16
P(C1=CC=CC=C1)(C2=CC=CC=C2)C3=CC=CC=C3.CC([O-])C.[Li+].O=CN(C)C>>,P(C1=CC=CC=C1)(C2=CC=CC=C2)C3=CC=CC=C3||CC([O-])C.[Li+]||O=CN(C)C,C_580d106e181f,P(C1=CC=CC=C1)(C2=CC=CC=C2)C3=CC=CC=C3||CC([O-])C.[Li+]||O=CN(C)C,P(C1=CC=CC=C1)(C2=CC=CC=C2)C3=CC=CC=C3,CC([O-])C.[Li+],O=CN(C)C,-0.286871288809499,1.518338775669219,-0.188071159965366,2.0722778186972506,-0.7685735340108991,-1.0727473915458483,-0.20012584964640082,0.2419262554094719,-0.07166306187913422,0.04841150022617764,0.07964339328621677,-0.10497117172759236,-0.8623110911705599,-0.1521087574276067,1.5609416186710805,0.4781613361807356,2.0782673651362296,-0.15188047887957193,-0.07255486813000513,0.49713384540630695,-0.33135007344484585,-0.016431739144598494,-0.10124074193556248,0.14985208734839872,0.1644504400102021,-0.31730086342043134,0.004793744769886324,-0.02105646848638257,-0.0175370469643828,-0.0209420410374193,-1.22299983158585e-16,-2.341526039279876e-16,-2.4960752031398324e-16,2.5239149039935923e-16,-2.237701355215923e-16,4.993451592461687e-16,1.3272529675066978e-16,2.613211025468337e-16,5.975957650181005e-16,-3.717437375699783e-18,-6.517156793467185e-17,9.238840390109191e-17,2.320375022927732e-16,-5.757286213629719e-17,-1.0647108313315729e-16,2.4145920197525217e-16,4.024845752239605e-17,4.848085084215565e-16,3.667511739450938e-16,-2.7355829173542276e-16,-3.314847829557115e-16,1.2783030357966256e-16,-4.178757239286377e-17,3.2994811672609936e-17,9.315028052774954e-17,-6.361977096365677e-17,1.0833030389731238e-16,6.486401539686676e-17,-4.302737130166851e-17,1.0027706245387063e-16,-2.3250174810713493e-16,1.220318065525278e-16,-1.4981927745926415e-16,2.65505716105026e-16,-8.194250835362499e-17,6.520129226430492e-17,4.708728216176702e-17,2.964925701395618e-17,-9.513488208609329e-17,-4.924156038732957e-17,1.8365895067485927e-16,1.3760735052710662e-16,2.6224287199216145e-16,-2.4512134843994767e-16,2.1011244278236005e-16,2.1246996144749847e-17,1.7491230278411372e-16,-4.355579387298072e-17,4.6329812559639723e-17,-2.9606385386566255e-17,-2.4167313057061915e-16,-1.3320178826674502e-16,-1.3822692975138296e-16,-5.865183992484134e-17,-1.1185784133083337e-16,4.4853490026040956e-17,-4.5681679940218136e-18,3.0549577537959704e-17,-2.1495833530294963e-16,-1.0353792408511733e-16,-1.17740088642041e-16,-9.932355148556254e-17,9.599811866640187e-17,7.704267801679418e-17,6.321604401355024e-17,1.9101038227193494e-16,-1.4405187273028346e-16,-8.681856039447608e-17,-7.27209733033063e-17,-1.1986248336551818e-16,-5.939148626398253e-17,-3.8100917448897486e-17,-5.98266060216642e-17,-2.217710520195559e-16,1.406383124760696e-16,1.6826321940690063e-16,-3.1075448105570972e-18,2.813005633107316e-16,-1.0219080910247569e-16,-2.717797266983047e-16,-4.6901933973615546e-17,3.0061601909905687e-17,-1.5374537441242036e-16,-6.347620454078383e-17,5.299668473218651e-17,1.079288134247348e-16,-1.9836051803796094e-17,2.882628635372525e-16,-7.891461213516608e-18,1.219741710214518e-16,7.589117307748735e-17,-2.203904790247755e-16,-1.2986352083452556e-16,4.58171424305305e-17,-2.321758100825103e-17,-3.0930904693037687e-16,-2.248467604362782e-16,4.7604900988697786e-17
CC(C)(C)P(C(C)(C)C)C1=CC=C(N(C)C)C=C1.CC([O-])C.[Li+].O=CN(C)C>>,CC(C)(C)P(C(C)(C)C)C1=CC=C(N(C)C)C=C1||CC([O-])C.[Li+]||O=CN(C)C,C_d23729a3aa70,CC(C)(C)P(C(C)(C)C)C1=CC=C(N(C)C)C=C1||CC([O-])C.[Li+]||O=CN(C)C,CC(C)(C)P(C(C)(C)C)C1=CC=C(N(C)C)C=C1,CC([O-])C.[Li+],O=CN(C)C,-1.4093701929474183,0.1027040621647527,1.21185260598331,3.325921967423305,3.0472944214024427,-1.0817749446009042,0.057460831604618706,-0.6365215655799876,-0.7117992769151354,0.2835887568218481,0.10063866291952413,0.13051721631540736,-0.781026294887416,-0.6732980353835468,0.6491759394847786,1.3719766839062733,0.18365031279009875,-0.14359738205516998,0.032929826947460106,-0.11481730435832727,-0.27784284814371385,-0.12430878516398709,-0.25309018258248234,0.46466019890781024,-0.20435389702126786,-0.300811969767172,-0.20964009591533633,-0.08011283298528478,0.05901093849336781,0.24856249733155575,-6.31798681216992e-17,-1.6491673798828116e-16,-4.915202995238625e-16,1.3710568109205761e-17,-3.8709947452291883e-16,5.154889780483255e-16,-6.281453045204732e-16,1.4767557109731015e-16,-3.71424876613222e-16,-5.418626363589533e-16,-4.04100556416e-17,3.6463596951476994e-17,-1.3665478567724896e-16,-1.7758505029637095e-16,1.1554119382375335e-16,-3.138239648649166e-17,1.3811042198238597e-16,-2.826043501835692e-16,-4.942945152171654e-16,3.0182944196756014e-17,4.4075883790277453e-16,-3.8897470574541086e-17,-2.203631133262799e-16,-2.9215809882544434e-16,-3.236076170236258e-16,-4.7616470190860864e-17,-9.756211669045889e-17,-1.6627554604124497e-16,1.738245914922766e-16,7.164795827679838e-17,-3.372171390013267e-17,1.5339435525110675e-16,8.034984156672217e-17,3.1084703967025984e-17,9.884113040257896e-17,1.2043197200427207e-17,-2.9347855429682206e-16,3.573353860284747e-16,-5.819870658832452e-17,-8.667245644822915e-17,-2.965113759444206e-16,-1.8810403143623747e-16,2.195116838743694e-16,-7.707637926256867e-17,5.267818886468171e-17,3.012371787546916e-16,2.0860466267660643e-16,7.40079552676983e-17,1.4392305285289145e-16,-9.131771757958166e-17,-7.877356494220337e-17,6.878656954507787e-17,2.2859597325326183e-17,4.037489911349434e-17,6.408095318430394e-17,2.1341190069761366e-16,1.8602172426764986e-16,8.263252611369064e-17,-6.394777965191742e-17,-2.118561112323503e-16,-2.031542207411724e-17,3.6640800857333464e-16,-4.1207182626736523e-17,-7.03696169583789e-17,-1.7218328296094937e-16,-9.235830145508574e-17,8.293807627945629e-17,2.5959020978663547e-16,8.583355737460114e-17,-3.459772544397802e-17,-1.4735487475744847e-16,3.360434471876553e-17,1.7288618188021265e-17,1.6103700350707977e-16,-1.7831413711532041e-16,3.640070463340891e-17,-1.574907370800795e-17,-2.79754179368702e-16,-2.0879201153558554e-16,8.356359369323122e-17,4.007222450854431e-17,-9.141097757062125e-18,2.196002296497538e-16,1.2800313262777926e-16,-9.007864722314755e-17,8.910092466184317e-18,1.3343579218273126e-16,-1.6233578111253343e-16,6.407621245607811e-17,2.754084094927637e-17,-1.7467954310452038e-16,1.8894512953353578e-17,-4.85824623676871e-16,-3.817061848141028e-16,-1.9622775316506848e-16,-3.0188207837480997e-16,-1.319729120006746e-16,2.1709312875498906e-17
P(C1CCCCC1)(C2CCCCC2)C3CCCCC3.CC([O-])C.[Li+].O=CN(C)C>>,P(C1CCCCC1)(C2CCCCC2)C3CCCCC3||CC([O-])C.[Li+]||O=CN(C)C,C_5e5ef398cbf2,P(C1CCCCC1)(C2CCCCC2)C3CCCCC3||CC([O-])C.[Li+]||O=CN(C)C,P(C1CCCCC1)(C2CCCCC2)C3CCCCC3,CC([O-])C.[Li+],O=CN(C)C,0.004929314511616571,-1.412648360275491,-0.1842243102058705,2.0485237501124582,-0.8461229213310394,-1.1641392250576719,-0.4866873815954487,0.13606666479840013,2.447133505932349,0.08351540985577426,0.7914607301447176,-0.5228090704436096,-1.2359700588442393,-0.9699407604564046,-0.27955727306827605,1.6213593413937553,0.4569035475472956,-0.15327162159218605,-0.06649618444862751,0.5113751597473967,-0.2986557965301348,0.031244802991870244,0.07325502472949512,0.2366375333997743,0.15894365103557517,-0.2912652253411171,0.003397117573847039,0.017669795588752354,0.09931244189488309,-0.021650281512000685,-8.408197728242339e-16,-4.8511246265434066e-17,-5.794803668272044e-16,-2.977772674722742e-16,1.059594271855036e-16,-4.525498318326157e-16,7.087800268182299e-16,-4.619426888295118e-16,-5.451656680280656e-16,-5.713748553364947e-17,3.1551055358666535e-17,-2.6737820611729757e-16,-2.0173855283934276e-16,2.7660309228602294e-16,-1.4185213672799662e-16,3.716097706960233e-16,-4.0508521447874617e-16,-5.593446610825312e-16,3.746639065691226e-16,-1.7271351263631401e-16,-1.313539124157149e-16,3.331378123374927e-16,1.1727189297632566e-16,-1.8771426718002817e-16,2.615932797348703e-16,1.326907428220284e-16,1.1255871021365939e-16,-1.4610043476303026e-17,4.7585477987172035e-17,-2.509097710583309e-16,-7.310715191881027e-17,7.012010868714147e-17,3.454367757764332e-16,-1.1364053024226087e-16,1.4005818448167757e-16,-2.6371033483486103e-16,2.8846473403436497e-16,1.2493580850496124e-16,-1.297696080108482e-16,-3.235345677728792e-16,-5.766399610718529e-17,-3.3482124353715715e-16,1.547666088306167e-16,-1.6740722928115092e-16,2.0569396863767163e-16,-1.155075106798077e-18,8.839665516150848e-17,-1.524278260128444e-16,-1.0971871320335596e-16,8.082208623964228e-18,-3.212465607340562e-17,2.104063775013152e-17,1.4775479822710343e-16,-7.80118319336342e-17,-8.687765836097897e-17,-3.2843280575210386e-17,-7.56275279277803e-17,1.6013675203781248e-16,2.729339242267445e-16,-6.892494132102821e-17,1.1838610644790612e-16,-1.9053489553734492e-16,-1.392092057987263e-16,1.9631830504178205e-16,1.12938626561766e-16,4.421756200532852e-17,1.7906950557440957e-16,3.4479912101704e-17,-1.8608387786340293e-16,1.118551171522375e-16,1.4087366381176445e-16,-2.877343503023425e-17,-1.787401422684149e-17,8.083928717038432e-17,1.013393666540117e-16,-8.879816732584625e-18,-9.424229137097756e-17,-6.180838103537693e-17,-2.4867613340119752e-17,-7.040876706366846e-17,7.410682016707671e-17,5.951909670445606e-17,-3.034096538212034e-16,-7.607730267488458e-17,-2.1259204698573743e-16,-3.8153908912269865e-17,1.5758438069224747e-16,2.754469606824227e-16,2.6533683022921195e-17,-1.7787872503578803e-16,2.714840161704051e-17,-1.0005290253768619e-16,-2.5661748577854845e-16,4.529714511028921e-17,-6.400382289152872e-17,1.554532015922254e-16,8.83278448892061e-17,1.925913249012695e-16
CC1=CC=CC=C1P(C2=CC=CC=C2C)C3=CC=CC=C3C.CC([O-])C.[Li+].O=CN(C)C>>,CC1=CC=CC=C1P(C2=CC=CC=C2C)C3=CC=CC=C3C||CC([O-])C.[Li+]||O=CN(C)C,C_81f366149ffe,CC1=CC=CC=C1P(C2=CC=CC=C2C)C3=CC=CC=C3C||CC([O-])C.[Li+]||O=CN(C)C,CC1=CC=CC=C1P(C2=CC=CC=C2C)C3=CC=CC=C3C,CC([O-])C.[Li+],O=CN(C)C,-0.4565261805040682,1.9310110387001036,-0.35240688403292664,2.0484772552493316,-0.7423936112730003,-1.0241265952439067,-1.1350574589186073,2.6636206310634942,-0.5086136773825658,0.04775360745023839,-1.1523370649120854,0.4180283555911077,-1.205020559375436,-0.8630634801033427,0.4732162949328198,1.2582343786192232,-0.2952186849796371,-0.13091773290046552,-0.06487139248656176,0.47030186486721726,-0.33282752268653315,-0.014376308975617614,-0.10269487659873401,0.14062408743707402,0.15778092452947753,-0.31965420558053304,0.004622453730377998,-0.021682820440904763,-0.01740993034935812,-0.020743445691415084,2.449309290382831e-16,-1.678418604967721e-16,7.465548176053079e-17,1.436424185372441e-17,-1.9696984552851344e-16,-2.8673412102041414e-16,1.6845065740899504e-16,2.2668779176021556e-16,7.550024032170902e-16,-4.113843430090599e-17,-7.644545607975932e-17,-3.1456103930864165e-16,2.9153176217151857e-16,8.959639500348705e-17,4.626921696716704e-16,1.885514223131222e-16,-1.0124964032192488e-16,5.97299864044641e-16,-6.572759016094084e-17,1.877566130065272e-16,-4.2422257327972413e-17,-1.735056617077567e-16,-3.2598270997374807e-17,-3.83169642785345e-17,-1.3725032554323457e-16,2.9110376323316215e-17,2.1354713682097337e-16,-7.540173411840646e-17,1.544019336957603e-16,2.2398781602909613e-16,-8.978860800230752e-17,1.1401450950944557e-16,-1.7302087137457057e-16,-8.531873582051929e-17,4.7503776076334243e-17,-1.1341989727545051e-17,-1.0490489599790274e-16,-2.3138364066583663e-16,-2.9757288436261695e-17,-3.209345022659673e-17,3.340333474892114e-17,1.9820148415229638e-16,2.187737243240298e-17,-2.1933678750599093e-17,-9.045083741525567e-17,-3.427322372956395e-17,1.3855755894194778e-16,-5.659862449360744e-17,8.327028286235565e-17,2.5125445273489845e-16,1.1298150645536085e-16,1.094334755820047e-16,-7.208589140514647e-17,-1.2049343318108257e-16,9.388620090583357e-17,1.5696197493276306e-17,-2.923394896507544e-16,7.218606168185112e-17,-3.131791591998006e-17,-1.569711669304672e-16,-1.235402293858904e-16,1.8583775779169668e-17,1.2819933080909676e-16,1.8235153021467761e-16,-1.246791232395807e-16,7.26401298777619e-17,2.546299123503015e-16,-4.7483290858984824e-17,1.1045583171022631e-17,-1.6296507078900092e-16,1.422254815440966e-16,-7.205432120217631e-17,3.272234574299092e-17,1.7977726219816528e-17,1.2557439104519397e-17,-1.985731766878857e-16,1.4096995742115348e-16,-1.522235575568888e-16,-2.0959164340026712e-16,-1.3442076034410422e-16,2.1540181814650016e-16,-2.345590769926425e-16,1.141225813009869e-16,-2.3649262434308436e-16,1.242321673459177e-16,1.1215221442458243e-16,8.632853115442191e-18,9.057519895915066e-18,-1.6760025684635602e-16,-3.4021147265720183e-16,2.0781238739023724e-16,-6.321715679729142e-17,2.2025978965904612e-16,-6.424311573953532e-17,-3.214223330721451e-17,1.0558513555389075e-16,-2.1451189692857752e-16,7.638725364639966e-17
CCCCP(C12C[C@@H]3C[C@@H](C[C@H](C2)C3)C1)C45C[C@H]6C[C@@H](C5)C[C@@H](C4)C6.CC([O-])C.[Li+].O=CN(C)C>>,CCCCP(C12C[C@@H]3C[C@@H](C[C@H](C2)C3)C1)C45C[C@H]6C[C@@H](C5)C[C@@H](C4)C6||CC([O-])C.[Li+]||O=CN(C)C,C_c3088a92200c,CCCCP(C12C[C@@H]3C[C@@H](C[C@H](C2)C3)C1)C45C[C@H]6C[C@@H](C5)C[C@@H](C4)C6||CC([O-])C.[Li+]||O=CN(C)C,CCCCP(C12C[C@@H]3C[C@@H](C[C@H](C2)C3)C1)C45C[C@H]6C[C@@H](C5)C[C@@H](C4)C6,CC([O-])C.[Li+],O=CN(C)C,-1.7240123169830814,-3.2740384027316645,-2.245657984417521,2.2384873775290726,-1.8022534103606025,-1.121660795188451,0.022535817965375696,-0.4729678613606664,-1.7370942457511036,0.2658704410579821,-0.16331836000476704,0.23508380656567346,-0.9782657046226296,-0.606639329664042,0.6415565502158715,1.0811662391932184,0.2590849395873269,-0.11458555601856564,-0.06733571808001972,0.03651093046854901,-0.25165224025508215,0.2695826340953168,0.03520437953306107,0.25692364023814424,0.15551388746296568,-0.38711358181534994,-0.04430813758795837,0.0011699082205388679,0.004749336412315465,0.006721500334170072,4.1537345442429143e-16,-1.2878532375965888e-16,2.4009330736700946e-16,-8.959624876005115e-17,5.959487539533399e-17,-1.9282602565829712e-16,4.1718975555759407e-17,-2.283806508093469e-18,-3.5540451979437206e-16,6.134094073885133e-17,7.256781787351013e-17,-7.39747569242976e-17,9.870201774868634e-17,7.59484438577724e-17,-3.1025419924980087e-17,-4.976800056919243e-17,1.3336353341069107e-16,3.8721338519580106e-16,2.078346528147495e-16,5.950832782301617e-17,-2.8948095869539206e-17,2.0641751617342732e-17,1.8960581248798812e-16,1.2109121684802045e-16,6.046945148317142e-17,-2.4936992303491233e-17,-2.8591179954866306e-16,-4.14976581429222e-17,-1.583843541400361e-16,-1.821956637590802e-16,-1.7552177102327158e-16,-3.226366293968923e-17,-3.8900097991866005e-17,1.984243975159306e-16,-9.625180709077508e-17,2.6668083124443535e-16,1.3771526378906862e-16,-1.2470022637487534e-16,-1.3012670350351943e-16,-4.3863852462735205e-17,-3.758047885123582e-17,2.6360269748876314e-17,5.940056704178632e-17,-8.150357630708639e-17,1.9331803920307226e-16,2.279194265491887e-17,-1.2181938119652937e-16,5.082952044189062e-17,-1.7539222402347065e-17,-1.1033646135676151e-16,-7.654032695381653e-17,1.069502810041889e-16,-6.220243443857663e-17,-8.327098384236887e-17,6.542091642850526e-17,-1.2463194764029352e-16,-1.122035616868526e-16,7.432601476575297e-17,2.0453396051539638e-16,-1.7210819907008761e-16,-1.0764430068964397e-16,-7.368183485649582e-18,-7.937057806044389e-17,-1.3177862512512729e-16,1.2491721351125711e-16,-4.281342301976791e-17,-1.4990271779576987e-16,1.2468282686132568e-16,-2.7535556609591467e-16,1.432648958103067e-16,1.324525254001597e-16,1.299854379686841e-16,-4.6407051990155585e-17,1.728089936817898e-16,-9.807783156722937e-17,8.164711721690869e-18,3.1212420638177516e-17,1.075938958279669e-16,2.0049749629818953e-16,-8.72860800680672e-17,-1.8490731152902828e-17,2.1706497288863916e-17,-1.0387208435667074e-16,1.6186953761916128e-16,-3.459298045111402e-17,5.803592701418804e-17,-1.5272263396204533e-17,-2.1294886934646017e-16,-1.5622423239362073e-16,-7.500062351902836e-17,-1.3048204854292803e-16,-3.103934018492815e-17,9.094646932167955e-17,7.765935665676341e-17,-1.0183837867196238e-16,5.2907977821893226e-17,1.7287380133469198e-16,-3.406895809681659e-17
COC1=CC=CC(OC)=C1C2=C(P(C3CCCCC3)C4CCCCC4)C=CC=C2.CC([O-])C.[Li+].O=CN(C)C>>,COC1=CC=CC(OC)=C1C2=C(P(C3CCCCC3)C4CCCCC4)C=CC=C2||CC([O-])C.[Li+]||O=CN(C)C,C_cb592b30a0a1,COC1=CC=CC(OC)=C1C2=C(P(C3CCCCC3)C4CCCCC4)C=CC=C2||CC([O-])C.[Li+]||O=CN(C)C,COC1=CC=CC(OC)=C1C2=C(P(C3CCCCC3)C4CCCCC4)C=CC=C2,CC([O-])C.[Li+],O=CN(C)C,4.04453134739277,-0.4033681723045283,0.6880537935752665,2.081570801905345,-0.7524974598711295,-1.4070561225466824,2.704330747267191,0.330189715017978,-0.1426989456888139,-0.26972535354898536,-0.40332215755856443,0.36121746140354816,-1.0406617791745854,-0.44363533836249935,0.7948582659556853,0.9900941653289621,0.0512762296984601,-0.11342522619458086,0.026055198818203035,0.4789482286927068,-0.36692217586958,0.01295342020315366,0.3752709624969783,-0.2913738950941635,-0.12520128353716733,-0.35302150749742556,-0.20113640110430117,0.13518289726207064,0.0025444775518302727,0.03854025308841251,-1.2459854411048822e-16,-1.6797486406404336e-16,3.539904356231269e-16,-1.3070163253230958e-16,1.4531229426113564e-17,1.3103716080799016e-16,2.1837945076555119e-16,-2.1200545078028742e-17,-1.1757184335940836e-16,5.65453971088943e-17,3.7184391200933565e-16,2.2217286581337443e-17,-3.0879721737472935e-16,5.421297862699702e-16,1.5856052946511664e-16,2.3783846577440943e-16,-9.456202315738979e-17,6.098214119704258e-19,1.8679783560783862e-16,-7.026695019037893e-17,1.1783567184152922e-16,3.248666735336897e-16,9.185196556931085e-17,9.260063836914335e-17,-1.818650774887631e-16,1.1931619183486806e-16,-1.7136816445782033e-16,3.315297781782311e-17,-6.670288797502485e-17,3.6946025571506654e-17,2.0625780518885707e-16,-4.251679580660755e-17,-1.884781519459162e-16,1.2653159124520628e-16,6.149801882554699e-17,3.3900384402049195e-17,2.465564177449269e-16,6.002608766714752e-17,2.79368074767831e-16,1.7545928702222438e-17,-9.996061437420701e-17,-8.036066046841793e-17,-2.4014167313128805e-16,1.8001140342677959e-16,-1.7149231020306635e-17,-2.2174894251498992e-17,2.488399538898254e-17,-2.6355930337112284e-16,6.234809663326912e-17,1.5583599561159086e-16,2.8381831876278874e-17,2.4566001738060347e-17,1.642822588287097e-17,-6.933408220711832e-18,5.300523518911192e-17,1.0730759770623885e-16,-1.3257713760344777e-17,-2.342547499642898e-16,-1.3791536817064547e-16,-2.2733304511517567e-17,1.749067713846946e-17,1.103503317138095e-16,-9.520725429142469e-18,-1.8694046558089898e-16,-6.248604601384798e-17,1.436322150347999e-16,-7.147162324606095e-17,1.4676458416739035e-16,1.335906161426663e-16,2.533510913703385e-16,1.0942237759269428e-16,1.8084942876553652e-16,-1.6172839578303042e-16,3.106517346919099e-17,1.157777342986721e-16,-1.7707414709290099e-16,-4.85418805152495e-17,6.143068345879613e-18,1.4305345097608072e-16,2.7974090678871806e-16,1.1037958269042653e-16,4.924534646091981e-17,-1.5401429675690168e-16,7.439208132036101e-17,2.7410783790331342e-17,-1.360545082163014e-17,2.2772497465794505e-16,-2.17590763378771e-16,-9.789446437902873e-17,-7.399120229288068e-18,-1.7306122426641716e-16,-1.158802611617253e-16,3.158530020986428e-17,-2.737140163138179e-16,1.1288212876133722e-16,-1.8092582221529132e-16,1.1168981559865452e-16,1.1026022188543849e-16
CC(C)(P(C(C)(C)C)[c-]1cccc1)C.CC(C)(P(C(C)(C)C)[c-]2cccc2)C.[Fe+2].CC([O-])C.[Li+].O=CN(C)C>>,CC(C)(P(C(C)(C)C)[c-]1cccc1)C.CC(C)(P(C(C)(C)C)[c-]2cccc2)C.[Fe+2]||CC([O-])C.[Li+]||O=CN(C)C,C_73128478286b,CC(C)(P(C(C)(C)C)[c-]1cccc1)C.CC(C)(P(C(C)(C)C)[c-]2cccc2)C.[Fe+2]||CC([O-])C.[Li+]||O=CN(C)C,CC(C)(P(C(C)(C)C)[c-]1cccc1)C.CC(C)(P(C(C)(C)C)[c-]2cccc2)C.[Fe+2],CC([O-])C.[Li+],O=CN(C)C,-1.9179796339156854,-0.18726345430004446,2.908369704710279,1.2103199323859894,-1.774569797175953,-1.0797576777377251,-0.09567356882997102,-1.2149740641993767,0.37427923432686894,-0.013215065740001806,-1.84265029421418,0.9972468196112793,-0.9518916010000201,-0.5957314583508563,0.26328093403194464,1.13906997050264,0.5907837234008474,-0.11572532936171691,-0.0654886001273955,0.01169408515114518,-0.29078992619718885,0.2106812706592467,-0.153373250888558,0.15922701760643576,0.16858618844283624,-0.4071306510908713,-0.025684449333410738,-0.012722469469352696,0.0034725128178821757,0.0004990323422565804,9.22112459702069e-16,5.694102888523516e-16,4.62695740334015e-16,3.0632769430859656e-16,6.425712584982548e-16,4.927331374555848e-16,4.1361750389312097e-16,3.311366642342568e-16,-1.203700279242736e-16,-3.1546764390118737e-16,-1.621708286650458e-16,1.546543781003335e-16,-1.2775472770991415e-17,3.551424411508471e-16,4.7703281384008644e-17,-3.7623725537931496e-17,-2.481570281688864e-16,1.2212046606246677e-16,2.2692170774705756e-16,3.5199839587515056e-17,1.859378607560373e-16,-1.6099946936042814e-16,-1.0306547428541182e-16,-1.5268452110798514e-16,-2.153074939667976e-17,-1.1268476203364419e-16,-4.040615584687471e-16,5.532074158435526e-16,-1.1834280120776345e-16,-1.3123556523638914e-17,5.596699423028777e-17,-1.1635477258396067e-16,-1.3185389095159722e-16,-1.4663744335478398e-16,1.2383926493356558e-16,-1.3280301732050607e-16,-8.549690652270237e-17,1.8031308049524422e-16,-1.461567751955513e-16,8.044846615350212e-17,2.0469375938279145e-16,-1.3073262674673e-16,-2.7282662323956144e-16,1.5766997324046216e-16,-3.3754621981505824e-17,1.1557393830796224e-16,2.6004926351793097e-16,2.1849405998264615e-16,-1.809926322232754e-17,-2.7201064597386544e-16,-1.0102391048613529e-16,-3.6060781544823713e-16,5.133504627582866e-17,1.5648220857623929e-16,1.3142780223248398e-16,4.671037543636661e-16,1.49388637519486e-16,7.250087428285791e-17,-1.1777675503076745e-16,2.6181401476296004e-16,1.2220727175807347e-16,1.1743054905284194e-16,3.042203089792913e-17,4.986738471052309e-17,9.207278678427363e-17,-3.5200285471357583e-16,4.2964016477405633e-17,1.7309436146035595e-16,1.7197171292501262e-16,-1.7963953366856407e-16,2.645949352542951e-16,-5.411448448719507e-17,-1.9569144421388726e-16,-1.78857767476114e-17,-1.6552103536330133e-17,2.3998264846300286e-16,3.757980239816109e-16,1.6076158336645027e-16,5.720695213975039e-17,-2.911035197613506e-17,1.3195855105760456e-16,3.252974134174068e-17,-1.9763549974098713e-16,-2.7297203596470075e-17,2.7928953663270683e-16,-1.1790511558298747e-17,-5.0479112878689296e-17,-1.5420823754897408e-17,-2.522979851703382e-17,3.7450136347139966e-17,-1.2684241907983006e-17,-1.6023738858365183e-16,-1.9917120501635505e-16,1.0020062313536442e-16,-1.1347817235657056e-17,-1.8066528598291916e-16,2.9270421064858757e-16,-1.1732861318761976e-16
CC(C1=C(C2=CC=CC=C2P(C3CCCCC3)C4CCCCC4)C(C(C)C)=CC(C(C)C)=C1)C.CC([O-])C.[Li+].O=CN(C)C>>,CC(C1=C(C2=CC=CC=C2P(C3CCCCC3)C4CCCCC4)C(C(C)C)=CC(C(C)C)=C1)C||CC([O-])C.[Li+]||O=CN(C)C,C_5ed2443913e9,CC(C1=C(C2=CC=CC=C2P(C3CCCCC3)C4CCCCC4)C(C(C)C)=CC(C(C)C)=C1)C||CC([O-])C.[Li+]||O=CN(C)C,CC(C1=C(C2=CC=CC=C2P(C3CCCCC3)C4CCCCC4)C(C(C)C)=CC(C(C)C)=C1)C,CC([O-])C.[Li+],O=CN(C)C,4.449424556491485,-0.5111456362978842,0.6870367750970805,2.178554949640563,-0.7050092363973248,-0.6765404462083628,-2.7349622707747283,-1.0137852471228475,-0.42998382692582443,0.20371405499576062,-0.20440999897998197,0.2111292196186273,-0.6783238262460558,-0.38832961888981044,0.8627163736917228,0.9497414426018903,0.17655211337658913,-0.09122611762635968,0.021284173999328984,0.0686055989756551,-0.29384102059960565,0.3387928231807763,0.2424135290337643,-0.1906443842204932,-0.2408017374916475,-0.44964737678781097,-0.11534408017462597,-0.009153362908421503,0.046953717574061735,0.009616648745753216,-1.5581403454662776e-16,1.000056494512328e-16,-3.564627951150413e-18,3.441294399819882e-17,-6.565809977032117e-18,1.4037335784978417e-16,6.111888376160772e-17,3.3307635235776295e-16,-9.163633039754718e-16,-2.974807512014583e-16,-2.225715393551615e-16,1.4702989930928886e-16,8.035103995958642e-17,-2.6897554108873197e-17,-5.530429741239953e-16,2.676754634828934e-16,-1.2129195731856612e-16,-1.4874647676836054e-16,-9.57453579446529e-18,2.7010678420927245e-16,1.0758181344627451e-17,-1.8933869060792902e-17,-3.925086060301972e-17,1.5338058484731559e-18,1.932979054330373e-16,8.769188345686424e-17,2.291015234729145e-16,-1.5947436846462726e-16,1.4813526779823455e-16,7.333163891884703e-17,-1.2063831131840185e-17,1.415205153987331e-16,9.618866911588955e-17,1.9731636730586772e-17,-1.2167319521178963e-16,-2.159195281812497e-16,9.264741530441153e-18,-2.1677580423758204e-16,8.355514075908308e-17,1.1547297264038703e-16,2.4458295517603163e-17,-1.5969863984417898e-16,-1.7661848847507635e-16,1.6157634230664356e-16,-1.7478617413612685e-16,7.289295735849167e-18,-4.870504897521196e-17,5.0361024735675275e-18,-5.4765981445984e-17,-1.9815030489374526e-16,3.172681033703046e-17,-6.64520549734974e-17,-3.5143322690535697e-17,-1.6400520781480081e-16,1.6350690947356364e-16,1.1352469220890743e-16,1.6706856788132372e-17,2.7133531325887567e-17,5.4215032310225923e-17,1.3271032102040438e-16,-6.837259684432765e-17,1.1281660494414355e-17,5.603218554246514e-17,-1.584458287645684e-16,5.958629111044386e-17,-1.166629026628675e-16,-9.13597863397165e-17,1.6000829161087654e-17,-3.4965106273072104e-18,-1.354734363698824e-16,-4.920411834842231e-17,2.411647933452656e-17,-4.1399420421869386e-18,9.387663808623142e-17,7.416190711488775e-19,-1.2543397605978041e-16,-3.370832678455026e-17,2.2779770542408246e-17,9.210794879592739e-17,9.650772944126595e-17,-1.824956322862828e-17,2.566995024560079e-16,4.823980910514929e-17,-8.323734449756136e-17,-8.327237940219899e-17,-1.3067100221247837e-16,2.2479425542166777e-16,-1.503968598100369e-16,-2.10800004368136e-16,1.605802731171833e-16,-1.918061647203598e-16,1.8501370684483038e-16,-8.701042291572376e-17,2.896333653808718e-17,-3.1892362559772803e-17,-1.566154262907036e-16,-9.146797864350955e-17,4.450908978085074e-18
[c-]1(P(C2=CC=CC=C2)C3=CC=CC=C3)cccc1.[c-]4(P(C5=CC=CC=C5)C6=CC=CC=C6)cccc4.[Fe+2].CC([O-])C.[Li+].O=CN(C)C>>,[c-]1(P(C2=CC=CC=C2)C3=CC=CC=C3)cccc1.[c-]4(P(C5=CC=CC=C5)C6=CC=CC=C6)cccc4.[Fe+2]||CC([O-])C.[Li+]||O=CN(C)C,C_6e3260f0b639,[c-]1(P(C2=CC=CC=C2)C3=CC=CC=C3)cccc1.[c-]4(P(C5=CC=CC=C5)C6=CC=CC=C6)cccc4.[Fe+2]||CC([O-])C.[Li+]||O=CN(C)C,[c-]1(P(C2=CC=CC=C2)C3=CC=CC=C3)cccc1.[c-]4(P(C5=CC=CC=C5)C6=CC=CC=C6)cccc4.[Fe+2],CC([O-])C.[Li+],O=CN(C)C,-1.0920303789106978,1.012978549747991,2.7169210294924966,1.0622928394488076,-2.152334327365336,-1.2047622206726514,-0.13357750060794915,-0.16930625121439932,-1.1713224403545923,0.3160355303274362,1.4784372786754378,-0.7862816273069037,-1.1338904622230639,-0.6995384059551375,1.0771694780009111,1.0854543068519873,-0.34090194292497505,-0.1314402769058583,-0.06384354324699429,0.4744955270058417,-0.3333660159813398,-0.015965475943545485,-0.10184406903591468,0.1394280337766235,0.15691954400530703,-0.3194337137518843,0.004351392750726414,-0.021593119588527318,-0.017460363000740334,-0.020692917521928717,-1.3456909137557317e-16,-5.927726470524944e-16,-9.586665295729028e-17,-2.7915072075931794e-16,-7.289728116845676e-16,-4.038873464095145e-17,-3.8325202022869413e-16,-1.35850214902417e-16,5.203707286150519e-16,-4.3492489662934376e-16,1.9948200413532505e-16,-2.8102439911169345e-17,7.420153168428812e-17,-1.4064713328556823e-16,-4.949743933903041e-17,-2.975485927959316e-16,-1.6783081987907732e-16,-2.4370864436222535e-16,-1.4180126582339814e-18,3.2983495961182684e-17,5.2541843636608055e-17,1.7327330741677668e-16,2.70856262240373e-16,2.5173561230169065e-16,-1.2136509723088995e-16,2.613909496139041e-17,-1.2823018910261119e-17,3.057511644639683e-17,1.987245470157084e-18,8.026934620138879e-17,-6.163809649229865e-17,6.149869978210395e-17,2.591748417629894e-16,-1.423835372133745e-16,1.2714199978761085e-16,-1.0785227944217721e-16,-2.693307884025052e-16,1.9558172524523186e-17,4.5841180666909585e-17,1.437528488669298e-16,-5.7304181464878074e-18,1.4523465793235558e-16,-2.2967521049620913e-16,-1.330206076622945e-16,-1.7092534298187342e-16,-8.912374394396334e-17,-9.098614594480153e-17,2.049052844680614e-16,6.196104288827714e-17,-8.276539179241948e-17,-1.006452567321958e-16,8.343407088096684e-17,-1.865592201485473e-16,-3.4383426978878107e-17,-1.0628175072090053e-16,1.5081024521226429e-16,1.375235576963957e-17,1.5938917446722917e-18,1.4324833277194857e-17,5.057236225746059e-17,4.1194101106747696e-17,-2.4334938258221234e-17,1.2353950781367954e-16,2.967146804991786e-17,-8.867528002526912e-17,-1.2390127820177098e-16,8.078646496304564e-17,-1.7062916046269086e-16,1.0913710013149203e-16,3.764771042321629e-17,8.816840876845263e-17,4.128119168997208e-17,1.384825425706413e-17,-1.3632820998663676e-16,-1.6476333142567511e-16,9.81146874647791e-17,1.7001507092381368e-16,-6.634116131969004e-17,1.6527295677172194e-16,-2.9277471600205225e-17,-5.71972763616895e-17,4.656971241198993e-18,2.95379331573777e-16,3.099515053124799e-17,-2.7934563158873974e-17,9.542983701125406e-17,-3.510214572935999e-17,2.541348105905578e-16,2.472604445004572e-16,-1.4909793467903113e-16,5.699835064171318e-18,8.990701881390922e-18,-2.4007333711591163e-16,3.9164960276765715e-17,3.3464661865459027e-16,-1.6165743363368297e-16,-7.640794201833715e-17,-4.4189872070599906e-17
CC1(C)C2=C(OC3=C1C=CC=C3P(C4=CC=CC=C4)C5=CC=CC=C5)C(P(C6=CC=CC=C6)C7=CC=CC=C7)=CC=C2.CC([O-])C.[Li+].O=CN(C)C>>,CC1(C)C2=C(OC3=C1C=CC=C3P(C4=CC=CC=C4)C5=CC=CC=C5)C(P(C6=CC=CC=C6)C7=CC=CC=C7)=CC=C2||CC([O-])C.[Li+]||O=CN(C)C,C_f658f608b090,CC1(C)C2=C(OC3=C1C=CC=C3P(C4=CC=CC=C4)C5=CC=CC=C5)C(P(C6=CC=CC=C6)C7=CC=CC=C7)=CC=C2||CC([O-])C.[Li+]||O=CN(C)C,CC1(C)C2=C(OC3=C1C=CC=C3P(C4=CC=CC=C4)C5=CC=CC=C5)C(P(C6=CC=CC=C6)C7=CC=CC=C7)=CC=C2,CC([O-])C.[Li+],O=CN(C)C,-0.45195096962202175,3.7617974555370237,-2.0424851310775316,2.084682375620534,-1.2215202465349164,-1.065843931564124,0.22611546807248117,-2.0046433252082725,0.31123394087613704,-0.0039377818266775255,-0.0533741806123092,0.25190186984534013,-0.8565335031911149,-0.4728885967421942,0.474488474060809,1.159288018776843,-0.21649905313333714,-0.08976450903172681,0.028174624601307433,-0.02420950397623962,-0.3559913921294183,0.1610473430136214,0.12768100461602727,-0.33327700782389785,-0.16656260377595963,-0.4956672151243366,-0.08845034199584532,-0.018218120457791864,0.04148261943027392,0.0211368349831149,-2.1694953844837678e-16,-7.434631708497919e-17,-2.3807503972380503e-16,-4.3648892936959444e-16,-6.146476328039315e-17,2.2524039030520917e-16,-3.722121003264784e-17,-3.225738663337089e-16,7.856378606834211e-16,2.1132215046240771e-16,2.9950085930995593e-16,-1.8274593240987491e-16,3.6432850250926455e-16,-1.681439138688323e-17,3.7348567498196206e-17,1.271058538254248e-16,-2.5242662270506125e-16,-3.725728251105304e-16,-2.620374207507189e-17,1.735827756761089e-17,-5.2157174224068245e-17,-3.815974031556039e-16,1.6273376576524692e-16,4.96504339716742e-17,-2.965754812617177e-17,-2.23008724209401e-16,4.114415438489625e-17,-2.788026584597478e-16,2.1370848551497387e-17,9.762644332181717e-18,1.7926476776775505e-16,2.000069665469743e-17,2.501311322931843e-17,-2.105143586607385e-16,1.1323134230033132e-16,-1.0469983371556214e-16,-1.0048201292519441e-18,-6.475614852112914e-17,-1.3474518337225886e-16,9.65046013452942e-17,-2.180660013832996e-17,-1.0395152128329792e-17,1.281562605811479e-16,9.907018328272535e-17,2.715873179585595e-16,-1.3379248820670863e-16,8.376635312607456e-17,-3.635984937241374e-18,1.3605891958278193e-16,1.4730126455266177e-17,-4.951494259981685e-17,1.695530397556793e-18,1.0073813831901813e-16,-1.5142573343305268e-16,8.196579658647316e-18,-1.435847568179694e-16,7.402457132903018e-17,5.983472801954931e-18,1.237484418484573e-17,-8.203328830781398e-17,-1.8374897423775476e-16,-1.220282912671926e-16,-1.1120149254511327e-17,1.226645278788217e-16,3.807027249944163e-17,9.772590529328164e-17,-1.820436712331739e-16,-2.6005458210629867e-16,-9.29856039294494e-18,1.1408572789424934e-16,1.0567178010783653e-16,-3.8408559113817394e-16,2.363394766037754e-16,-3.635073190240287e-16,-1.5477224474331826e-16,-7.388730349011237e-17,5.306216341855257e-17,-3.56880287932191e-17,-2.520263341092397e-16,-2.367427692807222e-16,-8.685237618389452e-17,-2.943621056713554e-16,2.948265926020966e-16,2.3415358878216873e-16,-2.7799364715784015e-16,1.7803448773829786e-16,-1.2367267353921593e-16,-2.9288895274827454e-17,1.6956026078668835e-16,7.819761929762537e-17,-1.110936862637466e-16,-1.0354805381469472e-16,1.5769580570516088e-16,1.95205591262814e-16,3.9261809612282064e-16,1.625315552817497e-16,1.1100536175271122e-17,2.90973516759292e-16
CC(P(C(C)(C)C)C(C)(C)C)(C)C.CCN(CC)CC.O=CN(C)C>>,CC(P(C(C)(C)C)C(C)(C)C)(C)C||CCN(CC)CC||O=CN(C)C,C_a907052b566d,CC(P(C(C)(C)C)C(C)(C)C)(C)C||CCN(CC)CC||O=CN(C)C,CC(P(C(C)(C)C)C(C)(C)C)(C)C,CCN(CC)CC,O=CN(C)C,-1.5064356275126802,-0.9264340269615754,0.20959475191389876,2.255665893440879,-0.4665065397468346,-0.8477548806873493,-0.36217579562808166,0.09124642956003268,1.4491329568292397,-2.1858815038100454,-0.39106538799681545,-0.5568961840183636,0.5000373564490133,-0.006572776876128367,1.3765912358803538,-1.2617497615554147,-0.9089529337109179,0.04138911657930287,-0.0376480002707246,-0.09697261574196951,-0.5363016389227149,0.09095182917021104,-0.06665180583126636,0.14445814344372393,-0.15798176424401486,-0.24041338515342062,0.011016593101820123,0.03968392808795875,-0.0034081388800200067,-0.041611455005986,-1.0557931251833784e-15,-2.7073352828050866e-16,2.673646077987897e-16,3.5510369345700426e-16,-2.7789589431099024e-16,2.375581431740739e-16,1.908654059856678e-16,-2.465715894422892e-16,1.2039965896484198e-16,4.624252190900092e-17,-1.274360653139269e-16,6.507201225084247e-17,-2.0677854822894097e-17,3.9839694435420157e-16,1.4327795985045458e-16,4.356687543179263e-16,1.8911276984653485e-16,-1.2690995653135837e-16,-5.318882737337116e-16,4.0456255957137205e-17,1.0528674760344014e-16,1.117787056987046e-16,3.573084895847246e-16,-1.2492259173046076e-16,-2.7989293574375927e-16,4.990784666929101e-17,1.8872031429884764e-16,-1.0687254900231899e-16,7.255225065421854e-17,-6.852900373721602e-17,-3.1971788753249903e-16,8.989342170911454e-17,1.5281895346744288e-17,-6.646209210312498e-17,-6.09416612872797e-17,-8.003753562547746e-17,-2.0555118627896534e-17,8.832185904960666e-17,1.8578884683454947e-16,-1.172127416132569e-16,4.6621378230705794e-17,1.2307495711243589e-17,-5.85010342437786e-17,-2.0830008873423428e-16,-1.151474426857328e-16,-2.7582523718008826e-17,-1.6426393171288212e-17,2.2804651600541335e-16,-4.039480389436216e-18,-1.3384842953069006e-16,2.3208884709197098e-17,1.6972035880711763e-16,-1.448016677228398e-16,9.361878056526962e-17,-1.8852107094625606e-17,-1.9337128017907578e-16,1.9525414508023054e-16,-2.5185486789631134e-16,8.183728415116377e-17,-7.049185598848744e-18,-6.206837717472419e-17,1.26492479152277e-16,-1.0195194624575594e-17,2.195911641202892e-16,-1.3498920374571912e-16,-2.170596198150449e-17,5.570403001647493e-17,6.305293159603513e-17,2.1402283138086355e-16,-3.181877664763978e-16,-2.12335907277101e-16,-5.1382417703910663e-17,-2.0167695298131316e-16,-1.4614471930865843e-16,-4.6004875277011446e-17,-1.0157025238834599e-16,-1.1592081196712985e-16,8.475523668349728e-17,3.820830991956018e-17,2.3227881544503288e-17,-1.6339978123948692e-16,6.840187634288752e-17,2.3087279329055285e-16,-4.862638126717171e-17,-8.124914557533881e-17,-2.593835910338184e-16,-1.8704461711115422e-16,2.775114041194791e-17,1.7171278385476245e-16,-1.7033215268966882e-16,9.559825789961727e-17,-1.0653838587655801e-16,-4.6574515608715e-17,7.420478170664278e-17,2.0027870648366408e-17,2.349521741792452e-16,-1.9929069128448816e-16,-2.7265534397930763e-17
P(C1=CC=CC=C1)(C2=CC=CC=C2)C3=CC=CC=C3.CCN(CC)CC.O=CN(C)C>>,P(C1=CC=CC=C1)(C2=CC=CC=C2)C3=CC=CC=C3||CCN(CC)CC||O=CN(C)C,C_be82877dfd6a,P(C1=CC=CC=C1)(C2=CC=CC=C2)C3=CC=CC=C3||CCN(CC)CC||O=CN(C)C,P(C1=CC=CC=C1)(C2=CC=CC=C2)C3=CC=CC=C3,CCN(CC)CC,O=CN(C)C,-0.43025912970923885,1.4530166605168693,-0.1210870095917358,2.0996907483943423,-0.7442441864339808,-0.9232499260422677,-0.3059241056643756,0.41186809184856005,-0.17845234021554104,-2.07415961100918,0.35891881361348743,-0.3692109596239359,0.5505059501683227,-0.04538312572456966,0.4819591587084066,-1.1806890400948666,1.8242174862856289,-0.018230247632426644,-0.05139260496181207,0.39651756639162833,-0.5813801495779243,-0.14597406374310928,-0.028574323059270778,0.13001464794678516,-0.16341968306883575,-0.15086188180921747,0.04100969195732426,0.030448695164254476,-0.02718086581461501,-0.06285391059546765,-1.2421536130586989e-16,-2.328560161220405e-16,3.8911227711110975e-17,3.5086469068451314e-16,3.089460267325242e-16,-4.213612380927579e-18,1.6560759429975192e-16,1.6446278604780714e-16,-5.3859606576301786e-17,2.265806318300536e-17,-4.3027459820976733e-17,6.541553817705924e-17,-1.705648594096462e-17,-3.5898464080715126e-17,-2.8445914360524576e-17,-3.1748176468572517e-16,-1.6333724827040623e-16,8.72881191202241e-18,-3.3325702465813167e-17,-2.422010534413025e-16,9.948565487641363e-17,1.8567613023168697e-16,-3.9244841841267443e-16,6.506500980013736e-17,-1.325176009731191e-16,-4.54644052871583e-18,1.5088816252431147e-16,4.1915411873336014e-17,-1.5504222208743647e-16,-7.254616950161172e-17,-8.129604629465561e-18,1.5051532882934889e-16,-1.3956080153187481e-16,-1.7404939497326365e-16,-2.092912136907977e-16,2.0512747277433425e-16,-1.0300095343628091e-16,-2.045274831761424e-17,8.069735707628208e-17,-1.2739480464336573e-16,-3.769509773288036e-17,-8.918247388486675e-17,2.3091635436600667e-16,1.8923495110623204e-16,1.3394235019771493e-16,-3.918695423123529e-17,-1.1704842326388017e-17,1.2967779865285067e-16,5.4058789664482986e-17,1.9367563844211774e-16,1.5295747385275166e-16,-1.5923693276810728e-16,4.325015308048507e-17,-4.126059481329683e-17,1.3836438104505608e-17,2.6358346893216734e-17,-2.4927874452560687e-17,-1.4248418242447632e-16,-1.7669584184943005e-17,-1.9292632938691698e-16,-2.1122382422109647e-17,-7.669052845594954e-17,-1.4206611171724165e-17,3.3186808437115954e-16,2.499526904787293e-16,4.7293158240021564e-17,-1.156497674471327e-16,-9.359779936233487e-17,-4.5272977545459564e-17,2.480585184299906e-16,5.664764672952316e-17,-6.044425281670771e-17,-9.460171222027198e-17,-6.070910583918946e-17,-5.527937296554148e-17,2.0705905261999539e-16,-3.5724930410050396e-17,-5.2939801566485974e-17,-1.2685729156846793e-16,-5.409467504803935e-17,-1.4584307861277484e-17,-8.672727750371545e-17,-2.4411124490705326e-16,-1.4146205369663069e-16,3.5123733705687657e-16,-7.071310430732448e-17,-2.5704835862289386e-16,5.632824488453038e-17,2.54339210202076e-16,-4.3153539741019806e-17,1.785693271146966e-16,-9.28201458926383e-17,-1.305865720813118e-16,-1.8997047652112868e-16,-6.093717687953765e-17,6.044784417571836e-17,2.233252082018933e-16,-3.688457097245179e-17
CC(C)(C)P(C(C)(C)C)C1=CC=C(N(C)C)C=C1.CCN(CC)CC.O=CN(C)C>>,CC(C)(C)P(C(C)(C)C)C1=CC=C(N(C)C)C=C1||CCN(CC)CC||O=CN(C)C,C_aaa76f18ef2e,CC(C)(C)P(C(C)(C)C)C1=CC=C(N(C)C)C=C1||CCN(CC)CC||O=CN(C)C,CC(C)(C)P(C(C)(C)C)C1=CC=C(N(C)C)C=C1,CCN(CC)CC,O=CN(C)C,-1.5527580338471572,0.03738194701240265,1.2788367563569398,3.3533348971203982,3.0716237689793604,-0.9322774790973244,-0.0483374244133558,-0.4665797291409003,-0.8185885552515418,-1.8389823544135098,0.3799140832467943,-0.13372257158093645,0.6317907464514669,-0.5665724036805093,-0.4298065204778957,-0.28687369236932925,-0.07039956606050246,-0.009947150808025098,0.05409209011565293,-0.21543358337300583,-0.527872924276792,-0.25385110976249786,-0.18042376370619115,0.44482275950619665,-0.5322240201003057,-0.13437298815595813,-0.17342414872789874,-0.02860766933464767,0.0493671196431357,0.20665062777350718,9.586714346359653e-18,2.7836045433744353e-16,2.7613370774179507e-16,-6.293581918856037e-16,1.1369437678296272e-16,6.368040728278595e-16,-3.787045115682037e-16,8.024141430752132e-17,-3.2640911267384367e-16,-1.326977936406469e-16,-1.568766020294136e-16,1.2432366372031802e-16,3.326770519360805e-16,-1.902555540361531e-16,2.976131642045401e-17,2.186346271842586e-16,-7.214745730083953e-17,-2.5699590307271463e-16,-3.909775830466735e-16,-5.85101022923214e-17,-5.074102937823696e-17,-1.756450636698079e-16,1.0504943421015809e-16,-7.851692812560463e-17,-2.3978695640218887e-16,3.3826703517061505e-17,8.455209419819683e-17,-1.9882294150237446e-16,1.9719830983534063e-16,1.2278917729871028e-16,-1.2452305606656339e-17,1.4320585785238988e-16,-1.8548701319977393e-16,-9.319420944707484e-17,1.162591326363293e-16,1.2236885263893346e-16,-3.0583043950920403e-16,-1.3910216561496686e-16,2.1871678491701138e-16,1.2675759590178538e-16,-6.332964099794164e-17,1.3178202385521223e-16,1.7441124864910026e-18,-2.1387073832537266e-17,1.179246822368184e-16,-1.2319230392295156e-16,-2.2074081810113973e-16,-8.649930111733194e-17,5.1824787096894e-17,-9.061501544971486e-17,-2.4554978149947845e-16,2.2717446427300396e-17,4.522212158430225e-17,1.652036268911465e-16,-7.038924543989468e-17,-3.5733863588081656e-17,-2.1644032157819785e-16,2.4033289921678563e-17,-1.6900112581100564e-17,-6.820908345945895e-17,1.324375207676342e-17,-1.3041494195627874e-17,-1.3294434904076811e-18,3.0346110143402624e-17,9.875473939203953e-17,4.6159886942578185e-17,-1.875521313676498e-17,-2.7394237182079735e-16,-3.0268001078942777e-16,1.2842330017033164e-17,-3.3010872334311944e-16,-1.3273043873546528e-17,-8.370628591410793e-17,4.891900865203986e-17,1.4358028713795688e-16,1.6469343645330693e-16,-2.2061364076744095e-16,1.9115621359207064e-16,1.543294951205516e-16,1.0603454526236493e-17,3.2675275895552594e-17,7.671865484309894e-17,-2.443066632416408e-16,1.4804996293063233e-16,-8.912552537814426e-17,2.627357239325713e-16,-2.0133358976000476e-17,1.7472444836915918e-16,-2.234959143872948e-16,2.5777277830281343e-16,-8.661615295760224e-17,5.728456809093707e-17,2.0781340004578267e-16,3.842534805363554e-17,6.626790921890899e-17,-2.070815939546673e-16,1.617184189367842e-16,-1.022179123763879e-16
P(C1CCCCC1)(C2CCCCC2)C3CCCCC3.CCN(CC)CC.O=CN(C)C>>,P(C1CCCCC1)(C2CCCCC2)C3CCCCC3||CCN(CC)CC||O=CN(C)C,C_197b0e22a4db,P(C1CCCCC1)(C2CCCCC2)C3CCCCC3||CCN(CC)CC||O=CN(C)C,P(C1CCCCC1)(C2CCCCC2)C3CCCCC3,CCN(CC)CC,O=CN(C)C,-0.13845852638812312,-1.4779704754278404,-0.11724015983224038,2.0759366798095513,-0.8217935737541219,-1.0146417595540924,-0.5924856376134239,0.30600850123748746,2.340344227595942,-2.0390557013795836,1.0707361504719874,-0.7870488583399537,0.17684698249464345,-0.8632151287533674,-1.3585397330309503,-0.03749103488184651,0.2028536686966947,-0.01962139034504098,-0.045333921280434016,0.41075888073271766,-0.548685872663213,-0.0982975216066411,0.14592144360578646,0.21680009399816036,-0.16892647204346212,-0.12482624372990345,0.03961306476128526,0.0691749592393897,0.0896686230446512,-0.06356215107004902,7.715394331338295e-16,1.6547775448323885e-16,7.783406533673986e-18,1.7151566219223639e-16,2.0148847440667276e-18,-1.557707676258057e-16,2.2743460170517465e-16,-2.87134511387211e-16,5.20180722164377e-17,1.598103766673967e-16,1.4384309120701437e-16,-8.915480808931652e-17,-2.1915305015011117e-16,8.95686679407089e-18,2.802551275199841e-16,-5.203121231422709e-17,-4.529910338024156e-16,2.687294413063982e-16,1.88777862949211e-16,9.18424575527246e-17,-3.596122122440653e-16,-1.0341934213965227e-16,2.267517239655447e-16,1.8529509392008952e-16,1.954433099949292e-16,1.9251812818878935e-16,4.0332028334723475e-16,7.847885062460789e-17,1.2094142239109806e-16,2.9207578848828995e-16,1.2577297278788495e-16,1.438668357005805e-16,-6.119974111551494e-17,5.946450326943645e-17,1.4703378699818563e-17,1.2103853505637788e-16,-4.053591648658164e-16,1.2524576186377654e-16,-1.9886135271522206e-16,3.442002538950265e-17,2.736165089490978e-16,-2.7344077752305616e-16,4.6100527986921334e-17,-1.464455816760335e-16,2.33042856223661e-16,1.816553337040781e-16,7.745798600167428e-17,6.246646882830579e-17,-3.3718202501415524e-17,3.5918658121710665e-18,5.063646333637949e-17,1.9641628386740104e-16,6.648350762712802e-17,2.829039599469973e-17,-4.189844883976959e-16,-2.7864975240066786e-16,9.206899151890826e-17,-3.0740522483378164e-17,1.1168680973952127e-17,-1.0739095937114375e-16,-4.281668912838868e-17,2.9645046333166926e-16,-1.3059306430238876e-17,-2.679617868267703e-16,-1.1740614321950354e-16,1.69704462062187e-17,-7.484642382988983e-17,1.6622342353298049e-16,-1.3094861229403127e-16,9.620267758937676e-17,-1.6002258863783283e-17,-2.3822960980901165e-16,-2.138759511069052e-16,1.502061542727302e-16,-4.511581410741154e-17,5.962030529770103e-18,-4.947617258848269e-17,-2.328523183103066e-17,2.010037437443619e-16,3.1883327520652827e-16,1.175621917051897e-16,1.621175130849939e-16,2.738603315154899e-16,9.160339027973374e-17,8.496186331837454e-17,1.4294828457177368e-16,1.1102638237940302e-16,-2.318358144470053e-16,-1.6300311105911096e-16,3.1690583118337425e-16,2.1460000177058205e-17,1.0873166174004969e-16,-5.876084405378224e-18,3.2532499892330774e-17,-1.483132630566063e-16,1.8532647871743458e-16,6.284721298928734e-17,-1.9734554504263076e-16
CC1=CC=CC=C1P(C2=CC=CC=C2C)C3=CC=CC=C3C.CCN(CC)CC.O=CN(C)C>>,CC1=CC=CC=C1P(C2=CC=CC=C2C)C3=CC=CC=C3C||CCN(CC)CC||O=CN(C)C,C_83fdf5ad5aed,CC1=CC=CC=C1P(C2=CC=CC=C2C)C3=CC=CC=C3C||CCN(CC)CC||O=CN(C)C,CC1=CC=CC=C1P(C2=CC=CC=C2C)C3=CC=CC=C3C,CCN(CC)CC,O=CN(C)C,-0.599914021403808,1.8656889235477534,-0.2854227336592962,2.075890184946424,-0.7180642636960821,-0.8746291297403274,-1.2408557149365822,2.833562467502584,-0.6154029557189731,-2.074817503785119,-0.8730616445848155,0.15378856769476434,0.20779648196344702,-0.7563378484003054,-0.605766165029854,-0.40061599765637906,-0.5492685638302374,0.0027324983466794927,-0.04370912931836822,0.36968558585253913,-0.5828575988196116,-0.14391863357412815,-0.030028457722442038,0.12078664803546146,-0.17008919854956095,-0.15321522396931864,0.04083840091781557,0.029822343209731945,-0.0270537491995904,-0.0626553152494633,-3.43334691957913e-16,-4.354089051512343e-16,-5.0211149523295105e-17,3.0135095191757047e-16,-3.7039183838025784e-16,-3.10937694441218e-16,3.3009170026176164e-16,1.4517012511019295e-16,-1.917998050265404e-17,1.0106032638539875e-16,-3.2045497550967376e-16,-3.108384359412768e-16,-3.7558246057604485e-16,2.579863207002543e-16,-9.892481565676547e-17,-2.353850733753243e-16,-1.4919057086351203e-16,-9.501353093426751e-17,-8.529895967000714e-17,-3.067240893540222e-16,2.6485113116143005e-16,2.9957973342346215e-16,-2.1921768293813595e-16,5.907970481032453e-18,-7.640186662528385e-17,-1.8667270731731408e-16,-4.269989228019697e-16,2.9712492726676384e-16,-2.2251906544804197e-16,2.4294333480871987e-16,-4.5547141398109213e-17,1.0621022563384486e-16,5.271458572252559e-17,1.2735745934495916e-17,2.7595761152491496e-16,1.2822195134640244e-17,2.502934664485952e-16,-1.9638661253300001e-16,1.0086775669902034e-16,-3.104281053636484e-17,-2.870840388200779e-16,1.206846976595133e-16,-3.5898898973201225e-17,-1.1575520886594535e-16,-8.485422441587819e-18,3.3024149042783787e-16,5.485548634306665e-21,-1.78808234755007e-16,-5.578541186908621e-17,8.634110834615746e-17,-4.8939653542419275e-19,-4.742576901728709e-17,-2.533974408405198e-17,2.5619027681083507e-16,1.6945929272348417e-17,1.5246765478594601e-16,1.1549597409659448e-16,-4.61438412560971e-17,8.172527371481345e-17,3.6967469947961616e-16,1.1776724944789742e-16,-2.396314967088669e-17,1.2301357659684138e-16,2.1056336931196119e-16,6.49165723366396e-17,6.816592237744085e-19,1.5616096521048673e-16,7.586505539615712e-17,3.21512072439209e-17,1.9816156371121744e-16,-6.0860773758484e-17,6.852594814817256e-17,1.3481585705679266e-17,-1.3329117667618368e-16,-1.676869614597589e-17,-3.3400207978406844e-17,-4.5327267497560165e-18,-4.276171515446724e-17,-9.70069511019719e-17,-5.498285919311133e-17,1.306775073037583e-16,-2.267010336349116e-17,-1.7651491764644025e-16,1.2885902883103144e-16,-2.42677367090849e-16,3.755274058094605e-16,1.158633792242169e-16,-5.904717209197196e-17,1.6806470540620472e-16,5.3156400371134e-18,5.189008597151644e-17,8.782619393797255e-17,2.5533056551069134e-16,1.983010510497287e-16,-9.338505867185051e-17,-7.253466358473046e-17,6.163663763285414e-17,8.056834497564864e-17
CCCCP(C12C[C@@H]3C[C@@H](C[C@H](C2)C3)C1)C45C[C@H]6C[C@@H](C5)C[C@@H](C4)C6.CCN(CC)CC.O=CN(C)C>>,CCCCP(C12C[C@@H]3C[C@@H](C[C@H](C2)C3)C1)C45C[C@H]6C[C@@H](C5)C[C@@H](C4)C6||CCN(CC)CC||O=CN(C)C,C_1b96841a7153,CCCCP(C12C[C@@H]3C[C@@H](C[C@H](C2)C3)C1)C45C[C@H]6C[C@@H](C5)C[C@@H](C4)C6||CCN(CC)CC||O=CN(C)C,CCCCP(C12C[C@@H]3C[C@@H](C[C@H](C2)C3)C1)C45C[C@H]6C[C@@H](C5)C[C@@H](C4)C6,CCN(CC)CC,O=CN(C)C,-1.867400157882821,-3.3393605178840144,-2.1786738340438916,2.2659003072261648,-1.777924062783685,-0.9721633296848713,-0.08326243805259917,-0.3030260249215789,-1.84388352408751,-1.8567006701773763,0.1159570603225031,-0.029155981330670384,0.4345513367162531,-0.4999136979610052,-0.4374259097468024,-0.5776841370823839,0.005035060736725798,0.019064675228579513,-0.046173454911826825,-0.06410534854612977,-0.5016823163881605,0.14004030949680576,0.10787079840935294,0.23708620083653079,-0.17235623561607222,-0.22067460020413576,-0.008092190400520522,0.05267507187117573,-0.004894482437917058,-0.03519036922387869,-3.639015154534131e-16,2.984459938345213e-16,2.7537067458118497e-16,2.6785896098663068e-17,1.06033853372421e-16,1.4356611853743602e-16,-8.077154364768073e-17,-6.512684869506198e-16,-1.7791153631936e-16,-3.752051594837458e-16,-1.666623004711972e-16,2.0740142957569326e-16,3.452627398794851e-17,3.820704017055619e-17,1.426494767402061e-16,1.8314734809535374e-17,-1.718883493396059e-16,1.1586641626191654e-17,1.9006267840610473e-16,3.139808683779828e-17,-5.813603029737773e-17,1.05638495340657e-16,1.9125690636971382e-16,-1.4983228557995034e-16,1.0349458379190587e-17,1.110937630768789e-16,-3.1081925448368376e-16,1.7042527704069316e-16,-1.2493893973629897e-16,-8.06289847845211e-17,4.5995112931569285e-17,-4.4148127368356813e-17,-1.5334656999942437e-16,1.3884591904506854e-16,-6.077796551039955e-17,9.155219274488408e-17,-1.109379081887775e-17,7.339170665804922e-19,-7.392273828699248e-17,6.782066426863833e-17,1.2731632743944313e-16,8.872582435031773e-18,-4.563999419566966e-17,2.991271560982957e-17,-2.6025135365657105e-16,-4.896144433448294e-17,4.6450798508657435e-17,1.0531217966759829e-16,-1.0848045364614239e-16,-1.1446838967959348e-16,3.610380040661829e-17,-9.881771877265058e-17,6.33133495764802e-17,2.367735089948344e-17,-4.8981753180034876e-17,-5.701107928955503e-17,1.4832003250889308e-16,-1.004294192794102e-17,-3.9061174388449584e-17,-2.925595611285614e-17,6.04016420538404e-17,-4.237758086993389e-17,1.901456127284363e-17,-1.5659595892388605e-16,-9.13467999843074e-17,-1.6469620338707168e-18,5.90213546330982e-17,-2.318832583536774e-16,2.0608240958215058e-16,-1.4451871856335981e-16,3.449399346063963e-17,1.4581559560711361e-16,-5.1926991788571955e-17,-1.1532058251952055e-16,1.21511738392375e-17,-1.8106050160231222e-16,-2.3496494699601183e-16,-6.455405347995615e-17,-1.6176089052020935e-16,1.6736571892718213e-16,-1.931362313869171e-16,8.90886365309939e-17,-1.6058546409224867e-16,4.531071606973424e-17,8.407105732373285e-17,-1.0448168085453729e-16,4.605951686316798e-17,-3.916910732025963e-17,1.077710871915882e-16,-1.6636171963302528e-16,-1.0606841148806898e-16,-1.333636144006781e-16,3.7983396081929085e-16,-1.36556092836744e-16,-1.347077367570469e-17,2.024730788503442e-16,2.503918750882748e-17,-1.0685777096064525e-17
COC1=CC=CC(OC)=C1C2=C(P(C3CCCCC3)C4CCCCC4)C=CC=C2.CCN(CC)CC.O=CN(C)C>>,COC1=CC=CC(OC)=C1C2=C(P(C3CCCCC3)C4CCCCC4)C=CC=C2||CCN(CC)CC||O=CN(C)C,C_f1d4bc3c8713,COC1=CC=CC(OC)=C1C2=C(P(C3CCCCC3)C4CCCCC4)C=CC=C2||CCN(CC)CC||O=CN(C)C,COC1=CC=CC(OC)=C1C2=C(P(C3CCCCC3)C4CCCCC4)C=CC=C2,CCN(CC)CC,O=CN(C)C,4.024574150849737,-0.4134944847735457,0.7110583348226102,2.1309234758513065,-0.7486991398015125,-1.2809274527787489,2.639369044529533,0.3650067353185994,-0.2737366770327216,-2.256940127157828,-0.26300965724650877,-0.03271338985899666,0.18513377237823206,-0.5182684816422296,-0.21726569169943283,-0.6026130073816937,-0.23747589711697295,-0.006894178351996812,-0.07391634224892032,0.32462032281022185,-0.5557370367576405,-0.2035669351300774,0.16554959644170528,0.31342077823409537,0.09930091361890024,-0.09887727221346228,-0.06810141644862149,0.20249352277041965,-0.06619238707564908,-0.007138759174345628,9.129376947183575e-16,-1.8136903793988874e-16,1.945304405395731e-16,-1.1549328589388137e-16,5.960487015770601e-16,-6.103007875337636e-17,2.426113308179367e-16,2.406317205470144e-16,-2.730861805143093e-16,-3.043291934844208e-16,2.4170626702711833e-16,1.2211250438557936e-17,3.499600543063504e-16,-3.7129541109702372e-16,-4.009385534486197e-17,-3.6533969670773126e-16,-8.741824320386655e-17,-3.193670537777468e-16,9.492740215477079e-17,3.56042402519123e-16,-9.356847976079135e-17,-3.0483933568989393e-16,9.076976885089502e-17,2.223038402130107e-16,5.618390323078291e-17,-2.080514662188773e-16,1.7733732179489766e-16,1.1602966821886372e-16,-3.671622054857864e-17,-3.646640831678467e-16,-1.3778881987970431e-16,6.387196235446902e-17,1.4482427265173108e-16,-1.292962989063038e-16,-1.5030243368922769e-16,-2.659343852676169e-19,-2.7920603744022523e-16,-8.623994381097131e-17,-8.720280499582675e-17,4.821158350946212e-17,4.478414012884569e-17,1.2580220307082821e-17,-1.9411473707511123e-16,-9.153080277226274e-17,-1.226080902549999e-16,-3.411230340311239e-16,2.797731726603316e-17,-2.313169378903628e-16,-1.1543959667093532e-16,-2.9518684126448183e-17,-1.4299497177353323e-17,-7.146194600526562e-17,9.372439113574269e-17,9.84288660992671e-17,1.7579447589609548e-16,1.1024624153250014e-16,1.4796565447577968e-16,-1.9543258611292958e-17,2.508391417519444e-16,-1.7173378052892815e-16,1.244231343137037e-16,-8.625895998966585e-17,-5.206711672251521e-17,-1.9116300795812487e-17,-1.2677055970287296e-16,5.663133282146564e-17,-1.1713029067283496e-16,3.545629500562122e-16,-1.7986634947488152e-16,1.6483410894171053e-19,-3.2565740200915825e-16,-1.6469810502653195e-16,-5.813074533774929e-18,2.922972000131203e-16,2.087918747086662e-17,-7.131193028514907e-17,-2.1306768334307966e-16,-4.9365113364273395e-17,-1.3750304956930668e-16,-5.043275318641946e-17,-2.8475722365451753e-16,2.0114139309958994e-17,7.02343468697551e-17,-2.0989124830593563e-17,1.6727238819683064e-16,-2.793793365971643e-17,-4.5587188517669594e-18,-7.113087285418565e-18,1.578727606102408e-17,1.6901097349923335e-16,4.436036694749242e-17,-4.7997761156359357e-17,-1.4256587921308844e-16,1.5193382774579132e-16,6.134893743646669e-17,2.3098757577692827e-16,-3.992846681735101e-17,-2.0060494075082787e-16
CC(C)(P(C(C)(C)C)[c-]1cccc1)C.CC(C)(P(C(C)(C)C)[c-]2cccc2)C.[Fe+2].CCN(CC)CC.O=CN(C)C>>,CC(C)(P(C(C)(C)C)[c-]1cccc1)C.CC(C)(P(C(C)(C)C)[c-]2cccc2)C.[Fe+2]||CCN(CC)CC||O=CN(C)C,C_6a6ab74c2cad,CC(C)(P(C(C)(C)C)[c-]1cccc1)C.CC(C)(P(C(C)(C)C)[c-]2cccc2)C.[Fe+2]||CCN(CC)CC||O=CN(C)C,CC(C)(P(C(C)(C)C)[c-]1cccc1)C.CC(C)(P(C(C)(C)C)[c-]2cccc2)C.[Fe+2],CCN(CC)CC,O=CN(C)C,-2.0613674748154254,-0.2525855694523947,2.9753538550839083,1.2377328620830812,-1.750240449599036,-0.9302602122341459,-0.20147182484794593,-1.0450322277602886,0.26748995599046255,-2.1357861769753588,-1.5633748738869104,0.7330070317149353,0.4609254403388629,-0.48900582664781855,-0.8157015259307298,-0.5197804057729627,0.3367338445502464,0.017924901885427762,-0.04432633695920211,-0.08892219386353363,-0.5408200023302672,0.08113894606073582,-0.08070683201226656,0.13938957820482242,-0.15928393463620155,-0.2406916694796575,0.010531497854027086,0.03878269418128468,-0.006171306032349613,-0.041412837215791955,-1.705728941986721e-16,-2.8932343215756505e-16,1.0761916004094383e-16,3.1012621825593756e-16,4.071117631724885e-16,2.961559389390814e-17,9.008628890647134e-16,9.090753081305561e-17,1.2617054617363322e-16,6.162897404236721e-16,-1.3941290768509253e-16,-6.923951349607642e-17,2.1044220755960919e-16,5.36738689176271e-16,2.115651122043966e-16,3.4347940110785966e-16,2.298173849672198e-16,6.060199884576598e-16,3.630710255510326e-16,3.787919011865522e-16,-2.1864616158110044e-16,-3.138492430641239e-16,2.200967669371663e-17,-3.458403665720325e-17,6.6275453925014265e-18,-2.0630413120048043e-16,-1.4908876209000401e-16,-2.163346985559055e-16,6.338379588404087e-17,-3.580141028143237e-17,-1.2524246557875171e-16,-6.570532073149438e-17,2.732105863802272e-17,-4.444829681418327e-17,-1.1319312094180383e-16,-1.2042196125902554e-16,2.013944632419342e-16,1.5786423753277342e-16,5.738004019376353e-17,-7.844351654777846e-17,2.234335768167115e-17,-2.4285286379381833e-16,2.9249705743381685e-16,2.1586222559759205e-16,-8.969250037944555e-17,-1.5761116420236558e-16,-1.0683305947859681e-16,-2.8894372748423297e-16,2.3146264078946575e-16,2.361084532040855e-16,-1.6309630469953642e-16,1.0482917327134134e-16,-3.236603124650084e-16,3.1101176502435685e-16,-1.2420567743991894e-16,3.0316783563945197e-18,2.3927503047449267e-17,1.843922072753532e-16,-1.063606448363149e-16,1.5552034372730948e-18,4.3233242647878043e-16,-2.296641233602804e-16,-1.7341630415217057e-16,-1.5571742926478824e-17,2.3722087347470907e-16,-2.117929779423425e-16,-9.379886759798536e-17,-5.266077387536628e-17,3.913599818013944e-16,-2.7439234897429064e-16,9.171129960337597e-17,6.914592525318929e-17,1.1394337644060286e-16,-7.857766539853456e-17,5.810270602175867e-17,-1.7464450476620647e-16,2.1387743042431404e-16,-5.763294260596846e-17,1.0074109747795861e-16,-2.906920369444505e-17,3.1011610208930005e-17,7.60444985818968e-17,-5.288810726764134e-17,9.728822676373877e-17,-2.6353468213915654e-16,-1.3638226602197425e-16,1.218982120519551e-16,1.236691181443864e-16,-4.7437433329575853e-17,-1.8390961012426805e-17,9.487668431416061e-17,2.6762629144744094e-16,3.5674445288029026e-17,-1.2854829097601675e-16,8.843369807597741e-17,-8.649851003403694e-17,-7.429949912068743e-17,1.6879206148197934e-16
CC(C1=C(C2=CC=CC=C2P(C3CCCCC3)C4CCCCC4)C(C(C)C)=CC(C(C)C)=C1)C.CCN(CC)CC.O=CN(C)C>>,CC(C1=C(C2=CC=CC=C2P(C3CCCCC3)C4CCCCC4)C(C(C)C)=CC(C(C)C)=C1)C||CCN(CC)CC||O=CN(C)C,C_72d1e659fcdd,CC(C1=C(C2=CC=CC=C2P(C3CCCCC3)C4CCCCC4)C(C(C)C)=CC(C(C)C)=C1)C||CCN(CC)CC||O=CN(C)C,CC(C1=C(C2=CC=CC=C2P(C3CCCCC3)C4CCCCC4)C(C(C)C)=CC(C(C)C)=C1)C,CCN(CC)CC,O=CN(C)C,4.42946735994845,-0.5212719487669022,0.7100413163444238,2.2279076235865243,-0.7012109163277074,-0.5504117764404295,-2.7999239735123864,-0.9789682268222258,-0.5610215582697319,-1.7835007186130818,-0.0640974986679266,-0.18280163164391744,0.5474717253067611,-0.4629627621695401,-0.14940758396339468,-0.6429657301087655,-0.11220001343884412,0.015304930216224758,-0.07868736706779375,-0.0857223069068313,-0.48265588148766636,0.12227246784754486,0.032692162978491826,0.41415028910776575,-0.016299540335579933,-0.19550314150384768,0.017690904481053586,0.05815726259992736,-0.0217831470534171,-0.03606236351700488,2.847220494818025e-16,1.3016741787308718e-16,3.6353846607211445e-16,1.115418457158818e-16,-3.4423129216998037e-16,3.2994720934598907e-16,-4.0516152217969923e-16,-2.4813951757592035e-17,-2.5236343737812813e-16,1.2198482550156235e-16,-3.2138225948712156e-17,-4.451496363286186e-16,1.7573814742054113e-16,-4.978188035003939e-16,-3.0353036648351846e-16,-3.461377775924781e-17,2.1409617086375343e-16,1.876318502389076e-16,1.992738110335047e-16,1.5408237491912837e-16,2.85544833806242e-16,-9.655498606707351e-17,-2.0828388667387941e-16,5.0654023571131235e-17,1.1731240434678695e-16,7.29368268745393e-18,-1.96773385561307e-16,-1.405847148529687e-17,3.59733218141935e-17,-1.0436485798386073e-16,8.186226110103002e-17,-1.978270241566755e-17,5.196968041696129e-17,2.3135884692178205e-16,1.1263241339191123e-17,1.6146070067268274e-17,1.1873521292141064e-16,-4.2087992284566496e-18,-1.8295251551361985e-16,-4.90255203385085e-17,2.5052058574873946e-16,-1.3255812873663456e-17,-2.8632517959139214e-17,-1.4714655170378328e-16,-3.4337796173021834e-17,1.3545518894811792e-16,6.737838530710862e-17,1.338397174719386e-16,5.5296623797422235e-17,1.3886700139638135e-16,1.440667607938833e-16,2.064554439402543e-16,2.9841064823772254e-16,-1.265979528738522e-16,-2.549610268780759e-16,-6.032762460109814e-17,2.31509927508451e-16,-9.304494401776684e-17,1.3901631688151006e-16,1.957965946428312e-16,-1.354637896759508e-16,-5.514137001686892e-17,7.245546126785611e-17,-1.8031447238202237e-16,1.0679365923737476e-16,-4.408446942947146e-17,-8.351758182104394e-17,1.2633220127591818e-18,7.331187258501237e-17,1.8531363647279412e-16,-1.7052913251883217e-17,1.48442704179821e-16,2.323162848685769e-16,3.040096565653651e-16,-2.1898297813047912e-16,-3.5268957746922964e-18,-3.9146630488272937e-19,9.354100689306559e-18,4.3645756039345246e-18,1.1658643739311703e-16,-5.735084325811892e-17,1.6638502504386982e-16,3.2440344811617248e-16,-2.0423775344806768e-16,3.445607108715344e-17,-3.896241352661806e-17,-1.4448864841150112e-16,2.6736128104101603e-17,1.1656377294613952e-16,-1.21705431861996e-16,-3.027700655928258e-17,4.476660972501107e-17,-7.693772630039352e-17,-1.2701408167307798e-17,-5.143650098322516e-19,4.612884165173288e-17,-1.9503886577842774e-16,-7.699626499567945e-17
[c-]1(P(C2=CC=CC=C2)C3=CC=CC=C3)cccc1.[c-]4(P(C5=CC=CC=C5)C6=CC=CC=C6)cccc4.[Fe+2].CCN(CC)CC.O=CN(C)C>>,[c-]1(P(C2=CC=CC=C2)C3=CC=CC=C3)cccc1.[c-]4(P(C5=CC=CC=C5)C6=CC=CC=C6)cccc4.[Fe+2]||CCN(CC)CC||O=CN(C)C,C_fb7b54f78284,[c-]1(P(C2=CC=CC=C2)C3=CC=CC=C3)cccc1.[c-]4(P(C5=CC=CC=C5)C6=CC=CC=C6)cccc4.[Fe+2]||CCN(CC)CC||O=CN(C)C,[c-]1(P(C2=CC=CC=C2)C3=CC=CC=C3)cccc1.[c-]4(P(C5=CC=CC=C5)C6=CC=CC=C6)cccc4.[Fe+2],CCN(CC)CC,O=CN(C)C,-1.2354182198104375,0.9476564345956413,2.783905179866126,1.0897057691458991,-2.128004979788418,-1.0552647551690715,-0.23937575662592356,0.0006355852246881886,-1.2781117186909992,-1.8065355809079218,1.757712699002708,-1.0505214152032474,0.2789265791158191,-0.5928127742520999,-0.0018129819617630917,-0.573396069423615,-0.594951821775576,0.0022099543412868834,-0.04268128007880133,0.37387924799116296,-0.5833960921144183,-0.1455078005420561,-0.029177650159622995,0.11959059437501039,-0.1709505790737308,-0.15299473214067014,0.04056733993816404,0.029912044062109643,-0.027104181850972475,-0.06260478707997742,-2.0701194448082044e-16,8.552930515159323e-17,2.5228621034780155e-17,-1.9833906263526515e-16,-4.918350739883382e-16,-5.839850383992666e-16,-1.8481012097728299e-16,2.090118298669765e-16,-3.851468019705614e-16,-2.2553967487668563e-16,2.9002802881095515e-16,2.1485796431127513e-16,-2.2258398091756384e-16,-8.673940655757697e-17,1.6545616000527443e-18,-1.3483251137163373e-16,-3.0089517557780714e-16,1.2223559448835763e-16,4.935211666871512e-16,4.656767604938706e-16,-4.44074706009109e-17,2.4819153886002023e-16,-7.273773882156922e-17,2.8962096612826297e-16,7.673495533203895e-17,2.6939033454043125e-16,-7.20414510974964e-18,7.743923263170168e-17,-1.6509289025520834e-16,-2.0235779739423463e-16,1.0439132569915559e-16,1.0062567664562949e-16,-5.879771853144159e-17,1.0145955162019621e-16,-3.064817399267189e-17,-2.0278525026319183e-16,-1.5382997386330198e-16,-3.7047071650742114e-16,1.2946596239937443e-16,-3.34136374229277e-16,2.529750714111192e-16,2.5087692428460986e-16,-1.4253023951423156e-16,2.650707625111981e-16,-1.2697062967403496e-16,-3.5527862635656256e-16,-2.9563899127594227e-16,-6.717567010299313e-17,-1.1854828370334384e-16,2.997026762680611e-18,1.2771651870915618e-16,4.018789828968931e-18,-1.7405011036066146e-17,-1.8800335583840192e-16,4.915432641390449e-17,-6.220011394182172e-17,-1.0368088599801874e-16,-8.694813009040525e-17,-1.7780639167914645e-16,9.964663711122891e-17,-1.2885552829997842e-16,-5.1260818397728777e-17,3.0531071496623404e-18,-5.941264034731137e-17,-2.03488266614431e-16,-5.437207770908119e-18,1.7275121726263952e-16,9.84031408478452e-17,-8.617184076494218e-17,8.354060543394535e-17,6.189395214324454e-17,-5.537920234195768e-17,3.1651626527503906e-16,-2.5258285439106947e-16,-1.239568201699798e-16,1.9655592074972266e-16,1.5504947687885582e-16,3.57974862296285e-18,1.7612314966549136e-16,8.329951786704446e-17,1.7726832460473195e-16,-3.273401163565579e-16,-3.967355384205701e-17,4.2454050893407627e-17,-6.953576763291709e-17,-5.0589732788917267e-17,-1.8745753910249588e-16,-2.1217487039089886e-16,5.167141063849959e-17,-1.9801387710309244e-17,9.373438888709502e-17,1.5551892588925825e-16,-3.029037024206697e-18,1.3789655207443477e-16,-4.6260890779683734e-17,1.778623480766652e-18,5.464910578528344e-17,-4.9051364304677516e-17
CC1(C)C2=C(OC3=C1C=CC=C3P(C4=CC=CC=C4)C5=CC=CC=C5)C(P(C6=CC=CC=C6)C7=CC=CC=C7)=CC=C2.CCN(CC)CC.O=CN(C)C>>,CC1(C)C2=C(OC3=C1C=CC=C3P(C4=CC=CC=C4)C5=CC=CC=C5)C(P(C6=CC=CC=C6)C7=CC=CC=C7)=CC=C2||CCN(CC)CC||O=CN(C)C,C_f578fd7da02f,CC1(C)C2=C(OC3=C1C=CC=C3P(C4=CC=CC=C4)C5=CC=CC=C5)C(P(C6=CC=CC=C6)C7=CC=CC=C7)=CC=C2||CCN(CC)CC||O=CN(C)C,CC1(C)C2=C(OC3=C1C=CC=C3P(C4=CC=CC=C4)C5=CC=CC=C5)C(P(C6=CC=CC=C6)C7=CC=CC=C7)=CC=C2,CCN(CC)CC,O=CN(C)C,-0.47190816616505504,3.751671143068007,-2.0194805898301875,2.1340350495664957,-1.2177219264653,-0.939715261796191,0.16115376533482345,-1.9698263049076512,0.1801962095322287,-1.9911525554355203,0.08693831969974637,-0.14202898141720452,0.36926204836170234,-0.5475217400219247,-0.5376354835943092,-0.4334191539338125,-0.5052511799487697,0.016766538810857955,-0.07179691646581578,-0.17853740985872474,-0.5448062530174793,-0.05547301231960939,-0.08204036143924517,0.2715176655043614,0.05793959338010759,-0.24152297984037305,0.044584642659833876,0.04909250505055687,-0.027254245197204926,-0.024542177279643074,-4.164568146887455e-17,-3.5881244204732653e-16,3.335857558357372e-16,-5.092182546770545e-16,5.065548327496884e-17,5.144618346828666e-16,-4.1424247899965505e-16,-3.237781730918184e-16,2.639739857571781e-16,2.523370024910586e-16,9.770518582584532e-17,-4.4390215897938816e-16,-1.5383750579067926e-16,-7.590228065465913e-17,-3.3853056868501783e-16,-1.1538311645617614e-16,-1.5487847348620276e-16,-2.7600097581916043e-18,-3.2661208493293215e-16,9.545881533229319e-17,2.0324291225503336e-17,-4.977541426367027e-17,4.602412058251005e-17,-6.45891439327622e-17,-3.469720399043405e-16,1.438644526533519e-18,1.2021678112119034e-17,-2.420760188740129e-17,1.7695335846473794e-16,-1.3996360645701128e-16,4.3436802559904816e-16,-1.0009507403303765e-16,-6.428243354374767e-17,-2.051380343824642e-16,3.5278409371596483e-16,1.568079298226191e-17,4.777184170866367e-16,8.03046551669744e-17,7.451839567325787e-17,2.0117170101814645e-16,3.8272637780565694e-17,-6.616547144904088e-17,8.587942071965901e-17,1.58353033485647e-16,-8.88928974804528e-17,-7.36621217389832e-17,-1.4976445392461816e-16,-2.0361254769066293e-16,-2.387052752670541e-16,5.011006254777084e-17,7.307615083928873e-17,-2.2241132935877215e-17,3.1917814906103556e-16,-7.792207580076296e-17,6.47638987809776e-17,-1.5731653715820591e-16,-2.35531179052902e-16,1.2946683841216666e-16,-2.8737038290802056e-16,1.4405338358336894e-16,-1.2158478493025629e-16,1.3729630759100759e-16,2.623148360572242e-16,-2.687847729597845e-16,-1.2019049961846498e-16,1.4546900311237974e-16,1.9160871952553895e-16,-1.1594813552232505e-16,-1.3532636203605136e-16,-4.0414202257839795e-17,1.5528839478524369e-16,1.2286414657312202e-16,-2.4311325508339534e-16,2.3009027986660545e-16,1.7983112177240349e-16,7.194675715542614e-18,-9.374632883295657e-17,4.9742998152756236e-17,-9.866464131118283e-18,7.1897419907157e-18,-3.9297054004059106e-17,-4.790485484219208e-17,-6.569265272180814e-17,-1.7565999445240136e-16,-9.747854155619336e-18,-2.2669789820562815e-17,-1.8892280087689858e-16,-3.275550217588527e-17,-7.864335496902039e-17,-2.3515383961576186e-16,3.937277592858791e-17,1.8661826839204525e-16,1.9297063334250144e-16,-3.9154163144169626e-16,-1.2482554972301926e-16,2.1861475882964098e-16,1.3096221480938767e-16,-5.4129092880366765e-17
CC(P(C(C)(C)C)C(C)(C)C)(C)C.[Na+].[OH-].CO>>,CC(P(C(C)(C)C)C(C)(C)C)(C)C||[Na+].[OH-]||CO,C_bac38ef81ad9,CC(P(C(C)(C)C)C(C)(C)C)(C)C||[Na+].[OH-]||CO,CC(P(C(C)(C)C)C(C)(C)C)(C)C,[Na+].[OH-],CO,-1.3501959291124912,-1.0280365053307883,-0.18510202303529324,-0.19414067443995406,0.29159676853443633,0.7296598613846306,0.21607125603096594,0.26619192256117474,1.55566797877494,0.3876873275331558,-0.7940715047748554,-0.8489547642978764,1.547531963762075,0.9486859285248408,1.5666741297590203,-0.16847446617661477,-0.941919933079473,-0.583824650236693,0.6375807017831644,0.18283145989227167,-0.06512182412097883,-0.04283305363025127,-0.04265503305418468,-0.010705187069023502,-0.09084542351098085,-0.0011235317809933452,0.03347811101931189,0.05450688735991946,-0.025486706781705438,0.011188223669377304,-2.389033295617413e-15,-3.318731569955097e-16,-1.9359221203656404e-16,-4.751218296380631e-16,4.885278457200693e-16,9.322495884850476e-16,4.860812464205129e-16,1.307558414280065e-16,2.8730220432315144e-17,3.121149869908452e-16,-2.038186285473069e-16,4.5402133720072145e-17,-3.8210390296441013e-16,1.5386005851988852e-16,-3.9018492548124416e-16,-7.239055779642074e-16,6.994624804685584e-17,1.940578645526558e-16,-1.5334604855141732e-16,1.673682379932707e-16,-1.627696763912701e-16,-1.4525917042522992e-16,7.41679246381959e-17,2.2124652582140394e-16,2.151082649605756e-16,2.4357999227651173e-17,1.2181532661666014e-16,-1.1123480522214063e-16,-3.1310495456427154e-16,-2.074645823789526e-16,8.426280696826388e-17,1.8293681784312664e-16,-2.859908491633334e-16,2.7192187426286914e-16,6.146492781768435e-17,-7.944793395718198e-17,-7.94099610052905e-17,-1.6605170746490927e-16,-4.822860825019301e-17,1.3390060193390664e-16,1.1991362102179336e-16,-4.4314521119795795e-17,-2.1897935458421785e-16,3.7776417380049686e-17,-2.300215043357551e-16,-1.924682624286164e-16,5.795234557050228e-17,-1.5449842932141866e-18,1.768805006640788e-17,-1.0128298367932702e-16,5.717832501147608e-17,-1.5462222662485857e-16,-2.2879410848178034e-17,-8.577615554449025e-17,4.9468494266122835e-17,1.5809069842992493e-16,-8.501765813928088e-19,-4.3752038797017847e-17,-7.460311903778527e-17,1.6855877448080195e-16,-9.052067700048101e-17,1.2704067705673643e-18,-2.549064224071909e-16,1.2083923279333743e-16,8.50605229064999e-17,-1.462170064701254e-16,-1.4465620965722417e-16,-2.6756037134594345e-17,-8.810021327244448e-17,1.809386632346001e-17,-8.692694924533113e-17,-8.779508939558837e-17,-5.073570286568863e-17,1.964958643717994e-16,2.2698242580596563e-17,-4.915577365802799e-17,8.144811133498154e-19,-1.9170316678728464e-17,2.2628155117904015e-16,6.086388889722784e-17,-1.2634341945123115e-16,-5.1354684297098956e-17,6.703413923139974e-17,3.324263583286907e-16,-3.935920369256201e-17,-3.099969046329549e-17,-1.5137656308116846e-16,-2.1258971445221037e-16,4.0978046658180024e-17,1.0312951269218563e-16,8.741681655309384e-17,-1.7114387894747676e-16,1.8742798573479503e-16,8.541168665357218e-17,-1.5228726108002974e-16,-2.5420132385138433e-16,-1.3221691198323016e-16,1.05939324766016e-16
P(C1=CC=CC=C1)(C2=CC=CC=C2)C3=CC=CC=C3.[Na+].[OH-].CO>>,P(C1=CC=CC=C1)(C2=CC=CC=C2)C3=CC=CC=C3||[Na+].[OH-]||CO,C_8eb89ccb1675,P(C1=CC=CC=C1)(C2=CC=CC=C2)C3=CC=CC=C3||[Na+].[OH-]||CO,P(C1=CC=CC=C1)(C2=CC=CC=C2)C3=CC=CC=C3,[Na+].[OH-],CO,-0.24777329851780233,1.3806712543857473,-0.49347478038764664,-0.3812894427623336,-0.025529038597168586,0.5343231786254616,0.32607913137566696,0.7595313213370242,-0.03505728942922125,0.6018315166046576,0.06665028547843285,-0.7013926280639002,1.6928771944178478,0.9982119965763931,0.585149589684636,-0.08547206834588847,1.8823781837072322,-0.6158927626017962,0.6211038002472165,-0.1440299774719171,-0.0330981183155798,0.12910422701040175,-0.09831850487320128,0.014040790138029967,-0.07436775515186876,-0.07227793554958493,0.007384387341613668,0.06193463085404846,-0.010652468632555395,0.029509490417195923,-7.457570145362129e-16,3.3280680173181224e-16,1.927310533604431e-17,-3.3659705994031306e-17,3.4520582928455015e-16,6.136269037156236e-16,-1.20272563303788e-16,1.0572937417407304e-16,-2.524018776018612e-16,9.763613618072123e-17,-1.0846905796205981e-16,-2.323896244921768e-16,5.270982631213011e-17,-6.392469914497765e-17,1.496973863592644e-16,-1.1379062189291415e-16,-5.3811467615017885e-16,3.0356524287212285e-17,2.0261137554429202e-17,-9.88629399739182e-17,-2.172866125530861e-16,-2.938427510457421e-16,3.28377289695677e-16,8.040496137617962e-17,4.2202284517115346e-17,3.0093757945778766e-16,-2.1696506221091446e-16,1.3146134425505644e-16,8.755129655028043e-17,2.060303999550436e-17,-2.0082548426518136e-17,6.748935613571587e-17,1.395544850758367e-16,2.812853823306244e-16,-1.4713405284727454e-16,-3.648231962201533e-17,-9.260085581672841e-17,-1.9374575470907356e-16,-1.972480302743078e-16,-5.2450158646916344e-17,1.1904554017214138e-16,-1.3064904369929208e-16,-3.3503401186935453e-16,1.3555183081313977e-16,2.1747814210490639e-16,-7.818407391183399e-17,1.183119521460458e-16,3.756050124846998e-17,2.1480288620952654e-17,5.4834487707307766e-17,-2.404787821821048e-17,-2.8266181989382636e-17,1.4680771828105092e-16,8.52115388239995e-17,7.407260235743647e-17,3.877604083936552e-17,-5.573504925533649e-17,2.850333206808059e-16,-2.396936166034715e-16,-5.114456259229078e-17,8.773426598881e-17,-1.4527212814066316e-16,-7.567405666172188e-18,-1.6793000487622333e-16,1.3475741392823632e-17,-1.5393067166637276e-16,5.360803874892373e-17,7.76669406658151e-17,-4.2324595907561356e-17,-1.6363212304253645e-16,7.377542734045426e-17,1.2947546591775455e-16,6.581541377429867e-17,-1.615775573435542e-17,8.72684017548801e-17,1.1954524626556078e-16,-1.3805681612347016e-16,4.375215211707459e-16,-3.4971604899561476e-16,-2.705660126379146e-17,4.6155527845458444e-18,1.1454035201996259e-17,1.0979817325550508e-16,1.1334163760539816e-16,-1.574206729186614e-16,-1.2097198247976674e-16,-1.4189319408204254e-16,-7.424349602060956e-17,1.9769686109749833e-16,1.5258495656636557e-16,-1.7086527390493752e-16,5.962401300837066e-17,1.6772825099275733e-16,1.384521594223896e-16,1.4536331396106082e-16,1.4359790791112408e-17,2.382512207272263e-16,3.3605981260610837e-16
CC(C)(C)P(C(C)(C)C)C1=CC=C(N(C)C)C=C1.[Na+].[OH-].CO>>,CC(C)(C)P(C(C)(C)C)C1=CC=C(N(C)C)C=C1||[Na+].[OH-]||CO,C_67f1dcb728e0,CC(C)(C)P(C(C)(C)C)C1=CC=C(N(C)C)C=C1||[Na+].[OH-]||CO,CC(C)(C)P(C(C)(C)C)C1=CC=C(N(C)C)C=C1,[Na+].[OH-],CO,-1.4368390853695567,-0.048376057975977424,0.9804360212982242,1.3386800948400834,3.87186069774284,0.5752879104777741,0.5128783717915002,-0.33949427696543627,-0.7715866294636415,0.6644816067975188,-0.009079751523893344,-0.48759809151011907,1.373366152217139,0.4017208918290798,-0.4167276124710224,0.5501097010433862,-0.12711364104404416,-0.6000524076043706,0.5828241561341216,0.33460965336568,0.09840237457712797,0.21212327032378192,-0.009963870331709328,-0.26457848953259894,0.24371159453456798,-0.1874454445929427,0.08637935308269339,0.049340389477928,-0.04204110135723564,-0.09457057976391153,-1.0748443737692197e-16,1.8694818544977673e-16,7.836347818279104e-16,3.7981247226623754e-16,-1.670766421490227e-16,-2.206628903602442e-16,-3.360805386689182e-16,-3.697826859223467e-17,2.736842997845745e-16,-2.7507857222536797e-16,-2.221267140829355e-16,-3.0466432565560728e-16,-1.4867853968841054e-16,2.1090979546378498e-16,-4.1937333824897195e-16,5.78827432778195e-16,-2.4278145413122345e-16,2.613117547910629e-16,3.093890425373357e-16,7.993410810610772e-17,-1.6082226294390283e-16,1.1261203754275047e-16,3.0513827726916966e-16,2.2741033633926614e-16,1.2849771177842413e-16,8.615094793876396e-17,1.0882971679779037e-16,1.3328553912187495e-16,-2.3581586377741726e-16,8.111079661523294e-17,2.0505777022849367e-16,-1.0946050224902918e-17,4.7462316296918865e-17,-1.127059913914008e-16,9.09570851836327e-17,-2.0153251724937956e-16,-3.680817857705542e-18,1.5245008298786568e-16,1.237440642511223e-16,-1.3700784221214209e-17,-1.0379218422289318e-16,4.1141012500966303e-17,1.3750572447850349e-17,-8.238931378979634e-17,-8.842792179578471e-17,-2.0515200253413576e-16,1.5541079037411595e-16,2.541180820256521e-17,1.698332289058329e-16,1.1935306047817855e-17,1.9546191975753142e-16,-4.3994410404720455e-17,2.622424516254218e-17,-5.194762322623689e-17,-9.698126710952636e-17,3.3069801804174933e-17,-1.9204726929500604e-16,-1.3897649135126184e-16,7.845883095416106e-17,5.482420750115958e-17,7.003928996586586e-17,-2.353269660204e-16,-4.431403400331718e-17,-5.228091112698476e-17,7.221585815663803e-17,6.67020391453058e-17,-1.8901889016136055e-16,1.2858191287879618e-16,-3.2555773854692055e-16,1.6789765727384294e-17,2.596652894317504e-16,9.478478251044807e-19,-8.148103292267475e-17,-2.837586195252971e-17,-2.0322841723586227e-16,-1.0201050734819018e-16,1.5385623953502492e-17,9.060185133600872e-17,1.4258808000712188e-16,1.4011387705624757e-18,1.51556772512657e-16,1.516498609944995e-16,-2.0978026233225106e-17,-4.0083558783754404e-16,5.37407865651421e-17,-8.010047957899376e-17,2.308247535324497e-16,3.0380004042271892e-16,-2.902546199364457e-17,1.50965442802698e-16,-5.001597067458401e-16,1.5993885501875258e-16,-1.2201091709210617e-16,6.162094503765538e-17,-1.7812713537583302e-17,4.55996512128409e-17,8.414693385267644e-17,-2.868019955914182e-16
P(C1CCCCC1)(C2CCCCC2)C3CCCCC3.[Na+].[OH-].CO>>,P(C1CCCCC1)(C2CCCCC2)C3CCCCC3||[Na+].[OH-]||CO,C_a161714f8e54,P(C1CCCCC1)(C2CCCCC2)C3CCCCC3||[Na+].[OH-]||CO,P(C1CCCCC1)(C2CCCCC2)C3CCCCC3,[Na+].[OH-],CO,0.04402730480331359,-1.5503158815589628,-0.48962793062815174,-0.405043511347125,-0.10307842591730888,0.44293134511363724,0.039517599426618186,0.6536717307259519,2.483739278382261,0.6369354262342539,0.7784676223369329,-1.119230526779918,1.3192182267441688,0.1803799935475947,-1.2553493020547202,1.0577259368671306,0.2610143661182989,-0.617283905314411,0.6271624839285949,-0.12978866313082732,-0.0004038414008681666,0.17678076914687024,0.0761772617918561,0.10082623618940566,-0.0798745441264957,-0.04624229747027077,0.005987760145574802,0.1006608949291826,0.1061970202267114,0.028801249942614703,-9.288039689474739e-16,-1.3574785062333536e-16,-4.0777749908499767e-16,2.800136303492505e-16,3.862251467594327e-16,2.5236608792096957e-16,3.6078401854275626e-16,-2.3297098850710897e-16,-2.2806310996403054e-16,2.1458497723948122e-16,-2.706908186036166e-16,-1.345949773727346e-16,-9.887050873029367e-17,7.563281242360537e-17,-9.842477630196638e-17,-5.948672351104766e-17,-2.1191623526192168e-16,-9.768694526909816e-18,-4.876680210405369e-17,-4.5765653067142515e-17,2.820465421868593e-18,1.2079368186518515e-17,-2.1366607558636677e-16,1.5202802848202426e-16,3.1094847708851476e-19,-3.163883434801219e-16,1.3623094133908789e-16,-5.489017951653535e-19,-2.0342989708701103e-16,-8.553608352992863e-17,-1.694618347662762e-16,-5.161481743340493e-16,-4.121700813781198e-16,-3.186354237516135e-16,-2.49670361741531e-16,1.2061350364253267e-17,-1.6972146723337676e-17,-1.5958204330873248e-16,3.483150699921593e-16,-6.714858364354947e-17,-1.7427978424693057e-17,-3.4751111987238395e-16,-8.418427133167383e-17,-6.815424430747934e-18,-1.7227544494997292e-16,1.6582197611810928e-16,7.839315010608238e-17,1.0906758192326131e-16,1.2875741432673026e-16,-3.441239916701163e-17,4.450247825471548e-17,4.932227615094638e-17,-1.7787630048147282e-16,-1.395927841241131e-16,-6.577289982247319e-17,1.549020372308766e-18,1.6728998749068814e-16,-1.681884204182532e-16,-2.2455553700642157e-16,1.2027895697823899e-16,1.0329691053158574e-16,2.274236033128793e-16,-8.513865763888856e-17,2.913048140152082e-16,-4.6839937189498843e-17,5.2134491057720104e-17,-4.751065738476908e-17,3.708091415922551e-17,-1.3523515815465726e-16,-2.901869896245631e-16,1.442399170695017e-16,-9.07566396480772e-18,-6.858673341168362e-17,-1.609886536426432e-16,-2.449818384602733e-17,4.6510357087725927e-17,-5.948529411867861e-17,-8.09097628335615e-17,3.478259063844806e-17,2.6335769656923645e-16,-4.4963974308159206e-17,-2.4931558497395397e-16,-1.8036710011872023e-16,-1.8414972285171777e-16,1.5838084551004526e-16,9.258743140408355e-17,-2.1592385436686543e-16,8.868253528951024e-17,1.1218395020506049e-17,6.466213586148732e-17,-1.771534175048978e-16,1.9273847144396308e-16,3.8854674596345463e-16,1.5285439714807104e-17,5.401332390020157e-17,1.4598563153553067e-16,-1.9845537798702642e-16,5.889484315981165e-17
CC1=CC=CC=C1P(C2=CC=CC=C2C)C3=CC=CC=C3C.[Na+].[OH-].CO>>,CC1=CC=CC=C1P(C2=CC=CC=C2C)C3=CC=CC=C3C||[Na+].[OH-]||CO,C_adea5a65f7a1,CC1=CC=CC=C1P(C2=CC=CC=C2C)C3=CC=CC=C3C||[Na+].[OH-]||CO,CC1=CC=CC=C1P(C2=CC=CC=C2C)C3=CC=CC=C3C,[Na+].[OH-],CO,-0.417428190212372,1.7933435174166314,-0.6578105044552073,-0.40509000621025126,0.0006508841407300063,0.5829439749274031,-0.6088524778965393,3.1812256969910484,-0.47200790493265304,0.6011736238287183,-1.1653301727198695,-0.17839310074520054,1.3501677262129723,0.28725727390065725,-0.5025757340536247,0.6946009740925996,-0.4911078664086348,-0.5949300166226897,0.6287872758906605,-0.17086195801100681,-0.034575567557267296,0.13115965717938258,-0.09977263953637273,0.004812790226705945,-0.08103727063259403,-0.07463127770968626,0.007213096302104982,0.06130827889952614,-0.010525352017530196,0.029708085763200186,-7.641488195289667e-16,-2.527805726883227e-18,-2.231186018949827e-16,-7.879320185392848e-16,4.6731803606017e-17,1.3180911880869246e-16,6.818644954686156e-17,2.9709785345211165e-16,-2.4111634534767514e-16,-2.1298344611618822e-16,-1.706057340335649e-16,-8.176256935714993e-17,1.8516744377406871e-16,3.1755345141240255e-17,-1.6263879157960335e-16,2.2551514162947212e-17,1.7183430035250157e-16,1.1147566897139495e-16,-2.768091706426233e-16,-7.301816873225006e-17,-8.159588836786557e-17,5.5468826144168874e-17,2.507169033094646e-17,-5.115462005999335e-18,1.8132319385597875e-17,2.0168980863281524e-16,2.9961954232273064e-17,-1.45808685677773e-16,-6.381481762214168e-17,-2.368247673421484e-16,1.7005605833999119e-16,4.8169230049084576e-17,-1.366365670858483e-16,1.3610139856623648e-16,-4.271056435700388e-17,-5.513614470359337e-17,-5.140012022273895e-17,7.418641580701995e-17,7.906767119669441e-17,-4.9503252776220105e-17,9.474470080900318e-17,-2.1297113854406296e-16,-1.1489726820291067e-16,8.968157394771339e-17,-2.139083169877905e-16,9.482370397616217e-18,1.1229878967325213e-17,-8.927565191719119e-17,-1.1024670920125159e-16,3.3880422788172373e-17,6.186779059618367e-17,-6.027525954614577e-18,-1.7835979294667976e-16,-2.106711151565134e-16,-1.5458640953828392e-16,-1.62362130929412e-16,-5.043568830539259e-17,7.638200103543214e-17,1.6285541701858408e-17,4.2710657122251665e-18,-2.3264401215951605e-17,-2.5356592462376836e-16,3.4495558087924318e-18,2.5573725625815284e-17,-9.344591544602579e-17,1.834866194867595e-16,-3.364716741762428e-17,-9.2694145840788e-17,1.645526268984631e-16,-7.746593555252822e-17,-2.2991912161825083e-16,-1.2646765346652778e-16,7.81685964067524e-17,-2.8632584385388644e-16,-8.926498932120787e-17,-1.0598516360308984e-16,2.226601913187208e-16,-7.192616842009703e-17,-1.2832815044844348e-16,1.773098026460565e-16,-2.0507981061106673e-16,1.0917530218789462e-16,5.744263861921974e-17,7.115885317477822e-17,1.036414818762214e-16,-1.2253667069196492e-16,-1.4370277320858646e-16,9.564571659351198e-17,1.6372539174819554e-17,9.526675985287926e-17,3.124870351960073e-17,2.294027600571428e-16,-8.761298201520628e-18,-3.333606787492752e-17,1.1472416451497948e-16,-3.2172090866181375e-16,8.94955007199965e-18,-9.354965303261002e-17
CCCCP(C12C[C@@H]3C[C@@H](C[C@H](C2)C3)C1)C45C[C@H]6C[C@@H](C5)C[C@@H](C4)C6.[Na+].[OH-].CO>>,CCCCP(C12C[C@@H]3C[C@@H](C[C@H](C2)C3)C1)C45C[C@H]6C[C@@H](C5)C[C@@H](C4)C6||[Na+].[OH-]||CO,C_a499ef53af80,CCCCP(C12C[C@@H]3C[C@@H](C[C@H](C2)C3)C1)C45C[C@H]6C[C@@H](C5)C[C@@H](C4)C6||[Na+].[OH-]||CO,CCCCP(C12C[C@@H]3C[C@@H](C[C@H](C2)C3)C1)C45C[C@H]6C[C@@H](C5)C[C@@H](C4)C6,[Na+].[OH-],CO,-1.7111604594826324,-3.4409629962532287,-2.5733706089930837,-0.1839062606546687,-1.019820754502413,0.6052514123871084,0.4949846136064487,-0.12808053192043656,-1.7373485021418114,0.716868161165826,-0.2870490564555366,-0.32121456161018286,1.4820459440293152,0.4553450074399646,-0.24734301586813662,0.5155911582964161,-0.027931938631828374,-0.6061490915874167,0.6290552471420617,0.21569872708811186,-0.030502501586424705,0.006255426696343279,0.13186757118643472,0.08192287032378376,-0.1052198948830381,0.018615253168291636,0.014369327516971625,0.06749803114313685,-0.026973050339602407,0.017609309451484666,-1.5101028139287292e-15,-3.6950203072318465e-16,-3.945355231715255e-16,-7.102906269890093e-16,3.6257714623752815e-16,1.265521228678113e-17,2.59576863854741e-16,-3.2743793386833646e-16,-3.3330220187337367e-16,2.503057741287586e-17,2.4231402072073907e-16,-2.1839308199142798e-16,-5.303159720860818e-16,-1.1218287615277258e-16,3.72117648688437e-16,-2.157864233768772e-16,-1.193136186916572e-16,8.439170992830262e-17,-4.835140175617913e-16,5.504938514323041e-17,-1.675954933631258e-17,-2.6559023396826697e-16,-4.44901157835613e-18,-4.61204645162695e-17,6.467685199101165e-17,3.0825906123355146e-17,-1.3967688627029288e-16,1.0512895171368264e-16,2.253042508719395e-16,1.3961409874893574e-16,5.698441858802582e-17,-9.822112133584733e-18,-3.8465719971498036e-17,1.1430636905687807e-16,4.715948493433619e-17,6.985553146670243e-17,7.779392649776544e-17,2.6981061220066026e-17,-5.958581538865275e-17,-6.470661218515362e-17,1.1904199220469304e-16,-3.3531874773076384e-17,9.284903152329e-17,2.4999812363014976e-16,9.787980571404048e-17,6.99826903650531e-17,-1.4313666194102589e-16,-5.151451457371108e-17,1.514218292359752e-16,-1.0130243098660182e-16,-2.128187797570413e-16,-1.5589886300037707e-16,7.300146960014001e-17,6.27848238681204e-17,8.71724440307126e-19,1.499128425664819e-16,-2.9003363626684094e-17,2.00681802641621e-16,-1.689400834759549e-16,1.1692962855239952e-17,-1.2617655191060451e-16,1.773660628097134e-16,6.092749933867944e-17,2.3545980962817295e-16,2.9120276940006143e-17,-1.7770541281896853e-16,1.6935800233345997e-16,2.0664997796193715e-17,1.1840819360130277e-16,1.6882823718985275e-16,1.5867912761886426e-16,-1.1790044067132837e-16,1.9380692439942895e-16,-1.0056412918339171e-16,-2.9575016802938963e-18,-1.1962361262932135e-16,-3.3476668947600905e-17,5.899367510520992e-17,-3.257647201869045e-16,-3.749993279330355e-17,7.66547741325403e-17,-7.332790942286683e-17,-1.374870667496212e-17,-2.7075611999285115e-17,-4.593771858907592e-17,1.047770671791583e-16,4.695060002398182e-17,1.6107466371106574e-16,1.0669191132907165e-16,1.2454837802002635e-16,-5.96886780912078e-17,2.342506533909621e-16,-1.9957055832906284e-16,3.519081459161317e-17,-5.264547524359707e-17,4.653987606569007e-17,2.268386448879885e-16,-8.716267164861152e-17
COC1=CC=CC(OC)=C1C2=C(P(C3CCCCC3)C4CCCCC4)C=CC=C2.[Na+].[OH-].CO>>,COC1=CC=CC(OC)=C1C2=C(P(C3CCCCC3)C4CCCCC4)C=CC=C2||[Na+].[OH-]||CO,C_3e901a05a2ef,COC1=CC=CC(OC)=C1C2=C(P(C3CCCCC3)C4CCCCC4)C=CC=C2||[Na+].[OH-]||CO,COC1=CC=CC(OC)=C1C2=C(P(C3CCCCC3)C4CCCCC4)C=CC=C2,[Na+].[OH-],CO,4.14233566703063,-0.476994772467829,0.32916981168553966,-0.3334945402596252,-0.027213500045600622,0.11838482642421104,3.0962680868466963,0.67141199582732,-0.12964385458037023,0.33050160646302484,-0.48864748808879527,-0.3060651584989939,0.9643945945248629,0.6622479608180496,-0.16495627690690426,0.3809965484756204,-0.16925602145772722,-0.5876630623884206,0.5859615812415627,-0.3029479748018843,0.03346651001814159,0.004591229889582357,0.07402975780242126,0.3670053799824281,-0.07453826509813545,-0.1651201241272546,0.4080074520154108,-0.3671979975838049,0.02856237761156184,-0.0462049799490156,-2.8526318537414913e-16,1.290437034495614e-16,3.7969272592606434e-16,-3.6148651227880623e-16,-1.59333489423912e-16,4.763770130942204e-16,6.033451386692014e-18,2.4731677756025602e-17,8.362822258388867e-17,-4.242503320113778e-16,-1.6039786571245301e-16,-2.284051933133963e-16,-5.87385844272976e-17,-5.998181522120415e-16,-3.641051930591816e-16,3.7851317331554983e-16,7.259325414336815e-17,-1.2096463384644562e-16,1.0222732044475235e-16,2.8959788920822733e-17,2.0385809007672164e-17,-2.2619561283396353e-16,1.554209911078446e-16,1.1474979379180625e-16,1.2498117121672123e-16,-2.137684292329388e-16,-1.5425466244040503e-16,1.716505717123386e-16,8.495700054404127e-17,-1.5905730362140015e-16,-1.9797339653293502e-16,2.5068320928611547e-17,-2.1744150181644463e-17,-3.74015813738254e-18,1.3040303862792824e-16,-1.3369557234257136e-16,-9.155608896631864e-17,1.7060854811672718e-16,-1.384100962650987e-16,-8.762769711473601e-17,1.3423640945012934e-17,-2.2544649113460538e-17,-3.5731380626452306e-17,-3.486027167538618e-16,8.032206714474351e-17,9.672716700854916e-17,-6.964610125584336e-17,3.3154306147006026e-17,2.304280161790658e-16,1.564191174598529e-16,-1.1655831552565157e-16,-8.477118136246963e-18,-6.864309159285691e-17,-9.123957851909846e-17,-2.733634568232136e-16,-4.073168342820766e-17,-2.9353200068193884e-17,2.2297053203865566e-16,-1.2206931143977198e-16,-2.360645776598432e-17,-1.4229506948005843e-17,-5.364063558125127e-17,2.0621046467845555e-16,6.639901524682004e-17,-1.9611184705866635e-16,8.455992955876175e-17,-1.3563155669827486e-16,-2.698883922260638e-16,-3.047929439503468e-16,-9.517808164425367e-17,3.209916744692236e-16,8.294840047468618e-18,-5.713721731253816e-18,8.227075006096239e-17,-2.4172289786494562e-16,-5.691121718136784e-17,-3.7518816536390036e-17,-1.338839839977507e-16,3.57435829258372e-17,1.5272219295899953e-16,-5.3828798412906976e-17,-1.3021814442829903e-16,-4.0832674612604123e-17,3.0392762408368556e-17,5.217888459946338e-17,-1.7578559759303507e-16,2.3391720365654604e-16,1.2703887258005534e-17,9.215625448308036e-17,4.384888597618257e-17,-6.277664543837111e-17,5.795642132053759e-17,-4.7016954309087945e-17,-1.1808384529952211e-16,-1.2160947655288057e-17,1.5250338619441114e-16,-2.4910328543439094e-16,1.5694344894727512e-18
CC(C)(P(C(C)(C)C)[c-]1cccc1)C.CC(C)(P(C(C)(C)C)[c-]2cccc2)C.[Fe+2].[Na+].[OH-].CO>>,CC(C)(P(C(C)(C)C)[c-]1cccc1)C.CC(C)(P(C(C)(C)C)[c-]2cccc2)C.[Fe+2]||[Na+].[OH-]||CO,C_6f138d946f87,CC(C)(P(C(C)(C)C)[c-]1cccc1)C.CC(C)(P(C(C)(C)C)[c-]2cccc2)C.[Fe+2]||[Na+].[OH-]||CO,CC(C)(P(C(C)(C)C)[c-]1cccc1)C.CC(C)(P(C(C)(C)C)[c-]2cccc2)C.[Fe+2],[Na+].[OH-],CO,-1.9051277764152363,-0.3541880478216083,2.5806570801347157,-1.2120737057977522,-0.9921371413177643,0.6471545298378341,0.3767752268111017,-0.8700867347591463,0.3740249779361629,0.4377826543678423,-1.9663809906649503,0.4409484514354221,1.5084200476519245,0.46625287875315113,-0.6256186320520638,0.5734948896058373,0.3037668451816914,-0.6072888649305686,0.6309023650946866,0.1908818817707079,-0.06964018752853146,-0.05264593673972637,-0.056710059235184476,-0.015773752307924542,-0.09214759390316797,-0.0014018161072299885,0.03299301577151918,0.05360565345324507,-0.02824987393403512,0.011386841459571511,-5.23552886934694e-17,2.0139843606523245e-16,2.748982400628323e-16,-1.7455713512106662e-16,6.56305303541919e-17,4.295613976719543e-16,2.0611464708657867e-16,-1.487059439063163e-16,2.4272629992939974e-16,-3.11546479885559e-17,2.3482766934411027e-16,-5.567907451220724e-17,-1.970216681538645e-16,-3.2722917768428015e-17,-1.3624773568660039e-17,-1.5213680462072174e-16,1.5565372959388898e-16,-1.7799185551588015e-16,-3.838307753159249e-16,-3.6136895398327744e-17,-1.4124307246221136e-16,7.575480154653705e-17,-2.2903174157814457e-16,8.574054509734205e-17,-2.482167764838578e-16,-7.300814381992879e-17,-1.813301617810584e-16,-5.3624935525575424e-17,-1.7183633562041735e-16,1.2466408144231504e-16,-1.1295153710054575e-16,8.827974340426097e-17,2.2311188727187093e-17,1.8148560849137877e-18,6.921451784870733e-17,9.766491373797516e-17,2.2072311266059936e-17,-8.84527880208634e-17,-2.601803685728189e-16,4.0280582412416587e-17,1.0604891888968797e-16,1.2505577890740733e-16,2.683520849144939e-19,-2.871731192617377e-17,6.189387293990667e-17,-2.194322292443168e-17,-5.99143577102568e-17,-1.3565484294750493e-16,-1.862933757593642e-16,6.46744945909963e-17,5.1901209633206076e-17,8.28019874784454e-17,-7.576286550854294e-17,8.087578797688285e-17,-2.8444470639164024e-17,-5.2259177973722274e-17,6.479712663964962e-17,-7.876321709734527e-17,2.7500814764570625e-16,-8.349649776667027e-17,1.0214667308191538e-16,-2.1183860864937065e-17,5.2548036566781284e-17,-1.1913081729759765e-17,-9.246726928217492e-17,-8.125570120798642e-18,-1.5006282453749943e-16,-6.477848760242302e-17,-1.0229875718035458e-16,-1.1586995261115364e-16,8.135474041174303e-17,-2.336640347384953e-16,-1.0995723237469329e-17,1.1788978523449068e-17,4.5848466370151343e-17,-2.9439399233666436e-17,2.643010138602549e-16,2.927342094261107e-17,-2.8968515410602503e-17,6.476920235656433e-17,-4.4910133369191045e-16,5.7636881114058345e-18,7.856354295896024e-17,-2.7403175491416436e-17,-9.016176516491015e-17,-1.5108373884924713e-16,8.910246245274861e-17,-5.893219657386697e-17,1.3557946805282692e-16,1.8778174088601558e-16,-9.05431214021499e-17,9.289032413112181e-17,2.9125808123790086e-17,2.021549924080306e-17,2.293735953360096e-17,-7.172252499777283e-17,8.149922181241165e-17,3.276166894648804e-17
CC(C1=C(C2=CC=CC=C2P(C3CCCCC3)C4CCCCC4)C(C(C)C)=CC(C(C)C)=C1)C.[Na+].[OH-].CO>>,CC(C1=C(C2=CC=CC=C2P(C3CCCCC3)C4CCCCC4)C(C(C)C)=CC(C(C)C)=C1)C||[Na+].[OH-]||CO,C_1ab33044700d,CC(C1=C(C2=CC=CC=C2P(C3CCCCC3)C4CCCCC4)C(C(C)C)=CC(C(C)C)=C1)C||[Na+].[OH-]||CO,CC(C1=C(C2=CC=CC=C2P(C3CCCCC3)C4CCCCC4)C(C(C)C)=CC(C(C)C)=C1)C,[Na+].[OH-],CO,4.585707058348641,-0.6228744271361157,0.3153445413952316,-0.22189894429430784,0.05689239195356352,1.0270029656315502,-2.2216769218533385,-0.8040227338210839,-0.4544865363240323,0.7900681127301202,-0.46710361544596674,-0.4748602119234302,1.594966332619823,0.4922959432314296,0.04067530991527072,0.4503095652700342,-0.14516701280739883,-0.6099088365997718,0.5965413349860945,0.1940817687274103,-0.011476066685930522,-0.011512414952917147,0.05668893575557355,0.25898695859501875,0.05083680039745363,0.04378671186857966,0.04015242239854553,0.07298022187188814,-0.043861714955102396,0.016737315158358346,-3.8698029815322616e-16,-2.619575432839303e-17,1.069554839926175e-16,-3.2355834542209776e-16,1.8004026301531181e-16,4.800557252598494e-16,-2.401409792708566e-16,-6.139215056518319e-16,9.642227660180659e-17,-4.020559850900635e-16,1.9373887966375763e-16,-1.1334174606282196e-16,3.0016521679222914e-16,2.7156353448872167e-16,-6.06454131023466e-17,-3.1588987449244853e-16,4.62643406494881e-16,-1.4687024048809108e-16,1.4141317647634942e-18,3.827529945662029e-16,-1.509750212063805e-17,3.239887414083702e-17,-1.6961074672790571e-16,-1.881777190051657e-16,-2.9124455310258857e-17,-1.0904201160910247e-17,-7.077628676739875e-17,-6.629571827472275e-18,-1.7246184225238705e-16,8.379805952842538e-17,1.5865579736721133e-16,1.8668499328859138e-16,3.7417812275434773e-16,9.639959367411158e-17,-4.549671173406011e-17,-8.594896800695497e-17,5.561224650849174e-17,-1.1375947921068845e-16,1.2378990111691293e-16,1.1920096290989242e-16,1.6213119088849e-16,1.364522229381176e-16,3.7306142120500004e-17,-1.4183466844736698e-16,1.6076308703908061e-16,-7.84202933027503e-17,7.958459121662732e-17,-7.241345665872882e-19,-3.642456248969033e-17,-8.454352872467201e-17,-1.0393797158361904e-16,1.4255282146164663e-16,-2.556523046912931e-16,1.5919683088380515e-16,-1.1822521001434507e-16,-1.996104890866062e-16,-5.608102012366648e-18,-1.1004232859785066e-16,1.2522210077267442e-16,1.3345126546497315e-17,-3.6086283936341126e-17,-1.5378232248098043e-17,6.752620455062376e-17,-1.2110755187429464e-16,-7.750546118873593e-17,-6.797289773661122e-17,-1.5297877905964883e-16,-2.9844074409444214e-17,-8.637858962900581e-17,-6.494971327731206e-18,1.0687042032784641e-16,6.582329434866363e-17,3.500648420778618e-17,-1.0812189606166375e-16,-1.9392343786258337e-16,9.255458461913248e-17,2.333944565875602e-17,-3.4047986345252217e-16,-2.167815393726046e-17,-2.478026755475989e-16,-3.3284893038820726e-17,-1.441612325102965e-17,-2.816809293814594e-17,-1.9105790564262002e-16,1.6781057077211646e-17,1.8271541512548053e-16,1.9975683145498938e-18,-1.5141467997038266e-16,-8.697181602386752e-17,1.8830509086202918e-16,-1.258527965875204e-16,3.2781086246201383e-17,-8.324860378341698e-18,9.07692446404095e-17,1.4341056192134713e-16,1.8780738528953004e-16,-1.3924010507015335e-16,-4.258007257552929e-17
[c-]1(P(C2=CC=CC=C2)C3=CC=CC=C3)cccc1.[c-]4(P(C5=CC=CC=C5)C6=CC=CC=C6)cccc4.[Fe+2].[Na+].[OH-].CO>>,[c-]1(P(C2=CC=CC=C2)C3=CC=CC=C3)cccc1.[c-]4(P(C5=CC=CC=C5)C6=CC=CC=C6)cccc4.[Fe+2]||[Na+].[OH-]||CO,C_711cc6e7f8ed,[c-]1(P(C2=CC=CC=C2)C3=CC=CC=C3)cccc1.[c-]4(P(C5=CC=CC=C5)C6=CC=CC=C6)cccc4.[Fe+2]||[Na+].[OH-]||CO,[c-]1(P(C2=CC=CC=C2)C3=CC=CC=C3)cccc1.[c-]4(P(C5=CC=CC=C5)C6=CC=CC=C6)cccc4.[Fe+2],[Na+].[OH-],CO,-1.052932388619001,0.8753110284645188,2.411517409070217,-1.3912744220107762,-1.4092898319516065,0.4023083494986586,0.39262748041411893,0.34829881471315294,-1.134716667904679,0.8694555467059154,1.4654441708676542,-1.382703083643212,1.4212978233653444,0.4507823480488629,0.10137744901446687,0.5218209023253626,-0.5367911243539724,-0.5954525606280832,0.6298151251302277,-0.16666829587238252,-0.035114060852073956,0.12957049021145461,-0.09892183197355321,0.0036167365662556038,-0.08189865115676435,-0.0744107858810377,0.006942035322453638,0.061397979751903434,-0.010575784668912725,0.029758613932686587,-1.0044157899965697e-15,3.234489902052648e-17,6.5756437112637415e-18,1.6848971149994822e-16,-3.0143109509468983e-16,1.0281165033530437e-15,1.0972628742213597e-16,-8.332341342485116e-17,3.6135014718997396e-17,-1.2947750070322137e-16,4.55418250775196e-16,-1.2792376151456206e-16,3.927983776604262e-16,-3.009354924801706e-16,-6.5154108337229154e-18,-1.0999842526070332e-16,-2.1460614996905405e-16,-1.6649675454804015e-16,5.959145064231916e-16,-2.478817377964336e-16,-1.1934277081979335e-16,3.628336318894041e-16,-1.9003877026370489e-16,3.921889999105286e-16,-1.5927635429680644e-16,-9.425924773258763e-17,1.0627375395177359e-16,3.224735622981477e-16,1.6236828376917982e-16,1.9868005499084113e-17,1.2564888403905869e-16,-8.438059669330112e-17,-1.8633115868018552e-17,-1.6450188525349145e-16,-4.125285615268326e-17,-1.1249328658128914e-16,2.121268473882643e-17,5.11994919508784e-18,2.9204597124799463e-16,-3.457218351083068e-17,-1.2116403356941743e-16,-8.394091314278123e-17,2.9690484672915847e-16,2.1472392749016956e-17,3.036621308870334e-17,1.947755802367555e-16,-6.197382115829069e-17,-1.656251739496185e-16,-1.6809899836536803e-16,-2.4848998934324223e-17,-3.333153451886242e-18,5.365048746290998e-17,1.9512115539433635e-16,3.0331129385473815e-16,-1.366411697872873e-16,4.693479382197565e-17,-3.060719241134962e-17,1.1676921158219726e-17,-1.2118235027553035e-16,1.0882652984996804e-16,1.15494399453008e-17,6.036784431999104e-17,8.629441886650456e-17,1.728116408941052e-16,2.4462318000055554e-16,4.782119203550134e-17,-1.2469174085037805e-16,1.1585534301449018e-17,1.0928835617033058e-16,6.352249234977043e-17,-1.332422306005528e-16,4.27129605919567e-17,1.7514652134272728e-16,-1.1398215568044415e-17,1.793153657631691e-16,9.310087594712693e-17,1.0732764624109602e-16,6.452824327831892e-17,-8.215048948635303e-17,-2.921337229237744e-17,7.216294407414119e-17,2.7238952908199548e-16,4.876409682510255e-16,-1.2677099192472987e-17,-2.1134805834400958e-16,-2.1392234138654877e-16,-4.198233880870436e-17,1.7915107278731844e-16,7.536272187325044e-17,8.376340876118116e-17,-1.5810816360260494e-16,-3.133625297018366e-16,2.108388240930927e-16,5.089278557665518e-17,2.982042130484685e-16,1.2904983679298341e-17,-2.2432268296593717e-16,-1.2574126561611532e-16
CC1(C)C2=C(OC3=C1C=CC=C3P(C4=CC=CC=C4)C5=CC=CC=C5)C(P(C6=CC=CC=C6)C7=CC=CC=C7)=CC=C2.[Na+].[OH-].CO>>,CC1(C)C2=C(OC3=C1C=CC=C3P(C4=CC=CC=C4)C5=CC=CC=C5)C(P(C6=CC=CC=C6)C7=CC=CC=C7)=CC=C2||[Na+].[OH-]||CO,C_ad205d450d81,CC1(C)C2=C(OC3=C1C=CC=C3P(C4=CC=CC=C4)C5=CC=CC=C5)C(P(C6=CC=CC=C6)C7=CC=CC=C7)=CC=C2||[Na+].[OH-]||CO,CC1(C)C2=C(OC3=C1C=CC=C3P(C4=CC=CC=C4)C5=CC=CC=C5)C(P(C6=CC=CC=C6)C7=CC=CC=C7)=CC=C2,[Na+].[OH-],CO,-0.31566846776486557,3.650068664698791,-2.414177364779378,-0.31577151831433775,-0.4596186181840293,0.6376994802757888,0.7394008169938705,-1.794880811906508,0.28673123147792823,0.5824162759076812,-0.31606779707829213,-0.43408756169671775,1.4167566556747644,0.4077369653790449,-0.34755258971564285,0.6598561414449868,-0.5382181793173247,-0.6084472280051383,0.6034317855880728,0.1012666657755166,-0.07362643821574318,-0.18925789512007174,-0.058043588662163026,0.11635433499161396,0.1250759341131415,-0.0022331264679458255,0.06704616057732622,0.06391546432251764,-0.04933281309889072,0.02825750139571975,-5.595845356293433e-17,2.2425801375527534e-16,3.833418678296822e-16,-1.3261455816400076e-16,1.1720735674565138e-16,4.486294871308231e-16,-1.4022083268690606e-16,-2.134918381604701e-17,-3.3335819982113016e-16,-4.0448543353176925e-16,3.348700794677105e-16,-2.3558058795494853e-16,1.8089987943563134e-16,1.5235177364513384e-17,-1.096876756881401e-16,-8.121294736210678e-17,-6.011402662939543e-16,1.5914827567763529e-16,3.8425554040576917e-16,-1.4406204398179952e-17,-1.7365605877381043e-16,2.82146119682737e-16,-3.59390183257435e-17,-3.3688138024363837e-16,8.7063056919512e-17,-3.1303673983136836e-16,-1.8047402728180987e-16,-6.240008479994177e-17,1.7342964191170772e-16,-1.240259863339588e-16,-3.096923114336324e-17,-1.1451888621755515e-16,1.1760049855552162e-16,-2.4500515535908677e-16,-2.6299343778071584e-16,2.6862088760311433e-16,-6.864134700585714e-17,-1.3607650843335956e-16,1.6646975590951012e-17,-2.428362878285698e-16,-4.5775452150969615e-17,-2.3658859591061934e-16,-3.538436667082603e-16,-2.223506312152731e-16,-1.5855390657381815e-16,-2.414509126286495e-16,-1.0082369993246363e-18,5.710008233213716e-17,5.632295627692192e-17,-5.797653129643833e-17,-2.7429565183291875e-17,9.201397264954989e-17,-3.707016981489082e-17,5.075275360690033e-17,-1.4537796701041284e-17,1.4031271900169597e-16,1.5827661968235603e-16,-2.7077586652686644e-17,3.6020076950837035e-17,-1.5811399867751477e-16,-1.0433311806928225e-16,1.3461990664557672e-16,-7.50302975378753e-17,4.1099169293384476e-17,-9.168556501647428e-17,-1.6942219755849574e-16,3.2786549653901874e-18,-2.876980428040659e-17,-4.52104533243275e-18,2.30113424423167e-16,2.266565952017323e-16,6.466711232390618e-17,-1.3556252690949806e-16,8.454395104654698e-17,-1.422336199874954e-16,7.84209226274697e-17,2.644761281235964e-16,-9.191946511949604e-17,2.5789919520767533e-16,1.546349493849974e-16,1.1089898414416279e-16,-9.720040778036111e-17,6.471540821813232e-17,4.402227753314557e-16,-2.0667907451997543e-16,1.007181280038826e-16,-1.7885171838724224e-16,-6.461508587714417e-17,-1.0443726441261994e-16,3.4785241727718887e-17,-4.8612628941478227e-17,-1.811010594155963e-16,1.243831013374087e-16,-1.9463234631117248e-16,6.6166139425335145e-18,1.973784571655131e-16,1.3028368093743627e-16,-7.058343952416952e-17
CC(P(C(C)(C)C)C(C)(C)C)(C)C.OC([O-])=O.[Na+].CO>>,CC(P(C(C)(C)C)C(C)(C)C)(C)C||OC([O-])=O.[Na+]||CO,C_9d1f56bc8097,CC(P(C(C)(C)C)C(C)(C)C)(C)C||OC([O-])=O.[Na+]||CO,CC(P(C(C)(C)C)C(C)(C)C)(C)C,OC([O-])=O.[Na+],CO,-1.237917612224415,-0.9426022395874055,-0.14578267780227994,0.3408998088199964,0.2090231621927557,0.22242651030522384,0.25892294636858965,0.01491016552543588,1.5107432865865036,1.5593729082921932,-1.4071946700140054,-1.7233674556505563,0.60602171117308,-0.15470548921211916,1.372711159972536,-1.204384860157808,-0.8755657093397643,0.0908861197970934,-0.12725184248986102,0.05209623282675088,-0.4830496887570498,-0.05374155236525308,-0.013329803142663878,0.011498491690264859,0.312588653103103,0.25824299239754367,-0.29590217715390144,-0.14047008885726397,0.00796058998666371,-0.12177215273523928,-9.441454361518567e-17,-1.6309296072921017e-16,-2.2086557559755803e-17,4.499793933036928e-16,-2.169150709184444e-16,9.848201813042647e-17,2.6213671822656723e-16,-1.5727907332641634e-16,5.205257295866764e-16,2.473495941217201e-16,3.195029624293616e-16,-1.7175780140463013e-16,-2.0460094495555182e-16,9.152067957215348e-17,9.381377198947878e-20,-7.3375861550004e-17,1.230356060515516e-16,1.6290834039699149e-16,-4.617328808603026e-17,1.5985655512425474e-16,3.898925100266405e-16,-2.9002911705283e-16,2.3030408685988204e-16,2.02044748792394e-16,5.222190627020037e-18,-7.1578314648434e-17,-1.784915197650284e-16,3.939996852998416e-17,8.71994711496349e-17,-1.2305133947190543e-16,1.0074848068565945e-16,1.8235511203275952e-16,-4.205874812292861e-17,-6.383402341308402e-17,-1.3831517069808577e-17,1.1892092136794866e-16,-2.4417946541432947e-16,2.2100668222799294e-17,9.423460094951804e-18,1.373374452892652e-16,1.2206168985911173e-16,5.625737525140082e-17,-4.710162275774881e-17,1.243543780228956e-16,-2.0795683275844053e-16,-5.734651101664577e-17,-1.5353843179958114e-16,-1.3868802733807982e-16,-6.126654843891247e-17,1.1274100734772016e-16,2.76225788115636e-16,2.818017779157969e-17,8.538795008985323e-17,3.1343671788658274e-17,9.075469974255606e-17,-2.484696581732325e-16,-2.8520958434514386e-16,2.375024635146691e-16,-6.58882538083405e-17,-2.8677698838284214e-16,1.8814109072861635e-16,1.606913586983979e-16,1.3431595320781111e-16,9.020087216202791e-17,6.445962363264697e-17,-8.771256701402483e-17,-1.3357242635496317e-16,3.00199925196057e-17,5.575576377873715e-17,6.186089292359975e-17,5.452990818452832e-17,5.961211578700058e-17,-8.728856569732787e-17,7.339862776779596e-17,-2.079789929100523e-17,2.0171193973573852e-16,-1.4227734562298422e-17,-6.398425592886819e-18,1.4582919284549607e-16,2.4543811630368367e-17,5.827221991278474e-17,-1.2526589051451723e-16,1.864412406850339e-16,1.5717820685298513e-16,6.045420603807359e-17,1.0002975204972e-16,-2.9565816197765237e-17,9.94846998667919e-17,-2.1512586398536786e-16,7.148850097500408e-17,1.1580795992509725e-17,-1.624508002599564e-16,-1.6473232113153954e-16,3.554603246528738e-18,1.4330449555785447e-17,1.1154077943350769e-16,-2.5445723587943964e-16,2.0949506914565965e-17
P(C1=CC=CC=C1)(C2=CC=CC=C2)C3=CC=CC=C3.OC([O-])=O.[Na+].CO>>,P(C1=CC=CC=C1)(C2=CC=CC=C2)C3=CC=CC=C3||OC([O-])=O.[Na+]||CO,C_e6c41683b755,P(C1=CC=CC=C1)(C2=CC=CC=C2)C3=CC=CC=C3||OC([O-])=O.[Na+]||CO,P(C1=CC=CC=C1)(C2=CC=CC=C2)C3=CC=CC=C3,OC([O-])=O.[Na+],CO,-0.13549498162972562,1.4661055201291313,-0.4541554351546334,0.153751040497617,-0.10810264493885,0.027089827546055236,0.36893082171329106,0.5082495643012853,-0.07998198161765782,1.773517097363695,-0.5464728797607171,-1.5758053194165804,0.7513669418288526,-0.1051794211605669,0.3911866198981521,-1.1213824623270816,1.9487324074469408,0.05881800743199019,-0.1437287440258083,-0.2747652045374372,-0.4510259829516507,0.11819572827540005,-0.06899327496168055,0.03624446889731862,0.329066321462215,0.18708858862895208,-0.32199590083159985,-0.13304234536313517,0.02279482813581364,-0.1034508859874208,-6.575049465328875e-16,-7.684457095910057e-17,-1.717145851584358e-16,-9.331670680598286e-17,-8.304003000892972e-17,8.624073495511867e-17,-1.4576665235862576e-16,-1.6059850070649595e-16,2.655536971582597e-16,-2.1428396162706184e-17,8.309712770009934e-17,-1.2620007349461826e-16,1.8193571575403347e-16,-1.5916072101882794e-16,1.205422599814781e-16,-4.768530271118891e-17,-4.526026793803281e-16,5.0430451782592173e-17,1.978721485373367e-16,-8.393363336037875e-17,4.724608807125829e-16,2.3545584687265673e-16,-1.5500972155722578e-16,-1.1411006394172543e-16,-1.7248745461904115e-17,2.158007152712167e-17,1.1299404464069124e-16,1.0081747125401883e-16,-1.9634705667037403e-16,4.69136403130562e-17,-1.3090809165601425e-16,1.2107673065086895e-16,2.2661829096169376e-16,-2.2925429518032714e-16,-2.669161597873713e-16,1.0363205471776398e-16,-3.2955530617681183e-16,2.7136178241878673e-16,1.3740672011153817e-16,1.493358162403706e-16,2.823927433774227e-17,-1.5288514853987232e-16,1.7039145815406657e-16,1.6208987756817226e-16,8.481239389818105e-17,-4.0632163179452775e-17,-6.064728872712733e-17,-2.7366726765866612e-17,8.69087515303131e-18,-6.149169894607996e-17,2.0006942931116244e-17,6.690488221171545e-17,-1.8605166583572425e-16,-1.1404380313114235e-16,-1.013312214201242e-16,6.506047066858859e-17,-1.7438269622736025e-16,7.238248311158726e-17,-7.701913218421755e-17,3.099601256510955e-16,3.288537225638681e-17,-9.443385395935159e-17,-1.2584671947221425e-16,6.427296369147783e-17,1.5200129574702253e-16,8.453704243329155e-17,3.1244624906751276e-17,7.423401781491017e-17,-1.8388888802072954e-16,-2.1571926577571647e-17,1.0129336884476e-16,-1.460005681757298e-17,1.1077072421820697e-16,-1.5291749854894937e-18,-1.2442709373555244e-16,3.947083195365527e-16,-1.6544176871025113e-16,3.1367086787847467e-16,-9.974080754683775e-17,1.3418955323803722e-17,1.3148087336035538e-16,4.0237769179100344e-17,9.791381831578073e-18,-1.112247716778963e-16,-9.350361518511981e-17,1.6655056136169347e-16,-3.819274394845961e-17,-5.0351081178124914e-17,-8.531342245593445e-17,-1.9889081451953513e-16,-2.4610852503343606e-16,-1.9228675469132763e-16,1.3501105371982578e-16,-2.508404951696254e-16,-3.8833367232983826e-17,-1.3484973159542004e-16,7.351367121911161e-17,1.7154866486044034e-16
CC(C)(C)P(C(C)(C)C)C1=CC=C(N(C)C)C=C1.OC([O-])=O.[Na+].CO>>,CC(C)(C)P(C(C)(C)C)C1=CC=C(N(C)C)C=C1||OC([O-])=O.[Na+]||CO,C_9e89bd61227c,CC(C)(C)P(C(C)(C)C)C1=CC=C(N(C)C)C=C1||OC([O-])=O.[Na+]||CO,CC(C)(C)P(C(C)(C)C)C1=CC=C(N(C)C)C=C1,OC([O-])=O.[Na+],CO,-1.3037610180231438,0.028867868352887696,0.9692006951570509,1.6473399775581015,3.7514620428964807,0.23122462537159594,0.5664063467982228,-0.5608704491297527,-0.7851927787197106,1.7272087189488208,-0.5822693620312168,-1.2704415259227329,0.524885124931095,-0.7025228569527794,-0.5110003503951928,-0.351063516007707,-0.04930469032306008,0.038243234252361036,-0.0419705278401485,0.15313755013716132,0.050513378592414254,-0.11787166469574739,-0.14294950169283038,0.04434196947540775,0.351675617180938,-0.023878536415453643,-0.6194841158231256,-0.332558810755835,0.11190451906580862,0.21792965627136784,1.6996205530986878e-16,6.92931719280032e-16,1.470311810648551e-17,3.7530928274214205e-16,2.1430764741356466e-16,3.940322459568682e-16,-2.0886199141189101e-16,-2.6308283202159497e-16,7.144947324032329e-16,3.0294446582915457e-16,5.180650012109737e-16,-1.8311302112582275e-16,1.2585241207653266e-16,8.766069437627844e-18,-3.628132180820573e-16,-1.437391302876759e-16,-1.9192146789937846e-16,2.1926058902832507e-16,4.34596949540325e-16,3.246571209567495e-16,1.5695922518963694e-16,-1.3601273107348305e-16,-2.953359014880372e-16,8.722184968049668e-17,1.6408334451014473e-17,-6.460066297476435e-17,-1.3902228308284495e-16,6.358534477714035e-17,5.684437891459174e-17,-2.231234513729093e-16,-5.724405351762892e-17,-1.357328632074062e-16,-1.0453494319272901e-16,1.2064062585340954e-17,-2.4120895104554483e-16,2.8447949536805126e-17,1.224531528655461e-16,5.92086004497744e-17,2.461323807852675e-17,6.809531042457699e-17,1.8177972671447752e-16,-1.8715084973826228e-16,7.085259479905629e-17,-9.501890498054822e-17,3.5118742672634144e-17,9.732195340351207e-17,9.707176087994122e-17,-1.0092320053125925e-16,-1.7856595310580275e-16,1.8492745221605427e-16,-2.1879902383911956e-17,-1.0496616672794697e-16,-7.14312604486486e-17,-1.0904492284084056e-16,6.777732062117172e-17,-1.317451145196051e-16,9.88537564758842e-18,-7.975378727763608e-18,4.998086929092054e-17,-2.2010660978555118e-16,-2.0161498947903697e-16,-6.28438674020473e-17,3.484708196175362e-17,3.7077208609984563e-16,-1.4851338612203313e-16,2.1410640826854113e-16,6.556556147714935e-17,-2.1896607036790274e-16,6.516927869455777e-17,1.6407554818552237e-17,-6.936590148059747e-17,-3.9980044472685986e-17,2.2450977626581323e-17,-1.510887554994333e-16,-6.865716111083213e-17,-1.0043707445131023e-16,2.125479460987401e-16,-2.728165071385632e-16,4.538424999091504e-18,-8.173491010983297e-17,2.2306708661084517e-16,-2.43820424309505e-17,-4.774878709283185e-17,2.1220157004366135e-16,-2.374653497811836e-16,-2.4885166444278547e-16,-6.84703325998591e-17,-1.0056726800288078e-16,5.848944331926311e-18,-1.2533063900152159e-16,-4.934663979615419e-17,4.1946562265053445e-17,1.582910493088357e-16,9.850492827963951e-18,-1.1043645094240438e-16,2.923581607159541e-16,1.429895565497729e-16,8.82716563860146e-17
P(C1CCCCC1)(C2CCCCC2)C3CCCCC3.OC([O-])=O.[Na+].CO>>,P(C1CCCCC1)(C2CCCCC2)C3CCCCC3||OC([O-])=O.[Na+]||CO,C_336a49958910,P(C1CCCCC1)(C2CCCCC2)C3CCCCC3||OC([O-])=O.[Na+]||CO,P(C1CCCCC1)(C2CCCCC2)C3CCCCC3,OC([O-])=O.[Na+],CO,0.1563056216913906,-1.464881615815579,-0.45030858539513824,0.12999697191282536,-0.1856520322589903,-0.06430200596576933,0.0823692897642424,0.40238997369021257,2.4388145861938235,1.8086210069932904,0.16534445709778342,-1.9936432181325983,0.37770797415517304,-0.9230114241893652,-1.4493122718412053,0.021815542885938403,0.3273685898580073,0.05742686471937628,-0.13767006034443008,-0.26052389019634814,-0.41833170603693964,0.16587227041186856,0.10550249170337711,0.12302991494869413,0.32355953248758806,0.21312422670826597,-0.3233925280276387,-0.09431608128800045,0.13964431699507965,-0.10415912646200193,-5.712940612158933e-16,1.52338039982607e-16,3.7568025553604255e-16,-5.545255599320352e-16,-1.8096860425869455e-16,2.4311296370784044e-16,5.657729286218326e-16,-5.509671805759723e-16,-3.8152375920863387e-16,2.4596588588220147e-16,-2.3949881931337834e-16,2.25925450461846e-16,-6.083465874901187e-16,2.4615558944266824e-16,9.868987179127664e-17,1.2348341324871687e-16,-2.844731522451999e-16,-5.71817743688198e-17,1.5237308121957113e-16,-1.7183841530572887e-16,1.4334864972823927e-16,-4.746422572802414e-16,2.7594255828092835e-16,2.223293093395511e-16,-4.0560876316004926e-16,7.795150208701023e-17,2.2613451855093964e-16,5.2482294543080095e-17,2.1187687379494907e-16,3.297370914849227e-16,1.2411497258801548e-16,-1.0589190773433499e-16,-1.310367422533205e-16,8.584853768763159e-17,-3.192761198320792e-17,9.161518050737038e-17,-4.1829862036207054e-17,-2.2777027189055984e-16,-3.082582775618954e-16,-1.7332779025784015e-16,-2.0823636878167986e-16,9.435798500111642e-17,6.703206410170628e-17,-1.0875041627198643e-17,-1.1707475974733054e-16,-3.9085908961169764e-16,6.205640332036941e-17,9.491048455002821e-17,2.343626899573807e-17,-2.1083887247591898e-16,-5.872951743702019e-17,6.33559599652141e-17,6.378342189043108e-17,-3.162067454106054e-17,-1.8439324168661748e-16,3.0803296019655205e-16,3.622880900708696e-16,-2.698916255603615e-16,1.5422376957872748e-16,1.5038510001331364e-16,-1.7261147466173956e-16,-2.2511489765076897e-17,-1.4694177104941748e-16,5.150344333216923e-17,-8.909522973895144e-17,1.9369828716529025e-16,1.2171102317940793e-16,5.186565596418525e-17,-1.046649035461463e-17,1.986034273393284e-16,-2.381266306945467e-16,4.2274234549855e-18,1.0205857454374462e-16,3.9009282156295033e-17,2.5304978758195434e-16,-2.101722806519834e-16,2.8942978466854534e-16,-4.025194986704657e-17,-3.3906522703868063e-16,-1.5815382001910253e-16,-3.6153263442104615e-17,5.102421348979435e-17,-1.80746961902514e-16,-3.353013962721771e-16,1.4665783286875963e-16,-2.292831587750952e-16,1.7706082843682144e-16,5.565443888964236e-17,2.2973692289092616e-16,2.5036543984650906e-16,1.168999116231338e-16,-1.702550779113067e-16,-2.3428824906623766e-17,-6.936963920340411e-17,5.994616347730815e-17,3.4032632422521597e-17,1.3484657249398783e-16,-1.1337749218908572e-16
CC1=CC=CC=C1P(C2=CC=CC=C2C)C3=CC=CC=C3C.OC([O-])=O.[Na+].CO>>,CC1=CC=CC=C1P(C2=CC=CC=C2C)C3=CC=CC=C3C||OC([O-])=O.[Na+]||CO,C_aae5f86119d2,CC1=CC=CC=C1P(C2=CC=CC=C2C)C3=CC=CC=C3C||OC([O-])=O.[Na+]||CO,CC1=CC=CC=C1P(C2=CC=CC=C2C)C3=CC=CC=C3C,OC([O-])=O.[Na+],CO,-0.3051498733242949,1.8787777831600156,-0.6184911592221942,0.12995047704969853,-0.0819227222009514,0.0757106238479967,-0.566000787558915,2.929943939955309,-0.5169325971210894,1.7728592045877556,-1.778453337959019,-1.0528057920978806,0.4086574736239771,-0.8161341438363027,-0.696538703840109,-0.3413094198885932,-0.4247536426689263,0.07978075341109692,-0.13604526838236466,-0.3015971850765272,-0.4525034321933379,0.12025115844438099,-0.07044740962485213,0.027016468985994673,0.3223968059814897,0.18473524646885087,-0.32216719187110854,-0.13366869731765732,0.02292194475083816,-0.10325229064141621,-3.4763689442863646e-16,1.6789871601559985e-16,-2.942774170605944e-17,-1.179420358417598e-15,3.401429446626567e-17,2.4435312344080128e-17,-1.5258044567376748e-16,-4.775388005748181e-16,1.6267372024439097e-16,1.7017716376168107e-17,1.065378056839361e-16,1.4776502642804644e-16,3.823842921821398e-16,5.171315941568662e-16,-2.9416634131468243e-16,-1.242858497989039e-16,-1.762613380088128e-16,6.56092140849617e-17,-2.428871684707836e-16,1.13768063156104e-16,-3.2856719058233154e-16,3.483894737813375e-17,5.057713597349797e-17,-1.1201413058850016e-16,1.9607488906885395e-17,-5.967209504526659e-17,1.635378892957619e-16,-3.7872470911795875e-16,1.786315681226773e-16,2.904671742722496e-16,-7.771722843366773e-17,-7.063048903236253e-17,-7.596724499249247e-19,-1.6239539448887178e-18,-5.249929634692777e-18,-2.2733295760864577e-17,-7.353999611061535e-18,8.964714018385511e-17,-2.63299842898989e-16,-1.367615863345751e-16,1.379364155452759e-16,1.055623166497538e-16,-1.3726208910302298e-16,8.604228104509779e-17,-1.6259151031975037e-16,2.218292809514489e-17,1.2333687668375827e-16,-1.3277115264170193e-16,5.245974550873165e-17,-1.5160606121471268e-16,-1.6249827067754257e-17,-2.5961712431742538e-17,1.482405971824642e-16,2.500100504057494e-16,-1.9876985882016412e-16,-4.8085998423722965e-17,-5.893759098174737e-17,2.2787429776089445e-16,1.4704832622920582e-16,-3.252569603839225e-17,2.9079486870085917e-17,-6.765993687985476e-17,3.136844818059647e-16,-3.269311303688256e-17,2.1597894518888885e-16,8.702518559409508e-17,1.0074213388118075e-16,4.758304621983098e-17,1.1404482058604572e-16,-1.5879998158442406e-16,-1.306025411983953e-16,3.4725429069618985e-17,-4.8911152067293195e-17,2.3583491341876064e-16,-5.2393464952224794e-17,-9.490449727359536e-17,-1.9167412248910646e-16,4.38086358223805e-17,6.181007340142453e-17,6.103595351625896e-17,-6.360690795539896e-17,-7.347712137274353e-17,-1.3016971310532779e-16,-5.153191505791429e-19,-5.516403254460958e-17,1.2047583098867506e-16,-2.9632766311590187e-16,-7.05560803677175e-17,2.1127478935845232e-16,1.2232077748205471e-16,-1.3319353667961237e-16,2.290545195494921e-16,-1.2095130010417752e-16,-3.910733106662682e-17,9.941553998204676e-17,-2.122974143083009e-16,1.713392862642737e-16,-6.162196607942495e-17
CCCCP(C12C[C@@H]3C[C@@H](C[C@H](C2)C3)C1)C45C[C@H]6C[C@@H](C5)C[C@@H](C4)C6.OC([O-])=O.[Na+].CO>>,CCCCP(C12C[C@@H]3C[C@@H](C[C@H](C2)C3)C1)C45C[C@H]6C[C@@H](C5)C[C@@H](C4)C6||OC([O-])=O.[Na+]||CO,C_db1593d3d8d9,CCCCP(C12C[C@@H]3C[C@@H](C[C@H](C2)C3)C1)C45C[C@H]6C[C@@H](C5)C[C@@H](C4)C6||OC([O-])=O.[Na+]||CO,CCCCP(C12C[C@@H]3C[C@@H](C[C@H](C2)C3)C1)C45C[C@H]6C[C@@H](C5)C[C@@H](C4)C6,OC([O-])=O.[Na+],CO,-1.598882142594555,-3.3555287305098442,-2.5340512637600705,0.35113422260528127,-1.102394360844094,0.0980180613077018,0.5378363039440728,-0.37936228895617624,-1.7822731943302472,1.8885537419248632,-0.9001722216946864,-1.195627252962863,0.5405356914403191,-0.6480464102969956,-0.4413059856546202,-0.520319235684777,0.03842228510788037,0.0685616784463698,-0.1357772971309634,0.08496350002259152,-0.4484303662224957,-0.004653072038658465,0.1611928010979554,0.10412654908307245,0.2982141817310458,0.27798177734682844,-0.3150109606562417,-0.12747894507404667,0.006474246428766831,-0.1153510669531318,9.978166226683912e-17,-5.168669083564151e-16,3.674556143021352e-16,2.97287210607587e-17,-2.5813551748911974e-16,-2.9912141670162643e-16,3.0968603335709567e-17,9.053502385101486e-16,-4.664999330213797e-16,1.4481672969616926e-16,-4.854641022794681e-16,-6.752932704078666e-16,-2.2625156271933853e-17,-4.846670218059322e-16,1.1048176101082748e-17,6.42660444568818e-17,-1.0822453022774446e-16,-3.140594970839596e-16,2.2936517039361857e-16,-4.9879477371977605e-17,2.3505520498510093e-16,1.8543111345771477e-16,-4.0023287147017805e-16,2.9302355260137023e-16,9.325888799072291e-17,-1.6237887709991114e-16,-1.5287662381818166e-16,-1.31312269433751e-16,7.839427048055709e-17,-1.005899816657173e-16,1.6888728893043454e-16,-3.5687478236541713e-17,1.3067320312595018e-16,1.1170776216070449e-17,2.6658839717462683e-16,-1.2686858239028186e-16,3.4939507770296844e-17,-3.237177817728656e-16,-2.695071376975216e-18,1.716569342734022e-17,-1.5359441466826547e-16,-2.6098391544981015e-16,2.1853051105247204e-16,1.0456746066209939e-16,2.2078141929697936e-16,3.174000310706941e-17,-4.6638338507911816e-17,-7.890195401560758e-17,2.873345969022647e-16,9.955196015750146e-17,-5.129112748316516e-17,1.3271627348054762e-17,-6.386546879580854e-17,1.6042027740438752e-16,-1.0590922002650227e-16,-1.0381976320039169e-16,1.7559938569392546e-16,-9.289327500869477e-17,-1.4487338478873916e-16,1.747111379773673e-16,-7.666605930112985e-17,-1.2529795550590513e-16,-1.7294728172131407e-16,-2.685983193816491e-16,-2.6872542659971868e-17,-7.427176324436295e-17,8.497477343958129e-17,1.0720219644962403e-17,-1.2458934700616877e-16,-2.4283588362386752e-17,1.0208369604467071e-16,-2.3901945476466014e-17,-1.2043335064277213e-17,-1.0578151471297642e-16,5.984476438246778e-17,-5.592226289086526e-17,-1.5430447911342412e-16,-5.2650656217149504e-17,1.0530690837332092e-16,-1.7657225766128534e-16,-1.479325356709226e-17,-1.2222952214029373e-16,1.3021238143878809e-16,-9.993310587419101e-17,5.267216828563865e-17,1.5921182543783693e-16,-1.4785624660604444e-16,3.6551320748272865e-17,1.053558911598415e-16,2.3049868213958678e-18,7.494607440660866e-17,4.3139879965659486e-17,-9.588848139064238e-17,-1.2269912086361017e-16,-2.309915407369253e-16,5.123166181899141e-17,-6.442262546330749e-17,-5.1849503029870676e-17
COC1=CC=CC(OC)=C1C2=C(P(C3CCCCC3)C4CCCCC4)C=CC=C2.OC([O-])=O.[Na+].CO>>,COC1=CC=CC(OC)=C1C2=C(P(C3CCCCC3)C4CCCCC4)C=CC=C2||OC([O-])=O.[Na+]||CO,C_5d32303f838a,COC1=CC=CC(OC)=C1C2=C(P(C3CCCCC3)C4CCCCC4)C=CC=C2||OC([O-])=O.[Na+]||CO,COC1=CC=CC(OC)=C1C2=C(P(C3CCCCC3)C4CCCCC4)C=CC=C2,OC([O-])=O.[Na+],CO,4.131183339562,-0.446756309407779,0.41246876604483934,0.1796061987514557,-0.08925607887998069,-0.36547972891954894,3.0982832239040023,0.5552550549300472,-0.15032009376130487,1.3668308495955461,-0.9628077333127304,-1.0507867864854732,0.20990583172193295,-0.2597846819361426,-0.4257777490009437,-0.7210570490705189,-0.06819954975318607,0.11416689104992751,-0.057737158796146465,-0.3799715749995972,-0.44567656986294735,0.0806607618893007,0.38574277264550544,-0.23542305398815652,-0.2234765087191565,0.006541146378532545,-0.018191873626044387,-0.5779804356587,0.12110272015717753,-0.17539821364892236,8.213489292563789e-16,-1.370852143348473e-16,5.656342347235088e-16,4.853338252386987e-16,2.5828500092545884e-16,1.6897587356475013e-16,-5.773791899876218e-17,2.9681098980510255e-16,-1.2249293607857477e-16,-6.548041061487048e-16,-1.4451083661414902e-16,1.2896120431088263e-16,1.0375869326986837e-16,-1.2972955710004932e-16,5.361464693028718e-16,6.385015546214391e-16,-2.3709455432337136e-16,1.0104324765687041e-16,-1.04727857451497e-16,-2.318393500595486e-16,1.7854341340010275e-17,-8.488482593239081e-18,1.6563491953460637e-16,-1.436791841371278e-16,-3.940805657337152e-17,2.2568038233818903e-16,-5.393395310248883e-17,-1.5835964648355515e-16,2.1560042781375933e-16,-2.4650062941861735e-16,-7.50570020775351e-17,2.1388950550927702e-16,-1.4082583908070829e-16,9.749612811689916e-17,-2.1655799683390368e-18,1.9385403017011982e-16,1.1103679394420913e-16,-4.169197168307193e-17,1.2397388397159982e-16,-1.5787361918331294e-16,3.291050594790073e-17,8.224289871266201e-17,-3.694522691004654e-18,7.874190490342382e-17,-8.790660262104244e-17,-1.0926114654490238e-16,-7.364202287707323e-17,4.544732109955798e-17,-1.792178111532793e-16,-1.09785464774856e-16,-6.276491184122213e-17,7.814202541570385e-17,2.4322705349421303e-16,1.7821003983776697e-16,8.563025438014966e-17,9.239550075529032e-17,-1.7432646932925897e-16,-6.66556503055749e-17,1.0283260690074264e-16,-8.155668975163617e-17,1.4821965419582805e-16,-5.705167740820236e-17,1.8046868853410304e-16,-1.0866186626613187e-16,-1.0785412677249046e-17,5.710553387516987e-17,-3.3076003834053813e-19,-2.0399954641632274e-16,2.198066866775877e-16,-1.8216926052729247e-16,-1.0113004820810843e-16,8.201299638365619e-17,-2.695893334195982e-16,-1.7549561283953021e-16,7.262668441340586e-17,-8.754450277265654e-17,-6.06627680898146e-17,-1.1416848763072768e-16,9.535638187635681e-17,1.7326423349875451e-16,-5.380966371089441e-18,4.867058717583131e-17,1.6903936864347999e-16,-2.0988062884859162e-16,-2.0586728467356105e-16,1.3819329392536186e-16,5.109588226845402e-16,-1.4298943322294441e-16,-1.4754945101115225e-16,9.131487800442288e-17,-1.3363311524265595e-16,1.7163517365607499e-16,2.535815881312966e-16,2.9075648320453005e-16,6.729119350081674e-17,1.9622741949364096e-16,-2.5983822131716072e-17,-4.874858070786565e-17
CC(C)(P(C(C)(C)C)[c-]1cccc1)C.CC(C)(P(C(C)(C)C)[c-]2cccc2)C.[Fe+2].OC([O-])=O.[Na+].CO>>,CC(C)(P(C(C)(C)C)[c-]1cccc1)C.CC(C)(P(C(C)(C)C)[c-]2cccc2)C.[Fe+2]||OC([O-])=O.[Na+]||CO,C_cf961a559337,CC(C)(P(C(C)(C)C)[c-]1cccc1)C.CC(C)(P(C(C)(C)C)[c-]2cccc2)C.[Fe+2]||OC([O-])=O.[Na+]||CO,CC(C)(P(C(C)(C)C)[c-]1cccc1)C.CC(C)(P(C(C)(C)C)[c-]2cccc2)C.[Fe+2],OC([O-])=O.[Na+],CO,-1.7928494595271594,-0.26875378207822437,2.619976425367728,-0.6770332225378016,-1.0747107476594453,0.13992117875842708,0.4196269171487261,-1.1213684917948856,0.32910028574772554,1.6094682351268792,-2.5795041559041,-0.4334642399172581,0.566909795062929,-0.6371385389838089,-0.8195816018385477,-0.4624155043753557,0.37012106892140023,0.06742190510321819,-0.13393017917833897,0.06014665470518785,-0.4875680521646024,-0.06355443547472792,-0.027384829323663665,0.006429926451363735,0.3112864827109162,0.25796470807130734,-0.2963872724016945,-0.14137132276393818,0.005197422834333048,-0.12157353494504504,-1.0425343889452153e-15,-1.2701985217939213e-15,-1.2520205176758448e-16,-2.957195075589554e-16,-4.737678229229698e-16,5.716524261149519e-17,5.672072545052081e-16,2.1046396452508017e-16,-3.92329388422355e-16,-1.9598009834911456e-16,-6.747544307388164e-17,1.0565747843581741e-16,-2.705488508729041e-16,8.303959851772286e-17,-7.532599205966593e-17,3.350323149971695e-17,2.2918051297691182e-17,-4.1096955818858355e-16,7.700154938988507e-18,-1.7411647130897426e-16,-1.0040784679077465e-16,-2.0915377440232986e-16,1.4725528068947194e-16,-3.55459867222693e-17,6.457654148002237e-17,-9.366078127717116e-17,-1.566322026156356e-16,8.548566377896271e-17,2.3245014056101632e-17,1.0755401766580957e-16,4.1852182979910034e-17,2.0552856274522495e-16,-1.8924276000511625e-16,-1.436658937853044e-17,7.545317608901109e-18,-7.517081018302725e-17,1.3268350462332087e-16,-1.9607488005019185e-16,1.0724222997398865e-16,8.458882442427864e-17,-2.278012281623669e-17,3.663644110251723e-17,2.0941145016280065e-16,-2.0326837451086208e-18,-5.063782224707766e-17,-1.1643589024407618e-16,-2.2431509761781812e-17,-2.47046682825291e-17,9.393672639733484e-18,2.3942960262580867e-17,-8.553880586216132e-17,-4.9218340799464267e-17,-9.440316469461716e-17,-1.3212416807787072e-16,8.282980767983794e-18,7.080204535226681e-17,-1.3323956502878467e-17,-5.2565133081006593e-17,-1.279924618755931e-17,-6.23998564765687e-17,-1.2537421367490415e-16,8.253024238417378e-17,-6.816778299577434e-17,4.1530084699446445e-17,-8.35385501409105e-17,-1.0630656228593128e-16,-3.969778773161527e-17,5.676640403578697e-17,-2.4246792157530657e-16,-1.5422957832962482e-16,-3.491660176345504e-17,-1.1918377608839953e-16,-9.240213133346631e-17,-1.528462301935635e-17,-3.424173351368064e-17,-2.930462420961937e-16,3.5077289609172885e-18,-3.076078934184176e-17,1.83763256385008e-16,1.04586826683824e-16,9.411848697433148e-17,1.6115949023916018e-16,-1.5164890210727483e-16,-3.5013235968078527e-17,-7.574549539509858e-17,-1.0418850889055368e-16,-2.305582979672928e-17,-1.9359613403177523e-16,-5.236443244847387e-17,1.115236119239199e-16,-1.3767808206637576e-16,-1.321792154935704e-16,-1.7385270646116895e-16,2.4257766512293047e-17,3.560578469966483e-18,5.0286232303115387e-17,1.2003147708837473e-16,2.281693404917079e-16
CC(C1=C(C2=CC=CC=C2P(C3CCCCC3)C4CCCCC4)C(C(C)C)=CC(C(C)C)=C1)C.OC([O-])=O.[Na+].CO>>,CC(C1=C(C2=CC=CC=C2P(C3CCCCC3)C4CCCCC4)C(C(C)C)=CC(C(C)C)=C1)C||OC([O-])=O.[Na+]||CO,C_d364dacec0f7,CC(C1=C(C2=CC=CC=C2P(C3CCCCC3)C4CCCCC4)C(C(C)C)=CC(C(C)C)=C1)C||OC([O-])=O.[Na+]||CO,CC(C1=C(C2=CC=CC=C2P(C3CCCCC3)C4CCCCC4)C(C(C)C)=CC(C(C)C)=C1)C,OC([O-])=O.[Na+],CO,4.574554730880009,-0.5926359640760646,0.39864349575453234,0.29120179471677254,-0.005150186880816182,0.5431384102877902,-2.219661784796031,-0.920179674718357,-0.47516277550496683,1.826397355862642,-0.941263860669902,-1.2195818399099085,0.8404775698168933,-0.42973669952276283,-0.2201461621787688,-0.6517440322761053,-0.04411054110285855,0.09192111683857669,-0.047157405051614705,0.11705816852969647,-0.4906191465670196,0.06455711704680117,0.3684019505986582,-0.3434414753755656,-0.09810144322356731,0.21544798237436716,-0.38604690324290974,-0.13780221620300687,0.04867862759051332,-0.11245591854154861,1.5538539977008859e-15,9.62920744593135e-16,-6.715243237528115e-16,-1.675751352921986e-16,-4.672086522220294e-17,-2.729093189743427e-16,-5.649745645541201e-16,-5.9352380920820775e-19,2.4564971769350493e-16,-4.1748595560335794e-16,-2.9464746320880294e-16,-3.5521686555313507e-16,1.199188949633437e-16,4.454315853674548e-16,6.722275816355835e-16,-3.1129522864650596e-17,2.7414210713445445e-16,2.418007657409742e-16,-6.076838778085755e-17,2.350349134592993e-16,-6.451731743110564e-16,4.052517007914243e-16,1.1631966828827362e-16,-3.96602133045891e-17,-2.0672853757777505e-16,2.2154975005794126e-16,-3.5783394054129354e-16,5.966452605000763e-18,-1.6783284938361652e-16,-9.758139717888263e-17,-8.909733464399445e-17,-1.3265299600065647e-16,-7.06056594717944e-17,2.556821507729481e-16,1.7905809034978553e-16,-9.390348769823968e-17,-9.241793495169587e-17,1.1292473286865287e-16,-4.781138974804411e-18,-4.405661106127215e-17,2.7708104568050013e-16,-8.18445313567162e-17,1.9063751075646523e-16,-2.377433604584426e-16,8.862638316380745e-17,2.674493470527118e-16,-7.318265402583566e-17,-3.872541233620807e-17,1.5936687562325976e-17,1.7343835755968705e-16,1.4956741212740416e-16,-4.604666208124847e-17,-1.2996778362686643e-16,7.142564360365992e-17,2.150166936136869e-16,-1.0334641231580858e-16,1.0897979225433086e-16,-1.6739555582995282e-16,-1.3021200627798618e-16,-1.0577289152211565e-16,-9.775619883524673e-17,-8.039143644178069e-17,2.2831926324217174e-16,-1.6071131215969873e-16,3.2760772587017808e-18,-8.382540394567429e-17,-9.919961495208618e-17,4.021645021568739e-16,-1.3744896898284295e-16,1.4733614776192257e-16,2.7683601730087273e-16,-3.627945843407845e-16,1.9612730040487538e-16,1.2639022236280107e-17,-2.9520806918353815e-16,2.51068015560983e-16,-3.2550231846469775e-17,1.7043791716585922e-16,-7.814687558576062e-17,-4.017106748043148e-17,1.601152715882037e-17,1.8422417586704205e-16,6.147785669590551e-17,8.59228953588977e-17,8.084201325163286e-17,-9.839052303373762e-17,-1.412027539789009e-16,2.3604296538127723e-16,-2.68223114407938e-16,-3.815611936953393e-17,7.144872715149908e-17,4.38515308591305e-17,1.3504629699133563e-16,-6.926518857256187e-17,-1.4805766147470978e-16,-4.3097930180381985e-17,-3.512680418089933e-16,-5.886861797148523e-17
[c-]1(P(C2=CC=CC=C2)C3=CC=CC=C3)cccc1.[c-]4(P(C5=CC=CC=C5)C6=CC=CC=C6)cccc4.[Fe+2].OC([O-])=O.[Na+].CO>>,[c-]1(P(C2=CC=CC=C2)C3=CC=CC=C3)cccc1.[c-]4(P(C5=CC=CC=C5)C6=CC=CC=C6)cccc4.[Fe+2]||OC([O-])=O.[Na+]||CO,C_f64694e7adb5,[c-]1(P(C2=CC=CC=C2)C3=CC=CC=C3)cccc1.[c-]4(P(C5=CC=CC=C5)C6=CC=CC=C6)cccc4.[Fe+2]||OC([O-])=O.[Na+]||CO,[c-]1(P(C2=CC=CC=C2)C3=CC=CC=C3)cccc1.[c-]4(P(C5=CC=CC=C5)C6=CC=CC=C6)cccc4.[Fe+2],OC([O-])=O.[Na+],CO,-0.9406540717309237,0.960745294207903,2.450836754303228,-0.8562339387508263,-1.4918634382932874,-0.10492500158074793,0.4354791707517427,0.09701705767741368,-1.1796413600931155,2.0411411274649525,0.8523210056285039,-2.2571157749958926,0.47978757077634815,-0.6526090696880974,-0.0925855207720172,-0.5140894916558301,-0.47043690061426385,0.07925820940570355,-0.1350174191427974,-0.29740352293790306,-0.45304192548814504,0.11866199147645302,-0.06959660206203258,0.02582041532554365,0.32153542545732006,0.18495573829749926,-0.3224382528507598,-0.13357899646528038,0.022871512099456072,-0.10320176247193005,-4.4304665002106015e-16,-5.242285952595331e-16,7.483091796134302e-17,8.5297323409132e-16,-3.3723995861357054e-16,1.975895406045222e-16,3.167128080717939e-16,2.463926806809534e-16,-4.451914703818348e-16,3.056241662726524e-16,2.8225765369639853e-16,6.059688858595971e-16,3.5627861978373545e-16,-5.319880128172373e-18,-2.4794591129792893e-16,-1.0752065066986887e-17,1.983406493472098e-16,1.5804822390475134e-16,3.533516706297919e-17,1.7722694817027922e-16,-6.049758059346556e-17,7.157122942533095e-17,9.848839327592937e-17,-3.270954060946103e-17,-1.451044779445672e-16,-2.464878367135783e-16,2.9266883903829996e-16,2.2503486535336737e-16,-3.370921446204741e-16,-2.1895202843843723e-16,6.075150489352595e-17,1.9825650947702306e-16,-1.4250971912904421e-16,-1.882065288819475e-17,1.5472975495401443e-16,-2.9014971603354544e-16,1.1431884591775322e-16,1.271940794352795e-16,1.0207653436748671e-16,6.510895905711171e-17,-8.71542253924679e-17,1.5774261244524423e-16,-2.811651586760784e-16,1.00334618059379e-16,1.7357215203376394e-16,1.2887114509620322e-16,-8.574906024731539e-18,1.0237361402111351e-16,-9.150793762495268e-17,3.20357395268442e-17,9.074039740864934e-17,1.3411532664939456e-16,2.446943969608656e-16,-1.6600648689678703e-16,-1.9966585742123698e-16,-1.0388055565586561e-16,1.5141368021378563e-16,2.0122172566330852e-16,-7.529910694978363e-17,-6.678581166037459e-17,6.07660494467264e-17,3.576985444148595e-16,-7.392570707806225e-17,5.296668747374342e-17,-1.2601720985196565e-16,-1.4036022006365837e-16,-4.5191296011268184e-17,-2.2439654768178298e-16,1.4746257207121415e-16,8.993752858931387e-17,2.0931989766494538e-16,-8.577552066927356e-17,-1.4349294018415275e-16,8.582817284107802e-17,2.8193542821890486e-16,-6.040009310710866e-17,-9.24215690290484e-17,5.762821132382393e-17,-8.38615983733292e-17,-3.7801903695405656e-17,1.9055778440049676e-17,-3.525550452168303e-17,5.961275523420981e-17,-6.869087026592294e-18,2.87175718087404e-17,2.370472894989424e-16,-5.668933275285722e-17,8.252548054917923e-17,3.1152585911881295e-16,-2.5822511659158865e-16,-1.3100073927730183e-17,-7.377327016884439e-18,-3.0367363614679737e-16,2.676446737846418e-16,1.671887155631808e-16,-2.603730116733922e-16,3.425459830897002e-17,-1.3443677359597376e-16
CC1(C)C2=C(OC3=C1C=CC=C3P(C4=CC=CC=C4)C5=CC=CC=C5)C(P(C6=CC=CC=C6)C7=CC=CC=C7)=CC=C2.OC([O-])=O.[Na+].CO>>,CC1(C)C2=C(OC3=C1C=CC=C3P(C4=CC=CC=C4)C5=CC=CC=C5)C(P(C6=CC=CC=C6)C7=CC=CC=C7)=CC=C2||OC([O-])=O.[Na+]||CO,C_5888cda208c2,CC1(C)C2=C(OC3=C1C=CC=C3P(C4=CC=CC=C4)C5=CC=CC=C5)C(P(C6=CC=CC=C6)C7=CC=CC=C7)=CC=C2||OC([O-])=O.[Na+]||CO,CC1(C)C2=C(OC3=C1C=CC=C3P(C4=CC=CC=C4)C5=CC=CC=C5)C(P(C6=CC=CC=C6)C7=CC=CC=C7)=CC=C2,OC([O-])=O.[Na+],CO,-0.32682079523349505,3.6803071277588417,-2.33087841042008,0.19732922069674316,-0.5216611970184091,0.15383492493202872,0.7414159540511783,-1.9110377528037819,0.2660549922969931,1.6187455190402034,-0.7902280423022283,-1.1788091896831963,0.6622678928718341,-0.5142956773751469,-0.608374061809683,-0.4421974561011526,-0.4371617076127839,0.0933827254332094,-0.040266954449636315,0.024243065577802602,-0.5527695180968323,-0.11318836312035344,0.2536694261809214,-0.48607409897897025,-0.02386230950787935,0.16942814403784154,-0.35915316506412936,-0.14686697375237734,0.04320752944672485,-0.10093573230418706,-2.553185165087458e-16,-1.113040937135131e-16,-2.2356022086401952e-17,-3.884880470980941e-17,6.380423936617851e-16,4.1477440575697813e-16,1.3731498923522457e-16,-7.199357144121675e-17,-5.548623772618755e-16,-4.4378133767960784e-16,1.2795827569854228e-17,-2.5001843025599893e-16,2.450103605048664e-16,-5.4433374195847396e-17,-3.812067886215499e-16,-5.813752284170418e-17,-3.4823289436151657e-17,1.7010899378696617e-17,-2.1599742626521343e-16,3.7654175219451187e-16,-1.7947280619783322e-16,2.374090921926998e-16,4.845161508253722e-17,-2.4448428101275127e-16,2.5038490168416813e-16,2.33274999766112e-16,-1.0429458965776305e-16,2.0059137811499112e-16,-2.627957185340365e-17,6.756580789285322e-17,-1.5363904821003486e-16,7.294264872483776e-17,2.675702725271193e-16,-1.9809041948779405e-16,1.3309179534582524e-16,4.4920611573858813e-17,6.162274623474777e-17,2.2801535512507612e-17,3.5457964268404576e-17,-1.4872854784205686e-16,3.112521413713936e-17,-1.0468771701537327e-16,-2.907788146529079e-16,-2.3226881113376144e-16,8.570772514137582e-17,1.222805665411419e-16,2.349895778948868e-16,1.7025936167930737e-16,1.577504394829266e-16,-7.042321751461226e-17,-2.996502576996369e-16,-6.870766993713159e-17,-2.3581157855011422e-16,-8.715060119250806e-17,1.5332099564724626e-16,2.9986096684633056e-16,2.7054981445850762e-17,-2.2069647941059345e-17,1.0565565137272943e-16,2.1421202519700432e-16,1.287855597769701e-16,-7.502117863868181e-17,-1.7117597071321478e-16,-1.0187265915812076e-16,-4.357595634722001e-17,-1.4441387583761276e-16,-2.142279163977182e-17,4.515068762843912e-17,1.4143556739184192e-16,6.811022414973525e-17,-9.773183586761326e-17,3.079100299860466e-16,8.975862516759022e-17,-5.0978195204016264e-17,-1.5682326216369936e-16,3.7031099843847887e-17,8.718735527351671e-17,-3.95336971922719e-17,-1.5182448822584704e-17,1.8050203364236033e-16,-3.260759487727752e-16,-5.585274385821502e-17,-1.653780057082611e-16,2.85537531380023e-16,1.8473410702638144e-16,-1.4426246809182275e-16,1.0434572055071115e-16,-3.911522279906955e-17,1.9606292942338097e-17,-1.4789890729296476e-16,3.3589846938375244e-16,2.132484095640389e-16,1.5424636540507912e-16,-1.2369422260501025e-16,1.7105570349651591e-16,-1.4637326064964335e-16,-3.3346032388460604e-17,-1.0665492847500139e-16
CC(P(C(C)(C)C)C(C)(C)C)(C)C.[Cs+].[F-].CO>>,CC(P(C(C)(C)C)C(C)(C)C)(C)C||[Cs+].[F-]||CO,C_60cb0bec3663,CC(P(C(C)(C)C)C(C)(C)C)(C)C||[Cs+].[F-]||CO,CC(P(C(C)(C)C)C(C)(C)C)(C)C,[Cs+].[F-],CO,-1.3517740545933754,-1.0305454320435927,-0.18631946596822452,-0.20419458096984217,0.2927608110557888,0.7583892458939943,0.2051289273295992,0.27109375767842403,1.5638914508185298,0.15162950834799313,-0.6790810668204357,-0.6382509661325833,1.574952258298874,0.7384748081573088,1.7812096949951808,0.12296140487179046,-0.8761292251351436,1.2378359744820333,0.018395750943013142,0.17150827576749017,-0.02526876042883706,-0.07414098901795302,-0.042883284552932464,-0.020610144590141034,-0.10987533503074826,0.003851686305944277,0.01938689522373464,0.05318911198412276,-0.019105035586366375,0.006853848453737991,-6.51315211510546e-16,-2.1714063879238678e-16,2.2720633750879157e-17,6.49840937105679e-17,1.371140468011385e-17,2.329489006345414e-16,2.991140775961609e-16,3.1740529873154293e-17,2.651693435509956e-16,-1.1865782147807883e-17,1.6430809832703738e-16,5.14198815740332e-16,-4.679684381507466e-16,6.998054547782475e-16,-2.6260273840461024e-16,2.76549713853902e-16,-1.2866882512379256e-16,1.391621336521034e-16,-3.113986667704545e-16,3.626006317802171e-16,-1.7713812477567113e-16,-4.840298820942876e-17,1.2162158611847229e-16,-1.710463519818203e-16,1.42371749613071e-17,2.836259150896983e-17,8.740472007951119e-17,6.648813192763482e-19,-1.2736358453369414e-17,6.848682048755309e-17,3.637916390266973e-17,4.2502122334333355e-16,-3.116082804088754e-17,-1.703760070906423e-16,1.3892399736772574e-16,1.8370780901469669e-16,6.674030041184581e-17,2.1529876807407653e-16,8.620142582648663e-17,2.966346697353267e-17,-2.1307367388348043e-16,-1.1102100721354856e-16,7.155671786320566e-17,1.5431678525899243e-16,5.764301852756809e-17,-4.520991753069724e-17,7.023771222987523e-17,-1.207537851875885e-16,-5.9646036192236444e-18,5.708367966078107e-17,-4.0507605370955645e-17,3.294567814058795e-17,-9.787294526139871e-18,4.736844581844631e-17,-2.2875614767522142e-17,-1.5144162510823138e-17,-1.8844981823162463e-16,3.900328070465174e-17,9.383441573295208e-17,-4.088605839112909e-17,1.782343463970134e-16,2.368531057465913e-17,2.2188909123946753e-16,1.6171621307806762e-16,-1.1345333483409293e-17,1.53256744747723e-16,1.390956332853073e-17,-4.661555755095789e-17,1.1655735525894766e-16,-5.336189966859428e-17,-5.205350418207875e-17,1.4706849880402666e-16,1.2279954417141973e-16,3.122853437980851e-17,-7.455118426608086e-17,2.2754966773377166e-16,-2.1004820709781574e-16,7.818151927615497e-17,-1.642513139852123e-16,1.4564057039193704e-16,-5.369281598223999e-18,-5.374094982647963e-17,1.4136536545582191e-16,2.61150530892173e-16,-5.0730553697666603e-17,4.862725878786295e-18,-1.7518495035385573e-16,-1.516964236467459e-16,7.077961650275167e-17,1.8252248776043903e-16,4.309831710859194e-17,5.394126412907993e-17,-1.157648270271715e-16,8.852013719164195e-17,-7.04542413343404e-17,-1.7209217516807496e-16,-2.650725707155037e-17,-3.3408840060778784e-18
P(C1=CC=CC=C1)(C2=CC=CC=C2)C3=CC=CC=C3.[Cs+].[F-].CO>>,P(C1=CC=CC=C1)(C2=CC=CC=C2)C3=CC=CC=C3||[Cs+].[F-]||CO,C_b029182e47d3,P(C1=CC=CC=C1)(C2=CC=CC=C2)C3=CC=CC=C3||[Cs+].[F-]||CO,P(C1=CC=CC=C1)(C2=CC=CC=C2)C3=CC=CC=C3,[Cs+].[F-],CO,-0.24935142399868684,1.378162327672943,-0.4946922233205778,-0.39134334929222175,-0.024364996075816055,0.563052563134825,0.3151368026743004,0.7644331564542739,-0.026833817385631648,0.3657736974194947,0.1816407234328523,-0.4906888298986072,1.7202974889546474,0.7880008762088608,0.799685154920797,0.20596380270251713,1.9481688916515614,1.2057678621169303,0.0019188494070657989,-0.1553531615966983,0.006754945376562103,0.09779629162270001,-0.09854675637194918,0.0041358326169124585,-0.09339766667163601,-0.06730271746264734,-0.006706828453963785,0.060616855478251706,-0.004270797437215974,0.02517511520155655,3.0541187625142214e-16,-1.3473502602899074e-16,2.111030203758362e-16,4.738093882018346e-16,1.6391921686954348e-16,3.0665083093245737e-16,-4.7092111711561e-16,1.0185003168954492e-17,-2.4193963864628773e-16,3.3007481869612753e-16,6.69845629722444e-17,4.487816083568869e-17,1.7966970543997058e-16,1.820369724972779e-16,-4.201757914268708e-16,3.55866905680119e-16,3.1456880766599606e-17,8.253265670861556e-17,2.3552433929744416e-16,1.9059436190318342e-16,-1.3698655041893468e-16,-1.4808866683892588e-16,5.2483497422588836e-17,-5.695127363275382e-18,7.712183554209869e-17,-1.2775542363093588e-16,3.40715695460315e-16,7.045214043899897e-17,-9.461498318822698e-17,8.707628910361425e-17,-8.266525686032632e-17,6.369813879791043e-17,-1.3570901679512337e-16,-1.2131007123583492e-16,-7.285165754024079e-17,-6.681611768123967e-17,-1.8805906928208497e-16,-2.2736145537297836e-16,2.2211729655755513e-18,-1.1120028242440485e-16,1.2010912074749854e-16,-2.2895922440433263e-16,-9.40147069965033e-17,-7.181748546776413e-17,1.9390588371945324e-16,-2.3351453448787317e-16,2.105731893526144e-17,1.114452291422787e-16,-5.5238346503764283e-17,-1.8117843503572724e-16,-1.3771438616600783e-16,-1.3162596125054012e-16,8.98419700581405e-18,-2.939015059307496e-17,5.0130596861139465e-17,-1.4080685440754817e-16,-9.821353253553568e-18,-1.1023029116583598e-16,-8.403168563659947e-17,2.3312040177245085e-16,2.1232900986655306e-16,-2.1287475138533543e-16,1.4971107151714163e-16,-4.457759460595829e-16,-2.702571729014271e-16,4.6991864559343343e-17,-2.184675054808549e-16,-2.2156552002853843e-17,2.3321767041037155e-16,-1.141993232848868e-16,-3.150808132146205e-17,-2.3847016708760775e-16,-1.5342909490355747e-16,-8.53867273028658e-18,2.2161305439967528e-16,-1.6562579829833285e-17,3.259959777662413e-17,9.677420055775554e-17,5.354008561357543e-17,-1.0730053136343847e-16,7.986877699982135e-17,3.6146082516914006e-17,-1.1537378953097197e-16,1.775644406833285e-16,-2.7178094653154547e-16,-1.7459954921647714e-16,-1.2960455612404395e-16,-1.4935997361714476e-16,-2.97943901818705e-17,-7.021523596471834e-17,2.8118596136401804e-16,9.734537417679427e-17,3.885958998370741e-17,-2.314322194699965e-16,-3.6095800791526345e-16,-7.087137125057728e-17,1.4101916629459443e-16,2.4754414484691525e-16
CC(C)(C)P(C(C)(C)C)C1=CC=C(N(C)C)C=C1.[Cs+].[F-].CO>>,CC(C)(C)P(C(C)(C)C)C1=CC=C(N(C)C)C=C1||[Cs+].[F-]||CO,C_1628add27d99,CC(C)(C)P(C(C)(C)C)C1=CC=C(N(C)C)C=C1||[Cs+].[F-]||CO,CC(C)(C)P(C(C)(C)C)C1=CC=C(N(C)C)C=C1,[Cs+].[F-],CO,-1.4384172108504407,-0.05088498468878135,0.9792185783652934,1.3286261883101953,3.87302474026419,0.6040172949871381,0.5019360430901337,-0.33459244184818737,-0.7633631574200521,0.42842378761235594,0.10591068643052624,-0.27689429334482557,1.4007864467539377,0.19150977146154718,-0.20219204723486134,0.8415455720917921,-0.06132293309971486,1.2216082171143565,-0.03636079470602951,0.3232864692408983,0.13825543826926978,0.18081533493608024,-0.010192121830457429,-0.27448344705371663,0.2246816830148008,-0.182470226506005,0.0722881372871159,0.04802261410213136,-0.035659430161897494,-0.09890495497955074,3.1132868169099934e-16,3.8381103357676455e-16,1.01464844621348e-15,5.335978857470343e-17,-6.282985023134612e-17,-3.964480583841512e-16,2.516109068772619e-16,3.493422035954522e-16,-3.8011576031442154e-16,-3.2466336835123675e-16,-6.743244107390083e-17,-2.6437210440564903e-16,-3.519359661858091e-17,2.7475752602121703e-16,-8.002727448586652e-17,4.623094181905464e-16,-5.836397844244939e-16,9.611038406110756e-18,7.119736813777801e-17,3.240167600869774e-16,-1.1743860353313363e-16,1.0696632729830927e-16,-2.000145806890675e-16,-2.4478196557975044e-16,3.6517366151062495e-17,2.311543996525427e-16,9.773731289917513e-17,9.717049130659603e-17,-2.5033336676560555e-16,6.751845529081464e-17,6.091741784828721e-17,1.1472199833215623e-16,-1.2567280392252005e-16,-4.010958748098311e-17,8.5497285787399e-17,9.471560303240992e-17,4.3208204432765135e-17,2.1406407385958553e-16,1.3014512627483607e-16,-1.2898074336453632e-16,-6.832629994974988e-19,-7.169781795783633e-18,1.3120775662487087e-16,-4.535242352361833e-17,-6.804985155990983e-17,2.9025281036751074e-16,1.0686159060372227e-16,-8.583980170226583e-17,-1.083791068380062e-16,-1.314498226094157e-16,-5.45708286685649e-17,2.5144909654102143e-16,8.532171663516334e-17,1.4077233358238906e-16,-5.103282494465552e-17,5.1715483691947065e-17,2.450973958267696e-16,-8.123096110030005e-17,-9.318457899790898e-17,-1.396020788290733e-16,-3.8523347177672965e-17,1.5441469865634488e-16,4.57958381382161e-17,-1.8309921312790722e-16,-1.065477945836788e-16,-6.659799351533163e-18,-3.027388268522854e-16,-2.8144323653971193e-16,-7.678140561772226e-17,-1.0920243171288117e-16,2.406525145305601e-16,-8.337570917015466e-17,8.119235500250168e-17,5.932601027571687e-17,5.753773996338283e-17,-1.0069312262349394e-17,-1.326374210082315e-16,-4.028215121854097e-16,-1.9031583065116643e-16,-7.376808629362232e-17,3.5892842944506716e-17,2.256111043248997e-16,-1.7842557120157134e-16,6.044041886811432e-17,-3.704121852886738e-18,1.9965571835342405e-16,3.156327287767805e-16,-2.687047828099285e-16,1.139173195357326e-16,9.341969957750902e-17,-1.4168710580980525e-17,1.1281362108951465e-16,-1.53810253711699e-16,-9.853135808094496e-17,5.430732320613968e-17,-4.346157159297967e-16,-3.096445674548157e-17,-3.3420814959104518e-18
P(C1CCCCC1)(C2CCCCC2)C3CCCCC3.[Cs+].[F-].CO>>,P(C1CCCCC1)(C2CCCCC2)C3CCCCC3||[Cs+].[F-]||CO,C_31afe3450540,P(C1CCCCC1)(C2CCCCC2)C3CCCCC3||[Cs+].[F-]||CO,P(C1CCCCC1)(C2CCCCC2)C3CCCCC3,[Cs+].[F-],CO,0.04244917932242909,-1.5528248082717668,-0.49084537356108277,-0.4150974178770133,-0.10191438339595617,0.47166072962300015,0.028575270725251584,0.6585735658432015,2.4919627504258512,0.4008776070490909,0.8934580602913524,-0.9085267286146249,1.3466385212809675,-0.029831126819937253,-1.0408137368185593,1.3491618079155367,0.32680507406262777,1.204376719404316,0.007977533088444094,-0.1411118472556088,0.0394492222912737,0.14547283375916842,0.07594901029310872,0.09092127866828796,-0.0989044556462626,-0.04126707938333331,-0.008103455650002932,0.09934311955338596,0.1125786914220498,0.024466874726975518,7.126858631498086e-16,3.8245539685088053e-16,4.781522619629275e-16,2.3788576126283963e-16,-5.263684848146502e-16,-1.4290349975474618e-16,-6.314457385613892e-17,4.856873559054973e-16,1.4935076303577144e-17,1.365321407439366e-16,-1.201309809761104e-16,-1.0104578205927997e-16,1.5103112049365856e-16,4.5799720789442894e-17,-2.2216953161823676e-17,5.6257652078926835e-16,-2.3643380546572566e-16,5.802776368627546e-18,-2.279626860629719e-16,5.302487233527568e-16,1.689460479235614e-16,-2.0599394965286841e-16,-3.044644892062772e-16,-3.377676271310608e-16,7.639370981568013e-17,-2.6592902977734464e-16,-1.2832472423979182e-16,4.253156149065861e-17,5.011740525398295e-17,8.493632475883886e-17,-3.3360547960524743e-16,4.455937094549453e-17,7.9034847030739e-17,1.2843908933968834e-17,1.1879569200512018e-16,2.882033159231414e-16,7.361122873758798e-17,9.539241606844653e-17,4.1501876403090443e-17,1.6550711570992465e-16,1.3283192759091418e-16,-3.5398071563019263e-17,-8.774229655361823e-17,3.0616593528733336e-16,-1.1676912614983334e-17,3.9732815264917196e-18,-3.625695104742628e-17,-1.617662719613556e-17,-1.3247664946984371e-17,1.1359525232638639e-16,6.210705466199105e-17,-2.2308164050208074e-18,-7.967858144314426e-17,-1.843886176507098e-16,4.6499198212996017e-17,4.490893733344597e-17,-7.566502455723603e-17,3.347354621925506e-16,-4.671479640759909e-17,1.1798036908006377e-16,5.7565791738367534e-18,-7.572039354330606e-17,3.883334348287401e-18,2.2558922841940257e-16,6.831479482747828e-17,1.2542486652794366e-16,-9.927297136565135e-17,2.846931765039378e-16,-1.3569285730375467e-16,2.5395200061236334e-16,-1.1326543906844273e-16,3.338253026849076e-19,1.1218791837224775e-16,1.0173146100986651e-16,-8.25864592940026e-17,-1.9880047443240073e-16,2.1965860959623218e-17,-1.9503230191224034e-16,7.443103223687797e-17,1.9354527546538284e-16,1.214334270209396e-16,3.060969451129994e-17,-1.9030317246574017e-16,-1.985653319895044e-16,2.4754452638205995e-16,-1.4440173524041372e-16,1.8826429626706318e-16,-2.6700809944212183e-16,-2.0749807324377836e-16,4.0910965592824435e-17,-2.7233845488660015e-16,-6.470192168919664e-17,-2.2096678409810685e-16,-1.3877949171259018e-16,3.1681557325270376e-16,-1.7229738558158734e-16,-3.1315392815041493e-16,2.561072608724256e-17
CC1=CC=CC=C1P(C2=CC=CC=C2C)C3=CC=CC=C3C.[Cs+].[F-].CO>>,CC1=CC=CC=C1P(C2=CC=CC=C2C)C3=CC=CC=C3C||[Cs+].[F-]||CO,C_4273a165d325,CC1=CC=CC=C1P(C2=CC=CC=C2C)C3=CC=CC=C3C||[Cs+].[F-]||CO,CC1=CC=CC=C1P(C2=CC=CC=C2C)C3=CC=CC=C3C,[Cs+].[F-],CO,-0.41900631569325597,1.790834590703828,-0.6590279473881382,-0.41514391274013956,0.001814926662082362,0.6116733594367667,-0.6197948065979061,3.1861275321082965,-0.46378443288906307,0.3651158046435553,-1.0503397347654497,0.03231069742009276,1.377588020749772,0.07704615353312479,-0.28804016881746375,0.986036845141005,-0.4253171584643051,1.2267306080960367,0.009602325050509562,-0.18218514213578804,0.005277496134874895,0.09985172179168073,-0.1000008910351207,-0.005092167294411652,-0.10006718215236125,-0.06965605962274857,-0.006878119493472487,0.05999050352372926,-0.004143680822191756,0.025373710547560994,1.1039886901066116e-16,-2.3884333632670735e-16,4.205370058097034e-17,-4.37221275465921e-17,-3.90699557668316e-17,3.064904604194448e-16,-2.2492183659682915e-17,4.429639121617145e-16,-1.1269944826407355e-16,-4.549705290326444e-16,3.5399708097201633e-16,8.803220281589854e-17,4.4129968279536905e-16,2.3116898830030186e-16,-1.1410913421954552e-16,-7.826056859813966e-18,-1.7184217861912904e-16,1.2091417103505984e-17,1.2306969372435376e-16,-1.407912416646073e-16,2.6748840082739664e-16,-9.014581499023326e-17,-3.0611527653309525e-16,9.717527681258406e-17,-2.5930591635360545e-16,4.3062168589045124e-17,-1.3499290441279149e-16,2.1973232548274109e-16,1.2056232086962444e-16,-1.8631806639103964e-17,-1.6303518540111288e-16,-2.1769704326058233e-17,6.244308013740526e-18,-3.792387873192372e-17,-4.065226485400723e-17,1.3403777837228269e-16,-2.7639884638772937e-17,6.814943835616534e-17,1.4618591570885997e-16,1.0500035993197883e-16,-1.2353953008057097e-16,-7.014375647943329e-17,1.8605047179332151e-16,4.8577879373497496e-17,-7.45633452607364e-17,1.2537178205382153e-16,-7.383419463254629e-17,-2.8996672681857007e-16,-5.25259979117412e-17,3.691110465509798e-17,7.109695817890345e-17,-1.3853619491267376e-16,-3.669495201821434e-17,6.534488524234026e-17,5.686897878546043e-17,-1.834635517335167e-16,1.341822180573238e-16,1.1894446882834853e-16,-1.0148713149981288e-16,-2.5393798388294183e-17,-5.722078328564542e-17,7.069581134396016e-17,-3.9977866097151963e-17,-5.976492859241957e-17,-4.993467350670131e-17,1.0208172733549561e-16,2.1188476032701394e-16,4.668139440268398e-17,-9.57145432118778e-17,-1.206296926807004e-16,1.7209773615601895e-16,-2.0444456954498036e-16,6.720133841852034e-17,-1.5566982349182868e-16,8.708170196634e-17,-9.191148058443096e-17,-5.006452817197507e-17,1.6559820184885606e-16,-1.124220399415361e-16,1.1994803818071502e-17,2.224589757881576e-17,1.3156000950373772e-16,1.0037385688810134e-16,7.620349152514523e-18,9.092844453410344e-17,1.2430634750888293e-16,1.273951143424061e-16,5.426094995486234e-18,1.234381720892279e-16,1.3165893413570574e-17,-2.291963779547007e-16,-3.525061015063924e-16,1.6348769237888166e-17,4.76390191976403e-18,2.41941318744479e-17,-6.039420932004621e-17,2.362785354489248e-16,-4.0472935534297926e-16
CCCCP(C12C[C@@H]3C[C@@H](C[C@H](C2)C3)C1)C45C[C@H]6C[C@@H](C5)C[C@@H](C4)C6.[Cs+].[F-].CO>>,CCCCP(C12C[C@@H]3C[C@@H](C[C@H](C2)C3)C1)C45C[C@H]6C[C@@H](C5)C[C@@H](C4)C6||[Cs+].[F-]||CO,C_689840669083,CCCCP(C12C[C@@H]3C[C@@H](C[C@H](C2)C3)C1)C45C[C@H]6C[C@@H](C5)C[C@@H](C4)C6||[Cs+].[F-]||CO,CCCCP(C12C[C@@H]3C[C@@H](C[C@H](C2)C3)C1)C45C[C@H]6C[C@@H](C5)C[C@@H](C4)C6,[Cs+].[F-],CO,-1.7127385849635164,-3.443471922966032,-2.5745880519260136,-0.19396016718455705,-1.0186567119810606,0.6339807968964716,0.4840422849050818,-0.12317869680318783,-1.7291250300982213,0.4808103419806632,-0.17205861850111684,-0.11051076344488993,1.5094662385661146,0.24513388707243253,-0.032807450631975585,0.8070270293448221,0.03785876931250083,1.2155115331313096,0.009870296301910409,0.20437554296333038,0.00935056210571708,-0.025052508691358548,0.13163931968768688,0.07201791280266616,-0.12424980640280538,0.023590471255229246,0.00027811172139398377,0.06618025576733999,-0.02059137914426352,0.013274934235845056,-3.717867401657469e-17,-1.9694600093263424e-16,-2.1905055404149744e-16,-2.9648209662215796e-16,3.6278725261787443e-16,-2.1478560589817934e-16,2.01262789727799e-16,-8.26591878028309e-17,5.873976244261969e-17,-1.1917507199298802e-16,3.307033831350781e-16,1.1441035671150698e-16,-2.163996988121649e-16,-5.352562776034303e-17,1.748029014198463e-16,-3.396571333881554e-16,1.6588754546184438e-16,2.2291794583725315e-17,2.6139679040887835e-16,-3.2772086065161663e-17,5.394175411799149e-17,-1.3550623354777041e-17,-2.7845498841838763e-17,-1.0003520592389923e-16,-5.915665951017553e-17,2.2848976065143876e-16,-1.0773468799351026e-16,-5.9178228227624186e-18,1.1637051449688822e-16,-2.1068763657499958e-16,8.200682616154406e-17,1.501105344620351e-16,9.43295825195579e-18,3.358590490073786e-17,-8.15550733844804e-18,-1.7186204988467265e-16,-1.0744310883383369e-17,3.178939586154589e-16,7.16213350962691e-17,-2.957823211320169e-17,5.592587297567381e-17,-4.673554240690689e-17,1.3298701089603618e-16,6.62079625629375e-17,1.4909610110270792e-16,-1.2035999862604374e-16,-6.535436039975567e-17,-1.4372176213991394e-16,-1.8339251689253578e-16,-1.8789066702471733e-17,-1.2948254382779475e-16,-1.9825524355083681e-16,2.593529593475159e-17,-6.784874721407888e-17,-3.5565630344820736e-17,-3.6496746550980106e-17,-2.202273302639603e-17,-6.614799253953875e-17,4.2330035787138115e-17,-5.720131770619031e-17,1.2054018439933407e-16,1.0977351391883857e-16,-1.4570161610537373e-16,-9.455573642730907e-17,-9.240254281909089e-18,1.2505059847717871e-16,4.16050827547853e-17,1.3434865894257327e-17,7.058273705135536e-17,9.087741436959796e-17,-4.123329096969244e-17,-2.5465408644295417e-17,-3.898902102142311e-17,1.884844540212638e-16,2.7495086906485667e-17,-1.7835361807229597e-16,-6.67554558490867e-17,1.657758709867376e-16,-7.818036215423323e-17,1.4380875345963183e-16,1.8029079671724396e-17,2.250627862607405e-16,1.7642030790562977e-16,-1.5333032871287644e-16,3.429408352732419e-17,4.222672143948216e-17,3.2405959369558536e-17,1.5306332056011196e-16,-4.5696730298995045e-17,1.3272649495836434e-16,2.577526201805434e-17,-9.063484776231248e-18,-7.949172810787571e-17,-4.600336092865224e-17,-5.2124385662288015e-17,-1.5209414358585273e-16,-2.1187912235659644e-16,2.9333808931592413e-16
COC1=CC=CC(OC)=C1C2=C(P(C3CCCCC3)C4CCCCC4)C=CC=C2.[Cs+].[F-].CO>>,COC1=CC=CC(OC)=C1C2=C(P(C3CCCCC3)C4CCCCC4)C=CC=C2||[Cs+].[F-]||CO,C_5f251adc388b,COC1=CC=CC(OC)=C1C2=C(P(C3CCCCC3)C4CCCCC4)C=CC=C2||[Cs+].[F-]||CO,COC1=CC=CC(OC)=C1C2=C(P(C3CCCCC3)C4CCCCC4)C=CC=C2,[Cs+].[F-],CO,4.140757541549743,-0.4795036991806334,0.3279523687526079,-0.34354844678951385,-0.026049457524247963,0.14711421093357488,3.085325758145329,0.676313830944569,-0.12142038253678004,0.09444378727786187,-0.37365705013437606,-0.09536136033370059,0.991814889061662,0.4520368404505174,0.049579288329256795,0.6724324195240269,-0.1034653135133977,1.233997562330306,-0.0332233695985884,-0.31427115892666524,0.07331957371028361,-0.026716705498119428,0.07380150630367319,0.3571004224613103,-0.09356817661790243,-0.16014490604031723,0.39391623621983324,-0.3685157729596018,0.03494404880690062,-0.050539355164654895,1.460700531169554e-16,2.744814873631077e-17,5.864323409295555e-17,7.711576026263932e-18,3.484784100876768e-16,2.785544213609439e-17,-2.885149369554618e-16,-2.72286829902738e-16,5.784269174441045e-17,-1.1478793571367587e-16,2.1216776944566065e-16,-7.667916045039158e-17,-1.5189249018982e-16,4.414911921514374e-16,-1.7568616452675248e-16,-4.1965124300457964e-16,3.6844324553096067e-16,2.399963189185831e-16,-7.532880180766034e-18,4.60639068264251e-16,1.7974746738357172e-16,-6.582573268098087e-17,2.2136972674682175e-16,-1.102852687172273e-16,-1.8825533263398618e-16,-2.0918720316201628e-16,-3.2382602391535694e-16,1.5632743714160818e-16,1.3957677133027659e-16,-1.811539033414037e-17,1.2807861254322717e-16,-2.1222858346560746e-17,2.1273639191622457e-17,-8.489929047609385e-18,1.7808568905342984e-16,-5.282502014578668e-17,8.365046632699537e-17,-2.3767895140938406e-16,4.7214696965899326e-17,9.874867969054126e-17,-5.1773037644544496e-17,-1.392595376567307e-16,-1.7710438034983517e-17,-7.585775457964467e-17,-8.026850355050634e-17,1.3157463442272654e-16,-8.142556961786135e-18,1.6008390241654694e-16,2.327460355055166e-17,1.5420224734477947e-16,1.1390121497623203e-16,-9.405102848950667e-17,1.8951133301600455e-16,2.8540525937697204e-18,1.4912420270914675e-16,4.8885171860475793e-17,-1.4601370190580132e-16,-1.3564565958215766e-17,-6.111746407427283e-17,5.471628354827199e-17,2.3127024246283333e-16,-2.919236506933836e-17,-8.87453004482781e-17,1.1063913375879118e-16,1.9074850987665863e-16,-1.8475330951180496e-16,1.4479613175458417e-16,1.2395046014542145e-19,2.778951291578341e-16,1.6573759370107948e-16,8.929668953968097e-17,-3.25310194851414e-16,-1.6998161595395525e-16,1.8811911669095498e-16,-8.594454532793855e-17,6.665021384581583e-18,-2.1153577090359673e-16,1.0404806571270636e-16,-1.79271435689833e-16,-4.272721479228187e-17,1.090835352023229e-16,1.3644529040533982e-16,5.0663775492318863e-17,-2.7596363841633435e-17,2.4115217214909735e-16,-5.434739006312487e-17,3.2462598955879146e-17,1.751935015421782e-16,-2.0989503761507687e-17,2.5630885627454425e-16,1.9491307585710685e-16,1.0144124097193055e-16,-9.443252234349163e-17,-1.8657664098683474e-17,-1.7049908459041482e-16,-2.207566922659077e-16,1.213482999876678e-16,4.883903456508595e-17
CC(C)(P(C(C)(C)C)[c-]1cccc1)C.CC(C)(P(C(C)(C)C)[c-]2cccc2)C.[Fe+2].[Cs+].[F-].CO>>,CC(C)(P(C(C)(C)C)[c-]1cccc1)C.CC(C)(P(C(C)(C)C)[c-]2cccc2)C.[Fe+2]||[Cs+].[F-]||CO,C_9b48a1652aa3,CC(C)(P(C(C)(C)C)[c-]1cccc1)C.CC(C)(P(C(C)(C)C)[c-]2cccc2)C.[Fe+2]||[Cs+].[F-]||CO,CC(C)(P(C(C)(C)C)[c-]1cccc1)C.CC(C)(P(C(C)(C)C)[c-]2cccc2)C.[Fe+2],[Cs+].[F-],CO,-1.9067059018961214,-0.356696974534412,2.5794396372017845,-1.2221276123276406,-0.990973098796411,0.6758839143471967,0.3658328981097353,-0.865184899641897,0.38224844997975177,0.20172483518267983,-1.851390552710531,0.6516522496007158,1.5358403421887243,0.256041758385619,-0.4110830668159025,0.8649307606542436,0.3695575531260205,1.214371759788158,0.01171741425453525,0.1795586976459264,-0.029787123836389408,-0.083953872127428,-0.05693831073393216,-0.025678709829042162,-0.11117750542293499,0.0035734019797078386,0.018901799975941724,0.05228787807744844,-0.021868202738696444,0.007052466243932256,4.0450259036693845e-16,-1.0871506109938236e-16,-1.0813743021925084e-17,-2.615162786536149e-16,-1.4221545733424235e-16,-7.582800798971785e-17,3.6684347270593123e-16,-3.509170557346867e-17,2.483262787165189e-17,-4.377728521449755e-17,-4.8916434578074654e-17,2.6309631581829153e-16,-2.4526940641334933e-16,-1.8157012744557265e-16,-7.197923178421422e-17,-6.581653929504433e-17,2.961116136057245e-16,-2.297105629013181e-16,-9.399189877720971e-17,-9.758773492440272e-17,-9.944157486533726e-17,-1.147544738327086e-17,6.22446801348979e-17,3.610102963774925e-16,1.6010475911519693e-16,2.101589008934067e-18,8.563448518607202e-17,-1.8275970055729386e-16,3.38063132158463e-16,-2.632023947383295e-16,-1.2621265014574188e-16,2.618545992439803e-16,-2.1607616562519207e-16,2.2034657249512452e-16,-1.757807410867923e-17,-3.6512215179961084e-17,-1.7494148309441578e-16,-1.4506324847952868e-16,-1.0064568543024343e-16,-1.2861490874638138e-16,-3.877434810279123e-18,-2.1725425457884016e-16,1.6887845223681934e-16,-4.1398046807922725e-17,-1.5214566613540127e-16,8.389640060799783e-17,-2.674877785824407e-17,3.490933894909868e-17,-2.883660093219914e-16,-3.239232365868566e-17,3.237340087508664e-17,-5.509548138437399e-17,8.663194554743591e-17,7.761868100966255e-17,-5.93744577472728e-17,-8.986834984136293e-17,-6.775830088722209e-17,6.28501402927716e-17,-1.1461177067888734e-16,1.0363998435947864e-16,2.336808922734504e-17,1.1617503138344615e-16,9.614963668056011e-17,2.37559669047428e-17,-1.3668661248775212e-16,8.633509757240414e-18,1.239473955079806e-16,3.2896558859518423e-16,-3.936222310041897e-17,-1.4982299871183697e-16,-8.530497445656031e-17,-8.029151063268108e-17,-1.7617201210114351e-16,1.220819604534902e-16,-1.2098590530336116e-16,2.3140684996455304e-17,-2.6169860790240123e-17,-2.0103573576699249e-16,1.466068219005594e-16,-7.304917028845866e-17,1.3347433404089962e-16,-1.4042683634679974e-16,-6.34198153820076e-17,-6.463612302517603e-17,-8.273713335966616e-17,2.2663447433728636e-16,-2.1760427034439388e-17,-2.811064687857541e-16,-1.5874656023767603e-17,-2.1724166705119408e-16,-1.339534035060798e-16,1.2034005263443057e-16,6.477643403736037e-17,4.1374659467115886e-17,4.255343096164057e-16,-1.8234035864933162e-16,2.4601519267578354e-17,-8.075787073010185e-17
CC(C1=C(C2=CC=CC=C2P(C3CCCCC3)C4CCCCC4)C(C(C)C)=CC(C(C)C)=C1)C.[Cs+].[F-].CO>>,CC(C1=C(C2=CC=CC=C2P(C3CCCCC3)C4CCCCC4)C(C(C)C)=CC(C(C)C)=C1)C||[Cs+].[F-]||CO,C_43cd92a21c49,CC(C1=C(C2=CC=CC=C2P(C3CCCCC3)C4CCCCC4)C(C(C)C)=CC(C(C)C)=C1)C||[Cs+].[F-]||CO,CC(C1=C(C2=CC=CC=C2P(C3CCCCC3)C4CCCCC4)C(C(C)C)=CC(C(C)C)=C1)C,[Cs+].[F-],CO,4.584128932867755,-0.6253833538489196,0.3141270984623008,-0.23195285082419598,0.05805643447491593,1.0557323501409133,-2.2326192505547056,-0.799120898703835,-0.4462630642804424,0.5540102935449575,-0.3521131774915468,-0.2641564137581368,1.622386627156622,0.2820848228638969,0.2552108751514319,0.7417454363184397,-0.0793763048630697,1.2117517881189552,-0.022643615854056828,0.18275858460262862,0.028376997006211477,-0.04282035034061889,0.056460684256825815,0.24908200107390113,0.03180688887768644,0.04876192995551702,0.02606120660296823,0.07166244649609162,-0.037480043759763444,0.012402939942718861,4.62249793262943e-16,3.420767779239257e-16,-2.262267375689359e-16,-1.385983336741687e-16,-2.8042487136989635e-16,-1.3170530629686993e-16,-3.2637592562842014e-16,8.69115695839911e-17,3.672065388972429e-16,-3.375764480695933e-16,-2.444760597424595e-16,-3.834141024916018e-17,3.860987245608681e-16,4.2730713408794215e-16,9.360658995362078e-16,1.6687370508249748e-16,1.4196291108818125e-16,-5.873481802702292e-17,2.8365188885455734e-16,-3.960826769245187e-17,-1.1591948595777477e-16,1.2641920953544998e-16,1.9133070433760766e-16,3.6102761367934154e-16,-5.467268925353291e-16,4.0417203294899586e-16,-2.9592593681526034e-17,-2.8155458972087046e-16,-3.0925186971733453e-16,1.180961076276572e-16,2.5922576651215623e-16,-2.371465053325032e-16,-5.878253528202337e-16,1.3717200036147096e-16,1.1094071341138156e-16,9.659033746987922e-17,2.1453019717928613e-16,2.9122178235063713e-16,3.013666997055877e-16,-1.9394638328921004e-16,9.11094470028714e-17,8.993697453558155e-17,2.0205861254068992e-16,2.265939075661839e-16,9.703976472376793e-19,-1.5318820332897664e-16,1.986665799770776e-17,-1.0342525283242365e-17,-5.80798502340911e-17,-2.0883316850639391e-16,-3.325707015200129e-17,9.213966778155043e-17,-9.455018533582669e-17,-1.8536721182685535e-16,-9.619233955449077e-17,-1.047709019074255e-16,2.2148210281851185e-16,1.7045483624239563e-16,-2.0021536585297443e-17,-3.082818531431422e-18,3.161137026662744e-17,2.281506825575475e-16,3.547133464622041e-17,1.885709282231628e-16,2.5857989961710634e-17,2.4491036377554366e-16,-4.7642373860792494e-17,-1.489502675428819e-17,-2.120257048992764e-16,2.376716702925352e-16,-7.821416439021931e-18,-2.447377703962647e-17,-9.39243931792158e-17,-3.202943257766263e-16,-3.3617898375476073e-16,-8.33302173570616e-17,-1.2115186179037873e-16,4.714967457969311e-16,-1.7025626594260505e-16,-1.1144210194385208e-16,-1.6200512055996883e-16,-5.315683412524843e-17,3.631599524757018e-17,-9.966275144036985e-17,-3.999015081913147e-17,9.773987449180826e-17,6.148401716800468e-17,-3.9525525085856047e-16,2.1156087632265423e-16,-4.108030450652793e-17,1.9954176829722247e-16,6.339216143574399e-17,1.8158386725828765e-16,-2.0661053418969393e-16,-2.6018114461346586e-16,2.5490072483392245e-17,3.5823959826630885e-16,8.046886281122061e-17
[c-]1(P(C2=CC=CC=C2)C3=CC=CC=C3)cccc1.[c-]4(P(C5=CC=CC=C5)C6=CC=CC=C6)cccc4.[Fe+2].[Cs+].[F-].CO>>,[c-]1(P(C2=CC=CC=C2)C3=CC=CC=C3)cccc1.[c-]4(P(C5=CC=CC=C5)C6=CC=CC=C6)cccc4.[Fe+2]||[Cs+].[F-]||CO,C_b89a5150e4a5,[c-]1(P(C2=CC=CC=C2)C3=CC=CC=C3)cccc1.[c-]4(P(C5=CC=CC=C5)C6=CC=CC=C6)cccc4.[Fe+2]||[Cs+].[F-]||CO,[c-]1(P(C2=CC=CC=C2)C3=CC=CC=C3)cccc1.[c-]4(P(C5=CC=CC=C5)C6=CC=CC=C6)cccc4.[Fe+2],[Cs+].[F-],CO,-1.0545105140998854,0.8728021017517148,2.4102999661372846,-1.4013283285406641,-1.4081257894302532,0.4310377340080219,0.38168515171275175,0.3532006498304017,-1.1264931958610889,0.6333977275207525,1.5804346088220735,-1.171999285477919,1.4487181179021427,0.24057122768133032,0.31591301425062773,0.8132567733737684,-0.47100041640964324,1.2262080640906428,0.0106301742900764,-0.1779914799971638,0.004739002840067965,0.09826255482375278,-0.09915008347230113,-0.006288220954862421,-0.10092856267653136,-0.06943556779410003,-0.007149180473124011,0.06008020437610673,-0.004194113473574013,0.0254242387170473,-5.444728884804975e-16,-9.0345957202134e-16,-7.032506926653952e-17,6.110124599029533e-16,-4.998102878605447e-16,2.864564558730191e-16,4.563457533567057e-16,9.734056851786157e-17,-4.161501242163467e-16,4.3196689066615385e-16,9.495204057082228e-16,-1.3830200238739736e-16,4.953542380743168e-16,-2.787463961704354e-16,4.0633774614947494e-16,3.01333550745198e-17,-3.898705679386474e-17,-1.4245715294393855e-16,-1.9355666040778229e-16,4.6085194707793875e-17,2.44396003876857e-17,-1.239688809896204e-17,-1.9032726902488115e-16,-1.3213180343735363e-16,-4.0051732487187285e-16,8.581650054471315e-17,-4.74433205790499e-17,1.2670123570749946e-16,1.6665306091402617e-17,-8.258949500534297e-17,3.2299802554106886e-17,8.304287093878098e-17,1.684133806019026e-16,-1.8042850858551178e-16,1.8083701209296795e-16,1.1014908242941718e-16,-7.904928694473004e-17,-2.2610640067812184e-16,-2.546214400819014e-18,-5.2866621210781646e-17,-7.197577850671144e-17,-1.979691471814685e-17,-3.8435714024230746e-17,-2.315231363514721e-16,8.096380058882286e-17,-1.4134750521980335e-16,3.350169297585261e-17,-5.30182568172494e-18,2.2047938209883075e-16,1.8070226773064387e-16,-3.2586676094506052e-18,2.0833972321343904e-17,-2.1874658460313165e-16,2.6946188569361054e-17,8.133566021195202e-17,1.1109392048932145e-16,-3.621195566566268e-17,-1.7823848714531356e-16,2.369415012953805e-16,-1.2580201203759372e-16,-9.454424793966492e-17,-1.879095706573846e-17,2.0591491980978605e-17,-8.543635791210275e-17,-9.116190744290173e-17,-5.2146165728455164e-17,1.1069568122951742e-16,9.71059803968756e-18,2.0331109088834767e-16,-1.3274244850117566e-16,2.1923024702110556e-17,3.982429130594319e-18,-5.113855188531354e-17,2.6586127884190107e-16,-2.6903864553492705e-16,-5.3362019713700874e-17,-1.0490260778253456e-16,-2.0914611961985854e-17,1.0476316323552296e-16,5.953938581181048e-18,8.342552907791514e-18,-2.0885069343060166e-16,1.2338089166498768e-16,-1.843778164844243e-16,-7.89752796031016e-17,1.5084387251332787e-16,-1.0660805774781633e-16,-6.214914487843397e-17,1.1509214557700718e-16,-7.01081423320533e-17,8.383283167298894e-17,-2.286285444986693e-16,-4.478049233550602e-17,-2.8876549258325105e-17,6.114830631136447e-17,1.597927943450875e-17,3.490689011192747e-17,-7.03103344082807e-17
CC1(C)C2=C(OC3=C1C=CC=C3P(C4=CC=CC=C4)C5=CC=CC=C5)C(P(C6=CC=CC=C6)C7=CC=CC=C7)=CC=C2.[Cs+].[F-].CO>>,CC1(C)C2=C(OC3=C1C=CC=C3P(C4=CC=CC=C4)C5=CC=CC=C5)C(P(C6=CC=CC=C6)C7=CC=CC=C7)=CC=C2||[Cs+].[F-]||CO,C_4fa7e32e2dda,CC1(C)C2=C(OC3=C1C=CC=C3P(C4=CC=CC=C4)C5=CC=CC=C5)C(P(C6=CC=CC=C6)C7=CC=CC=C7)=CC=C2||[Cs+].[F-]||CO,CC1(C)C2=C(OC3=C1C=CC=C3P(C4=CC=CC=C4)C5=CC=CC=C5)C(P(C6=CC=CC=C6)C7=CC=CC=C7)=CC=C2,[Cs+].[F-],CO,-0.31724659324574994,3.6475597379859868,-2.41539480771231,-0.32582542484422566,-0.4584545756626764,0.6664288647851513,0.7284584882925039,-1.7899789767892595,0.2949547035215181,0.3463584567225187,-0.20107735912387323,-0.22338376353142417,1.4441769502115636,0.1975258450115129,-0.13301702447948185,0.9512920124933931,-0.47242747137299484,1.2132133967135874,-0.015753165252078226,0.08994348165073476,-0.033773374523601296,-0.22056583050777348,-0.058271840160910644,0.10644937747049647,0.10604602259337444,0.0027420916189917228,0.05295494478174869,0.06259768894672092,-0.042951141903551655,0.023923126180080426,-6.938549830940862e-16,-9.892173838025111e-16,-2.0438245576868148e-16,4.465923285538299e-16,4.043861891866654e-16,2.39711812828958e-16,1.2956843140497361e-16,-6.293000720766514e-16,1.0012704159600943e-16,1.9058849550767884e-16,-2.1340024344346614e-16,-3.4347141330038047e-16,1.9011105060380657e-16,-3.7511734131484965e-16,-1.5355124224166472e-16,2.498077206010949e-16,1.8315763971764406e-16,2.787533223620749e-16,-1.7559893673646062e-16,-1.2965078103739467e-16,2.7798312863979373e-16,2.268588270881152e-16,-2.1005174369478475e-16,1.2559638960244627e-16,1.103886221977029e-16,2.8508684758419753e-16,-1.3642744442591042e-16,1.7906992154480862e-16,6.650901520597666e-17,-2.577759492808119e-17,-1.2059255542614608e-17,5.720027762992207e-17,1.7107287791607094e-16,-1.351485540298659e-16,-1.309146881390383e-16,-1.9026743733557782e-16,-9.44644765089888e-17,2.036861038837159e-17,-8.882700417212483e-18,-1.335357377897521e-16,-3.8101143125853304e-17,2.5665502539423134e-16,3.4160385361220107e-17,9.279442966282626e-17,3.3369576473507517e-16,-6.146744171153538e-17,-1.407754345199638e-17,1.0795293991821959e-16,5.3090125732558084e-17,8.282815966870558e-17,6.930184478904687e-17,9.310291754948203e-17,1.2110791628586918e-16,2.3671051211488694e-16,-5.078454027933317e-17,1.1290221956637913e-16,6.140902368516938e-17,4.645793325464175e-17,1.0673514036296275e-16,-1.7566076004821145e-16,-4.38806325283309e-17,-9.928248942053847e-17,2.3886900812085434e-16,8.961627850245748e-18,-3.8170490836258063e-17,1.1583098720409055e-16,7.887791786166168e-17,-1.656132250676506e-16,-2.100355763566084e-16,-1.2183770052715491e-16,4.545413937382213e-17,-2.6309088555648558e-17,-8.263314849960071e-17,-1.900433637852353e-17,-1.9103456162414616e-16,1.570923776239109e-16,-4.613089869144568e-17,-5.923944120555558e-17,-9.89207930609258e-18,-8.226686566217873e-18,1.2563157960288719e-17,3.6091515699957217e-16,-1.2583941204455576e-16,-1.3221562044395083e-16,-4.83366343860214e-17,-1.762405706244988e-16,2.2830553581047803e-16,1.2696603861740584e-16,-9.069847745272304e-18,-3.7919479709499596e-17,-1.043648987148019e-16,-5.2311947072671694e-17,8.831590638591873e-18,9.928773958962276e-17,-2.824398771142839e-17,-4.1868546430545985e-17,-2.97660797918437e-17,-6.603981070438305e-17
CC(P(C(C)(C)C)C(C)(C)C)(C)C.O=P([O-])([O-])[O-].[K+].[K+].[K+].CO>>,CC(P(C(C)(C)C)C(C)(C)C)(C)C||O=P([O-])([O-])[O-].[K+].[K+].[K+]||CO,C_f26138cf8581,CC(P(C(C)(C)C)C(C)(C)C)(C)C||O=P([O-])([O-])[O-].[K+].[K+].[K+]||CO,CC(P(C(C)(C)C)C(C)(C)C)(C)C,O=P([O-])([O-])[O-].[K+].[K+].[K+],CO,-1.3509054589471965,-1.0804407359342918,-0.21345627529751662,-0.24870337954329896,0.2940823396964427,0.7158158392441883,0.1991389460791359,0.3693241414163355,1.9992394987320008,1.1159941273712404,0.16847871101050915,0.9900860898682845,1.4696235488034664,-0.6195160490336176,1.8973464534041966,-0.9731971109149048,-0.9428620077753735,0.07569373921771033,0.15566210379703102,0.0816410454287281,-0.06912746048510263,-0.20368715313707011,0.047640265256411005,-0.06064088224791575,-0.025250690067797857,-0.025716829212518957,0.03960158033767073,0.07540246456203181,0.043881546594187325,0.023836907963174593,1.1534361641629783e-16,3.6035387056752406e-16,-8.21549057017644e-17,2.1102654926474003e-16,1.5147684849144238e-16,7.6830151617381e-17,3.236063887003034e-17,1.18122974118599e-16,4.304055891146074e-16,-5.196384978866735e-16,3.910217043211236e-18,-2.54618989060062e-16,-5.720364022484086e-17,-2.1612674688455893e-17,-1.9469416533678612e-17,-1.2345106425865825e-16,-3.8361848127809093e-16,2.8139585529044883e-16,3.467798623021386e-16,1.0991386080970367e-16,-9.661442163435421e-17,-9.023680026662065e-17,-3.067972361794701e-17,2.511146956067898e-16,1.2648424306538582e-16,-5.687370393975229e-17,-3.6232677497340094e-16,6.459588981233942e-17,7.794316424689143e-17,2.899587478703718e-17,-4.163375510249462e-16,-2.6103866524257165e-17,-6.111560371508964e-17,-2.711088575139467e-16,3.540179549796704e-16,1.1882324717076538e-16,8.864531564765386e-17,1.1651455838103478e-17,-8.372523960860616e-17,-4.769769637122637e-17,1.1876977382765914e-17,-2.8815484474533433e-16,-1.9022362907393528e-16,2.2029541074469321e-16,2.305040843488248e-16,-9.63768449208957e-17,-5.2734199449722567e-17,4.6429427252957405e-17,9.992565179243195e-17,1.0151444565228026e-17,8.751686853261012e-17,-1.6036275699463603e-17,-2.88069503436867e-17,-1.9450156118301866e-17,2.2525728021449846e-16,-1.9152356791819844e-16,-1.8265404259647746e-17,-3.121074675692349e-17,-1.2420278743933117e-17,-2.0506899340046646e-16,-8.964146446607914e-17,-2.377008921167813e-16,1.7507734304873481e-16,2.4053582367849257e-18,1.5420298794488577e-16,-3.019028513800988e-16,4.008530173025291e-17,-2.828445592172317e-17,1.6574309305288529e-16,1.1948635163617291e-16,-3.1140779802889495e-17,2.5051695360806995e-16,-7.237268615013815e-17,1.0034115248244411e-16,-7.084325565466881e-17,-8.921668567377098e-17,7.217312842770374e-17,-1.9306945033931226e-17,6.320497816316088e-17,-1.5778752993760605e-16,1.0721664511993566e-16,3.343865281847944e-17,7.419813267229249e-17,2.099349192724684e-17,1.9975100768150038e-17,9.539200576572766e-17,4.917925411123003e-18,-3.8794961986225133e-17,1.6270185807285962e-16,-4.015654333556549e-16,-4.6617502666266504e-18,-1.0170070981072682e-16,-2.886297723927745e-16,-2.4287458134066897e-17,8.195048681998519e-17,-1.5619236456972935e-16,-1.9781827565681125e-16,-1.3350463140953762e-17
P(C1=CC=CC=C1)(C2=CC=CC=C2)C3=CC=CC=C3.O=P([O-])([O-])[O-].[K+].[K+].[K+].CO>>,P(C1=CC=CC=C1)(C2=CC=CC=C2)C3=CC=CC=C3||O=P([O-])([O-])[O-].[K+].[K+].[K+]||CO,C_7a8984075314,P(C1=CC=CC=C1)(C2=CC=CC=C2)C3=CC=CC=C3||O=P([O-])([O-])[O-].[K+].[K+].[K+]||CO,P(C1=CC=CC=C1)(C2=CC=CC=C2)C3=CC=CC=C3,O=P([O-])([O-])[O-].[K+].[K+].[K+],CO,-0.24848282835250668,1.328267023782245,-0.5218290326498702,-0.43585214786567794,-0.023043467435162817,0.5204791564850197,0.3091468214238371,0.8626635401921846,0.40851423052783903,1.3301383164427416,1.029200501263797,1.1376482261022614,1.6149687794592387,-0.569989980982066,0.9158219133298129,-0.8901947130841776,1.8814361090113312,0.043625626852607076,0.13918520226108339,-0.24522039193546064,-0.03710375467970387,-0.031749872496417045,-0.008023206562605642,-0.0358949050408623,-0.008773021708685536,-0.09687123298111054,0.013507856659972482,0.08283020805616077,0.05871578474333772,0.042158174710992875,-3.0648556180797935e-16,1.3189280110257203e-16,-2.6734970400771733e-17,8.426375863888325e-17,5.426762653713878e-18,4.051287305484096e-16,-2.1119200010681805e-16,3.0054107111233195e-17,-3.0243284138932304e-16,-1.5727827198076128e-16,-3.107036133925397e-16,-2.6700587836832186e-16,9.508576408880092e-17,-2.7059579693210383e-16,1.6216702230081732e-17,1.7028422490080425e-16,2.3384113792783374e-16,-1.2452758449871626e-16,-1.8666351380178252e-16,-6.825419316767981e-17,2.1489262294888752e-16,-9.237503356948878e-17,1.3683032197681085e-16,1.5315508195549542e-16,-2.1821007419851847e-16,1.4333164773124045e-16,-3.2931377099181237e-16,-6.332806232160305e-17,1.1401103918710966e-16,-5.6546167098391305e-18,4.075061815995906e-16,2.1783227675707983e-16,-1.191935002502904e-16,-3.319612793775185e-16,-8.846054688299e-17,-4.14385223005546e-17,2.231060271255537e-16,7.172073476913146e-17,-5.841812697689308e-17,-1.4618916898414673e-16,2.0898873389848083e-16,2.4185526760089192e-17,-2.383411429361431e-16,-2.600546706050299e-16,-1.8564464119012656e-16,-4.015638852150033e-17,2.6750729656188473e-17,9.285408578774624e-17,-1.7493398545398372e-16,3.841468927425088e-17,-1.819516343722462e-16,1.9712694712582658e-16,1.2841056398022585e-16,-1.5834335830490068e-16,-2.375997444037291e-16,-1.2633168298115701e-17,-6.187522490630803e-17,2.4701253528448605e-17,-1.2074487748185678e-17,-2.818093923030557e-16,-1.4698164069140062e-16,7.775557855685366e-17,-2.115395374140095e-16,4.2021355578126587e-17,1.8945790968255358e-16,-3.957109106502915e-17,4.7829438355859246e-17,-3.772246906916117e-17,-1.7297889866717204e-17,3.347782864736558e-17,6.93235973742004e-18,1.3271148739139697e-16,1.5664791698637836e-16,1.3375853908898692e-17,-1.8164745032742537e-16,-1.7322248063923263e-16,2.0084213872144453e-17,-1.9360334753337118e-16,1.0176062881711504e-16,2.451303889208772e-16,-6.962009339089269e-17,-3.4882398316654895e-16,-4.397184625477252e-17,-4.8814818165404956e-17,1.1882415585757793e-16,1.6727660665386128e-16,1.1123235333385404e-16,1.6622160486686372e-18,1.660994840005248e-16,-6.434803022432439e-17,3.9076034256360365e-17,-8.465515280985827e-17,-2.822975293523039e-17,-1.9623488058063616e-16,5.240501558193002e-17,-2.733026457165113e-16,-7.734543732244125e-17,1.1505374687164503e-16
CC(C)(C)P(C(C)(C)C)C1=CC=C(N(C)C)C=C1.O=P([O-])([O-])[O-].[K+].[K+].[K+].CO>>,CC(C)(C)P(C(C)(C)C)C1=CC=C(N(C)C)C=C1||O=P([O-])([O-])[O-].[K+].[K+].[K+]||CO,C_7b286c631874,CC(C)(C)P(C(C)(C)C)C1=CC=C(N(C)C)C=C1||O=P([O-])([O-])[O-].[K+].[K+].[K+]||CO,CC(C)(C)P(C(C)(C)C)C1=CC=C(N(C)C)C=C1,O=P([O-])([O-])[O-].[K+].[K+].[K+],CO,-1.4375486152042605,-0.10078028857948035,0.9520817690360008,1.2841173897367388,3.8743462689048442,0.5614438883373318,0.495946061839671,-0.23636205811027552,-0.32801510950658164,1.3927884066356024,0.9534704642614712,1.3514427626560408,1.2954577372585296,-1.166481085729379,-0.08605528882584543,-0.25461294369490256,-0.12805571573994584,0.05946598185003346,0.10090555814798866,0.23341923890213692,0.09439673821300405,0.05126917081696324,0.08033142797888586,-0.3145141847114915,0.30930632797775115,-0.2120387420244684,0.09250282240105198,0.0702359666800401,0.02732715201865615,-0.0819218954701141,-3.3590296750374187e-16,-1.6509543139051966e-16,6.646981831304683e-16,9.37812748277832e-17,-1.418650394923856e-16,2.1303450580178618e-16,8.343329250408277e-17,2.400458883705927e-16,1.2848482616413753e-16,-1.2197361820133526e-16,3.25151900779523e-16,-4.961572900624525e-16,4.655724789213955e-17,-1.4337335956962538e-16,4.725546824333197e-17,-5.77836035606228e-17,-1.1197992861044793e-16,1.651615529093249e-17,2.0827883949866888e-16,1.306105962615654e-18,-2.5581372074207224e-17,-2.827743420236288e-16,1.6942688149596616e-16,2.0793065359532774e-16,-3.629877810839046e-17,-2.2724556149586657e-18,-3.702629136147685e-16,-2.432868344136288e-17,-1.1710790175124172e-17,5.643743499659902e-17,-2.4859922525941526e-16,4.640915061291654e-18,-2.488058089642041e-16,8.703849825705408e-17,1.200045377030671e-16,4.4994497688881406e-17,-2.885761970420957e-17,-2.1842416935822398e-16,-1.0257047369799741e-16,7.247525496241959e-18,5.485253039408193e-17,-3.3440364728134573e-17,-4.976804774925101e-18,2.0376723231830446e-17,-2.3943226146399614e-16,1.541455895140499e-16,-2.0609043338750306e-17,7.3441472244706915e-19,-2.3033820229440326e-16,2.4317965872534696e-16,2.4321038260161854e-17,-2.6506698932572685e-16,5.307387910380721e-17,-7.810516275878287e-17,3.3001626543756455e-16,2.3423300081803053e-16,6.940355144321722e-17,-3.0042461328563586e-16,-1.7632912665061996e-16,-9.43549126776734e-18,-1.466568982827614e-16,8.462322967127109e-17,-1.4250550126148551e-16,7.667802532521514e-17,-2.30813858764658e-17,-1.6813973725091076e-16,8.834975185014796e-17,1.0294440995245947e-16,-1.6616277078598254e-16,-1.850015672024215e-16,8.648437097266472e-17,5.293800709790305e-17,2.0070512743702642e-16,1.4356786093270124e-16,-9.28308194722975e-17,1.926434648455266e-16,2.284911593557206e-16,1.9040852460375638e-17,3.3083739215143154e-17,1.0355630587446772e-16,-3.9588852685751466e-17,1.49872389837888e-16,-2.0027424181592652e-16,-6.805960568846763e-18,-9.86714929502866e-18,2.3075383240581085e-16,-1.0236747871302776e-16,-7.242070607614789e-17,-5.386666188630105e-17,-2.903274578807269e-16,-8.51616222852569e-17,3.1687395042397456e-17,1.3837818945823357e-16,2.0935916017055211e-16,1.7768221629029507e-16,1.0640361044570629e-17,-6.528192498980791e-17,1.8144084597742844e-17
P(C1CCCCC1)(C2CCCCC2)C3CCCCC3.O=P([O-])([O-])[O-].[K+].[K+].[K+].CO>>,P(C1CCCCC1)(C2CCCCC2)C3CCCCC3||O=P([O-])([O-])[O-].[K+].[K+].[K+]||CO,C_403d977e5055,P(C1CCCCC1)(C2CCCCC2)C3CCCCC3||O=P([O-])([O-])[O-].[K+].[K+].[K+]||CO,P(C1CCCCC1)(C2CCCCC2)C3CCCCC3,O=P([O-])([O-])[O-].[K+].[K+].[K+],CO,0.0439661483067204,-1.56250504746633,-0.5018981819859609,-0.4494020001391706,-0.0980614878098612,0.4324260705902739,0.03743977687783806,0.7189407405349747,2.7406602726021343,1.2683092002671843,1.539063058849627,0.531560169027627,1.236620382058637,-1.2201325579882556,-0.8084311994658001,0.3175808746097043,0.23782639700721006,0.017622192734192195,0.012278387761518078,-0.2709360775093619,0.009369725143902016,0.07153932886498619,0.19428245790222728,0.03216950957087958,-0.12063312923397901,-0.13469969570974122,-0.1226719795888555,-0.06666764032020925,-0.6809490723026951,0.09321353461568602,3.397879579192643e-16,7.893176573709061e-17,4.780732733158079e-16,7.456851507302537e-16,-1.0560607043083046e-15,-4.521607723028052e-16,1.714107325865545e-16,-3.178789503469426e-16,-4.799842996519869e-16,-5.548547262989501e-16,2.7148961214457746e-16,2.2119632970351801e-16,-1.401659634224249e-17,1.4078438128157851e-16,3.9900918886272245e-16,1.1179021876106195e-15,-5.285580550817499e-16,1.5321593940901661e-16,2.0945435632025766e-16,1.256769696282518e-16,4.3016770943803715e-16,1.256805387666248e-16,2.7650241871387344e-16,-1.5865153002278013e-16,2.6543129345224107e-16,-3.5277047896946295e-16,6.408434703336402e-17,6.428373858935088e-17,2.0566364867494956e-17,2.6809003364884217e-16,-7.732098645442172e-18,8.73018391406372e-18,1.323666223595488e-16,7.115530478495493e-17,2.3351432386432984e-17,-1.4608228590438289e-16,4.298401386704749e-16,-2.3433577218848432e-17,-2.3010003329359696e-16,1.9770718146658884e-16,2.557552073593419e-16,4.577341655900682e-16,-8.072856430468897e-17,-1.6802125330560232e-16,-1.6965652001576005e-16,2.696600746514195e-17,-8.725739106578949e-17,-1.1408682477081128e-16,-3.9980089461161047e-17,-1.5323038825434958e-16,-4.367154981711858e-17,-1.1241971493219993e-16,9.480213277007828e-17,-4.0479062650841806e-16,1.1233542339120055e-16,-1.833806691024881e-16,-5.151448304815476e-17,2.6485133223774428e-17,2.0332174655642328e-16,1.3529339687853948e-16,-3.020075502618665e-16,3.2064930416025455e-17,6.480157674546336e-17,3.859646152202366e-17,6.458100199554837e-19,-1.0448132699165336e-16,-1.2837444256558495e-16,1.946290248742887e-16,5.638912897328855e-17,-5.3859059858692065e-17,-1.8708487788783326e-17,1.3179261828938094e-17,-2.5889489560091017e-16,-1.2157983208195453e-16,3.4726750401776703e-16,7.999060636418113e-17,1.1028914083499881e-16,2.00406210878765e-17,-1.2492600595188948e-16,-2.5788713317681264e-16,-8.706501582376419e-17,-1.7768099690596908e-16,1.0632801759231356e-16,3.9243215850791836e-16,2.5045897586665424e-17,1.4169073703826941e-16,1.6674142015805557e-16,-8.986263854169397e-18,2.6569345217392583e-16,-1.097138159974852e-16,1.4321207283314494e-16,-2.764214895847956e-17,3.3032230427361053e-17,-3.392877210069181e-17,-8.79042433874337e-17,-7.862952559061245e-17,-8.088788158946745e-18,-2.0372140178042648e-16
CC1=CC=CC=C1P(C2=CC=CC=C2C)C3=CC=CC=C3C.O=P([O-])([O-])[O-].[K+].[K+].[K+].CO>>,CC1=CC=CC=C1P(C2=CC=CC=C2C)C3=CC=CC=C3C||O=P([O-])([O-])[O-].[K+].[K+].[K+]||CO,C_968d17eb8366,CC1=CC=CC=C1P(C2=CC=CC=C2C)C3=CC=CC=C3C||O=P([O-])([O-])[O-].[K+].[K+].[K+]||CO,CC1=CC=CC=C1P(C2=CC=CC=C2C)C3=CC=CC=C3C,O=P([O-])([O-])[O-].[K+].[K+].[K+],CO,-0.41813772004707583,1.7409392868131293,-0.6861647567174306,-0.4596527113135963,0.003136455302735626,0.5690999527869611,-0.6257847878483692,3.2843579158462095,-0.028436384975593153,1.3294804236668023,-0.2027799569345053,1.6606477534209598,1.2722593112543628,-1.280944703657801,-0.17190341040844798,-0.1101216706456896,-0.49204994110453576,0.06458837283171359,0.14686867790452746,-0.27205237247455005,-0.0385812039213916,-0.029694442327436437,-0.009477341225776896,-0.04512290495218658,-0.015442537189410424,-0.09922457514121195,0.013336565620463396,0.08220385610163818,0.05884290135836227,0.04235677005699754,-6.425654877700988e-16,-3.872330326518408e-16,-2.750204830731585e-16,-5.541311672087207e-16,-6.395746992062481e-17,-8.132043657737788e-17,3.787665293974189e-16,3.074610452928961e-16,-3.466385013973565e-16,1.6501678252377918e-16,-2.0351588948573778e-16,-2.3849687463400113e-16,-8.638403279427821e-17,2.5383185407576652e-17,-1.364776526487997e-16,4.7743523369642685e-17,1.095490692893902e-16,-2.5176509083625633e-17,-4.311451247756903e-16,4.145308026682716e-16,-2.3168034325925687e-16,3.086961174469362e-16,-3.923594052366208e-17,-2.27907783183996e-16,-1.6504067854226267e-16,-8.026041994006149e-17,4.228531037823636e-17,-2.267866177762111e-16,1.0076129259754476e-16,3.14039044015463e-16,3.749375322242038e-16,1.6576208386741635e-16,-1.1420321622557911e-17,1.3789719588104923e-16,1.42351789274639e-16,4.039657602812073e-17,-1.4611790958086255e-16,-3.0411154198882173e-16,3.9072150988143773e-17,-1.5258068973808117e-16,-1.0360561369545995e-16,-2.192638515527849e-16,-1.3407453478714198e-16,-9.239774454292436e-17,-1.2354502921544402e-16,9.063025595432602e-17,-1.9341256451525176e-16,-2.833493009154321e-16,-4.343531007773051e-17,-3.439792781335299e-17,-1.93869060375902e-17,5.441068759235157e-17,7.015299415052284e-17,-1.214230340098698e-16,1.3063702864777127e-17,-2.1724999977366082e-16,-8.99915925635629e-17,-9.849309380895863e-17,8.711343446664507e-17,1.0094387352740672e-16,4.285536798328518e-17,-3.239827623766898e-17,2.4176903055436063e-17,1.4114861704556205e-16,4.0339053118701e-17,-1.296622402357165e-16,-8.458537881863598e-17,1.5839970901021075e-16,1.7912896935971754e-18,3.355023383441291e-18,1.174585530258164e-16,4.932380691242332e-16,-3.068390276167473e-16,8.653955379783023e-17,-2.446958035674792e-16,1.7060962535892167e-16,-7.705895529189225e-17,-2.591998284916853e-16,-7.430699284058201e-17,-2.5932682784500565e-16,1.3102273076130494e-16,-1.5929915295745287e-16,3.634016447996326e-17,-1.442083119131085e-16,2.4070754378279055e-16,-5.815553838029981e-17,7.014415805894115e-18,-2.001590856731584e-17,-4.7590842562090745e-17,-1.6091195522599053e-16,1.4144580536904388e-16,1.272121495703204e-16,7.421169256879229e-17,4.354089983423091e-17,6.585251039073014e-17,1.7583592306763096e-16,-1.406110504518184e-17,9.623709396418972e-17
CCCCP(C12C[C@@H]3C[C@@H](C[C@H](C2)C3)C1)C45C[C@H]6C[C@@H](C5)C[C@@H](C4)C6.O=P([O-])([O-])[O-].[K+].[K+].[K+].CO>>,CCCCP(C12C[C@@H]3C[C@@H](C[C@H](C2)C3)C1)C45C[C@H]6C[C@@H](C5)C[C@@H](C4)C6||O=P([O-])([O-])[O-].[K+].[K+].[K+]||CO,C_71ea091362f3,CCCCP(C12C[C@@H]3C[C@@H](C[C@H](C2)C3)C1)C45C[C@H]6C[C@@H](C5)C[C@@H](C4)C6||O=P([O-])([O-])[O-].[K+].[K+].[K+]||CO,CCCCP(C12C[C@@H]3C[C@@H](C[C@H](C2)C3)C1)C45C[C@H]6C[C@@H](C5)C[C@@H](C4)C6,O=P([O-])([O-])[O-].[K+].[K+].[K+],CO,-1.711869989317336,-3.49336722685673,-2.6017248612553066,-0.23846896575801368,-1.0173351833404076,0.5914073902466664,0.47805230365461854,-0.024948313065276072,-1.2937769821847505,1.4451749610039104,0.6755011593298286,1.5178262925559771,1.4041375290707059,-1.1128569701184936,0.08332930777704008,-0.2891314864418734,-0.028874013327730114,0.0533692978669863,0.14713664915592872,0.11450831262456855,-0.03450813795054893,-0.1545986728104756,0.22216286949703,0.03198717514489118,-0.03962516143985526,-0.00597804426323402,0.02049279683533023,0.08839360834524883,0.04239520303629037,0.030257993745281275,5.073929577540966e-16,5.58219231623372e-16,1.5104821262226573e-16,-1.605437458154885e-16,4.146392572448778e-16,3.0616954924039995e-16,-1.8325172158606173e-16,-1.3379065781007406e-16,-2.8208496809295635e-16,-4.80378483284374e-16,4.647235975524867e-16,6.058988389777257e-16,-1.186375638976969e-16,3.130559831986848e-16,-1.80304437151327e-16,4.947139470524547e-16,-2.1707741836328736e-16,-4.116551056130609e-17,3.2284615797506896e-16,2.8369369909637616e-16,-2.3530006231894467e-16,4.33909703795796e-17,-3.453140992577737e-16,-2.1650028600657273e-16,-1.845475444013758e-16,-7.698711912009791e-17,3.391155378322974e-17,2.563016129776374e-16,-6.009660317845579e-17,1.6037200698341645e-16,-1.4749249860983902e-16,1.655023122234978e-16,1.7026853044517262e-16,-4.847483998687481e-16,-1.87795349390285e-16,-1.941831948322027e-17,8.001835501760701e-17,-2.849650455730682e-17,1.0291445206317989e-16,-1.1898606669153788e-16,1.5649077268474917e-16,-6.589801959731929e-17,1.3990597267731895e-16,1.9620384821216305e-16,1.9413401118810861e-16,3.699148943108192e-17,8.590913783256367e-17,1.7740775483308025e-16,-1.613401340167092e-16,-9.19366997657338e-17,1.3438745306937445e-16,2.390944256127468e-17,1.6463297234101843e-16,2.4584024387413527e-16,-8.862444922466451e-17,1.753202653223774e-16,-3.718099521149972e-17,1.202804648046382e-16,-1.0846769932262682e-16,-1.9743468826130383e-16,-7.037496657326863e-17,1.0958418956112114e-16,-1.664962636833799e-16,-2.1602391043792878e-16,-8.485689514986254e-17,5.566932479412553e-17,-8.51106120080991e-17,5.291164323872469e-17,7.583735856739594e-17,-1.7410086535737434e-17,8.83299247963351e-17,-2.468953679219644e-17,3.1475025101699523e-16,4.085874242350824e-17,8.146431807739809e-18,-8.669873828702231e-17,-4.7724172010943785e-18,7.476852380874404e-17,-1.310962916374159e-16,-1.8741218190988138e-16,5.280828581584597e-18,-4.2350273232478515e-17,-4.2180307919370046e-18,3.5414255697334246e-17,-4.601871212495985e-17,2.84823905588973e-17,-1.3597657342737395e-16,1.2860992277693923e-16,-9.087979320861339e-17,-1.665494203972622e-16,1.561599892144545e-16,2.1792322726822082e-16,1.611219632063833e-16,-4.0804785339596355e-17,9.06884099958126e-17,3.2663366106207393e-16,2.5408266000129363e-16,4.358470514404086e-17
COC1=CC=CC(OC)=C1C2=C(P(C3CCCCC3)C4CCCCC4)C=CC=C2.O=P([O-])([O-])[O-].[K+].[K+].[K+].CO>>,COC1=CC=CC(OC)=C1C2=C(P(C3CCCCC3)C4CCCCC4)C=CC=C2||O=P([O-])([O-])[O-].[K+].[K+].[K+]||CO,C_b8614342531a,COC1=CC=CC(OC)=C1C2=C(P(C3CCCCC3)C4CCCCC4)C=CC=C2||O=P([O-])([O-])[O-].[K+].[K+].[K+]||CO,COC1=CC=CC(OC)=C1C2=C(P(C3CCCCC3)C4CCCCC4)C=CC=C2,O=P([O-])([O-])[O-].[K+].[K+].[K+],CO,4.141626137195925,-0.5293990030713311,0.30081555942331517,-0.3880572453629704,-0.02472792888359524,0.10454080428376936,3.0793357768948653,0.7745442146824811,0.31392766537669037,1.058808406301109,0.473902727696569,1.5329756956671658,0.8864861795662541,-0.9059540167404088,0.1657160467382728,-0.42372609626266783,-0.17019809615362835,0.07185532706598255,0.10404298325542939,-0.4041383892654276,0.02946087365401759,-0.1562628696172368,0.16432505611301673,0.3170696848035354,-0.008943531654952102,-0.1897134215587806,0.41413092133376944,-0.34630242038169284,0.09793063098745448,-0.03355629565521839,2.305459518313833e-16,1.1399100638666763e-16,-1.0486405674999878e-16,-1.744866017508629e-16,-4.1750016277806183e-16,7.373393745280886e-17,5.196291546428817e-17,-2.3237153741520803e-18,4.541300406874407e-16,3.0084461896967314e-16,-1.0554464647398252e-16,-1.6966901581098402e-16,-2.209566009390778e-16,4.133245087873424e-16,3.486268579545747e-17,-7.762916915254993e-17,-5.125872533457109e-16,9.277232218528539e-17,2.19735944055267e-16,-3.8439087049969744e-16,-2.8908785949608164e-16,1.154273589804394e-16,4.330215090590267e-17,-9.60907572768697e-17,-1.8457112537252921e-16,4.76478302837283e-16,8.700571322344129e-17,-1.1724657769731027e-16,1.2838449018573534e-16,4.05760178074245e-16,1.0394609760700599e-16,-4.264866257696399e-17,-8.600483888076959e-17,5.741171022863257e-17,-2.0810583845349532e-16,-1.2446882157808414e-16,2.0796728291487556e-16,-1.4138398343028531e-16,-6.15119171047032e-17,1.15287122850295e-16,-5.763411310359948e-17,2.0162583652004542e-16,1.5819032374531055e-16,2.74889962422739e-16,-1.1987183119168427e-16,1.5359993383792186e-16,1.6746401116226733e-16,-7.379299906306368e-17,-1.4818631866770943e-16,-2.16115612206434e-16,2.2726586182466254e-16,-4.962868473168494e-17,7.24631849895494e-18,-1.1429822722965688e-16,-1.950695508252732e-16,1.0415910946480301e-16,1.7891899029019956e-16,1.2362952208251177e-16,7.846046052228593e-17,5.85710020636674e-17,1.1036629015383147e-16,7.503882992253787e-17,-2.5630171917619702e-17,-1.4901301438530245e-16,1.9700798667782238e-16,2.299087035994718e-16,-1.9330246742723715e-16,-7.90111216492264e-17,-2.576713055580558e-16,1.1371216557126026e-16,-2.332997390519786e-16,-6.964512250716602e-17,-1.6732077639196196e-16,-3.3822549388247824e-16,-1.3458124923317425e-16,5.864465845326584e-17,-4.4530216605531984e-17,8.557838404472495e-17,-6.771585056235902e-17,1.1638578047106015e-16,-8.855223004933579e-17,-3.448228954036871e-16,-8.584495070715555e-17,-5.815118177663491e-17,-3.2091199365876706e-16,2.1668383164554282e-17,-8.743674395418399e-17,-7.90881014429317e-17,-5.632925402122546e-17,-2.0771092788548687e-16,2.222542019825597e-16,-2.8740484270002768e-16,-2.3861049720847725e-16,1.441576497398506e-17,2.554905658135943e-16,-8.089329612679033e-17,-1.7620778046874368e-16,2.2759240642255324e-16
CC(C)(P(C(C)(C)C)[c-]1cccc1)C.CC(C)(P(C(C)(C)C)[c-]2cccc2)C.[Fe+2].O=P([O-])([O-])[O-].[K+].[K+].[K+].CO>>,CC(C)(P(C(C)(C)C)[c-]1cccc1)C.CC(C)(P(C(C)(C)C)[c-]2cccc2)C.[Fe+2]||O=P([O-])([O-])[O-].[K+].[K+].[K+]||CO,C_3e6a9158c433,CC(C)(P(C(C)(C)C)[c-]1cccc1)C.CC(C)(P(C(C)(C)C)[c-]2cccc2)C.[Fe+2]||O=P([O-])([O-])[O-].[K+].[K+].[K+]||CO,CC(C)(P(C(C)(C)C)[c-]1cccc1)C.CC(C)(P(C(C)(C)C)[c-]2cccc2)C.[Fe+2],O=P([O-])([O-])[O-].[K+].[K+].[K+],CO,-1.9058373062499407,-0.40659227842511064,2.552302827872492,-1.2666364109010972,-0.9896515701557581,0.6333105076973917,0.35984291685927206,-0.7669545159039857,0.8175964978932229,1.1660894542059272,-1.003830774879586,2.279989305601583,1.4305116326933158,-1.1019490988053078,-0.2949463084068874,-0.2312277551324516,0.30282477048579004,0.05222952452383441,0.14898376710855274,0.08969146730716393,-0.07364582389265566,-0.21350003624654476,0.03358523907541157,-0.06570944748681709,-0.026552860459984118,-0.02599511353875536,0.03911648508987758,0.07450123065535717,0.04111837944185795,0.02403552575336873,7.723425527563398e-16,5.951826982173334e-16,3.9785665921764304e-16,4.530995954476734e-17,6.503662532325873e-17,1.9325513515788706e-16,1.3459004588394675e-16,-3.4288298839556032e-16,6.524951646106245e-17,1.5691279344396327e-16,-5.92919950003309e-16,-2.233027657266346e-16,4.473602919367131e-16,-5.614073864642775e-17,3.367858191581052e-17,3.291086090945182e-16,-1.076514832802953e-16,-3.9166376006753335e-16,1.3331009258976542e-16,-1.911221095006978e-16,-1.0215301230648883e-16,1.6182593101186506e-16,-1.6432200290506662e-16,-1.5699398908661029e-16,2.2043529325697167e-16,3.0392849286355514e-16,6.372737969899128e-17,2.5984146719020454e-19,2.4651048795574528e-17,-4.0156046479202784e-16,-1.5353711036133032e-16,-9.279104357306943e-17,-1.7999937166294032e-16,3.0682269070052853e-16,7.841646644346346e-17,-2.977430931826874e-18,-2.0015513096570658e-16,2.0602887095613523e-16,5.971164614056096e-17,5.1588764475860395e-17,-1.84561519524404e-16,2.0054240818014265e-16,-3.3960914658693903e-16,-1.5083105557210082e-16,2.1131000068272295e-16,-9.532758365807328e-17,-3.0190115319633065e-16,5.954403452705993e-17,1.6891747929891296e-16,-3.3093940420210216e-17,-9.057884773217147e-17,-1.533739014762382e-16,-1.291045071010175e-16,-1.3079285788446115e-16,7.578770705952438e-18,8.085476889678641e-17,1.9272696469179641e-16,9.562812499742367e-17,1.3645439273830837e-16,-2.8453462059402854e-17,-5.995120006304084e-17,-2.82142312121928e-17,9.823439394810197e-17,1.0734496043134337e-16,-8.702294481892967e-17,3.245971593612915e-16,1.7157742770705031e-16,2.9643882862591993e-16,3.893702973059189e-16,-1.5160245013091543e-16,2.422019487925523e-16,-2.5316480141705602e-17,-2.1023056981743583e-16,-1.3108873849958163e-17,-3.5930044953687077e-17,2.204236786067744e-16,-2.2533623599693354e-16,-1.2678117742187646e-16,-8.810650178542089e-17,-2.4079789906500224e-16,1.1805205842550886e-16,1.4467209262498802e-16,3.156246187239402e-17,2.569190716098515e-17,6.745103129401824e-17,1.4223557197526657e-16,7.757565473924098e-19,-9.481111730759695e-17,-5.916530094613532e-17,9.948075878560222e-17,2.1912879179860717e-16,-1.0710452320727797e-16,8.30537762487612e-17,-3.2820415585557056e-16,-6.106384924376497e-17,2.429190418212517e-16,-1.347868192322515e-16,-7.169106286204745e-17
CC(C1=C(C2=CC=CC=C2P(C3CCCCC3)C4CCCCC4)C(C(C)C)=CC(C(C)C)=C1)C.O=P([O-])([O-])[O-].[K+].[K+].[K+].CO>>,CC(C1=C(C2=CC=CC=C2P(C3CCCCC3)C4CCCCC4)C(C(C)C)=CC(C(C)C)=C1)C||O=P([O-])([O-])[O-].[K+].[K+].[K+]||CO,C_7a39ddb567b9,CC(C1=C(C2=CC=CC=C2P(C3CCCCC3)C4CCCCC4)C(C(C)C)=CC(C(C)C)=C1)C||O=P([O-])([O-])[O-].[K+].[K+].[K+]||CO,CC(C1=C(C2=CC=CC=C2P(C3CCCCC3)C4CCCCC4)C(C(C)C)=CC(C(C)C)=C1)C,O=P([O-])([O-])[O-].[K+].[K+].[K+],CO,4.584997528513934,-0.6752786577396179,0.28699028913300756,-0.2764616493976532,0.05937796311556871,1.0131589434911086,-2.2386092318051682,-0.7008905149659229,-0.010915016366971645,1.5183749125682042,0.4954466003393977,1.3641806422427296,1.5170579176612138,-1.0759060343270295,0.37134763356044703,-0.35441307946825434,-0.14610908750330034,0.049609552854632526,0.11462273699996081,0.09289135426386627,-0.015481703050054925,-0.17236651445973647,0.14698423406616923,0.2090512634161259,0.11643153384063702,0.01919341443705398,0.046275891716904174,0.09387579907400069,0.02550653842079035,0.02938599945215547,1.1970527199750603e-15,2.4689232821733763e-16,9.189026474616893e-16,-3.0406712028918586e-16,-3.9182659108459255e-16,-5.1312491298351125e-17,-3.4574779280500015e-16,6.820871650315556e-17,-1.6441920509052054e-17,-7.678498837062774e-16,-4.0637985151792144e-18,-3.491309006211467e-16,1.0504578635372296e-16,6.769824373124573e-16,3.8213276570773253e-16,-3.2844771376667117e-17,8.461192393915731e-17,-8.715327029260745e-17,1.8795665791050373e-16,3.167857003488445e-16,-5.669557037143183e-16,-2.2960972774261905e-16,4.623735114739127e-16,-6.212299195931591e-17,-5.116949917983293e-16,-1.4472841631875088e-17,-4.844827641198159e-16,-3.056721664466287e-16,1.0312515196912976e-16,-1.2679395420014414e-16,3.128224062019887e-16,-9.658366825106808e-17,-7.264073191135637e-17,1.116395707579121e-16,-1.449761058737305e-17,-2.732566889549476e-16,-3.667805597894717e-16,2.3572422947617254e-16,-2.1025605375784812e-16,4.584469625409298e-17,1.466943263308447e-16,-2.7737284920717797e-17,-1.5668084797776068e-17,-7.821069035221202e-18,5.2981830804048897e-17,-2.6023504772670627e-16,4.578540810675414e-17,2.8313420081138373e-17,4.6804821485834736e-17,-2.494246347280289e-17,1.3449762829996188e-16,-1.3259726126188659e-17,-1.261439645103059e-16,1.545178211106124e-16,-8.070754727125195e-17,-7.723251574127455e-17,-5.4457779585459356e-18,-8.246101136005883e-17,-1.5634485466977092e-16,2.362415994448095e-16,-2.4596770107703786e-16,-2.1674613232672887e-16,-8.857407060332311e-17,9.061508865728878e-17,1.3564021943431439e-17,-2.3158880651204717e-16,1.7897140850768105e-16,-3.1638199717142554e-16,3.446514792445541e-18,-1.0438244850347734e-16,1.663138188752776e-17,1.5336632137393455e-16,-2.3036159887157966e-16,1.0728681418829765e-17,2.4993666448841245e-16,2.5139496121959417e-16,6.002491024038174e-17,1.7263816918755123e-16,1.1852625228210793e-16,-7.137536968974114e-17,7.491104407359585e-17,5.950315007215858e-17,5.203260490455838e-17,3.6839204980003996e-17,-1.7966793337246936e-16,2.9204706040826877e-16,6.69617224218788e-17,2.1457167486336968e-16,-1.4190227709645212e-16,1.0274239356443622e-16,-3.999314524492373e-16,1.125290891122523e-16,-2.1186395981856649e-16,-1.2716698419967113e-17,3.08391897685545e-16,-9.958659367545322e-17,2.672172507418925e-17,-9.598572244615822e-17
[c-]1(P(C2=CC=CC=C2)C3=CC=CC=C3)cccc1.[c-]4(P(C5=CC=CC=C5)C6=CC=CC=C6)cccc4.[Fe+2].O=P([O-])([O-])[O-].[K+].[K+].[K+].CO>>,[c-]1(P(C2=CC=CC=C2)C3=CC=CC=C3)cccc1.[c-]4(P(C5=CC=CC=C5)C6=CC=CC=C6)cccc4.[Fe+2]||O=P([O-])([O-])[O-].[K+].[K+].[K+]||CO,C_673e99df23e5,[c-]1(P(C2=CC=CC=C2)C3=CC=CC=C3)cccc1.[c-]4(P(C5=CC=CC=C5)C6=CC=CC=C6)cccc4.[Fe+2]||O=P([O-])([O-])[O-].[K+].[K+].[K+]||CO,[c-]1(P(C2=CC=CC=C2)C3=CC=CC=C3)cccc1.[c-]4(P(C5=CC=CC=C5)C6=CC=CC=C6)cccc4.[Fe+2],O=P([O-])([O-])[O-].[K+].[K+].[K+],CO,-1.0536419184537054,0.8229067978610168,2.383163156807992,-1.4458371271141213,-1.4068042607896003,0.388464327358216,0.3756951704622887,0.4514310335683138,-0.6911451479476186,1.5977623465439992,2.4279943866530176,0.45633777052294877,1.3433894084067348,-1.1174196295095962,0.43204977265964334,-0.28290174241292604,-0.5377331990498734,0.06406582882632017,0.1478965271440946,-0.26785871033592606,-0.039119697216198034,-0.03128360929536396,-0.008626533662957738,-0.04631895861263743,-0.01630391771358041,-0.09900408331256358,0.013065504640812072,0.08229355695401573,0.05879246870698,0.04240729822648375,-7.550213191965563e-16,-5.880609370450166e-16,-1.240641323511127e-16,2.6967958278396054e-16,-7.824427300667941e-16,4.1144006362097093e-16,3.222369736504158e-16,9.438511659151553e-17,-2.0210732928501048e-16,3.5431238581125134e-16,-2.982300872353086e-16,-3.4222113926669587e-16,6.323346433304536e-17,-4.198406075357996e-16,2.7925031523358363e-16,4.835240559174762e-16,1.7048148537406223e-16,5.109950914670558e-16,1.8767990867204e-16,-2.1679188972487716e-16,3.2209904109193853e-16,2.459013914191184e-16,1.4757090282819558e-16,9.38493894508802e-17,5.561469989461677e-17,-1.9667971992815565e-17,1.1006839170819805e-16,1.7949405046012328e-17,-4.832554452284302e-17,9.683525244611822e-19,-1.8540988339781644e-16,-1.297246438608244e-16,1.7507246248826695e-16,3.637431100442219e-16,3.3546782729217696e-17,2.837858510892343e-16,-1.414111181912058e-16,4.954694206759888e-16,4.122395234027983e-18,-1.1262930220570496e-16,2.0118711367609e-16,-1.573127809404516e-16,-1.2795126696765939e-16,-2.7697636210433624e-16,-1.0683338895528666e-16,-9.274740980627207e-18,6.181768520027007e-17,8.230585386242011e-17,4.073478361991536e-16,3.1114462409375153e-16,1.0943212913379161e-16,-1.6103079297778715e-16,-3.1427266224916944e-18,3.4120279661819803e-17,-1.6006215401628018e-16,1.4572320561349998e-16,1.2123975813120687e-16,2.3391595343581884e-16,-9.779991563511714e-17,-9.528108258478281e-18,-9.778530017750415e-18,2.232225799124671e-16,-2.0625153580107864e-17,-1.1570691908192582e-16,-3.9356278092386276e-18,-9.476214508254142e-17,-2.629758299736188e-17,-4.3481105721236184e-17,-2.6062686093567717e-16,2.6133019409013735e-17,-3.019808866358821e-16,-1.9602357075187524e-16,2.8613682554520083e-16,-1.931820555411484e-17,-1.4703018716157602e-16,-1.956939584648302e-16,-1.1480900588615656e-16,-3.159979976177372e-16,-1.5888637146517953e-16,1.0839628355367558e-16,-8.827001004463604e-17,-1.5156577610903091e-16,-7.602472407648639e-17,-1.2259397148390129e-16,1.9027013121935156e-16,-8.875325961630198e-17,1.6014220559014226e-16,-1.503849817893652e-16,-2.204190080062358e-17,-1.682553517984709e-16,-2.699810781348514e-16,2.8033166163661787e-17,1.167706374233597e-16,3.97188939276418e-17,-2.9557163665418727e-16,-7.229393571540583e-17,-3.564364140097333e-17,2.036769354182137e-16
CC1(C)C2=C(OC3=C1C=CC=C3P(C4=CC=CC=C4)C5=CC=CC=C5)C(P(C6=CC=CC=C6)C7=CC=CC=C7)=CC=C2.O=P([O-])([O-])[O-].[K+].[K+].[K+].CO>>,CC1(C)C2=C(OC3=C1C=CC=C3P(C4=CC=CC=C4)C5=CC=CC=C5)C(P(C6=CC=CC=C6)C7=CC=CC=C7)=CC=C2||O=P([O-])([O-])[O-].[K+].[K+].[K+]||CO,C_097f5ce642d0,CC1(C)C2=C(OC3=C1C=CC=C3P(C4=CC=CC=C4)C5=CC=CC=C5)C(P(C6=CC=CC=C6)C7=CC=CC=C7)=CC=C2||O=P([O-])([O-])[O-].[K+].[K+].[K+]||CO,CC1(C)C2=C(OC3=C1C=CC=C3P(C4=CC=CC=C4)C5=CC=CC=C5)C(P(C6=CC=CC=C6)C7=CC=CC=C7)=CC=C2,O=P([O-])([O-])[O-].[K+].[K+].[K+],CO,-0.31637799759956975,3.59766443409529,-2.4425316170416025,-0.3703342234176821,-0.4571330470220235,0.6238554581353466,0.7224685070420406,-1.6917485930513476,0.7303027514349878,1.3107230757457662,0.6464824187070718,1.4049532924694428,1.3388482407161546,-1.1604650121794133,-0.01688026607046606,-0.14486650329330183,-0.5391602540132258,0.05107116144926469,0.1215131876019395,7.62513119728889e-05,-0.07763207457986736,-0.3501119946268908,0.03225170964843276,0.06641863981272157,0.19067066755632506,-0.026826423899471416,0.0731696298956847,0.0848110415246301,0.020035440277001968,0.04090618568951741,-3.968661193107222e-16,-8.915273258774458e-16,-3.9231826041100514e-17,-3.8020435409488866e-17,4.674167529890775e-16,2.7870420852778277e-16,4.766780726576357e-16,2.1613044630327584e-16,-2.266988490824182e-16,-3.5170437860887986e-16,-1.2318844218058676e-16,2.5437232611529425e-17,1.322328801978773e-16,-5.707388937942414e-17,4.71959089636695e-16,3.3925093482225955e-16,-1.9989776193597107e-16,-5.653364291321782e-17,-1.7607049096664082e-16,1.0779251037054106e-16,1.6334967957085808e-16,-3.1392307315844826e-16,2.0772202480357014e-16,1.578587721348764e-16,9.534323122175945e-17,1.0040604976060104e-16,-8.572820462172126e-17,-2.7285840184140124e-17,-1.498742726621709e-16,1.825834726308362e-17,6.059822758258697e-17,2.3622784465980175e-16,-7.118750787654282e-18,7.037534627909467e-17,4.966227153591337e-17,1.4653184931783423e-16,-2.466308485931846e-16,-5.4889995516501104e-17,1.9790582711745977e-17,1.319966056675678e-16,-3.373768670053077e-16,2.90267847734965e-17,-1.3829993532725368e-16,-9.626490131382144e-17,-1.1388627548806577e-16,-7.188123289343667e-17,2.48012596431589e-16,-2.1261726004533825e-17,-1.0995609337966468e-16,2.051473518961672e-17,1.6498689997645098e-16,8.368578721813041e-17,3.361955345603288e-17,1.1036834145798305e-16,-7.363070447125171e-17,4.746139904277726e-17,-2.3324251087696e-16,1.312753542508684e-16,3.614085652211701e-16,9.01301067523265e-17,6.08822863092496e-17,9.478234812786838e-17,1.6900449709663847e-16,1.719314156603692e-17,-2.9204409830045446e-17,-1.2607962372075413e-16,5.477056611173079e-17,-9.65083550187723e-17,9.122996567417988e-17,-6.769865859726324e-17,-7.219177007599505e-17,-1.7018563128037552e-16,-5.390973205109231e-18,-2.25893325698728e-16,1.6377333298507867e-16,2.3001482567146986e-16,-1.2130797140518066e-16,3.6723171194755785e-17,1.5259378239706803e-18,4.973142344872225e-17,1.3867013376646268e-16,-1.0853971343315317e-16,-1.9604753689068307e-16,-3.1734123695690326e-16,-3.0722065409827243e-17,-3.351972117610567e-16,1.34640229061907e-16,3.14171680298794e-17,8.161674481783558e-17,6.763943333405457e-17,6.187083906064686e-17,1.7552618301355798e-16,9.548600043394326e-17,5.2654356614043846e-17,-9.55999129647173e-17,4.058246250953486e-17,-2.496811924825466e-16,2.322125957028027e-17
CC(P(C(C)(C)C)C(C)(C)C)(C)C.[K+].[OH-].CO>>,CC(P(C(C)(C)C)C(C)(C)C)(C)C||[K+].[OH-]||CO,C_cd8bdcc28eef,CC(P(C(C)(C)C)C(C)(C)C)(C)C||[K+].[OH-]||CO,CC(P(C(C)(C)C)C(C)(C)C)(C)C,[K+].[OH-],CO,-1.353128057733024,-1.0335472735103644,-0.18840428296242898,-0.22444743810417286,0.2972829194774881,0.7654341254436414,0.20649607740266587,0.2997404847849424,1.6119162260507363,0.3067872523693332,-0.5117161351633978,-0.29599585725460414,1.679506103157708,0.8504390923601121,1.7197368320802044,-0.10083553396455004,-0.9796176156852148,-0.5932966203083131,-0.6017778034189808,0.15717268072093535,-0.01248115774619411,-0.0907484190647024,-0.0421160551160963,-0.029451552984168516,-0.13223607362548773,-0.00040836952508122867,0.007989436735658521,0.0531360599075858,-0.011021655115054386,0.0033877685175802094,-9.661159496887787e-16,-4.859419678469668e-16,-4.493498335876724e-17,-2.1085273760360149e-16,-3.0387541807790693e-16,-1.8274355110872506e-16,2.2369075749048496e-16,-3.843380929060516e-16,1.6042378577210053e-16,3.3744741339826597e-17,2.426533984266121e-16,-7.336621724220241e-17,-1.2598694796593272e-16,-2.3430789203507737e-16,-1.1831547952878796e-16,1.3712263635318322e-16,-3.108021196271708e-16,-1.250404933013008e-16,-1.0716890632808272e-16,8.694904341606163e-17,-2.0176157477593046e-16,1.04875540627803e-16,5.420014813697146e-17,1.1378906775281983e-17,-2.563739618783954e-16,-4.71813830284523e-18,2.3317231841768422e-17,1.3473252817039126e-16,1.34500084088442e-16,-4.154528645677359e-17,-9.4549077317265e-17,-2.4556234732588007e-16,2.6912077299108956e-16,-4.7815363439706095e-17,-3.3419400609519436e-17,-1.7601232245901656e-16,6.67035194354732e-17,-3.9496796685547527e-17,-3.425144255605432e-17,-8.540896729356218e-17,1.3393047553820253e-17,-1.5278640169510315e-16,-5.351171086939228e-17,8.373658366052372e-17,3.7556043177181996e-16,-8.720697451129429e-17,-1.0735497135253103e-16,-1.9206504222744857e-16,-2.40605303680976e-16,-3.216241416336553e-17,5.737953009330196e-17,9.597929755955206e-17,-3.23993682642844e-17,-9.236709252145428e-17,5.1654931347001595e-17,-2.125637000722957e-17,9.670442444510552e-17,-3.4237819736739695e-16,4.050166195905419e-17,8.438567387513313e-17,-4.89596858854111e-18,8.950387186240156e-17,8.819919852597469e-17,-1.1695686785200712e-16,-6.269591141512482e-17,2.9681328632044127e-16,-9.711864717405046e-17,4.4693872503893e-17,-9.775941367495557e-17,8.929574951507258e-18,-1.5749247563972428e-16,-4.242562159714035e-17,-1.9103095842927886e-16,1.417195382950958e-16,-1.0190868318810436e-16,-1.8418010590983834e-16,8.14350896193212e-17,4.105189453573476e-17,2.9312319432556163e-16,-3.159446175305723e-17,6.68130933416772e-18,5.2047991906360204e-17,-4.844054477257896e-17,2.827090939522819e-17,2.627174657805447e-18,-3.204614708307862e-17,2.275802173392047e-16,-2.485734535085419e-16,-1.3140565186920278e-16,-9.375085511114751e-17,-3.317489371735298e-17,1.6028449501859189e-18,-1.3824452633430473e-16,-8.476543680726516e-17,-5.699327526298994e-17,2.80482492098037e-17,1.5042699160547626e-16,-2.5701311059828393e-16
P(C1=CC=CC=C1)(C2=CC=CC=C2)C3=CC=CC=C3.[K+].[OH-].CO>>,P(C1=CC=CC=C1)(C2=CC=CC=C2)C3=CC=CC=C3||[K+].[OH-]||CO,C_aba1fac03b59,P(C1=CC=CC=C1)(C2=CC=CC=C2)C3=CC=CC=C3||[K+].[OH-]||CO,P(C1=CC=CC=C1)(C2=CC=CC=C2)C3=CC=CC=C3,[K+].[OH-],CO,-0.2507054271383346,1.3751604862061722,-0.4967770403147824,-0.4115962064265523,-0.019842887654117382,0.5700974426844723,0.3165039527473666,0.7930798835607914,0.02119095784657521,0.5209314414408347,0.3490056550898901,-0.14843372102062807,1.8248513338134815,0.8999651604116641,0.7382122920058212,-0.01783313613382348,1.8446805011014902,-0.6253647326734164,-0.6182547049549278,-0.16968875664325278,0.019542548059204974,0.08118886157595057,-0.09777952693511324,-0.004705575777115302,-0.11575840526637522,-0.07156277329367286,-0.018104286942039832,0.060563803401714834,0.003812583034096283,0.021709035265398673,1.4995653070666136e-16,-2.6035887127995804e-16,-7.366125067344281e-17,1.7118288217740976e-16,1.1066375266041863e-16,3.5004229963108436e-16,-5.42978107527518e-16,7.711744141010636e-17,2.4243522991083147e-16,8.039137023714497e-17,-1.3474480490979565e-17,6.085199614735341e-17,-1.5665489442889912e-16,1.9064450926927876e-16,2.1774644670536492e-16,-1.0831709369494443e-16,1.3030043484490318e-16,-1.3824348930029942e-17,6.125849353051901e-16,1.570267640320478e-16,2.5948139078568547e-16,-2.769886816534021e-16,1.7119957212084173e-16,2.5386572372885532e-17,-1.25762093891243e-16,1.0110897290893653e-16,1.6026154323419145e-16,1.0399776807777817e-16,1.040537028643535e-16,-8.822037538054236e-18,-5.80069653935198e-17,1.0212744661506688e-16,1.602603959895662e-16,-4.697669316334406e-17,-6.891792007034661e-17,-9.118483761200189e-17,4.8774687757765936e-17,-1.397877257106843e-17,-1.3646007812653418e-16,-8.521307245998038e-17,3.788976756811408e-17,3.767718240189267e-17,-3.557155181897133e-16,-8.00477322284209e-17,2.557252274387448e-17,-3.072882262567879e-17,8.770166308445154e-17,-9.161803697087418e-17,-9.005013516123032e-17,9.299280284299264e-17,7.97571341378289e-17,-5.1439206500346e-17,-6.496137538792174e-17,1.328797351271858e-17,-1.683418394558105e-16,1.1312753836092542e-16,-7.917820738594819e-17,-8.30903687414737e-17,3.8318300853655e-17,1.0790118006681019e-16,6.157535798713982e-17,2.1481308561690494e-17,7.757406184770746e-17,2.1374801553516579e-16,5.3968679995057314e-17,-9.371868149531861e-17,5.2899702837082876e-17,-5.951875936044629e-17,1.7529410520589988e-17,-1.46437344792072e-17,-1.9747785206178506e-17,-8.30669383205303e-17,-1.119386979094266e-16,-1.2307595546334067e-16,-5.173517503100511e-17,2.937536669169867e-16,-1.3885913788353094e-17,5.386008941375775e-17,-3.217232523534215e-16,-4.0318953305281235e-17,-2.966860314513503e-17,7.948861855674279e-18,-1.8215426650988032e-16,2.506323937602302e-17,1.4120538860567023e-16,1.2459486473881816e-17,8.485756769453935e-17,-9.041778000839572e-18,-1.4611853285582184e-16,8.738744533266291e-17,-4.130803241797329e-17,-3.72636892081313e-17,1.5198123079630788e-16,1.2172654296791643e-16,-1.9022026746058048e-17,-8.173003949129655e-17,-6.198758920011674e-17,6.26600124882067e-17
CC(C)(C)P(C(C)(C)C)C1=CC=C(N(C)C)C=C1.[K+].[OH-].CO>>,CC(C)(C)P(C(C)(C)C)C1=CC=C(N(C)C)C=C1||[K+].[OH-]||CO,C_b4058272e3e5,CC(C)(C)P(C(C)(C)C)C1=CC=C(N(C)C)C=C1||[K+].[OH-]||CO,CC(C)(C)P(C(C)(C)C)C1=CC=C(N(C)C)C=C1,[K+].[OH-],CO,-1.4397712139900887,-0.05388682615555242,0.9771337613710883,1.3083733311758647,3.8775468486858897,0.6110621745367845,0.5033031931632006,-0.30594571474166915,-0.7153383821878458,0.5835815316336954,0.2732756180875641,0.06536081553315351,1.5053402916127712,0.3034740556643502,-0.2636649101498372,0.6177486332554517,-0.16481132364978693,-0.6095243776759898,-0.6565343490680228,0.30895087419434386,0.15104304095191293,0.16420790488933065,-0.009424892393621374,-0.28332485544774444,0.20232094442006152,-0.18673028233703054,0.06089067879903992,0.04796956202559429,-0.02757604969058496,-0.10237103491570863,-3.3862316941868814e-16,-1.2495579768713386e-16,6.635402292588867e-16,-5.337713182625624e-16,-3.33226321363018e-16,3.1354200809039523e-16,-1.0174960620553479e-16,9.840016468786397e-17,3.9414358511759206e-17,2.4835069058789224e-16,-3.4465841017602583e-16,-1.412480432346955e-16,-7.703623120002135e-18,7.21087096436164e-17,7.449084870294687e-17,4.3909046681547967e-16,-1.0921594207146236e-16,-1.7571066661220726e-17,-1.817687741639087e-16,1.4028424625973805e-17,8.131109120136946e-17,-9.208568783956684e-17,2.384102774306741e-17,-2.1080791237580773e-16,-1.9169249050255367e-17,1.636685670819932e-16,6.922520958313358e-17,2.6887351304289967e-16,2.4487895679515977e-16,-7.244085219604179e-17,3.135680366522611e-16,3.982661450652125e-17,-1.1267629052054125e-16,1.1368970056543056e-16,-1.230663165526544e-16,-1.5523973453444295e-16,-3.2689762574371403e-16,9.353455682420249e-17,3.407109943890908e-16,-2.2573561606099663e-17,2.6377087054166906e-16,3.046484131348721e-16,9.280455535013568e-17,-2.1136841734244093e-18,-1.1746861203405328e-16,-4.7262376396158324e-17,4.4841784085074085e-17,1.1735451335221013e-16,5.542271914902434e-17,-9.558374308035729e-17,-1.6996312489367714e-16,1.6815740389318122e-16,-7.592682311576281e-17,-2.1033060327122878e-16,-8.879289513190308e-17,-8.943279051827959e-17,1.2089556545928565e-16,-1.9368715351605353e-16,1.7621031161858513e-16,-1.2173473008037383e-16,8.177203723685572e-17,3.9441671701010035e-17,-5.147754283528313e-16,-4.750512017170787e-17,3.750889246373507e-16,9.61263122734216e-18,-2.644543421345175e-17,-2.79540572073408e-17,8.819268385417794e-17,-4.6122200552760207e-17,4.1567124727429227e-17,-8.418228730888901e-18,-1.2948380023232165e-16,-8.343042209858893e-17,-8.392765403088363e-17,-9.852345485728576e-17,2.781679950541876e-16,6.772437039662213e-17,-1.1220255787557866e-16,-1.884796301708895e-16,1.7723489886599658e-16,-1.5967430367191877e-16,-8.898561520428036e-17,-1.0416467264853087e-16,7.007608888350036e-17,-3.7373587277667e-17,-1.377867069935619e-16,1.8511672787901642e-16,8.770055484287804e-17,-5.856873273288715e-17,-1.0175814445110479e-16,1.665584101000368e-16,1.2237296969481001e-18,-1.867922865355225e-17,-1.371183278428805e-16,1.843769436487778e-16,4.486473081422897e-17,3.470475425177342e-17
P(C1CCCCC1)(C2CCCCC2)C3CCCCC3.[K+].[OH-].CO>>,P(C1CCCCC1)(C2CCCCC2)C3CCCCC3||[K+].[OH-]||CO,C_d616dc437cf1,P(C1CCCCC1)(C2CCCCC2)C3CCCCC3||[K+].[OH-]||CO,P(C1CCCCC1)(C2CCCCC2)C3CCCCC3,[K+].[OH-],CO,0.041095176182780926,-1.5558266497385371,-0.49293019055528664,-0.43535027501134366,-0.09739227497425754,0.47870560917264804,0.029942420798318187,0.6872202929497199,2.5399875256580566,0.5560353510704309,1.0608229919483902,-0.5662716197366459,1.451192366139802,0.08213315738286543,-1.102286599733535,1.1253648690791962,0.22331668351255607,-0.6267558753860304,-0.6121960212735496,-0.15544744230216354,0.05223682497391683,0.12886540371241909,0.0767162397299445,0.08207987027426043,-0.12126519424100209,-0.04552713521435871,-0.01950091413807884,0.09929006747684911,0.12066207189336225,0.02100079479081751,8.439804064142232e-16,4.197451758256509e-16,-1.2843453437063387e-16,3.459596700259309e-16,5.322019961575495e-17,7.376484090818389e-17,-6.462850414958849e-17,2.0670237500866066e-16,-3.0361129148013215e-16,1.3031926364900532e-16,-4.086966921764072e-16,1.5832918905519608e-16,1.8070565774326086e-16,7.584633187049518e-18,-2.8670442332895195e-16,2.1029079851628018e-16,-1.9344713983748974e-16,-1.628593377460176e-16,2.542291602813879e-16,3.1631390118625407e-16,2.3912726893883994e-16,2.1571791467115856e-16,-3.73952258214989e-20,2.0285671903271328e-17,2.2534935755817565e-16,-2.566114518454956e-16,-2.581189465463922e-16,-2.3318371136929233e-16,-1.3325365590925186e-16,-4.957060116287657e-17,-9.461979884743528e-17,-1.890726583588914e-17,-1.422932617572287e-16,7.770725396939415e-17,2.8223588010146026e-16,-8.190874570111274e-17,-3.060769301914348e-16,-3.67666596560551e-17,-9.055520907806638e-17,-1.0348424399741954e-16,-8.868897564703427e-17,9.909960051625762e-17,1.3960625793586046e-16,2.0599598035091435e-16,4.1507856661146425e-16,-1.0244796686154356e-16,-2.140987611264284e-17,-8.246648237951767e-17,-1.2860427036690099e-16,1.120835746375051e-16,-4.73085236075635e-17,-7.16528806454838e-17,1.452854783102623e-16,-3.7254663271226924e-17,-7.034066100268862e-17,-1.2291279691938329e-16,6.138109201792719e-17,-1.176157380299754e-16,2.653106411572205e-17,1.9414634853565576e-17,-2.6361711474134637e-16,-1.6430815326629696e-16,1.715162607078852e-16,-1.224801701493854e-16,-2.6060495317047155e-16,1.1436966588164405e-16,7.646993375730035e-17,-1.3518873518736247e-16,1.5336492228821041e-16,2.3921462546064744e-16,-1.2652241823910002e-16,-1.3690628293939384e-16,-1.2131253121939058e-16,1.346907675992686e-16,-1.5726102556022764e-17,2.836394845960194e-16,-4.022046849984817e-18,-8.307837287053702e-17,-4.832690014903519e-17,-3.147718640189591e-17,-6.320726058395414e-18,-2.159781822383438e-17,4.047665088287953e-17,2.286464287266581e-16,1.1517600195299698e-16,-2.2109272865601542e-16,-7.615288497600122e-17,-4.9999285674636815e-17,2.8939605292646905e-16,-4.732956616710268e-17,2.190618652811132e-16,2.3171689562645553e-18,-1.5995105750300755e-16,5.158568773962759e-18,-9.774755170603297e-17,3.91129963094908e-17,3.2973693227704263e-17,-1.4472904878010673e-18
CC1=CC=CC=C1P(C2=CC=CC=C2C)C3=CC=CC=C3C.[K+].[OH-].CO>>,CC1=CC=CC=C1P(C2=CC=CC=C2C)C3=CC=CC=C3C||[K+].[OH-]||CO,C_103c490985f5,CC1=CC=CC=C1P(C2=CC=CC=C2C)C3=CC=CC=C3C||[K+].[OH-]||CO,CC1=CC=CC=C1P(C2=CC=CC=C2C)C3=CC=CC=C3C,[K+].[OH-],CO,-0.42036031883290387,1.787832749237057,-0.6611127643823431,-0.43539676987447073,0.006337035083781553,0.6187182389864138,-0.6184276565248397,3.2147742592148156,-0.4157596576568565,0.5202735486648948,-0.8829748031084123,0.3745658062980717,1.4821418656086056,0.189010437735928,-0.3495130317324399,0.7622399063046644,-0.528805549014377,-0.6044019866943093,-0.6105712293114838,-0.19652073718234242,0.01806509881751776,0.08324429174493149,-0.09923366159828476,-0.013933575688439542,-0.1224279207471005,-0.07391611545377426,-0.018275577981548545,0.05993745144719249,0.003939699649120421,0.021907630611403,2.624507070396919e-16,-1.7712889607554874e-16,2.3693024457877622e-17,-6.539382312641493e-16,1.5100395520961655e-16,-5.109526033218011e-16,9.742475135179334e-17,2.4006464709355835e-16,-2.2662724765851692e-18,-2.578723702283219e-16,-1.1137845572728545e-18,-3.661241230353926e-16,-5.066886904147121e-17,-1.1410707822747022e-16,-3.1203277734806697e-16,-4.6484456598558565e-17,-1.3534260037624947e-16,2.8544877292881296e-16,-1.9946520670090482e-16,6.380551150163585e-17,-1.819405380674121e-16,-2.230656344321376e-17,2.3248905586319e-16,-1.0014574273349814e-16,7.30205215080487e-17,1.4709456635056266e-16,2.156156956618115e-16,-1.3559831716170098e-16,2.4799490262590074e-16,-2.33884389062972e-16,-1.5835466492983568e-16,1.5902736584727522e-16,-9.321779754681924e-17,-9.238310995618944e-17,-1.8282665541012145e-16,-1.2939318122451732e-16,8.084071876465676e-17,-4.362865579156508e-17,-7.458659282994805e-17,-2.616646768406349e-17,-3.9840268895229316e-17,1.1961492289370996e-16,2.3021064342110854e-16,-1.1058908360043075e-16,-1.0981408131162688e-16,-4.8275890857293676e-17,5.315661377972331e-17,1.2182883649518335e-17,2.3312990851938773e-17,8.972506360269378e-17,-2.7448587783991232e-17,-4.560264491593422e-17,4.821808704140497e-17,5.690997476568991e-17,8.694049155604193e-17,-1.9249225342960958e-16,-1.2166507027819645e-16,1.0934521316148558e-16,-9.632580879003997e-17,-1.6832332777712517e-16,-7.98116350810925e-17,-5.381354179181155e-17,-1.8491697720970814e-16,-3.1767044249074447e-17,1.119812525079245e-16,-3.493918068275041e-17,-2.0538423568328733e-17,5.734749847191543e-18,1.9851508608724704e-17,1.0063938981643195e-16,-1.4116728909840942e-16,-1.263948647537598e-16,1.213877952476598e-16,-6.122620257486131e-17,-6.1275656818161094e-18,3.739646271845439e-17,1.0238388992619133e-16,-9.772473785891274e-17,2.895023308214759e-17,-2.150038633485731e-16,-2.31197257202294e-17,-1.8227791737900667e-17,1.1899323474801695e-17,1.5925508278298782e-16,3.9169062651214454e-17,1.4862369508546856e-16,1.0639829863634263e-16,-8.28371499837415e-17,-1.2292466226789963e-16,-6.164965891434402e-17,-5.441805605320339e-17,1.3533052369197014e-16,-7.093604332263522e-17,1.238100212325088e-16,-7.576403542992866e-17,1.0572133236969524e-16,-9.654301885075161e-17,-2.720245789981679e-16
CCCCP(C12C[C@@H]3C[C@@H](C[C@H](C2)C3)C1)C45C[C@H]6C[C@@H](C5)C[C@@H](C4)C6.[K+].[OH-].CO>>,CCCCP(C12C[C@@H]3C[C@@H](C[C@H](C2)C3)C1)C45C[C@H]6C[C@@H](C5)C[C@@H](C4)C6||[K+].[OH-]||CO,C_83b96789edeb,CCCCP(C12C[C@@H]3C[C@@H](C[C@H](C2)C3)C1)C45C[C@H]6C[C@@H](C5)C[C@@H](C4)C6||[K+].[OH-]||CO,CCCCP(C12C[C@@H]3C[C@@H](C[C@H](C2)C3)C1)C45C[C@H]6C[C@@H](C5)C[C@@H](C4)C6,[K+].[OH-],CO,-1.7140925881031648,-3.4464737644328025,-2.576672868920218,-0.21421302431888786,-1.0141346035593621,0.6410256764461193,0.4854094349781484,-0.09453196969666916,-1.681100254866015,0.6359680860020026,-0.004693686844079143,0.23174434543308917,1.6140200834249483,0.35709817127523535,-0.09428031354695128,0.5832300905084808,-0.06562962123757064,-0.6156210616590366,-0.6103032580600832,0.190039947916776,0.02213816478836002,-0.04165993873810804,0.13240654912452293,0.0631765044086382,-0.1466105449975443,0.019330415424203592,-0.01111934676668186,0.066127203690803,-0.012507998672950979,0.009808854299687489,1.1153080043092152e-16,-2.575060881626672e-17,-2.8536061800001904e-16,-5.842224926397306e-17,4.926515828275904e-16,-4.949576257388126e-16,-1.714587557101916e-16,-2.3060059584168134e-16,6.690209996279064e-17,2.7524058282352646e-16,2.599430390296828e-16,1.8093861690177346e-16,5.803600260493424e-17,-2.2085088955937658e-16,6.124795637136332e-17,-1.9653773072903986e-16,-3.933672166912046e-16,-1.376764514004107e-17,1.0942061502150117e-16,5.981732015834358e-17,7.840398651451827e-17,-1.5385098181089545e-17,1.4287565150894353e-16,-9.610331587224178e-17,-3.633976708395815e-17,1.1622133369616609e-16,-4.9108025450722965e-17,3.8011428896780927e-16,7.501658282181753e-17,-8.222169867711327e-17,-1.9841009030776054e-16,-3.401308004945121e-17,6.857780619606755e-17,1.2684262968996756e-16,2.20110673314944e-16,-1.4101973860178486e-16,1.3943532674088795e-17,-2.742500828354236e-17,-7.44917368848161e-17,4.2750491669116945e-17,-9.713426792321703e-18,9.912781439122996e-17,1.3201425493418504e-16,1.0928712203799291e-16,-1.3144922464674102e-16,-7.825923974274302e-17,-1.5168824215926847e-16,1.4502570739764968e-16,9.232674900101207e-17,-1.5707281705055097e-17,-9.53708065199767e-17,-8.304239062269148e-17,-1.3265794203773687e-17,-4.13930835613635e-17,2.2997731287370735e-17,-1.3663798090311565e-16,-1.7023776110214766e-16,2.0793803423907174e-18,-4.2279735710201734e-17,-1.735586378610397e-16,-1.8855144157614144e-16,4.063229186338803e-17,8.197597468505276e-17,-2.8091067842489143e-16,7.922789722553342e-17,-1.62898545643579e-16,2.5385961071614757e-16,2.6218215016935268e-17,-1.3142432224545382e-16,-7.313016168521556e-17,1.630508574730631e-16,-4.471632855109478e-17,6.947174040235767e-18,8.184886293055487e-17,3.384849853155867e-17,4.248613801889064e-17,2.1519127155185397e-16,-4.857606440065797e-18,2.3680376769787435e-16,-1.1207490009054666e-16,2.132932483509732e-16,2.8947677779421486e-16,-6.96153778677118e-17,-6.328784859572363e-17,-1.34466802866635e-16,4.490929709327975e-17,2.3792494369024445e-18,3.184865323500725e-17,1.4793809200885845e-17,2.6886108364751487e-17,-3.7004373338838835e-17,-1.1184672244123904e-16,-1.4350720419355482e-16,9.004986439010055e-17,2.4741461028004406e-16,9.20336669469287e-17,-2.5850881710611603e-16,3.924054403166271e-17
COC1=CC=CC(OC)=C1C2=C(P(C3CCCCC3)C4CCCCC4)C=CC=C2.[K+].[OH-].CO>>,COC1=CC=CC(OC)=C1C2=C(P(C3CCCCC3)C4CCCCC4)C=CC=C2||[K+].[OH-]||CO,C_a1f7e44b4544,COC1=CC=CC(OC)=C1C2=C(P(C3CCCCC3)C4CCCCC4)C=CC=C2||[K+].[OH-]||CO,COC1=CC=CC(OC)=C1C2=C(P(C3CCCCC3)C4CCCCC4)C=CC=C2,[K+].[OH-],CO,4.139403538410098,-0.48250554064740414,0.32586755175840393,-0.3638013039238435,-0.021527349102549102,0.15415909048322282,3.0866929082183945,0.7049605580510883,-0.07339560730457392,0.249601531299202,-0.206292118477338,0.24689374854427765,1.0963687339204957,0.5640011246533204,-0.011893574585719368,0.4486354806876862,-0.20695370406346902,-0.5971350324600404,-0.6533969239605815,-0.3286067539732197,0.08610717639292668,-0.04332413554486872,0.07456873574050941,0.3482590140672827,-0.11592891521264191,-0.16440496187134268,0.3825187777317572,-0.36856882503613847,0.04302742927821278,-0.0540054351008129,6.054574548070224e-17,1.4049429621378961e-16,-3.338474654016575e-16,-1.3378878789161747e-16,1.5738215045114503e-16,-1.5667495096156377e-16,-1.4697744129315865e-16,-2.66410466932904e-16,-2.5897409209871075e-16,-5.0163034465380885e-16,-3.231209980510221e-16,-1.3921133415837192e-16,2.266639373084185e-16,-3.5942327132643563e-16,-7.593161917728322e-17,-7.885655279617759e-17,6.573893994243569e-16,-1.3580110293482477e-16,-5.964020494309663e-18,-6.590360685869463e-17,-5.2016699022548443e-17,-1.1734299296231899e-16,-3.024534034112303e-16,1.9672077247339505e-16,-1.9644660782313847e-16,-1.5619588700019196e-16,-3.724482102355322e-17,-2.5369451788503525e-17,-3.860368452873162e-16,2.9860214378968717e-16,4.4685080637552413e-17,3.9627946296411492e-16,-1.5987642574508684e-16,6.290902878389935e-17,-1.1116168846685917e-16,2.9380857534787437e-17,-3.409442241695124e-16,1.3557358135836304e-16,-5.690763925596084e-17,1.163356471548341e-16,1.0103035767219126e-16,-1.9714958635673678e-16,1.3162850985201995e-16,7.710565927032329e-17,1.8231361143936748e-16,1.2324751372937317e-16,7.375985622463631e-17,1.3113431663969143e-16,1.9420675850563327e-16,-5.590667584694131e-17,1.634085899617934e-16,2.1008036712496674e-16,-1.0461936359269192e-16,2.619345700057591e-16,-7.234321891415024e-18,-1.156225118230359e-16,1.1653341708518099e-16,1.0403122020330828e-17,1.477307823913519e-17,-6.709979749440825e-17,-1.491082470276989e-16,9.303556133395781e-17,-1.6215480228901982e-16,1.3412543569150495e-16,-1.68135627891135e-16,-4.455586323669798e-17,2.863235535817215e-16,1.9787780633723995e-16,7.663694179043456e-17,-7.630833846531244e-17,1.0211500999126267e-16,-7.549238328445935e-17,1.396282737171078e-16,1.122426428289846e-16,6.509298904662843e-17,-1.4673849897771298e-16,2.2235398604220307e-16,7.774619989574931e-17,2.376037392541659e-16,-1.2687299838627182e-16,-5.964408564477574e-17,2.6685868236204246e-17,-7.150322308679157e-17,-1.1011950848604928e-17,-8.658584240353121e-17,-7.952640655944764e-17,-2.799364114612694e-16,1.9234849339381735e-16,1.883884963790338e-16,-1.9983649894205775e-16,-2.0249203669371662e-16,-1.0151654559344582e-17,1.6396618677645683e-16,-1.9571748087516e-17,-3.9455890866574137e-17,-5.117184236904489e-17,-1.3027167006926338e-16,-1.4116512060898568e-16
CC(C)(P(C(C)(C)C)[c-]1cccc1)C.CC(C)(P(C(C)(C)C)[c-]2cccc2)C.[Fe+2].[K+].[OH-].CO>>,CC(C)(P(C(C)(C)C)[c-]1cccc1)C.CC(C)(P(C(C)(C)C)[c-]2cccc2)C.[Fe+2]||[K+].[OH-]||CO,C_f682fb923098,CC(C)(P(C(C)(C)C)[c-]1cccc1)C.CC(C)(P(C(C)(C)C)[c-]2cccc2)C.[Fe+2]||[K+].[OH-]||CO,CC(C)(P(C(C)(C)C)[c-]1cccc1)C.CC(C)(P(C(C)(C)C)[c-]2cccc2)C.[Fe+2],[K+].[OH-],CO,-1.9080599050357683,-0.3596988160011835,2.5773548202075807,-1.2423804694619707,-0.9864509903747126,0.6829287938968445,0.36720004818280205,-0.8365381725353785,0.4302732252119587,0.356882579204019,-1.6840256210534934,0.9939073584786945,1.6403941870475574,0.36800604258842146,-0.4725559297308786,0.6411338218179022,0.26606916257594915,-0.6167608350021889,-0.6084561401074576,0.16522310259937212,-0.016999521153746564,-0.10056130217417761,-0.05617108129709636,-0.03452011822307027,-0.13353824401767408,-0.0006866538513179732,0.007504341487865726,0.0522348260009115,-0.01378482226738403,0.0035863863077742527,3.2213142481117447e-16,2.6521057691043777e-16,3.56829272185764e-16,-2.0967572466662055e-16,-3.1395868024144993e-16,6.215626875211379e-16,4.273339025917626e-17,3.082926318242898e-16,1.8327210476511845e-16,7.058775665688607e-16,-2.1596086953566316e-17,3.0907875084089436e-17,-1.4644705325260523e-16,3.8328571414201057e-16,-4.2812293596594377e-16,-4.9318852199700556e-17,7.345661605975286e-17,2.5665711954888776e-16,-1.7534007648524946e-16,6.998171518444697e-17,2.0487793361038016e-16,2.7265266290152862e-17,8.1295455294219e-17,2.2402575907652646e-17,7.581332221979955e-18,3.567487910535129e-17,1.4937944217785398e-16,1.2946012226613887e-16,1.8032080415204277e-17,1.3726228524450487e-16,9.468121671498485e-17,-4.762316595882406e-17,1.0212247682224438e-16,-3.29211236894032e-16,2.0199165823832024e-16,-5.0528033275357075e-17,7.085941522024709e-17,-1.985753997406127e-16,1.392797781078101e-17,-2.1349092934141084e-16,-2.711757337974359e-16,-5.031637581375744e-16,-6.217025482730369e-17,8.566952038751258e-17,-8.926494699794958e-18,1.8569986020182038e-17,1.896740691327411e-17,-9.276133751977535e-17,-3.251948082208455e-16,-6.5903368281236546e-18,6.838029103050929e-17,1.496725440943551e-16,9.608585833871455e-17,-7.26679511578614e-17,-1.2868971813340164e-16,1.8135504076048103e-16,-4.5810845393085014e-17,-1.3445620708828044e-16,1.9568445900667295e-16,-1.595558583677766e-16,7.780936317447524e-17,1.294399599984276e-16,8.829737421864055e-17,-9.117626103362549e-18,1.1444213107349644e-16,4.644096103631521e-17,2.44083439313859e-16,-7.960901311203214e-17,-1.3441811706084182e-16,-2.828230959009213e-17,5.279462577577921e-17,-1.3387688604374934e-16,-2.4311031008031015e-16,2.8164652495107126e-17,1.5750149813886615e-16,-7.964566998221322e-17,-1.8514215495649091e-16,-5.242272249373171e-17,-1.4144842156206053e-16,-6.57179861843298e-17,4.0218747334140227e-17,6.26413441140895e-17,1.557024110906647e-16,9.354980144709173e-17,-2.536420376450413e-16,1.0205706507872691e-16,2.815920485920592e-17,7.46827837517656e-17,1.7797656337140356e-17,-8.165907247851758e-17,3.475711242739094e-17,-1.8317419817761587e-16,-6.835890583232785e-17,-2.760448296003341e-16,-3.00228459289932e-17,1.5466655804354512e-16,-1.553472491991592e-16,8.866240994884022e-17
CC(C1=C(C2=CC=CC=C2P(C3CCCCC3)C4CCCCC4)C(C(C)C)=CC(C(C)C)=C1)C.[K+].[OH-].CO>>,CC(C1=C(C2=CC=CC=C2P(C3CCCCC3)C4CCCCC4)C(C(C)C)=CC(C(C)C)=C1)C||[K+].[OH-]||CO,C_345481005fdd,CC(C1=C(C2=CC=CC=C2P(C3CCCCC3)C4CCCCC4)C(C(C)C)=CC(C(C)C)=C1)C||[K+].[OH-]||CO,CC(C1=C(C2=CC=CC=C2P(C3CCCCC3)C4CCCCC4)C(C(C)C)=CC(C(C)C)=C1)C,[K+].[OH-],CO,4.582774929728107,-0.6283851953156909,0.31204228146809626,-0.25220570795852726,0.06257854289661482,1.0627772296905607,-2.231252100481639,-0.7704741715973162,-0.39823828904823577,0.7091680375662968,-0.18474824583450875,0.07809869511984187,1.7269404720154564,0.3940491070667,0.1937380122364563,0.5179484974820993,-0.18286469541314132,-0.6193808066713913,-0.6428171702160504,0.16842298955607438,0.0411645996888543,-0.0594277803873684,0.05722791369366174,0.24024059267987327,0.009446150282947085,0.04450187412449153,0.014663748114892279,0.07160939441955447,-0.029396663288451332,0.00893686000656114,1.2077523701305463e-15,3.683807589466982e-16,2.0023726584888686e-16,4.2966413621230907e-16,-4.52842351339891e-17,-3.4903370281640915e-17,-3.7085178789938526e-16,1.8332980632948414e-17,-8.509836195791535e-17,-4.876406484604915e-16,3.9710074757006375e-17,1.363636249821421e-16,4.7075433398616844e-17,4.6174788739248615e-17,4.746233577847482e-17,6.020409326322051e-17,3.08502074831788e-16,-3.4184042211936194e-17,3.16703428509852e-16,7.316764050228355e-17,1.2096200981569271e-16,5.033155016844358e-16,-5.610870775257725e-17,5.878749368572337e-18,-7.491928909283379e-18,1.806445743517047e-16,-5.516480912383291e-17,-2.439137081979762e-16,-1.9555632153434172e-16,-1.043283727169992e-16,-1.0024398117520969e-17,-1.4260548790598873e-16,-1.713255924766933e-16,-9.652647968983296e-19,-7.522075676118128e-17,9.511368474030883e-17,1.0252226726708357e-16,-1.304925164090756e-16,-1.202676626737239e-17,-4.1320848034223196e-16,1.641250847901343e-16,-2.873683838496691e-16,4.21681038607287e-17,-3.423532973508307e-17,-1.892687667455055e-17,-1.4155514460314946e-16,8.798909153267748e-17,2.8867461482886833e-16,3.2858987752171723e-17,-9.686361090780924e-18,-1.592611552077564e-16,-3.8169685238660426e-17,-4.092434924328187e-17,8.563278150411762e-17,-5.582469579801463e-17,-8.112178136843531e-18,-3.8837316308546467e-17,7.201642170230115e-17,9.115440269615666e-17,-1.5137034212477007e-16,-3.890142428855902e-17,1.1867920931970658e-16,2.2474777192727975e-16,-1.4453056572675532e-16,7.675649956315441e-17,-1.3222496407317777e-18,1.6990056764478192e-16,5.157367070517487e-17,-2.917384929332425e-17,-1.765897419037028e-16,3.02925602920888e-17,-2.486480156362564e-17,-1.2881151688408846e-16,-7.467150418975956e-17,-5.2308546407941894e-17,-1.905076444729634e-16,9.598212686214225e-17,1.0466410967858678e-16,1.9189515869604312e-17,-6.530317437997015e-17,-1.850333481743989e-16,5.0048880371871e-18,-1.0334059634161073e-16,1.4964183311605483e-16,-4.052515771635443e-17,1.278671983082664e-16,-4.7628541549254225e-17,1.2917464297177665e-16,-1.7985440257116435e-17,2.117021575554686e-17,-5.882596855055407e-18,1.2339682017748318e-16,2.5392670634018437e-16,-1.256180528368908e-17,1.409986804014911e-16,-9.814430299696724e-18,1.183057305267285e-16,1.937847515454639e-16
[c-]1(P(C2=CC=CC=C2)C3=CC=CC=C3)cccc1.[c-]4(P(C5=CC=CC=C5)C6=CC=CC=C6)cccc4.[Fe+2].[K+].[OH-].CO>>,[c-]1(P(C2=CC=CC=C2)C3=CC=CC=C3)cccc1.[c-]4(P(C5=CC=CC=C5)C6=CC=CC=C6)cccc4.[Fe+2]||[K+].[OH-]||CO,C_f170da3dd28a,[c-]1(P(C2=CC=CC=C2)C3=CC=CC=C3)cccc1.[c-]4(P(C5=CC=CC=C5)C6=CC=CC=C6)cccc4.[Fe+2]||[K+].[OH-]||CO,[c-]1(P(C2=CC=CC=C2)C3=CC=CC=C3)cccc1.[c-]4(P(C5=CC=CC=C5)C6=CC=CC=C6)cccc4.[Fe+2],[K+].[OH-],CO,-1.0558645172395333,0.8698002602849442,2.4082151491430794,-1.4215811856749951,-1.403603681008555,0.4380826135576692,0.3830523017858186,0.3818473769369202,-1.0784684206288824,0.7885554715420929,1.74779954047911,-0.8297441765999399,1.5532719627609768,0.35253551188413346,0.25444015133565145,0.5894598345374277,-0.5744888069597146,-0.6049245306997025,-0.6095433800719172,-0.1923270750437186,0.017526605522711132,0.0816551247770033,-0.09838285403546514,-0.01512962934889034,-0.12328930127127072,-0.07369562362512606,-0.018546638961199773,0.0600271522995699,0.003889266997738567,0.02195815878088954,-1.8546308040817073e-16,-6.147619513522643e-18,2.2533964824227146e-16,6.829883276874448e-17,-1.476892200871781e-16,2.757061840075106e-16,-2.6509859031165643e-16,4.025732129687051e-16,3.7318077018157497e-16,1.1180983848065554e-16,-6.154274562514666e-17,-4.576612768078366e-16,1.6222397141343347e-16,-1.0070547163483617e-16,2.87622264465612e-16,2.518242772076541e-17,-2.0984610610306988e-16,7.534045837045364e-17,5.698833563169326e-17,3.0587014103024983e-16,-5.572273764289784e-17,-2.864711868341173e-16,5.585575175068881e-17,3.604991426648886e-16,1.9145360951791226e-16,-5.274354501683029e-16,2.2857315689997313e-16,1.185337702995674e-16,1.9040464537297805e-16,-1.0653180283692922e-16,1.823062264901064e-16,-2.5960732186296867e-16,-2.8109204405531513e-16,2.1671678175824285e-16,-5.2732420334988536e-17,1.342922951129441e-16,9.016570507637904e-17,9.153964473858742e-17,2.70166858146728e-17,-8.132670083173918e-17,3.34899440230839e-16,-6.91198194061308e-17,5.847859999998698e-17,1.1202025060541132e-16,2.290525276092618e-16,-8.495055862046282e-17,-1.2144492748557938e-16,-5.382106589889946e-18,-7.255806390972869e-18,8.950002916184347e-17,-6.883131471578874e-17,3.2170952904613515e-17,-1.0514180333243894e-17,-1.0476713054816748e-17,8.959829375111851e-17,-2.162969773585839e-16,-9.387225912043334e-18,2.6222245426571792e-17,-3.883336517792475e-17,1.615396838406723e-16,2.4538103798596947e-17,-1.1775771285241975e-16,1.509959779100022e-16,1.6219504598149264e-16,2.5095787535907205e-17,7.872611780770811e-17,-4.216303726643202e-17,8.072326128635213e-17,-5.791350672676565e-17,-1.0524835567265788e-16,-6.507743650303956e-18,2.766685724043758e-16,-1.913406154828912e-16,-9.810635722091864e-18,6.424387243837432e-17,-1.949944849991739e-16,-1.061840099369433e-18,-9.713075170265546e-17,5.985987133575526e-17,1.6383645047778568e-16,-2.2372753474303955e-17,1.3950733008709447e-16,-7.654952977051093e-17,4.1663517470586215e-17,-1.2311567037015906e-16,-1.7517851953059127e-16,1.9682134609996796e-16,-2.739030556979692e-16,-5.2678044259428415e-17,-1.3399172382333181e-16,1.34431009409675e-16,2.2227469460808414e-16,-6.404212268884911e-17,-5.4621928587655814e-17,-1.9233641356468187e-16,-7.035888839308241e-17,-5.308057499772625e-17,-2.358578888310881e-16
CC1(C)C2=C(OC3=C1C=CC=C3P(C4=CC=CC=C4)C5=CC=CC=C5)C(P(C6=CC=CC=C6)C7=CC=CC=C7)=CC=C2.[K+].[OH-].CO>>,CC1(C)C2=C(OC3=C1C=CC=C3P(C4=CC=CC=C4)C5=CC=CC=C5)C(P(C6=CC=CC=C6)C7=CC=CC=C7)=CC=C2||[K+].[OH-]||CO,C_631ef3efb2c2,CC1(C)C2=C(OC3=C1C=CC=C3P(C4=CC=CC=C4)C5=CC=CC=C5)C(P(C6=CC=CC=C6)C7=CC=CC=C7)=CC=C2||[K+].[OH-]||CO,CC1(C)C2=C(OC3=C1C=CC=C3P(C4=CC=CC=C4)C5=CC=CC=C5)C(P(C6=CC=CC=C6)C7=CC=CC=C7)=CC=C2,[K+].[OH-],CO,-0.3186005963853977,3.6445578965192165,-2.417479624706514,-0.34607828197855645,-0.45393246724097785,0.6734737443347995,0.7298256383655707,-1.7613322496827413,0.3429794787537246,0.5015162007438585,-0.03371242746683514,0.1188713453465543,1.5487307950703968,0.3094901292143156,-0.19448988739445786,0.7274950736570519,-0.5759158619230673,-0.6179191980767584,-0.6359267196140718,0.07560788660418054,-0.02098577184095834,-0.23717326055452287,-0.057504610724074805,0.09760796907646857,0.0836852839986351,-0.00151796421203392,0.04155748629367268,0.06254463687018388,-0.03486776143224022,0.020457046243922795,-1.852651765376898e-16,-5.549614238933119e-16,-1.0651661551449485e-17,-6.563839722765355e-19,-3.180427175262815e-16,-3.413977236793412e-17,3.253670684361208e-16,1.6426318839734935e-16,-2.2461312917318497e-17,-5.254749081582061e-17,4.719764738176665e-16,-5.546365403945509e-17,1.0616200173697987e-16,3.780110120175137e-16,2.5196175851132722e-17,-8.02066420998168e-17,-6.744758578228604e-16,6.107708074508613e-17,1.4708180141354897e-16,5.270727140473039e-17,1.8784917280710033e-16,8.120673840446376e-17,2.9629959128449408e-18,-2.5468337218374104e-16,-1.702134128583343e-16,-1.989988615646709e-16,-4.3666069719699905e-17,-9.413538550747531e-17,-2.0936944787152633e-16,-1.270088406934083e-16,-2.696846002462953e-16,3.3089775251555316e-16,7.896854956365495e-18,1.9800956756884516e-16,-1.5790940757088948e-16,4.015780579965665e-17,9.733312146128199e-17,-7.710778610546618e-17,4.369603491438186e-17,1.6619406811022313e-16,1.5581901782768973e-17,1.703890071878272e-17,-1.8671941572603668e-16,-4.086272350195464e-17,7.731554608066098e-17,1.4546215071514263e-16,1.4018458516267308e-16,4.548234361242542e-17,1.5313776163896694e-16,-4.1974588821610593e-17,-6.233875465007074e-17,9.232423965412001e-17,-1.563351174463124e-16,5.883312584036558e-17,1.1055683604447844e-16,5.559646704007325e-17,1.0093514367007165e-16,-2.1378900454445223e-16,4.68514682136213e-17,6.911457506950949e-17,1.90244038619355e-17,1.2336303083660535e-16,1.163819346267145e-16,-7.319422156387896e-17,-1.4249448596670176e-16,7.272540877015852e-17,1.4267633467847063e-16,3.077578924277452e-17,-2.0487954070487054e-16,1.2039242363296265e-16,1.1341615965776626e-16,-7.682806266476943e-17,4.8848438734312883e-17,-1.1076834335768344e-16,1.8546897615586113e-16,6.677379270315021e-17,1.1548913311010072e-16,6.863574097772555e-17,-3.2106308382129183e-18,1.5740065535508225e-16,1.81433937137594e-16,-8.897914166566158e-17,-3.350302471799992e-18,-8.437337019983717e-17,-2.3070026044534626e-17,2.388052464473481e-16,1.5547927267723744e-16,1.9119313621940537e-16,-3.809464671998178e-17,-1.6612028371283147e-17,-2.074942776165291e-17,1.9799898441688382e-17,-4.404334895580698e-17,7.932875326604563e-17,-9.334932273613219e-17,2.721399262029959e-17,-3.1818692754356717e-16,1.0461385540363824e-16
CC(P(C(C)(C)C)C(C)(C)C)(C)C.CC([O-])C.[Li+].CO>>,CC(P(C(C)(C)C)C(C)(C)C)(C)C||CC([O-])C.[Li+]||CO,C_07e10f6b52b5,CC(P(C(C)(C)C)C(C)(C)C)(C)C||CC([O-])C.[Li+]||CO,CC(P(C(C)(C)C)C(C)(C)C)(C)C,CC([O-])C.[Li+],CO,-1.2195825707247363,-0.9602697923437356,-0.21200386939566984,0.0301836233464181,0.1839343715507976,0.5581227330543375,0.22297261010574426,0.027717305122146638,1.5420622820894592,0.43403743222693847,-0.9842300312685156,-0.7933009543519968,0.4683789218665443,-0.8801169244326126,2.727108899034169,0.8467166114872922,-0.5667957414572645,-0.19249979488141467,0.008687574245532993,-0.18802558230249627,0.07102486793542158,0.06359351711399815,-0.1362894877182085,0.08618926138929674,0.017898171081194986,0.1173332956074694,0.05670744725845278,0.0578514163385543,-0.026259727674779576,0.023142457795329672,-2.317575495169411e-16,3.382669715145993e-16,-3.8358749142875307e-16,4.761576169535951e-16,9.965577127279984e-17,1.1256067601180296e-16,9.409768621310297e-17,-5.234340462319908e-16,3.84103426120116e-16,-4.255893260680546e-17,-1.7094897718496128e-16,-2.6879907887688504e-16,-2.977368346548406e-16,5.46516886100276e-16,1.1553772204338674e-16,-4.857771008933959e-16,6.793460685063334e-17,3.356781629245945e-16,8.639718258908727e-17,1.1905193508454715e-17,3.3732000911595403e-16,5.78172616076056e-17,1.4114399796368027e-16,9.052998047405079e-17,-1.5534441227334926e-16,-1.2676716715336464e-16,7.778035357821367e-17,1.5921747628971465e-16,-4.2076732676630786e-18,2.031847180975033e-16,-4.636783486586393e-16,2.0529134354801045e-16,8.956662117811077e-18,1.7200235876428023e-16,-9.899961234770487e-17,1.1524657348026196e-16,2.864984925307168e-17,1.650482559443738e-16,-1.3024079216359439e-16,2.043652178705433e-16,1.0977533370881438e-16,3.3866999870667567e-18,1.1496846680523955e-16,-1.3309428483001214e-16,-8.44779561253651e-17,-2.328298722850882e-16,-7.441929307722312e-17,-2.4709390647582753e-17,-1.0160816386820037e-16,-6.46340792446474e-17,8.710471090588034e-17,-7.235714093190808e-17,-1.630944352426111e-16,9.893833025631834e-17,7.494779319856993e-17,4.5273954813070814e-17,2.585065548794351e-16,-2.2943456189318785e-17,-2.1084653474318155e-16,2.611490520925039e-16,4.491659374572674e-17,-6.97958036436365e-17,-1.1280254987109994e-16,-2.0138149024597855e-16,-3.2335957016860986e-17,4.466060459686604e-18,1.7358614857960777e-17,-2.091382186729139e-16,3.7971711001135857e-16,1.6789063027523622e-16,-9.68276744890817e-17,-1.0537234121322057e-17,1.3351314348649807e-17,-4.778444526994422e-17,2.0319477459329609e-16,1.5669898511558698e-16,-1.0821048047369902e-16,-1.1446470642995417e-16,1.7176216718689936e-16,8.014527548036106e-17,2.568819937443334e-16,5.1332407964405797e-17,1.9125977310176962e-16,1.8186356859045814e-16,-6.170936402144076e-17,9.83024540602217e-18,-5.1589185315018915e-17,1.7894047321724e-16,-1.139547914526458e-16,3.3699154723014224e-17,9.935278051670704e-17,6.960128362924384e-17,5.285062859380822e-19,-2.2575369667186256e-17,5.260764071195498e-17,2.2446168592766606e-16,7.833004983422501e-17,-1.780813656080394e-16
P(C1=CC=CC=C1)(C2=CC=CC=C2)C3=CC=CC=C3.CC([O-])C.[Li+].CO>>,P(C1=CC=CC=C1)(C2=CC=CC=C2)C3=CC=CC=C3||CC([O-])C.[Li+]||CO,C_86a941b79eb2,P(C1=CC=CC=C1)(C2=CC=CC=C2)C3=CC=CC=C3||CC([O-])C.[Li+]||CO,P(C1=CC=CC=C1)(C2=CC=CC=C2)C3=CC=CC=C3,CC([O-])C.[Li+],CO,-0.14340607292129415,1.4191808951347096,-0.542685630901305,-0.12579152170011873,-0.0938032751363494,0.48262768769941883,0.2792243000694501,0.34833896741067355,-0.08552301495532245,0.5457593250278043,-0.23424582965821333,-0.6056157299575701,0.5188475155858533,-0.9189272732810538,1.8324768218622212,0.9277773329478399,2.166374678539282,-0.2521191590931445,-0.005057030445554898,0.3054645998311022,0.025946357280212006,-0.17333237579932226,-0.09821200494621304,0.07174576589235818,0.012460252256374052,0.20688479895167278,0.08670054611395682,0.04861618341485069,-0.050032454609374166,0.0019000022058476473,-2.3768124063345752e-17,-2.766616337089263e-16,-2.482180655626525e-16,3.6729012578502386e-16,1.634284679575026e-16,-6.863754210442272e-17,-1.5183069226193743e-16,5.4044892364242874e-17,1.2962173291760362e-16,3.393124014082703e-16,-2.5543630067868074e-16,-3.0652333208114833e-16,7.361167232512483e-17,1.0917442172579564e-16,1.198719746650709e-16,-2.7213676728001067e-16,-1.806985594644653e-16,-2.555864555877579e-16,-1.4258663862815472e-16,2.554976451983646e-18,1.0248958112353462e-16,-2.5507953468965116e-16,-3.4847519693672277e-16,-1.5942794333505496e-17,-2.650265450304264e-16,-6.416650137992494e-18,3.996166360650452e-17,2.61870378123115e-16,-1.4544663985690582e-17,-4.216567567378601e-17,1.844290958230772e-16,-3.8878198184686455e-17,6.08242927645246e-17,-8.820465092230469e-17,-1.3021873288104874e-16,4.1579025154433993e-16,-2.8674974040547044e-16,-3.459920831590285e-18,7.11808329582824e-17,7.812957194571474e-17,3.036635597871522e-17,-1.1556627649583827e-16,-1.0233627051664814e-16,4.171733790803748e-17,-1.1950332416859742e-16,5.536810353863862e-17,1.169798043615147e-16,1.5008606889537832e-17,-4.4936287027617394e-17,-6.12614916035476e-17,2.811369654756162e-17,-5.537886889885313e-18,-2.2715154247730635e-17,-1.2556308655911524e-16,-1.6389935785977402e-17,-1.0527032317775693e-16,-1.6340995290351976e-17,1.8002745316088583e-16,-2.3712754940552e-17,-1.2258929679429047e-16,-4.795568376333304e-18,4.372837749522506e-17,1.3172299761304256e-16,-1.5517013873757656e-16,-9.92584988355954e-17,-3.004459450311009e-17,2.1218066769390983e-16,8.502057900188566e-18,4.044506122552842e-17,2.0664757570993678e-16,1.0666135871266268e-17,-1.0325326549916695e-16,-1.7503965613818534e-16,1.2193864297611e-16,-1.9562873864455998e-16,-1.7468712843057926e-16,1.0575800821563845e-16,-4.220113757802699e-17,-7.52924310108855e-18,-2.1768605430635177e-17,5.826057133259797e-18,-4.0265101521665287e-17,3.153630084979123e-17,-1.2656156697936156e-16,-4.003306808325903e-17,-1.4155624694515432e-16,4.260773806765835e-16,-1.8246097671086554e-16,2.547597324113865e-16,-1.7998340073025763e-16,2.7404525899667745e-16,4.2623372998375597e-17,-3.752626317110272e-16,6.259180166953634e-17,2.627429609166463e-17,2.389413574234956e-16,1.5156946941945225e-16,-1.0213442493292557e-16
CC(C)(C)P(C(C)(C)C)C1=CC=C(N(C)C)C=C1.CC([O-])C.[Li+].CO>>,CC(C)(C)P(C(C)(C)C)C1=CC=C(N(C)C)C=C1||CC([O-])C.[Li+]||CO,C_259ec32e94c9,CC(C)(C)P(C(C)(C)C)C1=CC=C(N(C)C)C=C1||CC([O-])C.[Li+]||CO,CC(C)(C)P(C(C)(C)C)C1=CC=C(N(C)C)C=C1,CC([O-])C.[Li+],CO,-1.3062257269818012,0.019390655011076303,0.9535341749378465,1.5630043926264556,3.7641983007591975,0.4037507821474801,0.5197797258662789,-0.5779688944044648,-0.7851923261491237,0.7108317114913012,-0.19923827801755367,-0.4319442815642396,0.2942131103216072,-1.4270819611283743,0.7437071568041268,1.5653007787072932,0.24801055057816337,-0.2087275522490915,-0.04606897140350937,-0.03624738882908748,0.23454906663352829,0.31854984106803097,-0.10359832499573357,-0.16768404107427876,0.352455189126744,-0.06898861720447969,0.10960868932183386,0.05268491845656293,-0.04281412225031021,-0.08261634563795922,-6.170892983820021e-16,-8.965374107018632e-16,2.602105044914097e-18,-1.0432558919152312e-17,-5.530544122019588e-16,8.414899671345793e-18,-6.169691508358992e-17,-4.795785023051029e-17,7.853575759827971e-17,3.38470292347561e-16,-2.8470499178818306e-16,-1.6986360161151117e-16,-1.541449562583664e-16,-9.039192254252512e-17,1.2546970898732782e-16,1.1341463005832116e-16,-9.824143718618978e-17,-5.529185834219462e-17,2.0879873178769192e-17,1.2053880200244157e-16,2.241056745732519e-16,2.0240426924035664e-16,9.468808274801558e-17,-1.2831353121480585e-16,1.3522211926654165e-16,-1.566673038685397e-16,-1.5051103495172318e-16,2.1080380412256436e-16,1.0833037036541759e-16,1.8960253444214893e-17,-4.572478577793017e-17,-3.549803503917745e-17,-9.045164925899488e-17,-1.223960276992356e-16,-2.4956034069364997e-16,-1.3845060054652811e-16,7.49258901324837e-17,-2.7982300507266127e-16,7.229464726191162e-17,1.36756028104723e-16,-4.3755648480995395e-17,-4.9229774234811736e-17,1.8617588800893472e-16,8.898859010379897e-17,-8.1213976738433e-17,1.729661958833817e-16,-1.7128371320156843e-16,4.2581748960735716e-17,2.2799281513979554e-16,3.962052122306207e-18,-2.9838399743419204e-18,3.3021956445995766e-16,-1.1033335530717914e-16,-9.232005108097577e-17,-8.607288125558524e-17,3.2449557927289346e-17,3.042833717764418e-17,-4.568638879408861e-17,-1.1046995396138219e-16,-9.788501045837399e-17,-1.2680220605787385e-16,-1.561192813107622e-16,-3.61647096310879e-17,-2.6475831821773266e-16,-7.171122877908348e-17,1.3926544126553206e-16,1.6520832405197998e-16,-1.5630532451487263e-16,1.707800281825707e-16,1.0851896495020239e-16,-4.180255100081697e-17,5.075260803995601e-17,1.3347003209794715e-16,-4.972286856720335e-17,-1.4116382618265385e-16,1.4914046285648236e-16,-2.1729016373426824e-16,2.0557738413173404e-16,6.035630779187696e-17,4.0447838195209247e-17,-1.2697010383676038e-16,-5.4231446913324835e-17,2.6096671137042193e-17,2.970704711288261e-17,3.364263337499122e-17,1.8322872551747816e-16,-1.312421766096197e-16,6.475552881712056e-17,-1.668166460451153e-16,9.367146186978272e-17,3.6196297197783495e-16,-5.527036275660596e-17,-1.0706355154350325e-16,-1.0600074224150904e-16,-1.4607710962533705e-16,-3.3005396507461947e-16,-5.705012712907275e-17,3.519431080492719e-17
P(C1CCCCC1)(C2CCCCC2)C3CCCCC3.CC([O-])C.[Li+].CO>>,P(C1CCCCC1)(C2CCCCC2)C3CCCCC3||CC([O-])C.[Li+]||CO,C_c2f37807a961,P(C1CCCCC1)(C2CCCCC2)C3CCCCC3||CC([O-])C.[Li+]||CO,P(C1CCCCC1)(C2CCCCC2)C3CCCCC3,CC([O-])C.[Li+],CO,0.1483945303998216,-1.5118062408100004,-0.5388387811418096,-0.14954559028491046,-0.17135266245648945,0.3912358541875942,-0.007337231879598007,0.24247937679960127,2.4332735528561593,0.5808632346574001,0.47757150720028735,-1.0234536286735876,0.14518854791217348,-1.7367592763098525,-0.00802206987713571,2.0709753381608604,0.545010860950348,-0.2535103018057586,0.0010016532358231595,0.31970591417219163,0.058640634194923213,-0.12565583366285374,0.0762837617188444,0.1585312119437339,0.006953463281747313,0.23292043703098708,0.08530391891791764,0.08734244748998533,0.06681703424989165,0.001191761731266558,1.0836557366962122e-15,2.297999380045236e-16,-2.4244429188322413e-17,2.859033662336768e-16,-1.538120773457263e-16,-2.555267082876689e-16,-1.0484595818682263e-16,5.777802795795838e-17,-4.0917938735503457e-16,3.3222758509895315e-16,3.0173342775689147e-16,9.067702676039196e-17,-9.784331225495934e-17,1.517707164247582e-16,5.16957858965769e-16,-3.959314322736041e-17,-1.8502698385638455e-16,1.6288554318733464e-16,-2.583939200538087e-16,3.5520031249235976e-16,-4.813632935310062e-17,-7.473010812108909e-17,2.0539587395796365e-16,-5.460899559419021e-17,2.20064422413864e-16,6.443688012745865e-17,-1.2959132993812104e-16,1.0059135604458639e-16,2.44794865220735e-16,-2.021412456584795e-17,3.011992003265949e-16,1.1346484086264187e-16,-4.802021775210468e-17,8.176230024102998e-17,2.1710961133286443e-16,-1.668630352983408e-17,-1.499264866687636e-17,-1.1628768843109056e-16,1.7626332410822982e-16,2.151307304461731e-16,-5.5231346835153536e-17,5.699929516982398e-16,9.549636340056697e-17,1.0849813782278301e-16,-1.525990586102266e-16,-1.4417874924957128e-16,2.36935445144079e-16,1.6563890997008099e-16,-1.2090924117553315e-16,1.630158779962679e-16,-2.726448691394365e-16,-2.0970620005301437e-16,2.157054411759836e-16,1.2342577566614239e-16,4.19432524062478e-17,-3.717244909178117e-17,-9.975008950940705e-19,1.9623610386499615e-16,-8.525841657805066e-17,-3.6252445796400563e-16,2.1774688023263985e-16,-6.5027802052388195e-18,-1.5596575906562297e-16,-9.391072319335742e-17,-3.736371293659277e-17,3.391520437031836e-16,-3.998741050507911e-17,1.2821951615559909e-17,1.0651346702751317e-16,1.4181776390832255e-16,-6.025375443269872e-18,-1.5546196919055148e-16,2.594079826906143e-16,1.3938845411227372e-18,-6.793358132524521e-17,2.0857302029779708e-17,3.444394896970027e-17,1.349337201301667e-18,6.614845505867108e-17,2.3524117056114464e-17,-1.1111098873989352e-16,-3.48445288274137e-17,-2.073457746896572e-16,5.263728429312969e-17,-1.4176694705602096e-16,1.4043735452307928e-16,8.880439808463709e-17,1.6400414150636115e-17,-1.5758552956989654e-18,-9.058317971339428e-17,7.775687423777906e-17,5.964831791648009e-17,2.7089658801094397e-16,-1.2735018469543964e-16,-7.119310802191331e-17,1.7195099215943022e-16,-8.403426850729096e-18,1.1736351713433053e-16
CC1=CC=CC=C1P(C2=CC=CC=C2C)C3=CC=CC=C3C.CC([O-])C.[Li+].CO>>,CC1=CC=CC=C1P(C2=CC=CC=C2C)C3=CC=CC=C3C||CC([O-])C.[Li+]||CO,C_f91ef2ac9612,CC1=CC=CC=C1P(C2=CC=CC=C2C)C3=CC=CC=C3C||CC([O-])C.[Li+]||CO,CC1=CC=CC=C1P(C2=CC=CC=C2C)C3=CC=CC=C3C,CC([O-])C.[Li+],CO,-0.31306096461586325,1.8318531581655946,-0.7070213549688655,-0.14959208514803687,-0.06762335239845088,0.5312484840013596,-0.6557073092027565,2.770033343064697,-0.5224736304587545,0.5451014322518647,-1.4662262878565144,-0.08261620263886933,0.17613804738097777,-1.6298819959567896,0.7447514981239599,1.7078503753863277,-0.20711137157658446,-0.23115641311403767,0.002626445197888446,0.2786326192920127,0.024468908038525007,-0.17127694563034107,-0.09966613960938431,0.06251776598103423,0.0057907367756490444,0.20453145679157106,0.08652925507444828,0.04798983146032857,-0.04990533799434956,0.002098597551851724,3.797820484646645e-16,5.530953399781734e-18,-1.6086065783059176e-16,-4.58189403781466e-17,3.7431145298402454e-16,-1.7510756888102146e-16,-4.270270995710078e-17,3.0765997351648047e-16,-9.700898920648138e-17,-4.167840809821597e-16,-4.620694490202471e-16,-2.2219144447191235e-16,3.3664510572808193e-16,5.0914802360094726e-17,1.2579802668957208e-16,4.1917798718773946e-17,-4.7217622077787964e-17,5.553581629708475e-16,5.823668046586217e-17,-1.1598110252289988e-16,2.4859370156151357e-16,2.2531161554135453e-16,9.687870682322024e-17,2.1878987529040018e-16,-1.98088031503605e-16,5.492276479399935e-17,1.646566686899038e-16,1.4249418509738336e-16,2.533307024797927e-16,-9.577421466215117e-17,4.817063518179639e-17,1.5903903068165929e-16,-3.1967836741984754e-16,-1.278668632328884e-16,1.7112732617431434e-16,-7.942264608529206e-17,7.723045575736023e-17,8.410567198914649e-17,1.7551664981516057e-17,-3.604194238397417e-17,5.616400966293312e-17,8.822839945391041e-17,-2.846889451557513e-18,6.6603279305975e-17,3.5960754430457467e-17,-7.081702458142606e-17,1.0927606835231218e-16,3.5906892190282164e-17,-3.109744017351997e-17,-2.2916044142635496e-16,-1.1535579052336798e-16,1.2231937221029266e-17,-8.018814423022968e-17,2.518066382501715e-16,-1.1485073033046926e-16,1.0177461360501012e-16,3.4183933938622986e-17,-7.440199791982827e-17,2.041941215673172e-16,2.3422267442191647e-16,1.0413074614078418e-16,-8.881837629385232e-17,1.4028862766109645e-16,-2.7702630798799527e-17,-5.710683760888934e-17,2.531176188383555e-16,1.0563931159904064e-17,-1.4817638502977455e-16,1.341502305956342e-16,1.5858709770878103e-17,-1.1762692046522933e-16,-8.510382659697768e-17,1.0324163630210978e-16,-1.162870755960966e-16,2.7240034902056626e-16,-1.7675189379235573e-16,1.4054983669536635e-17,-7.517578763371411e-17,1.818409493901014e-16,1.8288600384328224e-16,1.408118731684116e-16,8.34279829263698e-17,-6.294523389385094e-17,-1.056726946920756e-16,1.5503123202165548e-16,-1.501968029496651e-16,2.0157202144986137e-17,2.1006160274569422e-16,5.257906519602112e-17,6.240138233720417e-17,-9.107681808480084e-17,6.051613812226837e-17,-4.4554871814064694e-17,1.2981134834181636e-17,1.3413991067017182e-16,-1.0779929127773397e-16,-1.7559962291805208e-16,-5.015614203416813e-18
CCCCP(C12C[C@@H]3C[C@@H](C[C@H](C2)C3)C1)C45C[C@H]6C[C@@H](C5)C[C@@H](C4)C6.CC([O-])C.[Li+].CO>>,CCCCP(C12C[C@@H]3C[C@@H](C[C@H](C2)C3)C1)C45C[C@H]6C[C@@H](C5)C[C@@H](C4)C6||CC([O-])C.[Li+]||CO,C_df459dacd827,CCCCP(C12C[C@@H]3C[C@@H](C[C@H](C2)C3)C1)C45C[C@H]6C[C@@H](C5)C[C@@H](C4)C6||CC([O-])C.[Li+]||CO,CCCCP(C12C[C@@H]3C[C@@H](C[C@H](C2)C3)C1)C45C[C@H]6C[C@@H](C5)C[C@@H](C4)C6,CC([O-])C.[Li+],CO,-1.5805471010948768,-3.3731962832661737,-2.6002724553534615,0.04041803713170353,-1.1274831514860533,0.4337142840568155,0.5018859676812267,-0.36655514935946487,-1.7509541988272925,0.7632182658596083,-0.47720758294919663,-0.2655607516643037,0.4028929021337832,-1.3734578455174893,0.913091753407012,1.5307822359603227,0.34719225299037937,-0.21482423623213862,0.00016211960443060624,-0.1551583151066559,0.10564419046997539,0.11268199744059322,0.038233116522409995,0.1788173187821044,0.003523699709137187,0.1370720805567544,0.03759866375611174,0.07084256012177244,-0.027746071232676084,0.029563543577437033,-4.233956618866029e-16,-4.902266008820525e-16,-2.0166995284663866e-16,-5.710892949639847e-16,2.6379660321433577e-16,2.587207156423046e-16,3.168740249455658e-16,-8.0291089148632005e-16,-2.7838985443417773e-16,7.131723034682161e-16,1.6094037608873915e-16,6.201581729148086e-16,4.316111477571018e-16,1.2134156608829087e-17,4.253298480136745e-17,-7.336140920704507e-17,-1.2174058935986447e-16,2.8935880515874993e-16,-1.3329411362708992e-16,-1.3859632957698085e-16,-1.2685468085115508e-16,3.837126809576036e-17,9.992701540022348e-17,-4.425708245967982e-17,8.335361936205789e-18,-3.4750993851513016e-17,-4.6805787442113187e-17,-4.920426205236283e-17,-5.575924314826711e-17,7.317373659785913e-17,3.543361544725116e-16,-1.3802399125493708e-16,-3.04788260398424e-17,3.3403898575523555e-16,2.7805315626378976e-16,3.4618339622362164e-16,1.679762995946666e-16,-1.864349888035071e-16,-5.453937247799515e-19,-3.455909413686761e-17,5.696210266060676e-17,-1.5988571786444802e-16,3.6641937847423445e-16,-1.8378892687665912e-16,2.11415791893248e-16,1.5699206755425138e-16,2.2921900827838465e-17,-2.4972828485776085e-17,1.3727381979264553e-16,-1.3043863876377832e-16,1.0467156077062075e-16,5.2431164519374737e-17,-6.157047728885476e-17,3.879809838538926e-17,1.0591024276938198e-16,2.9669974698993365e-16,1.4285671247298358e-16,-2.166266795580946e-16,1.4041946164445204e-16,9.411119999418068e-17,-3.2043928962000153e-16,2.2389168380162727e-16,4.198303607593289e-17,6.654278633790889e-17,-1.6781741289606705e-16,-1.3070740614592468e-16,-2.1804277406482858e-16,-8.362772006474139e-19,3.0515374521327984e-16,-2.2420888680600473e-17,-1.5013874937125975e-16,6.878525282794088e-17,-1.261142312731699e-16,-4.5792516335204913e-17,-2.241876183812164e-16,6.693503805079569e-17,-4.667633066363201e-17,1.61402014446684e-16,5.5510925953943246e-17,2.0247818363486654e-16,-1.002536139878906e-16,-7.438897053647021e-17,5.5010374957839365e-17,1.6283560615592982e-16,-1.45412791959474e-16,-9.645655219468737e-17,-8.119416823030611e-17,5.808440546094178e-17,-2.7688292728107364e-16,1.7668845002651798e-16,-8.764095821577693e-17,-3.410854503091353e-17,4.850796357126423e-17,-2.902812548854375e-17,3.129887848291724e-16,-2.1060692875894622e-16,3.074254609474903e-16,-2.001502309549971e-16
COC1=CC=CC(OC)=C1C2=C(P(C3CCCCC3)C4CCCCC4)C=CC=C2.CC([O-])C.[Li+].CO>>,COC1=CC=CC(OC)=C1C2=C(P(C3CCCCC3)C4CCCCC4)C=CC=C2||CC([O-])C.[Li+]||CO,C_0677277e1e86,COC1=CC=CC(OC)=C1C2=C(P(C3CCCCC3)C4CCCCC4)C=CC=C2||CC([O-])C.[Li+]||CO,COC1=CC=CC(OC)=C1C2=C(P(C3CCCCC3)C4CCCCC4)C=CC=C2,CC([O-])C.[Li+],CO,4.123272248270434,-0.4936809344021998,0.323938570298168,-0.09993636344628044,-0.0749567090774801,0.09005813123381522,3.0085767022601617,0.39534445803943546,-0.15586112709897024,0.1390730772596563,-0.650580683210226,-0.08059719702646219,-0.02261359452106615,-1.0735325340566302,1.015512452963125,1.3281027462044028,0.14944272133915415,-0.19677027547520787,0.08093455478410756,0.20025822936894155,0.031295770368915656,-0.21086734218542152,0.3565240426609734,-0.19992175699311657,-0.5400825779249973,0.026337356701253287,0.3905045733195123,-0.39632190688071417,0.04827543741198947,-0.07004732545565419,-7.73537281088149e-16,-5.595770055316058e-17,4.614891957252521e-16,-1.0888034564361705e-16,-1.7975249958839026e-16,-4.094676140553887e-16,2.9283191707731553e-16,-5.455442764338067e-17,-3.2564850590773766e-16,4.449550103392076e-16,6.642323159845534e-17,-2.4635849698615737e-17,1.683179719021165e-16,1.3636105651454995e-16,-5.2610876928007954e-17,-9.519633664516751e-17,-4.809354064101034e-16,4.8059595419156747e-17,1.4088510346310484e-17,2.7717861303122046e-16,2.1424817050423599e-16,-8.515909742456833e-17,-1.3584256597291158e-16,2.2212247542406085e-16,5.53876637231859e-17,-9.332524327160799e-17,1.991071556117645e-16,-4.866803874072359e-17,-5.509230595611256e-18,-3.844008788715131e-16,1.452802612565144e-16,1.141709934968775e-16,3.8423659943623964e-18,-1.9811585806256357e-16,1.91341897060837e-16,1.4558742124704935e-16,6.382215228007099e-19,6.119025873568691e-17,2.9071759911813745e-17,-1.4943069324023194e-16,1.1694405508989146e-16,-1.2200047687151765e-16,-4.221556282676586e-17,9.92993267723963e-17,-1.0000800763925928e-16,-2.0124211945843348e-16,1.1497909963316371e-17,-3.172533323319382e-16,-1.9659606169796682e-16,-8.459841599836139e-17,-1.599767549083834e-16,-2.9395894896064624e-17,-2.357009216859023e-16,-9.31792438794694e-17,1.770855364281893e-16,3.510744091729791e-17,4.8285708368464404e-17,6.676049561262633e-18,1.2516082875407222e-16,-6.294708452947196e-17,-2.1480260274771688e-16,-1.0908464297567915e-16,-4.7079088654401635e-17,-2.3339149942154447e-17,2.495506748426599e-16,-7.961221541505018e-17,-1.772262832539807e-16,-7.946926239587987e-17,5.649460693544614e-17,3.030512907150575e-18,-7.237321391128671e-17,2.341108546131754e-16,2.8857235906034335e-16,8.897821613486227e-17,1.2695634414470072e-16,1.4671820864208097e-16,2.6473584890642327e-17,-3.6969294664293565e-17,1.820584340488017e-17,-1.8733954317344438e-16,-8.829642724408686e-17,2.17838476234967e-16,-2.5523056661120477e-18,3.953171882746614e-16,1.1969374396997433e-16,2.5138317356331077e-16,-3.2153257875537096e-16,-1.4631645209799557e-16,-1.3773826720385608e-16,-8.771801333724878e-17,8.777481607460261e-17,-2.383415773837927e-16,-9.737385097767436e-17,2.2870727116865744e-17,-3.854210682190692e-17,1.9128925633284646e-17,7.920623666336268e-17,-4.032138778301707e-16
CC(C)(P(C(C)(C)C)[c-]1cccc1)C.CC(C)(P(C(C)(C)C)[c-]2cccc2)C.[Fe+2].CC([O-])C.[Li+].CO>>,CC(C)(P(C(C)(C)C)[c-]1cccc1)C.CC(C)(P(C(C)(C)C)[c-]2cccc2)C.[Fe+2]||CC([O-])C.[Li+]||CO,C_8b0494eae381,CC(C)(P(C(C)(C)C)[c-]1cccc1)C.CC(C)(P(C(C)(C)C)[c-]2cccc2)C.[Fe+2]||CC([O-])C.[Li+]||CO,CC(C)(P(C(C)(C)C)[c-]1cccc1)C.CC(C)(P(C(C)(C)C)[c-]2cccc2)C.[Fe+2],CC([O-])C.[Li+],CO,-1.7745144180274803,-0.2864213348345543,2.553755233774339,-0.9877494080113798,-1.0997995383014039,0.4756174015075406,0.38367658088587986,-1.1085613521981745,0.36041928125068123,0.4841327590616248,-2.1565395171586097,0.4966022613813013,0.4292670057563928,-1.3625499742043026,0.5348161372230845,1.5886859672697442,0.6788910368038988,-0.2159640095752896,0.0020092375570554986,-0.17997516042406,0.0665065045278689,0.05378063400452301,-0.1503445138992086,0.08112069615039544,0.016596000689008017,0.11705501128123302,0.05622235201065982,0.05695018243188046,-0.02902289482710952,0.02334107558552356,-1.6423248983024263e-16,-3.289096068466733e-16,1.302638994498223e-16,-1.6424659798072895e-16,-5.439646851301815e-16,-2.5895127130713573e-16,3.602319717967709e-16,4.621262424995003e-16,7.738546941679278e-17,8.90394029393216e-17,3.070666080611186e-16,-9.736060391548878e-17,1.8178416600386697e-16,-3.010518063320662e-17,2.193133598674798e-17,1.0020488039711516e-16,1.5886707245215356e-16,-5.982332079644313e-17,-2.2188431909170262e-16,1.558876401684864e-16,-1.829064084366763e-16,-3.389341597085645e-16,-1.3854232077890346e-16,-3.4804009371513135e-17,-2.3892606431942905e-17,8.615064764066726e-17,-3.9158980757762485e-16,-2.0160802956320508e-16,-3.7484070327809906e-17,-1.2302234218847754e-16,-7.018482118344942e-17,9.18636441207964e-17,-2.7067173810955805e-16,-1.667429214323854e-16,-3.5125164339797564e-16,2.1549692612239474e-16,1.4421836679947241e-16,-2.2193564087689353e-16,-7.620854053437419e-17,9.341474656386699e-17,1.1579903701114283e-16,8.668236916390627e-18,1.857799488614234e-16,-5.573080076553927e-17,-2.8868622649261515e-17,-3.749414267493464e-18,6.406618720247142e-17,5.721941260019664e-17,-6.909284219587042e-18,1.6938530441693125e-16,-4.362598720599128e-17,-2.468777856384343e-16,2.066903987470611e-16,1.3028141206519935e-16,-9.209313728189668e-17,-1.4906706555297943e-16,8.233014784507065e-17,-4.2361281640062394e-18,1.524353919007125e-16,-1.7707619156035635e-16,4.206859596726934e-17,1.0058884136816681e-16,-1.1152412854410332e-16,8.914716032720873e-17,-2.618970966588857e-17,9.649946891817573e-17,-2.0758454746472007e-17,7.889681879718862e-17,-1.6857949416319337e-16,-1.3872094770339535e-16,-5.414500190803315e-17,2.577786029035048e-16,-7.344169609766496e-17,-2.818304023332223e-16,-1.3518002672635985e-16,1.356576231971343e-16,1.3974186370808857e-16,-6.984907089645941e-17,2.4195141728902646e-16,2.3275752389196283e-16,-7.767855391531326e-17,-7.251135119233917e-17,5.669619498447062e-17,-2.9509713150517296e-16,-1.449680248964162e-17,1.3499680000382808e-16,-3.0143796362197773e-16,3.13755418853575e-16,2.151522897722415e-17,-2.033118536129246e-16,-8.413198353777616e-17,1.8302209359612958e-16,1.6016887239324762e-16,7.932203605479147e-17,-1.4812841542376796e-16,1.5781520256674512e-16,1.8162196374641985e-16,1.0750364101371823e-16
CC(C1=C(C2=CC=CC=C2P(C3CCCCC3)C4CCCCC4)C(C(C)C)=CC(C(C)C)=C1)C.CC([O-])C.[Li+].CO>>,CC(C1=C(C2=CC=CC=C2P(C3CCCCC3)C4CCCCC4)C(C(C)C)=CC(C(C)C)=C1)C||CC([O-])C.[Li+]||CO,C_3931a721185a,CC(C1=C(C2=CC=CC=C2P(C3CCCCC3)C4CCCCC4)C(C(C)C)=CC(C(C)C)=C1)C||CC([O-])C.[Li+]||CO,CC(C1=C(C2=CC=CC=C2P(C3CCCCC3)C4CCCCC4)C(C(C)C)=CC(C(C)C)=C1)C,CC([O-])C.[Li+],CO,4.592889772379689,-0.6103035168323947,0.3324223041611415,-0.01951439075680556,-0.030238977522775205,0.8788346330369032,-2.255612121058877,-0.9073725351216461,-0.4438437800020122,0.7010618797973869,-0.5182992219244118,-0.28951533861134965,0.7028347805103577,-1.1551481347432568,1.1342515768828638,1.399357439368995,0.2646594267796409,-0.19146479783993198,0.08878201168377965,-0.12306364659955084,0.06345541012545192,0.18189218652605219,0.24544226602311295,-0.26875070567653364,-0.3927919252454755,0.07453828558429311,-0.03343727883055542,0.06051928899281216,0.01445830992907018,0.03245869198902016,-5.940639153506085e-16,2.635522941173105e-16,-4.2825000743113797e-16,-6.678080552386449e-16,9.147003457366379e-17,3.6308176767917827e-16,1.3600253870316486e-16,-1.551207960298706e-16,-1.4816196631963592e-16,2.956154349361664e-16,3.4424452775772115e-17,6.340161668901503e-17,2.739759913752762e-16,-4.817804938092942e-16,-3.3261605217598065e-16,-3.8155003111583586e-16,-1.5174447939487622e-16,-5.3109291990179615e-17,1.1378802088719358e-16,-4.4421846687341494e-17,-1.7020524545619173e-16,-1.2818835674574686e-16,9.968371998621815e-17,7.491634268769467e-17,-2.2962741218880147e-17,1.2338161770666065e-16,-3.186066098352869e-16,-3.0321857557560645e-17,1.6663456996133906e-16,3.2171073072413785e-18,-1.0776514026466996e-16,2.260401387157333e-16,2.005812539543317e-16,4.641945873076065e-17,-2.1723179018019784e-17,-1.7428364794102726e-16,3.860471522675148e-17,4.98361270837325e-18,-6.84586708674563e-17,1.2414042685947796e-16,3.190793132963762e-18,1.184977972108078e-16,-4.4479163500651114e-17,-2.115731238029197e-17,1.2002960004950532e-17,6.300299671076133e-17,6.472406786981202e-17,-6.795201514346175e-17,8.403093701242164e-18,2.5857002438139266e-17,1.4748586084965276e-16,2.03142772490098e-16,7.325962501751438e-17,-2.1275288105812783e-16,-9.581912180581953e-18,1.6499703446054868e-17,-1.2314183848698752e-16,4.065253002251024e-17,6.981640575742254e-17,1.0274843805963967e-16,-1.3515998547123983e-16,1.6364841208986488e-16,1.1205643667820865e-16,1.8161975339337467e-16,-8.792569551625345e-18,-1.6393146345340695e-16,8.018208198093312e-18,6.632846582709285e-17,-4.186172125829816e-18,-1.846041629187393e-16,1.4856857995687167e-16,2.36623696419381e-16,-3.199509097984634e-17,2.1322562600869974e-16,3.142888654192242e-17,2.3826054687014397e-16,1.1315278880622248e-16,1.1148690335834786e-17,-7.467181224936117e-17,-1.3347012135581113e-16,-4.914564486240103e-17,1.9177187366991293e-16,-7.617155743134196e-17,1.8406755471104268e-17,-1.5057638395919268e-16,-2.7362898255227614e-16,-2.8730035282827326e-16,-3.923106628755454e-17,-1.0418387648869392e-17,-1.8187143063780319e-16,2.5896569551697514e-16,-4.87489469505138e-17,-3.7077472049599357e-17,-3.107967277409002e-17,4.886003717445772e-17,1.6400953353005704e-16,-7.469218075003086e-17,3.525117972328229e-17
[c-]1(P(C2=CC=CC=C2)C3=CC=CC=C3)cccc1.[c-]4(P(C5=CC=CC=C5)C6=CC=CC=C6)cccc4.[Fe+2].CC([O-])C.[Li+].CO>>,[c-]1(P(C2=CC=CC=C2)C3=CC=CC=C3)cccc1.[c-]4(P(C5=CC=CC=C5)C6=CC=CC=C6)cccc4.[Fe+2]||CC([O-])C.[Li+]||CO,C_260c86d19e32,[c-]1(P(C2=CC=CC=C2)C3=CC=CC=C3)cccc1.[c-]4(P(C5=CC=CC=C5)C6=CC=CC=C6)cccc4.[Fe+2]||CC([O-])C.[Li+]||CO,[c-]1(P(C2=CC=CC=C2)C3=CC=CC=C3)cccc1.[c-]4(P(C5=CC=CC=C5)C6=CC=CC=C6)cccc4.[Fe+2],CC([O-])C.[Li+],CO,-0.9485651630224929,0.9138206692134817,2.3623065585565577,-1.1357765009485616,-1.4775640684907867,0.3506128585726155,0.34577264910790173,-0.06289353921319778,-1.18518239343078,0.8133833551290626,1.1645480557310082,-1.2869261855368819,0.24726814453334894,-1.4663569218085846,1.3487046811920513,1.5350703036190911,-0.2527946295219226,-0.23167895711943112,0.0036542944374559233,0.2828262814306364,0.023930414743717675,-0.17286611259826934,-0.09881533204656513,0.06132171232058317,0.004929356251478964,0.20475194862022003,0.0862581940947967,0.048079532312705946,-0.04995577064573213,0.002149125721338475,6.141042335950535e-17,-7.985927111990415e-16,3.4485434151447614e-17,7.567501083152904e-16,-3.54466972607984e-16,4.90545601208341e-17,5.337343120774994e-16,3.358590061653213e-16,-6.163208604780053e-16,-2.447172310732569e-17,1.3609268360031918e-17,-1.770859454024796e-16,9.271342805966748e-17,-1.0962407862050334e-16,-1.3165903990280645e-16,1.1710103851816123e-17,-1.5304054330792269e-16,-8.828270807872148e-17,1.6975935016801205e-16,2.90631936675888e-17,-8.77609399746216e-17,-1.1937281260793458e-16,2.445326264858378e-16,3.432197226634317e-17,-9.22007060632196e-18,4.524877971665074e-17,5.649823567229328e-18,-8.067899191436444e-17,-1.5686249889181685e-16,5.198519800142522e-17,-2.2574260837856807e-16,-6.14075455355361e-17,1.6785589923363665e-16,2.010360613821928e-17,2.9397171031332984e-16,2.99400756376248e-16,-3.4531071883083887e-16,-3.447962772530294e-16,1.3321649227931272e-16,-1.4417457667096992e-17,-2.958350287158255e-16,5.214877199520191e-17,-7.744209215681042e-18,-1.2380396136212653e-16,-2.0034401144387932e-16,2.3989758917696495e-16,-3.296469221743358e-17,-1.1444136106172927e-16,-1.2978367872178724e-16,-1.97235383641886e-16,2.3595501783105633e-16,2.238745111420203e-16,-6.823766988813344e-17,4.575703813558656e-17,-1.5298182637736434e-17,4.299005921833879e-17,-7.417026306154182e-17,-5.117302812355673e-17,4.5846116348294995e-17,1.3677490674354585e-16,7.944731826414063e-17,-1.2889222324485953e-16,1.122805684275169e-17,1.3912026074759853e-16,-2.938540013417221e-16,-1.741884018142986e-16,-4.024838719491415e-17,-1.236698573297064e-16,1.6595230064737695e-17,-1.8087487782518637e-16,-9.824971815045118e-17,-2.858926360841759e-18,-2.1038173716799407e-16,-1.6847991371917469e-16,1.7892125977621293e-16,-2.069360335153908e-16,-1.1718674076385327e-17,9.242516795761747e-17,2.2666726378015018e-17,2.9207404273101515e-16,-1.3020342556263152e-16,2.057014479621713e-16,7.668526516200085e-17,-1.0823022145402144e-16,-9.299055380858224e-17,-1.0484232011944384e-16,2.299498052724277e-16,-6.962394062761708e-18,1.9409560232718687e-16,-1.2124684838528129e-17,-1.4678707230473516e-17,-1.5022168569201654e-16,4.1451426670979384e-17,-1.7763194316870855e-16,-2.46131603644819e-16,1.3493692650459686e-16,-1.0719868052900986e-16,-5.739099798552887e-17
CC1(C)C2=C(OC3=C1C=CC=C3P(C4=CC=CC=C4)C5=CC=CC=C5)C(P(C6=CC=CC=C6)C7=CC=CC=C7)=CC=C2.CC([O-])C.[Li+].CO>>,CC1(C)C2=C(OC3=C1C=CC=C3P(C4=CC=CC=C4)C5=CC=CC=C5)C(P(C6=CC=CC=C6)C7=CC=CC=C7)=CC=C2||CC([O-])C.[Li+]||CO,C_3e399ab01bf5,CC1(C)C2=C(OC3=C1C=CC=C3P(C4=CC=CC=C4)C5=CC=CC=C5)C(P(C6=CC=CC=C6)C7=CC=CC=C7)=CC=C2||CC([O-])C.[Li+]||CO,CC1(C)C2=C(OC3=C1C=CC=C3P(C4=CC=CC=C4)C5=CC=CC=C5)C(P(C6=CC=CC=C6)C7=CC=CC=C7)=CC=C2,CC([O-])C.[Li+],CO,-0.30848575373381665,3.662639575002513,-2.39709960201347,-0.11338696477683474,-0.5467499876603673,0.4895311476811422,0.7054656177883322,-1.8982306132070708,0.29737398779994845,0.4934100429749484,-0.36726340355673814,-0.24874268838463753,0.5246251035652986,-1.239707112595641,0.7460236772519501,1.6089040155439476,-0.1283917397302847,-0.19000318924529877,0.09567246228575799,-0.21587874955144423,0.0013050385956391683,0.004146706358897481,0.1307097416053767,-0.4113833292799381,-0.31855279152978766,0.028518447247767885,-0.006543540651775205,0.051454531443441476,0.008987211785282017,0.04397887822638174,1.4026628173165405e-16,-6.247482295973602e-17,-1.963631516218789e-16,-5.406141473845626e-17,1.8246251803331994e-16,2.2140626121318836e-16,-1.184419002002459e-16,2.5308969266418453e-16,-6.777021443646143e-16,-3.0149034038557937e-16,-1.7952238674026684e-17,8.761630297377904e-18,-8.486876266850386e-17,-9.022402177381856e-17,-1.6381794939696452e-16,-3.997172851219459e-17,-6.125458845830774e-17,-1.597289650224092e-16,1.7510078923493955e-16,-1.0088069354511e-16,1.9834700628133674e-16,2.427399692594432e-16,-6.629420658878024e-17,8.240696277567051e-17,1.0809564489650325e-16,-4.057591639563484e-17,-2.7702098172894994e-17,-2.0443152222210486e-16,1.6591894641469338e-16,-7.492024414281204e-17,-9.038477504933974e-17,2.7894485297626596e-16,1.3784506349925453e-16,-3.1799532039377743e-17,-8.461446050617948e-17,-2.4368558315763925e-16,1.3263766489018664e-16,8.226667718571271e-17,-1.1186706107700548e-16,-6.414463396268665e-17,6.037863325379832e-17,-3.5402304424548696e-17,3.9486457551449315e-16,-1.139696085482178e-16,2.151772193040723e-16,8.179460766888842e-17,1.4600770827922933e-17,9.205069077160733e-17,4.1739764615190576e-17,-1.0466797608598144e-16,-1.1676729637406698e-16,-1.1173704931265724e-16,-2.2799813381596494e-16,2.0386693839254897e-17,7.701205862759851e-17,-6.139563152762273e-17,1.5421230890298485e-16,1.5020006957538158e-16,-1.803672510976942e-17,4.379805845040358e-16,2.6984105368537126e-16,7.843069773563832e-17,-8.548593892818568e-17,2.9097369226113735e-16,1.8548069342960851e-16,1.0788230194291786e-16,-2.510463504123926e-17,1.175868773333705e-16,-2.249378779143498e-16,-8.526542343435645e-17,2.0003915911848242e-17,-3.2196792160129506e-16,1.1880783543387325e-16,7.233138937668679e-17,8.702630606514034e-17,-3.1507817546652545e-16,-2.3595322933617024e-17,7.523674919089728e-17,-7.722074901581913e-17,-3.441721387714151e-17,9.989708951296821e-17,-3.3143733114705445e-16,-2.084980144569915e-16,-3.085353262702495e-17,3.015683548664166e-16,-3.074130698728479e-17,-1.964171535817733e-16,-1.796286948323728e-16,-3.473720310206352e-16,2.1249345006145672e-16,-8.323264782785959e-17,9.332624846473296e-17,-1.4589311622450714e-16,5.2905621740344456e-17,-1.1628574976810688e-17,2.557512270061335e-16,-1.989992447448051e-16,1.28818994558416e-16
CC(P(C(C)(C)C)C(C)(C)C)(C)C.CCN(CC)CC.CO>>,CC(P(C(C)(C)C)C(C)(C)C)(C)C||CCN(CC)CC||CO,C_60b726c25b81,CC(P(C(C)(C)C)C(C)(C)C)(C)C||CCN(CC)CC||CO,CC(P(C(C)(C)C)C(C)(C)C)(C)C,CCN(CC)CC,CO,-1.382491411088728,-1.0179377735297706,-0.0992783505057506,0.26636771810209775,0.21257229110524395,0.8009409120342645,0.11081938330267599,0.1797046856069788,1.4070584505276198,-1.8675970177483274,-0.6510087742020669,-1.0277884249579445,1.6683059869609886,-0.7612090336658552,1.5708126850620143,-0.9336884898242954,-0.8331379689415768,-0.060156181791674146,0.023391061677061342,-0.0691395763757281,0.34612914450588483,0.21472401911770217,-0.07947080951715892,-0.20116931628964665,0.10335726793628297,-0.10438964859177591,-0.046217802393615316,-0.01444054448677281,0.015265124030978416,0.07267031446439516,-5.243745217496573e-16,-1.5103862249806454e-16,1.8593264216667994e-17,2.1669414607557582e-16,6.940863069201408e-17,4.46780019764094e-16,3.042389692843684e-16,-2.9321437194736047e-16,3.7198022930752305e-16,3.2812771942957235e-16,-4.1961696864399076e-17,2.7698066882801494e-16,8.103265474426486e-17,8.667197435138656e-17,-5.04274459080625e-16,4.097222256907566e-16,2.6298260110468053e-17,1.263355352802792e-16,5.645514964141103e-16,-1.1723868302557515e-16,1.7833999330418518e-16,-1.3246509641727335e-16,-3.000526332096126e-16,-2.3196622374217035e-16,3.221237063378751e-16,3.2645221781649314e-17,3.421819745813699e-17,-6.993453973238879e-17,-1.8496599820338576e-16,6.626364297416695e-17,1.0854744696265448e-16,2.803909453172355e-16,-1.9683942808032655e-16,5.217799482939595e-17,-4.775616386316502e-17,1.7331701062045285e-16,1.2726359806722216e-18,-2.899475585754437e-16,-7.40704357930462e-18,1.074019563235899e-16,4.6523839302968945e-17,2.8303644493485936e-17,-1.1852162096648522e-16,-2.3401512518782546e-16,-2.5404733665247914e-17,-1.0869247819831292e-16,3.4511308389715686e-16,1.329438419008516e-16,2.593125356331256e-17,-9.18031026314506e-17,9.113718347129313e-17,3.530539556248034e-17,1.153846397793413e-17,3.594453182201998e-16,-7.593157943627425e-17,2.3910248642157717e-16,1.235743052250408e-16,2.3671254519804993e-16,-2.390125795205348e-16,-1.5597240704648235e-16,-2.06537601372938e-16,-2.814366116333516e-17,-5.14247638141005e-17,-7.035892009334193e-17,4.124357139942752e-18,1.972141531239062e-16,-1.685563715115057e-16,8.86278901950382e-17,-1.777481023979189e-16,4.581762397062943e-17,2.41903940616322e-16,2.011057754939769e-17,-1.565254417852909e-16,1.93590515550825e-16,1.9867074952119648e-16,7.453863622909411e-17,-3.3021309625219804e-16,3.512503545030119e-16,-2.0789635067039384e-16,-8.9782488859004e-18,-1.230622180074455e-16,3.8854979811378386e-17,3.2279401710165924e-17,-1.0907069376589687e-16,7.255372060219668e-17,-3.0670649625374844e-17,-1.5302524097994726e-16,7.595452208051755e-17,3.2348735606448997e-17,1.27267914733832e-16,-2.0585752034371336e-16,1.9599813346180527e-16,-1.2186211807730999e-20,-4.6756858945650354e-17,8.32197268987628e-17,-2.1114322511746625e-16,-1.0203273809163437e-16,9.683057348345954e-17
P(C1=CC=CC=C1)(C2=CC=CC=C2)C3=CC=CC=C3.CCN(CC)CC.CO>>,P(C1=CC=CC=C1)(C2=CC=CC=C2)C3=CC=CC=C3||CCN(CC)CC||CO,C_7185d94208a0,P(C1=CC=CC=C1)(C2=CC=CC=C2)C3=CC=CC=C3||CCN(CC)CC||CO,P(C1=CC=CC=C1)(C2=CC=CC=C2)C3=CC=CC=C3,CCN(CC)CC,CO,-0.30631491328528626,1.3615129139486748,-0.42996011201138584,0.11039257305556091,-0.06516535558190248,0.7254458666793453,0.16707107326638193,0.5003263478955059,-0.22052684651716145,-1.7558751249474611,0.09897542740823556,-0.8401032005635168,1.7187745806802976,-0.8000193825142962,0.676180607890067,-0.8526277683637464,1.9000324510549693,-0.11977554600340343,0.009646456985973445,0.4243506057578698,0.30105063385067504,-0.022201873795618426,-0.041393326745163585,-0.21561281178658515,0.09791934911146236,-0.0148381452475729,-0.016224703538111136,-0.02367577741047664,-0.008507602903616969,0.05142785887491317,-3.157411123538204e-16,1.047568528677142e-17,-4.1737890840477533e-16,8.883300997608589e-18,5.944286047405773e-17,5.5417453929902643e-17,2.801486814253701e-16,1.6127876192755074e-16,4.102435473829278e-16,1.7540536858821564e-16,1.0012171664291997e-17,-1.834506430407283e-16,1.9041582404209533e-16,-1.2111806296036329e-16,9.29571581056977e-17,-1.5500634952172048e-16,1.2139739131118113e-16,3.3906560749101313e-17,-2.3414089178322498e-17,6.637398863778819e-17,-2.0177095366832068e-16,-8.430036590059719e-17,-3.0140665025328344e-17,-4.5918792827766544e-18,1.0813532393896607e-16,9.923826141149774e-17,-1.4399145314174287e-16,4.4149769036437076e-17,1.251260945738462e-16,1.1229066541042e-17,2.6336085011577973e-16,3.4098480785426074e-17,2.440972031175689e-16,-1.749912592088672e-16,2.2323463673208245e-16,-8.255024794680042e-17,1.2133636609886816e-16,-2.467709935325639e-16,1.0130559558303574e-17,-7.360337891963876e-17,1.166923527587489e-16,2.385048459855482e-16,3.0245590289957835e-16,4.00600056267493e-17,3.656209753766309e-17,5.024092965386908e-17,1.7226817394028436e-16,1.190425255106542e-16,-3.352772853478555e-16,6.953950780584174e-17,8.594294438238185e-17,-2.4057484139529994e-16,1.4909460559942183e-16,-2.945022009201464e-17,8.736716737462203e-17,1.1419857679136844e-16,9.559594628882409e-17,1.204233934387432e-16,-2.9391612457792725e-17,-6.014962338815513e-17,2.952853402507442e-16,2.5180473382884305e-16,9.369514285742733e-18,-1.7108774032523123e-17,3.250157217791829e-16,5.733813686416385e-17,1.8802308199315853e-16,9.122480235935846e-17,-1.9047438561119798e-16,-6.326165650445493e-17,-9.586853441246494e-17,-2.9850719059525334e-16,-1.0344142248098742e-16,9.154396599327831e-17,4.6021522947942835e-17,-1.1538194101316508e-16,-6.460218926809587e-17,-2.0737792143723893e-16,-2.878705575288131e-17,1.9049394819245584e-16,8.768277280307195e-17,1.553044862472591e-16,-1.6550656768089535e-16,1.6860182302234115e-16,-9.715479256301619e-17,-9.296612213999665e-17,-1.226053980719197e-16,5.831931955577284e-19,1.0298685949414846e-16,-6.877999900780972e-18,-5.059981416813398e-17,2.268393235805384e-16,-3.5733746987554964e-17,2.096580680673503e-16,2.8656818539077945e-17,-1.1033022253764012e-16,5.910857173087384e-17,-1.0057516283432991e-16
CC(C)(C)P(C(C)(C)C)C1=CC=C(N(C)C)C=C1.CCN(CC)CC.CO>>,CC(C)(C)P(C(C)(C)C)C1=CC=C(N(C)C)C=C1||CCN(CC)CC||CO,C_78d8404d54ea,CC(C)(C)P(C(C)(C)C)C1=CC=C(N(C)C)C=C1||CCN(CC)CC||CO,CC(C)(C)P(C(C)(C)C)C1=CC=C(N(C)C)C=C1,CCN(CC)CC,CO,-1.4496135678815403,-0.045931460141273986,1.020518325311477,1.5904173223235485,3.7885276483361143,0.5532482476510601,0.41398146984830403,-0.4080270579653771,-0.8919816044855303,-1.4117393997440568,0.08003714230971713,-0.6961840694605836,1.7070301516604904,-1.320356329425337,-0.3352753031585476,-0.09354959756830876,-0.006039328272437766,-0.075077321001946,-0.02490670823531639,-0.13686366784376597,-0.015481009499550063,0.18900751646952083,-0.030931906119442486,-0.18752148047589207,0.02458506604770595,0.09745036440673446,0.14582463650927177,0.10419008210720015,-0.05245794110054198,-0.12452821519600751,-4.29994388560608e-16,-4.885828755238246e-16,3.901954467574143e-16,-4.0433883633872545e-16,-2.016336227915221e-16,5.110235360474738e-16,-2.184295282751352e-16,5.246112407098869e-16,-1.0465569744896979e-16,4.598785193633288e-17,-2.5616958289391085e-16,1.521643277772772e-16,3.398250478982669e-16,-2.3817292804011073e-16,-3.203910580797975e-17,1.2926889409580946e-16,-3.9639066423063175e-17,-3.305463721766103e-16,-2.060785523674862e-16,1.4259008901730775e-17,1.0401788107691725e-16,2.87577864112529e-16,2.2887953388133367e-16,-2.2485177129604077e-17,1.580234819237768e-16,1.937028003547241e-16,8.771341967962157e-17,-9.01176769561659e-17,9.365716036043038e-17,-3.3017986918777875e-16,-2.5332409458190865e-16,-1.717449034471169e-17,-1.903805857542996e-16,1.5931160530043393e-16,1.0327002766832092e-16,-7.820025351772336e-17,1.1661851465314652e-16,2.2334327854803046e-17,-2.1420806521658754e-16,2.4256413187488185e-16,-2.531477104475462e-16,-2.786399314336978e-16,2.1228647646770842e-16,-1.8297797892351739e-16,2.0471560688298722e-16,-1.3970902198961092e-16,-5.540513473822026e-17,-2.3182428041581835e-16,6.226260921439178e-17,-8.996090600393626e-17,1.2777689863701592e-17,3.337779044369907e-16,7.954484517179692e-17,1.1754191479093222e-17,1.8872433414331224e-16,-3.6312599177980934e-17,-4.479918291691202e-17,6.714843441812147e-17,-2.0464563581267465e-16,2.4467516880195984e-17,6.39921384196486e-17,-2.8237663051821543e-16,-4.6488095988488316e-17,1.2481138421526935e-16,-2.133706185548864e-17,4.591264741513131e-17,7.084354016815036e-17,-1.5445182459775479e-16,2.2339412577468656e-17,1.0944036345981218e-16,1.566575295256432e-16,3.244042761557918e-16,1.1804075946526874e-16,-5.84951766124618e-17,-8.436008967600599e-17,-4.390465837371448e-17,-2.29210458437403e-16,-2.7724070406448876e-17,1.1654591270796364e-16,6.038374190254146e-17,-2.7415564527237694e-17,-2.1167650878136625e-16,-1.3711193400172366e-17,8.072826001688898e-18,1.3199065381098014e-16,-1.7638286570316403e-16,9.172197277588585e-17,1.7576653833677008e-17,-2.474522325758144e-16,-5.3196141725763545e-17,-4.720191118613835e-17,-3.646379638998053e-16,-2.622451469682775e-16,1.0665774761503585e-16,1.5695413267270898e-16,-7.472537438753211e-17,4.19627310341275e-16,-6.237007769967154e-17
P(C1CCCCC1)(C2CCCCC2)C3CCCCC3.CCN(CC)CC.CO>>,P(C1CCCCC1)(C2CCCCC2)C3CCCCC3||CCN(CC)CC||CO,C_bf297a7b3712,P(C1CCCCC1)(C2CCCCC2)C3CCCCC3||CCN(CC)CC||CO,P(C1CCCCC1)(C2CCCCC2)C3CCCCC3,CCN(CC)CC,CO,-0.014514309964169917,-1.5694742219960356,-0.4261132622518906,0.08663850447076936,-0.14271474290204214,0.634054033167521,-0.11949045868266595,0.3944667572844332,2.2982697212943215,-1.7207712153178654,0.8107927642667363,-1.2579410992795348,1.3451156130066186,-1.6178513855430938,-1.1643182838492898,0.290570236849273,0.27866863346603565,-0.12116668871601763,0.015705140667351628,0.43859192009895964,0.33374491076538637,0.02547466834085001,0.13310243991989437,-0.12882736573520961,0.09241256013683563,0.011197492831741434,-0.017621330734150106,0.015050486664657858,0.10834188595564921,0.05071961840033202,1.176993888179587e-15,6.654606024208906e-17,5.811461251340704e-17,4.161804753116481e-16,-9.978755629096806e-17,4.1659993118766743e-16,-2.942574252852982e-16,2.5994551226457337e-16,-2.2917040473537386e-16,-5.3232252013171625e-17,7.483829266351088e-17,-5.725440504264215e-16,-4.700767789664292e-16,2.4147715063134403e-17,2.266879366497195e-16,-1.2409111839148343e-16,-2.2715175463849037e-16,-1.2255320716004372e-16,-2.555782283655832e-17,1.3823089618187e-16,4.3480972197958073e-16,2.7302241130864476e-16,-1.328247839314415e-16,-9.615825163669573e-17,-3.562356954603273e-16,-2.990157011634413e-16,-1.1170330356524172e-16,8.550460870322961e-17,1.081806121362805e-16,1.8374246180077798e-16,6.763386091302912e-17,3.2726426828997077e-16,3.742107656123028e-16,1.7085892137391607e-16,1.8666121451807493e-17,-1.4269060267879806e-16,-1.6979117283447573e-17,3.3149464196594234e-16,-5.447673368209778e-17,1.4149658691709576e-17,-1.1611542960420545e-16,-2.2744623088301295e-16,2.1702846286364358e-16,7.941343678922208e-17,-3.916451909933326e-16,-1.6297569537176306e-17,-1.0624703960944044e-16,3.1717455703707903e-17,2.4632588070735268e-17,9.932228226344772e-17,-4.279665641955949e-17,-7.088534704896328e-17,-2.6968819397439226e-17,4.417652824603693e-17,-4.742662470483926e-17,2.6165509597157113e-17,-6.98236367194659e-18,1.866025676264e-16,1.0813756753968497e-16,-4.0819072524152786e-17,9.312832935505436e-17,-2.1872515414562436e-16,3.001095653139119e-17,-4.843669052276612e-16,1.937107263879199e-16,-9.503402612730298e-17,1.5008667901095913e-16,2.659256205263888e-17,-3.04066241287287e-17,2.0328980658291324e-16,-2.448880678373883e-16,-9.557460161012346e-17,8.165108495336826e-17,-2.25213335204252e-17,6.816354763991057e-18,2.0126381461356453e-17,-1.1696420425348753e-16,-6.324594467830612e-17,-1.5993755048454607e-16,1.711334767390275e-16,-7.028283225337702e-17,1.6674967519238265e-16,3.8192774565551377e-17,7.569806910801622e-17,1.2836532710848366e-17,-1.1499057205692446e-16,-3.214316829246475e-16,3.460852062914704e-16,-7.386571026506169e-17,-1.9198871360763982e-16,2.84594285677121e-16,1.6611847488246894e-17,2.117206090976268e-16,4.705203928467358e-16,-1.8121605380389338e-16,2.875476268833231e-16,-2.7779851036913676e-17,-1.327523408854245e-16
CC1=CC=CC=C1P(C2=CC=CC=C2C)C3=CC=CC=C3C.CCN(CC)CC.CO>>,CC1=CC=CC=C1P(C2=CC=CC=C2C)C3=CC=CC=C3C||CCN(CC)CC||CO,C_55d8ddbe3db2,CC1=CC=CC=C1P(C2=CC=CC=C2C)C3=CC=CC=C3C||CCN(CC)CC||CO,CC1=CC=CC=C1P(C2=CC=CC=C2C)C3=CC=CC=C3C,CCN(CC)CC,CO,-0.4759698049798554,1.7741851769795587,-0.5942958360789463,0.08659200960764242,-0.03898543284400401,0.7740666629812865,-0.7678605360058248,2.9220207235495277,-0.6574774620205931,-1.7565330177234004,-1.1330050307900663,-0.31710367324481703,1.3760651124754226,-1.5109741051900318,-0.41154471584819413,-0.0725547259252585,-0.47345359906089746,-0.0988128000242974,0.01732993262941681,0.3975186252187811,0.2995731846089876,-0.020146443626637207,-0.04284746140833492,-0.22484081169790895,0.0912498336307368,-0.017191487407673938,-0.01639599457761989,-0.024302129364999196,-0.008380486288592351,0.05162645422091747,4.165207857025945e-16,-1.2295077838099714e-16,-1.5837897988292933e-16,2.1704251942050432e-16,-3.974176667162929e-16,1.7578546392790785e-16,-4.7915820360499824e-17,-1.9327953089701121e-16,1.6191849736184063e-16,-3.384229518130655e-16,7.260977243343873e-18,-1.7283379860398902e-16,-9.683001022102776e-17,4.9257422861184144e-17,4.0590933723311637e-16,2.7883181102473757e-16,-3.4260490952705864e-18,-4.1505295099540224e-17,4.924537537098135e-16,2.8764788891905813e-18,-1.2613183776084751e-16,-1.4952846995249082e-16,-1.6482216551069062e-16,-1.8937761862843463e-16,-2.6920240576247985e-16,-7.803198713804308e-17,-1.0475511551937894e-16,5.947636265034388e-17,1.4359142673535833e-16,-2.312595646144647e-16,-1.6002334624330666e-16,7.302128060948273e-17,7.180122487549107e-17,-1.0246433567358143e-16,1.7290405893350047e-17,-1.9904460295755615e-16,1.3513484868359377e-16,-1.4545869759667556e-16,-1.5143592423548368e-16,1.5560839645937929e-16,-5.5122418605333275e-17,-5.431517645407034e-17,-8.317574342426344e-18,-4.609602143601563e-17,8.493684299859779e-17,1.2170544384633053e-16,1.7809194467412087e-16,1.7016728331957393e-16,8.655205903372864e-17,3.376647641274988e-17,-4.9985691705511804e-17,-9.917816503455423e-17,-7.186606353669932e-17,1.5485564371189078e-16,-1.4143098151447817e-16,4.250458683168981e-17,1.039928266074297e-17,6.034648342283074e-17,-7.994405086402785e-17,-2.0653148365893882e-17,4.6877888898417475e-17,1.0743079542039153e-16,1.0198474433660433e-16,5.054110684507321e-17,-1.6470603975996712e-16,-4.387340132057139e-17,-5.281280765938197e-17,-9.872193175233403e-17,2.0971475020003828e-16,6.329044177923416e-17,-7.464438311751125e-17,-4.273946318416368e-17,-3.608120881411659e-17,6.561797964644359e-18,5.639388274921019e-17,-2.1697223693191574e-16,-3.729436108228715e-17,-1.7521935842541525e-16,-3.7345372687749216e-17,-1.0503691445007162e-16,3.272272882545834e-17,5.18808550662205e-17,4.7154558189773756e-17,-6.752228705650238e-18,-4.807012370922147e-18,9.696150555289157e-17,1.7834945074355207e-18,2.0696940398968984e-16,-1.4622070907808834e-16,1.8022553545771271e-16,7.065946065708249e-17,-7.315298302169065e-17,1.3920711721711793e-16,-4.961186010124247e-17,1.4094575238867832e-16,-7.82646593484252e-17,7.546618190504407e-17,2.485891897152991e-17
CCCCP(C12C[C@@H]3C[C@@H](C[C@H](C2)C3)C1)C45C[C@H]6C[C@@H](C5)C[C@@H](C4)C6.CCN(CC)CC.CO>>,CCCCP(C12C[C@@H]3C[C@@H](C[C@H](C2)C3)C1)C45C[C@H]6C[C@@H](C5)C[C@@H](C4)C6||CCN(CC)CC||CO,C_3a88c09e2f46,CCCCP(C12C[C@@H]3C[C@@H](C[C@H](C2)C3)C1)C45C[C@H]6C[C@@H](C5)C[C@@H](C4)C6||CCN(CC)CC||CO,CCCCP(C12C[C@@H]3C[C@@H](C[C@H](C2)C3)C1)C45C[C@H]6C[C@@H](C5)C[C@@H](C4)C6,CCN(CC)CC,CO,-1.743455941458868,-3.4308642644522087,-2.487546936463541,0.2766021318873828,-1.0988452319316053,0.676532463036742,0.38973274087815796,-0.21456776887463266,-1.8859580303891317,-1.5384161841156574,-0.14398632588274782,-0.5000482222702513,1.6028199672282277,-1.254549954750731,-0.24320446056514222,-0.24962286535126382,0.08085002550606638,-0.08248062314239701,0.014865607035958916,-0.0362723091798876,0.3807484670404387,0.26381249944429624,0.0950517947234598,-0.10854125889683958,0.08898279656422597,-0.08465086364249094,-0.06532658589595597,-0.0014494007035553754,0.013778780473080962,0.07909140024650216,1.329763336868105e-15,-4.764966497935874e-17,2.5245132526182027e-16,-7.804824896427824e-17,1.3163398455812894e-16,2.8163887140316036e-17,1.5674689856579695e-17,-2.882828505593871e-16,8.612173622180434e-17,-2.4251786385358536e-16,4.866198780410482e-16,2.3165563507035717e-16,-3.257854540504874e-16,-3.597141517703081e-17,8.089328110166173e-17,4.1224627179149535e-16,1.8788536732658547e-16,3.557823551703681e-16,2.7126577139394057e-17,1.5844590759263523e-16,-5.795585648116459e-17,-6.251978033948492e-17,4.2336981070464616e-16,-3.1809027685415027e-16,2.4005724518746145e-17,1.20244563673591e-16,2.0394834170247202e-16,-1.7341056042055934e-16,5.164240554873028e-17,1.1221723315534312e-16,1.5073283989041243e-17,2.912323879788259e-16,1.0762678629478405e-16,-1.2401650271161145e-17,3.660596488440432e-17,-5.671181598308766e-17,-1.631538590151295e-16,1.5415100288762124e-16,-4.401314871533993e-17,2.6956873885814804e-16,-5.627257965725979e-17,-1.7188515437290188e-16,-3.195559068430913e-17,8.905447308936164e-17,-1.1196734449541506e-16,-2.9394952376880877e-16,-8.823982554856401e-17,-7.992103924209202e-17,7.545574196813043e-17,-8.6087601008931e-17,1.2631350107785644e-16,-2.022725465631159e-17,-1.4478842631338253e-16,2.6947414108834265e-17,-4.252632869153287e-17,-1.3652111439305364e-16,-8.425918547078049e-17,-2.5602978957438314e-16,-5.324610385799932e-17,2.7697519848018762e-17,-8.485880324174766e-17,5.444160651251229e-18,9.576335442027772e-17,1.3031961180144768e-16,9.560063963142142e-19,-9.777578439556924e-17,3.105462220471921e-16,5.1692771511986434e-17,6.828966685676033e-17,-2.2858307266194875e-16,-1.4782217964897187e-16,5.4690375605902024e-17,-2.1010239779042394e-16,-2.051512201362982e-16,-1.3075841615213184e-16,-8.588873342647086e-17,-2.0863948957755206e-16,-6.33332346452784e-17,-7.515983993644736e-17,1.617706412773417e-16,2.805878123851627e-17,-1.6067484367157344e-16,1.6514384081635626e-16,-3.7106621883164368e-16,-1.6643463811957567e-16,1.167577829960369e-16,-9.977719063509827e-17,-2.1489200068837907e-16,-8.768113284403099e-17,-1.9666353258980447e-16,-1.1235903106968404e-16,-2.461546787683311e-16,-1.365013716341065e-16,1.5240523204681293e-16,-2.415639046801176e-17,-1.4982374184918014e-16,3.616561779335167e-16,1.732798306669174e-16
COC1=CC=CC(OC)=C1C2=C(P(C3CCCCC3)C4CCCCC4)C=CC=C2.CCN(CC)CC.CO>>,COC1=CC=CC(OC)=C1C2=C(P(C3CCCCC3)C4CCCCC4)C=CC=C2||CCN(CC)CC||CO,C_6bf596fbc6a9,COC1=CC=CC(OC)=C1C2=C(P(C3CCCCC3)C4CCCCC4)C=CC=C2||CCN(CC)CC||CO,COC1=CC=CC(OC)=C1C2=C(P(C3CCCCC3)C4CCCCC4)C=CC=C2,CCN(CC)CC,CO,4.083794052263145,-0.4961531129049023,0.39268448006180107,0.158187475558269,-0.06684981703033431,0.30950751447809544,2.9372600287374113,0.4122070223858012,-0.3151134116683108,-2.0272050350890938,-0.45632234615899187,-0.44477573099861084,0.9902919807873121,-1.1359834182726396,-0.07392525870147282,-0.3861591515422373,-0.1516017541099903,-0.09154584579002809,-0.02549576201968103,0.2654326084279035,0.3676152621843967,-0.1467148709164379,0.13095493593045832,0.1373517780578125,0.09774883916519574,-0.10768033382524261,0.3843983611356857,-0.45280840584833,0.03070724334049976,-0.02428661149129841,-6.876759856899491e-16,-7.419998323462048e-16,-8.002069582989383e-16,1.9899945412175218e-16,-2.952839306528269e-16,5.27331500013896e-16,6.197967499549171e-16,2.59373748424675e-16,-1.77395954659837e-16,6.507340573679509e-16,5.126758909535547e-16,1.6134390210075719e-16,1.9313090422198258e-16,4.533525809778901e-16,1.4650919390733112e-16,-1.0981388807128648e-16,-4.1951342900409655e-16,-7.625971864138529e-17,2.824751105015604e-17,3.4520599716366326e-16,-2.6570730212572756e-17,4.2044101169743426e-16,3.227419420603917e-17,-1.3109124785970046e-16,1.9626850118631435e-16,2.228234713862508e-17,6.185125097361686e-17,8.846276926060259e-17,-9.791055284262984e-17,-2.9179079294499005e-18,-2.045194988183109e-16,-3.5879373065709873e-16,2.5815468328080517e-16,-4.8025281190736825e-17,-6.403431407083534e-17,-7.529162300775522e-17,-5.879009864938018e-17,-8.244206396510801e-20,3.185275726525208e-17,-2.396787113128267e-17,6.106051690628195e-17,3.4970266532884743e-17,-8.428750505261171e-17,-5.581801583428142e-17,1.6516099547217188e-16,-2.230843467322295e-16,-5.1145980856936686e-17,-6.092192617404788e-17,1.0437338159758102e-16,1.7009799811372899e-16,-2.0317992670056342e-16,-4.998910884817642e-17,-2.860155689569143e-17,-1.1156041421633592e-16,-4.390040781512573e-17,-6.259020131818595e-17,8.80722606121122e-17,-2.455732889687587e-16,-1.0389923051765478e-16,1.1768700907038927e-16,-1.665358354292623e-16,9.089140673031331e-17,2.1331269192455204e-17,-3.0971183904109004e-17,-3.212539583134808e-16,-6.291873754113492e-17,1.1662266218081593e-16,4.796389777655714e-16,-3.9851704796332167e-17,9.73945067671923e-17,-5.966170902975478e-17,4.5643961208999894e-17,1.0004765193424296e-16,8.098107834957916e-18,1.4342320795981421e-16,6.77705986367054e-17,2.994100012331816e-17,3.608146522780501e-17,-1.5226308270045465e-16,-4.539381536725538e-17,2.477071021963347e-16,7.648935212397832e-17,-5.659014440045459e-17,-1.5591358793827122e-16,1.2800621564437652e-16,-4.015585551056094e-17,-9.415720305987917e-17,-6.716227717298853e-17,1.5509871681326516e-16,2.794883699574712e-17,-1.7113138375036584e-16,2.5470962991324253e-16,3.039001210442912e-17,-2.219464310218571e-16,-2.7461432506574112e-17,-5.405619469921741e-17,3.4760127870472233e-16,2.727329896906521e-16
CC(C)(P(C(C)(C)C)[c-]1cccc1)C.CC(C)(P(C(C)(C)C)[c-]2cccc2)C.[Fe+2].CCN(CC)CC.CO>>,CC(C)(P(C(C)(C)C)[c-]1cccc1)C.CC(C)(P(C(C)(C)C)[c-]2cccc2)C.[Fe+2]||CCN(CC)CC||CO,C_04d9712e6202,CC(C)(P(C(C)(C)C)[c-]1cccc1)C.CC(C)(P(C(C)(C)C)[c-]2cccc2)C.[Fe+2]||CCN(CC)CC||CO,CC(C)(P(C(C)(C)C)[c-]1cccc1)C.CC(C)(P(C(C)(C)C)[c-]2cccc2)C.[Fe+2],CCN(CC)CC,CO,-1.9374232583914728,-0.34408931602058945,2.666480752664257,-0.7515653132557003,-1.0711616187469564,0.7184355804874675,0.27152335408281175,-0.9565739717133431,0.2254154496888418,-1.8175016909136408,-1.8233182600921618,0.26211479077535393,1.6291940708508383,-1.243642083437545,-0.6214800767490689,-0.19171913404184265,0.41254880931958693,-0.08362039648554885,0.016712724988583776,-0.06108915449729149,0.3416107810983322,0.20491113600822689,-0.09352583569815856,-0.2062378815285478,0.10205509754409639,-0.10466793291801259,-0.04670289764140814,-0.015341778393446961,0.01250195687864838,0.07286893225458903,4.526173567454181e-16,-3.631028127390731e-16,-8.008337708062497e-17,6.163783952756751e-16,-5.542629827076116e-16,2.90831225127219e-17,-1.345628218785922e-16,4.2625907460709675e-16,1.3961514400230622e-16,-8.665664369590259e-17,-8.988936811811376e-17,1.8016249921756022e-17,1.97024353023209e-16,3.089907441187101e-16,-2.554503611823427e-16,4.873399984583341e-16,-2.3596318473009293e-16,-1.4491477063509483e-16,4.158866979350854e-16,-7.316568564783012e-17,-5.318306826697853e-18,-8.884832828576521e-17,2.0402332347513952e-16,9.114001687816422e-17,3.495330505450834e-17,-3.344392394399849e-16,2.1197868854505035e-16,-2.221920548592888e-16,2.5840489297370316e-16,-1.2417877455305944e-16,-1.660936631111085e-17,1.0121145134908885e-16,-9.868332175886362e-17,8.98679018399094e-17,-3.104845151395794e-17,-2.1361779286719524e-16,-8.565556753638511e-18,2.3927657932577305e-16,6.748635544832992e-17,-1.9414352048357836e-16,-2.696970847770684e-16,-4.624020573055839e-17,3.105185464107275e-17,2.1388328552593254e-16,1.5437016001699613e-16,9.816971721068885e-17,5.215630036036612e-17,-6.551415166451323e-18,1.8161541457825674e-16,-1.4402519248116483e-16,3.7571258064144017e-17,1.9225780091577368e-16,4.812747701637646e-17,-4.661421100645532e-17,1.8482169595401153e-16,7.433705511265128e-18,2.2339907645169947e-17,1.062474461300129e-16,5.836067402651017e-17,3.4722457493135264e-18,2.0812514944507484e-16,1.8663000892346715e-16,1.6924330578633543e-16,3.61957804710371e-20,9.254907456337895e-17,-2.9946093769950294e-16,5.3747421787044376e-17,-2.0410097456408074e-16,1.436802847108273e-16,1.911482203995746e-16,9.565358928861223e-17,-3.841628248111769e-17,3.284012017801706e-17,1.5601258116605434e-17,9.45840667968956e-18,-9.268138350879914e-17,-2.9698054872950614e-18,2.238772418810205e-16,1.304573236001392e-16,-2.6260571238651576e-17,-1.2280458687175503e-17,-1.026030497083089e-17,6.008770210197645e-17,1.8230583453374037e-16,-1.1222570933965118e-16,-3.561741046932904e-17,-8.427325284891463e-18,-2.724194168519458e-17,4.545185229944132e-17,-1.1450911861012796e-16,1.0482395787986524e-17,1.1183822311846506e-16,-5.784306273926358e-17,2.1051474749054318e-17,-2.7086892304811717e-16,1.6657146525669054e-19,1.944440099835789e-16,5.65412381791785e-17
CC(C1=C(C2=CC=CC=C2P(C3CCCCC3)C4CCCCC4)C(C(C)C)=CC(C(C)C)=C1)C.CCN(CC)CC.CO>>,CC(C1=C(C2=CC=CC=C2P(C3CCCCC3)C4CCCCC4)C(C(C)C)=CC(C(C)C)=C1)C||CCN(CC)CC||CO,C_835e418cfedf,CC(C1=C(C2=CC=CC=C2P(C3CCCCC3)C4CCCCC4)C(C(C)C)=CC(C(C)C)=C1)C||CCN(CC)CC||CO,CC(C1=C(C2=CC=CC=C2P(C3CCCCC3)C4CCCCC4)C(C(C)C)=CC(C(C)C)=C1)C,CCN(CC)CC,CO,4.553411576372403,-0.612775695335098,0.40116821392477353,0.23860944824774305,-0.0221320854756302,1.098284016281184,-2.326928794581628,-0.8905099707752797,-0.6030960645713535,-1.465216232551363,-0.32404088487317734,-0.6536938725834988,1.7157403558187359,-1.217599018959267,0.044813865218265934,-0.3149044583776458,-0.03638504866950373,-0.08624036815475136,-0.01764830512000865,-0.05788926754058872,0.3997749019409331,0.24604465779503606,0.019873159292598638,0.06852282937439542,0.24503949184471785,-0.05947940494220294,-0.03954349101438182,0.004032790025196008,-0.00310988414241992,0.07821940595337593,-1.6979323218299168e-15,-5.294616580762425e-16,-9.778462961027544e-16,1.7334417981122352e-16,2.9451801377899075e-16,-1.2888020728060627e-16,7.743891248047219e-16,-1.969669179381579e-16,-2.260859575211351e-16,5.008111716547282e-16,6.896726938361413e-16,2.4078690467596037e-16,2.9153575991341076e-16,4.499644515880173e-16,5.773549379341861e-16,-1.422152037072177e-16,-1.2618959628057106e-16,-2.6953501798773123e-17,-7.414248992698516e-16,-2.5281506820671853e-16,-2.322242724829479e-16,1.5765764162713097e-16,-1.8477196227564158e-16,9.847112644371984e-18,-5.845190046519579e-16,9.586557612189699e-18,-2.234397274940607e-16,-9.233812824997639e-17,-1.2408222934087748e-16,-1.3839974163167032e-16,-2.0061364376904417e-16,1.844734807244282e-17,-4.329849442996277e-16,-9.995308285098091e-18,3.770023873003158e-17,-2.5686080885410385e-16,2.7097601149363924e-16,5.3853219298389344e-17,-3.2973355036078445e-17,-3.0677386023622356e-16,3.5797830234253065e-16,-4.9071923043719064e-17,-2.591585379963573e-16,-4.429052610874234e-17,-1.3948586603801898e-16,1.9439741727040554e-16,-3.581466885149867e-16,2.4272001173452908e-17,-4.4669262107077724e-17,3.161840096864468e-17,9.40857798322638e-17,1.6829293725447297e-16,4.85758310189728e-16,2.569255411418514e-16,1.2951377469560786e-16,2.9157550919592297e-16,-3.880779331886863e-17,2.281688682002417e-16,4.322403759908283e-16,2.6260801580459323e-18,3.8526432857062335e-17,-5.519731704717175e-16,-2.071438374302633e-16,-7.349585413959508e-18,-2.824417701857678e-16,-5.627766092993553e-17,-3.855313987766457e-16,1.3858320390190275e-16,-1.7758688963361238e-16,3.882221817664687e-16,-2.7873409593878584e-16,-1.4101789717963797e-16,2.746945473213746e-16,-5.885256784932369e-17,2.344894779350018e-16,1.1939959559701674e-16,6.503547124001147e-17,1.4885798727996517e-17,3.2807290125582046e-16,-1.765783827144848e-16,1.6375445759116805e-16,-1.0395363999270419e-16,-6.171669909449283e-17,-1.8441282282664663e-16,-6.43259919527147e-17,1.991332037157907e-16,1.7554010578538123e-16,-2.5180419973645553e-16,5.286271146589722e-16,2.779140084846406e-17,-2.0143945502529373e-17,-1.4126739266959928e-16,-2.236566493565537e-16,-1.9152840571034878e-16,-2.1362844187102297e-16,3.694097973849132e-17,-1.1244972235913706e-16,-3.661545978310986e-17
[c-]1(P(C2=CC=CC=C2)C3=CC=CC=C3)cccc1.[c-]4(P(C5=CC=CC=C5)C6=CC=CC=C6)cccc4.[Fe+2].CCN(CC)CC.CO>>,[c-]1(P(C2=CC=CC=C2)C3=CC=CC=C3)cccc1.[c-]4(P(C5=CC=CC=C5)C6=CC=CC=C6)cccc4.[Fe+2]||CCN(CC)CC||CO,C_0245862f5700,[c-]1(P(C2=CC=CC=C2)C3=CC=CC=C3)cccc1.[c-]4(P(C5=CC=CC=C5)C6=CC=CC=C6)cccc4.[Fe+2]||CCN(CC)CC||CO,[c-]1(P(C2=CC=CC=C2)C3=CC=CC=C3)cccc1.[c-]4(P(C5=CC=CC=C5)C6=CC=CC=C6)cccc4.[Fe+2],CCN(CC)CC,CO,-1.111474003386485,0.8561526880274481,2.475032077446474,-0.8995924061928819,-1.4489261489363372,0.5934310375525421,0.23361942230483249,0.08909384127163515,-1.3201862249926177,-1.4882510948462029,1.4977693127974556,-1.5214136561428253,1.447195209627796,-1.3474490310418274,0.19240846721989405,-0.24533479769249392,-0.5191368570062326,-0.09933534402968945,0.01835778186898413,0.40171228735740394,0.2990346913141809,-0.02173561059456532,-0.041996653845516395,-0.22603686535836018,0.09038845310656686,-0.016970995579025427,-0.01666705555727079,-0.024212428512621793,-0.008430918939973584,0.05167698239040386,8.433635092309936e-16,-9.99654440028378e-16,2.5821097776476265e-16,-1.7152140990013788e-15,1.3673236485529355e-15,-9.224695587298948e-16,-2.2017598567284543e-15,-2.2166700279823228e-15,1.6390432088371442e-15,-1.4761496688485563e-15,-1.436658925474932e-15,-2.3442705417093444e-16,-1.272064046684055e-15,-4.0081244780507243e-16,-6.17366229020785e-16,-1.1870352677419035e-16,-2.1831419501512015e-16,-1.2545506289921605e-16,-5.750897558037052e-17,-7.769265064283331e-17,2.3232594426299557e-16,-1.2555173910880083e-16,4.0643113194684405e-16,3.746800384022475e-16,1.8644628828707424e-17,9.887865472793697e-17,-8.879153152403557e-17,-3.920165142002419e-16,-4.787275942680314e-16,-2.78216918791488e-16,-1.4816166457182506e-16,1.4540560915983519e-16,2.9212003059613814e-16,-4.1687705646451137e-16,-2.5352157381439014e-17,3.0624068877190675e-17,-1.077998690068266e-16,1.3207308557429348e-18,-1.0222631940909302e-16,3.33784625293168e-17,3.1433375622553795e-16,2.0636113295863183e-16,2.54984715361623e-16,4.3784123519825776e-16,-1.0506240506881974e-16,4.494462899748007e-16,3.384558198810104e-18,-2.9764184756829376e-16,3.5514461332256365e-16,2.0796071095729753e-16,-4.34009160802389e-16,1.285677582137675e-16,2.811743297200398e-17,-6.424445823642374e-17,-3.5370232487314935e-17,2.829692788398206e-17,9.770233329740725e-17,-2.6093676604212447e-17,1.460662057732005e-16,8.013635268668484e-17,-1.002682698381983e-16,-1.2736304559536105e-16,1.525686331493048e-16,-1.6072083233125407e-16,6.590532266420359e-17,-4.693736573037874e-17,-1.7860527851405345e-16,3.6353100936852545e-16,2.8067965041246807e-16,1.233616594361436e-16,2.0458092874063937e-16,-1.7684361649400096e-16,-7.273950339277513e-17,4.1201659743755236e-17,1.9818966792918286e-16,8.220872890239177e-17,-1.6899476548595152e-16,1.2838916798763662e-16,-1.2581890825006009e-17,2.0260991973700925e-16,1.3769548673194034e-16,-6.5615480849268905e-18,-2.0368640184248946e-16,-1.6569908522399728e-16,7.949996161382336e-17,1.6603759836536581e-16,1.8410565280272e-16,-1.4669079708204328e-16,4.2114841217613536e-17,5.738802736673135e-17,-1.2166266494630887e-16,-1.600649845129615e-16,1.499352759436289e-16,-4.7102507373630636e-17,9.120819863837548e-17,-1.9948972176903964e-17,-1.8735198225841548e-16,-1.0963754493122435e-16
CC1(C)C2=C(OC3=C1C=CC=C3P(C4=CC=CC=C4)C5=CC=CC=C5)C(P(C6=CC=CC=C6)C7=CC=CC=C7)=CC=C2.CCN(CC)CC.CO>>,CC1(C)C2=C(OC3=C1C=CC=C3P(C4=CC=CC=C4)C5=CC=CC=C5)C(P(C6=CC=CC=C6)C7=CC=CC=C7)=CC=C2||CCN(CC)CC||CO,C_8b8cd541cfa1,CC1(C)C2=C(OC3=C1C=CC=C3P(C4=CC=CC=C4)C5=CC=CC=C5)C(P(C6=CC=CC=C6)C7=CC=CC=C7)=CC=C2||CCN(CC)CC||CO,CC1(C)C2=C(OC3=C1C=CC=C3P(C4=CC=CC=C4)C5=CC=CC=C5)C(P(C6=CC=CC=C6)C7=CC=CC=C7)=CC=C2,CCN(CC)CC,CO,-0.347963949741103,3.660167396499812,-2.3283536922498347,0.1447368742277141,-0.5386430956132228,0.7089805309254249,0.6341489442655809,-1.8813680488607036,0.13812170323060607,-1.6728680693738005,-0.17300506650550368,-0.6129212223567886,1.5375306788736771,-1.3021579968116515,-0.343414034412647,-0.10535788220269263,-0.42943621517943165,-0.08477875956011742,-0.010757854518030763,-0.1507043704924842,0.3376245304111211,0.06829917762788207,-0.09485936512513628,-0.07410979422900976,0.3192786255604066,-0.10549924327872903,-0.01264975283560037,-0.005031967524174784,-0.008580982286208962,0.08973959219073795,1.6943416288653107e-15,2.298619020377678e-15,2.2351088850970695e-16,8.53196070904001e-16,-1.3369036363654039e-15,-9.246940125141105e-16,3.019767730332786e-15,1.0417615590362827e-15,-1.6389936220677835e-15,-8.518207623595715e-16,-8.110136554931563e-17,1.060523394831451e-15,1.2932557457198707e-15,8.592627211119124e-16,2.091730581942903e-17,-1.2051851359764008e-15,2.7341569936746184e-16,-4.608780304281598e-17,8.23009511331402e-17,-8.733171156080977e-18,7.59886359605696e-17,6.854971752648646e-17,1.9294071988196169e-16,1.0043497695566389e-16,-1.0631951736717354e-16,3.599559572000388e-16,1.2930031380315194e-16,1.8372752825949505e-16,4.170932322996592e-17,3.240284414316889e-16,-2.7998658981092106e-17,-2.0295690831700203e-16,8.459939067242434e-17,-1.7322295680446787e-16,2.4002479168093216e-16,2.1810423078428648e-16,-3.136901697336127e-16,1.6998614118003352e-16,-2.674711391800391e-16,-1.7925230555700348e-16,5.181385252354483e-16,1.817276997182014e-16,1.570487222323746e-16,2.0068998786280533e-16,3.1531123192692603e-17,3.2760917955627867e-16,-2.5820936372906035e-16,-2.658049442491395e-16,5.661743138597997e-16,2.7786554895633784e-16,-1.2521373519758861e-16,7.02550109437692e-17,2.0871276709930292e-16,-3.025776253879654e-16,-3.612464638322912e-16,3.8339903747398426e-16,-2.3380060570884764e-16,-2.1082366187073697e-16,-2.96843875128051e-16,-5.982141531597228e-17,1.0756507976489407e-16,-3.586567166890737e-17,7.060860507558386e-17,2.8655776373733575e-16,-7.698123207697854e-17,-4.7786306350234844e-17,-1.688764718330309e-17,-1.7729940896957108e-16,1.3104910107668163e-16,-7.481249617866425e-17,-1.8988262436916846e-17,2.1886349105203554e-16,1.5777486499741383e-16,5.0302948712605674e-17,-5.142696680774681e-17,-1.9488940011839358e-16,-1.989565289394949e-16,2.989907876850342e-17,1.6639492283319289e-16,-2.3487719682363756e-16,-7.997085507141308e-17,1.805626320215165e-16,1.29399040262527e-16,-3.094346003187509e-17,-7.831141778773259e-17,-8.039052986193363e-17,2.9355274427343674e-17,3.5325882591821814e-17,-1.8565624936217147e-16,-5.0504903300213414e-17,3.630216555339091e-17,1.7911150645229808e-17,5.205086375694397e-17,9.199332249622285e-17,1.1657968841245318e-18,1.438299882076156e-16,-2.448034826620498e-16,8.484331622412055e-17
