smiles,reaction_smiles,additive_id,candidate_key,ligand_smiles,base_smiles,solvent_smiles,morgan_pca128_0,morgan_pca128_1,morgan_pca128_2,morgan_pca128_3,morgan_pca128_4,morgan_pca128_5,morgan_pca128_6,morgan_pca128_7,morgan_pca128_8,morgan_pca128_9,morgan_pca128_10,morgan_pca128_11,morgan_pca128_12,morgan_pca128_13,morgan_pca128_14,morgan_pca128_15,morgan_pca128_16,morgan_pca128_17,morgan_pca128_18,morgan_pca128_19,morgan_pca128_20,morgan_pca128_21,morgan_pca128_22,morgan_pca128_23,morgan_pca128_24,morgan_pca128_25,morgan_pca128_26,morgan_pca128_27,morgan_pca128_28,morgan_pca128_29,morgan_pca128_30,morgan_pca128_31,morgan_pca128_32,morgan_pca128_33,morgan_pca128_34,morgan_pca128_35,morgan_pca128_36,morgan_pca128_37,morgan_pca128_38,morgan_pca128_39,morgan_pca128_40,morgan_pca128_41,morgan_pca128_42,morgan_pca128_43,morgan_pca128_44,morgan_pca128_45,morgan_pca128_46,morgan_pca128_47,morgan_pca128_48,morgan_pca128_49,morgan_pca128_50,morgan_pca128_51,morgan_pca128_52,morgan_pca128_53,morgan_pca128_54,morgan_pca128_55,morgan_pca128_56,morgan_pca128_57,morgan_pca128_58,morgan_pca128_59,morgan_pca128_60,morgan_pca128_61,morgan_pca128_62,morgan_pca128_63,morgan_pca128_64,morgan_pca128_65,morgan_pca128_66,morgan_pca128_67,morgan_pca128_68,morgan_pca128_69,morgan_pca128_70,morgan_pca128_71,morgan_pca128_72,morgan_pca128_73,morgan_pca128_74,morgan_pca128_75,morgan_pca128_76,morgan_pca128_77,morgan_pca128_78,morgan_pca128_79,morgan_pca128_80,morgan_pca128_81,morgan_pca128_82,morgan_pca128_83,morgan_pca128_84,morgan_pca128_85,morgan_pca128_86,morgan_pca128_87,morgan_pca128_88,morgan_pca128_89,morgan_pca128_90,morgan_pca128_91,morgan_pca128_92,morgan_pca128_93,morgan_pca128_94,morgan_pca128_95,morgan_pca128_96,morgan_pca128_97,morgan_pca128_98,morgan_pca128_99,morgan_pca128_100,morgan_pca128_101,morgan_pca128_102,morgan_pca128_103,morgan_pca128_104,morgan_pca128_105,morgan_pca128_106,morgan_pca128_107,morgan_pca128_108,morgan_pca128_109,morgan_pca128_110,morgan_pca128_111,morgan_pca128_112,morgan_pca128_113,morgan_pca128_114,morgan_pca128_115,morgan_pca128_116,morgan_pca128_117,morgan_pca128_118,morgan_pca128_119,morgan_pca128_120,morgan_pca128_121,morgan_pca128_122,morgan_pca128_123,morgan_pca128_124,morgan_pca128_125,morgan_pca128_126,morgan_pca128_127
CC(P(C(C)(C)C)C(C)(C)C)(C)C||[Na+].[OH-]||N#CC,CC(P(C(C)(C)C)C(C)(C)C)(C)C.[Na+].[OH-].N#CC>>,C_7b2ea94c7f7f,CC(P(C(C)(C)C)C(C)(C)C)(C)C||[Na+].[OH-]||N#CC,CC(P(C(C)(C)C)C(C)(C)C)(C)C,[Na+].[OH-],N#CC,-1.2242895512080236,-0.6982614233068813,-0.2842367756839331,-0.5409122448896032,1.7815305308658316,-0.4809328274603559,0.08783849985727496,0.5164120737207304,-0.3579680742465462,-0.0047764698179430555,-0.378469813793458,0.8719731108561638,0.18110157792894135,-0.8633414289501766,0.9998034479442646,1.670360296231835,-0.6044122432762487,-0.7970487546071414,0.6080242339388425,4.847751073362078e-15,-2.1633006860778618e-14,4.0346125054729905e-16,2.3191116124999657e-15,1.1799063936453607e-15,-2.6966470603567977e-15,1.2863299997929038e-15,3.268388754232327e-17,9.564685060658276e-17,4.181606795060828e-16,5.895774827652382e-16,-8.178897045987943e-17,6.377210331662878e-16,6.259402884668651e-16,-1.975878045963533e-16,8.218630533016551e-17,4.4209217337912173e-16,-7.766854621280546e-17,-1.9368790806394604e-16,3.222982073735587e-16,-1.0484740626560099e-16,2.6933273560809354e-18,-9.034981221847342e-18,-5.392632438289837e-17,-6.195586932171875e-17,1.2384657210722838e-16,1.6673033062966132e-16,9.979136171661077e-17,-8.63450896526823e-17,-4.196411672823829e-16,-3.002341794455017e-17,-6.919040641353764e-18,2.4636597415195503e-17,-5.1344593637437855e-17,6.961975481520944e-17,2.824690525944062e-17,-7.095701265853152e-18,-3.2001074748513984e-17,-2.9645052424206965e-18,-1.3224878239233498e-16,-8.10117931936696e-17,-7.731605812895031e-17,-6.997123641324337e-17,3.141406587343964e-17,-1.1311008643184168e-17,-5.151896100887923e-17,-5.360335592863825e-18,5.99203018865307e-17,-6.392434243749032e-17,7.15037002608454e-17,-6.837297041320062e-17,3.845726357104283e-17,-6.999686024056927e-17,9.936957230003408e-17,1.0519429647552081e-17,-1.692395056961185e-17,1.0965308813952295e-18,2.7198661331636902e-17,3.678946536234647e-17,-1.597494461598717e-18,-7.72437056040126e-18,3.020357646369201e-17,-2.682026923092352e-18,1.814396861449909e-17,-2.2926622432266266e-17,1.531572962539804e-17,4.3522890067615216e-17,-2.8979198958572125e-17,9.053532141623701e-18,-2.801105399130245e-18,3.140085880667472e-17,1.7427811157924796e-17,2.829005969696008e-17,3.3680869436950236e-17,-7.49611442802186e-18,-1.9205414129713548e-17,-8.221928835707439e-18,-3.2052301839910724e-17,1.2521715055034592e-17,-8.061953791760386e-18,-2.403900335651925e-18,-1.3149734069608791e-17,-4.804191207792378e-18,1.0448898745723279e-17,1.133995024494877e-17,4.6942005849496225e-17,3.4212584377990457e-17,1.7913249858305376e-17,-9.073092389847244e-18,3.525200869105104e-17,-1.1738036440415324e-17,8.883568030069653e-18,-2.087635511485054e-17,-3.8934325778891395e-17,6.931391733698524e-17,6.59614081543307e-18,3.904615588583169e-18,9.33969583277363e-18,7.618797168216656e-18,-1.565424006856815e-17,1.5833570038404807e-17,-4.3842129192675706e-17,6.214010002821665e-17,-1.594394181343614e-17,4.116599683384079e-17,1.8685771797113117e-17,-1.4988515211735635e-17,-1.744028604104867e-17,1.4033613698374104e-17
P(C1=CC=CC=C1)(C2=CC=CC=C2)C3=CC=CC=C3||[Na+].[OH-]||N#CC,P(C1=CC=CC=C1)(C2=CC=CC=C2)C3=CC=CC=C3.[Na+].[OH-].N#CC>>,C_39126a7e935b,P(C1=CC=CC=C1)(C2=CC=CC=C2)C3=CC=CC=C3||[Na+].[OH-]||N#CC,P(C1=CC=CC=C1)(C2=CC=CC=C2)C3=CC=CC=C3,[Na+].[OH-],N#CC,-0.9376336432097042,1.2345744235185017,-0.2842367756839324,0.23684906840748543,1.7815305308658258,0.2786396779026131,0.08783849985727285,0.21949929330032855,-0.780000992911634,0.147406069415242,-0.3784698137934583,-1.1263128578207304,0.18110157792895012,-0.8633414289501758,0.9998034479442651,0.933815911971148,-0.6044122432762525,1.2462422126349617,0.6080242339388445,1.112312309260824e-15,1.2294536258016989e-15,1.7138366430019185e-15,-1.1883959572076504e-14,7.868585817603711e-16,-2.6874995849322364e-16,5.036181015073939e-15,-7.211222672038812e-16,-1.816772192629814e-16,6.08848217309602e-16,1.780937514623256e-15,1.1537608464869727e-16,2.3060501320127455e-15,-5.268823808026894e-16,-5.4850785841013523e-17,3.799918943406664e-16,-4.617087727131226e-16,5.6932117085897835e-16,-1.9460662896553577e-16,-5.63360313256641e-16,-6.521291167625179e-17,-3.522675182890983e-16,7.732585036982833e-17,-3.9698311141979525e-17,-2.944306546663649e-17,1.412511705231817e-17,-8.33992609430269e-17,-1.7255715886612834e-16,-5.889410086033047e-19,-7.896425788506266e-16,-5.343197666665592e-17,5.965938689501042e-17,-2.2704960852013754e-18,4.3526704662948433e-17,5.470769465043494e-17,-1.3019462369077436e-17,1.9682805263085904e-17,-9.929616513571878e-17,-8.674338776990198e-17,3.088420925090397e-17,2.674004287562531e-17,-4.178284998956157e-17,-3.57118529725751e-17,1.1605846875367958e-16,3.886277960648572e-17,3.927513911386094e-17,-1.3820247738612177e-17,-2.1478827007874333e-17,-4.1054086511903744e-17,-8.185499285449154e-18,-7.991752008650128e-18,3.535196399540266e-17,3.23318149491304e-17,1.3565403381959334e-17,-2.6831094951004894e-17,9.636859505798687e-18,-2.531122993960975e-17,1.3401917079309406e-17,-2.4275445728844513e-17,2.7444564346841748e-18,3.445374087249551e-17,7.559218268321316e-18,-3.659808935733073e-17,-3.009223111120157e-17,6.3236174447492514e-18,-4.2460223194933493e-17,4.117261578983852e-18,-1.6827894720813587e-17,3.073336137888171e-17,1.7855252201526878e-17,-2.283074766979441e-17,5.189932281795096e-17,-3.5263149163515474e-17,1.1939343804901757e-17,1.0710675748744679e-16,3.587353040275203e-17,-5.311971701265292e-17,2.6032466988806997e-17,3.8197069195923984e-17,3.382311711841361e-17,-2.505164955098728e-18,-4.00927216391481e-17,9.164954124033469e-18,-3.7679412762259567e-17,6.554873595566596e-17,-3.2146435562543508e-18,-8.361090997285199e-18,7.710374499564479e-19,5.3657470801531126e-17,1.8318592378755997e-17,-7.619725992196126e-18,2.956730712495188e-18,5.482905638553512e-18,5.804879117447364e-17,-2.7343143831612476e-17,-6.267305856660776e-17,2.4568701153678035e-17,-1.234520506349751e-17,3.5254734149735084e-17,8.42817187088263e-18,1.157044616481332e-17,3.9617215300727766e-17,-1.3569286422020604e-17,4.632605384797995e-17,1.832281810783076e-18,-3.506109901509217e-17,2.0792366157193242e-17,-6.306466103046152e-17,1.1021201956747088e-17
CC(C)(C)P(C(C)(C)C)C1=CC=C(N(C)C)C=C1||[Na+].[OH-]||N#CC,CC(C)(C)P(C(C)(C)C)C1=CC=C(N(C)C)C=C1.[Na+].[OH-].N#CC>>,C_20c336ba7a84,CC(C)(C)P(C(C)(C)C)C1=CC=C(N(C)C)C=C1||[Na+].[OH-]||N#CC,CC(C)(C)P(C(C)(C)C)C1=CC=C(N(C)C)C=C1,[Na+].[OH-],N#CC,-1.5782981121882067,-0.6507387560859188,-0.2842367756839331,-1.3390820507081485,1.781530530865823,-3.023312088182813,0.08783849985727474,-0.26903145405850815,0.3510346086273111,-0.39593751299980917,-0.3784698137934575,-0.8157423012752534,0.18110157792894888,-0.8633414289501756,0.9998034479442637,-0.5617383596306827,-0.6044122432762519,0.020503180976101914,0.6080242339388443,-2.7324961900872307e-15,1.374670416178943e-15,-2.9150121904858914e-15,2.528951358006411e-15,4.910132510003387e-16,1.3640432490032736e-15,-2.3903965052941605e-15,-3.7046639489947946e-15,-4.3817318757692064e-15,-4.553479303175885e-16,4.193403944476401e-15,-1.0152433068169923e-15,6.789138752517835e-16,1.7248255435478097e-15,-2.5390706600245693e-16,1.7583762987934224e-16,3.815146110970287e-16,-4.21445450045989e-16,-6.633648072260564e-16,-4.01937439207721e-16,8.192970968063179e-17,3.476798487453373e-17,7.515115655604428e-17,2.0418412676110887e-16,-4.2701344947964933e-16,8.91024004303705e-17,-2.000420581202722e-16,7.588278383009992e-17,7.888445870652977e-17,-4.47206334295615e-16,-1.441812170674684e-16,1.5840593214923084e-16,-6.166896744307688e-17,-1.0403962801619993e-16,-8.163176062863434e-17,1.0910749808757834e-16,-1.4028449398996975e-17,-1.1676309486768094e-16,-5.626695604685796e-17,5.694584492398603e-17,6.281490717970192e-17,1.6422523493012623e-16,6.595413200483359e-17,8.563326443553068e-19,-6.636266584457023e-17,1.5031043582132745e-16,1.1427515463612286e-16,1.4590235405242367e-16,1.6306626444974476e-16,-6.910335042488463e-18,1.0512759964281787e-16,-5.601120232528053e-17,3.639907141251273e-18,-1.7253136809874187e-16,-3.8068761804477237e-17,1.9910315021353526e-17,9.672253393597085e-17,-3.6173719071775525e-17,9.623553292726041e-18,1.7898327458041528e-17,3.16865727312628e-19,-9.269114828728798e-17,-1.503720768122919e-17,1.7917348749757422e-17,5.124261017494174e-17,1.9830880015592913e-17,-6.871664501625508e-17,8.952308041470294e-17,3.4845335194560275e-17,7.336836021684426e-17,8.496736120799347e-17,1.1786933028366546e-16,-3.5378936814206775e-17,3.407569133416558e-18,-6.942330342953041e-17,-1.0023754513280935e-19,6.382997683036365e-17,-5.6495376647652535e-18,5.66516752822317e-17,-6.296233284342338e-17,8.329299524008546e-17,-4.611896425401567e-17,2.5702745240776833e-17,-8.51691634029995e-17,-1.5799289618540957e-17,-1.0956884666322791e-16,-1.4157600018310623e-16,2.162004789312255e-17,2.3945458093435368e-17,1.8920860873119848e-17,-2.566905354987931e-17,1.2348894426930396e-16,-1.4696110850336433e-17,2.3324981955059773e-17,-2.9774646224232675e-17,-4.308806453277926e-17,-3.0889877502012334e-17,-8.569470123105932e-17,1.4547793918080553e-19,7.338050938774988e-18,3.7198891189853777e-17,-2.935109358170719e-17,-1.125035068317954e-16,-1.968096343248502e-18,5.1556995782250884e-17,-1.6932772805214344e-17,2.43514830243943e-17,-1.540111593693264e-18,-1.6118686021330495e-17
P(C1CCCCC1)(C2CCCCC2)C3CCCCC3||[Na+].[OH-]||N#CC,P(C1CCCCC1)(C2CCCCC2)C3CCCCC3.[Na+].[OH-].N#CC>>,C_0432ae315c8c,P(C1CCCCC1)(C2CCCCC2)C3CCCCC3||[Na+].[OH-]||N#CC,P(C1CCCCC1)(C2CCCCC2)C3CCCCC3,[Na+].[OH-],N#CC,0.8097398838794677,-1.6108233270164642,-0.2842367756839301,-0.03231794708524681,1.781530530865825,0.5630227060514417,0.08783849985727492,2.2053092310680915,-1.364694957916629,-0.5762782864827964,-0.37846981379345673,-0.011638395004671044,0.18110157792894455,-0.8633414289501751,0.9998034479442625,-0.8033477138467402,-0.6044122432762513,-0.02961397032974652,0.6080242339388435,1.1514594487646342e-15,2.234238012003364e-15,1.1366190902332584e-15,1.538568223370573e-15,-1.757382532301083e-15,-2.1982074568624998e-15,-4.80672009598219e-15,-2.0300163378269506e-15,4.118634614930488e-15,1.4731067011063504e-15,1.3343606934008201e-15,-5.69761317778409e-16,6.407429287815033e-16,-1.9744067575939575e-15,5.242828169971061e-16,1.110317126045985e-15,-6.350550342942373e-16,-6.30961887819179e-16,-6.154194441982965e-16,-8.873460283893006e-16,-3.1612682867981574e-16,-3.742146661854721e-16,-2.1153014459382724e-17,-1.4511638537880857e-17,-4.0827391585106324e-16,5.555574670092735e-16,5.429846636499831e-16,-3.5131969528173917e-16,-4.206404128305796e-17,-4.556527518883445e-16,-3.5587733324362616e-16,2.8776562352171824e-16,-3.391622305449935e-17,1.5392230829613536e-16,2.196004374966107e-16,1.5926517858988392e-16,1.9618548425122328e-16,-3.146846663877438e-17,-1.1336196221173945e-16,-2.2800262717820734e-16,-2.893498440894804e-17,-3.3914310412553936e-16,-5.304974450322335e-17,1.0692872631186263e-16,2.0183894432327467e-16,5.672757522617203e-17,-1.5960968645982482e-16,1.3130500221908623e-18,-2.220079403195712e-17,-5.0783269761049335e-17,-3.5964513101763095e-17,1.7461142986566034e-17,8.493939288763406e-17,1.2486929425902135e-16,3.4131609459943155e-17,-3.489205095798676e-17,-1.1942357976828022e-16,1.8568850073837e-17,-8.884534568486561e-17,-6.525813462077339e-17,-7.346450102487707e-18,-2.617466261462941e-17,-1.5938235159736622e-20,1.6255363764563436e-17,4.698271153346699e-18,-6.699352295182632e-17,1.0962544133367062e-17,-2.2991877884947028e-17,5.044959333706309e-17,-7.264127157801465e-18,-1.3145884981820841e-16,5.1497375135660296e-17,-5.318373924655311e-17,-1.8584358707842055e-17,1.4921776895371497e-16,1.1468034299921423e-17,-2.3577019435430634e-17,-7.014366655212611e-17,-2.2092746491962973e-17,-3.207532524812337e-17,-2.258735441617417e-17,-5.540865004204495e-17,-1.137661343134956e-17,-9.622222876073753e-18,-9.182578022739468e-18,-3.8649277121029247e-17,1.3520043210924106e-16,-6.50287809213571e-17,-2.8452256390804054e-17,2.2733856839171263e-17,-1.0085338631376055e-16,-1.1567166082050844e-16,9.696082327412616e-17,5.873088049195079e-17,-2.7048991482854348e-18,2.540966625201301e-17,-2.4692939509360304e-17,-5.86345875537246e-17,4.7319975192146045e-17,8.940242721485904e-17,5.333678346316971e-17,9.009322829125222e-17,4.193602414744235e-17,-3.048365673095772e-17,5.136093131526093e-17,8.327228496614156e-18,4.292319097271179e-17,-4.607465778756987e-17,-3.1101401791059873e-18
CC1=CC=CC=C1P(C2=CC=CC=C2C)C3=CC=CC=C3C||[Na+].[OH-]||N#CC,CC1=CC=CC=C1P(C2=CC=CC=C2C)C3=CC=CC=C3C.[Na+].[OH-].N#CC>>,C_7ea459e62d1c,CC1=CC=CC=C1P(C2=CC=CC=C2C)C3=CC=CC=C3C||[Na+].[OH-]||N#CC,CC1=CC=CC=C1P(C2=CC=CC=C2C)C3=CC=CC=C3C,[Na+].[OH-],N#CC,-0.26365475576253344,0.9915488887996986,-0.2842367756839325,0.32248622106950786,1.7815305308658267,-0.24540933155650457,0.0878384998572765,-0.5084585430537771,-1.0360040403224662,2.508680959507175,-0.3784698137934581,0.4526474839779587,0.18110157792894174,-0.863341428950174,0.9998034479442631,-0.5902568205259808,-0.6044122432762509,-0.24296470019918948,0.6080242339388428,1.6814059802561985e-15,1.1828449613091695e-15,1.937668744652121e-16,1.8204961112685217e-15,-1.5924444869363286e-15,-1.8337312372578462e-15,1.6131483058651657e-15,1.3045232023163453e-15,-1.1196501799727604e-15,-4.3263805226665895e-15,1.2629786587520596e-15,-2.2372853421917283e-15,4.3692950279102097e-16,-1.4504187099505663e-15,-7.919998966280636e-16,-1.3286485174689913e-15,-4.434494413392984e-16,-9.650957958675561e-17,4.3606628297594003e-16,-1.1145230030307889e-15,-5.830386784428947e-16,-4.859374686220775e-16,4.2669675580234466e-16,-1.5749202415050823e-16,3.4891496213426715e-16,1.0678332967741328e-16,1.91557176748324e-16,-1.393805658396344e-16,-4.158380969682022e-16,4.647644017135236e-16,-6.917751510923559e-16,8.63214655078818e-17,1.6830734573662155e-16,-6.701515825328759e-17,2.222015390196406e-16,-3.033076764903142e-16,-2.12956355674067e-16,-2.245750412844535e-16,1.7809212046620286e-16,-2.2217587338716806e-16,-2.0988872516138053e-16,1.2491261288679008e-16,-1.5685708965311708e-16,-3.80651950155425e-16,3.294722543306033e-17,-1.8708041614812234e-16,2.1798187744636143e-17,-1.7365537326836254e-16,7.168975537947208e-17,1.0926524536363678e-16,-7.596740974540836e-17,1.0049674935171893e-17,2.023385277402507e-17,4.331020498273089e-17,-2.0451266957782551e-16,5.995986235583003e-17,2.811438065245256e-17,-6.848087095516569e-17,1.1381633889769538e-16,-6.106773227161566e-17,-3.942220951066456e-17,4.122095501366316e-17,4.443356526044985e-17,1.346194463712031e-16,5.4471926839324307e-17,-1.3909787730345442e-17,-5.592588821361657e-17,-1.2755181164213784e-16,-7.117040151245069e-17,-1.7497969633084206e-16,-9.008068552872335e-17,-1.5089195381825396e-16,-5.585961198946655e-17,9.142493948109867e-18,-7.142450403795069e-17,6.746900126961587e-17,5.677683892344693e-17,-3.7923162292029776e-17,-3.5239932113287057e-19,1.9670632943047082e-17,-5.317881852848984e-17,1.0620446904079607e-16,-8.756331629356877e-17,7.756718503701816e-17,-4.778891081153448e-18,5.503497140499462e-17,3.605476588260322e-17,4.157999935560105e-17,-2.289051517847671e-17,1.0890115960070423e-17,4.769975513077865e-17,-5.687280725115179e-17,-2.90506703741105e-17,2.1724944629860875e-17,-9.581796006945298e-17,9.09355625097802e-17,8.605439442164273e-17,-2.4465810583409465e-17,1.1403610414012328e-16,7.708370959018946e-17,-9.579452850579499e-18,-6.507505659698923e-17,3.11517673598479e-17,-4.824242781560168e-18,-7.629321122005188e-18,9.351987959631716e-17,-6.3922139245263144e-18,1.0543156132344227e-16,6.416889242798046e-18
CCCCP(C12C[C@@H]3C[C@@H](C[C@H](C2)C3)C1)C45C[C@H]6C[C@@H](C5)C[C@@H](C4)C6||[Na+].[OH-]||N#CC,CCCCP(C12C[C@@H]3C[C@@H](C[C@H](C2)C3)C1)C45C[C@H]6C[C@@H](C5)C[C@@H](C4)C6.[Na+].[OH-].N#CC>>,C_5aa65a8527a9,CCCCP(C12C[C@@H]3C[C@@H](C[C@H](C2)C3)C1)C45C[C@H]6C[C@@H](C5)C[C@@H](C4)C6||[Na+].[OH-]||N#CC,CCCCP(C12C[C@@H]3C[C@@H](C[C@H](C2)C3)C1)C45C[C@H]6C[C@@H](C5)C[C@@H](C4)C6,[Na+].[OH-],N#CC,-0.8853811771272792,-3.1922335638057366,-0.28423677568392924,2.712839121919756,1.7815305308658256,0.49119929761613973,0.08783849985727518,-0.9806476207765287,0.5753078969520432,0.0669764245329938,-0.3784698137934569,-0.355549075319497,0.1811015779289472,-0.8633414289501758,0.9998034479442622,-0.006961552994126061,-0.6044122432762505,0.0370649679613604,0.6080242339388442,-1.1991813093545688e-14,8.508424913135043e-16,5.673737747144702e-16,5.768446754328492e-15,-2.1026782471179917e-15,7.063925452434106e-16,5.086512625405958e-15,6.245006299771597e-16,2.422736005125421e-15,2.426306692122147e-15,2.012358674939121e-15,-1.2734430567706992e-15,1.0135043644829092e-15,-3.792048714123711e-16,1.0676879331642788e-15,-2.815051863343272e-16,-2.071184605300876e-16,8.312382614184403e-16,2.7760259775223166e-16,4.862565480363607e-16,6.566831374294997e-16,-8.24967483945912e-17,4.549192559429415e-17,1.0730590272215922e-16,2.51567268493073e-16,2.096424379208779e-16,-2.490329129708357e-16,1.7719559605507847e-17,1.6931565189976876e-16,4.0772677224266865e-16,8.115802833858765e-17,-9.460409776282679e-17,-1.0688726555419587e-16,-6.013984863649457e-17,1.8908201757943685e-16,-1.2619495639199009e-16,4.9002287229864834e-17,-1.4717693068175417e-16,-1.6688285982324515e-16,1.590025137128213e-16,4.76391990151802e-17,1.00141488558988e-16,6.70416047181026e-17,1.2476352713886138e-17,-1.0845817123371573e-16,-2.708486302257227e-16,-1.7595835094011454e-17,1.1233096927738334e-16,2.6218206922821152e-17,3.994773582241601e-17,4.763475281990863e-17,8.550594915793445e-17,-6.996629865726316e-17,-9.157971400972073e-17,3.234439910328715e-17,2.3276362713745204e-17,2.4291040702137124e-18,5.092760197558955e-18,-8.063030997132695e-17,4.7390268110047825e-17,-6.207284844712622e-17,-1.0731331964275072e-16,1.2434404558251424e-17,2.100469263492631e-17,7.709159087856666e-17,8.688160667150524e-18,8.222783880790843e-17,7.025723708356246e-17,-6.7829185630804724e-18,-4.85631454218867e-18,-3.815788906754994e-17,3.1293882112257316e-17,4.741943803431898e-17,5.348049438147992e-17,-7.283383833565795e-17,-5.150015332317291e-17,2.348655396444765e-17,1.3023049878484479e-17,-2.214579287163999e-17,7.628732294914973e-17,4.44222641746312e-17,-2.9878381435009255e-17,2.9220685070835115e-17,1.2358335380701193e-17,1.5201110288179008e-17,-1.0044072000477701e-16,-2.1617262623393888e-17,7.47792285640947e-20,5.242358273655982e-17,1.6653177303807453e-17,-4.905679972982197e-17,-4.654381858327397e-17,5.374912110744267e-17,8.084518029250577e-17,-2.5505938290020548e-17,-9.163047837801654e-18,-4.447267292880328e-17,2.213394154566975e-17,-1.3824992189581098e-16,1.0383155688221015e-18,-4.092896632567804e-17,7.819148242744478e-17,-1.2752615155363118e-16,-8.8666439611058e-17,-4.54949043970871e-17,-7.21401138565782e-17,1.9555233926418112e-17,-2.961643564377838e-17,-8.721305271581183e-17
COC1=CC=CC(OC)=C1C2=C(P(C3CCCCC3)C4CCCCC4)C=CC=C2||[Na+].[OH-]||N#CC,COC1=CC=CC(OC)=C1C2=C(P(C3CCCCC3)C4CCCCC4)C=CC=C2.[Na+].[OH-].N#CC>>,C_32b06737784f,COC1=CC=CC(OC)=C1C2=C(P(C3CCCCC3)C4CCCCC4)C=CC=C2||[Na+].[OH-]||N#CC,COC1=CC=CC(OC)=C1C2=C(P(C3CCCCC3)C4CCCCC4)C=CC=C2,[Na+].[OH-],N#CC,3.6970932569731616,0.2187314862096795,-0.2842367756839305,-0.16998697856093645,1.781530530865826,-0.13753115125334178,0.08783849985727618,1.0255047079947912,1.95511169399835,0.8801350735997577,-0.37846981379345773,-0.39711254278881947,0.181101577928944,-0.8633414289501768,0.9998034479442643,0.255098540877505,-0.604412243276251,0.026042369234239932,0.6080242339388445,-4.453851120867289e-15,-3.074690904675305e-15,-1.156774160616938e-14,-2.9730182054398967e-15,-2.3486424530891026e-15,2.2808731456266805e-16,-1.6703949026528544e-15,8.258480049667722e-16,5.836901086844093e-16,8.879606901082469e-16,-9.371819883552988e-16,1.0930164548648222e-15,1.4490402718524122e-15,-1.1246722265515208e-15,8.423760925091998e-17,-4.628896266413522e-16,6.112438345636556e-16,1.4077835146809918e-16,-8.18452570335183e-17,-2.2204135039158344e-16,-3.899798982122557e-17,1.8293693263265044e-16,-3.3893813646730404e-16,6.962047959914695e-17,-8.92892530375223e-17,-3.003336207663938e-16,1.7957593506774416e-16,-1.0206281045623994e-16,3.7933893078093425e-16,4.76036700049583e-16,-5.751357405709774e-17,1.3512250054453011e-17,-5.790753504161582e-17,1.8829481602886315e-16,-8.596664884507573e-17,-2.4031167899252424e-16,-1.7553099519974186e-16,-1.58786251917903e-16,5.3386563952592884e-17,-8.888118428927157e-17,-8.118125173588188e-17,1.8387145848966999e-16,-3.3403166513655595e-17,-4.337242486169276e-17,-8.7886242578679e-17,1.999340946754553e-16,3.190642798482138e-16,1.3364558933394883e-16,3.8755301873224695e-17,5.578177593201492e-17,5.553359440301073e-17,-1.779849681272125e-16,1.2486022483810714e-16,-1.0673642928434017e-16,-6.245214266810193e-17,6.098361614214618e-17,-9.558019571499101e-17,-9.203808166368958e-17,1.2888984664747186e-17,5.2093352890721315e-17,-8.673561521393473e-17,4.84420623535366e-17,-8.583850077216519e-17,1.0445236678241696e-16,-1.8962776360001205e-17,2.869317734523239e-17,4.202898126197151e-17,-3.0567189937435026e-18,1.2791141205458822e-18,-8.193065052283658e-17,6.471414437756534e-18,-4.6563047987573656e-17,3.6657388064075437e-17,-1.2855714285619543e-16,2.2684658555668873e-17,6.781556138666292e-18,5.609887375465882e-17,8.360311006569075e-17,1.5642831368061372e-17,1.0407289861228003e-16,5.930922719158896e-17,4.800869009922715e-18,3.0334609185355866e-17,6.567174086217129e-17,1.5485814438308003e-18,-1.6406882336513405e-17,3.178254217813513e-17,9.470021915077004e-17,6.621047175538865e-18,-1.225742694678758e-16,-6.298485206822601e-17,-5.775104155018759e-17,7.138254817356343e-17,2.047791997586052e-17,5.4050155424229976e-17,-8.419698763670886e-17,4.5030201886333665e-17,6.291513314355269e-17,-5.238075430404983e-17,7.972368879101207e-17,-5.4822197699723195e-18,-5.3135301927814343e-17,2.2023876236497903e-17,-4.24134854351123e-17,-8.778871712998413e-18,8.239024126010258e-17,8.831453801015979e-18,7.487491757723468e-18,4.8278259117101314e-17
CC(C)(P(C(C)(C)C)[c-]1cccc1)C.CC(C)(P(C(C)(C)C)[c-]2cccc2)C.[Fe+2]||[Na+].[OH-]||N#CC,CC(C)(P(C(C)(C)C)[c-]1cccc1)C.CC(C)(P(C(C)(C)C)[c-]2cccc2)C.[Fe+2].[Na+].[OH-].N#CC>>,C_7b4d9439ac47,CC(C)(P(C(C)(C)C)[c-]1cccc1)C.CC(C)(P(C(C)(C)C)[c-]2cccc2)C.[Fe+2]||[Na+].[OH-]||N#CC,CC(C)(P(C(C)(C)C)[c-]1cccc1)C.CC(C)(P(C(C)(C)C)[c-]2cccc2)C.[Fe+2],[Na+].[OH-],N#CC,-1.5678166466947503,-0.5445544539407907,-0.28423677568393135,-1.8306686961429985,1.7815305308658274,1.1506141613685517,0.08783849985727683,-0.34174488041853396,0.9228435721645221,-0.12806008460238483,-0.3784698137934577,1.7193547786868126,0.18110157792893897,-0.863341428950174,0.9998034479442622,-0.37552400425580573,-0.6044122432762508,0.6986574594526086,0.608024233938842,-2.8293754838873076e-15,7.963092693655113e-16,3.655126870688629e-15,-3.537434790677175e-15,-1.2728119930209755e-15,-4.4293672285099365e-15,-3.559460024862525e-16,-2.460024701459712e-15,1.270513733355121e-15,1.3875829910792893e-17,2.889612194206263e-17,-1.062672461832845e-15,-1.4584169615689618e-15,4.026299496793808e-16,3.2430654525111757e-16,-6.191999398385959e-16,2.4445132104614384e-15,-1.3414025433720104e-15,2.8071231593284597e-16,5.873945983571669e-16,1.424636998916278e-16,3.2725989966273246e-16,2.601684182826466e-17,3.053234265322256e-16,1.917111505780425e-16,-5.88759595320526e-16,1.7204513824769328e-16,7.665813978035464e-16,-1.8445225149577778e-16,4.493917392775066e-16,-2.5889425324676297e-16,-2.2201086098328721e-16,-3.176212281167441e-17,1.0027973701182589e-16,1.0081510050491109e-16,-8.364749582606737e-17,-2.6508470878479315e-16,2.322849972140591e-16,-2.2768175926970794e-16,-1.1748153661994538e-16,-1.7557007508304851e-16,1.4443447661838835e-16,2.5678536995181314e-16,4.549876166650774e-17,-3.379442858981353e-16,3.1787279129920566e-16,3.103318398309453e-16,2.5506424552261303e-16,1.3991210361680138e-16,-3.310353629855156e-16,1.2407495277415387e-16,-1.2101527038332966e-16,3.453946077908652e-17,-1.768351824579442e-16,-6.848154494044637e-18,4.586038530147096e-17,-7.684049841518623e-17,-6.638596337443915e-17,4.636404488178813e-18,6.271985259458752e-17,-5.078565820453881e-17,-5.116586337402302e-17,6.738257368169271e-17,2.4628695996526124e-18,7.352729865511755e-17,-2.010796278150368e-17,4.840248979164353e-19,1.0861712468808211e-16,-5.687176931786046e-17,1.830553419253199e-17,-2.7504201437011802e-17,2.5678386670389218e-17,-5.580763718234734e-17,3.5615693594244584e-17,-4.6062048580875165e-17,-4.673648400824075e-17,2.0469049847639785e-17,-1.5451822790125e-17,-5.317442724756632e-17,-3.9548485171032796e-17,-3.893788884449254e-18,4.5011406950264556e-17,-9.109635319773054e-18,7.878303471399708e-17,-9.497597222815177e-17,-9.169140714556517e-17,-6.475265705147506e-17,6.030252569390423e-17,-7.44989995177049e-17,-3.4403333253869254e-17,2.327302902282063e-17,-2.270538334657459e-17,3.64661656462061e-17,2.9714275359364624e-17,-6.410568434007807e-17,-9.005954335363286e-17,3.2983870235766e-17,-5.275509147530551e-17,-1.2839179149883387e-17,-6.547514843182045e-17,-9.658775079981034e-17,3.122639150309915e-17,-3.386055653562244e-17,8.179873153485295e-18,1.3536707040516944e-16,-3.5041828721006426e-18,-8.634035415765646e-17,-8.220760888811569e-17,-4.695921077504219e-17
CC(C1=C(C2=CC=CC=C2P(C3CCCCC3)C4CCCCC4)C(C(C)C)=CC(C(C)C)=C1)C||[Na+].[OH-]||N#CC,CC(C1=C(C2=CC=CC=C2P(C3CCCCC3)C4CCCCC4)C(C(C)C)=CC(C(C)C)=C1)C.[Na+].[OH-].N#CC>>,C_9877b7dfaa50,CC(C1=C(C2=CC=CC=C2P(C3CCCCC3)C4CCCCC4)C(C(C)C)=CC(C(C)C)=C1)C||[Na+].[OH-]||N#CC,CC(C1=C(C2=CC=CC=C2P(C3CCCCC3)C4CCCCC4)C(C(C)C)=CC(C(C)C)=C1)C,[Na+].[OH-],N#CC,4.095214292254156,0.06059900161018945,-0.28423677568393274,-0.5208425618983287,1.781530530865828,-0.11150016598743233,0.08783849985727372,-1.7351649042204003,-1.040982267210729,-1.0072610296413143,-0.37846981379345723,0.31273311559456957,0.1811015779289464,-0.863341428950177,0.9998034479442622,0.08800205000734716,-0.6044122432762509,-0.0017897580635694837,0.6080242339388449,4.657954154809603e-15,1.787659537057823e-15,2.486547872977667e-15,-1.2938419810771523e-15,-1.3177516215806188e-15,1.375792911815582e-15,-2.400647357363228e-15,2.0878670552222678e-15,-5.786550027759449e-16,1.6068326065426276e-15,6.249803656630117e-16,-1.8350024677931186e-15,1.897572940080846e-15,1.3483776652902486e-15,8.210981226173217e-16,3.6799561066900075e-16,-1.0881423578219302e-16,-7.68242987031507e-17,-4.083853134971925e-16,1.5197636809737054e-15,-1.1356104226178892e-15,-3.9588645604216144e-16,1.521505515131578e-16,3.478023628205315e-16,3.15025861465216e-16,2.1603687439657774e-17,-1.9056112465015718e-16,6.260798150976074e-17,2.035673209658315e-16,7.809468872547418e-16,2.7314540585923903e-16,-6.95946384909589e-17,2.9943782904635965e-16,-4.0441801186174916e-17,-1.0955757043549824e-16,-4.950731243447746e-16,4.0994956902976443e-17,-4.7574294875963263e-17,3.804217636060495e-16,-1.1614243797435114e-16,1.7608442964256336e-16,-1.2162406428679436e-16,-1.307674265987127e-16,-1.9073900053525477e-16,1.9287788156900502e-16,2.7033104691160236e-16,1.1051473688141939e-16,1.706627444175703e-16,-2.0601580978673696e-16,5.376490692397224e-18,-2.693229809984847e-16,-9.708735056449147e-17,-8.538838467482058e-17,2.0577922126163933e-16,1.8248727873572135e-16,-9.01395414421087e-17,-9.921008458663402e-17,2.405289288411231e-17,1.5475038749191312e-16,5.662382005492391e-17,-3.645984783936314e-17,6.741357304862212e-17,-2.1395182576536418e-17,-8.195910006738443e-17,-1.461351800229302e-16,-1.4594914532654857e-16,4.9462218521306914e-17,6.924576664348143e-17,5.1117084197926464e-17,6.553153977823126e-17,-1.9256416953020093e-17,9.506427952272854e-18,7.115391819162642e-17,1.764727605926388e-16,-8.319907332517926e-17,-8.668806501506309e-17,9.58060065306648e-17,-1.2544419740267565e-16,9.399011347632315e-18,1.0924332467737358e-16,1.7458842642285714e-17,8.359825771981349e-17,4.5076842951832624e-17,8.859834195567119e-17,-7.478858036042374e-18,1.1635783242367845e-16,6.506096331851395e-18,1.3188244214736114e-17,3.312207774625998e-17,-4.643868916850062e-17,4.0650805315362174e-17,-7.520667209655818e-18,-8.489586913496026e-17,1.9111281534935426e-17,-1.7078841176609257e-17,-3.1326953855601126e-17,3.4703337454621897e-17,1.245923011612756e-16,1.4259442847009382e-16,3.6527431009117245e-18,-1.8085520732612514e-16,-1.3579789420746275e-16,1.4714102169446398e-16,7.779088311455337e-17,-7.83008992693181e-18,2.0798903920090634e-16,-9.089848064643303e-17,-2.1599031502032993e-17,8.155970219852284e-17
[c-]1(P(C2=CC=CC=C2)C3=CC=CC=C3)cccc1.[c-]4(P(C5=CC=CC=C5)C6=CC=CC=C6)cccc4.[Fe+2]||[Na+].[OH-]||N#CC,[c-]1(P(C2=CC=CC=C2)C3=CC=CC=C3)cccc1.[c-]4(P(C5=CC=CC=C5)C6=CC=CC=C6)cccc4.[Fe+2].[Na+].[OH-].N#CC>>,C_ab40f8c82875,[c-]1(P(C2=CC=CC=C2)C3=CC=CC=C3)cccc1.[c-]4(P(C5=CC=CC=C5)C6=CC=CC=C6)cccc4.[Fe+2]||[Na+].[OH-]||N#CC,[c-]1(P(C2=CC=CC=C2)C3=CC=CC=C3)cccc1.[c-]4(P(C5=CC=CC=C5)C6=CC=CC=C6)cccc4.[Fe+2],[Na+].[OH-],N#CC,-1.3841208155545002,1.1338119037417693,-0.28423677568393396,-1.1785704697655897,1.7815305308658282,2.0264914915776946,0.08783849985727427,-0.4876063293133127,0.3252425987294731,-0.37015865430257533,-0.37846981379345573,-1.4860818817802,0.18110157792894932,-0.8633414289501767,0.9998034479442651,-0.2675297355448339,-0.6044122432762513,-0.7958149782613761,0.6080242339388432,6.058274056937667e-15,8.499736777595466e-16,-3.777669131695393e-15,-1.1325242759923219e-15,6.512682488995069e-15,1.3486489372519535e-15,6.120269593752523e-16,-2.312085989025864e-15,3.216643689074114e-15,-7.588708909928985e-16,-1.2400394631347737e-15,-1.7263733131014367e-15,-1.1295459230853103e-15,1.2622113473197977e-15,2.9281403334081236e-16,-1.0996007810049577e-15,-3.410412971859749e-16,2.514149543066316e-16,4.915256565284787e-16,-7.264437765483949e-17,7.731371210053441e-17,-1.7668436539729466e-16,5.891503161268605e-16,-4.75555758281786e-19,1.295384195724556e-16,1.0989048249399268e-16,-1.2697450921448901e-16,-2.475575398018982e-17,3.7316590139285843e-16,3.300446469772831e-16,-1.3981003343254084e-16,1.4610648634087792e-16,-1.828153561584126e-16,-1.4934393516135759e-16,1.7054996798487223e-16,-3.536217726843046e-17,3.4006230465069853e-16,-2.6708221116412607e-16,2.1106424231545753e-16,4.8852110183255054e-17,6.197510842543127e-17,-1.5139759665450501e-16,2.1517558312949055e-17,-3.1891543862835326e-16,9.716045221585789e-17,5.52850014654953e-17,-1.9643337564945977e-16,8.960762710812189e-17,-8.923397517246836e-17,-1.2019408836911583e-16,-1.0177149494544975e-17,-1.3428803625857797e-16,2.825415543422219e-17,-2.562879540278017e-16,-1.2771639070976724e-16,1.0553566010447081e-17,2.473550362711985e-17,3.616988287132652e-17,-1.9109328046812873e-17,2.1879301705104105e-17,-6.105459686097376e-17,-1.3535968652894647e-16,-1.461466881583235e-17,-5.693010986340998e-17,9.276643262966443e-17,-3.502989375918139e-17,-5.115207883907665e-17,-3.174985385467476e-17,7.31186617467683e-17,8.132236177462793e-17,-9.173994897338662e-17,-1.1721942997260132e-16,-1.8561211399953822e-18,-4.3219904436196367e-17,-3.209642510429109e-18,-7.436418503840821e-17,5.813209112638352e-17,-8.268067028579114e-17,-7.535125927409494e-17,3.697688818660612e-17,1.0762521748492668e-17,2.325489395710302e-17,-2.341552524387725e-18,-1.1530509060096246e-16,6.944329911664812e-18,-1.558638664645118e-16,-8.68069123607149e-17,-3.7532044327233743e-17,1.478237412642451e-16,3.744725132574013e-17,7.719784465745129e-17,4.885745600590008e-17,5.732031222340278e-17,-1.940110409683838e-17,9.868922367094658e-18,-1.923227131191201e-17,-4.350777873429364e-18,2.6376003015317188e-17,-4.818047039827476e-18,7.605922715047745e-17,1.0215696348276559e-16,5.5375830531742674e-17,-1.5851330331988353e-16,-1.3072275079024573e-16,7.347948202104903e-18,-2.416828728124477e-17,-7.03959851473054e-18,-2.990572887118516e-17,-1.4615903340684123e-17
CC1(C)C2=C(OC3=C1C=CC=C3P(C4=CC=CC=C4)C5=CC=CC=C5)C(P(C6=CC=CC=C6)C7=CC=CC=C7)=CC=C2||[Na+].[OH-]||N#CC,CC1(C)C2=C(OC3=C1C=CC=C3P(C4=CC=CC=C4)C5=CC=CC=C5)C(P(C6=CC=CC=C6)C7=CC=CC=C7)=CC=C2.[Na+].[OH-].N#CC>>,C_b5d529ce8b00,CC1(C)C2=C(OC3=C1C=CC=C3P(C4=CC=CC=C4)C5=CC=CC=C5)C(P(C6=CC=CC=C6)C7=CC=CC=C7)=CC=C2||[Na+].[OH-]||N#CC,CC1(C)C2=C(OC3=C1C=CC=C3P(C4=CC=CC=C4)C5=CC=CC=C5)C(P(C6=CC=CC=C6)C7=CC=CC=C7)=CC=C2,[Na+].[OH-],N#CC,-0.7608527313618181,3.0573458202759256,-0.2842367756839309,2.3402065376541152,1.7815305308658285,-0.5112817700760036,0.08783849985727597,0.3559284257571053,0.45010996213631055,-1.1207264892083728,-0.3784698137934582,0.8357285648736779,0.1811015779289431,-0.863341428950179,0.9998034479442619,-0.3419186122896455,-0.6044122432762503,-0.1612780287982513,0.6080242339388459,-2.875759007721774e-15,-5.270335035335297e-15,2.946769297667127e-15,-2.72215499345731e-15,-4.021172192713629e-15,7.347034899348883e-15,-2.5705448862949038e-15,-1.0124866191774043e-15,2.0498958322714016e-16,-1.6328045613177296e-15,-1.0652236384329851e-15,-8.78192000429212e-16,-3.536336085603433e-16,-1.3159935865939687e-15,6.66125309086062e-16,-1.0263578876612565e-15,1.5277358690932064e-16,1.5388198234474474e-16,4.1084851883960117e-16,3.4633400706109674e-16,6.661528325792943e-16,3.792342089345133e-16,-2.586045065590659e-16,2.4353564005189024e-16,2.724134590529938e-16,2.659215353794609e-16,-2.3579232810696734e-16,4.039530061105041e-17,1.0281662104969163e-17,-5.971991518918593e-16,-1.9474896658977875e-17,5.349400151487984e-17,-1.842667775898184e-17,-1.5142227486053401e-16,8.552519160175697e-17,6.029461948374732e-17,2.87747472140871e-17,1.5575051697405228e-16,-5.646787775717467e-17,1.5418515924131382e-16,9.725550279500206e-17,7.84677975804947e-17,-2.1971758137076971e-16,-1.6233404533528263e-16,-1.4422415907218938e-16,5.783141290022863e-17,-4.047543950427326e-17,-1.5058399060575706e-16,5.55733798309133e-17,-1.0488207549468993e-16,-2.395084010130194e-17,-1.8577908228246114e-17,-4.9639982127934174e-17,-1.63098650824177e-16,2.0231142686741278e-16,1.6832883607960006e-17,-2.8925520416823306e-17,-2.7075475620811002e-17,-1.9223572815647104e-17,4.6553592247826615e-17,-1.4136009188726528e-16,6.964871405890307e-17,1.1625600625482183e-16,3.028503115875842e-17,-2.221170502033956e-17,4.157021410676773e-17,2.154060947205939e-17,-5.607056278567772e-17,-9.91968908409334e-17,2.836438745229059e-17,-1.1465831901277465e-16,-9.942645539034639e-17,-1.5954054175297365e-17,-6.302477399129336e-17,-1.0314387247529674e-16,7.273363837856326e-17,7.227346538080268e-17,-2.7825916297688185e-17,-6.553728351713219e-17,-1.2264182631074008e-17,1.9809704014308946e-17,1.1880309189820248e-16,-5.3653178560347504e-17,-3.561838777431424e-17,1.4940545591366082e-19,3.6373526275086017e-17,1.393342153947113e-17,3.288898272629805e-17,2.5365672534333062e-18,8.470318774802945e-17,1.1766325106912416e-17,6.306742249605231e-17,3.458406114565145e-17,4.583114981351256e-17,1.0028301700565131e-17,9.384657549322999e-17,-9.176337430088488e-18,-1.1167118571052251e-16,-8.134806996522649e-17,5.443780280313759e-18,-3.3094856630856316e-18,1.1593437431544755e-16,-1.2909290383312044e-16,-8.759776771358761e-17,-1.4262971259412751e-16,2.65476095474264e-17,-1.641138517294693e-17,4.8101199998931255e-17,2.2122438479140884e-17
CC(P(C(C)(C)C)C(C)(C)C)(C)C||OC([O-])=O.[Na+]||N#CC,CC(P(C(C)(C)C)C(C)(C)C)(C)C.OC([O-])=O.[Na+].N#CC>>,C_7f418a453179,CC(P(C(C)(C)C)C(C)(C)C)(C)C||OC([O-])=O.[Na+]||N#CC,CC(P(C(C)(C)C)C(C)(C)C)(C)C,OC([O-])=O.[Na+],N#CC,-1.224289551208006,-0.6982614233068845,-0.2842367756839419,-0.5409122448896077,1.781530530865829,-0.4809328274603515,1.526682237562564,0.5164120737207396,-0.3579680742465484,-0.004776469817940749,-0.7254911804417471,0.8719731108561558,-1.6439282864841993,-0.8633414289501726,-0.23770256351032462,1.6703602962318322,0.03820603240732171,-0.7970487546071371,-0.12285981085020811,-8.982374900907056e-15,9.256792417718875e-17,1.924670213765991e-15,-1.6472700063750012e-15,2.3476702559863334e-15,1.15455956937178e-15,-1.9598736761898375e-15,1.065007698588868e-15,3.5935102189658544e-17,-4.840123808250584e-16,-6.393824864468718e-16,3.300786933288867e-16,1.0300002182213556e-15,-1.5885697987701578e-16,-1.5175079562234484e-15,8.735832837706561e-16,2.5767951176734663e-16,-5.023856431150818e-16,1.2158039013754613e-16,1.0055245941654421e-15,-2.8215922171144643e-16,-3.0756642003306436e-16,3.81001122156135e-16,-5.633681466313035e-16,-1.0507805729126767e-16,3.322320069762559e-16,-2.656024689638784e-16,-1.2614844253459596e-16,-3.2204614105264528e-16,2.926692128372944e-16,-9.60251278586866e-17,7.469178078774112e-17,-2.442847228307619e-16,-3.838790856712449e-16,5.478051144560241e-16,3.648014039181003e-16,-2.0390285652995e-16,-4.348501464058788e-17,1.911577544831812e-16,-1.9972609132443409e-16,-6.476165178335951e-17,-3.518759217371007e-16,5.187801023458026e-18,1.2492490270527746e-16,-3.6713560594541754e-16,-1.301250396598397e-16,6.468927691107325e-17,1.6971871198834958e-16,-6.107735334131111e-17,2.3637407294866956e-16,2.3197439678148384e-16,-8.696364491212215e-17,2.359251543781585e-16,2.326003652877743e-16,-2.832856811891706e-16,1.5238746722012256e-16,1.1983042497997643e-16,-1.4181929814564792e-16,-3.615916922243958e-17,-5.5059460114298895e-17,-6.457605539555175e-17,9.524979077189542e-17,-1.3576120936307236e-16,3.769130654368397e-17,7.896236086879087e-17,-4.914349031875454e-17,-3.6540585114305776e-17,2.2070212327414597e-17,-4.407556705492696e-18,-8.954554873961288e-17,-6.222408119527477e-17,-3.870755058355765e-18,8.718149688055985e-18,-7.866395173475735e-17,-5.480164963191519e-17,-3.4078844080552646e-17,1.2317002189868106e-17,-1.473807454290942e-17,1.0988951477800833e-16,-1.0051266848583853e-16,1.4771049725128714e-16,1.0133028203892618e-16,4.839764090568356e-17,-3.242247579475547e-17,-2.7056006489056717e-17,-6.205001075099057e-18,-2.092970728364622e-17,-3.9603159414313755e-17,-1.9506080024672832e-16,3.85438712869057e-17,-2.6700972959652876e-17,-4.7511620167938883e-17,-1.3937286365697573e-17,-7.633955341488797e-17,1.7753585302659106e-16,-7.085026353426759e-17,5.562191771694526e-17,2.592638701109947e-17,-2.8035452361096775e-17,5.640794610575603e-18,1.3141183975330568e-16,1.2298976496074528e-17,4.6523987361238614e-17,-1.6383952382960457e-16,1.5425425468101632e-16,-1.124866642418726e-16,1.2740706483434768e-16,-3.3246388947264525e-17,1.027472180355356e-17
P(C1=CC=CC=C1)(C2=CC=CC=C2)C3=CC=CC=C3||OC([O-])=O.[Na+]||N#CC,P(C1=CC=CC=C1)(C2=CC=CC=C2)C3=CC=CC=C3.OC([O-])=O.[Na+].N#CC>>,C_b174264ba087,P(C1=CC=CC=C1)(C2=CC=CC=C2)C3=CC=CC=C3||OC([O-])=O.[Na+]||N#CC,P(C1=CC=CC=C1)(C2=CC=CC=C2)C3=CC=CC=C3,OC([O-])=O.[Na+],N#CC,-0.9376336432096946,1.234574423518501,-0.28423677568393174,0.23684906840748357,1.7815305308658218,0.27863967790261385,1.5266822375625606,0.2194992933003458,-0.7800009929116315,0.14740606941524528,-0.7254911804417457,-1.1263128578207424,-1.6439282864841915,-0.8633414289501731,-0.2377025635103245,0.9338159119711466,0.03820603240731976,1.2462422126349617,-0.12285981085021007,3.5670246706018244e-16,7.990122006737799e-16,-2.444210725509802e-16,9.858418569341533e-16,4.046564644964128e-16,-6.530735466887561e-16,2.9074783365084387e-16,-1.1862748922898324e-15,4.078329597118475e-16,1.3751509511177292e-16,2.477872194361336e-16,3.7638342723021355e-16,-1.3079953889265806e-15,-4.674264415593299e-16,-2.472529123880303e-16,4.4393975565635255e-16,-2.0864438655856622e-16,1.078136303936613e-15,-1.1078143516698929e-15,-1.986756029624354e-17,-9.619350216548532e-16,9.892722008325224e-16,1.7372853130527914e-16,-4.8129434197786843e-17,-2.4006899195579554e-16,-2.1053531425009383e-16,4.059692349838931e-16,-3.269631652513633e-16,2.4369760430729427e-16,-8.527979742701374e-17,1.0473795571764003e-16,2.8431682131006583e-16,-5.25742119123788e-16,-8.798949947006594e-18,-1.0914564346000841e-16,-3.363600188570883e-16,-2.5268081850594285e-16,2.0392100245653644e-16,1.6949931304105612e-16,1.0157808144774537e-16,3.0711471418184476e-16,5.554064595958534e-17,2.8318907267860128e-18,-4.755457320996121e-16,8.492073877578496e-17,-6.89216549087813e-18,1.928166548350547e-16,-3.1137170139481835e-16,-2.970255621151667e-16,5.3784450017425465e-17,-1.2778427515086257e-16,-1.4355250606789124e-16,8.927670461476715e-18,3.928146393386608e-16,7.92986981950647e-17,2.0313953522108477e-16,5.441791293534592e-17,-1.766759152057066e-16,1.6635365515861095e-16,6.816650007612859e-17,-1.5582199295186068e-16,-3.2830118883635945e-18,2.0772837601774674e-17,-2.2737755554065792e-17,7.725030698117823e-17,-1.926223899559477e-18,2.3562648917951345e-17,-4.308278491128389e-17,-1.7042629366404857e-16,-3.7970532951688806e-17,-9.196931313261942e-17,-1.1404846833054821e-17,1.4830014670660801e-16,-8.980339370328794e-17,-4.461205467692672e-17,2.13415018036169e-16,-1.3799210375726272e-17,1.0769783246349461e-16,-1.616211214444625e-16,-6.298219918205469e-17,3.8610503416593435e-18,1.8786359442073695e-16,7.00786413290071e-17,1.1121847575171334e-16,-1.2027498211145365e-18,1.863764988624295e-16,6.663996073024703e-17,1.9338769795548747e-16,-4.8368369882880307e-17,4.83691312492484e-17,-1.7005978951474746e-17,-4.8163576754325137e-17,-6.294031375625611e-17,1.5266989130154826e-16,8.017681638103705e-17,-5.543859127943659e-17,-1.3406738644856763e-16,-2.8221073728820393e-16,-2.669786756149261e-16,2.1299357176440756e-17,-3.213585719258402e-17,-2.688100486609689e-17,1.2843516934737858e-16,-1.408531329187567e-16,3.085978385411126e-17,4.351897706239703e-17,1.1406925827116051e-17,1.2133136278204185e-16,1.5601121612753415e-16
CC(C)(C)P(C(C)(C)C)C1=CC=C(N(C)C)C=C1||OC([O-])=O.[Na+]||N#CC,CC(C)(C)P(C(C)(C)C)C1=CC=C(N(C)C)C=C1.OC([O-])=O.[Na+].N#CC>>,C_75a7865608f8,CC(C)(C)P(C(C)(C)C)C1=CC=C(N(C)C)C=C1||OC([O-])=O.[Na+]||N#CC,CC(C)(C)P(C(C)(C)C)C1=CC=C(N(C)C)C=C1,OC([O-])=O.[Na+],N#CC,-1.5782981121882067,-0.6507387560859171,-0.28423677568393174,-1.3390820507081513,1.7815305308658194,-3.0233120881828115,1.5266822375625586,-0.26903145405850937,0.3510346086273137,-0.39593751299980895,-0.7254911804417462,-0.8157423012752649,-1.6439282864841929,-0.8633414289501723,-0.23770256351032337,-0.5617383596306834,0.03820603240732042,0.020503180976103035,-0.12285981085020843,-7.807627215663728e-15,-8.672395818511377e-16,3.264564458765677e-15,1.5541501269426487e-15,3.328848347863994e-15,-2.346879188767242e-16,-3.887278967317173e-16,-1.6246399158127864e-15,-9.88020653768528e-16,-8.991978752653741e-17,-2.5587654424940047e-15,1.827932659834918e-17,2.0403273677715995e-15,-4.927316737160697e-16,6.385982445865467e-16,-8.983973159393215e-17,1.8401978571282956e-15,8.96945560537475e-16,2.032267255420642e-16,-1.881011779286065e-15,4.729237064396145e-16,-4.872546689410895e-16,-3.839222221470768e-16,2.8215828923087314e-16,5.201694970217933e-17,-3.57972683957177e-16,1.3049620929373395e-17,-3.1555458035189496e-16,2.5577293235521314e-16,2.593008857525519e-16,1.3157968830192438e-16,1.6663582877108676e-16,6.243663321327997e-16,1.0327593261001108e-16,-4.621223718709404e-17,-2.845986250412687e-16,5.101342049753406e-16,2.2078626145491332e-16,1.1523401586322598e-16,-1.7346183081456883e-16,2.260982918225198e-16,-1.2064591397003428e-16,-3.4802181295805456e-17,-1.8092635407179328e-16,1.4320749111565713e-16,2.9181005497707703e-16,-6.691567616790273e-17,-1.8883005377843145e-16,7.203944675424203e-17,1.4395637896952018e-16,-5.514835642193706e-17,4.7097116921961536e-17,-1.5906285570301126e-16,3.108298659509421e-16,-9.396498031261094e-17,3.938206387172227e-17,-2.2315749879887304e-17,4.4100424558409743e-17,1.4971279809431083e-16,-7.061723937511326e-17,8.476572615896778e-18,3.6272098330494057e-17,3.755640452508187e-18,-1.0712125922971206e-16,-4.5470982355243067e-17,1.0098546713393239e-16,2.852377473041273e-18,-9.039432324775547e-17,5.892094264479745e-17,7.797703812234661e-17,-6.688278301281744e-17,7.94403848966562e-17,-7.291283519679123e-18,-4.04483516839771e-17,-2.766731372866721e-17,3.1569653240142084e-17,7.677824405722625e-17,-2.3921489041966076e-17,-1.9006839567982786e-17,7.428432941220018e-17,-2.364027620093669e-17,6.207047128438018e-17,-6.195965659799411e-17,-1.0179361302770253e-16,-3.181794417995555e-17,-4.128897422693488e-17,1.6312835020228133e-17,-5.0680538880751637e-17,-4.433132380489104e-17,2.4434634397430974e-17,-3.4344271510128704e-17,-1.1313274222794256e-16,-1.2950486188207137e-17,-6.368755588940737e-17,1.0330643780705656e-16,-4.3601850735611705e-17,1.0540521625333569e-16,3.66484162616364e-17,8.170057898368906e-17,-6.902103457694405e-17,3.207381857044107e-17,-4.432554413786016e-18,1.2439666554067138e-16,2.983393365210856e-17,3.695234227290632e-17,7.726065025215876e-17,5.1452822804398164e-17,-6.059974370975585e-17,-1.2297799975013922e-16
P(C1CCCCC1)(C2CCCCC2)C3CCCCC3||OC([O-])=O.[Na+]||N#CC,P(C1CCCCC1)(C2CCCCC2)C3CCCCC3.OC([O-])=O.[Na+].N#CC>>,C_764179003ddb,P(C1CCCCC1)(C2CCCCC2)C3CCCCC3||OC([O-])=O.[Na+]||N#CC,P(C1CCCCC1)(C2CCCCC2)C3CCCCC3,OC([O-])=O.[Na+],N#CC,0.8097398838794678,-1.6108233270164571,-0.28423677568393096,-0.032317947085243624,1.7815305308658225,0.5630227060514396,1.526682237562558,2.2053092310680906,-1.3646949579166316,-0.5762782864827914,-0.7254911804417458,-0.011638395004683253,-1.6439282864841944,-0.8633414289501717,-0.23770256351032543,-0.8033477138467456,0.03820603240731997,-0.029613970329750702,-0.12285981085020833,-3.919570682231811e-15,-2.6187126678306982e-15,-2.868726484830043e-16,-2.1630332927382258e-16,-1.249060487192735e-15,9.199786821772469e-16,1.6494049742345044e-15,-4.3038894915741877e-16,5.544511039744084e-16,6.1713444501364576e-18,-9.505559851224657e-16,-7.576824936289973e-16,2.1475869192078835e-16,1.6314728396580384e-15,-6.361615201048422e-16,9.597106895865715e-16,-8.820567681276373e-16,-1.9501529601994605e-15,-4.377668488302249e-16,-1.4935274588905382e-15,-7.647347697089687e-16,7.68973120855895e-16,3.102685013489571e-16,1.0433567798026082e-16,4.948489306238565e-16,3.34743519611287e-17,-3.8069399467052386e-16,-7.16847642569856e-18,-2.8867604578872533e-16,2.749074520609045e-16,2.9299239613803295e-16,-4.294564893987987e-16,4.064328307136605e-17,2.5499077313678527e-16,-3.2490588316557194e-16,8.084100327701187e-17,-2.0142268251408936e-16,1.8187496781067608e-17,1.491550254516565e-16,6.07403439514109e-16,2.448718638506704e-16,7.303353619603408e-17,2.344240670369448e-16,-2.1902982733113544e-16,2.2430701413885097e-16,3.82433538299878e-17,-3.231342760114634e-16,-2.712268540149553e-16,8.290705052394798e-17,-2.5417835235092543e-16,9.876276761828407e-17,6.198539973216032e-17,2.630471911344757e-16,-2.5895420727211285e-17,-8.177274656714817e-17,-4.7684341799934714e-17,-5.1027801435040485e-17,7.23035738015358e-17,-5.61835112682009e-17,-8.030199679742258e-17,-1.1615892108415713e-16,5.098070377900193e-17,2.0190813021153725e-16,-6.022105159543863e-17,6.712475142086636e-17,-1.8677369144804812e-16,4.073883958018966e-17,6.435468928751453e-17,-8.452692196390744e-17,-7.173551881899121e-17,1.149484693877561e-17,-6.732682333293339e-17,-1.6551687791929357e-16,-1.4323511022275107e-17,-1.6014944853950656e-17,3.981497477333764e-17,-7.65922797783836e-17,-1.3718600403800954e-16,-2.0415590290539526e-17,1.4195578336448258e-16,1.3837035772593198e-17,9.250102168315184e-17,-5.278008817330207e-17,-1.3578886086147865e-16,-4.7242501049537154e-17,1.0567433279565089e-16,1.0829356604800081e-17,-2.7886824002097654e-18,-9.361437004537984e-17,-1.9359793482600894e-16,4.140083974389657e-17,-7.919706798663772e-17,-8.313658869778799e-17,-5.3017114815277186e-17,-1.0281562627325816e-16,5.230477755113483e-17,-3.1162983186122e-17,5.152788284943197e-17,2.607967476336181e-17,7.142432875217693e-17,-5.1131833013269194e-17,-1.125439397071044e-16,8.557088910608168e-17,-4.262533068677675e-17,-2.3847309229537595e-17,8.737691478366162e-17,-7.753721424515075e-17,1.560921297486638e-16,-5.7177927900472185e-18
CC1=CC=CC=C1P(C2=CC=CC=C2C)C3=CC=CC=C3C||OC([O-])=O.[Na+]||N#CC,CC1=CC=CC=C1P(C2=CC=CC=C2C)C3=CC=CC=C3C.OC([O-])=O.[Na+].N#CC>>,C_11fc259b218e,CC1=CC=CC=C1P(C2=CC=CC=C2C)C3=CC=CC=C3C||OC([O-])=O.[Na+]||N#CC,CC1=CC=CC=C1P(C2=CC=CC=C2C)C3=CC=CC=C3C,OC([O-])=O.[Na+],N#CC,-0.2636547557625334,0.9915488887997185,-0.2842367756839304,0.3224862210695104,1.781530530865827,-0.24540933155649602,1.5266822375625624,-0.5084585430537771,-1.0360040403224684,2.508680959507178,-0.7254911804417474,0.452647483977948,-1.6439282864841982,-0.863341428950174,-0.23770256351032254,-0.5902568205259899,0.038206032407320525,-0.24296470019919025,-0.12285981085020824,5.756670310818077e-16,-4.1298473496086973e-16,-6.639243026404557e-16,-5.5755558069777e-16,-1.4170365807673722e-15,-1.2467889519903332e-15,1.2243374516604072e-16,-4.1580770614096716e-16,-2.185080470995974e-15,2.86456553011339e-16,-3.808729280216886e-16,5.610886457981274e-16,-9.737124083073318e-16,-1.7361703512907556e-15,8.682794445796694e-16,5.747247769434747e-17,-2.595424587223705e-17,-8.050144109542316e-16,-2.9296020491973315e-16,8.433651524966578e-16,-4.678665878070833e-16,-1.1096385587274556e-15,6.805629675600505e-16,-2.7138604373956217e-16,8.788546262461151e-16,1.7282087962391974e-16,7.742051368018893e-17,-4.142277772880815e-17,8.319357492369519e-16,-2.540804930885259e-17,2.576579473773217e-16,-2.889182231505605e-16,-3.65517595839735e-16,-1.37718872212417e-16,-2.146952600452507e-16,9.271414548412325e-17,5.539026000205766e-16,1.9175835327443334e-16,-1.3634098821705076e-16,-1.5109236626250697e-16,-1.3618030769076614e-16,2.923685198474898e-16,5.635523971982271e-16,-2.2234146063451796e-16,3.5430094199517116e-16,1.1384014357999613e-16,-2.1703488795253222e-17,-4.556378790313846e-16,1.090896521933794e-16,-1.3719262196652651e-16,4.311836411595548e-17,2.2872507901342388e-17,-1.2655663263375708e-16,-2.030972376156589e-16,-1.927587930189327e-16,6.817044693841334e-17,3.5834378036536203e-17,-3.329175003390807e-17,-1.5212238863387313e-17,2.897771834639776e-17,3.900928476155089e-17,4.539914461120341e-18,-3.779888028665993e-17,4.4166424885851446e-17,7.649430365302692e-17,1.3208576757422452e-18,-6.966734475662766e-17,-3.0500799458594426e-17,7.118351533346155e-17,-8.397533617824283e-17,7.136334926717207e-17,-4.695974317390298e-17,-7.494332853309605e-17,-8.184397268785548e-17,7.319681085241158e-17,2.911164979505868e-17,-4.1564322263115133e-19,7.097462044579579e-17,-1.1924147710297855e-16,-1.5967430309735723e-16,1.713316973384227e-16,-1.0957740167289984e-16,-1.2463960953727434e-16,-4.734723019616381e-17,6.615680523036109e-17,-1.726678780754393e-16,2.779857820407684e-17,-2.362321408938479e-16,3.7717115684398053e-17,7.915931289584953e-17,-1.1511733602977912e-16,-2.8298515350867755e-17,1.668954667097277e-17,-8.944095600670174e-17,6.774446530644631e-17,-2.5839963481326876e-17,-3.1197431188471993e-17,1.5878684141859522e-16,2.2165143658794217e-17,-3.8908268216426474e-17,-1.746324214316866e-17,-6.392802558941952e-17,-5.049778292949942e-17,-1.0191437938192048e-16,5.004591837930568e-18,9.303904145754195e-17,8.3923609049325e-17,-1.2814991933994989e-16,-1.5695211010711068e-16
CCCCP(C12C[C@@H]3C[C@@H](C[C@H](C2)C3)C1)C45C[C@H]6C[C@@H](C5)C[C@@H](C4)C6||OC([O-])=O.[Na+]||N#CC,CCCCP(C12C[C@@H]3C[C@@H](C[C@H](C2)C3)C1)C45C[C@H]6C[C@@H](C5)C[C@@H](C4)C6.OC([O-])=O.[Na+].N#CC>>,C_113c74b9d1b2,CCCCP(C12C[C@@H]3C[C@@H](C[C@H](C2)C3)C1)C45C[C@H]6C[C@@H](C5)C[C@@H](C4)C6||OC([O-])=O.[Na+]||N#CC,CCCCP(C12C[C@@H]3C[C@@H](C[C@H](C2)C3)C1)C45C[C@H]6C[C@@H](C5)C[C@@H](C4)C6,OC([O-])=O.[Na+],N#CC,-0.8853811771272793,-3.1922335638057358,-0.28423677568392897,2.712839121919756,1.781530530865823,0.4911992976161388,1.5266822375625613,-0.9806476207765265,0.5753078969520403,0.06697642453299475,-0.725491180441746,-0.35554907531950336,-1.643928286484195,-0.8633414289501719,-0.23770256351032543,-0.0069615529941274654,0.03820603240732164,0.03706496796135605,-0.12285981085020847,6.031369435334118e-15,8.283669990584873e-16,-4.505990398211375e-16,2.761513001236942e-16,1.0361377624781644e-15,2.0214669019490633e-15,6.421729519152215e-16,5.3929491226628e-16,-3.8936513472273737e-16,1.481220377784079e-15,-2.0273452807148298e-16,-3.799799282967865e-16,2.7137350375273703e-17,8.116416754244457e-16,9.04734498869458e-16,7.640751921348191e-16,5.728212408540069e-16,6.117152252866949e-16,-4.1512436075033583e-16,-3.0729783754280416e-16,3.021466794438391e-16,-1.8960822003912954e-16,2.8746682676674885e-16,7.638664981979746e-18,-6.814517108184233e-16,2.72977027365665e-16,4.673461216643536e-16,-1.9670054061171984e-16,-1.828607670805174e-16,2.6760506319583683e-16,-4.2071264476520617e-17,-2.9734008058463887e-16,-7.958933867237964e-17,-5.176928622432194e-16,5.0751009540868965e-17,2.6011296784705014e-16,-6.202463829011646e-16,1.2487945836459946e-16,-3.46259679467206e-16,-6.689360491104951e-18,-2.8091300871268467e-16,2.407444649917057e-16,2.4380198201790307e-16,-2.353659368848611e-16,-1.2689122087559027e-16,3.2162359760993475e-16,1.3332308917424456e-16,-2.6636634638123785e-16,2.8181375510847227e-16,2.5432930654279707e-16,3.060839786040751e-16,1.852692493128555e-16,3.1307386207078787e-17,-9.267911327302983e-17,-2.4872868130414642e-17,-1.3354395308611167e-16,-8.549659783425686e-17,1.6407382596223135e-16,1.845903406504527e-16,-2.8364334873193484e-17,-3.5777983429927593e-17,-1.4224827139237092e-17,1.4662533909756884e-16,1.510513482792801e-16,4.257441111221571e-17,1.5378553509065568e-17,4.481768058448199e-17,-2.2589033599047127e-16,7.802279529070235e-17,-1.2514170374596888e-16,-2.061462253582204e-16,-4.963473610675697e-17,3.5759330367679475e-18,1.7432315000729488e-16,-3.1865230712939197e-17,-9.697722532641008e-17,-3.6471322967261e-17,-3.756829085360349e-17,-2.642426278909377e-17,-8.528749894094187e-17,-8.521683353558753e-17,-2.329980542561315e-17,-1.246677693337196e-16,3.213796249937719e-18,2.8736343251951883e-17,-1.3804399144508135e-16,3.569102265061315e-17,1.7386216039341146e-17,-1.1504662344375304e-16,-6.828970503685273e-17,-1.5860987464073665e-16,-4.370653244915866e-17,1.5747413528027595e-17,1.2249588978037806e-16,2.147731684051407e-17,-4.60969156643027e-18,8.462321741869682e-17,-1.5279880526714082e-16,2.28589358971605e-16,-7.71250610600261e-17,1.7492193725097124e-18,5.4418705120254604e-18,-5.867167954925741e-17,-9.30992604974105e-17,9.70343624939456e-17,8.814360483199412e-17,2.500634943475467e-17,-7.185383821800914e-17,1.373926671497391e-16
COC1=CC=CC(OC)=C1C2=C(P(C3CCCCC3)C4CCCCC4)C=CC=C2||OC([O-])=O.[Na+]||N#CC,COC1=CC=CC(OC)=C1C2=C(P(C3CCCCC3)C4CCCCC4)C=CC=C2.OC([O-])=O.[Na+].N#CC>>,C_7eba3d9fb2b7,COC1=CC=CC(OC)=C1C2=C(P(C3CCCCC3)C4CCCCC4)C=CC=C2||OC([O-])=O.[Na+]||N#CC,COC1=CC=CC(OC)=C1C2=C(P(C3CCCCC3)C4CCCCC4)C=CC=C2,OC([O-])=O.[Na+],N#CC,3.697093256973161,0.21873148620968047,-0.2842367756839303,-0.16998697856093614,1.781530530865824,-0.13753115125335144,1.5266822375625637,1.025504707994792,1.9551116939983526,0.8801350735997553,-0.7254911804417464,-0.3971125427888239,-1.643928286484196,-0.8633414289501735,-0.23770256351032462,0.2550985408775029,0.03820603240731983,0.026042369234241,-0.12285981085020833,5.259559267618968e-15,5.729916283812649e-16,5.338767416960768e-16,1.2493471321076385e-15,1.0959606395467119e-15,-5.242879623551528e-16,-2.254324066066554e-16,1.604560868772303e-15,-2.9580410922466406e-16,1.6797691315747691e-15,5.477682387911457e-16,-6.968472631177101e-16,-1.4799355679528205e-15,-1.2008525372667894e-15,3.55724587382436e-16,8.160204274600025e-16,-5.441846002940474e-16,3.5750889356706574e-16,-1.729059536986479e-16,-1.4945516760181327e-16,1.0701006696110626e-15,1.6192192145459505e-16,-1.9040270952031992e-16,-1.363450177076209e-16,8.663639612946636e-16,-4.940904157358832e-16,-9.7560805203285e-16,-1.7555421946062892e-16,-3.8392770272613687e-16,-5.686573569957009e-16,-3.885342375328371e-16,-3.529611237557171e-16,4.0412278881464443e-16,1.6856865737406224e-16,4.999406290370849e-16,5.82501209708584e-17,-9.029354078949138e-17,8.128479832602716e-17,6.733858304572469e-17,-1.3331553155277158e-16,2.3584074687008107e-16,1.2848564871250178e-16,-2.820907962258159e-16,-1.604439006998991e-16,1.7124600156966296e-16,4.92464508074508e-16,4.9474157148214847e-17,-4.647366496763972e-18,2.796365518761341e-16,3.0043725715104216e-16,-4.546936589043713e-17,-1.165399082954932e-16,1.1624095281645068e-16,-3.6285909238359604e-16,2.7970028764960324e-17,-1.2329332903689421e-17,-2.8927178409491394e-17,1.3775191341705361e-17,-6.574112166511303e-17,3.13432483773698e-17,-7.537111176317064e-17,-2.857010587284589e-18,-6.315989453798949e-17,-4.8891575761654224e-17,-1.5745358548246417e-16,-8.280553410658058e-18,-4.8615427525252595e-17,2.2137689415932422e-16,5.279787351730321e-17,2.1283209507828043e-16,4.222859859847569e-17,9.400822704442168e-17,-7.647598410949585e-17,-3.3524424346896786e-17,-2.0878214884236897e-17,7.621949531191993e-17,1.3567894846234318e-17,-2.680752691246424e-17,2.381075906043257e-16,5.585309919858648e-17,-7.634344091820175e-18,-7.216065871866056e-18,3.681939705113052e-17,-3.2278314838366276e-17,-3.7182731194870914e-17,-4.967611622007198e-17,-5.786067307456512e-17,-5.810035815876113e-17,5.026282460094355e-18,5.745046966320314e-17,-9.188031237327282e-17,1.247746945184211e-16,-7.994255653338285e-17,-1.9244702327084162e-16,1.940510445714576e-18,-7.264802713688234e-17,9.049439534275725e-18,5.829491505994597e-17,-7.369302389904058e-17,-6.803223869720321e-17,7.506156280279706e-17,-4.1479735841308424e-17,7.084116805911704e-17,-1.0200356588442639e-16,7.908474321220704e-17,1.2040117367173933e-16,4.2036520585979216e-17,-1.6629698625162004e-17,2.2423116982572277e-17
CC(C)(P(C(C)(C)C)[c-]1cccc1)C.CC(C)(P(C(C)(C)C)[c-]2cccc2)C.[Fe+2]||OC([O-])=O.[Na+]||N#CC,CC(C)(P(C(C)(C)C)[c-]1cccc1)C.CC(C)(P(C(C)(C)C)[c-]2cccc2)C.[Fe+2].OC([O-])=O.[Na+].N#CC>>,C_1c90b2151d64,CC(C)(P(C(C)(C)C)[c-]1cccc1)C.CC(C)(P(C(C)(C)C)[c-]2cccc2)C.[Fe+2]||OC([O-])=O.[Na+]||N#CC,CC(C)(P(C(C)(C)C)[c-]1cccc1)C.CC(C)(P(C(C)(C)C)[c-]2cccc2)C.[Fe+2],OC([O-])=O.[Na+],N#CC,-1.5678166466947503,-0.5445544539407907,-0.2842367756839311,-1.8306686961429988,1.781530530865826,1.150614161368552,1.526682237562565,-0.3417448804185343,0.9228435721645193,-0.12806008460238186,-0.7254911804417464,1.7193547786868058,-1.6439282864842046,-0.8633414289501735,-0.23770256351032637,-0.37552400425580557,0.03820603240731957,0.6986574594526085,-0.12285981085020833,-9.75145873796215e-16,-1.016998665512277e-15,-5.661352076070904e-16,-1.1497097435062159e-15,-1.5902966975952794e-15,-1.78823238440734e-15,6.449455357747622e-16,5.05054479003215e-16,-5.723789307522488e-16,-1.0098673249818346e-15,-1.400328298580451e-16,1.301286587745017e-16,2.662485859908193e-16,4.1600845753112905e-16,-4.937569166262506e-16,-1.3722860799784853e-16,-1.4673975682014188e-15,4.621277929046914e-16,5.680091787502133e-16,6.614232407917445e-16,6.462297794620241e-16,7.272911585912988e-16,-1.893691553718e-16,3.8862028338527267e-16,-5.634834602024746e-16,8.08702291979043e-16,-2.3360175786845558e-17,-3.5417816977439224e-16,1.0833182034402142e-16,4.081471910553708e-16,-1.3800770141376323e-16,4.76990695559107e-16,7.316272319909863e-17,-2.8215268635073987e-16,8.416906440456471e-17,4.240923647812061e-16,3.530136487676075e-16,6.556825943589942e-16,-1.904059435829124e-16,-3.506196517849553e-16,4.573137476930614e-16,2.6352357703159706e-16,4.1478557253360887e-16,-1.762056023305762e-16,7.310851279567975e-16,2.2629234278799034e-16,-1.6630916827157707e-16,2.8610023883112425e-16,-2.0314521517805942e-17,4.7571816380143044e-17,-1.2517108100254052e-16,-1.8445774829953232e-16,-3.9019082422468355e-19,-3.0421080057808503e-17,2.7113836223809532e-17,-1.5197856355376656e-17,1.2914472725653038e-16,-6.101831787085734e-17,-1.9498834149689702e-17,5.332742771286907e-18,-4.8004334709162625e-17,-1.2521687404989892e-16,1.0528411772775935e-16,-7.24779998037913e-18,-1.6428208574181413e-18,-1.9712944320684767e-17,6.944180264340256e-17,1.617621789341685e-16,-1.363398922087211e-16,1.394319068504034e-16,-1.0548465592298184e-16,4.2721779786481565e-17,5.3717267791575785e-17,2.6751289865145888e-17,-1.1539440699289764e-16,-6.547824682152056e-17,-9.752416201688273e-18,-4.996519942980709e-18,-7.916535482090821e-17,-4.0594433673901066e-17,-1.1020032492255254e-16,5.20882875541266e-17,3.6060252618120037e-17,-9.692121616593294e-17,5.1302795731410864e-17,-1.697099786568098e-16,-4.532700021481925e-17,1.1127956546311865e-16,6.495684246412215e-17,1.8249973317846552e-16,-2.158870593517563e-18,-1.8083171914240153e-16,3.957656235547931e-17,4.000928763078084e-17,-5.4103015667956977e-17,-2.0287771030564547e-18,-4.8372016685573004e-17,-7.16118419543605e-18,5.634533085908513e-17,2.5733016395231176e-17,1.8422289343492285e-17,-3.379089608231896e-17,1.900134056020169e-17,-1.9135672583246648e-18,9.578983629629977e-18,-1.3641552105493523e-16,-1.937985228609825e-16,-1.851642779503304e-16,-2.7698545331398404e-17
CC(C1=C(C2=CC=CC=C2P(C3CCCCC3)C4CCCCC4)C(C(C)C)=CC(C(C)C)=C1)C||OC([O-])=O.[Na+]||N#CC,CC(C1=C(C2=CC=CC=C2P(C3CCCCC3)C4CCCCC4)C(C(C)C)=CC(C(C)C)=C1)C.OC([O-])=O.[Na+].N#CC>>,C_84dca9ffd58f,CC(C1=C(C2=CC=CC=C2P(C3CCCCC3)C4CCCCC4)C(C(C)C)=CC(C(C)C)=C1)C||OC([O-])=O.[Na+]||N#CC,CC(C1=C(C2=CC=CC=C2P(C3CCCCC3)C4CCCCC4)C(C(C)C)=CC(C(C)C)=C1)C,OC([O-])=O.[Na+],N#CC,4.095214292254156,0.060599001610189676,-0.2842367756839319,-0.5208425618983288,1.7815305308658256,-0.11150016598743304,1.5266822375625615,-1.7351649042203996,-1.0409822672107312,-1.007261029641314,-0.7254911804417482,0.31273311559455824,-1.6439282864841995,-0.8633414289501732,-0.23770256351032543,0.08800205000734808,0.038206032407320206,-0.0017897580635640423,-0.12285981085020858,3.517785377436978e-15,7.619603946342694e-16,-9.003859369102978e-16,-1.58340160535796e-15,-3.853442052694702e-15,-1.8536927856831417e-16,3.3533091612091726e-16,-5.517922348095071e-16,-1.5291063821177225e-16,-9.38222291247104e-16,-6.284951471274988e-16,-4.371793498211031e-16,-5.787139422121012e-16,2.4785222995364293e-15,2.321258918556012e-16,9.89227110534496e-16,3.0401348696379615e-16,7.442192779377691e-16,1.6044637345720437e-17,-6.434711859798929e-16,7.959300589482893e-16,2.4469809158034355e-16,2.9049139460084546e-17,-7.598339336408103e-16,-1.8212912363590213e-17,5.214572386106298e-17,3.050216446311163e-16,-7.966906210162906e-17,7.801817025513397e-17,3.811041945391964e-16,-1.2766959412354498e-16,-1.283812680091789e-16,2.5246292909938845e-16,-1.7063757200352335e-16,-1.0636185135094681e-16,-4.064414460095285e-16,4.609807741846558e-16,-2.813880159759096e-16,-6.23370014361463e-16,-3.2304226603368034e-16,-3.4322149707009433e-16,-4.74494298487783e-16,-3.4007229037184517e-16,2.951260024984056e-16,-2.4133596354150345e-16,-3.3019274108089184e-16,-2.9051569372177177e-16,-1.047683875623152e-16,2.2559000644985136e-17,4.1539110654921753e-16,-1.4237458143412778e-16,-1.408316008041189e-16,-2.87123195187171e-17,2.2693042436859875e-17,5.573596528811965e-18,2.5828994447361503e-17,1.4030156963286073e-17,-3.313753775175443e-17,-7.037487879859304e-17,1.3325618396406999e-17,1.6446527650829704e-17,-1.0497972563998642e-16,-1.0751914712959407e-17,-1.1352469844196267e-17,-1.0628740768782537e-16,3.718551952740108e-17,3.96312765468235e-17,8.987980260787952e-17,-4.5571900420928694e-17,9.176148401641663e-17,8.75362869108943e-17,-9.67434043204603e-17,4.3848318193864027e-17,-1.2988762495319206e-16,6.849197278042586e-17,3.697291095745223e-17,8.145439069049892e-17,3.2437238087227646e-17,-5.434240960584878e-17,-1.3322367759315183e-16,1.3089442377516955e-16,-2.1581240794850907e-17,1.605646686703973e-17,6.485413254937959e-17,-1.5925430461136715e-16,-1.3142781457175253e-16,1.6870860926303376e-16,-6.275885677048e-17,-4.737353479986434e-17,1.394513726125064e-16,-5.81309313810785e-17,1.336923582347165e-16,1.2315824267968477e-16,3.6839980487959856e-17,8.72168224924817e-17,-7.064356445345056e-17,-3.7710783713090457e-17,8.57434573367679e-17,-1.7711435257463367e-16,2.2104100268041564e-17,1.07112331519031e-16,-1.9002492907181603e-16,-2.7463783067423864e-18,-1.3125492610645955e-16,8.071067062628285e-17,6.22179590513785e-17,2.5010680844269207e-17,-5.06376233227448e-17,-3.297728005873005e-17
[c-]1(P(C2=CC=CC=C2)C3=CC=CC=C3)cccc1.[c-]4(P(C5=CC=CC=C5)C6=CC=CC=C6)cccc4.[Fe+2]||OC([O-])=O.[Na+]||N#CC,[c-]1(P(C2=CC=CC=C2)C3=CC=CC=C3)cccc1.[c-]4(P(C5=CC=CC=C5)C6=CC=CC=C6)cccc4.[Fe+2].OC([O-])=O.[Na+].N#CC>>,C_eecc0f27c3f1,[c-]1(P(C2=CC=CC=C2)C3=CC=CC=C3)cccc1.[c-]4(P(C5=CC=CC=C5)C6=CC=CC=C6)cccc4.[Fe+2]||OC([O-])=O.[Na+]||N#CC,[c-]1(P(C2=CC=CC=C2)C3=CC=CC=C3)cccc1.[c-]4(P(C5=CC=CC=C5)C6=CC=CC=C6)cccc4.[Fe+2],OC([O-])=O.[Na+],N#CC,-1.3841208155545002,1.1338119037417698,-0.2842367756839323,-1.1785704697655894,1.781530530865825,2.0264914915776946,1.526682237562561,-0.4876063293133124,0.325242598729468,-0.3701586543025718,-0.7254911804417455,-1.4860818817802084,-1.64392828648419,-0.8633414289501735,-0.23770256351032523,-0.2675297355448334,0.038206032407320296,-0.7958149782613763,-0.12285981085020824,-6.31154388690734e-15,-5.564241521646173e-16,3.755912052401025e-16,-2.0533956300861754e-15,2.550862142842892e-15,-2.0431595679552295e-15,-2.574289909708767e-15,2.7172053207912968e-15,-6.543359113382352e-16,7.001949559491043e-16,2.198576804071518e-15,1.874438428553617e-15,-6.584441649075785e-16,1.1638020768455795e-15,1.962119955292181e-15,-1.066436166129351e-15,1.9105780511895664e-16,4.1001042034216004e-16,8.380538130003024e-16,-3.67469964740144e-16,6.822779253292511e-17,1.6442284412953673e-16,3.8998549548741396e-16,-1.2136442550887086e-16,1.2568077641240774e-16,-2.148133624524651e-16,1.3739636152343889e-17,4.542090425053099e-16,-3.242249695667454e-16,-2.6478184228192103e-16,-2.1284630735316217e-16,5.814666091691899e-17,4.0770591943744685e-17,-4.4610400536092567e-17,-2.2105135359254385e-16,-5.606211855786587e-17,1.350157795885555e-16,3.0277819647731186e-17,1.2236486318880257e-16,1.1968088853569173e-16,2.395504005267201e-16,-2.4028180439022413e-16,-1.5637585234169578e-16,-3.1081716648441367e-16,2.581464997248047e-16,-3.973353820700574e-16,-1.73286056275055e-16,-1.6155564403591135e-16,-2.0181544909126372e-16,3.1410381168771924e-17,1.7420111315060012e-17,-7.562403636749563e-17,-4.443470464611466e-17,-1.4715141091680828e-16,8.493312476471995e-17,2.5465503582540336e-17,-1.4949665551542599e-16,-2.7889268639741994e-17,-1.482290736409342e-16,-1.3886255333857394e-16,-4.710497903010379e-17,6.103194690731874e-17,1.8589579376817342e-16,-2.6208384566547793e-17,-7.188866353515022e-17,-5.651117508855337e-17,6.323508144283713e-17,-1.5498358703187887e-16,-5.741670243468693e-17,-9.739894707518831e-17,-3.8363327804495294e-17,-7.31786298285368e-17,-2.715472213267264e-17,1.349315568711856e-16,-4.7191929034266354e-17,5.898155543136331e-17,1.4698440299815676e-16,-3.0058772463476665e-17,-1.193336724279431e-16,4.571874306796522e-17,9.547866751915991e-17,4.0334155426848166e-17,9.718771774762797e-17,2.421929245228782e-17,-1.2944021234333958e-17,-5.322208273670335e-17,5.679970458833465e-18,3.1428145554935976e-17,-1.722827324853751e-16,-9.104834227378203e-17,3.6695331121121045e-17,2.0414910242039507e-17,-5.156854025755521e-19,3.4870675322903906e-17,-1.6541823287718478e-16,5.031022208428417e-17,2.718890015525145e-17,-9.886252391080551e-17,-7.618050369475139e-18,1.2668269954631222e-16,-1.336126128687623e-16,7.656653313925908e-17,-7.001837856877202e-17,-8.549395245602433e-17,-2.537563685684702e-16,-1.743273442383969e-17,7.002744895389071e-17,1.679963073844721e-16,6.7942168475045e-17
CC1(C)C2=C(OC3=C1C=CC=C3P(C4=CC=CC=C4)C5=CC=CC=C5)C(P(C6=CC=CC=C6)C7=CC=CC=C7)=CC=C2||OC([O-])=O.[Na+]||N#CC,CC1(C)C2=C(OC3=C1C=CC=C3P(C4=CC=CC=C4)C5=CC=CC=C5)C(P(C6=CC=CC=C6)C7=CC=CC=C7)=CC=C2.OC([O-])=O.[Na+].N#CC>>,C_fd81cebeb53f,CC1(C)C2=C(OC3=C1C=CC=C3P(C4=CC=CC=C4)C5=CC=CC=C5)C(P(C6=CC=CC=C6)C7=CC=CC=C7)=CC=C2||OC([O-])=O.[Na+]||N#CC,CC1(C)C2=C(OC3=C1C=CC=C3P(C4=CC=CC=C4)C5=CC=CC=C5)C(P(C6=CC=CC=C6)C7=CC=CC=C7)=CC=C2,OC([O-])=O.[Na+],N#CC,-0.760852731361818,3.057345820275927,-0.28423677568393,2.3402065376541152,1.7815305308658227,-0.5112817700760038,1.5266822375625633,0.355928425757106,0.45010996213630977,-1.120726489208373,-0.7254911804417468,0.8357285648736693,-1.6439282864841995,-0.8633414289501721,-0.23770256351032626,-0.34191861228964593,0.03820603240731963,-0.16127802879825098,-0.1228598108502085,8.384561361440678e-15,8.994396818784957e-16,2.832463044902246e-15,1.8084795206332323e-15,1.149940062340059e-15,7.023811784048722e-16,4.635874880917098e-16,-2.709129845209488e-15,7.616063037107663e-16,5.799364685714141e-17,1.210646982167235e-15,2.814877955081975e-15,2.3393524313693024e-15,-8.677652300393448e-16,-4.982765217584253e-16,-1.473811064257177e-15,-5.5092251748829195e-16,-5.774489135659681e-16,-1.5383079840908617e-16,3.4762402450602174e-16,6.160347582530379e-16,2.1858253846404e-16,-1.1740369994637843e-16,2.5913335757817125e-16,-1.4844763261627428e-16,-6.573744075819878e-16,-9.597000140119897e-17,1.8869416529921998e-16,-1.0284742415388648e-16,7.986734053033279e-16,2.8395020814451195e-17,-1.2141643174361062e-16,-7.111668595690771e-17,2.0709956883708026e-17,-2.230759536103417e-16,2.776295010212131e-17,-2.371661394128161e-17,1.4861342590272138e-16,2.0450455974140104e-18,2.981008619447108e-16,-7.502339051028808e-18,-7.176171575647653e-17,-1.2657447839804252e-16,-9.415621662435881e-18,-4.2510731889130215e-17,4.1939013817554654e-17,8.414519749311406e-17,-5.085317210442162e-17,-6.404691939776125e-17,8.911361141548413e-17,-3.804721582470005e-17,-7.767932263294406e-17,2.3311531699371803e-16,4.199942260054816e-17,-3.729877040117794e-17,3.2554930120527747e-17,-2.1951284174613424e-17,8.311946132711884e-17,7.627476205000114e-17,5.0152084242442494e-17,-3.989268331972059e-17,6.230889945383559e-17,-9.176435808501814e-17,1.1011281221735404e-16,1.1846495022928164e-16,7.493085062196934e-17,-1.0644620423976055e-16,-2.1807688121983033e-17,-4.9030975328348355e-18,-3.354393164194294e-17,1.5239870543999383e-16,-1.2744555217733278e-16,2.5606144753860288e-17,-4.52458778401722e-17,1.6561497957228926e-17,9.057695294336252e-17,7.278676488935736e-17,3.185928481705986e-17,-5.930516067247656e-17,-1.7845759283465167e-16,6.095515041651149e-17,2.7429069456892844e-17,1.2950004620612384e-17,1.1763194275789916e-16,-1.0338701475892682e-16,6.7804260267805676e-18,5.718370210837867e-17,7.20827840047111e-17,5.56709214188595e-17,3.402564470459532e-17,-7.60251511757026e-17,4.5469690603825373e-17,1.2155432128890594e-16,-2.1928794565538537e-17,-1.4423459707571142e-16,8.437054061073498e-17,-5.1550893097207826e-17,1.3627709745800723e-16,-3.762118197095951e-17,-5.890270209326245e-17,-4.798712605883462e-17,-2.307281122613412e-16,-1.4622035749175825e-16,-1.3232940644506462e-16,-4.956213778955373e-18,5.198181881716652e-17,-1.4910330267386195e-16,-5.604222419310863e-17,-5.96376552101602e-17
CC(P(C(C)(C)C)C(C)(C)C)(C)C||[Cs+].[F-]||N#CC,CC(P(C(C)(C)C)C(C)(C)C)(C)C.[Cs+].[F-].N#CC>>,C_718aad833337,CC(P(C(C)(C)C)C(C)(C)C)(C)C||[Cs+].[F-]||N#CC,CC(P(C(C)(C)C)C(C)(C)C)(C)C,[Cs+].[F-],N#CC,-1.224289551208006,-0.6982614233068848,-0.2842367756839319,-0.540912244889608,1.7815305308658258,-0.480932827460351,-0.14789304776184936,0.5164120737207399,-0.3579680742465475,-0.004776469817940618,-0.14750791508999456,0.8719731108561664,0.4057794011725581,-0.8633414289501758,0.8459211800026417,1.6703602962318311,1.2513664519728327,-0.7970487546071361,-0.0027235015621950567,1.6568197261918077e-15,9.04225770329013e-16,-1.2454210537487093e-15,5.173780862248663e-16,-1.47522237821217e-15,2.5579329141933014e-15,2.329285340280475e-15,-1.2201221742814043e-15,3.4820036456393904e-17,-3.591454889334075e-16,4.866719441408708e-16,2.0903736797648234e-15,-2.1878069409158223e-15,-2.822081823308511e-16,1.5197120040043124e-15,-1.826077828856215e-16,4.055448213130731e-17,-1.195023492388084e-15,-3.511528110028852e-16,-1.9633931882065438e-16,-4.840681566480329e-16,-9.941462274187602e-16,-6.974001402733757e-16,3.637769199419225e-16,-5.810400238080995e-16,-7.636115081343126e-17,2.073599427789963e-17,2.995801712710226e-16,-3.151136267676636e-16,-1.995114477181698e-16,-8.148884143703343e-17,2.4778935765245634e-16,6.028889141713905e-16,-1.3418222677635826e-16,2.0916001654589128e-16,-2.7497854182082724e-16,1.4696936331376087e-16,-1.0968043023117319e-17,1.1698640811887206e-16,4.756638139602368e-18,-6.369772297968562e-17,-2.426450871417673e-16,1.7539238371380101e-16,-5.84448564581229e-17,2.510411519045685e-16,-1.3162256824213661e-16,-1.6875170416185064e-16,2.3429420178086936e-16,-8.753033115404282e-17,1.4716660335082115e-16,1.3314631048619379e-17,-6.798822508976375e-17,9.306008238799392e-17,2.398909536523634e-16,-3.762709749192716e-16,8.601589396493982e-17,2.885372492956787e-17,-1.458922358408875e-16,1.3089481674655248e-16,1.9766624489927576e-17,8.831190679536331e-17,-2.0278277158809294e-17,2.22227575777027e-17,-6.853582408783177e-17,2.9985329892889426e-17,6.95163708274769e-17,1.7353644456782912e-16,1.3006974173458573e-16,4.204720718505757e-17,4.545286286921264e-17,-8.224763361086504e-17,3.3517517127051786e-17,-1.0480779160245225e-16,5.662842811641536e-17,-1.3493653997865203e-16,-1.677195450062234e-17,-1.1499792849817696e-17,-4.660803672861444e-17,-8.074423460143422e-17,1.2931751634041165e-16,-1.5901641134141688e-17,4.815453361575185e-17,5.08792851802105e-17,2.954958148628205e-17,1.0654339245228742e-16,-5.178565738271722e-17,3.168590627684472e-17,4.4308825355878396e-17,6.627949365836066e-18,4.530410755100634e-17,4.502350798883928e-17,-1.8124417886150048e-16,-9.077239517917026e-17,1.4395689212862216e-17,9.676386789963873e-17,-1.0978772397944208e-16,7.582546371993272e-17,-4.251305688535807e-18,-1.6262776319478805e-17,-8.341169543390779e-17,-1.4536665628935101e-16,-7.484864840871715e-17,2.7928469724763005e-16,8.556346215880795e-17,1.6033882880206957e-16,-2.347392966425872e-17,3.0671294199428222e-18,-2.4830972615271775e-17,-8.595986815391613e-18
P(C1=CC=CC=C1)(C2=CC=CC=C2)C3=CC=CC=C3||[Cs+].[F-]||N#CC,P(C1=CC=CC=C1)(C2=CC=CC=C2)C3=CC=CC=C3.[Cs+].[F-].N#CC>>,C_08473a56b566,P(C1=CC=CC=C1)(C2=CC=CC=C2)C3=CC=CC=C3||[Cs+].[F-]||N#CC,P(C1=CC=CC=C1)(C2=CC=CC=C2)C3=CC=CC=C3,[Cs+].[F-],N#CC,-0.9376336432096946,1.234574423518501,-0.2842367756839317,0.2368490684074835,1.7815305308658256,0.27863967790261396,-0.14789304776185097,0.21949929330034548,-0.7800009929116304,0.14740606941524584,-0.14750791508999367,-1.126312857820732,0.40577940117256606,-0.8633414289501764,0.8459211800026423,0.9338159119711456,1.2513664519728316,1.2462422126349626,-0.0027235015621949747,-7.710379941426752e-15,-3.281602679888943e-17,-7.170469395190267e-16,4.736885419394147e-16,3.3951562435812297e-15,6.823952579286012e-17,-8.425562839468017e-16,-4.555019862937513e-16,1.820663223183403e-16,-5.303308546686531e-16,1.1107916494457695e-16,9.36135044264835e-16,-3.1504294711907317e-16,6.663831688548333e-16,-6.581068781053014e-16,-1.0841835033718019e-15,-1.8117942864162584e-15,-2.0862296369358397e-17,-7.619051151129418e-16,6.091414197892123e-16,-1.07750126200253e-16,-6.432320779800333e-16,-5.000261225616982e-16,2.4199683720578675e-16,5.678169605328412e-16,3.997834761897129e-16,2.095672668178924e-16,-1.8543376727944908e-16,-1.4321041588548425e-16,8.687774288004836e-18,-4.2480111417683125e-16,-4.762520338382155e-16,3.253479008410018e-16,6.480083320525876e-17,-1.3709116855073762e-16,-5.504893658623773e-16,-3.11969011975732e-17,4.794351173084064e-17,-3.272780116769808e-16,-2.7445571570446717e-17,-1.733303286252774e-16,-1.649495759356064e-16,1.7147157651014549e-16,2.4202521232677353e-16,-2.4654492761840675e-16,4.1302276804605267e-16,1.0384861500869037e-16,8.870001255202411e-17,2.5922321114114145e-16,-4.19442695702878e-17,-3.6962029103312057e-16,4.0573865721947377e-16,-1.2398344608114752e-16,-3.1599034184678376e-17,2.5058955581346284e-16,-4.01323622519297e-17,-9.318773493821366e-17,6.277213812881103e-17,-1.4050460952431653e-16,5.241653777166898e-17,-1.924173164674335e-17,1.792180717965074e-16,2.1574639472425087e-17,1.4311351168565616e-16,4.5785841081401705e-17,-7.578967669795774e-17,-8.106503079418982e-18,1.0881456379976565e-16,-1.0367951723370885e-16,1.2492807245048253e-16,8.048520058417448e-17,-6.78848747878282e-17,-8.726912685111897e-17,-8.893621274505973e-17,-6.0490099991677175e-18,-7.755830813323918e-17,-1.402610498406153e-17,5.487851688279645e-17,-5.886119434749955e-17,4.649305470654112e-17,5.846557113349615e-17,5.658222985889256e-17,-1.135435821592949e-16,-4.55658701315954e-18,-5.985407589708781e-18,3.168869300031903e-17,1.0621230940559046e-17,-2.908867824993815e-17,2.715830837651628e-17,4.6307678984516606e-17,3.512881806569819e-17,-2.0807527496203617e-17,-7.36993717158026e-18,1.3561058063090062e-16,6.363120108583349e-17,-1.2961362482318803e-16,-6.692625397533879e-17,-1.2195796307010693e-16,-7.38114879177097e-17,-1.4821955432045113e-16,3.5657226459695884e-17,-3.0725542637809474e-17,1.4714429035659163e-16,-2.473835644946653e-17,6.046417892790024e-17,6.386838188190209e-17,-9.940549171488482e-17,6.319353504773903e-17,4.797114916755068e-17
CC(C)(C)P(C(C)(C)C)C1=CC=C(N(C)C)C=C1||[Cs+].[F-]||N#CC,CC(C)(C)P(C(C)(C)C)C1=CC=C(N(C)C)C=C1.[Cs+].[F-].N#CC>>,C_1fa2615a45b6,CC(C)(C)P(C(C)(C)C)C1=CC=C(N(C)C)C=C1||[Cs+].[F-]||N#CC,CC(C)(C)P(C(C)(C)C)C1=CC=C(N(C)C)C=C1,[Cs+].[F-],N#CC,-1.5782981121882067,-0.6507387560859175,-0.28423677568393163,-1.3390820507081511,1.781530530865824,-3.02331208818281,-0.1478930477618504,-0.2690314540585096,0.3510346086273148,-0.3959375129998089,-0.14750791508999359,-0.8157423012752547,0.4057794011725648,-0.8633414289501756,0.8459211800026408,-0.5617383596306843,1.251366451972832,0.020503180976103524,-0.0027235015621950307,5.256403184817398e-16,4.492979570703404e-17,6.577166149633492e-17,2.9211444747248805e-16,-4.792402769491055e-16,2.258095283745134e-15,1.7595632585441014e-16,-4.432314925135405e-16,2.921116413376703e-15,-2.3607431048786846e-15,2.695648317363218e-15,2.2218080476258257e-15,-5.287030223229172e-16,1.1886988168347066e-15,-3.856930433376232e-16,3.6659915187681525e-17,9.810265744212965e-16,5.616408157759317e-16,1.1004243513286755e-15,-6.2731496227008256e-18,-8.917140114604723e-16,4.672063049359985e-16,4.726159901649804e-16,-1.733651867159885e-16,6.124491763302901e-16,8.999122634893988e-17,2.0901329482855034e-16,-4.604428899109519e-16,2.5025640594856274e-16,-7.400846697222203e-17,4.0083642287103533e-16,-4.374551457234457e-16,-1.0767879210833003e-16,8.707915258108966e-17,2.2324596149386064e-16,1.469781979270443e-16,-2.4197496883151626e-16,2.7432747980351573e-16,1.0272234853057207e-16,-2.690663762390377e-16,-1.414789467778617e-16,3.8584245678592723e-16,-1.3301977657818927e-16,1.7429360422294783e-16,2.287953168973302e-16,2.471798090707266e-16,6.174030511877679e-17,3.319170603596963e-17,3.497328929091684e-17,1.2138653953524385e-16,3.0275289779169544e-17,1.2382227758118546e-16,-2.8481794755862842e-16,7.451394367104174e-17,-2.339159449407154e-17,3.3391826634603954e-17,3.077544270130704e-17,6.607969328728517e-17,3.9992721482360127e-17,5.798892517477812e-19,1.323222336594416e-16,3.975089939671472e-18,-6.998459249396526e-17,-4.70334513534451e-17,-1.7176932329355438e-16,-8.436131000817629e-17,1.2111914966102915e-16,6.223005076400578e-17,1.171880535747456e-16,1.0432762179447119e-16,4.3481491801535106e-17,1.1155187068231655e-16,-1.2887860576100699e-17,5.158425352976588e-17,1.0884305000603325e-17,-5.525376555353022e-17,1.0749356492835604e-18,-1.0856382424910146e-16,1.0304940803877902e-16,-1.7563736990430486e-17,-2.1934576625569573e-17,-5.491254649057343e-17,4.244078203286234e-17,-3.2875685186262556e-17,-1.9816469708469225e-17,-2.5198912800535467e-17,2.941731150360427e-17,-1.7125414877391736e-16,-1.70811990184921e-16,-1.4734176730012678e-16,8.265988211011688e-17,-8.990731978145066e-17,-6.008495576322692e-17,-1.0536738394382968e-16,1.1846956606555311e-16,-4.472832175311083e-17,1.6301265977637423e-16,2.2398380676836287e-16,5.479659295842957e-17,-1.913949180639006e-18,9.319930466905852e-17,3.334684627117708e-17,1.8501278630429376e-16,5.852148697663761e-17,-3.93688976680086e-17,1.059035019944162e-16,4.5973992317521355e-17,-3.05538460901527e-17,-9.474656308516062e-17
P(C1CCCCC1)(C2CCCCC2)C3CCCCC3||[Cs+].[F-]||N#CC,P(C1CCCCC1)(C2CCCCC2)C3CCCCC3.[Cs+].[F-].N#CC>>,C_229f4b0808fd,P(C1CCCCC1)(C2CCCCC2)C3CCCCC3||[Cs+].[F-]||N#CC,P(C1CCCCC1)(C2CCCCC2)C3CCCCC3,[Cs+].[F-],N#CC,0.8097398838794678,-1.610823327016457,-0.2842367756839311,-0.03231794708524374,1.7815305308658245,0.5630227060514393,-0.1478930477618502,2.2053092310680897,-1.36469495791663,-0.5762782864827912,-0.14750791508999425,-0.011638395004673351,0.4057794011725619,-0.8633414289501745,0.8459211800026413,-0.8033477138467463,1.251366451972832,-0.02961397032975048,-0.002723501562194957,-1.6292791566230925e-16,-3.7087253418829904e-16,5.999677462711995e-16,-3.5455010284387e-16,2.5486993944845945e-15,2.6417039512474094e-16,-3.854387032855014e-17,3.3485136306337785e-15,4.473351850785393e-16,-2.784023557163655e-15,1.6001347825997205e-15,-6.735374866999026e-16,-2.8053645273724914e-16,-7.720686241281072e-16,7.694459304070379e-16,1.6449737073001475e-15,6.230303288217645e-16,-1.0083890650115357e-15,-2.1129501538794502e-16,7.088959944838274e-17,9.717382750859912e-16,1.5556096137769162e-16,-3.5082242463471806e-16,-1.8851422655511223e-16,-3.242765349617766e-16,-7.950329215293693e-17,2.4720337068235003e-16,-3.032105588639662e-16,8.868452995502133e-16,1.352537896619931e-16,3.737090458452965e-17,-5.65011895931347e-17,3.651743732933912e-18,-2.362427277705513e-16,-5.844589008136549e-16,5.1017661238863e-17,1.3895594722045886e-16,1.7134944652161404e-16,-1.1916096788191564e-16,3.3786485760948334e-16,4.607622441462171e-17,-7.062573303913088e-17,-5.435313002809106e-17,-4.0569505865621874e-17,-1.546303237305101e-16,-6.792052570646502e-17,1.6060890178840887e-16,3.606428909164224e-16,-3.603827894470862e-17,-3.4591348901436884e-17,-2.1490989247766924e-16,9.659334800415547e-17,4.702433871586615e-17,-8.834624218105462e-17,1.2594441110115945e-16,-8.59376471214055e-17,-1.48148805897235e-16,4.0338991576456875e-17,2.3943937037297493e-16,7.775966055451263e-17,-1.3396464528743899e-16,1.23929896880853e-16,4.442327259732637e-17,-2.187212443490879e-17,7.61001160222878e-17,5.631595534560883e-17,6.041595704886007e-17,1.0434295011581255e-19,1.1287744671708246e-19,4.17921826046216e-17,-1.0934403544446221e-17,-1.429104566704941e-16,-1.0037030557805718e-17,-1.1691906190880141e-16,1.989607525221887e-17,5.4781636341870915e-17,-5.65238554543277e-17,1.7155548538269659e-16,1.830577416332234e-17,-8.28121840687112e-17,-8.173174408198017e-17,1.4386544159968776e-16,9.299713727272348e-17,5.158248203827072e-18,2.6437847875617135e-16,-6.916928556646045e-17,-3.641425034295791e-17,1.3131244801744042e-17,-1.6213817495134388e-18,-2.5819324093922118e-17,-2.4228823057152287e-17,6.045349076122543e-17,1.1910847044867941e-16,-8.189331925416865e-17,-6.218709102785427e-17,6.96695495133729e-18,5.724891949747781e-17,6.26730287992774e-17,-1.863853360813631e-16,-8.027618535614588e-17,-2.6401411956591097e-17,-1.207144929339843e-16,-1.3638644266526706e-16,1.0918684552162473e-16,8.388253156373419e-17,1.3190837041094048e-16,-2.3494550744210116e-17,-1.1406423647290059e-16,1.1078046443486478e-17
CC1=CC=CC=C1P(C2=CC=CC=C2C)C3=CC=CC=C3C||[Cs+].[F-]||N#CC,CC1=CC=CC=C1P(C2=CC=CC=C2C)C3=CC=CC=C3C.[Cs+].[F-].N#CC>>,C_226d7782d40c,CC1=CC=CC=C1P(C2=CC=CC=C2C)C3=CC=CC=C3C||[Cs+].[F-]||N#CC,CC1=CC=CC=C1P(C2=CC=CC=C2C)C3=CC=CC=C3C,[Cs+].[F-],N#CC,-0.26365475576253333,0.9915488887997185,-0.2842367756839306,0.32248622106951047,1.7815305308658282,-0.24540933155649589,-0.14789304776185028,-0.5084585430537774,-1.0360040403224668,2.508680959507178,-0.1475079150899948,0.45264748397795795,0.4057794011725592,-0.8633414289501758,0.8459211800026415,-0.5902568205259909,1.2513664519728316,-0.2429647001991894,-0.0027235015621948425,1.997360721246398e-15,-2.4068414758666134e-16,5.783416527326544e-16,1.8512015155365631e-16,2.7657970812884744e-15,1.8571186298908275e-15,3.589271030372115e-16,1.3416925557741757e-15,-9.812096175435813e-16,2.9259159185328796e-15,5.191525738008359e-16,-9.567817021160393e-16,-5.406689997784467e-16,-1.57048278079097e-15,-1.1690812383877088e-15,-7.153297704249255e-16,4.686488047292299e-16,-9.57814681426816e-16,1.2904189756770006e-15,-4.3024496598243274e-16,-8.131253974044373e-16,8.807562483152565e-16,-1.32101645525134e-16,-4.6871540463206475e-17,-2.4628180799959473e-16,3.8938108086910505e-16,2.321132201025786e-16,1.157514468855963e-16,3.489071946514591e-16,3.642085749345067e-17,-1.2698705517670704e-16,1.7075033485265614e-16,-1.9453049714402054e-16,-2.8574333982477607e-16,-4.097233495589181e-16,-4.988252577055144e-16,6.846996698644041e-17,-1.1586665894160969e-16,-5.544038661478853e-17,-3.876581317055572e-17,2.489893794774234e-17,-2.8916046853874735e-16,-2.91089601381248e-16,1.1845553546535447e-16,-7.790960393850777e-17,9.66797629452052e-17,-1.8548100974760925e-16,7.54033562118461e-17,-1.0288687830904828e-16,-2.0881828353904215e-16,1.7042242874973534e-16,-5.449566160372743e-18,-1.2140770544527343e-16,-1.129512437793377e-16,-4.226553731300954e-18,2.6838017353702486e-17,1.0152919760097892e-16,7.411621970935169e-17,-1.0098727980530712e-16,1.8197002174491886e-16,1.2343701958258388e-16,-1.3372613800905124e-16,4.121632016189273e-17,-6.107693899462405e-17,7.528620237461077e-17,-1.3354515548461801e-17,7.621268443712033e-17,1.0376639588410751e-16,1.7737609581710164e-18,9.080219154158272e-17,2.5767896694422985e-17,1.3836403502855906e-16,1.3867245188108436e-16,-7.951283865797663e-17,-5.3718680792802625e-17,-6.952590613816301e-17,-1.802106910152844e-18,-1.2963575739354637e-16,-9.278562099661831e-17,-3.408988393866786e-17,6.521850420293306e-17,-5.757486820021645e-17,4.438479557192637e-17,6.391941872572637e-17,-1.315860633548052e-16,-1.431714135324408e-16,-6.426346439036761e-17,-1.0027592163375117e-16,5.347208089920721e-18,2.1122108478349696e-16,-2.7133001396661068e-17,1.081707219210831e-16,-6.731881410555361e-17,3.979134249039737e-17,1.8123236190358635e-16,-8.867104685874205e-17,-9.719974950931495e-17,-2.782877728561853e-17,-8.122154636116706e-17,-7.199186237159742e-17,-3.61134484190465e-17,1.3547648852591879e-17,-5.788195091747167e-18,-2.420603420636949e-17,-1.6773594416385433e-17,-1.159972666161708e-16,6.0580149422748206e-18,-8.552755461644259e-17,-4.288135511611808e-17
CCCCP(C12C[C@@H]3C[C@@H](C[C@H](C2)C3)C1)C45C[C@H]6C[C@@H](C5)C[C@@H](C4)C6||[Cs+].[F-]||N#CC,CCCCP(C12C[C@@H]3C[C@@H](C[C@H](C2)C3)C1)C45C[C@H]6C[C@@H](C5)C[C@@H](C4)C6.[Cs+].[F-].N#CC>>,C_312f400d7d32,CCCCP(C12C[C@@H]3C[C@@H](C[C@H](C2)C3)C1)C45C[C@H]6C[C@@H](C5)C[C@@H](C4)C6||[Cs+].[F-]||N#CC,CCCCP(C12C[C@@H]3C[C@@H](C[C@H](C2)C3)C1)C45C[C@H]6C[C@@H](C5)C[C@@H](C4)C6,[Cs+].[F-],N#CC,-0.8853811771272792,-3.192233563805737,-0.2842367756839291,2.712839121919756,1.781530530865825,0.4911992976161388,-0.14789304776184983,-0.9806476207765265,0.5753078969520415,0.0669764245329952,-0.14750791508999425,-0.3555490753194931,0.4057794011725624,-0.8633414289501758,0.8459211800026412,-0.006961552994128281,1.251366451972832,0.03706496796135679,-0.0027235015621950337,1.002009411445173e-16,7.892188779814072e-17,-3.235469792647416e-15,-1.925046464148914e-16,4.560549551860907e-16,-1.5291192787433422e-15,-7.28546584177988e-16,-2.665400802892123e-15,-4.841345928105195e-16,-8.703826542507415e-16,-3.144735571487545e-16,-1.5322271915587725e-15,6.649482883448615e-17,-5.456294308289071e-16,1.0436687935940196e-15,1.2564821638342812e-15,-3.5912211494337386e-16,1.2496037405382583e-15,2.8152539257302604e-16,7.835759373754306e-16,-5.010579720584869e-16,3.809315097738728e-16,3.6790931294147055e-16,1.2649407799864396e-17,4.699944136986429e-16,-9.864521944587555e-17,-4.8983784483612156e-17,3.701028660942509e-16,-2.8864725450988744e-16,1.634291792863199e-17,1.712445342156372e-16,1.3151838952743217e-16,5.220511301348273e-16,-3.0482967392772984e-16,-1.0600844525955467e-16,3.8944531604864784e-16,1.086205875783158e-16,3.607264754765219e-16,-5.208940974088978e-17,5.254928416318436e-16,1.900679455153517e-16,-1.1136763926467749e-16,-2.256776335081034e-16,2.9826746211513934e-16,-6.219196926445502e-17,-1.0150475702031774e-16,-3.9023826975934545e-18,-1.095427362222302e-16,-3.9186586173180493e-16,-1.174953158817192e-16,2.0107494210985368e-17,2.8820266289166746e-16,-1.604989718284125e-16,8.394599304327922e-17,-6.466366441417804e-17,7.220055596479499e-17,-4.9403963893009574e-17,-2.9473545369272585e-17,2.3773344576088263e-17,1.3567066852045474e-16,1.5329502631537278e-17,2.6188149528615476e-16,7.111071195685946e-17,-4.391031912182098e-17,1.6094362867257137e-16,1.7074034669646975e-17,-5.368437689293203e-17,-7.482510663162833e-17,-1.8552636552239875e-16,3.903915802568281e-17,-1.123710534889055e-16,4.615285195139376e-17,-1.721165736663504e-17,5.943142118398444e-17,-8.636004248405449e-17,7.752184881773665e-17,-1.0866011742800046e-16,-1.0223265890299204e-16,3.174240959931364e-17,5.176599120490981e-17,6.515863992854145e-17,4.177844731912723e-17,7.641501116970793e-17,-1.094519785370474e-16,-1.903711517066975e-17,2.7749503354595737e-17,4.1655413462963896e-17,-2.578237121209305e-17,1.359883225466626e-16,-5.753325696513535e-17,8.596167671352285e-17,1.4211121164009936e-17,6.373379878410104e-17,5.8831636065775255e-18,-8.953057386283041e-17,-4.796012144114221e-17,1.18586561241692e-16,6.574452872315482e-17,2.9029993938702735e-17,-1.5838057611652192e-16,-9.027056105734855e-17,-5.613920652929582e-17,-2.155319825741028e-17,-5.851697116813684e-17,-1.1785186993134688e-16,-4.754071528467177e-17,4.5020131983542734e-17,-8.981027212228726e-17,-2.6677376584168794e-18
COC1=CC=CC(OC)=C1C2=C(P(C3CCCCC3)C4CCCCC4)C=CC=C2||[Cs+].[F-]||N#CC,COC1=CC=CC(OC)=C1C2=C(P(C3CCCCC3)C4CCCCC4)C=CC=C2.[Cs+].[F-].N#CC>>,C_6f11b961e049,COC1=CC=CC(OC)=C1C2=C(P(C3CCCCC3)C4CCCCC4)C=CC=C2||[Cs+].[F-]||N#CC,COC1=CC=CC(OC)=C1C2=C(P(C3CCCCC3)C4CCCCC4)C=CC=C2,[Cs+].[F-],N#CC,3.697093256973161,0.21873148620968008,-0.2842367756839304,-0.16998697856093603,1.7815305308658258,-0.13753115125335116,-0.14789304776184942,1.0255047079947919,1.955111693998354,0.8801350735997555,-0.14750791508999345,-0.3971125427888137,0.4057794011725628,-0.8633414289501755,0.8459211800026422,0.25509854087750183,1.251366451972832,0.026042369234241594,-0.0027235015621948607,-1.813179282920205e-15,-3.2872496927710273e-17,3.1840991127043416e-16,-4.817039045853016e-16,5.822988287856508e-16,-3.2088006311477507e-16,6.810006458023286e-17,-7.482563781308213e-16,-4.816450823791157e-16,9.018733864593386e-16,-1.0744641847055416e-16,-1.1251180930610262e-15,-4.623613542122059e-16,1.1425984262360986e-16,5.590186106167487e-16,-5.690164997348411e-16,-1.0289294301064022e-15,-4.633240993169155e-16,2.339742328230534e-15,3.009496339058875e-16,-9.002906828910555e-16,3.0034798294759367e-16,-4.147930252846878e-16,-6.85284390350407e-16,-4.747161236083471e-16,-4.2055739082506065e-16,1.120050367743845e-16,-4.004556327616128e-16,-2.742672346638607e-16,5.809997113364097e-17,6.813863607454352e-16,2.4312581588082807e-16,4.656301855192872e-16,2.6110150175242873e-16,4.43720679505834e-16,1.5747909805200738e-17,-2.4736154602748774e-16,9.555003221579859e-17,-3.9992690353651554e-16,9.101403019477304e-19,-1.3663570330302177e-16,5.203737907743124e-17,6.4405162334365e-17,-1.3857070406991723e-17,-4.388560982824103e-18,2.2967255364283706e-17,-3.3602198245190365e-17,-4.021665151646572e-18,1.7585684431035138e-16,2.1905882516121129e-16,-1.161335364097046e-16,-7.044641110198151e-17,2.680262929465596e-16,6.989305839060815e-17,-1.4064720133143338e-17,2.227665433006998e-16,7.988116557200678e-17,7.409039678222577e-17,1.5969240488453973e-16,-3.5119528339447606e-17,-9.283683583437643e-17,7.312346727783219e-17,1.02652917784817e-16,-2.442282605676915e-17,-2.5315142467164288e-17,-3.1822587168457275e-17,4.079675011602147e-17,-1.871738377561052e-16,-6.479957188197697e-17,2.416910364987726e-17,1.1452485397566594e-16,-1.5002960128917717e-16,-3.496434046712008e-17,-3.425147832824048e-17,-9.338044538362277e-17,1.4813900839801505e-16,7.75164254004179e-17,3.433372123894818e-16,-1.3280879681930588e-16,-2.813190214310841e-16,6.560825496633438e-17,-7.29446609290106e-17,-6.4190004400301284e-18,-8.184590764680176e-17,1.5107327972497963e-16,1.7498099257730929e-16,-5.3703031311538607e-17,1.6979679267593985e-16,2.670360680105326e-17,-1.2589276945291819e-16,2.7629816239605646e-17,-2.750135413246222e-17,1.4313531819251094e-16,-4.425428804688292e-17,-1.54126583142398e-16,-6.97613423169758e-17,1.392582464137021e-16,-7.75942079906377e-17,2.2441569065671753e-17,-6.351091710390159e-17,1.0031266936877151e-16,-1.8646732959464766e-16,-5.491573704244708e-17,1.6791920721227072e-16,6.578928448028399e-17,7.003437532506699e-17,2.39334927666058e-16,-2.0782862243174104e-16,8.753486276480328e-17
CC(C)(P(C(C)(C)C)[c-]1cccc1)C.CC(C)(P(C(C)(C)C)[c-]2cccc2)C.[Fe+2]||[Cs+].[F-]||N#CC,CC(C)(P(C(C)(C)C)[c-]1cccc1)C.CC(C)(P(C(C)(C)C)[c-]2cccc2)C.[Fe+2].[Cs+].[F-].N#CC>>,C_aeeb6550fbb3,CC(C)(P(C(C)(C)C)[c-]1cccc1)C.CC(C)(P(C(C)(C)C)[c-]2cccc2)C.[Fe+2]||[Cs+].[F-]||N#CC,CC(C)(P(C(C)(C)C)[c-]1cccc1)C.CC(C)(P(C(C)(C)C)[c-]2cccc2)C.[Fe+2],[Cs+].[F-],N#CC,-1.5678166466947503,-0.5445544539407908,-0.28423677568393113,-1.8306686961429988,1.7815305308658276,1.1506141613685525,-0.14789304776184703,-0.3417448804185341,0.9228435721645201,-0.12806008460238202,-0.14750791508999508,1.7193547786868155,0.40577940117255445,-0.8633414289501743,0.8459211800026405,-0.37552400425580634,1.2513664519728316,0.6986574594526095,-0.0027235015621949335,-1.419940884012898e-16,-1.0011599325622963e-16,-1.8516700227179642e-15,1.0329708295035816e-16,-1.20862005210608e-16,7.593326751325295e-16,-7.418197357751202e-17,2.6046884077002673e-15,1.1496724074154802e-15,-1.0442952511001055e-15,7.609570802279552e-16,-3.4807802595197283e-16,-1.396579765556905e-16,-4.862239259778319e-16,-1.5194438011791528e-15,2.816156167534079e-16,1.2356699479138733e-15,2.8835263634286033e-16,-1.0426209087339558e-15,1.8061252072526563e-16,-9.753378268182431e-18,-5.304534696917408e-16,4.683296960482655e-16,1.645023861203363e-16,-5.127950106923062e-16,-6.541664543478459e-16,-3.94524618482964e-16,2.2118830969087426e-16,-7.362417631752557e-16,1.577408451298737e-17,4.9947167815733265e-16,4.97102450026547e-16,1.3825745087158088e-16,3.849360966243054e-16,2.206793033461064e-17,1.8379651202320148e-16,2.760650871797319e-16,-3.7507101345055167e-16,-3.9034947417028978e-16,1.9249097830531526e-16,3.724239660456022e-16,-1.0670282260188232e-16,2.9963064596100635e-17,-9.108156356725152e-17,1.511606982547885e-17,1.7792188992836985e-16,-2.9246352265464467e-16,-4.0341611899643725e-16,8.742552429339484e-17,-3.094840872324409e-16,5.966634185074233e-17,-4.8470418041588696e-17,-8.434440196594458e-17,1.3366456251850511e-17,1.8860368922507612e-16,3.117423705507574e-17,-4.431523066818916e-18,1.1603800361514987e-16,-7.487404168318372e-17,-2.0902166240398068e-16,4.4429176683319516e-17,-7.812082200956558e-17,-3.533207547778665e-18,-3.4069545241669745e-17,4.5149698810113484e-17,2.4843348028118255e-18,-1.464047172028348e-16,-8.007302692905799e-17,1.096663334230715e-16,-5.544134625424833e-17,1.4550528542904282e-16,3.086739534987476e-18,-1.6425210581515973e-16,8.034959802051535e-18,-5.589808941170553e-17,7.102615455053995e-17,1.8530387322926636e-17,2.3325102016405356e-17,-7.169523573061707e-17,-2.732862575394201e-17,6.142377988875938e-17,-2.3482161161562974e-17,4.9601376447850284e-17,-1.0042256887305252e-16,1.5904966232936194e-16,-1.2654005796798544e-16,4.0450709150397326e-18,-1.152484774937612e-16,9.67294734110122e-17,-1.2860442170936953e-18,-8.405678139078359e-17,-1.144907343321658e-16,8.795802899255604e-17,7.472858753362349e-17,3.457817993057711e-18,-9.720576106534471e-17,-3.425650361446122e-17,-2.864770054712458e-17,-1.6133649188021146e-17,-3.489728817288353e-17,1.0920210417694771e-16,1.960741135780834e-16,5.045011949744002e-17,6.834928659701245e-17,-4.207589360750026e-17,-4.901741777835946e-18,-2.416409982060271e-17,-8.967170626910562e-17,2.5890473805337037e-17
CC(C1=C(C2=CC=CC=C2P(C3CCCCC3)C4CCCCC4)C(C(C)C)=CC(C(C)C)=C1)C||[Cs+].[F-]||N#CC,CC(C1=C(C2=CC=CC=C2P(C3CCCCC3)C4CCCCC4)C(C(C)C)=CC(C(C)C)=C1)C.[Cs+].[F-].N#CC>>,C_9d30371edded,CC(C1=C(C2=CC=CC=C2P(C3CCCCC3)C4CCCCC4)C(C(C)C)=CC(C(C)C)=C1)C||[Cs+].[F-]||N#CC,CC(C1=C(C2=CC=CC=C2P(C3CCCCC3)C4CCCCC4)C(C(C)C)=CC(C(C)C)=C1)C,[Cs+].[F-],N#CC,4.095214292254156,0.060599001610189496,-0.284236775683932,-0.520842561898329,1.781530530865826,-0.11150016598743288,-0.14789304776185067,-1.7351649042204,-1.0409822672107307,-1.0072610296413145,-0.1475079150899946,0.3127331155945684,0.4057794011725604,-0.8633414289501747,0.8459211800026416,0.08800205000734729,1.2513664519728331,-0.0017897580635632402,-0.0027235015621950953,-6.754574258418987e-16,7.98605511118741e-17,5.58956659594367e-16,-1.243547173865661e-16,-1.1954978415394798e-15,-4.764892046216484e-17,1.3600475751258719e-16,-3.9384834609406826e-16,-2.1772332328785465e-16,8.185029980827689e-16,-1.2052775553951602e-16,7.180001175459984e-16,-8.061369869290347e-17,1.0322708422201328e-15,-1.4659068090666353e-15,1.5358870853395925e-15,-1.067842504311449e-15,-7.574632132064918e-16,8.673441758363432e-16,-1.180362403615528e-16,1.1583120149377408e-15,-3.8557841597259705e-16,-7.34850318619472e-16,1.2212560765816072e-16,1.59705096066215e-16,-3.0651727327008404e-16,3.1340242937141663e-16,6.275632729683737e-16,3.5489799843014434e-16,1.133761903813512e-16,-3.2325849418859145e-16,3.0457787031329133e-16,-3.908473011349283e-16,-2.7514314811645246e-17,3.156848500231561e-16,1.45909755026515e-16,8.858971536690004e-17,-1.8917218223026598e-16,3.7274573734289817e-16,3.639881494901856e-17,-4.207421774630352e-17,1.042238550324095e-17,-1.1749330388568808e-17,-3.1629957447488464e-16,3.546918510846385e-17,5.491346280872502e-17,2.614739471085543e-16,1.0068171397943916e-16,-1.0036473512037135e-16,1.130390949526055e-16,1.0550866543481976e-17,1.5382244597692875e-16,-4.667810026582609e-16,-1.6564729437731467e-17,-8.889482262251054e-17,1.2507495765389951e-16,6.35012608392208e-17,5.679743101824794e-19,-1.172574304163565e-17,-1.4816720067971195e-16,3.193325809870312e-17,7.699367208196133e-17,-2.0280728938612348e-17,-1.6764526332166774e-16,1.9747998358199532e-16,-1.1915819074791942e-16,3.28023249809595e-17,-2.4918351546736384e-16,9.016833638213488e-17,-4.535943576005265e-17,4.098011604000707e-18,-3.4834242169918507e-17,-5.1223347979033894e-18,2.354966187879466e-17,-1.8069696340681073e-16,-3.700120139853875e-18,1.3657231703067662e-16,2.0830220749709238e-17,-6.468345268198713e-17,1.0244930016021793e-16,7.001040642737934e-18,1.5203462476033218e-16,1.7469150390357837e-17,-1.6229864242733762e-16,7.483439586629342e-17,-6.715253953410954e-17,-9.888529938386355e-17,-2.2559801531710175e-17,2.4133212660761356e-16,-6.829019546796241e-17,-2.1680481465668213e-17,-1.2335909846743583e-16,1.484783215989342e-16,3.455481162865327e-17,-2.434033964812799e-17,1.2346837890857015e-16,1.26824989903188e-16,-6.527111191766195e-17,4.960607216581095e-17,7.517892675632317e-17,1.1510700686469504e-16,-2.0563835393511024e-17,-1.762098610668329e-16,-6.073291626299791e-17,-1.0992673827500198e-16,6.794189733191389e-17,5.5304214770383815e-17,2.833568692754974e-17,1.4409892553669704e-16
[c-]1(P(C2=CC=CC=C2)C3=CC=CC=C3)cccc1.[c-]4(P(C5=CC=CC=C5)C6=CC=CC=C6)cccc4.[Fe+2]||[Cs+].[F-]||N#CC,[c-]1(P(C2=CC=CC=C2)C3=CC=CC=C3)cccc1.[c-]4(P(C5=CC=CC=C5)C6=CC=CC=C6)cccc4.[Fe+2].[Cs+].[F-].N#CC>>,C_d3bafeb77ec0,[c-]1(P(C2=CC=CC=C2)C3=CC=CC=C3)cccc1.[c-]4(P(C5=CC=CC=C5)C6=CC=CC=C6)cccc4.[Fe+2]||[Cs+].[F-]||N#CC,[c-]1(P(C2=CC=CC=C2)C3=CC=CC=C3)cccc1.[c-]4(P(C5=CC=CC=C5)C6=CC=CC=C6)cccc4.[Fe+2],[Cs+].[F-],N#CC,-1.3841208155545002,1.1338119037417695,-0.28423677568393246,-1.1785704697655897,1.781530530865826,2.0264914915776937,-0.1478930477618513,-0.4876063293133124,0.325242598729469,-0.37015865430257144,-0.14750791508999347,-1.4860818817801977,0.405779401172567,-0.8633414289501763,0.8459211800026415,-0.26752973554483445,1.2513664519728322,-0.7958149782613754,-0.002723501562194831,5.736664847312015e-16,-1.481294292146924e-16,-1.3128528126676428e-16,-2.611154335540013e-16,-8.416963290991039e-16,2.766923834892174e-16,5.1943815420643354e-17,9.522879760123132e-16,1.4474446242393995e-15,3.2179448269720273e-16,-2.8956552180094436e-16,-9.732673887442681e-16,-4.4437952473549e-16,1.2225900607725755e-15,-6.176996103418237e-16,-4.775887601422686e-16,1.217075687791173e-16,1.3087374724259502e-16,-5.947598030473719e-16,2.429078120010424e-16,-3.000651215101675e-16,-7.493367361118552e-16,-4.627679865271187e-16,7.852660037149145e-16,-9.18864646769799e-17,-1.4797007755420106e-16,-7.276690446510803e-16,-1.6792416188145337e-16,4.486167375211665e-17,1.7324821704565013e-17,-5.461435327872381e-16,6.058972663926061e-16,1.118372788408508e-17,1.349649174072153e-16,-4.4280594031982505e-16,1.9638775659937861e-16,-8.316765116319114e-17,6.615313237216191e-16,3.4873456672376236e-16,-3.683385377211469e-16,-1.8512873389979553e-16,3.617272854277846e-17,-1.3356612583370886e-17,2.3648707088200463e-16,-1.5843457078759048e-16,-1.987352440608323e-16,-2.1870931123214693e-16,-4.53876947090567e-16,8.432217520264386e-17,1.5609868997107447e-16,3.242555005826475e-16,2.0446592675687416e-16,3.306094956581945e-17,-2.4698178826160164e-17,-1.2224316157839504e-16,7.20507201734757e-17,2.4845031930959568e-17,1.9161527681655955e-17,1.4536622384071156e-16,-5.152915899140776e-17,1.5814070407614578e-16,2.3058965698057555e-16,-4.971245933218035e-17,-1.1506931963085702e-17,-8.199771116784919e-17,9.327129402465404e-17,6.947171314661954e-17,-2.0128051908292299e-16,-1.7817593405115014e-17,1.4424673547040333e-16,1.336569007217964e-16,1.4551470345025087e-17,1.797654273613213e-17,-5.116141075616366e-18,-2.1491264504056238e-17,1.615349565729707e-16,-1.0141610216717822e-16,6.363471335130295e-18,1.69589764362604e-16,-2.319600008447923e-16,9.319868774297981e-17,-2.41364008263242e-16,1.3666017757352095e-16,-7.820198054052596e-17,-7.771293249436242e-18,-1.4176790997838096e-17,-6.045940495748223e-17,1.0868386544777968e-16,1.1370495073164768e-16,-1.549637609884285e-17,6.8164558191480036e-18,2.292852534385868e-17,-2.331716225594904e-17,9.993530183472678e-17,-1.0136670499244557e-16,1.719303197572094e-16,-1.7932699718523952e-17,7.647172757127964e-19,1.3731509450922614e-16,-9.933323137755769e-17,-8.275080984999397e-17,-4.426512125714352e-17,-2.7442152887508617e-16,6.025658218255369e-17,1.1800402973983176e-16,8.140910156590885e-17,9.455338552985002e-17,-4.4287893034037464e-17,-9.252969473947344e-17
CC1(C)C2=C(OC3=C1C=CC=C3P(C4=CC=CC=C4)C5=CC=CC=C5)C(P(C6=CC=CC=C6)C7=CC=CC=C7)=CC=C2||[Cs+].[F-]||N#CC,CC1(C)C2=C(OC3=C1C=CC=C3P(C4=CC=CC=C4)C5=CC=CC=C5)C(P(C6=CC=CC=C6)C7=CC=CC=C7)=CC=C2.[Cs+].[F-].N#CC>>,C_8fb5075dd38d,CC1(C)C2=C(OC3=C1C=CC=C3P(C4=CC=CC=C4)C5=CC=CC=C5)C(P(C6=CC=CC=C6)C7=CC=CC=C7)=CC=C2||[Cs+].[F-]||N#CC,CC1(C)C2=C(OC3=C1C=CC=C3P(C4=CC=CC=C4)C5=CC=CC=C5)C(P(C6=CC=CC=C6)C7=CC=CC=C7)=CC=C2,[Cs+].[F-],N#CC,-0.760852731361818,3.0573458202759265,-0.28423677568393,2.3402065376541152,1.7815305308658242,-0.5112817700760038,-0.14789304776184906,0.35592842575710587,0.45010996213631094,-1.1207264892083721,-0.14750791508999436,0.8357285648736787,0.40577940117255823,-0.8633414289501746,0.8459211800026407,-0.3419186122896467,1.251366451972832,-0.1612780287982502,-0.0027235015621949943,1.2501919103822214e-15,-2.8622133881271715e-16,9.279694479238348e-18,-5.0181893759854266e-17,-6.683951867560044e-16,-3.709005632036323e-16,-3.556959604927615e-17,-5.04070530860494e-16,-1.1393564976734089e-16,1.393046672536314e-16,-2.850101000245884e-16,-1.2530714253940869e-16,-2.263024727836903e-16,-1.0827027288258659e-17,-6.919844027505397e-17,-2.101276052802197e-16,-3.337222920434357e-17,2.1209645788359886e-16,1.5736535413790012e-16,2.2729658090940767e-16,4.3057661405649467e-17,-4.784311818635723e-16,2.92787095770106e-17,2.6341240999794665e-17,-1.0893141132358797e-17,-2.883499430824175e-16,-1.3124126472950175e-16,-1.6093475220853593e-16,1.8270601382205063e-16,7.491069124334193e-17,6.762693193402117e-17,-6.299656001148269e-17,5.679373490142827e-17,-6.484133287266666e-17,-5.5355186143130565e-17,-1.5784465868061868e-18,-4.080301613037113e-18,-1.8364253586498288e-16,8.05793408769584e-18,1.6243130002062566e-17,-5.3347609055112527e-17,-4.1155890738891855e-17,-7.998012701005179e-17,-9.273604621081679e-17,1.148026752119835e-16,-5.3565721430747805e-17,-1.130642855855717e-16,2.2059081248972435e-16,8.517015211197814e-18,-1.647496802580139e-16,1.9784444045222922e-16,-2.605256704539255e-16,4.9305405138874964e-17,1.3023906915518886e-18,-1.2697126939970165e-17,-3.0812793266010673e-16,1.163702803690262e-16,1.779567830349541e-16,-1.6677150276057024e-16,-4.832014589657299e-16,2.442413127843215e-17,-7.155083941200443e-17,1.6695360982440725e-16,1.2194868166089305e-16,-1.8169884051502534e-17,-3.1773604612768705e-16,1.4498258458113019e-16,3.345704597900686e-16,-1.973175722893895e-16,-1.585027733875441e-16,-5.839786245544461e-16,4.582756274279411e-16,4.627285683234542e-17,2.1417388499698083e-16,-5.890008834329829e-17,-1.1642014931175675e-16,-1.716945419334243e-16,3.9417987636955245e-17,1.2576833071566165e-17,2.961478937832221e-16,-1.8907428182841594e-16,-3.240951065035649e-17,-6.764145067359426e-17,2.9015605893595025e-17,5.029343101536036e-16,1.7736894633770423e-16,9.643811743305372e-17,2.383318356391872e-16,9.757426578737677e-17,-4.5327609460077293e-17,-4.3721616953162905e-17,1.5276525371172605e-16,6.115448790659177e-18,-1.2079186958001344e-17,1.622469961409203e-16,-1.0430545584950888e-16,-1.4341040652808096e-16,6.674561170795105e-17,-1.3318222296814824e-16,-2.2474166253354293e-16,-9.147994132661584e-17,6.564077472499511e-17,1.540157566586097e-16,-7.095812091982296e-17,5.380355824853018e-18,8.699420582963225e-17,-1.0159925819022154e-16,2.79311693994448e-16,-1.8861656929186937e-16
CC(P(C(C)(C)C)C(C)(C)C)(C)C||O=P([O-])([O-])[O-].[K+].[K+].[K+]||N#CC,CC(P(C(C)(C)C)C(C)(C)C)(C)C.O=P([O-])([O-])[O-].[K+].[K+].[K+].N#CC>>,C_029a80fe3b60,CC(P(C(C)(C)C)C(C)(C)C)(C)C||O=P([O-])([O-])[O-].[K+].[K+].[K+]||N#CC,CC(P(C(C)(C)C)C(C)(C)C)(C)C,O=P([O-])([O-])[O-].[K+].[K+].[K+],N#CC,-1.224289551208006,-0.6982614233068842,-0.2842367756839319,-0.5409122448896077,1.781530530865825,-0.480932827460351,1.0869897727564695,0.5164120737207398,-0.3579680742465482,-0.004776469817939837,0.11106920966074878,0.8719731108561679,1.2937238034703131,-0.8633414289501781,-1.4244336803419841,1.6703602962318325,0.04922158782919384,-0.797048754607137,0.1390282613722989,5.460849008039743e-16,6.950901314308479e-16,-7.879639113971801e-17,-3.487908594394256e-16,2.5806455796219465e-16,-1.250611677247112e-16,-3.2032150318734355e-16,2.130330516606323e-18,2.7705854323921037e-16,2.238658805896341e-16,1.182322940257172e-16,-4.9707014712530815e-17,9.641013292779774e-17,-2.2356894514081566e-16,1.0035723130152424e-16,2.6707059356624704e-16,1.5191028694888364e-16,-1.7920532028275756e-16,-4.06551063404599e-17,-3.5589744227343283e-16,2.5541622762027955e-16,1.194501696553551e-16,1.482374524510766e-17,-1.524597667085067e-16,-2.0377797275004602e-17,-1.1836345300618286e-16,-2.7844454504618363e-16,-2.600174000179311e-16,7.598866620533517e-17,1.3562898091417048e-16,2.0312248047792318e-16,-1.5287123900572603e-16,1.0968341229756163e-16,-2.6693297610004285e-16,2.3222781863267325e-18,3.88153368556042e-17,1.5630628287362252e-16,1.0709223974986765e-17,8.942832127441442e-17,-4.409530996579275e-17,-2.22203169871943e-16,3.235641092850595e-16,5.3763171586731175e-17,7.40364598837863e-17,5.280780050192654e-17,-3.792083997467104e-17,2.3267618224434282e-17,-1.096251729550609e-16,-1.1051216771154254e-16,-1.3537696005836508e-16,-2.4148816804490334e-16,2.226913057527879e-16,1.431410531218839e-16,4.725900412539509e-17,2.4484292738683974e-16,1.9300726229452513e-16,1.076212476599126e-16,-4.63374742603239e-16,-3.265578253379677e-16,-8.465884146251886e-17,3.8869824688558746e-16,-4.914358458625161e-16,-3.8298536289218614e-17,7.588779416463967e-16,6.305630752686374e-16,2.8321169027620595e-16,1.62552112187733e-16,1.3905312441366418e-16,-1.141415616710868e-16,-1.1745581348231652e-16,-3.840790583041774e-17,-3.6762244494644034e-16,2.0862308476632314e-16,2.010584685644603e-16,-1.5999139564284675e-16,2.6586054157198565e-16,-5.192524277512496e-17,1.806714610675564e-16,1.1533465119504824e-16,6.38280781860379e-17,2.509764006139924e-16,-1.138858428365242e-16,-3.870500079376755e-17,9.217756239559983e-18,1.8920008972786148e-16,-7.701452118330221e-17,-1.0916073566452027e-16,-2.1781541428481507e-16,-9.141685198869057e-17,-1.0728069965075246e-16,-5.5419766146301635e-17,2.190197312498753e-16,-2.178751559123173e-16,1.2919040826565438e-16,2.407946088065839e-16,1.622157808252774e-16,1.5567851089929682e-16,-5.0427854327593637e-17,2.884522832165248e-16,1.7230175344486812e-16,-2.2264624129377124e-16,-8.807524068033832e-17,-1.6642129278697965e-16,-1.126133961103901e-16,3.289009036783217e-18,-4.616741143761902e-17,2.7091112097203203e-17,1.4584780240217008e-16,1.027772974333119e-16
P(C1=CC=CC=C1)(C2=CC=CC=C2)C3=CC=CC=C3||O=P([O-])([O-])[O-].[K+].[K+].[K+]||N#CC,P(C1=CC=CC=C1)(C2=CC=CC=C2)C3=CC=CC=C3.O=P([O-])([O-])[O-].[K+].[K+].[K+].N#CC>>,C_4343f4b39389,P(C1=CC=CC=C1)(C2=CC=CC=C2)C3=CC=CC=C3||O=P([O-])([O-])[O-].[K+].[K+].[K+]||N#CC,P(C1=CC=CC=C1)(C2=CC=CC=C2)C3=CC=CC=C3,O=P([O-])([O-])[O-].[K+].[K+].[K+],N#CC,-0.9376336432096946,1.2345744235185012,-0.28423677568393196,0.23684906840748365,1.781530530865823,0.27863967790261446,1.086989772756468,0.21949929330034543,-0.7800009929116309,0.14740606941524653,0.1110692096607495,-1.1263128578207304,1.2937238034703207,-0.8633414289501781,-1.4244336803419835,0.9338159119711471,0.04922158782919211,1.2462422126349613,0.1390282613722991,-1.4157781430075384e-16,-3.668492914202866e-17,3.07040843359137e-16,3.2630817789087743e-16,-3.4457521569885596e-16,-2.9828546069366343e-16,-3.450735034002955e-16,-1.8996370080272384e-16,-4.00597270786634e-17,-1.6336932870278434e-16,-9.078828495187608e-17,3.975005828249342e-16,-1.4337075009714202e-16,2.0746847363674797e-16,4.046698617589376e-17,-1.8306194628515226e-16,1.6065269227110354e-16,4.331434657180701e-17,1.9287483874722704e-16,2.883965454840108e-17,1.0722731258973138e-16,-2.461267040592563e-16,-2.953689959099239e-17,-1.1207542463028609e-16,-1.0283850881009944e-16,1.0990999197097432e-16,-3.0395229503920734e-16,-2.1352565265420945e-16,2.072480592554838e-17,1.6808752469779097e-16,-7.135405600871112e-17,1.384920088855126e-16,1.015399362908096e-16,1.230693452137346e-16,-4.818558378768709e-17,-1.1751078484385694e-18,-3.143003322599588e-16,7.576973960800556e-17,3.382867020352343e-17,-3.4224351874313165e-17,-5.763432559729207e-17,7.486511374800641e-18,3.0870283986761263e-18,2.189360481967102e-16,5.0147984088969055e-17,-1.2830992002150017e-17,-5.212334265792957e-17,4.789390968182758e-17,-1.8027340126818263e-16,2.4365573132275657e-16,-1.3299139682686752e-16,-6.201957348434439e-18,1.1789471708558335e-16,-1.5413650012337187e-16,8.497300521843966e-17,-9.886151847705846e-16,-9.795076980816322e-17,-2.0732010464240922e-16,-1.2369115715856602e-16,-3.068683764203108e-17,-3.0609283466450785e-16,-3.07947299448848e-16,5.446490974947234e-17,-3.92179538959334e-17,2.478556855365313e-16,4.651554086036651e-16,-5.760302111581283e-16,-1.227689174691143e-16,-1.5702476359762722e-16,-5.790089793111997e-16,2.23038319555924e-16,1.604394860772226e-16,-1.6554187914496637e-16,-1.1837123772841748e-17,-4.82502627130946e-17,-1.9430660136042055e-16,-2.9330402488278367e-16,6.737273476436009e-17,-3.936003896556501e-16,-4.4457082210811537e-17,6.793536722436353e-17,2.364561491108122e-16,3.852592439790335e-16,2.671541109846473e-16,-1.3932050914209005e-16,-1.131872307343602e-16,-5.027847802281777e-17,1.5101307720434573e-16,7.173655415484482e-17,2.958984988166179e-17,4.664650892215316e-17,1.9079486265833176e-16,3.942058921873751e-17,4.050338666034666e-17,3.813629980537004e-17,8.57468914729022e-18,-1.5560223172896572e-16,-8.288441637305862e-17,8.654264282687052e-17,-2.4228284162269028e-17,9.813934584642931e-17,2.1698000884940044e-16,-8.230856951259684e-17,-1.142898063066668e-16,2.458942117580124e-17,2.1753942248530487e-17,1.4225799686652917e-16,-1.5959202445627185e-16,-8.856239568892251e-17
CC(C)(C)P(C(C)(C)C)C1=CC=C(N(C)C)C=C1||O=P([O-])([O-])[O-].[K+].[K+].[K+]||N#CC,CC(C)(C)P(C(C)(C)C)C1=CC=C(N(C)C)C=C1.O=P([O-])([O-])[O-].[K+].[K+].[K+].N#CC>>,C_f286a094507d,CC(C)(C)P(C(C)(C)C)C1=CC=C(N(C)C)C=C1||O=P([O-])([O-])[O-].[K+].[K+].[K+]||N#CC,CC(C)(C)P(C(C)(C)C)C1=CC=C(N(C)C)C=C1,O=P([O-])([O-])[O-].[K+].[K+].[K+],N#CC,-1.5782981121882065,-0.6507387560859175,-0.28423677568393174,-1.3390820507081516,1.7815305308658225,-3.0233120881828097,1.0869897727564684,-0.26903145405850976,0.3510346086273142,-0.3959375129998075,0.11106920966074944,-0.8157423012752533,1.2937238034703198,-0.8633414289501782,-1.4244336803419846,-0.5617383596306829,0.0492215878291931,0.020503180976102847,0.13902826137229912,-2.678666048036717e-15,-3.993665760371496e-16,4.12843030332673e-16,-5.907127925775569e-16,-5.1069406222961475e-16,2.650684822946567e-17,1.5372255990041062e-16,7.855718568752313e-17,-4.230812915811286e-16,4.92405350137488e-16,-2.758993760731501e-16,-1.0586429495825394e-16,-6.142507457957841e-16,-3.5146980887388075e-16,-1.3028584146816e-16,8.65187877087689e-18,-1.9942362923949816e-16,-6.871956936935601e-17,9.72614346347071e-17,3.8536122652559075e-17,-1.945023793640039e-16,1.7165570685919164e-17,4.1654338421630203e-16,-1.6457268593582425e-16,-2.747490262565435e-16,7.613868442409889e-17,-5.030349741360673e-18,1.7328319348959548e-16,-4.866138075830013e-17,2.928024316209979e-17,-3.153703277497977e-16,4.2813736450504676e-17,-1.2784099924821922e-16,1.3645710578487655e-16,-1.6269870338709023e-16,-2.7533943992335133e-17,2.7472803069896264e-18,4.987848617840137e-18,6.817636339366532e-18,6.062886978372465e-17,-5.419496238155792e-17,4.5297983425599057e-17,-1.14384689658935e-16,9.817105907340921e-17,1.076643642064496e-16,-1.7933983049633632e-16,1.3258630947402287e-16,-7.805286568444514e-18,-1.1643477766943286e-16,1.3297946487568932e-16,4.4126913747353547e-17,-4.122670912706324e-17,-1.3081518146671113e-17,-1.0076849897965329e-16,8.979718893053962e-17,-1.3349746365238087e-16,2.6046572041883007e-16,4.219819348004822e-16,4.616805298381384e-16,-2.5732385486483194e-16,-7.678736385794066e-17,8.444882180632596e-17,-6.148673580399887e-16,1.6162650367382625e-16,1.1677840416757074e-16,9.673953642861818e-17,-2.1562893905683522e-16,3.2877499230545823e-16,6.66134269261745e-16,3.616813870877132e-16,-3.1476139729324814e-16,-4.0690522017128e-16,3.253399720889478e-16,-1.1742468638944565e-16,1.536969834911945e-16,-2.3766039902070006e-16,-4.551837282974187e-17,-3.720651017960692e-17,1.189918031944724e-16,1.9323857083146112e-16,-4.983065524764099e-16,-8.921147873522604e-17,7.377056137092171e-17,-5.737302034636116e-17,4.762610655648374e-17,-1.019528171952387e-16,1.1383240154516762e-16,1.9419221219919023e-16,6.82313510008311e-17,-1.098937590651011e-16,-8.394946740044493e-17,2.431738831045921e-16,-1.0158618048393826e-16,-1.1396605420628943e-16,-6.504276551821939e-17,6.40605097260234e-17,-2.3090430788121824e-16,5.719110384722999e-17,5.392968110143969e-17,-1.3564294487547518e-16,-2.785671276246987e-17,-2.5349178367914732e-17,1.3265809069343649e-16,-6.921153933722219e-17,-9.367620191626988e-17,5.074881989016713e-17,1.8986426590324203e-16,-1.09697114902043e-17,1.1188477442119657e-16
P(C1CCCCC1)(C2CCCCC2)C3CCCCC3||O=P([O-])([O-])[O-].[K+].[K+].[K+]||N#CC,P(C1CCCCC1)(C2CCCCC2)C3CCCCC3.O=P([O-])([O-])[O-].[K+].[K+].[K+].N#CC>>,C_ba37fad64c8c,P(C1CCCCC1)(C2CCCCC2)C3CCCCC3||O=P([O-])([O-])[O-].[K+].[K+].[K+]||N#CC,P(C1CCCCC1)(C2CCCCC2)C3CCCCC3,O=P([O-])([O-])[O-].[K+].[K+].[K+],N#CC,0.8097398838794678,-1.6108233270164565,-0.2842367756839311,-0.03231794708524352,1.7815305308658227,0.5630227060514398,1.0869897727564686,2.2053092310680893,-1.3646949579166308,-0.5762782864827902,0.11106920966074893,-0.011638395004671596,1.293723803470317,-0.8633414289501768,-1.4244336803419848,-0.8033477138467446,0.049221587829192795,-0.029613970329750956,0.13902826137229918,-4.946567239200251e-16,-3.8921797467862454e-16,-1.7023612728949085e-16,-4.644750552323147e-16,-1.515295141456057e-16,-2.9149765724631947e-16,-2.5973195294460415e-16,-2.956961757166492e-16,1.8882444099003054e-16,4.0159808113296623e-16,-3.687306284057988e-16,4.0717270293242167e-16,-3.351081354415109e-16,1.5208552900904732e-16,-5.385549494881664e-16,-2.5360608346389554e-16,3.1367519267021695e-17,-1.1039439372262082e-16,1.0452680649673669e-16,-5.820914804212705e-17,2.1752465617305678e-16,-3.8639547243941563e-16,-7.169234220634874e-17,-1.9633190165133856e-16,1.1867727902646758e-16,2.396333397255212e-16,-1.346909550193999e-16,-1.615196808135457e-16,-4.1950111262489446e-18,6.743442661487489e-17,2.112188263788844e-16,1.9297802332276964e-16,-6.106181494539176e-17,1.669710239210177e-18,-9.31847448531504e-17,-1.029833170878143e-16,-3.5608031559112523e-16,1.9376554643266216e-17,-1.9314195213243222e-16,-5.896530188098174e-17,1.396082973352534e-16,7.517689381885304e-17,-9.469602086191219e-17,-1.0548963731214787e-16,1.5982149842408355e-17,-7.764576402738115e-17,-1.2052087265370173e-17,-2.3752348035031575e-16,-1.1221397808234499e-16,-8.008736273688507e-17,-6.772550027566696e-17,-2.3316509208696407e-17,-1.7341709771699113e-16,-2.314296405215751e-17,-1.6371270065336915e-16,1.4469740829271924e-16,-4.041527217531275e-16,-2.4329902792404366e-16,2.689154132336971e-16,1.0938703891618072e-15,3.356836425566604e-16,-3.915503482776387e-17,-5.000898602906467e-17,-3.759678563967741e-16,-1.1506285877434979e-16,4.928252535682277e-17,-9.666589296868255e-17,-7.256404889279859e-17,-4.76871260199319e-17,-3.5481911211866637e-17,-3.7981570066647117e-16,5.143589235589721e-16,-1.9428005783396603e-16,6.836644967204353e-16,-2.853390138227205e-16,-1.5459903633263756e-16,2.4723314358938447e-16,1.01750875069227e-16,-5.405605993533754e-17,1.158489243093553e-16,-2.4125225662634317e-16,-1.5913525109829497e-16,-1.3928703513272847e-16,-1.0807786091373516e-16,4.736517708709047e-17,-1.6487521416539577e-16,3.225905189570574e-16,6.391477510800007e-18,-1.2194173052225205e-16,2.8574535882452286e-17,-2.4867686472322653e-16,1.970866111985312e-16,3.4516054093877435e-17,4.181491932754537e-17,-4.653287292190248e-18,-7.749304741768442e-17,-2.237312640682142e-17,2.6369961711499263e-17,-5.738210991677373e-17,-5.252289036791303e-18,1.0948149376809009e-16,-3.3285247417904466e-17,-1.0422274100053358e-16,2.0840024555170427e-16,-1.783159218706428e-16,-1.3821128681002993e-16,2.0428606833937367e-16,1.6144427750028176e-16,6.485020089155453e-17
CC1=CC=CC=C1P(C2=CC=CC=C2C)C3=CC=CC=C3C||O=P([O-])([O-])[O-].[K+].[K+].[K+]||N#CC,CC1=CC=CC=C1P(C2=CC=CC=C2C)C3=CC=CC=C3C.O=P([O-])([O-])[O-].[K+].[K+].[K+].N#CC>>,C_eee5099396d7,CC1=CC=CC=C1P(C2=CC=CC=C2C)C3=CC=CC=C3C||O=P([O-])([O-])[O-].[K+].[K+].[K+]||N#CC,CC1=CC=CC=C1P(C2=CC=CC=C2C)C3=CC=CC=C3C,O=P([O-])([O-])[O-].[K+].[K+].[K+],N#CC,-0.26365475576253333,0.9915488887997188,-0.28423677568393063,0.3224862210695106,1.7815305308658265,-0.2454093315564958,1.0869897727564684,-0.5084585430537772,-1.0360040403224677,2.508680959507179,0.1110692096607486,0.45264748397795973,1.2937238034703142,-0.8633414289501776,-1.4244336803419841,-0.5902568205259898,0.049221587829192344,-0.24296470019919025,0.13902826137229932,6.510226872204612e-16,1.2504705829965888e-16,-3.293208834849124e-16,-2.1951820480903496e-17,6.058096855870341e-16,5.046396123275031e-16,2.4274789254399683e-16,-2.1852110315902613e-16,-3.7967097290924835e-16,2.3324205550459537e-16,3.493963596202069e-17,4.073787047905705e-16,-2.6176491063726047e-16,2.2397389811050085e-17,1.7630379379743685e-18,2.4507074251359525e-16,2.2018113821643297e-16,-1.3031478203690203e-16,-7.852114564146928e-17,3.596502994380278e-17,4.2456915504577426e-16,-9.137546226636448e-17,-2.33441990951015e-17,-6.733071127297115e-17,-8.062068931404678e-17,1.9433629035228518e-16,-4.181659940497319e-17,6.26863630358541e-17,-1.060733407325683e-16,1.8834274832704253e-16,-1.7057153083566604e-17,6.296998926770913e-17,4.803939150623485e-17,-7.867266811249057e-17,1.630097631998624e-16,1.403470064364581e-16,9.114873341927842e-17,-1.3511662781542826e-16,-9.736695346207791e-17,1.9879945142910475e-16,-4.21220351271892e-17,3.100078695904812e-17,-5.3413345510206363e-17,7.573513635721395e-17,1.5446256677157122e-16,-8.760439500944644e-17,1.4300458049474863e-16,1.2009134438440958e-17,-1.7441050891504074e-16,-2.325685092722104e-16,4.4448374037437824e-17,2.556847312396198e-16,1.0265820251433104e-16,1.2888868832904437e-16,4.725258063633607e-17,5.070682980491003e-16,-5.72174030642308e-16,-1.2588255510099845e-17,1.6757963451483508e-16,-1.9956346607120818e-16,-7.524695333536117e-16,7.602929878964545e-17,6.314843428140133e-17,-3.887275221824996e-16,-6.91030842363219e-16,-2.728512301992972e-16,-1.1406013573093029e-16,2.2075280540414847e-17,-1.7024066914600547e-16,-1.037003337942309e-16,-1.5628587991951353e-16,-9.687553764836964e-17,7.915823896649282e-17,2.2009659819755275e-17,2.1277375505782103e-16,-1.424244833233352e-16,-1.4390957820907897e-16,1.2592305087616508e-16,-2.2355932644458413e-16,-4.555187506198429e-19,-7.143133986943676e-18,2.6747530947706234e-17,-1.2132407494323515e-16,-1.0642996845384716e-17,1.5123909594531195e-16,2.0485582431846243e-17,-2.943796247379173e-17,8.867215720756145e-17,2.907649134096994e-16,-7.721330419853756e-17,1.3094431534291964e-16,-5.556155393980462e-17,4.450534143324462e-17,7.353484481124391e-17,3.0106159748904855e-16,1.3851206146685659e-16,-1.3820407274642909e-17,1.0689866927795638e-16,9.389922502097238e-17,9.064953089132114e-17,-1.2546626086767386e-17,-2.1854730921702027e-17,-2.3914265769554372e-17,-1.9642318213557334e-16,5.77015968963921e-17,1.6720778700946365e-16,4.5542409196185935e-17,7.089229678088307e-18,4.490438036457467e-18
CCCCP(C12C[C@@H]3C[C@@H](C[C@H](C2)C3)C1)C45C[C@H]6C[C@@H](C5)C[C@@H](C4)C6||O=P([O-])([O-])[O-].[K+].[K+].[K+]||N#CC,CCCCP(C12C[C@@H]3C[C@@H](C[C@H](C2)C3)C1)C45C[C@H]6C[C@@H](C5)C[C@@H](C4)C6.O=P([O-])([O-])[O-].[K+].[K+].[K+].N#CC>>,C_a6bad66779a3,CCCCP(C12C[C@@H]3C[C@@H](C[C@H](C2)C3)C1)C45C[C@H]6C[C@@H](C5)C[C@@H](C4)C6||O=P([O-])([O-])[O-].[K+].[K+].[K+]||N#CC,CCCCP(C12C[C@@H]3C[C@@H](C[C@H](C2)C3)C1)C45C[C@H]6C[C@@H](C5)C[C@@H](C4)C6,O=P([O-])([O-])[O-].[K+].[K+].[K+],N#CC,-0.8853811771272792,-3.1922335638057366,-0.284236775683929,2.7128391219197554,1.7815305308658234,0.4911992976161389,1.0869897727564697,-0.980647620776527,0.5753078969520411,0.06697642453299618,0.11106920966074914,-0.35554907531949165,1.2937238034703173,-0.8633414289501777,-1.4244336803419848,-0.006961552994127237,0.0492215878291929,0.037064967961356055,0.13902826137229887,-8.964233730871467e-16,3.4382285970006837e-17,2.0556755556343244e-16,2.2851096676847953e-16,6.462581883299831e-17,-6.788590613381177e-17,-3.0863397401116327e-16,-5.2725592393253675e-16,8.916648140848052e-17,-1.8330057695029634e-17,2.4954004585672414e-16,4.065917382607623e-16,-8.811381479217959e-17,-4.763622543839111e-16,-2.6843842764093357e-16,3.63293477673982e-16,1.1438328357566796e-18,7.69195732234707e-17,2.361099606302584e-16,3.0442287695487236e-16,-1.3255516501244668e-16,8.120558823443255e-17,5.147945864223587e-16,1.5638785443059439e-16,-2.0437910442956849e-16,-2.0616801178504483e-16,-1.8910528060124364e-16,2.6017192150285733e-16,3.322850699971173e-16,-3.843652939369565e-17,-5.0424538212314056e-17,1.3696051664223236e-16,2.130977804531454e-16,-1.0875630582975336e-16,-7.257060126058892e-18,-1.0430033438646013e-16,5.768310040768237e-17,2.3821720330850343e-17,-4.182251728378294e-18,-7.257161739887615e-17,-2.6816928715858145e-16,1.7650146761931178e-16,2.197226328020289e-17,-9.231400039620402e-18,-1.236967135136516e-16,4.1330443144370606e-18,-9.759500035603522e-17,4.578251716262803e-17,9.439715589962188e-17,2.098701775870653e-16,-1.4211614298652635e-16,-1.906126683087021e-16,2.7126225840906076e-16,-9.814389317855352e-18,-1.692720446438671e-16,-3.9484925690991807e-16,3.3327575857813057e-16,1.2713811111751439e-16,-1.3132930639272421e-17,1.2151321432252841e-16,4.80078627660679e-16,-2.716736007316154e-16,2.9400423195026637e-16,-5.076929452805387e-16,-5.799241925642017e-16,-3.930988355775977e-16,-1.9995408199403438e-16,-1.322716796628792e-16,6.194051879286582e-17,-7.522300286459401e-17,2.1230676311814722e-16,-3.872070647562803e-16,3.491821662966712e-16,-1.9837203314195911e-16,8.109484515319068e-17,-1.0708491319499661e-16,1.0537008923389834e-17,-1.287623653906321e-16,1.1805298923538022e-16,6.426584829806538e-16,3.503925553401266e-16,-5.2318526037742256e-17,-1.4134030461256631e-16,-8.081547579895448e-17,1.935507670816588e-16,2.3681429229481345e-16,4.676215198266715e-17,-9.900791978290793e-17,-3.387087891413475e-17,1.8926319170443803e-16,-2.179684631669102e-16,-6.976792422507938e-17,1.2811380226097747e-16,-1.1296455878267623e-17,-9.183351123095098e-17,2.4785014196785918e-17,-1.511884383103077e-17,-6.993334872569328e-17,1.0444002399776886e-16,1.1287560976581296e-16,3.6325453699285065e-17,-5.250653273516173e-17,2.0639136371066033e-16,7.99227837550741e-17,5.58393573139485e-17,-8.00241315480044e-17,-6.578862232987197e-17,-2.08926104807769e-17,7.604691605577226e-17
COC1=CC=CC(OC)=C1C2=C(P(C3CCCCC3)C4CCCCC4)C=CC=C2||O=P([O-])([O-])[O-].[K+].[K+].[K+]||N#CC,COC1=CC=CC(OC)=C1C2=C(P(C3CCCCC3)C4CCCCC4)C=CC=C2.O=P([O-])([O-])[O-].[K+].[K+].[K+].N#CC>>,C_78cf5ed110f2,COC1=CC=CC(OC)=C1C2=C(P(C3CCCCC3)C4CCCCC4)C=CC=C2||O=P([O-])([O-])[O-].[K+].[K+].[K+]||N#CC,COC1=CC=CC(OC)=C1C2=C(P(C3CCCCC3)C4CCCCC4)C=CC=C2,O=P([O-])([O-])[O-].[K+].[K+].[K+],N#CC,3.697093256973161,0.2187314862096805,-0.2842367756839305,-0.16998697856093628,1.7815305308658234,-0.13753115125335097,1.0869897727564701,1.0255047079947919,1.9551116939983535,0.8801350735997565,0.11106920966075039,-0.39711254278881225,1.2937238034703182,-0.8633414289501775,-1.4244336803419841,0.25509854087750305,0.049221587829192254,0.02604236923424069,0.13902826137229926,1.2963693933361023e-15,6.224035598410254e-16,1.413039836588609e-16,2.770220572676405e-16,-1.2399188639985869e-15,-1.1201160142792463e-15,-7.654248447065278e-17,6.858260923820631e-16,-2.8481481621124865e-17,7.003116536450248e-17,3.3203530628364124e-16,5.1344310654077e-16,-4.819709957328182e-16,3.84416139613968e-16,-5.770058116038604e-16,-1.9288789098312537e-16,2.1227671160392284e-16,2.9105970520015644e-16,6.127981020997952e-16,-3.767853460079143e-17,1.2783768583968985e-16,-4.304789926113024e-16,1.0595625484614128e-16,5.281860032750733e-16,3.5196245393433026e-17,1.6159420473573346e-16,4.483577478517939e-17,-1.7978217695059954e-16,-1.1195068869364092e-16,-4.284957552352646e-17,3.535902566400093e-16,-3.261059763071464e-16,-1.2382118057183336e-16,-3.6293250385156994e-16,9.235408576548263e-17,-3.81184998666744e-17,2.9769340351003624e-16,-9.870556107935821e-17,1.4187522859536144e-16,3.955464990245181e-16,-8.635006601796982e-17,-3.2776862320905555e-16,-1.2747020970437281e-16,-5.363881683140813e-19,-1.7632155583480539e-16,2.0626239055208967e-16,-6.087159170096151e-17,-9.422264731280582e-17,-3.946168079369831e-17,-1.4285919968489024e-16,6.947891140721369e-17,-2.3230302374423252e-17,1.2215131636887982e-16,3.376234486704055e-17,3.959557732458035e-19,-4.129845786727157e-16,5.280210472573401e-16,4.8971755485744654e-17,-4.2343079402990814e-17,1.590189865477084e-16,7.370132771181919e-17,4.951974214994635e-16,-2.8476688020980117e-16,-1.8147074228900328e-17,5.312684365111405e-16,1.3685667913408287e-16,-9.60793436409576e-18,-2.715642676299539e-16,-1.48916480974347e-17,1.6253475828812355e-16,-3.5674616283978195e-16,3.387130941321458e-16,2.1561046425174116e-16,-2.5221842534181717e-17,-9.132952106456165e-17,3.132247609716133e-16,1.8795503829196173e-16,1.6669390633871494e-16,4.5670343105362477e-17,-5.70496549105363e-17,-3.956097824323529e-16,4.047126123589854e-16,-8.80862489541878e-17,1.1817537744434295e-16,-2.3124349403497107e-16,7.316258594249727e-17,1.4603985177562439e-16,4.911901738331649e-18,1.258482539500142e-16,9.716522109425e-18,1.1244536690038833e-16,-2.201978295969815e-16,1.784535570917199e-17,7.164693211080248e-17,-1.0083202273621165e-16,7.624756124115466e-17,7.308506523065894e-17,-2.0414900142953015e-16,-1.0327732240919418e-16,2.3320510010150795e-16,1.0295681984417239e-16,-1.0194222722736463e-16,1.3378597730282667e-16,3.155672880998912e-17,1.4260824868298706e-17,1.9160269321767975e-16,3.8601660674447704e-17,2.6449165716433126e-17,5.891071343605812e-17
CC(C)(P(C(C)(C)C)[c-]1cccc1)C.CC(C)(P(C(C)(C)C)[c-]2cccc2)C.[Fe+2]||O=P([O-])([O-])[O-].[K+].[K+].[K+]||N#CC,CC(C)(P(C(C)(C)C)[c-]1cccc1)C.CC(C)(P(C(C)(C)C)[c-]2cccc2)C.[Fe+2].O=P([O-])([O-])[O-].[K+].[K+].[K+].N#CC>>,C_bd7171db62c5,CC(C)(P(C(C)(C)C)[c-]1cccc1)C.CC(C)(P(C(C)(C)C)[c-]2cccc2)C.[Fe+2]||O=P([O-])([O-])[O-].[K+].[K+].[K+]||N#CC,CC(C)(P(C(C)(C)C)[c-]1cccc1)C.CC(C)(P(C(C)(C)C)[c-]2cccc2)C.[Fe+2],O=P([O-])([O-])[O-].[K+].[K+].[K+],N#CC,-1.56781664669475,-0.5445544539407906,-0.2842367756839311,-1.8306686961429985,1.781530530865826,1.1506141613685523,1.0869897727564715,-0.3417448804185342,0.9228435721645201,-0.12806008460238097,0.11106920966074822,1.7193547786868173,1.2937238034703091,-0.8633414289501763,-1.4244336803419857,-0.37552400425580484,0.04922158782919248,0.6986574594526085,0.13902826137229907,2.290431187580203e-16,1.9050844411756172e-16,-1.3577921527401444e-17,2.1223490662929932e-16,6.209147627484692e-16,9.78361247300945e-17,-6.26837415573302e-17,-1.2119532741385548e-16,1.32441232044186e-17,4.882375347672236e-16,2.74877342310496e-16,2.842884215724669e-16,6.193453642364031e-17,-2.057048192938605e-16,5.1482873219087854e-17,-8.786060188007058e-17,-7.22707223246817e-17,3.496994157084997e-17,1.384518946653635e-16,9.392476782460326e-17,-8.252401688222903e-18,-1.0405829468516219e-16,-4.7960970802979985e-17,-1.2448525785981602e-16,1.4763447152616214e-17,8.187574785870726e-17,-1.1126929336183762e-16,2.8481186052984104e-16,-1.0709884596952938e-16,1.1287377933395084e-16,-5.687895220092162e-17,6.086986853837547e-17,4.7306323216452196e-17,-1.2743986962435332e-16,-8.241299619552977e-17,2.0837599088880557e-16,-1.2438865904601059e-17,-1.7031718126337015e-16,3.4847024666442697e-17,-2.344550857210669e-17,-3.624721104759233e-17,1.450800129475787e-16,-1.9309525422171224e-16,2.519189852492263e-16,1.0928747397936143e-16,-4.7158468796760405e-17,-1.1245235906004332e-16,-1.529205280783738e-16,7.924292878422775e-17,4.35798572957862e-18,-1.4333646663986394e-17,2.3114783124757098e-17,-7.795059709892575e-17,-5.724076175741868e-17,2.0065585452963483e-16,-3.685148370533111e-16,2.097342361183221e-16,-4.496503957441308e-16,2.7665331556619704e-16,1.8135884986921558e-16,-4.689701412819146e-16,2.6688700469675583e-16,-4.0348493774708943e-16,1.3132343759643243e-16,1.3889334227545031e-16,9.29705004255641e-17,1.5246572969260052e-16,-2.4785103832046626e-16,-2.596672484242261e-16,3.3420722033460454e-16,-2.4388634858588136e-16,-4.548142130110231e-16,-4.105237032236851e-17,-1.400368836997684e-16,2.0212204550533966e-16,-5.0249925722614454e-17,2.5796045139136444e-16,-9.573655155992904e-17,-2.254226431492158e-16,-1.0699449175687867e-16,-9.09832783417777e-17,-2.293327413453011e-16,-4.485696334127406e-16,-8.616934931557213e-17,4.6359060272473604e-17,1.623566792743823e-16,-7.915845025631386e-17,-1.172510347741025e-16,-1.721159794307073e-16,-9.917711397656311e-17,-6.25073478655627e-17,-2.057997530205804e-16,3.5671982723394763e-16,2.3035422648547687e-16,1.219162674744875e-16,-7.141223074961584e-18,2.392756350839952e-17,3.1530389323681734e-16,5.672330864018253e-17,2.1133672501061437e-16,7.405212674404447e-17,2.831954408003743e-16,3.301334395457021e-16,8.275132308017025e-17,1.0286953552402564e-16,1.415705485327659e-16,-2.9376062894162915e-16,1.9675693514376386e-16,2.5327720155932598e-17
CC(C1=C(C2=CC=CC=C2P(C3CCCCC3)C4CCCCC4)C(C(C)C)=CC(C(C)C)=C1)C||O=P([O-])([O-])[O-].[K+].[K+].[K+]||N#CC,CC(C1=C(C2=CC=CC=C2P(C3CCCCC3)C4CCCCC4)C(C(C)C)=CC(C(C)C)=C1)C.O=P([O-])([O-])[O-].[K+].[K+].[K+].N#CC>>,C_fb6048ab1971,CC(C1=C(C2=CC=CC=C2P(C3CCCCC3)C4CCCCC4)C(C(C)C)=CC(C(C)C)=C1)C||O=P([O-])([O-])[O-].[K+].[K+].[K+]||N#CC,CC(C1=C(C2=CC=CC=C2P(C3CCCCC3)C4CCCCC4)C(C(C)C)=CC(C(C)C)=C1)C,O=P([O-])([O-])[O-].[K+].[K+].[K+],N#CC,4.095214292254156,0.06059900161018968,-0.28423677568393213,-0.5208425618983289,1.7815305308658256,-0.11150016598743262,1.0869897727564686,-1.7351649042204003,-1.040982267210731,-1.0072610296413136,0.11106920966074893,0.3127331155945702,1.2937238034703156,-0.8633414289501772,-1.4244336803419846,0.08800205000734847,0.04922158782919344,-0.0017897580635638367,0.13902826137229912,-1.7927884665401164e-15,-1.3661565195642618e-16,-4.888925232532887e-16,-3.4179278971661584e-16,7.327736958674227e-16,3.104778878691753e-16,-2.5816241097109763e-16,1.7216586505966167e-17,-1.4625702216401746e-16,1.5234644707024608e-16,8.642390889132017e-17,5.124238247782167e-17,-2.311081327855186e-16,1.1008590639983983e-16,1.31587721319589e-16,3.339841033131758e-17,-3.4224839171643337e-16,1.1365538630805703e-16,-2.039317133596708e-17,-5.2907754663540325e-17,3.8772706841633587e-16,-4.2262786591161744e-16,-7.870084890477755e-17,6.399926848497523e-17,3.6777124093975036e-16,-9.855329244613825e-17,1.2246871157551833e-16,-1.1197838673653405e-17,-3.011507118313792e-16,1.9526480514071112e-17,-1.5027748671220975e-17,1.853642054573831e-16,-1.491061773427767e-16,5.975160744446485e-17,1.8224666317622492e-16,1.8123741641471742e-16,-1.0400227575952831e-16,1.0469635377011883e-16,2.4720327449602968e-17,-8.633996257231213e-17,1.2923774247979142e-16,-1.5255015452498963e-16,3.268721529606714e-18,8.013172872223303e-18,5.920222383510154e-17,-1.0364698721496808e-16,1.0177384566570325e-16,-5.103804037042339e-17,-1.4465710735575525e-16,-2.1292769802487086e-16,6.943315587054469e-17,-2.789785753599174e-16,-7.020041912663349e-17,2.5130761822203134e-16,4.1184640700053774e-17,-1.6727365801407162e-16,-2.339293485475233e-16,9.403848761276475e-16,7.356302135895844e-16,4.407281691482281e-16,2.6109993871312505e-16,-2.1251720397071863e-16,3.2171526422152025e-16,4.958495397716685e-16,3.099684538943608e-16,1.3006510600400204e-16,2.594447803479163e-16,3.037378850510943e-16,-9.467514829151199e-17,-2.744485564530341e-16,3.098455147144987e-16,-9.206778417357387e-17,1.2266467620209216e-16,-1.3849437955274462e-16,3.5599999366921287e-16,6.712075858489487e-17,-3.593999523076819e-16,-7.697785343902699e-17,3.3179172112242128e-18,-2.8274090015482793e-16,-2.4945518512732796e-16,-1.099510951871092e-16,-2.4084162664372895e-16,4.1939119228961794e-17,-1.0893418113747911e-16,-7.882549906960405e-17,1.1809204252490063e-17,1.3019724285594123e-17,-2.3225697552557474e-17,1.40630718400419e-16,-6.133746860329208e-17,-1.3461309192786003e-16,-1.0066069147630422e-17,2.9242419351735033e-18,1.132176468120901e-16,-5.74918582000084e-17,1.8602990525207225e-16,-1.5473937509891824e-17,-1.963631971440152e-16,5.111565503755327e-17,4.91821815692432e-17,5.26138334463546e-17,2.0955790159805298e-16,2.5109930262556415e-17,-8.451878361971594e-17,-7.947048427869592e-17,-1.7503075112306074e-17,7.970462334281491e-17,1.204801425406917e-16
[c-]1(P(C2=CC=CC=C2)C3=CC=CC=C3)cccc1.[c-]4(P(C5=CC=CC=C5)C6=CC=CC=C6)cccc4.[Fe+2]||O=P([O-])([O-])[O-].[K+].[K+].[K+]||N#CC,[c-]1(P(C2=CC=CC=C2)C3=CC=CC=C3)cccc1.[c-]4(P(C5=CC=CC=C5)C6=CC=CC=C6)cccc4.[Fe+2].O=P([O-])([O-])[O-].[K+].[K+].[K+].N#CC>>,C_ee251b74166f,[c-]1(P(C2=CC=CC=C2)C3=CC=CC=C3)cccc1.[c-]4(P(C5=CC=CC=C5)C6=CC=CC=C6)cccc4.[Fe+2]||O=P([O-])([O-])[O-].[K+].[K+].[K+]||N#CC,[c-]1(P(C2=CC=CC=C2)C3=CC=CC=C3)cccc1.[c-]4(P(C5=CC=CC=C5)C6=CC=CC=C6)cccc4.[Fe+2],O=P([O-])([O-])[O-].[K+].[K+].[K+],N#CC,-1.3841208155545002,1.1338119037417695,-0.28423677568393246,-1.1785704697655899,1.7815305308658242,2.0264914915776937,1.0869897727564677,-0.4876063293133125,0.3252425987294686,-0.3701586543025705,0.11106920966074986,-1.4860818817801962,1.2937238034703227,-0.8633414289501786,-1.4244336803419841,-0.2675297355448333,0.04922158782919328,-0.7958149782613761,0.1390282613722992,4.763974637636343e-16,-2.1183163255676935e-16,-2.4252647960509447e-16,-7.37516254541979e-17,-2.5815224521385708e-18,2.6769115173196705e-16,3.0199091570465674e-16,-3.0855156871227575e-16,-1.256383701435129e-16,3.662120561635318e-16,-1.4527470293377956e-18,-2.319733620649613e-16,-2.3334935785296364e-16,-7.263583549237616e-16,7.210569751584331e-17,4.766540220426147e-16,-2.837497845447597e-16,1.1414417270836409e-17,-7.113222718987431e-17,7.252173992443085e-17,-2.5189358806029396e-16,2.8112072440535555e-16,-3.019076496869735e-17,3.4470525458077895e-16,-2.1567877293669065e-16,-9.809049345983462e-17,-2.26583290673948e-17,-2.7070578845978397e-16,-3.6660916570715248e-16,6.862110204721659e-17,-3.8054965399565336e-17,-8.666133254099846e-17,-2.0390109333981153e-16,-1.728461072101041e-16,-2.1176921326006118e-16,-1.8745066247313364e-16,1.9709779696408172e-17,1.1056569000719105e-16,-2.480134076591608e-16,9.858756595544273e-17,2.0256365371085669e-16,-2.2120656926518398e-16,2.6269707953204993e-17,-2.274552673815563e-16,-1.1049901839401613e-16,-5.389684303104152e-17,2.276653075456354e-16,6.809897702734599e-17,1.4141547446934346e-16,1.0929261651818507e-16,-1.8149826253879634e-16,-5.464464998751575e-17,-4.032640794078589e-16,1.7872547418366778e-16,-1.3169595867847777e-16,-2.07206324165162e-16,1.1465553584694127e-16,-3.437876140521605e-16,-4.2204987832243655e-16,-3.7959025145843635e-16,1.9986082072163017e-16,-1.2501738788283002e-16,3.1732308432388905e-16,-1.4083573438562294e-16,2.907023037800797e-17,3.2075895469901924e-16,1.0109525353821487e-16,2.773807484172825e-17,-1.2752381388406861e-16,2.0139204201079228e-16,9.25729384753308e-17,-2.753298637163411e-16,-4.5411111098579035e-17,2.0196729859168503e-16,1.5412792797737603e-16,-1.944309726329541e-16,-1.5372562770629645e-16,-3.5333729383871277e-16,1.2822462396165387e-16,-6.545935860977926e-17,-1.4171068017289693e-16,1.4076837042586588e-16,-8.840031303062687e-17,-5.908192665583011e-17,-2.213232403497785e-16,-8.341116129612641e-17,7.302952913017649e-17,-1.5968731564659672e-16,-1.5416759734358223e-16,-1.3159225944328323e-16,2.324487302357958e-16,1.161238384295355e-16,7.228764511480001e-17,-6.983975498418297e-17,1.5901250546694178e-17,-2.2549351826531142e-17,3.061661570587936e-16,3.6860149059724747e-16,-1.2635393373278642e-16,-3.5512790168869654e-17,6.931579564277735e-17,-1.0749224206948582e-16,6.963013212067793e-17,1.5576518094265619e-16,4.558121970352292e-17,-1.8783468532469407e-16,-8.740606213271438e-17,-3.2465471482275714e-17,2.245787194717096e-16
CC1(C)C2=C(OC3=C1C=CC=C3P(C4=CC=CC=C4)C5=CC=CC=C5)C(P(C6=CC=CC=C6)C7=CC=CC=C7)=CC=C2||O=P([O-])([O-])[O-].[K+].[K+].[K+]||N#CC,CC1(C)C2=C(OC3=C1C=CC=C3P(C4=CC=CC=C4)C5=CC=CC=C5)C(P(C6=CC=CC=C6)C7=CC=CC=C7)=CC=C2.O=P([O-])([O-])[O-].[K+].[K+].[K+].N#CC>>,C_93e6074ef436,CC1(C)C2=C(OC3=C1C=CC=C3P(C4=CC=CC=C4)C5=CC=CC=C5)C(P(C6=CC=CC=C6)C7=CC=CC=C7)=CC=C2||O=P([O-])([O-])[O-].[K+].[K+].[K+]||N#CC,CC1(C)C2=C(OC3=C1C=CC=C3P(C4=CC=CC=C4)C5=CC=CC=C5)C(P(C6=CC=CC=C6)C7=CC=CC=C7)=CC=C2,O=P([O-])([O-])[O-].[K+].[K+].[K+],N#CC,-0.760852731361818,3.0573458202759265,-0.2842367756839302,2.340206537654115,1.7815305308658227,-0.5112817700760035,1.0869897727564704,0.35592842575710554,0.4501099621363105,-1.120726489208372,0.11106920966074924,0.8357285648736807,1.2937238034703136,-0.8633414289501766,-1.4244336803419853,-0.34191861228964554,0.04922158782919227,-0.16127802879825115,0.13902826137229915,2.2063257216661386e-15,3.0006004659175444e-16,8.893962162020476e-16,1.4573695136071548e-16,-8.255434266442879e-16,-3.945029725262855e-16,-1.0121992003568e-16,1.413696554534483e-16,-5.671500988974827e-16,6.532477167721555e-16,-1.716317425606473e-17,-2.511903891649165e-17,-4.276657179119279e-16,6.007871502603411e-16,-8.473865129092199e-16,-1.9480870607937818e-16,1.065952672440863e-16,3.631743458899369e-16,3.300703878379797e-17,-2.265345350533385e-16,-2.1508294717694534e-16,-3.4231458540326027e-16,2.603160174943639e-17,2.899246716375989e-17,-2.7337757771845564e-17,1.465289117485955e-16,1.0355777461224608e-16,-5.104106844741104e-16,-6.653882993176791e-17,8.148207089530168e-17,2.2140384804156515e-16,-7.846356847284143e-17,9.023487965420209e-17,1.0426948091065511e-16,2.2620759156758433e-16,1.914772547644302e-16,7.925869673972653e-17,-4.851144318918228e-17,-1.2177588729833358e-16,-2.2765946868860802e-17,1.1367483710222852e-16,3.2398353044915446e-17,-6.572073639759977e-17,-2.0873385469617038e-16,-2.1455883047895943e-16,-2.8485545673648893e-16,1.004632035954044e-16,9.40070771901339e-17,2.5887402027964214e-16,-3.116457357734732e-16,-1.924866298585491e-16,2.874802913907979e-16,-2.4216503081856986e-16,-8.767079620400928e-17,9.091736396402098e-18,3.171345897272641e-16,-5.300068566850037e-16,-5.417490725510514e-16,1.0874192822664958e-16,1.5985349281657182e-16,1.9058660846961263e-16,-3.766018587731222e-17,7.749268083897592e-17,4.934687399851251e-16,-6.930752434614956e-17,4.1046440898574937e-17,-1.2381071941416628e-16,5.870945162174839e-18,1.676115448517715e-16,3.1229948634826757e-16,3.0031887603708996e-16,-6.642674576479466e-18,4.3272619411753175e-16,-4.750277856485311e-16,1.2510507300283555e-16,-8.067704827861554e-17,-2.1501564384732395e-16,-8.314995582650121e-17,5.1475390239227306e-17,1.3151855182481945e-16,-1.6437026892243442e-16,5.215809008615496e-17,8.389308443712318e-17,-3.3111172821376184e-16,-9.100764246913921e-17,1.7352557872134045e-16,-1.95952312857105e-16,3.163568530279492e-17,1.1162475907682217e-16,1.521357712651696e-17,-9.915810754274493e-17,-4.983798959912912e-17,1.0811293942242804e-16,-3.673228675393005e-17,-9.493822118184636e-17,8.849398046967331e-18,3.9524397402485954e-18,-5.0615859695693544e-17,1.7254792488203023e-17,-1.0942408324912791e-16,-2.5487027385307177e-16,7.735872898944366e-17,9.371363831647579e-17,-1.282534944084244e-16,-2.7925552725001505e-16,-4.336794341522946e-17,-1.1016607413240246e-16,-2.2866733299301806e-16,-2.1764511118161462e-16
CC(P(C(C)(C)C)C(C)(C)C)(C)C||[K+].[OH-]||N#CC,CC(P(C(C)(C)C)C(C)(C)C)(C)C.[K+].[OH-].N#CC>>,C_6bdcfd811af1,CC(P(C(C)(C)C)C(C)(C)C)(C)C||[K+].[OH-]||N#CC,CC(P(C(C)(C)C)C(C)(C)C)(C)C,[K+].[OH-],N#CC,-1.224289551208006,-0.6982614233068851,-0.28423677568393213,-0.540912244889608,1.7815305308658258,-0.48093282746035093,0.03001218690526596,0.5164120737207395,-0.35796807424654753,-0.004776469817940649,-0.21329434806094846,0.8719731108561675,0.7970543504303749,-0.8633414289501771,0.7065522983797519,1.6703602962318318,-0.5959422591539457,-0.7970487546071373,-0.6183147843372139,-5.6494389508476375e-16,6.971192933568112e-16,-2.5377693199208743e-16,-2.8134309842488945e-16,-4.166287976597037e-16,-4.516801208699828e-16,3.5417756970003945e-16,-2.2608291659259015e-16,2.435563038603367e-16,1.707228296067035e-16,1.277587886090188e-16,1.4911969626929445e-16,-4.2825808360508125e-16,-1.1773440157080166e-16,3.3578419585158037e-16,2.4401316196393274e-17,-1.2285765289871818e-16,-2.6179663963166037e-17,-2.6425359005574367e-16,-1.2629071873661645e-16,2.0199812386755775e-16,-2.20676302859587e-16,2.7411445410079986e-16,-1.299550979727214e-16,-5.667512121038696e-17,-2.857136848488194e-17,1.3347909338788052e-16,-2.2287434315229677e-16,4.207912238480993e-17,1.0724370756726037e-16,2.1627051294153128e-16,-2.0709363534153992e-17,-7.397803779787921e-17,4.8031097835078445e-17,8.089216419809446e-17,4.6269613121055856e-17,2.035360397641655e-16,2.227331103225206e-16,8.808246370381086e-17,8.077712211486082e-17,-2.4807761619132077e-17,1.3418502633269064e-16,-3.190594155220785e-16,-3.0716290306735095e-16,-1.4623255789260515e-16,-4.2698482374149283e-17,4.5337651124529866e-17,1.2537913602292305e-16,7.452105643616963e-17,-1.18610319627051e-16,-1.9126155220875356e-16,1.064458926708798e-16,5.560033147024758e-17,1.2618240307085305e-17,4.9866097887082624e-17,1.9978166147553391e-16,-1.2821915621427887e-16,5.457036251832029e-16,-5.743063495674379e-17,-3.034255117529651e-16,3.7625177296495287e-16,6.093011313717435e-16,-5.72870545093235e-16,1.8858260245122458e-16,-3.016387412736905e-16,1.9366142579897232e-16,-2.9288524809240124e-16,-1.3795091238402397e-16,-3.035977925915607e-16,-1.517329281075201e-16,1.544136753166265e-16,7.903566914148177e-17,3.773016202932911e-17,-3.1027898973595997e-17,-1.0893203990734522e-16,-1.7072512301176763e-16,2.656671744720136e-16,8.336914943449769e-17,-2.838535247873496e-17,1.4727012730086294e-16,9.276736354895771e-17,3.551827009516125e-17,-3.6530480461300126e-17,6.673560549616605e-18,-2.0072417318999373e-16,-8.03694930371146e-17,-1.621534735120632e-16,1.8774796092004055e-16,-1.0707404223911806e-16,1.31459396566214e-16,1.1245511615927153e-16,5.52596119223003e-17,5.057498894570155e-17,1.5502124198933398e-16,-7.55499520919414e-17,-5.405843841686309e-17,9.18167701294694e-17,-2.090814057115536e-16,1.419795871320453e-16,3.71696047639772e-17,-1.3898775420620216e-17,2.692616206238513e-17,-2.4992762206515947e-17,-7.793454912613646e-17,-2.6746989872201837e-16,-4.359308621587291e-17,-7.301696179891029e-17,9.670923160479616e-17,1.4453437141914135e-16
P(C1=CC=CC=C1)(C2=CC=CC=C2)C3=CC=CC=C3||[K+].[OH-]||N#CC,P(C1=CC=CC=C1)(C2=CC=CC=C2)C3=CC=CC=C3.[K+].[OH-].N#CC>>,C_5346ae39131a,P(C1=CC=CC=C1)(C2=CC=CC=C2)C3=CC=CC=C3||[K+].[OH-]||N#CC,P(C1=CC=CC=C1)(C2=CC=CC=C2)C3=CC=CC=C3,[K+].[OH-],N#CC,-0.9376336432096947,1.2345744235185008,-0.28423677568393196,0.23684906840748352,1.7815305308658256,0.27863967790261446,0.03001218690526374,0.21949929330034504,-0.7800009929116303,0.14740606941524598,-0.21329434806094802,-1.1263128578207309,0.7970543504303828,-0.8633414289501775,0.7065522983797528,0.9338159119711461,-0.5959422591539472,1.2462422126349615,-0.6183147843372141,-2.428880886892588e-16,-6.699381566526217e-16,-1.8002283017319584e-16,9.191208928724936e-17,1.7939098082597877e-16,3.018470626870791e-16,-7.230053643587208e-16,2.1948304959884339e-16,-5.4208953299397986e-17,1.4972241248335373e-16,-1.901185223446288e-16,-7.724793766591247e-17,-2.6972906814054672e-17,-2.1992729270858382e-16,-3.531988174827199e-16,-1.1897078055744072e-16,-4.777698589734804e-17,1.3091171391959045e-16,-2.772623692992744e-17,-1.397337644691423e-16,3.0639044764108605e-16,6.618643155956956e-17,1.234183127477558e-16,1.0179569579677438e-16,-1.123317029360764e-16,-1.8926961434626366e-16,1.7779582590949173e-16,1.1939883160694794e-16,-5.024740728150489e-17,9.821830077802076e-17,9.083799461273726e-17,-1.4518600969292347e-16,2.019137179381546e-16,-2.7781628366961285e-17,1.0952402737783286e-17,1.8532957226294175e-16,1.6004417018723586e-16,-5.4828355141045836e-18,8.506883166444708e-17,-6.643886042983274e-17,9.861147343931092e-17,-1.9891855360013386e-16,1.1345229952224052e-16,2.0554635618430736e-17,9.076873444404024e-17,-2.956273863266056e-16,8.256172865336174e-17,-2.2229706356913114e-17,2.2253826791188516e-16,2.9739490959419206e-17,1.1325088382211493e-16,-1.4874931615973627e-16,-1.1443799072550153e-16,1.0495453268274661e-16,-9.42225997349818e-17,-3.3811487779813237e-16,2.0901608150925914e-16,-3.4101214377408605e-16,-1.0417068996860177e-16,4.823465878590013e-16,1.8705241896081015e-16,2.1031970589005964e-16,3.014436197902221e-16,7.300471765841862e-17,-2.0162024131791384e-16,-5.747235711559804e-16,3.440463613674997e-16,7.821296885315658e-16,3.5553970879118816e-16,-1.4777487726516722e-16,1.4077411043591033e-16,-4.043420491206965e-16,1.0282152532012664e-16,4.3363177249813175e-17,-5.287187719307248e-16,2.2620747303557196e-16,-1.357635307192489e-16,7.631905291393581e-17,-4.129636199617247e-17,-1.4310413073607367e-18,-6.219696581675382e-17,-1.1226000544153247e-16,-1.1590125598827786e-16,-2.5775074906190885e-17,5.887181734780662e-17,-1.9412057647928648e-17,9.475828338376613e-17,1.3173169809756166e-16,-4.544788670105054e-17,3.529318333963286e-17,2.2911268597698495e-16,6.841633601039498e-17,-1.5747076870368783e-16,1.501021669827852e-16,-2.0940046905733695e-16,2.0332509670358194e-17,-1.0594825626238986e-16,-1.434773012547674e-16,6.485855701851484e-17,6.608358948981614e-17,-1.3330280902419146e-16,7.706853651727847e-17,-6.733766753362936e-17,-1.362714391493434e-16,5.6579500026287834e-18,2.9532080309501654e-18,-1.9920879441562262e-16,-3.0546610616561463e-18,-9.062582771531287e-17
CC(C)(C)P(C(C)(C)C)C1=CC=C(N(C)C)C=C1||[K+].[OH-]||N#CC,CC(C)(C)P(C(C)(C)C)C1=CC=C(N(C)C)C=C1.[K+].[OH-].N#CC>>,C_4e17baff8931,CC(C)(C)P(C(C)(C)C)C1=CC=C(N(C)C)C=C1||[K+].[OH-]||N#CC,CC(C)(C)P(C(C)(C)C)C1=CC=C(N(C)C)C=C1,[K+].[OH-],N#CC,-1.5782981121882067,-0.6507387560859176,-0.28423677568393174,-1.339082050708151,1.7815305308658245,-3.0233120881828097,0.03001218690526449,-0.2690314540585102,0.35103460862731467,-0.39593751299980856,-0.21329434806094766,-0.8157423012752538,0.7970543504303818,-0.8633414289501771,0.7065522983797508,-0.5617383596306835,-0.5959422591539466,0.02050318097610227,-0.6183147843372139,7.161583170257152e-16,-7.670160635630197e-19,2.4224992898630866e-16,-3.4738677015635085e-16,-1.7180296469243764e-16,-2.3628368984568327e-16,-2.894823797586355e-17,1.4031158203515543e-17,-6.30719734088672e-16,1.3980908582318522e-16,-2.0599295618127757e-16,-7.423946704876839e-17,-3.651529276891822e-16,-1.0731357640581174e-16,-3.3370467953331706e-16,2.0905396956817147e-16,-1.3524678459098365e-16,7.363671381338356e-17,1.7590108172970763e-16,-1.3270715863107403e-16,-1.914381978664346e-16,7.86170556797389e-17,-1.905309754007383e-16,3.4202379776701274e-16,-1.279871373226008e-16,1.3348764038380305e-16,-2.505030849455259e-17,3.374623184594188e-17,-5.027917426710039e-17,4.1242674256011085e-17,-1.4863456425335957e-16,-3.57632305049203e-16,8.661489681720398e-17,9.797756644730343e-17,3.9403698281939147e-17,1.1179813505541243e-16,-2.1823294023214632e-16,-2.1052477466754573e-16,8.911898835127537e-17,3.602366992830106e-17,-1.1590140806272063e-16,-7.765428374257907e-17,7.958373955464788e-18,1.2186471344919295e-16,8.992158540434265e-17,1.5573745380204515e-16,-3.8395306586768794e-17,-1.5298685710338206e-16,6.48962631624555e-17,-8.552055728955239e-17,-2.2345387549080623e-16,6.964433572810303e-17,1.5749182678359125e-16,-8.112749522482991e-17,-8.443843366167238e-18,3.035812421958693e-16,-2.88740577225079e-16,4.654249578947508e-16,-2.0632050937367215e-16,4.5222499354400826e-18,1.1175904869417787e-16,-6.630049733624848e-17,1.8224476919788848e-16,-3.447971488744332e-16,1.437336860142729e-16,5.183891741232775e-16,3.5168838113483597e-16,5.115816346977809e-17,-4.478019799258708e-16,-9.17424521779984e-17,-2.6815828530582867e-16,-3.048754387115777e-16,5.916280410127761e-16,-1.0940414838969856e-16,-2.719615092583462e-16,-1.2790971098533822e-16,3.3854470067693783e-16,-4.990818098868952e-18,-1.657553695514377e-16,6.99524830399163e-17,6.271769182284357e-17,-1.0670254906262424e-16,1.07277757575851e-16,2.2464357806112986e-16,1.130881839124779e-16,-1.5167288970403852e-16,-1.3253436686344029e-16,8.2281761313208e-17,2.004631378826947e-17,1.580337002440013e-16,-2.325124698991072e-16,-9.238674026819341e-17,3.897953853629132e-16,-1.1226991761076422e-16,-1.7437519908831285e-16,1.0572573495276513e-16,-9.368387880297092e-17,8.494775528525384e-17,-1.4021806662200843e-16,-2.3953608649941025e-17,1.1397534768868472e-17,3.571403964399727e-16,-1.3377241022843625e-17,1.5452586016065465e-17,-6.79968869843115e-18,-1.543814064045332e-16,-1.5070890043551247e-16,1.2235905847871135e-16,-9.775218773613401e-17
P(C1CCCCC1)(C2CCCCC2)C3CCCCC3||[K+].[OH-]||N#CC,P(C1CCCCC1)(C2CCCCC2)C3CCCCC3.[K+].[OH-].N#CC>>,C_bfabde8bf9e4,P(C1CCCCC1)(C2CCCCC2)C3CCCCC3||[K+].[OH-]||N#CC,P(C1CCCCC1)(C2CCCCC2)C3CCCCC3,[K+].[OH-],N#CC,0.8097398838794678,-1.6108233270164574,-0.2842367756839312,-0.03231794708524364,1.781530530865825,0.5630227060514398,0.03001218690526473,2.2053092310680897,-1.3646949579166305,-0.5762782864827911,-0.21329434806094855,-0.011638395004672127,0.7970543504303784,-0.8633414289501757,0.7065522983797512,-0.8033477138467462,-0.5959422591539469,-0.02961397032975123,-0.6183147843372138,3.946289694132482e-16,-4.950773344387567e-16,-6.22718920450623e-16,-2.0555418791323536e-16,-3.1533556538448323e-16,2.146819447074287e-16,1.853213262788286e-16,7.93909854258173e-17,-6.200491529248707e-17,1.9535193848295479e-16,3.259367299129514e-18,-1.2018764016078737e-16,2.5551042761390223e-17,1.6280062363937105e-16,-5.556817152513917e-16,-1.8474388792922315e-16,-1.632707930089344e-16,-1.1978081689712954e-17,4.848330289679894e-17,8.2989728919569e-17,1.7575786660467966e-16,-3.1510269371213117e-17,1.4668476830583904e-16,-9.905891912628987e-17,-2.444361213637145e-16,-2.4535542430755782e-17,1.4070306702739968e-16,-5.443872576287898e-17,3.3755416918701894e-17,2.599940733709428e-16,-1.7700613564621326e-16,6.253123128717536e-17,1.9224257833243053e-16,-3.1408834404483475e-17,-7.036929428124802e-18,-1.4325435252154359e-16,-1.285465223896607e-16,2.5719014150259067e-16,-3.62382649881432e-17,3.763200218793081e-16,1.1586297999925574e-16,-1.2668565257329132e-17,-3.8492852405490435e-17,9.32716136873545e-17,1.3659920616847846e-16,-5.891288270880026e-17,-5.894184058855722e-17,1.5670247238895046e-16,1.429941246480466e-16,-8.041409500603419e-17,1.6073121127691406e-17,1.801570862946717e-16,-7.191835914361757e-17,6.278075098341557e-17,1.0272383214431977e-16,-5.020736011945637e-17,1.941191138133847e-16,1.093076359379686e-16,1.6086734162570423e-17,-8.41832404551978e-17,1.0410770771106049e-16,1.1026248629245522e-16,-2.680150226010788e-16,3.2037844777055945e-17,-4.093570750030768e-16,5.467257821853461e-18,-4.283513198052644e-16,1.6576805515713462e-16,-4.858154827844044e-17,-2.87826823074809e-17,-2.2020922483583592e-16,1.3360282390132273e-16,3.971069977985347e-18,-1.6333831137398888e-16,3.080669066901709e-16,2.692795826177345e-16,-3.7204910983373546e-17,4.449375418730183e-17,4.5568929713841804e-18,-1.3283622905601763e-16,3.399369329474036e-16,-5.798298825032867e-16,-8.472123178048947e-17,-1.769488666471759e-17,-3.3454377266431284e-16,-5.874140137828595e-17,1.4581649895387194e-16,-2.384359166841721e-17,-3.886085567996879e-16,3.8941179582756184e-17,8.143235671094981e-17,-1.0687574665345712e-16,-1.4611674286273966e-16,-3.721574699341382e-16,1.4952502689178964e-16,-1.9518986681300926e-16,-5.936070837826008e-17,5.226372075836027e-17,1.6801843470414908e-16,1.6786364285687497e-16,-7.854490259823234e-19,6.667974082114972e-17,-8.704253355392741e-17,-4.094139446976481e-17,-2.9478913332167346e-17,-2.800185388425276e-16,-1.59865994266693e-16,6.302282208458276e-17,1.4370262461931004e-16
CC1=CC=CC=C1P(C2=CC=CC=C2C)C3=CC=CC=C3C||[K+].[OH-]||N#CC,CC1=CC=CC=C1P(C2=CC=CC=C2C)C3=CC=CC=C3C.[K+].[OH-].N#CC>>,C_a655586d3c9b,CC1=CC=CC=C1P(C2=CC=CC=C2C)C3=CC=CC=C3C||[K+].[OH-]||N#CC,CC1=CC=CC=C1P(C2=CC=CC=C2C)C3=CC=CC=C3C,[K+].[OH-],N#CC,-0.2636547557625334,0.991548888799718,-0.2842367756839306,0.3224862210695106,1.7815305308658282,-0.24540933155649589,0.03001218690526433,-0.5084585430537777,-1.036004040322467,2.5086809595071777,-0.21329434806094894,0.4526474839779592,0.7970543504303759,-0.8633414289501766,0.7065522983797518,-0.5902568205259903,-0.5959422591539465,-0.24296470019919048,-0.6183147843372139,-8.052374377532091e-16,-3.228502638431594e-16,-3.7374793936115346e-16,9.801387963922177e-17,-1.4243298974510939e-16,1.54217881682794e-18,1.8839613068075062e-16,7.069170718365545e-17,-5.798457857132214e-16,1.6312278717326655e-16,-2.9666584139301245e-16,5.508989433753029e-16,-2.8799004587676827e-16,-4.568396487630498e-17,4.580519024451527e-16,4.9684243653678975e-17,2.512744623302882e-16,-2.072840814712156e-16,3.574257226990641e-17,-1.8150568617549845e-16,6.850803524180182e-18,4.854963894191571e-17,1.7643631507071456e-16,7.890579691970893e-17,-6.050200058120772e-17,2.0128217753974537e-16,-1.1906827465980674e-16,-7.491321410042726e-17,1.133042933619295e-16,9.510789866263271e-17,-1.6644068382262685e-16,-5.55638659257551e-17,-1.363459492142219e-16,-1.369175874141308e-17,2.950157933600199e-16,8.667561978000359e-17,-2.596911863736327e-16,-1.352036935194005e-16,-5.407558935554227e-17,7.703918687202637e-17,-1.0878081871011449e-16,-2.8782728300890386e-16,1.0996730214486041e-16,1.1600422369709996e-16,1.22519394999433e-16,-4.770297214819627e-18,-1.4910329295797344e-16,2.1845725379870896e-17,-1.884951513932239e-16,-1.0793647220033239e-16,-4.653318355080321e-17,-2.0331027253249865e-16,-2.0111558470906957e-17,9.209566920521736e-17,8.47642024419361e-17,-3.200069907533742e-16,1.5304606420428962e-16,1.8756252397090948e-18,2.747429127413576e-16,9.895423472815736e-17,-3.1387302211992786e-16,3.934719899432437e-16,2.534130114835646e-17,2.068012260051716e-16,-3.349172413883747e-16,1.4039866147740682e-16,2.3523915362571137e-16,-3.592120888662585e-16,-2.0927613883362446e-16,9.503671899646888e-17,1.644819429232557e-16,1.0231616069736117e-16,-3.0525328646941646e-16,2.05569801169866e-17,-7.463758925419365e-17,-1.7225223920041624e-16,7.293352578731374e-17,-2.5952059402808537e-16,4.969211594816098e-16,-1.3669003579988457e-16,-2.9681736774107326e-17,7.752712029795167e-17,3.0850782206824105e-16,-1.2331057263764202e-16,5.844559606694092e-18,3.0013385427257066e-16,-1.0300336752005383e-16,-3.1488149379640033e-16,1.1155068227039413e-16,-1.959076867754658e-17,-1.5525586169307017e-16,6.630316431328382e-17,1.2977499601214776e-16,4.7797637665157566e-17,-2.26988494731112e-16,1.6125341611087416e-16,3.396873632141962e-17,-2.300609502284547e-16,5.548818594168853e-17,-1.0740054684955761e-16,-2.22743234564927e-16,-9.080015135606237e-17,-1.108367034285629e-16,1.3334684786505762e-16,-1.1875173246625356e-16,-2.1546468659971163e-16,-1.9820065618111926e-16,-1.7097972177606212e-16,-1.4569182934208276e-16
CCCCP(C12C[C@@H]3C[C@@H](C[C@H](C2)C3)C1)C45C[C@H]6C[C@@H](C5)C[C@@H](C4)C6||[K+].[OH-]||N#CC,CCCCP(C12C[C@@H]3C[C@@H](C[C@H](C2)C3)C1)C45C[C@H]6C[C@@H](C5)C[C@@H](C4)C6.[K+].[OH-].N#CC>>,C_c6e8d1cbbdc6,CCCCP(C12C[C@@H]3C[C@@H](C[C@H](C2)C3)C1)C45C[C@H]6C[C@@H](C5)C[C@@H](C4)C6||[K+].[OH-]||N#CC,CCCCP(C12C[C@@H]3C[C@@H](C[C@H](C2)C3)C1)C45C[C@H]6C[C@@H](C5)C[C@@H](C4)C6,[K+].[OH-],N#CC,-0.8853811771272793,-3.192233563805737,-0.28423677568392913,2.712839121919756,1.7815305308658245,0.4911992976161389,0.030012186905264922,-0.980647620776527,0.5753078969520413,0.06697642453299517,-0.2132943480609483,-0.3555490753194919,0.7970543504303792,-0.8633414289501772,0.7065522983797514,-0.006961552994127541,-0.5959422591539467,0.03706496796135587,-0.6183147843372139,1.829028899298041e-15,7.921021504842061e-17,6.217523798157083e-17,-2.282383963895174e-16,-8.379243695122435e-16,-4.960357238861837e-16,-6.162321915106841e-16,2.69608484573114e-16,8.621883277450322e-17,4.301425567047892e-16,5.1399920698916485e-17,3.208611456743e-16,-6.766290532459889e-17,-2.602044773945754e-17,-3.2218840157410504e-16,-3.7152134227147397e-16,2.788427424601311e-16,2.7705519872333577e-17,3.3891240513305986e-16,-4.001180591857314e-16,5.118063657473457e-16,-9.941086794198576e-17,2.155121899951728e-16,1.7434687236506298e-16,2.2009300807199387e-16,1.5619229009916727e-16,-1.6137300588737758e-16,-1.5197927950583863e-16,-1.9284167468964147e-16,-1.314212175813354e-17,7.336239120775626e-17,2.803049834645707e-17,-3.3538021629030665e-17,7.15893113622338e-17,-2.592976848802603e-16,-1.3665292354706521e-16,-1.4417352272264903e-16,6.910988532999691e-18,8.593757083470787e-18,-5.2224259206874474e-17,9.794555753235224e-17,-8.150177709997441e-17,6.327142156021507e-17,-1.584793971926532e-17,5.86687348225332e-18,3.644099654682917e-17,1.4598418000858716e-17,3.598428987881735e-17,-8.161720727340283e-17,3.663378208082927e-17,-9.832566209218022e-17,-9.525933396350352e-17,4.44241966696653e-17,2.3021274842428622e-17,5.72962469383267e-17,4.485341270966957e-16,3.711470158448482e-16,-2.6459494498858634e-16,-2.2307979617512195e-17,5.373797616701689e-16,7.903149402684348e-17,2.987950937212504e-16,-2.0367509713178934e-16,-5.168811577744101e-16,3.999462564806454e-17,1.2464110416287005e-19,-1.7602485267314172e-16,3.678680407250976e-16,-7.145192314475743e-17,-1.8226959974811974e-16,3.5334262236711486e-16,-3.1795220442512335e-16,2.2239774603381857e-16,5.3117186320841104e-17,3.948948626720107e-16,-1.9577437065530387e-16,-2.1646502394930056e-16,2.169456971945301e-17,3.086283876949761e-17,-1.2998298189208493e-16,-2.5829112555448145e-16,3.5408002201751904e-16,2.0680137747637512e-16,-1.446970517703875e-16,2.7269017793296854e-16,-8.293338241250758e-17,-1.8183346910890036e-16,-2.910352639865136e-17,-5.520246489856561e-17,-2.6393440032735443e-16,1.8063295494579125e-16,9.021116580954586e-17,2.017924664729227e-16,5.9357038645486624e-18,1.4846827225946558e-16,-8.49137062169118e-17,1.7911133098337544e-16,8.157922186842909e-17,2.450920484144925e-16,-2.5422965835500714e-16,1.2050341489228855e-16,2.0654350513834565e-17,-1.9649399629273884e-16,5.579865026809072e-17,2.761473187485398e-16,3.084733233071848e-17,-3.6460376121061053e-17,1.168127212130739e-16,1.4776222845668056e-16
COC1=CC=CC(OC)=C1C2=C(P(C3CCCCC3)C4CCCCC4)C=CC=C2||[K+].[OH-]||N#CC,COC1=CC=CC(OC)=C1C2=C(P(C3CCCCC3)C4CCCCC4)C=CC=C2.[K+].[OH-].N#CC>>,C_f8d66f21a3df,COC1=CC=CC(OC)=C1C2=C(P(C3CCCCC3)C4CCCCC4)C=CC=C2||[K+].[OH-]||N#CC,COC1=CC=CC(OC)=C1C2=C(P(C3CCCCC3)C4CCCCC4)C=CC=C2,[K+].[OH-],N#CC,3.697093256973161,0.21873148620968022,-0.28423677568393046,-0.16998697856093598,1.7815305308658245,-0.13753115125335102,0.030012186905266046,1.025504707994791,1.955111693998354,0.8801350735997561,-0.21329434806094766,-0.3971125427888125,0.7970543504303794,-0.8633414289501776,0.7065522983797526,0.25509854087750244,-0.5959422591539467,0.02604236923424035,-0.6183147843372139,-7.943548660748592e-16,-2.4301214436810243e-16,6.753889328189419e-16,-7.829717246151098e-16,-4.546319054996155e-16,-2.0198855988910166e-16,-2.4524199682627113e-16,-1.984065752122148e-16,7.362672024179602e-17,-7.530548467822598e-17,3.9421463441145987e-16,2.4036138656797126e-16,-5.20304499851184e-16,-1.789876906248018e-16,-6.641526995460377e-16,-2.9776036865327965e-16,-2.424202313907665e-17,2.1494767581554826e-16,-7.655425260726274e-16,1.6312248675267814e-16,1.8544483926035533e-17,1.5823360857322174e-16,-1.6079629841003304e-16,-2.8088263416873783e-16,-8.078590578801452e-17,-2.7848989596227096e-16,-3.682715328367531e-17,-1.6197145117035624e-16,5.422983850292482e-17,3.599868099547662e-17,-8.115901413973978e-17,-1.1993528980194725e-17,3.38178413823164e-16,-6.040059490902689e-17,1.0891781831162248e-16,-3.089239869307727e-17,4.2100210072944834e-16,1.3809901725105811e-17,2.780282803862243e-16,1.8756034513237162e-16,-5.295356943755565e-17,-9.764885624157804e-17,2.290411536550228e-16,-1.1251320217885598e-16,-1.6918840704058406e-16,-2.496248977535451e-16,1.8437576122681757e-16,-1.754409469074698e-16,-1.9977729286211495e-17,-2.392099061004716e-16,-2.45240529991868e-17,1.7478356668003512e-16,-1.0182552643360754e-16,6.706209223078525e-17,9.715194317863669e-17,-1.5654808377700806e-16,6.816261941780829e-16,1.5792078055640827e-16,7.805649155151005e-17,1.9181054618241632e-16,-3.111913801925511e-17,-7.920661687469596e-16,6.54206175458915e-16,3.132064604071688e-16,-2.983752283614873e-16,-1.0660575082025583e-16,-7.309564295736996e-17,-1.9151132904031722e-16,-7.163160218489564e-17,3.560870834960572e-16,-4.48609739946253e-16,1.507369475102603e-16,-6.416726407617765e-17,1.642223049450553e-16,2.8704413902901923e-16,-4.853461851972867e-16,2.6431810815319805e-16,-6.750529749930953e-17,-4.0086503304132805e-17,-2.4181606297370005e-16,-5.3712490955363573e-17,9.789511108082447e-18,4.362073872660748e-16,1.6808606959287542e-16,-1.5273440253199653e-18,9.860075944355645e-17,1.0492262981629462e-16,1.570566622517787e-17,9.073819798390266e-17,-1.5502027504517205e-16,9.737017724158642e-17,8.122799472696409e-17,8.980246376370534e-17,3.9768927093331134e-17,7.351739216430584e-17,-2.208109190377852e-18,1.4943357920078507e-18,-1.4077685771833053e-17,9.311112389099028e-17,-1.6040617167710732e-16,2.3348348289311686e-16,-1.374334415143836e-16,-1.128473973492886e-16,-1.5375088977476184e-16,-1.1522192255453615e-16,4.0145245414915287e-17,3.3206479754768586e-17,3.760911017817448e-17,1.1837203933417255e-18
CC(C)(P(C(C)(C)C)[c-]1cccc1)C.CC(C)(P(C(C)(C)C)[c-]2cccc2)C.[Fe+2]||[K+].[OH-]||N#CC,CC(C)(P(C(C)(C)C)[c-]1cccc1)C.CC(C)(P(C(C)(C)C)[c-]2cccc2)C.[Fe+2].[K+].[OH-].N#CC>>,C_670f0ad0f115,CC(C)(P(C(C)(C)C)[c-]1cccc1)C.CC(C)(P(C(C)(C)C)[c-]2cccc2)C.[Fe+2]||[K+].[OH-]||N#CC,CC(C)(P(C(C)(C)C)[c-]1cccc1)C.CC(C)(P(C(C)(C)C)[c-]2cccc2)C.[Fe+2],[K+].[OH-],N#CC,-1.56781664669475,-0.5445544539407905,-0.2842367756839313,-1.8306686961429992,1.7815305308658276,1.1506141613685525,0.03001218690526724,-0.3417448804185344,0.92284357216452,-0.12806008460238194,-0.21329434806094913,1.7193547786868169,0.7970543504303711,-0.8633414289501755,0.7065522983797505,-0.3755240042558055,-0.5959422591539469,0.6986574594526083,-0.6183147843372139,-7.076161988106945e-16,-3.1351294331165426e-16,-2.6909962867606213e-16,4.01627587080663e-16,2.8655737341178354e-17,2.930263706468107e-16,4.520153743299086e-16,-2.7968053230222823e-16,-3.206291130236093e-17,3.6243130860505654e-16,-1.9288577795312024e-16,3.1706440760434324e-16,-3.997523127251457e-16,-9.305875331308414e-17,1.6884889358006553e-16,2.4733721862696797e-16,-2.844403284400498e-16,-2.1501388256756084e-16,3.7015596495102705e-19,-1.976416061892485e-16,1.1081978589589636e-16,-1.0643484552294828e-16,3.2044864208424083e-16,-5.7367312189153784e-18,-1.1729737742359252e-16,1.1238936745543676e-16,-3.439661505036984e-16,-5.904606065117519e-17,7.047959812288227e-17,-7.829264430460225e-17,-6.764204427909821e-17,1.008226057403185e-16,-1.400137583367376e-16,-4.740710438014454e-17,-5.793506665890386e-17,3.507498198727875e-17,-7.498519262945748e-17,-1.290408977642474e-16,1.2381394485971538e-16,-3.226426418568588e-17,-1.0123186751967794e-16,-1.0264792751499586e-16,-1.8743080073262617e-16,1.944606155628921e-17,-2.7316960560469544e-16,5.1197695733907906e-17,1.1421250395999692e-16,-3.083816431838787e-16,-1.857753214041523e-16,1.0106061540271656e-16,-2.7572899929046535e-16,-9.77951021889812e-17,-1.7119854464933545e-17,7.998781886241166e-17,5.0604884147087436e-17,3.6209674787481863e-16,-4.516406670291738e-16,-1.2655630426729584e-16,-3.812416291103269e-17,-1.5952816380914303e-16,2.2453970146853326e-16,-1.8395720120943758e-17,1.4775325653938777e-16,-1.2316837878511467e-16,9.671470007120377e-17,-2.3719317877838266e-16,1.4278585050934413e-17,2.0272423493297152e-16,9.11577062504228e-17,-1.9233773065374572e-16,-2.949294689828395e-17,-7.299580770710189e-17,-4.53815313704119e-17,-1.515483075243714e-16,1.0178679484345236e-16,-5.442727507704235e-16,-6.793011811627915e-17,-6.539804170682726e-17,-2.2625523396572355e-16,6.226642972072261e-17,1.9669988068688884e-16,9.59514132614397e-17,2.531781722469331e-16,3.4123063838283116e-16,-3.1716379600602087e-16,1.0167522607461465e-16,3.513098690437361e-16,-9.012414652377369e-17,-1.692534069385903e-16,2.5834667186547865e-16,-7.125194307635656e-17,-1.1646523831995755e-16,-2.4253720858497415e-16,8.313647088005784e-17,3.7669334997586314e-17,2.3147191665383554e-16,1.5806166800894741e-16,-9.623518534966005e-17,-8.236665851977148e-17,-1.399197940413572e-17,1.688013720092211e-17,-1.4325405094333771e-16,2.5236933856329802e-17,3.300271015364976e-16,-8.429288056971574e-17,3.101989281208505e-16,-1.3057619278446683e-16,-3.243810038047096e-17,-1.3564063225473245e-16
CC(C1=C(C2=CC=CC=C2P(C3CCCCC3)C4CCCCC4)C(C(C)C)=CC(C(C)C)=C1)C||[K+].[OH-]||N#CC,CC(C1=C(C2=CC=CC=C2P(C3CCCCC3)C4CCCCC4)C(C(C)C)=CC(C(C)C)=C1)C.[K+].[OH-].N#CC>>,C_f602f35e1c02,CC(C1=C(C2=CC=CC=C2P(C3CCCCC3)C4CCCCC4)C(C(C)C)=CC(C(C)C)=C1)C||[K+].[OH-]||N#CC,CC(C1=C(C2=CC=CC=C2P(C3CCCCC3)C4CCCCC4)C(C(C)C)=CC(C(C)C)=C1)C,[K+].[OH-],N#CC,4.0952142922541555,0.0605990016101896,-0.2842367756839322,-0.5208425618983287,1.7815305308658267,-0.11150016598743286,0.03001218690526463,-1.7351649042204003,-1.0409822672107303,-1.007261029641314,-0.21329434806094838,0.31273311559456957,0.7970543504303769,-0.8633414289501764,0.7065522983797508,0.08800205000734788,-0.5959422591539465,-0.001789758063564311,-0.6183147843372142,-1.6308448669803982e-16,8.56585088973752e-17,4.601617854428766e-16,2.706991533356775e-16,-2.684968546616997e-16,-2.83456316094803e-16,1.5671768527410817e-16,-7.102173971493017e-16,-1.9282605088562718e-16,3.8678485456833784e-17,-5.425943230719971e-16,2.960675790213245e-16,-3.5936414000912666e-16,-1.1042375272200448e-16,3.426559001998653e-17,-1.4168747687743036e-16,3.606515178552422e-16,1.7326515117948778e-16,1.322035658412415e-16,-1.5569445795325986e-16,8.473891159139242e-17,-9.293298541986993e-17,3.1716659142777247e-16,-6.401903717225359e-17,-1.3467585652722634e-16,1.9426158173906126e-16,-3.593873587304353e-16,1.0834124564833346e-16,1.1409382507718917e-16,-5.946981003154595e-17,-1.0378385971883231e-16,3.817752875574473e-17,-1.502126016143822e-16,1.3716893631254554e-16,-3.842506422218277e-18,-1.4869243259444756e-17,-6.461433627228981e-17,-5.3310850981383794e-17,1.1744955382336796e-16,3.26879417812735e-17,-6.129228329686809e-17,1.8936605930200742e-16,2.1554651944051157e-19,7.041440125341885e-17,2.4760319839384753e-16,-9.641223556144709e-17,-2.192897204425906e-16,-1.0702352603702399e-16,1.610155454784061e-16,1.1869235855435585e-16,-3.867581658904852e-17,1.9310321866826963e-16,-2.657880732908206e-17,1.1069594769584842e-16,2.7526132933838085e-16,-9.222703961225915e-17,-1.7137569402327214e-16,-1.0329302947844863e-16,-1.0019388267358029e-16,3.8458424236403943e-17,-3.033447630236459e-16,1.7633243146850654e-16,-4.9842273962378554e-17,-3.5779665857112557e-17,2.81179178418126e-16,-1.8422787943159204e-16,-2.709811256217522e-16,-2.0827703893378255e-16,1.720696833833714e-16,1.309379090208572e-16,2.732604450708552e-16,-9.590733817589117e-17,-5.822009634688459e-17,1.953827559002971e-16,-9.366406683529367e-17,1.4509993841863628e-16,6.368796071458416e-17,2.3558065813434478e-17,1.491885805400618e-16,-2.5740214210161337e-17,1.5465478299072617e-16,4.660932403326989e-17,1.451228835175732e-16,4.3559510785211217e-16,3.1332756239286327e-16,4.1219429707295194e-16,9.065733394566379e-17,-5.295510599275675e-17,-3.683255188574392e-17,3.520434420143654e-17,4.449511564363219e-17,1.2105468263860038e-16,2.0060870746595442e-16,2.0570652222566246e-16,2.3579575239197293e-17,-2.229094507187838e-16,1.199529474315107e-16,4.1470868293572893e-16,-3.13941088661056e-16,-7.558679829858221e-18,2.2505167165936258e-17,-6.559243144163146e-17,8.354012091605352e-17,-3.8894111194970944e-17,1.3506166153907597e-16,-2.086950703438354e-16,-8.439532661465215e-17,-1.6406167784196004e-17,-8.263450441718399e-17
[c-]1(P(C2=CC=CC=C2)C3=CC=CC=C3)cccc1.[c-]4(P(C5=CC=CC=C5)C6=CC=CC=C6)cccc4.[Fe+2]||[K+].[OH-]||N#CC,[c-]1(P(C2=CC=CC=C2)C3=CC=CC=C3)cccc1.[c-]4(P(C5=CC=CC=C5)C6=CC=CC=C6)cccc4.[Fe+2].[K+].[OH-].N#CC>>,C_c69348bbc36f,[c-]1(P(C2=CC=CC=C2)C3=CC=CC=C3)cccc1.[c-]4(P(C5=CC=CC=C5)C6=CC=CC=C6)cccc4.[Fe+2]||[K+].[OH-]||N#CC,[c-]1(P(C2=CC=CC=C2)C3=CC=CC=C3)cccc1.[c-]4(P(C5=CC=CC=C5)C6=CC=CC=C6)cccc4.[Fe+2],[K+].[OH-],N#CC,-1.3841208155545002,1.1338119037417693,-0.2842367756839325,-1.1785704697655894,1.7815305308658265,2.026491491577694,0.0300121869052638,-0.48760632931331266,0.325242598729469,-0.3701586543025713,-0.21329434806094758,-1.4860818817801966,0.7970543504303836,-0.8633414289501772,0.7065522983797519,-0.26752973554483356,-0.5959422591539462,-0.7958149782613767,-0.6183147843372139,-9.116812823989663e-16,-1.9755537260030095e-16,4.566146381660004e-16,5.025023559348095e-16,-4.845372584836941e-16,1.194242216770369e-16,4.81220040991993e-16,-3.740289455349495e-16,-1.5455119471224873e-16,3.2884688781189943e-17,-2.3082369284442554e-16,1.5227353966327993e-16,-1.4260950999765115e-16,-4.0306565662998004e-17,4.1926540094434223e-17,-2.395747311381279e-17,-2.0408322441284132e-17,-7.326982161825127e-17,-2.685515530320485e-17,3.265995621170726e-16,-1.9031104381518622e-17,8.09127686275659e-17,-4.297785190827784e-17,-2.328969650856248e-16,3.47075576117111e-17,-8.19638194923638e-17,-1.4170755409647743e-17,2.6805715764958613e-17,1.268815559230609e-16,6.71047175705391e-17,-4.641292181637557e-19,1.8340447405583587e-16,1.3882944637059763e-16,-9.99759912078887e-17,-1.0173041486928379e-16,8.075082181567667e-17,1.2161250660546845e-16,-2.0820672187395706e-16,-1.3561102650361867e-16,-5.982450405770304e-17,2.2991116095591615e-17,7.524948457928506e-17,1.738570715046434e-16,1.4734347341849975e-16,-1.393028757766575e-17,1.8973879805652078e-16,1.2000729709287958e-16,3.506720590949387e-17,-8.586652183295396e-17,-8.304632549814421e-17,1.4701420589693872e-16,1.652089914588082e-16,5.730390646791378e-17,2.950495423496632e-17,-1.0815397818792837e-16,7.884448196543231e-17,-2.3623231758340747e-16,3.9210884882804286e-17,-2.987303506543413e-16,-6.933865860222357e-18,2.4216611712028285e-16,-3.5085519011387205e-16,-3.5692750120736815e-16,-1.8212781896799906e-16,6.248903903747587e-17,-8.198806694897387e-17,2.4815075062346297e-16,-1.7028126502573853e-16,2.6883233883161562e-17,9.139551216431948e-17,1.0204303896377855e-16,2.116632795241199e-16,-9.797423784502888e-17,-4.6096320742729185e-17,2.285415264530226e-16,2.5587608520003343e-16,-1.9049383544433958e-16,-2.747519933623029e-16,4.2633937884519215e-16,-1.8260227623249888e-16,4.5279415997501204e-18,3.0281755751479785e-16,-8.243447045567337e-17,-2.206115758012631e-17,-1.2003948942943408e-16,3.7923987220406154e-16,1.7364599496238048e-16,-8.401656909481717e-17,1.9542130605153568e-16,-3.784289986490098e-16,-2.782296119706883e-17,-1.4698406875071678e-16,-6.59944234255839e-17,1.2515627617411838e-17,6.301796733887442e-17,-1.8363752577932114e-17,-1.0295150339255408e-16,9.611344064623696e-17,4.3513320291812693e-17,2.1067580442265885e-17,2.5773288622740857e-16,-3.116025441103436e-17,-1.5785710513558946e-16,7.095745171220503e-17,-2.543685091197931e-16,1.0514353629505787e-16,1.5499239641788973e-16,-1.6557595537386957e-17,3.7795966211794904e-16
CC1(C)C2=C(OC3=C1C=CC=C3P(C4=CC=CC=C4)C5=CC=CC=C5)C(P(C6=CC=CC=C6)C7=CC=CC=C7)=CC=C2||[K+].[OH-]||N#CC,CC1(C)C2=C(OC3=C1C=CC=C3P(C4=CC=CC=C4)C5=CC=CC=C5)C(P(C6=CC=CC=C6)C7=CC=CC=C7)=CC=C2.[K+].[OH-].N#CC>>,C_ef5e145ec31f,CC1(C)C2=C(OC3=C1C=CC=C3P(C4=CC=CC=C4)C5=CC=CC=C5)C(P(C6=CC=CC=C6)C7=CC=CC=C7)=CC=C2||[K+].[OH-]||N#CC,CC1(C)C2=C(OC3=C1C=CC=C3P(C4=CC=CC=C4)C5=CC=CC=C5)C(P(C6=CC=CC=C6)C7=CC=CC=C7)=CC=C2,[K+].[OH-],N#CC,-0.7608527313618181,3.0573458202759265,-0.28423677568393,2.3402065376541152,1.7815305308658242,-0.5112817700760034,0.03001218690526624,0.3559284257571055,0.45010996213631044,-1.1207264892083728,-0.2132943480609484,0.8357285648736802,0.7970543504303749,-0.8633414289501756,0.706552298379751,-0.34191861228964576,-0.5959422591539467,-0.16127802879825126,-0.6183147843372139,-1.0676471170238134e-15,6.211254206742414e-17,-1.544048359156739e-16,-6.34156252011681e-16,-2.849156310307137e-17,-8.522804562199775e-16,-3.13315294058838e-16,2.964717365592644e-17,-1.8243630649856508e-16,-2.2794710880074e-16,3.306290115413925e-16,-5.3815693889485125e-17,-1.788748718695653e-16,-4.760429437855672e-17,-1.8760771778777532e-16,1.594198501428868e-17,3.863378114780013e-18,-9.349516340277573e-18,1.7458036325488063e-16,3.9858695679238767e-16,1.2809998021628518e-16,7.779130329295337e-17,1.1436445176208281e-17,-2.5924988945487457e-16,-2.1006485068574731e-16,2.4251371559026763e-16,3.879295921329123e-17,-1.1020806394325058e-16,-3.000175293010006e-17,1.8204568282169692e-16,2.4776282316173345e-16,-2.4647555978512846e-16,-2.1035658781949632e-17,1.8477553193115966e-16,-1.1117284897834833e-16,-4.319088326811847e-17,-4.517651974071865e-17,-5.462496775441862e-17,4.1999882691829504e-16,-6.065290497919734e-17,-8.725643985627929e-17,1.7262690667675888e-16,-1.3533108400444671e-16,-7.64112213265712e-17,-8.673776721240297e-17,-8.244087979126114e-18,-2.375898500300956e-16,-8.378326721874586e-17,-3.1516716173592473e-16,1.7513045699087974e-16,2.8060889461821577e-16,1.9131177029750432e-16,1.0719417938189382e-16,-9.958636708917798e-18,9.681347053622913e-17,-2.5263510324776376e-16,-3.792915756861365e-16,-3.4386035686189255e-16,-1.6216161316221452e-16,-3.3533635205363204e-16,-5.2428727506051546e-17,-6.190907402615446e-17,4.17536737776696e-16,-4.002729131548679e-16,5.619133974679166e-17,8.052496817033478e-16,2.8043412034983196e-16,7.861799739015314e-16,4.604808674805677e-16,6.690466544651018e-18,1.2198699965701853e-17,1.3203358439381753e-16,-2.803358856172659e-16,-6.139546073532384e-17,2.9455455013597205e-16,-1.6464932036726918e-16,1.762224895226606e-16,6.233033043748553e-18,-3.5337697971337914e-17,-9.940417191984293e-17,8.868316158489857e-18,-2.310927149518348e-16,-3.186345601739907e-16,-3.97357243931904e-16,-2.8786979825492694e-16,1.5880441438700018e-19,5.981843618092674e-17,7.04357088663889e-17,2.2821716596395534e-16,7.759463773958874e-17,-1.3145873547760452e-16,-2.0664707708500865e-16,-1.762873439291222e-17,-1.1959052977922775e-16,-2.038057940561605e-16,-1.0534257824012368e-16,2.9345407093172154e-17,-1.2803918934321522e-16,7.288760354601789e-17,4.5531007023629826e-17,8.950373424366185e-17,-4.438987186818587e-17,9.269869099994875e-17,8.438532171278921e-17,-2.5378635240288176e-17,1.1413504308314535e-16,2.1762465162246233e-16,-8.492068523289467e-17,4.369653715162021e-17
CC(P(C(C)(C)C)C(C)(C)C)(C)C||CC([O-])C.[Li+]||N#CC,CC(P(C(C)(C)C)C(C)(C)C)(C)C.CC([O-])C.[Li+].N#CC>>,C_3ce58b30f59a,CC(P(C(C)(C)C)C(C)(C)C)(C)C||CC([O-])C.[Li+]||N#CC,CC(P(C(C)(C)C)C(C)(C)C)(C)C,CC([O-])C.[Li+],N#CC,-1.2242895512080059,-0.698261423306885,-0.28423677568393196,-0.5409122448896078,1.7815305308658258,-0.48093282746035115,-0.3635612569338045,0.5164120737207394,-0.35796807424654803,-0.004776469817940511,2.159963164618826,0.8719731108561627,-0.6309044911658589,-0.8633414289501641,-0.02631426626340732,1.6703602962318318,-0.08787068466353833,-0.7970487546071366,-0.003130142832100153,-4.4043554489898067e-16,7.319677117878979e-16,-2.2775812049490685e-16,-1.7086164339004923e-16,-2.854507192301945e-16,-8.28955141815122e-17,1.4606355445094825e-16,-7.002361266286406e-17,5.619249651285615e-17,2.5537783364360072e-16,-1.938245732847548e-16,1.2297457381126042e-16,-5.38746506904455e-16,1.388626783232775e-17,-3.02625060542517e-16,-8.446705471438984e-17,-2.7713769371455813e-16,2.6240061479982814e-16,-4.165636260087603e-17,-2.494291143246787e-16,4.320920721533448e-17,-9.795776657395348e-17,-1.952034999068532e-17,-2.4551350216775637e-16,-2.0121940769558534e-16,-6.740044061457655e-17,-1.9791656305214997e-16,-2.786360753205806e-17,2.5556203221064536e-16,8.02990980455378e-17,-2.1822515271161158e-16,-1.784077677018377e-16,-1.7654977051490913e-16,-9.362838566931406e-17,4.6065650435759833e-17,3.8583153702414513e-17,7.954197300374405e-17,-2.0434673078130744e-17,-8.869656281408601e-17,9.329509526141626e-18,1.7761871953565998e-16,-3.872247835249133e-17,-1.071471724825609e-16,2.9104883881345393e-16,1.0497907689977029e-17,1.5921131853975515e-16,9.189519548908237e-17,-3.087592783605621e-17,1.5383866117939264e-17,-9.295039473357644e-17,2.170569023343929e-16,-2.5621230965500582e-17,-6.695188488072762e-17,-9.957355617277008e-17,7.157650923637528e-17,4.764120086216077e-17,2.038222732976736e-16,4.4084337935327974e-17,2.179481648339979e-16,2.1343474921188416e-16,-3.3417398816823247e-16,2.9119808556329765e-16,5.410932494145841e-16,-2.4978469389144437e-16,4.949548963878058e-16,4.2332125636960494e-16,-4.81973211892858e-16,-1.1148796754413974e-16,-2.9964566257854683e-17,-9.214280710399962e-17,1.9096061522890388e-16,8.545152875229304e-17,-1.1781133560478176e-16,-1.559136619954447e-16,2.794827163747614e-16,1.1718712471030426e-16,2.6784010573680226e-16,-4.55630439105017e-16,4.909609286337359e-16,5.591701246864666e-16,3.232599479300547e-16,-4.791145346598153e-16,-2.4529910005126563e-16,-1.8895749242628386e-17,2.3296985250860223e-16,5.4346820503405883e-17,-2.9334140624977136e-17,2.4318114145199393e-16,-4.694238387558195e-18,-1.5499736170115755e-16,1.2123989140970952e-16,6.687976834704596e-17,-1.923931867956631e-16,-2.92982603910002e-17,2.329008640494078e-17,1.0743545610457798e-16,1.0390848634451604e-16,-4.531241253049468e-20,-1.3756260793434032e-16,-1.8847515313208493e-16,-1.002110148177946e-16,-7.18711355182793e-17,-1.533548138909692e-17,-1.6756960716058475e-17,1.860997082744634e-16,1.5256493254285596e-16,1.2168329574019616e-16,-2.4989472140295534e-16,-1.499915736151966e-16
P(C1=CC=CC=C1)(C2=CC=CC=C2)C3=CC=CC=C3||CC([O-])C.[Li+]||N#CC,P(C1=CC=CC=C1)(C2=CC=CC=C2)C3=CC=CC=C3.CC([O-])C.[Li+].N#CC>>,C_60734620b488,P(C1=CC=CC=C1)(C2=CC=CC=C2)C3=CC=CC=C3||CC([O-])C.[Li+]||N#CC,P(C1=CC=CC=C1)(C2=CC=CC=C2)C3=CC=CC=C3,CC([O-])C.[Li+],N#CC,-0.9376336432096946,1.2345744235185012,-0.28423677568393174,0.23684906840748365,1.781530530865825,0.2786396779026144,-0.3635612569338066,0.21949929330034518,-0.7800009929116309,0.14740606941524587,2.1599631646188264,-1.1263128578207353,-0.6309044911658508,-0.8633414289501645,-0.026314266263406567,0.9338159119711461,-0.0878706846635398,1.246242212634961,-0.0031301428321001113,2.6458542537024517e-16,-6.494423308062478e-16,-2.4234120201347565e-16,1.8668081819069867e-17,-2.4700734053952345e-16,2.0477880786413064e-16,-4.411244663829018e-16,8.274930783103181e-17,-4.797987989959323e-17,-2.931135431893964e-18,1.397165067248031e-16,8.834581800370007e-17,-1.1561248725393726e-16,-1.0678604012932627e-16,1.91527762452093e-16,1.0321254667922607e-16,1.3925804604106955e-18,-4.310450468194999e-17,1.7413577776779299e-16,2.480336450675407e-17,7.33996746798398e-17,-1.3773801021229513e-16,4.146990725645319e-17,-2.568276406135109e-16,1.5894175510960343e-18,-1.0664653232991005e-16,-2.7280557068835972e-17,8.33718532086517e-17,1.8367699803914024e-16,1.8048136871865705e-16,1.418335763142122e-16,-5.800443647719998e-18,-5.450100411872801e-17,3.851804371728479e-17,-1.3335271259604518e-17,1.709356256755607e-16,-7.533461339768871e-17,1.1956711818506815e-16,2.1721182636375658e-16,-1.298932248890904e-16,-3.410937145066923e-16,-3.092594380438689e-16,9.078348719976782e-17,-1.3881189383149025e-16,2.4696127616420053e-17,-5.146956695933751e-18,-3.4380405373259255e-17,2.418037367073601e-17,-1.113589090993456e-16,-9.998619409372148e-17,8.265819973460887e-17,2.321183280139568e-16,2.1492060028613557e-17,-4.776671349593137e-17,-4.218240252353359e-17,1.8827616425586706e-16,-1.4710044039081866e-16,2.0871336950433745e-16,6.109329810600521e-17,-2.975918964673755e-16,-2.3536415436951874e-17,-4.663832818002676e-16,7.614458061803239e-17,4.196153087270833e-17,-1.343316528506461e-16,2.6196885079258138e-16,-2.996484480740941e-16,-2.397495230955467e-16,-1.7737829320506738e-16,3.012540455762412e-16,3.610447260880081e-16,-1.1343901295066774e-16,9.254235524985656e-17,2.3192423911510125e-16,-5.046698596256521e-16,1.274902379223312e-16,1.9048070151521083e-17,1.1660256716992195e-16,3.153974895515715e-16,5.951430567202197e-16,-5.562696031052474e-16,5.72080134327878e-17,-2.9801779012582476e-16,-5.60618784622104e-17,-3.264255028372036e-18,5.824843338643804e-17,2.887483910383505e-16,-1.9929778584422776e-16,-9.856704305518812e-17,1.4281745321286487e-16,-2.3512682767276435e-16,-9.53504570672569e-17,-1.732731811011055e-16,3.631140422260394e-18,-6.834758327202798e-17,-2.1410113545120752e-16,-4.0572843214764247e-17,-2.879277537488547e-17,9.134651962242776e-17,-3.3337257188489734e-17,1.0133393265156596e-16,1.3386982496071828e-16,-2.0684948478198384e-16,8.626499868851693e-17,-1.1035296766468303e-17,6.706030513870907e-17,-1.4119744324266982e-16,1.0104410509439497e-16,1.1846635588579906e-16
CC(C)(C)P(C(C)(C)C)C1=CC=C(N(C)C)C=C1||CC([O-])C.[Li+]||N#CC,CC(C)(C)P(C(C)(C)C)C1=CC=C(N(C)C)C=C1.CC([O-])C.[Li+].N#CC>>,C_bd0669e2c5d4,CC(C)(C)P(C(C)(C)C)C1=CC=C(N(C)C)C=C1||CC([O-])C.[Li+]||N#CC,CC(C)(C)P(C(C)(C)C)C1=CC=C(N(C)C)C=C1,CC([O-])C.[Li+],N#CC,-1.5782981121882067,-0.6507387560859174,-0.2842367756839316,-1.339082050708151,1.7815305308658236,-3.0233120881828093,-0.3635612569338055,-0.2690314540585099,0.3510346086273139,-0.3959375129998088,2.1599631646188264,-0.8157423012752584,-0.6309044911658517,-0.8633414289501639,-0.026314266263408024,-0.5617383596306832,-0.08787068466353946,0.02050318097610263,-0.0031301428321000337,7.070086085664296e-16,-2.689101901195455e-16,1.442037618770857e-16,-4.1830778665624247e-17,-7.974252455269846e-16,-2.383949971521515e-16,1.5933246680036034e-16,-6.361141052948982e-17,-2.348266814125924e-16,3.55524553139163e-16,-1.4645466071505845e-16,1.9925750612793308e-16,-2.5556008612327875e-16,-2.2080251430657085e-16,-4.3806995150015533e-16,2.503530273447459e-16,-2.4216441205993436e-16,1.0480714538519948e-17,-1.5394351723727597e-17,-6.430849919534749e-18,-6.77561184369379e-18,-3.4280942290803727e-16,-6.59885640050722e-17,1.2189102931151953e-16,2.1313803120572463e-17,-1.9419921029293373e-16,1.2005381696659804e-16,-1.3220188383496105e-16,3.506645916946519e-18,5.6112388850591e-17,1.1912484424557018e-16,2.1617618113875944e-16,-9.936213282113154e-17,-1.0576631537002459e-16,-4.0118575467314264e-17,-1.478651939136293e-16,4.269692026351216e-17,-1.2919265784109882e-16,1.3105874011801084e-16,2.3790971603928934e-16,-3.96345288972973e-17,-1.5619143037919552e-16,4.7842992294633913e-17,2.3524276308987002e-17,-4.006130702385721e-17,-7.169862227687031e-17,6.039483547216922e-17,1.256615422456137e-16,-6.78364678276188e-17,7.343465726702668e-18,1.5060531935188942e-17,1.9581949556994208e-16,1.6155602935690871e-16,5.937784151948466e-18,8.056288238038101e-17,9.103827395408184e-17,-3.5599163530384515e-16,-4.695284968934305e-16,-1.7243478166743443e-16,2.935317387683407e-17,-2.1715248788155228e-16,-1.6614197498380825e-16,2.2433606830576904e-16,4.630786486044068e-18,1.1541179921994262e-16,-4.056560921194706e-16,-1.3655311125639426e-17,-1.8131806753052397e-16,2.1440111019382154e-16,1.2304091476751976e-16,-1.0695619986804589e-16,-4.050631655691965e-16,-3.1656265948678255e-16,4.1925442163354285e-17,2.1480104379553798e-16,5.610746057090311e-16,6.196266676835588e-17,-2.92512448216791e-16,4.1248683313199015e-16,-1.504497594850285e-16,-2.1377231779950078e-16,5.572445565172239e-17,1.57045898143707e-16,1.5688030535008783e-16,-2.251423768838013e-16,2.468501706163412e-17,-3.5744234279547083e-16,3.4217590977366e-16,-1.9403394274397441e-16,1.7381690116097453e-16,-4.069968301105787e-17,7.949530320454393e-17,1.3716624694816843e-16,-9.536636136587394e-17,7.668961613138014e-18,4.506803772390729e-17,-1.2239894265406078e-16,-1.3974020432048827e-16,1.1918030868456921e-17,1.108434372639544e-16,3.1567676063067657e-16,1.8153004303598257e-16,2.8568080646622975e-17,-4.966082743969268e-17,-3.971200682535114e-17,-6.093417136280945e-17,2.5073960121386855e-17,4.8620781049287676e-17,-1.0350205879640536e-16
P(C1CCCCC1)(C2CCCCC2)C3CCCCC3||CC([O-])C.[Li+]||N#CC,P(C1CCCCC1)(C2CCCCC2)C3CCCCC3.CC([O-])C.[Li+].N#CC>>,C_4ab9734407bc,P(C1CCCCC1)(C2CCCCC2)C3CCCCC3||CC([O-])C.[Li+]||N#CC,P(C1CCCCC1)(C2CCCCC2)C3CCCCC3,CC([O-])C.[Li+],N#CC,0.8097398838794678,-1.6108233270164567,-0.2842367756839311,-0.03231794708524368,1.7815305308658245,0.5630227060514396,-0.3635612569338054,2.2053092310680897,-1.3646949579166312,-0.576278286482791,2.1599631646188255,-0.011638395004676921,-0.6309044911658543,-0.8633414289501634,-0.026314266263408135,-0.8033477138467456,-0.08787068466353953,-0.02961397032975104,-0.0031301428320999443,-1.6150013840184429e-16,-2.976518733350909e-16,3.6497424259935133e-16,1.5457121012882113e-16,-1.2120286377442634e-16,3.736650720751598e-16,7.923622102717696e-16,-1.6736042604037202e-16,-7.613376220525388e-16,2.623430218719738e-16,-1.9733479938554807e-16,2.238451413916755e-16,-8.758118394655856e-16,-1.5277050619903692e-16,5.169638190593742e-17,1.011852699145926e-16,2.5906491084943025e-16,2.619030590002931e-16,3.2968150263514143e-16,-1.1045243630460397e-16,-2.3469443764946855e-16,1.230736640873363e-16,3.1221351373902197e-16,-5.282995626918266e-17,8.284162862806982e-17,8.366663420173729e-17,4.898579155533282e-17,-4.4486331069345593e-17,-1.1513515027096218e-16,5.195381999784318e-17,3.440773636653235e-17,1.611437281670757e-16,-7.06721274774012e-17,3.8724669876658263e-16,-6.436365349605342e-17,1.9704824713808897e-16,1.2362442044139094e-16,1.610059358821906e-16,1.5808581771846996e-16,-1.8385703244384327e-16,-6.952848907218505e-17,-1.6630526274092044e-16,-6.449381020494434e-17,3.223162009720326e-16,3.012800159145141e-17,3.2987947993181046e-16,2.4749398084424434e-16,-3.6353040033293766e-17,-1.4235975488288574e-16,1.7323431325528496e-16,1.070253354749915e-16,2.312381973142432e-17,9.20636364660199e-17,-1.0367904160545575e-16,-1.257738312783946e-16,-1.464821139902652e-16,3.205623498034213e-17,1.2517395777473194e-17,3.6103600234085355e-17,-2.682384522701572e-17,-8.055741488780264e-17,-9.228731460335117e-17,-6.720717595991969e-18,2.5806389031186564e-16,-2.1491934257885287e-17,-7.566289099887548e-17,3.79650123610016e-16,1.4456134641708148e-16,1.7640867076246422e-16,-2.4339463341649806e-16,-3.9552441213819837e-16,-1.2742359896133655e-16,3.055383200682248e-16,-2.7985771287285406e-16,-1.3821671982404571e-16,1.096119837815904e-16,-1.469925397835865e-17,-8.290013467638511e-17,1.4744646626186824e-16,2.920205747162774e-16,1.9418156628729224e-16,3.7825617455256614e-16,1.4407388765610533e-16,8.539546641526643e-17,-6.914626537054974e-17,1.0348371630933914e-16,-1.798082868874726e-16,2.6494297963393366e-16,-1.3591569534705646e-16,-5.345704736473315e-17,2.55345244018723e-16,-1.1004417552871404e-16,1.9684456820261114e-16,2.476236020112205e-16,-2.1828600266440135e-16,1.0589953253959227e-16,-1.2501288126088212e-16,3.4280803035189315e-16,6.977512611379471e-17,-3.7515331943852316e-17,1.8264833223191078e-17,-6.597799166936705e-17,-1.3743248841194208e-17,2.941964584626121e-17,-2.0423349577309232e-16,-5.403066944044426e-17,1.5481125297663012e-16,-5.578676863837267e-17,-6.092558959952413e-17
CC1=CC=CC=C1P(C2=CC=CC=C2C)C3=CC=CC=C3C||CC([O-])C.[Li+]||N#CC,CC1=CC=CC=C1P(C2=CC=CC=C2C)C3=CC=CC=C3C.CC([O-])C.[Li+].N#CC>>,C_f3851a83175b,CC1=CC=CC=C1P(C2=CC=CC=C2C)C3=CC=CC=C3C||CC([O-])C.[Li+]||N#CC,CC1=CC=CC=C1P(C2=CC=CC=C2C)C3=CC=CC=C3C,CC([O-])C.[Li+],N#CC,-0.26365475576253333,0.991548888799718,-0.2842367756839305,0.3224862210695103,1.7815305308658282,-0.24540933155649597,-0.36356125693380553,-0.5084585430537774,-1.0360040403224673,2.508680959507178,2.1599631646188255,0.4526474839779547,-0.6309044911658572,-0.8633414289501641,-0.026314266263407316,-0.5902568205259902,-0.08787068466353919,-0.24296470019918986,-0.0031301428320998424,-7.467970339481132e-16,-4.971105018995545e-16,-3.5122160551158943e-16,2.10307840332232e-17,8.885993180998302e-17,1.2105527999187394e-16,1.1442324187733133e-16,-4.906476229753171e-16,1.7696872726590725e-16,5.601850291271145e-16,-1.8242519876423856e-16,1.170796238538291e-16,-1.926164194999551e-16,4.290597404490165e-16,1.0172088264310237e-16,3.282572517039767e-16,1.9396443675531308e-16,4.885255674709127e-16,3.3185618628665825e-17,1.882253161254433e-17,-8.284747728245711e-17,-2.822881514977534e-16,-1.9784357689878322e-16,1.364341107659888e-16,-3.272971612295377e-17,1.943017686863981e-16,4.468390434138966e-17,1.6956012630285135e-16,-1.8724136564284732e-16,1.6353564427092848e-16,7.456306703984745e-17,-1.7091949596015573e-16,-2.7585051999606407e-16,1.3193354716239377e-16,-1.3927940852808722e-16,2.1315539741787264e-16,-7.553416224168434e-17,-8.185747312117101e-19,2.160256209770215e-16,-4.6441892345970046e-17,1.0403670806620118e-16,9.111814326242863e-17,-9.566427256214655e-17,9.637870309974738e-17,-1.544062950463353e-16,-4.8503111038114315e-17,-6.013792015833122e-18,5.651974862806655e-17,1.9989696461799404e-16,6.363232147023819e-17,-6.787473786395068e-17,1.7637963631652034e-16,-1.442639074305334e-17,-3.0083932792523966e-17,8.724809181168274e-17,-1.4822104583277687e-16,3.308000470390686e-18,-1.3376951915210382e-18,-1.1695009868873791e-16,-7.49227619090598e-17,2.0042926756430488e-16,-9.53327899146191e-18,1.367961442999924e-16,-1.1089508475147652e-16,-2.5959923599009765e-16,-1.097752275716199e-16,-1.8355609525884511e-16,-4.074509254340126e-17,-7.373423615830167e-17,2.878532105199617e-16,-2.788271969075973e-16,1.780245335693578e-16,-2.408569356565307e-16,-6.236668969884142e-16,2.1339815527913396e-16,4.565889594896469e-17,-4.3093394122421554e-17,-7.016379211550885e-17,-3.3210621986918056e-16,-2.396163428165303e-16,2.1461853802606125e-16,4.58123403363623e-16,-1.2002558388807108e-16,1.2794705259751482e-16,3.576033017613417e-16,-1.555526632303302e-16,-3.9781243095750117e-17,-2.561984083694618e-16,1.2549869264184053e-16,2.5056791077931853e-16,1.7607176008872523e-16,1.3505750631977637e-16,-3.340097894511133e-17,1.1143225804964535e-16,-1.4184167556681793e-16,3.3483612658235255e-17,8.841347326990609e-17,-7.427485664560902e-17,-1.90339235533261e-17,9.77079393902524e-17,-1.6998444532609073e-16,5.4099609195462484e-17,6.551067516420052e-17,-1.3855374378136476e-16,-2.8119243270914334e-17,3.1069944469289887e-16,1.7576765933542198e-16,2.771561018847676e-16,-4.279187228314335e-17
CCCCP(C12C[C@@H]3C[C@@H](C[C@H](C2)C3)C1)C45C[C@H]6C[C@@H](C5)C[C@@H](C4)C6||CC([O-])C.[Li+]||N#CC,CCCCP(C12C[C@@H]3C[C@@H](C[C@H](C2)C3)C1)C45C[C@H]6C[C@@H](C5)C[C@@H](C4)C6.CC([O-])C.[Li+].N#CC>>,C_0302d1b352d1,CCCCP(C12C[C@@H]3C[C@@H](C[C@H](C2)C3)C1)C45C[C@H]6C[C@@H](C5)C[C@@H](C4)C6||CC([O-])C.[Li+]||N#CC,CCCCP(C12C[C@@H]3C[C@@H](C[C@H](C2)C3)C1)C45C[C@H]6C[C@@H](C5)C[C@@H](C4)C6,CC([O-])C.[Li+],N#CC,-0.8853811771272792,-3.1922335638057375,-0.2842367756839293,2.712839121919756,1.781530530865825,0.491199297616139,-0.3635612569338052,-0.9806476207765267,0.5753078969520409,0.06697642453299518,2.1599631646188264,-0.3555490753194962,-0.6309044911658543,-0.8633414289501642,-0.02631426626340778,-0.0069615529941269945,-0.08787068466353924,0.037064967961356214,-0.003130142832100134,5.890901183894705e-16,-2.3223300556690644e-16,3.436459744351989e-16,-5.389028434065472e-16,-6.184415588050256e-16,-3.2460585576182405e-16,-7.348281578093914e-16,-1.9371205699045755e-16,3.2988918550726253e-16,3.9430583718145955e-16,1.6847083345154067e-16,1.2270521679777163e-16,-1.852240867858286e-16,2.4189721558220593e-16,-4.525746409034588e-16,-6.619704254594016e-17,-1.2025539902511435e-16,-9.67496802338975e-17,-7.229886438977171e-17,-3.676113224363271e-16,-1.0233649853622893e-16,-3.6241725557018485e-16,2.3316538327676756e-16,-3.646944638080632e-16,-1.3356486493363486e-16,1.2846416523846433e-16,-2.848223464928598e-17,9.040405041265698e-17,-5.3049231523739816e-17,-2.2481711851729682e-17,8.70843559638763e-17,1.1265479036954949e-17,3.465074258435316e-17,-1.4695134221412093e-16,-3.602533050668902e-17,-7.215411587301634e-17,1.2763570044790701e-16,1.080803091984565e-16,1.9175082874723446e-16,1.3857139064073052e-16,3.963905569849567e-16,1.179406133815429e-16,1.464205256275903e-16,5.253467900211183e-17,-2.0345760553534e-16,1.417697144533352e-17,6.827840010398459e-18,1.8234672382640724e-16,8.620476124258723e-17,1.3381169060333272e-16,-1.3375244330215236e-16,-2.7804104725316896e-16,-6.641760015162046e-17,-1.689625876827034e-16,1.8531121536793286e-16,4.011610101024734e-16,1.189647841131435e-16,3.960373082593052e-16,-2.2688793792867863e-17,-5.586306210362302e-17,-1.231750582315362e-16,-4.0095645136813474e-16,-2.743782897139074e-16,1.3978110940186487e-17,7.655155521370333e-17,4.601058759156923e-16,-9.510188032195369e-17,5.265884247309776e-17,3.5452120946203233e-16,1.383758158169157e-16,1.1748859543922266e-16,1.0103818307543714e-16,-3.4710966659716028e-16,3.5245350020200874e-16,-2.2792333976075116e-16,1.2166762020209103e-16,-4.277211205744929e-16,1.3924325214959632e-16,-3.640461449220844e-16,-1.4224615076601874e-16,1.8006454497932021e-16,3.221879859419266e-17,-1.9032800736377158e-16,-7.426661348403597e-17,2.241712559010409e-16,3.1748954428847107e-16,-2.2165422172563515e-16,-7.373298885192902e-17,1.0036785755691543e-16,-1.2647602655410552e-16,-4.000991845035303e-17,2.70751647579555e-17,1.3499366875973344e-16,-1.3859196440141769e-16,4.8972386988345685e-17,4.2232853096931937e-16,-2.28735697955324e-16,-2.3218521244441032e-17,-1.8791711772448223e-16,1.3915204267014155e-16,-2.249371108722635e-16,-8.704034778343944e-17,9.241345587659643e-17,1.669090010259092e-16,-8.425862745021594e-17,-5.021833511462868e-17,2.1947774765548192e-17,-6.331611294109434e-17,-2.3785980595668886e-16
COC1=CC=CC(OC)=C1C2=C(P(C3CCCCC3)C4CCCCC4)C=CC=C2||CC([O-])C.[Li+]||N#CC,COC1=CC=CC(OC)=C1C2=C(P(C3CCCCC3)C4CCCCC4)C=CC=C2.CC([O-])C.[Li+].N#CC>>,C_42ab371e21dc,COC1=CC=CC(OC)=C1C2=C(P(C3CCCCC3)C4CCCCC4)C=CC=C2||CC([O-])C.[Li+]||N#CC,COC1=CC=CC(OC)=C1C2=C(P(C3CCCCC3)C4CCCCC4)C=CC=C2,CC([O-])C.[Li+],N#CC,3.697093256973161,0.2187314862096803,-0.28423677568393046,-0.169986978560936,1.7815305308658256,-0.13753115125335086,-0.3635612569338045,1.0255047079947917,1.9551116939983535,0.8801350735997558,2.1599631646188264,-0.3971125427888167,-0.6309044911658538,-0.8633414289501639,-0.026314266263406647,0.2550985408775027,-0.08787068466353924,0.026042369234240668,-0.003130142832099974,1.6777443313457342e-16,-6.090247930206286e-17,6.847649094782703e-16,-6.303968569860055e-16,4.870474856614785e-16,1.213692657377048e-15,-1.261105441576875e-17,-1.0373262523961328e-15,-3.317218837992313e-16,6.163374351281278e-16,-1.1178899230071537e-16,-3.929534186394837e-16,-4.068955798102133e-16,2.54395486464689e-16,3.675600516416798e-16,2.859488106573653e-17,9.649723141125754e-16,-8.39792429191756e-19,-7.091579696627709e-16,8.546070185888907e-16,3.355928661667138e-17,4.571941706766103e-16,-8.020708831913558e-17,-7.295964179945182e-16,1.1228066835926894e-16,1.1834682015571148e-16,1.7547421112410276e-16,-1.7760264708570966e-16,-4.2238816283413218e-16,1.0962085304034749e-16,-3.5609542062553233e-16,1.432920137508594e-16,8.490618635223701e-17,8.240178164205876e-19,-2.2350412380105673e-16,-4.739515330945394e-18,-3.6028807326146134e-17,-1.1755489512608427e-16,1.5945812215729917e-16,-1.2421931092542752e-17,-1.7676781601042833e-17,1.0941424936371261e-16,4.36809988686864e-17,-2.41136303311778e-16,2.9543412753265115e-16,-2.6947636067080004e-16,-2.364417426136975e-16,-8.216074205858401e-17,1.56170208369504e-16,3.0168070276285973e-17,-1.59411637457588e-16,3.085138556089903e-16,1.6668265101598274e-17,2.1724055185616159e-16,-1.214691017471456e-16,9.863351460529568e-17,2.4445193644967446e-16,-5.477449898865302e-18,-5.923856192862832e-16,1.9397893173517755e-17,1.18036345134535e-17,4.2833270980306675e-16,-2.2102636637725419e-16,4.1893350294312397e-16,2.845821242388911e-16,-1.2527884137385289e-16,-5.1846267364401665e-17,1.995089663105076e-16,-1.8861520044360613e-17,-4.4504172089380575e-16,2.727574609435017e-16,1.6094064090119375e-16,-2.121259211613035e-16,-6.442870569841751e-17,3.329923945199087e-16,-1.7030834053768555e-16,1.572758926100815e-16,2.469342181190814e-16,-7.791126594746891e-17,3.42214784829832e-16,-3.7707680218400085e-16,3.533936644774294e-17,8.618871358087038e-17,1.040492132191787e-16,-4.300798823262874e-17,-1.7645746888839855e-16,-1.3410704245988163e-16,1.2558424817399286e-16,1.60044628062683e-16,-3.138341290560163e-17,-2.063913856636115e-16,-2.1724107774392985e-16,-2.308683755940823e-17,-1.5841976313513162e-16,9.571978852541302e-17,4.025116368136367e-17,-2.715869507874006e-17,3.035174295422858e-17,6.921443259611716e-17,5.54621624496553e-17,1.4006258653536699e-16,4.1496470715595637e-17,2.72556166959147e-17,7.477685522133089e-17,3.9546491002507574e-17,-2.309880721982819e-16,9.032539076586414e-18,-5.2236379908719855e-17,-1.3564490087623216e-16
CC(C)(P(C(C)(C)C)[c-]1cccc1)C.CC(C)(P(C(C)(C)C)[c-]2cccc2)C.[Fe+2]||CC([O-])C.[Li+]||N#CC,CC(C)(P(C(C)(C)C)[c-]1cccc1)C.CC(C)(P(C(C)(C)C)[c-]2cccc2)C.[Fe+2].CC([O-])C.[Li+].N#CC>>,C_20044dc2642f,CC(C)(P(C(C)(C)C)[c-]1cccc1)C.CC(C)(P(C(C)(C)C)[c-]2cccc2)C.[Fe+2]||CC([O-])C.[Li+]||N#CC,CC(C)(P(C(C)(C)C)[c-]1cccc1)C.CC(C)(P(C(C)(C)C)[c-]2cccc2)C.[Fe+2],CC([O-])C.[Li+],N#CC,-1.5678166466947503,-0.5445544539407907,-0.2842367756839311,-1.8306686961429985,1.781530530865827,1.1506141613685525,-0.3635612569338027,-0.3417448804185344,0.9228435721645196,-0.1280600846023818,2.159963164618825,1.7193547786868124,-0.6309044911658622,-0.8633414289501624,-0.026314266263408447,-0.37552400425580557,-0.0878706846635398,0.6986574594526086,-0.0031301428320999157,1.3401285269978047e-15,-1.1678160565071283e-16,-5.875497233509612e-16,3.530593956640341e-16,-1.3324008715953592e-16,5.197629795314127e-17,-1.361709603464931e-16,-1.396136939193611e-16,-2.9387459157948205e-16,-6.191139859108854e-17,2.189075334156676e-16,4.949375549656814e-17,-1.365376973184709e-16,-2.282943664109543e-16,-1.9581337914693154e-16,7.46283400789148e-17,-2.72665954427935e-16,-1.1499123334494296e-17,2.7538362654737624e-16,-1.526599026154298e-16,2.7667016933060137e-16,-1.6651625852080916e-16,3.02457359310019e-17,-6.99957242953951e-17,1.491524893168583e-17,-4.438470095751177e-17,-1.5826135492269056e-16,-1.7810990475931002e-16,3.58502641112746e-17,-1.653000752993859e-17,9.022388060810895e-17,-3.0835796427311376e-17,-9.343188834371068e-17,1.0928358614004242e-16,-2.5332104412980923e-17,-1.227724289933193e-16,-7.663930171566188e-17,5.429868270471018e-17,1.3571050968326907e-16,2.2162821118761787e-17,2.954951066392193e-16,-5.348998887768104e-17,-6.717435024317457e-17,5.114536650299487e-17,-1.571242895210313e-17,-2.4321480085814366e-18,-1.444156867250378e-17,6.667911162578366e-17,3.2766703293556596e-17,1.8349870121976204e-16,-1.479587313241631e-17,-6.127414666506126e-17,7.148966054831363e-17,-1.414568021155911e-16,-9.070079697842478e-17,-2.723678965417639e-16,-2.592757803903986e-16,1.7941711459490606e-16,3.5564624396875364e-17,1.5097050055746827e-17,2.556375644233647e-16,8.792507965578095e-17,-6.438112640480794e-17,1.8640906400884287e-16,3.721608962785249e-17,-6.301413274290453e-16,2.557350652351097e-16,3.782344022655687e-17,2.0665168338961852e-17,-1.685366721136656e-16,3.341804087566487e-16,6.420035007426535e-17,-4.051401048430574e-16,1.2588128379813107e-16,2.490621301660726e-16,7.699879245946604e-17,5.128777204930389e-16,9.525493385409741e-17,-1.6647876871941112e-16,-4.447180319116799e-18,-2.878969611340072e-17,1.4332225565992752e-16,1.3624248036785619e-16,1.2046420977478213e-16,6.142868191082853e-17,-1.094753992480222e-16,-3.608566501291844e-18,-1.7843744958988195e-17,2.122907718101376e-16,-1.8197045437319917e-16,-3.220626809275504e-17,-1.1358984155708699e-17,-5.799737458309443e-17,-1.2433410540117146e-16,-5.165441226775115e-17,4.206216148633964e-17,6.8504694725736615e-18,1.4466711461666445e-16,-1.0183512359470601e-17,-2.0432186753769714e-16,2.2527271116753215e-16,-8.194562029873883e-17,-2.213067422424398e-16,2.329789424400269e-17,1.7754327824625191e-16,-1.9237388313232687e-17,-4.7626366999079326e-17,-6.46040669981164e-17,-5.788784768208126e-17
CC(C1=C(C2=CC=CC=C2P(C3CCCCC3)C4CCCCC4)C(C(C)C)=CC(C(C)C)=C1)C||CC([O-])C.[Li+]||N#CC,CC(C1=C(C2=CC=CC=C2P(C3CCCCC3)C4CCCCC4)C(C(C)C)=CC(C(C)C)=C1)C.CC([O-])C.[Li+].N#CC>>,C_018b043c365c,CC(C1=C(C2=CC=CC=C2P(C3CCCCC3)C4CCCCC4)C(C(C)C)=CC(C(C)C)=C1)C||CC([O-])C.[Li+]||N#CC,CC(C1=C(C2=CC=CC=C2P(C3CCCCC3)C4CCCCC4)C(C(C)C)=CC(C(C)C)=C1)C,CC([O-])C.[Li+],N#CC,4.095214292254157,0.06059900161018958,-0.2842367756839321,-0.5208425618983292,1.7815305308658256,-0.11150016598743293,-0.36356125693380537,-1.7351649042204,-1.0409822672107314,-1.0072610296413145,2.159963164618825,0.31273311559456485,-0.6309044911658557,-0.8633414289501626,-0.02631426626340814,0.08800205000734797,-0.0878706846635392,-0.0017897580635640848,-0.0031301428321003104,-1.7867916869443306e-16,1.1734721911287198e-15,-5.884274818823412e-16,-1.0191916919229718e-16,9.47514664499345e-17,-7.787355192568306e-16,4.532033796515756e-16,-2.3252627962665775e-16,-3.0465786016230196e-16,3.532314788501296e-17,4.3807831433555495e-16,5.2970805950537705e-18,-1.7627861570960327e-16,-3.505981618544716e-16,-6.929266564657341e-17,2.2279317114390924e-16,4.097616230618155e-18,-3.00078499664807e-16,4.313336679557378e-16,3.1766479455365746e-16,4.3043812838450974e-16,5.972323819088503e-16,-3.426908887314752e-17,4.886477592761413e-16,7.193536281084763e-17,-1.1552023606548926e-16,-4.288341307680251e-17,-2.510487771948956e-16,-1.2965672673994454e-16,-9.663119070611415e-17,2.8562650799047787e-16,3.9959762323015295e-16,2.3413507101630187e-16,3.25273205499479e-16,-2.0523828896556607e-16,1.3871583270859915e-16,3.2716317896776533e-17,-8.558770858058923e-17,8.026027973270932e-17,-1.0407206406458933e-16,-1.472521851463845e-16,-2.606229633012476e-16,-2.70771839720588e-17,-2.322080168391674e-16,-3.9888033590640966e-17,-1.6231359893271886e-16,-2.831328321690943e-17,-1.4415823191373236e-16,1.4571144083246787e-16,-3.904309853249927e-17,1.7964286698493642e-16,2.4529469677946276e-16,2.254972208930892e-17,6.445539165090006e-18,9.727279129144075e-17,-4.393525101095538e-17,-9.253481312489912e-17,-4.1440166688972555e-16,3.0609291437893664e-16,-1.7279741181007094e-16,-2.834348642728201e-16,7.829009193335412e-18,-2.9531296970235136e-16,2.264373917621195e-16,8.380977432141366e-17,-3.0266435262355177e-16,2.1758577827090537e-16,-5.3473720076902073e-17,-2.59147689558521e-16,-1.6599137262428544e-16,1.2256590903801606e-16,4.056438122192062e-16,3.635858326586737e-16,5.1787705867180347e-17,-5.643186076290532e-17,-2.749451093313891e-16,1.5615217089985416e-16,-1.0075708959619474e-16,-1.1832545297598028e-16,-7.484992049551009e-18,2.9914746033876133e-16,-2.210587627516094e-16,-2.6194714348175403e-16,-2.642005881270876e-16,-1.0391950323584699e-16,2.501236658798781e-16,-6.080019420416991e-17,-1.03745413799705e-16,-5.5413212072390586e-17,3.1471455299234965e-17,-6.096537609896647e-17,2.533203521738131e-16,-6.343474855888895e-17,-1.991373641243243e-16,2.0138757287157685e-16,2.330347708165846e-16,-8.363934363902744e-17,-1.0204413151249362e-16,-1.3413068187818004e-16,6.55201393535604e-17,-1.2203140978715e-16,1.705721519987185e-17,-7.691083735764033e-18,-2.1566116852397204e-17,9.369495903379444e-17,-2.0834903170254105e-16,-7.24187085409402e-17,1.3071239860285818e-17,-6.997735526844555e-17
[c-]1(P(C2=CC=CC=C2)C3=CC=CC=C3)cccc1.[c-]4(P(C5=CC=CC=C5)C6=CC=CC=C6)cccc4.[Fe+2]||CC([O-])C.[Li+]||N#CC,[c-]1(P(C2=CC=CC=C2)C3=CC=CC=C3)cccc1.[c-]4(P(C5=CC=CC=C5)C6=CC=CC=C6)cccc4.[Fe+2].CC([O-])C.[Li+].N#CC>>,C_1c32f3745dda,[c-]1(P(C2=CC=CC=C2)C3=CC=CC=C3)cccc1.[c-]4(P(C5=CC=CC=C5)C6=CC=CC=C6)cccc4.[Fe+2]||CC([O-])C.[Li+]||N#CC,[c-]1(P(C2=CC=CC=C2)C3=CC=CC=C3)cccc1.[c-]4(P(C5=CC=CC=C5)C6=CC=CC=C6)cccc4.[Fe+2],CC([O-])C.[Li+],N#CC,-1.3841208155545002,1.1338119037417693,-0.28423677568393246,-1.1785704697655899,1.781530530865826,2.0264914915776937,-0.3635612569338062,-0.48760632931331244,0.32524259872946854,-0.37015865430257144,2.159963164618826,-1.486081881780201,-0.6309044911658497,-0.8633414289501639,-0.026314266263407247,-0.26752973554483367,-0.08787068466353878,-0.795814978261376,-0.003130142832099961,-2.0672134522327962e-16,-1.646011248706386e-16,4.0562185272395375e-16,5.589123523197021e-17,-4.173912033242017e-16,-3.0002653937750897e-16,-5.591888141237861e-17,-3.799999943010419e-16,-1.8642750964080058e-16,-1.6080765728720538e-16,1.3339937957591417e-16,1.695227923428058e-16,-2.753362787251468e-16,-2.1180272589024246e-16,-3.542245980703983e-16,5.215726831088511e-17,-4.1258321399244106e-17,-3.296504855336754e-16,1.6558845145345956e-16,-8.580099759420122e-17,2.3973936391473777e-16,1.6462331180667964e-16,1.0888860037855842e-16,1.2904256275611546e-16,1.116798085351634e-16,-1.8737107819360058e-16,-6.526978752366855e-17,-2.243246255411521e-16,2.5187630740781957e-16,2.1872907607724234e-17,2.2760918141346292e-18,1.6433052328978052e-16,1.0938748164267272e-16,-2.1908400942169782e-16,1.686174805037678e-16,-1.2748559286399465e-16,1.5874323524297004e-17,-3.0106196290926794e-16,-1.900365576289964e-16,-2.369988518360653e-16,1.8830842917832823e-16,1.20237907308715e-16,1.4645570906169618e-16,7.056932000498484e-17,1.3331454179237926e-17,4.6772978643691046e-17,-1.950670479620001e-16,-2.4462014794191294e-17,3.8202290140246333e-17,7.323104170315701e-17,2.8618395162489666e-16,3.8769104064131365e-17,1.5984337405379799e-16,2.485813494620813e-16,1.878523855117002e-17,-2.1583643199329292e-16,-4.825771135711693e-17,-7.222633823123846e-18,1.3006895963011168e-16,-1.3056308142787923e-17,1.034129711671635e-17,9.46952616704102e-17,-1.8519961779845066e-16,7.937108604600445e-17,-1.8570619980566743e-16,1.0208827107828352e-16,-3.564129059541197e-17,-3.473756753345937e-17,8.054953687204574e-17,-1.9996158055435706e-17,1.0139437619205116e-16,1.1288287237509425e-16,-1.085545347735988e-17,-1.0343420153315434e-16,-8.251024818810397e-17,-5.513404307327977e-17,8.052368602843191e-17,3.6270445995930504e-17,-1.3458805211804054e-16,-1.667997396300527e-17,3.692059148704696e-17,-7.697617640395351e-17,-1.0447628988264188e-16,-1.359402470842573e-16,-7.767917813199392e-17,-1.6768504353670413e-17,-1.8388974808819968e-17,-2.9189783760299665e-16,2.354386780164457e-16,-1.561871343273563e-16,-2.474268270452247e-16,-9.270061334754317e-17,-5.3116504888558577e-17,-2.2547481922210747e-17,-1.951198517096439e-16,-7.808826254846755e-17,2.9304958184958554e-16,-5.275464044662306e-17,-1.421352986856674e-16,3.3478563431544054e-17,-2.0990864198464557e-16,5.838753073557652e-17,2.9652213723227613e-16,1.0904067747169782e-16,-1.2874553129151936e-16,8.219841605000036e-17,-4.89162496342853e-17,1.0280997068633708e-16,2.651065317959174e-16
CC1(C)C2=C(OC3=C1C=CC=C3P(C4=CC=CC=C4)C5=CC=CC=C5)C(P(C6=CC=CC=C6)C7=CC=CC=C7)=CC=C2||CC([O-])C.[Li+]||N#CC,CC1(C)C2=C(OC3=C1C=CC=C3P(C4=CC=CC=C4)C5=CC=CC=C5)C(P(C6=CC=CC=C6)C7=CC=CC=C7)=CC=C2.CC([O-])C.[Li+].N#CC>>,C_0fa66d26bc25,CC1(C)C2=C(OC3=C1C=CC=C3P(C4=CC=CC=C4)C5=CC=CC=C5)C(P(C6=CC=CC=C6)C7=CC=CC=C7)=CC=C2||CC([O-])C.[Li+]||N#CC,CC1(C)C2=C(OC3=C1C=CC=C3P(C4=CC=CC=C4)C5=CC=CC=C5)C(P(C6=CC=CC=C6)C7=CC=CC=C7)=CC=C2,CC([O-])C.[Li+],N#CC,-0.7608527313618179,3.057345820275926,-0.28423677568392997,2.340206537654115,1.781530530865824,-0.5112817700760035,-0.3635612569338042,0.35592842575710576,0.45010996213631027,-1.1207264892083726,2.159963164618825,0.8357285648736754,-0.6309044911658582,-0.8633414289501629,-0.02631426626340842,-0.34191861228964543,-0.08787068466353934,-0.16127802879825084,-0.003130142832100032,-2.3870123745459184e-17,-8.607763803466992e-17,1.4855793469771577e-16,1.5129349769886204e-17,-6.431305978227978e-16,3.594338894055295e-17,-1.1749365491927495e-16,6.7845068156957e-16,-2.8717331165969292e-16,3.887849573508375e-16,1.7859568979262503e-16,5.4654871954019145e-17,-5.047437890613814e-16,-1.8927850162761787e-16,-7.554910069450224e-16,-1.3404670504181875e-16,-2.1118378674573717e-16,2.606875647613789e-16,4.2167916653783137e-16,-2.5855466970531527e-16,1.776105517456193e-16,1.9140432118854285e-16,6.653056775300765e-17,-4.097763348012773e-17,1.2356170522659504e-16,-8.20793200217929e-17,3.61034183587957e-16,-7.605513019657201e-17,-6.390430454852312e-17,5.1106707036968244e-17,-1.6267777524036377e-16,-5.966141961771587e-17,2.547349469727515e-16,1.1657747508799704e-16,2.6481459689792858e-17,-6.64305000261565e-17,5.62299447172201e-17,9.868761035414397e-17,1.5269816685429672e-16,-1.4800631649877357e-17,1.968677105947808e-16,1.2304019415133855e-16,2.1795756023375782e-16,1.0358475864174528e-16,-2.872856283992931e-16,6.685854270114741e-18,8.025235779293257e-17,1.2936612693157964e-17,-4.1026166636933893e-17,7.49927168241102e-17,1.5175073084283037e-16,-2.412533152812775e-16,6.045622040338636e-17,-7.781875377034767e-17,6.181091124267352e-17,4.866927036164022e-17,-2.169996055871639e-16,1.2654125270357623e-16,-1.7843641809711436e-16,-4.78871285059888e-17,5.014626063181393e-17,1.5176501991691138e-16,8.639513863294647e-17,-1.0365446337802706e-16,-2.5273841049135947e-17,3.315448052565876e-17,8.31866824287916e-18,-4.634543307650111e-16,-8.612486999400634e-17,6.077004003452659e-17,-9.040097393720391e-17,-3.0615301104207473e-17,-1.9994027970426975e-17,5.785870530723898e-17,1.5631076134282258e-16,-3.580215171191792e-17,-4.3970466464000034e-17,-1.3722820601053917e-16,-1.2975449239845124e-16,2.293213728099291e-16,-1.2815980055693733e-16,-1.2166932580823985e-16,2.9718379394824344e-16,-8.603785426421719e-17,1.3302448014024744e-17,-3.571132935716648e-16,7.336852659702128e-17,-1.9897820762213345e-16,-4.0485139071155196e-17,1.0729103868553239e-16,8.319845748170431e-17,-1.0104688985902835e-16,-7.592094182409376e-17,-7.103296454414233e-17,3.1715327420324135e-16,-1.7301983984537037e-16,-2.2341776779567845e-17,-1.596233285920189e-16,1.6809747967701734e-16,4.284126244361918e-17,-4.00236377017136e-17,-4.364268864112066e-16,-1.3625890262388145e-16,-2.4987512612392087e-16,7.559471368648504e-18,-1.2398829828529294e-16,3.060236846160639e-17,9.67271740280918e-17,-4.334193821027024e-17
CC(P(C(C)(C)C)C(C)(C)C)(C)C||CCN(CC)CC||N#CC,CC(P(C(C)(C)C)C(C)(C)C)(C)C.CCN(CC)CC.N#CC>>,C_bf9e49d6eb15,CC(P(C(C)(C)C)C(C)(C)C)(C)C||CCN(CC)CC||N#CC,CC(P(C(C)(C)C)C(C)(C)C)(C)C,CCN(CC)CC,N#CC,-1.224289551208006,-0.6982614233068845,-0.28423677568393174,-0.5409122448896079,1.781530530865828,-0.48093282746035115,-2.220068392385904,0.5164120737207398,-0.3579680742465466,-0.004776469817939992,-0.806269116893402,0.8719731108561631,-0.40282635535217054,-0.8633414289501772,-0.8638264162109393,1.6703602962318322,-0.05056888511560718,-0.7970487546071366,-2.4255729424731876e-05,-1.2556758696904852e-16,6.967166890263542e-16,-1.0125933071602357e-16,5.2611378842896124e-18,5.065481691651282e-16,2.27529914462038e-16,6.42604066347674e-17,-6.249699504105459e-17,-6.949217928461129e-17,-1.5187744189132588e-18,7.905803262051133e-17,7.481371101361043e-17,-1.4311109169080884e-16,-3.2607270323549974e-16,-1.3999454737706052e-16,2.8310228525904076e-16,1.4163727508215332e-16,-1.4959928587862772e-16,-1.7379584421270315e-16,1.8611711789612906e-17,-2.225724928461974e-16,1.1094500893760305e-16,1.2674033053040444e-16,3.246676902453795e-17,2.7284972453199184e-16,-5.240718506888076e-17,-4.0043525415100607e-16,5.608068980444062e-17,4.821736647248012e-17,3.8187546886683044e-17,2.1842426364371865e-16,2.4956597984917533e-16,-4.565466362204212e-16,1.2120209446165479e-16,7.508641198776272e-17,-3.058679630543788e-16,2.2658084578421104e-16,-8.651009726742216e-17,-2.534435783797871e-16,5.542690379556496e-17,-4.16718272196477e-17,-1.1077142432881147e-16,1.465511045721343e-16,1.2341510790483832e-17,-3.065367259799392e-17,-4.032728542604519e-17,-3.5349530249205624e-17,2.348390340144162e-16,2.85364756984178e-16,5.310340935781758e-17,2.2316969731535477e-16,1.5572556068897995e-16,-8.343713464492262e-17,7.549168485059716e-17,-6.381199260244787e-17,-6.86870196975507e-17,-5.2472340708881956e-17,8.995246286841039e-17,2.2158567476970705e-17,1.7896582465841577e-18,-1.5416935712028907e-16,1.3986083647004175e-16,1.7249036236995177e-16,9.129949235422647e-17,-3.4944517068780844e-16,1.0919587202812982e-16,-6.457923016721901e-17,2.964237812608103e-16,-9.810779311308105e-17,1.7460694904775296e-17,-4.585793938585169e-17,6.793488561182576e-18,1.672174105398795e-16,5.2652254187754395e-17,5.936828967538979e-17,9.238337397032056e-17,1.0136292428559848e-16,3.6161809200978457e-16,8.61578517227052e-17,-1.3559663866391246e-16,2.451207068426729e-16,7.40446300464048e-18,-2.15865623888519e-16,3.090115995108648e-17,-5.56622263438899e-17,-2.563873045825517e-16,9.17371616205231e-17,3.17704826312527e-17,-8.949680051481007e-17,-5.057072693359477e-17,2.8180370279183634e-17,-1.4876505394909205e-16,8.921571572907545e-17,1.6874703852159876e-16,-2.680023219585298e-16,-1.2348151520488661e-16,5.3760707781537536e-17,-6.231721827679561e-17,2.3471961911788288e-17,1.8487977148920743e-16,7.047153044783808e-17,5.75006884366339e-18,-6.46895931866213e-17,-1.837292588692471e-16,1.4529977083054082e-16,-1.203139673944942e-16,-9.241923523266405e-17,2.778445735041675e-16,-5.938446859512072e-17
P(C1=CC=CC=C1)(C2=CC=CC=C2)C3=CC=CC=C3||CCN(CC)CC||N#CC,P(C1=CC=CC=C1)(C2=CC=CC=C2)C3=CC=CC=C3.CCN(CC)CC.N#CC>>,C_626c6a952ee4,P(C1=CC=CC=C1)(C2=CC=CC=C2)C3=CC=CC=C3||CCN(CC)CC||N#CC,P(C1=CC=CC=C1)(C2=CC=CC=C2)C3=CC=CC=C3,CCN(CC)CC,N#CC,-0.9376336432096944,1.234574423518501,-0.28423677568393174,0.2368490684074833,1.7815305308658274,0.27863967790261435,-2.220068392385907,0.21949929330034582,-0.7800009929116296,0.1474060694152461,-0.8062691168934012,-1.1263128578207349,-0.40282635535216277,-0.8633414289501775,-0.8638264162109385,0.9338159119711471,-0.05056888511560872,1.2462422126349613,-2.4255729424737907e-05,8.18705443222233e-17,-9.260451014265576e-17,-2.0661408535391367e-16,4.020030633045831e-17,-3.525594776805905e-16,-2.641812416143025e-16,-6.425725723930083e-16,3.0593630598112786e-17,-8.485793993062391e-19,-8.218165038998722e-17,5.935271834511979e-17,-1.2128564831919527e-18,-1.2228568780495553e-16,-1.8716988822947934e-16,-4.196668612564884e-16,5.4352903304008525e-17,-1.365612636491967e-16,-1.2880832352323214e-16,2.2191070785053758e-16,4.4150497348564027e-17,2.311600378608014e-16,-1.0741004157800434e-16,-9.18174908284214e-17,1.7906119691818717e-18,2.3572274419266245e-16,1.9954959978914645e-17,2.7822795080717752e-18,2.5140226452070003e-16,-9.90278299750996e-17,1.305085782474628e-16,5.849250636572782e-17,-2.6692071254545043e-17,-1.3021762300898963e-16,1.068365569731335e-17,-2.8513525868159287e-17,-7.495347796071281e-18,-8.773456227097333e-17,4.729772955960616e-17,-1.3518621047135267e-16,9.670847422094782e-17,1.0248239212644603e-16,-9.755171151105423e-17,-1.2968144489721195e-16,-9.038531751245478e-17,-1.0429925168693301e-16,-1.3986201906437192e-16,-1.5214980350634823e-16,8.567005523155836e-17,3.0037194648424054e-16,5.989137268732731e-17,-2.5515048544108603e-16,1.616204831785742e-17,1.7531124300186271e-16,-1.0076703357106878e-16,-3.064928255698864e-17,1.4885608186988212e-16,2.1050860514608156e-16,-4.071095535998627e-17,2.364673859548112e-17,-9.167509949354623e-17,6.327976628064773e-17,-1.1373777823839955e-16,-1.8661949369299208e-16,-1.7288429985401404e-16,-1.3454196415267413e-17,-9.685040787150334e-17,6.994945757585944e-17,-4.009702398257792e-17,2.1142826051377914e-17,-5.602964386376811e-17,-1.3783783737598111e-16,-1.9315374831189343e-16,-1.0773076851735615e-16,2.1626855104914914e-16,-8.224298247701924e-17,-1.5074073857094137e-16,2.0844511695365153e-17,1.6913168298287103e-17,1.5923900583780658e-16,-1.2078513450160172e-16,3.910462406631387e-17,-2.471218393772631e-16,1.3664340201338283e-16,1.5729920374569438e-16,-9.809645306072379e-17,1.0185858759591381e-16,-1.4865697691159757e-17,9.937137007869241e-17,6.383614051948254e-17,1.438740788864644e-17,-2.3968189151608035e-16,-8.906371491671172e-17,-1.8956768065541474e-16,2.929923326096241e-17,1.968478549569732e-16,1.889419089585955e-16,-4.636753062234742e-17,4.980865786678592e-17,-6.812621550061521e-17,1.5100784173695753e-16,9.194227303625102e-17,1.906183285298178e-17,3.1440888086584487e-16,1.1778623001712873e-16,-3.262324110681132e-18,1.641691479926821e-16,2.6707815782330126e-16,-3.427935971997362e-17,-4.0142078878779046e-17
CC(C)(C)P(C(C)(C)C)C1=CC=C(N(C)C)C=C1||CCN(CC)CC||N#CC,CC(C)(C)P(C(C)(C)C)C1=CC=C(N(C)C)C=C1.CCN(CC)CC.N#CC>>,C_91832105d954,CC(C)(C)P(C(C)(C)C)C1=CC=C(N(C)C)C=C1||CCN(CC)CC||N#CC,CC(C)(C)P(C(C)(C)C)C1=CC=C(N(C)C)C=C1,CCN(CC)CC,N#CC,-1.5782981121882067,-0.6507387560859175,-0.2842367756839317,-1.339082050708152,1.7815305308658267,-3.0233120881828093,-2.2200683923859055,-0.26903145405850926,0.35103460862731534,-0.3959375129998081,-0.8062691168934012,-0.8157423012752585,-0.4028263553521639,-0.863341428950177,-0.8638264162109401,-0.5617383596306829,-0.05056888511560782,0.020503180976102736,-2.425572942464617e-05,-1.6270142635898666e-15,-7.007653551465952e-16,-5.2383894751076e-16,-3.6926223264532346e-16,-7.756024764668846e-16,-9.929699802900754e-17,-2.280382105304448e-16,-3.573072661816775e-17,-8.349896991644404e-17,-2.967182100138055e-17,-4.2876016967329686e-16,1.853132334245057e-16,1.347191737716599e-16,-9.884595582315543e-17,-4.682406950468166e-17,-3.615504268116886e-17,-5.490398044940131e-16,2.5651310682232133e-17,-1.1015525241019351e-16,2.1515980332888656e-16,4.2059357059475534e-17,4.3379051039729514e-17,3.4409211948552977e-16,3.4115522560156213e-16,5.3625956882541045e-17,-1.6178618061982508e-16,2.764765577388334e-16,4.7055577001994325e-17,-1.2766282379676222e-16,5.5098523173088e-17,-1.0734178778662785e-16,-5.079139579436198e-17,3.303299090892805e-17,4.398339568683592e-17,-4.572099727424563e-17,8.028925133005741e-17,1.7469336896451667e-16,-4.6338712706535534e-17,6.56069003647523e-17,7.711645688685555e-17,6.381334082682589e-18,-1.0329156475561569e-16,-9.592717542207821e-17,2.9234696154196524e-17,-4.101465834657367e-17,-1.0046031203032565e-16,-1.219898681299815e-16,-1.784457162820258e-16,2.2232107465666637e-16,2.2618034037679433e-16,-5.4168904605182384e-17,-2.193926608121609e-17,4.36833365286325e-16,-1.6284911820710542e-16,8.452418643788532e-17,1.1003187134606389e-16,1.3845533973027622e-16,-2.0317477868642436e-17,-8.61934623225597e-17,-1.0582621592819996e-16,-2.265419583942424e-16,-2.3356650380883666e-17,-7.658399532800401e-20,-2.965810973265028e-17,-2.0372263250820832e-17,-9.480811638763172e-18,9.327374109970451e-17,-1.0078331816427508e-16,2.574232924887158e-16,-1.0313982454161999e-16,3.198145389912083e-17,1.8211955731012884e-16,2.258366910182822e-16,3.504279321188076e-16,6.513009601993072e-17,-1.411589914287382e-16,-2.0391108661326665e-16,-1.0341468168601496e-16,-4.089970931903226e-17,-2.457197672089036e-16,-1.7404845994199024e-16,-5.776586427310626e-17,-2.5185146950800705e-16,1.7981783213386942e-16,1.589261973288087e-16,-3.5893721068731935e-16,9.391086655847506e-17,-2.7606047672880653e-16,6.018198031653166e-17,-1.5139815308702223e-16,-3.192012767575636e-17,-2.205276541440355e-18,-4.1322044372083464e-16,8.114970706551659e-18,-1.1343463715125934e-16,6.666806814692716e-17,-6.333452089842059e-17,3.213787433655821e-16,-3.4555114524950064e-17,-9.09563242822393e-17,4.524415870175715e-17,-7.712762729998193e-18,1.7773597392855838e-16,2.797533551370364e-17,2.0592400632306082e-16,-1.3208443880121951e-16,-2.9989316904585693e-17,-2.0648924639419225e-16,-4.713543627736828e-17
P(C1CCCCC1)(C2CCCCC2)C3CCCCC3||CCN(CC)CC||N#CC,P(C1CCCCC1)(C2CCCCC2)C3CCCCC3.CCN(CC)CC.N#CC>>,C_41ce4e7c3242,P(C1CCCCC1)(C2CCCCC2)C3CCCCC3||CCN(CC)CC||N#CC,P(C1CCCCC1)(C2CCCCC2)C3CCCCC3,CCN(CC)CC,N#CC,0.8097398838794678,-1.610823327016457,-0.2842367756839311,-0.032317947085243874,1.7815305308658265,0.5630227060514396,-2.2200683923859064,2.2053092310680906,-1.3646949579166299,-0.5762782864827907,-0.8062691168934019,-0.011638395004676238,-0.4028263553521664,-0.8633414289501763,-0.8638264162109404,-0.8033477138467451,-0.050568885115608586,-0.029613970329750796,-2.4255729424509926e-05,2.4921818525303765e-15,-3.8793594493325536e-16,-1.4674608585169363e-16,-2.6949140044468973e-16,1.925205444768315e-16,4.522239134253907e-16,-2.717620768302093e-16,3.7268371045790437e-16,4.719525026179948e-18,5.342223715006e-16,-3.5438082478736674e-19,8.904672664556166e-18,-2.0116984272843315e-17,1.8072551155486886e-16,-8.103746397359532e-17,-3.3193291529301954e-16,-1.0935056539073741e-16,2.9850506839902064e-16,1.3718940714506444e-17,-5.737900789843357e-17,-4.468808622933854e-17,-2.2163410258285787e-16,3.0594099089433674e-17,4.196224202967931e-16,4.656961207387425e-17,3.5956260912012653e-16,1.5657334678744035e-16,-4.316627584218778e-17,-6.036254180755421e-17,1.2125583814612055e-16,1.8971457429518495e-17,-1.662781560789312e-16,2.964002407382812e-16,1.2128004015688714e-16,-1.7730325686477653e-16,1.3115768075402483e-16,1.0172129515356914e-17,-7.347746109356451e-17,-1.4458789877479553e-16,7.073601344795913e-17,3.0501563573936e-17,4.374979359843407e-17,3.7504420423352693e-16,3.733615334631679e-17,-1.972799780540829e-16,1.1084138145429406e-16,1.7568032870575554e-16,7.56022403830495e-17,-1.4448182754340584e-16,1.5037141738539775e-16,-2.5881109460647687e-17,-2.6762548089919267e-16,-5.961195636023486e-17,5.216083592023326e-17,-2.297123258575609e-16,1.542255318187302e-16,6.50114020884558e-17,-1.8378168073197843e-16,9.209271474714992e-19,-3.152943520714231e-16,-1.4734571850579694e-16,8.921031336121923e-18,9.807601435195159e-17,2.4646281960355315e-17,-1.7698182026202224e-17,1.589400875224538e-16,2.4134070013965193e-17,-3.5025178059009664e-17,-2.580113847582376e-17,-1.1573481120581758e-16,-3.884146124557384e-18,-2.86993966308385e-17,-1.978095877174108e-16,-2.7780145593911133e-16,-4.07244489879891e-17,-9.057663800533452e-17,1.5860823577482924e-16,2.474380218631812e-16,-9.214704857834742e-17,-6.048783468032449e-17,-2.1602602011908485e-16,-3.6516934145566316e-18,7.049112343159048e-17,9.380874387836575e-17,-1.2134166565632272e-16,2.1675995468715816e-16,-2.3321514851028623e-16,-2.8734863170099703e-16,-7.703022258613895e-17,2.6081970993497944e-16,-2.2126236490367287e-16,2.1519906082123743e-16,-1.876920379881868e-16,8.599574865549627e-17,-1.3440512333068295e-16,2.999808435979729e-17,3.1475979844798445e-16,8.385750227553764e-17,-5.12641942303489e-17,-1.7097729100566055e-16,-7.160913879462739e-17,1.9617384075510487e-16,-2.6147497735021585e-16,1.7748764629058337e-16,6.666000380629527e-17,1.5192101776741782e-17,4.861840221142058e-17,2.1699730837049447e-16,-9.420349791796898e-17
CC1=CC=CC=C1P(C2=CC=CC=C2C)C3=CC=CC=C3C||CCN(CC)CC||N#CC,CC1=CC=CC=C1P(C2=CC=CC=C2C)C3=CC=CC=C3C.CCN(CC)CC.N#CC>>,C_b004534ff0f6,CC1=CC=CC=C1P(C2=CC=CC=C2C)C3=CC=CC=C3C||CCN(CC)CC||N#CC,CC1=CC=CC=C1P(C2=CC=CC=C2C)C3=CC=CC=C3C,CCN(CC)CC,N#CC,-0.2636547557625334,0.9915488887997187,-0.28423677568393063,0.3224862210695103,1.7815305308658305,-0.24540933155649575,-2.2200683923859055,-0.5084585430537771,-1.0360040403224657,2.5086809595071777,-0.8062691168934023,0.4526474839779549,-0.40282635535216954,-0.863341428950177,-0.8638264162109395,-0.5902568205259896,-0.05056888511560807,-0.24296470019918964,-2.4255729424491657e-05,-2.667645067387458e-16,-3.418824376254149e-16,4.298421526883121e-17,-2.494806423186098e-16,-1.8059502483663394e-17,5.153742247029609e-16,1.3069144190403082e-16,-1.364923104119174e-16,4.4178586376154166e-16,-1.584195913076147e-17,2.9597129819664594e-16,4.3969439884642547e-16,-2.1276525270723348e-16,1.2278935956771804e-16,2.2655489806868234e-16,-1.5579768711196078e-16,2.2400164619627405e-17,-1.7234027300894654e-16,-1.7527437959312446e-16,8.881280791807517e-17,2.2830982818067418e-17,2.7179929219179183e-16,8.357773119447421e-17,-4.5358495362757557e-17,4.344105122147078e-17,-2.437150140931363e-16,-1.7604637637937e-16,-8.961236825149491e-17,2.768717543232871e-16,1.1183278236131954e-16,-5.797359993206224e-17,1.287737532896759e-16,-8.342345777580424e-17,4.767443289419062e-18,1.233420651012989e-16,8.446874786027376e-17,6.578931881114323e-17,-1.5926280520349312e-16,-5.680873229068411e-17,-7.887588749190778e-17,1.37840053271873e-16,-9.813879196353933e-17,3.164707202018133e-18,-4.4030609672698626e-17,1.2623724138143513e-16,-9.75985020636551e-18,-6.131514734610746e-17,-7.439873323769197e-17,1.8929613392359966e-16,6.80052749585717e-17,-4.140519532833901e-17,1.1061552983875145e-16,-4.172427077900842e-17,1.4129076697431247e-16,2.7055356865636825e-16,-7.46252066234677e-17,-4.43243348775431e-17,3.0925472348550054e-16,-2.1688881979924811e-16,1.9047934062492877e-18,-6.747017612820036e-17,-1.7996279024755827e-16,-1.8316507492202236e-16,-1.7596626654722453e-16,4.0069062268695135e-17,4.765431439431047e-19,-1.84168298267542e-16,1.2497396413227838e-16,-1.33568404393759e-16,1.646293342998531e-16,-1.7596648089904362e-16,-7.375911076562283e-17,3.814051147184507e-17,-2.922193077730489e-17,4.4018404612973705e-17,1.9394439814934913e-16,-2.600567619812924e-16,2.965633253774473e-16,5.539117700978317e-17,-2.2006035787115877e-16,-1.2194201770140033e-16,1.2909550919998717e-18,-2.791220208468903e-17,5.248526850888166e-17,-2.2235286202991096e-16,1.6277461662224728e-16,-8.513730425227828e-17,2.320254369516395e-16,-2.4617778177722014e-16,-2.7196366127334922e-17,-2.6732407340818e-16,1.2916165401174606e-16,-1.2837866168499037e-16,-2.5745189671351132e-17,-1.1304766112629126e-16,8.903419225881422e-17,4.92833124863301e-16,-1.252206862925123e-16,1.5502548052082387e-16,-4.420534837061619e-16,-1.7065335193582027e-17,-3.628128525734317e-17,-3.2214283915260156e-17,4.634715116836632e-17,1.8902658431777639e-16,3.726480714872149e-17,-5.444282125102232e-17,8.411322222371599e-17,2.1970666892817573e-16
CCCCP(C12C[C@@H]3C[C@@H](C[C@H](C2)C3)C1)C45C[C@H]6C[C@@H](C5)C[C@@H](C4)C6||CCN(CC)CC||N#CC,CCCCP(C12C[C@@H]3C[C@@H](C[C@H](C2)C3)C1)C45C[C@H]6C[C@@H](C5)C[C@@H](C4)C6.CCN(CC)CC.N#CC>>,C_3a6d5b470da5,CCCCP(C12C[C@@H]3C[C@@H](C[C@H](C2)C3)C1)C45C[C@H]6C[C@@H](C5)C[C@@H](C4)C6||CCN(CC)CC||N#CC,CCCCP(C12C[C@@H]3C[C@@H](C[C@H](C2)C3)C1)C45C[C@H]6C[C@@H](C5)C[C@@H](C4)C6,CCN(CC)CC,N#CC,-0.8853811771272793,-3.1922335638057375,-0.28423677568392924,2.712839121919755,1.7815305308658267,0.4911992976161386,-2.2200683923859055,-0.9806476207765263,0.5753078969520421,0.0669764245329957,-0.8062691168934014,-0.35554907531949625,-0.4028263553521662,-0.8633414289501768,-0.8638264162109398,-0.006961552994127509,-0.050568885115608316,0.037064967961356256,-2.4255729424737727e-05,6.1413316229345264e-18,2.8311216195380936e-16,7.959292344194448e-16,4.127525039433664e-16,-9.691012420692365e-16,-1.2371673715547657e-16,-3.1330212800208235e-16,-7.52626389944789e-16,-1.0804344935771889e-16,3.442109504457286e-16,-8.679329043440905e-18,-1.5350362017386008e-16,-1.4573758710959618e-16,1.8245819186891657e-16,-4.773845012273837e-16,-4.65066913416288e-16,-1.7587957568503945e-16,2.3041071599267535e-16,2.0113850475531004e-16,1.887708427240571e-17,4.851295851457328e-16,2.1739401722353214e-16,-1.468465082342271e-17,-1.4195561940055862e-16,-1.2548188128726123e-16,-2.8739492977267654e-16,-1.6081462002795117e-16,-3.257442947299743e-16,2.2494368622232053e-17,-8.265507479150652e-17,-7.034499802749318e-17,-1.8513114162750803e-16,-6.696285313188264e-17,-1.3026010337871637e-18,-3.0845496477166895e-16,3.899185397981129e-17,-8.350714862831294e-18,-1.6450624211150994e-16,-6.459285114007387e-17,2.269996386649142e-17,-9.422024738752287e-17,-6.68394738869244e-17,3.982934948903474e-17,-9.292742585439144e-17,9.000704547375065e-17,1.6871771534290945e-16,-1.5319584215532957e-17,2.998214887303805e-17,-2.070670831520944e-16,-1.3687511775252503e-16,-6.904603049901824e-17,6.452934774999869e-17,2.1567227287462523e-17,1.803998409520943e-16,-3.5739168001286945e-16,6.467214557482962e-17,1.2641444326154253e-16,-1.984564713644756e-18,-3.8558474884247353e-17,1.2369754622753742e-16,-7.780368859352423e-17,8.815622919173055e-17,7.946067753191727e-17,-5.1463045579808176e-17,1.4590849001621063e-17,-5.1517151023925374e-17,1.7448434991846436e-17,-3.1212764375980794e-16,2.287344742353329e-16,-3.258689627041582e-17,1.537381412231691e-16,1.398831607621649e-16,-1.3734235565025528e-16,-4.0508039348508266e-16,-8.063663042867326e-17,-1.2653662244542993e-16,-2.416553242923158e-16,1.7713034704436375e-16,-2.5885599387429314e-17,-2.134683082927468e-16,9.74047755258921e-17,-6.97875067312058e-17,1.587305115685859e-16,-5.191996918955865e-17,5.5011036558310906e-17,1.864364406434272e-16,4.19474810072705e-17,-6.032591471557508e-18,-3.672053666424096e-17,-1.8771633146145265e-16,-1.1991369122337408e-16,-1.082141768547425e-16,-3.229051061097212e-16,-7.946340488106374e-17,-1.1372533316919303e-16,-3.477447539435968e-16,-7.670236850887432e-17,3.1198326757136657e-16,1.2243203402033482e-16,1.8164450082034189e-16,-2.9175026833527246e-16,2.679253349399701e-16,-1.2176332113621248e-17,2.310282852270508e-16,-3.452097734169737e-16,-3.523807238441821e-17,-2.619026846623043e-16,8.853633098346723e-17,2.7977687431039374e-17
COC1=CC=CC(OC)=C1C2=C(P(C3CCCCC3)C4CCCCC4)C=CC=C2||CCN(CC)CC||N#CC,COC1=CC=CC(OC)=C1C2=C(P(C3CCCCC3)C4CCCCC4)C=CC=C2.CCN(CC)CC.N#CC>>,C_5f1f2bddf2c7,COC1=CC=CC(OC)=C1C2=C(P(C3CCCCC3)C4CCCCC4)C=CC=C2||CCN(CC)CC||N#CC,COC1=CC=CC(OC)=C1C2=C(P(C3CCCCC3)C4CCCCC4)C=CC=C2,CCN(CC)CC,N#CC,3.697093256973161,0.21873148620968022,-0.2842367756839303,-0.16998697856093645,1.7815305308658274,-0.13753115125335094,-2.2200683923859046,1.0255047079947923,1.9551116939983546,0.880135073599756,-0.8062691168934012,-0.3971125427888164,-0.4028263553521663,-0.8633414289501766,-0.8638264162109386,0.25509854087750283,-0.0505688851156083,0.026042369234240633,-2.4255729424511807e-05,3.3366663781094786e-17,3.930675657539805e-16,-4.026906926977707e-16,4.717326421064732e-17,1.3421370797571883e-15,6.943971415381256e-16,1.5821601045004565e-16,1.9612639274170618e-17,-2.0098506146405518e-16,4.643857065681132e-16,3.7938728604185977e-16,-5.340720299061927e-16,-1.1882974626055005e-16,-1.0521923883870335e-16,-4.356761667308971e-16,2.970480620740098e-16,-3.2469382342230877e-16,-2.0801989104887456e-16,-5.09822636643976e-17,7.409379305813076e-17,1.0158797797502096e-16,1.818445004045469e-16,-6.656219510061698e-17,7.884421458994932e-18,-1.5453114151486395e-16,-2.097985895003364e-17,1.3317688727063812e-16,4.291987857716937e-16,1.1828420300752718e-16,1.1968350233877948e-16,-2.0462224349815216e-16,-2.1122267498776294e-16,-1.6225883912735597e-17,8.292050875370006e-17,2.2218051765520765e-17,9.655590648624455e-17,1.8717823836216198e-17,5.817502539408322e-17,4.3009862207872664e-18,-2.1473156055439594e-16,-1.3386146088689472e-16,1.9274897824332804e-16,4.766384305871878e-17,2.2176984449120543e-16,-2.1511994753261052e-17,-1.3493912975334599e-16,-3.721030885271188e-17,-2.538324144633734e-16,1.1623655005684226e-16,-9.001464850400828e-17,-2.5919887372836463e-17,2.8415745188600184e-17,8.220811428869375e-17,2.051354131929048e-16,2.9521169380534595e-17,-7.61468889234503e-17,-2.7442850878922574e-16,-3.895134553740972e-17,1.3987723649985653e-16,-1.6252961014710153e-16,1.0336182094134078e-16,1.9739529345916686e-17,1.1186539268656412e-16,-5.343803563550649e-17,-1.1435227220117237e-16,-1.6273187458050928e-16,-2.1990985140771276e-16,-9.978108553025447e-17,-1.0142426715787718e-16,-1.940547351425666e-16,-5.569217915314425e-17,1.10507590666797e-16,-2.2839350192176194e-17,1.7595349666485834e-16,2.634291374893652e-16,4.622124783793639e-16,-2.5886810077728383e-16,3.54379192207843e-16,1.870216419781093e-16,1.6466021885741575e-16,-3.7663872322747104e-16,1.3261743905387254e-16,-1.5874873850682748e-16,-2.8970835467072225e-17,-1.4061863693271955e-16,2.085214007184266e-16,1.7863481504257344e-16,-3.2340554443360056e-16,-6.546649469398432e-17,5.966947035032774e-17,2.763900552638852e-16,4.780459729164271e-17,-7.830982985103218e-17,1.34877996807895e-16,-1.8374056624889733e-17,3.2754956716237685e-17,-1.0755231785032621e-16,2.684370448346434e-17,-2.4260174322390985e-17,6.798666268452362e-17,-1.7749654193497772e-16,1.8087434556160743e-16,-8.699013029016747e-18,1.0636984476225656e-16,-4.580399417158125e-17,-1.0086195247896233e-16,-2.3887861263693265e-17,-2.0861271188451825e-16,-2.4913664750622836e-16
CC(C)(P(C(C)(C)C)[c-]1cccc1)C.CC(C)(P(C(C)(C)C)[c-]2cccc2)C.[Fe+2]||CCN(CC)CC||N#CC,CC(C)(P(C(C)(C)C)[c-]1cccc1)C.CC(C)(P(C(C)(C)C)[c-]2cccc2)C.[Fe+2].CCN(CC)CC.N#CC>>,C_1d093464217c,CC(C)(P(C(C)(C)C)[c-]1cccc1)C.CC(C)(P(C(C)(C)C)[c-]2cccc2)C.[Fe+2]||CCN(CC)CC||N#CC,CC(C)(P(C(C)(C)C)[c-]1cccc1)C.CC(C)(P(C(C)(C)C)[c-]2cccc2)C.[Fe+2],CCN(CC)CC,N#CC,-1.56781664669475,-0.5445544539407908,-0.284236775683931,-1.8306686961429988,1.78153053086583,1.1506141613685525,-2.220068392385903,-0.34174488041853396,0.9228435721645208,-0.12806008460238133,-0.8062691168934021,1.7193547786868126,-0.40282635535217426,-0.8633414289501752,-0.8638264162109404,-0.37552400425580545,-0.050568885115609044,0.698657459452609,-2.4255729424641555e-05,-1.2636852640813576e-16,5.793418904016394e-16,2.4987354698250488e-17,7.124112524011841e-17,3.971240163071792e-16,1.2134201263230447e-16,1.969878030214391e-16,-2.8823935993961604e-16,-5.659162201247595e-16,2.2516706513031337e-16,-9.686942166130542e-17,1.9511324221212606e-16,-1.2567708338041086e-16,-9.661492036919602e-17,-2.8940215681388856e-16,2.9746140449611357e-16,2.5842184091705256e-16,1.388975125774891e-16,-3.077906224840252e-16,1.070908748106339e-16,6.14742836371323e-17,9.288703832280952e-18,3.031899757955647e-16,-1.7928757924069812e-16,-1.8613254505032265e-17,2.045986226146e-16,2.5488153799771683e-16,2.0928409136946047e-17,-4.6941492791809966e-17,1.5963696882169964e-16,1.2408597922720294e-16,-1.433029538129542e-16,-8.771348198187241e-17,2.3049116500308e-16,6.908468429207838e-17,1.5932420890062725e-16,-6.686078920187444e-17,2.286961348885602e-16,3.423212119884176e-17,1.7745737238400228e-16,5.170178139135171e-17,-1.688369630180075e-17,-2.447977236790325e-16,-5.979069080889592e-17,-1.9731377051166875e-16,-1.1009523427690924e-16,-1.2009495299054028e-16,2.359834284939317e-16,-9.099162983460291e-17,2.271056259407633e-16,-1.263422284366512e-16,-1.2624822788719037e-16,2.3931256190518193e-17,-4.717715635163455e-17,5.422012840225889e-17,-3.9557257256304383e-17,8.260230851309969e-17,5.830037133633581e-17,-5.718436307267269e-17,7.108773296205441e-17,2.6532048293119168e-17,-1.9124134967280902e-16,9.226234684164274e-17,-1.140623004806045e-16,-1.639494354656793e-17,-1.0727932542400741e-16,2.511521718483942e-16,-2.240712811247574e-16,-1.1770882800794964e-16,-4.196093068957952e-17,-1.808969792439402e-17,1.1303589167086117e-16,-7.763888092531707e-17,-9.587907999915466e-17,-2.0102819821425016e-16,1.9666959125921296e-16,-6.798548108755597e-17,-1.1733205240473146e-16,9.165472453820351e-17,-1.1975454458702813e-16,-4.9085093406767164e-17,6.965664849703033e-17,-1.0209758194148053e-16,2.809515000722393e-16,-5.053316413206654e-17,-1.6679370407486598e-16,1.2854169675729254e-16,-9.146533279857836e-17,1.289964443633987e-16,3.121134680337389e-16,1.1903359399443915e-16,2.6491217972725775e-16,2.656518078079085e-17,-1.8410353011977594e-16,2.85197449483514e-16,-1.9486830813673212e-16,2.0662573253858165e-16,-4.0138412721293313e-17,9.990361789094721e-17,-6.565922437663566e-17,-1.9071894465669887e-16,3.113348074033587e-16,-1.0463941628860343e-16,-1.6691740712233685e-18,1.499128636892485e-16,-1.8064099155618683e-18,1.1393536955039285e-16,2.536862336455036e-17,5.014451414942318e-17
CC(C1=C(C2=CC=CC=C2P(C3CCCCC3)C4CCCCC4)C(C(C)C)=CC(C(C)C)=C1)C||CCN(CC)CC||N#CC,CC(C1=C(C2=CC=CC=C2P(C3CCCCC3)C4CCCCC4)C(C(C)C)=CC(C(C)C)=C1)C.CCN(CC)CC.N#CC>>,C_62682761b83f,CC(C1=C(C2=CC=CC=C2P(C3CCCCC3)C4CCCCC4)C(C(C)C)=CC(C(C)C)=C1)C||CCN(CC)CC||N#CC,CC(C1=C(C2=CC=CC=C2P(C3CCCCC3)C4CCCCC4)C(C(C)C)=CC(C(C)C)=C1)C,CCN(CC)CC,N#CC,4.095214292254156,0.06059900161018947,-0.284236775683932,-0.520842561898329,1.7815305308658282,-0.1115001659874327,-2.2200683923859055,-1.7351649042203996,-1.0409822672107296,-1.0072610296413138,-0.806269116893402,0.31273311559456535,-0.4028263553521683,-0.8633414289501766,-0.8638264162109399,0.0880020500073484,-0.05056888511560886,-0.0017897580635638447,-2.425572942440652e-05,2.374980233598251e-17,8.405718980493231e-16,3.3843725190140746e-17,-1.2028851073933466e-16,-2.7751320789503853e-16,-4.646278544904083e-16,-3.228344892459222e-16,8.938476963398074e-16,-7.128211351491157e-17,7.0666599488087405e-16,2.700547784849836e-16,7.45426182319174e-16,-4.732240936808192e-16,-2.467920306988654e-16,-3.1588147295008745e-16,-8.823328246189788e-16,7.316114190264496e-16,5.870025803743946e-16,-2.1393087851778925e-16,-4.810313265196356e-16,-1.8013437520839014e-16,3.165404417505462e-16,-4.871281514222822e-16,1.144835589831651e-16,5.800191352285264e-17,5.280740781793369e-16,-2.27349572477938e-16,-2.837151130385039e-18,2.06895334836438e-17,-2.2104366580154286e-17,3.8280351165102265e-18,-7.816937138378031e-17,2.1787779515994288e-16,-1.0323200218227726e-16,1.8744566223117468e-16,-1.143393883653156e-18,-2.0677395092487653e-16,1.4644910731788698e-17,-1.9498650995947713e-16,1.8487835430844312e-16,-2.4317604097026136e-16,-4.225000954864761e-17,6.944856786714916e-17,-2.7935397114736377e-17,2.391757423815717e-16,8.550181166669732e-17,4.558581349232658e-17,1.0377590897357385e-16,-2.729539602695142e-16,-1.3026663458785287e-16,-5.163444595090575e-17,-6.505855870295852e-17,-2.5144869408667253e-16,-1.5399426835879509e-16,-5.768092728748097e-17,1.359519946531507e-16,-1.1055109198313778e-16,1.4128561056329466e-16,-3.0858033719524566e-17,-1.6952418124289345e-16,-2.5975569184009307e-17,5.160963587481046e-17,-2.7003399372414505e-17,9.539049215843189e-17,2.549797370195476e-16,-1.1654257199253152e-16,2.5165540349092323e-17,1.261164962688086e-16,-1.6784747526455404e-16,-2.7073491396812753e-18,-1.8913920454739904e-16,-1.3712925680045033e-16,-1.118957143144316e-16,2.279963636217508e-16,-2.84879490485995e-17,1.9224266775291535e-16,-2.7291854452966434e-16,-2.478666946176932e-16,-8.409818516895936e-17,4.261472509973101e-17,1.7906658816106208e-16,9.682877282706203e-17,-2.9859126750182696e-17,-4.969903427528533e-17,1.5406249457393016e-17,-2.2208035897360056e-18,8.762823146337535e-17,-2.0441187436535463e-16,-4.828034497608039e-17,8.789801466621493e-17,4.7441557804491606e-18,2.0602528798569672e-17,-3.875395690207038e-16,-3.198761734996578e-16,-2.0297292766372203e-16,2.0265050070395255e-17,1.3570739268271691e-17,-2.9314459978489477e-17,2.7922920476357824e-16,-1.304706226816899e-18,8.790356600436333e-17,-1.9657351454735187e-16,-1.129260626656045e-16,-9.370682119404501e-17,1.1704896241091696e-16,1.7485370132074746e-16,1.2442869193180397e-16,-1.2135450575786354e-16,-8.739969009185612e-17
[c-]1(P(C2=CC=CC=C2)C3=CC=CC=C3)cccc1.[c-]4(P(C5=CC=CC=C5)C6=CC=CC=C6)cccc4.[Fe+2]||CCN(CC)CC||N#CC,[c-]1(P(C2=CC=CC=C2)C3=CC=CC=C3)cccc1.[c-]4(P(C5=CC=CC=C5)C6=CC=CC=C6)cccc4.[Fe+2].CCN(CC)CC.N#CC>>,C_158445cd520d,[c-]1(P(C2=CC=CC=C2)C3=CC=CC=C3)cccc1.[c-]4(P(C5=CC=CC=C5)C6=CC=CC=C6)cccc4.[Fe+2]||CCN(CC)CC||N#CC,[c-]1(P(C2=CC=CC=C2)C3=CC=CC=C3)cccc1.[c-]4(P(C5=CC=CC=C5)C6=CC=CC=C6)cccc4.[Fe+2],CCN(CC)CC,N#CC,-1.3841208155545002,1.1338119037417695,-0.28423677568393235,-1.1785704697655897,1.781530530865828,2.0264914915776946,-2.2200683923859064,-0.48760632931331205,0.3252425987294696,-0.3701586543025708,-0.8062691168934009,-1.4860818817802008,-0.40282635535216155,-0.8633414289501772,-0.8638264162109389,-0.26752973554483334,-0.050568885115607996,-0.795814978261376,-2.425572942454977e-05,-2.41753903756144e-16,1.7943678510609383e-16,-2.282630835448128e-16,-4.4387904449997e-16,2.745994308810183e-16,1.4066581039884916e-17,3.039320960603482e-17,6.933735479048398e-17,-2.610206309971113e-16,3.772210390749809e-16,9.130531948071767e-17,4.8107864783703495e-17,-2.8534093174001017e-16,-3.5850450482732405e-16,-4.555954618626107e-16,3.3112510908775105e-16,2.6095699349663667e-16,-1.8714771940756266e-16,-1.9827726319528649e-16,-1.5626723805540773e-16,1.8846988634270775e-16,-1.4174923777356353e-16,1.822499630271855e-16,8.475176754722305e-17,1.6039976860974883e-16,9.837285273309578e-17,6.606829327545437e-18,3.286245357695799e-17,4.459761584816085e-16,1.1661537075275292e-16,2.616954442656508e-17,-3.2347861730013384e-16,1.6069334129940248e-16,1.4876792835604928e-16,2.276109138832845e-16,1.384043205233906e-16,-5.883879879795274e-17,1.8044557094434454e-16,-1.2971734964542795e-16,-1.112494580117524e-16,-5.089974949583524e-17,1.3220515348254173e-16,-6.809359403573419e-17,1.739264449894923e-16,-2.593957540044458e-18,-2.9094639023369155e-16,2.2334847400404215e-16,-1.3007169914773046e-16,-1.3458251569022228e-16,2.155600374091175e-16,-2.915787499549351e-16,2.8617551129284283e-17,1.869592304640287e-16,1.673166611025502e-16,-3.120715012953502e-17,5.418596243887864e-18,3.8825461966935154e-17,-2.3782780222598025e-17,8.001501830103075e-17,-5.2804751290587723e-17,-6.591590979134635e-18,5.786561383888983e-17,-4.135554883741747e-17,1.1041878649849137e-16,-1.0550108023889191e-16,-5.391863577336722e-18,3.8592837410526715e-17,2.3537021400817395e-17,-9.922433740568448e-17,1.4596321884749085e-16,-1.6067226182611918e-18,3.3768764601201136e-17,2.088433370553132e-17,4.573776232362869e-17,-1.6117762380145626e-16,-6.48854809043331e-17,1.7838431203941278e-16,-2.5020610855491405e-16,-1.2249878980236423e-16,1.2526525531979092e-17,9.052341507033406e-20,4.2407810333077074e-17,-1.7926149354445988e-16,3.360171892704308e-17,2.0545103161199062e-16,1.2753447607596075e-16,-4.498879257174757e-17,2.1436492241469763e-16,-1.6871784339624497e-16,-3.665775183852702e-16,1.8576588196832677e-16,1.7786613155812678e-16,-5.564859862881155e-17,-1.77346792538448e-16,1.1297268817525662e-19,1.3084059757565944e-16,-4.122524422408929e-16,-1.4100599486182113e-16,-5.772947972642705e-17,-4.789276417453016e-17,5.1897209850603106e-17,9.866198233321918e-19,-2.1052933206573233e-16,4.8614612676022365e-17,-1.6564556219215056e-16,-2.022801652124972e-16,-8.332071614069739e-17,-8.668614932890635e-17,-3.0861361298360106e-17
CC1(C)C2=C(OC3=C1C=CC=C3P(C4=CC=CC=C4)C5=CC=CC=C5)C(P(C6=CC=CC=C6)C7=CC=CC=C7)=CC=C2||CCN(CC)CC||N#CC,CC1(C)C2=C(OC3=C1C=CC=C3P(C4=CC=CC=C4)C5=CC=CC=C5)C(P(C6=CC=CC=C6)C7=CC=CC=C7)=CC=C2.CCN(CC)CC.N#CC>>,C_952eb37d4fe8,CC1(C)C2=C(OC3=C1C=CC=C3P(C4=CC=CC=C4)C5=CC=CC=C5)C(P(C6=CC=CC=C6)C7=CC=CC=C7)=CC=C2||CCN(CC)CC||N#CC,CC1(C)C2=C(OC3=C1C=CC=C3P(C4=CC=CC=C4)C5=CC=CC=C5)C(P(C6=CC=CC=C6)C7=CC=CC=C7)=CC=C2,CCN(CC)CC,N#CC,-0.7608527313618179,3.0573458202759265,-0.28423677568392997,2.3402065376541143,1.781530530865826,-0.5112817700760035,-2.2200683923859046,0.3559284257571064,0.4501099621363115,-1.1207264892083721,-0.8062691168934019,0.8357285648736759,-0.4028263553521705,-0.863341428950176,-0.8638264162109406,-0.34191861228964554,-0.050568885115608406,-0.16127802879825054,-2.425572942470247e-05,2.874219964637204e-16,-2.370883588550925e-16,1.6806873783113713e-17,-2.1358369065238695e-16,-9.336757481633365e-17,-2.304091711263511e-17,3.924913893486093e-16,-6.457475902093459e-16,-2.2349574091789494e-16,6.297076511840763e-16,4.814230869242597e-17,-3.9473468961340205e-16,-7.262646413036947e-16,2.008577886961493e-16,-2.503119441700702e-16,-1.3945298061657608e-16,-2.0174033839139183e-16,2.720914207998114e-16,-1.631026317215142e-16,-9.584727187733946e-17,1.3683593702308826e-16,-2.730905071652297e-16,-2.8751353054927465e-16,-1.5067263822052628e-16,2.403756461642448e-16,-3.4156832548789706e-16,9.430204156473716e-17,-5.070948068017575e-17,1.6730933831951826e-16,2.9880353061368004e-17,1.3820491480578586e-16,1.9086854583312488e-16,1.1916687338036465e-16,-1.9809127997105178e-16,-1.552575732903559e-16,7.495888233928976e-17,-4.673010158308962e-17,-9.932139416932189e-17,6.809968778262592e-17,-1.9891801149391466e-16,1.335570293689771e-16,3.333443327969724e-16,-1.5670408767281987e-17,-4.6337012231921343e-17,-6.803807052808351e-17,6.337798904422682e-17,-2.071464486210341e-16,1.3455819167051004e-16,-1.620438251518998e-16,-1.454852522410701e-16,-3.228221817926224e-17,-1.1474859886504989e-16,2.011201234992651e-16,5.718522736466143e-18,3.609778412601793e-16,-1.9722712872019159e-16,6.454468715695876e-17,-2.143982687570188e-17,-5.4340331141122004e-17,5.4994363143266886e-18,-9.285758628320511e-17,8.328349876202635e-17,-3.258679257185218e-16,-1.1958762613315628e-16,-2.8274796858813075e-16,2.958106574565666e-17,2.3412183246760973e-16,-1.3976529275834261e-16,2.5661570274709607e-17,-1.899494748097424e-16,3.6293933653428715e-17,-1.5301158894280604e-16,-2.1832484305116142e-17,3.613998350185885e-17,-1.6936390290867685e-16,-8.876147929976471e-17,-1.9070557452360957e-16,-2.9133350253434495e-17,7.150547072908851e-17,5.736473959741825e-17,-1.652561361382719e-17,-6.010500816441596e-17,2.539545994554919e-16,-5.968073397859658e-17,-2.1511712446515853e-16,-1.9155359985626056e-16,-1.0468630905426708e-16,-1.656072273333801e-16,-3.0799673949819904e-16,2.7206026994499517e-16,2.5265538850764856e-16,-9.710339919845633e-17,4.2252954571002125e-18,-2.8840042160014196e-17,1.1466664681028112e-16,2.4170341805822242e-18,-1.5641307597868882e-16,-3.090610537164514e-16,-1.604686349987866e-16,3.0253304199023074e-16,2.969609430862812e-17,2.1617056739156628e-16,2.246458794074394e-16,8.280385794384233e-17,-6.465547193522237e-17,-9.599148067669853e-17,1.9912069901864884e-16,8.501830080090821e-17,1.2037097716013478e-16
CC(P(C(C)(C)C)C(C)(C)C)(C)C||[Na+].[OH-]||C1COCC1,CC(P(C(C)(C)C)C(C)(C)C)(C)C.[Na+].[OH-].C1COCC1>>,C_b8d7759064b7,CC(P(C(C)(C)C)C(C)(C)C)(C)C||[Na+].[OH-]||C1COCC1,CC(P(C(C)(C)C)C(C)(C)C)(C)C,[Na+].[OH-],C1COCC1,-1.224289551208006,-0.6982614233068845,2.2628290765181274,-0.5409122448896103,-0.895957963229661,-0.4809328274603503,0.08783849985727332,0.516412073720738,-0.3579680742465477,-0.004776469817940265,-0.3784698137934598,0.8719731108561651,0.18110157792894382,-0.27724339232790257,0.9998034479442641,1.6703602962318318,-0.6044122432762503,-0.7970487546071374,0.6080242339388438,3.221416477267822e-16,9.017262029351608e-16,1.8858538126950983e-16,3.6978817888324124e-16,3.7194165776607143e-16,7.258949319936559e-16,3.3849604342465504e-17,-1.3274972472539324e-16,1.3516701595807973e-16,2.0477849627359488e-16,1.0870498627415619e-16,8.042398080420616e-16,-1.2055224276747475e-16,1.4783909259849956e-16,-1.2639193263571816e-16,7.252475217967765e-16,2.2590679091783566e-16,4.524973253081989e-16,3.9423332333035316e-16,-1.219108965269755e-16,-5.604591494677769e-17,1.3460600127438198e-16,6.928772121167127e-17,1.476486274729734e-16,-5.849999122904142e-17,5.864287956952898e-17,-2.0582022194658407e-16,-5.685992795612118e-17,-2.3224869736983243e-18,1.1457903038666708e-16,-5.3304043588940356e-17,-1.848222967766353e-16,1.9522610071937003e-16,1.4855995630612486e-17,-3.188507393659656e-16,2.888176911859437e-16,-3.8168715730546147e-17,-2.2940313310157267e-16,-9.682407432184795e-18,-2.332773681190407e-16,-3.5837642845687593e-17,-1.0744239170321171e-16,3.1125550670907107e-16,-1.1194266887679506e-16,-7.331465237759959e-17,-1.649951288716612e-17,3.866392631580792e-17,-2.2618744912268846e-16,1.978693283443305e-16,-1.750689773466229e-16,-5.337359708212669e-17,-1.9931089753801118e-16,1.639250457956559e-16,5.21645298659432e-17,-3.722853068284539e-17,-6.869182380554479e-17,-4.688697411883446e-17,-7.645687103776236e-17,-2.4185601150997212e-17,-9.591784327380868e-17,-3.238012824723156e-16,-2.2770522930810615e-16,-2.8276779941091443e-16,-1.2218010883750654e-16,-4.3720402041595584e-17,-1.27223031518423e-16,9.581997440606986e-17,2.378921289530612e-16,-1.7278962781183005e-16,8.197797397499835e-17,-6.873685741798522e-17,1.1357286493562707e-16,-3.43975434810148e-17,1.138997806810504e-16,1.0892387405121283e-16,2.983597741826812e-16,1.811996878162825e-16,-3.0206415680590436e-17,7.162244623698626e-17,-2.331859208887098e-17,-1.038250176317794e-16,7.22304468607834e-18,7.293587759550955e-17,5.089705940433832e-17,-1.7193721747435975e-16,-8.892215371956279e-17,2.813377360558799e-17,-1.9770080913471672e-17,7.113757961028621e-18,1.1127646844706625e-16,-1.183214611321158e-16,-1.9677286475163737e-16,1.815132041569943e-16,9.046362348446103e-17,-2.10397111302836e-16,7.433197346311596e-17,-6.765896587255605e-17,-6.954378903733905e-17,1.181300163997341e-16,-2.955436427370208e-17,-4.319179965780063e-17,-2.3678660867419295e-16,-1.2258550222486253e-17,1.316322368646662e-16,-2.1141041218909818e-16,-1.0585621856797366e-16,1.1275639876629125e-16,1.311464340028804e-16,-2.0645914847856393e-17
P(C1=CC=CC=C1)(C2=CC=CC=C2)C3=CC=CC=C3||[Na+].[OH-]||C1COCC1,P(C1=CC=CC=C1)(C2=CC=CC=C2)C3=CC=CC=C3.[Na+].[OH-].C1COCC1>>,C_2fc1da07eff1,P(C1=CC=CC=C1)(C2=CC=CC=C2)C3=CC=CC=C3||[Na+].[OH-]||C1COCC1,P(C1=CC=CC=C1)(C2=CC=CC=C2)C3=CC=CC=C3,[Na+].[OH-],C1COCC1,-0.9376336432096942,1.2345744235185019,2.2628290765181265,0.23684906840748118,-0.8959579632296623,0.2786396779026153,0.08783849985727113,0.2194992933003439,-0.7800009929116312,0.1474060694152462,-0.37846981379345895,-1.1263128578207329,0.1811015779289517,-0.2772433923279032,0.9998034479442641,0.9338159119711466,-0.6044122432762516,1.2462422126349615,0.6080242339388439,1.113897916797536e-15,6.750568701773509e-17,-2.1042701620881256e-16,3.6890744899822335e-16,1.536291809644141e-16,8.645367431909522e-17,-4.938501735781045e-16,-7.597536730882946e-17,-2.496160730299124e-16,2.553127047227534e-16,2.3723956995079763e-16,3.5003406262777934e-16,-9.305498971608211e-17,2.1769492684430778e-16,3.9528357231436415e-16,3.7960676534004686e-17,-9.901757150932239e-17,-4.232929045953306e-17,3.214442140738197e-16,1.680288528164867e-16,1.7937275336942746e-16,3.944324668753942e-17,-2.2224706388197584e-16,-8.818794243825573e-17,1.1090357957793386e-16,-1.1797675127714743e-16,-9.128832669009383e-17,-4.686610313653315e-17,2.1240181684579523e-18,1.3901845808800195e-16,4.2240752160432583e-17,9.481231123092646e-17,-6.664367710324765e-17,-1.2431190168529357e-16,-1.6094945366373905e-16,4.511618897482475e-17,-3.825020205854571e-17,-5.712912284571976e-17,-5.4500732916161237e-17,1.5743069958504474e-16,-9.094973116245666e-17,2.5877438396176554e-17,1.826454363839251e-18,1.2725834551442068e-16,-1.4896607298436025e-16,-1.8130144499913188e-16,-2.832322646628938e-16,-1.1809960536615448e-16,-2.3369065170581314e-16,-1.6550211652865374e-16,-9.737105961548045e-17,4.2833926179975424e-17,1.5769004153978615e-16,-2.5879260629627467e-18,2.3780820671115605e-16,-1.527348813416686e-16,-1.3978507169281398e-16,-8.583989216417268e-18,1.8256013858461065e-16,-1.2800651216531676e-16,1.4421538513225603e-16,1.0005774427590084e-16,4.913141746891916e-17,2.6723736866283137e-16,-1.2836193186350004e-16,2.7154443864145676e-17,4.632030232957694e-18,-3.2948628978047946e-17,1.528300691788887e-16,4.4377690195910243e-17,-4.7031737917560894e-17,9.536795367730134e-17,2.49923713345301e-16,-1.0657845077017458e-16,8.489285792107339e-17,2.950967103015399e-16,-4.489776510411412e-18,8.317417339220025e-17,-6.614214727425716e-17,1.2413723930101267e-16,1.4403671709262794e-17,1.2385560915087405e-16,6.846313752414573e-17,6.063302925267606e-17,2.4448439587546366e-16,-8.002994437601285e-17,8.63438033720917e-17,-1.2726821718300334e-16,6.950739144126515e-17,-2.2512169116910004e-16,-1.0931351314043809e-16,-4.465787600216847e-16,6.756644488832703e-18,-8.343307137277266e-17,1.0651798938807228e-16,2.4733332671774084e-16,-1.4583355453335475e-16,1.2775792595646674e-16,-3.9537599150123506e-17,-1.8977879773729096e-16,9.936963242636864e-17,-2.6346675340256126e-16,7.100223870247125e-17,1.9721819611633505e-16,-3.1558759031042726e-17,-1.891095341705028e-16,1.8683499877951058e-16,7.915361605505696e-17,-2.7258072757876347e-16
CC(C)(C)P(C(C)(C)C)C1=CC=C(N(C)C)C=C1||[Na+].[OH-]||C1COCC1,CC(C)(C)P(C(C)(C)C)C1=CC=C(N(C)C)C=C1.[Na+].[OH-].C1COCC1>>,C_6f97e627a91d,CC(C)(C)P(C(C)(C)C)C1=CC=C(N(C)C)C=C1||[Na+].[OH-]||C1COCC1,CC(C)(C)P(C(C)(C)C)C1=CC=C(N(C)C)C=C1,[Na+].[OH-],C1COCC1,-1.5782981121882067,-0.6507387560859167,2.262829076518126,-1.339082050708153,-0.895957963229663,-3.0233120881828084,0.08783849985727227,-0.2690314540585112,0.3510346086273144,-0.3959375129998086,-0.37846981379345895,-0.8157423012752558,0.18110157792895049,-0.2772433923279026,0.9998034479442631,-0.5617383596306833,-0.6044122432762512,0.02050318097610238,0.6080242339388434,5.537920111665122e-16,2.09848983404403e-16,-3.0735909874312744e-16,-3.772901496886913e-16,-2.4378947156345453e-16,-1.6018588084043421e-18,7.019193594259302e-16,5.29779041791048e-16,-1.6616895039838002e-16,5.227020695682365e-16,-1.0176677349945788e-16,1.033542962997469e-16,-7.066363461688407e-16,-3.4539581899757523e-16,4.664482466005298e-17,-2.284058078210069e-16,-2.610426393822872e-16,-2.9695313235632644e-16,-7.396783246061472e-17,-3.734293323957878e-17,1.7762699250739073e-16,-9.864633006283345e-17,7.632057034613775e-17,-2.931844057392568e-16,6.139838626064113e-17,1.3029970795360685e-17,1.3510626483213846e-16,1.8474969266879777e-16,1.1468540526529697e-17,1.9369769028312957e-16,2.3857417512686095e-16,-5.4256372794560433e-17,6.781662133187775e-17,-4.594340911024942e-17,-2.610698289845018e-17,1.2935943795802817e-16,5.684375221267026e-17,6.512578941302129e-17,-3.07213655615221e-17,-4.469898929634452e-17,2.1493064354962842e-16,-5.693441851102244e-17,-3.6862494498640823e-17,4.7925937388495646e-17,-7.951778277674343e-17,-8.609124036998489e-18,-8.918816739514005e-18,2.2101838581187205e-17,-7.668402519460946e-17,-4.1202167057052165e-18,-2.8550012086514043e-16,4.439247179669959e-17,-1.052777402200005e-16,1.5406516495105127e-16,1.0167348351512916e-16,-1.1571849898371255e-16,-4.6445982999958525e-17,4.818353892021691e-17,-1.1780859222650026e-16,-1.2446969126709078e-16,1.7733676739069558e-16,7.920499643563366e-17,7.693170490319487e-18,-3.0846865760514707e-17,5.570071279537413e-17,-1.7621701033504313e-16,8.929521490221756e-17,-2.38883510513976e-16,2.87996233037107e-18,2.3650692431042012e-17,9.789740709801443e-17,1.6882473655102978e-16,1.0128042991153326e-16,-2.7369192351823924e-16,-1.876174622451224e-16,3.6765712358123335e-17,-2.5378864581476027e-16,-2.5388627597600775e-16,-1.2341314493731432e-16,-2.7241160659747955e-16,-1.5903731295270037e-17,-3.4138222415314365e-16,1.111869774141197e-16,2.7743711789025867e-17,7.787464735060865e-17,1.9228988425073973e-16,-2.8130942898891397e-17,-1.53479474496183e-16,-1.0911080225155249e-17,6.611812684759648e-17,-6.816654577145998e-17,-1.201566089526546e-16,2.9755790616797373e-16,6.185308852700442e-17,-1.1880202872378646e-16,-7.030902382921962e-17,1.1304663387822167e-16,4.538193370606243e-17,-3.285750496959733e-17,5.83125256480689e-17,1.381309077078748e-16,1.6959177185629656e-16,-1.4398825689648238e-16,-2.5328297477779455e-16,2.0041342762934697e-16,-3.673986840193585e-17,4.569136333536739e-16,2.9348627277356744e-16,-2.0210976373096475e-16
P(C1CCCCC1)(C2CCCCC2)C3CCCCC3||[Na+].[OH-]||C1COCC1,P(C1CCCCC1)(C2CCCCC2)C3CCCCC3.[Na+].[OH-].C1COCC1>>,C_2e031abbdcb7,P(C1CCCCC1)(C2CCCCC2)C3CCCCC3||[Na+].[OH-]||C1COCC1,P(C1CCCCC1)(C2CCCCC2)C3CCCCC3,[Na+].[OH-],C1COCC1,0.8097398838794679,-1.6108233270164567,2.262829076518128,-0.032317947085246025,-0.8959579632296624,0.5630227060514406,0.08783849985727234,2.2053092310680884,-1.3646949579166303,-0.576278286482791,-0.37846981379345973,-0.011638395004674004,0.18110157792894765,-0.27724339232790157,0.9998034479442633,-0.8033477138467454,-0.6044122432762514,-0.029613970329751552,0.6080242339388439,7.370763161584749e-16,1.4981379584649012e-16,-2.3216992289683465e-16,9.40644867955948e-17,-8.65276455250999e-17,3.3647554710668086e-16,-2.003289780978863e-16,-1.2664111866392307e-16,-5.605785110446196e-16,1.2044288980776824e-16,2.385862174779468e-16,2.1869107603921892e-16,1.2301661194622893e-16,9.656959927961206e-17,-4.297524222423924e-17,-3.221641971194767e-17,1.8811296061523587e-16,2.5793133126126443e-16,4.512109983109212e-16,1.7439177440813392e-16,1.6453145130014929e-16,1.571352296013646e-16,1.7176074811258446e-16,2.914463148163834e-18,2.7559372350389934e-16,-1.3516194527676012e-16,-3.3643627442866895e-16,-9.670986637150833e-17,-2.2071293244918893e-16,1.8143892492025557e-16,-6.210228962401777e-17,1.6062663679050244e-16,-3.037812315483152e-16,3.641074878591268e-17,2.4067053002362385e-16,-1.370913837007608e-16,1.0683209916322739e-16,3.426480198914609e-16,-9.941242676055336e-17,5.69816610721952e-17,-3.5151183189800396e-16,-3.763950551741433e-16,5.436234271764968e-17,2.332891255187479e-16,2.7145883632791623e-16,-2.204149686701499e-17,1.4805677025253437e-16,-2.2424589777045504e-16,-1.276656991710326e-16,-6.987297111329793e-17,5.375881784976833e-17,1.0803537259679112e-16,1.2770034388097743e-16,6.860064330843311e-17,-1.1273953385482285e-16,-2.258431722465466e-17,-4.412776387670518e-17,9.107418297613708e-17,-1.5436982690816528e-16,1.6146648431550917e-16,-8.782194157448998e-17,-2.6399670785508418e-17,1.821464354977782e-16,5.211744212298755e-17,-1.4326864547812877e-16,3.248244494218522e-17,2.4736156557733842e-17,3.984706539051038e-17,1.5333509667892188e-16,-3.1595096949948217e-18,2.3103368468947867e-16,-1.5672172386399066e-17,-6.785810373690389e-17,-5.965112852601592e-17,1.9960312988113368e-16,-9.219642479156757e-17,1.475402656216849e-16,2.4658381360679445e-17,-1.6717793725355156e-17,-1.219259933665825e-16,-2.263509453575359e-16,3.5102108655726834e-17,-2.966134135551413e-17,1.827938108261131e-16,2.024236740636702e-16,-1.9731362636908113e-16,2.3433716248312952e-17,-2.77328101439154e-16,1.0595272604764824e-16,9.500246964994987e-17,-9.408383086659725e-17,1.4711174801444101e-16,-2.108092768749209e-17,-7.923711799270098e-19,-8.278132811961133e-17,-1.4491110710499755e-17,-5.4195523246393124e-17,-3.512056695850295e-16,-2.667548892701978e-16,1.647228196611063e-16,-1.0495902100057442e-16,2.7484301823051443e-16,8.688115261150571e-17,1.4293723400807963e-16,-2.1515884669494053e-17,1.6906783181759343e-16,-1.032719821549899e-16,3.3452357978183387e-16,-1.3601076567757654e-16
CC1=CC=CC=C1P(C2=CC=CC=C2C)C3=CC=CC=C3C||[Na+].[OH-]||C1COCC1,CC1=CC=CC=C1P(C2=CC=CC=C2C)C3=CC=CC=C3C.[Na+].[OH-].C1COCC1>>,C_7b992e130e07,CC1=CC=CC=C1P(C2=CC=CC=C2C)C3=CC=CC=C3C||[Na+].[OH-]||C1COCC1,CC1=CC=CC=C1P(C2=CC=CC=C2C)C3=CC=CC=C3C,[Na+].[OH-],C1COCC1,-0.2636547557625332,0.9915488887997185,2.2628290765181274,0.3224862210695079,-0.895957963229659,-0.24540933155649505,0.08783849985727216,-0.5084585430537787,-1.0360040403224677,2.5086809595071786,-0.37846981379346006,0.4526474839779574,0.18110157792894507,-0.27724339232790246,0.9998034479442641,-0.5902568205259896,-0.6044122432762512,-0.24296470019919034,0.6080242339388436,-6.525460224893992e-16,2.8814870519006316e-16,2.7863447371529474e-16,2.2528782149276303e-16,1.351980071814569e-16,-9.258417379087301e-17,-1.5365291439888706e-17,-2.1523116310994756e-16,-7.741158146251993e-16,5.501291036128909e-16,-2.9343942731926325e-17,3.360270735119795e-16,-5.153872173735142e-16,4.739196637633073e-17,-8.193060519123895e-17,4.070940862205489e-16,-8.266748797105918e-17,1.3768944938783768e-16,1.0602268991123516e-16,4.933856673628219e-17,1.6450838417387015e-16,-3.9215832555484197e-17,-9.164939592967715e-19,9.216748866127637e-17,9.99378190715668e-19,-1.4716313699874576e-17,-2.3775102446931206e-17,-3.4250554325536137e-16,1.4613436180321995e-17,-1.6125104574876418e-17,7.208454878343147e-18,5.1124060252819435e-18,8.83486607369323e-17,-2.919121605046327e-17,8.227971166076494e-17,-5.461212567671071e-17,-1.6231814050541764e-16,-5.386243848685883e-18,9.00793542862947e-17,1.3397390294052234e-16,1.3790605177779442e-16,1.4219069636426909e-16,4.870369827875312e-18,2.0591730540932197e-16,-2.1057641028721345e-16,1.0474147491721427e-16,2.6532982119760886e-17,5.992514678412254e-17,-2.1034424624921055e-16,-7.849541759973093e-17,1.8394698310902287e-16,-1.1261013772130876e-16,1.5274336364458307e-16,1.6262546094932285e-16,-4.2330133831409634e-17,-1.778807648039409e-16,9.297520607382717e-17,4.789802888294273e-18,6.970652653798986e-18,-2.6334029451456266e-18,1.2793347858543452e-17,-1.7554721240644413e-16,-1.1268005976319195e-16,-3.3793448844099573e-17,-6.514293809569702e-17,2.766197662467025e-17,-3.983342067107798e-17,-4.12797482892688e-17,-1.42154755240683e-16,4.6680273604758216e-17,6.261702618665936e-17,-1.1345075025634167e-16,7.061137569909657e-18,9.200968526926302e-17,-2.0702732651820824e-16,3.7825420307725335e-17,9.924904990305233e-17,-1.5801767921976697e-16,-3.2294906256125685e-16,5.632476285642024e-17,-1.1519171738242466e-16,-1.0619447418213433e-16,1.5178098410751425e-16,-8.783649772527899e-17,-7.546664669325486e-17,-5.2992424122911776e-17,1.2626163430929063e-16,7.260214397520275e-18,5.105990170215117e-17,-1.8705429881454533e-16,-3.935238445933037e-17,-4.612690507714916e-17,-1.436518167928242e-16,1.2955117404527115e-16,-7.856256999141419e-18,-2.337218750503997e-16,1.0769264570818156e-16,4.654539724057516e-16,-1.6197283885227333e-16,-1.775304166178883e-16,1.1598453595964928e-16,-7.465938712027897e-17,2.854307979180986e-16,-1.3246004886623878e-16,2.508427562343043e-16,-2.627604052683988e-16,5.628272023362979e-17,-2.6063646209325427e-16,-6.874917391448691e-17
CCCCP(C12C[C@@H]3C[C@@H](C[C@H](C2)C3)C1)C45C[C@H]6C[C@@H](C5)C[C@@H](C4)C6||[Na+].[OH-]||C1COCC1,CCCCP(C12C[C@@H]3C[C@@H](C[C@H](C2)C3)C1)C45C[C@H]6C[C@@H](C5)C[C@@H](C4)C6.[Na+].[OH-].C1COCC1>>,C_415b52f54e62,CCCCP(C12C[C@@H]3C[C@@H](C[C@H](C2)C3)C1)C45C[C@H]6C[C@@H](C5)C[C@@H](C4)C6||[Na+].[OH-]||C1COCC1,CCCCP(C12C[C@@H]3C[C@@H](C[C@H](C2)C3)C1)C45C[C@H]6C[C@@H](C5)C[C@@H](C4)C6,[Na+].[OH-],C1COCC1,-0.8853811771272793,-3.1922335638057375,2.2628290765181296,2.712839121919755,-0.8959579632296621,0.4911992976161397,0.08783849985727246,-0.9806476207765282,0.5753078969520408,0.06697642453299547,-0.3784698137934594,-0.3555490753194933,0.1811015779289481,-0.2772433923279024,0.9998034479442633,-0.006961552994126374,-0.6044122432762509,0.037064967961355506,0.6080242339388435,4.802316833262605e-16,2.298790740150973e-16,3.3681102963351934e-17,-4.232001421684107e-16,3.7848729565539457e-16,-6.49507883888497e-16,-1.0085198000147455e-15,3.4489501365483814e-16,3.196017359995846e-16,5.298104155915434e-17,2.681360916047642e-16,6.534775014369451e-16,-4.305330154208673e-17,4.7913525405385695e-17,-6.543722713751265e-17,5.970713990740375e-17,-3.5469521410700255e-16,-2.8777499795905145e-16,2.0041595623540832e-16,-2.5418983319142985e-16,2.549527674254572e-16,-3.697461563360716e-16,5.835970488351737e-17,-5.992059659255294e-18,3.1347443009237954e-16,2.6328140020765487e-16,1.1371282489012858e-17,-1.7084765541457442e-17,-2.458588804886345e-16,3.397174274220825e-17,1.143572575068943e-16,2.710976021085377e-16,1.5418522429851207e-16,-1.199265575281647e-16,-2.364036872426112e-19,2.0841584060579886e-17,-5.428606346624492e-18,9.990676123081718e-17,-2.1311333159664787e-17,8.275905529233175e-17,-1.4275713057263864e-16,9.287805940258403e-17,-7.521295335119872e-17,5.674233995580823e-17,1.4366997595244995e-16,-8.854592113597693e-18,-1.0511655844906555e-16,-2.581799102571226e-17,1.3514829644371202e-16,-8.497573591439433e-17,1.533378657474046e-16,1.1444383692189873e-16,3.8622453158476066e-17,2.1861081941195847e-17,6.991901905204795e-17,-5.1698061324055136e-17,8.603040353048441e-17,-2.3679902792751306e-16,4.121004963623097e-17,-5.732990046071209e-17,-4.6390264405210115e-17,-5.867373543927618e-17,-7.024340196512619e-17,-1.0602544959529287e-16,-9.601454412492692e-17,9.282428632787567e-17,-3.0183886267234276e-17,1.1546963419871125e-16,-8.842327483108849e-17,-1.3273143383384576e-16,-1.2745964469162346e-18,-2.424325906196869e-17,1.4730277788566492e-16,-2.7002205831168174e-16,-1.9476408462548736e-16,1.9210182639511816e-16,2.4503846835062473e-17,1.7209608053745536e-16,5.3173843941151426e-17,2.2665184280549574e-17,2.461761761116601e-17,3.4725591918524135e-17,1.6123546912819008e-16,2.51726016482577e-17,-2.03433824509175e-16,9.496639941604203e-18,-8.997200519664046e-17,1.2775492452127765e-16,-7.269289365120614e-17,6.866679149828461e-17,3.0568396735067855e-17,2.4437084592994805e-16,-1.6731525799970563e-16,-1.4764487075843284e-16,4.2415819692924445e-16,-2.4286432413160296e-16,-1.3524738758268601e-16,3.0603929910632247e-16,-8.544707310526823e-17,-4.3797714832912564e-17,2.25724140059911e-16,-4.1317610557455097e-16,-5.335766800383772e-17,6.975611507890623e-17,-1.9096876040368394e-16,1.3233297381329162e-16,1.3995117167514606e-16,1.4037180908706394e-16,9.409551474340558e-17
COC1=CC=CC(OC)=C1C2=C(P(C3CCCCC3)C4CCCCC4)C=CC=C2||[Na+].[OH-]||C1COCC1,COC1=CC=CC(OC)=C1C2=C(P(C3CCCCC3)C4CCCCC4)C=CC=C2.[Na+].[OH-].C1COCC1>>,C_3d8f99d6d846,COC1=CC=CC(OC)=C1C2=C(P(C3CCCCC3)C4CCCCC4)C=CC=C2||[Na+].[OH-]||C1COCC1,COC1=CC=CC(OC)=C1C2=C(P(C3CCCCC3)C4CCCCC4)C=CC=C2,[Na+].[OH-],C1COCC1,3.697093256973161,0.21873148620968094,2.262829076518128,-0.169986978560938,-0.8959579632296618,-0.13753115125335025,0.08783849985727352,1.0255047079947905,1.9551116939983542,0.8801350735997556,-0.3784698137934587,-0.3971125427888145,0.1811015779289483,-0.2772433923279025,0.9998034479442643,0.25509854087750317,-0.6044122432762512,0.02604236923424029,0.6080242339388436,-2.2500491319745675e-15,-1.4168035869945721e-16,1.5430855799805712e-16,-4.3755034947038666e-16,2.7907811030585955e-16,5.927758282593845e-17,3.4673429641607187e-16,-3.9146169372156146e-16,2.7127155089290864e-16,-3.3234932108841687e-16,-6.719024749111808e-17,-3.663867111897409e-17,-7.311889343040689e-16,-9.149365056773281e-17,-9.297350107840922e-17,4.037356390860887e-16,-7.287146160020191e-16,3.051837757367908e-16,7.034136345912917e-18,-4.3705384999593674e-16,-1.3852273647193926e-17,-3.9321160880954425e-16,3.123955581913544e-16,1.2121004997617055e-16,-3.8727132335611286e-16,-1.4283374871286838e-16,-3.686503629075744e-16,1.9794175693544794e-16,1.3151950673270695e-16,1.0291181667345805e-16,3.5980678535438157e-16,-2.6351674723862256e-16,-4.108912553223522e-17,2.147887616870868e-17,-1.545147831543893e-16,2.350521768267551e-16,-7.679591549943738e-18,-6.4263611304850645e-18,1.3047350733051659e-17,1.7100907353115143e-18,-2.4798689889483726e-16,-1.2429642585420967e-16,2.976043199701972e-17,7.554835397922844e-18,-9.848072713044626e-17,3.697568210082713e-17,6.426641615468952e-17,3.5370394386704784e-17,1.2243209692512422e-18,1.5863563500838707e-16,-1.1867802031922728e-16,-7.471708783059475e-17,-9.295492890588776e-17,-3.1450920231696225e-17,6.110516465471197e-17,-1.9370602537509404e-16,-1.8814582472426427e-16,2.4048639551184536e-17,-1.2800392320183192e-17,1.3079847749762418e-16,-7.064574106120988e-18,1.9283889172968987e-16,1.132059607818044e-16,2.944317893095418e-17,1.208574903684311e-16,-6.592298996095486e-17,-1.0004714869613913e-16,1.8664152213953219e-16,-1.3031834296208328e-16,-9.845038515011018e-17,2.370115853802106e-16,-6.056609726749298e-17,3.2724655630995545e-17,1.40813785846528e-16,-1.9438718842000827e-16,-1.3608716889603447e-16,9.75124977501013e-17,-1.9029457539105846e-16,-6.662861210773073e-17,-1.2989971109310947e-16,-1.1478574254610356e-16,5.1002210113239214e-17,-3.1724148607821e-17,2.519988424671887e-16,2.952184975294084e-17,-2.1333202188632274e-17,-2.9276870735068294e-16,8.755751848375364e-17,-7.651858096083115e-17,2.8800392491130913e-18,-7.815873936819794e-17,2.96107635181549e-17,-1.486484781548256e-17,-6.886952888549922e-16,1.9662127502889062e-16,-4.0608590520419036e-17,-2.754765949444609e-16,-1.807069667380544e-16,1.7764622872563712e-16,8.784859947336406e-17,-2.200241685283041e-17,-2.0102211620767833e-16,2.5510039199637854e-17,2.2055802433942944e-16,-3.153732310185657e-17,9.557595059340768e-17,-2.7333052329441173e-16,6.229437245083267e-17,9.431847846114237e-17
CC(C)(P(C(C)(C)C)[c-]1cccc1)C.CC(C)(P(C(C)(C)C)[c-]2cccc2)C.[Fe+2]||[Na+].[OH-]||C1COCC1,CC(C)(P(C(C)(C)C)[c-]1cccc1)C.CC(C)(P(C(C)(C)C)[c-]2cccc2)C.[Fe+2].[Na+].[OH-].C1COCC1>>,C_926d50a54994,CC(C)(P(C(C)(C)C)[c-]1cccc1)C.CC(C)(P(C(C)(C)C)[c-]2cccc2)C.[Fe+2]||[Na+].[OH-]||C1COCC1,CC(C)(P(C(C)(C)C)[c-]1cccc1)C.CC(C)(P(C(C)(C)C)[c-]2cccc2)C.[Fe+2],[Na+].[OH-],C1COCC1,-1.5678166466947503,-0.5445544539407902,2.2628290765181283,-1.8306686961430008,-0.8959579632296596,1.1506141613685532,0.08783849985727513,-0.3417448804185359,0.9228435721645198,-0.12806008460238133,-0.37846981379346023,1.719354778686815,0.18110157792894013,-0.2772433923279011,0.9998034479442629,-0.37552400425580507,-0.6044122432762518,0.698657459452608,0.608024233938844,5.136983646427168e-17,9.976699805814733e-17,-4.3595732870433676e-16,4.620506278930089e-16,6.302442934043921e-16,8.032873725323851e-16,1.4584190671313914e-17,-2.0208391644044425e-17,-3.34921153133299e-16,-1.2093211705588099e-16,-7.544092507750622e-17,5.669754229630879e-16,-2.470733875765806e-16,-1.693145330214851e-16,-3.3971612359133476e-16,7.824429264742721e-16,5.702303357235514e-17,8.857671573781965e-17,4.312908268628963e-16,2.7116462907855857e-17,1.5158050430227232e-16,-1.6895815574593402e-17,1.0997348745927352e-16,-3.490251075732799e-17,1.2217112372096678e-16,-6.657979753209924e-17,-4.0086108272792566e-17,-2.600518067417985e-16,9.742439104862089e-17,2.0257644603605666e-17,-6.839833410968319e-17,-4.112421902311546e-17,5.2055804096306436e-17,-2.194364640740568e-16,9.199842584624685e-17,-8.02150821602606e-17,-1.6221617891433033e-16,7.421941702629992e-17,6.588657765740702e-17,9.851776978679336e-17,1.0730786174534318e-16,-2.2578382369689526e-16,-8.261639147961773e-17,-3.284000852725231e-17,8.905114658173364e-17,-3.6921075601992935e-17,4.798308992374712e-17,-8.502031645574704e-17,1.3118121092325085e-16,8.351650088813497e-17,5.601237899335769e-18,8.780766290502326e-17,1.91908965326885e-16,-4.6765457712172804e-17,-3.4463688636167044e-16,-3.327983692595569e-17,-2.076335809736948e-16,1.0745770365607575e-16,-1.7355525129977865e-16,1.0712918633775651e-16,8.035878230903397e-17,-1.288599590336342e-16,-2.2586120207118725e-17,1.1738276979798003e-16,-2.9935291309729173e-17,4.547588678035618e-17,-8.499631450037886e-17,-1.860714003091693e-17,-1.2406573936958185e-16,7.844894329903135e-18,6.45217565017995e-17,4.231941840276359e-17,7.084050156716899e-17,7.36650925621303e-17,8.678412169904755e-17,-2.694037386845884e-16,-5.725534419129136e-17,-1.8481868664893244e-16,1.3427403860759653e-16,-3.791436026407315e-17,1.0656220975807872e-16,1.593087549660742e-16,-1.3029870889609608e-18,-2.967934677020308e-16,-8.441122001298992e-17,2.3978816507864434e-16,4.00702976167094e-17,3.827692744627901e-17,8.578170039186642e-17,2.949864270100663e-17,2.6832371587756945e-17,3.0820453304748224e-17,1.7048647137443189e-19,4.274335976053347e-16,-2.445325402725865e-16,-1.6055722994444777e-16,-3.7710070471844625e-16,1.0089049162835537e-16,2.5362199156667707e-16,-2.0024100106731846e-17,-2.1208320857504197e-16,1.28645261553472e-16,2.2947555387728497e-16,1.3743540484535228e-16,3.0410016157497936e-16,-4.8159120948237186e-17,1.336437051300438e-16,-1.2115336223653711e-16,4.017148837039609e-18
CC(C1=C(C2=CC=CC=C2P(C3CCCCC3)C4CCCCC4)C(C(C)C)=CC(C(C)C)=C1)C||[Na+].[OH-]||C1COCC1,CC(C1=C(C2=CC=CC=C2P(C3CCCCC3)C4CCCCC4)C(C(C)C)=CC(C(C)C)=C1)C.[Na+].[OH-].C1COCC1>>,C_85cb7eff897a,CC(C1=C(C2=CC=CC=C2P(C3CCCCC3)C4CCCCC4)C(C(C)C)=CC(C(C)C)=C1)C||[Na+].[OH-]||C1COCC1,CC(C1=C(C2=CC=CC=C2P(C3CCCCC3)C4CCCCC4)C(C(C)C)=CC(C(C)C)=C1)C,[Na+].[OH-],C1COCC1,4.0952142922541555,0.06059900161019024,2.2628290765181256,-0.5208425618983308,-0.8959579632296608,-0.11150016598743177,0.08783849985727234,-1.7351649042204007,-1.0409822672107307,-1.007261029641314,-0.3784698137934596,0.3127331155945681,0.18110157792894596,-0.2772433923279021,0.9998034479442629,0.08800205000734838,-0.6044122432762509,-0.0017897580635646549,0.6080242339388433,-1.3700941272578282e-15,1.0064964209762385e-16,-1.7087089649761658e-16,1.1213038317724958e-16,-9.253344328801598e-17,-3.6784795677285777e-16,7.631891185654991e-17,2.562777610555713e-17,-1.0916493055280836e-16,-1.323529886721172e-16,-1.1546761916653267e-16,-8.73558514364342e-17,-5.408692688892913e-16,6.1380265871454e-17,1.9161847206462843e-16,-4.0197251959125793e-16,-3.6734346163709497e-16,-1.901060983621748e-16,-1.9017537933463942e-16,-3.196377952335371e-16,-1.625384695487133e-16,1.2323080269423756e-17,5.828018770435179e-17,-2.814984008859243e-16,-1.7761126990900066e-16,-2.8432154540357944e-16,-2.6447071053183543e-16,-2.1688820141974182e-17,1.3883027882228552e-16,-2.3558044259556978e-17,4.6879631662584424e-17,-5.858409491556735e-17,-1.0197705226268089e-16,-1.9806221721086355e-16,-6.822026404897718e-17,2.2817034018195196e-16,-9.92818587162248e-17,-2.2822692073834874e-17,4.643156431732972e-17,3.657892226428113e-17,-7.613961294912323e-17,-1.5142256100741609e-16,-5.824378076183474e-17,1.98520843731216e-17,-5.2795638509699926e-17,1.0698025945299737e-16,-5.4439917520167395e-17,-5.385114657378674e-17,1.8776656782722177e-16,5.735109597399719e-17,-2.9322142327910353e-16,9.953707857181013e-17,-1.1643072856483738e-16,1.9149991414840503e-16,3.114933578873668e-17,8.447901620196436e-17,3.936536617428456e-17,-1.7826393147509334e-16,9.57548162930193e-17,2.5864945005235448e-17,-1.2536865176108955e-16,-1.4164228749225796e-17,2.7754780756194385e-17,-1.1546311067521163e-17,-1.989875083055869e-16,1.0325400444963045e-16,7.748599282679958e-17,3.668702578590675e-17,1.6062406117162227e-16,-1.0267638747223798e-16,-8.542936061015245e-17,2.823736691912178e-17,3.1742176670220185e-17,-1.0862676302704518e-17,7.622672381636902e-17,6.204780932451778e-17,-2.087108093876959e-18,-1.0701438485419605e-16,1.1763352709911495e-16,-3.0055879766815894e-17,-1.6977912366876587e-16,-2.239036314803936e-16,9.666168621607847e-17,1.866214649916942e-16,-1.0796506890884607e-16,1.6781101062088532e-17,8.423886733388808e-17,6.614140196189088e-17,-9.011523146042648e-18,2.3592140436753317e-16,1.512977445629574e-16,1.404500514646216e-16,1.4165781201331228e-16,2.0549977340972086e-16,2.8891619265376404e-16,-2.3810789613067736e-16,-5.906508369563954e-18,7.441683369973885e-17,-1.0303191442415216e-16,1.1725160896777318e-18,-2.875534776307135e-16,-1.131699384106588e-16,9.717437896334008e-17,8.812586755189512e-17,-1.2695850958939318e-16,1.3515552216634645e-16,-2.320478736466217e-17,-8.827874685497722e-18,1.1990756057760002e-16
[c-]1(P(C2=CC=CC=C2)C3=CC=CC=C3)cccc1.[c-]4(P(C5=CC=CC=C5)C6=CC=CC=C6)cccc4.[Fe+2]||[Na+].[OH-]||C1COCC1,[c-]1(P(C2=CC=CC=C2)C3=CC=CC=C3)cccc1.[c-]4(P(C5=CC=CC=C5)C6=CC=CC=C6)cccc4.[Fe+2].[Na+].[OH-].C1COCC1>>,C_e83961cdff04,[c-]1(P(C2=CC=CC=C2)C3=CC=CC=C3)cccc1.[c-]4(P(C5=CC=CC=C5)C6=CC=CC=C6)cccc4.[Fe+2]||[Na+].[OH-]||C1COCC1,[c-]1(P(C2=CC=CC=C2)C3=CC=CC=C3)cccc1.[c-]4(P(C5=CC=CC=C5)C6=CC=CC=C6)cccc4.[Fe+2],[Na+].[OH-],C1COCC1,-1.3841208155545002,1.1338119037417698,2.262829076518126,-1.1785704697655919,-0.8959579632296607,2.0264914915776946,0.08783849985727173,-0.487606329313314,0.32524259872946887,-0.3701586543025711,-0.3784698137934588,-1.4860818817801986,0.18110157792895265,-0.27724339232790296,0.9998034479442639,-0.26752973554483317,-0.6044122432762509,-0.7958149782613768,0.6080242339388438,5.783461551405171e-16,2.33690814421068e-16,4.535942098794308e-16,4.150967227760743e-16,-3.575880341059682e-17,9.330909525767347e-17,3.2357969092235873e-16,-2.787947001472089e-16,-3.3937572118227573e-16,-3.2832179337425727e-16,5.816422180804254e-18,1.9321760794119834e-16,-3.9184989895943327e-16,-1.329381889027085e-16,-6.754316571025605e-17,-7.953385881642817e-17,1.4685093413261488e-16,-2.3931709187930683e-16,-4.282880376112491e-17,-6.518636579311202e-17,1.4327252062031643e-16,3.610445388568348e-17,-1.6642678786417637e-16,8.75340066219481e-18,2.0324751031064014e-16,1.2314211848365579e-16,-1.6336883077430558e-17,-1.5440312607873564e-18,3.338940887016776e-16,1.174786868252363e-16,2.5821119393006904e-17,2.4530090192166137e-16,1.0355021891536757e-16,8.324208679413072e-17,-9.51572337965424e-17,1.910655095701545e-16,-1.0031809899477913e-16,5.2156850927373337e-17,-1.8890276063711848e-16,6.938365447924396e-17,1.097722848933286e-16,-2.599341021545399e-16,-1.5115902826879187e-16,-5.71681468981241e-17,-7.241451130333981e-17,-4.5051407611895746e-17,7.465363735534131e-17,-1.685116496758793e-17,6.000627580156974e-17,4.49617300364588e-17,-8.801116646341641e-17,-2.1110668573534135e-16,1.5747929040921982e-16,-1.709265239693723e-16,-2.1359711218862024e-17,4.371661864021401e-18,1.4015076732290815e-16,-5.621280868968785e-17,-1.195278793974989e-16,1.7538177344729467e-16,-8.396853989534233e-17,-2.6491616584469038e-17,-4.7702178936067194e-18,-4.9837080386236045e-17,1.1919887208794053e-16,-8.450478800814553e-17,4.9652982283438086e-17,-7.70809905451058e-17,2.0542753949617413e-16,-1.0453676537503517e-16,-1.1411742926883593e-16,4.4377802711350474e-17,6.573552173539393e-17,1.161030980172779e-16,7.202606581557667e-17,-1.1972035544975695e-16,-5.4228243055734664e-17,3.033099612107962e-16,2.9312378156360197e-16,1.3452154131527795e-16,6.55534756486566e-17,3.627630874525577e-17,1.2026811284139711e-17,-1.3225695581992835e-16,1.1383327282323716e-16,4.2582703148270053e-17,-1.7892718672797675e-17,-7.813173383905517e-17,2.070414818647883e-16,3.505397413361358e-16,-1.1454688249365448e-16,-1.5223460735045033e-16,-1.3002015639174104e-16,-4.212227319509615e-17,4.272774831994311e-16,-3.0396985181104855e-17,2.944852842084403e-16,-1.0594392814186531e-16,1.5793095025788276e-16,5.831721005110091e-17,1.5198900845237462e-16,-1.938776637488577e-16,5.764790559140301e-18,-8.444995523190387e-17,-1.1830409030110347e-16,-2.739591658144031e-16,-5.4431966050293195e-17,1.6974806280358121e-16,-2.276917085560299e-16
CC1(C)C2=C(OC3=C1C=CC=C3P(C4=CC=CC=C4)C5=CC=CC=C5)C(P(C6=CC=CC=C6)C7=CC=CC=C7)=CC=C2||[Na+].[OH-]||C1COCC1,CC1(C)C2=C(OC3=C1C=CC=C3P(C4=CC=CC=C4)C5=CC=CC=C5)C(P(C6=CC=CC=C6)C7=CC=CC=C7)=CC=C2.[Na+].[OH-].C1COCC1>>,C_ea5aff8c040c,CC1(C)C2=C(OC3=C1C=CC=C3P(C4=CC=CC=C4)C5=CC=CC=C5)C(P(C6=CC=CC=C6)C7=CC=CC=C7)=CC=C2||[Na+].[OH-]||C1COCC1,CC1(C)C2=C(OC3=C1C=CC=C3P(C4=CC=CC=C4)C5=CC=CC=C5)C(P(C6=CC=CC=C6)C7=CC=CC=C7)=CC=C2,[Na+].[OH-],C1COCC1,-0.7608527313618179,3.057345820275926,2.2628290765181287,2.340206537654114,-0.8959579632296627,-0.5112817700760028,0.08783849985727361,0.35592842575710404,0.4501099621363103,-1.1207264892083721,-0.3784698137934597,0.8357285648736783,0.18110157792894394,-0.27724339232790146,0.9998034479442631,-0.34191861228964493,-0.6044122432762512,-0.16127802879825115,0.6080242339388434,-1.5855111528610472e-15,5.110872394183509e-16,3.9471005366777037e-16,-2.808703882995276e-16,4.759795933754723e-16,-3.7946701304554226e-16,-3.092854547530357e-16,3.1445315151729155e-16,-1.431112360829042e-17,-3.814907130302745e-18,-4.6225530803980076e-17,-1.5235726063435833e-16,-5.036117627660453e-16,-3.4262018262791286e-16,-7.2750537814401185e-16,5.474097010014579e-16,9.66371452068796e-17,4.0978037248475754e-16,-2.887578794842319e-17,-1.0947006181369993e-16,1.471508239169408e-16,2.0946305133474138e-16,1.3884221575928025e-16,-5.753853379951353e-17,9.72287609976025e-17,-7.929966685727421e-17,2.86222924419016e-16,-6.403142353827434e-17,-2.967568001016811e-16,4.1767876789973945e-17,1.1315127316092312e-16,-1.0060804528929359e-16,-1.4000833048267337e-17,-2.7031878749009264e-16,-3.810049461475167e-16,-3.830054441742439e-17,4.160365039839237e-17,-1.1031910445421336e-16,2.707871155826876e-16,-8.691021504582466e-17,-1.2028177670992512e-16,2.6464391648934625e-16,-1.7918203750588647e-17,2.3807823561872307e-16,2.3044203168247897e-16,7.189642477061367e-17,-1.6200415851303492e-16,-1.856306567516824e-17,7.547625462448898e-18,1.8433059651121038e-16,-1.6223079931315592e-16,2.1314957711784054e-17,-1.0849077626703425e-16,-1.7935820131781287e-16,-1.3663141624049209e-16,5.783555408258321e-17,1.65059657333606e-17,2.6112648940417415e-16,2.8665783128060105e-16,9.047744986791486e-17,-5.929918976084032e-17,-6.29732469380168e-17,1.467578325646426e-16,8.371492770781576e-17,1.0510457354669162e-16,-1.7661385559117537e-16,-8.032892524043098e-18,-1.2871392408757254e-17,-2.3956646680273517e-16,-8.43359396759011e-17,4.0272775167418864e-17,-3.8931311314628036e-17,5.210455456740172e-17,5.443111130948785e-17,-1.526810390202042e-16,-1.2750751507094365e-16,5.411358128057579e-17,8.490657736947332e-17,-5.3557193055882924e-17,-9.744456574385975e-17,1.401297971809512e-16,-6.810681776749007e-17,9.453219062707502e-17,-1.327485344404504e-16,-1.1553974625733764e-16,-4.050501973587543e-17,5.34274166029014e-17,-2.597182657854984e-18,9.249225252978448e-17,3.3269103637769496e-17,-3.0022607265163476e-16,-2.52844307237234e-16,4.2689988497304284e-17,2.240401206333414e-16,1.47555520555141e-16,-4.7292611425220106e-17,3.5717626492368323e-16,1.9372793124548e-16,4.426737865824503e-17,-7.379952292252067e-17,-2.044120962926211e-16,1.442095397449884e-16,-1.6638359788166348e-16,1.9600012912996862e-16,-9.902289414676786e-18,-1.395061016965095e-17,1.3649484059073123e-16,4.528254756995475e-17,-6.509108363277219e-17
CC(P(C(C)(C)C)C(C)(C)C)(C)C||OC([O-])=O.[Na+]||C1COCC1,CC(P(C(C)(C)C)C(C)(C)C)(C)C.OC([O-])=O.[Na+].C1COCC1>>,C_8ed61bcbad56,CC(P(C(C)(C)C)C(C)(C)C)(C)C||OC([O-])=O.[Na+]||C1COCC1,CC(P(C(C)(C)C)C(C)(C)C)(C)C,OC([O-])=O.[Na+],C1COCC1,-1.224289551208006,-0.6982614233068845,2.262829076518128,-0.54091224488961,-0.8959579632296628,-0.48093282746035054,1.5266822375625604,0.516412073720738,-0.35796807424654864,-0.0047764698179397795,-0.7254911804417499,0.8719731108561558,-1.643928286484198,-0.27724339232790013,-0.23770256351032493,1.670360296231833,0.0382060324073207,-0.7970487546071373,-0.12285981085020842,1.2076088785737353e-15,5.600746714289051e-16,-2.700633438658831e-16,-4.1589311409677307e-16,-2.0187963556031681e-16,-5.137327173134049e-17,-2.4248660650729383e-16,1.4619503566555366e-16,-4.65219713217618e-16,-1.4748995074044794e-16,3.022800921933178e-16,-1.674286782124821e-16,7.076944516216001e-17,-2.1814014222762053e-16,-2.975643308478485e-16,-1.1702220586775335e-16,-7.511062960528851e-17,5.424571773985677e-16,5.370266444758451e-16,2.1019426379295209e-16,-2.4639244876255664e-16,-5.949742352017635e-17,-3.672295088599583e-17,2.9003600454735216e-17,-1.4842213880012308e-17,4.958171779087577e-17,-1.559724893846937e-16,1.3818122403806172e-16,3.9363851820156087e-16,1.6155487578423475e-16,-2.0063993170894345e-16,4.08382727998152e-17,8.460835283020285e-17,1.0997465575563569e-16,7.36685556321879e-17,2.2794771556365463e-16,3.570397658193964e-17,-8.528847411749262e-17,-8.809802501597838e-19,1.3123527680663731e-16,-1.248458335378873e-16,-1.403494731565832e-16,-2.906799417740531e-17,1.814244189350823e-16,2.2587433047262513e-16,-6.017829169322301e-17,-1.0176759784790938e-16,-5.862117370000274e-17,4.060065258663566e-17,-4.255424208922603e-17,3.3965843603303133e-17,3.549401176044182e-16,-5.914054968215813e-17,-1.1079464103807816e-17,-1.1760446455538235e-16,-1.4697413713190694e-17,-1.917209761573445e-16,1.8531223747337916e-16,-1.5146166929781984e-16,1.529082243648531e-16,3.1592015933999436e-17,-2.685909970650579e-17,2.4556139471964577e-16,-1.0939760242266244e-16,6.535507143242734e-17,8.489069508812886e-17,-1.9628034014471385e-17,-1.0492987476955812e-17,3.191647218699786e-16,1.87370718654339e-16,-2.0354361130682504e-16,6.71974536340962e-17,-1.9440928801084516e-17,-7.67279945689558e-17,1.4690959437704958e-17,1.044198108008169e-16,-6.428712942146224e-17,2.1476410411639e-16,-1.794648941189165e-16,-8.463885809313747e-17,-3.225466376282603e-17,1.4662049922687915e-16,3.61735183545858e-16,2.531365431443324e-16,-1.2129994775590439e-16,1.494815680164387e-16,1.0119737401202994e-16,1.0102683783333358e-16,-8.282855493885048e-17,-2.2314688783137005e-16,1.9011975473915303e-17,5.2766155963101716e-18,1.9472105968966897e-16,-3.558576175742122e-16,2.9939653437229453e-16,2.669162272204346e-16,1.4940812513720196e-16,-2.5731551317530633e-16,1.1065950762998809e-16,1.2032660745136894e-16,-5.951988843414965e-16,5.322846905562137e-16,7.77122483035215e-17,2.316834552924525e-16,7.306428244233395e-17,-1.341344250587188e-16,-6.70406471636639e-17,1.2807550714715082e-16,-2.673538337910317e-17
P(C1=CC=CC=C1)(C2=CC=CC=C2)C3=CC=CC=C3||OC([O-])=O.[Na+]||C1COCC1,P(C1=CC=CC=C1)(C2=CC=CC=C2)C3=CC=CC=C3.OC([O-])=O.[Na+].C1COCC1>>,C_da76c35c781e,P(C1=CC=CC=C1)(C2=CC=CC=C2)C3=CC=CC=C3||OC([O-])=O.[Na+]||C1COCC1,P(C1=CC=CC=C1)(C2=CC=CC=C2)C3=CC=CC=C3,OC([O-])=O.[Na+],C1COCC1,-0.9376336432096944,1.234574423518502,2.262829076518127,0.23684906840748118,-0.8959579632296638,0.27863967790261496,1.5266822375625588,0.2194992933003443,-0.7800009929116318,0.14740606941524612,-0.7254911804417489,-1.1263128578207415,-1.6439282864841898,-0.27724339232790074,-0.23770256351032404,0.933815911971147,0.03820603240731949,1.2462422126349613,-0.12285981085020829,1.7568664162852713e-15,-1.1177483362866903e-16,-3.0240580896990926e-17,5.912076434677673e-16,4.628047029105135e-18,3.8966156051520256e-16,-2.5892599337311424e-16,-3.5178823722340477e-16,1.131506442217662e-16,6.259484199011988e-16,4.657326250107326e-16,1.0142184389376297e-16,-1.2504248884094038e-16,1.7719577396134042e-16,-2.2049742660800293e-16,4.737085268662091e-16,3.6867166890112477e-16,1.1795857613455837e-16,3.678305584370873e-16,1.0361344057999569e-16,-1.299636201363371e-16,-3.227038629529423e-17,-3.150370693811727e-16,9.469847150055457e-17,1.9407339163845512e-16,-3.5439930462612326e-17,8.934643317410775e-17,6.889009269505591e-17,1.2039445253944668e-16,4.6097274283517456e-17,-8.327835222565532e-17,-5.2957636358932874e-17,-5.437612230412949e-17,3.7874662617763533e-16,-1.5233880277449763e-16,1.703555777291307e-16,1.548910348980156e-16,-1.7175566807302469e-16,-2.1254972938174224e-17,-1.5831381592183e-17,-8.962245587598695e-17,1.9956908217133318e-16,6.917823104926003e-17,-7.651036712507742e-17,-6.841601458151305e-17,-2.6323227128133575e-16,-3.959324787456771e-18,-1.64545399527735e-16,1.378627118209705e-16,-6.480313462736426e-17,-1.6712152794947654e-16,-4.7176261268256384e-17,4.288789288853567e-17,4.738594019417052e-17,1.8248234138777932e-16,1.0272200534296982e-16,1.1124479020380866e-16,1.4331202872399627e-16,-1.3847749382154625e-16,2.5200287110064514e-16,-9.770458678326729e-17,1.7933940664661378e-16,1.1517184152582287e-16,2.163266525098432e-17,-9.546737408343907e-17,2.0815676622877523e-16,1.7302701194494767e-16,-1.237493664130955e-16,1.6444269479187315e-16,-1.0239592979717695e-16,-1.2709301013114695e-16,-1.41038575970313e-16,-3.67947894675795e-17,-1.2630768750171084e-16,-1.7008613871030563e-16,-9.917415166368961e-17,-4.118153730098096e-18,-2.887544705411608e-17,-5.3594133936528214e-17,5.986566156870256e-17,1.0028185763130717e-16,-2.8132781387094966e-16,-7.7192376033067e-17,2.515141736280087e-17,-8.186794340644622e-18,1.2337316252111562e-17,-5.926772882847431e-17,3.451001214183026e-17,-1.0178086090953543e-17,-8.123909247146023e-17,1.488413922984056e-16,3.117084820365075e-16,-1.3439574233379468e-16,1.695987741424657e-16,1.187029027024179e-16,-4.3281518447971914e-17,6.529337286173909e-17,-6.652791947309361e-17,-4.595742683499187e-17,2.0082437074679133e-16,3.8562603647253016e-17,1.4576315540128097e-16,-5.654106128732334e-17,-1.4188172850492257e-16,9.253111948823592e-17,-4.215974873039663e-17,-1.3595406755987727e-17,-4.735144658477292e-16,-1.214005888046228e-16
CC(C)(C)P(C(C)(C)C)C1=CC=C(N(C)C)C=C1||OC([O-])=O.[Na+]||C1COCC1,CC(C)(C)P(C(C)(C)C)C1=CC=C(N(C)C)C=C1.OC([O-])=O.[Na+].C1COCC1>>,C_296710a75b59,CC(C)(C)P(C(C)(C)C)C1=CC=C(N(C)C)C=C1||OC([O-])=O.[Na+]||C1COCC1,CC(C)(C)P(C(C)(C)C)C1=CC=C(N(C)C)C=C1,OC([O-])=O.[Na+],C1COCC1,-1.5782981121882067,-0.6507387560859162,2.2628290765181274,-1.3390820507081531,-0.8959579632296646,-3.0233120881828093,1.5266822375625595,-0.26903145405851087,0.35103460862731356,-0.39593751299980834,-0.7254911804417489,-0.8157423012752646,-1.643928286484191,-0.27724339232790024,-0.23770256351032543,-0.5617383596306829,0.03820603240731978,0.020503180976103316,-0.12285981085020842,6.581202349271649e-16,-2.765550105150724e-16,-4.7659794617844565e-16,-1.7346074692855463e-16,-5.341363099375253e-16,6.478214179465399e-17,3.406976267179856e-16,7.982273768442442e-17,-1.3083958355275443e-16,5.726422358837311e-16,1.2152166210545758e-16,-5.030101284289807e-16,-5.525004929730352e-16,1.8641065425360904e-16,-1.3232745262264533e-16,-1.2159939006327136e-16,5.407768238085363e-16,9.070696044642772e-17,9.377243842736554e-17,4.5711170920807845e-17,-1.5114427973003653e-16,-2.9794238599345817e-16,-1.422234957698801e-16,6.576806810002709e-16,1.470854732712931e-16,-1.5843732014431164e-17,-3.0885697242766454e-17,-2.2053062854524417e-16,-7.783407673112138e-17,-5.028341110540124e-18,-9.568707038289597e-17,2.5189174814795656e-16,-4.0089326907983926e-16,-5.59551527699754e-17,1.348245591954936e-16,-2.226343015269739e-16,-1.755580839962909e-16,-9.844812610346924e-18,8.606032031618556e-17,2.308729386087665e-16,-1.4966439199745478e-16,4.897783864899998e-17,1.0686732735180587e-16,-1.1643322811831944e-16,9.624390147545949e-17,-4.5228317859357436e-17,2.845472003911115e-17,2.3527510675069093e-17,-2.4920812733176052e-16,-5.0251297068176336e-17,-1.8783915983767746e-16,2.347123255122867e-17,2.1581946413724057e-16,-9.96914849663939e-18,2.397108440904633e-16,3.398254976556106e-17,1.049682842070785e-16,1.2682368296312193e-16,1.128432162339889e-16,4.768321205316728e-17,4.100074188252952e-17,-6.682677472602409e-17,1.3832453577702875e-16,1.1894311102827065e-16,1.1736232536268213e-16,-1.438064151808129e-16,-2.0179339300265938e-17,1.2073593179048875e-16,2.2191826393223427e-16,-1.708941626123705e-16,1.1271789939275023e-16,-7.73692948956757e-17,-1.7704093105642827e-16,7.429159059889729e-17,8.23991518997422e-18,-1.0745387799106868e-17,1.729833411909457e-16,1.2485581849099462e-16,1.583568310692419e-16,-1.1312554688746776e-16,6.076962174303169e-17,2.4800946234790615e-16,-1.7124247833309117e-16,-3.2113784229457694e-16,6.044911335851176e-17,-1.757991602058681e-17,3.1828243101588602e-16,-5.134575244622293e-17,-3.098017223529158e-16,7.263091917399023e-17,-1.4764500963219817e-16,-2.8983887379252596e-16,2.990632987720266e-16,1.1299457158977553e-16,1.5495217366002633e-16,-2.224988369550656e-16,-4.923215474239375e-17,-2.4735983162982973e-17,1.6034356087531277e-17,1.207231590834222e-16,-1.2707977258030986e-16,-1.3272368150079704e-16,-1.346775083320813e-16,6.812172767786149e-17,-1.6900368829470257e-17,-8.196142295687935e-17,1.1349418726710073e-16,-5.235999657840153e-16,-6.6861060866197165e-18
P(C1CCCCC1)(C2CCCCC2)C3CCCCC3||OC([O-])=O.[Na+]||C1COCC1,P(C1CCCCC1)(C2CCCCC2)C3CCCCC3.OC([O-])=O.[Na+].C1COCC1>>,C_be6616953a94,P(C1CCCCC1)(C2CCCCC2)C3CCCCC3||OC([O-])=O.[Na+]||C1COCC1,P(C1CCCCC1)(C2CCCCC2)C3CCCCC3,OC([O-])=O.[Na+],C1COCC1,0.8097398838794678,-1.6108233270164565,2.262829076518128,-0.032317947085246185,-0.895957963229664,0.5630227060514402,1.5266822375625593,2.205309231068089,-1.3646949579166316,-0.5762782864827907,-0.7254911804417498,-0.011638395004682753,-1.643928286484194,-0.27724339232789924,-0.23770256351032548,-0.803347713846745,0.03820603240731951,-0.0296139703297509,-0.12285981085020813,-2.807620935014187e-16,-5.691473433701639e-16,-6.574564960586177e-17,-2.1382168850771834e-16,-6.245426852147074e-16,-1.455948451365143e-16,-2.0941232829700494e-16,-4.744905749373312e-16,1.4853818367403452e-16,-1.1367072905106743e-16,1.8211583118020386e-16,6.957461871376855e-17,-1.0934968877777937e-16,-2.741189598059593e-16,-3.515598305540455e-16,-2.997224216734835e-16,3.378497339872814e-17,2.1793680377554031e-16,7.727164247988359e-17,-2.7652720397800186e-17,1.71767434099357e-16,-5.3750141932661607e-17,-2.474719832132846e-16,-6.554099416542551e-17,-2.6626123062260994e-16,1.1051498278850697e-17,-2.7335858082369067e-16,5.321682244947304e-17,8.69889355550146e-18,-4.1888470367549006e-17,1.241509318338102e-16,-5.819533910465229e-17,3.393134826645975e-17,-1.4065944709033073e-16,-1.7579202253959613e-16,-1.8594051895404876e-16,-1.2021598928344105e-16,-2.0274623602072523e-17,6.738657036803711e-17,1.1904729590965752e-16,-1.437079673331849e-16,1.3975545368646877e-16,5.606140960683852e-18,-3.56666500656932e-16,-1.2882270749295604e-16,-3.3353777990753805e-16,-4.2721564344864524e-17,1.412630137836334e-16,1.1264160236188115e-16,-7.858404092373431e-18,2.676314338692999e-17,1.2891175662419995e-17,-2.328395774312028e-16,-1.2751175405436362e-16,9.837604657217043e-17,-3.805382104512227e-17,-7.062644806280691e-17,7.792401453485428e-17,-2.7293894013916053e-16,-9.069684789654173e-17,6.548913653825483e-17,2.2898695969003802e-17,1.5961352905290804e-16,-3.481605093196653e-17,9.383448586472356e-17,-1.9513022195321387e-16,-9.673780930482816e-17,-2.10055723354769e-16,-2.2339883474208376e-16,-1.0308167950774828e-16,4.737410044208269e-17,9.751039315025841e-17,2.2521339623233163e-16,6.359458680520547e-17,2.5951795316229246e-16,6.1116572827682644e-18,-9.050495271046074e-17,2.3230271039138314e-16,6.199692358750816e-17,2.598032167126136e-16,-5.4194979402111716e-17,-3.0415412514781914e-16,3.8998606712589523e-17,1.0699063999580989e-16,1.0961531826179361e-16,-1.4415180656892026e-17,-2.3974009806656254e-17,-2.1675102927155863e-16,-5.2318439524154975e-17,-8.449415753940362e-17,1.3072888746733816e-16,-1.8003156222446137e-16,1.968036887861853e-16,1.0634910616124158e-16,-2.0653861334496105e-16,-9.796463743408628e-17,-6.474827369925255e-17,3.6072578877189385e-17,1.0619478722600017e-16,-4.885770983382147e-16,-4.120305628633928e-16,2.7143686472747513e-16,4.0823120933719617e-16,-1.3294102683217983e-16,2.2006626639306486e-16,2.3230047218420033e-17,1.1002644589380772e-16,-6.870079173455768e-17,2.120446656880013e-16
CC1=CC=CC=C1P(C2=CC=CC=C2C)C3=CC=CC=C3C||OC([O-])=O.[Na+]||C1COCC1,CC1=CC=CC=C1P(C2=CC=CC=C2C)C3=CC=CC=C3C.OC([O-])=O.[Na+].C1COCC1>>,C_974f938e84e7,CC1=CC=CC=C1P(C2=CC=CC=C2C)C3=CC=CC=C3C||OC([O-])=O.[Na+]||C1COCC1,CC1=CC=CC=C1P(C2=CC=CC=C2C)C3=CC=CC=C3C,OC([O-])=O.[Na+],C1COCC1,-0.26365475576253306,0.9915488887997188,2.262829076518128,0.322486221069508,-0.8959579632296607,-0.24540933155649522,1.526682237562559,-0.5084585430537785,-1.0360040403224686,2.5086809595071786,-0.7254911804417503,0.4526474839779483,-1.6439282864841969,-0.27724339232790024,-0.23770256351032434,-0.5902568205259893,0.03820603240731981,-0.24296470019919017,-0.12285981085020836,-2.864885475507403e-16,-3.668357325423574e-16,-4.7018153417047795e-16,-2.577375315484366e-16,-4.3671605332491835e-16,1.4005106396273205e-16,-6.406515622316734e-16,-3.5329192997563087e-16,-2.702444659667647e-16,3.436413242718149e-16,2.052418460921299e-16,-2.522338124862818e-16,-3.893411321087227e-17,3.6215318642892477e-17,-9.629725228363478e-17,-4.1972220828678516e-16,-1.489779529575554e-16,1.2151006015742603e-16,-2.5068218438380464e-16,-1.3938705875388183e-16,4.257138573606989e-16,-2.5834429281797153e-16,2.1456789948910608e-16,7.036802319752136e-17,6.49987227254002e-17,-1.4793045483625405e-17,1.8496008040911028e-16,-1.3334643948666123e-16,-9.125794557109201e-17,-5.61028911844405e-17,3.6072916193568687e-16,-1.505447814450557e-17,1.5904242255701307e-16,3.577468830431005e-17,1.582889808989897e-17,3.5307804793865784e-17,-2.4289477221860737e-16,-7.00685784788943e-18,-3.7722703848612e-17,-1.0288650822078562e-16,1.1324050100579176e-16,1.2391066712807418e-16,-1.2818939309234496e-16,1.304356990543161e-16,-7.890291131583519e-17,-3.873206541958631e-17,1.4075875027200538e-16,2.4935022284722957e-17,-2.7721882677558505e-16,-2.425922886255236e-16,8.745076504768742e-17,6.870256257395866e-17,1.0055863039302139e-16,-3.403858271956056e-17,-1.7840771547378827e-16,-4.467151360033715e-17,4.630223951987013e-17,-4.0413798370458804e-17,6.584153505953943e-17,-1.718378036952397e-16,-1.460900593201008e-17,-4.8800059564658476e-17,1.9406773393045896e-16,6.905102873821386e-17,1.0385741867775715e-17,-6.488793749074223e-17,1.7586715676242383e-16,-1.462671674037393e-16,1.0982734153081259e-16,3.5896723874328186e-16,1.2686795301997925e-16,-6.842768864588547e-17,2.215862183123895e-16,2.7477198303687074e-16,1.013476736516193e-16,-8.399889078076099e-17,1.5402363733095427e-17,1.5956212327192474e-16,5.935642121304946e-17,3.002827393526628e-17,1.1840247919274065e-16,8.310097440058463e-17,4.876652069190055e-17,1.5367934302520893e-16,-9.52777414521397e-17,1.4672730114695246e-17,1.763428831125756e-16,5.719731233785977e-17,-1.9798681472173877e-18,-4.1281459757273864e-17,2.0023249871480953e-16,-2.0818229309940912e-17,-1.143166896345599e-17,-4.535852563819506e-16,-1.9999870489812037e-16,5.4586354851139124e-17,2.1339803113636657e-16,8.250103197070342e-17,-2.3904672988221913e-16,1.920572863828796e-16,9.842676946934105e-17,2.1073887424914654e-16,-2.5466018756095497e-17,-1.1981891730415691e-16,2.6291530206523504e-16,-1.0148823105769474e-16,-5.440447831116856e-17,2.8357371867693877e-16,4.243861886465778e-16
CCCCP(C12C[C@@H]3C[C@@H](C[C@H](C2)C3)C1)C45C[C@H]6C[C@@H](C5)C[C@@H](C4)C6||OC([O-])=O.[Na+]||C1COCC1,CCCCP(C12C[C@@H]3C[C@@H](C[C@H](C2)C3)C1)C45C[C@H]6C[C@@H](C5)C[C@@H](C4)C6.OC([O-])=O.[Na+].C1COCC1>>,C_c71f47b23f7c,CCCCP(C12C[C@@H]3C[C@@H](C[C@H](C2)C3)C1)C45C[C@H]6C[C@@H](C5)C[C@@H](C4)C6||OC([O-])=O.[Na+]||C1COCC1,CCCCP(C12C[C@@H]3C[C@@H](C[C@H](C2)C3)C1)C45C[C@H]6C[C@@H](C5)C[C@@H](C4)C6,OC([O-])=O.[Na+],C1COCC1,-0.8853811771272792,-3.1922335638057358,2.26282907651813,2.7128391219197545,-0.8959579632296636,0.4911992976161398,1.5266822375625602,-0.9806476207765277,0.57530789695204,0.06697642453299565,-0.7254911804417492,-0.3555490753195024,-1.6439282864841933,-0.2772433923279,-0.23770256351032523,-0.006961552994126908,0.038206032407319984,0.037064967961355916,-0.1228598108502084,8.292663096746671e-16,-4.486595351520852e-16,-1.2422590851953438e-16,-3.6807096603016153e-16,-2.6253349272796794e-16,-1.566651838857138e-17,-4.951529610696881e-17,-1.259195233179789e-16,6.214993006432774e-16,4.618273144961731e-17,4.791712319686226e-16,4.018339036988431e-16,-3.71676796860428e-17,-1.3417274563667486e-16,1.5332139636853517e-16,7.607837159918946e-17,1.2554575986277468e-17,-3.695464246721569e-16,1.9994645249734065e-16,2.624292446990881e-16,-1.8118997892324112e-16,-5.398419867943456e-16,-8.784069872351879e-17,-5.807727869021653e-17,-1.593565322523129e-16,1.8210576895438325e-16,-1.6632683134882782e-16,-6.856483006584921e-17,2.0741934320796362e-17,7.123592380419478e-17,-1.3032416319613891e-16,-2.3778388874358846e-16,1.8348210760923267e-16,3.614849349306847e-16,-1.0919084146768022e-16,-1.3778764732346833e-16,-2.7633491196887993e-18,-1.6069536605155952e-16,-6.312757174576189e-17,-4.728451195406939e-17,1.5984210680669593e-16,-1.7426993939061962e-16,2.5076177982453873e-17,-2.189128349321217e-17,1.850159624489422e-16,-8.384757060365693e-17,-3.567185063644517e-17,1.6090756988817429e-16,1.7355168590119765e-16,-1.121514423138604e-16,8.748577007491117e-17,8.627114524557787e-17,1.5219476145241288e-16,-9.87077771223988e-18,1.0244461838389711e-16,-4.7230280859541694e-17,6.519690036145527e-17,-1.5568669477938864e-16,2.2716674584544313e-16,-4.967312078977104e-17,-6.01225181486695e-17,1.0882269706531462e-16,1.2134153856752534e-16,2.001471485389041e-16,-5.255923207951656e-17,1.2144033141685722e-16,1.080118798259727e-16,-1.7252823845209808e-16,-7.902729373187992e-17,-2.514082712365211e-16,-1.4383554592576074e-16,1.621246436585831e-16,1.3614623269992873e-16,-1.795186561817565e-16,-4.0393266146424035e-17,-1.4930725263713416e-16,2.034721486639313e-17,-4.844457747654601e-17,8.347506520470355e-17,-1.4531211513150738e-16,3.55277158626698e-17,9.787324229951208e-17,5.700989693163204e-17,-1.6094734101860463e-16,-1.2471477141417622e-16,-1.0223005405541424e-16,2.587920755946064e-16,1.3324298903184267e-16,6.430589094899289e-17,1.1024619384824629e-16,-5.213171719259548e-17,-2.05877907497499e-17,-8.32206449335011e-17,-1.7160601082825684e-16,1.0660250133616421e-16,7.00944995873086e-17,-5.414379769230307e-17,-8.220052387858498e-17,1.1282906313161612e-16,-2.6222925950339097e-16,-4.9465751309655233e-17,6.896421100976663e-17,-4.249836728572472e-16,-1.2038085289942704e-16,-6.6539747065396e-17,1.886729543960594e-16,1.1276323748880066e-16,7.736921604947419e-17,1.8063325783153291e-16
COC1=CC=CC(OC)=C1C2=C(P(C3CCCCC3)C4CCCCC4)C=CC=C2||OC([O-])=O.[Na+]||C1COCC1,COC1=CC=CC(OC)=C1C2=C(P(C3CCCCC3)C4CCCCC4)C=CC=C2.OC([O-])=O.[Na+].C1COCC1>>,C_e4d178d374c2,COC1=CC=CC(OC)=C1C2=C(P(C3CCCCC3)C4CCCCC4)C=CC=C2||OC([O-])=O.[Na+]||C1COCC1,COC1=CC=CC(OC)=C1C2=C(P(C3CCCCC3)C4CCCCC4)C=CC=C2,OC([O-])=O.[Na+],C1COCC1,3.697093256973161,0.21873148620968133,2.2628290765181274,-0.16998697856093797,-0.8959579632296634,-0.13753115125335041,1.5266822375625606,1.0255047079947905,1.9551116939983522,0.8801350735997562,-0.7254911804417484,-0.3971125427888236,-1.6439282864841929,-0.2772433923279002,-0.23770256351032426,0.25509854087750355,0.03820603240731974,0.026042369234241098,-0.12285981085020829,-2.880216718224364e-15,-6.078533856492205e-16,1.2784524376765118e-15,-4.088891519714214e-16,2.229355060401015e-16,6.130364475295913e-16,1.0813969991234678e-16,3.1694361071708277e-16,1.0021240456318156e-16,5.159121107944415e-16,-9.251606883721453e-17,-3.125899131684615e-16,-5.442248996407079e-16,5.669713631613333e-16,-2.976789196145517e-16,-4.604626409591906e-16,1.2056068324659318e-16,-5.466028065539407e-17,-4.75843050867375e-16,3.143846738884151e-16,-5.942445683189113e-17,-2.5164469287756463e-16,-2.58118642118225e-17,2.945978015017705e-17,1.2074855899359722e-17,9.343602158647061e-17,7.695812452189732e-16,-8.745551859227015e-17,-1.8442893856566625e-16,-5.932835742604568e-17,-2.6876534895453515e-17,4.2470451002746267e-16,2.655379652626494e-19,-2.7229551558088116e-16,-2.5468761726021115e-17,5.254272215279894e-17,1.6593189911996484e-16,-4.6974451550669664e-17,-2.135521576479202e-16,2.3183346282281956e-16,-9.890601913213343e-17,2.0438464549747687e-16,-1.3915011196949058e-16,2.0380743961275325e-16,6.518084415635974e-17,1.7861214407451762e-16,-2.6657693362569776e-17,-1.792090907205363e-16,-1.3723358613397516e-16,7.628023158478578e-17,1.1460184508423571e-17,1.01658970423278e-16,-8.874211037327e-17,-9.182797883970501e-17,-1.4109927920712367e-16,-1.1266020627323e-16,-2.713359280326323e-16,-2.170881430694334e-16,2.1488492493543472e-16,-6.490438239810345e-17,1.3138289857207143e-16,-7.400989722000044e-17,-1.486680565607673e-16,-2.8916885151051126e-17,1.111499067852205e-17,-1.1071404692402959e-16,-1.1039846932787287e-16,5.826274107511587e-17,8.318858915471494e-18,-1.10443764858339e-16,-8.229207299356585e-17,-3.2002616952928127e-16,-1.0252493536446111e-16,2.0716609799181657e-16,2.6255276001540783e-17,-3.122028701510558e-18,-4.8655346386880505e-17,-1.4693596816293044e-16,-7.042068237192379e-19,-7.51318438837469e-19,-3.263376002047313e-17,-2.932237005776413e-16,-1.2485243724628422e-16,2.3166786473021044e-17,1.689299467621757e-16,-2.4194231452757234e-17,-2.0351232321195215e-16,-9.904020487337259e-17,-5.227840164377846e-17,-7.06012207354583e-17,-4.4578344851803275e-17,1.7997312296194864e-16,-3.124938596424161e-17,-2.7382133246823635e-16,-3.399002234256322e-16,-1.676673670774318e-16,2.185858226965665e-16,-2.8000553229204725e-16,-1.406617517079917e-16,-6.201958466649238e-17,9.353899113505427e-17,-9.099513416249442e-17,9.778788096155785e-17,1.8422128770734815e-16,-1.2473365120363025e-16,4.023501285985281e-17,-1.924679227801899e-16,4.87089413447607e-17,-4.720222697610475e-16
CC(C)(P(C(C)(C)C)[c-]1cccc1)C.CC(C)(P(C(C)(C)C)[c-]2cccc2)C.[Fe+2]||OC([O-])=O.[Na+]||C1COCC1,CC(C)(P(C(C)(C)C)[c-]1cccc1)C.CC(C)(P(C(C)(C)C)[c-]2cccc2)C.[Fe+2].OC([O-])=O.[Na+].C1COCC1>>,C_ada2c22bf92c,CC(C)(P(C(C)(C)C)[c-]1cccc1)C.CC(C)(P(C(C)(C)C)[c-]2cccc2)C.[Fe+2]||OC([O-])=O.[Na+]||C1COCC1,CC(C)(P(C(C)(C)C)[c-]1cccc1)C.CC(C)(P(C(C)(C)C)[c-]2cccc2)C.[Fe+2],OC([O-])=O.[Na+],C1COCC1,-1.5678166466947503,-0.54455445394079,2.2628290765181274,-1.8306686961430005,-0.8959579632296614,1.1506141613685534,1.5266822375625624,-0.3417448804185359,0.9228435721645191,-0.12806008460238122,-0.7254911804417504,1.7193547786868055,-1.6439282864842015,-0.2772433923278987,-0.23770256351032548,-0.37552400425580473,0.03820603240731932,0.6986574594526083,-0.12285981085020825,7.229514162997996e-16,-5.418001480909409e-16,-1.118719948085985e-16,-2.920871551138357e-16,-2.4398191020924577e-16,4.077841691231313e-16,-2.5917287241570686e-16,-1.0468287921487753e-16,-2.1388445864690677e-16,2.335873203460412e-16,-3.5210667606133204e-17,-1.5119384837526673e-16,-5.489413273239192e-17,-4.700860101010856e-17,-3.0923722442981314e-16,3.166809990603173e-17,3.0808511696682897e-16,3.158659178451335e-16,4.537924612389453e-16,-4.816770554768581e-17,-2.753862302349326e-16,-2.9191741750399197e-16,-1.901415571529621e-17,2.817938300187666e-17,7.574167296356508e-17,3.5411844082092303e-17,-4.6264413436692754e-17,-8.707192728162336e-17,2.9712616543538516e-16,2.48017138901513e-17,-1.3051282454156424e-16,6.825657876334753e-17,1.473464909077472e-16,1.8814285178649973e-16,-6.1247368023973466e-18,1.1025458862367936e-16,-4.3615247671173935e-17,-1.478136479038817e-17,7.790143332014599e-17,2.0282890194648836e-16,-5.340738783878641e-17,8.843644141063183e-17,-1.73095296742664e-16,1.5427916911562514e-16,1.3787898374008022e-16,1.1502389597690393e-16,-3.113030513072104e-16,3.0614221299339476e-16,5.952387777571354e-17,-3.045004103215387e-17,5.846723702670162e-17,1.8651217924733016e-16,-9.536940333260268e-17,-6.864459273765565e-17,-1.3411508433068983e-16,1.0368432549698432e-16,-5.419176523138908e-17,8.192447940821632e-17,-1.8352237812576173e-16,2.973707694677056e-17,-6.36822396729418e-17,9.988430280176894e-17,1.1592688339504514e-16,1.1389455227354291e-16,8.257928219105398e-17,1.192975555705001e-16,-6.615307331832438e-17,-5.815252440573398e-17,3.249574410997278e-17,-2.627635930240719e-16,-5.091299198627955e-17,9.88596135724568e-17,4.271531893696273e-17,1.1817254201422798e-16,4.1348817354450245e-17,-2.1443794364802895e-16,-6.804545093263196e-17,-9.208302848709016e-18,-7.248079094433039e-17,-1.797744258828408e-16,-5.915420545803655e-17,8.201519946704052e-17,-1.1087603546450046e-16,4.2506825673579525e-17,9.092903109598168e-17,1.3011655809697696e-16,4.519827522092182e-17,-1.389324103582892e-16,-2.841611566324518e-17,2.102880436156306e-16,-1.905529522850626e-16,3.374105333949732e-17,-3.1926089005584344e-16,2.7424857651484987e-16,1.0735483692720492e-17,4.988640080677824e-16,-1.009578884938101e-16,-1.7617523595331112e-16,-1.891065741159244e-16,-2.311496471817432e-17,2.4319410723867446e-16,-3.279137619032229e-16,2.10970331895956e-16,2.2997035018647062e-17,1.451536779858236e-16,-1.4761030193725911e-16,-1.352593242724047e-16,-2.7159254377490454e-17,3.21893034213558e-16
CC(C1=C(C2=CC=CC=C2P(C3CCCCC3)C4CCCCC4)C(C(C)C)=CC(C(C)C)=C1)C||OC([O-])=O.[Na+]||C1COCC1,CC(C1=C(C2=CC=CC=C2P(C3CCCCC3)C4CCCCC4)C(C(C)C)=CC(C(C)C)=C1)C.OC([O-])=O.[Na+].C1COCC1>>,C_438453ea889d,CC(C1=C(C2=CC=CC=C2P(C3CCCCC3)C4CCCCC4)C(C(C)C)=CC(C(C)C)=C1)C||OC([O-])=O.[Na+]||C1COCC1,CC(C1=C(C2=CC=CC=C2P(C3CCCCC3)C4CCCCC4)C(C(C)C)=CC(C(C)C)=C1)C,OC([O-])=O.[Na+],C1COCC1,4.095214292254156,0.06059900161019054,2.262829076518127,-0.5208425618983309,-0.8959579632296626,-0.11150016598743198,1.526682237562559,-1.7351649042204011,-1.0409822672107314,-1.0072610296413136,-0.7254911804417498,0.3127331155945588,-1.6439282864841958,-0.2772433923278996,-0.23770256351032512,0.08800205000734863,0.03820603240731998,-0.001789758063564141,-0.12285981085020851,-1.0792707809693217e-15,-6.652781971917668e-16,-9.19672975132765e-16,-1.6639407632430292e-16,2.775721162216644e-16,2.290591315725772e-16,-7.23149858234152e-17,-8.092971285587859e-16,1.9538355050346474e-16,-1.993573995343125e-16,9.223252663358095e-17,2.907126830329472e-16,-8.06318363418935e-17,-5.30432768522713e-16,-5.788175644311804e-16,3.823956065336595e-17,3.0094336074014945e-17,4.8541210286784817e-17,-1.3112534556779107e-16,2.943473545615528e-17,-3.070999391112257e-16,-2.499642846118057e-17,1.3529774872438114e-16,-2.2639330233656105e-16,-2.619846699676965e-16,-2.33033251329373e-16,-3.3958988140300947e-16,1.920551326586748e-16,-3.502330498041702e-16,-2.0201310474469638e-17,-2.7070367862682876e-16,-9.547481039980867e-17,5.344289144508964e-17,-1.869514832388362e-16,7.106850173701815e-17,-6.891209405744086e-17,-2.57817202585734e-18,1.8031329910524774e-16,3.456602153915899e-17,7.506331946687641e-17,7.395007538928096e-18,5.812386520239065e-17,2.056593012172971e-16,-1.3672650653479552e-16,-1.401623039783593e-16,-1.1714130159642285e-16,-4.605192393088182e-17,2.0176282583864975e-16,-2.7013577473366303e-17,-2.4093252996847633e-17,3.887984318066045e-17,9.013168510358906e-17,-6.954655836798831e-17,1.1063820446213264e-17,1.5338680207077866e-16,-8.213765226048632e-17,9.89613637971928e-18,1.2687631580281553e-16,-2.2552247175069427e-16,2.9735611528909136e-16,-1.4303242403384222e-16,4.7445276190515296e-17,6.639810349690724e-18,4.466323154072115e-17,-1.7385485960840932e-16,1.3569013257294636e-16,5.810996225681837e-17,-8.129670617793408e-17,-1.6392667280231826e-16,-2.6606511277231342e-17,-8.164845292214629e-18,-2.716697765140876e-16,2.6520822979766935e-16,2.1798488264473168e-17,-3.305925009645242e-16,-4.0936290110456904e-17,-2.503486774904605e-16,1.102377522927952e-17,1.0701887040866855e-16,-5.671493661338795e-17,-3.0017754712686014e-16,-6.44160649613073e-17,-5.841993638701792e-17,-1.77731028246939e-16,-2.318774401665661e-17,-2.0784550686163143e-17,2.0488257452125305e-16,1.4574355349792195e-17,2.919327077371465e-16,-1.7245260602253193e-16,-1.5675711690691557e-16,-2.9211352750776695e-17,1.186740142279998e-16,-4.353753655500263e-17,-2.0442467901836964e-16,1.0685497134100624e-16,-2.3397092694907563e-16,2.7288546378047183e-16,-4.458447011198425e-17,1.8054308497933917e-16,2.063461405803003e-16,4.0886300513473056e-17,-4.707055239297696e-16,1.2289431654681458e-16,-3.215927918788192e-16,3.110310836393095e-16,2.49934138381818e-16,1.7787152560857078e-16,-2.4437173340270813e-16
[c-]1(P(C2=CC=CC=C2)C3=CC=CC=C3)cccc1.[c-]4(P(C5=CC=CC=C5)C6=CC=CC=C6)cccc4.[Fe+2]||OC([O-])=O.[Na+]||C1COCC1,[c-]1(P(C2=CC=CC=C2)C3=CC=CC=C3)cccc1.[c-]4(P(C5=CC=CC=C5)C6=CC=CC=C6)cccc4.[Fe+2].OC([O-])=O.[Na+].C1COCC1>>,C_bac2953513fd,[c-]1(P(C2=CC=CC=C2)C3=CC=CC=C3)cccc1.[c-]4(P(C5=CC=CC=C5)C6=CC=CC=C6)cccc4.[Fe+2]||OC([O-])=O.[Na+]||C1COCC1,[c-]1(P(C2=CC=CC=C2)C3=CC=CC=C3)cccc1.[c-]4(P(C5=CC=CC=C5)C6=CC=CC=C6)cccc4.[Fe+2],OC([O-])=O.[Na+],C1COCC1,-1.3841208155545002,1.1338119037417698,2.2628290765181265,-1.1785704697655917,-0.8959579632296627,2.0264914915776946,1.5266822375625586,-0.4876063293133136,0.3252425987294678,-0.37015865430257094,-0.7254911804417488,-1.4860818817802077,-1.6439282864841887,-0.27724339232790046,-0.23770256351032426,-0.2675297355448329,0.03820603240732002,-0.795814978261376,-0.12285981085020815,-4.708298131069612e-16,-4.457507269596776e-16,2.6642026410174445e-16,-1.0084245581010313e-16,-6.901953621913848e-16,-3.3144889528310084e-17,-3.5923816255569613e-16,-4.139255364025271e-16,2.0060346934705516e-16,1.9830914854122968e-16,4.078272733671862e-16,-3.200364876773131e-16,1.123890143194214e-16,-2.113297758753899e-16,-8.195742245976225e-16,1.8991184230841655e-16,1.703534443162469e-16,-1.4156650458006145e-16,2.0526566732315942e-16,1.9383580231686626e-16,2.553995227034068e-17,-2.0640930259467543e-16,-1.534873901891825e-16,-1.115491634508892e-16,-9.46708816135634e-17,-1.0696964536495158e-16,-6.562087761092594e-17,-1.932179081818494e-16,4.233948299983745e-16,4.579028507900145e-17,9.593392620387016e-17,-1.143258371177717e-16,3.0453334345068623e-16,-1.7738593262620708e-17,9.217021189535901e-17,6.209911933394398e-17,6.458180025852461e-18,-1.365768177168546e-17,-2.2026823451971466e-16,-2.411369619593606e-19,8.027021874483379e-17,-9.298004947638567e-17,8.511305629645316e-17,-2.775583938035924e-16,-7.36937932588823e-17,-1.6420483755824964e-16,1.0611241082452661e-16,-1.5968382561351718e-16,-2.783080086408565e-16,-9.518884662755797e-17,-1.6733158512026813e-18,-5.232624916398146e-17,-1.1890943538842007e-16,-2.263078043434341e-16,-1.5276788711363457e-16,-1.354414226620564e-17,-7.401449786649332e-17,7.160460489614216e-17,-6.156571598847801e-19,-5.975664899019143e-17,4.6414999260820135e-17,1.595066314297049e-17,-2.476997981884018e-16,2.861833106987477e-17,1.3573767647516921e-16,-4.0490119269353094e-17,-1.2031063189239977e-16,1.3933242921356072e-16,-2.365357752783529e-18,-1.6292085483676125e-16,6.578943865868782e-17,-7.759623974794613e-17,-3.632943616293757e-16,-2.640561757259176e-16,-2.8894936211285133e-16,7.454081994971178e-17,-1.608806085091441e-17,1.8925694366752942e-16,-1.0476446918984687e-16,-3.913459095606693e-17,-8.948912178995364e-17,-1.5532845553675835e-16,-1.0848195129226947e-17,2.1988595879724522e-16,1.3290588602896117e-16,9.188143748265146e-17,-1.6185776784317502e-16,1.9896457070561411e-16,1.7051956733329174e-16,9.696112835086724e-17,2.5781821184526896e-16,5.0344464057629216e-18,8.024218593791481e-19,1.6228145905168452e-16,2.539837225627728e-17,-3.1416692303189296e-16,7.493760325151895e-17,1.813872918339039e-16,-1.5090105074378357e-16,-1.9116757609176791e-16,-3.4198176295431444e-17,3.0072433873821983e-16,2.0099989103529635e-16,6.092180681825967e-17,4.013730460761823e-18,-4.3129681461794996e-17,-1.6432156545642027e-16,2.760289415873284e-16,-1.714610236061433e-17
CC1(C)C2=C(OC3=C1C=CC=C3P(C4=CC=CC=C4)C5=CC=CC=C5)C(P(C6=CC=CC=C6)C7=CC=CC=C7)=CC=C2||OC([O-])=O.[Na+]||C1COCC1,CC1(C)C2=C(OC3=C1C=CC=C3P(C4=CC=CC=C4)C5=CC=CC=C5)C(P(C6=CC=CC=C6)C7=CC=CC=C7)=CC=C2.OC([O-])=O.[Na+].C1COCC1>>,C_12eed341bcbb,CC1(C)C2=C(OC3=C1C=CC=C3P(C4=CC=CC=C4)C5=CC=CC=C5)C(P(C6=CC=CC=C6)C7=CC=CC=C7)=CC=C2||OC([O-])=O.[Na+]||C1COCC1,CC1(C)C2=C(OC3=C1C=CC=C3P(C4=CC=CC=C4)C5=CC=CC=C5)C(P(C6=CC=CC=C6)C7=CC=CC=C7)=CC=C2,OC([O-])=O.[Na+],C1COCC1,-0.7608527313618177,3.057345820275927,2.2628290765181283,2.340206537654113,-0.8959579632296646,-0.5112817700760027,1.526682237562561,0.35592842575710454,0.4501099621363094,-1.120726489208373,-0.72549118044175,0.8357285648736693,-1.643928286484198,-0.27724339232789896,-0.2377025635103258,-0.34191861228964543,0.038206032407319845,-0.16127802879825098,-0.12285981085020851,-1.6646107407277434e-15,3.359987806109151e-17,-4.2636465593572673e-16,-1.74319611130439e-16,3.9184816571811164e-17,-4.462331991759202e-16,5.231856186796268e-16,4.3366987604695423e-16,3.578147274284148e-16,1.7196665428579733e-16,6.669519154873088e-16,-1.893366154267589e-16,-4.474091907620289e-16,-1.244364361561815e-16,1.8415451916958556e-18,9.868579493904816e-17,4.812768900186049e-17,-7.81052130840406e-17,-3.5213052207836466e-16,-1.9404810362674913e-16,-1.883862416211174e-16,1.8323112644749475e-16,-3.212167836036307e-17,4.90718036441198e-17,-9.090859595810578e-18,-2.0306873535300734e-16,-1.6276963061559633e-16,-3.29699813889651e-17,1.9318389071218637e-16,1.0340373893219564e-16,2.2057725381038862e-17,1.3872362807151432e-16,2.0871766004487175e-17,-1.218704788610306e-16,-8.822811824314533e-17,-5.922687865923035e-17,-2.9031351477180734e-17,2.0577009856887514e-16,7.386541366799931e-17,1.8753844160014888e-17,-2.568540090922223e-16,6.416068599936704e-17,-1.463608543635554e-16,2.9438085970665296e-16,-8.970997998527249e-19,1.823595079276664e-16,2.094585892661933e-16,7.346506162772225e-17,4.0926813344449136e-17,1.1843020625210039e-16,1.454068035676815e-17,-2.311365414256658e-16,-9.433475609287311e-18,2.4308644084544745e-16,-1.6966574841680089e-16,2.3865510234588016e-16,1.0981354307644069e-16,5.043860186881412e-17,-1.601980074672798e-16,-5.4672229032865986e-17,3.843251231993948e-18,2.506611965378586e-16,1.434081726999419e-16,1.7287818059837674e-17,7.090144959938177e-17,-1.3855805929617182e-16,2.406479424737185e-18,-1.2610474681809986e-16,8.156306965969482e-17,-3.485507445900272e-17,-8.853536142994836e-17,1.959461840413791e-16,2.1971691341075418e-16,7.229163889688554e-17,1.252751006341685e-16,-2.6773424902161845e-17,4.013288702173585e-18,-1.6332465383854013e-16,-1.94205677119959e-16,1.0139078052104023e-17,-1.126975845826468e-16,9.028973764808691e-17,-3.1820378924440406e-16,2.685214934613165e-17,-7.746444061068174e-17,1.286725342718419e-16,-1.4968268527433667e-16,-1.4822430219383456e-16,3.1696961766490434e-16,3.4459282397227044e-17,1.1205799577951116e-16,5.029031241309127e-17,8.724488586492098e-17,9.32553259985698e-17,2.7040258363373176e-16,9.215484244236812e-18,-5.163872668137947e-17,-1.7134007894801558e-16,1.9938086829368278e-16,-1.502099537378286e-16,3.752415858912194e-16,1.2295854694413325e-16,1.2081897743343064e-17,9.287392253152074e-18,-1.3919388418220613e-16,7.902706889085946e-17,9.667622157283675e-18,-1.683728256679745e-16,-2.290846035729745e-18
CC(P(C(C)(C)C)C(C)(C)C)(C)C||[Cs+].[F-]||C1COCC1,CC(P(C(C)(C)C)C(C)(C)C)(C)C.[Cs+].[F-].C1COCC1>>,C_43c37fad4618,CC(P(C(C)(C)C)C(C)(C)C)(C)C||[Cs+].[F-]||C1COCC1,CC(P(C(C)(C)C)C(C)(C)C)(C)C,[Cs+].[F-],C1COCC1,-1.224289551208006,-0.6982614233068845,2.2628290765181265,-0.5409122448896103,-0.8959579632296611,-0.48093282746035027,-0.14789304776185172,0.5164120737207384,-0.35796807424654764,-0.004776469817939786,-0.14750791508999725,0.8719731108561667,0.40577940117255973,-0.2772433923279024,0.8459211800026422,1.6703602962318314,1.251366451972833,-0.7970487546071361,-0.0027235015621950185,-7.786577587296376e-17,1.711889020190003e-16,-1.3364417136265175e-17,-9.928552877568355e-17,-3.549581549747913e-16,-3.5388426386606315e-16,-3.779050315722839e-16,-6.789056592744819e-16,1.231521345727907e-16,4.824608724139128e-16,2.322664597910173e-17,7.869916581185491e-17,-2.431154302035364e-17,-1.3209990814240043e-16,-1.1932782502183974e-16,1.8489135378289827e-16,-4.566632895459183e-16,2.1688626818630713e-16,-7.261200791944763e-17,2.485542644616171e-17,1.2261672302802916e-16,2.9268039374412307e-16,-1.9036947366898148e-17,1.2817216022036543e-16,2.8098943495689374e-16,1.0797052968202757e-16,-2.3234128792934765e-17,5.784753168399341e-17,2.077567928514014e-16,-1.746112199449121e-17,-7.553699923724017e-17,-3.871357963581514e-16,2.5976188104296573e-16,1.6409013938400213e-16,2.2647930399793096e-16,3.978275070433367e-17,-7.149682727014904e-19,1.2336310269798797e-16,-4.047781956157625e-17,-3.754700284255561e-17,4.158375491774814e-17,4.985064444491596e-17,-2.1615053541052972e-16,-1.1150682416561276e-16,-7.99934964325359e-17,-5.767267705116499e-17,-3.2361033034504597e-16,-8.84830959423574e-17,-2.230205096707228e-16,-4.048561618747312e-16,-9.013973425194344e-17,-2.4624495284687804e-16,-2.0617251158828766e-16,-6.641369219142236e-18,8.942856919835526e-17,7.085419126361958e-17,6.671076836367018e-17,-1.1932535829728203e-16,2.8079812369427495e-16,-2.339620271476337e-16,5.3742928733948864e-17,-2.2360618147807684e-16,-6.439699630510426e-18,-1.0616384175770471e-16,7.063312426343493e-17,6.934063874965978e-17,-1.9623429376902454e-18,6.9068785751109e-17,-9.610964727477597e-17,-3.6141655803664316e-17,3.4079080522481205e-17,-1.7458198064532057e-16,3.32498240477374e-17,-4.327659393374753e-17,1.5962417533255548e-17,5.919195185395468e-17,9.572473239915387e-17,-2.768024418422405e-19,-8.822625458866562e-17,-1.370158175301344e-16,-3.494499068676153e-17,9.501606177680089e-17,-2.0714322312359268e-16,1.4327736486943192e-16,-9.062902141287893e-17,-1.5490642443552677e-16,-2.0354760253426887e-16,5.25078915356679e-17,1.9665068024302477e-17,-5.573645891045466e-17,8.336866148565894e-17,2.5069698153813777e-16,-2.2294663750250808e-17,3.133982548125495e-16,-1.2398873938359039e-17,-1.2769273041400358e-16,-9.183514601804537e-18,-4.357320428767189e-17,6.113331400405102e-17,1.0484098181198632e-16,1.6063383146973517e-16,-9.843831172705043e-17,1.996982335430739e-17,3.3826230872683823e-16,2.7604983757195664e-16,6.104361531812745e-17,-1.5728892834119126e-16,8.380582627148919e-17,-9.300688431674488e-17
P(C1=CC=CC=C1)(C2=CC=CC=C2)C3=CC=CC=C3||[Cs+].[F-]||C1COCC1,P(C1=CC=CC=C1)(C2=CC=CC=C2)C3=CC=CC=C3.[Cs+].[F-].C1COCC1>>,C_5878e0b30d55,P(C1=CC=CC=C1)(C2=CC=CC=C2)C3=CC=CC=C3||[Cs+].[F-]||C1COCC1,P(C1=CC=CC=C1)(C2=CC=CC=C2)C3=CC=CC=C3,[Cs+].[F-],C1COCC1,-0.9376336432096942,1.2345744235185017,2.262829076518126,0.23684906840748127,-0.8959579632296619,0.27863967790261523,-0.14789304776185405,0.2194992933003441,-0.7800009929116307,0.14740606941524648,-0.14750791508999658,-1.1263128578207318,0.4057794011725676,-0.2772433923279029,0.8459211800026432,0.9338159119711458,1.251366451972832,1.2462422126349622,-0.002723501562194972,-1.1488211401721436e-17,-6.663160395265207e-16,-3.927223433764849e-16,-1.9821286077743657e-16,-5.567874740858132e-17,-4.468161897098074e-16,-5.169759536708141e-16,-3.4988838948516413e-16,-1.0596780550014571e-16,5.363623942500069e-17,-1.269922800331985e-16,1.0196778790302354e-18,-1.2649372485766975e-16,-5.832284162130418e-18,3.9698145867307647e-16,3.979109078795421e-17,-2.78396707089084e-16,-1.6350243937115297e-16,-1.5191154913919974e-16,8.202777661148234e-17,5.444804460624678e-16,2.1070238710911816e-16,1.4683622800139055e-16,1.9920788684712648e-16,5.258633851594172e-17,1.1353215868477168e-16,-2.0250144961659121e-16,-3.00695203365622e-16,2.6934201159931455e-16,9.049521286902524e-17,-2.1517567805825697e-17,-2.224458634208341e-16,8.1184694221783e-17,2.1335445124092436e-17,1.4912300812091885e-16,-1.1809704871588083e-16,-1.1916546784273928e-16,-2.6259994959746344e-16,1.2024215723851592e-16,-1.1093862559797918e-16,1.7660652630470524e-16,2.8135457003810014e-17,1.5235256138990316e-17,-1.1629906990331682e-16,-3.3119184322934414e-16,4.541145580655479e-18,-8.294332677941294e-17,-6.793256921254563e-17,-5.033825571494191e-17,-2.1725222639347322e-17,2.8207896905265386e-16,8.790948411764302e-17,-1.3076572123939232e-16,-9.066955150996186e-17,3.552424179224495e-17,-1.4523338416247172e-17,6.806311735774123e-17,1.2748788679289677e-16,4.785638593242451e-17,-1.3985051775823409e-16,9.18150797551022e-18,3.038580818223026e-17,1.4419292263769784e-17,9.405883349972308e-18,-9.632683462084068e-17,-8.433651070074226e-17,7.524307465421732e-17,-2.1953495606740037e-17,-9.203452593401146e-17,-1.0019792208147474e-16,-1.127634048669092e-16,-5.04200399012235e-17,-9.05730973668289e-17,1.858162003113332e-16,-2.2952331202668082e-17,-5.588886424318843e-17,-2.9679524006115603e-16,1.4322755506005853e-16,1.5255840878619696e-16,6.425674215214264e-18,6.104465308026766e-17,2.3935759327241833e-16,-7.126403324923548e-17,1.7712247710548993e-16,7.568505061883109e-17,-1.2150798690018038e-16,-9.987025044061525e-18,-6.08234452153823e-17,-1.3302612595991365e-16,-6.323995514920406e-17,-2.0286924953037934e-16,3.193870516296443e-17,1.6444341530333735e-16,-1.8823323701559305e-16,7.140938216540236e-18,2.9684205329956866e-17,3.966464611584731e-16,2.1728766513067545e-16,3.0011590111124975e-16,2.9268180796374537e-16,-1.8026369473030583e-16,-1.2553860420931007e-16,1.0114251745415172e-16,1.4283726721381272e-17,-1.8804185483025398e-16,-3.216373565071205e-16,-2.0326531914620592e-17,-2.317723839486021e-16,-1.6757277828588041e-16
CC(C)(C)P(C(C)(C)C)C1=CC=C(N(C)C)C=C1||[Cs+].[F-]||C1COCC1,CC(C)(C)P(C(C)(C)C)C1=CC=C(N(C)C)C=C1.[Cs+].[F-].C1COCC1>>,C_19e23c9d2c2b,CC(C)(C)P(C(C)(C)C)C1=CC=C(N(C)C)C=C1||[Cs+].[F-]||C1COCC1,CC(C)(C)P(C(C)(C)C)C1=CC=C(N(C)C)C=C1,[Cs+].[F-],C1COCC1,-1.5782981121882067,-0.6507387560859164,2.262829076518127,-1.3390820507081531,-0.8959579632296628,-3.0233120881828093,-0.14789304776185241,-0.2690314540585111,0.35103460862731456,-0.39593751299980834,-0.14750791508999642,-0.815742301275255,0.4057794011725666,-0.2772433923279025,0.8459211800026415,-0.5617383596306839,1.2513664519728318,0.02050318097610363,-0.0027235015621948733,6.551888041007753e-16,-3.144875041012132e-16,-1.5201597687853746e-16,-2.7306347532820204e-16,2.986823695431065e-17,-2.0349470911350993e-16,1.2884866811438684e-16,-1.3132189993163165e-16,-6.455526754555702e-17,5.468016383105278e-16,9.426050359116353e-17,-4.383655930862356e-17,-2.271223509033188e-16,-5.434965704098562e-16,-2.173186196433328e-16,5.993345422015269e-16,1.70050387724304e-16,4.3170484625994967e-16,4.4229737263429555e-17,4.251714697608693e-16,-2.9574516671342497e-16,-2.836467025728028e-16,-2.9806573091788375e-16,1.1649396255056026e-16,1.0916602952121383e-16,-2.164946481931059e-16,9.015797005781595e-17,-1.4840770114151203e-16,-2.1195033751137726e-16,6.648689983077086e-17,-8.638775195385844e-17,-1.0208118012095211e-16,-2.0043203169197156e-16,-1.540861873229234e-16,-4.04534370807746e-17,-1.0245483226252196e-16,-1.062916736629113e-16,6.662854836803754e-18,-1.0852445778451512e-16,6.909583197601794e-17,-8.668044089579635e-18,-2.999746998950041e-16,-4.183109482187886e-17,2.6138421334438288e-18,1.1720809197033198e-16,2.2584781459121557e-18,-2.0273321529370024e-16,-2.651582905156604e-17,-3.87090420242852e-17,2.0270314058610205e-16,2.223509191410843e-16,-8.143738243004592e-17,1.0161467764924957e-16,-1.8159087161085722e-16,1.2208405210534853e-17,2.179032837602285e-16,-6.51523880569364e-17,-1.132999009353491e-16,8.67989126745813e-18,1.1990794949323867e-16,-1.1635185097924568e-16,-2.0904213352297325e-17,6.569654000367892e-17,2.0131393247407627e-16,-1.4811239156730282e-16,1.851080374172339e-16,1.7237793749287523e-17,-1.4940052736297835e-17,1.2820903241897794e-16,-3.6156436583660145e-17,-1.829086566944605e-17,-2.1123226550950595e-16,-1.1477515006597986e-16,1.6382167766243047e-17,1.4026787145594838e-16,-7.660867149707108e-17,1.5910408087011463e-16,1.0856291351802142e-16,-2.2132443337331076e-16,4.200980499418001e-17,1.5868211091151977e-17,6.851005019337437e-17,-1.547197268860403e-16,9.223208835558214e-17,2.5429339227524142e-17,2.5869071788741172e-17,-8.183530095649862e-17,-2.3786086007087864e-16,1.3300165310810678e-16,-6.1773594917743745e-18,2.7333851246306745e-16,-2.336398834645822e-16,-8.296733280809765e-17,-2.307986777496327e-16,-3.0740136179029796e-16,6.337104592417522e-17,8.21179655985176e-18,2.3773155019757025e-16,2.331510722579053e-16,3.725344326736076e-17,-4.063481030137513e-17,-3.281886373826217e-16,-2.4930776228577344e-16,-3.9973804568621267e-16,2.929495914020517e-16,-4.062608290441593e-16,-3.536297895949453e-16,4.4408668346183176e-16,-1.3545986986680573e-16
P(C1CCCCC1)(C2CCCCC2)C3CCCCC3||[Cs+].[F-]||C1COCC1,P(C1CCCCC1)(C2CCCCC2)C3CCCCC3.[Cs+].[F-].C1COCC1>>,C_03f637f894b8,P(C1CCCCC1)(C2CCCCC2)C3CCCCC3||[Cs+].[F-]||C1COCC1,P(C1CCCCC1)(C2CCCCC2)C3CCCCC3,[Cs+].[F-],C1COCC1,0.8097398838794678,-1.6108233270164563,2.262829076518128,-0.032317947085246046,-0.8959579632296624,0.5630227060514406,-0.14789304776185289,2.2053092310680893,-1.3646949579166305,-0.5762782864827908,-0.14750791508999703,-0.011638395004672787,0.40577940117256356,-0.27724339232790135,0.8459211800026415,-0.8033477138467463,1.2513664519728314,-0.02961397032975042,-0.002723501562194525,1.316212995323296e-16,-4.106011521484954e-17,3.8420226766474975e-16,6.813546695977367e-18,-3.96733948736455e-16,2.622255199640896e-16,3.72113147484341e-16,-3.1645151445053064e-16,-4.733731092835698e-16,3.340204063202936e-16,-2.3219730657225494e-18,-8.776372524681211e-17,-1.944797290419858e-17,4.649677778279474e-16,3.8475237037753227e-16,-7.906682775645357e-17,4.515112887291053e-16,3.664077295806639e-16,3.0798292102012085e-16,1.767642204830809e-16,1.9417585167111324e-16,7.036489256527064e-17,2.4860380547674374e-16,-4.1115870574051714e-16,-1.7915679875088574e-16,-4.844944464001287e-17,-3.185057040891926e-16,-4.304635779131165e-16,-1.6725379567870722e-16,1.3086953172543696e-16,-9.638234984806976e-17,2.4292353516764732e-17,-9.140880498455315e-17,2.7926168282391863e-16,5.871222588090101e-17,1.1786774605735143e-16,9.416660190860706e-17,-2.365561126147287e-17,2.576518381700691e-16,-1.7945469681219748e-16,-1.3605212331732343e-16,-1.1997080448408098e-16,3.8295628174277287e-17,-2.479886926509758e-16,1.4062349161955902e-16,2.8209370832653625e-16,4.0798708741203134e-16,1.9375774314490395e-16,-1.1032370372496049e-16,-2.5225603157518e-16,-4.4875578605419486e-17,-1.3406255929451246e-16,-8.863996165033364e-17,-1.160272363477195e-17,1.6784628003633632e-16,1.1125783093607571e-17,-3.418773751402556e-17,1.0026322549300492e-17,-1.6453451924202256e-16,6.8875341510599e-17,9.406131758114932e-17,-3.0132171660176276e-17,-1.934321462380219e-16,-2.238087807596144e-17,-2.266261398705686e-17,5.543820281227012e-17,-3.138365076980751e-17,-1.9558176499701566e-16,-5.03472212611884e-17,-1.569243707812371e-16,-6.443700899147465e-17,-3.47086931654696e-16,1.0606695236943303e-17,1.273113564349151e-16,1.5634711377604828e-16,4.5776567472870935e-17,-4.359256456370879e-17,-6.747308768060077e-17,-3.4408404894186717e-18,-1.623412451248913e-16,2.0969596989592706e-17,-2.843222390044811e-16,-9.373096750215743e-17,-1.5704105383960771e-16,-1.410680785336293e-16,1.5973038412520713e-16,1.8182685785514482e-16,3.5708544908279013e-16,-2.296255043527947e-16,1.4765192739960672e-16,-9.35706810095962e-17,-1.8204477471699506e-16,-1.0089620031147213e-16,1.0985009150164262e-17,2.1167040041880788e-16,3.441743597770284e-16,-1.4609068828722237e-16,9.385801739004421e-17,-4.884904553945331e-16,3.7360509627450157e-17,1.2910794352251496e-16,3.685912184295696e-17,-1.7367487201968316e-16,-3.0572847763723554e-16,2.8033850574000947e-16,-6.413773038328064e-17,-8.855214083768331e-17,1.3040147232100378e-16,-9.88904596392148e-17
CC1=CC=CC=C1P(C2=CC=CC=C2C)C3=CC=CC=C3C||[Cs+].[F-]||C1COCC1,CC1=CC=CC=C1P(C2=CC=CC=C2C)C3=CC=CC=C3C.[Cs+].[F-].C1COCC1>>,C_5e9f6f511d53,CC1=CC=CC=C1P(C2=CC=CC=C2C)C3=CC=CC=C3C||[Cs+].[F-]||C1COCC1,CC1=CC=CC=C1P(C2=CC=CC=C2C)C3=CC=CC=C3C,[Cs+].[F-],C1COCC1,-0.2636547557625331,0.9915488887997188,2.2628290765181274,0.322486221069508,-0.895957963229659,-0.24540933155649505,-0.1478930477618529,-0.5084585430537787,-1.036004040322467,2.508680959507179,-0.1475079150899976,0.45264748397795834,0.405779401172561,-0.2772433923279023,0.8459211800026424,-0.5902568205259899,1.2513664519728322,-0.24296470019918928,-0.0027235015621949374,-1.1808391518743103e-15,-6.651246408493748e-16,1.7802435623502625e-16,-5.709414029200981e-16,-1.4538882716326804e-16,-1.4933063200440473e-16,4.451418154230223e-17,-2.3271265031674605e-16,2.213941421296762e-17,3.729308135601647e-16,-2.515990706674776e-16,-3.7746323985559924e-16,-1.5956492456985017e-16,3.184790545380073e-16,1.4109890099622334e-16,-4.235249916928986e-16,-4.833044698119851e-16,-2.1758699246554998e-16,-4.251514556900918e-16,-7.283128608010737e-17,4.34334871497434e-16,1.7046681107799764e-17,4.950604424224765e-16,1.8150932633846448e-16,-2.2614444831440146e-16,-1.6567274227364168e-16,2.832880506021398e-16,3.859146033756363e-17,4.5929470906922726e-17,5.455327156309295e-17,1.7448585001296193e-16,-7.521396423331647e-17,8.901812028787665e-17,-2.307761295781459e-17,3.724272112551654e-17,6.995034173171205e-17,5.031475952183145e-18,1.9912473037204998e-16,-5.760923996933841e-17,-1.400107318972407e-16,8.984765370180109e-17,5.1658257848504774e-17,-2.242475506938538e-16,-1.5892200245005508e-16,-2.020853602002132e-16,1.5835287859706598e-16,-1.2555252100764929e-16,3.7062532659408715e-17,-5.240100883874305e-18,2.2213001276009303e-16,1.4133169953361368e-16,1.4453706695302164e-16,1.39279737092391e-16,7.321277306288411e-17,-2.780322511241875e-17,2.0110304881164442e-16,-1.068559898392168e-16,1.1714627073337869e-16,2.2807606210987177e-16,1.444180968602603e-16,-5.240672208719978e-17,-8.425351455354388e-17,3.61500439436445e-17,2.518353850078332e-16,1.517124988802379e-16,-3.233157556155081e-17,4.6151679276293164e-17,-3.8577473204293144e-17,2.0864910223555288e-16,1.9919403920461204e-16,-1.670707712173851e-16,2.691954756850029e-16,-2.007522689873544e-16,-1.1755786252128408e-16,3.1432901931887146e-16,-1.4607869142389274e-16,-2.5822012380626216e-17,-3.543800435429842e-17,3.024829855406495e-16,1.6278056606460566e-16,1.4556380150945527e-16,4.0325764026784e-17,2.8012214939658897e-16,1.123717174680965e-16,8.033606913256467e-17,-2.0618365865715224e-17,-5.487816591439768e-17,1.3826766399540763e-16,-2.860266631893764e-16,8.280965185467947e-17,-2.1571349980482673e-16,-4.760696202729734e-17,-2.7296995039078304e-16,2.6229537088681918e-16,-2.821891000144833e-16,-2.751402945849406e-16,-3.284539611552975e-16,2.8257310642816133e-16,-2.7511795347451537e-16,2.3379360323488644e-16,1.0282347968600923e-16,1.7050978433143984e-16,-2.2995916244896523e-16,1.3737307652320388e-17,9.009056792006879e-17,2.0906900692009298e-16,-2.404997543838815e-17,9.067909286353137e-17,1.035190141679871e-16
CCCCP(C12C[C@@H]3C[C@@H](C[C@H](C2)C3)C1)C45C[C@H]6C[C@@H](C5)C[C@@H](C4)C6||[Cs+].[F-]||C1COCC1,CCCCP(C12C[C@@H]3C[C@@H](C[C@H](C2)C3)C1)C45C[C@H]6C[C@@H](C5)C[C@@H](C4)C6.[Cs+].[F-].C1COCC1>>,C_834d1657b240,CCCCP(C12C[C@@H]3C[C@@H](C[C@H](C2)C3)C1)C45C[C@H]6C[C@@H](C5)C[C@@H](C4)C6||[Cs+].[F-]||C1COCC1,CCCCP(C12C[C@@H]3C[C@@H](C[C@H](C2)C3)C1)C45C[C@H]6C[C@@H](C5)C[C@@H](C4)C6,[Cs+].[F-],C1COCC1,-0.8853811771272792,-3.192233563805736,2.2628290765181287,2.712839121919754,-0.8959579632296621,0.4911992976161395,-0.14789304776185278,-0.9806476207765283,0.5753078969520411,0.06697642453299606,-0.1475079150899968,-0.35554907531949254,0.4057794011725641,-0.2772433923279023,0.8459211800026418,-0.006961552994127457,1.251366451972832,0.03706496796135647,-0.0027235015621951187,7.549075683756578e-16,-6.331810461169675e-16,-2.8429250313893653e-16,-1.073581605144458e-15,-5.192290258048146e-16,-1.111115031670521e-16,-4.295014813648902e-16,-2.2562493911949172e-18,-3.5254729631497534e-16,2.6495686607964435e-16,1.2470092139129065e-16,-4.3189292296600155e-16,-1.6717983444534082e-16,7.210582948700073e-17,-3.424899864586621e-17,-6.00902474272437e-16,-2.211504684607396e-16,-4.460621368874796e-16,2.6221399676809636e-18,-2.7352440012399735e-16,2.678782411933708e-16,-6.527321324387347e-17,2.32956235613353e-16,-8.100839273684923e-17,5.567038106075532e-17,7.042409844396008e-17,-2.1062035724349522e-17,1.888764091948887e-16,-1.9540762522067061e-16,7.28505983729239e-17,-7.752316553131369e-17,-6.80489377900146e-20,1.3521376940520666e-16,-5.14827455117849e-18,-1.3949971431639757e-16,2.6561950581517975e-17,-1.4375561018073838e-16,5.3729986224534106e-17,1.1301641175798135e-16,1.4935158975871697e-16,1.344136825278231e-16,-1.5404246901893226e-16,-1.5744975605401397e-17,1.764968300083602e-16,1.3594035217746077e-16,-7.67092095117861e-18,6.294441575908662e-17,-6.756948945191982e-17,1.6213691797260833e-17,3.5831754366667656e-17,1.6209670028780413e-16,4.551017195791119e-17,-2.821959228635479e-17,3.5878731283999727e-16,-1.3567152882552607e-18,-1.723504991980492e-17,-8.950705706333222e-17,-1.851433946690256e-17,-1.4080071306959858e-16,-2.7196002397795097e-17,-5.802950460328684e-17,-9.538685942472211e-17,-9.598064849981331e-17,3.656796010743463e-17,-6.14952783582527e-17,1.014449497320343e-16,8.418039167370753e-17,7.875534284161138e-17,-3.668347045469949e-17,1.1773467713719112e-16,1.8054495917900772e-16,7.290418017537381e-17,1.7412409548595674e-16,-1.4989374374041223e-17,2.44523529984637e-17,1.3057441817750844e-16,-1.3600944378809423e-16,6.29511518925267e-17,1.0750471220479781e-16,-6.0811233691616904e-18,-1.4585041228738864e-16,6.629187110653868e-17,9.27918632117348e-17,1.3094558937306825e-16,1.3250683143958742e-16,-2.775939234234443e-17,2.315761873249824e-16,-5.10549798745814e-17,-1.7805532347278854e-16,6.637852844156283e-17,-1.9211790463886028e-17,-2.7242090312356564e-16,1.3526152842626544e-16,-6.624579005346628e-18,1.666790553574191e-16,3.5812366570422064e-17,2.2399586946907136e-16,-2.1685427550304702e-16,1.4314193908617314e-16,1.2577614549281768e-16,7.750016227103981e-17,8.248042964340235e-18,-1.9833712897422457e-17,-3.615193858333341e-16,4.315919344668813e-16,1.9810543841505731e-16,1.6975577060234692e-16,-1.890187822007402e-16,-1.5835830997304813e-16
COC1=CC=CC(OC)=C1C2=C(P(C3CCCCC3)C4CCCCC4)C=CC=C2||[Cs+].[F-]||C1COCC1,COC1=CC=CC(OC)=C1C2=C(P(C3CCCCC3)C4CCCCC4)C=CC=C2.[Cs+].[F-].C1COCC1>>,C_5b803d5f0124,COC1=CC=CC(OC)=C1C2=C(P(C3CCCCC3)C4CCCCC4)C=CC=C2||[Cs+].[F-]||C1COCC1,COC1=CC=CC(OC)=C1C2=C(P(C3CCCCC3)C4CCCCC4)C=CC=C2,[Cs+].[F-],C1COCC1,3.697093256973161,0.21873148620968103,2.262829076518127,-0.16998697856093795,-0.8959579632296618,-0.13753115125335022,-0.14789304776185158,1.0255047079947905,1.9551116939983528,0.8801350735997566,-0.14750791508999642,-0.39711254278881325,0.40577940117256456,-0.27724339232790257,0.8459211800026427,0.2550985408775024,1.251366451972832,0.02604236923424178,-0.002723501562194778,-3.2784804114001834e-16,-4.1682823043997853e-16,6.567885974535327e-16,-1.6539398772218155e-16,2.220906186890321e-16,2.0220398658478683e-16,7.226941758262191e-16,-9.573425901221922e-16,-1.8352888472635648e-16,4.822475384360451e-16,-7.969565657801607e-17,-1.0686255297454395e-16,-1.7809551718122182e-16,-3.122589437300773e-16,-1.202456881403087e-16,-8.924292529591694e-16,1.6911171131555191e-16,-2.673825201049282e-16,-8.057478322418737e-16,9.510400002407985e-17,3.332133856843677e-16,4.791632300979056e-16,2.810146228998662e-16,6.266015783759204e-17,1.19455172720894e-16,3.678213781511257e-16,8.99249592283633e-17,-2.943056973767793e-16,-2.1627032979280078e-16,1.5334592867588512e-16,3.286658084189779e-17,7.706952820099591e-17,-3.154622947744016e-17,4.145840821253601e-17,-1.5363096804436865e-16,1.6619956451094928e-16,2.4096375467357228e-17,-1.7013948843930983e-16,3.014366194924038e-17,-7.407955871431201e-17,9.177129357462168e-17,-2.2875303149765977e-17,-8.32378344626454e-17,1.353357036886313e-16,-4.507543100461291e-17,-3.034329002311869e-17,6.525585308540833e-17,7.077487460219272e-17,7.006242746365215e-17,2.017928355286095e-16,-1.6029265127112954e-16,2.1476075233852753e-17,3.628747241552712e-17,-5.440757828568703e-17,6.177778890505443e-18,-1.133944715099843e-16,-1.8777579413217871e-16,-2.1210598614459403e-16,-2.1918829971333446e-19,-1.3788006756311587e-16,3.0684991232323694e-16,5.511554470088123e-17,5.773111725920214e-17,-3.170439959838401e-16,8.238549242814047e-17,-7.448144919167952e-19,7.903026601884789e-17,-8.700546216665829e-17,-7.248792097548448e-17,1.5526030449704238e-17,-8.866126242935153e-17,-1.4730996986828989e-16,2.840135064773225e-17,9.771252180224466e-17,-1.0629196235605283e-17,3.929180615536119e-17,3.4717757192926806e-16,1.1192834036256058e-16,1.163228457476129e-16,-1.4219801262755433e-17,-1.0627542222413767e-16,1.2810830497544514e-16,-8.253372331963331e-17,-9.456363411784211e-17,5.574629360814573e-17,-6.394865995129418e-17,1.258539053046386e-16,1.550192423625397e-17,2.8844780641387174e-16,6.045108888015906e-18,4.441569419324774e-18,3.5639107168735944e-17,3.1070279174626977e-16,-1.1309968019399286e-16,1.0017228301464214e-16,1.7844473204781086e-16,-2.800850292114482e-17,1.2840303982830849e-16,-7.66626627565739e-17,1.4679180404595198e-16,-4.967067691173236e-16,2.3397032381817013e-16,-2.1941768066525015e-16,2.031341399784858e-16,3.739816114026421e-17,1.8735592600900062e-16,2.009207665041032e-16,-1.7229556682563155e-16,2.7776197916045734e-16
CC(C)(P(C(C)(C)C)[c-]1cccc1)C.CC(C)(P(C(C)(C)C)[c-]2cccc2)C.[Fe+2]||[Cs+].[F-]||C1COCC1,CC(C)(P(C(C)(C)C)[c-]1cccc1)C.CC(C)(P(C(C)(C)C)[c-]2cccc2)C.[Fe+2].[Cs+].[F-].C1COCC1>>,C_78ec5ee2f2cc,CC(C)(P(C(C)(C)C)[c-]1cccc1)C.CC(C)(P(C(C)(C)C)[c-]2cccc2)C.[Fe+2]||[Cs+].[F-]||C1COCC1,CC(C)(P(C(C)(C)C)[c-]1cccc1)C.CC(C)(P(C(C)(C)C)[c-]2cccc2)C.[Fe+2],[Cs+].[F-],C1COCC1,-1.5678166466947503,-0.54455445394079,2.262829076518128,-1.8306686961430005,-0.8959579632296594,1.1506141613685534,-0.14789304776185,-0.34174488041853557,0.9228435721645201,-0.12806008460238122,-0.14750791508999783,1.719354778686816,0.40577940117255606,-0.277243392327901,0.845921180002641,-0.37552400425580573,1.2513664519728316,0.6986574594526093,-0.002723501562194919,-6.136137725666456e-16,-7.823140940921943e-16,-9.96244611216951e-17,2.052910700709354e-16,7.48054793318381e-17,3.517703594571571e-16,8.009450699236164e-17,-4.232989626620542e-17,3.6029320174156726e-17,-2.972294800882169e-17,-2.2579553317189074e-16,2.46575402397993e-16,3.612585965418281e-17,-1.3699703914044463e-16,5.489284500102227e-17,2.0277494480086955e-16,5.090021211027976e-17,-1.1786886562282246e-16,-7.466996128000914e-17,-4.051978025117619e-16,7.522652588358798e-17,-1.9498276999160527e-16,6.264654780687149e-17,-2.2693932321119806e-16,9.641410252585843e-17,2.796661204992563e-16,-1.2033439569409995e-16,1.0519292825432713e-16,1.126892216567438e-16,-2.158031984937215e-17,1.3384832523051038e-16,3.7498109634718716e-17,1.157722525112884e-16,1.418935519911068e-16,-8.455831980194242e-17,-1.8383992002470683e-18,7.471204233790548e-17,-1.6461248031966042e-16,1.6574310222995444e-16,1.5409596824945108e-16,-2.7595468305243064e-16,1.1355471417225168e-16,-2.0630073591910488e-16,-1.743061264692713e-16,3.701186070964339e-17,5.970221559887387e-17,2.232145385841986e-16,4.731915787371964e-17,-2.356415918326464e-16,2.6446539342016737e-16,-2.33537414013578e-16,-4.383706130206465e-17,-5.782276306864639e-17,1.038273197954188e-16,1.9327106617141914e-18,2.0426734807846496e-17,1.4680919431152067e-16,-1.0659171747876866e-16,7.436513821192747e-17,8.662821031128548e-17,-2.236985191664991e-16,-2.387642821427143e-16,-1.2657986821447335e-16,4.789890848154104e-18,2.0924729144046646e-17,-1.7149217470243174e-16,-1.1604924798916705e-16,1.061648060964454e-16,2.0950172672032835e-16,-5.848500228455282e-17,-1.4192022177392127e-17,-4.549282676687688e-17,1.377721945411717e-16,1.309799476859844e-18,1.359887748264918e-16,-1.4725093487587108e-17,-1.1198915074661252e-16,-3.3330701898178934e-17,8.988274215846125e-17,-1.1673076611162342e-17,-2.055490846569544e-16,-2.660292759506539e-16,2.2094958982044902e-17,2.5121900758017416e-17,-1.598961706990665e-16,-1.0878970898722537e-16,4.6155198433345467e-17,-1.2366874942492153e-16,1.5332664001325225e-16,-2.28509026695034e-16,6.22914988542187e-17,1.0744723950995212e-16,-1.618363662760541e-16,1.5759086949960265e-16,-4.191363326014129e-16,-4.166165953731788e-17,4.320991299360509e-18,-2.6280789590589193e-16,-4.9498404903923115e-17,-2.8209566028639648e-16,-1.2630125410051792e-16,1.1700044439513308e-16,-4.745009043007792e-16,3.812547969081298e-17,-2.0004689029753467e-17,-3.461937674933039e-16,-1.2663792727563809e-17,-1.392685068244451e-17,2.5417790276597807e-16
CC(C1=C(C2=CC=CC=C2P(C3CCCCC3)C4CCCCC4)C(C(C)C)=CC(C(C)C)=C1)C||[Cs+].[F-]||C1COCC1,CC(C1=C(C2=CC=CC=C2P(C3CCCCC3)C4CCCCC4)C(C(C)C)=CC(C(C)C)=C1)C.[Cs+].[F-].C1COCC1>>,C_7e899cbf4ec0,CC(C1=C(C2=CC=CC=C2P(C3CCCCC3)C4CCCCC4)C(C(C)C)=CC(C(C)C)=C1)C||[Cs+].[F-]||C1COCC1,CC(C1=C(C2=CC=CC=C2P(C3CCCCC3)C4CCCCC4)C(C(C)C)=CC(C(C)C)=C1)C,[Cs+].[F-],C1COCC1,4.095214292254156,0.06059900161019038,2.262829076518127,-0.5208425618983309,-0.8959579632296607,-0.11150016598743183,-0.14789304776185283,-1.7351649042204014,-1.0409822672107307,-1.0072610296413136,-0.14750791508999767,0.31273311559456884,0.4057794011725624,-0.27724339232790196,0.8459211800026413,0.0880020500073478,1.2513664519728327,-0.0017897580635635154,-0.002723501562195109,-1.4074768841457497e-15,-4.87971999392717e-16,3.2871399290928825e-16,-7.528494087275747e-17,-4.1329325093461564e-16,2.7508801470030525e-16,3.2536814117299223e-16,-2.6817990418275955e-16,-1.097204587250863e-16,4.783391582855909e-16,9.748658738130311e-17,2.6233423287327093e-16,-1.2812082025563582e-16,1.372167749716724e-16,-3.529668112763468e-16,3.5479858462966375e-16,-3.308946843357566e-17,-4.156139106938216e-16,-2.9281353444760274e-16,-2.5911105961314926e-16,-2.5714339353268973e-16,3.438782503002202e-16,1.0686689032793497e-16,1.8854497904849256e-16,4.839104541005992e-16,-2.0666306699486525e-16,2.9502251268315273e-17,2.6808391665669013e-16,-8.419619089111481e-17,4.574342894278613e-17,-1.259086725059121e-16,2.4677828402080994e-16,-1.2286938644227886e-16,-6.46468222453223e-17,2.915253747121314e-17,-1.9526894290195745e-16,-5.18889933271518e-18,8.18695815465499e-17,-8.104811893128646e-17,-2.1382830245638452e-16,9.999720693530431e-17,8.979061937326426e-17,-2.664974727079813e-16,-3.6796258234645747e-17,2.977881139995454e-16,-1.2671891704704333e-16,1.0126326341765064e-16,-6.465268153336471e-17,-8.880550037171452e-17,8.795249248436243e-17,-1.5555824984761414e-16,-2.172749049070563e-16,2.0549372717374348e-16,-6.17314665926446e-17,-1.6325578524506643e-16,-2.064368892694015e-16,6.780556477812737e-17,-9.459816674181985e-17,-7.244108451153981e-17,-1.8262303457039282e-17,2.2410384280712453e-17,-6.197015012324593e-17,1.4689937795648996e-16,-1.645003155280624e-16,-1.5827698825310848e-16,2.5820746168605127e-16,-7.964655252086073e-17,-6.675128242228217e-17,-1.936588896334311e-16,2.3566480386395894e-16,-4.2927909973390054e-17,-4.224749067617376e-17,1.0688665797179313e-17,-3.0161681914520185e-16,9.50891033531586e-17,-1.6348807070368167e-16,-6.797000804512501e-17,4.741438710082976e-16,1.5315516737930287e-16,5.719718167033074e-19,-1.029711852657329e-17,1.4690180422437263e-16,-1.6493149805667013e-16,-2.012089267452374e-16,4.3782536538666964e-17,1.8594560300059003e-16,-2.7272050599015915e-17,6.359683309069952e-17,-5.805846570070392e-17,-1.4504895848525308e-16,1.2371624245416218e-16,-1.954125434756259e-16,-1.979115452731949e-16,1.999576071425472e-17,8.130599516251183e-17,2.2967119755728755e-16,3.486606856991995e-17,-9.598419948650733e-17,4.49810349741995e-17,-3.109897518385262e-17,6.020080805439153e-17,4.320000225528382e-16,-5.988797719021874e-18,-8.976540770133594e-17,-5.794654733631496e-17,-2.2481981979032275e-17,-6.206232917102251e-17,-2.3754272317545713e-16,-1.66411567409022e-16
[c-]1(P(C2=CC=CC=C2)C3=CC=CC=C3)cccc1.[c-]4(P(C5=CC=CC=C5)C6=CC=CC=C6)cccc4.[Fe+2]||[Cs+].[F-]||C1COCC1,[c-]1(P(C2=CC=CC=C2)C3=CC=CC=C3)cccc1.[c-]4(P(C5=CC=CC=C5)C6=CC=CC=C6)cccc4.[Fe+2].[Cs+].[F-].C1COCC1>>,C_b3c8d920f6bd,[c-]1(P(C2=CC=CC=C2)C3=CC=CC=C3)cccc1.[c-]4(P(C5=CC=CC=C5)C6=CC=CC=C6)cccc4.[Fe+2]||[Cs+].[F-]||C1COCC1,[c-]1(P(C2=CC=CC=C2)C3=CC=CC=C3)cccc1.[c-]4(P(C5=CC=CC=C5)C6=CC=CC=C6)cccc4.[Fe+2],[Cs+].[F-],C1COCC1,-1.3841208155545002,1.1338119037417698,2.2628290765181256,-1.1785704697655917,-0.8959579632296608,2.026491491577695,-0.14789304776185416,-0.4876063293133138,0.32524259872946876,-0.3701586543025706,-0.14750791508999633,-1.4860818817801975,0.4057794011725688,-0.27724339232790285,0.8459211800026426,-0.2675297355448336,1.2513664519728322,-0.7958149782613755,-0.0027235015621948733,5.0071876868670526e-17,-5.052036372296627e-16,7.55852626765632e-17,-2.14689069281048e-17,-7.388236153143003e-16,8.338608915545248e-18,-6.30417948944942e-17,8.599418887164006e-17,-2.816171194388967e-16,4.174401619012478e-16,-8.928013557391277e-17,-1.7252476007929003e-16,4.120879724861176e-17,-1.964501602429073e-16,4.083738360996112e-17,-3.0622682888704513e-16,5.2866314362923126e-17,1.0529422157889954e-16,2.5253878001997645e-16,-2.232369033518801e-16,4.3326354094470996e-16,-1.2279068897264706e-16,6.05629354994106e-18,-7.03093860298301e-17,-1.8267637806416367e-16,-8.961245257960983e-17,4.190994329837253e-16,-3.304814430949323e-17,-1.3552378132687895e-16,5.044731034051138e-17,-6.72047900470855e-17,1.3716525849407906e-16,-2.9177967963327556e-16,-8.72859328486635e-17,1.2774651814476717e-16,5.0035191506054135e-17,1.1069402001272739e-16,-6.523094212212248e-17,-1.5791949878169034e-17,3.0757301375839317e-16,-1.7303928239935422e-16,1.1475563064107337e-16,1.081740134478278e-16,1.1843589358164787e-16,2.07453199286699e-16,-7.183000040751587e-17,1.7095211243353316e-16,-1.3106051265912188e-16,-6.024470356256154e-17,-1.955630823093618e-16,-8.576300930973404e-17,5.914180670174408e-17,5.672878787157667e-16,1.685301175575784e-16,1.3736853450048471e-16,-1.7225976342364233e-16,-4.847887494852217e-18,1.0112126085110379e-16,2.1806677988442542e-17,-1.988959936825623e-17,3.5157016576833845e-17,5.2308975872902435e-17,1.2507357151705363e-16,-2.128630783428883e-17,-6.626600157562278e-17,-2.6225981965624978e-17,9.468840765500883e-17,1.275870314101698e-16,-7.201029411514804e-17,3.644083339210964e-17,6.02692283043705e-17,1.4497548628757008e-16,-3.5051874125712356e-19,1.5428381219356936e-17,-5.4355417310990846e-17,7.833280101521003e-17,6.055926459696395e-17,1.0772768308545301e-16,5.429202192970164e-19,8.635030672220572e-17,2.2751277365423373e-16,-1.3520121615440612e-16,1.7589403268775634e-16,-1.19341280447462e-16,-1.0910184089535219e-16,-7.738406561176876e-17,7.064041448604722e-17,2.6255887520935113e-17,-1.7641292259901534e-16,1.2415273244344695e-17,5.9714582825022034e-18,2.8366034436749773e-16,-2.7850450177305497e-17,-1.5223453633729748e-16,-1.144706021624275e-16,8.680494556826205e-17,1.0709025381601094e-16,1.4109175672498227e-16,3.910637121540949e-16,-1.2754454253119658e-16,1.1404390919897729e-16,1.0672900508749683e-17,2.9652891850896405e-16,1.3347796400951635e-16,-1.5750545592916568e-16,4.428730998229956e-16,-7.723211372786514e-18,-2.514916029765283e-16,7.154214818825005e-17
CC1(C)C2=C(OC3=C1C=CC=C3P(C4=CC=CC=C4)C5=CC=CC=C5)C(P(C6=CC=CC=C6)C7=CC=CC=C7)=CC=C2||[Cs+].[F-]||C1COCC1,CC1(C)C2=C(OC3=C1C=CC=C3P(C4=CC=CC=C4)C5=CC=CC=C5)C(P(C6=CC=CC=C6)C7=CC=CC=C7)=CC=C2.[Cs+].[F-].C1COCC1>>,C_ca3ec2083939,CC1(C)C2=C(OC3=C1C=CC=C3P(C4=CC=CC=C4)C5=CC=CC=C5)C(P(C6=CC=CC=C6)C7=CC=CC=C7)=CC=C2||[Cs+].[F-]||C1COCC1,CC1(C)C2=C(OC3=C1C=CC=C3P(C4=CC=CC=C4)C5=CC=CC=C5)C(P(C6=CC=CC=C6)C7=CC=CC=C7)=CC=C2,[Cs+].[F-],C1COCC1,-0.7608527313618177,3.057345820275927,2.262829076518128,2.340206537654113,-0.8959579632296626,-0.5112817700760026,-0.14789304776185122,0.3559284257571043,0.45010996213631055,-1.1207264892083721,-0.14750791508999717,0.8357285648736793,0.4057794011725598,-0.2772433923279012,0.8459211800026408,-0.3419186122896463,1.2513664519728322,-0.16127802879825032,-0.002723501562195054,-8.719451086222106e-17,-2.7878968667796473e-16,-1.5002101610746658e-16,-6.328374334980187e-16,-4.017813870021351e-16,-8.840843738695963e-16,6.0308724911419344e-18,-1.450838459433023e-17,8.583842852934322e-17,6.816921942521022e-17,-1.5448599161297638e-16,-3.0506990271493177e-16,-1.9086851587303828e-16,4.130757642247359e-17,3.7451986746032404e-16,-3.1967249263306744e-16,-1.2409809044128357e-16,-3.7835736872274814e-16,-5.385420966117196e-16,8.151898485862956e-17,3.2721430224031346e-16,2.9499750603860784e-17,5.082341845110666e-16,1.8608924464739685e-16,-1.704220638868225e-16,-1.4113862696229622e-17,-1.7667070143542572e-16,-6.364149398398385e-17,3.2314589179948435e-17,1.329082339746801e-16,3.236731573758504e-17,-8.815443834541941e-17,-2.1595141848433118e-16,-5.605656418988207e-17,1.5519674459312434e-17,-1.197159824558703e-17,2.7027621911190164e-18,-5.001951894323796e-17,-1.5784743506550226e-16,-2.0081786795724526e-17,2.4732937188895567e-16,-8.084166801532264e-17,-1.4522953226132412e-16,1.9717954383838917e-16,1.0147146547294574e-16,1.714913357166571e-16,8.031706152342862e-18,-3.0824494062057806e-17,1.6396297345560055e-16,1.0890535370215328e-16,6.050259570533498e-17,7.596331034017624e-17,-1.4839039460269537e-16,2.9345001846498274e-16,-2.391596459161094e-16,1.2622889947654137e-16,7.757137685246189e-18,-8.699693637700369e-17,-8.278912598014002e-17,5.653007319387762e-18,2.989660250975002e-17,-1.1884402907505718e-16,-7.743860312986776e-17,4.109711223891442e-17,-3.5719414928555677e-17,9.50447237305427e-17,-1.6457480837384287e-16,-4.753892890558654e-17,-1.964097670107399e-16,-2.3436826051468127e-16,1.3375515642673766e-17,-3.994755140452603e-17,3.2469569594781016e-17,-5.894439519805863e-17,-9.48861161399401e-17,-5.313440337871097e-18,5.947895877245319e-17,-6.184182274548786e-17,7.157082393272449e-17,8.651951599442557e-17,-1.7626612156520677e-16,2.4037909267156555e-16,-6.887899676342838e-17,1.1616506019070707e-16,1.5006460745086077e-16,1.631526792805717e-17,-1.0495985781833797e-16,-1.383414336849432e-16,-2.8787979856682684e-16,-1.0131376639426958e-16,-1.1272671911930292e-16,4.0231556483830107e-16,4.333332018644245e-17,-4.710708379455015e-18,-1.8574825264843326e-16,9.836091080940703e-17,-9.277280632257915e-17,-5.4151321176334935e-17,-1.5302225532788755e-16,1.6652379582851615e-16,-2.1280297814858932e-16,-1.586939756257476e-16,2.998129507055315e-16,-5.028316852229624e-16,-4.272930039338702e-16,-3.668049744591734e-16,2.1161598448591878e-16,-2.0795234662283968e-16,1.1329279340069903e-16
CC(P(C(C)(C)C)C(C)(C)C)(C)C||O=P([O-])([O-])[O-].[K+].[K+].[K+]||C1COCC1,CC(P(C(C)(C)C)C(C)(C)C)(C)C.O=P([O-])([O-])[O-].[K+].[K+].[K+].C1COCC1>>,C_9c63eb20e2e0,CC(P(C(C)(C)C)C(C)(C)C)(C)C||O=P([O-])([O-])[O-].[K+].[K+].[K+]||C1COCC1,CC(P(C(C)(C)C)C(C)(C)C)(C)C,O=P([O-])([O-])[O-].[K+].[K+].[K+],C1COCC1,-1.224289551208006,-0.6982614233068839,2.262829076518126,-0.5409122448896102,-0.8959579632296634,-0.4809328274603501,1.0869897727564668,0.5164120737207382,-0.3579680742465483,-0.00477646981793895,0.1110692096607459,0.8719731108561679,1.2937238034703147,-0.2772433923279047,-1.424433680341984,1.6703602962318336,0.04922158782919384,-0.7970487546071373,0.13902826137229896,2.2331082677718147e-16,2.588376755857644e-16,-4.613902122129857e-16,-5.317541167527311e-16,-1.5516975749914146e-16,-8.630079901465163e-17,-2.874186881686911e-16,1.7417941704973467e-16,-2.9791911445534503e-17,-1.3833974693533185e-16,3.1453509875629794e-16,-4.010467706583654e-16,2.1053760110731185e-16,8.942859735095216e-17,2.065566188911681e-16,-3.62035212166615e-16,-3.4316471566294646e-16,-2.982776933474798e-16,-2.4656589298836074e-16,-2.368468878123667e-16,1.6427590462448673e-16,1.7663617226334998e-16,-1.8272270851304787e-16,-3.009191970334564e-16,1.2184116635966753e-17,1.7383518652111356e-17,-1.9423499973387492e-17,-1.560329755236208e-17,-8.578374343803282e-17,1.618674996532494e-16,3.600328804181272e-16,1.9649137360486824e-16,-4.3238616779736304e-17,1.5950454373536052e-16,-1.3706052840741825e-16,-4.235844814981244e-17,1.7451270315393146e-16,1.0685410253686676e-16,7.684720527558274e-17,-1.2365737508746976e-16,-2.3657040569835025e-16,-3.8436346646288416e-19,3.0916279978005884e-16,-9.439726618317081e-17,-7.923466216062337e-17,2.6056586427351094e-16,-2.3631231683650365e-16,1.3220803184624187e-16,4.8416431947990755e-17,2.6972680198273252e-18,-6.060846304355273e-17,1.8429693479533074e-16,-1.9290565738691909e-16,-5.264792841596121e-17,4.041464151565664e-17,-2.670790727412303e-17,7.344272078264995e-18,-2.108749984541531e-17,1.1576951353160228e-16,-1.1910333117260236e-16,-1.3374525206154243e-16,1.0383591364263934e-16,1.9309854955326066e-16,-5.3631905609857326e-17,-1.6423598430854987e-16,-7.954537503341959e-17,1.6885902461885976e-16,-1.0547755852911095e-16,-7.889752088273481e-17,4.736041144549837e-17,2.2804405997671096e-16,9.84572020784462e-17,-2.5593717550117267e-17,1.1651050247413631e-17,3.151106095624641e-17,-7.942059341110793e-17,1.9941149113556626e-16,-1.4099737763713502e-16,-1.3924160187832675e-16,1.9951818126683192e-16,-2.8135783377634345e-17,1.4498611382359522e-16,1.288945489229541e-16,1.559317504416855e-16,1.627809563320019e-16,-8.728743299801733e-17,8.913361070518848e-17,2.2406458207462065e-17,9.826389313297193e-18,-5.984293985425684e-17,2.7569432499959877e-17,1.1480746793849501e-16,-1.0838074979532276e-16,-2.9809967907415075e-16,-3.545211100821841e-17,6.487980290787262e-17,1.051953830998348e-16,2.831182351807661e-18,7.509538273847609e-17,1.599604094567734e-16,3.100671549606315e-16,2.611100606287148e-16,2.443334625418446e-17,4.3264779122986035e-17,2.0878603795235095e-16,1.364718271718358e-16,2.7047259909676404e-16,-2.343158729122142e-16,-3.0962802694115295e-17
P(C1=CC=CC=C1)(C2=CC=CC=C2)C3=CC=CC=C3||O=P([O-])([O-])[O-].[K+].[K+].[K+]||C1COCC1,P(C1=CC=CC=C1)(C2=CC=CC=C2)C3=CC=CC=C3.O=P([O-])([O-])[O-].[K+].[K+].[K+].C1COCC1>>,C_e6680ab689cc,P(C1=CC=CC=C1)(C2=CC=CC=C2)C3=CC=CC=C3||O=P([O-])([O-])[O-].[K+].[K+].[K+]||C1COCC1,P(C1=CC=CC=C1)(C2=CC=CC=C2)C3=CC=CC=C3,O=P([O-])([O-])[O-].[K+].[K+].[K+],C1COCC1,-0.9376336432096944,1.2345744235185019,2.262829076518126,0.23684906840748135,-0.8959579632296639,0.2786396779026154,1.086989772756465,0.21949929330034396,-0.7800009929116315,0.1474060694152473,0.11106920966074679,-1.12631285782073,1.2937238034703227,-0.27724339232790485,-1.4244336803419828,0.9338159119711474,0.049221587829192455,1.2462422126349617,0.13902826137229904,-1.952231619670412e-17,-2.2172720532612308e-16,3.3457181001987174e-17,4.903063573318241e-16,-3.153517298158481e-16,-7.493837494959741e-17,-3.8420044527361215e-16,-4.3011390318204405e-16,1.0865146030173717e-16,2.0374074048757303e-16,2.040290511775437e-16,-1.9539004131919617e-16,2.0564929189526466e-16,1.2238213587172556e-16,-1.0891087200346787e-16,-2.1748944555688325e-16,1.3220510958762456e-16,1.5447998039350857e-16,2.448285334486444e-16,-4.662776681292165e-17,4.517066974148041e-16,6.362148156118884e-17,2.161618477951821e-16,7.715896650174913e-17,-2.7330188912762084e-16,-1.1964633072782984e-17,-1.5223891864845327e-16,-7.013664040800538e-19,-8.33597848473447e-17,1.3031798699221387e-16,1.7970114168178858e-17,1.4781508621103074e-16,3.258420157627151e-17,5.610649276518254e-17,1.0306261232030183e-16,-2.1994829033956228e-16,-1.4560176886542931e-18,1.5618131600667228e-17,-5.3211612070399144e-17,1.5205030876468775e-16,1.4838450245301222e-16,1.837763493025478e-16,1.6684699436329494e-16,5.77224708634036e-17,3.868313010399787e-17,7.43522467594219e-17,-5.971336321786218e-17,-1.7099009904310995e-16,-1.967794112597613e-16,1.404909634825587e-16,-1.192180365038098e-16,2.423744402742925e-16,-1.8628057725822304e-17,-1.7841704294376114e-16,-1.3912280196318057e-16,4.4636374512283265e-17,-7.704765757926508e-17,-3.1655952563498484e-17,4.125878549879547e-17,-9.077094890203956e-17,4.627246842581321e-17,1.9676606788597227e-16,-1.2983968960441657e-16,-1.8648037801283967e-17,-1.1969575184116204e-16,1.5860759371887786e-17,1.3964665111382646e-16,9.294536832692226e-17,3.1228453049416444e-17,1.180766958754573e-16,-2.630721123103009e-16,9.286475017839112e-17,5.935406144981436e-17,-8.405237726440029e-17,1.5840613302636838e-17,1.9391145879177449e-16,-8.984041932091145e-17,-4.6117791238906614e-17,2.859224871232688e-16,1.0645901867515145e-16,-5.250791166181677e-17,1.6442054557021434e-16,8.997912729363277e-17,-5.709383899220921e-17,8.091142626951909e-17,-1.7051678744527176e-16,-1.586455538994162e-16,-1.2392188232933449e-16,-5.819856018735448e-17,2.0379323551020404e-16,2.0708383813962539e-16,-3.824256406084456e-17,9.880750032355229e-17,2.8186259312126674e-18,5.748708510995581e-17,-9.71301099114829e-18,-5.059344469813841e-18,-1.5370307697908223e-16,-1.508221113096308e-17,-2.0814987134128507e-16,-5.287791556529295e-17,-3.368961084172758e-17,-2.2007608675205865e-16,2.053853856249348e-16,4.531233884105786e-16,2.828548146836476e-16,-7.744305096599388e-17,9.916189820234195e-17,-1.3867635942342448e-16
CC(C)(C)P(C(C)(C)C)C1=CC=C(N(C)C)C=C1||O=P([O-])([O-])[O-].[K+].[K+].[K+]||C1COCC1,CC(C)(C)P(C(C)(C)C)C1=CC=C(N(C)C)C=C1.O=P([O-])([O-])[O-].[K+].[K+].[K+].C1COCC1>>,C_96df48e4e6cb,CC(C)(C)P(C(C)(C)C)C1=CC=C(N(C)C)C=C1||O=P([O-])([O-])[O-].[K+].[K+].[K+]||C1COCC1,CC(C)(C)P(C(C)(C)C)C1=CC=C(N(C)C)C=C1,O=P([O-])([O-])[O-].[K+].[K+].[K+],C1COCC1,-1.5782981121882065,-0.6507387560859164,2.2628290765181265,-1.3390820507081531,-0.8959579632296646,-3.023312088182808,1.086989772756466,-0.26903145405851137,0.3510346086273141,-0.39593751299980706,0.11106920966074661,-0.8157423012752533,1.2937238034703213,-0.2772433923279048,-1.4244336803419841,-0.5617383596306826,0.04922158782919281,0.02050318097610306,0.13902826137229915,-9.879910171272827e-16,-3.3744581370370767e-16,-2.318426008098744e-16,-3.808803063299196e-16,-6.138377444418035e-16,3.8094373868199156e-16,4.362315729982948e-17,3.314405991801334e-16,5.1760875861911765e-17,6.144881141887689e-16,-1.2058348982995612e-16,1.5765752417767185e-16,-1.7749370911294112e-16,-6.044290384099529e-17,-7.06013857134041e-17,1.1836173339700723e-16,2.61569150478244e-16,-1.483027887032731e-16,6.27740076826831e-17,-2.995528692620234e-16,1.4706937338483388e-16,4.683759355936047e-17,2.929974846666255e-16,-5.788415639464344e-16,-9.946505185305999e-18,-3.6258485571122074e-17,1.9606976753259057e-16,4.2500148045713524e-17,2.4525215358635328e-17,1.0957373753561169e-16,-2.4344068925438947e-16,5.304515411864647e-17,5.026086895280234e-17,2.433295264503552e-16,8.994641485251315e-18,-6.014414819260462e-17,4.754617147787454e-18,1.4616928187981641e-16,3.4915715346246585e-17,2.5208437109128976e-17,-1.5168976755950291e-16,8.74110853098957e-17,1.8279581955800668e-16,-4.1677991606649486e-17,2.6136735154734004e-18,1.6676323902108888e-16,-1.8916702153618078e-16,-1.0406469884847606e-16,-2.091206374199366e-16,-2.9364784631075224e-16,-2.4656641631722348e-17,2.0782435876373932e-16,-1.3425008520756175e-16,1.6695860734262192e-17,1.4712015236842708e-18,-1.509265118683343e-16,1.692192718657733e-16,1.1973586980877398e-16,-1.505219850451882e-16,-6.032211526537118e-17,-1.227108014598036e-16,5.60558349900627e-17,4.848362104469926e-17,-1.851126730984336e-16,5.376770607148481e-17,-2.3914822907856626e-16,-4.137106797725978e-17,3.9882991357793046e-17,4.5999325377269856e-17,-7.643932658130711e-17,-1.5348508414296515e-16,1.2455180893045441e-16,-1.0258712856383995e-16,-1.7680118529698347e-16,-1.9305783073899387e-16,1.4655979223105158e-16,-2.993698422912492e-16,-2.223765326775194e-16,-2.946993475762745e-17,-7.40072686188398e-17,-5.8056131891017356e-18,2.0880329069353117e-16,5.491821063716256e-17,-1.5203438199839905e-16,1.607474403259016e-16,4.7400978412916684e-18,-3.3722692466851554e-16,1.1909303565484618e-16,7.769442172170275e-17,2.9535885853644445e-16,-6.686047648486512e-17,2.214797347413318e-18,1.0759781836415608e-16,-4.329979188586633e-17,1.715939340928879e-17,-5.180588267420606e-17,1.4411300807360952e-16,2.424011115824076e-17,9.414587861433054e-17,3.867186770663222e-16,-1.642056696807609e-16,-2.2829962419132725e-16,-1.1437937356419036e-16,2.520305881821956e-16,1.942580143304951e-16,-1.165763740534845e-16,-5.580780461769171e-16,-1.3845252525065742e-16,4.003656095738212e-16
P(C1CCCCC1)(C2CCCCC2)C3CCCCC3||O=P([O-])([O-])[O-].[K+].[K+].[K+]||C1COCC1,P(C1CCCCC1)(C2CCCCC2)C3CCCCC3.O=P([O-])([O-])[O-].[K+].[K+].[K+].C1COCC1>>,C_74691cc4d0ba,P(C1CCCCC1)(C2CCCCC2)C3CCCCC3||O=P([O-])([O-])[O-].[K+].[K+].[K+]||C1COCC1,P(C1CCCCC1)(C2CCCCC2)C3CCCCC3,O=P([O-])([O-])[O-].[K+].[K+].[K+],C1COCC1,0.8097398838794679,-1.610823327016456,2.262829076518126,-0.032317947085245935,-0.8959579632296644,0.5630227060514407,1.086989772756466,2.205309231068088,-1.3646949579166308,-0.5762782864827897,0.11106920966074611,-0.011638395004671053,1.2937238034703185,-0.27724339232790346,-1.4244336803419844,-0.8033477138467446,0.04922158782919245,-0.02961397032975094,0.13902826137229918,-1.548008884250701e-15,-6.442530410982233e-16,2.3776638546052154e-16,-7.406277319337344e-16,-1.0710012497901061e-16,-5.424829305449204e-16,-1.0284750676982708e-16,-2.6030621957623242e-17,-3.7711327437668306e-16,1.5424513451749562e-16,4.2790509122363205e-17,-1.4621574542601882e-16,-4.991562823896321e-16,3.0066780738024255e-16,-2.646700009942383e-16,-7.15539763667883e-16,-4.697268041906582e-16,1.4690093521112897e-16,-1.3189160833103256e-16,-2.881461336126454e-17,-5.533803142152378e-17,4.2075508278788787e-19,3.9252296986549884e-16,1.140023804081582e-16,-2.5063896657267177e-16,3.826567830251421e-17,6.447722926559387e-17,6.659093652416067e-17,1.4250021765907652e-16,-7.622464348635028e-17,-6.647872243365251e-17,9.405048514737785e-18,1.0936148723549761e-16,-1.9402605411255694e-16,-1.5876118624847281e-16,-9.403917742411383e-17,1.5925741806682747e-16,5.403364215176959e-17,-2.774117023404222e-17,1.630632804830249e-16,2.1229687848246624e-16,8.496959622132146e-17,-1.6599755854810393e-16,1.7778686040867967e-16,-1.2459779166769097e-16,6.822735925466788e-17,-5.3187959446204094e-17,6.232258435657126e-17,6.654566059894121e-17,1.2229039094682775e-16,6.652890012974596e-17,8.562572596194546e-17,-1.4465684972446086e-16,1.82796576793033e-16,-1.4491316634207083e-16,1.0539700657978049e-17,-8.350883030541199e-17,3.331012692042398e-17,-3.17964409296462e-17,1.7142953165959622e-16,-1.3770235365118126e-16,-1.824360765669291e-16,-2.5874286004204044e-16,3.1477174807898915e-17,7.185851965177824e-17,4.099517838379986e-17,2.1554512760600053e-17,-5.140955598385602e-17,3.5057417281426907e-17,-3.3606528448358327e-17,2.891200216381463e-17,8.249956244338332e-17,3.633073804745619e-17,-2.3697150977314387e-16,-2.700218064681251e-16,1.5401780935022307e-16,2.2475768407427296e-16,6.246607238749287e-17,-5.5244536914250546e-17,5.868582994677147e-17,1.0617808658285363e-16,-1.3013032847530702e-16,1.912691937835858e-16,4.614765182934884e-17,3.5047985405153165e-17,6.001991282184372e-17,3.986256169586642e-17,1.792071112977698e-18,2.3615382140522407e-16,-2.528827439545917e-16,1.0599105533495658e-16,-1.188112052581721e-16,-2.781945487901168e-16,1.6924915242850196e-16,3.19753616885348e-17,4.1819287021105157e-16,9.921814440578285e-17,4.9426042808147886e-17,1.168952689555694e-16,-3.308533297555902e-17,-7.382511637756253e-17,-1.1080884649533928e-16,-1.7681247907930105e-17,-6.612422628689213e-18,1.0219819761497526e-16,1.4606949933570402e-16,-2.6132138668220672e-17,5.810107924154428e-17,-2.414822254364358e-16
CC1=CC=CC=C1P(C2=CC=CC=C2C)C3=CC=CC=C3C||O=P([O-])([O-])[O-].[K+].[K+].[K+]||C1COCC1,CC1=CC=CC=C1P(C2=CC=CC=C2C)C3=CC=CC=C3C.O=P([O-])([O-])[O-].[K+].[K+].[K+].C1COCC1>>,C_b9a987446065,CC1=CC=CC=C1P(C2=CC=CC=C2C)C3=CC=CC=C3C||O=P([O-])([O-])[O-].[K+].[K+].[K+]||C1COCC1,CC1=CC=CC=C1P(C2=CC=CC=C2C)C3=CC=CC=C3C,O=P([O-])([O-])[O-].[K+].[K+].[K+],C1COCC1,-0.26365475576253306,0.991548888799719,2.262829076518128,0.32248622106950803,-0.8959579632296608,-0.24540933155649483,1.086989772756466,-0.5084585430537788,-1.0360040403224677,2.508680959507179,0.11106920966074584,0.45264748397796006,1.293723803470316,-0.2772433923279044,-1.4244336803419841,-0.590256820525989,0.0492215878291927,-0.2429647001991902,0.1390282613722992,-1.708640945477243e-17,-1.932339173458389e-16,-2.8032076892836766e-16,-2.6997070646785794e-16,-1.6121331791561456e-17,-6.180883440008554e-16,-1.3458538774907354e-16,-5.937458513342392e-16,-4.0996937628105296e-16,-6.560479906420621e-17,4.846657780538133e-16,1.5178690661044045e-16,1.8915386113825807e-17,-2.6164086860426004e-17,2.5134075341937088e-17,5.1201112409315165e-17,-1.277654099941436e-16,-2.045626430857204e-16,-3.8556580148672976e-17,-5.583177345729e-17,2.495300051351499e-16,7.809812388602848e-17,-2.3370422653969636e-16,-3.142839802652523e-16,-3.170970656470758e-16,-8.343933388117902e-17,-2.9143459544157963e-16,7.156965777728491e-17,1.6191267871450857e-16,8.535878755189092e-17,1.6760551424013365e-16,-5.4115586783330994e-18,4.4413860587480794e-17,-8.242259740494664e-17,1.8021358491249925e-16,3.006396657799895e-17,-1.1723398423047053e-16,-1.3706203579260105e-16,1.79085948444981e-16,-2.381285404945846e-17,6.816274665569044e-17,-1.4978092524295855e-16,-1.6867734073591917e-16,5.642914307449389e-17,1.058977943937846e-16,1.9741147280101161e-16,-3.499079966246394e-16,1.7320611540093091e-18,-7.343861310696869e-17,2.729239898427599e-17,-2.0536343093783048e-16,-8.942903532305543e-17,-7.48927249836598e-17,-1.579903198393546e-16,-9.42864286458443e-19,-1.527762959019076e-16,-1.47665838210557e-16,5.797681334477569e-17,-9.409967652960923e-17,-1.8044912822859806e-16,1.19448580907172e-16,1.6442494784375643e-16,8.907743860203969e-17,8.452026677535627e-17,2.5191254334326296e-17,-1.6733705876351897e-16,3.3877165060219084e-17,8.077613606594938e-17,2.2526038561508227e-17,6.072908181507273e-17,-5.749772275115627e-17,-1.0819596736538934e-16,1.8463344967166827e-17,1.8413755894744497e-16,-4.993576858563128e-17,-1.2090221696104747e-16,-8.830582374031427e-18,-1.7641562216964094e-17,1.4695035958339137e-16,-2.3831855524417134e-16,9.088715649779085e-17,-7.338403419022422e-17,-1.356966488243283e-16,-9.242671968567984e-17,-9.00594833269132e-17,2.650758488322328e-16,-1.3092915131973175e-16,5.643851445073083e-17,-3.24927987064533e-16,-6.454118168460196e-17,1.325874751556807e-16,-2.300723869966973e-16,-9.379322848153697e-17,1.3047928475630372e-16,-5.864745841486245e-18,-2.7667497687444613e-16,5.2738227457132805e-17,1.6926842327647564e-16,1.5259452511970082e-16,-3.1355741596202675e-16,9.454839639771393e-17,9.977499357189046e-17,-1.7279064913945617e-16,-4.1994465128807726e-17,-2.782099347601489e-16,1.506654991493162e-16,-5.834990498431933e-17,-2.7152818196117495e-17,-1.071438595912216e-16
CCCCP(C12C[C@@H]3C[C@@H](C[C@H](C2)C3)C1)C45C[C@H]6C[C@@H](C5)C[C@@H](C4)C6||O=P([O-])([O-])[O-].[K+].[K+].[K+]||C1COCC1,CCCCP(C12C[C@@H]3C[C@@H](C[C@H](C2)C3)C1)C45C[C@H]6C[C@@H](C5)C[C@@H](C4)C6.O=P([O-])([O-])[O-].[K+].[K+].[K+].C1COCC1>>,C_6f757e9c3bc1,CCCCP(C12C[C@@H]3C[C@@H](C[C@H](C2)C3)C1)C45C[C@H]6C[C@@H](C5)C[C@@H](C4)C6||O=P([O-])([O-])[O-].[K+].[K+].[K+]||C1COCC1,CCCCP(C12C[C@@H]3C[C@@H](C[C@H](C2)C3)C1)C45C[C@H]6C[C@@H](C5)C[C@@H](C4)C6,O=P([O-])([O-])[O-].[K+].[K+].[K+],C1COCC1,-0.8853811771272793,-3.1922335638057366,2.2628290765181296,2.712839121919754,-0.8959579632296636,0.4911992976161397,1.0869897727564668,-0.9806476207765286,0.5753078969520407,0.06697642453299715,0.11106920966074643,-0.3555490753194913,1.293723803470319,-0.27724339232790446,-1.424433680341984,-0.006961552994126686,0.049221587829193,0.03706496796135591,0.13902826137229904,-4.513160271878975e-16,-5.752359913784373e-16,9.717602458813251e-17,-2.0028111920057767e-16,2.8271189149832234e-16,-5.1901429917100836e-17,-2.3487594971916544e-16,-4.575032682624264e-17,4.2268075412783846e-17,-2.835899175647029e-16,1.9884217164996645e-16,3.7084318229607827e-16,9.197700341905541e-17,-1.274944663509503e-16,-4.2030635663754284e-16,3.4168476557196507e-16,6.644937739745627e-17,1.8463186353272918e-16,2.2304825754560347e-16,7.629029132505967e-17,-2.6469482058671494e-16,-7.325776601606748e-17,-1.2234525721469723e-16,-1.1843633945345431e-16,1.2510434752495165e-16,-1.6103187897765314e-16,9.485131146350937e-17,-1.6303553986789646e-16,2.0196993498742205e-16,5.923922595198349e-17,-1.2602235318656916e-16,1.5817970677712575e-16,1.8366586282871458e-16,5.637556566981959e-17,-1.2409501356848949e-16,-1.8416471344756023e-16,-5.617797658240387e-17,-1.8019046423157533e-18,-4.4937183733200386e-17,-2.632217965893635e-16,8.420169707501379e-17,9.98761919654444e-18,-5.860510123055143e-17,-8.465823950236166e-17,5.0862616924404373e-17,-6.365970452910957e-17,-5.299879685632169e-17,-3.5440726077559636e-17,1.5887776772188275e-16,-9.532887994233751e-17,7.088454960018213e-17,3.8148174935141554e-17,9.013187711089647e-17,-1.6090896355996804e-16,1.9888504602289665e-16,-1.7790395447911982e-17,-7.033007685949001e-17,9.52009961464066e-17,-1.524035369901913e-16,3.854654840621712e-17,-1.7647133887450048e-16,1.2609972875129133e-17,-4.0195933033760536e-17,1.449874045691971e-17,-1.5615831490027767e-16,-4.453975137463849e-17,3.502453829487194e-17,-1.8443692053032688e-17,-2.318567891127777e-16,-6.863763062054384e-17,-7.911142441512449e-17,-2.807080528918487e-16,-1.10835348776502e-16,-1.3788188130414205e-16,2.3101838154422806e-16,1.9008048392875842e-17,1.5667995832076771e-16,-3.389759648193285e-17,1.500117137411486e-16,-2.0905219734065206e-16,-3.232428359142053e-16,-1.8490780482347998e-19,-6.444343833373314e-17,5.449044468660076e-18,7.462004189027345e-18,2.1568169054643304e-17,8.776827387126863e-17,-3.364561124979589e-17,1.184538762190178e-16,-4.262942243727309e-17,-1.394248737949338e-16,1.2106440539163923e-16,-4.659405208790717e-20,-1.1521040989633313e-16,-1.9492289193696842e-16,-1.373530391239746e-16,2.0640099812509346e-16,-1.1711186755437162e-16,-1.0055766858348914e-16,-2.817931357889653e-16,-3.1845528935405235e-16,-1.2727205195619945e-16,1.2617797238486497e-16,-1.8587289338292867e-16,-1.507569669353533e-16,9.781489570164501e-17,-8.857012073027146e-17,-4.151285481411937e-16,3.507901042799464e-17
COC1=CC=CC(OC)=C1C2=C(P(C3CCCCC3)C4CCCCC4)C=CC=C2||O=P([O-])([O-])[O-].[K+].[K+].[K+]||C1COCC1,COC1=CC=CC(OC)=C1C2=C(P(C3CCCCC3)C4CCCCC4)C=CC=C2.O=P([O-])([O-])[O-].[K+].[K+].[K+].C1COCC1>>,C_8e45eb225580,COC1=CC=CC(OC)=C1C2=C(P(C3CCCCC3)C4CCCCC4)C=CC=C2||O=P([O-])([O-])[O-].[K+].[K+].[K+]||C1COCC1,COC1=CC=CC(OC)=C1C2=C(P(C3CCCCC3)C4CCCCC4)C=CC=C2,O=P([O-])([O-])[O-].[K+].[K+].[K+],C1COCC1,3.697093256973161,0.2187314862096814,2.262829076518128,-0.1699869785609381,-0.8959579632296635,-0.13753115125335,1.0869897727564677,1.0255047079947903,1.955111693998353,0.8801350735997573,0.11106920966074697,-0.397112542788812,1.2937238034703196,-0.2772433923279049,-1.4244336803419833,0.2550985408775037,0.049221587829192566,0.026042369234240734,0.13902826137229934,2.311229156569386e-15,-4.498877489754963e-16,-4.582977778929063e-17,-7.399451560564793e-17,-1.2020677744961883e-15,-2.1101346668050981e-16,-2.786269598311602e-18,2.8361521571404547e-16,1.9833914843494282e-16,-2.1985540297837783e-16,4.318778234270127e-16,5.168551453676946e-16,-2.925531005435066e-17,2.36036941786264e-16,2.642285804694955e-16,-2.1506747387656137e-16,4.667140637518435e-16,2.1463146432397873e-16,-3.067840039683068e-16,1.7021597321673638e-16,-2.52895999054527e-17,9.899549478841586e-18,1.4588707448322457e-16,6.009267389198397e-17,1.522065490690033e-16,1.858579868866427e-16,-7.325273354333735e-17,-2.9991992376864016e-16,1.2728415257040306e-16,2.4099444193863535e-17,-1.342765224851453e-16,3.039649537323939e-16,3.058259202295932e-16,1.3310132484522985e-16,-3.476593729925438e-17,-3.434045678251984e-17,1.2076955692614757e-16,-1.576510193691659e-16,3.250318584645836e-17,1.6982491044640287e-16,9.874612920360597e-17,-1.2565801372708422e-16,6.732292044158479e-17,-2.4133177060605734e-17,-1.5036961783746162e-16,2.017686711095937e-16,2.172206302532295e-16,1.7939481278053976e-16,-2.094956513097873e-17,1.4234440134720658e-16,9.762325330423566e-17,4.10761545728903e-17,2.338832216813735e-16,-1.9799953447857832e-17,7.697635114266107e-18,1.2804927826359262e-16,8.333673632308863e-17,8.577075868767361e-17,7.531252428446834e-17,-8.390839299030652e-17,-1.5782735257126387e-16,2.0510941458778106e-16,2.3826086045634774e-16,-1.942549621778275e-16,2.768002043833721e-16,-2.3311145746567616e-16,-2.84975552766849e-16,7.033323798128396e-17,-1.0046823888576067e-16,3.465454479429191e-16,2.338567436065339e-16,-9.803303179785182e-17,-2.712973424759413e-16,2.0743051515161284e-17,-3.789984820482719e-16,-6.086988414585091e-17,-3.564241132658503e-16,3.44301295413518e-17,-1.3139752914653208e-16,-5.1796112491365285e-17,1.5496633578816476e-16,-4.125796753302112e-18,-3.156831607807585e-16,-1.68335765088486e-16,-2.7744064760935975e-16,-5.2893801765376284e-17,6.320264119693364e-17,8.58444038673019e-17,-2.1900372978210622e-16,3.446735923159284e-17,6.472508360691083e-17,-5.678248902612968e-17,1.0959700181940132e-17,2.399297171184374e-16,-2.272211091495715e-17,1.8344631571024613e-17,-1.21677965229653e-16,7.976678735666763e-17,-4.175030419214448e-17,-8.678197971395426e-18,-2.0316457470230934e-17,5.341193474561332e-17,-1.6478483350253774e-16,1.8330202269262994e-16,-1.374730641861318e-16,-2.9830239783302384e-16,-4.498922339003408e-17,2.2496939350803215e-16,-9.447363696530863e-17
CC(C)(P(C(C)(C)C)[c-]1cccc1)C.CC(C)(P(C(C)(C)C)[c-]2cccc2)C.[Fe+2]||O=P([O-])([O-])[O-].[K+].[K+].[K+]||C1COCC1,CC(C)(P(C(C)(C)C)[c-]1cccc1)C.CC(C)(P(C(C)(C)C)[c-]2cccc2)C.[Fe+2].O=P([O-])([O-])[O-].[K+].[K+].[K+].C1COCC1>>,C_929a53b6e0d3,CC(C)(P(C(C)(C)C)[c-]1cccc1)C.CC(C)(P(C(C)(C)C)[c-]2cccc2)C.[Fe+2]||O=P([O-])([O-])[O-].[K+].[K+].[K+]||C1COCC1,CC(C)(P(C(C)(C)C)[c-]1cccc1)C.CC(C)(P(C(C)(C)C)[c-]2cccc2)C.[Fe+2],O=P([O-])([O-])[O-].[K+].[K+].[K+],C1COCC1,-1.56781664669475,-0.5445544539407897,2.262829076518128,-1.8306686961429999,-0.8959579632296608,1.1506141613685534,1.0869897727564688,-0.34174488041853596,0.9228435721645198,-0.12806008460238014,0.11106920966074536,1.719354778686818,1.293723803470311,-0.27724339232790307,-1.4244336803419846,-0.375524004255804,0.04922158782919269,0.698657459452609,0.13902826137229918,-9.484297916444274e-16,-7.914783969459214e-16,2.3317474979158096e-16,-3.8872792387475444e-16,4.029738082551409e-16,-1.1327578809498883e-16,-8.055423991979513e-17,-4.933615029112252e-16,2.6527069408702785e-16,2.7647790010585196e-16,1.7172412030527254e-16,2.1355838524384776e-16,-3.6911130612545006e-17,1.6548621956702935e-16,-1.432169879663161e-16,2.7877654222646223e-16,1.606521693794377e-16,-1.6015540623513396e-17,2.536504070535045e-16,7.616986340871269e-17,-1.3613854641905895e-16,-1.9813649563708953e-16,-3.663817591226803e-16,-3.8396420799792256e-16,3.773960333492084e-16,1.1036906873036417e-16,-2.3886277741674697e-16,-4.516269779944869e-17,1.200545623892825e-16,4.838723947457502e-17,-1.3739483300001536e-16,2.302509002107466e-16,-6.002800974233673e-17,-4.1577547528702624e-17,-2.224582390736815e-16,-2.472923409823631e-17,-1.2448426824869073e-17,2.4764549685103408e-17,-2.1551424574823565e-16,4.7693140678570835e-17,-1.359044282294421e-16,7.984331089663839e-17,2.270699980826926e-16,-2.0051177177609824e-16,-1.4588625976217446e-16,1.8422906194609349e-16,-2.472453398296562e-16,-6.33884484911836e-17,1.9831666133962273e-16,-1.3271817182346973e-16,7.254724912155792e-17,-1.5292845349420646e-16,-5.337981749978272e-17,5.944086346168517e-17,7.94005296343003e-18,3.987591372323552e-18,6.183315991773779e-17,-6.909771722207459e-17,1.5022607438452142e-16,-2.1853468825779114e-16,2.10709285758678e-16,-4.0475367370414906e-17,-1.586347847458818e-17,8.274553541005419e-17,-3.2817628171125626e-17,-4.3839137156074483e-17,6.141178315115833e-17,6.149528542002541e-17,6.709213174261733e-17,1.294973067436859e-16,-1.311934087790414e-16,-8.650715573895893e-17,-2.1288192825708824e-17,2.4494571859647637e-17,4.974650506887205e-17,6.184358682929006e-17,-5.984714149380286e-18,-1.588514060074366e-16,-4.9961200762010855e-17,1.58839918607228e-16,1.9261496357487091e-16,-5.985042518976183e-17,1.379435874511479e-16,2.807606628774169e-16,-1.4674787874035335e-16,1.0442288945821225e-16,6.879597399262614e-17,-1.0778204005081612e-16,3.5264915124799245e-17,8.06369987150444e-17,3.406745296678235e-17,1.4585713588381192e-16,1.1980320423821542e-16,7.383826654077588e-17,-1.3898903406272292e-16,1.4967904940587303e-16,8.661176028428785e-17,1.5652985211411794e-16,-1.6416949413762853e-16,-2.91142690079002e-17,-5.681194324431158e-17,-3.131784993995621e-18,-1.1298703486914617e-16,1.6511346613269215e-17,-1.4782005471154847e-16,-6.661924747545788e-18,1.5154744161510012e-16,1.3423959388418414e-16,1.360150432948846e-16
CC(C1=C(C2=CC=CC=C2P(C3CCCCC3)C4CCCCC4)C(C(C)C)=CC(C(C)C)=C1)C||O=P([O-])([O-])[O-].[K+].[K+].[K+]||C1COCC1,CC(C1=C(C2=CC=CC=C2P(C3CCCCC3)C4CCCCC4)C(C(C)C)=CC(C(C)C)=C1)C.O=P([O-])([O-])[O-].[K+].[K+].[K+].C1COCC1>>,C_249247c81607,CC(C1=C(C2=CC=CC=C2P(C3CCCCC3)C4CCCCC4)C(C(C)C)=CC(C(C)C)=C1)C||O=P([O-])([O-])[O-].[K+].[K+].[K+]||C1COCC1,CC(C1=C(C2=CC=CC=C2P(C3CCCCC3)C4CCCCC4)C(C(C)C)=CC(C(C)C)=C1)C,O=P([O-])([O-])[O-].[K+].[K+].[K+],C1COCC1,4.095214292254156,0.06059900161019051,2.262829076518126,-0.520842561898331,-0.8959579632296626,-0.11150016598743166,1.0869897727564666,-1.735164904220401,-1.040982267210731,-1.0072610296413127,0.11106920966074577,0.3127331155945708,1.2937238034703173,-0.2772433923279041,-1.4244336803419844,0.08800205000734901,0.049221587829193114,-0.0017897580635639128,0.13902826137229907,-8.250190491239767e-16,-6.096607043108212e-16,-8.780682670092931e-16,-1.5380533085785035e-16,1.7751025908722367e-16,3.642245138801057e-16,2.875434152501756e-16,1.7495413164162793e-16,-5.655726685888029e-17,-1.1446871555398903e-16,5.754953035303166e-16,-7.19768817048377e-17,-1.2332584083937353e-16,-1.1745347910281814e-16,6.306267123898035e-17,-4.852693083053109e-16,-7.104180341263662e-17,-2.221331539780767e-16,-1.9628922056495324e-16,-2.1801346666642403e-16,1.278407212603983e-16,-6.866612201872243e-17,3.255696528314787e-16,-2.4615181539673106e-17,-3.98151784091961e-17,-1.4351574350336546e-16,6.735912004306861e-17,7.784411597843625e-17,-8.2777956690074e-18,5.658764880024107e-17,1.3114945844961664e-17,-5.124903794142719e-18,-4.734494586206974e-17,2.1477887635460864e-18,3.546022935332965e-17,1.72577569151121e-16,3.307790658255945e-17,1.906207609208635e-16,4.1662382215286095e-17,-6.71402501981199e-17,2.5237588045458713e-16,-1.4135503189475685e-16,1.1760724677504226e-16,-1.254048703939666e-17,-3.339939443290402e-17,3.4481840068379507e-18,6.625134538367527e-17,1.6756223085729846e-16,-3.021415134679939e-18,-9.350516621977602e-17,6.63544214438023e-17,-8.615673833574383e-17,9.629448903365894e-17,1.6030448112940695e-16,5.4892853186044714e-17,5.04039244723642e-17,4.913753041740622e-18,-3.111810573737178e-17,-6.443363552639148e-17,-5.783628842064547e-17,-4.447052844043385e-17,2.30697780791741e-17,-4.4311920743167295e-17,-1.499130850470094e-16,-8.191444900752389e-18,3.832127877415402e-17,-6.884482832246024e-17,1.2191352668284285e-16,7.9693980618667e-17,4.177089543973515e-18,-1.7195390895978836e-16,1.2669948373954804e-17,-8.363040378767953e-17,1.7201019671954946e-16,-7.645532537620794e-17,1.397770210236071e-16,3.3945675042308177e-16,-1.2026972255753119e-16,-2.0983420264774604e-16,-1.114852316091312e-17,-1.8208016219662038e-16,-1.7336385653367137e-16,-2.959677084726486e-16,1.1462428575395856e-16,-1.3494198046561218e-16,1.2820067087353573e-16,1.3704517429845866e-16,-2.0026638679917194e-16,-5.655199928300748e-17,2.1253466602995346e-16,2.6848515036187676e-16,-6.551476104437799e-17,-3.2811874850218757e-17,-1.4230996707813545e-17,-6.354249258084015e-17,1.8935385818510125e-16,3.1376020369300894e-17,4.540602667536906e-17,1.815051813691106e-17,-1.2641916715701683e-16,-1.184142214689656e-16,2.0134956936248192e-16,-4.3406616405914856e-17,-1.1703696908956873e-16,2.6733850490236028e-17,7.709726468254871e-17,-1.0491058240923088e-17,-2.448476456816797e-16,2.857072227354335e-16
[c-]1(P(C2=CC=CC=C2)C3=CC=CC=C3)cccc1.[c-]4(P(C5=CC=CC=C5)C6=CC=CC=C6)cccc4.[Fe+2]||O=P([O-])([O-])[O-].[K+].[K+].[K+]||C1COCC1,[c-]1(P(C2=CC=CC=C2)C3=CC=CC=C3)cccc1.[c-]4(P(C5=CC=CC=C5)C6=CC=CC=C6)cccc4.[Fe+2].O=P([O-])([O-])[O-].[K+].[K+].[K+].C1COCC1>>,C_2d099095eec2,[c-]1(P(C2=CC=CC=C2)C3=CC=CC=C3)cccc1.[c-]4(P(C5=CC=CC=C5)C6=CC=CC=C6)cccc4.[Fe+2]||O=P([O-])([O-])[O-].[K+].[K+].[K+]||C1COCC1,[c-]1(P(C2=CC=CC=C2)C3=CC=CC=C3)cccc1.[c-]4(P(C5=CC=CC=C5)C6=CC=CC=C6)cccc4.[Fe+2],O=P([O-])([O-])[O-].[K+].[K+].[K+],C1COCC1,-1.3841208155545002,1.1338119037417698,2.2628290765181256,-1.1785704697655917,-0.895957963229663,2.026491491577695,1.086989772756466,-0.48760632931331405,0.3252425987294685,-0.3701586543025698,0.11106920966074743,-1.486081881780196,1.2937238034703245,-0.27724339232790474,-1.4244336803419841,-0.26752973554483245,0.04922158782919321,-0.7958149782613761,0.13902826137229915,2.312883157107106e-16,-3.284927549992857e-16,-6.5215946933801424e-18,-4.373045944209852e-16,8.991359732602681e-17,1.1169561871714093e-16,-1.5214474938665695e-16,-5.804236288266113e-16,-7.252396828731156e-17,-2.396529645354705e-16,3.968013052291902e-16,-1.4671705453413384e-16,-7.396963837585766e-19,-3.762341582109631e-16,-2.9182748217715295e-17,1.424439063040066e-16,-4.284758448277339e-16,-4.383717612134401e-16,-3.0257274647590225e-16,3.33619585350543e-16,-1.6217625609868993e-16,1.3743500958672598e-16,-2.1885955243829355e-16,4.562259561285927e-16,9.323038342838351e-17,-5.82999769984498e-17,5.871915637453343e-17,1.3751323581767762e-16,-2.0251785401510314e-16,1.0694931461418402e-16,2.762384924608187e-16,-6.109438884549149e-16,1.944924639238537e-16,-6.842737252285864e-17,8.693985489027127e-17,-8.149281933271965e-17,1.76181975377029e-16,7.948054148521261e-17,-4.849444854009202e-17,-1.4000279107377634e-16,1.4942908479389136e-16,-1.2506368555706405e-16,-8.254004477681939e-17,4.068566745075544e-17,4.08379605245746e-17,-1.9361236036965746e-16,1.7877344098412808e-16,-1.6600812533025827e-16,1.522564132542889e-16,2.2804411882986004e-16,5.489275878435268e-17,2.8512630222370424e-17,-1.218909766235269e-16,1.6639638999518123e-16,1.7786046564713905e-16,3.6405669987417113e-17,-7.902733010860605e-17,1.9606436045285426e-16,3.02211432970956e-17,1.3324185833344718e-16,-1.276434118098086e-16,-6.165649618760436e-17,-4.9625828435514373e-17,1.7075577613743136e-16,-2.6104616142348705e-16,1.017039950443389e-16,3.9260500055244476e-17,-1.69086136966381e-16,3.106560914259913e-16,-4.157946864560232e-16,-8.836154941732807e-17,1.39737453334435e-16,-2.578355175575167e-16,4.027784952721231e-18,1.2587546727732539e-16,6.223389454895622e-17,3.4834824910919156e-17,-1.5057058189628307e-16,1.1838886246787058e-16,1.6116833099423048e-16,-2.0906548595731042e-17,-2.5588517295113735e-17,3.311763573755495e-16,-3.3972149020167126e-16,9.11785679661088e-17,-5.257397547632867e-17,-1.428357238534884e-16,-4.427117345648715e-17,-4.498981278657855e-16,2.331152206535702e-16,3.2916849308099468e-18,-2.2323685871936535e-16,-5.5484395568041156e-17,-1.0818475370957217e-16,1.3360281786677837e-16,1.0537338289547427e-16,2.413638871044595e-17,8.208697124167244e-18,-3.9097188503558404e-18,1.6326427334100861e-16,-1.1954055409586428e-17,-4.204567520320924e-17,-1.7091126291534924e-16,1.5725149895676216e-16,1.6788245393534704e-16,7.672847622535398e-17,-4.070093524376447e-17,-7.597861287137919e-17,1.2015107132853835e-16
CC1(C)C2=C(OC3=C1C=CC=C3P(C4=CC=CC=C4)C5=CC=CC=C5)C(P(C6=CC=CC=C6)C7=CC=CC=C7)=CC=C2||O=P([O-])([O-])[O-].[K+].[K+].[K+]||C1COCC1,CC1(C)C2=C(OC3=C1C=CC=C3P(C4=CC=CC=C4)C5=CC=CC=C5)C(P(C6=CC=CC=C6)C7=CC=CC=C7)=CC=C2.O=P([O-])([O-])[O-].[K+].[K+].[K+].C1COCC1>>,C_59f4bd3dfb98,CC1(C)C2=C(OC3=C1C=CC=C3P(C4=CC=CC=C4)C5=CC=CC=C5)C(P(C6=CC=CC=C6)C7=CC=CC=C7)=CC=C2||O=P([O-])([O-])[O-].[K+].[K+].[K+]||C1COCC1,CC1(C)C2=C(OC3=C1C=CC=C3P(C4=CC=CC=C4)C5=CC=CC=C5)C(P(C6=CC=CC=C6)C7=CC=CC=C7)=CC=C2,O=P([O-])([O-])[O-].[K+].[K+].[K+],C1COCC1,-0.7608527313618177,3.0573458202759274,2.262829076518128,2.3402065376541126,-0.8959579632296644,-0.5112817700760022,1.0869897727564675,0.3559284257571043,0.4501099621363104,-1.1207264892083715,0.11106920966074613,0.835728564873681,1.293723803470315,-0.27724339232790335,-1.4244336803419844,-0.34191861228964515,0.049221587829192934,-0.16127802879825093,0.13902826137229898,4.661380971367485e-16,-7.70389129354154e-17,4.036240679950065e-18,-1.1580516650282236e-16,3.1646539462542644e-16,-1.0726941952581863e-16,3.497142044012336e-17,9.110043380800306e-17,1.041089911880633e-16,8.978458475409279e-17,5.4348828185265676e-17,-1.379930657211248e-16,1.136686441023527e-16,-1.2163408214848387e-16,3.0390752828751545e-16,6.051928680164618e-17,-1.4180436732879128e-16,1.3191866866586806e-16,6.237331041999202e-17,-2.3034238006851e-16,1.3482635502928952e-16,4.075422561124259e-16,3.8365307638958975e-16,8.736935212926863e-17,-8.253123455478488e-17,1.393688899847358e-16,-1.1144302334985254e-16,1.734463503616124e-16,-1.7724558024593593e-17,1.5761634639941383e-16,-1.0811400498408858e-16,1.0019117660201161e-16,-1.448560890266313e-16,2.283090813621466e-17,4.388500352307314e-17,-8.431297552651784e-17,1.5173965357288805e-16,2.0884710331595486e-16,8.814627446248045e-18,6.57369402658436e-17,-3.683804824295003e-17,-2.436481702106673e-17,1.4983662980714888e-16,2.0575495910542134e-16,-5.691265781576375e-17,-9.918628545483281e-17,-8.617586533841122e-17,1.4763002214192294e-16,1.5365875459821445e-16,-7.201241720414501e-17,-3.455638037253872e-16,8.133647136659436e-18,-1.0613292185185771e-16,-2.294888607801564e-16,-4.1078064213926833e-16,-1.7520606292622945e-17,-1.213759978337608e-16,-4.54487850364012e-17,5.860963060313664e-18,-4.420191037430473e-17,-4.991510433759013e-17,-9.406870480221383e-17,-1.2507256995757652e-16,1.126632301134311e-16,-2.166169935051101e-16,-4.3563688266974657e-17,-6.975420807219011e-17,-1.2284293559615094e-16,2.0929600368098133e-16,1.3723991698804274e-16,1.8455119285944377e-16,-1.182864357998791e-16,-2.825515090048314e-16,1.015239359180945e-16,-6.814799629055302e-17,-7.813399318948183e-17,1.1435788565148954e-16,1.4533453057431747e-16,7.912552915711808e-17,1.6645384064167235e-17,-1.925496252731988e-17,7.603976261123061e-17,-1.263926048586661e-16,1.5932521202491172e-17,-5.674777385520935e-17,-2.6637577073386717e-16,1.1958232626021823e-16,2.477248871781549e-16,-7.686437224688138e-17,-1.0671789914297854e-16,-2.2210909760299875e-16,-2.861884622741702e-16,-1.8229939109085048e-16,-1.9731620072694012e-16,6.401590440578055e-17,5.973300399004115e-17,-6.416487692650707e-19,1.063140809216042e-16,-5.618171914403097e-17,-2.8274901773963187e-16,-4.374124304704149e-17,7.87759910303513e-17,2.0902069071542485e-16,-5.606300911738635e-17,4.8953463960354245e-17,-7.896935563372015e-18,1.8527238551511152e-16,1.1254020679224325e-16,3.893128557605128e-17
CC(P(C(C)(C)C)C(C)(C)C)(C)C||[K+].[OH-]||C1COCC1,CC(P(C(C)(C)C)C(C)(C)C)(C)C.[K+].[OH-].C1COCC1>>,C_ad53942d5d4a,CC(P(C(C)(C)C)C(C)(C)C)(C)C||[K+].[OH-]||C1COCC1,CC(P(C(C)(C)C)C(C)(C)C)(C)C,[K+].[OH-],C1COCC1,-1.224289551208006,-0.6982614233068849,2.262829076518126,-0.5409122448896102,-0.895957963229661,-0.4809328274603503,0.030012186905263364,0.5164120737207378,-0.3579680742465477,-0.004776469817939587,-0.21329434806095124,0.8719731108561676,0.7970543504303766,-0.2772433923279036,0.7065522983797524,1.6703602962318322,-0.595942259153946,-0.7970487546071372,-0.6183147843372135,-9.773783810577073e-16,2.306694518653504e-16,5.4475265604701637e-17,-2.0080292169180985e-16,-2.7296349794235268e-17,1.8770024538513131e-16,-3.6228003630591636e-18,-3.622862287024258e-16,7.4354271398191e-17,2.474981052135513e-16,3.056496731267216e-16,-2.293322477745269e-16,1.2368655017306528e-17,5.540079309948731e-17,-6.136679939386295e-17,-2.442446243673478e-16,-1.5672079593721635e-16,3.5150154032368453e-16,3.708090138122617e-16,1.916446180589068e-16,4.600963010123116e-17,-1.1696270033734935e-16,2.80706251840162e-17,-2.2045833519855464e-17,1.589695553474531e-17,8.126140851908154e-17,8.961407778601849e-17,1.1908883877004219e-16,-2.3602868579998705e-17,1.0486795765627847e-16,1.7034658667733667e-16,4.3804527786240666e-17,7.167010697540154e-17,1.1297835854717628e-16,-2.5769321038773477e-16,6.875376319685514e-17,8.835664221771761e-17,1.3110293077015528e-16,-4.85432498986317e-18,-2.7213739197861e-16,-2.92420133788277e-17,1.7302567210810148e-16,5.554413819015454e-17,-1.536069793074574e-16,-4.797528266091752e-17,-2.3531720425880617e-16,2.353479121481115e-16,-1.2011030756917678e-16,-8.956651924856612e-17,-3.9942595566902634e-17,-9.407893054705125e-17,-1.9573846909317006e-16,4.3636465606645184e-16,7.144456146996212e-17,-1.1194730412905402e-16,1.0794129983195734e-16,1.1515331943649674e-16,8.453206022802736e-17,-3.9445251950407285e-17,-1.4460393540929955e-16,-9.066739092722821e-17,6.891080822358313e-17,1.5057707171901378e-16,-5.5019338378151874e-17,1.4660313214262924e-17,-4.919115244267994e-17,-3.745173758784256e-16,7.33155359887313e-17,2.3939022753084433e-17,4.7376319742086724e-17,-1.334312318142065e-16,-1.3677071121647373e-16,-1.246810865827755e-16,8.999886541572126e-17,2.7681693413180364e-16,2.687204978560472e-16,-1.2233551824439535e-17,-3.0407083665723285e-16,-1.5959214796519895e-16,-1.1959122539178226e-17,-2.627453099220788e-16,2.106258205895489e-16,2.9651866167054123e-16,-1.9940636339587944e-16,1.6582761395750174e-16,-1.3973023375901147e-16,-1.0757769979931815e-17,-4.239475150533753e-17,8.818102352798384e-18,-3.132993596722526e-17,-1.828645384061835e-16,1.7567575302559066e-16,-2.4171273223878926e-16,7.932350277593692e-17,-8.827555830593563e-17,1.170741577784204e-16,-2.0062461015994794e-16,1.1640554310141584e-16,-2.124599271958788e-16,-2.469839481124223e-16,-6.595072859817971e-17,-7.553586809540329e-17,1.742447593417251e-16,8.733459448277603e-17,-1.4893506290696132e-16,9.527706999275528e-17,-2.489480283858802e-16,1.6661674310828789e-16,6.512290262013812e-17
P(C1=CC=CC=C1)(C2=CC=CC=C2)C3=CC=CC=C3||[K+].[OH-]||C1COCC1,P(C1=CC=CC=C1)(C2=CC=CC=C2)C3=CC=CC=C3.[K+].[OH-].C1COCC1>>,C_972bd5a967fc,P(C1=CC=CC=C1)(C2=CC=CC=C2)C3=CC=CC=C3||[K+].[OH-]||C1COCC1,P(C1=CC=CC=C1)(C2=CC=CC=C2)C3=CC=CC=C3,[K+].[OH-],C1COCC1,-0.9376336432096944,1.2345744235185014,2.2628290765181265,0.2368490684074812,-0.8959579632296619,0.2786396779026152,0.030012186905261185,0.21949929330034373,-0.7800009929116309,0.14740606941524656,-0.2132943480609506,-1.1263128578207302,0.7970543504303848,-0.27724339232790424,0.7065522983797529,0.9338159119711468,-0.5959422591539473,1.2462422126349613,-0.6183147843372139,1.1163821661849246e-16,-3.3845710691056146e-16,1.2499271027845608e-16,5.10793891327537e-16,-2.534174038710472e-16,1.7456480126819426e-16,-1.096147211496156e-16,-1.5463737760642193e-16,-1.3691346781578897e-17,1.1998612204099442e-16,2.1190916089696912e-16,-1.977579632966296e-17,-4.113746297670125e-17,2.7478516673675716e-16,1.934747014023004e-16,-1.646251590932795e-16,-5.973925408881523e-17,1.2603498064536517e-16,5.813662838822469e-17,5.3164154764078526e-18,2.9822139247422997e-16,7.719847597908526e-17,3.7941349454765027e-17,1.9034514310620412e-16,-1.4607155551553223e-16,2.995379041285245e-17,6.441447278207368e-17,1.1386052165478363e-16,-2.1617246100182463e-16,9.29121051420705e-17,6.266285205037675e-17,8.507846442183844e-17,-2.2001654182039833e-16,8.669442670935309e-17,3.1467457212696696e-16,-6.422819979128296e-17,1.756954451816922e-16,-1.2604419709050862e-16,-7.596673529301305e-17,4.6234976505614315e-17,2.0453530079242095e-17,-5.176389100992486e-17,1.3906018855390348e-16,-1.9711540887436035e-16,-3.2134416530851884e-17,-9.023912804646162e-17,3.441620134935005e-17,-1.201809838132766e-16,-1.6471389414603715e-16,-5.0118622004629274e-20,5.5033586609959054e-17,-1.858564312430775e-18,-5.5452317159226186e-17,-2.583562424280226e-16,9.37245326133609e-17,-6.0889313315094495e-18,-1.2712736889793034e-16,-1.1269879443396654e-17,9.026957368121793e-20,6.661591362252045e-17,4.3276110937824063e-17,4.907519161099228e-17,-4.6719990606899044e-17,1.2016775016441017e-17,-1.1862628761240772e-16,4.4981022498399155e-17,-5.901861134984478e-17,-1.1206047968704328e-16,1.0901324137759723e-16,-2.9738283397484117e-17,-8.634037803100993e-17,7.327649035931657e-17,-1.56444509954545e-16,-8.144036248848774e-17,9.036316950779332e-18,-2.5393689567244107e-16,-9.742152633841979e-18,-2.045630047865219e-16,-3.538079403060226e-17,5.191463159556754e-17,2.353350248275571e-17,-6.808373247223589e-17,-9.721815581396354e-17,-3.2409595114569195e-17,1.133056518801491e-16,-2.288016861091552e-17,-4.2571237397323387e-17,-9.705322231149468e-17,-1.4699674909060464e-16,-5.597563989100583e-17,1.1110335232812723e-16,1.0746673993392234e-16,-5.795170598367088e-17,-9.173763298415072e-17,-6.541825352642667e-18,5.391669679207047e-17,2.295803259113661e-16,1.6037602649793497e-16,1.634237670766427e-16,6.458059311258366e-17,1.5434466508895662e-17,2.5074190532301036e-17,8.010575116142665e-18,-1.2851299949508728e-16,-1.3744406738195072e-16,-4.481557591810476e-17,4.977965142675821e-17,-2.0373580104506289e-16,1.2481691515700974e-16
CC(C)(C)P(C(C)(C)C)C1=CC=C(N(C)C)C=C1||[K+].[OH-]||C1COCC1,CC(C)(C)P(C(C)(C)C)C1=CC=C(N(C)C)C=C1.[K+].[OH-].C1COCC1>>,C_dcaf17daf089,CC(C)(C)P(C(C)(C)C)C1=CC=C(N(C)C)C=C1||[K+].[OH-]||C1COCC1,CC(C)(C)P(C(C)(C)C)C1=CC=C(N(C)C)C=C1,[K+].[OH-],C1COCC1,-1.5782981121882067,-0.6507387560859169,2.262829076518127,-1.3390820507081527,-0.8959579632296631,-3.0233120881828075,0.030012186905262098,-0.26903145405851164,0.3510346086273146,-0.3959375129998082,-0.2132943480609505,-0.8157423012752533,0.7970543504303834,-0.2772433923279039,0.7065522983797512,-0.5617383596306832,-0.5959422591539468,0.02050318097610249,-0.6183147843372138,1.2616422426888674e-16,-2.148090833526718e-16,1.1449042955941022e-16,-5.631845497490606e-16,2.21502622068966e-16,-7.183747209681667e-16,4.472068797585569e-16,-1.6280820060525982e-16,-2.7355202348178276e-16,-3.144931733607994e-16,-1.169353371662372e-17,-2.666017528761774e-16,-4.151802661489546e-16,-3.789124367067434e-17,5.71849419754163e-17,8.845657276869402e-17,-7.81626473402788e-17,-2.431938620012297e-16,-4.7216027499545894e-17,9.144386651635514e-17,-1.989221783446925e-16,1.2013263721967358e-16,-4.531600323198597e-16,6.295828964690473e-16,-3.631349544054933e-16,-1.309165919995802e-17,-8.586346479071404e-17,-2.469191303058647e-16,1.7378148695436465e-16,1.2540118867327577e-16,-6.715409373230225e-18,-1.3171602793429901e-16,9.590235040794073e-17,-8.296132887519022e-17,9.126021048453436e-17,-3.8504636288672335e-17,1.3535929389804062e-16,6.428830864311604e-17,8.507366910078275e-17,7.034022052579594e-17,2.4371707402610477e-17,1.2395251922773116e-17,-1.5329961676947705e-16,6.882703360845473e-17,6.744498053895165e-17,-8.431676505642213e-17,1.0632597761314869e-16,1.6594104375205158e-16,8.479306709202056e-17,-4.248932223550643e-18,8.648873593820568e-17,3.121931772031341e-16,2.4481309915700456e-16,-2.168118897081559e-17,3.1643033646009026e-16,1.7628305132369205e-16,-2.1658457758997756e-17,1.1352947768066982e-16,7.746216753321182e-18,1.0095817108414953e-17,-4.3693468350690115e-19,-8.829371307497083e-17,-5.148687520431987e-17,-2.0783766335120988e-16,1.642366191991846e-16,2.8787411885998125e-17,-1.070301525519791e-17,2.0761330125011846e-17,-1.4514259394118449e-16,-5.7819565394623e-17,1.400922007783334e-16,-2.964644075647491e-17,-2.7678353403704867e-16,-1.6448067967649942e-16,1.664603130032439e-16,-7.975421443764005e-17,-1.5058449987883688e-16,1.4027369462750125e-16,-5.218517078310941e-17,-1.875606625992418e-17,-1.930211337880724e-17,5.389147187364383e-18,-2.223897703593104e-16,1.477170249494501e-17,-1.1346206788363923e-16,9.226196931659564e-17,3.0338872965659757e-16,-1.2227555489108584e-16,-7.794527923584216e-17,-1.3054417331855852e-16,8.884832169756724e-18,1.8759880056113934e-16,9.491960929485802e-17,1.7848307542027904e-16,2.1079203791002426e-16,-1.350923247270897e-17,-1.7112107538625175e-19,-1.7982388427657534e-19,-6.806701426368996e-17,3.781457160624892e-17,8.135432101958214e-17,1.9803176820524028e-17,7.36930616482347e-17,2.388255934561441e-16,-2.005477920884786e-16,-8.343712883053472e-17,7.742659525472752e-17,1.9680961151669394e-16,1.750600585042348e-17
P(C1CCCCC1)(C2CCCCC2)C3CCCCC3||[K+].[OH-]||C1COCC1,P(C1CCCCC1)(C2CCCCC2)C3CCCCC3.[K+].[OH-].C1COCC1>>,C_2e121051c46d,P(C1CCCCC1)(C2CCCCC2)C3CCCCC3||[K+].[OH-]||C1COCC1,P(C1CCCCC1)(C2CCCCC2)C3CCCCC3,[K+].[OH-],C1COCC1,0.8097398838794678,-1.610823327016456,2.262829076518127,-0.0323179470852459,-0.8959579632296624,0.5630227060514407,0.030012186905262386,2.2053092310680875,-1.3646949579166312,-0.57627828648279,-0.21329434806095118,-0.011638395004672031,0.7970543504303805,-0.2772433923279027,0.7065522983797513,-0.8033477138467454,-0.595942259153947,-0.029613970329751552,-0.6183147843372135,6.517119169125485e-16,-5.602938776884803e-16,-4.69914119989412e-16,8.978288928531189e-17,1.6654254023549973e-16,4.149778008044976e-16,4.4636583232025057e-17,-6.305353947279133e-17,-2.320386367725274e-16,5.169796224300315e-16,1.9015911036885367e-17,4.287967362551412e-16,2.38795019951993e-16,3.065623700696067e-17,-1.618962773662623e-16,1.8004126841001604e-16,-1.159545013202256e-16,1.2618317564820447e-16,-1.4898109200906347e-16,-2.875368618113866e-18,-2.3978318238834763e-16,-2.649714376364305e-16,-7.614103202701939e-17,-7.871346234665045e-17,5.362405253530058e-16,-4.1755571558478013e-16,-7.005421837066696e-17,-9.963763523834503e-17,-2.187398797230318e-16,8.77679715244756e-17,-2.067867356674094e-17,6.871875473516794e-17,1.3288416849815245e-17,-2.4364297206455623e-16,1.3714264227486252e-17,9.11118329882997e-18,3.105401636731116e-16,-1.0869862077301086e-16,-9.753615733293493e-17,-1.0537203220669036e-17,-5.4554079716987145e-17,5.115258503094464e-16,-2.1946681989027255e-16,3.820490776285126e-18,-9.121250243722394e-17,-2.9147421458765554e-17,-1.6544868946955447e-16,5.665535697246087e-17,-1.246201154963391e-16,5.717346513502664e-17,1.2275753997925544e-16,7.581582781005814e-18,-7.141515629949548e-17,-1.255121090692853e-16,-1.5150795645764943e-16,-1.5373039105478748e-16,-7.100855952323583e-17,7.088150116600087e-18,-7.841389627957506e-17,3.9298828102081594e-17,1.2628723793685772e-16,-6.548441242853815e-17,-2.0527935438972645e-16,-8.61173040213387e-17,7.669350755923341e-17,5.983913146637247e-17,1.1670448084685314e-16,6.041196669821035e-17,-1.2164583838390198e-16,1.1006737800911935e-16,-7.699255848713924e-17,2.0051283375785886e-17,-1.1726938268507492e-16,-2.1935123368179056e-18,-2.517566274805309e-17,1.79719277016482e-17,2.2361279190197286e-17,-1.1809719763477674e-16,-1.795982767935643e-16,-3.860750329994002e-17,-5.910506475623561e-17,1.567778532934442e-16,-1.405656704075582e-17,-1.0742974615535021e-16,-8.507903670617941e-17,1.39795916161762e-16,9.113620745926381e-17,-4.3242510331018564e-17,-1.8398102354835692e-16,-1.5509031433688107e-16,-6.191813555445426e-17,5.672657558789389e-18,-1.0582104146161826e-17,-6.17212186131853e-17,1.458989737429565e-16,-1.412877500373436e-16,-5.687747879723774e-17,-6.06385758946912e-17,1.496491956990634e-16,3.849534405348072e-17,-1.8853475780837528e-17,-3.0781890115850396e-17,-2.5255038536418115e-16,-1.74858560633973e-17,7.703032015003789e-17,2.7622446887176946e-17,-8.418563208488744e-17,-1.2454446169590953e-16,6.197941262392738e-17
CC1=CC=CC=C1P(C2=CC=CC=C2C)C3=CC=CC=C3C||[K+].[OH-]||C1COCC1,CC1=CC=CC=C1P(C2=CC=CC=C2C)C3=CC=CC=C3C.[K+].[OH-].C1COCC1>>,C_15a68dd21f8d,CC1=CC=CC=C1P(C2=CC=CC=C2C)C3=CC=CC=C3C||[K+].[OH-]||C1COCC1,CC1=CC=CC=C1P(C2=CC=CC=C2C)C3=CC=CC=C3C,[K+].[OH-],C1COCC1,-0.2636547557625331,0.9915488887997185,2.2628290765181274,0.322486221069508,-0.8959579632296587,-0.2454093315564949,0.030012186905262105,-0.5084585430537791,-1.0360040403224666,2.5086809595071777,-0.2132943480609517,0.4526474839779595,0.7970543504303778,-0.2772433923279036,0.7065522983797523,-0.5902568205259897,-0.5959422591539469,-0.2429647001991902,-0.6183147843372137,8.016907773800702e-16,-1.796424427448027e-16,4.604992681693914e-16,-3.9320334013998884e-16,2.221760415628312e-16,4.765400508745895e-16,-3.3591510850217475e-16,-2.0735373373802603e-16,3.033633795728227e-16,1.5162441325186336e-16,4.4291051327513043e-16,-1.5361084688159334e-16,7.946702705109172e-19,2.0286912186279695e-16,-1.9552466445116414e-16,1.116081673161609e-16,2.575615371963806e-17,3.5417311518036646e-16,1.406930109616691e-16,6.184278232375727e-17,-1.7746639845235662e-19,2.52997469109191e-16,-1.6039512292716706e-16,-9.36588927287394e-17,3.6570479648530594e-19,-8.893321740960605e-17,-3.2575112951731505e-17,-2.8871283379157834e-16,-1.0457601316328092e-16,7.732188512978392e-17,2.259128220266679e-17,1.2718283897152487e-16,-1.3384420687124843e-16,-5.98423611393659e-18,-3.9706233647833394e-17,-1.1334197093361158e-16,2.864498081666071e-17,4.547392628400294e-17,-7.112569797796001e-17,-1.9594469352668886e-16,1.0671795873306574e-16,-7.785401998481924e-17,1.9552461939385107e-16,9.679509472481429e-17,-7.697811025862628e-17,-2.0699555532391188e-16,4.500334164931326e-17,-9.361472576024486e-17,2.804557285998104e-17,-2.032710125375609e-17,1.4523609637229213e-17,4.029982490849122e-17,8.988834587942153e-17,2.7674861966080852e-17,1.508431274995276e-16,2.47024351243502e-16,1.173277352606237e-16,-1.8261773227047036e-17,7.01188611490541e-17,-1.2619006530018556e-16,-7.75553722686186e-17,-9.405395165381626e-17,-1.5784592419403323e-17,2.1402757099958198e-17,1.8754869964179488e-16,-9.910424463395965e-17,2.7990553017212873e-17,1.8323089154316485e-17,9.673729425960799e-17,1.2998245185554916e-18,-3.6101445316718066e-17,1.455282642341525e-16,-8.839523396889174e-17,1.853525155016414e-17,-4.638225483738181e-16,3.5408770176304587e-17,3.447779787472853e-17,-9.516155130461298e-17,2.30983770871872e-17,3.018934174558139e-16,2.5602437099917653e-17,-5.110613667352861e-17,-1.9699242532039184e-16,-1.0077876451019404e-16,-2.713269302677898e-17,7.536113095469813e-17,-2.0176632488166282e-16,-2.621937525602424e-16,-5.285393887639694e-17,2.7408728102404527e-16,1.8392123049755066e-16,-1.64728188390093e-17,2.8364560725878535e-16,-4.927149342308469e-16,1.4356187839252893e-16,-4.8591348315205466e-17,-1.990529482370683e-16,-1.6212265398290933e-16,-1.5839966751659212e-16,-2.0014207993275573e-16,1.584167675240504e-16,-5.879667065973607e-17,2.5440890020140233e-16,-5.915376911052531e-17,1.2248730504979954e-16,2.4269748542725297e-16,-2.4234571784790335e-16,7.850085872901081e-18,2.098922458003644e-16
CCCCP(C12C[C@@H]3C[C@@H](C[C@H](C2)C3)C1)C45C[C@H]6C[C@@H](C5)C[C@@H](C4)C6||[K+].[OH-]||C1COCC1,CCCCP(C12C[C@@H]3C[C@@H](C[C@H](C2)C3)C1)C45C[C@H]6C[C@@H](C5)C[C@@H](C4)C6.[K+].[OH-].C1COCC1>>,C_e43e0da075cd,CCCCP(C12C[C@@H]3C[C@@H](C[C@H](C2)C3)C1)C45C[C@H]6C[C@@H](C5)C[C@@H](C4)C6||[K+].[OH-]||C1COCC1,CCCCP(C12C[C@@H]3C[C@@H](C[C@H](C2)C3)C1)C45C[C@H]6C[C@@H](C5)C[C@@H](C4)C6,[K+].[OH-],C1COCC1,-0.8853811771272793,-3.192233563805737,2.2628290765181283,2.712839121919755,-0.8959579632296623,0.4911992976161397,0.030012186905262736,-0.9806476207765286,0.5753078969520409,0.06697642453299617,-0.21329434806095104,-0.35554907531949176,0.7970543504303808,-0.2772433923279035,0.706552298379752,-0.006961552994126992,-0.5959422591539467,0.03706496796135531,-0.6183147843372139,6.578112363609991e-16,-3.630726286373451e-16,-2.8263029441948196e-16,-7.787635332676323e-16,5.559209680073148e-17,-2.6167077561173765e-16,-4.769735823068433e-16,1.6528332330261414e-16,8.95566958080002e-17,3.3318325677693545e-16,8.053174348335419e-17,-2.0133260718917932e-17,-1.9445259062382804e-16,-6.523314559584218e-17,-1.7368245037139717e-16,-1.5578059110899635e-16,-3.8906185787164746e-17,-3.6524487616266023e-16,-3.8684912208703876e-17,1.3258376217794812e-16,1.3185810828305837e-16,-2.1878154831782316e-16,8.198901475241305e-17,7.131954716647666e-17,3.557826705418798e-16,-2.0853215583660005e-16,4.565460346456384e-17,-5.846390972862914e-17,3.9972568428351893e-17,2.599847953902316e-17,1.8855546302836186e-16,2.0502528518911413e-16,3.801667716738365e-17,-2.8822263713360837e-16,4.38612812808948e-17,1.8102385414070926e-17,-2.2126645467963073e-17,3.146867351862633e-17,2.1998361743110054e-16,-5.721200848385575e-17,5.0280710887884774e-17,1.8772738492346767e-16,-1.7427837116025543e-16,4.007584196945206e-17,-6.03851740549761e-17,5.118905188720538e-17,1.2054135327673667e-16,-7.39512529002781e-17,-2.029299116528625e-17,1.4534601483293392e-16,-2.1261515851590129e-16,-5.660663283926821e-17,9.807672328567393e-17,7.139005289361739e-17,-7.479032807988609e-17,1.4495105536310402e-16,9.757692952967886e-17,1.0407764087850271e-17,1.2054391046370957e-16,-2.0067134043224284e-16,-2.5791244932394013e-16,-5.391266654090999e-17,8.956824282294704e-17,-2.4403576094031007e-17,3.4650242815613103e-17,4.973088818464548e-17,6.680477297957461e-17,1.184146348860658e-16,-7.118903682151671e-17,1.6219030426156245e-17,-2.4626362842912327e-17,1.8832524138259235e-16,-1.348531634373765e-16,-1.9647349765880626e-16,8.11145176546841e-17,1.010150993226504e-16,9.376313427271449e-17,1.344168856303415e-16,1.3171585338208862e-16,1.2187640513158198e-16,-4.9932129103349686e-17,-4.397314390711714e-17,-3.8486677874779895e-17,4.3022572227170416e-17,-7.083236703280242e-17,-5.3542840396166295e-17,-1.222920056121656e-16,1.121417447107374e-16,3.336033228675848e-17,-6.129477598323929e-17,2.9678295907849776e-17,-1.1385262267843226e-16,-3.4217199416422757e-17,1.0039338587612174e-16,-3.460928475677239e-17,-3.544586874094946e-17,3.431381220508064e-17,-2.655058856202061e-16,9.14244409058521e-17,-1.4272718870715548e-16,-3.165075271301156e-17,9.977580655466327e-17,-5.819295382858202e-17,-2.0489086508743237e-16,4.505969503188334e-17,-1.373055928735673e-16,1.6830331029061526e-17,7.029998640439981e-17,1.5079552387703463e-16
COC1=CC=CC(OC)=C1C2=C(P(C3CCCCC3)C4CCCCC4)C=CC=C2||[K+].[OH-]||C1COCC1,COC1=CC=CC(OC)=C1C2=C(P(C3CCCCC3)C4CCCCC4)C=CC=C2.[K+].[OH-].C1COCC1>>,C_ee4cab6f75e0,COC1=CC=CC(OC)=C1C2=C(P(C3CCCCC3)C4CCCCC4)C=CC=C2||[K+].[OH-]||C1COCC1,COC1=CC=CC(OC)=C1C2=C(P(C3CCCCC3)C4CCCCC4)C=CC=C2,[K+].[OH-],C1COCC1,3.697093256973161,0.21873148620968103,2.2628290765181283,-0.16998697856093792,-0.8959579632296616,-0.1375311512533502,0.03001218690526354,1.0255047079947897,1.9551116939983535,0.8801350735997566,-0.21329434806095016,-0.3971125427888123,0.7970543504303812,-0.27724339232790407,0.7065522983797526,0.25509854087750317,-0.5959422591539468,0.026042369234240394,-0.6183147843372139,-1.1253989792994125e-15,-7.232819418574097e-16,2.3539938554404014e-16,-8.28406483013148e-16,4.388746314313372e-16,5.376255862751006e-16,-6.817046383798533e-17,-2.574935464270353e-16,5.09648230571581e-16,-9.021882098560103e-17,3.067475144926284e-16,3.1947142982805224e-17,-2.2992717501748913e-16,-1.224746890063776e-17,-2.503092424083483e-16,6.746191525706255e-16,-1.1230053165726152e-16,1.863750981944645e-16,1.5158107852295863e-16,-4.606484624281467e-16,-2.243196580291347e-16,-1.4596596734611446e-16,1.4585394006437623e-16,3.681573230595033e-16,3.531323568342343e-18,8.636653963905528e-17,-1.43977221128436e-17,4.768471272758836e-16,-8.251419638363238e-17,9.60622900243743e-17,2.1554573385925125e-16,-1.0224754463022427e-16,-1.2850025962383552e-16,-1.0441581162993998e-16,-8.11003203826298e-17,-1.5786327101314803e-16,-9.920622210190983e-17,3.429767784743634e-17,-9.020827244235943e-17,-2.498850683125325e-16,-9.913170707374174e-18,-1.3176267025704721e-18,1.5177171471181598e-16,-1.817671184750128e-16,2.3935154425938716e-16,-1.4881902222895513e-16,2.8774058492554744e-17,2.851719422474549e-17,-1.0881968748300702e-17,2.796925620512062e-16,-2.083464280997786e-16,1.2321415397527836e-16,-1.0280001054059324e-16,-1.9382128310691323e-17,6.560519545427324e-17,4.6675576244645905e-17,3.5833429836233976e-16,-1.4504566972984837e-16,-7.360190153006765e-18,-5.454160078618769e-17,2.2460785860808733e-17,6.411168551840442e-17,-2.458694668190049e-16,1.5093253372891615e-16,-1.871832691970626e-16,1.9319006777968009e-16,-1.4575381132294765e-16,-9.120873682834302e-17,1.3881260201527335e-17,-1.5828907409979816e-16,-1.789995513247459e-16,1.7166229988469836e-16,1.0990569019901392e-16,-1.8925116013797833e-17,-3.280561118554441e-17,-7.811537859125993e-17,-1.115431381353188e-16,-2.914720293972264e-16,1.0098722532276739e-16,-1.3434287613165297e-16,2.0388928200636568e-16,1.652019006265788e-17,-1.1294894058622395e-16,-1.1305601250562525e-16,-1.867085821502848e-16,-1.1243933131791166e-16,7.101159179643079e-17,1.123424926194795e-16,1.744813285561301e-16,3.819346660889464e-17,-1.2283398635388594e-16,-9.484181901222742e-17,-5.71774748658087e-17,9.920375939250975e-18,3.264250295107015e-17,-2.2156397483730996e-16,2.1318763525245578e-16,-4.8957507574726725e-18,-4.891039871865887e-16,-2.1065576737518125e-16,-1.8035525788484197e-16,8.286996352759347e-17,-2.0025284722128677e-16,-1.0613428427873543e-16,2.0287410484997123e-16,-5.92746191396744e-17,9.021694007553925e-17,2.0103682822244356e-16,-4.227615596931042e-16
CC(C)(P(C(C)(C)C)[c-]1cccc1)C.CC(C)(P(C(C)(C)C)[c-]2cccc2)C.[Fe+2]||[K+].[OH-]||C1COCC1,CC(C)(P(C(C)(C)C)[c-]1cccc1)C.CC(C)(P(C(C)(C)C)[c-]2cccc2)C.[Fe+2].[K+].[OH-].C1COCC1>>,C_70b4d9b7997e,CC(C)(P(C(C)(C)C)[c-]1cccc1)C.CC(C)(P(C(C)(C)C)[c-]2cccc2)C.[Fe+2]||[K+].[OH-]||C1COCC1,CC(C)(P(C(C)(C)C)[c-]1cccc1)C.CC(C)(P(C(C)(C)C)[c-]2cccc2)C.[Fe+2],[K+].[OH-],C1COCC1,-1.56781664669475,-0.54455445394079,2.2628290765181274,-1.8306686961430008,-0.895957963229659,1.150614161368554,0.03001218690526489,-0.3417448804185359,0.9228435721645201,-0.12806008460238105,-0.21329434806095202,1.7193547786868182,0.7970543504303726,-0.2772433923279022,0.7065522983797509,-0.37552400425580507,-0.5959422591539473,0.6986574594526088,-0.6183147843372137,-5.57775800236197e-16,-5.554586124617877e-16,1.389093490954728e-16,-3.081223299577155e-16,2.2041928185705205e-16,1.8055882117660636e-16,-9.656965439966026e-17,-3.6200926068689785e-16,-5.924413339104723e-17,4.303695199674348e-16,2.3214071957609744e-16,-8.00471498706371e-17,-2.474418865677806e-16,1.0197547517477691e-16,1.9669241326204262e-16,9.435902789936593e-17,-2.6553831143575907e-16,-4.975021704670488e-17,5.000035759204227e-17,-1.8988804334890946e-16,-6.557070389886644e-17,-2.4102127898906576e-16,1.999949280433001e-16,-1.35512695114521e-16,-1.0050324787058857e-17,4.424544786832373e-17,2.6698654784973398e-17,-3.1320255568426404e-16,8.195451000278048e-17,-3.9054972374537385e-17,-1.711120531528999e-16,1.077985601646491e-16,-5.4542304259794783e-17,-1.228731018089716e-16,-9.678063524969779e-17,-9.809867784750263e-17,-6.618366269169091e-17,1.351166683960645e-16,-6.778796825154854e-18,3.287196464076017e-17,-1.1863947672801166e-16,-1.0151847691283533e-16,-1.3549750464185181e-16,-1.130776951361984e-16,-2.4413352468516274e-16,1.3021707010914237e-16,-6.917214646702806e-18,-1.239791890475356e-16,1.226329218544638e-16,5.145896652803612e-17,5.672966849188364e-17,-1.3118580358859737e-16,-4.7966558940866834e-17,4.423538850896387e-17,9.759331283149691e-17,2.177210789559479e-17,2.132436489923712e-16,-1.0336482765727223e-16,-5.565883660942067e-17,-3.058988967163044e-17,-1.6719139761640817e-16,-1.5532304226818877e-17,8.663615744097055e-17,1.174515238732389e-16,-1.110447587559676e-16,1.5562379688437727e-16,1.4934122940104328e-16,2.642861899496228e-16,-2.061847384567993e-16,-1.5255706266308408e-17,3.2167417177632876e-17,1.0236428187251312e-16,-1.2942864674714296e-16,2.0692175407921949e-16,-1.862155370919777e-17,2.2034050203546576e-17,-2.3768998311355587e-16,6.182549575214214e-17,1.4113236642722833e-16,2.1188284411359347e-16,-2.4765455635859046e-16,2.080093672082427e-16,-8.316991743559415e-17,-1.865113414268624e-16,8.167230505879286e-17,5.839277916437876e-17,-3.8338188593634204e-16,1.6320842019590057e-16,-1.9041643886537876e-17,-1.5648197803681903e-16,-1.0343840075185151e-16,-2.5006879293083097e-16,-4.649610547886966e-17,-1.1348021686607762e-16,9.627095472564591e-17,-1.3782014536635636e-16,1.7591720209803945e-18,-2.281423989537405e-17,-1.647075571730644e-17,3.372159969435271e-17,-2.097720760341945e-16,1.224753861662158e-16,1.7092850812478752e-16,-3.3301063813705356e-17,-2.975450657373817e-17,2.4374574331292066e-16,6.069587245000484e-17,2.1088595339273683e-16,-2.809486030126114e-16
CC(C1=C(C2=CC=CC=C2P(C3CCCCC3)C4CCCCC4)C(C(C)C)=CC(C(C)C)=C1)C||[K+].[OH-]||C1COCC1,CC(C1=C(C2=CC=CC=C2P(C3CCCCC3)C4CCCCC4)C(C(C)C)=CC(C(C)C)=C1)C.[K+].[OH-].C1COCC1>>,C_726a0fc8079b,CC(C1=C(C2=CC=CC=C2P(C3CCCCC3)C4CCCCC4)C(C(C)C)=CC(C(C)C)=C1)C||[K+].[OH-]||C1COCC1,CC(C1=C(C2=CC=CC=C2P(C3CCCCC3)C4CCCCC4)C(C(C)C)=CC(C(C)C)=C1)C,[K+].[OH-],C1COCC1,4.0952142922541555,0.06059900161019038,2.2628290765181265,-0.5208425618983311,-0.8959579632296606,-0.11150016598743177,0.030012186905262268,-1.7351649042204011,-1.040982267210731,-1.0072610296413134,-0.2132943480609514,0.3127331155945703,0.797054350430379,-0.2772433923279037,0.7065522983797515,0.08800205000734833,-0.5959422591539466,-0.001789758063564511,-0.6183147843372143,1.7643400180512636e-16,-7.649527303159964e-16,-4.31808081131762e-16,8.050463747327499e-17,-1.1536845396381434e-16,2.1944370789997072e-16,3.78380601253932e-17,-2.8275101108120544e-16,1.373058415275971e-16,-6.923069648134164e-17,-1.0019403546161748e-16,1.5283465513258542e-16,1.1480827607499343e-18,-9.825948401871419e-17,2.820695811565974e-16,2.8335630045435963e-16,9.181515768226813e-17,-2.675453282178512e-17,5.110995529653438e-16,-1.631946145113665e-16,-4.371745426586405e-16,-7.475582277802611e-17,2.1062440911906537e-16,1.805859380889358e-16,1.3250623026922745e-16,-3.5132093914141916e-16,-6.966854124130103e-17,-2.698379419879254e-16,-3.6843354185292344e-16,-5.255924636882095e-17,-3.3412370495257824e-16,-9.266354001466335e-17,-1.3157973914197353e-16,-1.477124642013893e-16,-1.7736925308268261e-16,5.271721838667072e-17,1.5818965179201792e-16,-5.68578692025617e-17,-1.9650537470323778e-16,-2.8696949895691225e-17,1.7651894316180544e-16,-3.037264050516481e-17,-1.9779113369829296e-17,4.983920831471672e-17,6.719415590389121e-18,-3.3220140107519985e-17,7.21758175176255e-19,2.600376477113023e-16,1.8923754810044583e-17,8.283014635403321e-17,-6.103484640273151e-18,2.199435928400607e-18,3.370207681549295e-17,-1.5574599606476163e-16,2.592557371638942e-16,3.3910510809248485e-17,-9.744464422130321e-17,-8.301247976047999e-17,9.096687959720291e-17,-1.296245351033766e-16,1.7797257144267695e-16,9.039538558488503e-17,7.129638320377366e-17,1.0103700683704998e-16,2.2356769739054005e-16,-7.998291423466048e-18,-2.2587807741821705e-16,1.0849209503460337e-16,-5.855715085000748e-17,1.9116649939568188e-16,-7.889781446870756e-17,-4.959101793677191e-17,3.03725257656474e-17,-1.6942141551083727e-16,-7.60919046093551e-17,1.3123604154635841e-16,2.30305963319865e-16,-2.9774530292676425e-16,1.943809642028121e-17,-4.9032133826149757e-17,1.405632936495211e-16,2.6234190241116543e-16,1.0955702768333228e-16,-1.1704987605363916e-16,1.5179758639199182e-16,-1.00357478071404e-17,1.9516942512005867e-16,-1.1135569615494276e-16,7.9786358162089e-17,5.634874748922295e-17,-3.1593636540626e-16,5.64370475326269e-17,-1.1339804685018365e-16,1.605107781780124e-16,-1.2504837037152622e-16,-2.9451485358964873e-16,1.832377712223434e-17,-1.4893948376924762e-16,1.4579505886920758e-16,1.4176544092166691e-16,-8.055004185031275e-17,1.745381257798147e-16,1.1632512042556909e-16,-5.952125944407175e-17,-1.1380332846236128e-16,-9.735754627601654e-17,1.8921389842438547e-16,-1.575268436918771e-16,-8.555000798159827e-17
[c-]1(P(C2=CC=CC=C2)C3=CC=CC=C3)cccc1.[c-]4(P(C5=CC=CC=C5)C6=CC=CC=C6)cccc4.[Fe+2]||[K+].[OH-]||C1COCC1,[c-]1(P(C2=CC=CC=C2)C3=CC=CC=C3)cccc1.[c-]4(P(C5=CC=CC=C5)C6=CC=CC=C6)cccc4.[Fe+2].[K+].[OH-].C1COCC1>>,C_11b78a7a707e,[c-]1(P(C2=CC=CC=C2)C3=CC=CC=C3)cccc1.[c-]4(P(C5=CC=CC=C5)C6=CC=CC=C6)cccc4.[Fe+2]||[K+].[OH-]||C1COCC1,[c-]1(P(C2=CC=CC=C2)C3=CC=CC=C3)cccc1.[c-]4(P(C5=CC=CC=C5)C6=CC=CC=C6)cccc4.[Fe+2],[K+].[OH-],C1COCC1,-1.3841208155545002,1.1338119037417698,2.262829076518126,-1.178570469765592,-0.8959579632296608,2.026491491577694,0.030012186905261515,-0.487606329313314,0.3252425987294688,-0.3701586543025705,-0.2132943480609504,-1.4860818817801962,0.7970543504303854,-0.27724339232790424,0.7065522983797524,-0.267529735544833,-0.5959422591539463,-0.7958149782613766,-0.6183147843372135,-2.528202729468615e-15,-6.0458142510809435e-16,-2.626556131291305e-17,2.1948210772400964e-16,-8.810663395498965e-17,1.3288132216516009e-16,2.3873446948593215e-16,-3.235295650182989e-16,2.1529816178199197e-16,-5.7723544439327736e-18,5.858413646624066e-16,-3.1148918903338045e-17,-2.921245351882207e-17,-1.0266404907038583e-16,-4.2198628513770667e-16,-1.6697809756074876e-17,-2.362336752453251e-16,-3.2769547743034266e-17,-2.305772735432175e-16,-7.853769417684468e-17,5.697159506831787e-17,-1.1651199477888584e-17,-1.1338860248726538e-16,-2.1198003890050033e-16,1.0838154809553198e-16,-2.0972981536136344e-16,-5.617539152982214e-17,-1.0941867132259964e-16,-1.0813097217637886e-17,5.2897953815493845e-17,-3.903090556997226e-17,2.3095408223082527e-16,-1.998077102422392e-16,-1.2869701296264833e-16,4.5711592909993487e-17,3.244325516477406e-17,1.5175024970803926e-16,9.398354530145699e-17,-1.1497054806063876e-16,-8.108348429832055e-19,-1.2564244687736003e-16,1.392385529199137e-16,-2.774623472799348e-16,-4.675364016237046e-17,1.4487643907116721e-16,5.466465279316296e-18,1.2848969633465064e-16,7.108410767170372e-17,6.580809332556891e-17,1.0815417112566411e-16,2.213590402114232e-16,-4.096674554185257e-16,-1.1617812598108078e-16,-2.562014806965819e-17,5.6902696849399335e-18,8.497422935596698e-18,-1.0677977301807844e-16,-1.0894256262175737e-16,1.8761614081247475e-16,-1.3717580092812805e-17,1.655126852142029e-17,1.3021752724588835e-16,1.5645695684413864e-16,-1.5703623471934244e-16,3.133347538825897e-16,-4.262600521241907e-17,1.3839571598384846e-16,-2.069427240282261e-16,-2.2432867290531607e-17,-9.856760618724729e-17,8.747694127060516e-18,-7.022044785374265e-17,8.947747894433466e-18,-6.874233440469642e-17,-6.96795946175451e-17,-2.3340457276654112e-17,-3.380536408961281e-16,1.7597342011633455e-16,-1.0141638010599315e-16,9.273713883826011e-17,-1.0880691269541942e-16,1.2358832574786039e-16,8.435757073005688e-17,2.2011321480034715e-16,-1.5797136251520217e-16,1.1641142449068782e-16,-1.6331840880321542e-16,7.075416129343331e-17,-4.693963641760716e-17,-6.165037553220818e-17,-3.231266099275989e-16,-5.871899787507902e-17,-1.7218596395133378e-17,-2.0876960593221277e-16,-1.843013432613653e-16,4.594627219808201e-18,1.3081578942331186e-16,2.9435837153028823e-18,1.1952001948284785e-16,1.2937490819300568e-16,5.1677031124918795e-17,-3.3654794362402965e-16,-5.248356489453272e-17,-9.150850576379953e-17,2.716616469766493e-16,1.1949360902460027e-16,1.2783055360257121e-16,9.717911672603965e-17,5.856412831562647e-18
CC1(C)C2=C(OC3=C1C=CC=C3P(C4=CC=CC=C4)C5=CC=CC=C5)C(P(C6=CC=CC=C6)C7=CC=CC=C7)=CC=C2||[K+].[OH-]||C1COCC1,CC1(C)C2=C(OC3=C1C=CC=C3P(C4=CC=CC=C4)C5=CC=CC=C5)C(P(C6=CC=CC=C6)C7=CC=CC=C7)=CC=C2.[K+].[OH-].C1COCC1>>,C_241742e0a1e1,CC1(C)C2=C(OC3=C1C=CC=C3P(C4=CC=CC=C4)C5=CC=CC=C5)C(P(C6=CC=CC=C6)C7=CC=CC=C7)=CC=C2||[K+].[OH-]||C1COCC1,CC1(C)C2=C(OC3=C1C=CC=C3P(C4=CC=CC=C4)C5=CC=CC=C5)C(P(C6=CC=CC=C6)C7=CC=CC=C7)=CC=C2,[K+].[OH-],C1COCC1,-0.7608527313618179,3.0573458202759265,2.2628290765181287,2.340206537654113,-0.8959579632296627,-0.5112817700760025,0.03001218690526329,0.35592842575710404,0.45010996213631027,-1.1207264892083717,-0.21329434806095127,0.8357285648736805,0.7970543504303768,-0.2772433923279025,0.7065522983797506,-0.34191861228964554,-0.5959422591539466,-0.16127802879825115,-0.6183147843372138,-4.623813573536719e-16,-5.610782047082918e-16,-2.4379705137702773e-16,-4.670189687078748e-16,4.5409524782287776e-17,2.6620158515853997e-16,5.73194670299059e-16,1.1283357193575304e-16,7.813040173599732e-17,-2.1674771471279067e-16,3.3967836611143197e-16,-3.434863620669881e-17,-2.299186286217674e-16,-6.937970645966308e-17,4.552830117117615e-16,5.741650618693815e-16,1.564390017225594e-16,3.798999585480932e-17,1.7018890552467865e-16,1.220322251039088e-16,-6.194007622524962e-17,-5.3054123433762615e-17,-1.8097071391765753e-16,-5.986806347909785e-17,1.5349918915489646e-17,3.35134421281137e-16,2.1200155852897935e-16,3.548327394884074e-17,-2.885533351579465e-16,1.42051693650041e-16,-8.613260555440383e-17,-1.412590030288383e-16,1.4976375641824466e-17,-5.704994903346448e-18,-5.905878971998036e-17,-7.472760285525743e-17,3.474580426315605e-17,-2.7700118559316042e-17,1.2834176980920835e-16,9.939411471361558e-18,-1.7349369906245888e-17,-1.4011504118868098e-16,2.432137557618004e-16,-1.6132424143523514e-16,1.6415765837627167e-17,3.812568183181322e-16,-2.730465731320123e-16,5.329969964426752e-17,3.4804860565279094e-17,3.70155374800401e-17,1.4827043872768558e-16,2.894202226192478e-16,1.665363713757865e-16,3.722854254809676e-16,-2.456584125758853e-16,-3.5679674917171714e-16,-2.27149343368367e-18,4.1513546500526987e-17,1.556767349114024e-16,7.92744292905092e-17,-5.229506436360173e-17,-2.521813448158918e-16,-3.451997979444621e-16,-2.234390058828053e-16,1.8443038812858646e-16,-2.358847308556473e-16,-8.141073292002374e-17,-1.668243193232509e-16,3.5011660686239746e-18,-7.573500822715643e-17,1.0155327581205429e-16,-1.1945279909448835e-16,2.3458582022336192e-17,-3.3476708026992264e-18,-6.099353577105196e-17,3.8878532698796944e-17,-2.056929305589734e-17,-5.422376845010191e-17,1.0904505624952659e-17,-8.498984292532198e-17,2.1391763288819511e-16,1.2096877292709422e-17,-4.905716586724722e-17,-1.6709126291947446e-16,1.042635949633358e-16,-2.230844513919068e-16,1.3504862622118914e-16,8.886292233026775e-17,8.790192215929442e-17,-5.686618188699307e-17,-1.9541736215868775e-16,2.428468577874743e-16,-1.6016323472927253e-16,-4.7920106690091987e-17,-4.6943211530233327e-17,-1.704657394496716e-17,-7.293256731552179e-17,-2.1857205347689832e-16,-1.5440447588226575e-16,6.277154580307158e-17,1.0660290140238614e-16,1.5537825217912692e-16,-2.1443378204693248e-17,-9.88124381603869e-17,-5.633481610690125e-17,8.080783116263061e-17,-2.064053752175967e-16,1.3433444151394618e-17,-1.1987435809815126e-16
CC(P(C(C)(C)C)C(C)(C)C)(C)C||CC([O-])C.[Li+]||C1COCC1,CC(P(C(C)(C)C)C(C)(C)C)(C)C.CC([O-])C.[Li+].C1COCC1>>,C_1e175aeee2f0,CC(P(C(C)(C)C)C(C)(C)C)(C)C||CC([O-])C.[Li+]||C1COCC1,CC(P(C(C)(C)C)C(C)(C)C)(C)C,CC([O-])C.[Li+],C1COCC1,-1.224289551208006,-0.6982614233068845,2.262829076518126,-0.5409122448896102,-0.8959579632296611,-0.4809328274603502,-0.36356125693380675,0.5164120737207378,-0.3579680742465481,-0.004776469817939406,2.1599631646188224,0.8719731108561632,-0.6309044911658567,-0.2772433923278905,-0.02631426626340703,1.670360296231833,-0.0878706846635384,-0.797048754607137,-0.0031301428321000376,-1.443706303173852e-15,7.242168037098023e-17,-1.3805954596860526e-16,-7.445740210739097e-16,-7.681795323462174e-16,-2.0467645138162025e-17,-4.422429136816889e-17,3.082079032653955e-16,2.0050696006917758e-17,1.1513634429225813e-16,2.105997319989749e-16,-1.9202758830233618e-16,-4.63505096352744e-16,2.4152141489556593e-16,-2.1049841084072132e-16,-1.8166655130389343e-16,-7.222704494829791e-18,3.392407329235972e-16,2.4562266004893743e-16,-1.0131400666727187e-16,1.788693786769636e-16,2.1345257504861797e-17,1.7578516577584416e-16,5.142418545873539e-16,-1.8665608149298696e-17,-2.484107121525045e-16,2.1415616412446708e-16,-2.9715673360870565e-17,1.1059585710816035e-16,9.53925942903327e-17,-9.556339502110123e-17,-6.397579867985155e-17,-4.881006014243466e-17,-2.5847395700523656e-16,6.223870337903667e-17,3.300241544228197e-17,2.391000147129765e-17,8.647528153426732e-17,-2.0424594665951894e-17,8.956876782543745e-18,7.518210735181354e-17,-4.8202791269076514e-17,-5.668913136300805e-17,-2.1598896870850074e-17,-2.487663188714285e-17,-2.966573323658885e-17,-1.573305336070811e-16,1.602957492165366e-17,7.126017605521884e-17,-1.8565973099407106e-16,1.6066609286209316e-16,3.9999423772539964e-17,-1.934967298122604e-16,4.042330386163569e-16,2.4673959281231307e-17,-3.7045376869138406e-17,-1.9722575367189296e-16,1.3449369639535476e-16,-1.6512737272977148e-16,5.137703406879775e-17,-2.5206099418438504e-16,-8.19897742496533e-17,-1.490021872062527e-17,-6.894291208333491e-17,-7.871812238186294e-17,-1.0555883518593255e-16,1.2779401019825988e-17,1.0652084761536614e-16,9.466923217585854e-17,-5.905138355060126e-17,-1.6245444952397717e-16,-1.8744502901636098e-16,-1.2351925799298116e-16,-1.4026118073034137e-16,-5.209397590667461e-17,-3.760962850356469e-16,6.50213789814489e-17,1.7093330725169054e-16,-1.4070516904260395e-16,1.3936918323593222e-16,-2.3731579250744733e-17,-1.994244559674663e-17,-1.169279684121922e-16,1.864399223567399e-16,-3.911290918801935e-16,3.6340366986565154e-16,-2.5138026880603847e-16,-2.1680135706568747e-16,-5.562308682037002e-17,-5.1196209072379e-17,-2.1388368610625822e-16,-1.1314466223831226e-16,7.067574218515171e-17,-1.5473488242573186e-16,1.2366395997705436e-17,-2.053794704995897e-16,-3.8022457758629005e-16,5.765202571063699e-17,2.1815218185984577e-16,-1.2145737904914696e-16,1.272781406529262e-16,-2.0193810702732868e-16,-2.5580430116163614e-16,8.87545850614538e-17,1.1560562238021526e-16,-3.0782720231389413e-16,2.699251372867739e-16,1.165793646725156e-17,-2.3068639566173972e-17
P(C1=CC=CC=C1)(C2=CC=CC=C2)C3=CC=CC=C3||CC([O-])C.[Li+]||C1COCC1,P(C1=CC=CC=C1)(C2=CC=CC=C2)C3=CC=CC=C3.CC([O-])C.[Li+].C1COCC1>>,C_11a2786daf32,P(C1=CC=CC=C1)(C2=CC=CC=C2)C3=CC=CC=C3||CC([O-])C.[Li+]||C1COCC1,P(C1=CC=CC=C1)(C2=CC=CC=C2)C3=CC=CC=C3,CC([O-])C.[Li+],C1COCC1,-0.9376336432096942,1.2345744235185019,2.262829076518127,0.23684906840748143,-0.8959579632296618,0.2786396779026151,-0.3635612569338091,0.2194992933003438,-0.7800009929116315,0.14740606941524667,2.1599631646188233,-1.1263128578207349,-0.6309044911658489,-0.27724339232789136,-0.02631426626340644,0.9338159119711468,-0.08787068466353973,1.246242212634961,-0.003130142832100028,-2.1676258273868781e-16,-7.293538719673588e-16,-1.4788300139635862e-16,1.435770219552875e-16,-5.169260749181671e-17,3.3594093642283895e-16,-3.342456352465598e-16,1.7203551950398852e-16,-1.4226377155420168e-17,2.8683308190785404e-16,2.518637013092185e-16,-1.037724604751399e-16,4.671937284554688e-17,-1.85811673173952e-17,2.244085322331072e-16,-1.274130348130074e-17,5.190126669889276e-18,-4.78097108631737e-16,1.2817378637271045e-16,2.5654572807790655e-17,-8.354036599656452e-18,3.7020140511225666e-16,2.5210128477227297e-16,2.996701486633627e-16,-2.0920109148683067e-16,-3.806090414346276e-16,-3.194490481222608e-17,-1.63895251476333e-16,1.9026313414212223e-16,1.3470149876344424e-16,-9.044200997916132e-17,3.6690355718956485e-17,1.2720440547489318e-16,-1.9006741784188428e-16,2.0937780342567235e-16,-8.680100249992361e-17,1.7925071422499874e-16,-1.072336727716721e-16,-4.47877732857074e-18,-3.2314103124501307e-17,-1.153100804410825e-16,2.7743904873766034e-16,-1.001775310486305e-17,-5.1363380238645067e-17,1.8268803629647606e-18,-5.514217219384955e-17,-3.1133301485501904e-17,-9.788095253695308e-17,-2.367278625719682e-16,1.5587149282605742e-17,1.6040146972299135e-16,1.9085527392692814e-16,5.817216891703665e-17,1.6328556496625364e-16,2.1960161819463066e-17,6.722749949966812e-17,-5.1044019906016654e-18,-2.314091463029472e-18,6.001155460681492e-17,7.483591605024768e-17,2.5866208767113006e-17,1.827680776987689e-16,-3.4324123571965903e-16,-4.601969157235595e-17,2.3059498486164062e-17,3.873804131892813e-17,-6.30561790945949e-17,2.0922679573070498e-16,-2.169401633853787e-16,9.906317598413176e-17,3.987088960420474e-18,-1.660873213203856e-16,-2.025848324920358e-17,1.3445179758716358e-16,2.357041800492785e-17,-2.513918936418843e-16,-4.641171792670542e-17,-3.3930946316535234e-17,2.6934784007889055e-16,-2.45206743026549e-16,2.429484058646073e-17,9.013733149601725e-17,2.3443343555217174e-16,1.507863622914874e-16,2.4503756892311383e-16,-2.0257443496611968e-16,1.7341194124082284e-17,1.1590783620317722e-16,2.3221959998314853e-16,3.6334287652991223e-16,7.617734294957247e-17,-4.652924201613639e-17,-6.170807933819677e-18,8.487301046130524e-17,-9.795625929803465e-17,1.0714880252351088e-16,1.7586134024829675e-16,3.218526980856613e-17,8.700440368750367e-17,6.529032594924854e-17,8.940723898655265e-17,-7.14827805038864e-17,7.256823522866864e-17,1.0209500803314858e-16,-4.0770866805688923e-17,1.2580940020261653e-17,2.482563034383516e-16,4.792000809133161e-17,-1.7262419980662625e-16
CC(C)(C)P(C(C)(C)C)C1=CC=C(N(C)C)C=C1||CC([O-])C.[Li+]||C1COCC1,CC(C)(C)P(C(C)(C)C)C1=CC=C(N(C)C)C=C1.CC([O-])C.[Li+].C1COCC1>>,C_edd6fbb94c87,CC(C)(C)P(C(C)(C)C)C1=CC=C(N(C)C)C=C1||CC([O-])C.[Li+]||C1COCC1,CC(C)(C)P(C(C)(C)C)C1=CC=C(N(C)C)C=C1,CC([O-])C.[Li+],C1COCC1,-1.5782981121882067,-0.6507387560859162,2.262829076518127,-1.339082050708153,-0.895957963229663,-3.0233120881828084,-0.36356125693380775,-0.2690314540585113,0.35103460862731384,-0.39593751299980845,2.1599631646188238,-0.8157423012752578,-0.6309044911658502,-0.2772433923278906,-0.026314266263407708,-0.5617383596306831,-0.0878706846635394,0.020503180976102868,-0.0031301428321000215,6.792920797855097e-16,-7.107967561376884e-16,-1.681325875296215e-16,-4.204562120899971e-16,-5.193339163855493e-16,-1.853887653540595e-16,4.1881241348373953e-16,8.284314129327213e-18,2.29904798902242e-16,-3.3295341337307594e-17,-2.0773159783045505e-16,2.7207920449382325e-17,-5.3617830676304764e-17,1.5085859645472825e-16,2.585540829457383e-18,1.7694068759637163e-16,1.0404853695833392e-16,2.2313259832782256e-16,-4.124783946484134e-16,8.889449843608261e-17,-1.9699147074246913e-16,-5.093072999303111e-16,-2.2682584463806434e-16,2.0543198434121896e-16,-1.255486456317295e-16,-3.41155903176596e-17,-1.9126688178090395e-17,-2.4716238168236926e-16,3.5668106526789205e-16,1.7740567727345544e-16,-1.8352950889032064e-16,1.3549816420504088e-17,7.811004684080003e-17,9.356583637492141e-18,2.6989888173015805e-16,-1.5075498620190672e-16,-3.7695571043430683e-16,7.823223587621289e-17,2.2210038062737804e-17,8.103892370420087e-17,1.955601580350154e-16,-2.560428034288934e-18,-7.711680365902142e-17,-3.967825917676921e-17,-2.301848245503525e-18,1.1473216256672972e-16,-3.405297856482982e-16,5.68138709809376e-17,3.5768570368724235e-16,3.593490473533699e-17,-2.0723361894711162e-16,-1.4825653750567384e-17,-4.463003304130638e-17,2.010949315779877e-16,-8.489388959139629e-17,4.72295596162832e-17,1.1068560583445224e-16,-9.443596304695593e-17,1.0348603334727793e-16,1.3058297685518262e-18,1.6399263718624923e-16,6.566243668726248e-17,2.1339545236231767e-16,8.221729483540212e-18,-9.271064173021912e-17,1.1021609754382737e-17,-1.5962275496196864e-17,2.0035550274590622e-16,-1.2537829629295886e-16,-1.966164173517191e-16,-1.3818751344560294e-16,-5.163962426162127e-17,1.0530749779224749e-16,-2.25630777205093e-18,-8.459954382722035e-17,2.0506312606771328e-16,3.9491097342067675e-17,6.221015895891644e-18,-1.7231568590969097e-16,9.881400563167421e-17,-1.616536485864924e-17,-1.279370336402544e-16,1.46562585009324e-16,2.1553695526397416e-16,-8.726631467021106e-17,-9.267443261157364e-17,-1.2861766380541206e-16,-2.0768252337809477e-16,1.2197745599070283e-16,-2.0806743008007738e-16,-7.339025182492758e-17,5.1377937720835815e-17,1.1003771944170434e-16,-1.7901902846739258e-16,-1.7921328369546992e-16,2.3385956860532813e-16,4.26587612300171e-17,2.832974334494967e-17,-5.377264462334101e-17,7.084276336114423e-17,1.084037974827086e-16,1.1911187077286385e-16,-1.887473780284538e-16,-2.0560732375699302e-16,-4.2179378224781084e-16,3.0236728313194643e-16,2.0431954768213757e-17,-1.702504423571392e-16,1.4975614349728762e-16
P(C1CCCCC1)(C2CCCCC2)C3CCCCC3||CC([O-])C.[Li+]||C1COCC1,P(C1CCCCC1)(C2CCCCC2)C3CCCCC3.CC([O-])C.[Li+].C1COCC1>>,C_2632c1546818,P(C1CCCCC1)(C2CCCCC2)C3CCCCC3||CC([O-])C.[Li+]||C1COCC1,P(C1CCCCC1)(C2CCCCC2)C3CCCCC3,CC([O-])C.[Li+],C1COCC1,0.8097398838794678,-1.610823327016456,2.262829076518128,-0.0323179470852461,-0.8959579632296624,0.5630227060514406,-0.36356125693380764,2.205309231068088,-1.3646949579166319,-0.5762782864827907,2.159963164618823,-0.01163839500467641,-0.6309044911658532,-0.27724339232789,-0.02631426626340797,-0.8033477138467451,-0.08787068466353959,-0.029613970329750824,-0.0031301428320998632,-3.9378266449100794e-16,-5.310720450226991e-16,3.5949130483490705e-16,5.703608521647307e-17,1.876878551864046e-16,5.153964972766257e-16,-6.216345677729695e-17,3.3109151905718776e-16,-1.3235502651562959e-16,3.555034242750326e-16,2.642142371345819e-16,-1.1810262001731467e-16,-2.774347341297701e-16,6.848579083581882e-17,-4.591076299925304e-16,-4.485669365741044e-16,-1.1615721860479101e-17,4.293448014922651e-16,-9.195098337727447e-17,-2.788904034887269e-16,-1.3736820257445965e-16,1.4785574280881398e-16,4.877709346779053e-16,-4.684131653875336e-17,7.54592763841695e-17,-6.27683578509455e-17,-4.0703802333654084e-17,3.2354087229831713e-16,3.3615458302036245e-16,-7.910609697431115e-17,-2.6322355196583395e-17,-2.471042499766001e-16,1.9493436899078258e-16,-1.6434634228949155e-16,3.958840118394986e-16,-4.975622355226522e-17,1.2555578635651344e-16,-4.601855031449072e-18,1.0290384098346784e-16,-1.6125474691747734e-16,-8.433947090721068e-17,-2.2240405039790936e-16,1.965279464381642e-16,-6.269588202494948e-17,-6.007215074641497e-17,2.7762066315947124e-16,2.1554714395875014e-16,-5.480170701804674e-17,1.8348586139431306e-16,-1.928788327651595e-17,-1.1234645468271365e-17,9.372434272711144e-17,2.52674828871492e-16,-1.0067531331510934e-16,4.4105652168018404e-16,-7.679118570637348e-18,-2.3257795446999093e-16,-2.780868454869798e-16,9.158888141764895e-17,-6.878201044951047e-17,1.4175230738894997e-16,2.0031166970648873e-16,7.407861801952351e-17,8.568719553467734e-17,-8.651442302130206e-17,-5.557631973150057e-17,1.4373292108972376e-16,-1.4844011796034753e-16,-2.4772699408483545e-16,4.372211697540211e-17,8.264121246214811e-17,-2.1176907104289417e-16,-4.15515554380081e-17,2.8394986742455456e-16,7.154258255881103e-17,1.2880914700582057e-16,-3.9524321484495723e-16,4.463800885857837e-17,-2.5041948967592137e-16,-1.8601764114704137e-16,1.10800403802479e-16,-8.868352234330175e-17,1.5608173705895763e-16,-4.5383073276999665e-17,4.5096759764774244e-18,-3.026619072830033e-16,4.273360911469776e-17,8.449027097670488e-17,2.13841559464025e-16,-2.383442208780599e-16,-1.1665815262412492e-16,-1.471175464992996e-16,1.2402049056082197e-17,3.5788046097158296e-16,-1.7919603498303679e-16,8.989136879459122e-17,-1.493100547557282e-16,-4.442288302981189e-17,-9.599516425304106e-17,-8.989674623574296e-17,1.035417980653462e-16,6.7908670984850544e-18,1.235798821778785e-17,1.2688347456247526e-17,1.0376052541743287e-17,-6.141093383654168e-17,4.2220643106307676e-17,-1.3335615151310034e-16,2.946746346306236e-17
CC1=CC=CC=C1P(C2=CC=CC=C2C)C3=CC=CC=C3C||CC([O-])C.[Li+]||C1COCC1,CC1=CC=CC=C1P(C2=CC=CC=C2C)C3=CC=CC=C3C.CC([O-])C.[Li+].C1COCC1>>,C_04959aba267d,CC1=CC=CC=C1P(C2=CC=CC=C2C)C3=CC=CC=C3C||CC([O-])C.[Li+]||C1COCC1,CC1=CC=CC=C1P(C2=CC=CC=C2C)C3=CC=CC=C3C,CC([O-])C.[Li+],C1COCC1,-0.26365475576253306,0.9915488887997185,2.2628290765181287,0.32248622106950786,-0.8959579632296589,-0.24540933155649505,-0.36356125693380803,-0.5084585430537785,-1.0360040403224675,2.5086809595071786,2.159963164618823,0.4526474839779553,-0.6309044911658558,-0.277243392327891,-0.026314266263407056,-0.5902568205259894,-0.08787068466353933,-0.24296470019918986,-0.003130142832099779,-8.560043938675079e-16,-5.52286636099669e-16,1.6933941277311298e-16,-4.716013356872735e-17,-6.409563736817351e-16,9.807561091534817e-17,-5.402191828470119e-17,-1.9776375496029475e-16,7.106428756460397e-16,-6.723648495099878e-17,4.3152730686488e-16,7.887171779734036e-17,-5.070092971225181e-17,2.070663928786892e-16,1.4020189841966676e-16,3.636682269563013e-16,1.9486771596215241e-16,6.416260444282536e-16,1.2178324479889836e-16,1.399765827815726e-17,-8.500309961088907e-17,6.577374364762227e-17,5.724943440925319e-18,1.1489764036921716e-16,4.154650902432277e-17,1.4764935603086619e-16,-1.6741004312284953e-16,7.866432065281872e-17,-1.7533836415501675e-16,5.759515094331218e-17,-1.19560019266964e-16,-1.9394789913257322e-16,-3.1250781697621295e-17,-4.83510280520901e-17,-1.3056001147157391e-16,5.032051777047798e-17,2.5628170163122106e-16,1.6188943031671349e-16,-7.829721770917647e-17,5.799733959518474e-17,-3.481916784741641e-17,1.1407439874950089e-17,7.476907386689023e-17,-1.2787025864110204e-16,-1.452919466469094e-16,-2.2517159590071086e-16,9.161155604093231e-17,3.437356695667244e-17,1.8549221577086475e-16,5.534199935178273e-17,-1.0732007045708289e-16,-1.20309078819651e-16,3.510643047635649e-16,6.68423292210705e-17,2.1010205473605834e-16,-1.8426296340912604e-17,-5.2566576396677546e-17,-9.505674917527507e-17,2.1273785896636177e-16,1.7247330704567022e-16,7.498570211175234e-17,4.2837466211185736e-17,-7.898999677822028e-17,-9.390669735841334e-17,1.5395017701572683e-16,1.672750600527962e-17,2.2471942294323953e-16,1.3684893709443006e-17,2.0494856754713217e-16,5.5175478287332646e-17,-9.358050176613821e-17,-2.475473382129594e-17,-3.7355946899395537e-17,1.7580095585091674e-16,9.800814769208138e-17,1.5722710979526803e-17,-7.922460412841281e-17,2.4770157248775873e-16,-4.42976727839577e-17,9.287954399539032e-17,1.709115953944694e-16,-2.0193416299282142e-16,9.265501520217187e-17,2.29994718246712e-16,-3.8466795677166376e-17,2.163931047513106e-16,3.726850729944396e-18,-7.909202169746224e-17,2.42400300164767e-16,7.219660724554505e-18,1.5286606589401588e-18,4.345757064761964e-17,-4.1977456855589334e-17,-1.22896414746393e-16,1.8830803424836993e-16,-1.521156825706415e-16,2.7004417806115525e-16,1.0964384966439593e-16,2.913854268713528e-16,-3.1874140351176625e-17,3.4241583045618364e-17,2.4640404720998173e-17,1.1229155340770718e-16,1.1241634582768758e-16,-9.093578695280515e-17,-1.8830447226333626e-16,-7.93798297054767e-17,-3.5229399532650757e-17,7.797724195762539e-17
CCCCP(C12C[C@@H]3C[C@@H](C[C@H](C2)C3)C1)C45C[C@H]6C[C@@H](C5)C[C@@H](C4)C6||CC([O-])C.[Li+]||C1COCC1,CCCCP(C12C[C@@H]3C[C@@H](C[C@H](C2)C3)C1)C45C[C@H]6C[C@@H](C5)C[C@@H](C4)C6.CC([O-])C.[Li+].C1COCC1>>,C_23adb15ba692,CCCCP(C12C[C@@H]3C[C@@H](C[C@H](C2)C3)C1)C45C[C@H]6C[C@@H](C5)C[C@@H](C4)C6||CC([O-])C.[Li+]||C1COCC1,CCCCP(C12C[C@@H]3C[C@@H](C[C@H](C2)C3)C1)C45C[C@H]6C[C@@H](C5)C[C@@H](C4)C6,CC([O-])C.[Li+],C1COCC1,-0.8853811771272792,-3.192233563805736,2.2628290765181296,2.712839121919754,-0.8959579632296621,0.49119929761613973,-0.3635612569338077,-0.9806476207765281,0.57530789695204,0.06697642453299602,2.1599631646188233,-0.35554907531949576,-0.6309044911658527,-0.2772433923278907,-0.02631426626340756,-0.006961552994126307,-0.08787068466353927,0.03706496796135598,-0.003130142832100045,8.335095402596967e-16,-4.1673553285023635e-16,4.4379966478218914e-16,-7.111161841824512e-16,-2.3948549343847227e-16,-2.855992923273118e-16,-8.526211706916223e-16,8.321815753278566e-17,4.782455206137162e-16,2.6562935778188846e-16,2.570682006968774e-16,3.101243150230087e-16,-8.025024200657626e-17,2.230455972960806e-16,-1.127691468984867e-16,-3.3858986021740343e-16,-4.4669156708674734e-17,-2.9511820037693315e-16,2.2148839538005375e-16,-2.1858803151180275e-16,-1.0910573023826305e-16,-2.956404320804563e-16,1.4943135983899016e-17,-3.1763339238495645e-16,3.610153183106358e-18,3.194199543447175e-16,-1.8326545904251324e-16,-7.861978004819501e-17,-2.904275450998744e-17,-1.331004185874519e-18,-2.6434604491065373e-16,-1.2376787296579436e-16,1.5748855450548419e-16,1.9278846341817906e-17,-1.9378055771701326e-16,3.1863165526730523e-17,5.848483730885927e-17,-1.9727898978745938e-16,1.4763211992811309e-16,2.8168782607377705e-16,6.872003802388693e-18,2.3144563175625118e-17,6.668797609594849e-17,-2.1072762647744247e-17,8.43325896651336e-18,2.305617903022152e-16,3.551208479342405e-17,-1.479454131463391e-16,8.041554193470137e-17,4.376453234502433e-17,-1.1594204446405117e-16,-2.1163528416328195e-17,-1.2540584288710648e-16,1.3765122806472566e-16,-2.3047521024833753e-16,-2.322436312261198e-17,1.2461890228732286e-17,-4.282487356254972e-18,8.303547022007814e-17,4.6897081266201394e-17,-5.0197221680529876e-17,3.134648615625629e-17,4.598341465237011e-17,1.5160442202568797e-16,-5.604552119707022e-17,-1.0545294324214769e-16,2.1207745744116902e-16,-1.6669098515561435e-17,2.4874163799498816e-17,9.627061429259182e-17,8.949458828330655e-18,-1.7002489979670042e-16,-4.423573060466616e-17,8.5747963071889e-18,4.283572506270611e-17,-4.7870515233510207e-17,1.565096063465323e-16,3.352699553166379e-17,7.533067337881125e-17,5.910071283326094e-17,-6.67908780570115e-17,-1.670758282888869e-16,-1.1247973846757745e-16,-5.024510791509993e-17,-1.47495752150543e-17,1.5542545060047572e-16,-7.508917407263575e-17,1.8652379471450436e-16,-2.7729240110103567e-16,3.711848553715014e-17,7.110562470465846e-17,-4.235678786373815e-17,1.2262827966986134e-17,1.4680912323173135e-16,-6.695616579014366e-17,3.211593651327576e-17,1.9670965850432592e-16,-1.3246136835957303e-17,-8.961225094106667e-17,-1.311263680934098e-17,1.2991185934767207e-16,5.4910801844303566e-17,-8.990710051595862e-17,-1.5312216663608913e-17,-7.492805492047577e-17,-1.7643493329250647e-16,9.264555724753022e-17,-1.755607575128235e-16,2.926756914827851e-17
COC1=CC=CC(OC)=C1C2=C(P(C3CCCCC3)C4CCCCC4)C=CC=C2||CC([O-])C.[Li+]||C1COCC1,COC1=CC=CC(OC)=C1C2=C(P(C3CCCCC3)C4CCCCC4)C=CC=C2.CC([O-])C.[Li+].C1COCC1>>,C_1caa34759b7f,COC1=CC=CC(OC)=C1C2=C(P(C3CCCCC3)C4CCCCC4)C=CC=C2||CC([O-])C.[Li+]||C1COCC1,COC1=CC=CC(OC)=C1C2=C(P(C3CCCCC3)C4CCCCC4)C=CC=C2,CC([O-])C.[Li+],C1COCC1,3.697093256973161,0.21873148620968116,2.262829076518128,-0.1699869785609379,-0.8959579632296616,-0.13753115125335008,-0.3635612569338067,1.0255047079947905,1.9551116939983528,0.8801350735997561,2.1599631646188238,-0.3971125427888165,-0.6309044911658523,-0.2772433923278908,-0.026314266263406532,0.2550985408775034,-0.08787068466353931,0.02604236923424068,-0.0031301428321000497,-3.6017320575845664e-16,-5.364577263113227e-16,6.011219942558984e-16,-5.139013222112266e-16,5.873619950806635e-16,8.689801686679003e-16,5.497658534301882e-16,-1.3578727307283299e-17,7.685330508759501e-17,-3.9580687126256965e-16,1.2961382298526695e-16,-4.820980058209595e-16,-1.590830730300501e-16,2.26616463538419e-16,4.212715725740564e-16,-4.134990786687154e-16,-4.288539385886329e-16,-5.3045002456672e-16,-1.6895125823693346e-16,1.5023079802238885e-16,5.14414889190379e-16,3.480149520407551e-17,-6.387357088435776e-17,-3.0129784215095846e-16,-4.104532272767369e-16,1.822352195465758e-16,2.234157523751837e-16,3.5205097739055097e-16,7.249337760994604e-17,2.004166122932845e-16,-1.0417674914750308e-16,2.5186716666444085e-16,2.3232752679696176e-16,2.91480422743413e-16,6.174299703503814e-17,1.1416854238140946e-16,-1.302624161293659e-16,-1.7710743110206776e-17,8.707419269197092e-17,2.7133043034895852e-17,1.6265730104395945e-16,3.658131688546698e-17,7.150113912633844e-17,6.4567484947084065e-18,1.677380117319685e-16,5.885203663311468e-18,3.276333763383245e-16,-1.7206253585597418e-16,2.0242671531011692e-16,1.0037522846110907e-16,5.4756071807350315e-17,-3.138067020361378e-16,2.5241174833248486e-17,1.3859923312282263e-16,2.2432555053314193e-16,1.0115363939211856e-16,-8.572888943264154e-17,-5.498850283002712e-17,-1.2566358770809239e-16,1.6719599366275309e-16,5.198722390155135e-17,7.278211968737853e-18,1.816893006991017e-17,2.1421268162124928e-16,4.3589193505103174e-17,1.629529263020536e-16,-6.540803726732184e-17,4.546384465652683e-17,8.114499708133346e-17,3.6009025611277094e-17,-4.673811247393288e-17,4.629521640702061e-18,9.48872036517805e-17,-9.166525630733249e-17,-1.4026808808374655e-16,-7.057913731682375e-17,-2.3755390214345428e-17,-1.9638924500594053e-16,9.883147804154515e-17,-5.676108218738934e-17,1.9149064463741324e-16,2.6507487074545284e-16,-1.5528816247554318e-16,-1.1636278467488724e-17,-9.799188329193813e-17,1.1999283220912848e-16,2.7700816733313213e-16,-3.6345141824388717e-16,-2.918061954388491e-16,-1.3179589792321512e-16,-1.0898825777414874e-16,2.2353354153042123e-16,-1.495090562287601e-16,1.9534736572911227e-16,1.3191398467942594e-16,-6.577533779030273e-17,2.5283489986759937e-16,1.2455988933281718e-16,2.1410583443529972e-16,1.0606369900947009e-16,-1.108799407267569e-16,3.7255384454387494e-18,3.5331014071282116e-16,-2.345162274995836e-16,1.7312322085708054e-16,2.140467239874301e-16,-3.115950913488435e-17,2.837585475308143e-16,-8.342316003854984e-17
CC(C)(P(C(C)(C)C)[c-]1cccc1)C.CC(C)(P(C(C)(C)C)[c-]2cccc2)C.[Fe+2]||CC([O-])C.[Li+]||C1COCC1,CC(C)(P(C(C)(C)C)[c-]1cccc1)C.CC(C)(P(C(C)(C)C)[c-]2cccc2)C.[Fe+2].CC([O-])C.[Li+].C1COCC1>>,C_9c4fc1cbbb96,CC(C)(P(C(C)(C)C)[c-]1cccc1)C.CC(C)(P(C(C)(C)C)[c-]2cccc2)C.[Fe+2]||CC([O-])C.[Li+]||C1COCC1,CC(C)(P(C(C)(C)C)[c-]1cccc1)C.CC(C)(P(C(C)(C)C)[c-]2cccc2)C.[Fe+2],CC([O-])C.[Li+],C1COCC1,-1.5678166466947503,-0.5445544539407899,2.262829076518128,-1.8306686961429999,-0.895957963229659,1.1506141613685532,-0.36356125693380514,-0.341744880418536,0.9228435721645192,-0.12806008460238094,2.1599631646188224,1.7193547786868124,-0.6309044911658604,-0.2772433923278893,-0.02631426626340832,-0.37552400425580473,-0.08787068466353969,0.6986574594526085,-0.003130142832099799,4.736868086160912e-16,-5.502297540809052e-16,-5.918642571710393e-16,5.184775172233651e-17,4.798038560349428e-16,7.836224026747407e-18,-1.4530698427205749e-16,-5.627911267999317e-17,-2.728733289952768e-17,-1.861698743122563e-16,3.769065212529346e-17,1.8511137978811466e-16,3.211505989142877e-16,-1.7571956950977622e-16,-6.0103623146531065e-18,1.7712564659152175e-16,4.124417040043612e-17,-7.062626814427211e-17,1.1354486784269831e-16,-1.572021998400978e-17,-2.0318511270370074e-16,6.8727604944896396e-18,-7.076858799654668e-17,-2.3535181636381148e-17,1.0538694909672321e-16,1.50713594720138e-16,-2.592656319662041e-16,-4.4961900862496835e-17,-1.4261977901928615e-16,1.1663686659156147e-16,1.441324076724674e-16,8.70515026567925e-17,1.2998177807430128e-16,1.2599884171024062e-17,1.791888790562669e-16,-2.2335003511299463e-16,1.4604974849566722e-16,-5.735852592197738e-17,-1.5269233683512732e-16,-2.1048429259602796e-17,1.824868149869012e-18,-8.714689153361979e-17,1.834988504671273e-16,1.232672489730899e-16,2.1811014107176556e-16,-1.4630008820104645e-16,3.103827965139327e-16,-8.393767650530173e-17,-2.7070196500817357e-16,9.561104880091568e-17,-7.859499837255296e-17,1.236820156411496e-16,2.316325558389326e-16,-1.2338897292509698e-16,3.395640518163582e-17,2.9671977195110965e-17,-5.877193847848512e-18,3.8630238091716065e-17,6.6270680548371345e-18,1.703444068527353e-17,-5.0340375015990206e-17,-1.4044006704948582e-17,5.210742885933897e-17,2.3447379228244916e-17,-3.6421538320822254e-17,1.0046840705096584e-16,-3.1528746673915024e-17,4.6120317000602935e-17,3.69594633232674e-17,1.0842294161861025e-16,1.7088920847984617e-16,3.162964693532859e-17,7.54106692649532e-17,5.738528481855243e-17,9.437003775068729e-17,-8.685561645894764e-17,-2.2866114751696435e-16,2.2453058474871596e-17,-9.441217322844871e-19,1.9738036268468348e-16,1.4663499719419752e-17,1.7121414169735616e-16,-1.4160279370184365e-16,2.135447810210499e-16,-3.161088940481584e-16,7.02393718193659e-17,-4.908410905041921e-17,-8.890202627661917e-17,2.7323932254158446e-16,2.8228964908692364e-16,-1.116114754949747e-16,1.0112967410160119e-16,-3.172634761959908e-18,1.2073372591798288e-16,-6.172744771243643e-17,-4.656341420309178e-17,-8.286432977222546e-17,-6.768898670353433e-17,1.653009959943414e-16,8.11162121472648e-17,1.5179437162917837e-16,1.3202543514322665e-16,1.1078878705011252e-16,-1.624477798670214e-16,1.9370111283498522e-17,1.61213649462808e-16,2.6272809420082377e-17,7.239935421764029e-17,2.0122683300221653e-16
CC(C1=C(C2=CC=CC=C2P(C3CCCCC3)C4CCCCC4)C(C(C)C)=CC(C(C)C)=C1)C||CC([O-])C.[Li+]||C1COCC1,CC(C1=C(C2=CC=CC=C2P(C3CCCCC3)C4CCCCC4)C(C(C)C)=CC(C(C)C)=C1)C.CC([O-])C.[Li+].C1COCC1>>,C_6bdfe42bf0e3,CC(C1=C(C2=CC=CC=C2P(C3CCCCC3)C4CCCCC4)C(C(C)C)=CC(C(C)C)=C1)C||CC([O-])C.[Li+]||C1COCC1,CC(C1=C(C2=CC=CC=C2P(C3CCCCC3)C4CCCCC4)C(C(C)C)=CC(C(C)C)=C1)C,CC([O-])C.[Li+],C1COCC1,4.095214292254157,0.060599001610190356,2.262829076518126,-0.5208425618983312,-0.895957963229661,-0.11150016598743188,-0.36356125693380786,-1.7351649042204016,-1.0409822672107318,-1.007261029641314,2.1599631646188224,0.3127331155945654,-0.6309044911658543,-0.2772433923278894,-0.026314266263407767,0.08800205000734845,-0.08787068466353903,-0.0017897580635641147,-0.003130142832100093,-2.395660996355478e-16,5.745327316355568e-16,-7.566279030801881e-16,1.4272675049312992e-16,7.6278814028125855e-16,-1.1733534365753016e-17,4.897462139555124e-16,-4.041828874804971e-16,-1.71800401336898e-16,8.479055032363582e-17,3.2544549442151776e-16,-2.4710969583782374e-17,2.690547288103145e-16,-4.265251523311836e-16,1.0626799505364253e-16,-3.021112822164407e-17,2.0556874655267566e-16,-4.569921117760809e-16,-1.0989349755922253e-16,2.028485377350935e-16,2.0786045256792088e-16,6.405809045368933e-16,1.273845827058171e-16,7.475600945210467e-17,1.1848443045107505e-16,8.243465519104732e-17,-2.291516388032785e-16,-1.2723579383198921e-16,-8.845068093966583e-17,-8.038902605792023e-17,8.403375067717436e-17,1.179518605063245e-16,5.94007420934069e-17,-4.586661063695517e-17,-2.963297891588274e-17,1.6529603005521025e-16,-6.83857889720376e-17,-6.371335328789156e-17,6.554193857651573e-17,-2.2768501242494424e-16,-7.581802333143281e-17,-6.725146226885036e-17,5.0542667489124244e-17,-2.4065450697209103e-16,-1.6199621645945333e-16,8.436793041232505e-17,-2.288897813021227e-16,4.614478060105238e-17,9.337107606161584e-17,-2.4640999737140727e-17,-1.4509135060535173e-16,1.8520761054293856e-16,3.4548856433725364e-17,1.234296806414355e-16,-9.047948711467772e-17,3.7957585803850145e-17,2.342646634047915e-16,7.361802680339518e-17,7.44225733860453e-17,1.1356040963419052e-16,4.954089825081983e-17,2.582185287069932e-16,2.5244805511278403e-16,-3.49377727537939e-16,2.8528623850062897e-16,9.023464852884896e-17,3.908013552089577e-17,-9.7398073881508e-17,8.717010896065085e-17,2.785880906675317e-17,-2.570394684760136e-16,1.6255796294092086e-17,-5.4565236742768404e-17,-8.867995247463636e-17,9.990735160857273e-17,8.463362260294959e-17,-3.6016831809836494e-18,5.5448188761782235e-17,-1.7563799651136677e-16,-9.940279597766622e-17,-5.835129690669022e-17,-3.1730399314415973e-16,9.427364855847351e-17,-5.189591611094185e-17,2.053140343057193e-17,-2.382297875961501e-16,2.2531871851443185e-16,7.180331051028716e-17,-9.704729847756833e-17,-4.910227705643426e-17,1.0365029235481312e-16,7.309425558699695e-17,-6.068099461590324e-17,-8.062147342132799e-17,7.038766825135812e-17,-6.78445360096374e-17,-3.3012554563009058e-18,-1.767035957723633e-17,1.5763726559306e-16,-1.583509263387124e-16,9.470300228500959e-17,-1.0283206001143955e-16,6.685036790297245e-17,-3.771061046474455e-16,-2.992578750838033e-16,-1.252414697824741e-16,-1.7620009214894555e-16,1.553449863878554e-16,-1.6645735633125734e-16
[c-]1(P(C2=CC=CC=C2)C3=CC=CC=C3)cccc1.[c-]4(P(C5=CC=CC=C5)C6=CC=CC=C6)cccc4.[Fe+2]||CC([O-])C.[Li+]||C1COCC1,[c-]1(P(C2=CC=CC=C2)C3=CC=CC=C3)cccc1.[c-]4(P(C5=CC=CC=C5)C6=CC=CC=C6)cccc4.[Fe+2].CC([O-])C.[Li+].C1COCC1>>,C_b74a323249c5,[c-]1(P(C2=CC=CC=C2)C3=CC=CC=C3)cccc1.[c-]4(P(C5=CC=CC=C5)C6=CC=CC=C6)cccc4.[Fe+2]||CC([O-])C.[Li+]||C1COCC1,[c-]1(P(C2=CC=CC=C2)C3=CC=CC=C3)cccc1.[c-]4(P(C5=CC=CC=C5)C6=CC=CC=C6)cccc4.[Fe+2],CC([O-])C.[Li+],C1COCC1,-1.3841208155545002,1.1338119037417695,2.262829076518126,-1.1785704697655917,-0.895957963229661,2.0264914915776946,-0.36356125693380864,-0.487606329313314,0.32524259872946826,-0.3701586543025706,2.1599631646188238,-1.4860818817802006,-0.630904491165848,-0.27724339232789075,-0.026314266263406993,-0.267529735544833,-0.08787068466353883,-0.795814978261376,-0.003130142832099709,-5.92864750715536e-16,-4.805991276163824e-16,5.106509009303118e-16,-1.5597132064079921e-16,1.1958337438189866e-16,-4.3447546507213604e-16,-2.4642202820614425e-16,-6.110761633104586e-16,-1.1072779112317384e-16,-4.999603246246324e-16,1.216824075549601e-16,2.904264742442609e-16,2.524503235892437e-17,3.9312270895235916e-17,-4.817149966476829e-17,1.42562203758422e-16,-7.685488706647681e-17,5.813751342805038e-17,2.4292753094372366e-16,2.891234085026157e-17,9.391259857039874e-17,-2.5548848638983147e-17,9.297441225414622e-17,-3.9009452149209576e-18,1.8135570379814496e-17,2.5509736238516505e-16,-4.1190912006635073e-16,-9.184034840659924e-18,3.482439618717895e-17,7.445399143210841e-17,9.263097035372784e-17,7.042074732079804e-17,-1.8734840803984229e-16,-4.292832270238941e-17,-7.468897015069775e-17,-3.2419235751912103e-17,-1.2347017233995337e-16,-6.218374352243856e-17,-1.1354547077051495e-16,1.0642103987271127e-16,-2.0488610893893962e-17,-1.5344484596679866e-16,1.5141114034377698e-17,8.638358926965861e-17,-8.159162390587972e-17,-6.948464024174562e-17,5.443295318319112e-17,-2.3683153489574835e-16,7.469292198095841e-17,-3.5828080556461745e-17,9.430701289863067e-17,-5.867820847912857e-17,1.7110358101132963e-18,-3.3502220103892825e-16,4.444250082402121e-17,2.6733451218018716e-17,4.0226748557361636e-17,1.1755996656018707e-16,-8.325341606675061e-18,-8.805699916816672e-17,9.169410519017337e-17,6.602148492028879e-18,5.680193766545649e-17,1.4032473294080233e-16,-1.1763152457290533e-16,-5.779850904588086e-17,7.857009224071043e-17,2.796129776149166e-17,2.4351594487468898e-17,-3.479929172381777e-16,-3.171236150010901e-16,2.9632475633546197e-17,-7.270221963198006e-19,-1.5798031226631467e-16,-3.9773767746230134e-17,3.667985602077915e-17,5.038098295861892e-17,4.310078406737863e-17,-1.1100745661702044e-16,-9.484674779700547e-17,-1.3763139413413754e-16,-3.458896147100328e-18,-2.383647423099126e-16,-2.899460730839846e-17,8.160410263761039e-17,8.693260768840821e-17,9.00271655200397e-17,7.764216587468855e-17,-1.6931561384799267e-20,-2.1935703314381072e-17,-1.386390213064567e-16,7.277449136608638e-17,8.936923304282562e-17,-8.372051477530863e-17,-7.98980532386403e-17,1.2630035971340106e-17,1.0056000833441174e-16,-2.898116443288874e-17,-2.8089621900071803e-17,8.040340444556351e-17,-5.2058589092267275e-17,3.876233499359734e-17,5.600367262393123e-18,-7.328064264083945e-17,-1.561379658204118e-16,1.0593448634086199e-16,-6.155565018167853e-17,-1.6953016036181033e-16,1.1053724165267657e-16
CC1(C)C2=C(OC3=C1C=CC=C3P(C4=CC=CC=C4)C5=CC=CC=C5)C(P(C6=CC=CC=C6)C7=CC=CC=C7)=CC=C2||CC([O-])C.[Li+]||C1COCC1,CC1(C)C2=C(OC3=C1C=CC=C3P(C4=CC=CC=C4)C5=CC=CC=C5)C(P(C6=CC=CC=C6)C7=CC=CC=C7)=CC=C2.CC([O-])C.[Li+].C1COCC1>>,C_643b790d7a15,CC1(C)C2=C(OC3=C1C=CC=C3P(C4=CC=CC=C4)C5=CC=CC=C5)C(P(C6=CC=CC=C6)C7=CC=CC=C7)=CC=C2||CC([O-])C.[Li+]||C1COCC1,CC1(C)C2=C(OC3=C1C=CC=C3P(C4=CC=CC=C4)C5=CC=CC=C5)C(P(C6=CC=CC=C6)C7=CC=CC=C7)=CC=C2,CC([O-])C.[Li+],C1COCC1,-0.7608527313618176,3.0573458202759265,2.2628290765181296,2.340206537654113,-0.8959579632296627,-0.5112817700760026,-0.36356125693380636,0.3559284257571043,0.45010996213630977,-1.120726489208372,2.159963164618823,0.8357285648736761,-0.6309044911658569,-0.27724339232788975,-0.026314266263408284,-0.3419186122896452,-0.08787068466353921,-0.1612780287982508,-0.003130142832100066,-2.4496102569997643e-15,-3.9736468696978623e-16,-4.3467184662923007e-16,-2.5085985931979214e-16,-1.561540529021881e-16,-1.5269984352398132e-16,7.896499928109225e-17,6.801490934994502e-17,4.02981392466353e-16,1.9472248826879473e-16,2.200187428262574e-16,-2.3657812653854455e-16,-2.0295763439423332e-16,2.597169269605444e-16,-1.4736629203967089e-16,3.096478461157055e-16,3.560569233227419e-18,-4.850111742167021e-17,-1.9886684501997669e-16,-5.303850823886944e-17,-2.2807139846016464e-16,-3.2845123857199695e-16,-2.7873164138248135e-16,-6.576892737903391e-17,-1.2724002028335434e-16,-7.095905628102025e-17,1.3295408415163438e-16,4.48796905820242e-17,-4.663536859757222e-17,9.640177762318199e-17,-3.1897662045044345e-16,-8.865873099040944e-17,-1.9981539411244914e-17,-2.5026846202134577e-17,4.946534811338057e-17,8.517008580255632e-17,-2.1074962413368256e-16,2.0776107550884462e-17,-1.2650036266009613e-16,8.436781108360666e-17,-1.6626217668979708e-17,-2.1957114397217622e-16,7.837606337945958e-17,-5.901596828856631e-17,2.769393743477933e-16,4.4429677843436855e-17,-7.531411244572295e-17,-6.67238942591981e-17,-1.5350919450364224e-16,1.641280644207462e-17,-2.5006342175773167e-16,-1.1545620731845224e-16,5.3424077793407434e-17,-3.5408249414196034e-18,-6.047534307241542e-18,8.065178653830417e-17,-6.628762933155112e-17,5.274533004425743e-17,-4.4034582122462903e-17,2.9856160412545003e-19,1.1274404071071166e-16,7.958476867235859e-17,-1.4480578927783317e-16,-4.388627272052103e-17,-7.136785736317375e-17,1.5937062461572402e-17,1.4024458957223487e-16,-2.0032483932275045e-16,1.1657218305420426e-16,7.654572345815296e-17,1.7378179697517107e-16,-2.712519081701907e-17,2.542478250700418e-16,-2.853914852830414e-17,-1.0031254566048698e-16,-3.821486821274973e-17,2.1021574716441423e-16,-8.417224175420491e-17,-8.059852314972301e-17,-1.3734992619393338e-16,1.323899996716023e-16,6.515902127733155e-17,-1.1322306237396763e-17,-2.580274994844868e-17,5.521476139387156e-17,-8.488894377408757e-17,-1.412690593201223e-16,-3.0702340931001767e-17,5.823400945138316e-17,1.0281576958310544e-16,2.2181445518228888e-16,1.8159682985794704e-16,-4.487687304757421e-16,-7.342174824402693e-17,9.877117504314805e-17,9.211083802282371e-18,1.9577029784177534e-16,1.9458489803985805e-16,1.3163728477517178e-16,-6.868818697251004e-17,-1.2860490122668516e-16,7.770929469939834e-17,1.0423941384600183e-16,1.5563826600243367e-16,-2.227625379877171e-17,-2.278854179772667e-16,-4.623053423291016e-17,1.221678338676234e-16,9.057694084964888e-17
CC(P(C(C)(C)C)C(C)(C)C)(C)C||CCN(CC)CC||C1COCC1,CC(P(C(C)(C)C)C(C)(C)C)(C)C.CCN(CC)CC.C1COCC1>>,C_06942027d69d,CC(P(C(C)(C)C)C(C)(C)C)(C)C||CCN(CC)CC||C1COCC1,CC(P(C(C)(C)C)C(C)(C)C)(C)C,CCN(CC)CC,C1COCC1,-1.224289551208006,-0.6982614233068841,2.262829076518127,-0.5409122448896104,-0.8959579632296595,-0.48093282746035043,-2.220068392385907,0.5164120737207385,-0.3579680742465468,-0.004776469817939362,-0.8062691168934047,0.8719731108561635,-0.40282635535216904,-0.27724339232790374,-0.8638264162109391,1.6703602962318336,-0.0505688851156075,-0.7970487546071368,-2.425572942469276e-05,-3.2336294535869185e-16,4.713906990470049e-16,-3.083385467819806e-16,-4.813861122834001e-16,1.1256250871828053e-16,-2.460101475953554e-16,-1.3093981534754847e-16,-4.4269669056797357e-16,-3.206220910571428e-16,2.843754238088862e-16,3.686944229908509e-16,-3.1402289274347777e-16,-1.1779987330425773e-16,-1.42382872098751e-16,-7.020971660535165e-17,-2.5477170487072886e-16,-1.0721059562089573e-16,-8.8890909881136e-17,-2.876097161024238e-17,4.407972254938544e-17,-1.0092321436086765e-16,2.660398135509164e-17,8.295893062496285e-17,8.840397261793378e-17,-2.2719336174227355e-16,3.3466451681844914e-17,-9.79696285646176e-18,-1.743944221972578e-16,1.0600402636333285e-16,7.550330838305832e-17,1.1076372898553484e-16,1.2342801153226277e-16,-3.390009337729786e-16,1.2909482962283504e-16,6.810380462793619e-17,-2.387293816412458e-18,1.7353899136043948e-16,-2.7042679336406474e-17,3.592369704418445e-17,-1.5633933414197472e-16,-1.928852600176167e-17,-5.963328969703383e-17,-3.349097423878303e-16,-5.657083965377756e-17,-1.9273445055056443e-16,1.2575661800996403e-16,-1.9545469334692476e-16,-7.986703075815633e-17,1.3821790343475436e-16,-3.775409365262951e-17,-1.8583635678146799e-16,-5.5169737127101126e-17,-1.6929345797395338e-17,9.803464309554751e-17,4.949920792207184e-17,-1.3131183599264544e-16,-5.4513160550525535e-17,1.2583689183122811e-17,-5.073338353709664e-18,2.462250293473958e-16,-1.4363405749785757e-16,-4.026138075846745e-17,-4.938901194841164e-17,-2.782452042997087e-17,8.210922874018356e-17,-7.371006750251623e-17,2.219528144861122e-16,-1.366355682769153e-16,-6.902539938263338e-17,-1.5125487973515866e-16,-8.158953154387955e-20,8.704965585047395e-17,5.519948711826714e-17,5.2762643207659346e-17,1.8897695947296236e-19,6.663097621540375e-17,-2.467406158609911e-16,-8.5958932128839e-17,-2.3099792476786805e-16,1.633102201305584e-16,-1.398335487502012e-16,1.818431172236982e-16,-3.305510200911799e-17,-2.535156446480932e-16,7.117329634026275e-18,7.29698524374174e-17,4.519342487451565e-17,5.318663740451144e-17,-7.44328589793916e-17,-1.6993524245632067e-16,3.286854422776655e-17,2.222774144864581e-16,-1.782275121251832e-16,-2.9873395713325684e-17,-1.5761661368870058e-16,-6.687642818021425e-17,-5.836098497063889e-17,1.7742528045803687e-16,1.2750681394525255e-16,-1.4280268765133392e-16,-6.398246562756835e-17,-7.701282850803641e-18,-1.0477729141916797e-16,1.1279760531357836e-16,1.4451436670552944e-16,7.233296335922548e-17,-1.2842080723340776e-16,-7.18794024884541e-18,-1.31151918079463e-16
P(C1=CC=CC=C1)(C2=CC=CC=C2)C3=CC=CC=C3||CCN(CC)CC||C1COCC1,P(C1=CC=CC=C1)(C2=CC=CC=C2)C3=CC=CC=C3.CCN(CC)CC.C1COCC1>>,C_bc36e49a52b8,P(C1=CC=CC=C1)(C2=CC=CC=C2)C3=CC=CC=C3||CCN(CC)CC||C1COCC1,P(C1=CC=CC=C1)(C2=CC=CC=C2)C3=CC=CC=C3,CCN(CC)CC,C1COCC1,-0.9376336432096942,1.2345744235185019,2.262829076518127,0.23684906840748102,-0.8959579632296599,0.27863967790261535,-2.22006839238591,0.21949929330034443,-0.7800009929116303,0.14740606941524698,-0.8062691168934037,-1.1263128578207344,-0.40282635535216055,-0.27724339232790424,-0.8638264162109381,0.9338159119711474,-0.050568885115609356,1.2462422126349615,-2.4255729424573752e-05,-4.1110136417882816e-16,-3.506715521373637e-16,3.7048049150786943e-16,2.006006460152506e-16,-1.8677459072834912e-16,-2.7717573394835598e-17,-1.3041342752609407e-16,-3.441476236130688e-16,2.453379123501889e-16,2.104110194035938e-16,3.6929133411757175e-16,1.0977425821978232e-17,-2.4524851574398804e-16,3.589259390178884e-18,-1.540446779481993e-16,2.9630756580035142e-16,5.736095550412167e-16,-1.4263692023033602e-16,4.1823575826880495e-16,8.819427356847921e-17,-7.719971849046843e-17,-2.7179529699638706e-16,-8.275002519158926e-17,3.158700763381307e-17,6.332942624491237e-17,-9.45228739894176e-18,6.682830257423811e-17,-2.72647113003715e-16,9.236074261958322e-17,3.676664873723895e-17,1.5388423285494994e-16,-2.968518452740189e-17,1.2946650024546036e-16,-6.838044899835866e-17,1.4873454124514683e-16,7.097427413372987e-17,3.898038368474968e-17,-1.0341007460729718e-16,2.1798654170900385e-16,5.5352827026160736e-17,2.2615346920760604e-16,1.944310960308679e-17,-8.071925096255572e-17,-7.850012144569932e-17,3.725263886572048e-17,9.087290083256273e-18,-1.2408403803287525e-16,2.1493145994420443e-17,2.0452704017416578e-16,-3.3075839553007064e-17,4.839338682753244e-18,-1.7269026088848867e-16,-1.1703394595274122e-16,1.0530859433381892e-16,-2.47772681592433e-16,-3.6607556611368905e-17,-4.702168656436562e-17,-1.4135650236816587e-16,3.410065793751613e-17,-3.24695836201145e-17,-1.0929843685781567e-16,1.4270385889958395e-16,1.2295125837140647e-16,3.828861944438684e-17,2.90887773367664e-17,-6.250875591414435e-17,-2.7059069419077632e-16,-1.1686866679842696e-16,-1.0924664533537513e-16,7.244461155505686e-17,-1.1406469060033049e-16,-3.2934347165500025e-17,2.64961144832933e-16,1.967973867614046e-17,2.6731500581050876e-16,8.51575521349718e-17,-3.2461719135797054e-17,-4.607089689696674e-17,9.046227000875044e-17,8.485605561294708e-17,2.5408624672942093e-16,2.691071302316762e-17,-6.865544152979465e-17,-2.0886258863770302e-16,-4.371502542548653e-17,-6.625139827382497e-17,2.031999964082207e-16,1.8884494715244415e-16,-1.1477456900496002e-17,4.105888891370322e-17,1.9511723673346086e-16,6.25377569847626e-17,6.164597053500724e-17,-2.592867048083538e-16,-6.141662513735786e-17,2.661302014522199e-16,-9.085397630893114e-17,-3.334275910583688e-17,-8.397195513562881e-17,1.8140175390368833e-16,-1.7189293242052156e-16,-2.595951890038764e-16,-5.757033294876874e-17,1.583997912375769e-16,4.942624353892869e-17,7.320040717970543e-18,-4.030185117998502e-17,1.179231379342374e-16,-1.446977646108501e-16
CC(C)(C)P(C(C)(C)C)C1=CC=C(N(C)C)C=C1||CCN(CC)CC||C1COCC1,CC(C)(C)P(C(C)(C)C)C1=CC=C(N(C)C)C=C1.CCN(CC)CC.C1COCC1>>,C_d2ed8c3e0852,CC(C)(C)P(C(C)(C)C)C1=CC=C(N(C)C)C=C1||CCN(CC)CC||C1COCC1,CC(C)(C)P(C(C)(C)C)C1=CC=C(N(C)C)C=C1,CCN(CC)CC,C1COCC1,-1.5782981121882067,-0.6507387560859165,2.262829076518128,-1.3390820507081536,-0.895957963229661,-3.023312088182808,-2.2200683923859077,-0.2690314540585105,0.351034608627315,-0.3959375129998079,-0.806269116893404,-0.8157423012752578,-0.4028263553521621,-0.27724339232790385,-0.8638264162109394,-0.5617383596306827,-0.05056888511560874,0.020503180976102906,-2.4255729424596808e-05,-2.5760147641610745e-16,-7.019426967120643e-16,-1.195203541146827e-15,-3.2481126665140124e-16,-3.1978831164048943e-16,1.0049090146423398e-16,4.954854152481543e-16,-1.2795694497518857e-16,6.719533940133117e-17,3.3359558842016206e-16,8.433127709125618e-17,1.256180552671519e-16,-2.6171848571635522e-17,-5.311968408818693e-16,2.5590500204387073e-16,1.9973203308868755e-16,1.3978042759376465e-16,-7.636890991912445e-16,4.0871538939930816e-16,2.740384605399948e-16,7.57072259888813e-17,-9.211284467498905e-17,2.2453521802687213e-16,-4.739302491047734e-16,-1.7077915714237552e-17,2.7353999555520854e-16,-2.0216201950437757e-16,-5.3355386624867397e-17,-2.6922881777484984e-16,1.325826039699727e-16,-2.5174417023574726e-17,-7.686911027102456e-17,6.760622234234879e-17,1.9141729390940683e-16,-1.1581085344034823e-16,-6.668685063084072e-17,7.564771792217008e-17,1.3751218088096253e-16,-3.422534522478206e-16,-1.7227813527640335e-17,2.8121207405012327e-16,-8.584001541087235e-17,-1.0248171592405621e-16,-6.066391823453541e-17,-7.802249514624242e-17,-7.962165578174411e-17,-1.3604903266243648e-16,-6.045366138009126e-17,9.116075129499128e-18,2.1759099537432158e-17,1.3548491626921356e-16,7.152982975700109e-17,-4.189120384075833e-17,4.34691218579651e-17,2.2484731631747528e-17,8.970071721442382e-18,-1.6553955669687635e-16,-4.132843532038554e-17,1.5430536266318344e-17,2.1487121301276142e-16,3.9503872141818553e-16,-4.7564306136941137e-17,1.0676043667862196e-16,9.927589592897929e-17,-1.2745184837417192e-16,2.0295096531447112e-16,-3.77815186614009e-16,-5.331564067015329e-17,2.811936302133269e-17,1.1089398842531801e-16,-4.9523907397527665e-17,-1.61452993244402e-16,-5.859475180059147e-17,1.7537119214271196e-16,-3.6289465258640557e-17,-9.323558584149738e-18,1.1705551511330004e-16,6.487000883189055e-17,-6.801109970516074e-17,4.4335187061650894e-17,1.2652549514776743e-17,2.784965972297037e-16,1.1896944465578078e-16,-1.4606766852708423e-16,6.4193107665584e-17,3.2086897854549443e-16,-1.6875938604172187e-17,1.1430281067801558e-16,8.763282364976109e-18,-1.350113388741494e-16,2.5810257134350366e-16,1.5349540139631864e-17,1.533447591467946e-16,1.856587933980674e-16,2.8996754640440843e-16,2.9979681871877317e-17,7.538554483671589e-18,-1.997939375401389e-16,-1.3656109755850867e-16,-3.4212636927149595e-18,2.3765126262091763e-16,-1.6669967933100953e-16,3.1023609809469895e-17,1.0417989190032143e-16,4.0044328174709395e-17,9.171015017566474e-17,-2.742679257604821e-16,7.481455909140375e-17,-1.8590011369865351e-16
P(C1CCCCC1)(C2CCCCC2)C3CCCCC3||CCN(CC)CC||C1COCC1,P(C1CCCCC1)(C2CCCCC2)C3CCCCC3.CCN(CC)CC.C1COCC1>>,C_52dfb705fc0a,P(C1CCCCC1)(C2CCCCC2)C3CCCCC3||CCN(CC)CC||C1COCC1,P(C1CCCCC1)(C2CCCCC2)C3CCCCC3,CCN(CC)CC,C1COCC1,0.8097398838794679,-1.610823327016456,2.262829076518128,-0.03231794708524627,-0.8959579632296607,0.5630227060514406,-2.2200683923859077,2.2053092310680884,-1.3646949579166299,-0.5762782864827901,-0.8062691168934043,-0.011638395004676028,-0.4028263553521646,-0.27724339232790246,-0.8638264162109396,-0.8033477138467446,-0.05056888511560921,-0.029613970329751098,-2.425572942439044e-05,2.5191968824476877e-16,-3.3385497781064083e-16,-5.4119197654378497e-17,-3.671793992740281e-16,3.0173812144355436e-16,1.0591518152164924e-16,9.51637926548121e-17,-1.47598025206069e-16,5.601030579527573e-17,4.085884197319574e-16,1.1377429559265068e-16,1.1858578365605615e-16,-2.150025594485277e-16,3.0729573728960016e-16,-6.758879607643537e-16,-2.9840928160380227e-16,4.815605170678951e-16,-1.0869467379712144e-16,-7.144716598256475e-17,6.503224201649825e-17,8.517084922232302e-17,-1.070257087694393e-17,7.658634421295692e-17,-2.6649069697919756e-17,-3.960161003812837e-17,2.31361962957825e-16,1.9563238377634344e-16,-2.0765637521990357e-16,2.735530364328634e-16,2.2054859199209647e-17,8.966554820534929e-17,5.595747398478296e-17,3.822598859659917e-16,-2.146765021271602e-16,6.603950931095465e-17,-1.2340605827825224e-16,-3.998420497432732e-17,4.4872156056612644e-17,-6.968205428464102e-17,-2.962842593549026e-17,6.350503708546931e-17,-2.7975029151879647e-16,-2.76295080470467e-17,4.154143991923604e-17,2.1739148209300255e-16,-1.8559943363517978e-17,3.903756613071717e-16,-2.681053217405845e-16,1.933241690257397e-16,3.54872283905806e-17,4.986819542332222e-17,5.428411854638151e-17,-1.1591785712299456e-16,-2.8694202645355507e-16,2.5333535418054814e-16,5.613276089026694e-17,2.9839032870891227e-16,1.4059329861114602e-16,4.264565731395729e-17,-1.8351983588842864e-16,1.4896794574024275e-16,3.968787327745337e-17,-1.7859342011281365e-16,-1.6980522646208904e-16,7.180330796490615e-17,-8.989820775667948e-17,-5.022779471976853e-17,2.5424213616016824e-16,-2.1826772808834191e-16,7.682311488301868e-17,1.473418791734651e-16,1.2354139295098108e-16,5.077799859255328e-17,-1.2386943318803598e-16,5.076356317412248e-17,-1.711845326323894e-17,1.730403681968204e-17,-1.7958168984216455e-16,1.0546330611797001e-16,1.9245224944167977e-16,6.380008579064745e-17,9.580324351753988e-17,2.7358504966316952e-17,1.6855238763203464e-16,6.131896411341367e-17,9.83865789912874e-17,1.2629934444819275e-16,1.7163823070913153e-16,3.4863006631287177e-16,-6.335931217275834e-17,-2.0215807963344419e-16,6.386990932089753e-17,9.156377056777761e-17,-1.2997994715502147e-16,-2.527298967619063e-16,1.029500392247615e-17,-6.925176061353283e-17,4.0002546531566866e-17,2.0187891179448184e-16,3.4079365783146115e-16,-3.824763850898586e-17,2.195444592964082e-16,1.1266914401167857e-16,1.0441990294765083e-16,1.5334681778151475e-17,-1.9068392782525143e-16,-2.7717930069527692e-17,-2.096893441729356e-16,1.2382693550898318e-16
CC1=CC=CC=C1P(C2=CC=CC=C2C)C3=CC=CC=C3C||CCN(CC)CC||C1COCC1,CC1=CC=CC=C1P(C2=CC=CC=C2C)C3=CC=CC=C3C.CCN(CC)CC.C1COCC1>>,C_bef2853fb592,CC1=CC=CC=C1P(C2=CC=CC=C2C)C3=CC=CC=C3C||CCN(CC)CC||C1COCC1,CC1=CC=CC=C1P(C2=CC=CC=C2C)C3=CC=CC=C3C,CCN(CC)CC,C1COCC1,-0.2636547557625332,0.9915488887997193,2.262829076518128,0.3224862210695078,-0.8959579632296572,-0.24540933155649483,-2.220068392385908,-0.5084585430537785,-1.036004040322466,2.508680959507178,-0.8062691168934052,0.4526474839779553,-0.402826355352168,-0.2772433923279038,-0.8638264162109385,-0.5902568205259889,-0.05056888511560892,-0.24296470019918964,-2.4255729424572237e-05,6.173677539562939e-16,-1.901389432516251e-16,-3.7478317696670687e-16,-2.939194415466586e-16,2.592285279594156e-16,2.8874305334558545e-16,-1.493619779571872e-16,1.0315341772519036e-16,1.0885550517241105e-15,1.113335723171322e-16,3.3406929325960965e-16,-8.480131886270663e-17,8.553695609511592e-17,2.4798595470531485e-16,-2.7071468188557988e-18,-9.561357854388868e-17,1.3745458608134798e-16,2.6794723508740663e-16,1.6649884948237943e-16,-3.633699927876792e-17,3.2189768249165576e-16,2.8748139850270067e-16,1.1628578580122438e-16,7.684256665897359e-17,-1.3857404371490694e-16,-1.9536088852193397e-16,1.424794554723266e-17,-3.9416656109493537e-17,7.2977150757781e-17,5.870050928437715e-17,-1.6447056204909767e-16,1.1645808803886605e-16,1.67334746671277e-16,9.355677975479412e-17,9.540619124711563e-18,1.0654181848952567e-16,-3.123765389376198e-17,1.9248102564371574e-16,8.607567239168974e-17,1.530935565330278e-16,6.130343668548745e-17,-4.581151332815685e-17,7.509276747469026e-17,-1.531562510030656e-16,7.426438726876691e-17,-6.50583090265415e-18,-1.1635949911094065e-17,1.0114809494307222e-16,1.8575725246494786e-16,1.371939513711459e-16,-7.627116050024099e-17,4.0362350987940296e-17,-2.333774134328194e-16,-1.2054407539767734e-17,-3.194440750900899e-17,-1.1405804059678928e-16,-4.916033254482519e-17,7.762767401117411e-17,-5.896660289934816e-17,-2.4655877350763417e-18,-1.3954412731618993e-16,-4.8039941589594696e-17,5.95516131834903e-17,5.466334150732087e-17,1.3595638449649301e-16,1.4270028833219585e-16,1.5419928442920747e-16,1.3469039408633746e-16,5.588721980460389e-17,-1.330642483800393e-16,6.974962485101306e-17,-4.364053801292362e-17,1.677690804018484e-16,1.2674279022734225e-16,6.775488382980272e-17,-7.842378351696866e-17,1.3727641345476724e-16,-8.371016456024218e-17,2.2111153817425907e-16,-1.741232465217596e-16,2.4535663903897023e-17,1.9673610601501106e-16,-7.730255494197856e-17,-9.023046138125097e-17,1.4047423936391783e-16,1.7088010415528545e-17,-1.7693694812604211e-16,-1.8371134108854368e-16,4.0802308778807964e-17,2.9523089943957135e-17,2.070130904120349e-16,4.0189572974823806e-17,-1.8906156078576039e-16,1.0191472285163493e-16,4.674778546298724e-17,1.9658644919971632e-17,-2.033662208581387e-16,6.2936655454665065e-18,2.3879355800394352e-17,6.015716737061843e-17,7.036494041551131e-17,1.1828362280554953e-16,3.800799936133939e-16,1.6296986746974951e-16,-2.035873112985341e-16,-1.4340013321028656e-16,-5.9015420098065095e-18,-1.5851760416392453e-17,-3.299174504651704e-17
CCCCP(C12C[C@@H]3C[C@@H](C[C@H](C2)C3)C1)C45C[C@H]6C[C@@H](C5)C[C@@H](C4)C6||CCN(CC)CC||C1COCC1,CCCCP(C12C[C@@H]3C[C@@H](C[C@H](C2)C3)C1)C45C[C@H]6C[C@@H](C5)C[C@@H](C4)C6.CCN(CC)CC.C1COCC1>>,C_f2ce98228292,CCCCP(C12C[C@@H]3C[C@@H](C[C@H](C2)C3)C1)C45C[C@H]6C[C@@H](C5)C[C@@H](C4)C6||CCN(CC)CC||C1COCC1,CCCCP(C12C[C@@H]3C[C@@H](C[C@H](C2)C3)C1)C45C[C@H]6C[C@@H](C5)C[C@@H](C4)C6,CCN(CC)CC,C1COCC1,-0.8853811771272792,-3.1922335638057375,2.2628290765181296,2.712839121919753,-0.8959579632296604,0.4911992976161399,-2.2200683923859077,-0.9806476207765281,0.5753078969520419,0.06697642453299651,-0.8062691168934043,-0.3555490753194957,-0.4028263553521647,-0.2772433923279038,-0.8638264162109394,-0.006961552994126638,-0.05056888511560873,0.03706496796135614,-2.4255729424804284e-05,-8.107418122072233e-16,-2.342157428583131e-16,1.0697764761447155e-16,-3.2294278105725936e-16,-6.923517282641621e-16,-2.3517958693422633e-16,-4.2229658304366894e-16,-7.803650027190067e-16,-2.476845620141958e-17,3.022604147571636e-17,2.900135022359138e-16,-1.0930679365185807e-16,-2.310108549601752e-16,-2.656578922701856e-16,-5.69242905802656e-16,-5.559802650192216e-16,9.746107189577798e-17,3.259388004487983e-16,1.676201011026405e-16,7.441777448467265e-18,2.249829638896002e-16,-1.0184096836386542e-16,2.9826529362023687e-17,-1.1232446464781917e-17,9.250348915823644e-17,-2.3677047929851447e-16,1.3903186197188886e-16,-4.8915240099746964e-17,-4.641795616318563e-17,-4.861226981980083e-17,5.1725225901158116e-17,-1.0877965517465218e-16,-6.777657997075205e-17,7.250797984395058e-18,-2.9725359643069124e-16,5.186257601026298e-17,-1.2979679450294372e-16,-7.896435459094642e-17,4.530606029617511e-18,-1.6944990587711e-16,8.446972521878956e-17,-1.9911177022681974e-16,-2.233886230316888e-16,-1.8328797629554492e-16,1.7099610102988873e-16,-2.1746900852014254e-16,2.805595311775247e-17,1.5719381852312843e-16,-1.3587379755695808e-16,8.702750905108051e-17,-1.2743664772974489e-16,1.1185261586501601e-16,1.2501946724038975e-16,-1.6317880441572954e-16,-2.512214949976587e-16,3.2076514788710744e-17,-2.7449999841832915e-17,1.5939459275373386e-16,5.832585376472485e-17,-2.575518305542834e-16,-1.6286326473983952e-16,-1.0859347578966873e-16,-1.811074800361525e-17,1.6174442199300505e-16,-3.9456112649156595e-17,8.407471040059506e-17,1.2955407370141451e-17,-4.420922426287424e-17,4.456931411841911e-17,-4.1005017222803834e-17,5.785955187420967e-17,-1.365253745636508e-17,-7.811461672824752e-17,6.01814668203213e-17,3.343823746892133e-17,1.551700960019073e-16,2.5955633381813267e-16,-2.26624427832991e-16,1.371685471116721e-18,8.21213530485514e-17,1.6190248682295342e-16,1.8033377981850822e-17,-1.3799760097136603e-16,-5.159082620289374e-17,1.5273424080228364e-16,-1.860031315074041e-16,4.80463166137913e-17,-1.39978717895853e-16,1.2332541190231395e-16,2.0306552555983277e-16,1.9515060894892182e-16,3.86662642229678e-17,1.5865114440761367e-16,2.108716915928425e-16,8.820361397773358e-17,3.156438835632428e-17,-4.638351288013635e-17,-1.7977442433383648e-17,-1.383673914500017e-16,1.328618605869517e-16,2.0190789093648966e-16,-3.396729577513072e-17,-1.2524976787025163e-16,1.3595982090650758e-16,-1.0138643947696515e-16,8.681923368422151e-17,-3.9331866464343146e-17,-1.3555039451815935e-16,3.895988602262558e-17
COC1=CC=CC(OC)=C1C2=C(P(C3CCCCC3)C4CCCCC4)C=CC=C2||CCN(CC)CC||C1COCC1,COC1=CC=CC(OC)=C1C2=C(P(C3CCCCC3)C4CCCCC4)C=CC=C2.CCN(CC)CC.C1COCC1>>,C_861ff0f85b9e,COC1=CC=CC(OC)=C1C2=C(P(C3CCCCC3)C4CCCCC4)C=CC=C2||CCN(CC)CC||C1COCC1,COC1=CC=CC(OC)=C1C2=C(P(C3CCCCC3)C4CCCCC4)C=CC=C2,CCN(CC)CC,C1COCC1,3.697093256973161,0.21873148620968103,2.2628290765181283,-0.1699869785609384,-0.8959579632296599,-0.13753115125335014,-2.220068392385907,1.025504707994791,1.9551116939983546,0.8801350735997568,-0.8062691168934042,-0.397112542788816,-0.40282635535216477,-0.27724339232790346,-0.8638264162109379,0.25509854087750355,-0.05056888511560886,0.0260423692342408,-2.4255729424480612e-05,7.846672419936528e-16,-4.1438274650375317e-16,3.4521186924819086e-16,-1.5427678060725983e-16,2.4604086583739073e-16,4.590231630708882e-16,2.695057239774228e-16,-7.830796448109624e-16,2.9730421673901744e-16,-4.971935476664641e-16,1.9583508041282742e-16,-1.6760350372117723e-16,8.671049381713626e-17,-3.97164361786393e-16,-4.260496535525477e-16,8.812136109052836e-16,-1.5223733756069828e-16,1.4726351685893288e-18,4.1406911747066503e-16,4.395655784064295e-17,1.6761712121005593e-16,-3.897412904352944e-16,3.5242364644224353e-16,5.921525997090492e-17,-7.325381637165668e-17,-6.024598589384245e-17,9.621762961927667e-17,3.0049074096901306e-16,2.473116246975723e-16,1.2271342878731095e-16,-2.371314966628937e-16,2.2187381445682928e-16,-2.3486859433919564e-17,2.5374305982862347e-16,-3.316955332596759e-17,-7.464461245277697e-17,-6.272054519328041e-17,6.063823990993066e-18,2.4181122924415184e-16,-4.891827987299948e-17,1.7419486507536364e-16,7.745250673243411e-17,1.39971701994039e-16,-3.5216526548583496e-18,-8.461573805981879e-17,6.296570138480689e-17,-3.020373501630506e-17,7.354591723372119e-17,-2.1438712550642414e-16,-1.3388263505896692e-16,-1.841894584284257e-17,7.933145528587277e-17,-2.2731598867813383e-16,2.2360473600413932e-17,2.4205272021584843e-16,-6.0759704869535e-17,-8.5558568961663e-17,-1.0488396867845414e-16,-1.6054089313301969e-16,5.420692491366239e-17,-6.580987643219398e-17,6.520924267211008e-17,5.725201170199162e-17,-7.608976529152626e-17,3.9493673067265883e-17,2.790314695220574e-16,1.5003475536902568e-16,6.068325456869741e-17,5.935355637915755e-18,3.1426292686219074e-16,5.376460130291994e-17,4.427347179109393e-17,1.1858376542913e-16,-8.414077552081501e-18,-1.261152077144966e-16,2.5205146851444628e-17,2.2356785981388153e-16,-1.126333787537803e-16,9.754206652206689e-17,-9.822277060447247e-17,3.2313452796313766e-17,-1.372278426397748e-16,8.875222206828239e-17,8.114435199443363e-17,8.976353126275914e-17,-5.324452976115138e-17,-8.392221142963075e-18,-5.49426638080465e-17,-7.931902497979041e-17,-1.0485445175540494e-16,-1.398452929222365e-16,-1.158545675245479e-16,-2.3595425000529246e-16,-1.0200092685259323e-16,1.261256023597321e-16,-2.871366187301787e-16,1.250576955155094e-16,-1.4342321764284773e-16,-9.615567806291715e-18,-1.0522344988028139e-16,9.847876139886083e-17,-4.504778575474065e-17,1.4709510096985696e-16,-1.148855200952343e-17,-1.6084368878703107e-16,1.1124032352379782e-18,-1.8724499802585456e-16,-6.720148628656065e-17,5.2341631804294994e-17
CC(C)(P(C(C)(C)C)[c-]1cccc1)C.CC(C)(P(C(C)(C)C)[c-]2cccc2)C.[Fe+2]||CCN(CC)CC||C1COCC1,CC(C)(P(C(C)(C)C)[c-]1cccc1)C.CC(C)(P(C(C)(C)C)[c-]2cccc2)C.[Fe+2].CCN(CC)CC.C1COCC1>>,C_d18a64f778f4,CC(C)(P(C(C)(C)C)[c-]1cccc1)C.CC(C)(P(C(C)(C)C)[c-]2cccc2)C.[Fe+2]||CCN(CC)CC||C1COCC1,CC(C)(P(C(C)(C)C)[c-]1cccc1)C.CC(C)(P(C(C)(C)C)[c-]2cccc2)C.[Fe+2],CCN(CC)CC,C1COCC1,-1.56781664669475,-0.5445544539407904,2.262829076518127,-1.8306686961430005,-0.8959579632296575,1.1506141613685537,-2.2200683923859055,-0.3417448804185354,0.9228435721645207,-0.12806008460238072,-0.8062691168934051,1.7193547786868129,-0.4028263553521723,-0.2772433923279022,-0.8638264162109403,-0.3755240042558049,-0.05056888511560912,0.698657459452609,-2.4255729424650053e-05,-7.205011759260517e-16,-4.147927127233104e-16,-2.555526857328534e-16,9.240815600519753e-17,1.6915391056426982e-16,1.3280765457887776e-16,4.5835181860812553e-17,-2.359308492292e-16,-7.16598972026163e-17,6.472546350767497e-17,8.142628361945934e-17,-8.056312627622969e-17,2.266764972785624e-17,-1.0404792803769681e-16,-1.9332630392082902e-16,-2.250228487391743e-16,-7.080187541976417e-17,-3.148945423090481e-16,1.0448052781910313e-16,9.765635339571072e-17,-1.4510267632865615e-16,-9.858021115617797e-17,-5.626420431657314e-17,4.6135691935562795e-17,-2.4710624945211453e-16,-1.1110233986756306e-17,9.443888682533919e-17,-1.9229519493175615e-16,-8.831265630463814e-17,2.5607730376201532e-17,2.798527811319401e-16,-4.551532188022807e-16,9.838356331050605e-17,-2.987104868548148e-17,-1.6046962892653807e-17,4.711076154447425e-17,1.717473403544911e-16,-7.021279607985481e-17,1.3984710674385047e-16,-1.9691493429079186e-17,-7.151277539645877e-18,-1.1172016412183692e-16,-7.76006366848133e-17,-1.6794009596409405e-18,8.934984726456405e-17,1.5336530725019918e-16,-2.6264825329702093e-17,-1.9391469730289553e-16,-3.078975673298331e-18,2.2273643938802256e-16,3.5283371451268955e-17,1.7383611787978573e-16,1.60356204423743e-16,-7.545902569104299e-17,-5.927723131508898e-17,1.8084451200503843e-17,1.6270441902383327e-16,-8.933214764169617e-17,1.653813198135081e-16,1.454278196846526e-17,-5.615984554639929e-17,-5.2625121514598894e-17,-8.526181602171703e-17,-2.757062055447039e-17,-1.898671910015013e-17,4.295521357335718e-17,2.1250849437294893e-17,8.06360679891715e-17,-1.742186387973634e-16,1.4481097856099726e-16,-2.815176106037579e-19,9.854644615568698e-18,-1.025042705310658e-16,-1.0879952581056754e-17,1.18641634504922e-16,6.199834449925009e-17,-4.2636160376746344e-17,1.5828153179336973e-16,-4.36240548949063e-17,8.065607897515779e-17,1.0123057016620155e-16,-3.5136221057347624e-16,2.873077758789301e-16,-2.9129087146328193e-17,1.0935007572797961e-16,-8.280395642335755e-17,-8.959475786361552e-17,-6.844122505591907e-17,-2.9425142166587905e-17,3.268636572317718e-16,-9.981990561705136e-17,2.4772592184482858e-17,7.029236188017663e-17,-1.7191006658339684e-17,-3.260275328860054e-17,8.268875800702337e-17,3.628192169451613e-17,-1.5423958439107454e-17,9.920280270447291e-17,1.5676787178523323e-17,1.3689905244083402e-16,5.966619165982577e-18,-4.360926726088113e-17,-2.0980595755332287e-16,-1.8454197010972257e-16,5.967054195824728e-17,5.1408580899487175e-18,1.930984465602055e-17,3.331836573245795e-17
CC(C1=C(C2=CC=CC=C2P(C3CCCCC3)C4CCCCC4)C(C(C)C)=CC(C(C)C)=C1)C||CCN(CC)CC||C1COCC1,CC(C1=C(C2=CC=CC=C2P(C3CCCCC3)C4CCCCC4)C(C(C)C)=CC(C(C)C)=C1)C.CCN(CC)CC.C1COCC1>>,C_f9ad35787a00,CC(C1=C(C2=CC=CC=C2P(C3CCCCC3)C4CCCCC4)C(C(C)C)=CC(C(C)C)=C1)C||CCN(CC)CC||C1COCC1,CC(C1=C(C2=CC=CC=C2P(C3CCCCC3)C4CCCCC4)C(C(C)C)=CC(C(C)C)=C1)C,CCN(CC)CC,C1COCC1,4.095214292254156,0.060599001610190294,2.262829076518126,-0.5208425618983312,-0.8959579632296591,-0.11150016598743165,-2.2200683923859077,-1.735164904220401,-1.0409822672107303,-1.0072610296413131,-0.8062691168934049,0.3127331155945659,-0.40282635535216643,-0.27724339232790346,-0.8638264162109399,0.08800205000734887,-0.05056888511560865,-0.0017897580635639458,-2.4255729424475947e-05,8.791456857277641e-16,-8.412394387701102e-17,-1.712560380027677e-16,-7.549251156753357e-17,2.2464025262531065e-16,4.834430198949019e-16,5.345260173734695e-17,7.448641102011803e-16,3.007677722485336e-17,1.8391829994009319e-16,4.3438142484650587e-16,-1.2286779787308776e-16,-5.795435960904317e-18,-5.092699652603624e-16,1.322486845656746e-16,-5.564176032089801e-16,2.9594830362234053e-16,-1.9132726821064995e-16,-3.6813719878101857e-17,-2.556081164584629e-16,7.527232022774937e-17,2.181383704219655e-16,-4.410812065643991e-17,5.71952244074516e-17,1.0056363045505141e-16,1.6889235388334517e-16,-7.888798180464734e-17,1.8682428868728022e-16,-5.396025750934332e-17,5.921128336276547e-17,-1.4168288128081657e-16,1.3042246147075686e-16,-7.000526513983223e-17,-1.122419210051928e-16,8.063986474354904e-17,3.1438635784086274e-16,5.785186870558763e-17,1.8245905844603366e-16,-3.492492908267869e-17,-8.528986270851894e-17,6.12928642852374e-17,6.415991809436277e-17,3.961187409703793e-17,-1.5314389786300576e-16,-2.476680054465438e-16,2.325824858756643e-16,2.1403318969801285e-17,7.549048422591678e-18,-1.7577020506652549e-16,2.221378380434381e-16,-1.1486911127101973e-16,2.285571270433825e-16,-6.785496008230823e-17,9.677646792769256e-17,-2.427171150355072e-16,-1.4184427121756874e-16,-6.620277311651012e-17,-4.8144710099542217e-17,-1.2715739428029703e-16,-4.0211116223373215e-17,7.938003727436305e-17,-3.463704069893981e-17,-2.5426247652889568e-17,2.571258029812301e-16,-1.515061379270982e-16,-1.7209631425720546e-17,-1.1047035668997525e-16,2.6277335738266144e-16,-1.1049787036601029e-16,6.28002549588703e-17,3.2022694446841676e-17,1.3181924294859458e-16,-9.866649759133683e-17,-2.341093480862766e-16,1.9036478321768978e-16,1.4915493478078755e-16,2.1952487427286238e-17,5.190468597436615e-17,-1.5640462472203965e-16,9.693575835823849e-17,5.077070192000668e-17,-1.4372418502071143e-16,-2.1353858631630178e-16,1.8683677388228116e-16,4.490338712957315e-17,9.954587128231258e-18,-3.727433140311536e-18,-4.8978381203662685e-17,-4.149461131122101e-17,-2.1543511949371358e-16,-3.063814027186834e-17,-1.8392555310466052e-17,4.926629191642675e-16,5.928244975867882e-17,-1.3696090622231113e-16,8.162259318287047e-18,-4.8809028849978506e-17,-1.5816949812465752e-16,-7.106363610965891e-17,-1.1969348721063003e-16,1.9333216438370186e-16,-4.3156545096277797e-16,1.8267860358685454e-16,2.9435885476707933e-16,2.06532450886334e-19,1.0319433828576454e-16,-4.7058039033536537e-17,1.0890299838005664e-17,8.851709457027764e-17
[c-]1(P(C2=CC=CC=C2)C3=CC=CC=C3)cccc1.[c-]4(P(C5=CC=CC=C5)C6=CC=CC=C6)cccc4.[Fe+2]||CCN(CC)CC||C1COCC1,[c-]1(P(C2=CC=CC=C2)C3=CC=CC=C3)cccc1.[c-]4(P(C5=CC=CC=C5)C6=CC=CC=C6)cccc4.[Fe+2].CCN(CC)CC.C1COCC1>>,C_7f73dad4e80f,[c-]1(P(C2=CC=CC=C2)C3=CC=CC=C3)cccc1.[c-]4(P(C5=CC=CC=C5)C6=CC=CC=C6)cccc4.[Fe+2]||CCN(CC)CC||C1COCC1,[c-]1(P(C2=CC=CC=C2)C3=CC=CC=C3)cccc1.[c-]4(P(C5=CC=CC=C5)C6=CC=CC=C6)cccc4.[Fe+2],CCN(CC)CC,C1COCC1,-1.3841208155545002,1.1338119037417698,2.262829076518127,-1.1785704697655917,-0.8959579632296587,2.0264914915776946,-2.2200683923859086,-0.4876063293133134,0.32524259872946953,-0.37015865430257033,-0.8062691168934035,-1.4860818817802004,-0.4028263553521597,-0.27724339232790407,-0.8638264162109381,-0.2675297355448325,-0.0505688851156087,-0.795814978261376,-2.425572942444538e-05,1.0704704166194809e-15,-1.6559639394909267e-16,2.8268308158322937e-16,-1.0934151050559216e-16,4.496694367275715e-16,2.410530264137618e-16,6.305740871828788e-17,-5.863248871912853e-16,-3.6617481114217703e-16,3.4854158768768343e-17,3.460463572152096e-16,-4.581813788478828e-16,1.8901033523979833e-16,-1.2695219968668853e-16,-4.911929443796361e-16,4.284283913894288e-16,7.9880506054107e-16,-1.1384025421919499e-16,7.966096494389965e-17,-1.884815690188382e-17,-8.108962470551011e-17,-3.943138441549784e-16,-4.2636643798854695e-16,-1.6196764160608785e-16,2.998914910557301e-16,4.379915534458355e-16,-1.9576285711814328e-16,-2.784063751680054e-16,-7.956993505217637e-17,1.5769871449047754e-16,-1.0503622947292126e-16,-5.396369354745663e-17,1.2342033052287935e-16,2.423557747497091e-16,-2.9769109958582696e-17,1.5708586826637557e-16,8.312006225666038e-17,-3.6493233904865524e-17,-1.365968425215e-16,2.5590506830465006e-16,-3.3976097636526665e-17,3.721219860505357e-17,2.887416363480026e-16,6.471862279858675e-17,9.603422902689936e-17,-2.9748892987691203e-16,2.7126775408788476e-18,1.7150261979737291e-16,-1.4131495483175886e-16,-5.007536749744944e-17,1.4793709028897397e-16,-2.8635466359725504e-16,-3.7314152466307955e-17,1.1280197814863022e-16,2.494574087459862e-16,-1.1837873690981254e-17,-1.0708693545930044e-16,-3.2018340958720904e-17,1.2402140499305665e-16,6.670371774769465e-17,-1.4773599697864188e-18,3.764106819225194e-17,1.3563190695990218e-18,-3.914535508069929e-17,6.695827796509223e-17,-3.0615332276517266e-17,2.4079656466500338e-17,-1.4391982766104424e-16,-5.772222078054015e-17,1.4727080754618495e-16,5.267195584233559e-17,-3.672359416499878e-17,1.7522119219742833e-16,-2.023201802740563e-18,8.468507347917844e-17,-2.181934359203378e-16,9.919167058507978e-17,-4.042627699034515e-18,-1.1156643266152023e-17,2.5029744111331734e-16,-3.3568707362502636e-17,2.0465990834916323e-16,-5.414888406607069e-17,2.5616978517654116e-17,7.84993383611294e-17,-3.0638730307478676e-16,-2.4654127420183776e-16,-7.941696157290022e-17,-1.8165709419913597e-16,-1.2166632274622748e-16,1.0837902350389576e-18,-9.529153600407854e-17,-2.4237640424473573e-17,2.0830325449674015e-16,1.1918404592906894e-17,-9.478798197572386e-17,-1.6337232884839418e-16,-4.606838659438384e-17,-9.039929118983112e-17,7.691987323284605e-17,2.976134497275021e-17,-1.4256489448574485e-16,6.48060899296693e-17,-1.5981199731270814e-16,-1.345050241746445e-16,2.4875051250213974e-16,2.6882442525957344e-16,-1.0959940682877642e-17,1.2571079263512596e-16
CC1(C)C2=C(OC3=C1C=CC=C3P(C4=CC=CC=C4)C5=CC=CC=C5)C(P(C6=CC=CC=C6)C7=CC=CC=C7)=CC=C2||CCN(CC)CC||C1COCC1,CC1(C)C2=C(OC3=C1C=CC=C3P(C4=CC=CC=C4)C5=CC=CC=C5)C(P(C6=CC=CC=C6)C7=CC=CC=C7)=CC=C2.CCN(CC)CC.C1COCC1>>,C_6df8719bbf0b,CC1(C)C2=C(OC3=C1C=CC=C3P(C4=CC=CC=C4)C5=CC=CC=C5)C(P(C6=CC=CC=C6)C7=CC=CC=C7)=CC=C2||CCN(CC)CC||C1COCC1,CC1(C)C2=C(OC3=C1C=CC=C3P(C4=CC=CC=C4)C5=CC=CC=C5)C(P(C6=CC=CC=C6)C7=CC=CC=C7)=CC=C2,CCN(CC)CC,C1COCC1,-0.7608527313618177,3.057345820275927,2.262829076518129,2.3402065376541117,-0.8959579632296607,-0.5112817700760027,-2.2200683923859064,0.35592842575710476,0.45010996213631094,-1.1207264892083715,-0.8062691168934049,0.8357285648736765,-0.40282635535216915,-0.2772433923279026,-0.8638264162109398,-0.341918612289645,-0.05056888511560868,-0.16127802879825046,-2.4255729424701508e-05,-9.13412316084731e-16,-3.844962977568426e-16,-6.101931897232254e-16,-4.384778327984027e-16,3.691571115899916e-16,6.680784150570373e-17,1.9221086134294666e-16,8.936279724819416e-17,-2.212109442444385e-16,1.4854496439551994e-16,6.149317764335571e-16,1.5777748251099407e-18,-2.495143105839922e-16,-1.70862518094854e-16,2.3276333758921e-17,5.121385706838632e-16,3.2714334649869132e-16,6.26436902137499e-16,1.7155250075995319e-16,2.3779737555106127e-17,-1.606364891555974e-16,-1.8971111483828887e-16,-1.2409764598492912e-16,-1.2267518953681128e-16,1.7951199224409393e-17,7.247264236951864e-17,5.645332955581348e-16,2.167035713822012e-16,1.709460894873167e-16,7.75661261157463e-17,-8.051559474396403e-17,-2.659471013526394e-17,3.152401261826674e-16,2.245776179932108e-16,2.6367389385391284e-16,-1.1140424513641608e-17,-5.520510675423614e-17,1.2116765888125783e-16,3.2402835466001886e-16,-7.783867857939987e-17,1.573896008693341e-16,-6.956851262899202e-17,1.4041356401802242e-16,-1.233222453215696e-16,-1.5419970942456805e-16,-1.310910843015775e-16,-1.5577264016411936e-16,-1.0880294943473782e-16,1.3193700230510957e-16,9.014411219701203e-17,2.948541509777867e-16,7.343809382211764e-17,-2.8722572859203584e-16,-1.761110345440471e-16,-5.593850678844443e-18,-1.1996734002678672e-16,5.82538111089491e-17,-8.595407528342063e-17,1.3789175640203122e-17,1.3718828662285149e-16,1.2222690081108913e-17,-9.929039169537963e-19,4.2675489875170536e-17,-2.148240179003516e-16,9.75311369075548e-17,-5.423246488410943e-17,-8.266912037097987e-17,1.2262172235606618e-16,-5.187101998301196e-17,8.628763489856018e-17,3.2643240179449046e-16,1.717613334146765e-16,-5.035261015377212e-18,1.6642218467297488e-16,2.9716117087763144e-16,2.5006208163776735e-17,9.420236801391094e-18,1.8409896250556106e-16,-1.0384394149175252e-16,-1.980747752678187e-16,-1.3132395029302698e-16,3.932828322784684e-17,-6.902770195516893e-17,1.4771654639182434e-16,-5.537115937358833e-18,1.854386333092624e-16,-4.430572312096878e-17,1.2281512426576503e-16,-2.9555388196717864e-17,-8.386528285091982e-17,5.951816600333716e-17,6.619557216835149e-17,1.3798456776044885e-16,2.842967985289803e-16,-7.306159034682487e-17,1.7348295416402248e-16,3.015140295902024e-17,3.990260169428791e-17,-1.973297621047085e-16,1.4985413632598442e-16,1.8476645463338304e-17,-1.42170141756847e-16,-4.0633356393517e-17,-1.9999699779579254e-16,-4.618918530102889e-19,9.034017025546421e-17,7.822763341651811e-17,1.4994033017870193e-16,6.138121983427753e-17
CC(P(C(C)(C)C)C(C)(C)C)(C)C||[Na+].[OH-]||O=CN(C)C,CC(P(C(C)(C)C)C(C)(C)C)(C)C.[Na+].[OH-].O=CN(C)C>>,C_6ee86b3f1760,CC(P(C(C)(C)C)C(C)(C)C)(C)C||[Na+].[OH-]||O=CN(C)C,CC(P(C(C)(C)C)C(C)(C)C)(C)C,[Na+].[OH-],O=CN(C)C,-1.224289551208006,-0.6982614233068852,-1.8244683034723883,-0.5409122448896082,-1.435206041988969,-0.4809328274603505,0.0878384998572732,0.5164120737207378,-0.35796807424654753,-0.00477646981794002,-0.3784698137934597,0.8719731108561659,0.18110157792894344,-0.33391469968084575,0.9998034479442637,1.6703602962318325,-0.6044122432762501,-0.7970487546071374,0.6080242339388433,8.292790555367197e-17,1.2395227830078069e-15,1.5350965667722105e-16,4.154065652770176e-16,-1.4305792635937937e-16,2.518590298161387e-16,1.1414256274742398e-16,-2.233509200853786e-16,-8.152078744411606e-17,4.86199426968309e-16,9.018547328852677e-17,3.9881372329278094e-16,-4.3070240265412305e-16,5.007558672461027e-17,-4.2270400295284527e-16,2.7606900861823977e-16,9.729917045941888e-17,3.2249266564569656e-16,1.1478126121014365e-16,-7.056061153248416e-17,1.5915811491315618e-16,1.1174364989713443e-17,1.8989769433782437e-16,7.56210422548449e-18,-3.108450278767466e-16,9.507690431549796e-17,-2.2702072752083378e-17,8.387531897209197e-17,-2.575531728781223e-16,5.747016385008964e-17,-4.743974309993194e-17,-1.181153524903312e-16,2.097301628391914e-16,1.806730808640726e-16,-3.7875996735659324e-16,-1.6701150877574043e-16,1.8288499213451196e-16,1.1777654231715495e-16,-7.651787391695406e-17,-4.792847126259608e-17,2.714447061161516e-18,5.598623866526049e-17,-5.681734775040584e-17,-9.81122285276881e-18,-1.2193271628630047e-16,1.9892035734225752e-16,2.0579291164950457e-17,-2.545618850510109e-16,-7.77213777931579e-17,1.9666721145539868e-16,4.9242252670198596e-17,-3.091163180722353e-16,-1.2229143971374774e-16,-1.0873125461537703e-16,4.0979089719049345e-17,-2.8147377046617297e-17,8.836744944503336e-17,6.074753568961578e-17,6.970347943992614e-17,1.1167664849677803e-16,-8.59079621661789e-17,4.8926626057387794e-17,1.1086503352917744e-16,2.0654712165933985e-16,-2.1407983641315954e-17,-2.2280669896491827e-16,5.985392775672399e-17,-8.63611941929226e-18,-1.5176101822508322e-16,5.626057265531345e-17,3.338193732153606e-17,5.745390348141599e-17,5.1185710557270666e-17,-9.81156543902308e-17,8.034066366104294e-17,-1.0305471382386019e-16,2.1891271584532705e-17,2.3031245692865047e-16,1.868175326172792e-16,-1.0009928553307486e-16,1.8397993544210153e-17,2.1903832717149636e-17,-3.461559847164947e-16,-4.290113080679791e-17,2.0564823992271874e-16,2.089553231995365e-16,5.2232564877085605e-17,-4.433279142787301e-17,-2.6102150252488164e-17,-1.1388227014413273e-16,-1.0835963325143361e-16,-8.485473477784179e-17,-1.9867652091725888e-16,2.9997022235318555e-17,1.8535982944993811e-16,1.264692916567525e-16,1.969263249525674e-16,-2.628372486517202e-16,8.413133054678712e-17,5.702691311829802e-17,8.482383025340818e-17,7.991439327364121e-17,-1.9747671428842257e-16,1.3279733033547868e-16,-2.0926699381616247e-16,6.699742856908406e-17,3.8994755518958686e-17,-5.881720485789745e-17,3.1308879955954395e-16
P(C1=CC=CC=C1)(C2=CC=CC=C2)C3=CC=CC=C3||[Na+].[OH-]||O=CN(C)C,P(C1=CC=CC=C1)(C2=CC=CC=C2)C3=CC=CC=C3.[Na+].[OH-].O=CN(C)C>>,C_5848f18789e8,P(C1=CC=CC=C1)(C2=CC=CC=C2)C3=CC=CC=C3||[Na+].[OH-]||O=CN(C)C,P(C1=CC=CC=C1)(C2=CC=CC=C2)C3=CC=CC=C3,[Na+].[OH-],O=CN(C)C,-0.9376336432096942,1.2345744235185014,-1.8244683034723888,0.23684906840748346,-1.4352060419889694,0.2786396779026151,0.08783849985727081,0.2194992933003438,-0.7800009929116306,0.1474060694152464,-0.3784698137934589,-1.1263128578207322,0.18110157792895135,-0.3339146996808464,0.9998034479442646,0.9338159119711464,-0.6044122432762514,1.2462422126349606,0.6080242339388431,1.3758559682803917e-15,-9.213735952161024e-17,-1.4923926476958913e-16,6.658209680152834e-17,-2.5304656539805386e-16,-1.9185005394033697e-16,-1.130010949293502e-16,4.0690716279445654e-16,-4.0423783386835564e-16,2.482156180457609e-16,4.545426896230975e-17,-1.2868394132261458e-16,-4.104170308382306e-16,8.193259700041822e-17,2.1816940386077844e-16,-4.453951692127133e-16,1.0154133028081588e-16,-4.412959540538397e-17,-2.3522781570583515e-16,2.536906401981609e-17,1.0045884533915739e-16,-3.273942476443346e-16,-3.3600157636192394e-17,-9.099152044183401e-17,4.9438903513275455e-18,-3.0184633084877433e-16,-1.7086192864504684e-17,-8.59410735159389e-17,2.9084510788320637e-16,1.710533497970554e-16,1.0727042648105116e-16,2.0536991859660724e-16,-1.1465903113506943e-16,1.525193023496593e-16,-1.4879328580415926e-19,8.236943678902586e-17,-1.9539459489859303e-16,8.407467544595662e-17,3.043380727658233e-17,1.2080145873860958e-16,1.9937208300571818e-16,-3.077564336016508e-17,-2.4173439433972345e-17,1.1562055626509598e-16,1.032098153159881e-16,-9.268595763677636e-17,3.0448551095107054e-16,-5.51887708107022e-17,8.065092183960871e-17,8.174887602990369e-17,-9.415503783025942e-17,1.9896156050014735e-16,-2.309490399723642e-16,2.797169861314636e-16,-6.551825859499e-17,6.140381761958773e-17,1.4496724669725257e-16,-1.2720052754350583e-17,-5.740177226282315e-17,1.8620322121805243e-17,4.517769702587322e-17,8.719390539114779e-17,8.225317791200122e-17,-1.2490399991503168e-16,-1.3682807543342956e-16,1.2405180041228793e-16,8.491771543055258e-17,4.0648503384569556e-17,-1.0087739366307739e-16,5.114775377543067e-17,-1.081497281658614e-16,-8.776436140995988e-17,-2.223410452278814e-16,2.7660852555618256e-17,-1.0820649129914515e-16,2.0005792167879362e-16,1.5066823386507603e-16,-2.5902962013794264e-16,1.1403015126614687e-16,-1.325528871430673e-16,1.9365899703795303e-16,4.0344910061873174e-17,-6.229186813120879e-17,4.785921710422161e-18,-8.935366777351476e-17,-1.2402954073671902e-16,-1.8460536049656985e-16,-2.170316663859036e-16,4.489406649931713e-16,-4.346939100432628e-17,-3.558387563910552e-16,-1.4189575560054985e-16,-1.226593350188114e-16,4.6663633104570594e-17,5.1309956618162183e-17,7.156785007356184e-17,-5.92897306856584e-17,-6.6748604964347006e-18,2.0158655652767065e-17,9.568422282674929e-17,-2.2236449322854005e-17,2.366439009974656e-17,1.3466875558177048e-16,7.887174247022853e-17,-1.222300535478946e-17,-2.1790639623999173e-16,-2.0038642676183158e-16,1.3479267194267823e-16,-1.5869468375114078e-16
CC(C)(C)P(C(C)(C)C)C1=CC=C(N(C)C)C=C1||[Na+].[OH-]||O=CN(C)C,CC(C)(C)P(C(C)(C)C)C1=CC=C(N(C)C)C=C1.[Na+].[OH-].O=CN(C)C>>,C_b228e90415de,CC(C)(C)P(C(C)(C)C)C1=CC=C(N(C)C)C=C1||[Na+].[OH-]||O=CN(C)C,CC(C)(C)P(C(C)(C)C)C1=CC=C(N(C)C)C=C1,[Na+].[OH-],O=CN(C)C,-1.5782981121882067,-0.650738756085917,-1.8244683034723883,-1.3390820507081516,-1.4352060419889707,-3.0233120881828093,0.08783849985727196,-0.26903145405851153,0.35103460862731506,-0.3959375129998086,-0.37846981379345873,-0.8157423012752557,0.18110157792895012,-0.3339146996808459,0.9998034479442635,-0.5617383596306835,-0.6044122432762514,0.02050318097610186,0.6080242339388433,2.312833014053154e-15,5.627897195874722e-16,1.7175141817495027e-16,6.337208674139005e-17,5.435234902681863e-17,2.8058808043784673e-16,3.716877357971674e-17,3.9227907216810685e-16,-1.8345128265988506e-17,7.62417466152195e-16,-1.1360807242071678e-16,2.888937369762223e-16,-4.111683209799081e-16,-8.034745891317958e-17,-3.557106622002256e-16,-3.0100761358565173e-17,9.425088467804178e-17,-7.947366416722177e-17,4.7552250190044923e-17,-5.193313401576397e-17,2.0445169482547682e-16,1.342326730063901e-16,2.75432390764581e-16,-4.495822589266354e-16,1.5143552828375953e-16,6.251679307019071e-17,-2.3329559423532286e-17,1.2742341256721426e-16,4.4710914117366205e-17,1.1206976562079254e-16,1.9961074429697033e-16,1.163517412200217e-16,5.722076917181441e-17,1.7518964817581816e-16,-2.8702194417147806e-18,2.2099810537287925e-17,1.397532964182294e-16,1.7398672448392369e-16,-8.909173163483972e-17,6.877177964258387e-17,2.2453092679108744e-16,-4.275261183525656e-17,8.86630458774228e-19,1.295173434207656e-16,-8.899604523533644e-17,-1.6959810252555747e-16,1.514145231846768e-16,3.53447669185809e-16,1.133772748549776e-16,8.457028362386752e-17,-1.634126145027638e-16,2.7149135176423296e-17,-2.839985258425708e-17,1.5758298702751129e-16,-2.26211344554474e-16,-2.5961995290256818e-17,-6.390160846131819e-18,-2.6880502829700774e-17,-2.066702718378463e-17,-7.271730161721863e-17,-8.022961768512451e-17,1.6360358287184646e-16,2.2104728125343737e-16,1.0901780092029069e-16,8.738343245092574e-17,7.84861771940678e-17,2.6051410893229197e-16,-1.347502851209349e-16,-8.634140455884485e-17,-1.0938112289041017e-16,-5.592417001234727e-17,1.0096830101237652e-16,5.031397792514149e-18,-9.474165819740765e-17,3.6024277234439977e-17,2.862431644520823e-16,-1.1550082458712864e-16,-8.718469347476893e-17,-1.8806641346604582e-16,2.0016173917043157e-16,1.7762511338549332e-16,1.7883203835760264e-17,-1.8632603753251602e-16,-6.484304968865566e-17,-6.206422137205814e-17,-1.6659901059586258e-16,2.3126099201806797e-16,2.144716883959199e-16,-3.765529198237176e-17,-1.4727401463231128e-16,-4.118408969755016e-16,1.1264338961071886e-17,-2.1091336399571846e-16,2.880985859733712e-17,3.5494019343360233e-17,1.980130638225536e-16,1.6013298416588807e-16,2.3636217962092064e-16,7.796209397927417e-17,-1.0727058903785948e-16,1.2703831040008064e-16,5.973045797800794e-17,2.0240309148641336e-16,8.39097501248506e-17,-1.948413512324799e-16,1.0270020772073567e-16,1.7668042372964003e-16,1.8040333649852726e-17,-2.467354011236585e-17
P(C1CCCCC1)(C2CCCCC2)C3CCCCC3||[Na+].[OH-]||O=CN(C)C,P(C1CCCCC1)(C2CCCCC2)C3CCCCC3.[Na+].[OH-].O=CN(C)C>>,C_420dd4016dbd,P(C1CCCCC1)(C2CCCCC2)C3CCCCC3||[Na+].[OH-]||O=CN(C)C,P(C1CCCCC1)(C2CCCCC2)C3CCCCC3,[Na+].[OH-],O=CN(C)C,0.8097398838794678,-1.610823327016457,-1.8244683034723874,-0.032317947085243985,-1.43520604198897,0.5630227060514406,0.08783849985727189,2.205309231068089,-1.36469495791663,-0.5762782864827906,-0.37846981379345956,-0.011638395004673669,0.1811015779289473,-0.3339146996808449,0.9998034479442629,-0.8033477138467456,-0.6044122432762512,-0.029613970329751528,0.6080242339388436,3.7765944890676486e-16,-4.6211987617378974e-17,-4.794602065244716e-17,-8.380293849809636e-17,-2.5288162847546095e-16,4.342744968339567e-16,-4.520644792592122e-17,-1.7711869426205686e-16,-2.874696406465998e-16,2.2895968798631207e-16,8.470673388231801e-17,3.2047782358959853e-16,-2.347806916858726e-16,8.408234151058215e-17,-3.7867376754567003e-16,2.2621418705627227e-16,1.5394668458594956e-16,4.609480251101149e-18,4.897438508946657e-17,1.0814266884813626e-16,2.3693817155079966e-16,2.890405377709709e-16,-1.7037903176261123e-16,5.658217850430384e-17,1.56329726570227e-17,-8.318381174379942e-17,4.412001369247233e-17,1.218074385487073e-16,4.927659823031134e-17,7.740425686042344e-17,1.2661151900465502e-16,5.962102360569341e-17,7.248273883202823e-17,-1.728808108776746e-16,2.0548862321281382e-16,-2.0697491184457387e-16,-1.1474129181210952e-16,-2.9606957327035123e-17,-3.255667586071848e-17,-2.6171436772578794e-16,1.8213901901047136e-16,-5.547983727849183e-17,3.898341062410158e-17,1.1460345482592554e-16,4.564248496635818e-16,-1.2162236371113089e-16,-2.0055241899806942e-16,-1.1863300234105924e-16,-1.4955458556590816e-17,-7.871955702367077e-17,-3.7250129745333904e-17,1.3346383884346363e-16,7.857371186960368e-17,-9.87901822093192e-17,-5.215735795663987e-17,1.3993440341699776e-16,1.5865075964355425e-16,-8.475433460028045e-17,-3.193978986138385e-17,-1.1363545471535967e-16,2.4686659724496554e-16,1.839958042260916e-16,1.2581222097239375e-16,2.0764475036301199e-16,9.76284360482996e-17,4.3055405384328e-17,-1.1624571924120105e-16,-1.189839364020372e-16,2.242067229193842e-16,1.8042910600866651e-16,-6.817408452068667e-17,-6.337943081453344e-17,-1.5055149295347408e-16,-1.654870127700219e-16,-8.677341833713139e-19,-2.697070866185847e-17,9.023228077952708e-17,2.6881805707933825e-16,-6.771460917611737e-17,1.138512215216149e-16,5.5139725174253594e-17,1.2350657818180426e-16,-1.6344792032456418e-16,1.626597982186023e-16,-1.417635686993795e-16,-3.40141849974802e-17,-1.8221703896443702e-16,1.1919390800893115e-16,-9.77672817296237e-18,-8.920275892005813e-17,1.0626296031924234e-16,4.851330933404661e-17,-1.120168137910001e-16,-5.3301826740943045e-17,4.9733959327958953e-17,-5.845434189388073e-17,4.801222324977059e-17,8.102760767421428e-18,-2.2094866933879588e-16,-3.746658446382717e-17,-1.3110302360057116e-16,-6.25022996758262e-17,-1.4567765656493707e-16,1.1438237605571982e-16,6.746798751292697e-17,1.6198410395115534e-16,1.7879288321888524e-16,-1.1900822238128837e-16,2.0271540715621854e-16
CC1=CC=CC=C1P(C2=CC=CC=C2C)C3=CC=CC=C3C||[Na+].[OH-]||O=CN(C)C,CC1=CC=CC=C1P(C2=CC=CC=C2C)C3=CC=CC=C3C.[Na+].[OH-].O=CN(C)C>>,C_7d1f84850706,CC1=CC=CC=C1P(C2=CC=CC=C2C)C3=CC=CC=C3C||[Na+].[OH-]||O=CN(C)C,CC1=CC=CC=C1P(C2=CC=CC=C2C)C3=CC=CC=C3C,[Na+].[OH-],O=CN(C)C,-0.2636547557625331,0.991548888799718,-1.8244683034723865,0.32248622106951,-1.435206041988966,-0.245409331556495,0.08783849985727182,-0.5084585430537791,-1.036004040322467,2.5086809595071777,-0.37846981379345995,0.4526474839779577,0.18110157792894477,-0.33391469968084575,0.9998034479442639,-0.5902568205259896,-0.6044122432762511,-0.2429647001991904,0.6080242339388435,-8.94352705581127e-18,2.460533426796265e-16,2.7416795550066206e-16,-2.482459425269538e-16,-5.120783491229e-17,-2.701692657253555e-16,-1.1932828881005063e-16,4.107294957170952e-16,3.7283169786988686e-17,4.156317672679957e-16,8.136792134651622e-17,4.0830653851092067e-16,-4.636761393344091e-16,3.3138465089313306e-16,-2.202766069778704e-16,3.189577247490159e-16,8.751690074653073e-17,2.1729121090754208e-16,1.6169988898487364e-17,2.3544848339069688e-17,3.159634121911428e-17,-8.662213510292477e-17,-8.043127912153514e-17,2.840314662803358e-16,9.882357495998109e-17,1.7744101272846957e-16,-1.637671683316632e-17,-1.1670730730619262e-16,-8.662968538849296e-17,5.555348813749213e-17,3.73843752256094e-17,1.6297466909319587e-16,2.6406142218298577e-17,3.2354194441529277e-16,-6.002273955994093e-17,5.230838335661218e-17,1.9372756188100933e-16,3.086840576648227e-17,6.301705793999313e-17,1.1671373493132813e-16,-1.624962780432056e-16,5.429878850352273e-17,1.6391474715163986e-17,-1.4322356650516309e-16,-1.0874249764297854e-16,-6.654262867470888e-17,-7.023451326529187e-17,1.3756301058308408e-16,1.8563722475321677e-16,1.2637852244820882e-17,-1.4673346551047112e-16,4.439884584001071e-17,4.950314370205098e-17,6.373291014374332e-17,-6.409927166194721e-17,-4.520880807980068e-17,3.6791923997896095e-17,-5.950556444797338e-17,-1.809683930423055e-16,6.862932491191162e-17,-1.947070451733482e-17,-7.241314759001915e-17,-1.2004388836513277e-16,-1.4766020679251366e-17,5.251948815276205e-17,1.621080199007019e-16,1.2143637657057458e-16,-7.680180963074871e-17,-8.693268977319487e-17,-9.56755412279847e-17,-1.0605980620485658e-17,-1.629095902207587e-16,-8.366181462935043e-17,6.43985074464347e-17,-2.339119217141742e-17,-4.3144695799001505e-17,5.524874329945728e-17,4.291909286201403e-17,1.6468773512894973e-16,4.3921996061993787e-17,-1.8288411550589832e-16,1.526860531938838e-17,-1.1259717391253568e-16,7.744153086566168e-17,1.2285587970392255e-17,-8.961789160560325e-17,-2.9932976449807775e-16,2.911375635565839e-16,-2.0345291268203804e-16,-7.389683937739218e-17,4.666700265033273e-17,-1.9341978147607917e-17,-4.914733061974114e-17,4.304568829951744e-18,-2.017781909069688e-16,-2.3917227112716764e-16,2.1969569790652991e-16,-1.0455520888638755e-16,-9.304393906295284e-17,-5.001018962477022e-17,-3.497712864993621e-18,1.548806432545949e-16,8.470635961805505e-18,-8.378783099246667e-17,-1.9262455014471247e-16,1.8299858186505584e-16,1.462347835505227e-16,-1.786224431782851e-17,-1.2203872452766797e-16
CCCCP(C12C[C@@H]3C[C@@H](C[C@H](C2)C3)C1)C45C[C@H]6C[C@@H](C5)C[C@@H](C4)C6||[Na+].[OH-]||O=CN(C)C,CCCCP(C12C[C@@H]3C[C@@H](C[C@H](C2)C3)C1)C45C[C@H]6C[C@@H](C5)C[C@@H](C4)C6.[Na+].[OH-].O=CN(C)C>>,C_268f41c7d76c,CCCCP(C12C[C@@H]3C[C@@H](C[C@H](C2)C3)C1)C45C[C@H]6C[C@@H](C5)C[C@@H](C4)C6||[Na+].[OH-]||O=CN(C)C,CCCCP(C12C[C@@H]3C[C@@H](C[C@H](C2)C3)C1)C45C[C@H]6C[C@@H](C5)C[C@@H](C4)C6,[Na+].[OH-],O=CN(C)C,-0.8853811771272792,-3.192233563805738,-1.8244683034723856,2.712839121919757,-1.43520604198897,0.49119929761613945,0.08783849985727248,-0.9806476207765289,0.5753078969520412,0.06697642453299606,-0.3784698137934592,-0.35554907531949376,0.1811015779289478,-0.3339146996808457,0.9998034479442637,-0.006961552994127337,-0.6044122432762511,0.03706496796135567,0.6080242339388433,-1.8820243136909917e-16,-4.3842194477411846e-17,-4.419858256314071e-16,-7.762972882582908e-16,9.52800762555198e-16,9.82073883321174e-17,-4.090686176153629e-16,4.691736654496086e-17,-4.147261688010242e-16,-2.350837804524174e-16,2.4625198166990897e-17,-3.6164008772129944e-17,-4.048412514572151e-16,-2.3042667452080756e-16,-5.572100948379623e-16,-7.723747093323426e-17,6.125298520400329e-17,-2.7258061748209786e-16,1.2788763098361826e-16,2.2002431335185725e-16,9.092220399180252e-17,-6.879829458394266e-17,-1.0996685205670445e-16,-9.641123891440199e-17,-8.510561602548826e-18,4.427178498299093e-17,2.3469259352039133e-16,2.46503824295393e-17,-2.7453745502035925e-16,1.0752966330899225e-16,-1.468713247372718e-16,-1.5882657192682693e-18,-1.038903726591481e-16,5.685560718071225e-17,-4.039424282878056e-17,-2.2805733085732102e-17,1.580916158172724e-16,1.9282647273552218e-16,-6.89278508506936e-17,1.7013056687960193e-16,-1.2323327613435192e-16,-4.4169634816637094e-17,-2.3368037842874565e-17,-2.0978003295645198e-16,-2.6525463476944155e-17,-1.4496276819217271e-18,-1.6521367511643136e-16,-1.257773587332144e-16,1.4577133823611787e-16,3.0667450787957826e-16,-1.7447511449898142e-18,8.337163398280289e-17,1.0503359763975798e-16,2.8454889653526127e-18,2.482390282200037e-16,3.6378923395050947e-17,-1.374950090835846e-16,-6.255283565989171e-17,7.784028907032449e-17,-1.43223996518956e-16,1.681089868577841e-16,-4.212260045489081e-17,1.595219388062378e-17,-2.482395787271149e-16,9.299300223725257e-17,-1.6846721000152145e-16,-5.299506320440033e-17,1.5768926484297888e-16,-1.2330147219090877e-16,3.628058444989521e-17,-1.060806648564962e-16,2.6321869621932914e-16,1.2016763846470722e-16,4.6386411597307525e-17,8.894931183987642e-17,-3.422210969330202e-17,-2.1340949333261758e-16,-3.860332736849797e-17,1.7947502894008918e-17,-3.77572656878442e-17,6.279900904546482e-17,-6.784962982848584e-17,2.4479941251329536e-17,-1.4221183849312674e-16,3.26589487137248e-17,-2.8079351044778586e-17,-1.0534957338514375e-16,-1.0494889550922426e-16,-1.8809010372837266e-16,-8.999627880525813e-17,-3.649555728065125e-17,-3.941851279303351e-17,-2.4372360516902642e-17,6.472243898953599e-17,1.5111999900889478e-16,1.8157167784583172e-16,-5.917160581205959e-17,1.7001464163336966e-16,-1.2812620344527994e-16,-7.044985655546244e-17,-5.982623074238055e-17,-4.664241356412214e-17,-6.069505784978763e-17,6.759975460757723e-17,-1.437737994511549e-16,5.277782013388995e-17,-2.230068406824073e-17,1.49017813915928e-16,-6.808108643154225e-17
COC1=CC=CC(OC)=C1C2=C(P(C3CCCCC3)C4CCCCC4)C=CC=C2||[Na+].[OH-]||O=CN(C)C,COC1=CC=CC(OC)=C1C2=C(P(C3CCCCC3)C4CCCCC4)C=CC=C2.[Na+].[OH-].O=CN(C)C>>,C_1026cb6caf62,COC1=CC=CC(OC)=C1C2=C(P(C3CCCCC3)C4CCCCC4)C=CC=C2||[Na+].[OH-]||O=CN(C)C,COC1=CC=CC(OC)=C1C2=C(P(C3CCCCC3)C4CCCCC4)C=CC=C2,[Na+].[OH-],O=CN(C)C,3.697093256973161,0.21873148620968047,-1.8244683034723874,-0.1699869785609364,-1.4352060419889683,-0.13753115125335028,0.08783849985727316,1.0255047079947905,1.955111693998354,0.8801350735997565,-0.3784698137934586,-0.3971125427888139,0.18110157792894815,-0.33391469968084614,0.9998034479442646,0.2550985408775028,-0.6044122432762509,0.026042369234239922,0.6080242339388438,-1.1342203020164417e-15,-1.0077361297317367e-16,7.914847205871579e-16,9.003163888785227e-17,-4.453730067658085e-18,6.521897644795163e-17,-3.2824612982953344e-16,1.0142797098319685e-16,-1.5585710623957198e-16,-1.1714949885981132e-16,-4.1962956374998615e-16,4.995844219676265e-16,-1.8195309550899915e-16,4.652671364089106e-16,6.14159043058335e-16,-7.127763291731749e-17,3.1540530775299355e-16,-2.462994947908518e-16,2.72550625652993e-16,3.0125419503787267e-16,3.1316257183781125e-16,-1.232205321016614e-16,1.9259906117112918e-16,3.3432509693770906e-16,-2.2140051593948237e-17,2.9780438608345926e-16,-1.173004601077189e-18,-3.408561002613493e-16,5.0223130004305575e-17,3.99383456424048e-17,-7.77211081277774e-17,2.1710821913895023e-16,-2.404861923238917e-16,-1.6539821822793686e-17,-9.298729293860828e-17,2.009676789607308e-16,-1.092925735803656e-16,-2.078023574846948e-16,4.75762573305502e-18,4.66304733927907e-17,8.020734344830377e-17,-2.3097360461890507e-16,-5.624571160356621e-17,-1.9661170533802398e-16,7.719098568216691e-17,-5.490823942126999e-17,9.776645275729804e-17,-1.728146381848867e-16,-5.3031352761806047e-17,-4.807439674326518e-17,-5.016560804176702e-17,1.4775359241996242e-16,5.630249829254324e-17,1.5023123891001654e-16,-1.0011704238677517e-16,6.340729858234959e-17,2.179926091267214e-17,1.216977208017637e-16,1.5136198538199285e-17,-1.6120113702084044e-16,2.505998708273869e-16,-5.2640947701161416e-17,-8.697770613067488e-17,-2.3721554913192754e-17,3.263382722519748e-17,3.453867476945103e-17,-4.3277244522335983e-17,5.892163925383851e-17,-3.6449214658840195e-17,1.2458882534962168e-16,1.7429704334390644e-17,-7.874038415764108e-17,1.5990371926952907e-16,1.0644424968308986e-16,1.8729926523472918e-16,1.5512626964825394e-17,-1.6886235326224542e-16,-1.0783399700685074e-16,-8.653221833802127e-17,-1.7240969723651122e-16,9.279629092584715e-17,-2.3014946339858337e-16,-3.3903285199944272e-18,2.488339767070166e-17,4.86652044632137e-17,2.5192169484287754e-16,-9.307678013189545e-17,6.696940927750656e-17,8.240965380104786e-17,-1.4101040759732675e-16,1.49076612055308e-16,7.685213242375747e-17,8.624942984332726e-17,-5.682520843288144e-17,-1.357606887622212e-16,-8.081512614020344e-17,2.8222234728627604e-18,-1.2072389636379265e-16,7.976419827183433e-17,-1.3637667784101236e-16,5.854634747701469e-17,-1.2592510280146872e-16,-1.8453647685744683e-17,-1.0832370440271596e-16,2.2231260059565566e-17,1.2110186947721711e-16,9.642629990529017e-18,-1.6855353813595679e-16,1.0453274410410712e-16
CC(C)(P(C(C)(C)C)[c-]1cccc1)C.CC(C)(P(C(C)(C)C)[c-]2cccc2)C.[Fe+2]||[Na+].[OH-]||O=CN(C)C,CC(C)(P(C(C)(C)C)[c-]1cccc1)C.CC(C)(P(C(C)(C)C)[c-]2cccc2)C.[Fe+2].[Na+].[OH-].O=CN(C)C>>,C_379311f1489f,CC(C)(P(C(C)(C)C)[c-]1cccc1)C.CC(C)(P(C(C)(C)C)[c-]2cccc2)C.[Fe+2]||[Na+].[OH-]||O=CN(C)C,CC(C)(P(C(C)(C)C)[c-]1cccc1)C.CC(C)(P(C(C)(C)C)[c-]2cccc2)C.[Fe+2],[Na+].[OH-],O=CN(C)C,-1.5678166466947503,-0.5445544539407907,-1.824468303472388,-1.8306686961429988,-1.4352060419889663,1.1506141613685534,0.08783849985727432,-0.341744880418536,0.9228435721645204,-0.12806008460238136,-0.3784698137934601,1.719354778686816,0.18110157792893972,-0.3339146996808443,0.9998034479442627,-0.3755240042558056,-0.6044122432762514,0.6986574594526086,0.6080242339388433,-5.293767502941009e-16,-3.274472912098507e-17,4.474366241133269e-16,2.5149341857294505e-16,2.0889757595358642e-16,6.298889014132351e-16,-1.5225414886316848e-17,-1.0640790367681171e-16,-2.1444804994103706e-16,4.955085017205977e-16,-1.6045327662243635e-16,2.303119999685347e-16,-3.1494697416008503e-16,2.6163137730819017e-16,-7.202442553305666e-17,-1.5451766965846015e-16,-2.1218077407156824e-16,7.966157586085128e-17,-6.147463032001619e-17,-3.0081890083998217e-16,1.3079106698860176e-17,1.5587989669973263e-17,1.6022464758549141e-16,-1.0502796971272418e-16,-7.344060743331873e-17,-3.254208996998297e-16,2.5999509187747843e-16,-1.3227365608194725e-16,1.2031253654476805e-16,6.246003255065454e-18,-1.718541976493448e-16,-1.8856648456640186e-16,6.516499144513809e-17,-2.0915704430852804e-16,2.280704626558877e-16,8.927217471515792e-17,-1.3778331402781385e-16,-5.001716811640628e-17,-1.4128752458904717e-17,4.358758019351561e-17,1.2461796257528823e-16,2.2742108257500076e-17,6.833743489650939e-17,-1.330429973584875e-16,-1.7186675392899418e-17,-7.832423644907491e-17,-1.2423039419148542e-16,5.3946189670373555e-17,3.015985142209422e-17,-2.9779303588251393e-16,8.48222662239729e-17,7.528842371009326e-18,-5.380171075995273e-17,3.1887786142677505e-17,-5.222943543706867e-17,-9.838551409000642e-17,2.7256719577615855e-17,-2.1382181366933822e-16,2.54187944751185e-16,-5.893122133984888e-17,3.347509826936829e-17,1.0259795475882915e-16,-6.594925290265887e-17,-1.9947570496917498e-17,-4.1651785137705336e-17,4.1725676723729873e-17,-1.6335415350540012e-16,5.614385663025822e-17,2.9240691212055205e-16,-1.191843111915982e-16,-1.6431484638636434e-17,-5.910241501953606e-17,2.1569487984938599e-16,-6.574593017056233e-17,6.812811370845815e-17,-1.4102665736482226e-16,-6.180184219100617e-17,1.3453176622181747e-16,2.103326079869107e-17,2.332580265627649e-16,6.672247449464609e-17,1.248842275297236e-16,1.168155677999865e-16,-1.1844769898754656e-16,-4.8956176511130336e-17,-4.6487564668087605e-17,2.716677524405471e-16,-1.4268576604591328e-17,9.412943502493194e-17,4.1895530772762793e-19,2.0602947358935418e-16,1.512645824557536e-16,2.021167098218454e-17,-1.2925028789016445e-17,-9.337172192037237e-18,2.571363251496966e-16,8.345292647535051e-17,-4.033230804051211e-17,-1.734772356700232e-17,-1.0619153192827154e-16,1.9562399039188545e-16,2.1364796551683746e-17,-1.1705369732986945e-16,1.5808316145785104e-16,-5.722389893126494e-17,-3.0148948470305203e-18,-6.906404902152121e-17,-2.929322509648556e-17,5.0000562898111853e-17
CC(C1=C(C2=CC=CC=C2P(C3CCCCC3)C4CCCCC4)C(C(C)C)=CC(C(C)C)=C1)C||[Na+].[OH-]||O=CN(C)C,CC(C1=C(C2=CC=CC=C2P(C3CCCCC3)C4CCCCC4)C(C(C)C)=CC(C(C)C)=C1)C.[Na+].[OH-].O=CN(C)C>>,C_b17950b790ca,CC(C1=C(C2=CC=CC=C2P(C3CCCCC3)C4CCCCC4)C(C(C)C)=CC(C(C)C)=C1)C||[Na+].[OH-]||O=CN(C)C,CC(C1=C(C2=CC=CC=C2P(C3CCCCC3)C4CCCCC4)C(C(C)C)=CC(C(C)C)=C1)C,[Na+].[OH-],O=CN(C)C,4.0952142922541555,0.06059900161018986,-1.8244683034723883,-0.5208425618983289,-1.4352060419889678,-0.11150016598743188,0.08783849985727182,-1.7351649042204014,-1.0409822672107305,-1.0072610296413134,-0.37846981379345945,0.3127331155945681,0.1811015779289456,-0.3339146996808451,0.9998034479442631,0.08800205000734822,-0.6044122432762511,-0.0017897580635643907,0.6080242339388433,-1.1571126188649267e-15,-1.3232285740662478e-16,5.805530783156694e-17,-4.782813769967587e-17,4.483672211660611e-16,2.9302448932886604e-16,-1.4811409260056362e-17,-1.0369533536195436e-16,2.56575382827894e-17,4.3942670339353523e-16,-1.6288345792095325e-16,2.8872610637636627e-16,-3.7130256984925427e-16,-7.398603303437457e-17,-2.708374375836577e-16,-4.702731458588704e-16,-7.65818508604468e-17,1.9794444284119275e-16,-4.1495893368386016e-16,1.5963520865511356e-16,-1.489840455915128e-16,-2.786898753421717e-16,1.9901541392727804e-16,-2.8471991097579504e-16,-2.1801952952666642e-16,-2.905718369545421e-16,9.381368540509901e-17,-1.7414113148468407e-16,1.3395530760494757e-17,-6.450327638073498e-18,-2.2061537033228505e-17,-1.064269505704021e-17,-2.885169719805072e-17,-1.1468513716413286e-16,7.477868323169662e-17,7.075348075304458e-17,7.045708438767045e-17,3.927239427325475e-17,1.8930202284647406e-16,1.1204572462140906e-16,-1.1285508065352252e-16,1.2872865861386274e-16,2.9616810798022547e-16,4.789013776617593e-17,1.7547899003366854e-16,-1.1957552846694744e-16,-7.004844161318653e-17,-7.76009380909027e-18,1.7165986689500885e-16,6.451543839516752e-17,-1.3431357813606697e-17,-1.4942132707119683e-16,-8.680268025619411e-17,4.933800126636156e-17,1.0840071079127562e-16,-1.215834047511036e-16,-2.0704682456677944e-16,-3.7152399859603845e-17,-1.1645668470950577e-17,-1.0531647987294169e-17,-7.080392480181033e-18,5.822903538102136e-17,-1.1169380108354858e-16,-2.0390453076452678e-16,-1.1021628035273324e-16,7.732127081208735e-17,1.0123401629475999e-16,2.6054583202448194e-17,4.8695126707382573e-17,2.41422010647554e-16,-1.1148166273022635e-16,6.625312454371278e-17,8.535842614135969e-17,-1.121299495585283e-17,1.7930525970361684e-16,-1.1628074430207886e-16,-1.7583097017742158e-16,9.864522201402555e-17,-6.819504427230134e-17,2.1923728348916286e-16,6.2850456099193e-17,1.3586474348025699e-16,9.946952695509692e-17,-8.766089648142487e-17,9.925200314881702e-18,-1.7115069758892197e-17,-7.288314395495906e-17,1.4611043563610403e-17,-7.613894334649101e-17,-7.95875497988037e-17,-3.5840038617078484e-17,3.5754452283253146e-17,-6.62740703195577e-17,-7.304606932995251e-17,9.452348874362574e-17,1.3674150240904378e-17,1.2127783432724166e-16,2.314465585476506e-17,-1.1699816803375166e-16,-6.418593552220087e-17,-6.141840659352613e-17,7.984943456960763e-17,2.9181796409944325e-17,-5.152832077545208e-17,2.422719673328854e-16,4.3381241214914493e-17,-2.0417120019382086e-16,6.096371074883466e-17,7.754182628521867e-18
[c-]1(P(C2=CC=CC=C2)C3=CC=CC=C3)cccc1.[c-]4(P(C5=CC=CC=C5)C6=CC=CC=C6)cccc4.[Fe+2]||[Na+].[OH-]||O=CN(C)C,[c-]1(P(C2=CC=CC=C2)C3=CC=CC=C3)cccc1.[c-]4(P(C5=CC=CC=C5)C6=CC=CC=C6)cccc4.[Fe+2].[Na+].[OH-].O=CN(C)C>>,C_7884cae29644,[c-]1(P(C2=CC=CC=C2)C3=CC=CC=C3)cccc1.[c-]4(P(C5=CC=CC=C5)C6=CC=CC=C6)cccc4.[Fe+2]||[Na+].[OH-]||O=CN(C)C,[c-]1(P(C2=CC=CC=C2)C3=CC=CC=C3)cccc1.[c-]4(P(C5=CC=CC=C5)C6=CC=CC=C6)cccc4.[Fe+2],[Na+].[OH-],O=CN(C)C,-1.3841208155545002,1.133811903741769,-1.824468303472388,-1.1785704697655899,-1.435206041988969,2.0264914915776946,0.08783849985727121,-0.4876063293133143,0.3252425987294691,-0.3701586543025706,-0.37846981379345845,-1.486081881780198,0.18110157792895257,-0.3339146996808461,0.9998034479442637,-0.26752973554483317,-0.6044122432762506,-0.7958149782613766,0.6080242339388436,5.413624257756143e-16,2.647879817455712e-17,2.631546291928647e-16,-3.375770931235669e-17,-7.162748878810445e-16,9.634825029826303e-17,5.769653046570373e-16,1.0137027753314246e-16,-2.3182770919402336e-16,1.5478979061345937e-16,-1.8796206502724405e-16,4.518054107442002e-16,-6.797644278669215e-16,-6.683946636316295e-17,-5.927424656058504e-16,5.611321382827795e-16,-1.4188871593363895e-16,2.415145149444834e-16,2.0287084643772365e-17,-8.163978064804792e-17,6.809926602000781e-17,7.114886651732989e-17,2.1833062220130899e-16,3.718393171382642e-16,-8.117928542296563e-17,4.878157857885534e-17,-5.396267265760278e-17,9.380222667081978e-17,-2.39013529980638e-16,1.1491031344300984e-16,1.1558370093193406e-16,-1.514689335041584e-16,1.3572651470118048e-16,-1.2622553121421216e-16,-2.197490357036367e-16,-2.006074813401242e-16,1.476964697999844e-16,1.0385040861762067e-17,2.4462966819058615e-16,-1.3683957119360623e-16,2.34911074631069e-16,5.910871635986144e-17,-7.382014267335129e-17,1.2833987137780013e-16,-1.396909266821743e-16,7.864134636971833e-17,1.4980789355651924e-16,1.3462309087997155e-16,2.4553542310862194e-16,-2.2534264993083154e-16,-1.217269563339537e-16,1.9749979985227935e-16,6.58396094846335e-17,3.9178746218357674e-17,6.296643992319219e-17,4.6255285559699983e-17,-2.5298979014878478e-17,1.5300909612779523e-17,1.5742423882009444e-16,1.0578451772188795e-16,-1.7319062396857942e-16,-7.081672879264222e-17,-4.2917955846626596e-17,1.0560360929903904e-16,2.7315984093041183e-17,7.18215377565765e-18,3.126053805005686e-17,9.673712005379992e-17,-1.511133354687452e-16,2.7539284097895143e-17,1.2040127394591838e-17,-5.18438999900917e-17,-6.951127935698074e-18,1.2295562110326705e-17,-1.0624795443559808e-16,-1.0099720390237952e-17,-1.7718261460553225e-17,9.937807869294389e-17,-5.911496574749971e-18,-2.372769575918717e-17,2.3631526152943625e-16,6.435054534065002e-17,-9.451793991668645e-17,2.2054042353344883e-16,2.344688957466293e-16,3.787136906666816e-17,1.5726558705250413e-16,3.458432946121805e-17,-6.131183023917367e-17,3.044608128368042e-16,1.4675014653459308e-17,1.527849972157609e-16,9.370047302506832e-18,-2.2406258256222847e-16,-1.9523196953554033e-16,2.7356289702663945e-17,1.055421137365273e-16,-2.793433685672388e-16,-9.023498976953804e-17,-2.696555004296037e-16,6.429218548647184e-17,-1.2863022902136518e-16,6.751394511992423e-17,-1.3078726152007016e-16,3.7982648813644035e-16,-1.555428302893565e-16,8.27859156949171e-17,-1.8844854212030434e-16,1.0682737730995777e-16
CC1(C)C2=C(OC3=C1C=CC=C3P(C4=CC=CC=C4)C5=CC=CC=C5)C(P(C6=CC=CC=C6)C7=CC=CC=C7)=CC=C2||[Na+].[OH-]||O=CN(C)C,CC1(C)C2=C(OC3=C1C=CC=C3P(C4=CC=CC=C4)C5=CC=CC=C5)C(P(C6=CC=CC=C6)C7=CC=CC=C7)=CC=C2.[Na+].[OH-].O=CN(C)C>>,C_9c9ecdfaa0db,CC1(C)C2=C(OC3=C1C=CC=C3P(C4=CC=CC=C4)C5=CC=CC=C5)C(P(C6=CC=CC=C6)C7=CC=CC=C7)=CC=C2||[Na+].[OH-]||O=CN(C)C,CC1(C)C2=C(OC3=C1C=CC=C3P(C4=CC=CC=C4)C5=CC=CC=C5)C(P(C6=CC=CC=C6)C7=CC=CC=C7)=CC=C2,[Na+].[OH-],O=CN(C)C,-0.7608527313618176,3.057345820275926,-1.8244683034723863,2.340206537654115,-1.43520604198897,-0.5112817700760026,0.0878384998572733,0.355928425757104,0.45010996213631055,-1.120726489208372,-0.37846981379345956,0.8357285648736785,0.18110157792894355,-0.3339146996808447,0.9998034479442629,-0.3419186122896455,-0.6044122432762511,-0.16127802879825126,0.6080242339388433,-8.461789029256444e-16,4.292160965183468e-16,-3.5601652742646707e-16,-1.104172490363547e-16,4.525161038622097e-16,-7.474712511157111e-16,-3.2910337835487125e-16,6.715413305708366e-17,1.5275647829105042e-16,-1.256672236791876e-16,9.907360072291055e-19,2.2314159702912803e-17,-3.038078165047445e-16,8.831070968609507e-19,-3.427650068467654e-16,1.6508317904678047e-16,-2.4885404902744524e-16,-2.8380460902966737e-16,9.25484225518388e-17,-8.157809324553588e-17,1.4527466315545776e-16,-1.5538285526975077e-16,-7.459403994056762e-17,-2.768295930403029e-16,-2.6003592719554655e-16,-5.838023895501036e-17,-2.0740604314915746e-16,-2.4657300167031454e-16,-2.3847455960257254e-16,9.887826999590024e-17,1.8139067641449185e-16,-1.5781829584736826e-16,-8.101973938600353e-17,1.2160578570619446e-16,3.362842261520819e-17,-9.938234858409525e-17,1.4944261856125128e-17,3.2477023231018856e-17,-6.4672117852875e-17,1.8144151948620292e-17,-1.7612243179147217e-16,6.315914752927497e-17,-1.0979117210703051e-16,-2.387634383400806e-16,8.287280782251925e-17,-1.5192644604282005e-17,1.208554218770947e-16,-8.900711988109777e-17,-3.399210398678419e-16,3.021527422935199e-16,2.6046650084405505e-16,2.2336731458828704e-16,-1.2208116939465074e-16,1.2146074408898045e-16,1.936647897190768e-16,8.850620549945782e-17,1.9789947240778383e-16,1.1148223895387044e-17,-6.929656342913779e-17,7.71196657080725e-17,-1.1398767035818215e-16,-5.636340896973877e-17,-4.640377252922614e-17,5.756812099944382e-17,-1.894706933702849e-16,-1.664206387286174e-16,5.445145574297685e-17,-6.807437647178043e-17,-4.766647895014178e-17,1.5472127527227539e-16,-5.1710274133559247e-17,2.5307503284400604e-17,-1.6573055105899445e-16,-1.6389264520550788e-16,-1.0209501159955052e-16,-5.673598601919109e-17,-9.320959893486938e-17,-1.7190623111353387e-16,-1.2225907341008877e-16,3.285130700842484e-17,4.1800572757913843e-17,1.874741844818044e-16,-1.312924112196031e-16,-4.012055548586395e-19,-1.8958450163689044e-16,-7.985207367559412e-17,-1.2651790069763224e-16,-1.1740635269631793e-16,-6.944974155502469e-17,-3.824043610992243e-16,8.854711244268203e-17,1.9630519928159234e-16,5.357527728973429e-18,6.724305854561684e-17,-1.1709161157460357e-16,3.9118482281058267e-16,1.3719589970398666e-16,-1.382069560784355e-16,1.7193006752176048e-17,-1.4207853516835643e-16,8.701311121731657e-18,9.648554163577716e-17,1.6708921939717457e-16,1.2677086733338085e-16,1.71075429807454e-16,-3.461904280888451e-16,4.199144078394678e-17,-1.1042832234947028e-16,-6.36092613965097e-17
CC(P(C(C)(C)C)C(C)(C)C)(C)C||OC([O-])=O.[Na+]||O=CN(C)C,CC(P(C(C)(C)C)C(C)(C)C)(C)C.OC([O-])=O.[Na+].O=CN(C)C>>,C_792caf72ee42,CC(P(C(C)(C)C)C(C)(C)C)(C)C||OC([O-])=O.[Na+]||O=CN(C)C,CC(P(C(C)(C)C)C(C)(C)C)(C)C,OC([O-])=O.[Na+],O=CN(C)C,-1.224289551208006,-0.6982614233068848,-1.824468303472388,-0.540912244889608,-1.4352060419889703,-0.4809328274603507,1.52668223756256,0.5164120737207379,-0.3579680742465485,-0.00477646981793972,-0.7254911804417498,0.8719731108561564,-1.6439282864841984,-0.33391469968084353,-0.23770256351032434,1.6703602962318331,0.038206032407321074,-0.7970487546071371,-0.12285981085020856,9.520184672465231e-16,5.843905078187099e-16,-7.330971631137933e-16,-3.0653330921116105e-16,-1.4011070879308104e-16,-6.212481712292549e-17,-2.254615245151656e-16,-3.0264363639747844e-16,-2.645914278506332e-16,-2.591107349127525e-16,-1.194465107970792e-16,-4.2695148763182166e-16,1.745391484697731e-17,-3.8193015720603946e-16,-1.369945528848925e-16,-1.4812387947114806e-16,-8.329504727793937e-17,1.102674597256455e-16,4.404932502856943e-16,4.2782127127401964e-17,3.0142236126945385e-16,1.8455339751318097e-16,3.534742140770372e-17,-1.3870407507766333e-16,1.6396787649516694e-16,5.4304975630699157e-17,-4.3407079418305833e-17,-8.135485501011437e-18,2.6718747328904475e-18,1.188691702378737e-16,-1.7783753843061783e-16,1.0498057353900234e-16,1.0770589694954038e-16,-1.0190364518526721e-16,2.4806845852643262e-17,-1.439605424178441e-16,-1.6460915735375574e-16,-1.4293993397952586e-16,-3.354592413264304e-17,4.7745121080974684e-17,1.702608445718374e-17,-3.117935801729153e-17,1.9434682973203578e-16,-6.140997489214292e-17,1.734460044609873e-16,-2.089031612340288e-16,9.282369029206451e-17,3.177590096396681e-16,-7.091865178003578e-19,1.5728849937100877e-16,-7.778150118499837e-17,1.2924412184989182e-16,2.2169484730515153e-16,-1.3383074306966496e-17,1.902346550285645e-16,-1.6238077071703946e-16,-1.057067310073288e-16,9.624125777476727e-17,6.061680685056974e-18,2.8430109323743813e-16,1.5203816380858363e-16,-1.5458396846682353e-16,-2.604698491384777e-16,-2.7894177315241304e-16,-1.3576377841792148e-16,1.8551709604306084e-16,1.7937330983722584e-16,-8.697892913655344e-19,-6.86528347221869e-17,-1.0122490168981578e-16,-1.0203658159618016e-16,6.970513033144333e-17,-1.9998386933080248e-16,1.0487649313883961e-16,3.2521269591398487e-16,1.9226667964084674e-16,-7.678118916925639e-17,-3.2524998075254447e-16,1.5230258703186616e-16,1.9412387630931238e-16,5.378895069821501e-17,2.946236555487395e-17,-2.2626629071073637e-16,1.811335192240425e-16,1.2453222981566788e-16,3.233488781955133e-16,-3.9027628037487176e-16,4.6729751816339414e-17,-1.439938874829941e-16,2.232947367050548e-18,-6.192603033584359e-17,-1.9618614515904835e-16,-3.2914076549449994e-16,1.8759645956102956e-18,-2.0108467421170557e-16,2.693103825617713e-16,1.7811553110544823e-16,-1.4032411445602154e-16,-3.7479305033495627e-16,-5.383929540546233e-17,-1.7140326544981476e-17,2.3607834010582545e-17,-1.7006127900391563e-16,6.181663610817035e-17,-2.1566036566950935e-16,1.0791111645813155e-17,3.2915828676159205e-17,2.676532776255323e-16,-1.2202773124726701e-16
P(C1=CC=CC=C1)(C2=CC=CC=C2)C3=CC=CC=C3||OC([O-])=O.[Na+]||O=CN(C)C,P(C1=CC=CC=C1)(C2=CC=CC=C2)C3=CC=CC=C3.OC([O-])=O.[Na+].O=CN(C)C>>,C_3b6fe7f6c213,P(C1=CC=CC=C1)(C2=CC=CC=C2)C3=CC=CC=C3||OC([O-])=O.[Na+]||O=CN(C)C,P(C1=CC=CC=C1)(C2=CC=CC=C2)C3=CC=CC=C3,OC([O-])=O.[Na+],O=CN(C)C,-0.9376336432096941,1.2345744235185014,-1.824468303472388,0.2368490684074835,-1.435206041988971,0.27863967790261496,1.5266822375625582,0.21949929330034418,-0.7800009929116314,0.14740606941524634,-0.7254911804417489,-1.1263128578207413,-1.6439282864841902,-0.3339146996808441,-0.23770256351032384,0.9338159119711471,0.038206032407319526,1.2462422126349613,-0.1228598108502085,1.0194552474442729e-16,-2.0204255756190313e-16,6.669337921544512e-17,5.234972838002139e-16,-6.288004632566574e-16,4.7295570486956055e-16,9.548267615561648e-16,-1.329350791731641e-16,8.118984858314684e-17,-3.3589859327961423e-16,1.1350554653702394e-16,4.326680125781595e-16,-7.281514093696066e-16,-3.304149346191027e-16,4.9030912830769354e-17,-3.71209658010337e-17,1.1540817877620403e-16,-2.1012770867089176e-16,3.5081984315393203e-17,7.308220974163069e-17,-3.8518115465727444e-17,-1.1750711767981533e-16,2.0738586339399608e-16,-3.093173724635485e-17,-1.4329565112171394e-17,2.48440256246122e-16,4.640153915942131e-17,-4.251032245083171e-18,-6.793736031272268e-18,1.2489649487554056e-16,-2.8394440684769095e-16,1.2983335203840795e-16,7.040938576357293e-17,8.989182710706423e-17,-1.01351343790331e-16,2.8893283209496635e-16,2.6879682128679004e-16,-1.0695896692324569e-16,-5.935121233055912e-17,-8.140512393000855e-17,1.3177335434709861e-16,-6.115191828324476e-17,-1.9443093996124113e-16,7.04364713673972e-17,-1.3613547574468736e-16,6.884622103969666e-17,2.2778405791125023e-16,1.2882444317248427e-18,-1.8819937358151508e-16,1.912900632701964e-17,-1.2173233064442482e-16,6.960931017937327e-19,-8.902236878808324e-17,-1.6214263226495604e-16,2.0939334979250062e-16,7.799841031305172e-17,3.200624363650441e-17,6.71017843794115e-17,-1.0905285391409913e-16,-2.0585959209196247e-17,-7.007568499088804e-17,4.971062010458306e-17,4.282506282176492e-18,1.407689372115642e-17,-2.7605917367868093e-17,-2.6272988263465016e-18,5.413169681685053e-17,-2.2620001078473778e-17,6.268860737364862e-17,-1.5923959644251817e-16,5.217824131370815e-17,1.4663608060597683e-16,3.39200794967135e-17,1.5853660344135778e-16,1.5062350717773667e-16,-7.662872186964713e-18,2.681924799699419e-16,8.774944401413579e-17,-6.945865784451247e-17,4.83085958069557e-17,1.7506301436811344e-16,-1.5471245812071733e-16,1.6825302752924176e-16,-1.7298211422908146e-16,-1.0304509263624752e-16,1.7919714151300053e-18,9.506392991319108e-17,-1.7419632230269805e-16,-1.4130220388030633e-16,-1.2433867993739011e-16,-8.064153543191102e-19,-1.8801177168337471e-16,1.67427854335731e-17,9.396258022210346e-17,-2.986054974678875e-16,-1.40667514673174e-16,1.4168408447689982e-16,1.4516335534821697e-16,7.997945459815415e-17,9.232532286688694e-17,-1.5421753232278395e-16,-6.495092399491854e-17,4.393401322807747e-17,6.883990071643199e-17,2.3322702179423883e-16,1.8547286630419017e-16,-8.411881989345316e-17,1.3271508048920237e-16,8.463154603205779e-17
CC(C)(C)P(C(C)(C)C)C1=CC=C(N(C)C)C=C1||OC([O-])=O.[Na+]||O=CN(C)C,CC(C)(C)P(C(C)(C)C)C1=CC=C(N(C)C)C=C1.OC([O-])=O.[Na+].O=CN(C)C>>,C_0af56d66f2cb,CC(C)(C)P(C(C)(C)C)C1=CC=C(N(C)C)C=C1||OC([O-])=O.[Na+]||O=CN(C)C,CC(C)(C)P(C(C)(C)C)C1=CC=C(N(C)C)C=C1,OC([O-])=O.[Na+],O=CN(C)C,-1.5782981121882067,-0.6507387560859167,-1.824468303472388,-1.3390820507081518,-1.4352060419889723,-3.0233120881828093,1.526682237562559,-0.2690314540585111,0.35103460862731417,-0.39593751299980856,-0.7254911804417485,-0.8157423012752647,-1.6439282864841913,-0.33391469968084353,-0.23770256351032523,-0.5617383596306831,0.038206032407319866,0.020503180976102577,-0.12285981085020856,9.84565358959837e-16,-2.397650007948156e-16,-8.1350921820882665e-16,-7.039712352018999e-16,-3.9484204756947897e-16,-1.6059654503100075e-17,-9.729438349007314e-17,5.610157255914411e-16,4.782510348863023e-16,4.384963226964684e-16,6.115307760902257e-16,-2.715054701060991e-16,-3.1326021226367675e-16,3.242898376758198e-16,-3.7214821798192274e-17,-3.476545932975898e-16,-2.0079606156394768e-16,-4.8884423970252446e-17,-2.2839486946912423e-16,-6.125143407879258e-17,3.2653554710601593e-16,-1.747825084990029e-17,-2.9414492529720003e-16,-2.460969220506505e-16,2.1075509250627484e-16,-2.0010055387523244e-16,4.600449605261571e-17,-1.2672218864296256e-17,-6.077731438707015e-17,8.437625641785047e-17,2.5307906918387565e-16,-1.5146637126850933e-17,-3.0262592204328535e-17,-9.106011341376326e-17,-7.829324080729589e-17,5.0265705699160343e-17,1.1442778953538934e-17,6.964961604376098e-17,-1.3814673179381453e-18,4.161114562437271e-17,-9.256686176968116e-17,-2.7058656956021803e-16,8.271768540132151e-17,-1.761613442258364e-16,-2.0552673780691023e-18,5.476090610293221e-17,-5.083514523954815e-17,2.1271047460408974e-16,1.585716599332498e-16,-7.781794493809303e-17,-1.8339028616666195e-16,3.493178998723319e-18,1.2159657940807858e-16,-5.5140949069034415e-17,-3.121204466844007e-16,-1.8220291102551072e-16,-2.781921961776033e-17,-1.2324083162797807e-16,-3.784355988494811e-18,5.438827306294212e-17,1.8235147852622877e-17,1.042728456968438e-16,-2.298237765378963e-16,-6.576293559729724e-17,3.412607715791005e-17,2.1442868374772436e-16,1.2607866167039627e-16,-3.674448613059857e-17,5.86957733693647e-17,1.1802028415853695e-16,-3.251189339330193e-17,-2.7191353448673223e-17,-5.350321775945161e-17,7.450693982572948e-17,-2.1238655119027678e-17,-3.2282865230931655e-16,-2.9748820061571787e-16,-9.667160928308486e-17,1.1299119481127116e-16,1.5514187907878734e-16,4.111665236137183e-17,-6.605104366283924e-17,1.7421529613249666e-16,1.0886337227183179e-16,1.398336807794103e-16,4.4963393432900245e-17,5.5340110491679976e-17,-2.766612472712515e-17,-4.414672064166352e-17,1.2836811023503598e-16,9.064926287651868e-17,-4.672581830629306e-17,1.5473526683149545e-16,3.4876954389969363e-16,4.088805400157002e-17,2.048808898661349e-16,3.311097425012715e-17,-2.701765234011093e-16,1.0750528047426459e-16,-6.907662718578226e-17,1.0706992348303182e-16,1.6947665302919487e-16,2.304019961671344e-16,5.475610225316434e-17,-2.3286018254188173e-18,4.641459971843046e-17,-2.560478645152505e-17,-5.763074150225139e-17,7.614882344114674e-17
P(C1CCCCC1)(C2CCCCC2)C3CCCCC3||OC([O-])=O.[Na+]||O=CN(C)C,P(C1CCCCC1)(C2CCCCC2)C3CCCCC3.OC([O-])=O.[Na+].O=CN(C)C>>,C_01da4073deca,P(C1CCCCC1)(C2CCCCC2)C3CCCCC3||OC([O-])=O.[Na+]||O=CN(C)C,P(C1CCCCC1)(C2CCCCC2)C3CCCCC3,OC([O-])=O.[Na+],O=CN(C)C,0.8097398838794679,-1.6108233270164567,-1.8244683034723874,-0.03231794708524376,-1.4352060419889716,0.5630227060514402,1.5266822375625588,2.2053092310680884,-1.3646949579166314,-0.5762782864827903,-0.7254911804417494,-0.011638395004682722,-1.6439282864841944,-0.3339146996808425,-0.2377025635103253,-0.8033477138467451,0.03820603240731947,-0.029613970329750935,-0.12285981085020829,-1.8274784866174846e-16,-4.471300152150477e-16,-6.210117913773847e-16,8.395191614276335e-18,-1.964676579317095e-16,-1.4036070640334372e-17,4.756653834208559e-16,-8.757381947606534e-16,1.0063115235366397e-16,-2.1025561159545212e-16,1.6948099392720837e-16,-3.8072655647229973e-16,-3.968424008949918e-16,-4.575469977350558e-16,-2.6301758272060034e-16,3.387912871537973e-17,-1.4309587446545138e-17,7.9320609670366645e-16,2.227991085356039e-16,1.605125612141459e-16,3.5021681413663994e-16,6.34974717769286e-18,2.688119441029332e-16,7.15533601090423e-17,-3.0629097997567714e-18,4.199223347636985e-17,-3.139356780742046e-16,1.9713701232349879e-16,-1.3721393458079056e-16,-5.864417645988997e-17,-1.607537123108218e-17,1.1755330400718961e-16,1.5101862406401716e-16,-2.4821912129771692e-17,-7.505554648655422e-17,-9.151406936183077e-17,-4.2174241212771845e-17,1.2251300739251474e-17,3.2905620438935644e-16,-1.4553127385702644e-17,-1.4923561911316048e-16,-2.7143125849827673e-16,1.4257136727402477e-16,3.0626699044842793e-16,6.503947482939202e-17,2.426428398954134e-16,2.3087969213266014e-16,1.667881263608152e-16,-9.940645478612258e-17,-6.824120266153515e-17,5.617512544708676e-17,9.758078695164166e-17,-4.6211376080916233e-17,1.724814031456763e-16,2.5566883108669143e-16,1.1378591138208464e-16,8.811396475101197e-17,-1.8171354643350044e-16,1.8738688193239744e-16,-1.7047553634950573e-16,2.763294562056062e-16,-5.532378436532802e-17,-1.651238634009376e-16,-3.859643566431863e-18,-2.857503684705724e-17,-6.041755098921047e-17,6.288383348108771e-17,-1.2025965097953477e-16,3.243919973820285e-17,-1.8542345719890814e-16,-1.1127913456213333e-16,-1.0322291232521613e-16,-2.341453339019518e-16,-5.4204644801225344e-17,-1.7664191662054376e-17,-5.346774681267615e-17,2.1071095508928658e-16,2.559988365041852e-16,-8.788368950311064e-17,-6.527587113272686e-18,1.28799020107282e-16,1.3247520533709743e-16,-2.3512689247528988e-17,-1.5685853108329948e-16,9.888888018185963e-18,-1.6240319135183885e-17,-1.3843697188274367e-16,-1.1681397056242498e-16,-1.8760125088455082e-16,9.837090294441338e-17,8.022350862571847e-17,8.959940033060372e-17,-1.1498690941084883e-16,-1.5130281353939975e-16,7.405877397195929e-17,-5.732808180816451e-17,-1.6950138024731363e-16,-4.164844111630228e-17,7.604397606238664e-17,-9.560011474707621e-17,-3.1674218658059784e-18,1.1629987313551212e-17,1.5886506866736362e-16,1.887266736665712e-16,-7.650996725116847e-17,1.749882410320668e-17,1.3460146022571008e-16,-9.181171198867214e-17,2.102913259098996e-17
CC1=CC=CC=C1P(C2=CC=CC=C2C)C3=CC=CC=C3C||OC([O-])=O.[Na+]||O=CN(C)C,CC1=CC=CC=C1P(C2=CC=CC=C2C)C3=CC=CC=C3C.OC([O-])=O.[Na+].O=CN(C)C>>,C_fbad7a260ed8,CC1=CC=CC=C1P(C2=CC=CC=C2C)C3=CC=CC=C3C||OC([O-])=O.[Na+]||O=CN(C)C,CC1=CC=CC=C1P(C2=CC=CC=C2C)C3=CC=CC=C3C,OC([O-])=O.[Na+],O=CN(C)C,-0.26365475576253306,0.9915488887997183,-1.8244683034723874,0.32248622106951,-1.4352060419889678,-0.24540933155649522,1.526682237562559,-0.5084585430537787,-1.0360040403224682,2.5086809595071786,-0.72549118044175,0.45264748397794874,-1.6439282864841969,-0.3339146996808435,-0.23770256351032434,-0.5902568205259895,0.03820603240731985,-0.24296470019919011,-0.1228598108502085,-7.122841993727494e-16,-2.1605609256757002e-16,-3.5900202818985255e-16,-3.804789349627811e-16,-5.416885255699956e-16,-5.537965803691135e-16,-2.8357386954593396e-16,-5.305026922045264e-16,-4.0063575359347036e-17,-4.089199186771151e-17,1.5819173005124704e-16,-2.961589730707833e-17,-4.04176385717153e-17,-7.602731372558574e-17,7.710278295679589e-17,1.870171764693582e-16,9.31939601712134e-17,-1.6551098495610654e-16,-4.3238066293565575e-17,1.4098394309782774e-16,9.063916626211926e-17,-2.3042340976274795e-16,-8.438613862686137e-17,7.582615276951161e-17,-1.2725889052584023e-16,5.646182773213619e-17,-1.956292308507539e-16,-1.9531516193830282e-17,-3.031748923274241e-16,4.805880669216428e-17,3.3978123956293575e-16,4.08406406838542e-18,-1.2222651436967088e-16,9.110568641143276e-17,2.7556225040398827e-17,-1.230964762716369e-16,-9.394077107297069e-17,-4.976361536721357e-18,1.4488028970837952e-16,-3.866399344940702e-17,-2.5253673877767488e-17,-1.3107738167585742e-16,-9.646811177503959e-17,-1.1329275716997702e-16,-1.8049825921577148e-16,-4.134653118054412e-17,-5.957603882246297e-17,1.3131674531988302e-16,1.3721461945254333e-17,1.4945962439342992e-16,-5.763147188965951e-17,1.1922921112852295e-16,-3.028352934378422e-16,-1.111177012809198e-16,-2.7034557492163216e-17,-3.7201810346563316e-17,5.414346009757663e-17,2.321738414603599e-17,4.3213572207614056e-17,2.75188018662922e-17,6.908212220752115e-17,-1.4948684470137596e-16,-1.3685724941306014e-16,2.0423322589337496e-18,-8.043154435193874e-17,1.0197444163118321e-16,1.250905132085508e-16,3.616178954863526e-19,-1.5583398675156504e-16,-8.952127117366016e-18,-2.5299715121277986e-16,-1.3357742717095637e-16,-8.365867328315418e-17,-1.2549673943121986e-16,1.680528239085214e-16,1.6776963819461715e-16,-1.7513155434762348e-16,-2.0942169210528835e-18,-4.7024086793694726e-18,6.96712383464012e-18,-7.246829678132817e-17,-1.8274860664233454e-17,1.2210489333037723e-16,-1.0379443341905475e-16,1.0128002365806686e-16,3.3985396137751042e-18,1.6479223322895188e-16,-7.762085754641026e-17,1.1640701270526124e-16,-6.917093739070907e-17,-5.984004655962607e-17,1.0263812786286532e-16,-1.2377653399583844e-16,-2.5343484817856908e-17,8.26017584193875e-17,3.2680324082958435e-17,-1.697139157748559e-17,-9.784055346642888e-17,8.57537927921711e-18,3.0960743494581357e-16,-7.789015586027111e-17,-7.736046493720214e-17,-1.1221979042941891e-16,3.1587484089672034e-16,1.5106827499830143e-16,2.6824272698269317e-18,-1.9250452873511794e-16,-5.2336628402675526e-17,-1.0598587307176258e-16
CCCCP(C12C[C@@H]3C[C@@H](C[C@H](C2)C3)C1)C45C[C@H]6C[C@@H](C5)C[C@@H](C4)C6||OC([O-])=O.[Na+]||O=CN(C)C,CCCCP(C12C[C@@H]3C[C@@H](C[C@H](C2)C3)C1)C45C[C@H]6C[C@@H](C5)C[C@@H](C4)C6.OC([O-])=O.[Na+].O=CN(C)C>>,C_56d218c992b2,CCCCP(C12C[C@@H]3C[C@@H](C[C@H](C2)C3)C1)C45C[C@H]6C[C@@H](C5)C[C@@H](C4)C6||OC([O-])=O.[Na+]||O=CN(C)C,CCCCP(C12C[C@@H]3C[C@@H](C[C@H](C2)C3)C1)C45C[C@H]6C[C@@H](C5)C[C@@H](C4)C6,OC([O-])=O.[Na+],O=CN(C)C,-0.8853811771272792,-3.1922335638057366,-1.8244683034723856,2.712839121919756,-1.4352060419889714,0.49119929761613956,1.52668223756256,-0.9806476207765283,0.5753078969520404,0.0669764245329961,-0.7254911804417491,-0.35554907531950297,-1.6439282864841938,-0.33391469968084353,-0.23770256351032504,-0.006961552994127793,0.03820603240732044,0.03706496796135605,-0.12285981085020854,-8.62988628705074e-16,-5.743660017431463e-16,-3.521671555218447e-17,-5.810495276576345e-16,3.9504501761067e-17,4.3937813420849916e-16,9.130156634586762e-17,-2.697296683883679e-17,9.158662063927158e-17,1.1438616903667917e-16,2.3778191295601864e-16,2.0279353816095861e-16,-2.798647368358625e-16,3.518562909396992e-17,-7.036805066850556e-19,1.9789042705111834e-16,1.2163934743660232e-16,-4.574042201542159e-16,-2.086195364231902e-16,-1.0024453051899859e-16,-4.636563775777731e-16,1.3020143806391906e-16,2.1932132734521089e-16,1.5638355654710892e-16,-1.6488230069876499e-16,-9.372263484722563e-17,-1.1030208683798484e-16,2.0316410478257355e-16,3.6270547799759665e-16,1.0202680735357297e-16,-3.47106670113123e-16,1.2435582973204863e-16,9.798348840328761e-17,1.6747160347394308e-16,2.0067702402403434e-16,-8.992386336221364e-17,6.720272126148635e-17,2.8444466814883674e-17,-1.125203448546379e-16,3.917893948872111e-17,-9.110132819817e-17,1.2101837730428738e-17,3.904072639164905e-18,1.734281404283314e-17,-1.8834573424593432e-16,-7.518490554221935e-17,-8.728236724468478e-17,-3.8079229581374787e-17,-1.5666893306018527e-16,1.0402221426725008e-16,-1.5292865056745422e-16,4.570839269417386e-18,-1.0974913021137436e-16,7.633182254365202e-17,6.02255766265659e-17,4.6521702710198666e-17,-1.0327359717340634e-16,5.50415004493013e-18,-9.351822990462164e-17,1.318073212492502e-16,1.3373859469077627e-16,4.5271050200967575e-17,3.6675131766494106e-17,8.772294172357994e-17,2.2457438990578754e-16,-5.512632053978184e-17,1.5318190382422938e-16,2.2421376261738424e-17,1.643622249001227e-17,-1.8359043455352564e-17,1.7559159417460876e-16,1.6176755269767919e-16,-1.4811406184949328e-16,-5.1179625453647486e-17,1.4279166039834093e-16,6.89708839629862e-17,5.3478866203234307e-17,-3.203874212924695e-17,2.0634719733248174e-16,-4.478328478615929e-17,-1.2958300238837346e-17,4.046961644743867e-17,-4.323991159349193e-17,-1.5517180952038996e-16,-3.587819240060144e-17,-1.100487064386721e-16,-4.4848889146127084e-17,1.025126376017922e-16,1.4040968196222315e-16,2.2283621604659786e-16,6.997839089032813e-17,1.8189858132042008e-17,8.273118586603345e-17,-1.8228395363807985e-16,-3.849715041956665e-17,-1.4572272187568107e-17,-1.1137019816723844e-16,5.895686831609957e-17,1.6290894936586392e-16,-1.5101516477318794e-16,-1.3140016231965047e-16,6.529364881623761e-17,1.6737802841279352e-16,-1.6234110648366835e-16,8.515256481414391e-17,-1.9729713900312236e-16,2.779071876562478e-17,2.7233599551043465e-16,1.963797132912234e-16
COC1=CC=CC(OC)=C1C2=C(P(C3CCCCC3)C4CCCCC4)C=CC=C2||OC([O-])=O.[Na+]||O=CN(C)C,COC1=CC=CC(OC)=C1C2=C(P(C3CCCCC3)C4CCCCC4)C=CC=C2.OC([O-])=O.[Na+].O=CN(C)C>>,C_19441cbb4cf9,COC1=CC=CC(OC)=C1C2=C(P(C3CCCCC3)C4CCCCC4)C=CC=C2||OC([O-])=O.[Na+]||O=CN(C)C,COC1=CC=CC(OC)=C1C2=C(P(C3CCCCC3)C4CCCCC4)C=CC=C2,OC([O-])=O.[Na+],O=CN(C)C,3.697093256973161,0.2187314862096808,-1.8244683034723863,-0.16998697856093656,-1.4352060419889703,-0.13753115125335028,1.5266822375625604,1.0255047079947908,1.9551116939983528,0.8801350735997561,-0.7254911804417487,-0.3971125427888231,-1.643928286484193,-0.3339146996808439,-0.2377025635103238,0.255098540877503,0.03820603240732009,0.026042369234240473,-0.12285981085020836,-1.290845571924227e-15,-2.7823342850605626e-16,1.1671072519132847e-15,8.732679064876127e-17,-4.590674541267247e-18,1.9649789227873312e-16,-2.364691469627029e-16,-1.1712293107705618e-16,4.445974373617711e-16,-1.6964945991556923e-16,7.709898577892125e-17,-1.0020877100640333e-16,1.4966062488453528e-16,8.042907656080957e-16,5.958616090945937e-17,5.46212589263789e-16,-1.4817192927123713e-16,-3.638124766952854e-16,4.875484056271832e-16,1.4533341194641475e-16,-1.9781149325592087e-16,-7.460381319068551e-17,-5.382524718668132e-17,1.4486689812027444e-16,-2.9226361318479267e-18,-6.14037124850268e-17,3.2949021755635284e-16,-1.0251441084024088e-16,5.5740352169387546e-18,3.561118747298427e-17,-1.237148625584173e-18,2.3564827748475404e-16,-6.188847241552975e-17,-5.710432848154094e-17,1.8905902876824877e-17,7.600216768411953e-17,-1.5350075852903155e-17,-3.757580250464053e-16,-1.7548991465501792e-16,-6.516294584805212e-18,1.873487447029566e-16,8.871048862164994e-17,-3.420017332196721e-16,-1.5826112249224893e-16,2.016955885456506e-16,6.360515439910359e-17,1.3701208935357225e-16,-5.187460559996712e-17,8.975085732455081e-17,-2.744447284339783e-16,-8.293638136227302e-17,8.946241840024047e-17,-1.275266570324046e-16,-6.732438507517281e-17,-5.304125369582982e-17,-5.984705217838736e-17,1.6231771434972814e-16,7.31781788865583e-17,-8.025973396214135e-17,8.952718533454906e-17,-2.0590179335116948e-16,-2.503923461509161e-16,1.866454755867424e-17,-1.9613112786731874e-17,-1.211046059495339e-16,2.770847422646618e-16,-3.1842684891245336e-18,1.4281181435977485e-16,-2.4633162983153146e-16,-1.2102967437461864e-16,6.817176123704961e-17,-1.4842031591407327e-16,-1.7490381228973694e-16,2.7447966238322893e-17,1.0498143310682285e-16,9.132933312694553e-17,8.460717875468098e-17,-7.067673354718966e-17,8.030675915321532e-17,2.378558491115835e-16,8.65273861115573e-17,1.3923125407541297e-17,1.6039105860032628e-16,1.3353041468855875e-16,2.243853715729131e-16,-9.467105188903074e-17,1.2759292502937048e-16,-1.8474354381667815e-16,-1.562964373688821e-16,4.634756428728346e-17,-8.953532100674839e-17,5.0736689744445044e-17,1.5822167541629223e-16,-1.621526457815364e-17,-2.1870323502526595e-17,2.005229511936144e-16,-2.4048660433954456e-16,2.1151681092982053e-16,2.667990087882746e-16,-1.6085730084321838e-16,2.0296675252403372e-16,4.3875922729775687e-17,-7.569673144377656e-17,2.5669191460280127e-16,1.2745661276260137e-16,-1.733040583600472e-17,1.373008534617831e-16,9.917888611733573e-17,-1.5298384943507205e-16
CC(C)(P(C(C)(C)C)[c-]1cccc1)C.CC(C)(P(C(C)(C)C)[c-]2cccc2)C.[Fe+2]||OC([O-])=O.[Na+]||O=CN(C)C,CC(C)(P(C(C)(C)C)[c-]1cccc1)C.CC(C)(P(C(C)(C)C)[c-]2cccc2)C.[Fe+2].OC([O-])=O.[Na+].O=CN(C)C>>,C_c4465505f6c9,CC(C)(P(C(C)(C)C)[c-]1cccc1)C.CC(C)(P(C(C)(C)C)[c-]2cccc2)C.[Fe+2]||OC([O-])=O.[Na+]||O=CN(C)C,CC(C)(P(C(C)(C)C)[c-]1cccc1)C.CC(C)(P(C(C)(C)C)[c-]2cccc2)C.[Fe+2],OC([O-])=O.[Na+],O=CN(C)C,-1.5678166466947503,-0.5445544539407906,-1.8244683034723876,-1.8306686961429988,-1.4352060419889694,1.1506141613685537,1.526682237562562,-0.34174488041853585,0.9228435721645196,-0.12806008460238125,-0.7254911804417504,1.7193547786868058,-1.6439282864842022,-0.33391469968084214,-0.2377025635103258,-0.3755240042558051,0.03820603240731954,0.6986574594526086,-0.12285981085020847,7.0841816200881045e-16,-3.5185182487543714e-16,-4.332047792933818e-16,-1.1054118834163785e-16,-4.720405983600022e-16,4.1699476336699134e-16,-4.926667329982124e-16,1.2363213579999194e-16,1.6133248731656277e-16,4.571527821868176e-16,3.073689369610423e-16,-2.0740528759593538e-16,-3.384034989834107e-16,2.4240122057209613e-17,-4.417365132235688e-16,-3.6276082622186207e-16,-2.235393570239643e-16,3.133650444875601e-16,1.8884417311552343e-16,-1.3287921222125126e-16,2.7426989799475874e-17,3.163090049280102e-16,-1.3110968230375005e-16,-1.7474742377126185e-16,7.344082777634503e-17,-2.9397391275420743e-16,1.2711843590469935e-16,-1.1108712522531699e-16,1.0844752372427186e-16,-1.301872724777638e-16,-2.3888423156910457e-16,5.771301152008504e-17,7.772222531349536e-17,1.7056148856844776e-17,3.739609839397684e-18,-1.5947722742211644e-16,9.61183765422203e-17,-1.247221356828056e-17,4.4030406166763204e-17,1.2487319440024285e-16,-8.037478893834182e-17,1.4819177638984623e-16,1.170252485756469e-16,1.4013682042896991e-16,-1.5142900918479162e-16,-1.2378897467853284e-16,6.320454628314237e-17,1.585753416678668e-16,3.650997912076992e-18,4.2717361567350547e-17,1.6987071282167473e-16,2.274098390900151e-16,6.522951280665583e-17,5.387434003999875e-17,-1.9647907492612844e-16,-4.274480822709556e-17,-1.271047167304852e-16,-4.164848423078404e-18,1.4258355431824788e-16,-1.3656860070770378e-16,1.240163448273329e-16,1.4032369496048217e-16,-1.0261813844009655e-17,-7.810491611941093e-17,-1.3216193241712418e-16,2.7674146485358393e-16,8.192946758307618e-17,2.901599145744427e-17,7.202732530733534e-17,-1.374974749853493e-16,-1.188748235589822e-16,-8.432423893104425e-17,-4.062976719537814e-17,1.9281573160197734e-16,-4.863876619103451e-18,1.4447123199927703e-16,2.1484028991638242e-16,-4.448364429757225e-17,3.6139162950517073e-17,-2.1370731139071306e-16,-1.3809859855292368e-16,4.841099592309669e-17,-9.961843796088613e-17,-1.46370389716188e-16,1.7994316406124339e-16,-3.273725543764004e-17,-3.3216671368014697e-17,4.509347855097436e-17,-1.598600630304091e-16,-1.4008903009634442e-16,4.9935733413744596e-17,3.3650408890127374e-16,1.8556958065765657e-17,2.39762143192973e-16,2.2956874712050695e-16,-1.9458372608851598e-16,9.366665131770464e-19,1.4592596384782802e-16,1.2263515435387437e-16,-5.639112449433094e-17,-1.9758644841542971e-16,-7.84795727367827e-17,-4.172207185630791e-17,-1.9088469434193083e-16,-9.374475100931699e-17,1.728754712268029e-16,-1.8488764657005824e-16,9.431072887319937e-17,6.470604171591044e-17
CC(C1=C(C2=CC=CC=C2P(C3CCCCC3)C4CCCCC4)C(C(C)C)=CC(C(C)C)=C1)C||OC([O-])=O.[Na+]||O=CN(C)C,CC(C1=C(C2=CC=CC=C2P(C3CCCCC3)C4CCCCC4)C(C(C)C)=CC(C(C)C)=C1)C.OC([O-])=O.[Na+].O=CN(C)C>>,C_e6a0ba28c3dc,CC(C1=C(C2=CC=CC=C2P(C3CCCCC3)C4CCCCC4)C(C(C)C)=CC(C(C)C)=C1)C||OC([O-])=O.[Na+]||O=CN(C)C,CC(C1=C(C2=CC=CC=C2P(C3CCCCC3)C4CCCCC4)C(C(C)C)=CC(C(C)C)=C1)C,OC([O-])=O.[Na+],O=CN(C)C,4.095214292254156,0.06059900161019001,-1.8244683034723883,-0.5208425618983292,-1.4352060419889703,-0.11150016598743208,1.526682237562559,-1.735164904220402,-1.0409822672107312,-1.0072610296413136,-0.7254911804417498,0.3127331155945589,-1.6439282864841958,-0.33391469968084314,-0.2377025635103253,0.08800205000734844,0.038206032407320165,-0.001789758063563908,-0.12285981085020854,8.690047015403268e-18,-8.911476110270523e-16,-1.1377090964458372e-15,-4.499185418256056e-16,8.138127521498508e-17,-1.1733650977383728e-17,-2.8902470893549695e-16,-3.904342328903524e-16,4.477708177809591e-16,-1.534048234934428e-16,3.3274902232125636e-16,-3.697536827851813e-16,-2.8080634626797635e-16,-3.500490405718478e-16,-3.2051036791462415e-16,-2.245201221354623e-16,-2.1827137497892678e-16,1.8984844911189677e-16,3.0011586753277953e-16,1.5187900807220718e-16,-2.2124987782271116e-17,-2.636142975431492e-16,-3.4552139321699236e-16,1.5386817953118683e-17,1.0184005709889576e-16,3.903384363682944e-17,-8.239625918737758e-17,2.5917400583327955e-17,-5.299494719204805e-18,-1.195096462138012e-16,6.772108887057418e-17,-1.3652299109828765e-16,-5.482522768163912e-17,5.1107453881046895e-17,2.172869546375042e-17,-9.215242816242165e-17,-7.466206875331878e-18,4.773738795514481e-17,-5.057533260847192e-17,2.0024634042218768e-16,-3.308954291741667e-17,-6.608762814987991e-18,8.434973625825552e-17,2.220389563352648e-17,-1.5217537550150115e-16,-1.0796624266157373e-16,5.490828107994192e-17,-1.393975518039688e-16,-2.1428000343502976e-17,-1.451363499774723e-16,-3.07918007139825e-17,1.1031782132770861e-16,2.0717913770757516e-17,3.2485198714267905e-17,5.2286192843449204e-17,-7.0040658497332e-17,-3.212770835232296e-17,-1.0818758039021538e-17,1.158331829768891e-16,-3.0926554069449506e-16,3.83589056464072e-17,-6.13387569370009e-17,-8.495282024411176e-17,-1.3772390606942317e-16,1.4287453374623256e-16,-2.0629898212747085e-16,-3.1680731237953015e-16,3.454736253906867e-17,-1.437484146844144e-16,-5.631585569469091e-17,4.1479526201844156e-17,-2.3459495734791237e-17,1.2349154430905017e-16,7.334726989839099e-17,1.5118885454955488e-17,-1.4986883972365011e-16,1.1202008622305826e-16,-2.1849321171226415e-16,-1.0707261868972512e-17,-7.840726419019431e-17,3.976510547603043e-17,4.240173028575695e-16,8.140450403861842e-17,-1.3802861474379043e-16,-2.25681797786326e-16,-1.5608315298035726e-18,7.85253783261927e-17,7.992362942300337e-17,-1.877035215118361e-16,1.5911697258497766e-16,-1.669864735630436e-16,7.514015133187439e-17,-1.6053684065191539e-16,-5.730202003612106e-17,-6.588676623901288e-17,8.751648346981362e-17,2.6778502103146755e-16,1.6076247830651758e-16,-2.758252757403827e-17,-1.7050166474986683e-16,-8.132179850857758e-17,2.28118764216588e-17,8.033717269553935e-18,-1.39626579055913e-17,-8.006767107575679e-18,-1.0664060511972581e-16,5.013018784096368e-18,-1.5016108382123403e-16,-7.241816566927798e-17
[c-]1(P(C2=CC=CC=C2)C3=CC=CC=C3)cccc1.[c-]4(P(C5=CC=CC=C5)C6=CC=CC=C6)cccc4.[Fe+2]||OC([O-])=O.[Na+]||O=CN(C)C,[c-]1(P(C2=CC=CC=C2)C3=CC=CC=C3)cccc1.[c-]4(P(C5=CC=CC=C5)C6=CC=CC=C6)cccc4.[Fe+2].OC([O-])=O.[Na+].O=CN(C)C>>,C_0503de52f1ea,[c-]1(P(C2=CC=CC=C2)C3=CC=CC=C3)cccc1.[c-]4(P(C5=CC=CC=C5)C6=CC=CC=C6)cccc4.[Fe+2]||OC([O-])=O.[Na+]||O=CN(C)C,[c-]1(P(C2=CC=CC=C2)C3=CC=CC=C3)cccc1.[c-]4(P(C5=CC=CC=C5)C6=CC=CC=C6)cccc4.[Fe+2],OC([O-])=O.[Na+],O=CN(C)C,-1.3841208155545002,1.1338119037417695,-1.824468303472388,-1.17857046976559,-1.43520604198897,2.0264914915776946,1.526682237562558,-0.48760632931331405,0.3252425987294681,-0.37015865430257056,-0.7254911804417484,-1.486081881780208,-1.6439282864841889,-0.33391469968084375,-0.23770256351032468,-0.26752973554483295,0.03820603240732051,-0.7958149782613761,-0.12285981085020836,1.4863347740677604e-15,-5.501535405377199e-16,5.246447514389484e-16,9.69921770076444e-17,-9.80170476403305e-16,9.730132181731222e-17,3.151466218566685e-16,-1.9497931156418453e-16,-1.00238259846872e-16,4.393314901430068e-16,1.8135438448415281e-16,1.1277264863654454e-16,1.7398072733642181e-16,-2.2845776983115086e-16,3.626487653414494e-17,2.163723325690195e-16,-2.1815912210640585e-16,1.3612358400481652e-16,5.741321202061781e-17,-2.7506194745304564e-16,-3.0657949859083547e-17,1.6251095764921334e-16,1.7428901510589129e-16,1.4976413699599742e-16,-1.8083215788271991e-16,2.3852066410785177e-16,2.232629453139335e-16,-1.5249650820777584e-16,8.645101228668297e-17,1.2643766440024726e-16,-1.6645066300543834e-16,6.954311470475289e-18,-7.694925223726283e-17,1.599951936371925e-16,1.7318754698756417e-16,7.091333498934335e-17,1.6030359681817495e-16,-1.9419795130815803e-16,1.2848890291435126e-16,1.2581215861722204e-16,-2.0880536359220034e-17,-2.7868661687164877e-18,1.0669879204396478e-16,-1.2264278001072442e-16,-2.7207490404571743e-16,1.9144715165282288e-16,3.5945397816187457e-17,-5.2863804100582793e-17,1.0128503637708566e-16,8.110573812959136e-17,3.0682126973287177e-16,7.111578765178373e-17,2.937802646509906e-16,1.2452515463871918e-17,-8.197011952326248e-17,4.303771993022829e-17,3.9454980233218914e-17,7.870801871408682e-17,-2.799661204911412e-17,1.222473431844683e-16,-8.38127116393018e-17,8.295038028717732e-17,-4.471794685713602e-17,3.3697760053233086e-17,-2.3985222791585303e-17,-4.3296051700302165e-17,4.7225067863694774e-17,1.893496063650828e-16,-1.6661769158101738e-16,2.0731209703632743e-16,1.0844583652566232e-16,-4.9476206899618306e-17,-6.3251360034200355e-19,2.913166902246128e-16,2.1476160918579816e-17,-5.062086939947162e-20,5.639379087830034e-17,-7.532620306406025e-18,-2.264644234310404e-16,1.1207548926563793e-16,-1.4298075030453696e-16,2.984420291884764e-17,7.277970760724621e-17,-1.3437017505268858e-16,6.529167115147474e-17,1.6790389235344238e-16,-1.2415205779285863e-16,5.431278214826307e-17,8.773792100919021e-18,1.1342796364569274e-16,4.247025668118303e-17,-3.8336713554775055e-17,6.842834471468352e-17,-1.1210635452908794e-17,1.0699806075073445e-16,-1.9035307476417604e-16,-4.309059759553557e-17,5.730605629948875e-17,-5.0958286682403875e-17,1.3589878190159824e-16,-2.2890324686040946e-16,2.2172149378463364e-17,9.792372190303798e-17,3.785679543787489e-17,2.7327884442596807e-17,1.2408316157141978e-16,2.0142647485259377e-16,5.018761050442423e-17,-1.151573143160809e-16
CC1(C)C2=C(OC3=C1C=CC=C3P(C4=CC=CC=C4)C5=CC=CC=C5)C(P(C6=CC=CC=C6)C7=CC=CC=C7)=CC=C2||OC([O-])=O.[Na+]||O=CN(C)C,CC1(C)C2=C(OC3=C1C=CC=C3P(C4=CC=CC=C4)C5=CC=CC=C5)C(P(C6=CC=CC=C6)C7=CC=CC=C7)=CC=C2.OC([O-])=O.[Na+].O=CN(C)C>>,C_19f9ac7908f0,CC1(C)C2=C(OC3=C1C=CC=C3P(C4=CC=CC=C4)C5=CC=CC=C5)C(P(C6=CC=CC=C6)C7=CC=CC=C7)=CC=C2||OC([O-])=O.[Na+]||O=CN(C)C,CC1(C)C2=C(OC3=C1C=CC=C3P(C4=CC=CC=C4)C5=CC=CC=C5)C(P(C6=CC=CC=C6)C7=CC=CC=C7)=CC=C2,OC([O-])=O.[Na+],O=CN(C)C,-0.7608527313618177,3.0573458202759274,-1.824468303472387,2.340206537654115,-1.4352060419889718,-0.511281770076003,1.5266822375625604,0.3559284257571045,0.4501099621363096,-1.120726489208372,-0.7254911804417498,0.8357285648736693,-1.6439282864841982,-0.33391469968084236,-0.23770256351032565,-0.34191861228964554,0.03820603240732017,-0.16127802879825093,-0.12285981085020867,-2.9425164465174124e-15,-5.516759509226311e-16,-3.931619515964177e-16,-8.750560300748963e-16,5.160758116684562e-16,-6.610678485901852e-16,-8.788696997913458e-17,-9.358019457168503e-20,3.352467436407084e-16,7.899118312083915e-17,2.5116601467150445e-17,-9.400817977199582e-17,-5.515305107940433e-16,-1.7838918248450103e-16,5.3101221928550705e-17,2.4742215524893284e-16,-5.922067983461085e-17,-4.078757979682598e-16,-1.3574523961471346e-16,1.755668405494776e-16,-2.0264229778732455e-16,-4.790837703471466e-17,5.657844762922853e-17,1.282975364634392e-16,-5.963562649650944e-16,-5.2112769746238446e-17,-4.059137983776293e-16,-3.9895553105254343e-16,5.0540514479154924e-17,2.6144982653612993e-17,-4.1185283639889287e-16,-2.942097667983733e-16,1.6170445631294992e-16,-7.311338825607258e-18,-1.0617227306327081e-16,-1.3152818638414495e-17,4.673242271322704e-17,-1.4775751810595947e-16,-1.3354302079020154e-16,-1.58439753623358e-16,-1.9697196844538458e-16,3.1894211314706417e-16,-2.6544277892751034e-16,6.310881793063885e-17,7.173808969425497e-17,-8.468504386975885e-17,4.718766291679597e-17,8.232685768867068e-17,-4.257156475284285e-17,-1.3438842874549532e-16,-1.2108252518474225e-16,1.1255458059193153e-16,1.5234171074904973e-17,8.109656783220817e-18,5.4133981009851526e-17,-6.404346024469933e-17,-9.391066135677916e-18,8.087152394661868e-17,-4.151364092254188e-17,2.0186603910098578e-16,-2.6878392614128317e-16,-1.1181410647990204e-17,-9.494323538790665e-17,1.113695425172992e-17,-2.3753259194553334e-17,-1.3502663573018843e-16,3.155301272663602e-16,-3.4814302497558784e-17,-4.4378479856296576e-17,2.1196070563002647e-16,6.189129979511562e-17,1.3459941983660148e-16,-3.429540280568274e-17,-5.642747537802281e-17,-1.0920433424010211e-16,9.720565497979392e-17,4.859836390296044e-17,4.996840321361817e-17,9.187595275047109e-17,-3.760024112762111e-17,-3.651053857422399e-17,1.2573002587658985e-16,8.079810307460564e-17,6.110917504570915e-17,-2.4153546351616934e-17,-3.4887488174687946e-17,1.733970536979914e-16,-6.959744015606157e-17,-1.4116643080339274e-17,-3.248094930828371e-17,1.565716637138257e-16,3.548079237079285e-17,-4.312600923306716e-17,-1.959652242169665e-17,-7.922917167332199e-18,-2.267935921025826e-17,-1.3708919717691115e-18,8.50368292178909e-17,-1.6425847465511298e-16,5.0560747206988103e-17,2.1706256996808683e-16,-1.933327613437189e-16,-5.54338518090479e-17,-4.489518484916245e-18,-1.1485522901102639e-16,5.4880657666330754e-18,-1.7147613468863242e-16,-2.710490298034213e-16,-6.279091212522891e-17
CC(P(C(C)(C)C)C(C)(C)C)(C)C||[Cs+].[F-]||O=CN(C)C,CC(P(C(C)(C)C)C(C)(C)C)(C)C.[Cs+].[F-].O=CN(C)C>>,C_0e72d60f4932,CC(P(C(C)(C)C)C(C)(C)C)(C)C||[Cs+].[F-]||O=CN(C)C,CC(P(C(C)(C)C)C(C)(C)C)(C)C,[Cs+].[F-],O=CN(C)C,-1.224289551208006,-0.6982614233068851,-1.8244683034723883,-0.5409122448896082,-1.4352060419889683,-0.48093282746035027,-0.14789304776185233,0.516412073720738,-0.35796807424654753,-0.004776469817939667,-0.147507915089997,0.8719731108561669,0.40577940117255934,-0.33391469968084564,0.8459211800026426,1.6703602962318314,1.2513664519728334,-0.797048754607136,-0.0027235015621950714,-1.6744454099557356e-16,6.707167373811616e-17,-2.5912220794154035e-17,-2.571350963325577e-16,-5.168905457589289e-16,-3.3146300272437773e-17,-4.838662433825042e-17,-5.934808671445382e-16,-3.1273591148121136e-16,7.933237139441454e-17,2.2784248496962236e-16,-7.657725323250827e-17,4.15027746405004e-16,2.0291517016435006e-16,-1.5796687090743185e-16,1.314853325687438e-16,-9.856476115660026e-17,-1.5750823971896255e-16,1.9035862934545926e-16,-4.915762809917839e-17,3.271091688259087e-17,8.512515530242952e-17,-1.3615308991258947e-16,-1.9801706788338112e-16,-2.9940667651963634e-17,7.896800447658161e-17,-2.257083242473642e-16,-3.852893815063458e-16,-1.7541143258433518e-16,1.845981560019074e-16,-9.389515525192552e-17,-5.98269063938577e-17,1.830048939489526e-17,1.0713792300004571e-16,-8.442392931691787e-17,-3.183123964630973e-17,-1.7012117161894773e-16,-5.4399941161115774e-17,7.650153613834567e-17,-1.6245992252968086e-16,8.404386202569097e-17,-4.893822966332204e-17,1.5250679787047666e-16,9.206778785678376e-17,-1.5282013510091213e-16,4.294225135533896e-17,-6.01308882644752e-17,-2.2098097350854917e-16,-3.050038424920133e-16,-1.7296088548923084e-16,-2.232231549180592e-16,-3.6317972852708104e-16,1.4878202529439304e-17,-1.2934677998405656e-16,1.5090045785682157e-16,-2.8459966446962665e-17,-1.0651034105471163e-16,5.30280548213374e-17,-2.282199448968524e-16,4.5556628955277814e-17,4.0172200211240976e-17,5.2787694404510645e-17,-1.9389512798206934e-16,-1.8101810903560798e-18,-4.260991914462785e-17,-2.5728478009814646e-16,-1.8100898518239706e-16,3.572535131114541e-17,1.1189591491229326e-16,2.108995480766703e-16,-1.3556407852384254e-16,-5.0506560853015163e-17,-1.0234602860675736e-16,-1.6325190033695954e-16,-1.7984481805377e-16,-2.843240510450644e-17,4.012039731097833e-17,-1.4005614713414099e-16,-6.103878341346638e-17,-1.0367543946374087e-16,-1.4935195855098017e-16,3.535527252185137e-18,7.336345224544406e-17,-8.013924719876303e-17,2.6344162717098737e-16,-1.6821787591445953e-16,1.596233622286952e-16,-2.323041888983872e-16,3.297479677523885e-17,-4.670483721592535e-17,-1.3623631181847463e-16,-4.424073720969667e-17,-6.268999608739856e-17,-3.466840194021365e-17,-3.0299279110374164e-17,8.148933512058849e-17,9.04917234366038e-17,-6.016737969507858e-18,-1.1398204014758188e-16,-1.1588448617656272e-16,-2.2222196563678542e-17,8.426126768703551e-17,1.182685425584243e-16,-3.8759181291725607e-16,-9.93469823865856e-18,1.9625892463456862e-16,-7.22858518880514e-17,-2.3662039682543533e-17,-1.3164718873809648e-16
P(C1=CC=CC=C1)(C2=CC=CC=C2)C3=CC=CC=C3||[Cs+].[F-]||O=CN(C)C,P(C1=CC=CC=C1)(C2=CC=CC=C2)C3=CC=CC=C3.[Cs+].[F-].O=CN(C)C>>,C_5e14fb1ebbb7,P(C1=CC=CC=C1)(C2=CC=CC=C2)C3=CC=CC=C3||[Cs+].[F-]||O=CN(C)C,P(C1=CC=CC=C1)(C2=CC=CC=C2)C3=CC=CC=C3,[Cs+].[F-],O=CN(C)C,-0.9376336432096941,1.2345744235185017,-1.8244683034723888,0.2368490684074833,-1.4352060419889692,0.2786396779026151,-0.14789304776185427,0.21949929330034393,-0.7800009929116305,0.14740606941524673,-0.14750791508999636,-1.1263128578207313,0.4057794011725674,-0.3339146996808464,0.845921180002643,0.9338159119711461,1.251366451972832,1.2462422126349622,-0.0027235015621951265,-3.376515954152496e-16,-5.183058640022086e-16,-1.5752163000224275e-16,1.475362133479843e-16,-4.983842225015972e-16,3.791341616036667e-17,3.1620493397982734e-17,-1.3538874612694105e-16,-8.678524108999804e-17,3.6179254225390177e-16,8.480937157883654e-17,-2.5427296188255546e-16,-1.8581301920757932e-16,-1.1031742234790638e-16,-1.6838009253803063e-16,-1.1538225094005751e-16,2.4138590290773993e-16,4.8615614366838663e-17,-2.4546980237397125e-16,-1.9946639476739467e-16,-1.6716888132841055e-17,-2.759869235388364e-16,1.8261410814554194e-16,-3.3578955099180697e-16,-1.5986913406828943e-16,-1.400915528707211e-16,-1.2522135093870261e-16,-5.818308871768099e-17,1.6667412883000895e-17,1.586930998087963e-16,8.907448345692262e-17,6.486291266687503e-17,1.042024490890023e-16,-2.6206686309835983e-16,2.0690901763797114e-17,-3.327639951301738e-17,-5.780306924848164e-18,1.0511800131267634e-16,2.99243225268554e-17,-9.125675166729273e-17,-7.600822440686076e-17,-3.2609193700161634e-17,8.237940549940236e-18,-1.6777339724521695e-16,1.6383603590963713e-16,1.0799869396808139e-16,-4.5560994570633844e-17,-4.085115653852979e-17,-1.309517302080848e-16,1.0513665462989426e-16,1.0932953334023694e-16,1.2193883841993357e-16,4.57735277222519e-17,-1.0275343555382589e-16,3.5631502205276897e-16,2.183257732999614e-17,-3.73810216600093e-17,-1.2878880872895626e-16,6.55985722293506e-17,1.4697894332560352e-16,-9.505653348801111e-17,-4.0864054496214737e-17,-6.36279416253339e-17,4.096618501319118e-17,-8.984661235460231e-17,1.0665059617330018e-16,7.329187367935638e-17,4.269040979871566e-18,1.7915834977703218e-16,-2.0418696644046282e-16,5.7121658440385004e-18,2.331130528006394e-16,1.1764704330729076e-16,-3.112315286808289e-17,-1.9350138989814824e-17,1.7968432475107098e-16,2.541289800658523e-17,-2.6970707759523393e-16,-1.4633610646309646e-16,6.461471439559944e-17,-9.237730519153944e-17,1.1714266429845185e-16,-2.112352305417448e-16,2.778588571415153e-17,-4.0870159412547894e-17,-1.358223834335435e-16,-8.917797394627848e-17,-1.4254484323590969e-16,-1.6634141132062282e-16,-8.469894065493987e-17,3.08270578898781e-17,2.672991429666418e-16,2.959087088458305e-17,-5.961117440610033e-18,5.006214389487176e-17,7.950586436049437e-17,-5.899756574517135e-17,4.552884237275108e-17,2.369478378812155e-16,-2.098422230734046e-16,1.5266407955549515e-16,1.5642243340109724e-16,-1.88398250174243e-17,-3.246465786512927e-17,-6.960307180070445e-17,1.634479824052592e-17,-1.8819837684052963e-17,8.066250484562411e-18,2.473517228908996e-17
CC(C)(C)P(C(C)(C)C)C1=CC=C(N(C)C)C=C1||[Cs+].[F-]||O=CN(C)C,CC(C)(C)P(C(C)(C)C)C1=CC=C(N(C)C)C=C1.[Cs+].[F-].O=CN(C)C>>,C_907bd2f9123d,CC(C)(C)P(C(C)(C)C)C1=CC=C(N(C)C)C=C1||[Cs+].[F-]||O=CN(C)C,CC(C)(C)P(C(C)(C)C)C1=CC=C(N(C)C)C=C1,[Cs+].[F-],O=CN(C)C,-1.5782981121882067,-0.6507387560859169,-1.824468303472388,-1.3390820507081511,-1.43520604198897,-3.023312088182808,-0.1478930477618532,-0.2690314540585115,0.35103460862731545,-0.39593751299980845,-0.1475079150899963,-0.8157423012752545,0.4057794011725662,-0.33391469968084586,0.8459211800026416,-0.5617383596306839,1.2513664519728325,0.02050318097610315,-0.002723501562195098,6.900225923403606e-16,-3.173244812728738e-16,2.741689250326851e-16,7.220449331114939e-17,8.43652730084459e-17,5.2160305709406915e-17,-4.3281768603177797e-16,1.1581841861124564e-16,3.374061924667859e-16,4.661102609120336e-16,2.0849864242242116e-16,-5.958890135013363e-16,-5.5032041532918554e-17,1.9616621763173265e-16,-6.303126028905508e-16,2.772089622350369e-17,-2.5492244575716705e-16,3.639550903087114e-16,-4.637552361245871e-16,-1.5281138436146737e-16,2.0463899082564726e-16,1.7203191522255803e-16,3.1472769515258924e-17,1.0139891251792831e-16,2.571846600254964e-16,-2.547704607290129e-16,-1.1062858693764344e-16,-1.419967668902216e-16,1.344222172124205e-16,-6.755506287129258e-17,-1.843081037306974e-16,7.763575920146585e-17,1.1651265048268435e-16,8.825533545273695e-17,-8.277004653363985e-17,4.841909130772535e-17,-3.978408473007491e-17,2.287337870215299e-16,-2.019648355345776e-16,-2.539957524986322e-17,-1.7405184186351882e-16,-9.686801961745103e-17,6.255211476497433e-17,4.156279650181049e-17,6.867103259043521e-17,-9.219592012637361e-17,6.903322670859903e-17,-1.1974869719837498e-16,-6.098181844704762e-17,-1.780833858298446e-16,-1.2067484342146444e-16,-8.965841148328797e-18,9.207685696664443e-17,-1.128862351978627e-16,-1.7627401878033446e-16,-9.102537098214474e-17,-1.8574063130395014e-16,-1.382848023688587e-17,-1.548359329149331e-16,1.151400990181637e-16,-2.550621802812466e-16,-1.0878440639514185e-16,-2.329524785217875e-16,-5.4890183460365855e-17,-9.942834647744451e-17,1.0672807047424078e-16,1.4893867452034107e-16,1.868306808634278e-16,-9.707276607066363e-17,4.6030512763048164e-17,5.2400569002252364e-17,1.6940447087095834e-16,2.2258300121281626e-16,-9.355181521301967e-17,1.5654750587635463e-16,-4.56818632195863e-17,7.714537422769985e-17,1.0362987075297272e-16,-1.6145316651952997e-16,1.3730044655197161e-17,3.6544909815414235e-17,6.54444116911947e-17,5.459684186459184e-17,-5.740656800241955e-18,9.346930647257657e-17,9.356803678888373e-17,9.061482239436933e-17,2.1127422298400941e-16,-1.3340452497606234e-16,-7.254542198509941e-17,-7.0830533415874e-17,3.453338019773069e-17,2.043617072867578e-17,-1.0765229295951838e-16,-2.433860854575417e-16,-6.022203003713115e-17,2.9767107640985287e-16,-1.8630659976947227e-16,-1.5337381588362952e-16,-9.291619160287873e-18,1.334321314100611e-19,-2.869322971619682e-16,6.488647662465885e-17,-1.9985653723663264e-16,-1.0673934068526867e-16,-3.123982755005621e-17,-8.724939825189793e-17,3.176625876151159e-17,2.0870250492176317e-17
P(C1CCCCC1)(C2CCCCC2)C3CCCCC3||[Cs+].[F-]||O=CN(C)C,P(C1CCCCC1)(C2CCCCC2)C3CCCCC3.[Cs+].[F-].O=CN(C)C>>,C_0c911947aaa5,P(C1CCCCC1)(C2CCCCC2)C3CCCCC3||[Cs+].[F-]||O=CN(C)C,P(C1CCCCC1)(C2CCCCC2)C3CCCCC3,[Cs+].[F-],O=CN(C)C,0.8097398838794679,-1.6108233270164574,-1.824468303472388,-0.03231794708524404,-1.43520604198897,0.5630227060514402,-0.1478930477618529,2.2053092310680884,-1.3646949579166303,-0.5762782864827903,-0.14750791508999697,-0.011638395004672654,0.4057794011725632,-0.33391469968084464,0.8459211800026412,-0.803347713846746,1.251366451972832,-0.02961397032975013,-0.0027235015621948568,-6.435183211847049e-16,-2.1352664666563592e-16,-3.0342977366815107e-16,-9.824928846567588e-17,-1.7634108848188863e-16,-2.1900629546133413e-16,2.0824211623877064e-16,-3.479164648650017e-16,-3.183318497794532e-16,1.6409724074653898e-16,3.6742923580152274e-16,4.976752021522012e-16,2.6363937179944566e-16,-4.2453347715258066e-16,-1.602506005044301e-16,-1.4408137556873592e-16,1.8524784110283166e-16,7.521740256091868e-16,5.018108164689728e-16,3.9905525887021687e-16,-6.915104761523443e-17,-3.4947108725511153e-16,4.9072890599587455e-17,-7.774258224376883e-17,-2.2743268196923904e-16,-5.944037596004724e-17,-6.842008625791115e-17,2.250042765121986e-16,-2.5755426857551574e-16,1.5717099807975872e-16,-3.236639038798935e-17,1.9115448467491157e-16,-1.423826116400784e-16,-3.2802247629481376e-16,1.660885433822093e-16,1.0719624322591504e-16,8.967772341871972e-17,-1.4518619865041136e-16,-2.65617110363097e-17,8.30876164110554e-17,-1.7213653128705137e-16,1.072720340005493e-16,2.3410553145122378e-17,-2.216758132276706e-16,-1.354575615701626e-16,3.0656035938306835e-16,-2.8465532955762966e-16,-3.480276329321479e-16,2.711642078292849e-16,-6.231057151555029e-17,-3.648457230407677e-16,-2.0296977952101888e-16,1.906751494335323e-18,5.4645440579362134e-17,-1.3068615206569074e-16,9.156958204834609e-17,-5.687495794373121e-17,7.758159235581737e-17,-8.357288991262999e-17,-9.535723823455299e-18,-1.6644149794486995e-16,7.056385098757519e-17,2.072425374518658e-16,-2.509047285420416e-17,-4.267664797791313e-17,9.798689498899776e-17,2.6581269311995443e-16,-4.938279839155102e-17,1.4831299175672753e-16,4.170971936784945e-17,1.361665203450874e-16,7.53132781325845e-17,-1.202234887798744e-16,-1.9989148761400202e-16,1.090858572521943e-17,-5.209428491396767e-17,-8.669480448720191e-17,3.030560194126536e-17,2.413507482255136e-16,-1.0754606221470238e-16,-5.645980856212616e-17,1.4614611524735478e-16,-9.727964822150788e-17,3.0478313956875475e-17,-1.3770495064152971e-16,-9.282047284660225e-17,-2.1572445344332407e-17,3.5135628800777664e-17,-9.285879513535827e-17,9.127985614447509e-17,-9.112408149440115e-17,4.93600049228329e-16,3.958794077463759e-18,1.6139904857972998e-18,-7.552503604578282e-17,2.584565548938457e-16,-7.41288349495536e-17,9.253450001273814e-17,-3.2029729795394887e-16,9.972678471477116e-17,-1.8520201950866308e-16,-3.1837094805681566e-16,2.0324899184795436e-16,-3.1652734382355266e-17,-5.212091859946044e-18,-1.2900581327042835e-16,1.3416034998204948e-16,6.690200838388328e-17,2.247086280435561e-16
CC1=CC=CC=C1P(C2=CC=CC=C2C)C3=CC=CC=C3C||[Cs+].[F-]||O=CN(C)C,CC1=CC=CC=C1P(C2=CC=CC=C2C)C3=CC=CC=C3C.[Cs+].[F-].O=CN(C)C>>,C_ba706e97ce47,CC1=CC=CC=C1P(C2=CC=CC=C2C)C3=CC=CC=C3C||[Cs+].[F-]||O=CN(C)C,CC1=CC=CC=C1P(C2=CC=CC=C2C)C3=CC=CC=C3C,[Cs+].[F-],O=CN(C)C,-0.26365475576253306,0.9915488887997183,-1.8244683034723865,0.32248622106950997,-1.4352060419889658,-0.245409331556495,-0.14789304776185352,-0.508458543053779,-1.0360040403224666,2.5086809595071786,-0.14750791508999744,0.45264748397795873,0.4057794011725606,-0.3339146996808457,0.8459211800026426,-0.5902568205259899,1.2513664519728325,-0.24296470019918928,-0.002723501562194954,-1.765580491882858e-15,-7.274379746893631e-16,5.377023283574541e-16,-7.635949234281631e-16,2.3215146320255175e-16,-4.738109299211781e-16,-3.6221672967393016e-16,-7.205412244484151e-16,2.2455406108068957e-16,3.6157519698628203e-17,-7.907234392510194e-17,1.3345824609488613e-16,9.132696369271144e-17,1.3231767076242147e-16,-1.072794881011735e-16,4.098834843200745e-16,-2.1528375465891408e-16,-2.8883536837976765e-17,-1.9505732407941118e-16,-2.757504488527805e-17,1.0443405672259677e-16,-1.4633115247751805e-16,8.933359628509543e-17,-1.7322578817042624e-17,2.49781842758661e-16,-1.5445899765636116e-16,6.237276024978317e-17,-1.773971674729323e-17,1.48003138657327e-16,7.242291099738068e-17,8.511099514448308e-17,1.0990244334989791e-16,6.739921383207251e-17,-1.1184624008351917e-17,1.4539860958577144e-16,1.3570874913276425e-16,-1.1402599002439418e-16,6.450032187294023e-17,-2.590896592689332e-17,-3.662870162375314e-18,8.380658719238117e-17,4.103150837922869e-17,-5.55527173254903e-17,-3.2463918668688787e-16,-1.3858685464002674e-16,1.0576381562758486e-16,2.892779385165755e-17,-4.477220918204315e-17,-8.674121795835146e-18,2.112063956355823e-16,1.100778876597212e-16,9.868140644737061e-17,2.3572944711298024e-16,7.472552005019457e-18,-8.568441223631931e-17,-1.7328022788944393e-16,1.3490946606300028e-16,-1.9000749475851278e-16,8.091795801919284e-17,-6.9651177645397e-18,1.1801611518928188e-16,6.068569736866848e-17,1.8329940812358128e-17,7.900961288183792e-17,1.819544050325203e-16,6.153606498038092e-17,-2.6807934845596302e-17,2.2960954234809224e-16,-1.5373055073726086e-17,-1.4043511238388804e-16,1.0972947784205899e-16,-5.670292503291287e-17,7.041495431771095e-17,3.3645155291677473e-17,2.498439752193968e-17,-1.2425484369501616e-16,1.874333816397268e-17,-2.0877778030940095e-16,-1.3501471180783775e-16,-1.3448469016356798e-17,5.008634213922955e-17,-7.073858055423479e-17,6.26118666265319e-17,1.1028461545294299e-16,2.236184181433902e-16,-2.822367517196904e-17,2.948091165722741e-16,-1.5356782544568693e-16,-1.1654431326539735e-16,4.3220626243594845e-17,3.2472535498127624e-17,-3.2157365702618376e-16,1.2206630160183574e-16,-1.4748602963463434e-16,2.1729234643940678e-16,4.874699541374739e-16,3.3068563084619714e-17,-4.5319593012504665e-17,-2.3188044665837e-16,-1.49897815520156e-16,-2.6497739915339e-16,1.1404612760737258e-16,-1.7471346664169323e-16,5.471870189642757e-17,-4.633540047490103e-18,2.2626343327619037e-17,-1.0389272730043701e-16,-1.2562119653776471e-16,1.7154749656004233e-16
CCCCP(C12C[C@@H]3C[C@@H](C[C@H](C2)C3)C1)C45C[C@H]6C[C@@H](C5)C[C@@H](C4)C6||[Cs+].[F-]||O=CN(C)C,CCCCP(C12C[C@@H]3C[C@@H](C[C@H](C2)C3)C1)C45C[C@H]6C[C@@H](C5)C[C@@H](C4)C6.[Cs+].[F-].O=CN(C)C>>,C_3d9a9fc0b503,CCCCP(C12C[C@@H]3C[C@@H](C[C@H](C2)C3)C1)C45C[C@H]6C[C@@H](C5)C[C@@H](C4)C6||[Cs+].[F-]||O=CN(C)C,CCCCP(C12C[C@@H]3C[C@@H](C[C@H](C2)C3)C1)C45C[C@H]6C[C@@H](C5)C[C@@H](C4)C6,[Cs+].[F-],O=CN(C)C,-0.885381177127279,-3.192233563805738,-1.8244683034723856,2.7128391219197563,-1.4352060419889692,0.49119929761613934,-0.14789304776185325,-0.9806476207765288,0.5753078969520418,0.06697642453299653,-0.14750791508999664,-0.3555490753194932,0.4057794011725638,-0.3339146996808456,0.8459211800026422,-0.006961552994128873,1.2513664519728327,0.037064967961356575,-0.002723501562195157,-1.590581879653238e-16,-7.834820573149402e-16,1.410446512670099e-17,-6.652931687218061e-16,-1.3931539854378952e-16,-1.0317762910223224e-17,1.606977463323793e-16,-1.757095200247023e-16,-7.367640299925122e-16,1.1904021271081214e-17,2.2677728623306706e-17,8.060035702505795e-18,-1.6886026382025938e-16,3.634731816980781e-16,1.4337730456200539e-16,-4.5696595574024096e-17,-2.37892664610842e-16,-4.0508577552595005e-16,-4.779633715174874e-16,-4.530833276368955e-16,-1.0321967045935418e-16,2.7846899848773816e-16,-2.1697255390032567e-16,2.563934861814299e-16,8.31388133251507e-17,1.3777509164173956e-16,1.8463629873371377e-17,-6.648448162121115e-17,1.4353305148228752e-16,1.6767836321303911e-16,1.2608793445888024e-16,8.757566832892232e-17,-2.7136651524511908e-17,1.4950494368119428e-16,4.206357517074916e-16,-1.3724325926854524e-17,1.7457965913341865e-16,1.0283467367372128e-16,2.4077381189055843e-16,-1.201881077518424e-16,2.1583657779194362e-17,-1.132445726032826e-16,1.33792418666712e-16,2.605737769800147e-16,-6.562343349433767e-17,-5.9291156565341744e-18,-4.8437253182651606e-17,-1.5893122851342863e-16,-9.705810183929054e-17,-1.45287664708342e-16,-9.914584764144466e-17,-5.817514188323392e-18,-2.0739757753424671e-16,-6.034261917608996e-17,-7.019008494518077e-17,-3.232188744867008e-16,-3.830574699062604e-17,1.4609970085903514e-16,-3.6113638556634883e-16,2.3437756348825886e-17,4.480506410383324e-17,4.056683185191102e-17,-2.005926691490241e-16,1.7289916727552476e-16,-8.194526793460988e-17,-3.932055475437828e-17,-1.8229816580108372e-16,4.3347291942643817e-17,-9.85946699407491e-17,-6.035352536758602e-17,5.3812087498521415e-17,-3.932269872005182e-16,1.7116445073622822e-16,1.6659810859301553e-16,3.545231184408401e-16,-6.445506022989134e-17,3.463385453490601e-17,3.6907202895764875e-17,-2.237791179229318e-16,-1.0469929567164994e-16,1.356811719549983e-16,-5.0990465805853653e-17,-1.9704139403287486e-16,-1.215522509823474e-16,9.413665373451456e-17,1.178942511096806e-16,3.6350402343561755e-17,-1.0978124927103853e-16,3.5029224339777635e-17,1.383534158500508e-16,-1.3548473711851201e-16,1.6979965754155424e-16,-1.1238077020325292e-16,-1.4937240651591072e-16,1.1810985251544887e-16,-2.5188099552583903e-16,-7.735035674571914e-17,1.4956537425801753e-16,-1.8285235070623677e-16,2.8685067577272337e-16,3.539033684159311e-17,4.359567642317047e-17,-1.6741707621391487e-16,1.551256658244458e-16,-1.2635491684242875e-16,4.3011396051185515e-17,3.170215143200192e-16,1.4907237102843066e-16,5.912009006678502e-17
COC1=CC=CC(OC)=C1C2=C(P(C3CCCCC3)C4CCCCC4)C=CC=C2||[Cs+].[F-]||O=CN(C)C,COC1=CC=CC(OC)=C1C2=C(P(C3CCCCC3)C4CCCCC4)C=CC=C2.[Cs+].[F-].O=CN(C)C>>,C_583030c32f6b,COC1=CC=CC(OC)=C1C2=C(P(C3CCCCC3)C4CCCCC4)C=CC=C2||[Cs+].[F-]||O=CN(C)C,COC1=CC=CC(OC)=C1C2=C(P(C3CCCCC3)C4CCCCC4)C=CC=C2,[Cs+].[F-],O=CN(C)C,3.697093256973161,0.21873148620968047,-1.824468303472387,-0.16998697856093647,-1.4352060419889683,-0.1375311512533502,-0.14789304776185191,1.02550470799479,1.9551116939983537,0.8801350735997565,-0.14750791508999594,-0.3971125427888129,0.40577940117256395,-0.33391469968084586,0.8459211800026432,0.2550985408775019,1.2513664519728322,0.026042369234241095,-0.0027235015621948455,-2.765309511734409e-16,-8.073737819514174e-17,1.3047346478737003e-15,3.61872886542235e-17,5.1147018634179427e-17,-4.929350054009371e-16,-5.11369595130191e-16,-2.2247678403549715e-16,-2.7070058807791884e-16,1.8163612289527524e-16,7.09868459429678e-17,6.315238452020728e-16,4.950116358751647e-16,3.2289078610475815e-16,-6.866268065106959e-17,-3.492717775273003e-16,7.565712699245818e-17,-7.619173557357977e-17,-1.5539296556070796e-16,-1.857302596860507e-17,-2.2767321115441754e-16,1.5157570554727703e-16,1.2432736515727773e-16,-1.3087812367533e-16,3.1423599159380647e-16,-7.246335543766715e-17,1.8608854227237224e-17,-5.685241643165146e-16,-7.004500745833468e-17,1.253096832324061e-16,-1.649073489850529e-16,7.456406184452223e-17,-7.714612169233239e-17,-1.8671502009540853e-16,-1.2282455726904244e-16,3.617525668080169e-16,1.8282665455645735e-16,-1.2037915377780998e-16,-2.1387880279104742e-17,3.218032361359304e-17,-1.15798697075436e-16,5.2628512738011754e-17,8.650435302062078e-17,1.3661309144341647e-16,-2.408362145205656e-18,-2.1205963344781096e-16,-3.986244600858643e-17,2.8108848640838975e-17,9.20278964042166e-17,9.190453803850141e-17,-8.45695062826423e-17,-9.157895698111994e-17,1.9598099547147656e-18,-1.5966915570658178e-17,9.39862404988843e-17,1.0380480378899482e-16,-2.4148164380613266e-16,7.84112804962868e-17,2.247936208710678e-16,-3.00387246578271e-17,3.126476955793137e-17,-7.173102145967543e-17,1.2512225224462893e-16,-2.4828884258304107e-16,-7.464642950133525e-17,2.934748472034353e-17,2.5900623280159706e-17,1.5384274385954914e-16,-4.439825719612475e-17,-1.5335337769374098e-16,-1.9286528724126696e-18,2.237791158069851e-16,-1.0689016560804117e-16,-1.21865160550776e-16,-3.1860906571293224e-16,8.258978312674e-17,2.86057235835342e-17,-3.1625629286102792e-16,1.14260532141708e-16,-9.179277892529519e-17,-1.8016084693947407e-17,3.64897739336249e-17,-1.503954565623671e-16,5.005971460440704e-17,1.57136585324454e-16,-4.686651303012401e-17,-1.6515123186759292e-16,-3.774536923533193e-17,2.4943336603143645e-16,5.638503244041483e-17,9.011404297645405e-17,-4.586257264285032e-17,-1.5330849398540363e-16,2.3627160676162634e-16,1.3641302530680039e-16,-3.858358990648394e-17,-9.41495876278118e-17,3.7161177097028517e-16,1.551198851871685e-17,-1.0298190312724569e-16,8.869262991160224e-17,1.6769515294170896e-16,-9.222290859001045e-17,-1.5918904860974532e-16,1.2388498968460766e-16,-1.0320735441423873e-16,6.313201026259835e-17,1.2461914892157286e-16,2.542743109838978e-16
CC(C)(P(C(C)(C)C)[c-]1cccc1)C.CC(C)(P(C(C)(C)C)[c-]2cccc2)C.[Fe+2]||[Cs+].[F-]||O=CN(C)C,CC(C)(P(C(C)(C)C)[c-]1cccc1)C.CC(C)(P(C(C)(C)C)[c-]2cccc2)C.[Fe+2].[Cs+].[F-].O=CN(C)C>>,C_1c75229475f2,CC(C)(P(C(C)(C)C)[c-]1cccc1)C.CC(C)(P(C(C)(C)C)[c-]2cccc2)C.[Fe+2]||[Cs+].[F-]||O=CN(C)C,CC(C)(P(C(C)(C)C)[c-]1cccc1)C.CC(C)(P(C(C)(C)C)[c-]2cccc2)C.[Fe+2],[Cs+].[F-],O=CN(C)C,-1.5678166466947503,-0.5445544539407906,-1.8244683034723874,-1.8306686961429992,-1.435206041988966,1.1506141613685539,-0.14789304776185028,-0.3417448804185358,0.9228435721645203,-0.12806008460238122,-0.14750791508999755,1.7193547786868169,0.4057794011725557,-0.33391469968084436,0.8459211800026418,-0.3755240042558061,1.2513664519728318,0.6986574594526094,-0.002723501562194873,-1.08666496862595e-15,-8.544098305555172e-16,-1.3885878112665238e-16,-5.98516511354513e-17,-5.198723054613376e-16,2.395611343526839e-16,-4.478949776466523e-17,-4.795365525949327e-16,1.971057794708649e-16,-2.079880710579858e-16,4.1504531341825406e-17,-3.7846147764741897e-17,2.0989683887520928e-16,-1.0746597106951173e-16,2.3486860683535753e-16,1.6943803830313823e-16,-1.6091707547567755e-16,7.839031691047818e-17,1.6190413432130837e-17,-3.487900039488607e-17,9.303314148983461e-17,-2.2696988971601854e-16,2.370327819045989e-16,-6.692890831213301e-17,5.88858291481802e-17,1.1544717853419602e-17,7.216334231183493e-17,-2.6308598745376825e-16,3.923952753994871e-17,3.9436480817288604e-17,3.1837612654647153e-17,-2.0367838297396453e-16,-4.4429680762177735e-18,4.659729358693486e-17,-1.8919734266539643e-16,-1.0102195167506025e-16,-3.1916131832597096e-17,2.2168258329073522e-17,2.481099934842254e-16,6.448074843415194e-17,1.9020760976084617e-16,-1.495987484192305e-16,8.662700908055748e-17,6.312608512630888e-17,3.4530010898940585e-17,-2.300946018980318e-16,1.7637026661613727e-17,-3.510642745485128e-17,-3.551117398406075e-17,-3.146046534677519e-17,1.0295528292679426e-16,-4.9981945817485914e-17,9.979211980568698e-17,-1.4239429060584786e-16,-1.8969626589776615e-16,1.8261708448232447e-17,6.033148137202868e-19,6.508867504708599e-17,8.169362294984917e-17,1.113750492952058e-16,2.9879237932746464e-18,8.447637007797045e-17,2.332556262962861e-17,4.4879835288701854e-17,4.413604119668536e-17,-1.581213763850886e-17,-1.6782250421420648e-16,4.470557986542928e-17,-1.6937026907244517e-16,2.3762820729101492e-16,-1.0426116672681274e-16,-9.31883041208914e-18,1.0833800148236192e-16,1.6936848164898465e-16,-9.066699155404482e-17,1.4684239723196678e-16,-6.000246762348486e-17,1.1564584506327609e-16,1.0793100585759073e-16,-4.820559545394145e-17,2.5552392544701867e-16,5.85291054973238e-17,-8.76251529408558e-17,6.900787891473319e-17,-2.6365682646159415e-16,-3.5236547371366904e-17,-3.2507111665441573e-16,-1.3528451644009347e-16,-9.5413612732242e-17,1.3985742656407224e-16,-2.4341845689545753e-16,-4.16684179846118e-17,1.637727247195652e-16,-7.286287498909472e-17,1.3907878192226601e-16,-1.5893300203209455e-17,-1.1956810070199976e-16,-1.798952866597299e-16,7.561814915117458e-17,1.5831013016685092e-18,7.901312818856578e-17,1.0233508674517037e-16,-1.693527702740215e-17,-2.03126862062399e-17,-1.4589955878290087e-16,-6.819377413733119e-17,1.0006935732431879e-16,-8.282954393191832e-17,-1.4229232823792607e-16
CC(C1=C(C2=CC=CC=C2P(C3CCCCC3)C4CCCCC4)C(C(C)C)=CC(C(C)C)=C1)C||[Cs+].[F-]||O=CN(C)C,CC(C1=C(C2=CC=CC=C2P(C3CCCCC3)C4CCCCC4)C(C(C)C)=CC(C(C)C)=C1)C.[Cs+].[F-].O=CN(C)C>>,C_775c3200a480,CC(C1=C(C2=CC=CC=C2P(C3CCCCC3)C4CCCCC4)C(C(C)C)=CC(C(C)C)=C1)C||[Cs+].[F-]||O=CN(C)C,CC(C1=C(C2=CC=CC=C2P(C3CCCCC3)C4CCCCC4)C(C(C)C)=CC(C(C)C)=C1)C,[Cs+].[F-],O=CN(C)C,4.095214292254156,0.060599001610189905,-1.8244683034723883,-0.5208425618983292,-1.4352060419889678,-0.11150016598743194,-0.14789304776185258,-1.7351649042204018,-1.0409822672107305,-1.0072610296413134,-0.14750791508999717,0.31273311559456896,0.4057794011725618,-0.3339146996808449,0.8459211800026412,0.08800205000734768,1.251366451972832,-0.0017897580635632855,-0.0027235015621953225,1.3080120581724195e-15,2.1480224673245175e-16,5.653486517147712e-16,2.6532865382753412e-17,4.501202812908494e-17,-1.0235688483252741e-16,-1.5210277708090854e-16,-3.074390602442826e-16,-1.2109560533872381e-17,3.17765737813758e-16,2.966624714342345e-16,4.0723529840346814e-16,1.410311251760143e-16,-4.491184839935203e-16,-3.1687074871556274e-16,-2.8523291122484122e-16,6.695361478882972e-16,3.222863514446402e-16,-3.9519099987384767e-16,2.222360694801959e-16,9.021893621161017e-17,-7.319130009178288e-17,6.330900526564547e-16,3.5730239481974866e-16,-3.871021148869505e-16,5.139135760950219e-16,1.7818962147779097e-16,4.885271485403101e-16,3.305379579396968e-16,9.785683896917185e-17,1.4680530413486738e-16,-1.9110937335754375e-16,3.782047170909112e-16,6.792002345597172e-17,3.0941538975669923e-17,-2.559265108723706e-16,-8.911023616167761e-17,-6.558882363494284e-17,-9.831014827576536e-17,-8.949432528486223e-17,7.270956797308016e-17,8.034563068376898e-17,-1.4957820763042453e-16,-9.45723898393878e-17,1.8534706653041992e-16,-1.9331254793774867e-16,-5.057525435877453e-17,-1.4891450115754966e-16,1.1501173154564234e-17,1.7079493737419015e-17,1.571310119621e-16,1.6915038502606828e-17,1.3718097862057654e-16,-5.91580174446725e-17,7.912911252012873e-18,-1.2914641786967242e-16,-2.080355163861404e-16,-1.436161286066253e-17,-2.6764068561133956e-16,-2.0320469973814645e-17,-1.7413582742991288e-17,1.0757868952319184e-16,2.254900277323425e-16,1.401213619767051e-17,5.115121548622959e-17,-6.8790007785521735e-18,-5.611309933093055e-17,-1.771152159676375e-16,-7.103600230914e-17,-1.6468909382512304e-16,-2.1846291352490717e-16,-1.95682456252137e-16,-1.5000037023591147e-16,-1.408859695303662e-16,-2.8929937915842085e-16,-1.222577535628735e-16,-1.1176713073177606e-16,1.220149429305303e-17,2.174572065120405e-16,7.623665074010608e-17,-8.834266383865863e-17,1.3377875124840155e-17,3.918887638429556e-17,-3.9997157637041373e-16,-1.1074331391492388e-16,4.1197372639492346e-17,-2.3632558764319383e-16,8.608527403234167e-17,5.193440369870853e-17,-3.9852444927182537e-17,-2.188418330158749e-17,-6.155683396866514e-17,-9.555652596428823e-17,-7.944168570148686e-17,1.3948190902216217e-17,-8.228123773962205e-17,1.9067665648295426e-16,-1.245727326424107e-16,-1.9644091177017012e-16,-9.865780038200863e-17,3.568356591674823e-16,-1.2690192293607575e-16,-2.147669753984682e-17,1.482512297411467e-16,-1.5206332732262304e-16,-3.961083029443274e-17,2.1103971497160946e-16,1.2091766893006677e-17,6.20040509761759e-17
[c-]1(P(C2=CC=CC=C2)C3=CC=CC=C3)cccc1.[c-]4(P(C5=CC=CC=C5)C6=CC=CC=C6)cccc4.[Fe+2]||[Cs+].[F-]||O=CN(C)C,[c-]1(P(C2=CC=CC=C2)C3=CC=CC=C3)cccc1.[c-]4(P(C5=CC=CC=C5)C6=CC=CC=C6)cccc4.[Fe+2].[Cs+].[F-].O=CN(C)C>>,C_f4fc17906b1e,[c-]1(P(C2=CC=CC=C2)C3=CC=CC=C3)cccc1.[c-]4(P(C5=CC=CC=C5)C6=CC=CC=C6)cccc4.[Fe+2]||[Cs+].[F-]||O=CN(C)C,[c-]1(P(C2=CC=CC=C2)C3=CC=CC=C3)cccc1.[c-]4(P(C5=CC=CC=C5)C6=CC=CC=C6)cccc4.[Fe+2],[Cs+].[F-],O=CN(C)C,-1.3841208155545002,1.1338119037417693,-1.8244683034723883,-1.17857046976559,-1.435206041988969,2.026491491577695,-0.14789304776185427,-0.4876063293133144,0.3252425987294691,-0.3701586543025702,-0.14750791508999617,-1.4860818817801975,0.4057794011725684,-0.3339146996808462,0.8459211800026428,-0.26752973554483356,1.2513664519728327,-0.7958149782613756,-0.002723501562194892,1.3235112895889767e-15,-4.1833809978748364e-16,-3.8554733580573154e-17,-3.811501431292207e-16,-6.903507620168585e-16,-7.804028084763978e-17,2.944356982531369e-17,-3.3405480718775145e-16,-4.741289901901151e-16,5.521148633502656e-16,1.5117696275482498e-16,1.950971506970034e-16,2.741202487313948e-16,-3.010273106460744e-16,-4.823719648960178e-17,2.1484474546949384e-16,4.477644961776532e-16,3.1904555827773934e-16,5.663695141700585e-16,1.7117912713259187e-16,-8.242756690385499e-17,-1.9475420402340848e-16,-1.092882696495249e-16,-3.5499371904845196e-16,-2.0236973172930584e-16,2.439967910368116e-16,-1.40118647575448e-16,2.614408480252033e-17,-4.4647936792043674e-17,2.0588719040482038e-16,-8.415234912557159e-17,1.2643397903259235e-16,4.179784807893784e-17,-4.2510792556421315e-17,-1.7498160410503932e-16,-6.123861429887835e-17,4.220420717791621e-17,1.4874893963998323e-16,2.727947563482828e-16,-3.932963055254743e-17,1.42231555292824e-16,1.5153544397966083e-16,9.69693927271273e-17,-1.0558450109656448e-16,-2.2255197830950833e-16,2.401943701859116e-17,1.7726592066856353e-17,-4.1503608602403527e-17,2.7444810762987096e-16,-1.6482231436156485e-16,-2.2879321919589557e-16,3.919581992790757e-16,5.12740996184473e-17,-8.57638874875395e-17,-1.1017629735797184e-16,-8.411116873878838e-17,1.552128466113423e-17,8.658537860333763e-17,8.495686294494707e-18,2.876601855314091e-17,-5.889068054953601e-17,9.490153969324355e-18,8.270469820592071e-17,1.342263168806594e-16,-5.4341379434835276e-17,1.441624883171525e-17,-1.128750455166442e-17,-5.868458066462219e-17,1.5630214827772905e-16,-2.058169333180019e-17,1.9922425304666938e-17,3.9410571488102353e-17,1.1136490407654708e-16,8.841809371107147e-17,8.723498278424429e-17,6.590070247261106e-18,1.4312505463596104e-17,-1.3732885587985762e-17,1.7977766726896052e-16,-1.190048596969712e-16,5.420645022729649e-17,7.444430209366392e-17,7.76215968872617e-17,-4.507929281203833e-17,-1.5339457420910524e-16,-6.232309219717192e-17,1.6895809846872515e-16,2.1944668763668337e-17,-1.1890794092850802e-16,7.099986196500815e-17,2.342030901804783e-16,-1.2641330792165958e-16,-9.036004188118285e-17,-9.879976668476218e-17,-1.923010787772813e-16,-2.7061391058320098e-17,-3.3097390502048274e-17,2.1456184923130373e-16,1.7862040225079206e-17,1.311387307157598e-16,3.225565294889025e-16,1.815645332108822e-16,2.6055964127770223e-16,7.743644605515966e-17,-8.967360137964036e-17,-1.6156866475431186e-16,-9.295075427570438e-17,8.458846874686555e-17,-1.4971770960595406e-16
CC1(C)C2=C(OC3=C1C=CC=C3P(C4=CC=CC=C4)C5=CC=CC=C5)C(P(C6=CC=CC=C6)C7=CC=CC=C7)=CC=C2||[Cs+].[F-]||O=CN(C)C,CC1(C)C2=C(OC3=C1C=CC=C3P(C4=CC=CC=C4)C5=CC=CC=C5)C(P(C6=CC=CC=C6)C7=CC=CC=C7)=CC=C2.[Cs+].[F-].O=CN(C)C>>,C_bf83edee71ef,CC1(C)C2=C(OC3=C1C=CC=C3P(C4=CC=CC=C4)C5=CC=CC=C5)C(P(C6=CC=CC=C6)C7=CC=CC=C7)=CC=C2||[Cs+].[F-]||O=CN(C)C,CC1(C)C2=C(OC3=C1C=CC=C3P(C4=CC=CC=C4)C5=CC=CC=C5)C(P(C6=CC=CC=C6)C7=CC=CC=C7)=CC=C2,[Cs+].[F-],O=CN(C)C,-0.7608527313618176,3.057345820275927,-1.8244683034723863,2.3402065376541143,-1.4352060419889698,-0.5112817700760028,-0.147893047761852,0.3559284257571042,0.4501099621363109,-1.1207264892083717,-0.14750791508999714,0.8357285648736796,0.40577940117255945,-0.33391469968084453,0.8459211800026414,-0.3419186122896462,1.2513664519728327,-0.16127802879825004,-0.002723501562195122,-1.1461974629181967e-15,-4.304009641843403e-16,-7.394387277356094e-16,-5.639635988728262e-17,3.295807064230809e-16,-2.808844575396504e-16,-1.495415318423508e-16,-4.458686657185235e-16,-1.2074752373496105e-16,3.6046945763866825e-16,8.307535879745755e-17,-1.4004253456507512e-17,1.0996588291824237e-16,1.9235007163439626e-16,-3.6454950239788584e-17,1.9485258383804664e-16,1.1710059683586763e-16,-2.7155652900863653e-16,-2.5676137779754924e-17,-2.841685232365925e-16,1.778947311683125e-16,3.806035325053568e-17,1.5448052575525667e-16,-2.784828255727822e-16,2.6026780097735595e-16,-4.319652187022993e-17,-9.129665977009789e-17,-1.7395375127057488e-16,-1.3790895225227583e-16,9.13241855820897e-17,1.1013091778831646e-16,4.540559121306771e-17,-8.119188567207172e-17,-1.5909976709695615e-16,1.4077502479137378e-16,-1.3214793640334425e-17,4.116368906129033e-17,-8.074137297192116e-17,1.7326647565458737e-17,-8.73946477255683e-17,-4.6707180445152805e-17,-2.1579091545581498e-17,5.195591356190431e-18,9.954536271954483e-17,1.6241007617107338e-16,4.91738251524883e-18,2.771389329223484e-17,-1.6512235507762374e-16,8.986794131217085e-17,8.152355268076313e-17,-2.601662201396615e-16,-1.3439502679562258e-16,-1.3600186003408459e-17,-1.7278211758849373e-16,3.511132458122514e-16,8.236358233509955e-17,-3.8798016990986505e-17,1.154177827924085e-17,-5.657915716592341e-17,-2.0414527848367505e-17,-1.0936374131012593e-16,2.7631470893647785e-17,1.4957674878828174e-16,-1.0290405826050525e-16,4.169625811768021e-17,-1.509098084591967e-17,-1.6048750655692547e-16,-6.895744514002476e-17,2.05487161728979e-16,9.139121005135395e-17,-1.6991544283962966e-16,-1.220239729379867e-17,-3.277268651935232e-17,4.7597015593433405e-17,-3.624472555501307e-17,1.2573771054097778e-16,-1.1713801179525802e-16,1.14202879757183e-16,7.740445457698367e-17,1.5807178569924024e-16,-7.89760522558602e-18,-6.6979760142308e-17,9.846197522348331e-17,2.919074940877036e-16,-1.0025431289454787e-16,-7.350937831611007e-17,1.907123968252865e-16,-3.300046518370905e-17,-1.204531893081292e-16,5.1639896723351894e-17,8.578137644999739e-17,-2.9818093644074284e-16,1.4918160017165004e-16,1.5351566289167796e-16,-3.1486036868452695e-17,-2.3865418745274833e-17,-5.973351927225227e-17,-2.5175591889684485e-16,2.4145449574425865e-16,-9.861686483324985e-17,3.158088741298238e-17,-1.2845008508032402e-16,3.992602295334919e-18,2.3300269012862964e-16,-5.089042910466146e-17,-2.3698033551062024e-16,-2.489176346044379e-16,-3.183397084481982e-17,-1.5070599713562948e-16
CC(P(C(C)(C)C)C(C)(C)C)(C)C||O=P([O-])([O-])[O-].[K+].[K+].[K+]||O=CN(C)C,CC(P(C(C)(C)C)C(C)(C)C)(C)C.O=P([O-])([O-])[O-].[K+].[K+].[K+].O=CN(C)C>>,C_da06dfb669e7,CC(P(C(C)(C)C)C(C)(C)C)(C)C||O=P([O-])([O-])[O-].[K+].[K+].[K+]||O=CN(C)C,CC(P(C(C)(C)C)C(C)(C)C)(C)C,O=P([O-])([O-])[O-].[K+].[K+].[K+],O=CN(C)C,-1.2242895512080059,-0.6982614233068846,-1.8244683034723888,-0.540912244889608,-1.4352060419889707,-0.4809328274603501,1.0869897727564672,0.5164120737207379,-0.3579680742465481,-0.00477646981793869,0.11106920966074602,0.8719731108561682,1.2937238034703145,-0.33391469968084825,-1.4244336803419835,1.6703602962318342,0.049221587829193836,-0.7970487546071368,0.13902826137229884,2.3099764043805114e-16,8.717753847424698e-16,-2.396672312163171e-16,-3.150037547621932e-17,-1.791144684444227e-16,-2.380801432537097e-16,2.8883415426929234e-16,-1.7656259449341937e-16,-3.745790797500537e-16,-1.3297295806233146e-16,4.047632877475364e-17,3.278762265579698e-17,-1.6945085219235758e-16,-8.043562748732619e-17,9.71949436351751e-18,8.330982358019452e-17,3.415846822119338e-16,-2.0054858894799717e-16,8.144754807477945e-17,-1.9065919376098235e-16,4.014425505912719e-16,2.71186679206311e-16,2.0743673988771543e-16,2.648622476624858e-16,2.7347159117228248e-17,9.734700045194401e-17,-1.810589099433769e-16,-2.970743410692398e-16,-3.0661248481095774e-18,1.312426493637083e-16,-1.357671452108723e-16,1.0357462253651988e-16,-9.610627502860603e-17,9.581680300887381e-17,-3.619439590061166e-17,5.2454663836678926e-17,-1.9494165672410406e-16,7.709447309996841e-18,-8.345595041522904e-17,-1.4017294457868648e-16,1.7144707392665168e-16,-1.0042042470054701e-17,-1.443774987213838e-17,-1.357117804193412e-16,-4.5882145966202144e-17,3.005383200232595e-16,-5.190399938550205e-17,1.6910296371406355e-17,-2.034517265920665e-16,-2.2204191455355648e-17,-1.2751111335044875e-16,-7.708145456614841e-17,5.25527591744935e-17,2.5787966751402276e-16,3.0519169594815147e-16,-1.0555824407770619e-16,2.7172055746313436e-17,-9.625720803754822e-17,1.1296321953895883e-16,-2.2986233950122104e-17,3.34265750865855e-16,1.0283863208279702e-16,2.112298436299779e-16,7.560482068268827e-17,-2.449590560886161e-16,1.493280788271016e-16,-5.378051677549317e-17,-2.3439888367249927e-16,7.12112345675115e-17,-8.308068840117311e-17,-2.0729109847761038e-16,1.696880544513924e-16,7.39995460023228e-17,8.762840593638748e-17,5.5257236523246215e-17,-3.702600175667382e-17,-1.137977674091664e-16,2.2075037687395714e-16,6.117998840720015e-17,-6.41773867843489e-17,1.620383560925593e-16,-4.2152145388262917e-17,-1.2167093360536795e-17,1.2701297022997725e-17,-3.9190282059410566e-17,-2.2341143513407146e-17,-1.8189794215110958e-16,5.182532977648679e-17,3.290578503646385e-16,-1.5264098987350105e-16,1.0546707029098081e-16,-3.571499768540142e-17,6.068211613926431e-17,-6.545722672127518e-17,-5.1768298580839317e-17,-3.2439168549845234e-16,-1.81046883669856e-16,1.2764107635673369e-17,1.2379851712999412e-16,-4.297874502767746e-17,7.865247543472993e-17,5.126053549707892e-17,1.4321430262969554e-16,1.838818258511238e-17,7.22171699771633e-17,8.892397249315286e-17,3.464786166955578e-17,2.2316841613957976e-17,-2.1809041934516534e-16
P(C1=CC=CC=C1)(C2=CC=CC=C2)C3=CC=CC=C3||O=P([O-])([O-])[O-].[K+].[K+].[K+]||O=CN(C)C,P(C1=CC=CC=C1)(C2=CC=CC=C2)C3=CC=CC=C3.O=P([O-])([O-])[O-].[K+].[K+].[K+].O=CN(C)C>>,C_6f42b2be8daf,P(C1=CC=CC=C1)(C2=CC=CC=C2)C3=CC=CC=C3||O=P([O-])([O-])[O-].[K+].[K+].[K+]||O=CN(C)C,P(C1=CC=CC=C1)(C2=CC=CC=C2)C3=CC=CC=C3,O=P([O-])([O-])[O-].[K+].[K+].[K+],O=CN(C)C,-0.937633643209694,1.2345744235185014,-1.8244683034723888,0.2368490684074835,-1.435206041988971,0.2786396779026153,1.086989772756465,0.2194992933003437,-0.7800009929116307,0.14740606941524761,0.11106920966074707,-1.126312857820729,1.293723803470323,-0.3339146996808485,-1.424433680341983,0.9338159119711471,0.04922158782919279,1.2462422126349613,0.13902826137229898,-1.1934261780626884e-15,-5.328764890589377e-16,-3.720823582457051e-16,3.366117318976824e-16,-1.3537386455447958e-16,7.24932428676215e-16,4.792790997799894e-16,-4.2796165147911266e-17,-8.07193593862402e-17,1.4096382729622444e-16,-2.7547139843170307e-16,1.9437974923942956e-16,-3.1223597095740716e-16,2.2395384537376424e-16,-1.4629542520604602e-16,5.410773178220336e-16,3.528654721310623e-16,-4.450543990570681e-16,7.607204542008535e-17,-2.8617283394371822e-18,6.657526461849167e-17,-2.7015443137707953e-16,2.6981215570038936e-16,1.1935593753438657e-18,1.0799516459535239e-16,3.1507043525970497e-16,-8.314483977386564e-17,6.672423243142887e-17,-2.7537441812990545e-16,1.5725329536412246e-16,-1.9513820210914008e-16,-3.7354072021789825e-17,3.012601701862205e-17,-8.549856114150211e-17,-1.1619668145010098e-16,9.572363874245673e-17,4.498226985366417e-17,3.871680693337694e-18,7.225609167584142e-17,-1.5005745790226478e-16,1.2120772952567533e-16,1.7691008582202433e-16,-2.4507402338379866e-16,1.555176495683378e-16,1.6940447683244962e-16,7.272645499198478e-17,-1.2876726306155204e-17,3.052817992869469e-16,-3.009517659769015e-17,-1.5893356714157496e-16,-5.0158982598726764e-20,1.8577512664471457e-18,2.254939972034973e-16,2.6277676444785983e-16,-4.569669448239192e-18,1.8827632192184219e-16,7.312480835950245e-17,8.906814897374122e-17,-1.3726379171925893e-16,-2.673227509060103e-17,-1.4088442019141143e-16,-3.371754764228395e-17,2.6635253811617917e-16,-1.9759676094481634e-17,6.514401638740341e-17,-1.4030146091753954e-16,9.180746952320719e-17,-1.5786650838825095e-17,2.2464231051954813e-18,-7.747810139722678e-17,9.853902751068103e-17,-2.2114617507181865e-17,-1.0622935619126324e-16,2.0365033541417905e-16,1.2734810810591754e-16,1.9659206381964565e-17,3.63675111801762e-17,9.44812079276855e-17,-3.3950595903906746e-17,3.597545749896657e-17,1.1036593194007045e-16,-1.0683671453677255e-16,5.4677637277927423e-17,-7.61191628493595e-17,7.111242448345477e-17,9.357213250792027e-17,-1.0362681856269531e-16,3.594680534687293e-17,9.855413422112241e-17,2.3585293787327097e-16,-7.546440715079334e-19,8.689481184537752e-17,2.6634279818849773e-16,1.426231531621831e-16,-1.5305490682211752e-16,-1.797978958453726e-16,8.835753219200443e-17,-7.336190991982291e-17,-1.2845506469511748e-16,-1.4914588186320874e-16,-1.4162479836068824e-16,-1.213344146040205e-16,1.7987818411971012e-17,-2.049401220071299e-16,-3.6552337568262694e-16,1.4159634163439562e-16,-1.375663191299388e-16,2.3924427424787224e-16,3.333087667454827e-16
CC(C)(C)P(C(C)(C)C)C1=CC=C(N(C)C)C=C1||O=P([O-])([O-])[O-].[K+].[K+].[K+]||O=CN(C)C,CC(C)(C)P(C(C)(C)C)C1=CC=C(N(C)C)C=C1.O=P([O-])([O-])[O-].[K+].[K+].[K+].O=CN(C)C>>,C_af539375e593,CC(C)(C)P(C(C)(C)C)C1=CC=C(N(C)C)C=C1||O=P([O-])([O-])[O-].[K+].[K+].[K+]||O=CN(C)C,CC(C)(C)P(C(C)(C)C)C1=CC=C(N(C)C)C=C1,O=P([O-])([O-])[O-].[K+].[K+].[K+],O=CN(C)C,-1.5782981121882065,-0.650738756085917,-1.8244683034723883,-1.3390820507081518,-1.4352060419889718,-3.0233120881828084,1.0869897727564657,-0.26903145405851164,0.3510346086273147,-0.39593751299980706,0.11106920966074674,-0.8157423012752527,1.293723803470321,-0.333914699680848,-1.4244336803419841,-0.5617383596306825,0.04922158782919299,0.020503180976102764,0.13902826137229893,-9.039187425063836e-16,-1.0232723904683186e-15,-7.041076806745437e-16,-1.3447564316652292e-15,-3.4640507403410455e-16,1.0170142277578604e-16,-1.0773854294641449e-16,2.0832153773588602e-16,5.458562587098405e-16,3.2736289122695085e-16,1.6279530881508656e-16,1.6449348987039296e-17,-9.949259356943306e-17,-2.792664979675241e-16,4.5202362643443e-16,1.8863294881939477e-16,-3.09026122523022e-16,-5.958940033515793e-17,9.677930647234191e-17,6.23503197230044e-17,1.0450676416155222e-16,3.4784009733622753e-16,2.611086055765132e-17,-2.836271066856683e-16,4.897076829873408e-17,-1.371768598565983e-16,6.187463468563959e-17,1.33131414886486e-16,9.396258764748578e-17,1.8445898902100202e-16,-1.7138054264924865e-16,-8.896225120073462e-17,1.1218602428077908e-16,1.245562768267935e-18,-8.579716993524916e-17,9.373613448624434e-17,-9.649334537891382e-17,5.1072292678015113e-17,3.1370054241720515e-16,-2.1657412461347724e-17,6.916117947097247e-17,-8.644279319413544e-17,4.853611578249232e-17,-3.554314756160031e-17,1.4011156817284657e-16,-1.5783009464310555e-16,1.210340356974326e-16,-7.326425092925573e-17,2.746318983008008e-16,-1.1119674421356187e-16,2.2297479634284866e-16,-8.340041345433792e-17,-4.4957337343809016e-17,-8.939758743847014e-17,1.7049278990417014e-16,5.3671058262336165e-17,-5.3344382657247035e-17,-8.57864796157175e-17,-4.1764525549638526e-17,-7.374387599317335e-17,5.935083506871923e-17,-2.190744631100756e-17,-2.917722247320364e-17,7.749146482168551e-17,1.4679325338827047e-16,-5.632800348684664e-17,-1.7165363745276094e-17,-1.4687762953841516e-16,-5.839512302668205e-17,-1.0284105921338623e-16,3.6512753909828986e-17,2.234396880043842e-16,1.1876780074888879e-16,-1.5473072078593647e-16,-1.8559413508928046e-16,-1.7796303476383285e-16,3.661108695795299e-17,3.316350166618382e-17,2.475027741552027e-16,-1.8094977876286795e-16,8.613132763276444e-18,-4.0454474675451806e-17,6.213821086385054e-17,-3.034832606744924e-17,-9.762344203325105e-17,-5.930728655430293e-17,-1.4122054356646382e-16,-2.0032274008117726e-16,2.7068346500479288e-17,1.950498688420576e-17,5.222592711370207e-18,3.586177188888088e-17,1.230034194223788e-16,-7.462370707706799e-17,-2.3227709175932556e-16,-8.467160671445127e-17,-6.967595712614348e-17,1.2869114421053975e-16,4.854169713681605e-17,-1.077984175283967e-16,6.498526119657753e-17,-4.841733120820483e-17,-3.695014122752361e-17,5.107911860205255e-17,2.910489574595433e-16,3.4045713245180616e-16,8.117796196295863e-18,1.7487725353983332e-16,-2.903443958767532e-17
P(C1CCCCC1)(C2CCCCC2)C3CCCCC3||O=P([O-])([O-])[O-].[K+].[K+].[K+]||O=CN(C)C,P(C1CCCCC1)(C2CCCCC2)C3CCCCC3.O=P([O-])([O-])[O-].[K+].[K+].[K+].O=CN(C)C>>,C_d9b7e68f76be,P(C1CCCCC1)(C2CCCCC2)C3CCCCC3||O=P([O-])([O-])[O-].[K+].[K+].[K+]||O=CN(C)C,P(C1CCCCC1)(C2CCCCC2)C3CCCCC3,O=P([O-])([O-])[O-].[K+].[K+].[K+],O=CN(C)C,0.8097398838794679,-1.610823327016456,-1.824468303472388,-0.03231794708524397,-1.4352060419889716,0.5630227060514407,1.086989772756466,2.205309231068088,-1.3646949579166305,-0.5762782864827894,0.11106920966074622,-0.011638395004671004,1.2937238034703185,-0.333914699680847,-1.4244336803419841,-0.8033477138467443,0.04922158782919289,-0.029613970329750827,0.13902826137229907,-1.4587554794532477e-15,-5.585470594391337e-16,4.4081166270870214e-17,-6.070035991270722e-16,6.020267307385028e-16,-3.151247558241618e-16,-4.68227978425539e-16,-5.171922054376927e-16,1.4600315001609528e-16,1.3150631150574162e-16,8.851527967058191e-17,-3.8530515401776246e-17,-3.523857538789192e-16,4.3685072032501504e-17,-1.6307962504644399e-16,1.0705745742513953e-16,-3.711791958886528e-16,3.8966379562559013e-16,3.2774228059037474e-16,1.0306247306818117e-16,1.1203004056915746e-16,1.6281860764479202e-16,8.335529590204112e-17,2.3426439570818744e-16,1.3135102673151132e-16,1.515214444522864e-16,1.2525425072667509e-17,3.4714165701505314e-16,1.2419649487996152e-16,-1.4226385548095492e-16,1.402384559558909e-16,1.600789667287947e-16,-1.788315882751423e-18,1.3102767926200288e-16,8.764706021147315e-17,-1.741427242371608e-16,-3.1466078288422613e-17,-2.834267145547036e-16,8.112554434348291e-17,1.966992405883769e-16,-5.20366485753049e-17,2.2103508597315655e-16,8.185080250444573e-17,-1.6746578711201112e-16,-1.6353897449602248e-16,-2.958720943245833e-17,-8.9798688849896e-18,1.3699375772478501e-17,1.3766219801917581e-16,1.5932187424198713e-16,-9.941687018252745e-17,-1.4765411320894497e-16,1.2423638950103241e-17,1.4947668109982847e-16,-1.9430308710317142e-16,-1.8582017059218548e-16,-1.5453772879163475e-16,-7.865195380643578e-18,1.137673340501823e-16,-1.321745254997577e-16,-1.6196384476277877e-16,-3.792209077540543e-18,-2.4799042285774372e-17,2.514098713844042e-16,4.5742325137936575e-17,2.435439524866564e-16,-1.503695871017595e-16,2.226929286789845e-16,1.2504622765894896e-16,8.827052681580602e-17,-4.572611685306309e-17,1.7429429402484585e-16,-7.538693262186498e-17,-1.9200856554459617e-16,-6.803891537972927e-17,6.958876102337068e-17,9.702346610069727e-17,1.667457779083095e-16,-3.044743386060892e-17,-6.950256043267914e-17,-9.203868464040184e-17,2.2091685219736628e-16,1.952790455764254e-17,-2.0317920700047026e-17,4.0353492966524014e-16,2.9523796310412626e-16,-2.97315609322397e-17,-5.940950356515149e-17,4.429600452873264e-19,4.501246577970086e-16,-9.2533798842128e-17,-6.288079253631298e-17,-4.012975127396252e-18,9.253020845330788e-17,3.7422490927757433e-17,-4.065427076389006e-18,2.1201694106864964e-18,-2.6678956158590616e-17,4.0703232608499007e-16,-1.5062203572588887e-16,2.7538171364651046e-16,4.0266458848650583e-17,-1.360526667335599e-16,-3.141292555094853e-16,5.15676095584154e-17,-1.6894861511082792e-16,-1.5238251968434435e-17,-1.4097608137234302e-16,-1.2102524404422706e-16
CC1=CC=CC=C1P(C2=CC=CC=C2C)C3=CC=CC=C3C||O=P([O-])([O-])[O-].[K+].[K+].[K+]||O=CN(C)C,CC1=CC=CC=C1P(C2=CC=CC=C2C)C3=CC=CC=C3C.O=P([O-])([O-])[O-].[K+].[K+].[K+].O=CN(C)C>>,C_9aa07fb5394e,CC1=CC=CC=C1P(C2=CC=CC=C2C)C3=CC=CC=C3C||O=P([O-])([O-])[O-].[K+].[K+].[K+]||O=CN(C)C,CC1=CC=CC=C1P(C2=CC=CC=C2C)C3=CC=CC=C3C,O=P([O-])([O-])[O-].[K+].[K+].[K+],O=CN(C)C,-0.263654755762533,0.9915488887997183,-1.8244683034723874,0.3224862210695101,-1.4352060419889683,-0.2454093315564949,1.0869897727564661,-0.508458543053779,-1.0360040403224673,2.5086809595071786,0.11106920966074593,0.4526474839779604,1.2937238034703158,-0.33391469968084797,-1.4244336803419837,-0.5902568205259889,0.049221587829192885,-0.24296470019919017,0.13902826137229912,2.2980733515266546e-16,-1.135404021078127e-16,7.174797729634667e-17,-1.2618509681435492e-16,5.342576102353025e-16,5.966717368166079e-16,2.91633484468255e-16,-7.12097910795029e-16,4.0749376434120244e-16,-3.236623789837923e-16,6.028526210908674e-17,5.226157131611641e-16,-1.6471299427954413e-16,-9.029471614858478e-17,7.403930618622268e-17,2.6168475270358747e-16,1.8307877621399112e-16,-1.3439722005047411e-16,-1.1144493166881152e-16,6.531957953207247e-17,-1.8006098835614554e-16,-4.0465175267681885e-17,2.3016790123763815e-17,-1.3760117870851801e-16,1.633078117796148e-16,2.3292018061187962e-17,-3.229458869618821e-17,1.5707180205137996e-16,-8.074454374426295e-17,7.985590948420541e-17,-9.010783337767278e-17,3.1509087502170556e-16,2.1228742138091981e-16,-1.8980405311879247e-17,-6.689187754408571e-20,8.040228154827592e-17,-2.5297399457487086e-17,1.440800232181823e-17,-1.597084034499926e-16,-7.181807092378698e-17,1.1264199400990255e-16,8.005162659243779e-17,-1.2239380215238682e-16,-6.947889291669439e-17,-5.913616435000795e-17,7.145166781471708e-17,9.455967245479689e-17,2.1658425682273314e-16,-2.397593768503156e-17,1.1497282075049281e-16,-2.1709473239761074e-16,1.450600755660392e-16,2.7235518818909036e-17,-8.891860264976417e-17,1.4013943193310784e-16,4.524156741096517e-17,1.3209108247940663e-16,-5.991943586173008e-17,4.883728063063935e-17,-9.363268166440942e-17,-7.280378760503909e-17,8.529677900512328e-17,-5.233371390071325e-17,-2.5934112187534068e-17,-3.3533953519177816e-17,-1.122119035434934e-16,3.8123274573455716e-17,-8.076783302422542e-17,-4.734828010841867e-17,4.220173596027157e-17,-5.18265091038631e-18,-9.119596043825797e-17,5.895195423115053e-17,7.409866002760526e-17,5.270432257561732e-17,-5.4997472060238265e-17,-1.6179633192387058e-16,-2.1660539566747716e-17,-1.3991003723325059e-16,9.698901159272949e-17,-2.3016488933902413e-16,7.616567070184886e-17,-5.743140271017898e-19,-1.428342530652109e-16,-1.7356793554577668e-16,-1.9726741832221677e-16,-3.2845016056349927e-18,-8.329263112380967e-17,9.394887573677112e-17,-1.3989032873663914e-16,-6.933460330664493e-17,1.5440364155459223e-16,3.556555873276705e-17,-1.4300151135699254e-16,-1.6634973623178733e-16,-8.267966923124545e-18,-2.2428697592912135e-16,-2.2150606741584609e-16,1.935167075752871e-16,1.6978370999878404e-16,4.475102012618716e-17,-1.2889525765879e-17,-1.0672670946574134e-16,-2.301465448906061e-16,-3.980115336403412e-17,-2.6044308062695296e-16,8.947368022934699e-18,7.29450213635526e-17,1.1077019903009248e-18
CCCCP(C12C[C@@H]3C[C@@H](C[C@H](C2)C3)C1)C45C[C@H]6C[C@@H](C5)C[C@@H](C4)C6||O=P([O-])([O-])[O-].[K+].[K+].[K+]||O=CN(C)C,CCCCP(C12C[C@@H]3C[C@@H](C[C@H](C2)C3)C1)C45C[C@H]6C[C@@H](C5)C[C@@H](C4)C6.O=P([O-])([O-])[O-].[K+].[K+].[K+].O=CN(C)C>>,C_876e3f62c189,CCCCP(C12C[C@@H]3C[C@@H](C[C@H](C2)C3)C1)C45C[C@H]6C[C@@H](C5)C[C@@H](C4)C6||O=P([O-])([O-])[O-].[K+].[K+].[K+]||O=CN(C)C,CCCCP(C12C[C@@H]3C[C@@H](C[C@H](C2)C3)C1)C45C[C@H]6C[C@@H](C5)C[C@@H](C4)C6,O=P([O-])([O-])[O-].[K+].[K+].[K+],O=CN(C)C,-0.8853811771272792,-3.192233563805737,-1.8244683034723856,2.7128391219197554,-1.4352060419889716,0.49119929761613945,1.0869897727564664,-0.9806476207765289,0.5753078969520411,0.06697642453299767,0.11106920966074658,-0.35554907531949176,1.2937238034703191,-0.33391469968084814,-1.424433680341984,-0.00696155299412772,0.04922158782919346,0.03706496796135587,0.13902826137229882,-1.1018028395249852e-15,-9.65522816541992e-16,1.992983835129447e-18,-4.375501262258942e-16,4.93421046702442e-16,6.815612551097057e-16,3.759369648601392e-16,-2.0215523909218206e-16,-6.133919262817318e-16,-1.449510726874527e-16,5.636372663503397e-18,-1.8309950417323564e-17,-2.927337225645134e-16,-3.2316879562731373e-16,-5.28226808571584e-16,1.1863393525742363e-16,-9.664253366596958e-17,2.967356501847219e-16,-2.246686555879815e-16,4.096265992480692e-16,-3.5424939128464386e-16,2.4414722775608652e-16,-1.7491589556937536e-16,1.8309304881847673e-16,1.1777217839549249e-17,-3.4648299805620163e-16,1.866920300520591e-17,-1.5035715279309997e-16,1.3808609166908197e-16,9.931857604497405e-17,-2.1886533020997032e-16,-1.4591630192478022e-16,-2.0923630826797867e-16,1.3495446800662697e-16,2.858563835288743e-17,7.329643545293901e-17,1.4343719353590348e-16,-3.703997322129314e-17,-2.004308354679881e-16,-5.4436780843501433e-17,-8.351227800989547e-17,-2.985733963702649e-16,-9.958777521956517e-17,-2.9653799013290625e-16,1.2791046702886834e-16,1.0024964188007416e-16,2.2293841176126146e-17,1.623843455470373e-16,2.4659243046617063e-16,-9.778763587840596e-17,-9.379299848907896e-17,-1.104417855770176e-16,4.008369933691643e-17,9.165309901486269e-17,9.69737751566111e-17,1.5591932158250077e-17,-1.5878623848900211e-16,-2.5948156515565896e-16,3.0320573601834535e-16,-7.77907289394466e-17,1.6055847850846173e-16,1.1988994821238937e-16,1.1680365011856368e-17,-4.2257836714978034e-17,9.839458587524757e-17,9.250441965798824e-17,-1.0180610405152329e-16,-7.197261718493944e-17,1.6621581549600103e-16,9.41638654814476e-17,-4.6986928058903476e-17,7.939399222706572e-18,-1.6428728256596186e-16,2.2021991139068614e-16,-1.5607306194656977e-17,-1.3830339963758702e-16,9.37071114500604e-17,1.1023487730028628e-17,-1.8672230547428296e-16,-9.52465584896351e-17,1.5554098721053565e-16,3.775944465672669e-17,1.5341240319495604e-16,9.491429662794918e-17,6.976415280293967e-17,1.740257087326332e-16,-1.8468805889755927e-16,8.617281898304519e-17,-5.034615010019465e-17,1.0066547310073045e-16,-8.409306864589759e-17,-5.440618455423378e-17,-7.186779023517399e-17,1.8716369090417608e-17,-2.925057852079646e-16,1.0275209065155981e-17,-1.8588156160711022e-17,6.874961366687762e-17,8.016917983218787e-17,2.0850584537788932e-16,1.1848764865084766e-16,1.228106878058826e-18,-8.93997674769741e-17,8.795307741431787e-17,1.5496395130937382e-16,-5.0679774686942666e-17,2.1403688857591054e-16,-2.13460972207313e-17,-8.567195470505949e-17
COC1=CC=CC(OC)=C1C2=C(P(C3CCCCC3)C4CCCCC4)C=CC=C2||O=P([O-])([O-])[O-].[K+].[K+].[K+]||O=CN(C)C,COC1=CC=CC(OC)=C1C2=C(P(C3CCCCC3)C4CCCCC4)C=CC=C2.O=P([O-])([O-])[O-].[K+].[K+].[K+].O=CN(C)C>>,C_fd466c3f2553,COC1=CC=CC(OC)=C1C2=C(P(C3CCCCC3)C4CCCCC4)C=CC=C2||O=P([O-])([O-])[O-].[K+].[K+].[K+]||O=CN(C)C,COC1=CC=CC(OC)=C1C2=C(P(C3CCCCC3)C4CCCCC4)C=CC=C2,O=P([O-])([O-])[O-].[K+].[K+].[K+],O=CN(C)C,3.697093256973161,0.2187314862096808,-1.8244683034723874,-0.16998697856093672,-1.4352060419889703,-0.13753115125335005,1.0869897727564672,1.0255047079947905,1.9551116939983542,0.8801350735997571,0.11106920966074707,-0.39711254278881125,1.2937238034703191,-0.3339146996808478,-1.4244336803419828,0.25509854087750333,0.04922158782919335,0.026042369234240574,0.13902826137229882,2.8145121677402427e-16,-5.622922630424589e-16,4.028548241753425e-16,3.7588637755503063e-16,-1.1313901779216795e-15,-1.1462334229239649e-15,4.952245493527437e-18,-1.9588261617012716e-16,1.8095273071838367e-16,-6.26557450226792e-16,9.130427004675293e-17,2.7365987112624677e-16,7.42042702230963e-17,-1.1065315615934128e-16,1.726487792047373e-16,-2.152587599405843e-17,-1.2433312371118962e-16,-1.4073847915277818e-16,5.952446853398437e-16,2.3052458803404676e-17,2.964972181761213e-17,-7.120479087060286e-17,1.4363017056428409e-16,3.6066571172330612e-16,3.4875337501086003e-17,-1.9928881985735316e-16,-6.2568630612635e-17,-2.9818262200641197e-16,3.387304688611532e-16,-5.4684602031342345e-17,2.249800741087556e-17,8.761909503624825e-17,-4.5617025362505783e-17,-1.8717163871495e-16,-1.1086721845046445e-16,-1.837510133325275e-16,-1.3097066441834314e-16,8.829940413485375e-17,2.99873440122559e-17,1.839246972236102e-16,-1.689630830794782e-16,-1.469305440051031e-16,-9.73680047140397e-17,6.32709292875364e-17,-1.161244103969499e-16,1.2872270919967448e-16,-1.0959401694427534e-16,-2.0489751585438642e-16,1.5450156852211966e-16,2.0006404724788432e-16,6.400331812433572e-17,-1.6845538117436397e-16,-2.462799448323132e-16,2.0015127102965426e-16,1.0703042782246089e-16,-1.3244809963398053e-16,-3.1094138353068752e-16,2.30518568534795e-16,-2.863395037266747e-16,1.7817769127098546e-16,-2.9581071509244877e-16,-1.6954100846513491e-16,4.8804963594977935e-17,4.5686136576687154e-17,1.1013573580310058e-17,-1.7477366181117806e-16,-9.262179947705879e-17,7.022086596379288e-17,-3.8849652085313066e-17,5.1654715818323745e-17,1.4575841746804015e-16,-1.0597398821760213e-16,3.4831965600456147e-17,-1.5955323563153486e-18,1.9657639231096796e-16,2.0267224700952863e-16,1.5307347591309608e-17,-3.4265578874231425e-17,-2.686320729231637e-16,3.752185417799283e-17,-2.977434798613547e-17,-1.2386092069771494e-16,8.248913669472047e-19,-4.4352127921744986e-16,3.0061374252693724e-17,-2.53488162276589e-16,-5.2274355468972707e-17,-1.959935620710861e-17,1.4569267484545526e-16,2.392280732792589e-16,2.5190966400213296e-16,1.163117477829347e-16,-1.479388534246205e-16,-1.2676958797536735e-16,1.847482527395199e-16,-2.4053856728580538e-17,-5.351307712790157e-17,1.134534805736201e-16,6.928755577152562e-17,4.758279791175408e-17,-6.41682204815435e-17,2.909777922551148e-16,-7.514106634831675e-17,-1.1277641883924983e-16,-1.247397374068439e-17,-5.533384711254855e-17,2.7399661201523337e-16,8.009040568125489e-17,1.0952333625029196e-16
CC(C)(P(C(C)(C)C)[c-]1cccc1)C.CC(C)(P(C(C)(C)C)[c-]2cccc2)C.[Fe+2]||O=P([O-])([O-])[O-].[K+].[K+].[K+]||O=CN(C)C,CC(C)(P(C(C)(C)C)[c-]1cccc1)C.CC(C)(P(C(C)(C)C)[c-]2cccc2)C.[Fe+2].O=P([O-])([O-])[O-].[K+].[K+].[K+].O=CN(C)C>>,C_2acc0f77e717,CC(C)(P(C(C)(C)C)[c-]1cccc1)C.CC(C)(P(C(C)(C)C)[c-]2cccc2)C.[Fe+2]||O=P([O-])([O-])[O-].[K+].[K+].[K+]||O=CN(C)C,CC(C)(P(C(C)(C)C)[c-]1cccc1)C.CC(C)(P(C(C)(C)C)[c-]2cccc2)C.[Fe+2],O=P([O-])([O-])[O-].[K+].[K+].[K+],O=CN(C)C,-1.5678166466947498,-0.5445544539407903,-1.8244683034723883,-1.8306686961429988,-1.435206041988969,1.1506141613685539,1.0869897727564688,-0.34174488041853596,0.92284357216452,-0.12806008460238003,0.11106920966074559,1.7193547786868189,1.2937238034703107,-0.3339146996808466,-1.424433680341985,-0.37552400425580457,0.04922158782919276,0.6986574594526093,0.13902826137229893,8.665382805941776e-16,-2.778160261678512e-16,2.9208598485515194e-16,2.1989974934614241e-16,-3.452383809788823e-16,2.4804955349273613e-17,-6.422081829938448e-17,-5.700340865088692e-16,1.4613980208115902e-16,6.961549244802696e-16,4.98542131531586e-16,-3.52978322323457e-16,-2.004053858347814e-16,2.403334296524167e-16,1.3143565752440897e-16,-6.471972058300642e-16,-4.700534983194879e-16,1.187613687323741e-16,-1.051940044259397e-16,-2.7509322329251936e-16,-8.207122250410313e-17,-6.168553358701997e-17,-3.686126168497354e-16,-3.064388182505197e-16,2.1955528390621043e-16,-3.3137413476570116e-17,-3.358911487931642e-17,-4.571736797559839e-17,3.30159666188548e-16,-5.609802051245166e-17,2.5437516705514643e-16,5.3578795770960173e-17,-9.643719139334048e-18,-1.0843481696198284e-16,-5.67342227920085e-17,1.1757579817524846e-17,-5.796690164095037e-18,-2.649684675379568e-16,1.059298221153829e-16,-5.062844483266933e-16,1.4885296689630699e-16,-5.4845533625145545e-17,1.3699639508288151e-16,4.801980301025931e-17,-1.7143701813453622e-16,-1.6877530136713129e-16,-1.974936807726767e-17,-3.618929391849846e-18,-2.979965595287573e-17,1.3468961111541207e-16,1.8035214590111115e-16,2.9538727286103023e-16,5.2325079666827286e-17,5.797600752463534e-17,7.364792831583852e-17,1.6364034827487915e-16,-2.823295032291842e-17,2.9262987137291247e-16,7.058747621291695e-17,-9.320787530367237e-17,-1.201738187693397e-17,2.3072137893036203e-16,2.9803516746955543e-16,2.0623360840607236e-17,2.026027061562452e-16,-1.1593548756407157e-16,-5.69266721840874e-17,1.2533072798631537e-18,-1.9610971366133613e-17,-1.6805394852688299e-16,-1.3531918777874787e-16,-1.3489140711534652e-16,1.0571507987483755e-16,-5.745302396903104e-17,1.7228739014781292e-16,3.9694152300215086e-17,6.743829693267163e-17,-1.1719959581116726e-16,1.0300528418987125e-16,-7.801776346325168e-17,6.327811227100553e-17,1.1036264537776255e-16,1.3087653167875005e-16,-1.43931827055622e-16,7.062115843130541e-17,-6.09864798997561e-17,-1.0836379931301098e-16,-5.708205950277025e-17,-8.020679829519713e-17,-3.410584987299151e-16,-9.209784644915128e-17,2.038933324817149e-17,1.5486714362002593e-16,1.111985767762513e-16,2.600981219025315e-16,-1.1385889394507127e-16,5.4599646754541875e-17,-1.2754739571658658e-16,-1.578852342313062e-16,1.0893828720630336e-16,4.684784979112018e-17,-7.88084684456286e-17,1.2615596887773058e-16,5.616875761944737e-17,4.296178047683905e-17,-1.1594706456091605e-16,-1.0939863889807009e-16,1.0643034648569182e-16,6.359236870702205e-18
CC(C1=C(C2=CC=CC=C2P(C3CCCCC3)C4CCCCC4)C(C(C)C)=CC(C(C)C)=C1)C||O=P([O-])([O-])[O-].[K+].[K+].[K+]||O=CN(C)C,CC(C1=C(C2=CC=CC=C2P(C3CCCCC3)C4CCCCC4)C(C(C)C)=CC(C(C)C)=C1)C.O=P([O-])([O-])[O-].[K+].[K+].[K+].O=CN(C)C>>,C_354e5eab0e1f,CC(C1=C(C2=CC=CC=C2P(C3CCCCC3)C4CCCCC4)C(C(C)C)=CC(C(C)C)=C1)C||O=P([O-])([O-])[O-].[K+].[K+].[K+]||O=CN(C)C,CC(C1=C(C2=CC=CC=C2P(C3CCCCC3)C4CCCCC4)C(C(C)C)=CC(C(C)C)=C1)C,O=P([O-])([O-])[O-].[K+].[K+].[K+],O=CN(C)C,4.095214292254156,0.06059900161019007,-1.8244683034723883,-0.5208425618983292,-1.43520604198897,-0.11150016598743161,1.0869897727564661,-1.7351649042204014,-1.040982267210731,-1.007261029641313,0.1110692096607461,0.312733115594571,1.293723803470317,-0.3339146996808468,-1.4244336803419841,0.0880020500073488,0.049221587829193336,-0.001789758063563662,0.13902826137229904,-1.7656427440085164e-16,-6.586208736190691e-16,-2.4766296989803127e-16,-3.35994231794034e-16,4.1049936785074913e-16,2.678050841016444e-16,-3.7682074299030457e-17,-2.419568094264661e-16,2.8495003583666363e-16,1.1175347624010547e-16,6.506625604892074e-16,-1.564749469968595e-16,-5.036417378806166e-17,-2.961719437632315e-16,-4.751604674254566e-16,-4.198734595792094e-16,3.001171683378663e-16,2.980491662384028e-17,-6.168319194339031e-16,-5.471925849467768e-18,8.76515599046066e-16,-7.943045716980826e-17,1.0017123920246804e-16,-2.2955928288583276e-16,7.874311317365829e-17,3.6934082486101454e-16,9.854261012177391e-17,-1.4999610457312304e-16,6.22970101651617e-17,2.7856183661382584e-17,2.4512319143673087e-16,4.145736180305601e-17,-2.9354188584180245e-17,-1.914362663371391e-16,9.053867965963879e-17,-7.511538109271516e-17,-1.2691612221919917e-16,2.379756765060198e-16,5.817935924591209e-17,2.3177719238619104e-17,-1.2501807228855326e-16,-9.074985460090278e-17,1.3281469144973537e-16,5.49747592341805e-17,2.2538301127406312e-17,-1.6000386144525888e-16,-1.3003742261276018e-16,-3.0836126431200084e-16,2.0178141300254578e-16,-2.3412707620676076e-16,-1.446697412229815e-17,-1.2172571685273518e-16,1.3748145972715638e-16,-1.6690543213540155e-17,-2.0213441705069324e-16,3.4734959581587563e-16,2.6267725579861326e-16,2.0500298440841929e-16,1.5168867561470918e-16,-7.910025670706054e-17,-2.923244869262994e-16,4.0489677238086084e-17,-3.526899711382186e-17,-2.1934057587454767e-16,3.073988725609091e-17,1.249706439202399e-16,3.814487609874375e-16,7.856637518350852e-17,-1.6145224705370727e-16,-1.3924503501664232e-17,9.366067051077571e-17,-1.4855966333711095e-16,-1.847490824993665e-16,7.84271755587174e-17,8.28994219104758e-17,6.327869387704734e-18,5.786662681593608e-17,-1.1175686374874282e-16,4.680027433696967e-18,-4.4288792474528294e-17,2.0898783468652873e-16,2.517905986201702e-16,2.341722064605579e-16,1.693918924890614e-16,-2.4352050987574313e-16,1.1336289968320187e-16,1.7426819600255588e-16,-9.907326713743405e-17,5.11825462851942e-17,-1.9424088408196008e-16,2.790338642309591e-16,-2.6462319031128445e-17,-1.8783013621506982e-16,-1.1577883136086988e-16,-1.0832946274793356e-17,-3.392131630554668e-16,-2.1742911713039061e-16,-9.351914737154105e-17,-7.320718901787198e-17,-9.419596489639051e-18,-9.908110421286453e-17,3.019410249138927e-17,-2.2520247706627917e-17,-5.3764643299910597e-17,4.9993745834120774e-17,-6.197870554613502e-17,1.5665073957596e-16,-6.64048037132252e-17,-4.149247762429251e-16
[c-]1(P(C2=CC=CC=C2)C3=CC=CC=C3)cccc1.[c-]4(P(C5=CC=CC=C5)C6=CC=CC=C6)cccc4.[Fe+2]||O=P([O-])([O-])[O-].[K+].[K+].[K+]||O=CN(C)C,[c-]1(P(C2=CC=CC=C2)C3=CC=CC=C3)cccc1.[c-]4(P(C5=CC=CC=C5)C6=CC=CC=C6)cccc4.[Fe+2].O=P([O-])([O-])[O-].[K+].[K+].[K+].O=CN(C)C>>,C_9aa3970c92dd,[c-]1(P(C2=CC=CC=C2)C3=CC=CC=C3)cccc1.[c-]4(P(C5=CC=CC=C5)C6=CC=CC=C6)cccc4.[Fe+2]||O=P([O-])([O-])[O-].[K+].[K+].[K+]||O=CN(C)C,[c-]1(P(C2=CC=CC=C2)C3=CC=CC=C3)cccc1.[c-]4(P(C5=CC=CC=C5)C6=CC=CC=C6)cccc4.[Fe+2],O=P([O-])([O-])[O-].[K+].[K+].[K+],O=CN(C)C,-1.3841208155545002,1.1338119037417695,-1.8244683034723899,-1.17857046976559,-1.43520604198897,2.0264914915776946,1.0869897727564655,-0.4876063293133142,0.32524259872946865,-0.37015865430256956,0.1110692096607471,-1.4860818817801955,1.2937238034703236,-0.3339146996808484,-1.4244336803419833,-0.26752973554483267,0.049221587829193225,-0.7958149782613761,0.13902826137229907,-7.715319270112432e-16,-2.964283961693908e-16,7.515156796195239e-18,2.530843823931309e-16,5.385027173475416e-17,4.175976606407588e-16,5.426444478315014e-16,-4.0410812549353403e-16,-3.1915561855144494e-16,5.727630712897524e-17,3.2102062668876416e-16,-5.106953392786478e-16,-8.144319765890082e-17,-4.68175619350459e-16,-1.241207479183599e-16,-2.939522396090669e-17,1.676315753068402e-17,2.5734997473901877e-16,-3.07450579950143e-16,9.885229700705948e-17,-3.8254482353211185e-16,-5.1133438800938057e-17,-4.5506368283445325e-17,1.7387950123127894e-16,7.379172283066574e-17,-1.7418376836377828e-16,1.3051908460723502e-16,1.9334942754470167e-16,1.5853877031009065e-16,6.969823729030444e-17,4.929625181887882e-17,2.1034949535177544e-17,1.8206191327846763e-16,1.3851230164784877e-16,5.654482327759829e-17,2.7798080200324417e-16,-1.396630192779095e-16,-1.618559602507439e-16,3.848523713263252e-17,-6.5903164859718e-17,-2.492281079343982e-16,-8.544363951306163e-17,-9.329808546441995e-17,1.4859478320192115e-16,1.3141204530208504e-16,1.77725967431535e-17,4.389736090345435e-18,9.817544686532952e-17,-9.918407277348659e-17,3.848668178835411e-16,-1.6696677194071356e-17,-1.3475284957342073e-16,-3.5591064611441743e-17,-3.428431533627537e-17,1.2748747695934956e-17,7.98385599063611e-17,-1.6541811182781363e-17,-1.0559355803864597e-16,6.899287014142893e-17,-8.501017291528253e-17,-8.459460783837578e-17,5.990308513584256e-17,-6.70267260545614e-17,-5.820915657018643e-17,7.169823403600483e-17,6.813895130257902e-18,-2.8286807165395016e-17,2.9236574550731993e-16,-2.2186930010216976e-16,-3.519435342461114e-18,-2.0154016897201636e-16,5.202469600441128e-17,-2.1203485578958997e-16,-4.080121505040841e-17,-7.278233433524858e-17,4.4832457165109743e-17,-1.1019670086812428e-16,2.3445839273248654e-16,3.2165885539166296e-17,-3.404533356332674e-17,1.0924956856830574e-16,1.7640093396281164e-17,1.7564595506707634e-16,1.0730228569139281e-16,1.0817370274643777e-16,-8.18393814376944e-17,2.3501632822142793e-16,1.2227631328561695e-16,-9.136297101952789e-17,7.64090750927404e-17,-2.338615844590856e-16,-9.813378845555148e-18,-5.0200823714915664e-17,-1.0436904138437418e-16,8.073378246996983e-17,-1.5557566962274115e-16,-2.208755236639725e-17,1.3319801828371247e-16,-1.8899650339314654e-16,3.120240479975779e-16,2.4286836579210425e-16,1.873582124395898e-17,7.796236721471878e-17,-2.3483146101846577e-16,-2.645389974850972e-16,-1.147855859905855e-16,-3.3165379397339533e-16,-8.868649090661376e-17,-1.5287970652091156e-17
CC1(C)C2=C(OC3=C1C=CC=C3P(C4=CC=CC=C4)C5=CC=CC=C5)C(P(C6=CC=CC=C6)C7=CC=CC=C7)=CC=C2||O=P([O-])([O-])[O-].[K+].[K+].[K+]||O=CN(C)C,CC1(C)C2=C(OC3=C1C=CC=C3P(C4=CC=CC=C4)C5=CC=CC=C5)C(P(C6=CC=CC=C6)C7=CC=CC=C7)=CC=C2.O=P([O-])([O-])[O-].[K+].[K+].[K+].O=CN(C)C>>,C_053b3a9c5902,CC1(C)C2=C(OC3=C1C=CC=C3P(C4=CC=CC=C4)C5=CC=CC=C5)C(P(C6=CC=CC=C6)C7=CC=CC=C7)=CC=C2||O=P([O-])([O-])[O-].[K+].[K+].[K+]||O=CN(C)C,CC1(C)C2=C(OC3=C1C=CC=C3P(C4=CC=CC=C4)C5=CC=CC=C5)C(P(C6=CC=CC=C6)C7=CC=CC=C7)=CC=C2,O=P([O-])([O-])[O-].[K+].[K+].[K+],O=CN(C)C,-0.7608527313618175,3.0573458202759274,-1.8244683034723859,2.340206537654115,-1.4352060419889718,-0.511281770076003,1.0869897727564672,0.3559284257571041,0.45010996213631055,-1.1207264892083706,0.1110692096607461,0.8357285648736814,1.2937238034703147,-0.333914699680847,-1.4244336803419848,-0.34191861228964543,0.04922158782919296,-0.161278028798251,0.13902826137229907,-3.318501303609351e-16,-4.857649419713641e-16,5.003490211703497e-16,-8.274218151052638e-17,1.169024943003607e-16,2.223549866030802e-16,3.4546691679370323e-16,-1.5280608237597729e-16,-1.963694152658745e-16,-2.380304046681504e-16,6.577611549858483e-16,-1.9770169356584938e-17,-3.204440903004304e-16,7.836446730657667e-17,3.2664068120312716e-16,4.2374570988778544e-16,-2.1638940819478602e-16,2.2784535277792935e-16,-1.261422321864321e-16,6.024558236960388e-17,-5.890689478663524e-16,3.122707785509176e-16,-1.8370770977996108e-16,2.2920197579603245e-17,2.8352575085582097e-16,8.020538991901281e-17,3.110220237391528e-17,1.3001000072651283e-17,-4.472794504013943e-18,7.437147643777454e-17,-2.2186548732625898e-17,2.090848513142875e-16,1.17981403892639e-16,-1.2996348007882013e-16,1.4245865551793836e-16,-1.179630787289406e-16,1.3000595897856119e-16,7.56947424764286e-17,8.05989483495313e-17,5.069212229342776e-17,1.814100854307658e-16,-3.830771832251122e-16,3.0302647070468004e-16,-1.6794947361029e-16,-3.202983985495008e-16,2.8416558515178016e-17,-6.402184597507266e-17,-8.829924009624753e-17,-4.458431503178449e-17,1.439270958143791e-16,2.83294812112521e-16,-3.026019374655422e-16,-3.304750637304859e-17,-5.762410574377441e-17,3.4499537489869396e-17,1.0136319235954888e-16,-1.0270435446640646e-17,4.574643456242029e-18,-7.206766424558413e-17,-2.713067598946304e-17,-5.4860898745892706e-18,-3.48655946670278e-18,-2.1126564224136993e-16,-1.2483495854014847e-16,9.619195408710436e-18,1.8116665957841974e-16,2.2131250853770783e-16,-1.0259497238015427e-17,-1.3025653508717606e-16,-3.44972779459833e-16,1.0082959614629184e-16,5.716451072286416e-17,4.8858869423007955e-17,-2.2986919628205573e-16,1.4364101308965508e-16,2.0387369853565098e-16,8.256682905564454e-17,1.964694098572932e-17,1.990878563185797e-16,2.7732563857217207e-16,6.121327374612401e-17,-8.119676472407813e-17,1.8648649279968396e-17,3.966653301705011e-16,-2.864279357027389e-17,3.798518446790562e-17,9.160612353974285e-17,-8.270011471667458e-18,-3.9942785790676376e-17,-1.992642916659309e-16,-1.0518273347948e-16,7.830758801721193e-17,1.6341073662927376e-16,6.763244991633179e-17,-1.4912946165462533e-17,2.0692330550857974e-17,-1.3146690254475347e-16,1.46906669688669e-16,2.1546623678182238e-16,-1.415908846284449e-17,-1.9054858251082914e-17,1.311352468989962e-16,-2.970506013384632e-16,2.324746019397117e-16,-1.2791700561530984e-16,1.4276712431678167e-16,-2.738825349936003e-16,-1.1967614760421226e-16,7.960352543373473e-17
CC(P(C(C)(C)C)C(C)(C)C)(C)C||[K+].[OH-]||O=CN(C)C,CC(P(C(C)(C)C)C(C)(C)C)(C)C.[K+].[OH-].O=CN(C)C>>,C_ca1d0a101926,CC(P(C(C)(C)C)C(C)(C)C)(C)C||[K+].[OH-]||O=CN(C)C,CC(P(C(C)(C)C)C(C)(C)C)(C)C,[K+].[OH-],O=CN(C)C,-1.224289551208006,-0.6982614233068851,-1.8244683034723888,-0.5409122448896083,-1.435206041988969,-0.4809328274603501,0.03001218690526297,0.516412073720738,-0.3579680742465475,-0.0047764698179396615,-0.2132943480609512,0.8719731108561679,0.7970543504303762,-0.3339146996808469,0.706552298379752,1.6703602962318331,-0.5959422591539457,-0.797048754607137,-0.618314784337214,-4.233350050528464e-16,5.452288839478441e-16,1.4743466172068322e-19,-3.7767374937766633e-17,-5.531985627445412e-16,2.969835273071044e-16,-2.9790125467878244e-16,3.319163125454658e-16,5.155342876308248e-16,4.349122558006854e-16,8.513068436332634e-16,-5.137154367645436e-16,-4.3233384503172964e-17,6.987289860902354e-17,-3.530706498777463e-16,-4.450943531399066e-16,-1.1047509275652479e-16,5.40164410308216e-17,-1.7429997873945862e-16,-1.6822378919312408e-16,4.3173868574013545e-17,-6.245194481804747e-17,9.880561626781446e-17,-2.925272373181223e-16,5.4822326755767886e-17,-1.5822203308592352e-16,3.604419190622527e-16,1.9710991863131179e-16,1.0246586746472099e-16,2.0209736829032755e-17,1.7866506408624464e-16,-7.027103122419731e-17,2.553451960029651e-16,8.731358698583942e-17,6.009670326651542e-17,1.8582638231488914e-16,4.864410887166432e-17,1.0200799167115705e-17,3.7844563570890253e-17,1.7106044095485702e-16,1.278365402578046e-16,1.7440491541478682e-17,-1.42222884573855e-16,2.4967200994880233e-17,1.9095789563245307e-16,1.9509134958002686e-16,-1.8890229481603426e-16,-2.391324329187297e-17,3.773004819693573e-17,1.9875499420218705e-17,9.938960967043504e-17,1.4927923487829076e-16,-7.703712573448884e-17,9.679627618114129e-17,1.545378002506866e-18,9.536610012930158e-17,1.5450635401507478e-16,-3.904432065970311e-17,3.0081623767243513e-18,9.716600594753103e-17,7.470320659411493e-17,-4.1527890468139124e-17,1.008155470138758e-16,2.657386258683459e-17,-9.385133476855385e-17,-4.413843928889796e-17,-2.0305347023000592e-17,-1.453258702594625e-16,-3.120058892441362e-17,-1.8605754325593842e-16,2.3227558474182722e-17,-3.04629404781168e-16,-1.6578047393801757e-18,6.657393251327126e-17,-1.4600467466347608e-17,-2.2325154892450468e-17,1.0157170926459554e-16,8.105074833451472e-17,2.2440798953761664e-17,-2.0914795568180275e-16,-9.755469140499332e-17,1.5909890045118474e-16,-1.700202466466761e-16,1.7922746735182053e-16,3.067594736988114e-16,3.976682535555216e-17,-7.560325432820362e-17,-1.9866548490469118e-17,-7.091236961971965e-18,2.020583449950326e-16,-2.17597700399889e-16,1.5244669875381966e-16,1.011555539459239e-16,3.3005291091236267e-17,-6.313639141867335e-17,-2.102490735388091e-16,-1.3617287833141658e-17,1.3878051057474336e-16,1.9115144401068598e-17,-1.4261426203957572e-16,1.2472462373052767e-16,1.9739350593799558e-16,-2.6204276102103707e-17,-3.6383442779679795e-17,-6.0020523182735e-17,1.149347561679163e-17,1.3042676424238753e-17,-1.5585021547113775e-16,3.56201429259421e-17
P(C1=CC=CC=C1)(C2=CC=CC=C2)C3=CC=CC=C3||[K+].[OH-]||O=CN(C)C,P(C1=CC=CC=C1)(C2=CC=CC=C2)C3=CC=CC=C3.[K+].[OH-].O=CN(C)C>>,C_e813c3ade80b,P(C1=CC=CC=C1)(C2=CC=CC=C2)C3=CC=CC=C3||[K+].[OH-]||O=CN(C)C,P(C1=CC=CC=C1)(C2=CC=CC=C2)C3=CC=CC=C3,[K+].[OH-],O=CN(C)C,-0.9376336432096941,1.2345744235185012,-1.8244683034723888,0.2368490684074834,-1.43520604198897,0.27863967790261546,0.03001218690526101,0.21949929330034357,-0.7800009929116306,0.1474060694152468,-0.21329434806095054,-1.1263128578207298,0.7970543504303841,-0.3339146996808478,0.706552298379753,0.9338159119711468,-0.5959422591539474,1.246242212634961,-0.618314784337214,6.071668284884039e-16,-4.560789161579207e-16,-8.895706921718285e-17,2.1642899375484825e-16,-8.102677336026475e-16,-4.721984880510816e-16,4.553336860925833e-16,1.7504383805753322e-16,-1.853145115578219e-16,-5.0678956898564626e-17,2.465064147295539e-16,-1.9279082434119672e-16,-4.4304972225229814e-16,-2.241093498611775e-16,1.3866286893066282e-16,-1.34153949093972e-16,1.7295544449810991e-16,1.2405880966255666e-17,2.263933139372908e-16,-1.5807410660224434e-16,-2.0633804977837702e-16,-1.5391486017432747e-16,-3.8594975925890155e-17,-5.986339451878475e-17,1.9939512982056443e-17,1.2162467852803733e-16,-1.0432079003227016e-16,-1.6475102020881114e-16,-5.986727265847547e-17,1.4987076568441544e-16,1.3789749278397848e-16,1.0682344677630413e-16,-8.065098359006502e-17,2.42639810898889e-17,-1.0521945905138228e-17,-3.5262220718242434e-17,1.1685305496046531e-17,7.673235319560542e-17,-1.5468640032024655e-16,2.3979384174386435e-17,2.7774423477374545e-16,-1.8733823606406322e-16,-1.1476676429947237e-16,9.989278126468219e-17,-1.6361525368010932e-16,1.6899778649671202e-16,3.035627100419288e-16,-1.265364376347717e-16,1.3133999723882606e-16,-1.9571013332754004e-17,7.985333997002117e-17,-6.353582081266128e-17,-3.926642656280283e-17,-1.4920729844640363e-16,-3.0211078407102054e-16,-2.3113053865662012e-17,-1.3357323813576999e-17,4.046798184270715e-17,-6.543965168537276e-17,6.112639390429021e-17,-1.5762925261887347e-16,-5.503415242832676e-17,-1.0008727490714965e-16,-6.376858342201782e-17,-2.9162909151283955e-17,-7.967564853717761e-17,-3.986021889381376e-17,1.1468409676686704e-16,-5.2761666819040084e-18,-3.246909006530526e-17,-1.1158498398876817e-16,-4.045210671450442e-17,2.873703537967566e-17,-1.737230571997388e-16,-9.376764501313024e-17,-9.880391965074004e-17,1.884386603605905e-16,-3.6492369328585367e-17,-8.58953644225006e-17,-2.1975709480911424e-17,-3.070003299856135e-17,-1.0958539872298556e-16,-4.6594271960915393e-17,-5.386075539941285e-17,-3.4891483528613825e-17,-8.795861653234056e-17,3.0438483902256863e-17,-1.7716206495690598e-16,-1.5945637569137184e-16,1.3407410411651309e-18,2.287091549629019e-16,-1.1371176402439327e-16,-5.805966170909691e-17,1.2635380618564993e-16,-2.6871232425769908e-17,7.597391149745869e-17,-1.4122204936938594e-17,-2.6562445788781872e-17,4.271157887651526e-17,-6.212301987105146e-17,9.187250822103317e-17,-5.329961110608122e-17,2.1779061486227577e-18,3.658785349704182e-17,-1.0227757044246999e-16,3.668770392373689e-17,-3.923390599536177e-17,-1.6874755642280421e-18,1.6148237463996487e-16
CC(C)(C)P(C(C)(C)C)C1=CC=C(N(C)C)C=C1||[K+].[OH-]||O=CN(C)C,CC(C)(C)P(C(C)(C)C)C1=CC=C(N(C)C)C=C1.[K+].[OH-].O=CN(C)C>>,C_1d6161f19c46,CC(C)(C)P(C(C)(C)C)C1=CC=C(N(C)C)C=C1||[K+].[OH-]||O=CN(C)C,CC(C)(C)P(C(C)(C)C)C1=CC=C(N(C)C)C=C1,[K+].[OH-],O=CN(C)C,-1.5782981121882067,-0.650738756085917,-1.8244683034723883,-1.3390820507081513,-1.4352060419889707,-3.0233120881828084,0.030012186905261782,-0.2690314540585118,0.3510346086273153,-0.3959375129998081,-0.2132943480609502,-0.8157423012752533,0.797054350430383,-0.33391469968084686,0.7065522983797514,-0.5617383596306834,-0.5959422591539468,0.02050318097610207,-0.6183147843372141,1.8426310887591198e-15,-8.739557270466071e-17,3.468519974759789e-16,-2.394219873530343e-16,3.0269397724352783e-16,2.0802293360229358e-17,-5.051139513864115e-16,-1.7246089987037898e-17,4.4122933696650017e-16,4.01481619600403e-16,1.0986755418349542e-16,1.8943524691073342e-17,-3.371456415952723e-17,-1.237310567943821e-16,-1.0522002036633996e-16,-4.9374949674014427e-17,-3.9984166938882543e-16,-1.3204748486057656e-16,2.31236578749662e-16,-4.4609908198164843e-17,2.177932120979575e-16,1.1333766892705316e-16,1.2769224631154096e-16,-7.090136406843121e-16,1.2856549516345165e-17,1.4379696054541655e-16,-1.3394103950521177e-16,2.6395553040051468e-17,-1.049336390796897e-16,5.119261331349609e-18,-1.410250389547356e-17,-1.1145819350612288e-16,1.8071911819836958e-16,1.0918426488202733e-16,-8.998269923210877e-17,-3.046829014523412e-17,1.2008558762681935e-16,1.3737921303025846e-17,-2.5395172384728326e-16,3.08817935639225e-17,1.0168930420689052e-16,9.983232648282391e-17,-2.9878037623256645e-17,1.9898064540463243e-17,-2.572340429319595e-16,-4.6135285764416473e-17,1.9189523253325053e-16,-1.3917110898040507e-16,7.438793194743305e-17,-2.3356165810722183e-16,-9.871801449004247e-17,4.062108972573283e-17,-1.601918219194749e-16,2.377484990343994e-16,-1.8626568120883185e-16,-2.3030661209624482e-16,-3.2949874794083135e-17,-4.214494564191982e-18,2.249368874095262e-16,-2.1096044951269076e-16,-1.2436026631716745e-16,2.2672092811762627e-16,9.787869948724061e-17,-1.1111466577751528e-16,-9.878242397211435e-18,-4.040812806716689e-17,-1.5828821539395211e-16,6.946805797973818e-18,1.1637088433054874e-16,-2.2036110657103298e-16,-8.446485318770098e-17,-9.636262047626602e-18,-6.602663530322532e-17,2.0270484545916611e-16,-5.863092557406812e-17,-1.423160406989934e-16,8.138538381709228e-18,-5.977235445245169e-17,2.1597353907686993e-16,-9.588431229890906e-17,1.3326823914029334e-17,1.2065752471497045e-16,-1.5697346554165084e-16,3.326063681769831e-16,3.7614840262022966e-17,2.7094511089411226e-17,-8.001830124569053e-17,1.399651562032314e-16,2.939013845062797e-16,-5.2631284666095974e-17,-1.9321389889081014e-16,-3.212830364940855e-16,-2.5920692511957e-16,-1.56674205091055e-16,-1.1351011449655948e-17,-9.463382689299928e-17,-1.600811735915607e-16,-4.998923125076563e-17,7.781102960424541e-17,1.5374575338001682e-16,-2.223344501268507e-16,2.1489232443304343e-17,-2.4352500851018664e-17,-8.17529993269067e-17,-9.012422684174127e-17,-7.783179436696149e-17,8.617051640101387e-17,-8.266049177452876e-17,-7.2032896220902e-17
P(C1CCCCC1)(C2CCCCC2)C3CCCCC3||[K+].[OH-]||O=CN(C)C,P(C1CCCCC1)(C2CCCCC2)C3CCCCC3.[K+].[OH-].O=CN(C)C>>,C_ea4667565b11,P(C1CCCCC1)(C2CCCCC2)C3CCCCC3||[K+].[OH-]||O=CN(C)C,P(C1CCCCC1)(C2CCCCC2)C3CCCCC3,[K+].[OH-],O=CN(C)C,0.8097398838794678,-1.6108233270164571,-1.8244683034723865,-0.03231794708524395,-1.4352060419889698,0.5630227060514404,0.03001218690526216,2.205309231068089,-1.3646949579166308,-0.5762782864827899,-0.21329434806095107,-0.011638395004671436,0.7970543504303804,-0.33391469968084597,0.7065522983797515,-0.8033477138467454,-0.595942259153947,-0.02961397032975137,-0.6183147843372138,-1.8103100804226426e-16,-4.621461147105405e-16,5.428655613512352e-16,-3.140825312155985e-16,-1.5110437670877018e-16,3.6762688094461704e-16,4.466775475911566e-16,-4.819234027426199e-16,-4.052300648398004e-16,1.3253259826977206e-16,2.640154498121682e-17,4.9207604308096764e-17,-6.45745312574016e-17,1.612156824988514e-18,-1.0668993650705083e-16,3.1915476932110147e-16,2.0503780102580092e-16,-1.8333634028316316e-16,1.8963543170608673e-16,3.1315086898318705e-16,3.945825507236597e-17,-1.173195279218737e-16,4.410898229926439e-17,-8.982133797355274e-19,1.1594604372058415e-16,3.548575239117722e-18,-2.1718465110684362e-16,1.4293967613204236e-16,1.2857478778610463e-16,1.3422611969695304e-16,5.828230333657367e-17,5.2434773489335076e-17,1.9184969046679563e-16,-1.5261488373943403e-16,6.104287849999759e-17,-9.124046885981776e-17,-8.843109088441047e-18,-3.884424065438716e-17,1.2356105829963442e-16,3.299176072939642e-16,-3.35268153920147e-17,-1.0176120547185895e-17,-1.3651573581033797e-17,-1.0004480141149752e-16,5.56888226140133e-17,-1.9108645965684475e-16,-9.976973602886081e-17,1.2379805437761452e-16,4.202122051932014e-17,1.520811538617303e-16,9.577649741207696e-17,-1.4227778625116352e-16,-4.270134381858037e-17,-1.1836201468535858e-16,-9.495164129557915e-17,2.229664063664804e-16,-4.597199985090209e-18,-2.0895321993490937e-16,1.8956280788217886e-16,1.0216947732161755e-16,5.622288344455272e-18,-7.420198965909096e-17,2.373722119233757e-17,1.8063711927042585e-16,-3.593989589444792e-17,1.0953568532676655e-16,1.0631565407961107e-18,-1.3279730065697993e-16,-2.124445986826682e-16,-2.4617490704795954e-17,5.393535631254331e-17,1.2283992048173808e-16,8.81878148926419e-17,-1.8559348151258104e-16,3.4513741918268903e-18,-3.524964068936058e-17,-1.9209622989623205e-16,-1.0132097374469974e-16,2.9372468753448434e-17,-1.8594477932554968e-16,-2.4737550634076753e-16,-2.2223536839806207e-16,-7.892677086138188e-17,1.1278539651543167e-16,-4.610776795294951e-17,-2.8432361864997864e-16,1.9511455931364082e-16,-1.0987663272664964e-16,-2.234262401168004e-17,-6.454994121976138e-17,-4.3334594816683854e-17,-4.556003867708836e-17,-1.091669433261248e-16,1.1098178625058411e-16,5.632343577480273e-17,-2.594058402727106e-16,-2.270573348265348e-16,-1.0564853259554535e-16,8.858022088053368e-17,2.9295468517079085e-16,1.931778981093788e-16,-7.930842634012514e-18,2.3898086504528523e-16,-3.560861571259069e-17,1.8442072192197535e-16,3.1841528981084887e-16,-2.5464853036277664e-16,-1.9145480071017214e-16,7.209620886717192e-17
CC1=CC=CC=C1P(C2=CC=CC=C2C)C3=CC=CC=C3C||[K+].[OH-]||O=CN(C)C,CC1=CC=CC=C1P(C2=CC=CC=C2C)C3=CC=CC=C3C.[K+].[OH-].O=CN(C)C>>,C_339ed92c5e36,CC1=CC=CC=C1P(C2=CC=CC=C2C)C3=CC=CC=C3C||[K+].[OH-]||O=CN(C)C,CC1=CC=CC=C1P(C2=CC=CC=C2C)C3=CC=CC=C3C,[K+].[OH-],O=CN(C)C,-0.2636547557625331,0.9915488887997179,-1.8244683034723874,0.3224862210695101,-1.4352060419889667,-0.24540933155649497,0.030012186905261886,-0.5084585430537792,-1.0360040403224668,2.508680959507178,-0.21329434806095146,0.45264748397795984,0.7970543504303774,-0.33391469968084686,0.7065522983797523,-0.5902568205259895,-0.5959422591539466,-0.24296470019919048,-0.6183147843372139,-2.934790897800131e-16,-3.6761762205742244e-16,3.724488726704271e-17,-2.6862521913204047e-16,2.8286068097521206e-17,7.256216784067586e-17,1.1928024041843009e-17,-1.515494793902224e-16,6.165997639387272e-17,3.249126743057161e-16,-3.0423279053274196e-17,-2.5197205133596124e-16,-3.202660358344612e-16,7.87189800670603e-18,-3.365479409923163e-16,9.865851256244499e-17,-3.847122024987513e-16,2.7754208181811e-16,-8.010815256571006e-17,1.5427205409943066e-16,7.602240162507476e-17,-7.0067234607193e-17,5.962840876765994e-17,1.6590866593909072e-16,-1.8937867330728953e-16,-1.7163518059863286e-17,2.3211665832823993e-16,1.1968643092400084e-16,-1.9794331825807488e-16,-2.2347398695168434e-17,-1.6171353194169444e-16,-1.9577306564596712e-17,2.5561259704470504e-16,2.416177513646879e-17,-3.082356518476389e-17,1.40228861437966e-16,9.158414350312249e-17,9.66708172289777e-17,-1.0261203282572689e-16,7.074485155692448e-17,-4.44730805431156e-17,-5.820716511687341e-18,8.087222006593829e-18,9.84857780622133e-18,2.913015927583874e-17,4.210993660597796e-17,3.225989060734905e-17,8.336779458590437e-17,-9.826103794399059e-17,5.860997570954579e-18,1.7257313809300236e-16,-1.6763980746975506e-16,1.2880036218218557e-16,3.0813567497903344e-17,1.595514225348983e-17,-6.005564241527755e-17,-2.336007576757048e-16,3.680453365502028e-17,-1.796111886781136e-16,1.7161299333127512e-16,-1.0716696011065317e-16,2.2129672197931427e-16,1.914093211981e-17,1.5967600271893246e-16,-9.946211373881938e-18,-2.5084770817946503e-17,-3.150096739592114e-16,2.1722363498036155e-17,1.789627474474183e-16,9.363221648831252e-18,1.1511738573979917e-16,3.122749355471768e-17,4.033881987868622e-16,1.4917576367025231e-16,-1.4864182003890458e-16,1.0903255998374142e-16,1.4492330983836562e-16,-9.302116950787e-17,-1.1272608178088345e-16,4.339651623186526e-17,3.7688999741510937e-17,5.417124048997646e-17,1.5452113947890285e-16,9.523250343430473e-17,-2.0900787704139924e-16,-3.4410330848599666e-16,-6.66629196104431e-17,1.4621888765694355e-16,-2.2328353379298592e-17,-8.07117356695772e-17,3.2920312911547144e-17,-1.8275609862511348e-16,8.644518131714347e-17,1.0207972769247141e-16,1.8155356196286045e-17,3.826564008478126e-19,5.818486867974109e-17,2.5331299279384487e-17,7.158108007040273e-17,-8.443233067704251e-18,-2.3112436115170224e-17,1.4064833874145238e-16,1.2844458070690644e-17,3.7311603789820304e-16,-7.78676474463683e-17,3.9262568551609404e-17,7.551483951007581e-17,5.954348727529246e-17,-3.6702464283940637e-17
CCCCP(C12C[C@@H]3C[C@@H](C[C@H](C2)C3)C1)C45C[C@H]6C[C@@H](C5)C[C@@H](C4)C6||[K+].[OH-]||O=CN(C)C,CCCCP(C12C[C@@H]3C[C@@H](C[C@H](C2)C3)C1)C45C[C@H]6C[C@@H](C5)C[C@@H](C4)C6.[K+].[OH-].O=CN(C)C>>,C_0c4566a78458,CCCCP(C12C[C@@H]3C[C@@H](C[C@H](C2)C3)C1)C45C[C@H]6C[C@@H](C5)C[C@@H](C4)C6||[K+].[OH-]||O=CN(C)C,CCCCP(C12C[C@@H]3C[C@@H](C[C@H](C2)C3)C1)C45C[C@H]6C[C@@H](C5)C[C@@H](C4)C6,[K+].[OH-],O=CN(C)C,-0.8853811771272793,-3.1922335638057366,-1.8244683034723852,2.7128391219197563,-1.4352060419889698,0.49119929761613956,0.030012186905262486,-0.9806476207765289,0.5753078969520413,0.06697642453299663,-0.21329434806095085,-0.3555490753194919,0.7970543504303806,-0.3339146996808472,0.7065522983797519,-0.006961552994128104,-0.5959422591539465,0.03706496796135568,-0.6183147843372139,4.761944145175875e-17,-3.4932256340042014e-16,-8.317931863295271e-16,-6.506049932932897e-16,1.447500850406233e-15,5.111187329811953e-16,-6.471285965874495e-17,1.8873783038046314e-16,-3.4318596708412835e-16,2.470490619330811e-17,1.1346478370928645e-16,-5.591319377881652e-17,-3.014143010256511e-16,-1.8361082401332334e-16,-3.388254027130818e-16,-8.028763934947254e-17,3.93058751818954e-16,-3.1536607081670415e-16,-1.742755141650936e-16,3.669323346094674e-17,2.369590426809435e-16,8.929155901159656e-17,-8.963377409624452e-17,3.35126143497293e-17,-2.4258846889654797e-16,1.7813805015959448e-16,-1.3193420337000747e-16,-7.583404415599648e-17,-1.3321188839851418e-16,1.1354040063072937e-16,9.951995924629209e-17,-2.1165076808331073e-16,-4.7341204962709603e-17,4.8201236123835275e-16,1.9336236302455246e-16,-1.1496585579888243e-16,4.467400508043215e-17,1.900060809726562e-17,-5.335598922134903e-17,-1.8469907009216345e-16,-3.3648357031442533e-17,7.896670240980371e-17,2.3306782853505637e-17,-2.2982215203131065e-17,1.8249276994118875e-16,5.430283763013918e-18,-4.0961683253623256e-17,1.2965189594085288e-16,4.374922910858341e-17,-7.010410232949627e-17,5.2534784182055594e-17,-6.999960533101625e-17,-8.305284748672903e-18,4.49473440775549e-17,8.231018759963526e-17,-1.7125949463544284e-17,3.488909964160347e-17,7.650954653383261e-17,1.0653782829539753e-16,6.335339965796379e-17,-1.7027424657066395e-16,-1.5159066889964728e-16,3.1835206695609274e-17,1.2152507259677743e-16,2.2546876735488886e-16,-1.979724850352729e-16,1.6305501928650555e-16,-6.426369444342127e-17,-3.292356295454448e-17,1.8857500761569137e-16,5.1057567235478395e-17,2.1067223786229624e-17,-6.107711024840384e-17,-4.4385711451496375e-17,-2.978459279457375e-17,1.6989027214320476e-16,1.5623900342550503e-16,9.013730875752711e-17,3.120374725181098e-17,9.384985668749415e-17,-3.96731655985043e-17,2.2799139875987824e-17,-6.797982283057699e-17,-1.885192786792388e-17,-1.1198310473824067e-16,-3.1081219706964666e-16,8.104680423244465e-17,1.5363513630884904e-17,1.3966584188850653e-16,5.4902950791288367e-17,3.859665252460671e-17,5.201145775438129e-17,2.238380973432676e-16,-1.7527554064649801e-16,-4.814531636139908e-17,2.843070563166995e-16,1.5246963624066842e-16,1.5586014551365221e-16,-1.1575681391322337e-16,3.93706949283378e-17,3.682100944394422e-17,3.725178243756555e-17,9.824542808042232e-17,1.3528790206420332e-16,-1.3394298004772162e-16,1.4277752076278457e-16,-8.267789121846162e-17,4.717963789367029e-17,-1.7810006394804167e-16
COC1=CC=CC(OC)=C1C2=C(P(C3CCCCC3)C4CCCCC4)C=CC=C2||[K+].[OH-]||O=CN(C)C,COC1=CC=CC(OC)=C1C2=C(P(C3CCCCC3)C4CCCCC4)C=CC=C2.[K+].[OH-].O=CN(C)C>>,C_b0453ef0b22b,COC1=CC=CC(OC)=C1C2=C(P(C3CCCCC3)C4CCCCC4)C=CC=C2||[K+].[OH-]||O=CN(C)C,COC1=CC=CC(OC)=C1C2=C(P(C3CCCCC3)C4CCCCC4)C=CC=C2,[K+].[OH-],O=CN(C)C,3.697093256973161,0.21873148620968047,-1.824468303472387,-0.16998697856093634,-1.4352060419889685,-0.13753115125334997,0.030012186905263385,1.02550470799479,1.955111693998353,0.8801350735997566,-0.2132943480609503,-0.39711254278881153,0.7970543504303805,-0.3339146996808476,0.706552298379753,0.2550985408775026,-0.5959422591539468,0.026042369234240175,-0.6183147843372139,5.4543915945771156e-17,-2.863704359953962e-16,8.18401791620573e-17,1.441291787932655e-16,7.373152841095155e-16,-2.8587297732129926e-17,-4.014018278925833e-16,1.5389477914232119e-16,-1.5461170738212443e-18,-4.726225123773704e-16,6.711875564042831e-16,3.0501142155929416e-16,2.6553664700247986e-16,2.050941999813121e-17,2.2928663051693955e-16,3.195340637105642e-16,-1.6394758922580966e-16,4.75653005177926e-18,7.741265550401421e-16,-2.601327061337281e-16,7.772577149114579e-17,-2.238295184410702e-16,2.07968729635463e-16,3.7129277909932073e-16,1.330294095375388e-16,-2.3960497570458722e-17,-2.6586440122888337e-16,9.012944795890189e-19,1.3091014909200876e-16,5.255257829234607e-17,-1.475855001170695e-16,-3.821311749312653e-17,-2.9222570997140355e-16,4.718237593824197e-17,-6.550804321144391e-17,-4.076873257365042e-17,1.3863722179784847e-16,1.5374460259132834e-16,-8.306310623380443e-17,-2.1662545919641709e-16,2.422940263244669e-16,8.888286679418473e-17,1.9956998194266542e-16,5.325538565251171e-17,-1.7389397292757407e-16,5.208901326367667e-17,-1.2727373048322408e-16,1.8301902308497036e-16,-9.264072915765051e-17,-3.931622005910742e-17,1.193215327085743e-16,2.3893292806634507e-16,1.7104474769127818e-16,2.3890313449413197e-16,-1.321941063438022e-16,3.1189137414945025e-16,-9.372207597057538e-17,-6.732249987113795e-17,-1.934919652465524e-16,5.275008032260806e-17,2.9521100878141134e-17,1.1724243589525e-16,1.018163332915239e-16,1.7098756547596696e-16,-1.1869071407996304e-16,-8.885997360176591e-17,1.4277753309420124e-16,-1.3483146709108418e-17,3.543762056724874e-17,1.6790551159384975e-17,-2.3332140095917223e-16,-1.087198051368695e-16,5.569577417786696e-17,-1.0261795422098546e-16,-9.974532557643317e-17,7.102019719153517e-17,-2.6377389653331346e-16,8.681556326857939e-17,7.374120855346153e-18,1.477900310527343e-16,-3.0215823194732197e-16,-2.314560290970174e-16,1.558203720504518e-16,1.7581572236627873e-16,-7.494356987216976e-17,3.968600220521179e-17,2.179403979298761e-16,-1.2200147187601908e-16,1.2555997201807278e-17,1.6109430292465392e-16,2.6438176449816917e-17,2.0956667023619554e-16,-1.4787262069903905e-16,7.920323637557706e-17,4.4223752315709464e-18,-4.607614109558067e-17,6.450113689241198e-17,-6.48166240643048e-17,-7.034722601534659e-17,2.5838365538828143e-16,5.738512911757248e-17,1.0423653802264398e-16,-1.3008810857149252e-16,7.780946332123486e-17,1.8946661397999799e-16,-1.3255957381401257e-16,2.9258955737209377e-16,-3.307787987260371e-16,-7.263233088547708e-17
CC(C)(P(C(C)(C)C)[c-]1cccc1)C.CC(C)(P(C(C)(C)C)[c-]2cccc2)C.[Fe+2]||[K+].[OH-]||O=CN(C)C,CC(C)(P(C(C)(C)C)[c-]1cccc1)C.CC(C)(P(C(C)(C)C)[c-]2cccc2)C.[Fe+2].[K+].[OH-].O=CN(C)C>>,C_23fffd820419,CC(C)(P(C(C)(C)C)[c-]1cccc1)C.CC(C)(P(C(C)(C)C)[c-]2cccc2)C.[Fe+2]||[K+].[OH-]||O=CN(C)C,CC(C)(P(C(C)(C)C)[c-]1cccc1)C.CC(C)(P(C(C)(C)C)[c-]2cccc2)C.[Fe+2],[K+].[OH-],O=CN(C)C,-1.56781664669475,-0.5445544539407906,-1.8244683034723876,-1.8306686961429988,-1.4352060419889667,1.1506141613685539,0.030012186905264512,-0.341744880418536,0.9228435721645202,-0.12806008460238105,-0.21329434806095174,1.7193547786868184,0.7970543504303725,-0.33391469968084564,0.7065522983797508,-0.3755240042558054,-0.595942259153947,0.6986574594526092,-0.6183147843372139,1.582616233083722e-16,-5.185161328139584e-16,4.0728679448403635e-16,-2.7780938189326946e-16,-2.0930425462077232e-16,5.054745711372707e-16,-1.8948693866085892e-16,-2.5179057630824775e-16,-2.5014082597875885e-18,6.20464836093102e-16,5.98630381286398e-16,-3.062980829735676e-16,-2.462010662702044e-16,3.314155322334766e-16,3.037021483800774e-16,-1.811727275701284e-16,-1.9269978318364256e-16,1.2992178469460965e-17,-1.9621252525919764e-17,-2.48867138821198e-16,1.6717264651142003e-16,-3.0642922615853204e-16,6.321208718516321e-17,-1.1199837931916175e-16,-2.32471465893318e-17,2.8633227176490085e-17,2.158466065381986e-17,-5.990954498150818e-17,1.6955573287109998e-16,-6.748076679379241e-17,-2.1320545074211283e-16,4.279611007616615e-17,-1.150386462659665e-16,1.2131529832447958e-16,-3.1285935265831096e-16,-7.949150740711922e-17,1.0256211268925113e-16,9.967757073947069e-18,1.0905422237631676e-16,8.401073983508537e-17,-6.539259759240388e-17,1.436978285613075e-16,3.825136081930837e-17,-1.5795109938286177e-16,3.37638824677039e-17,7.6400875830679e-17,3.989956596112444e-18,-2.857754285799508e-17,1.3029270859059998e-16,-1.1461721112127853e-17,1.0207059686397764e-16,-2.2983702128968557e-16,2.729832623613142e-17,7.131167495989001e-17,9.484773756976451e-17,-7.500282303490081e-17,-1.1451373111827933e-17,9.066045988262402e-17,8.624998139962255e-17,-1.273592548556129e-16,-6.236499480130425e-17,1.294696230130404e-16,1.249627028525303e-16,7.685673672928492e-17,-1.4318063382993577e-16,1.180370347174824e-16,-8.062073465641673e-17,-4.934325653435525e-17,-2.357952356678043e-16,-9.670731609707563e-17,-1.6109567398020434e-17,-1.1878197319487283e-16,4.107942736733092e-17,-9.234693792707689e-17,-1.735295807409595e-16,1.4876565907299813e-16,8.422026633116847e-17,1.597454511060093e-16,1.552198213686047e-17,2.1789581218234994e-17,-1.2291547866083395e-16,-8.006018364950476e-17,-7.252426643855589e-17,-8.693819398006951e-17,-6.576934345983097e-17,2.517654475645114e-16,2.0742961754290814e-16,-2.635733132047013e-16,2.5460438270037425e-16,3.492318748241285e-17,2.5000966097352827e-16,5.43205435235037e-17,-1.5125117999456273e-16,-1.8954893761367048e-16,-2.6524409677293756e-17,1.0906393553793775e-16,4.281738417180534e-17,5.490812520666694e-18,-2.2013897916932116e-16,8.887101191674964e-17,2.1148339995588477e-16,-1.03966158951995e-16,3.084623255679724e-17,1.8172296983528136e-16,9.810965839933469e-17,-3.0999293739299107e-16,2.393220063614262e-16,5.836460949832705e-17,7.618486395832912e-17
CC(C1=C(C2=CC=CC=C2P(C3CCCCC3)C4CCCCC4)C(C(C)C)=CC(C(C)C)=C1)C||[K+].[OH-]||O=CN(C)C,CC(C1=C(C2=CC=CC=C2P(C3CCCCC3)C4CCCCC4)C(C(C)C)=CC(C(C)C)=C1)C.[K+].[OH-].O=CN(C)C>>,C_ec4db596ae9b,CC(C1=C(C2=CC=CC=C2P(C3CCCCC3)C4CCCCC4)C(C(C)C)=CC(C(C)C)=C1)C||[K+].[OH-]||O=CN(C)C,CC(C1=C(C2=CC=CC=C2P(C3CCCCC3)C4CCCCC4)C(C(C)C)=CC(C(C)C)=C1)C,[K+].[OH-],O=CN(C)C,4.0952142922541555,0.06059900161018991,-1.8244683034723883,-0.5208425618983292,-1.4352060419889685,-0.11150016598743187,0.03001218690526218,-1.7351649042204016,-1.0409822672107303,-1.0072610296413134,-0.21329434806095113,0.3127331155945704,0.7970543504303784,-0.33391469968084625,0.706552298379752,0.08800205000734826,-0.5959422591539468,-0.0017897580635642216,-0.618314784337214,-5.74965685250565e-16,-5.800084378138668e-16,-1.4749568173754751e-16,3.944242887061222e-17,3.914832243226704e-16,-1.6899890334847775e-16,2.84193693810178e-16,-7.982782908215847e-16,3.373087672269701e-16,1.4121435857150243e-16,-2.3775907971305777e-19,-1.2216074363232674e-16,-3.2700393066766463e-16,-5.852220317896747e-16,-2.938846581929522e-16,3.1783876882056403e-16,3.949794533766489e-16,9.275661804549144e-17,1.5559306518458977e-16,2.855326230001974e-16,-1.139955568221306e-16,-9.308665567514749e-17,1.853327987139222e-18,-6.5247150589138365e-18,-1.2623641188867265e-16,-1.3564034127280255e-16,1.0794444231689011e-16,-3.7211787975793296e-16,2.808787705283252e-17,-9.088300092941547e-17,-1.058335637444589e-16,-4.3855553029294457e-17,1.7236331951171827e-16,-1.862985772742986e-16,-6.492801538974012e-18,-2.328608254002425e-16,-1.4175978324655323e-16,1.8214124004434176e-16,2.408503049462059e-17,1.4116779004004405e-16,5.4789491730958946e-17,3.613946373759897e-17,5.2784762837404484e-17,4.710258042736144e-17,-1.0990873318876651e-16,-1.0466413965902014e-16,-6.495019332440832e-17,1.005180097966205e-16,2.6029244312434078e-17,1.0959380265858451e-16,-5.814500625001657e-17,-6.859980899796111e-17,-1.9534407162875665e-17,-1.1899141372612086e-16,-9.098238191767867e-17,1.6595094130675575e-17,-1.5163113002193024e-16,1.3212815241841721e-16,-7.067336327535725e-17,-1.114451946476158e-16,-1.1899421029989476e-16,3.820477451911848e-17,-2.5452362241608718e-17,1.9186427316995227e-16,4.720243228388119e-17,-1.8880471533838745e-16,3.186781460269142e-18,1.2141929998441057e-16,5.517731525491142e-17,2.3892214442885667e-16,-6.467067560294908e-17,-1.7852205112314645e-16,-1.9422595860117034e-16,1.1254296985841644e-16,-2.8085592617380595e-17,3.148967759147601e-17,1.3356289687251644e-16,7.044161793441102e-17,-8.851937383143141e-17,4.5307594502497344e-17,-4.23386622206942e-17,-7.04687020750963e-17,-1.209864967414364e-16,-9.96728525629962e-17,9.572775729976562e-17,8.943509787044894e-18,6.59026361236185e-17,-1.8954485251134348e-17,3.529898026469885e-17,-1.7172460469321369e-16,-9.316289478923992e-17,8.125272723409661e-17,8.464853195438504e-18,-1.4342241852082824e-16,4.377100896099451e-17,3.134091635061494e-16,5.407989757442125e-18,7.585187023212249e-17,2.7405773124934714e-16,2.8060609764209554e-16,-1.4711680150630105e-16,1.617149721887816e-16,6.401005444982283e-17,1.4167411786662835e-16,1.078409412338916e-16,2.650271930745438e-16,4.8489785981290595e-17,1.1650237984180537e-16,-8.519262064409819e-17
[c-]1(P(C2=CC=CC=C2)C3=CC=CC=C3)cccc1.[c-]4(P(C5=CC=CC=C5)C6=CC=CC=C6)cccc4.[Fe+2]||[K+].[OH-]||O=CN(C)C,[c-]1(P(C2=CC=CC=C2)C3=CC=CC=C3)cccc1.[c-]4(P(C5=CC=CC=C5)C6=CC=CC=C6)cccc4.[Fe+2].[K+].[OH-].O=CN(C)C>>,C_c882aa3ff120,[c-]1(P(C2=CC=CC=C2)C3=CC=CC=C3)cccc1.[c-]4(P(C5=CC=CC=C5)C6=CC=CC=C6)cccc4.[Fe+2]||[K+].[OH-]||O=CN(C)C,[c-]1(P(C2=CC=CC=C2)C3=CC=CC=C3)cccc1.[c-]4(P(C5=CC=CC=C5)C6=CC=CC=C6)cccc4.[Fe+2],[K+].[OH-],O=CN(C)C,-1.3841208155545002,1.1338119037417687,-1.8244683034723892,-1.1785704697655899,-1.4352060419889685,2.026491491577695,0.03001218690526116,-0.48760632931331427,0.325242598729469,-0.3701586543025701,-0.2132943480609503,-1.4860818817801962,0.797054350430385,-0.33391469968084747,0.7065522983797521,-0.267529735544833,-0.5959422591539463,-0.7958149782613763,-0.6183147843372139,-2.138884323088741e-15,-3.8493807281331706e-16,-4.509689275082668e-16,2.3054417881256607e-16,-6.476895573855944e-16,2.5957704954938254e-16,5.541788607176476e-16,-1.3632700942598969e-16,-3.3579316750074096e-17,8.006545873127071e-17,6.252251328595942e-16,-2.2949009191964924e-18,1.2438612737538995e-16,-9.494870149882065e-17,-2.5762947525335235e-16,2.682980428538862e-16,-2.1874186427428336e-16,7.721396520469319e-17,1.3306148184632155e-17,7.92103192625222e-17,6.200091203928683e-18,-6.641142479762642e-18,-3.492223648720153e-16,-3.4432208625944775e-16,1.6257130835719964e-16,-7.642623674023977e-17,1.5385017759474391e-16,3.085567329075478e-16,-6.901991982743687e-17,1.7395526453779157e-16,9.587824214556743e-17,8.281120094116915e-17,2.255827344565622e-16,-6.063957252517759e-17,-6.98131770331808e-17,6.561918669660084e-17,-2.764094793908011e-16,3.548822959257898e-17,-7.666474461701965e-17,-1.461870164826021e-16,1.1646788024247248e-16,-2.5813222754228355e-16,7.632304502421316e-17,8.213370343299987e-17,1.5847051053223104e-16,4.133738115771202e-16,2.000688995363642e-17,-7.077478272819847e-17,-1.2117985704174895e-16,-1.7512214730805085e-16,-3.950468506668515e-17,2.2908019104781104e-16,-2.5064286867902895e-17,-5.007680085127614e-17,2.6164309512662638e-17,-1.7324567771063542e-16,1.368325115002936e-16,3.7072946020881005e-18,-1.7764862659244486e-17,-3.8547910167080745e-17,2.8604878427387446e-17,-1.1418612927945198e-16,-1.3369482222083004e-17,3.382475314890953e-17,5.228080085090513e-17,-8.233927818480022e-17,-1.020936166209982e-16,-1.5873232986029753e-16,2.2690464450891205e-16,-9.534360893777069e-17,-1.2860356328249913e-17,-9.435167452839882e-17,-4.965597564161535e-18,1.2669515834133056e-16,1.4486515254104693e-16,2.6020549456361534e-17,1.5831414569323738e-16,1.1299167004078537e-16,-1.5178916385266007e-16,1.545944226916187e-16,-1.8838618213369356e-16,-6.292698368523352e-17,-1.8779527093814911e-16,-4.459376321847411e-17,-2.1774511932829118e-16,5.73747175962939e-17,1.7235170360010392e-16,-8.866526679326071e-17,7.521937378256985e-17,2.071734999093651e-18,-3.6996234612565977e-17,3.490431371114395e-16,-1.5882714334208486e-17,2.15285897109927e-16,4.510627559355943e-17,1.6043775358613652e-16,6.427604759082681e-17,1.6866453874875342e-17,1.3288198814812838e-16,-1.2066665597559348e-16,-2.871470743469005e-16,-7.39722432189007e-17,-3.0244863857947294e-17,-1.48618175260606e-16,2.0450840298317912e-17,-1.2415032223109033e-16,1.6682553877066382e-16,-8.296378617236733e-17,-3.009710376214067e-16
CC1(C)C2=C(OC3=C1C=CC=C3P(C4=CC=CC=C4)C5=CC=CC=C5)C(P(C6=CC=CC=C6)C7=CC=CC=C7)=CC=C2||[K+].[OH-]||O=CN(C)C,CC1(C)C2=C(OC3=C1C=CC=C3P(C4=CC=CC=C4)C5=CC=CC=C5)C(P(C6=CC=CC=C6)C7=CC=CC=C7)=CC=C2.[K+].[OH-].O=CN(C)C>>,C_7391324c6df5,CC1(C)C2=C(OC3=C1C=CC=C3P(C4=CC=CC=C4)C5=CC=CC=C5)C(P(C6=CC=CC=C6)C7=CC=CC=C7)=CC=C2||[K+].[OH-]||O=CN(C)C,CC1(C)C2=C(OC3=C1C=CC=C3P(C4=CC=CC=C4)C5=CC=CC=C5)C(P(C6=CC=CC=C6)C7=CC=CC=C7)=CC=C2,[K+].[OH-],O=CN(C)C,-0.7608527313618176,3.057345820275927,-1.824468303472387,2.340206537654115,-1.43520604198897,-0.5112817700760025,0.030012186905263423,0.355928425757104,0.45010996213631066,-1.1207264892083715,-0.2132943480609512,0.8357285648736809,0.7970543504303763,-0.33391469968084597,0.7065522983797515,-0.341918612289646,-0.5959422591539468,-0.1612780287982514,-0.618314784337214,-6.376802746989122e-16,1.2579420921171755e-16,-3.6294683381084306e-16,-1.8461199782431057e-16,5.302224412611091e-16,-5.488171156351213e-16,-1.9446923906057084e-16,2.1890735156913499e-16,-1.3938697499859648e-16,1.9231399305438582e-16,2.223106894522972e-16,-1.0465918567046328e-16,1.5470372961070727e-16,3.527771345905104e-16,2.322818318939207e-16,-4.83070617015506e-16,1.7630437864806662e-16,-1.3479390365051106e-16,-1.1158380796490868e-16,-4.559215576821708e-17,1.5656609411950618e-16,-1.6936058188210086e-16,4.5658042213316613e-17,1.2399715168320793e-16,-2.5005396428966943e-17,-6.077931701738498e-17,-1.739376453970212e-16,-8.430139626273163e-17,2.437137846453226e-16,1.8391957395383837e-16,1.9600616277199284e-16,1.0423590670313359e-16,4.341419980504109e-17,1.6617745336263667e-16,1.456276312911604e-17,2.927725092616185e-16,-2.6409852958668893e-17,-5.141125748050091e-17,7.901938850364708e-17,2.362820689140559e-16,-1.949497691320197e-16,-1.3112697117278151e-16,-3.007305889159049e-17,2.0923631344810904e-16,1.6870220094193286e-16,5.761476697181599e-18,-1.65554801484263e-16,2.445194913754927e-16,1.016483398575333e-16,-4.6523818382645126e-17,3.639542534340798e-17,-2.465433757340628e-16,-1.0943389325865897e-17,-1.929455330399559e-16,-9.521996030449372e-17,2.5048564827771884e-16,2.1561349483105398e-16,-1.5522472603043257e-16,-4.9143759008305894e-17,4.5693430323250937e-17,1.5724434135302306e-16,-1.1998612232594148e-16,6.563042259157306e-17,7.347552299093698e-17,-9.870269745403205e-18,6.136574102901844e-18,-1.9572065123161575e-16,6.038570602665884e-17,-5.784820947424347e-17,9.165355166419476e-18,1.64634811438664e-17,-9.982050484371749e-17,2.2783872639590106e-16,9.834162918878482e-17,3.055532090112489e-16,4.7933529990404317e-17,6.290283258078678e-17,3.852917786679963e-18,-3.581179982802661e-17,-7.386474726840189e-17,2.8438647174049394e-17,6.250494012060959e-17,1.908524352162694e-16,-7.717721761934648e-17,5.064440568353948e-18,7.73604528974682e-17,-2.0663218405869926e-16,-2.9778773406546677e-16,-1.5199146517301602e-16,1.3742436807343026e-16,-1.1260711371138336e-16,-1.2597737970061176e-16,-1.2873532301629194e-16,1.6283992007036084e-18,-1.0750387075379514e-16,-6.027344624523948e-17,1.0761985957419671e-16,-1.9384025310911243e-17,-6.85513396864131e-17,1.1800928210843597e-16,-1.2239151976209654e-16,-1.021995548459091e-16,1.3187304280592192e-16,1.4384585403136392e-16,-3.41885265373475e-17,-3.988412743215034e-17,2.9374228714857334e-18,-1.412440234721186e-16,-8.984846305987443e-17
CC(P(C(C)(C)C)C(C)(C)C)(C)C||CC([O-])C.[Li+]||O=CN(C)C,CC(P(C(C)(C)C)C(C)(C)C)(C)C.CC([O-])C.[Li+].O=CN(C)C>>,C_ace9b2401029,CC(P(C(C)(C)C)C(C)(C)C)(C)C||CC([O-])C.[Li+]||O=CN(C)C,CC(P(C(C)(C)C)C(C)(C)C)(C)C,CC([O-])C.[Li+],O=CN(C)C,-1.224289551208006,-0.6982614233068852,-1.8244683034723892,-0.5409122448896081,-1.4352060419889683,-0.4809328274603502,-0.3635612569338073,0.5164120737207378,-0.357968074246548,-0.004776469817939513,2.1599631646188233,0.8719731108561631,-0.6309044911658572,-0.3339146996808346,-0.026314266263407063,1.6703602962318331,-0.08787068466353846,-0.7970487546071365,-0.003130142832100153,-2.5813244502588363e-16,4.6671912686548e-16,-1.444732809843107e-16,-2.7089105021392306e-16,-4.943258802612488e-16,-2.9774528680339925e-16,-3.722323799067584e-16,-6.019327454867435e-17,2.6439472311149113e-16,-7.467266186887302e-17,1.6030682555750744e-16,-4.40571194167839e-16,-3.0171460534067647e-16,1.9734308807025865e-16,-3.3362621097381205e-17,-3.2922300379572455e-16,2.2679856835212165e-16,5.185323777023935e-16,1.4907051471464703e-16,-2.299614541843201e-16,-3.5141936825508024e-17,-2.3085865520730704e-16,-3.561485412271418e-16,-1.1430564274407447e-16,4.1769944673708847e-17,-3.5555940107641404e-17,2.180532901212898e-16,1.9071819327753774e-16,-1.5422880552147908e-16,2.8345452439345033e-17,2.945484543201374e-17,-1.7813726567883504e-16,-2.526510750023525e-16,-2.342369880895738e-16,4.6322976490589366e-18,-2.479652090282413e-17,3.567626740840554e-17,-2.8632524735990637e-17,1.3175490254840564e-16,1.8655837383350844e-16,3.140634365312387e-16,-7.913632473849716e-17,1.1510659841964168e-16,-1.3131376039563231e-17,1.7660771279892643e-16,1.9131675186574406e-16,-5.0458202666355266e-17,1.0469293859820644e-16,5.3486657921715326e-17,2.0342326124275802e-16,-1.6509762175808341e-16,7.920049105688511e-17,1.5881830499685116e-16,3.550468469561985e-17,-9.311785028281731e-18,-7.592651980258039e-17,-2.2874938280850637e-16,-4.244201643144227e-17,3.7578849751159315e-17,1.0911145409210775e-16,-7.082210630607163e-17,-1.5911416980588445e-16,-6.0555615983899845e-18,2.7562749514971414e-17,3.48766635221185e-17,-1.3599531716422959e-16,-4.4266792506494625e-17,1.1567466629257417e-16,-8.213624936906201e-17,1.3902053936860765e-16,4.0015639754068456e-17,1.134968142215428e-16,1.0612191977406275e-16,4.339781256475973e-19,-7.241303771446272e-18,3.399808276176572e-17,-1.0128644632333625e-16,1.0867538311557976e-16,2.581217180401666e-16,3.847120755839452e-17,-4.364787875266921e-17,1.2701886141175324e-16,-9.491737777149243e-17,1.6308550049954399e-18,-1.1504390721916431e-16,-1.5844249368188601e-16,2.6612743856675783e-16,-1.3396523287798737e-16,-7.28888627588639e-18,-1.2261943114190953e-17,5.967008127348347e-17,7.459938766419347e-18,1.10729645291713e-16,-4.9042030383533987e-17,-6.872990778824599e-18,-3.2183710544575754e-16,4.10263792042737e-17,1.9921739690832475e-16,-2.4411787382965927e-16,-1.3131974371081896e-16,-3.5787996200865634e-17,5.2150204887207504e-17,-1.672505435035582e-16,1.4473883027124112e-17,-9.071269649941405e-17,-1.4635995604752202e-16,-4.447692403442306e-16,-1.2640010490154168e-16,-1.4536305668222993e-17
P(C1=CC=CC=C1)(C2=CC=CC=C2)C3=CC=CC=C3||CC([O-])C.[Li+]||O=CN(C)C,P(C1=CC=CC=C1)(C2=CC=CC=C2)C3=CC=CC=C3.CC([O-])C.[Li+].O=CN(C)C>>,C_580d106e181f,P(C1=CC=CC=C1)(C2=CC=CC=C2)C3=CC=CC=C3||CC([O-])C.[Li+]||O=CN(C)C,P(C1=CC=CC=C1)(C2=CC=CC=C2)C3=CC=CC=C3,CC([O-])C.[Li+],O=CN(C)C,-0.9376336432096942,1.2345744235185014,-1.8244683034723888,0.2368490684074834,-1.4352060419889692,0.27863967790261535,-0.36356125693380914,0.2194992933003437,-0.7800009929116308,0.14740606941524675,2.1599631646188233,-1.1263128578207346,-0.6309044911658491,-0.3339146996808347,-0.026314266263406272,0.9338159119711464,-0.08787068466353971,1.246242212634961,-0.0031301428321001594,1.04495927193337e-15,-8.466987151951116e-16,-4.764732423195567e-16,2.917704538355153e-16,-3.055801887374821e-16,7.428505791618915e-16,1.501428783642697e-17,5.309652414227641e-16,-1.4858592915287672e-16,2.3667638154418585e-16,4.624146448248339e-16,-3.6690641009935396e-16,3.3011693278126065e-16,-1.696541619575463e-16,-1.1890467749399227e-16,1.5453505903799608e-16,7.962719596475435e-17,-5.189977444422311e-16,-1.1251940406382963e-17,-8.312944970237207e-17,-1.6357278265595933e-16,1.7969901130129149e-16,1.3059657036362025e-16,-5.90568341708321e-17,1.2271042769931263e-16,-9.941207926007267e-17,2.1731423295699365e-17,-1.272571426791185e-16,-1.0824473617449693e-17,2.8367070336576647e-16,-7.22226901637722e-17,-8.787581044702448e-18,2.573599537884622e-16,-9.189130578375586e-18,1.565778961583496e-16,8.096327932154173e-17,2.010146059637373e-16,3.6176231259689634e-16,-9.394300630562966e-19,-1.3461075487402973e-16,-1.6180770181695042e-16,-2.5627545948115508e-17,-1.0189877329700094e-16,1.21621601683399e-17,1.1750018996828506e-16,-3.502668866682899e-18,1.6069222060387181e-16,-1.4133300644543822e-16,2.2506509502037073e-16,-4.9131386154321396e-17,-1.1586729036455385e-17,-2.078229819876121e-16,-7.6285547266568e-17,5.918441542866774e-17,-2.0317829114587245e-16,-1.239377853774543e-16,-1.2165665920480373e-16,4.439573852832423e-17,-8.251598978820134e-17,-1.9072412253471503e-16,-1.7784985959069502e-17,-3.0527543104086526e-17,-3.217207116436036e-17,-2.223977606157683e-16,3.707995752076975e-16,1.0041245774813694e-16,2.859275357327387e-18,-1.5349329310611238e-16,2.23505956602408e-16,9.128243680531084e-17,-1.1279974567029474e-16,2.156781115474307e-16,1.505102018155883e-16,-5.452310435929912e-17,8.636358313965266e-17,-1.8351245752837096e-16,2.608104696421369e-16,2.6515075521004605e-17,-1.5451151213594853e-16,-1.8251731384349382e-17,-1.8080988651307687e-16,4.2408326058747996e-17,6.16549049767445e-17,4.4628222249598696e-17,1.9973572823487134e-16,5.580135787975906e-17,1.5370534516956216e-16,-1.674277320862836e-16,-2.0945876106309312e-16,-6.198280155913843e-17,1.3388443260170393e-16,8.196062697560702e-17,1.2957490008635116e-16,1.3948033073964571e-16,9.59677450689809e-18,-2.7272561543461734e-16,1.0821275975506127e-16,-1.1954438437445149e-16,-6.378213620096597e-17,1.0532954898597784e-16,9.180803075750954e-17,-7.09474667862217e-17,-3.732719830136354e-16,1.3324787905234024e-16,-1.7005393772623133e-16,-1.8435878452870296e-16,-7.669675603564946e-17,2.3697434647489413e-16,-1.7088787663489287e-16
CC(C)(C)P(C(C)(C)C)C1=CC=C(N(C)C)C=C1||CC([O-])C.[Li+]||O=CN(C)C,CC(C)(C)P(C(C)(C)C)C1=CC=C(N(C)C)C=C1.CC([O-])C.[Li+].O=CN(C)C>>,C_d23729a3aa70,CC(C)(C)P(C(C)(C)C)C1=CC=C(N(C)C)C=C1||CC([O-])C.[Li+]||O=CN(C)C,CC(C)(C)P(C(C)(C)C)C1=CC=C(N(C)C)C=C1,CC([O-])C.[Li+],O=CN(C)C,-1.5782981121882067,-0.6507387560859167,-1.8244683034723892,-1.3390820507081516,-1.43520604198897,-3.023312088182808,-0.3635612569338083,-0.2690314540585116,0.35103460862731467,-0.3959375129998083,2.159963164618824,-0.8157423012752576,-0.6309044911658508,-0.3339146996808346,-0.026314266263407667,-0.5617383596306832,-0.08787068466353938,0.020503180976102597,-0.0031301428321002084,1.0897612957464266e-15,-4.3524730103710647e-16,-6.119007672623941e-16,-1.6630836382986988e-16,4.613178215729511e-16,1.771967685638706e-16,-3.821849250236747e-16,4.4023024587843814e-16,4.368380062467015e-16,2.731466035894194e-16,1.433052734949898e-17,-2.0905380157079083e-16,1.404860525201588e-16,1.5405282590414984e-16,6.183232122098741e-17,-3.575131920056333e-16,2.7151800657379776e-17,-1.9981253243062513e-16,-8.144301716877753e-17,-7.999595419223379e-17,9.253784074178774e-17,-7.475757882284147e-17,-3.405230542771076e-17,-2.274261028438519e-16,2.106860867361436e-16,-9.590094853342026e-17,-3.2703424550234543e-16,2.0185587875790998e-16,8.937070836946925e-17,6.279622926744516e-17,-2.6017667124489075e-17,-4.773471546006043e-17,-1.8562669761721864e-16,-3.8261122382837446e-16,9.236116220276426e-17,1.5330641565060818e-16,5.946934229840142e-17,4.8653893453546757e-17,-1.8461230915027925e-16,-4.73019613229947e-17,1.364268683897645e-16,-3.3776700931186845e-17,2.9774741472414e-17,-5.720028914429252e-17,-1.196572816907394e-16,6.074825912455384e-17,-3.396522902882269e-17,6.235822497093403e-17,-1.3246861627773636e-16,1.132056565251858e-16,6.196985356257755e-17,-9.310667146170341e-17,1.8573740295863272e-16,5.0744798417520007e-17,-2.244037383706835e-18,-1.0349303521515168e-16,1.379166908302108e-16,-1.9664053303176345e-16,-2.1726605808997263e-17,2.9738336526794936e-17,-1.5920980420147909e-16,-1.3368481426680337e-16,-1.3408515678793757e-16,1.0887875940641764e-16,-1.6396031395673436e-16,-1.2312266679879725e-17,1.0803310822978875e-16,-8.791887212864054e-17,-3.205943602546733e-16,-5.539657989041714e-17,-4.3102464084605664e-17,-3.693441113841497e-17,-8.31181987493198e-17,-1.3696554794241937e-16,2.163256653301149e-16,8.5162349913573e-17,-4.1177169200972473e-17,6.734442331787799e-17,-2.2516102093326343e-16,9.495784171392363e-17,-1.4811761713410264e-16,3.9439536277620575e-17,6.321073068170868e-17,-2.607817040217939e-16,-9.866700558775694e-18,1.7674091568321394e-16,8.241281691950963e-17,8.243640295020362e-18,-7.288842832276593e-18,9.576784154144723e-17,4.2414771708888446e-18,5.1921230625461707e-17,-6.369556450513697e-17,-1.4052152176105001e-16,3.591322717124027e-17,-2.470034126477428e-16,2.343839499400043e-16,-9.644051902878834e-17,2.456221686483909e-17,1.0097468044171104e-16,-2.486994046864174e-16,1.436928427054823e-16,-2.0246657651556635e-17,2.8924437377027293e-16,-2.9905995145962183e-17,6.75317371337158e-17,-9.339997190424044e-17,3.02179289399545e-18,-5.858833306929563e-17
P(C1CCCCC1)(C2CCCCC2)C3CCCCC3||CC([O-])C.[Li+]||O=CN(C)C,P(C1CCCCC1)(C2CCCCC2)C3CCCCC3.CC([O-])C.[Li+].O=CN(C)C>>,C_5e5ef398cbf2,P(C1CCCCC1)(C2CCCCC2)C3CCCCC3||CC([O-])C.[Li+]||O=CN(C)C,P(C1CCCCC1)(C2CCCCC2)C3CCCCC3,CC([O-])C.[Li+],O=CN(C)C,0.8097398838794679,-1.6108233270164567,-1.8244683034723874,-0.03231794708524378,-1.43520604198897,0.5630227060514404,-0.36356125693380814,2.205309231068088,-1.3646949579166314,-0.5762782864827903,2.159963164618823,-0.011638395004676118,-0.6309044911658531,-0.3339146996808333,-0.02631426626340778,-0.8033477138467454,-0.08787068466353959,-0.029613970329750952,-0.003130142832099977,-4.953083751129056e-16,-4.029440400226794e-16,-9.454479160959892e-17,-7.771605123577247e-16,2.9496009387104484e-16,1.4380236158625863e-16,1.7375472876351258e-18,3.444947522665698e-16,-8.185006852319518e-17,-3.278687659414758e-17,4.078958902189097e-16,2.6725731139707354e-17,-4.138632989916735e-16,1.9112427006782368e-16,-5.511858260790307e-17,-1.41068403557252e-16,4.02172913538634e-17,1.2009244200526625e-16,4.7729072996430884e-17,-7.95237897790294e-17,-2.0457984238862908e-16,-3.175822735127684e-16,-1.9142474406479272e-16,2.3060866522097035e-16,6.38930929978969e-17,8.217211501482801e-17,-1.2170521880866594e-16,1.4200603263150562e-16,1.0001393709306453e-16,3.7143790321178826e-17,1.938646459532935e-16,3.215094988187916e-16,7.409191673970206e-17,4.0870121504354442e-16,9.956863909248576e-17,-9.184487537159957e-17,-6.638243293905854e-17,5.2121003755466524e-17,-4.1488258487585033e-16,2.1511167548540343e-17,6.608563789640559e-17,2.9300409150609076e-16,-9.842150916312869e-17,-2.1108177141308518e-16,-1.8277479211234461e-16,-1.6611905673588685e-17,4.237301710772714e-17,-2.7345526453026063e-17,-2.690601816626903e-16,8.0025247741234e-17,-1.9903157703832743e-16,8.874564668673966e-17,1.217510168445929e-16,1.1017553947250285e-16,-5.1055738193785966e-17,-2.485475103126399e-16,1.340021020895883e-16,2.545442305663661e-16,2.2536541110201634e-18,6.820248117098388e-17,-2.0554705720963447e-16,2.2108213262028265e-17,9.373787685515943e-17,-7.132681595809154e-17,1.7374043249832277e-16,-3.559373791294855e-18,8.264232978487283e-17,2.307943410324497e-16,1.7511686618414077e-17,1.6904587037360241e-16,1.708165440571203e-16,-5.667736818032729e-17,6.08525301864089e-17,-7.532424595914773e-17,-2.085466070216193e-18,-2.450003020864983e-16,-1.938651633619901e-16,-9.778517626715761e-17,2.5314458340586236e-16,6.5320175017974684e-18,1.0183145763441775e-16,-8.123965241808145e-17,5.3357846156337465e-17,2.3241946867258696e-17,-2.825263519502488e-16,-1.6651200965550124e-16,-2.518501338321192e-16,-2.896534961887562e-16,-1.0672976368581002e-16,-4.114570145970387e-17,-2.775280035360056e-18,4.02447115404195e-17,3.11242030621035e-16,-2.1923635952472687e-17,3.0628109376028317e-16,1.9424326966566724e-16,-2.3479047262270473e-16,3.362466941872667e-16,5.434187909222925e-17,7.464853334542049e-17,-2.601629079844811e-16,-4.0269539404168713e-17,4.151180931141718e-17,-1.9464496395818102e-16,-7.86639732782815e-17,9.960701328399874e-17,1.4092737694696262e-17,4.674895656495542e-17,-1.4731925690485423e-16
CC1=CC=CC=C1P(C2=CC=CC=C2C)C3=CC=CC=C3C||CC([O-])C.[Li+]||O=CN(C)C,CC1=CC=CC=C1P(C2=CC=CC=C2C)C3=CC=CC=C3C.CC([O-])C.[Li+].O=CN(C)C>>,C_81f366149ffe,CC1=CC=CC=C1P(C2=CC=CC=C2C)C3=CC=CC=C3C||CC([O-])C.[Li+]||O=CN(C)C,CC1=CC=CC=C1P(C2=CC=CC=C2C)C3=CC=CC=C3C,CC([O-])C.[Li+],O=CN(C)C,-0.263654755762533,0.9915488887997179,-1.8244683034723874,0.32248622106951,-1.4352060419889658,-0.24540933155649508,-0.36356125693380853,-0.5084585430537789,-1.0360040403224675,2.508680959507178,2.159963164618823,0.4526474839779554,-0.6309044911658561,-0.33391469968083465,-0.026314266263407035,-0.5902568205259894,-0.08787068466353933,-0.24296470019918995,-0.003130142832100089,-1.2135885278684997e-15,-6.669177355200599e-16,1.2402884921949207e-16,-6.277548022876557e-16,-3.406033175119491e-16,-3.923145368467586e-17,-6.062750614080291e-16,1.0925148770674615e-17,5.627546532524431e-16,-8.413384015983251e-17,8.661881994374047e-16,-5.604982746614442e-16,4.745930772217882e-17,2.5223640049138095e-16,-5.25061490838865e-17,-4.1407509431366815e-16,-3.4016655388505638e-18,1.5418170572988784e-16,-2.8350557221802596e-16,-1.3234156126451604e-16,-1.2635789040356702e-16,-6.323735018082312e-17,-4.701410786599347e-16,-4.462764811641376e-16,-1.578614818370633e-16,-1.8979255465829214e-16,-3.3080817867856207e-16,1.3209970049151497e-16,1.5631030687869782e-16,6.007836057308203e-17,1.168248068444121e-16,-2.942145451470201e-16,6.861650545351681e-17,1.9892674150258388e-17,-1.5635181398261078e-16,1.6513426065019124e-16,1.1652675505765822e-16,8.449272146399884e-17,2.3415352572533272e-17,7.140006567059948e-18,-1.025961936543791e-16,-1.612114605647348e-16,-1.5710374201381407e-17,-1.2244131403739316e-17,1.81640499580754e-16,7.95044482051742e-17,8.615623842088466e-17,-1.2714692336435055e-16,-1.5421925608519974e-16,1.725287169259888e-16,-6.77172586906895e-17,6.44552638017657e-17,-9.495561426232605e-17,1.306546080906021e-16,-9.153853782368948e-17,4.138260249543025e-17,1.1036308047701733e-17,-1.248625865613388e-16,1.0948052261932015e-16,1.265925083468211e-16,4.580896559398391e-17,1.3022982714789158e-17,3.431546830622623e-17,-1.3353590322070448e-16,3.81504735893264e-17,1.8305752630979601e-16,-8.567333082716082e-17,-6.927217845542488e-17,-1.4844046584144023e-16,1.5865418599240113e-16,3.7187336323594016e-17,-8.953205571751463e-17,1.853205577491288e-17,3.301495543201421e-17,-1.2566318308138484e-16,-1.5200594617290588e-16,-5.4723347215783455e-18,2.2161556886131752e-16,-7.823726420200976e-17,2.0588298747956644e-16,-2.8982396763985604e-16,1.3529502906116692e-17,1.043101738425071e-16,-3.040706426473911e-16,-5.259198020601269e-17,1.351139818088533e-16,7.675976934188608e-17,4.834056350885805e-17,2.5836635518953725e-16,1.1234692828067687e-16,-2.890902153675968e-16,-1.8104108447958243e-16,1.0116423449316835e-16,-2.2449566356396965e-17,6.887831340402198e-17,-2.2217302983589114e-17,-7.663257995529226e-17,3.484469633441127e-17,-1.6339998894676395e-16,1.1573056252853712e-16,-1.050213281350156e-16,-1.7013048525516012e-16,2.0310709487617518e-16,-1.377827948623714e-16,1.6890831151349769e-16,-1.7408038931292687e-16,1.2320282502563467e-16,-1.1108892136627466e-16,2.4548066194880077e-16
CCCCP(C12C[C@@H]3C[C@@H](C[C@H](C2)C3)C1)C45C[C@H]6C[C@@H](C5)C[C@@H](C4)C6||CC([O-])C.[Li+]||O=CN(C)C,CCCCP(C12C[C@@H]3C[C@@H](C[C@H](C2)C3)C1)C45C[C@H]6C[C@@H](C5)C[C@@H](C4)C6.CC([O-])C.[Li+].O=CN(C)C>>,C_c3088a92200c,CCCCP(C12C[C@@H]3C[C@@H](C[C@H](C2)C3)C1)C45C[C@H]6C[C@@H](C5)C[C@@H](C4)C6||CC([O-])C.[Li+]||O=CN(C)C,CCCCP(C12C[C@@H]3C[C@@H](C[C@H](C2)C3)C1)C45C[C@H]6C[C@@H](C5)C[C@@H](C4)C6,CC([O-])C.[Li+],O=CN(C)C,-0.885381177127279,-3.192233563805737,-1.8244683034723856,2.712839121919756,-1.4352060419889694,0.49119929761613945,-0.363561256933808,-0.9806476207765288,0.5753078969520409,0.06697642453299658,2.159963164618823,-0.35554907531949614,-0.6309044911658526,-0.3339146996808339,-0.026314266263407434,-0.006961552994127566,-0.08787068466353912,0.037064967961356,-0.0031301428321003112,-4.457127067829014e-16,-1.0077150047148207e-15,6.610326950177431e-16,-9.770127884942142e-16,-3.1790305476159963e-17,5.300202674191099e-16,-1.5841895811322643e-16,1.1666206449123533e-16,-6.272852117353212e-16,3.4312058641918145e-17,2.1646280114958904e-16,8.019108099025375e-17,-4.197296964955044e-16,-2.633614685065905e-17,-2.5246233431054123e-16,-2.5136273372769615e-16,-1.0328943640740568e-16,6.542011822671157e-17,2.8190862776735214e-16,7.409290196462873e-17,1.53948043484292e-16,4.1588565173122176e-17,1.7853513044188404e-16,3.067426100565126e-16,-4.1617361885904997e-17,-2.5416650863242485e-16,2.500601143259895e-16,-2.499821299688855e-16,3.8441843218779374e-17,7.354299763355442e-17,-1.7580000439820362e-16,-3.097265320632399e-17,-5.070013215435911e-17,2.7566528666375415e-16,-1.4771978622783096e-16,3.7832914991400333e-17,1.3678786954419325e-16,-8.911223469475068e-17,-1.722402516976718e-16,-8.746678251184795e-17,-1.0855514374979796e-16,-5.011093822291738e-17,-1.3995895824081265e-16,-1.078991868069877e-16,1.252728155325155e-16,2.1491333139978114e-17,-4.918129585635799e-17,-1.821079062464795e-17,-1.0710999601472096e-16,2.088690443090142e-17,3.816650218991439e-16,2.1455989825298519e-16,-2.382990247031425e-16,9.423059747732256e-18,2.3126660175851483e-17,-5.555944715844397e-17,3.413104706876487e-18,-6.7210982997305e-17,8.316216990626425e-17,-3.487835676433919e-18,1.2885722479591021e-16,-6.318349089170643e-17,-1.0175538743914411e-16,1.0642111180632143e-16,-1.075972339719013e-16,-1.7282761129068726e-17,4.050470494425835e-17,-4.154753127079454e-17,-1.4794433960136103e-16,-8.011540576802668e-17,-6.662930552621979e-17,-1.3427568043481966e-16,-1.2307508378997986e-16,-1.401215985094047e-18,-1.36910436107473e-16,1.833455116385265e-17,-1.7215526788577138e-16,-1.4959130315408525e-16,-6.306349141917976e-17,1.8306868161850918e-17,9.534074506508651e-17,2.6524014716991725e-16,-3.7533292865114773e-16,4.242899079165021e-16,-1.632809495576137e-16,1.651892102496689e-17,2.0948652131160985e-16,-5.172312574396888e-18,3.030877876641452e-17,-5.37751786478309e-17,3.3469612711942528e-18,-3.212593821026413e-16,1.570653386019122e-17,-4.3781776627129525e-17,2.8343138497995406e-16,1.35531330528e-17,-2.0951759029075383e-16,-6.529735774267313e-17,1.417914268249404e-17,-3.6125113569329583e-16,-5.19426491944707e-17,1.6780869207926998e-16,-4.041438543197099e-17,-1.1327833811525273e-16,1.2310090223984328e-17,1.343401388590209e-16,-2.5595575575936875e-16,4.367716079629124e-17,-3.7180001023531963e-17
COC1=CC=CC(OC)=C1C2=C(P(C3CCCCC3)C4CCCCC4)C=CC=C2||CC([O-])C.[Li+]||O=CN(C)C,COC1=CC=CC(OC)=C1C2=C(P(C3CCCCC3)C4CCCCC4)C=CC=C2.CC([O-])C.[Li+].O=CN(C)C>>,C_cb592b30a0a1,COC1=CC=CC(OC)=C1C2=C(P(C3CCCCC3)C4CCCCC4)C=CC=C2||CC([O-])C.[Li+]||O=CN(C)C,COC1=CC=CC(OC)=C1C2=C(P(C3CCCCC3)C4CCCCC4)C=CC=C2,CC([O-])C.[Li+],O=CN(C)C,3.697093256973161,0.2187314862096807,-1.824468303472387,-0.1699869785609364,-1.435206041988969,-0.13753115125334997,-0.36356125693380725,1.0255047079947903,1.9551116939983535,0.8801350735997566,2.159963164618824,-0.39711254278881597,-0.6309044911658525,-0.33391469968083465,-0.026314266263406265,0.2550985408775029,-0.08787068466353933,0.026042369234240303,-0.003130142832100138,-1.954003056944259e-16,-5.341352388669219e-16,8.209384255862369e-16,-1.9880784616084473e-16,-3.1777905750331364e-16,5.791981700675732e-16,-2.4325802078926637e-16,-6.193018828414277e-16,-8.449018434845697e-19,4.997490978279748e-16,9.886906482932535e-17,-4.301199040592194e-16,-8.713068313228949e-17,-1.931919904281104e-16,-4.845372900965088e-16,-1.2309885964287952e-18,-7.98898421957835e-17,-5.073790994819032e-17,-1.5075924696139062e-16,-5.982021969119739e-16,-4.11919427431532e-17,-4.594899142525606e-16,4.3499348093541485e-16,1.267448203775327e-16,-2.207850131582549e-16,2.4074619004899623e-17,-2.416674725383981e-16,1.598658804526205e-16,1.222390711154917e-16,-1.3585140175556918e-18,3.3001149310909685e-16,-2.2430771075391083e-16,-1.6679857001224325e-16,-1.7014595756425977e-16,-1.5942752397364908e-16,-2.0103747500817133e-17,-8.086687724453816e-17,3.9620883657980376e-16,-7.337663804636595e-17,-2.26424579513037e-16,-1.3384059443296512e-16,-1.4483649232030093e-16,2.1891605743040925e-17,-2.1000727153783738e-16,1.1127098451329415e-16,-3.704200561925354e-16,-1.2650004241271198e-16,2.0009330659702902e-16,-1.572129876533019e-16,-6.314022641327744e-18,-1.3012795412596367e-16,1.4396214350057002e-17,-4.829675570533451e-17,-1.3571694500390252e-16,2.891739162773886e-17,-1.7892127958308422e-16,-1.1308837769134857e-16,2.0208575076734351e-16,2.5163569315624027e-17,-1.608949225968879e-16,5.290058105083008e-17,6.37474361370538e-17,-5.993122203137889e-17,-2.306795413196283e-16,-1.660443637327324e-16,-1.2754600807067463e-16,9.894269644460525e-17,6.821095913404995e-17,-7.667291769014272e-17,-1.081600919517728e-16,1.664119069690369e-16,-6.10802268353307e-18,-9.93099936984738e-17,5.891898281577705e-17,1.6356974584088842e-17,1.8670219169021062e-16,2.471042006910315e-16,8.036155914701833e-17,-1.2079113625018287e-16,-1.8430743883533734e-16,8.137598880239448e-17,5.374482652672195e-17,5.2954629052002136e-17,-1.0839676132164435e-16,-1.6342009546276253e-16,-7.945712983532202e-17,-1.3599350319696874e-16,2.0629769353583197e-16,-1.2391678693108248e-16,-7.213690143253634e-17,-8.616592709629374e-17,1.4220326862133146e-16,-2.1401219282824992e-17,5.922522503576207e-16,-9.444209820494423e-17,1.7179347512446262e-16,4.782325464579445e-17,9.480464242023033e-17,2.625530673357753e-16,7.593709063886662e-17,9.835912950868372e-17,-2.5512785225639877e-16,7.976531844442029e-17,-1.5981970511065476e-16,1.6743896375895402e-16,3.429385475233762e-17,-8.619736113380119e-17,-1.7027745906498463e-16,2.5943540311060358e-18
CC(C)(P(C(C)(C)C)[c-]1cccc1)C.CC(C)(P(C(C)(C)C)[c-]2cccc2)C.[Fe+2]||CC([O-])C.[Li+]||O=CN(C)C,CC(C)(P(C(C)(C)C)[c-]1cccc1)C.CC(C)(P(C(C)(C)C)[c-]2cccc2)C.[Fe+2].CC([O-])C.[Li+].O=CN(C)C>>,C_73128478286b,CC(C)(P(C(C)(C)C)[c-]1cccc1)C.CC(C)(P(C(C)(C)C)[c-]2cccc2)C.[Fe+2]||CC([O-])C.[Li+]||O=CN(C)C,CC(C)(P(C(C)(C)C)[c-]1cccc1)C.CC(C)(P(C(C)(C)C)[c-]2cccc2)C.[Fe+2],CC([O-])C.[Li+],O=CN(C)C,-1.5678166466947503,-0.5445544539407906,-1.824468303472388,-1.8306686961429988,-1.4352060419889667,1.1506141613685534,-0.3635612569338055,-0.341744880418536,0.9228435721645196,-0.1280600846023811,2.1599631646188215,1.719354778686813,-0.6309044911658602,-0.33391469968083237,-0.02631426626340803,-0.3755240042558053,-0.08787068466353994,0.6986574594526088,-0.003130142832100068,5.559132385793951e-16,-4.2260766835917893e-16,-2.8833046941419126e-16,-1.2357263578636238e-16,3.5810172890677405e-16,3.140588936507942e-16,-1.8503138893768349e-16,1.5965027203571586e-16,-2.9072620292261146e-16,4.4355653675690493e-17,5.159238020028078e-16,-1.186285830045858e-16,-5.84305486655356e-17,-4.585016565151876e-16,-1.7314057383364232e-17,4.753552750426473e-17,-2.6154813776329393e-16,-1.7237808247576358e-16,-1.0303527558417122e-16,-1.0636635211218436e-16,1.021672736351713e-16,1.6042052412901434e-16,1.9203931654506085e-18,3.1470683764285025e-16,1.2569454465257826e-16,-7.57239150848284e-17,1.4724785945427558e-16,-1.2674864839897993e-16,3.328606652913143e-17,3.1722563322579386e-17,7.566571730515703e-17,-3.06740692198655e-17,3.5282415570441573e-16,-4.395329890120385e-17,2.2573034440975203e-17,3.7536712130751304e-16,-6.340195512717949e-17,1.514720336738833e-16,-1.0096008855041316e-16,2.831208110343368e-16,-4.249822120575238e-16,-4.765146501634063e-17,1.6776952231818824e-17,-1.5451831630705935e-16,-2.005573421722019e-16,3.673879825030112e-17,-1.5170777777017614e-16,-3.481928838471385e-17,-2.5094687759722335e-16,4.3056824719182776e-17,-1.1087190906962604e-16,1.3953762916803382e-16,-4.056498465782791e-17,1.442671233546872e-16,1.2295203016674179e-16,7.555201212689353e-17,1.1976755012096284e-16,1.2944533004807419e-16,-8.584418295003137e-17,1.0479793389550633e-16,1.1864803317418013e-16,-1.423608568701971e-16,-1.4466105120315106e-16,-1.8848418240723451e-16,-2.1396585092104234e-18,-1.0754584225338048e-17,-2.309976153545218e-16,1.0238432690921225e-17,2.5519052030861966e-16,-4.999969419988068e-17,-1.195540915778552e-16,-7.217611185231508e-18,-2.0991782651335874e-17,8.695852120356067e-17,7.149627299714413e-17,-2.063414962301849e-17,-4.3200215251882704e-17,-1.0035882952581694e-16,1.870553777503367e-16,1.4985110568620524e-16,1.7727160761278416e-16,6.409071208868898e-17,-2.308696409260893e-16,-3.89342431463564e-17,-1.6806484849229968e-16,-8.881734986577437e-17,1.456893759911398e-16,3.1859669491084525e-16,1.4549378644775462e-16,1.4947571553774449e-16,1.6735072362892106e-16,-1.9858393810120428e-16,2.4491891858793247e-17,-7.740439521742939e-17,-1.669777421226336e-16,-4.388976681009074e-18,4.598900112761545e-16,-7.806671803273961e-17,3.822426015408201e-17,3.6734112146948914e-17,-1.1252743872133306e-16,-2.1244359536746797e-17,6.253384813375255e-17,-3.8066923108157427e-16,-9.052285331755003e-17,1.2595445257372622e-16,2.071923409521055e-16,1.8116802225837212e-17,-2.7949430970510027e-16
CC(C1=C(C2=CC=CC=C2P(C3CCCCC3)C4CCCCC4)C(C(C)C)=CC(C(C)C)=C1)C||CC([O-])C.[Li+]||O=CN(C)C,CC(C1=C(C2=CC=CC=C2P(C3CCCCC3)C4CCCCC4)C(C(C)C)=CC(C(C)C)=C1)C.CC([O-])C.[Li+].O=CN(C)C>>,C_5ed2443913e9,CC(C1=C(C2=CC=CC=C2P(C3CCCCC3)C4CCCCC4)C(C(C)C)=CC(C(C)C)=C1)C||CC([O-])C.[Li+]||O=CN(C)C,CC(C1=C(C2=CC=CC=C2P(C3CCCCC3)C4CCCCC4)C(C(C)C)=CC(C(C)C)=C1)C,CC([O-])C.[Li+],O=CN(C)C,4.095214292254157,0.060599001610189926,-1.8244683034723883,-0.5208425618983294,-1.4352060419889683,-0.11150016598743195,-0.3635612569338083,-1.7351649042204016,-1.0409822672107314,-1.007261029641314,2.159963164618823,0.3127331155945655,-0.6309044911658548,-0.3339146996808329,-0.02631426626340759,0.08800205000734834,-0.0878706846635391,-0.001789758063563905,-0.0031301428321002752,-2.1051285125357682e-16,4.1326310227973837e-16,-6.753940845545494e-16,-7.984368282156248e-17,1.4648739293759869e-16,-7.299755488757906e-16,2.638655431947596e-16,-2.409101843844736e-16,5.494718805251689e-16,8.96019730301496e-17,3.1585177783165036e-16,2.2531357965974403e-16,2.5387786074407386e-16,1.0671278380095474e-16,-8.069007245303172e-17,9.390483826595757e-17,4.3042932464970424e-16,-6.908977185809635e-17,1.7043977982363445e-16,1.38796006376677e-16,-4.057009622163089e-17,1.6286528478892945e-16,-1.2874773396296664e-16,1.2040567507497143e-16,9.666181449374901e-17,2.0581743647210635e-16,-3.3055521244273585e-17,-2.917267030108516e-16,-9.760708731051488e-17,-1.2639760808286191e-16,1.3090803128505018e-16,-1.2324698091901964e-17,7.040629660069133e-17,-5.042580325508882e-17,-2.30073785558502e-17,-2.7368214156372383e-17,1.5117643997649158e-17,3.791307464250138e-17,1.7970102547922748e-17,7.722961272882572e-18,5.0438483423439813e-17,1.423735211045182e-16,-2.2052584394905382e-17,-5.214971287081714e-17,5.928322482189339e-17,6.637638624560105e-18,-5.3871452706886973e-17,-2.369118665139709e-17,6.194518637896811e-17,1.443594991424243e-17,5.5174661708814873e-17,1.0442896462876652e-16,7.708013419573818e-17,8.982937272151742e-18,-1.2631476925461024e-16,8.743446788597821e-17,7.864637102521779e-18,3.602515162945442e-17,-5.832792133486587e-17,1.778984249635922e-16,-3.22033018585927e-16,8.678273846220243e-17,9.223739055498546e-17,1.1167830081332412e-17,-4.4371110761360885e-17,-1.3505437203691658e-16,-3.0137706454178883e-16,8.091291733005023e-17,1.8512909873547298e-16,-3.538614482839162e-17,-2.345052311550196e-16,4.238676987344279e-17,1.3530247108323685e-16,-1.8621282428770065e-17,-8.249355353651425e-17,1.0653521095291016e-16,-1.539245483326585e-16,1.145717231896978e-16,-7.084656464377429e-17,1.0743449162350909e-16,4.6500071892375244e-17,-1.3365649016027393e-17,4.8148587608109355e-17,3.423077636079361e-17,1.374700201047168e-16,1.8871408007992043e-16,-1.7388190267850244e-16,-1.1284545074680839e-16,-5.648728054788688e-17,6.670044353026134e-17,1.5223176882843513e-17,4.6242450624536695e-17,-1.7909444000264126e-16,9.368837077778902e-18,-5.376658803107288e-17,7.838963763977744e-17,1.1687847948017428e-16,1.6022294748620683e-17,-7.059368672483507e-18,-4.2095395917945574e-17,2.4092166929003535e-18,6.787350508587096e-17,-6.024993555405944e-17,9.655522164184549e-17,1.3736046610096743e-16,2.331115596715076e-16,-7.445398769151048e-17,-1.417046258237199e-17,1.7317527521926428e-16
[c-]1(P(C2=CC=CC=C2)C3=CC=CC=C3)cccc1.[c-]4(P(C5=CC=CC=C5)C6=CC=CC=C6)cccc4.[Fe+2]||CC([O-])C.[Li+]||O=CN(C)C,[c-]1(P(C2=CC=CC=C2)C3=CC=CC=C3)cccc1.[c-]4(P(C5=CC=CC=C5)C6=CC=CC=C6)cccc4.[Fe+2].CC([O-])C.[Li+].O=CN(C)C>>,C_6e3260f0b639,[c-]1(P(C2=CC=CC=C2)C3=CC=CC=C3)cccc1.[c-]4(P(C5=CC=CC=C5)C6=CC=CC=C6)cccc4.[Fe+2]||CC([O-])C.[Li+]||O=CN(C)C,[c-]1(P(C2=CC=CC=C2)C3=CC=CC=C3)cccc1.[c-]4(P(C5=CC=CC=C5)C6=CC=CC=C6)cccc4.[Fe+2],CC([O-])C.[Li+],O=CN(C)C,-1.3841208155545002,1.1338119037417693,-1.8244683034723892,-1.1785704697655903,-1.4352060419889678,2.026491491577695,-0.3635612569338092,-0.4876063293133143,0.32524259872946837,-0.3701586543025703,2.159963164618824,-1.4860818817802008,-0.6309044911658483,-0.333914699680835,-0.026314266263406976,-0.26752973554483284,-0.08787068466353891,-0.795814978261376,-0.003130142832100051,-8.691304361128673e-16,-6.460110600826213e-16,3.755563477753138e-16,-7.645381529454802e-17,-9.5707080775148e-16,-3.574591726752373e-17,-9.116665822793663e-17,-3.5476064082621377e-16,-1.8138406886154633e-17,-1.8216018483135843e-16,4.1971779159339875e-17,1.2016703456941524e-16,2.801781419538339e-17,-2.261043573070773e-16,2.4376912861833677e-16,-4.327233889901826e-17,1.5210235467379329e-16,3.0999273693659267e-16,1.2726887676456265e-16,-2.132906376427943e-16,-9.591044654210448e-17,1.9003729753892907e-16,-5.0626556072716756e-17,1.5205477245502972e-17,-1.3779406526047004e-16,9.954133191445234e-18,-1.9576003871777136e-17,1.2787490835311266e-16,-8.011772325239514e-17,4.784030705249451e-17,-7.32014037156393e-17,-2.256302485364533e-16,-1.4867844081655556e-16,9.70149388559772e-18,1.5023162683597173e-16,-7.46396719975408e-17,5.5424942322334824e-17,-3.9310345438845495e-17,-3.378521026842061e-17,1.2231418662080764e-16,1.7216346612433883e-16,2.6575433703494266e-17,-9.839045353510766e-17,-6.049399415097236e-17,-4.5892803299160704e-17,1.7325533408034436e-16,-4.836504576557125e-17,-9.40590563642438e-17,-1.9529316747238465e-16,-8.534366462885669e-17,-2.2022370012127366e-16,2.0638794117863495e-16,1.2549949750252528e-16,-1.491773210084828e-16,-1.0624183108614184e-16,-5.904258641073372e-17,1.1762084646912731e-16,-9.22838226221478e-17,-6.940960840763051e-17,-3.763750486034548e-18,1.4828738260476308e-17,1.2892927495244477e-16,1.569891213612343e-16,-1.6947417441061784e-16,4.904123924343145e-17,-3.9688049107866365e-17,1.6284479519187577e-16,1.499729439662119e-16,-2.1319176710667187e-17,-9.398724479155716e-18,1.3126226474028754e-16,7.910912475387965e-17,2.0841979923629003e-16,-1.3412712864638566e-16,-5.2228319012982573e-17,1.3196780105846946e-17,-1.3781628792651998e-16,-2.1425547368344302e-16,-1.0087595729593346e-16,-3.4803916972161767e-16,-1.5597456632821496e-16,-2.0496053874242768e-16,-1.4051601550990383e-16,-2.518835915370917e-17,1.7326075451044408e-16,7.743808798679519e-17,-1.000897220561775e-16,-1.0427384549836813e-16,1.332762066952872e-16,-1.6379824238788262e-16,-1.7416952338660024e-16,-1.337035815901198e-16,-1.2713480524618387e-16,7.163598853448912e-17,-1.560688975895527e-17,-1.8325107917047033e-16,-6.749975596480931e-17,-3.35628931283525e-16,-1.3221321430575939e-17,7.01461134135044e-17,4.412914937797419e-17,-8.717045089522531e-17,-3.2439889094874603e-17,-7.985142729249064e-17,3.089578356968713e-16,7.446410376436399e-17,1.3451535891499927e-16,-9.048843297731537e-18,9.900861158604582e-18
CC1(C)C2=C(OC3=C1C=CC=C3P(C4=CC=CC=C4)C5=CC=CC=C5)C(P(C6=CC=CC=C6)C7=CC=CC=C7)=CC=C2||CC([O-])C.[Li+]||O=CN(C)C,CC1(C)C2=C(OC3=C1C=CC=C3P(C4=CC=CC=C4)C5=CC=CC=C5)C(P(C6=CC=CC=C6)C7=CC=CC=C7)=CC=C2.CC([O-])C.[Li+].O=CN(C)C>>,C_f658f608b090,CC1(C)C2=C(OC3=C1C=CC=C3P(C4=CC=CC=C4)C5=CC=CC=C5)C(P(C6=CC=CC=C6)C7=CC=CC=C7)=CC=C2||CC([O-])C.[Li+]||O=CN(C)C,CC1(C)C2=C(OC3=C1C=CC=C3P(C4=CC=CC=C4)C5=CC=CC=C5)C(P(C6=CC=CC=C6)C7=CC=CC=C7)=CC=C2,CC([O-])C.[Li+],O=CN(C)C,-0.7608527313618176,3.0573458202759265,-1.8244683034723863,2.340206537654115,-1.4352060419889698,-0.5112817700760026,-0.3635612569338068,0.3559284257571041,0.4501099621363102,-1.120726489208371,2.1599631646188224,0.8357285648736764,-0.6309044911658567,-0.33391469968083304,-0.026314266263408097,-0.34191861228964576,-0.08787068466353933,-0.1612780287982507,-0.0031301428321001052,-8.512627303502765e-17,-5.211264915493271e-16,-5.499507029415734e-16,-8.113116534420304e-17,6.115322737114048e-16,8.824676921483209e-16,7.585277613692056e-17,2.4106849913605853e-16,3.126191344713925e-16,4.795656071419959e-16,6.650915627178264e-16,1.2648995434275111e-16,-1.598421697301554e-16,-2.76908407022798e-16,2.919990713826373e-17,7.166818096242885e-16,2.310998614878509e-16,-4.7750922385679054e-17,4.800694431478106e-16,-1.34351645223556e-16,1.4045058110639723e-16,2.1829777334335367e-16,1.2507479087603514e-16,4.279606993241288e-16,2.3078896717525894e-16,-2.39010916819997e-16,2.437122252471675e-16,-4.238074740687609e-17,-1.212831325503201e-16,9.756230745969485e-17,-1.7940155385219467e-16,1.2888724732279323e-16,-1.0184476886195131e-17,-8.381458350076455e-17,-1.0228986446913786e-16,-1.7446940854333233e-16,1.957826349928775e-16,-2.1039200070055524e-16,8.640644423686961e-17,-1.9232007941065183e-16,1.4170024494167078e-17,1.181604347945141e-17,6.516461633431364e-17,1.459179206268324e-16,-1.3196185770966731e-17,-3.2379428826517314e-17,7.671039520975982e-17,-1.5636078586800342e-16,-1.5026806794679815e-16,-1.769210384825359e-16,-2.743271428183931e-16,1.0422104933208586e-16,1.465278877357144e-19,3.6215577910271643e-17,-8.492199804093699e-17,-3.2825715881137925e-17,4.0372041605920185e-17,-1.538718757750556e-16,3.646283481060471e-16,5.914140108886659e-17,2.887291497191711e-17,-1.2512696002922257e-16,1.1308001053977662e-16,1.5079117450076548e-17,6.639032166607888e-17,2.0193985917958727e-17,-4.4221200273734253e-16,-5.970647704977128e-17,-3.6362840529106664e-16,-9.778719669717783e-17,1.008687592187984e-16,-4.562898712829913e-17,-1.4744766073589554e-16,1.110829002739142e-16,-6.610496744804764e-17,-1.6584300584022891e-16,-1.5498210517055552e-16,-5.4761848182178285e-17,-1.959723047049549e-17,-1.7843732041923723e-16,-7.847942388659424e-17,-2.179036424816011e-16,2.7085747856618622e-17,2.6561278499510505e-16,3.104995480320811e-16,2.104019209190741e-17,-5.3876103224695815e-17,1.592207125444532e-16,-2.0742952363128202e-16,-5.567978140450433e-17,1.9678347773374045e-16,-2.0886898228548325e-16,-3.2564925176325047e-16,-1.0323186031408178e-16,-6.065532557647947e-17,1.637984047864886e-16,-7.027993787769271e-17,1.6800736279325564e-16,9.995903401568052e-17,3.391908333012173e-16,-1.0167876754351208e-16,5.452574421392562e-17,1.0018502529308323e-16,7.376774718435342e-17,-2.906535670351739e-17,3.213160389416015e-16,1.451875460932388e-16,5.968099776240653e-17,1.8566892382254524e-16
CC(P(C(C)(C)C)C(C)(C)C)(C)C||CCN(CC)CC||O=CN(C)C,CC(P(C(C)(C)C)C(C)(C)C)(C)C.CCN(CC)CC.O=CN(C)C>>,C_a907052b566d,CC(P(C(C)(C)C)C(C)(C)C)(C)C||CCN(CC)CC||O=CN(C)C,CC(P(C(C)(C)C)C(C)(C)C)(C)C,CCN(CC)CC,O=CN(C)C,-1.224289551208006,-0.6982614233068847,-1.824468303472388,-0.5409122448896083,-1.4352060419889663,-0.4809328274603502,-2.2200683923859077,0.5164120737207382,-0.3579680742465466,-0.004776469817939234,-0.8062691168934044,0.8719731108561637,-0.40282635535216904,-0.3339146996808469,-0.8638264162109389,1.6703602962318331,-0.050568885115607455,-0.7970487546071366,-2.4255729424849258e-05,-7.8291742715723755e-16,4.3697255878808715e-16,2.54809102002323e-16,9.423776709764082e-17,9.899340569119904e-17,5.732189291460082e-16,4.504631524674259e-16,-1.7030299032801895e-16,8.47718569830706e-17,5.634687420471938e-17,2.576229635422051e-16,-1.0978494135117069e-16,3.3921707521404597e-16,-3.459586148761662e-17,-1.0864899308490294e-16,1.8196401343308122e-17,1.902412147659003e-16,-2.799935047994217e-16,-1.6313836369109162e-17,1.8741799932840274e-16,7.067837149305961e-17,-4.287409078855848e-16,2.0843665942139688e-16,-5.103436381255529e-17,1.209471451454156e-16,-1.5956602094789539e-16,3.343757635827132e-16,-1.338601335222206e-16,-1.1531380594270246e-16,1.9950237422725752e-16,-1.136088759690677e-16,-4.9863976691251563e-17,-1.615119109014874e-17,-2.1552699531995744e-16,-4.980707043129774e-17,-6.206847595206595e-17,-7.007370207726469e-18,1.3896760139282845e-16,-7.784480497974493e-19,1.9467321169356153e-16,9.973642698257044e-17,-1.0702184745743788e-16,7.319135110904912e-17,-1.50809712174992e-16,1.401455907681194e-16,7.79573663823193e-17,4.77256343411078e-17,-1.5022861518341399e-16,-1.3995847719231352e-16,1.2648234516840488e-16,3.0132035581796824e-17,-3.215950070516759e-17,2.350751744361837e-17,-5.469218459938042e-16,1.2241171327740541e-17,-9.159331552639385e-17,-2.095629022943072e-16,-5.315138761362922e-17,-1.3283484753344355e-17,8.756811556545795e-17,-6.515267189853395e-17,1.4162343001268816e-16,1.006309618698546e-16,8.880541628254254e-17,7.659403388706829e-18,-1.340281308229337e-17,-2.0805836842863933e-17,2.3014323274420184e-16,-1.4115417269899462e-16,1.948477029089989e-16,7.577504587348992e-17,1.0349763016304535e-16,-6.584865340009309e-17,-1.6663329703151176e-16,-1.4419090422059437e-16,-8.87977835228666e-17,6.67814830377475e-17,-1.222913363904111e-17,1.3379195123761246e-16,9.749730850489584e-17,-4.9276087942079154e-17,-2.5762012564123876e-16,4.921611462103642e-16,-6.408771368961105e-17,-2.294057491947249e-16,3.16764950776682e-16,1.1028004448454462e-16,1.1879290595428107e-16,1.501685687669821e-16,-1.6600411063364464e-16,5.196698697209443e-17,2.8354595884440923e-16,1.2037890462396415e-16,-2.148577321614538e-17,2.043097953061356e-16,-5.685156844772461e-17,6.433571663552347e-17,-1.3070998893018261e-17,-7.192011446066521e-17,3.0147101262235693e-17,6.672126986999669e-18,4.691201733838496e-17,9.389679859903016e-17,-1.1135115149393015e-16,-5.333032386106496e-18,-9.745304955427918e-17,2.2902811703840124e-16,-1.0368507967031084e-16,1.3801865215698387e-16
P(C1=CC=CC=C1)(C2=CC=CC=C2)C3=CC=CC=C3||CCN(CC)CC||O=CN(C)C,P(C1=CC=CC=C1)(C2=CC=CC=C2)C3=CC=CC=C3.CCN(CC)CC.O=CN(C)C>>,C_be82877dfd6a,P(C1=CC=CC=C1)(C2=CC=CC=C2)C3=CC=CC=C3||CCN(CC)CC||O=CN(C)C,P(C1=CC=CC=C1)(C2=CC=CC=C2)C3=CC=CC=C3,CCN(CC)CC,O=CN(C)C,-0.9376336432096942,1.2345744235185014,-1.8244683034723883,0.2368490684074832,-1.4352060419889667,0.2786396779026154,-2.220068392385909,0.21949929330034443,-0.7800009929116297,0.147406069415247,-0.8062691168934039,-1.1263128578207333,-0.4028263553521614,-0.33391469968084764,-0.8638264162109381,0.933815911971147,-0.05056888511560906,1.246242212634961,-2.4255729424829214e-05,-1.1919044803992205e-16,-9.698818270474242e-17,-3.4375030320062066e-16,5.774416739642372e-16,-3.079422564317002e-16,3.1414310848662054e-16,6.914295209784496e-16,9.843729436435199e-17,1.2999868321267398e-16,4.7283399430134565e-18,2.4846623944865837e-16,5.303066995797016e-17,-1.6731899566607188e-16,-1.9264411695548522e-16,1.5440063052745546e-16,-1.8576329163893185e-16,4.748115757946115e-16,-2.3796124503949876e-16,-7.769635666365918e-17,-3.0375172117866695e-16,1.740380392436755e-16,-3.162490391817812e-16,4.3544032670494994e-17,-2.743506676652221e-16,3.016814258123659e-16,2.6428201187999217e-17,5.274088644931898e-17,1.6027004999993887e-16,-8.093010853425528e-17,2.1243235311384285e-16,-9.53856604858086e-17,2.9316246811029747e-16,9.308598175653387e-17,-2.1195131639891905e-16,-2.969964865605776e-16,2.376252851684549e-16,-1.6216641543568047e-16,-1.640984550124057e-17,2.888914966976737e-17,1.3065067188894792e-17,1.3692070126491251e-16,3.5062745906021265e-17,-9.241874836482979e-17,8.988919300896201e-17,4.447447385427515e-17,8.931159935361287e-17,-2.2645609866739344e-16,5.943383459895616e-18,1.0718618951342784e-17,-2.0531465360556968e-17,2.5622052712597923e-17,2.3112538386555624e-18,2.1645846638339557e-16,-5.812742078392505e-19,1.1135750796170073e-17,-3.4289456421011175e-17,-1.595508684528829e-16,2.5592081416127298e-17,-7.944363921433734e-18,-1.1092949601791714e-16,4.8458859212548455e-17,-1.5575029863174116e-16,4.3778933338620194e-17,-2.463743930367097e-17,5.987242532743989e-18,3.704454562776139e-17,7.916853619049555e-17,5.407115899117298e-17,-1.6068867369974672e-16,4.1186118695052015e-16,3.1683676382588864e-17,1.2589415835042349e-17,1.8186792729102516e-16,-1.2020775858796853e-16,-1.771583421344671e-17,8.62780798299896e-17,8.19371026981315e-17,-4.7255744517762616e-17,-1.0676825886570991e-16,-2.599159610536696e-16,-5.431305268339992e-17,1.0988518454764207e-16,-1.4130382749744424e-16,-2.0811216563810513e-17,-5.4974388662341475e-17,1.436101123713637e-16,2.6890900951847487e-17,2.682805608839427e-16,-2.5224174522938637e-16,2.991718970248028e-17,-2.410561855089913e-16,-1.0479535755634186e-16,3.086836375437752e-17,-1.2789483864687397e-16,1.1196702031712496e-16,1.1158866249129792e-17,-1.1174861006474573e-16,5.825931002430114e-18,8.81787848989333e-17,-1.1427003111180737e-16,-8.08552490036368e-17,-8.30754642093162e-17,-1.0434249707277669e-16,-3.416976109979069e-17,1.6199944457025325e-16,-1.3901095587311481e-16,3.658284712540259e-18,-1.6260234648181976e-16,2.187104432977258e-17
CC(C)(C)P(C(C)(C)C)C1=CC=C(N(C)C)C=C1||CCN(CC)CC||O=CN(C)C,CC(C)(C)P(C(C)(C)C)C1=CC=C(N(C)C)C=C1.CCN(CC)CC.O=CN(C)C>>,C_aaa76f18ef2e,CC(C)(C)P(C(C)(C)C)C1=CC=C(N(C)C)C=C1||CCN(CC)CC||O=CN(C)C,CC(C)(C)P(C(C)(C)C)C1=CC=C(N(C)C)C=C1,CCN(CC)CC,O=CN(C)C,-1.5782981121882067,-0.650738756085917,-1.824468303472388,-1.3390820507081518,-1.4352060419889683,-3.023312088182808,-2.2200683923859086,-0.2690314540585109,0.3510346086273155,-0.39593751299980756,-0.806269116893404,-0.8157423012752579,-0.4028263553521631,-0.33391469968084697,-0.8638264162109399,-0.5617383596306824,-0.0505688851156084,0.020503180976102195,-2.4255729424757877e-05,4.818209966001035e-16,-8.8274769624798645e-16,-4.712862970045032e-16,-4.84527632992435e-16,-1.2551673409571051e-15,-2.6000518708061855e-16,-3.1970746191552106e-16,1.1623917162488597e-17,4.2732826788702344e-16,4.240096748347779e-16,-6.136212251533813e-16,8.866600418438918e-16,4.788005651585542e-16,-1.1385372457838277e-16,5.658575224796531e-16,-1.1291617404893499e-16,-6.260949895542254e-16,-4.237767626859056e-16,4.209016117113286e-16,3.1540336715628294e-16,-2.3667379251675296e-16,8.138404571010822e-17,7.163785152914272e-16,4.758035515739937e-18,-1.677563040959e-16,3.3859119871704945e-17,-3.2404737481673005e-16,-1.0035143754067673e-16,-1.7311667573599063e-16,1.2636146880060508e-16,-4.749469483478628e-16,9.323314828749326e-17,2.047054507560655e-16,-3.1878092180605544e-16,-5.876852607331949e-17,-4.1773111669122295e-18,-5.62293391193145e-17,-1.720468875860852e-16,-9.62401275532512e-17,1.4809589463745684e-17,3.751562078063455e-17,1.1381913919020757e-17,8.11972130921956e-17,3.706132134811386e-17,-1.0309823800511727e-16,-3.980822195518316e-17,4.0752473166661773e-17,-1.7124289883507181e-16,-1.470287407204115e-17,1.4794667063130934e-16,3.364294419290067e-17,1.2263689300807013e-16,-3.233302960495991e-16,-5.722672022909376e-17,2.122616207610196e-16,5.126612278491694e-17,1.3554617492189064e-16,6.762062470304489e-17,4.2044820847882777e-16,-2.426631227854046e-16,1.7497859380263873e-16,-2.7772153990484397e-16,1.896341252249108e-16,-1.271623222998882e-16,1.413157676246693e-16,-1.9244051678497227e-16,2.1833718910307262e-16,-1.6695754961382754e-16,-1.0356521910342284e-16,2.8775401783627016e-17,2.8985612713690133e-16,1.4627754563733757e-16,-8.036024705873288e-17,5.712862328288768e-17,-3.2942618687791374e-17,1.6498204981366084e-18,2.170184983166289e-16,2.17498174019431e-16,-1.0566411597146823e-16,1.1311857899201958e-16,-5.38907553519094e-17,-1.1531360140734162e-16,1.3089353342334641e-17,-2.2068153055148306e-16,-2.3812678181196363e-16,-8.9415118034383e-17,-3.618418557841008e-16,8.782698066995954e-17,-7.357109462206286e-17,1.130006750886861e-16,2.4144054816619765e-16,-1.052426310428112e-17,-6.862773554975405e-17,6.175552983787281e-17,-2.240790252098077e-17,9.165158341102715e-19,3.260338250503215e-17,-2.848879102925216e-16,-1.6060041709333506e-16,1.4416898734538806e-16,-7.611682159582361e-18,2.1047582264853165e-16,-4.104968229495504e-17,-1.2925845720646265e-16,3.771897034177943e-18,-1.3760526144210517e-17,-1.9268703298844832e-16,-1.3266204474486655e-16,-2.4529924748072537e-16
P(C1CCCCC1)(C2CCCCC2)C3CCCCC3||CCN(CC)CC||O=CN(C)C,P(C1CCCCC1)(C2CCCCC2)C3CCCCC3.CCN(CC)CC.O=CN(C)C>>,C_197b0e22a4db,P(C1CCCCC1)(C2CCCCC2)C3CCCCC3||CCN(CC)CC||O=CN(C)C,P(C1CCCCC1)(C2CCCCC2)C3CCCCC3,CCN(CC)CC,O=CN(C)C,0.8097398838794679,-1.6108233270164563,-1.8244683034723874,-0.03231794708524412,-1.4352060419889685,0.5630227060514404,-2.2200683923859077,2.2053092310680884,-1.3646949579166294,-0.5762782864827898,-0.8062691168934042,-0.011638395004675709,-0.4028263553521652,-0.33391469968084597,-0.8638264162109399,-0.8033477138467446,-0.05056888511560826,-0.029613970329750803,-2.425572942447338e-05,-1.769175236890451e-15,-2.949914540221767e-16,1.8523976617874998e-16,-7.680596977087703e-16,1.7808191944248856e-16,-5.373667133031534e-16,-2.8798608998404483e-16,-1.9623810404906691e-16,2.969089720541528e-16,6.574240608509117e-17,2.170255600183432e-16,-4.0506122141390543e-17,-4.039347260089957e-16,2.5624484304404735e-16,-4.0390786592595983e-16,3.051223263853197e-20,5.157097600514252e-18,-1.1609507525272436e-16,-1.1824335803644172e-16,3.070570981792533e-16,2.0122583263629392e-16,9.441388811257077e-17,-4.4738683934661975e-17,4.006686925864853e-16,2.1173476819833324e-17,2.2002550880420218e-16,-3.339527392193548e-16,1.2780895219826592e-16,1.9945446618652162e-16,-6.591239154596914e-17,4.002482239053581e-16,9.63715675307636e-17,4.847047333725693e-17,-2.1256530816984206e-16,-2.479121638252395e-17,-2.6865067010456806e-16,1.5141786585416487e-16,-2.2027609789270942e-16,-6.266348122838061e-17,7.882539279295802e-18,-1.3605794355756992e-16,1.3032002247622263e-16,-9.242641655155708e-17,-6.986261018488978e-17,1.9794093767148145e-16,1.7167846528413842e-16,8.601440535516446e-18,1.1789767296527008e-18,1.2072514205493568e-16,3.669213180433148e-16,1.5601236054936472e-16,-5.425014117197392e-17,2.3135136796343315e-16,3.940442445452251e-17,8.563252786890541e-17,9.328942474507467e-17,-1.260661170621473e-16,3.77052758396846e-17,-3.791049242394273e-17,-1.8887813902693267e-16,2.1119072691081493e-17,-8.716533602730017e-19,2.155360222850203e-16,2.59824722594983e-16,-8.595954454722619e-17,1.5769795067901252e-16,-1.6571965120257202e-17,-3.1632309585833467e-16,2.4223397539166236e-16,-5.044530415455395e-17,1.5662596948119007e-16,-1.4515188916231204e-16,1.6482926948873165e-16,1.8732434128339424e-16,4.233628619024782e-17,1.3857563807811718e-16,5.588544375971396e-17,-6.013196539755199e-16,-2.1579880994513787e-16,-1.1337516359160562e-16,-2.403339956700115e-16,8.168491301802674e-17,4.711487223911177e-17,1.1741149429448057e-16,2.0275254722268253e-16,2.013904864846073e-17,2.3058594386323995e-16,4.404059771683726e-16,2.070280718741973e-16,5.017860089958239e-18,2.745151409743486e-16,-2.4162562146596994e-16,1.9060728012011628e-16,-1.6808599006921248e-16,1.0519677371512211e-16,-2.483595165259163e-16,2.2412068493942303e-16,-4.382507600555529e-18,6.65057371851429e-17,-5.635071787790599e-18,-1.0400911181717885e-16,-1.8991136528732682e-16,1.121908470888446e-17,1.7151848102407525e-17,-3.020077205616308e-16,-7.250717009956651e-17,-1.3009285121438864e-16,1.6287988852346988e-16,-1.6913744085325476e-17
CC1=CC=CC=C1P(C2=CC=CC=C2C)C3=CC=CC=C3C||CCN(CC)CC||O=CN(C)C,CC1=CC=CC=C1P(C2=CC=CC=C2C)C3=CC=CC=C3C.CCN(CC)CC.O=CN(C)C>>,C_83fdf5ad5aed,CC1=CC=CC=C1P(C2=CC=CC=C2C)C3=CC=CC=C3C||CCN(CC)CC||O=CN(C)C,CC1=CC=CC=C1P(C2=CC=CC=C2C)C3=CC=CC=C3C,CCN(CC)CC,O=CN(C)C,-0.2636547557625331,0.991548888799718,-1.824468303472387,0.32248622106950986,-1.4352060419889638,-0.24540933155649486,-2.220068392385909,-0.5084585430537785,-1.036004040322466,2.5086809595071777,-0.806269116893405,0.45264748397795584,-0.4028263553521683,-0.3339146996808469,-0.8638264162109389,-0.5902568205259888,-0.050568885115608496,-0.2429647001991897,-2.425572942463236e-05,-1.1176831534049002e-15,-4.103327743845528e-16,6.617304341022391e-17,-6.775757436338307e-16,5.397029711771327e-16,-5.038772585810143e-16,-1.1851712471021737e-16,-3.1458670147640274e-16,6.078809237863988e-16,9.45753659257865e-17,-1.7021336309040563e-17,2.6280011083829695e-17,-4.687146942073092e-17,-9.806133811769235e-18,5.14748967763047e-18,4.117609135615287e-16,1.3889543453790937e-17,7.154866103913474e-17,1.6120833840766485e-17,7.827421426540293e-17,1.670289640795139e-16,5.120015626547331e-17,-1.6893608465971312e-16,1.237577327584669e-16,-1.8705164413845298e-16,-1.3162021455227198e-16,-1.8107110777779054e-16,-2.453359620650566e-16,1.9792819597800505e-16,5.223217097171425e-17,-1.476853167570076e-16,1.483665919200786e-17,1.7124813574996583e-16,-3.326903556587033e-16,-3.988810810400561e-17,1.2232159351983624e-16,-1.5426782352210268e-16,-1.271827583021078e-16,-1.4846287880791467e-17,6.487541020534491e-17,-9.31723993619681e-17,2.7296145956926555e-17,-8.236799538360854e-17,-1.6952743970153976e-18,1.0674016262783969e-16,9.365404452892692e-17,-5.425392004938418e-17,-1.608782183056376e-16,-9.360191097523566e-18,-1.0905650907576533e-16,-1.086098965510151e-17,-1.6272434789409107e-17,7.401234020994258e-17,-1.6810718955614637e-16,9.176086619978967e-17,4.093783605837545e-17,2.2901648739067686e-16,1.815163852237595e-17,-2.5735729011417776e-16,1.0299441345735687e-16,8.347030931471335e-17,8.955243559792138e-17,1.1741889748942985e-16,1.6310729757483879e-16,-1.204603798192736e-16,-1.0103549985338324e-16,-1.3204994558466375e-16,3.640965074974698e-17,2.1161421808936654e-16,6.117771962508962e-18,2.9275279022993586e-16,2.9093138378264043e-16,2.4389122267031922e-17,-1.3807122957622192e-16,-1.8976845488332218e-16,-9.637967796808936e-17,-3.714470842944442e-17,-2.1839971889123693e-16,-1.2625859784979718e-16,1.0713034029878743e-16,-1.4818322487200435e-16,2.3483504415415953e-17,-4.204538086350891e-16,1.5876658063108016e-16,-1.7395450621755321e-16,1.1548028688613574e-16,1.2941892962290014e-16,2.1503445046552622e-16,-3.128733770060875e-16,2.6923738188762463e-16,-3.6500579380014976e-17,1.5036678755092677e-17,2.788666297704334e-17,2.553795446043211e-16,8.110982065796372e-19,2.5308904526717524e-18,4.491402943236856e-17,1.6012306559695848e-16,7.874219309145605e-18,1.950071118843876e-16,-1.2587129215706986e-16,-2.1407721708305046e-16,-1.3735354723095103e-16,-7.426317389385687e-18,-7.493465673219425e-17,3.242491050045293e-16,8.387428279354498e-17,2.3384271332549883e-16,-3.092814196179521e-16
CCCCP(C12C[C@@H]3C[C@@H](C[C@H](C2)C3)C1)C45C[C@H]6C[C@@H](C5)C[C@@H](C4)C6||CCN(CC)CC||O=CN(C)C,CCCCP(C12C[C@@H]3C[C@@H](C[C@H](C2)C3)C1)C45C[C@H]6C[C@@H](C5)C[C@@H](C4)C6.CCN(CC)CC.O=CN(C)C>>,C_1b96841a7153,CCCCP(C12C[C@@H]3C[C@@H](C[C@H](C2)C3)C1)C45C[C@H]6C[C@@H](C5)C[C@@H](C4)C6||CCN(CC)CC||O=CN(C)C,CCCCP(C12C[C@@H]3C[C@@H](C[C@H](C2)C3)C1)C45C[C@H]6C[C@@H](C5)C[C@@H](C4)C6,CCN(CC)CC,O=CN(C)C,-0.8853811771272793,-3.1922335638057375,-1.8244683034723859,2.712839121919756,-1.4352060419889674,0.49119929761613934,-2.220068392385908,-0.9806476207765285,0.5753078969520422,0.06697642453299728,-0.8062691168934041,-0.3555490753194963,-0.4028263553521649,-0.33391469968084686,-0.8638264162109391,-0.006961552994127707,-0.05056888511560851,0.037064967961356034,-2.425572942484905e-05,-8.017627862049606e-16,-2.6526471596245417e-16,-3.905253463847624e-16,-3.6795220090342825e-16,1.6300099651313178e-16,-1.3861841278426027e-16,1.9115935524487902e-16,-6.448304520735362e-16,-6.674844551269798e-16,-1.6282164425994698e-16,-1.700274127910034e-16,-1.7309038805612487e-16,-4.857397931597467e-16,-1.3235081019051698e-16,8.00223008969143e-17,-1.2667361292191948e-16,1.6462678006359011e-16,7.084211922959624e-17,1.2751451201609722e-16,1.879164752823496e-16,6.023805829851157e-17,-1.392289982356194e-17,4.0867858301600525e-17,1.4086205983916192e-16,-2.0663973666638538e-16,-3.199262699197636e-17,-1.6060387034873848e-16,-1.780988121576553e-16,2.5332201146783065e-17,4.0559368213271344e-17,1.0439154002463371e-16,-2.3335093928546666e-17,-3.011259452598347e-16,1.5830602381638425e-16,2.2880877945248408e-16,4.800908925845239e-17,1.401727643541383e-16,1.0876573880908023e-16,3.853698138984877e-17,-1.0723635643572042e-16,-5.07093700484886e-17,-5.803395498610009e-17,-2.3264238359713427e-16,2.0628417808130336e-17,1.423040060617061e-16,-1.1351813185645317e-16,-6.58971330948589e-17,9.407733278757565e-17,-8.365304354152422e-17,-4.363544063120075e-18,-6.4844190396448056e-18,3.249265777278965e-17,-1.8079287193850515e-16,1.1635842146034963e-16,5.600749281682187e-17,2.9595839432951016e-17,-7.737863930653384e-17,-2.499887278213294e-17,-2.2506493986654904e-17,9.978569641665825e-18,1.1528957782932305e-16,1.6765591742696372e-16,6.424897869315575e-17,-7.133326540344966e-17,9.865218619608021e-17,-7.856634254042098e-17,-5.871597479550601e-17,1.0174149660413736e-16,1.837001468985113e-18,1.032939977991402e-16,-4.384368229301998e-17,5.581816306664182e-17,-1.03630084027597e-16,1.1325607468005982e-16,-1.1315621636076733e-16,-3.2613562593922076e-17,-3.261901819279479e-18,-1.7148963460326206e-17,1.91056120387322e-16,3.597585265613252e-18,-8.745153002332743e-17,-1.514602251255838e-16,2.04180709197445e-16,1.9841435974405872e-16,-7.032167040456313e-17,1.3163677892692951e-16,1.5080629447389873e-16,-2.175559145806436e-16,6.763937605515686e-17,7.82291080475613e-17,-2.706277597061246e-16,1.0252261771479588e-16,-2.348037535599177e-17,7.570727216059126e-17,-9.98995178279124e-17,2.549777647872872e-16,6.773051364540363e-17,8.394781153182047e-17,2.9573729282000566e-16,4.368569880250494e-17,2.1259857813784862e-16,-1.195959164232917e-17,3.91475330144206e-17,-8.88199429352162e-17,-7.801141209168492e-17,5.230312474612931e-17,-1.8555621669523643e-17,1.6983458193786463e-16,8.952806626793228e-17
COC1=CC=CC(OC)=C1C2=C(P(C3CCCCC3)C4CCCCC4)C=CC=C2||CCN(CC)CC||O=CN(C)C,COC1=CC=CC(OC)=C1C2=C(P(C3CCCCC3)C4CCCCC4)C=CC=C2.CCN(CC)CC.O=CN(C)C>>,C_f1d4bc3c8713,COC1=CC=CC(OC)=C1C2=C(P(C3CCCCC3)C4CCCCC4)C=CC=C2||CCN(CC)CC||O=CN(C)C,COC1=CC=CC(OC)=C1C2=C(P(C3CCCCC3)C4CCCCC4)C=CC=C2,CCN(CC)CC,O=CN(C)C,3.6970932569731607,0.21873148620968064,-1.824468303472387,-0.1699869785609368,-1.4352060419889667,-0.13753115125335008,-2.2200683923859073,1.0255047079947905,1.9551116939983546,0.8801350735997572,-0.8062691168934036,-0.39711254278881564,-0.40282635535216443,-0.33391469968084736,-0.863826416210938,0.25509854087750317,-0.05056888511560879,0.026042369234240227,-2.425572942472093e-05,5.813008211411407e-16,-5.351693126827492e-16,-6.316768940545334e-16,4.47825232971593e-16,5.533962439271402e-16,8.845548494343004e-16,-3.213699082953877e-17,-6.722349877158222e-16,-1.200247663429624e-17,-2.595420141506307e-16,-1.656394508546037e-16,-9.063731695208253e-17,2.2142985766124488e-16,4.769663175038233e-17,-1.7161712338336616e-16,4.2065228230569767e-16,-1.3165425854779676e-16,-3.584940012512431e-16,8.89585058784043e-16,-6.517041187949789e-16,1.8190540815450836e-18,-5.596192003467552e-16,3.012221136159642e-16,2.3248869259109603e-16,-1.3103499768401842e-17,4.85956019516345e-18,-1.7007666770724507e-17,1.7654347846381832e-16,-1.898135873976413e-16,-3.707376469669259e-17,2.985888251652843e-17,-1.3659124597120858e-16,3.8793846295100696e-17,-2.164180909437471e-16,-4.6759454686363153e-17,-2.6211476075624127e-16,-4.301713772910544e-17,3.598610119054286e-16,-1.165735560884076e-16,-1.9757858749677403e-16,1.7812909349419e-16,7.503889815728933e-17,-4.379535417480448e-17,3.874370078357208e-17,-2.7745636441787152e-17,-1.2211661546348326e-16,4.29828789534051e-17,1.2471403797303114e-16,-1.8165805020478026e-16,-2.389741597367324e-16,7.038461871025565e-17,-6.328032684861394e-17,-6.219892163478824e-17,3.401786606593903e-17,2.811802799911822e-17,-1.3663291225704682e-17,-6.633119219044668e-17,-6.891807931759566e-17,-7.235939017746167e-17,-1.696236332659453e-16,-1.5662199860917105e-16,2.441408741604731e-17,-9.345113478539526e-17,1.2212018325396743e-16,1.4465344144689832e-16,5.519889032810031e-18,1.3385026922224465e-16,-7.911738614556924e-18,2.3667058813838367e-16,-1.6684458969582446e-16,2.465620692906834e-17,2.033836073069511e-17,2.0967059020978036e-16,2.0970797166170895e-16,1.6320134080255018e-16,-2.2727817701381935e-16,-1.6159450954672903e-16,1.9606800978673704e-16,-1.5913012879058385e-17,-7.915313281718276e-17,6.247182846126972e-17,-6.24621958608928e-17,1.705667314624212e-16,1.4875690913307762e-16,-3.6449793269426916e-17,1.4953462383888926e-16,-1.3634401272523076e-16,-6.349440847355134e-17,1.0908031162227683e-16,-9.682341722632913e-18,-1.410924173242292e-16,-1.143903173646214e-16,1.1668591442648745e-16,3.862568675977619e-18,1.0013478231609964e-17,1.8502286255695878e-17,9.112535684048666e-17,1.1352034579614584e-16,-1.1885560451398652e-16,-5.413774204994609e-17,-2.2203969259967032e-16,1.0864713558232525e-17,-2.7376138950045674e-17,-1.179327865633354e-16,-1.502763086142748e-16,2.7085705988029206e-17,-2.717750844254595e-16,-1.1680528414908954e-16,2.2392054627156257e-16
CC(C)(P(C(C)(C)C)[c-]1cccc1)C.CC(C)(P(C(C)(C)C)[c-]2cccc2)C.[Fe+2]||CCN(CC)CC||O=CN(C)C,CC(C)(P(C(C)(C)C)[c-]1cccc1)C.CC(C)(P(C(C)(C)C)[c-]2cccc2)C.[Fe+2].CCN(CC)CC.O=CN(C)C>>,C_6a6ab74c2cad,CC(C)(P(C(C)(C)C)[c-]1cccc1)C.CC(C)(P(C(C)(C)C)[c-]2cccc2)C.[Fe+2]||CCN(CC)CC||O=CN(C)C,CC(C)(P(C(C)(C)C)[c-]1cccc1)C.CC(C)(P(C(C)(C)C)[c-]2cccc2)C.[Fe+2],CCN(CC)CC,O=CN(C)C,-1.56781664669475,-0.5445544539407906,-1.824468303472387,-1.8306686961429992,-1.435206041988965,1.1506141613685534,-2.2200683923859055,-0.3417448804185356,0.922843572164521,-0.1280600846023805,-0.8062691168934049,1.7193547786868135,-0.402826355352173,-0.3339146996808455,-0.8638264162109397,-0.37552400425580507,-0.0505688851156088,0.6986574594526092,-2.425572942451321e-05,-2.6757096383579045e-16,-3.5025994839928813e-16,-3.6957899548763675e-16,-3.287684765302353e-16,1.5167578100713574e-16,1.0405865023126348e-16,8.560561614733938e-18,-2.1819198594319322e-16,5.1119148529934646e-17,5.90003643063152e-17,3.5937486341761594e-16,-1.277863334349302e-17,-2.957727507853635e-17,-6.064299520882778e-17,2.1963687605058703e-16,4.0463660846802994e-17,5.993849707107271e-17,1.3168340313794967e-16,-2.0315605843679498e-16,1.2534128329346783e-16,1.2115795842601054e-16,2.807463930688008e-17,-1.6960482250236868e-17,-4.380582762474919e-17,-1.156121015157374e-16,-8.631894349533218e-18,8.388438110617513e-17,-2.2024441143400223e-16,5.726045176423787e-17,8.232749285782912e-17,6.168891607339836e-17,-7.999511636975473e-17,-7.71729283837136e-17,9.398441780766455e-17,1.213811667647332e-16,-8.943396123622434e-18,-3.082613049767199e-17,1.1993178471444713e-16,1.7540479495312219e-16,1.52058357494748e-17,9.478186262876145e-17,-1.585632772631329e-16,-1.5929384614903936e-16,-2.3766697287373694e-17,-2.697731776455485e-17,-1.0718059096155126e-16,-5.829676251782215e-17,-1.0809607199171976e-16,-5.098785207625293e-17,-3.7706201379598914e-17,1.3515363021527975e-16,-3.02662088438328e-17,3.4927192294917256e-17,1.2590115448091907e-16,7.545213968762669e-17,-1.402263523317874e-16,-9.83132531589884e-17,7.092878821566622e-19,-1.433414666096386e-16,1.927302631309922e-16,5.3760499501454984e-18,-1.94811715339861e-16,-1.740023424322225e-16,4.991975516662585e-18,1.1413910909472951e-17,7.570628713755842e-17,1.9605032500748677e-16,-3.0329334880209695e-16,2.172130532681672e-16,5.3862048996054353e-17,-2.321317166705527e-17,-4.92588427479695e-16,-1.252573272393648e-16,-2.283975013180439e-16,-1.0135505013834494e-16,-3.378361069499848e-17,7.185874835951123e-17,2.2673363795448577e-17,-8.224307256972837e-17,1.273721071364526e-17,2.782765482408919e-16,-2.277713672471418e-16,2.3961085523620115e-17,2.5528764511353988e-17,2.2499830320998242e-16,-5.3906764242047174e-18,3.1707464541331805e-17,7.088852917384154e-17,1.320324332343848e-16,-1.6764715804852873e-16,-9.570340120496673e-17,-1.3474041106819243e-16,-6.851755449072607e-17,-2.444767777460654e-16,-1.747196720948436e-16,-2.5142009425524306e-16,-1.5964170529328212e-16,-1.4701523716453445e-16,6.254190670023387e-17,-3.2934580948899295e-16,-3.711076063081889e-16,-3.330821769761297e-16,-4.607659121900504e-17,-4.38062505406649e-18,6.134522268068219e-17,1.7453182645647144e-16,9.977246474943398e-17,1.1408076223801991e-17,5.461716900284723e-18
CC(C1=C(C2=CC=CC=C2P(C3CCCCC3)C4CCCCC4)C(C(C)C)=CC(C(C)C)=C1)C||CCN(CC)CC||O=CN(C)C,CC(C1=C(C2=CC=CC=C2P(C3CCCCC3)C4CCCCC4)C(C(C)C)=CC(C(C)C)=C1)C.CCN(CC)CC.O=CN(C)C>>,C_72d1e659fcdd,CC(C1=C(C2=CC=CC=C2P(C3CCCCC3)C4CCCCC4)C(C(C)C)=CC(C(C)C)=C1)C||CCN(CC)CC||O=CN(C)C,CC(C1=C(C2=CC=CC=C2P(C3CCCCC3)C4CCCCC4)C(C(C)C)=CC(C(C)C)=C1)C,CCN(CC)CC,O=CN(C)C,4.095214292254156,0.06059900161018991,-1.8244683034723892,-0.5208425618983296,-1.435206041988966,-0.11150016598743172,-2.220068392385908,-1.7351649042204011,-1.0409822672107296,-1.0072610296413127,-0.8062691168934044,0.31273311559456607,-0.4028263553521667,-0.33391469968084647,-0.8638264162109395,0.08800205000734872,-0.05056888511560808,-0.0017897580635637702,-2.425572942470536e-05,-2.931880342300107e-16,-1.833581643207593e-16,-3.792564779310628e-16,-7.109628412006868e-16,3.2480138679522365e-17,-7.943382050197994e-16,-6.452992798590395e-16,5.331877502680718e-16,1.087613935777088e-16,-2.0488877648217928e-16,2.7304543037840174e-16,8.303980684598456e-17,1.0900133950609566e-16,2.968538921682736e-16,-8.21058069082749e-17,-3.9339132258401016e-16,2.2624998960987873e-17,-5.078907374664816e-16,2.3215449668484416e-16,-1.3795691971392796e-16,2.0731544068242145e-16,2.1542461979311666e-16,1.0341870705144874e-16,3.99066504358278e-16,1.5431493428205447e-16,1.2675409887583874e-16,3.7663389646018156e-19,-1.4110578731515486e-16,1.3414545785181988e-16,5.22808565527498e-17,-2.997975612056844e-17,-1.0300114544055975e-16,4.2520949726118026e-17,-3.5056139415400853e-17,1.8269209205995713e-16,1.1367937203187586e-16,1.7259280344838413e-16,-7.917319470151153e-17,3.7227600392693255e-17,1.3947524528132515e-16,9.344712833637006e-17,8.956785808821898e-18,9.278889150450419e-17,2.6547997466965264e-16,-1.625764872833149e-16,9.370819497211715e-17,-2.6673878785213606e-16,-1.9502041631695248e-16,1.4212256174651446e-16,1.4529648092893783e-16,5.879130445414716e-17,1.3188402259090527e-16,1.809763220736074e-16,-5.584695156997499e-17,2.6322710554362274e-17,9.848717192622348e-17,5.994961133932986e-17,-2.3717686082216873e-17,-9.216106572585828e-17,4.9185879529841927e-17,1.162538279865026e-16,2.0499565106746287e-17,-2.2160704761156592e-17,1.629458445353929e-17,4.8453084774648376e-17,9.758234449157754e-17,6.358754895615631e-17,-1.269084481242183e-16,2.1317486299920176e-16,-2.6289510055218305e-16,-1.96596598617985e-16,-1.8001828759219699e-16,-1.3116905700564993e-16,5.661817245750507e-17,-8.294153047762744e-17,-3.0073745671378247e-16,-1.0137556514033088e-16,1.4521274649481573e-16,6.628679178441493e-17,7.804240650483086e-17,-6.645501611410914e-17,7.071408636446478e-17,-9.42868891057078e-18,-1.4644094827366224e-16,1.1955479594901724e-16,-1.7598649022767748e-16,5.575452289715314e-17,6.193146873955283e-17,3.5404217451402524e-17,-8.586504336011825e-17,-3.332096556665431e-17,-1.0868242685460369e-16,5.830519357498942e-17,2.153133389394709e-16,-2.855792541241535e-19,1.019041813570244e-18,-2.137330963842538e-16,-1.5989684499022522e-16,-1.4430132900509013e-17,-2.5331541843686815e-16,9.635460783666762e-17,7.187023605201469e-17,1.8551976743214026e-16,2.4036316843307013e-17,5.524696407027353e-17,-1.752736756631093e-16,-1.1485673563681443e-16,7.096468588119948e-17,2.4470738284263785e-16
[c-]1(P(C2=CC=CC=C2)C3=CC=CC=C3)cccc1.[c-]4(P(C5=CC=CC=C5)C6=CC=CC=C6)cccc4.[Fe+2]||CCN(CC)CC||O=CN(C)C,[c-]1(P(C2=CC=CC=C2)C3=CC=CC=C3)cccc1.[c-]4(P(C5=CC=CC=C5)C6=CC=CC=C6)cccc4.[Fe+2].CCN(CC)CC.O=CN(C)C>>,C_fb7b54f78284,[c-]1(P(C2=CC=CC=C2)C3=CC=CC=C3)cccc1.[c-]4(P(C5=CC=CC=C5)C6=CC=CC=C6)cccc4.[Fe+2]||CCN(CC)CC||O=CN(C)C,[c-]1(P(C2=CC=CC=C2)C3=CC=CC=C3)cccc1.[c-]4(P(C5=CC=CC=C5)C6=CC=CC=C6)cccc4.[Fe+2],CCN(CC)CC,O=CN(C)C,-1.3841208155545002,1.1338119037417693,-1.8244683034723892,-1.1785704697655903,-1.4352060419889663,2.0264914915776955,-2.220068392385909,-0.4876063293133138,0.3252425987294698,-0.37015865430257,-0.8062691168934036,-1.4860818817802004,-0.4028263553521604,-0.3339146996808474,-0.8638264162109384,-0.26752973554483256,-0.05056888511560809,-0.7958149782613757,-2.4255729424715762e-05,-2.699080403707466e-16,-3.5665211329255593e-16,-4.136065419730606e-17,-4.807781406184287e-16,-6.110142295198022e-17,-3.666584386676313e-17,-4.554042123609364e-17,-2.2822752409978636e-16,-1.7833474184337323e-16,2.0952655816023346e-16,5.661098661965193e-17,-2.645959571332934e-16,-1.3386992875537585e-16,-2.443308105619154e-16,2.695013006829473e-17,-1.64609040670529e-16,5.467644903919121e-17,1.0996237719126455e-16,-1.6020707159710672e-17,-2.6508488835574543e-16,1.0265863359104827e-17,1.4101742957877834e-16,-9.657469468857007e-17,-1.1463792472338396e-16,8.46029204917825e-17,8.407283118820953e-17,1.1015195398555927e-16,-1.5289417190722982e-16,-1.0544322374456463e-16,6.208031334928392e-17,6.973652277828254e-18,3.1232262796285633e-17,-5.2824198194720097e-17,1.9037060552305424e-16,-6.840172538937761e-17,3.904516589873003e-17,-3.9833149913703613e-17,-1.2379435948316438e-16,2.409767343166601e-16,1.9238630030822746e-16,-2.2063552730649929e-16,6.04089402187087e-17,-2.192390647961159e-17,2.3902515395367407e-16,2.1064766164585132e-16,2.8877043029705744e-19,-1.1948454680126482e-16,5.520771646516181e-17,1.5469054788043695e-16,7.517604884996822e-17,-1.3459967300984708e-16,-3.749736131064205e-17,-2.4613336657545944e-17,1.482978750831813e-16,2.1884125210729527e-16,1.3052044714581969e-17,3.479120969297884e-17,-9.924914631929931e-17,1.5829939485119385e-16,-4.099046225071997e-18,1.0714757941429457e-16,-9.150408350615098e-17,-4.6155762837373055e-17,3.2288497846899065e-17,-1.1328771174573595e-16,-1.9552098894978478e-17,-8.32289196262323e-17,7.482611304423946e-17,1.6284613261946507e-18,-1.2195049078337918e-16,-1.8799017786175913e-16,-4.7376292745727486e-17,2.94253231376082e-18,-5.1978879513252644e-17,-1.0435929115050752e-16,-6.738526972511349e-17,-9.939556417207713e-17,-1.451863822500477e-16,-3.230834080442311e-17,1.3242577092200708e-16,-5.658348571306917e-17,-3.909338278732442e-17,2.4623745301333345e-17,-1.6524168876803276e-16,4.6093564807481774e-17,1.35976379139828e-16,-1.0777376063469607e-16,-2.572858975549039e-16,1.5373270034748726e-16,-8.332530908053152e-17,-1.3712689215527892e-16,-1.0598009952109918e-16,5.108550620810131e-17,1.022627188213656e-16,-3.3410058604861813e-17,-1.841224557193798e-17,-2.423055391301816e-19,1.0092064550592216e-16,-9.974492883401013e-18,-1.837737465999975e-16,-3.212504251052823e-17,4.3574452722638356e-17,-2.341823465401467e-16,-1.1685758984267333e-16,1.6283368749230314e-16,-2.124266746007154e-17,-6.248015297304254e-17,2.2377897025166476e-17,7.644561801958305e-17
CC1(C)C2=C(OC3=C1C=CC=C3P(C4=CC=CC=C4)C5=CC=CC=C5)C(P(C6=CC=CC=C6)C7=CC=CC=C7)=CC=C2||CCN(CC)CC||O=CN(C)C,CC1(C)C2=C(OC3=C1C=CC=C3P(C4=CC=CC=C4)C5=CC=CC=C5)C(P(C6=CC=CC=C6)C7=CC=CC=C7)=CC=C2.CCN(CC)CC.O=CN(C)C>>,C_f578fd7da02f,CC1(C)C2=C(OC3=C1C=CC=C3P(C4=CC=CC=C4)C5=CC=CC=C5)C(P(C6=CC=CC=C6)C7=CC=CC=C7)=CC=C2||CCN(CC)CC||O=CN(C)C,CC1(C)C2=C(OC3=C1C=CC=C3P(C4=CC=CC=C4)C5=CC=CC=C5)C(P(C6=CC=CC=C6)C7=CC=CC=C7)=CC=C2,CCN(CC)CC,O=CN(C)C,-0.7608527313618177,3.057345820275927,-1.8244683034723856,2.340206537654114,-1.4352060419889683,-0.5112817700760027,-2.2200683923859073,0.35592842575710465,0.4501099621363114,-1.1207264892083713,-0.8062691168934042,0.8357285648736767,-0.40282635535216865,-0.333914699680846,-0.8638264162109399,-0.341918612289645,-0.05056888511560809,-0.16127802879825054,-2.42557294248217e-05,-2.2080652582313345e-16,-3.843913466012734e-16,-3.1273551746003907e-16,-5.023884432989324e-16,4.250077754900804e-16,-4.2466115001961465e-16,-1.0842677273235816e-16,-8.00088957941578e-16,-3.229527853828835e-16,4.871930487522155e-16,2.697233596690017e-16,-3.5972334222660556e-16,-2.4428359743909396e-16,2.4239729818598994e-16,4.2972456057616633e-16,2.1514832542458107e-16,1.390350387368851e-16,1.5224584989841618e-16,-1.5776674992099005e-17,6.701055088594074e-17,-5.74955705700703e-17,-2.2158449807927567e-16,-1.5154063056114048e-16,1.8288508346061123e-16,5.327173386096277e-17,3.556515633550301e-16,-1.2568127429956416e-16,-2.0896810106440434e-17,-6.571906913375578e-17,5.490840129074183e-17,-1.1895409065568676e-16,-1.3033856436220046e-16,-6.596341611322893e-17,9.954543566215908e-17,3.420824090606665e-17,-1.3657219876027857e-17,-3.9802199961211425e-17,-2.716425417046402e-17,-2.6447830665881243e-17,8.189622430323496e-17,8.87685638313375e-17,1.4822545440228066e-17,5.076706143957385e-17,-9.060897082167579e-17,1.293497996931205e-17,-1.4685510309357598e-16,-3.407633876986159e-17,-2.3916195868941836e-16,-7.059729157104563e-17,6.622282129660388e-17,-3.298359561678754e-17,-5.773303468853045e-17,1.2278304116912713e-16,1.6251274921033838e-16,-1.4556791689220387e-16,3.145756184821912e-17,1.4691412694074687e-16,-2.145010846203955e-17,2.1374770679975035e-16,1.301311608650005e-17,1.1495764175385663e-16,8.17393963133985e-17,3.2248383053245614e-17,-5.5406551061858944e-17,-1.167813294659646e-16,-1.914490188450321e-17,-1.2213677501224025e-16,-7.421859808493865e-17,-4.6806855685092776e-17,1.923787513778825e-18,1.2252876513927973e-17,-2.0465115012583618e-16,-9.416548440414211e-17,-1.5258784981445728e-16,-1.0445088233069916e-16,2.4527213106643424e-16,-5.222041129766656e-17,-5.1524443203419666e-18,1.3662288577226996e-16,1.003990365234606e-17,-2.4954734917483233e-16,-1.166016135637221e-16,-1.2299231035863903e-16,2.647844181620486e-16,4.781251950499158e-17,-5.108045951804073e-17,-5.346375606124882e-17,5.622279334554127e-17,-6.296680683801055e-17,-2.2929382454034666e-17,7.118015032727639e-17,-5.844579446990735e-17,3.045521970047635e-16,-1.1036681346638022e-16,3.5800122461121416e-17,1.174352655382741e-16,2.1997730893928628e-16,2.3824798172585006e-16,1.202397351165386e-16,-4.3024074982860315e-17,2.676083808709711e-16,8.232506970150934e-17,8.787109843540594e-17,-4.1408297960101936e-17,2.52176857991446e-16,-9.52108520847945e-17,1.7669529858215e-16,8.433469825963739e-17,2.759593111663725e-16
CC(P(C(C)(C)C)C(C)(C)C)(C)C||[Na+].[OH-]||CO,CC(P(C(C)(C)C)C(C)(C)C)(C)C.[Na+].[OH-].CO>>,C_bac38ef81ad9,CC(P(C(C)(C)C)C(C)(C)C)(C)C||[Na+].[OH-]||CO,CC(P(C(C)(C)C)C(C)(C)C)(C)C,[Na+].[OH-],CO,-1.224289551208006,-0.6982614233068848,-0.15412399736180935,-0.5409122448896084,0.5496334743528053,-0.48093282746035115,0.08783849985727457,0.5164120737207384,-0.3579680742465476,-0.004776469817939894,-0.3784698137934674,0.8719731108561641,0.1811015779289488,1.4744995209589178,0.9998034479442625,1.6703602962318331,-0.60441224327625,-0.7970487546071374,0.6080242339388435,-3.382594193424039e-16,1.0758177848116342e-15,8.243151743251163e-17,3.0807803707290703e-16,2.862229442845623e-16,2.193344544196633e-16,2.810439695890015e-16,1.1551698441324326e-16,-1.2300681496685202e-16,1.8819051615478502e-16,9.978037285514396e-17,1.5266434279557756e-16,-1.6560398965603664e-16,1.0917112338262984e-16,-2.2593790525399187e-16,7.836744285326228e-17,-3.221189132253888e-16,1.260090845622336e-16,9.130544679877909e-17,1.6757820298426204e-16,5.950781226614692e-17,1.2248509958789139e-16,2.1685213406905824e-16,3.634003284148728e-17,-6.198756890770005e-17,-2.415307503014223e-17,-2.4230211665659305e-18,1.4295109246632366e-16,1.0966809185048492e-16,1.470026630496549e-16,-1.3286679647614965e-16,7.995513925872388e-17,1.313940881848923e-16,-2.147331784935963e-17,-9.273831255633771e-17,1.1700583221936734e-17,1.1140213186947325e-16,-1.0691119351137322e-16,-1.9726053272561245e-16,1.104582414978905e-16,-1.4197590931253113e-16,1.036147704271882e-16,1.8388126373821752e-17,3.559695029298511e-18,-3.143088995522825e-17,1.4711385883023044e-16,1.7767113256987855e-17,-2.5818680222238086e-16,-1.0558091127950409e-16,-4.290196330536324e-17,1.03745738536508e-16,3.4057269489423995e-17,-2.362975356291887e-16,-5.114076431690138e-17,-5.1552878043453187e-17,1.3127154898319813e-16,3.181560944902654e-17,-1.9073283734169064e-17,-5.791271448051201e-17,-5.048217445361371e-17,8.697869794272465e-17,2.8720220535277375e-17,8.661191675543263e-17,1.0885902663916246e-16,-1.592476448185569e-16,6.363754143196664e-17,-5.410154344320512e-17,-7.096504388527759e-19,-1.1905250577521271e-17,-1.3759592164012973e-17,6.25612661879571e-18,2.2752905657050282e-17,-2.928291576723545e-17,1.8400178031356455e-16,5.925951340453089e-17,-8.834354392051625e-17,-6.755942934285498e-17,4.715143144251316e-17,-1.462651915611347e-16,-2.246134623875243e-16,-1.1563701341832374e-16,5.265036447586181e-17,-6.696079974401948e-17,-1.6960006381587725e-17,-1.3312247322563723e-16,-1.4889505091099654e-17,-8.579006482282864e-17,-9.415375436015495e-19,-1.6200793880425725e-17,6.251149653577247e-17,1.581866324483476e-16,-2.3797149052031927e-16,1.131123980459849e-16,-7.704833866536064e-17,7.130836571717445e-17,1.3835322990379595e-16,-6.031180105004031e-17,8.379194323378299e-17,3.608830069879848e-17,-6.832881972314554e-17,3.2796709037567505e-16,-4.2858244513550343e-17,1.0097050510667948e-16,-2.983589570646894e-16,-4.3753894541221994e-17,1.0771625571579507e-16,-1.476822689659015e-16,-2.0914103942043244e-16,1.6227060334943237e-16
P(C1=CC=CC=C1)(C2=CC=CC=C2)C3=CC=CC=C3||[Na+].[OH-]||CO,P(C1=CC=CC=C1)(C2=CC=CC=C2)C3=CC=CC=C3.[Na+].[OH-].CO>>,C_8eb89ccb1675,P(C1=CC=CC=C1)(C2=CC=CC=C2)C3=CC=CC=C3||[Na+].[OH-]||CO,P(C1=CC=CC=C1)(C2=CC=CC=C2)C3=CC=CC=C3,[Na+].[OH-],CO,-0.9376336432096944,1.2345744235185012,-0.15412399736180912,0.23684906840748307,0.5496334743528043,0.2786396779026144,0.08783849985727267,0.21949929330034443,-0.7800009929116305,0.14740606941524637,-0.37846981379346684,-1.1263128578207338,0.18110157792895698,1.4744995209589167,0.9998034479442635,0.9338159119711473,-0.6044122432762515,1.246242212634961,0.6080242339388435,7.851436104112088e-17,-5.666287409777862e-17,-1.0436503120293082e-16,3.3183723423170217e-16,-1.9033900721741716e-16,-8.719016314903754e-17,-2.81169529850555e-16,2.6990622870980036e-16,-3.096623043953126e-16,2.437232049842949e-16,-1.5950855176957953e-16,-7.139066803537124e-17,-3.3281581190821343e-16,-1.8598216949996224e-16,-8.313323730082865e-17,1.5242753190419835e-16,1.8761522207221737e-16,-1.7438050081062807e-17,3.660229020812753e-16,5.0670781345017286e-18,4.2109660820764827e-17,1.142526846467747e-16,-1.6399743958684216e-16,6.129774514094923e-17,-9.741102219348439e-18,4.082890595940806e-17,-2.528903879161543e-16,8.942799585516641e-17,1.6880759512925248e-16,6.752460176592081e-17,-5.049411780642602e-17,-1.784658506098264e-16,3.6204196594283014e-18,-1.0114002994165723e-16,6.483654937273619e-17,1.6633584502307332e-17,-2.028874869400954e-17,1.9749185858532996e-16,1.1863136127503787e-16,4.331041629442992e-17,4.3775047864716057e-17,-1.3052221113535464e-16,-1.354073434160208e-16,-1.9480921591106292e-17,-6.491792682333916e-17,2.9566347806970625e-17,-3.6362772394722294e-16,7.457528487009367e-17,-1.4763592685340322e-16,1.158476585697228e-16,8.086766316335623e-17,4.749715015528482e-17,2.043657306763701e-16,5.01799287986541e-17,-6.372617576527782e-17,2.922705283906403e-16,1.193665546576213e-16,2.218916002775893e-16,1.2211988386206373e-17,6.507581540419037e-17,-6.214302892837647e-17,-2.23383780387113e-16,-7.742028093065839e-17,1.8673182202857531e-16,-3.189666911731219e-18,8.257004142394681e-19,-9.686852782821841e-17,-5.76717759789723e-17,6.747285281635858e-17,-3.115589500164748e-17,-1.0686878697619237e-17,-2.606485342263421e-16,-4.3040161801567725e-16,-1.8024760002423354e-16,3.951855514949609e-17,-1.241963598126084e-16,-6.777217797943159e-19,-8.520903015469814e-17,-1.3228828441496514e-16,-5.048144544916999e-17,-4.9858977601361493e-17,-5.429172550579722e-17,-3.778397909982607e-17,-1.498381902768819e-16,-9.966936568412642e-17,1.1768386862541127e-16,-5.053080822248482e-17,8.219641301607761e-17,8.016984348891743e-17,-1.1963580526530563e-16,2.2704255409068163e-17,2.0670033478155803e-16,1.2361753600858749e-16,5.717284981417126e-17,8.740417702004158e-17,8.042168725439548e-17,9.812144989422742e-17,7.215849108089613e-17,2.316852620504045e-16,5.44948094641817e-17,1.3989508201899193e-16,2.1070661744230687e-16,1.0092846203280506e-16,-1.6083579277366333e-16,-4.322574488059916e-17,1.3462387863619878e-16,-2.597524448424414e-17,-8.025044968704775e-17,-2.405970720793208e-18
CC(C)(C)P(C(C)(C)C)C1=CC=C(N(C)C)C=C1||[Na+].[OH-]||CO,CC(C)(C)P(C(C)(C)C)C1=CC=C(N(C)C)C=C1.[Na+].[OH-].CO>>,C_67f1dcb728e0,CC(C)(C)P(C(C)(C)C)C1=CC=C(N(C)C)C=C1||[Na+].[OH-]||CO,CC(C)(C)P(C(C)(C)C)C1=CC=C(N(C)C)C=C1,[Na+].[OH-],CO,-1.5782981121882067,-0.6507387560859174,-0.154123997361809,-1.3390820507081522,0.5496334743528032,-3.0233120881828097,0.08783849985727353,-0.2690314540585107,0.3510346086273149,-0.3959375129998085,-0.3784698137934667,-0.815742301275257,0.18110157792895562,1.4744995209589178,0.9998034479442619,-0.5617383596306829,-0.6044122432762512,0.02050318097610222,0.6080242339388434,4.231896755431098e-16,3.932903952830824e-16,8.468685767507516e-17,-5.069966757753259e-17,9.210556703230003e-16,-1.850983701328569e-16,2.1379085570870274e-16,3.0809151148419867e-16,-8.682808697898046e-17,-4.5902563335823075e-17,8.313882315233537e-17,2.2277606131673296e-16,-5.01747790814545e-16,-5.794287978971985e-17,-2.4451020208846095e-16,-3.1217877136843796e-18,-3.8862534530065167e-16,2.70700236109557e-16,5.0878116519672076e-17,1.42597375281463e-16,1.7707771375995493e-16,7.915479373820501e-17,-1.630415352977508e-16,7.288913236420337e-17,3.056920549121216e-17,9.945851820782892e-17,8.938648826488779e-17,1.44468498552923e-16,-5.086935555208938e-17,1.1543077130702416e-16,-1.6928679240608327e-17,5.3480899714044775e-17,2.332509441789496e-16,2.836451530033086e-17,4.4506209375761115e-17,9.024507801260937e-17,3.1197324723739846e-17,8.968492764939931e-17,3.0919080812310256e-17,-1.153578745201133e-16,-7.481988691636409e-17,-3.816155134165461e-18,1.7274819023731438e-16,-1.4383356399979974e-16,-1.7115819857195127e-16,-3.9814341560961507e-17,-4.8579467261565575e-18,-1.6349202562243393e-16,-1.9191178492006736e-16,-1.1174352460402313e-18,9.944675497841652e-17,-4.812028327645284e-17,5.127517935033649e-17,7.661968404390753e-17,1.6418957261620285e-16,2.2141482578705314e-17,-1.521439123586788e-17,-1.0282615200257264e-16,-2.6901044037559327e-16,3.3293059107733036e-17,-7.481913796659116e-18,1.7567799893807935e-16,3.5689085125474754e-17,1.5403466047158556e-17,-2.5290879540781934e-18,-3.414356303620944e-18,-2.0554358749197576e-16,4.102329072795177e-17,-1.877469125031735e-16,-1.872302541159077e-17,7.360395883198949e-17,4.0002515024413735e-17,-1.5708805647746586e-16,-4.4169208795155057e-17,6.965767068491998e-17,8.910609072498171e-17,-1.649281683731819e-16,-1.2796142598704334e-18,7.830610365300761e-17,-3.0541304759631184e-17,3.605100898106769e-17,-2.195011180830718e-16,-1.134775565306378e-16,1.3982788876453418e-17,2.1340636704974173e-16,1.803913150872083e-16,3.6837761130105416e-16,1.1743808102036036e-17,6.824375047117781e-17,3.1358781244122063e-16,-1.4469952369878582e-16,-7.701724107702658e-17,2.741562294038671e-17,8.786244547721056e-17,3.593189178130505e-17,7.912311106552289e-17,-1.3557419296139502e-16,8.04882462993607e-17,-1.5579303031407803e-16,-2.104871131077082e-16,-8.222545333382895e-17,9.624507227078456e-19,-4.6002277856868814e-17,2.741932421993191e-16,-3.5292071681618723e-17,3.636758563000573e-17,-2.079694658289174e-16,-3.513805913088786e-16,-8.694455627670673e-18
P(C1CCCCC1)(C2CCCCC2)C3CCCCC3||[Na+].[OH-]||CO,P(C1CCCCC1)(C2CCCCC2)C3CCCCC3.[Na+].[OH-].CO>>,C_a161714f8e54,P(C1CCCCC1)(C2CCCCC2)C3CCCCC3||[Na+].[OH-]||CO,P(C1CCCCC1)(C2CCCCC2)C3CCCCC3,[Na+].[OH-],CO,0.8097398838794679,-1.6108233270164576,-0.15412399736180832,-0.03231794708524451,0.5496334743528039,0.5630227060514399,0.08783849985727377,2.2053092310680893,-1.3646949579166308,-0.5762782864827907,-0.3784698137934674,-0.011638395004674812,0.18110157792895265,1.474499520958919,0.999803447944262,-0.803347713846746,-0.6044122432762514,-0.02961397032975127,0.6080242339388436,1.2693522155902735e-15,4.394226042039105e-16,-1.077167286007809e-16,1.115672434849065e-16,-6.296820891530087e-17,-4.492530742186462e-17,6.925537256856651e-16,-1.0181212627763361e-16,-2.974994335874492e-16,1.177468948636204e-16,-3.10531560265973e-16,7.402804834338977e-16,-5.831476916618066e-17,-6.63170150718674e-17,3.2161716831281467e-16,-2.2172203501569174e-16,-2.6403582708100916e-16,-5.073510552787253e-16,-8.382368136947056e-17,-2.48845693261782e-17,1.3488459045531215e-16,1.3303703489142713e-16,-3.2032533618181784e-16,-8.002008659127288e-17,-2.044397811881982e-16,-2.296781018830517e-16,8.67087973105038e-17,-3.144769711090884e-16,-1.1862542038893887e-16,3.2410167018594933e-16,-2.0556028829598802e-16,-2.0846852382614535e-16,-1.9284720024942808e-17,-9.061641609442028e-17,1.4318695501130516e-16,6.828466738823072e-17,8.004746688398711e-17,3.2389291537664646e-16,1.760975166290426e-17,-3.9590563433238194e-17,-7.822283185546653e-17,-1.250803682971667e-16,-9.562624150904196e-18,-1.8163767030717418e-16,-1.3059378482338386e-16,-1.9087734699542543e-16,-1.8472018808329e-16,1.3302005542479554e-17,-9.023282421045011e-17,-4.6435435610483873e-17,1.3865402329796003e-16,5.912845286380383e-17,-2.1588497328155424e-16,-1.9947019316669212e-16,1.9188912320820151e-16,-3.304410551568382e-17,1.2363151577015363e-16,-9.988176581714375e-17,7.087729128199124e-17,-5.396632519986827e-17,-2.1079054993197797e-16,1.6689217556940297e-16,1.1868130311682834e-16,-1.7122506441370516e-16,-5.366599525928604e-17,-7.782834905606749e-17,-8.767484819133713e-17,1.797448607698272e-16,2.685519228217003e-16,2.2696123838388225e-17,3.1825107308393347e-18,-4.490807357280985e-17,8.39087077209862e-17,8.875250471456628e-17,-1.188855352726238e-16,1.894231692156977e-16,5.1064694240346254e-17,1.4150157520849146e-17,7.120029972522425e-17,5.983106939800283e-17,5.064573718625961e-17,1.8730919607538394e-16,-9.413289746469481e-17,-1.223503301187306e-16,3.120601850774143e-16,1.7625020253247745e-16,-8.44184815411035e-17,-2.3348009196106776e-16,2.3345464376268257e-17,2.1195007981306053e-18,-1.923314748750676e-16,2.7191141716509165e-17,3.867084084438757e-17,-5.105598664389224e-17,-8.979675245417223e-17,-1.7523537899237155e-16,-3.617393241113079e-17,-6.753616504252982e-17,-1.433574405551304e-16,7.02988598262472e-17,1.5238433828173022e-17,3.2450962835191616e-17,1.871752935184153e-17,-1.1556787421264474e-16,-2.1678688598977334e-16,-1.255808712765671e-16,3.307465834524165e-16,1.0447434690431699e-16,1.7353118119196894e-16
CC1=CC=CC=C1P(C2=CC=CC=C2C)C3=CC=CC=C3C||[Na+].[OH-]||CO,CC1=CC=CC=C1P(C2=CC=CC=C2C)C3=CC=CC=C3C.[Na+].[OH-].CO>>,C_adea5a65f7a1,CC1=CC=CC=C1P(C2=CC=CC=C2C)C3=CC=CC=C3C||[Na+].[OH-]||CO,CC1=CC=CC=C1P(C2=CC=CC=C2C)C3=CC=CC=C3C,[Na+].[OH-],CO,-0.26365475576253317,0.9915488887997183,-0.15412399736180785,0.3224862210695097,0.5496334743528072,-0.24540933155649577,0.08783849985727334,-0.5084585430537781,-1.0360040403224673,2.508680959507179,-0.3784698137934678,0.4526474839779561,0.18110157792894993,1.4744995209589176,0.9998034479442629,-0.5902568205259893,-0.604412243276251,-0.24296470019919048,0.6080242339388438,-1.4265082708269054e-16,7.253774858804658e-17,-1.7295642671138357e-16,3.5464323640307036e-16,-1.7943018029287113e-16,2.4394350903441294e-16,9.219823488102133e-17,-3.212410140949997e-17,-4.2122112060905906e-16,7.605905399875574e-16,-1.1272417122618335e-16,4.570671153633872e-16,-1.7332270795174283e-16,3.241954715064133e-16,-1.0020760342222375e-16,4.1520561123207935e-16,1.2121954864758898e-16,9.222147849144579e-17,-1.0395266825059492e-17,8.62037446299303e-17,1.0987642087648004e-16,-3.830270445529641e-17,1.8794123120175837e-16,5.3660868410845466e-17,1.2345537446157505e-16,-7.975146630513098e-17,-1.4883287104426797e-17,-1.7845684468487698e-16,3.857395719175765e-18,2.083879035162363e-17,-8.983289195878637e-17,9.57851091140724e-17,3.592762065540405e-17,3.744378359833205e-17,2.194582520820218e-16,-2.6645790291052033e-16,1.457289260231313e-16,1.4788656397097858e-16,-3.619057685088555e-17,9.879118513802624e-17,2.1596039603136818e-17,5.825017164902674e-17,3.418731578123333e-17,1.7838886897400352e-16,8.106292876006558e-17,-4.645091982663203e-17,-2.396552915416134e-16,8.898212829798526e-18,2.96279914521881e-16,-5.2731588415915804e-17,1.0497288859912806e-17,-1.8624484020704213e-16,1.4324087516529326e-16,5.236071855361083e-17,6.071170873491557e-17,-2.5549433848782356e-17,-9.612574011116433e-18,4.239595741785974e-17,5.728706062309307e-18,-2.4033409298427087e-16,1.0697817784153908e-16,-9.462548785619141e-17,-6.214007942439204e-17,-1.8475715017774273e-16,2.692089621319672e-16,8.09652660197519e-17,-4.306872479172071e-17,5.845750360596576e-17,-2.0649468574812772e-17,-1.5242158019433848e-16,1.529878759156572e-16,-1.2035283904589197e-16,-7.071954768458754e-17,-9.773983728556473e-18,-7.954004709681161e-17,5.468254460753301e-17,1.291611111103762e-16,-1.2737289718933865e-16,6.002884610287448e-17,-1.0287678347973301e-16,-3.3657508385187145e-17,1.3623847990257606e-17,6.75540248617825e-17,-5.125409424428602e-17,-6.598626585954148e-17,5.409452780128591e-18,2.171028881201413e-16,-4.6481090346724946e-17,-9.570183027397821e-17,-1.55317758564649e-16,2.4242464701999594e-16,-3.280514388058621e-17,3.679014100343941e-17,-5.308897242851796e-17,8.150384462113199e-17,1.2777204749401709e-16,-2.0011440828019665e-17,-1.9821072329710686e-16,4.6681418113554305e-17,-2.102225620208889e-16,6.293027819495159e-17,2.373013241344278e-16,-2.3331476356410095e-16,4.619007757153044e-17,-8.932459476355396e-17,-8.193528981600505e-17,-2.9960937072397116e-17,1.6066805821532966e-16,1.1398831343972014e-16
CCCCP(C12C[C@@H]3C[C@@H](C[C@H](C2)C3)C1)C45C[C@H]6C[C@@H](C5)C[C@@H](C4)C6||[Na+].[OH-]||CO,CCCCP(C12C[C@@H]3C[C@@H](C[C@H](C2)C3)C1)C45C[C@H]6C[C@@H](C5)C[C@@H](C4)C6.[Na+].[OH-].CO>>,C_a499ef53af80,CCCCP(C12C[C@@H]3C[C@@H](C[C@H](C2)C3)C1)C45C[C@H]6C[C@@H](C5)C[C@@H](C4)C6||[Na+].[OH-]||CO,CCCCP(C12C[C@@H]3C[C@@H](C[C@H](C2)C3)C1)C45C[C@H]6C[C@@H](C5)C[C@@H](C4)C6,[Na+].[OH-],CO,-0.8853811771272793,-3.192233563805738,-0.15412399736180618,2.712839121919756,0.5496334743528041,0.49119929761613884,0.08783849985727375,-0.9806476207765277,0.5753078969520409,0.06697642453299574,-0.37846981379346695,-0.35554907531949514,0.1811015779289532,1.4744995209589176,0.9998034479442622,-0.006961552994126696,-0.6044122432762511,0.03706496796135564,0.6080242339388433,8.033545726312514e-16,2.687920041317894e-16,1.3862824297636038e-17,-3.4707399391415876e-16,4.0629493379009153e-16,-2.268301317425751e-16,-5.045793361200149e-16,3.908765218060005e-16,7.371675214429959e-18,5.3505055907927634e-17,1.8246918944327195e-16,6.478549857377556e-16,-1.5862003994348095e-16,-2.7151509434067307e-17,-2.742907625038019e-16,2.760395560194378e-16,-8.596393269325781e-17,-1.8692915878616347e-16,2.0160337726691805e-16,-4.878968153215884e-16,3.235644505726352e-18,-1.1852058430122947e-16,-3.7165118963071135e-16,9.550138490150827e-17,1.6217981639975779e-16,9.54051971231986e-17,1.0250169496302307e-16,2.2411490988621363e-16,-1.8651585728960814e-16,8.985113847320629e-17,1.5972704741114754e-16,1.3482740485218843e-16,1.5511914586154214e-16,-2.198574022871827e-16,-1.4669763559620414e-16,9.620400384938751e-17,-5.581622602460521e-17,4.3130254207973034e-17,2.0202168599725355e-16,-2.7038973575179927e-16,7.775120810368499e-17,2.7813494582519085e-16,-4.134278701917516e-17,-1.7292633259959262e-19,-3.394168703629819e-17,9.383457863061341e-17,-1.689977577143556e-17,-1.6460128109815773e-16,-9.754604904969564e-18,9.483689739690477e-17,9.594042045261175e-17,-5.3154448969616255e-17,6.690647696833199e-17,-8.508666408168573e-17,2.2420713799184193e-16,1.319307778705294e-16,-1.8232942067205252e-16,-2.1885002409429318e-18,-3.671830150904133e-17,1.612243885297772e-16,1.2278461238744023e-16,9.578636903950876e-20,1.3949461004525473e-17,-1.0185782509413684e-17,9.715181447573224e-17,5.110891038796807e-17,-1.1894325482587707e-16,-7.693026082644711e-17,-2.7740100387350293e-17,-1.344803021672785e-16,-3.080796923779423e-16,-5.2145043760600614e-17,-1.241345126699435e-16,7.4281426803131e-17,3.1316199983774297e-18,-7.464694075419593e-17,1.357210786026945e-16,1.1451118796789844e-18,1.8266079727574827e-16,-1.7452857642095335e-17,-4.538397283225622e-17,1.323542216549263e-16,-9.748646867237354e-19,2.188290497102762e-17,-1.5258105897177457e-16,1.0034646146316752e-16,1.0498983126276202e-16,-2.549082748872468e-17,1.7695586780121877e-16,2.7090772447905792e-17,1.929122629534042e-16,2.678417240105576e-16,1.509133340343155e-16,-2.906696992406518e-16,-5.31715956701766e-16,-3.779213769966239e-17,-2.15977060545435e-16,1.9709583764061901e-16,1.4292856684516415e-16,1.6618728222940497e-16,-8.796833344117541e-17,2.675349734486398e-17,4.0567262577705123e-16,-1.2956346052605502e-16,4.784087423685502e-18,-2.883891173796899e-17,-2.218774475505702e-16,2.343956835364427e-16,-1.833146287463274e-16
COC1=CC=CC(OC)=C1C2=C(P(C3CCCCC3)C4CCCCC4)C=CC=C2||[Na+].[OH-]||CO,COC1=CC=CC(OC)=C1C2=C(P(C3CCCCC3)C4CCCCC4)C=CC=C2.[Na+].[OH-].CO>>,C_3e901a05a2ef,COC1=CC=CC(OC)=C1C2=C(P(C3CCCCC3)C4CCCCC4)C=CC=C2||[Na+].[OH-]||CO,COC1=CC=CC(OC)=C1C2=C(P(C3CCCCC3)C4CCCCC4)C=CC=C2,[Na+].[OH-],CO,3.697093256973161,0.21873148620968041,-0.15412399736180765,-0.16998697856093656,0.5496334743528041,-0.1375311512533511,0.08783849985727513,1.0255047079947908,1.955111693998354,0.8801350735997565,-0.37846981379346656,-0.3971125427888156,0.18110157792895343,1.4744995209589173,0.9998034479442635,0.2550985408775033,-0.6044122432762512,0.026042369234240192,0.6080242339388438,-1.949968644208187e-15,3.1153402888646413e-16,6.416169730301212e-16,-2.5295512734855287e-16,9.478340393234411e-17,-4.904490148822509e-16,1.373547858209444e-16,-3.1248009324136663e-16,-1.5486894759377437e-16,2.6554230260535906e-17,7.421554429356878e-17,6.772852936264006e-16,-5.760117117486972e-16,3.819659554796542e-17,-6.467968779279674e-16,1.5006306628151779e-16,2.291550915288119e-16,1.4051341919426143e-16,-9.712145121546365e-16,3.9482780286776676e-16,-3.238631346205956e-16,5.625978726606607e-16,-4.140089772513314e-17,-1.502563679145219e-16,-2.8874739095869505e-16,9.694543657941993e-17,-2.188365492256332e-16,-2.3841552804062955e-16,-8.145656751115231e-17,1.3298078274544197e-16,3.345347234678072e-17,-5.056485534811184e-17,2.678848994434516e-16,3.538880027472737e-17,1.4852920321390026e-17,-3.563477936058992e-17,1.847832323909473e-16,-1.3607944070365874e-16,1.6781107918253595e-17,-1.4236411974995494e-16,2.287029278813066e-16,-6.16338592368253e-17,-7.22136562481776e-17,-8.604896165515352e-17,1.412789723877964e-17,-1.444332541056823e-17,-5.58867389849818e-17,1.1147730506928738e-16,-1.6504615455133052e-16,-1.0694237915334751e-16,6.929413479258316e-17,1.1196016579143522e-16,8.638096453911612e-17,-3.6416261813896255e-16,-4.549033245815425e-16,-1.7102831516160866e-16,-1.2952989034355817e-16,1.891103428935915e-16,2.8466651719038145e-16,1.3140931400103175e-17,1.0825460616353915e-16,1.045375624735491e-16,-7.260792694450712e-17,-2.325510719887055e-16,7.273787730925262e-17,9.690227270981758e-17,9.670674425805061e-17,-2.0822400108447906e-16,1.3547556121355082e-16,-3.086317208367319e-17,-1.5023579894871457e-17,-3.0061585236638797e-16,8.610608704153174e-18,-4.750496609893225e-17,8.379249900594741e-17,2.5219325749532163e-16,-1.5890754759471636e-16,6.904690921990845e-17,1.017463851488897e-16,5.355524353236262e-17,-1.7555241182806834e-16,1.327037397803921e-17,7.111421110867115e-18,1.0777387556634722e-16,-3.3355953639734695e-17,-4.7354056143117974e-17,-2.3076372429967034e-16,-5.596017260260516e-16,-2.3715433123868337e-16,2.766915543234361e-16,1.1057071279861634e-16,-8.520000453616213e-17,-1.405109341449734e-16,1.6117814837961506e-16,3.5620553591399526e-17,9.498186235044923e-17,-8.878823954363597e-18,-6.4061648173649724e-18,6.674629773884331e-17,1.2554143979818826e-17,-2.908375236887504e-16,-1.6565510993077372e-16,-7.135417532696723e-17,-1.8571206974716548e-16,-1.3613934894794825e-16,1.9827670021709008e-16,1.7459774787666407e-17,-7.827421085914588e-17,-4.2093047661177506e-17
CC(C)(P(C(C)(C)C)[c-]1cccc1)C.CC(C)(P(C(C)(C)C)[c-]2cccc2)C.[Fe+2]||[Na+].[OH-]||CO,CC(C)(P(C(C)(C)C)[c-]1cccc1)C.CC(C)(P(C(C)(C)C)[c-]2cccc2)C.[Fe+2].[Na+].[OH-].CO>>,C_6f138d946f87,CC(C)(P(C(C)(C)C)[c-]1cccc1)C.CC(C)(P(C(C)(C)C)[c-]2cccc2)C.[Fe+2]||[Na+].[OH-]||CO,CC(C)(P(C(C)(C)C)[c-]1cccc1)C.CC(C)(P(C(C)(C)C)[c-]2cccc2)C.[Fe+2],[Na+].[OH-],CO,-1.5678166466947503,-0.5445544539407908,-0.15412399736180832,-1.8306686961429992,0.5496334743528069,1.1506141613685528,0.08783849985727643,-0.34174488041853546,0.9228435721645202,-0.12806008460238114,-0.3784698137934682,1.7193547786868137,0.18110157792894532,1.474499520958919,0.9998034479442617,-0.3755240042558052,-0.6044122432762514,0.6986574594526083,0.6080242339388438,-3.7226855267656053e-16,2.7133401504888194e-16,-1.0667297136347407e-16,1.4469142974899218e-16,2.1451616504838198e-16,5.724163571320169e-16,1.4256117042682048e-17,1.8843631258843844e-16,-4.627866579556366e-16,2.2530334337176533e-16,-1.1947095297742725e-16,2.471081766423011e-16,-5.502552942239337e-16,-2.138611631299858e-17,-2.4977608389466186e-16,1.6708239772087275e-17,1.2052056604664177e-16,1.8579414835690787e-16,-4.7521023227908335e-17,-1.816377624781134e-16,-1.3580033900614064e-16,1.1858241570356197e-16,1.5787467137226835e-16,1.3240786592780912e-16,1.7969560819095623e-16,-9.372155459477979e-17,-1.5126529836110346e-16,-2.7579687259558595e-17,2.733448358486227e-16,4.432661839826908e-18,-8.645504361142769e-18,-2.3939601066329706e-16,1.985829948820968e-16,2.0577359274260614e-17,1.1921731142298932e-16,6.761182727326328e-17,1.0171843138272706e-16,-2.7618539649729935e-17,-9.411870190545003e-17,5.2283189614616637e-17,1.613719763471168e-18,-1.611477454990401e-16,6.254728564323734e-17,1.1618458967572466e-16,2.2671501808475583e-17,-2.2678083036491903e-16,-6.146894325193244e-18,2.7964908830584157e-17,-5.774261550011553e-17,2.7182850229038575e-17,-1.2502927023384568e-16,3.4847392861624467e-17,1.1360779044853326e-16,5.307392789132765e-16,1.4917683585128603e-16,-4.714430525723993e-19,4.27456365875352e-18,-3.744097950830512e-17,-5.280335821409211e-17,-1.0755244340423435e-16,-5.33953050980299e-17,1.5126920131118446e-16,-5.131890821601689e-17,-5.33292980276284e-17,1.0931327048455347e-16,1.9584305516899675e-16,-1.0218232824148348e-16,5.752173724543448e-17,-7.488265213085155e-17,1.104027475155952e-16,-6.698316740880032e-17,2.8685091467661194e-16,-7.387075316962571e-17,1.8834612005986883e-16,-5.704415994630023e-17,-1.0833454084282028e-16,1.5550243642024532e-16,3.105219519394659e-17,-9.547229525071774e-17,-8.721596460545361e-17,-3.0371313924423845e-16,-4.254169189543819e-17,3.634984218800414e-18,-1.7606409867791438e-16,1.2263829405978594e-16,-4.3694618958534605e-17,4.1751774589379085e-17,5.1658877576762805e-18,-5.252719582344866e-16,-9.20517998524784e-17,2.0738303976596174e-17,7.803500852337704e-17,1.4901265253691131e-16,-1.397570040735532e-16,-2.3400364492299065e-16,1.0982413278084719e-17,-1.4104603209029226e-16,2.66365902435717e-16,4.202492220928321e-18,1.9705003120093124e-16,-1.998716804328832e-16,9.042417372224489e-17,-2.3328996380382693e-16,-7.793415518574481e-17,1.0694601903422326e-16,-1.700553248306245e-18,7.451541316110545e-17,-1.0133599539725341e-16,1.404467224220361e-16
CC(C1=C(C2=CC=CC=C2P(C3CCCCC3)C4CCCCC4)C(C(C)C)=CC(C(C)C)=C1)C||[Na+].[OH-]||CO,CC(C1=C(C2=CC=CC=C2P(C3CCCCC3)C4CCCCC4)C(C(C)C)=CC(C(C)C)=C1)C.[Na+].[OH-].CO>>,C_1ab33044700d,CC(C1=C(C2=CC=CC=C2P(C3CCCCC3)C4CCCCC4)C(C(C)C)=CC(C(C)C)=C1)C||[Na+].[OH-]||CO,CC(C1=C(C2=CC=CC=C2P(C3CCCCC3)C4CCCCC4)C(C(C)C)=CC(C(C)C)=C1)C,[Na+].[OH-],CO,4.0952142922541555,0.06059900161018989,-0.15412399736180935,-0.5208425618983291,0.5496334743528055,-0.11150016598743268,0.0878384998572737,-1.735164904220401,-1.0409822672107305,-1.0072610296413136,-0.37846981379346756,0.31273311559456657,0.18110157792895124,1.474499520958918,0.999803447944262,0.08800205000734895,-0.6044122432762511,-0.0017897580635645228,0.6080242339388432,-1.313914172254256e-15,-3.855564030782231e-16,1.1653812094544135e-15,8.722608516542096e-16,-1.0511637169350807e-16,3.380731184388295e-16,5.447822724151536e-16,-2.959207682961535e-16,1.2464865006566807e-16,-4.759433409728796e-18,-1.6155774458675255e-16,-2.579640690777101e-16,-3.190068111520546e-16,-4.2886892107034145e-17,-1.7483965322922394e-16,1.140698732074627e-16,-8.237359155657954e-17,-1.3894855782209322e-16,6.72814730027832e-16,1.0101615514277172e-16,-2.601970800382032e-16,-4.236656462730783e-16,-1.3248600376150887e-17,-2.5023359738900546e-16,-4.2819648622128874e-16,-2.4333754565413823e-16,4.153425064191053e-17,-2.026698764763221e-16,4.913041635401015e-16,-9.700782381688399e-17,-7.297422734072415e-17,-5.4379370213307654e-17,-1.1050777334303414e-16,4.2445848068080873e-16,-2.810137220427276e-16,2.604755703341137e-16,2.7123830602069535e-16,2.6040883109157123e-17,2.6938599018824497e-17,2.9350161877613993e-16,2.2261880709688333e-16,8.708428869909017e-17,-4.5428063629240115e-17,2.5434847127743107e-16,1.1275333768853918e-16,1.6424471956582133e-16,8.124896414034972e-17,-1.333609785896986e-16,-1.015431733176665e-16,3.012723279951464e-16,-1.5064145439454608e-16,8.334825997829101e-17,1.1496308384630745e-16,-1.7578522619070038e-16,1.418329608837145e-17,-1.618792613194141e-17,1.253257281685812e-16,-1.0640691385295673e-16,1.4109662985351568e-16,-6.576176617508291e-17,2.559861364282391e-16,1.0374226127729827e-16,1.4608143023796516e-16,2.4791049280057953e-17,-1.183565924536045e-16,1.531062252220529e-16,2.0555355990870353e-16,-9.062399338797703e-17,-2.0354205753092682e-16,-2.0909251760738783e-16,1.4113790330056451e-16,-1.06500857171254e-16,-1.415741403326034e-16,2.993400235926752e-17,2.422988646114955e-16,-6.11648322240213e-17,-3.120061760125291e-16,2.3472236872604546e-16,-1.3416859041379534e-16,2.4597090307242377e-16,-2.2869946102134127e-16,1.7818416760389582e-16,2.0737406382708324e-17,-2.5114880580849097e-17,-1.983843122395107e-16,-7.546771208763872e-17,6.949017648417048e-17,-1.761889343757933e-17,-1.8906258859507737e-16,1.3108981491811065e-17,2.0331598393486566e-16,5.898847784825627e-17,-5.2087999627425206e-17,-1.7745461074248001e-16,-3.0869288910785523e-16,-1.5469837144043965e-16,3.109144891458897e-17,-4.889182933167864e-17,-4.677209973810428e-17,8.229998251349628e-17,1.5683961909165795e-16,1.3243305086037786e-16,-6.17090812568618e-17,-1.8828462868342466e-16,2.940679815974813e-17,1.400014995158703e-16,-2.0019877758622916e-16,7.698773067708509e-17,-2.121912413760966e-16
[c-]1(P(C2=CC=CC=C2)C3=CC=CC=C3)cccc1.[c-]4(P(C5=CC=CC=C5)C6=CC=CC=C6)cccc4.[Fe+2]||[Na+].[OH-]||CO,[c-]1(P(C2=CC=CC=C2)C3=CC=CC=C3)cccc1.[c-]4(P(C5=CC=CC=C5)C6=CC=CC=C6)cccc4.[Fe+2].[Na+].[OH-].CO>>,C_711cc6e7f8ed,[c-]1(P(C2=CC=CC=C2)C3=CC=CC=C3)cccc1.[c-]4(P(C5=CC=CC=C5)C6=CC=CC=C6)cccc4.[Fe+2]||[Na+].[OH-]||CO,[c-]1(P(C2=CC=CC=C2)C3=CC=CC=C3)cccc1.[c-]4(P(C5=CC=CC=C5)C6=CC=CC=C6)cccc4.[Fe+2],[Na+].[OH-],CO,-1.3841208155545002,1.133811903741769,-0.15412399736180968,-1.1785704697655899,0.5496334743528053,2.026491491577694,0.0878384998572729,-0.48760632931331327,0.32524259872946865,-0.3701586543025708,-0.3784698137934666,-1.4860818817802,0.18110157792895792,1.4744995209589171,0.9998034479442631,-0.26752973554483267,-0.6044122432762508,-0.7958149782613769,0.6080242339388438,3.2299255345594904e-18,1.5574919040464146e-16,-2.018401222214843e-16,-1.8022492526901643e-16,-6.123614003185503e-17,-2.0224835302052185e-17,-1.181119481564717e-16,-2.4941151847277334e-16,-2.4308976667638806e-16,9.217141187542073e-17,-2.0301448147353897e-16,6.060728748356517e-16,-3.164491687698949e-16,-2.121669715782983e-16,-1.6390247637555612e-16,1.037087907382402e-16,4.089214593581361e-17,-6.657937247186938e-17,1.635171019950029e-18,-2.2462189876181017e-17,-8.415945929021115e-17,1.1497257590769474e-16,-1.575283360249664e-16,-1.014202527034184e-16,3.470764026826291e-16,2.102838592093051e-16,8.040222406336227e-17,-1.2838407594987494e-16,9.718429396783113e-18,1.4283719846641671e-16,2.2974562346640947e-16,1.3097150795473153e-16,-1.146782246305729e-17,1.3823146743575816e-16,1.0103542379355663e-16,1.1835346725023203e-16,-2.1080627508654963e-16,9.331906330401071e-17,-8.653877358743912e-17,5.901033958665027e-17,9.090824515908461e-17,3.460278740177692e-17,-2.507433416838124e-17,-7.448674236848818e-17,2.0734708302121558e-17,1.0591698548321239e-16,-9.715670369158568e-17,-4.3850034258104656e-17,1.597039131652764e-16,2.427118193217137e-17,3.2172943060717624e-17,1.2796186788183237e-16,-1.6244836833438e-16,2.451947242842289e-17,-2.8654643500045203e-17,-1.8653459605878918e-17,-2.222701983814396e-16,4.675243075919624e-17,5.55779844600314e-17,-6.3949342190431456e-18,-1.9680709487103312e-16,-2.678581254747116e-17,-8.61593060457692e-17,1.9916133213453773e-17,1.7099992544567632e-17,-3.369640112989702e-17,-1.328485206845719e-16,-1.2585784431626691e-17,1.3765943003752114e-16,4.475659828337306e-17,1.5360570939693026e-16,-1.575812516905676e-16,2.676959841687613e-17,-8.114842012453106e-17,-8.279080619639646e-17,-1.0138036524277735e-16,1.0969582436018541e-16,-1.0867051720740708e-16,9.269443636419187e-17,3.173905642764656e-18,-1.9881560756120175e-16,-1.3238914926205723e-16,1.681512286691561e-16,2.3055995090579223e-16,8.797685074103174e-17,-9.462142731804478e-17,1.8408293286171473e-16,1.3726499300195922e-16,-4.5184898972941793e-17,-4.374723292103757e-19,2.51933216299555e-17,-2.3619539466251182e-17,-2.738045747027176e-16,3.267344175455015e-17,9.0082710170701e-17,-9.99567298867733e-17,2.2291321524163452e-17,-2.669675537409135e-16,1.715052406793714e-16,3.5572461355191463e-17,-5.352803757295135e-17,1.4034899479743954e-16,-3.4314425262559165e-17,-1.2413915893330644e-17,3.862380535122446e-17,-6.165496512818386e-17,-2.5668711807330167e-16,-1.849236747985441e-16,6.223933649786101e-17
CC1(C)C2=C(OC3=C1C=CC=C3P(C4=CC=CC=C4)C5=CC=CC=C5)C(P(C6=CC=CC=C6)C7=CC=CC=C7)=CC=C2||[Na+].[OH-]||CO,CC1(C)C2=C(OC3=C1C=CC=C3P(C4=CC=CC=C4)C5=CC=CC=C5)C(P(C6=CC=CC=C6)C7=CC=CC=C7)=CC=C2.[Na+].[OH-].CO>>,C_ad205d450d81,CC1(C)C2=C(OC3=C1C=CC=C3P(C4=CC=CC=C4)C5=CC=CC=C5)C(P(C6=CC=CC=C6)C7=CC=CC=C7)=CC=C2||[Na+].[OH-]||CO,CC1(C)C2=C(OC3=C1C=CC=C3P(C4=CC=CC=C4)C5=CC=CC=C5)C(P(C6=CC=CC=C6)C7=CC=CC=C7)=CC=C2,[Na+].[OH-],CO,-0.7608527313618177,3.0573458202759256,-0.1541239973618073,2.3402065376541152,0.5496334743528037,-0.5112817700760038,0.08783849985727486,0.3559284257571047,0.45010996213631016,-1.120726489208372,-0.3784698137934673,0.8357285648736767,0.18110157792894888,1.4744995209589185,0.9998034479442612,-0.34191861228964426,-0.6044122432762511,-0.16127802879825145,0.6080242339388435,-2.993996016238739e-16,3.764751798539803e-16,8.680290401495873e-17,-1.3418075321127395e-16,-1.1011208439106294e-16,-8.249611236898008e-16,-4.443715509582059e-16,2.3647042794563605e-16,-2.5506976510313655e-17,-1.340880795783892e-16,-1.9525716217368503e-16,1.980779045162655e-16,-3.682079712018105e-16,1.2794962126481548e-16,-6.773564226610348e-16,-3.4564312375319455e-16,-1.5107243321162196e-17,-4.6985461336728715e-17,1.2328486373609213e-16,-1.3336689560877096e-16,1.1108475367539735e-16,-2.3065027921001305e-16,6.677078294109364e-17,-6.886038849637895e-17,4.305788681800709e-17,1.8410626755534668e-16,-1.2938228732722095e-16,-8.173346259070169e-17,-9.410449291415804e-17,-1.6836194076732022e-17,9.811355110500503e-17,7.861195442906747e-17,4.958509838081634e-17,-2.4164702259571194e-17,-9.915794066787492e-17,1.8186075768246827e-17,-2.9957044123869767e-17,-8.873421847853725e-17,-2.3892016938422037e-16,9.129708216219826e-17,2.22705947795885e-16,2.865089252096649e-17,1.610897031948664e-16,-2.501917775610859e-16,1.4964935505963388e-16,-1.3322022634999225e-17,9.168876472929779e-17,1.0549168330067854e-16,-1.580204781839109e-16,2.8118845237783027e-16,1.438913087451738e-16,2.6515303322527e-16,-2.407816735987299e-17,1.3482425348256362e-16,1.692939157565161e-16,-1.1495679051934062e-16,1.5789399446551376e-17,3.115393707489813e-16,-2.0016123168666805e-16,2.9396537725792454e-17,-9.146968993764564e-17,-2.7209813570026157e-17,7.598225018535727e-17,-2.8263321289794503e-17,9.283616706520194e-17,3.209319324358631e-17,1.412665559825211e-16,-5.678491568432293e-17,1.0637651477528465e-17,5.3761179559338835e-17,-1.0024680843445094e-16,-1.1865241275435755e-17,2.4980337070960333e-16,1.0142651671539941e-16,2.0028410310419663e-16,-4.021255519363467e-17,9.1621218267106e-17,2.741818027803145e-17,4.17070912934752e-17,7.864891930806901e-17,2.221711175625903e-16,-4.921943929692068e-17,-2.4245007357777098e-17,7.818355314409843e-17,8.752765300527427e-17,1.1399760450406592e-16,1.1036142330771672e-17,4.8149197814707676e-17,-3.214374113182313e-17,-1.4860466235097218e-17,-4.3351651858186197e-17,6.292318958583199e-17,-1.1174558068617897e-16,1.1899374405180596e-16,-2.2620990491648837e-17,-1.0584620131674365e-16,1.6044988998549878e-16,9.138414777609075e-17,8.377886557656768e-17,4.949688213963e-16,-3.956879527143012e-17,-1.3716480234370197e-17,-1.3039868224963793e-16,-6.723433389139715e-17,1.630333313633044e-16,-2.7433574459259078e-17,-1.5559117322079482e-16,-6.388254267460054e-18,9.710008243783766e-17
CC(P(C(C)(C)C)C(C)(C)C)(C)C||OC([O-])=O.[Na+]||CO,CC(P(C(C)(C)C)C(C)(C)C)(C)C.OC([O-])=O.[Na+].CO>>,C_9d1f56bc8097,CC(P(C(C)(C)C)C(C)(C)C)(C)C||OC([O-])=O.[Na+]||CO,CC(P(C(C)(C)C)C(C)(C)C)(C)C,OC([O-])=O.[Na+],CO,-1.224289551208006,-0.6982614233068848,-0.15412399736180923,-0.5409122448896084,0.5496334743528036,-0.48093282746035143,1.5266822375625617,0.5164120737207386,-0.35796807424654853,-0.004776469817939608,-0.7254911804417574,0.8719731108561546,-1.6439282864841926,1.47449952095892,-0.2377025635103257,1.6703602962318325,0.03820603240732086,-0.797048754607137,-0.1228598108502085,1.0155819748970559e-15,5.460226835090297e-16,-3.9838066112307796e-16,-1.275597164873021e-16,-2.9811230950217385e-17,-1.1768453383507593e-17,-1.184422389443994e-16,-1.8641316614781377e-16,-3.442717715802849e-17,1.2385579942339615e-16,2.15626539047638e-16,9.159719336721454e-18,-6.271293754075276e-17,-3.2130350099601373e-16,-1.729461939503909e-16,-2.833097667544576e-16,-1.2944558986806521e-17,1.2063627219143282e-16,1.495473874790955e-16,1.7696899984906562e-16,-4.864356399187254e-17,2.2829882092434378e-17,-1.6862632238567215e-17,2.201073762585308e-16,5.974501889008447e-17,1.4558031933214225e-16,9.137210420756736e-17,2.488521675256004e-16,-1.1975886482917663e-17,5.427062748181035e-17,1.783820815362927e-16,8.743582681538372e-17,5.526246032078768e-17,2.4162438520871674e-16,-1.1413771457163707e-16,3.536676189542783e-18,1.9507150815862836e-16,2.0559806361220035e-16,-1.4937317908861727e-17,1.4049153505284935e-16,-4.12063332852882e-17,2.7422704670742912e-17,-1.841195660688672e-16,8.593020091398577e-17,-9.192544078470423e-17,9.307687644476264e-17,-5.0879081322353077e-17,-1.4704421315740177e-16,5.319948406712832e-17,1.0637571198756589e-16,-6.359095229826868e-17,-1.8368149471925787e-16,-7.094161719200823e-17,6.292044257399328e-17,1.1928631736790076e-16,1.4814800597602925e-17,-1.0665400752150193e-16,7.196366999753583e-17,-2.081950062584355e-17,-1.2273599355921217e-16,-1.6942917778726175e-16,-5.3007387491109876e-17,-1.371681276410285e-16,-2.8752853041170984e-17,1.0548095321580016e-16,-2.040234137981551e-16,1.4558678350586353e-16,2.135326772178063e-17,-1.291840152207403e-16,-1.739430675172705e-17,-2.6014164537613006e-17,-1.245326298227856e-16,2.4882387837261594e-17,2.5141200016700882e-17,1.941204902082936e-17,-2.0688127542114216e-16,-2.2911630921477863e-17,-1.6897830348217464e-16,2.464107068931915e-16,4.1301051603079026e-17,-7.08880707608152e-17,-1.9960358527815088e-16,1.3311777291526682e-16,-2.293521161326829e-16,9.136866584683666e-18,5.365900697518902e-17,9.1870062840006e-17,-1.4250333040346034e-16,4.41289111252517e-17,-5.81392154151355e-17,-1.4439339209543756e-16,-1.4051942912324477e-16,2.659282317352273e-16,2.0421248491563151e-16,3.6345498483571725e-17,5.910455943805191e-17,4.592420869901761e-17,-3.790579001871364e-18,2.200237595460989e-16,1.9610170294014241e-16,-2.8523510137923426e-17,-4.633692312415092e-17,9.87200662820654e-19,-5.880252922926046e-17,-5.215953686844389e-17,-2.802973589029638e-17,-1.509588642284484e-16,-2.3463534016848787e-18,-1.049944445715446e-16
P(C1=CC=CC=C1)(C2=CC=CC=C2)C3=CC=CC=C3||OC([O-])=O.[Na+]||CO,P(C1=CC=CC=C1)(C2=CC=CC=C2)C3=CC=CC=C3.OC([O-])=O.[Na+].CO>>,C_e6c41683b755,P(C1=CC=CC=C1)(C2=CC=CC=C2)C3=CC=CC=C3||OC([O-])=O.[Na+]||CO,P(C1=CC=CC=C1)(C2=CC=CC=C2)C3=CC=CC=C3,OC([O-])=O.[Na+],CO,-0.9376336432096942,1.2345744235185014,-0.15412399736180923,0.23684906840748313,0.5496334743528026,0.27863967790261407,1.5266822375625602,0.21949929330034468,-0.7800009929116313,0.1474060694152463,-0.7254911804417568,-1.1263128578207433,-1.6439282864841847,1.4744995209589198,-0.23770256351032482,0.9338159119711474,0.03820603240731953,1.2462422126349615,-0.1228598108502086,-1.3903451451419193e-16,-4.3007019757485276e-16,-1.418396280715963e-16,3.6568316165440114e-16,-1.1139612533499965e-16,1.5063656845859697e-16,-4.773199510054953e-17,-4.374835495219886e-16,1.8632722514620483e-17,-2.490473531524268e-17,3.4870035098860807e-17,-2.881003728680193e-16,-1.6382562684666265e-16,-3.496080343011981e-17,-2.577913109892015e-16,-7.902211869029505e-18,-5.995119806943171e-17,-2.758457530046032e-16,2.1683176093640217e-16,5.158312175885545e-17,1.240976680403716e-16,-7.880875290004948e-17,1.415638975091901e-16,4.467567592195322e-18,1.2286535860675687e-16,-2.7478560141687507e-17,3.745049958541945e-16,3.1392116991115516e-17,-8.391036745688826e-18,4.739507304668098e-17,2.19315979092931e-16,5.157827802739786e-17,2.37704300851466e-16,-5.93864190188133e-17,-1.591891148017188e-16,5.2997702374256674e-17,-1.2703804707407675e-17,-3.972053997158864e-17,-2.014091273968332e-17,-1.2878547199701794e-16,-8.132670694774266e-17,-1.1714308064928238e-16,-5.700461266865168e-17,2.1704797174063802e-16,7.055476738915952e-17,4.6836454217255445e-17,-1.4957467054790391e-16,9.635230492545545e-17,1.350395473788874e-16,-1.2941926306939142e-16,-4.102084152568633e-17,-1.2677281773077398e-16,2.451428441892775e-16,3.6022311411417095e-17,1.4299003220801827e-16,-2.3238672973641466e-17,1.496189965274254e-17,5.228449652074265e-17,2.1878678379618802e-18,1.352903112646105e-16,2.385578165740217e-17,8.561428687230669e-19,6.21947607601898e-17,7.531463829802375e-17,4.390882797796895e-17,-1.5349435657281693e-16,-1.4709578662915883e-17,-6.1686428481720556e-18,-1.1048571985993637e-16,6.998830827848607e-17,3.38516075154244e-17,1.446961445016806e-16,-1.2809418418668375e-16,-1.3099597301676054e-16,9.022245140518385e-17,-5.930889664418249e-17,-1.4543630185965639e-16,1.640431396370215e-17,8.372502029876485e-17,-1.9625449903384245e-16,-1.124018386761291e-16,5.4292936870170814e-17,-9.715060598964986e-18,5.719073358677122e-17,-1.2517926391550001e-16,7.401944172642755e-17,-1.0272519309365399e-16,-8.457709879804187e-17,1.5094063027896046e-17,-2.102209965970434e-16,-3.134976151403044e-17,-7.716875353446895e-17,3.38508089854408e-17,-1.536862946210337e-16,-1.1384282331171684e-16,-1.3429526117324152e-17,-1.6856531221849612e-16,-2.2042354114378298e-16,-1.0836951795287707e-16,3.3575787031989997e-17,-7.790751021003568e-17,-2.7983178047322643e-17,1.0852900682676529e-16,-1.1816693025132558e-16,-5.2532564218025e-17,-3.3092248904701294e-17,3.3663202411343225e-16,2.0620583014080022e-16,1.8032711225189584e-16
CC(C)(C)P(C(C)(C)C)C1=CC=C(N(C)C)C=C1||OC([O-])=O.[Na+]||CO,CC(C)(C)P(C(C)(C)C)C1=CC=C(N(C)C)C=C1.OC([O-])=O.[Na+].CO>>,C_9e89bd61227c,CC(C)(C)P(C(C)(C)C)C1=CC=C(N(C)C)C=C1||OC([O-])=O.[Na+]||CO,CC(C)(C)P(C(C)(C)C)C1=CC=C(N(C)C)C=C1,OC([O-])=O.[Na+],CO,-1.5782981121882067,-0.6507387560859169,-0.15412399736180896,-1.3390820507081518,0.5496334743528019,-3.0233120881828115,1.526682237562561,-0.2690314540585102,0.3510346086273142,-0.3959375129998086,-0.7254911804417566,-0.8157423012752657,-1.6439282864841858,1.47449952095892,-0.23770256351032643,-0.5617383596306827,0.0382060324073198,0.020503180976103146,-0.12285981085020851,-3.4385528855698777e-16,-4.527063829357453e-16,-2.744691203277179e-16,-5.459271693363785e-16,1.6635670812897153e-18,-4.148930614800452e-17,4.514249780492843e-16,3.1842836424345033e-18,3.492669677728602e-16,-3.525142303706184e-16,5.174252046131866e-16,-3.8087113114220074e-16,-4.213483693874392e-16,-1.2078672764965146e-16,-5.3295137363383335e-17,-2.6979654741924983e-16,1.0057431339102958e-16,-2.751717484902761e-16,9.661547172246835e-17,6.942473517225605e-16,2.71746967297636e-16,-2.493591349214763e-16,1.9468664843477875e-16,1.3212970350134344e-16,-3.727973121257171e-18,1.7155760527053327e-16,5.5017076837226025e-18,-2.466970471861867e-17,6.331659038333333e-17,9.744360687044726e-17,-9.267243712279014e-17,-1.4117338030407792e-16,9.508390199266533e-17,-1.0056680331785738e-16,1.4723688758104187e-16,1.0711581792325246e-16,-2.029802120592388e-17,-2.219133443342094e-16,6.272745159533313e-17,-1.566616775352368e-16,1.0125863243395388e-16,5.413154141372089e-18,-5.86497662995123e-17,-3.304986275166674e-17,-1.213567237275549e-16,6.545431803846156e-17,-2.7140765901065097e-16,-4.385357534660552e-17,-1.8655515791254985e-16,4.0550574227893196e-17,-5.1218981614297576e-17,-4.1179442427827725e-16,-9.422726137297665e-17,2.7469271202645393e-17,5.0991530714232426e-17,1.3368226765459913e-16,7.246295263633841e-17,-2.3743621254494773e-16,5.588434321796122e-17,1.5013226199752447e-16,-1.3468005575022924e-16,8.143374426020236e-17,1.1102447726379055e-16,5.4008631271789615e-17,-1.3107580027813046e-17,-8.72153469350605e-17,-1.8009029652890299e-16,3.748257963004123e-17,6.794753477146713e-18,1.447318419621426e-16,1.1511051107306404e-16,-3.512285747808468e-17,2.393683942483597e-16,-6.520417711035855e-17,2.1812160683802162e-16,3.225997278965624e-16,-7.777610167228956e-17,-5.271715447324692e-17,-1.6820679711949576e-16,6.157263940688736e-17,2.3023605909928664e-16,1.191993073993784e-16,-4.512774421108541e-17,8.454580658732766e-18,7.519914626052281e-17,-5.0519706681531354e-17,4.4984305254134136e-17,-3.0311997207082034e-17,-7.964193752955947e-18,-1.0521407611153723e-16,-9.423487110852087e-17,-7.302998739635464e-17,-3.843474100343775e-16,2.731630803961319e-17,-5.530515145978678e-17,3.974710215703571e-17,-1.0154552365399426e-16,-1.7336240518170127e-16,2.1266056896406264e-16,2.3056700207456208e-17,2.178835893172176e-17,2.717600280775169e-16,-1.430482045273997e-16,-2.58229753228196e-17,-1.1759047077889152e-16,2.906233494822727e-17,2.1491581093731382e-16,1.1783946665166575e-17,2.76582064764576e-16
P(C1CCCCC1)(C2CCCCC2)C3CCCCC3||OC([O-])=O.[Na+]||CO,P(C1CCCCC1)(C2CCCCC2)C3CCCCC3.OC([O-])=O.[Na+].CO>>,C_336a49958910,P(C1CCCCC1)(C2CCCCC2)C3CCCCC3||OC([O-])=O.[Na+]||CO,P(C1CCCCC1)(C2CCCCC2)C3CCCCC3,OC([O-])=O.[Na+],CO,0.8097398838794679,-1.6108233270164571,-0.1541239973618084,-0.03231794708524432,0.5496334743528021,0.5630227060514398,1.526682237562561,2.2053092310680897,-1.364694957916632,-0.5762782864827908,-0.7254911804417572,-0.011638395004683624,-1.6439282864841887,1.474499520958921,-0.23770256351032637,-0.8033477138467454,0.03820603240731953,-0.029613970329750567,-0.12285981085020825,-6.043079394142557e-16,-2.8590182605083475e-16,-7.641142196451723e-16,-2.455540922230831e-16,1.8565956864755516e-17,2.2298459732598807e-16,7.507138509713412e-16,-6.412457884224209e-16,-1.0857965720187733e-16,3.2465233431508924e-17,4.794800340279382e-16,-3.9489079498960335e-16,-5.516716778446558e-16,-3.511887173613546e-16,4.768723812576139e-16,-2.9097378483891404e-16,3.325548106496384e-17,2.2178015565707814e-16,2.240385670799367e-16,1.277967257483344e-16,4.1109686875277545e-16,-1.8362657876727846e-16,-8.653431987304816e-17,-1.8562105074229185e-18,1.0162743256006061e-16,1.212738304294584e-16,1.0889522472398529e-16,-6.193245896803635e-17,-1.525950113907709e-16,3.447712605338858e-17,9.916032275430016e-17,-1.9847162133660926e-16,-1.9307222449249133e-16,-9.551911334953001e-17,-3.4893610245887833e-16,-3.87296722782008e-17,7.554027983073618e-17,-3.9176549167670087e-17,3.830546295339114e-16,-4.758517330877333e-16,4.5686083680031926e-17,-2.600535400115938e-16,-1.0316659283098128e-16,2.0571151253498509e-16,1.4485565069403306e-18,-9.648604046994654e-18,1.5482815504891335e-17,6.027167743130343e-17,1.573555844805381e-16,-1.9547564482742696e-16,2.9624927001017936e-18,4.752384283666868e-17,-7.165947184445582e-17,1.6450527941595228e-16,4.444550942121968e-17,-7.081487526343324e-17,-4.82940717175449e-17,5.832147981681471e-19,1.5103634214889e-16,-6.665749582219512e-17,-5.585198904321065e-17,-1.491333134182989e-16,-5.653634655308185e-17,-2.2109263883308106e-16,1.3990508644991137e-16,-7.918453320304159e-17,-2.4001035489181676e-16,9.233610070692393e-17,2.4645548265389546e-16,4.1071070062322624e-17,2.6598645190052e-16,4.83476803803729e-17,-9.851500734375946e-17,-2.2959935679347395e-17,-2.3950238012462436e-16,-2.4238852542433316e-16,-2.6149461657316337e-16,8.821475232797927e-18,6.923832393988985e-17,1.1263342453136285e-16,-3.853384705336989e-17,7.917496864402706e-17,-6.045952705386381e-17,-4.2339597517304403e-17,5.443727324061025e-17,-3.2033338220828065e-17,-1.2353442538700555e-16,1.6252122143646972e-17,-5.102605506489119e-18,-3.2208355316559863e-16,1.2225297497599055e-16,2.396564045698169e-17,1.9818759964577698e-16,4.635355100687186e-18,-8.819006124467446e-17,6.9005128308563e-17,3.5263842926351703e-16,-3.11822112054922e-17,2.466717365108977e-16,6.208291041777247e-17,1.5423218073220632e-16,1.512129835150453e-17,3.463732813795346e-17,-1.5125717697176913e-16,-7.301682423687752e-17,-3.018760469090907e-18,-1.9702892765482486e-16,-1.515784730183264e-17,-1.0224171546351994e-16
CC1=CC=CC=C1P(C2=CC=CC=C2C)C3=CC=CC=C3C||OC([O-])=O.[Na+]||CO,CC1=CC=CC=C1P(C2=CC=CC=C2C)C3=CC=CC=C3C.OC([O-])=O.[Na+].CO>>,C_aae5f86119d2,CC1=CC=CC=C1P(C2=CC=CC=C2C)C3=CC=CC=C3C||OC([O-])=O.[Na+]||CO,CC1=CC=CC=C1P(C2=CC=CC=C2C)C3=CC=CC=C3C,OC([O-])=O.[Na+],CO,-0.26365475576253317,0.9915488887997187,-0.15412399736180765,0.32248622106950986,0.5496334743528059,-0.245409331556496,1.5266822375625606,-0.5084585430537782,-1.0360040403224677,2.508680959507178,-0.7254911804417579,0.4526474839779467,-1.643928286484191,1.4744995209589198,-0.23770256351032548,-0.5902568205259886,0.03820603240731996,-0.24296470019919017,-0.12285981085020838,7.643756513408869e-16,-5.661959715178242e-16,-6.802173727639663e-16,-5.124667968349714e-16,-1.418452538783951e-16,6.50515679914098e-16,-5.577300742633145e-16,-3.1353684174810496e-16,5.797493345231313e-16,1.1367229087573605e-16,1.4797941757654835e-16,6.598816292279947e-17,2.415220411046104e-16,3.4233807293836183e-16,-2.31042265044394e-16,-2.23754563116683e-16,1.9044478154569245e-17,-2.196206298493777e-16,2.565970337517222e-16,-9.847903683041329e-17,1.2817542605333424e-16,-1.8611354065362994e-16,-6.911134112330169e-17,2.320105589810473e-16,2.999203162618535e-16,-1.1112368207122017e-16,7.725107888098454e-17,-1.75066655272266e-18,-3.276910099158852e-16,3.24692869250481e-17,2.1687266212141609e-16,4.4266105913178396e-17,-5.0112871887304524e-18,1.4568283649258418e-16,1.9767245555859126e-17,1.3676791915013688e-16,2.0028258787866237e-17,-1.934289106206493e-17,-1.3176475182816765e-16,1.518813148931779e-18,4.181278543388304e-17,-5.0742389603188205e-17,3.4946254253866146e-17,-1.7048751857038553e-17,2.03076193555079e-18,-1.167654588779242e-16,2.0230422537960463e-16,6.744107889763383e-18,1.507547542578215e-16,9.62746706583887e-17,-1.0890811180270748e-16,2.617819684006694e-16,2.8727489175740566e-17,9.003773551449128e-17,4.405453495645255e-17,-2.0765025755263495e-16,-7.912950971195051e-17,-3.269972258460335e-17,1.2092583968730186e-16,-4.751759004165106e-18,1.3190722158239548e-16,-1.6267896843757743e-16,1.428663015479042e-16,1.0084154595553816e-17,1.2002179300156494e-16,2.9678140484668336e-17,2.3911324256060377e-17,1.32195578935865e-16,-7.912949879140039e-17,1.2480352540619782e-16,-1.749143469717138e-16,3.3059567216929266e-18,5.388477409378908e-17,-1.0702513799502021e-16,5.173934342033816e-17,-4.5554306296527186e-17,4.563726881531814e-17,1.281996297188439e-16,6.39863656978187e-17,2.3257238739463527e-16,-9.942675122868306e-17,-1.365609969610968e-16,-2.583053715239027e-16,1.2033509928380765e-16,1.3610194234417619e-16,-2.6351301968717602e-17,-1.6317289087204505e-16,1.1606127396082781e-17,2.4034222428503605e-16,3.5492521693240494e-17,9.588605013768524e-17,1.0181765071857212e-16,-2.338474608328123e-16,2.138231136900783e-16,-8.925566416494515e-17,-1.2071750253441963e-16,-1.5365803192642217e-16,9.678303601281484e-17,2.3730513406696884e-16,6.513682377887829e-17,2.7601841177225963e-17,-1.4384361967186902e-16,-1.9203881394390566e-16,2.1119338281305782e-16,-3.0885693215762083e-19,-2.419303068775843e-16,1.2061728482403212e-16,-6.737480461457336e-17,-1.1131301575354748e-16
CCCCP(C12C[C@@H]3C[C@@H](C[C@H](C2)C3)C1)C45C[C@H]6C[C@@H](C5)C[C@@H](C4)C6||OC([O-])=O.[Na+]||CO,CCCCP(C12C[C@@H]3C[C@@H](C[C@H](C2)C3)C1)C45C[C@H]6C[C@@H](C5)C[C@@H](C4)C6.OC([O-])=O.[Na+].CO>>,C_db1593d3d8d9,CCCCP(C12C[C@@H]3C[C@@H](C[C@H](C2)C3)C1)C45C[C@H]6C[C@@H](C5)C[C@@H](C4)C6||OC([O-])=O.[Na+]||CO,CCCCP(C12C[C@@H]3C[C@@H](C[C@H](C2)C3)C1)C45C[C@H]6C[C@@H](C5)C[C@@H](C4)C6,OC([O-])=O.[Na+],CO,-0.8853811771272792,-3.1922335638057366,-0.1541239973618063,2.712839121919756,0.5496334743528027,0.4911992976161386,1.5266822375625613,-0.9806476207765273,0.5753078969520404,0.06697642453299588,-0.725491180441757,-0.35554907531950425,-1.643928286484188,1.4744995209589196,-0.237702563510326,-0.0069615529941271575,0.03820603240731977,0.03706496796135607,-0.12285981085020858,3.8798753038893034e-16,-5.171427137853825e-16,-1.978269989426422e-16,-4.47838986862227e-16,-7.233604773433819e-17,4.968603591457807e-16,1.6932685163224448e-16,-9.612059420344961e-17,1.7782857403535893e-16,5.64182091746604e-17,2.440297969162905e-16,-1.3356656455548947e-16,-2.319530841515474e-16,2.764453768063761e-16,4.829393917254292e-16,1.8819700523060404e-16,2.077313118145736e-16,-6.590676708544297e-16,2.084589978099639e-17,-4.434137373058229e-16,-3.1143119226397597e-16,-2.0263828276174756e-16,1.0708386920894928e-16,2.0493464122678566e-16,-2.0601601947750396e-16,-7.621871327496651e-17,-1.3916084412764882e-16,-1.1900558246402697e-16,-6.519780034245169e-17,6.084886112407084e-17,3.044903019297138e-16,3.072969178091221e-16,5.685461058607205e-17,-2.4352714586709097e-16,2.0962440864947956e-16,1.7039720937565172e-16,2.9047936604270796e-17,-3.313297708316784e-17,1.0901704837210666e-16,-9.58150238273821e-17,1.358039045786528e-16,-5.505517796244351e-17,-1.834903402638657e-18,1.7081122691121476e-16,-3.354451821396051e-16,4.475797808797917e-18,1.403888463254499e-16,-3.567817345302813e-17,9.585849937070845e-17,-2.2395153347188318e-17,-8.382703401530635e-17,-2.6992456143324787e-18,-1.426682335612487e-17,-2.9146711855283877e-16,6.69703733860199e-17,-2.1463674446096596e-16,-2.1707317924512287e-16,5.2979926039568187e-17,-1.7474563389364097e-16,7.767656339457202e-18,-1.4755061657562834e-16,1.9225986579222877e-16,1.1358932603916895e-16,-5.125726581806999e-18,7.979097637268184e-17,7.388046807411709e-17,-8.576836881480999e-17,-1.1758947610487972e-16,-4.7578188474322875e-17,1.7186097724228796e-16,-1.7759828766902147e-16,-1.159572439751062e-16,1.1545505988341152e-16,-7.216878642214483e-18,1.6956201030296505e-17,-3.827865917177906e-18,8.723905705562266e-17,8.003945649829565e-17,-2.1702313102725465e-16,2.238717005187918e-16,-9.933080732220515e-17,-3.3548295418759524e-17,-7.96494201065487e-17,2.4789831308355256e-16,-2.393631377754439e-16,1.1735941386024689e-17,-1.0192738655866629e-16,-1.7569250513075312e-17,2.1877852361618863e-16,-3.596431292736761e-17,-7.871565507179643e-17,1.0126573740252936e-16,-5.60166532986004e-16,3.090970927597766e-17,5.788911359383986e-17,-1.2668066135386804e-17,-1.7155637594052993e-17,3.0297936177409577e-17,-2.105450477549095e-16,-1.6111123731409928e-17,1.4613282966015917e-16,6.4869182596381574e-18,7.115149757065005e-17,-8.035684697765578e-17,2.806023222954138e-17,-8.941475750660229e-17,-3.367770497263167e-16,-4.273160924459584e-17,3.0225578453671896e-17
COC1=CC=CC(OC)=C1C2=C(P(C3CCCCC3)C4CCCCC4)C=CC=C2||OC([O-])=O.[Na+]||CO,COC1=CC=CC(OC)=C1C2=C(P(C3CCCCC3)C4CCCCC4)C=CC=C2.OC([O-])=O.[Na+].CO>>,C_5d32303f838a,COC1=CC=CC(OC)=C1C2=C(P(C3CCCCC3)C4CCCCC4)C=CC=C2||OC([O-])=O.[Na+]||CO,COC1=CC=CC(OC)=C1C2=C(P(C3CCCCC3)C4CCCCC4)C=CC=C2,OC([O-])=O.[Na+],CO,3.697093256973161,0.21873148620968075,-0.1541239973618077,-0.16998697856093659,0.5496334743528027,-0.1375311512533512,1.5266822375625617,1.0255047079947912,1.955111693998353,0.8801350735997558,-0.7254911804417565,-0.3971125427888247,-1.643928286484188,1.4744995209589196,-0.23770256351032493,0.2550985408775035,0.03820603240731981,0.026042369234241088,-0.12285981085020832,-8.320773345311244e-16,-3.3366291788756447e-17,4.779669845507387e-16,-4.044962412978728e-16,4.3296176074084286e-16,1.644340443582358e-16,1.6831356621096402e-16,2.1092614149347135e-16,2.5585077248798503e-17,6.09098151290515e-16,5.741588220766069e-16,-3.0872848629876094e-16,-4.805495682032956e-16,-2.8757711659062812e-16,-6.25939689114513e-16,-2.4096020757952496e-16,3.3554692196551085e-16,-3.260274713436054e-17,-9.076101317982312e-17,-1.3168483230857185e-16,-1.216484618968529e-16,1.4379077901085088e-16,5.442861583575604e-17,1.2591152828428934e-16,-4.4230908775643436e-17,1.4613902278895077e-16,-5.4733889780076303e-17,-1.011737598738011e-16,-9.24216144762152e-17,4.711647813553985e-17,7.810971487661984e-17,-2.0653650721020996e-17,-1.62389749025617e-16,1.0462811022784785e-16,1.5917796004430402e-17,-4.0186867826758016e-17,-5.2861588723127997e-17,1.476907236686175e-16,1.3062724078144482e-16,4.855408590505384e-17,-1.244041492034458e-16,-4.177161575352073e-17,1.5246492858845935e-16,1.6050792619073544e-16,-6.720942500380406e-17,-1.3790602150366043e-16,-2.03638500298651e-16,-1.9653306226119033e-16,6.798539543541844e-17,1.420361311634416e-16,-1.1949827046279004e-16,-1.7343151158841316e-16,-2.78428509252067e-17,2.7238876808613468e-17,3.5765544007852334e-17,-4.957163949915363e-17,-3.619937174259183e-17,-1.0200527522599152e-16,1.4858507795035486e-16,-2.3429809943238496e-17,-6.658838807023429e-17,-1.8633779323967273e-16,-1.1242011012140953e-16,2.7270827942123645e-17,-2.51565792394423e-16,2.3495651608380403e-16,-1.4882044659933637e-16,3.073925251874833e-17,5.893499880587897e-17,1.0967113795904288e-16,9.468179356889333e-17,8.445483799509264e-17,1.3239104274280196e-17,1.2705057857483443e-16,-1.885017851357624e-16,1.355253777025709e-16,-3.154728364110965e-17,5.676687229061156e-17,-8.85503647900737e-17,9.118316742144657e-17,4.0689787463321543e-16,1.5149548534647547e-16,2.4565917550556924e-17,-6.412346352599903e-18,-3.1050488110716446e-17,1.316644600124654e-16,1.4058009388866069e-16,8.280995454677576e-17,2.0922601331298504e-16,-7.602287749499103e-17,-9.403309470341412e-17,-1.579336785529802e-16,1.8039725241460338e-16,6.545870607275499e-17,-1.513315755886489e-17,-1.052851871391702e-16,2.4726164529238227e-16,-6.272409636502104e-17,-5.432226069793805e-17,2.7850906222729274e-16,1.6317811020486847e-16,-9.335347433132414e-19,6.440572032298105e-18,-2.366806863570249e-16,-1.629160177079447e-16,7.321052677847889e-17,-1.5819723507257105e-16,-4.0526178034989985e-17,1.198768778954252e-16
CC(C)(P(C(C)(C)C)[c-]1cccc1)C.CC(C)(P(C(C)(C)C)[c-]2cccc2)C.[Fe+2]||OC([O-])=O.[Na+]||CO,CC(C)(P(C(C)(C)C)[c-]1cccc1)C.CC(C)(P(C(C)(C)C)[c-]2cccc2)C.[Fe+2].OC([O-])=O.[Na+].CO>>,C_cf961a559337,CC(C)(P(C(C)(C)C)[c-]1cccc1)C.CC(C)(P(C(C)(C)C)[c-]2cccc2)C.[Fe+2]||OC([O-])=O.[Na+]||CO,CC(C)(P(C(C)(C)C)[c-]1cccc1)C.CC(C)(P(C(C)(C)C)[c-]2cccc2)C.[Fe+2],OC([O-])=O.[Na+],CO,-1.5678166466947503,-0.5445544539407906,-0.15412399736180835,-1.8306686961429994,0.5496334743528054,1.1506141613685523,1.5266822375625637,-0.341744880418535,0.9228435721645191,-0.12806008460238116,-0.7254911804417579,1.7193547786868044,-1.6439282864841966,1.4744995209589218,-0.23770256351032673,-0.3755240042558049,0.03820603240731925,0.6986574594526087,-0.12285981085020847,3.605076159306032e-16,4.674892742646926e-17,-4.953559958645982e-16,9.085366957926576e-17,-3.7292744735380435e-16,2.7591775025882725e-16,-1.258960781979934e-16,8.203305204545595e-17,-3.5304860261229e-17,1.6804472939812458e-17,2.0667310814525028e-16,2.474094568440232e-16,1.3131461401099765e-16,-6.444925090518602e-17,-2.5071613582422777e-16,-3.1540760737657277e-16,-1.1744713904742086e-16,2.6823181274530876e-16,1.3927544695881714e-16,-1.2907140726518502e-18,3.3607086742155004e-17,-1.0160992138519362e-16,2.871091122227048e-16,1.310180136910584e-16,6.133256072514686e-17,-3.045123289043881e-17,-1.1047043804857316e-17,3.531538298852774e-16,1.3505017710313977e-16,1.1350561100175518e-16,-1.447851966862751e-16,5.691716410682319e-17,4.1618897329972637e-17,6.732947920275133e-17,1.492077662192287e-16,-4.661453310264341e-18,-2.740870291461836e-16,-1.8489891507903174e-16,9.294440453998901e-17,-9.774080671415741e-17,2.6815409007538964e-16,-1.2843680597444051e-16,3.5809000651530234e-17,8.415348794620083e-17,3.6893059143603915e-17,-1.6627567379408737e-16,-2.25991181112479e-18,-1.2417229754633225e-16,-8.009440998828842e-18,-5.828206162547756e-17,-1.205411713042765e-16,5.3457990924688377e-17,-1.914077210980306e-16,7.853336607413268e-17,-1.1935261514843431e-17,6.028720939220784e-17,5.314976470765647e-17,-8.993994949750626e-17,-7.65094225257763e-18,-7.737255938909738e-17,6.060232734125368e-17,-1.3696415310970956e-16,-5.3493143291011373e-17,-3.295059606819441e-17,3.2003918100708045e-17,-5.626104319556403e-17,4.756105978529025e-18,1.056797717398655e-16,-7.602603592490142e-17,7.803101662445321e-17,-6.420389599763769e-17,1.0276287806837994e-16,-4.3419472453083756e-17,-2.2126635548886712e-16,3.121000942503902e-17,8.734948125465471e-18,-1.9724948910638632e-16,-1.205702635102258e-16,-1.338586134385329e-18,2.484714224015452e-16,-2.3012853342086063e-16,9.569131204630894e-18,-1.4508246764883752e-17,1.026572304363882e-16,-4.0327846256391634e-17,-1.2321585572276673e-16,-6.373560943084874e-17,2.5322143830392513e-16,-8.54886251707181e-17,5.02757659188321e-18,1.510485684888041e-17,4.1125543816989985e-17,3.5930430709907825e-17,-2.249030158633563e-16,2.0337178184885694e-16,-1.157263000266655e-16,8.452604877784805e-17,2.6770813681263567e-16,-9.819658185911678e-17,8.561023572015494e-17,-4.233425299269684e-17,-4.149340150162782e-16,-8.20945814331364e-17,1.1173145616102921e-16,-1.4701162274707132e-17,8.037673516800246e-17,2.1439257019537112e-16,-2.6366759650475646e-16,-2.2268434934448845e-16
CC(C1=C(C2=CC=CC=C2P(C3CCCCC3)C4CCCCC4)C(C(C)C)=CC(C(C)C)=C1)C||OC([O-])=O.[Na+]||CO,CC(C1=C(C2=CC=CC=C2P(C3CCCCC3)C4CCCCC4)C(C(C)C)=CC(C(C)C)=C1)C.OC([O-])=O.[Na+].CO>>,C_d364dacec0f7,CC(C1=C(C2=CC=CC=C2P(C3CCCCC3)C4CCCCC4)C(C(C)C)=CC(C(C)C)=C1)C||OC([O-])=O.[Na+]||CO,CC(C1=C(C2=CC=CC=C2P(C3CCCCC3)C4CCCCC4)C(C(C)C)=CC(C(C)C)=C1)C,OC([O-])=O.[Na+],CO,4.095214292254156,0.06059900161019014,-0.15412399736180935,-0.5208425618983293,0.5496334743528039,-0.11150016598743288,1.526682237562561,-1.7351649042204007,-1.0409822672107312,-1.0072610296413134,-0.7254911804417578,0.3127331155945574,-1.6439282864841902,1.4744995209589205,-0.23770256351032618,0.08800205000734919,0.03820603240732,-0.0017897580635640284,-0.12285981085020856,-7.569466709312107e-16,-1.0787152770333809e-15,-7.841326259308073e-16,9.220553193416097e-17,3.50722684420433e-16,2.0022289246794809e-16,8.217190840821313e-17,-6.572686843982061e-16,2.869656022936882e-16,-3.2398812143652484e-16,4.312152904192578e-16,-3.930619083374271e-16,-9.522879731476448e-17,-7.076678137710977e-16,-3.120858556043605e-16,-8.62306387467924e-17,-1.9204191429051747e-16,-1.8759693961802642e-16,3.261936465560174e-16,2.220756792216212e-16,1.2471305921784037e-16,-1.0016914517833738e-16,-8.362872560779354e-17,-1.8974453756956316e-16,-1.4020451911607232e-16,3.059651127445231e-17,-1.3927573187593273e-16,-6.052201023178812e-17,3.113477110466006e-17,-1.2200215049757586e-16,1.8600923271665106e-16,-4.862535837977638e-17,-1.2487824332069198e-16,-3.857845135969717e-17,-5.178737832000852e-17,-1.2219857695238077e-16,-5.215091855206976e-17,1.6662022957704356e-16,4.348192783303408e-17,6.313723279672969e-17,1.0677179560758813e-16,-8.976893366546893e-17,6.546855237416589e-18,1.4434975316885913e-16,-8.947744982373431e-17,1.0389297256820234e-16,8.542894513279002e-17,-2.0416297741364066e-16,-4.712601136956158e-17,-3.863572773601197e-17,2.0440303323518604e-16,1.0275798975043023e-16,1.705963566281804e-16,6.562761975841701e-17,-1.446569451393641e-17,-1.6449564158116672e-16,1.3781421747752974e-16,-1.928683351665145e-16,1.0733273970266406e-16,-2.1325315178100872e-16,1.0111181693669353e-16,5.868509963265165e-17,1.5848338747964845e-17,-1.844307035832988e-16,-2.300649956308131e-16,5.787834173321598e-17,-4.3017446300697365e-17,-9.799918432826771e-17,4.31667227817954e-17,5.1665079831404495e-17,1.9582279074808334e-16,4.1774610349697245e-17,2.3319286553773544e-16,-8.627086358403663e-17,3.836156480577668e-17,1.7364260389347653e-17,-3.7354230786956683e-17,-1.214629066152941e-16,6.054795992359285e-17,-9.682268107669746e-17,-2.0262944312632292e-16,-1.02863481641862e-16,-1.0015072586681317e-16,2.695970656652336e-16,1.136323217272268e-16,-3.958687261245853e-16,-3.6930655725656537e-16,-1.1052609737071431e-16,-2.792948308613352e-16,7.487811352344026e-17,-3.9390348102330313e-16,5.900401633038844e-17,7.391333801860026e-17,6.188732205915908e-17,6.01982251898172e-17,1.1817615100113336e-17,1.0871214876590683e-16,7.352884163222894e-17,1.4950976725576813e-16,-2.004884035729304e-16,-7.36240893405024e-17,-1.7620078342779836e-16,-2.487707649092957e-17,2.512091419263915e-16,-8.950306063539491e-17,-3.758494333447326e-16,6.062899642965637e-17,2.1580643277692491e-16,2.0026379091318368e-17
[c-]1(P(C2=CC=CC=C2)C3=CC=CC=C3)cccc1.[c-]4(P(C5=CC=CC=C5)C6=CC=CC=C6)cccc4.[Fe+2]||OC([O-])=O.[Na+]||CO,[c-]1(P(C2=CC=CC=C2)C3=CC=CC=C3)cccc1.[c-]4(P(C5=CC=CC=C5)C6=CC=CC=C6)cccc4.[Fe+2].OC([O-])=O.[Na+].CO>>,C_f64694e7adb5,[c-]1(P(C2=CC=CC=C2)C3=CC=CC=C3)cccc1.[c-]4(P(C5=CC=CC=C5)C6=CC=CC=C6)cccc4.[Fe+2]||OC([O-])=O.[Na+]||CO,[c-]1(P(C2=CC=CC=C2)C3=CC=CC=C3)cccc1.[c-]4(P(C5=CC=CC=C5)C6=CC=CC=C6)cccc4.[Fe+2],OC([O-])=O.[Na+],CO,-1.3841208155545002,1.1338119037417695,-0.15412399736180968,-1.17857046976559,0.5496334743528037,2.0264914915776937,1.5266822375625595,-0.4876063293133132,0.32524259872946787,-0.37015865430257056,-0.7254911804417569,-1.486081881780209,-1.6439282864841838,1.4744995209589196,-0.2377025635103258,-0.2675297355448323,0.03820603240732037,-0.7958149782613761,-0.12285981085020825,-2.826724210217803e-16,-5.566998387888923e-16,-2.092657046189185e-16,-6.06239238620282e-16,-7.635750260997713e-16,2.659921936738173e-16,-4.801140048240697e-16,5.3030670276193557e-17,-1.1403558692913627e-18,4.711805874221865e-16,5.984689134349291e-16,-2.5848250729470896e-16,6.466775574974513e-17,-9.021690581316393e-17,-2.0865299659803355e-16,-1.4616543286227515e-16,-2.2945659704896124e-16,-1.4608945665569975e-16,-2.3625035468162706e-16,-1.6942614074432872e-16,1.836515047754525e-16,4.8632757544444107e-17,1.2223728089337868e-16,1.3380353137801566e-17,1.83763100741308e-16,4.246892444941766e-17,-1.2123216182290185e-17,-1.6366091256106628e-16,-6.351012068728638e-17,7.217916177021263e-17,1.3976402759677197e-16,1.9705723133232522e-17,7.387769210485225e-17,-1.2874136453752854e-16,-1.152026169228231e-16,6.738547497639166e-17,-3.896845165617315e-17,4.0310434893978454e-17,2.4790237873051295e-17,1.6200217574888184e-17,-1.3433180049041794e-16,3.488712754298416e-17,-1.352580841894006e-16,-2.3580660406209607e-17,8.537823649753691e-18,1.922540005481994e-16,-1.7959162351333882e-16,2.926237865014164e-16,-1.6372404644370722e-17,-1.0776029740883061e-16,2.658854601486024e-17,-9.831749603445779e-17,-1.647668040353333e-17,3.1199747564623333e-16,1.0667649869614083e-16,3.938952661881372e-18,6.874005648964993e-17,4.431849465344901e-17,-9.971842923919974e-17,-2.883284738376731e-17,5.162135711152703e-17,1.3702846509095631e-16,5.3472081069549526e-17,1.5930763924013193e-16,-1.6082525178536633e-16,-3.2676501309339014e-17,-2.731778059339911e-16,2.0011619794316323e-16,2.3535025644880757e-17,3.083579552642823e-17,6.98367748996347e-17,-3.9652560539516964e-17,1.0069505997320975e-17,-1.7029993811773352e-16,-7.83482885146685e-17,2.265368047506851e-17,3.488549579540766e-17,-2.7176127559243796e-16,-1.0164037084505764e-17,4.2072631868373895e-17,-9.240453767955601e-17,-2.353139348986869e-16,6.407290964707503e-17,2.0891601687722595e-16,-1.9862744401036517e-16,1.2768540612517994e-16,-3.1545303599021715e-17,-1.0568072822587212e-16,2.0180255987326154e-16,3.6873962254277406e-17,1.1015663533270702e-16,-9.076482294868515e-17,1.1184149174353052e-16,5.883804521807454e-17,-1.123892045629605e-16,1.0311664889074336e-16,9.971301862036301e-17,1.050997191736025e-16,-2.5204200140845626e-16,5.298117070079608e-17,1.340766694835421e-16,1.1418899440997224e-17,-7.373695247476511e-17,9.119076712177326e-17,3.948059021613119e-17,9.499222252269627e-17,2.322519057313862e-18,5.130828360448919e-17,-8.698369260192851e-17
CC1(C)C2=C(OC3=C1C=CC=C3P(C4=CC=CC=C4)C5=CC=CC=C5)C(P(C6=CC=CC=C6)C7=CC=CC=C7)=CC=C2||OC([O-])=O.[Na+]||CO,CC1(C)C2=C(OC3=C1C=CC=C3P(C4=CC=CC=C4)C5=CC=CC=C5)C(P(C6=CC=CC=C6)C7=CC=CC=C7)=CC=C2.OC([O-])=O.[Na+].CO>>,C_5888cda208c2,CC1(C)C2=C(OC3=C1C=CC=C3P(C4=CC=CC=C4)C5=CC=CC=C5)C(P(C6=CC=CC=C6)C7=CC=CC=C7)=CC=C2||OC([O-])=O.[Na+]||CO,CC1(C)C2=C(OC3=C1C=CC=C3P(C4=CC=CC=C4)C5=CC=CC=C5)C(P(C6=CC=CC=C6)C7=CC=CC=C7)=CC=C2,OC([O-])=O.[Na+],CO,-0.7608527313618179,3.057345820275928,-0.15412399736180724,2.3402065376541152,0.5496334743528019,-0.5112817700760037,1.5266822375625624,0.3559284257571049,0.4501099621363093,-1.1207264892083717,-0.7254911804417573,0.8357285648736678,-1.6439282864841926,1.4744995209589213,-0.23770256351032662,-0.34191861228964515,0.03820603240731988,-0.161278028798251,-0.12285981085020851,-8.698641619210319e-16,-3.8782611808987216e-17,-6.98220923283222e-16,5.21870026155432e-17,4.883603598377562e-16,3.722973629803761e-17,5.940145122106297e-16,5.582179895419842e-17,7.051052349136891e-17,1.7034069391263607e-16,4.2448211048776957e-16,8.299733819725801e-18,-3.331589428101507e-16,1.0814829815608695e-16,1.290442948148555e-16,2.955669023969212e-16,2.8456567301394135e-16,-3.5537475226543677e-16,-3.7193837652203014e-16,-1.2250384012077593e-16,6.405499925584581e-17,1.3675618787592032e-16,1.69838364799137e-16,-4.871753027220242e-16,1.93112796654511e-19,5.767334568218418e-17,-9.192404480956545e-17,1.6657660137675413e-16,1.697248729458556e-16,6.636868154417001e-17,-6.370010231400962e-17,1.7530728673303867e-16,-1.4628411731226688e-17,1.4110297571052872e-16,2.4950779473308017e-16,-1.5958710069200705e-16,-1.1571154298717885e-17,2.084772060644862e-17,7.717467212635067e-17,2.153596679896945e-17,2.0197078667209478e-16,-5.60509280534464e-17,-4.094253739905438e-17,-3.780655038155913e-17,-8.477805374948174e-17,1.1970188145670333e-16,-1.2023118319009878e-17,-9.805765605154987e-17,8.0541409093129e-19,2.1142465494296412e-16,-1.1205242395318616e-16,6.385769149128126e-17,8.624100297881232e-17,4.0971952082463543e-17,1.4107340621761814e-16,1.4035194659143828e-16,-3.940847594562177e-17,-5.655876323313094e-17,1.9174940186277913e-16,-8.11865354635461e-17,1.4603519522525265e-16,1.2149904578178014e-16,-3.3282966480791036e-17,1.7946111456584602e-16,2.0315479605277287e-17,-1.6149702775650626e-16,-2.394626712230969e-17,1.2363382158330554e-16,8.899704106106127e-17,2.2651123799645867e-17,-9.697675592350913e-17,-2.2871201849351e-17,-1.4678669060886386e-17,-8.187580960884136e-17,-1.0831860061181251e-16,-6.333905443796865e-17,2.036290100900213e-16,1.2770901543650145e-16,1.2666197339222681e-16,-2.7693950061666826e-16,-1.0650173284181045e-16,5.532446670854899e-17,3.761761584411215e-17,-1.4923972504942816e-16,-1.8821794987711307e-17,1.8313611909826312e-16,8.51010576088678e-17,8.150203807584981e-17,2.6121524974149763e-16,2.2784571592802808e-16,9.508866795400121e-17,9.429635862999386e-17,-3.223882969612022e-17,-5.3938697699681614e-17,3.887880138751148e-17,-1.2496761232087833e-16,-7.622876817014674e-17,2.709501573061385e-16,6.13214060787489e-17,-1.1327381120971474e-16,-3.0765613467274414e-17,1.337868889175722e-16,4.107726827437076e-17,8.887878110341024e-17,-1.698310665737733e-17,-1.3283403447730353e-17,4.736896467399204e-17,5.012644152603702e-17,-6.31654807831076e-17
CC(P(C(C)(C)C)C(C)(C)C)(C)C||[Cs+].[F-]||CO,CC(P(C(C)(C)C)C(C)(C)C)(C)C.[Cs+].[F-].CO>>,C_60cb0bec3663,CC(P(C(C)(C)C)C(C)(C)C)(C)C||[Cs+].[F-]||CO,CC(P(C(C)(C)C)C(C)(C)C)(C)C,[Cs+].[F-],CO,-1.224289551208006,-0.6982614233068843,-0.15412399736180932,-0.5409122448896085,0.5496334743528051,-0.48093282746035126,-0.14789304776185067,0.5164120737207387,-0.35796807424654753,-0.0047764698179396745,-0.14750791509000508,0.8719731108561652,0.40577940117256467,1.4744995209589173,0.8459211800026418,1.6703602962318318,1.2513664519728338,-0.7970487546071362,-0.0027235015621951235,-1.7011072771849007e-16,8.079998072693644e-17,1.958396370842756e-16,-7.052859867353306e-16,-3.5245339772023795e-16,2.022788248128271e-17,-3.2059454358123136e-16,-5.114066078356937e-16,2.6939334176175238e-17,3.397874481642963e-16,-1.0673828360706669e-17,-1.920085013713997e-16,-1.3678153459142046e-16,4.1419902223440654e-16,1.4120894670055773e-16,-1.447168362663298e-16,-6.220951030828806e-17,-2.3691007088736806e-16,-4.3202792231725684e-16,-2.489569873147347e-16,1.658281851025287e-16,2.693977651040769e-16,5.288301718554851e-17,-2.4989832884463647e-16,4.228402412231753e-16,1.6771585710925547e-16,-2.3540873384908843e-17,-1.8391541215699413e-16,1.9030979284678667e-16,2.532002102145821e-17,-1.245241862296108e-16,1.6294461275790755e-16,-6.334574130923736e-17,2.698261889772155e-16,1.8308751268163316e-16,-4.3672184922446487e-16,1.6979197936609337e-16,4.8646053464893085e-17,1.2343208110762272e-16,1.07586926392869e-16,4.999977711922039e-17,1.1227551206110931e-16,-1.6267052329384517e-16,-9.223223228464354e-17,-2.821524232619679e-17,-3.393225532500391e-16,1.7184656099379144e-16,9.981964698011471e-17,9.011963782861702e-17,2.1215627238192947e-16,2.3666082911150634e-16,1.144389832224145e-16,1.9237075632639898e-16,-2.3555495494670066e-16,1.0609727201745424e-17,-1.3249769570944959e-16,4.9803484165138894e-17,-8.836642440310424e-17,6.878766893448775e-17,1.7019809115304733e-16,-1.5325465039490047e-16,-1.32465541732043e-16,4.223049630602257e-17,-1.0782565787939755e-17,1.0538185235045792e-16,-7.647699272911145e-17,-1.24959028450931e-16,-2.0968590988315546e-16,1.5411046468673403e-16,-1.0362597741080072e-16,-1.1448593744383271e-16,8.595779001026901e-17,1.4716613584813331e-16,1.6270309872910267e-18,-2.0379354783734765e-16,1.110785091058652e-16,-1.5122648254626232e-16,-1.9646314142853896e-16,-3.0677016576393667e-16,-2.667978463968099e-16,-1.3752717261058327e-16,-2.927895511346346e-16,-3.737846184799772e-17,5.074166649646794e-17,-4.081913695217066e-16,-2.820293223648706e-18,1.4405125532925137e-17,-7.660157009143572e-17,-1.2951166646196355e-17,3.6759059297280646e-16,-1.7620727207109266e-16,-7.930301922615659e-17,1.820874083732205e-16,-1.3676976535679434e-16,-4.1259690014996872e-16,4.151116261187172e-17,1.8541150854005114e-16,1.5096778495502662e-16,1.4848605532401236e-16,-7.686956638647784e-17,-4.413941888434494e-17,4.058072489152772e-18,1.332554151156133e-16,2.2092015236066182e-16,-1.1251137554096068e-16,1.4592862174262008e-17,-1.2864633295698282e-17,-1.1965954895952788e-16,-5.104117743369476e-17
P(C1=CC=CC=C1)(C2=CC=CC=C2)C3=CC=CC=C3||[Cs+].[F-]||CO,P(C1=CC=CC=C1)(C2=CC=CC=C2)C3=CC=CC=C3.[Cs+].[F-].CO>>,C_b029182e47d3,P(C1=CC=CC=C1)(C2=CC=CC=C2)C3=CC=CC=C3||[Cs+].[F-]||CO,P(C1=CC=CC=C1)(C2=CC=CC=C2)C3=CC=CC=C3,[Cs+].[F-],CO,-0.9376336432096942,1.2345744235185014,-0.15412399736180912,0.236849068407483,0.5496334743528042,0.2786396779026141,-0.14789304776185272,0.2194992933003445,-0.7800009929116303,0.14740606941524667,-0.14750791509000458,-1.1263128578207324,0.40577940117257283,1.474499520958917,0.8459211800026419,0.9338159119711466,1.2513664519728316,1.2462422126349626,-0.002723501562195078,-3.141661823521962e-16,-5.915496525101585e-16,2.520377041440037e-16,-3.499303237815201e-16,-4.88586221419341e-17,-9.490332398513823e-17,-1.032639242741596e-15,5.867707849044597e-17,4.0484214096252646e-17,9.844152576844698e-17,3.324427048442457e-16,-3.7860754931886027e-16,-5.415260358644931e-17,-1.5913791179623898e-16,-8.697635756955285e-18,4.3029290953164434e-17,1.9847433521657854e-16,4.108941852870222e-16,4.257891771535051e-16,-1.7786354756363635e-16,6.365217903584584e-17,1.8720547334568903e-16,2.533149052661425e-16,7.244233549503128e-17,-2.732057018867267e-16,1.8969838753085311e-16,-1.1330314284204335e-16,7.067545609643002e-17,-8.68643263809505e-17,2.949435143132894e-17,-1.247032746432236e-16,-1.1729964562626704e-18,-8.356368964178784e-17,4.6594961884329257e-17,1.1549726444085532e-16,4.204396112666097e-17,2.2680201509891383e-16,4.754365261245348e-17,-8.971711321455394e-17,7.225753662531729e-17,-1.8168256985096683e-16,1.0869483749635914e-16,2.2986985869717753e-16,-2.5745724501158625e-16,-4.373745608484566e-17,4.605416899732263e-17,-3.7829757402424356e-17,3.4130261277018716e-17,4.085507130287161e-16,8.810197008660253e-17,8.104663607595063e-17,7.341379656270326e-17,7.58055766556831e-17,7.986067743882638e-17,7.233606046394452e-18,-1.0250984315875942e-16,-7.211188160071327e-17,3.939200138986193e-17,9.387893619429915e-17,-6.849264957967162e-17,1.9115321345888683e-16,4.133608175378664e-18,-4.9824516594586864e-17,-1.9071715208956116e-16,1.3806629148823823e-16,2.8450107673767566e-17,-3.002795626278216e-17,-8.812531807530509e-17,-8.278897586848414e-18,-1.410931816207128e-17,6.797122205317313e-17,-2.430977933992752e-16,-1.504515651535418e-17,-2.190121456115582e-16,2.876419050184136e-17,-1.1553716875186764e-16,9.671355900197807e-17,-6.162107964355678e-17,1.180627140212577e-16,1.0318298764352343e-16,-3.096948930351403e-17,2.1384178978647446e-17,1.6051594068391875e-16,8.331396743334752e-17,-1.9946674536145462e-16,2.1938824873872688e-16,7.106268799253168e-17,-8.222761973406469e-17,3.3908390556229823e-17,-2.155071449146017e-16,-1.2296690662403349e-16,-7.861570497165451e-17,-1.7891371774448533e-16,-1.2458468886658436e-16,2.1926146440995864e-16,-1.0156727592152479e-16,-1.853097316614877e-16,1.0397691309144973e-16,-1.6144810132791725e-17,1.0569287771546969e-16,-5.567624541317762e-17,-5.603616216190953e-17,-8.137607472775896e-18,-1.607881979179418e-16,2.189996362456251e-16,1.456800158975122e-16,-1.732762875435778e-16,1.6477555558960324e-16,2.6498035452263404e-16
CC(C)(C)P(C(C)(C)C)C1=CC=C(N(C)C)C=C1||[Cs+].[F-]||CO,CC(C)(C)P(C(C)(C)C)C1=CC=C(N(C)C)C=C1.[Cs+].[F-].CO>>,C_1628add27d99,CC(C)(C)P(C(C)(C)C)C1=CC=C(N(C)C)C=C1||[Cs+].[F-]||CO,CC(C)(C)P(C(C)(C)C)C1=CC=C(N(C)C)C=C1,[Cs+].[F-],CO,-1.5782981121882067,-0.6507387560859171,-0.154123997361809,-1.3390820507081516,0.5496334743528034,-3.023312088182811,-0.147893047761852,-0.26903145405851053,0.35103460862731534,-0.3959375129998085,-0.14750791509000435,-0.8157423012752556,0.4057794011725715,1.4744995209589178,0.8459211800026406,-0.5617383596306834,1.2513664519728316,0.02050318097610369,-0.002723501562195001,1.0920443266859913e-15,-2.2189495587909396e-16,2.437723200916441e-16,-2.733984288761827e-16,-1.7264333786333513e-16,9.617345831761565e-17,4.2521091034844683e-17,1.8766851002833928e-16,7.801158726300863e-17,2.4757653307348122e-16,2.3291594010599213e-16,-3.0366606243471435e-16,-3.8520643933990042e-16,-1.3261542894702537e-16,-4.170956836985866e-16,-8.20756414414846e-17,2.0412148894124733e-16,2.3279113931340547e-16,1.9302503870672014e-16,-1.4705354261180989e-16,3.5734638320113616e-16,-3.4912870408133346e-16,-1.0172644167570144e-17,7.857978961333795e-17,-1.3978618582290286e-16,2.2397419261668757e-16,-2.2909910978226964e-16,-7.03786320255437e-17,-8.619953613623268e-19,3.160788935372243e-18,-9.108211332799953e-17,1.5115419839647855e-16,-3.075691851548285e-17,-8.115198367406156e-17,6.08349477791813e-17,-3.154921280935345e-17,3.074012395491098e-17,-1.3831299011225242e-16,5.889689258748139e-17,6.150633897025939e-17,-1.826925321722509e-17,3.289712647666067e-17,8.444140699357752e-17,1.3504249293280817e-17,9.364648552615447e-18,-4.325011939819e-17,1.8222674752453453e-16,2.0799554706706558e-16,-7.727325962796289e-17,4.597114664947093e-17,1.7972507831933506e-16,-1.1583464018234594e-16,-5.003768111119683e-17,1.5565455151530343e-16,-9.719900113047044e-17,-6.942236334465548e-18,-3.2683365624965555e-17,-5.196056783428127e-17,-1.0129954617202126e-16,2.2065068505753935e-17,5.845838323141766e-17,-1.6764217577146993e-17,-2.8551932377549017e-17,1.1233454309779612e-16,-1.2010982344782639e-16,-5.397612386964454e-17,-1.4811254849978255e-16,1.5569094195242635e-17,-1.864407961705422e-16,-1.8373668203709069e-16,-1.2709527735756238e-16,1.689330789680143e-16,-9.465482754347486e-17,7.035304641351938e-17,9.935154356223344e-17,-1.307734272874466e-16,8.087140018780934e-17,6.259160848550533e-17,-4.545510983738685e-17,-1.1545743172309049e-16,-4.358035336670099e-17,-6.4301916477737475e-18,2.5671083997217513e-17,1.3822113836647989e-16,1.274995344394334e-16,6.721471083613219e-17,-5.687298672303682e-17,-8.457039519899074e-17,-5.613829499965629e-17,-8.947953249054946e-17,1.8469411178291227e-16,3.663262833560712e-17,-6.106100216894238e-17,2.934449118780969e-18,-7.050690014333814e-17,-1.6185935607034728e-16,9.364830981563349e-17,2.226801445276364e-16,1.1953562743794624e-16,5.3772824932199315e-17,-1.0570635463385985e-16,6.13236590505955e-17,4.458519996780691e-17,6.375320663338041e-17,3.211371955900871e-17,-4.742870598734117e-17,2.65252978306729e-17,4.326692235404004e-17,-9.483997967951058e-17
P(C1CCCCC1)(C2CCCCC2)C3CCCCC3||[Cs+].[F-]||CO,P(C1CCCCC1)(C2CCCCC2)C3CCCCC3.[Cs+].[F-].CO>>,C_31afe3450540,P(C1CCCCC1)(C2CCCCC2)C3CCCCC3||[Cs+].[F-]||CO,P(C1CCCCC1)(C2CCCCC2)C3CCCCC3,[Cs+].[F-],CO,0.8097398838794678,-1.6108233270164571,-0.15412399736180837,-0.03231794708524447,0.5496334743528039,0.5630227060514399,-0.14789304776185136,2.2053092310680893,-1.3646949579166305,-0.5762782864827906,-0.14750791509000527,-0.011638395004673795,0.4057794011725688,1.4744995209589182,0.8459211800026406,-0.8033477138467465,1.251366451972832,-0.029613970329750182,-0.002723501562194967,5.795043008796301e-16,-3.524129430580534e-17,9.243791515226961e-17,-4.1456844689213616e-16,-3.0916366105016197e-16,-1.1965993774699545e-16,-4.907202301832019e-16,1.8461907172199266e-16,-4.233426604574152e-16,3.7688447544133906e-17,4.779109682292473e-16,5.831006748501122e-17,2.1240143100623988e-16,-3.3397368441907845e-16,4.0202964691174984e-16,-2.233921790755864e-16,8.95016755982145e-17,6.99138792510023e-17,3.51015720974024e-16,7.662977570230586e-17,-1.1931284211754349e-16,2.5305799281956615e-16,-2.998978981085955e-16,7.155014224003686e-17,-4.358317947524849e-16,-4.2939913789778537e-16,-6.790329044451116e-18,3.3157600144197425e-17,1.3023204824297091e-17,1.0630705239401093e-16,-1.600974520301752e-16,-2.516759365149505e-16,-1.9777448860301126e-16,1.1838029813214105e-16,-1.6089556827737447e-16,2.388119352866673e-16,-7.436153547159143e-18,-1.0502022207294156e-16,-5.827539781710192e-17,-1.6824708687708447e-16,4.734382650390328e-16,2.972164384639774e-16,3.0752171669432596e-16,2.0459111133484005e-16,-7.06808617825931e-17,-3.316507995253809e-16,-4.0523243879618725e-16,-8.621319659488696e-17,1.9660046944971323e-16,2.1095812374744944e-16,-7.689711697210507e-17,-1.1522070050779886e-16,6.83442042513246e-17,8.612330889689724e-17,-1.0454743698571563e-16,1.0025356760797592e-16,-2.0625711249103993e-17,6.106292464401856e-17,1.4273393923568597e-16,1.0139308219600674e-16,-4.7293661135719145e-17,-3.4138113611874992e-18,-1.8540939277960433e-16,1.8063363063462083e-16,1.4113108632211132e-16,-8.61487601448262e-17,-4.294075434260561e-17,6.511668057809939e-17,-2.666302272701875e-16,1.9678396493548382e-16,-4.596711524355058e-17,-4.7359230338187835e-17,-4.089091686558671e-17,9.57747921030587e-17,1.6670762184216683e-16,-3.043940921645571e-16,-1.2748921234375054e-16,-5.518100636413377e-16,-2.139426595870852e-16,2.5432187536698e-16,-4.688965817274697e-17,2.8485161066466214e-16,-9.194569427939365e-17,1.1255828532060147e-16,-2.693513077211952e-16,4.364847699618952e-17,6.291431415869429e-17,2.342663920173824e-16,1.4751621007036577e-16,1.9975594137213732e-16,-1.1902802061645283e-16,3.8109682305203144e-17,-2.592434773925753e-18,4.972665632079146e-17,-1.9870762915712627e-17,-1.6118539043239155e-16,2.1943053164480583e-16,-2.975142059201078e-16,1.6969661051215749e-16,-5.318952986279902e-17,1.1097644748910121e-16,5.1609542250825425e-17,-2.440509662509361e-16,7.708346819015513e-17,-7.661380887132849e-17,-8.434723995149423e-17,-4.4378777565080197e-17,8.182834535016626e-17,-5.7121038789780746e-18
CC1=CC=CC=C1P(C2=CC=CC=C2C)C3=CC=CC=C3C||[Cs+].[F-]||CO,CC1=CC=CC=C1P(C2=CC=CC=C2C)C3=CC=CC=C3C.[Cs+].[F-].CO>>,C_4273a165d325,CC1=CC=CC=C1P(C2=CC=CC=C2C)C3=CC=CC=C3C||[Cs+].[F-]||CO,CC1=CC=CC=C1P(C2=CC=CC=C2C)C3=CC=CC=C3C,[Cs+].[F-],CO,-0.26365475576253317,0.9915488887997187,-0.1541239973618079,0.32248622106950986,0.5496334743528073,-0.2454093315564958,-0.1478930477618517,-0.5084585430537784,-1.0360040403224664,2.5086809595071786,-0.14750791509000524,0.4526474839779569,0.40577940117256606,1.4744995209589173,0.8459211800026413,-0.5902568205259898,1.251366451972832,-0.24296470019918934,-0.0027235015621948685,-4.58291734899389e-16,-5.570006214253937e-16,1.96827033167468e-16,-3.6053583692297083e-16,-2.0486857798784497e-16,5.5495693780296253e-17,1.2069443691326972e-18,-1.4235119087411248e-16,3.622381506106046e-16,8.500296745766263e-17,9.328416186901953e-17,2.454617438446448e-16,-1.5758562618254217e-16,1.1281734269600658e-16,-4.209711119695587e-17,6.383154944788603e-17,-9.570085876922716e-19,3.3001025360931293e-16,1.7749457519497724e-17,-6.444529399733002e-17,5.664163824149578e-17,1.2490863780137064e-16,-4.2371380707181406e-17,-1.949173588560415e-16,7.573881363165494e-17,1.457951273912792e-16,7.673226864529495e-17,1.0169310922976548e-16,2.0019193053344495e-16,-1.479840131451994e-17,1.3876178998968384e-17,-3.361011060222193e-17,-4.96973209096618e-17,3.9210340837764655e-17,-1.1953433942893179e-17,8.547276408788921e-17,-6.50182585777453e-17,-5.466253713918646e-17,9.800031909490612e-17,8.187457769274122e-17,1.919286756684154e-16,-1.7043681776890646e-16,9.39041078896736e-17,8.670419127769472e-17,-3.3637327852863366e-17,8.277355937310666e-17,8.548601611686867e-17,-2.1467867202904428e-16,3.578237847833903e-17,1.6200819576453953e-16,4.9816683690448114e-17,2.5026070936729362e-17,1.2933632685405404e-16,5.996843414058203e-17,4.16587762461982e-17,1.2842864358533785e-16,1.4063938581440887e-16,-2.150991618933909e-17,-1.1806477525049602e-16,1.1358382116903138e-16,-1.2761479132494414e-16,-4.2878579700656175e-17,5.5349868617553386e-17,1.537683410679935e-16,-8.109837023618603e-17,9.751004459662657e-17,-1.5479426962955848e-16,7.524924377854073e-18,-7.128727662492824e-17,-2.526012715316829e-16,3.6981000973917545e-16,-8.249824985273937e-17,1.7559471116693092e-16,7.32721923044691e-17,-2.7636261947542237e-17,8.988618352884495e-17,1.2390687649239627e-16,4.88974185876465e-17,-1.0016180249963315e-17,1.0754359010470423e-16,7.860562907193899e-17,1.6274183049156903e-16,1.7287000094474893e-16,-1.721043977938042e-16,-1.3159969897258873e-16,-3.2790920192184044e-17,-1.3336667718526254e-16,-3.609437591781605e-17,1.6484533167855422e-16,7.112278156995489e-19,6.1189814725783e-20,-6.871413073105972e-17,3.621434350897286e-18,-1.8042485498633116e-17,6.731748073424315e-17,-1.4907713772106665e-17,-1.0127848040314843e-16,6.745945492592747e-17,-3.145903339290335e-17,2.8526121857851366e-17,-1.0778929100722946e-19,-1.1059311676218092e-16,-6.005780125837867e-17,1.0345364623004678e-16,-9.806746759701446e-17,1.6643064803982038e-16,-4.751959685888648e-17,-5.0707665868917576e-17,-6.409322330630571e-19
CCCCP(C12C[C@@H]3C[C@@H](C[C@H](C2)C3)C1)C45C[C@H]6C[C@@H](C5)C[C@@H](C4)C6||[Cs+].[F-]||CO,CCCCP(C12C[C@@H]3C[C@@H](C[C@H](C2)C3)C1)C45C[C@H]6C[C@@H](C5)C[C@@H](C4)C6.[Cs+].[F-].CO>>,C_689840669083,CCCCP(C12C[C@@H]3C[C@@H](C[C@H](C2)C3)C1)C45C[C@H]6C[C@@H](C5)C[C@@H](C4)C6||[Cs+].[F-]||CO,CCCCP(C12C[C@@H]3C[C@@H](C[C@H](C2)C3)C1)C45C[C@H]6C[C@@H](C5)C[C@@H](C4)C6,[Cs+].[F-],CO,-0.8853811771272792,-3.1922335638057375,-0.15412399736180638,2.712839121919756,0.5496334743528042,0.4911992976161388,-0.147893047761851,-0.9806476207765278,0.5753078969520415,0.06697642453299625,-0.1475079150900043,-0.35554907531949426,0.40577940117256905,1.4744995209589176,0.8459211800026407,-0.006961552994127819,1.2513664519728322,0.03706496796135655,-0.002723501562195097,-2.8722273619998115e-16,-7.409808100143966e-16,3.3485269132081443e-16,-5.793247630295447e-16,-3.145201993401262e-16,-1.7315355507324047e-16,-2.3659035355136422e-17,-4.4214807901714114e-16,-1.8376329068581745e-17,-4.054164584106689e-16,-2.0508564836268435e-16,1.4071941717222176e-16,-4.3676671614523636e-17,-1.4538469495783198e-16,-4.445936591448491e-16,2.5595960574670915e-16,-1.3256093378222907e-16,3.160291675440001e-16,-8.127328658325492e-17,3.9733664197678364e-16,3.6301006100162374e-16,1.573314769662805e-16,8.348210747919136e-18,-1.194289667658569e-16,3.3924912575924076e-16,-3.5388162302215985e-17,3.612236485249631e-17,6.862981838136393e-17,1.1384661938523304e-16,8.325597373520718e-17,-2.911886124142365e-16,-3.2766957148945664e-16,-1.2936691625912582e-16,1.976847336573653e-16,-3.423604848050491e-16,-1.3127567798148589e-16,-1.3445133725516708e-16,-1.6562999865018628e-16,-1.0581025441323645e-16,1.1658729398227098e-16,3.017238344711034e-17,-1.9340219317371822e-16,-6.847898147653063e-17,-3.9039672060720576e-16,1.5352456735183944e-16,1.6219232112249868e-16,2.7154402018400883e-17,-7.35056550181817e-17,-3.106234914013218e-17,8.660539814602392e-18,3.5698192187358903e-17,-1.365764385738944e-16,8.920237205520455e-17,3.520721998353582e-16,-2.7155032155456696e-17,-8.796503512991213e-17,-1.0157371003792454e-16,3.417287984932116e-17,4.574333621862744e-17,-1.8070460549158392e-16,-7.128089987269653e-17,8.708836929511176e-17,-1.5857005861751635e-17,1.1885187950484067e-16,3.5596323789483435e-17,1.3802601626988415e-16,9.662632136748286e-17,-9.600668842027702e-17,2.1366570934855695e-16,2.482848858107021e-16,-1.0087425551156604e-16,-2.739368764008288e-17,7.789459786501332e-17,1.9458946798607486e-16,4.369631705495355e-17,2.2289893724364005e-16,-7.031255406084142e-17,1.085515636485776e-16,-2.26990280229777e-16,8.358091634000468e-17,8.391317168095013e-17,-5.061177131993277e-17,1.1088714837492566e-18,-5.54586194292706e-17,-1.9330291802665093e-16,-4.8800089856202387e-17,-1.0471480529024117e-16,-1.8711389272815794e-16,-2.6438157447373148e-17,-4.9417037999334206e-18,6.790275720038882e-18,1.973095509019995e-16,-7.083151374129879e-17,1.709526711794832e-16,3.742424403857603e-19,-2.123594779905184e-16,-5.433150712165392e-17,-2.4567493143274166e-16,6.275507635631993e-17,1.0502611716387082e-16,2.0881390577080516e-16,-3.696760430727082e-17,3.1465201995132006e-16,3.21197839394903e-16,1.8259880554832557e-17,1.2278986395886445e-16,1.140345873932229e-16,-1.0246452897521954e-16,-1.2955283706267697e-16
COC1=CC=CC(OC)=C1C2=C(P(C3CCCCC3)C4CCCCC4)C=CC=C2||[Cs+].[F-]||CO,COC1=CC=CC(OC)=C1C2=C(P(C3CCCCC3)C4CCCCC4)C=CC=C2.[Cs+].[F-].CO>>,C_5f251adc388b,COC1=CC=CC(OC)=C1C2=C(P(C3CCCCC3)C4CCCCC4)C=CC=C2||[Cs+].[F-]||CO,COC1=CC=CC(OC)=C1C2=C(P(C3CCCCC3)C4CCCCC4)C=CC=C2,[Cs+].[F-],CO,3.697093256973161,0.21873148620968041,-0.15412399736180776,-0.16998697856093656,0.5496334743528049,-0.13753115125335114,-0.14789304776185044,1.025504707994791,1.955111693998353,0.8801350735997568,-0.1475079150900041,-0.3971125427888145,0.40577940117256933,1.4744995209589176,0.8459211800026417,0.2550985408775025,1.251366451972832,0.02604236923424148,-0.002723501562194862,2.9647628076028167e-16,-1.2885226577760832e-16,5.833883783353892e-16,-2.1463664727849122e-16,-3.6543195843884796e-16,-2.7338554964702618e-17,-8.344607954400991e-17,2.22568989443977e-16,-1.4629098635159644e-16,5.097107604254793e-16,1.5310335409390707e-16,6.199724533692184e-17,2.9742772794514514e-16,-1.773972840380468e-17,-7.95282842761029e-17,-1.371371364164932e-16,-1.3276083686094934e-16,4.1167208714478433e-16,-2.796035322647386e-16,-7.6510464292643e-16,-6.517122166390183e-17,-1.0809950020995756e-16,6.486719564434742e-16,3.7192541199668786e-16,3.669208768572104e-16,-9.275832679075058e-18,2.250755876305555e-16,-1.8233393247157412e-17,2.011183156584933e-16,1.894853703943164e-16,8.556162595838945e-17,-9.681844812462889e-18,-7.699362466261484e-17,-4.962077605902145e-17,5.71408864668072e-17,2.709874147315143e-16,-8.140809979688152e-17,9.609387490218417e-17,-1.1846437864347908e-16,5.977327347193115e-17,-9.358013168753587e-17,-6.375737984543394e-17,2.0887649587225198e-16,6.357771808664614e-17,-3.5418499390488504e-17,-1.0763140813352107e-16,-1.8187890496855547e-16,3.9770761263398274e-16,-1.7470774560955868e-16,-8.727368188743951e-17,1.129093552730706e-16,8.41121407416379e-17,-1.148745909401975e-16,-2.275842853271636e-16,1.9849696170509753e-16,8.384692791961038e-17,2.2173873041366706e-16,-2.2098239883405235e-16,7.512894620849346e-17,7.318788805773326e-17,-1.0792162539441218e-16,1.7834188705807673e-16,1.2070805283623345e-16,4.890233493369915e-17,3.5364450460887044e-17,-4.4344724089561124e-17,2.7501623070707143e-16,-1.9194453082571123e-16,1.981573750577699e-17,7.22688289204366e-17,1.5335687871378728e-16,-9.445680700120043e-17,-3.1854349978808095e-16,-2.6157483200213026e-16,2.422794535723961e-16,-2.4382771611707603e-16,1.4968482319197542e-16,-2.904909178945169e-17,-1.2760859085709302e-17,1.9424018563926496e-16,-1.162299385449855e-16,-1.897938934037791e-17,-1.1379924864816248e-16,-1.809966017338533e-16,4.4258343612407614e-17,1.0391044938421814e-16,3.1168230173961175e-16,9.139420535357909e-17,-1.528104916000448e-16,1.6687558378263443e-16,-2.025200645643574e-16,3.88935045730457e-17,8.423274055573449e-17,-7.849712970169397e-17,2.111425670250408e-17,2.490333645454032e-16,-3.151043591912477e-17,-4.1543327578892276e-17,1.7582485279473333e-16,-2.1930228801227796e-16,1.004928991358615e-16,4.518782863898969e-18,2.756298391055341e-16,1.0331585474979905e-16,-8.666502618425684e-17,-2.1698128846448052e-17,-7.640655594666481e-17,3.543620944342601e-16,-8.990004532862143e-17
CC(C)(P(C(C)(C)C)[c-]1cccc1)C.CC(C)(P(C(C)(C)C)[c-]2cccc2)C.[Fe+2]||[Cs+].[F-]||CO,CC(C)(P(C(C)(C)C)[c-]1cccc1)C.CC(C)(P(C(C)(C)C)[c-]2cccc2)C.[Fe+2].[Cs+].[F-].CO>>,C_9b48a1652aa3,CC(C)(P(C(C)(C)C)[c-]1cccc1)C.CC(C)(P(C(C)(C)C)[c-]2cccc2)C.[Fe+2]||[Cs+].[F-]||CO,CC(C)(P(C(C)(C)C)[c-]1cccc1)C.CC(C)(P(C(C)(C)C)[c-]2cccc2)C.[Fe+2],[Cs+].[F-],CO,-1.5678166466947503,-0.5445544539407908,-0.1541239973618084,-1.8306686961429992,0.549633474352807,1.1506141613685525,-0.14789304776184933,-0.341744880418535,0.9228435721645202,-0.12806008460238114,-0.14750791509000558,1.719354778686815,0.40577940117256117,1.4744995209589191,0.8459211800026403,-0.3755240042558057,1.2513664519728314,0.6986574594526097,-0.002723501562194876,-4.560330887604633e-16,-5.203342423811026e-16,3.9039546418353806e-16,4.399319427434786e-17,-3.7556933636565675e-16,1.4150262568372887e-16,2.6115524415308145e-16,-1.7981269831055938e-16,1.119073812118222e-17,9.311988337717645e-17,4.8162827889190375e-17,-2.502218369723417e-16,-1.6687695553851806e-16,-2.880628437527335e-16,9.806778794174997e-17,-2.046731619630629e-17,1.6008557431765244e-16,-7.243287402827497e-18,3.8808374651988845e-16,-1.4561710218924826e-16,-1.4712360094322856e-16,-1.0039215661671682e-16,-5.834681358779783e-17,1.0819936128054858e-17,-1.7323640617421124e-16,-7.105106890686338e-17,-1.7654286574291425e-16,2.0216086150630243e-17,-1.102765071929365e-16,1.1795119987863165e-17,1.8151857778307154e-16,-7.22595633400305e-17,1.585686774451462e-16,-3.588157971828549e-16,-1.9757814409219989e-16,-3.582553290117468e-17,-1.0126155307852014e-17,-1.5037364207280298e-16,1.336394737813224e-16,-1.3170344057281426e-16,-5.084848539639572e-17,2.3703377077132992e-17,3.014164426113145e-16,-2.6041712127743198e-17,7.587490881960261e-17,-1.448586216201508e-16,2.0074164310685717e-16,-2.980167498788282e-17,1.82721437862953e-16,-3.318159854711142e-17,-2.648643927219951e-16,-6.407820012219902e-17,-7.258897416440896e-17,5.1450898373786387e-17,1.545099402658114e-16,-1.0695204167168603e-17,-8.17225413734823e-17,8.870218151052068e-17,-1.0376819509170362e-17,1.7311331765514331e-16,-1.4807333973519445e-16,9.235373531680601e-17,-6.824352091538349e-17,-1.261004119339108e-16,-9.151012887889792e-17,1.0256404845485559e-16,2.2031401656221977e-17,8.967845147551057e-18,1.061504201346752e-16,-5.277597006209197e-17,1.0292612268184153e-16,-3.7678656706535085e-17,3.108949657941296e-17,-1.5685600460537086e-16,9.780054263184672e-17,1.4158306142262805e-16,3.459248037065515e-17,-7.222320723539856e-17,8.996818705157032e-17,-1.410918534015474e-16,5.896819061391403e-17,-1.1758289179832154e-16,-2.9893840996253293e-16,1.2200142353218431e-16,3.063096815338772e-17,-5.2624116514156826e-17,-1.380555384740602e-16,1.6049772777885854e-16,2.6014660980490936e-17,6.333115946213676e-17,1.1979352574693352e-16,4.498478846110872e-17,-1.3244837916864955e-16,-8.929760387985789e-17,1.0053566294462982e-16,-1.5406681502685052e-16,8.7239045559827e-17,-4.1022413151008734e-17,2.2515659729353776e-16,2.1431813001247735e-16,6.34940870229454e-17,7.281356923629121e-18,-3.336345960917916e-17,6.089581078284584e-17,-1.4850248640987725e-16,-4.961713720616556e-17,8.84791171378197e-17,3.542992394845608e-17,1.4723257876070696e-17
CC(C1=C(C2=CC=CC=C2P(C3CCCCC3)C4CCCCC4)C(C(C)C)=CC(C(C)C)=C1)C||[Cs+].[F-]||CO,CC(C1=C(C2=CC=CC=C2P(C3CCCCC3)C4CCCCC4)C(C(C)C)=CC(C(C)C)=C1)C.[Cs+].[F-].CO>>,C_43cd92a21c49,CC(C1=C(C2=CC=CC=C2P(C3CCCCC3)C4CCCCC4)C(C(C)C)=CC(C(C)C)=C1)C||[Cs+].[F-]||CO,CC(C1=C(C2=CC=CC=C2P(C3CCCCC3)C4CCCCC4)C(C(C)C)=CC(C(C)C)=C1)C,[Cs+].[F-],CO,4.095214292254156,0.060599001610189974,-0.1541239973618093,-0.5208425618983294,0.5496334743528056,-0.11150016598743265,-0.14789304776185141,-1.7351649042204007,-1.0409822672107305,-1.0072610296413136,-0.14750791509000524,0.3127331155945675,0.4057794011725674,1.4744995209589185,0.8459211800026406,0.08800205000734837,1.2513664519728318,-0.0017897580635632513,-0.0027235015621952085,-1.202822548098323e-16,-1.0614186262549316e-17,-6.314979025449533e-16,-5.118070095953144e-17,3.6757128916643537e-16,-4.0858141558315164e-16,7.627197096131403e-16,-5.262950289172221e-16,-3.1005888350556214e-16,5.032616016736581e-16,-6.368153776433887e-18,2.93749524711069e-16,-1.5344457646295635e-16,-2.0552324147232072e-16,-1.875417711642024e-17,2.0615545533421785e-17,4.151679862519915e-16,-8.346251718346836e-17,2.682046336563124e-16,-4.0187035259002803e-17,-3.414827978505694e-17,1.1125109091297569e-17,3.6656182890132077e-17,1.7810558662161823e-16,-7.992093033796222e-17,3.300892175292811e-16,-2.275400678265514e-16,-7.437888198023043e-17,-2.472667341549243e-16,1.6875999419391048e-16,-2.388226770858124e-16,-5.0545939029389216e-17,8.644105521907805e-17,1.196842781986774e-16,3.0259774395831057e-17,1.3043926452780323e-16,1.23911243594855e-16,1.5181534950457267e-16,1.1049146069105796e-16,9.227427644153961e-17,1.1431984989568746e-17,1.0730890647951427e-16,-3.228330516185675e-16,-1.2281000838371992e-16,-8.816761852828789e-17,1.0626326263478588e-16,6.812777761635937e-17,-1.5012646618126783e-17,-6.103148102147823e-17,4.334652090534734e-18,-9.078005836584097e-17,2.464561354831578e-16,-1.2736807367457283e-16,-1.5957587602255082e-16,-5.0898886106029054e-17,8.377184937522749e-17,1.3679560968689058e-16,-1.2683444024153964e-16,1.160867356466171e-16,-4.9397509315099614e-17,-1.1772719273924769e-16,-2.805252979493776e-16,-1.1566497337889837e-16,1.621288904579242e-16,-1.5869342884199454e-16,-5.8440002779948e-17,3.380439466915909e-17,7.088013660298655e-17,-7.55692253557055e-18,-1.5553134221603067e-16,1.1557723698753407e-16,6.709426039749773e-17,-7.544292761443838e-17,1.5770621314604488e-16,-2.42288766042988e-17,1.772375053344463e-16,1.304768891145787e-16,-1.3390263246680908e-16,-1.9621699373211325e-16,3.452474279971525e-16,-1.420634100277527e-16,-1.0010677794905545e-16,1.9960261852911865e-16,3.052324207808103e-16,7.400545185104009e-17,4.7245569349259885e-18,-8.39561369532428e-17,5.621499278359751e-17,9.445399424156065e-17,-1.1550840240964483e-16,-1.8627761953566945e-16,-2.0634247235409506e-16,-3.8026216660031165e-17,1.3737374282683917e-16,1.286489403524607e-16,-3.5901330968923085e-16,-7.454188283308328e-18,-1.22435375805172e-16,-7.095090414850893e-17,1.3510135588870895e-16,-1.8992872316323783e-16,5.145613360060358e-17,2.302110018051161e-16,1.1063708071623834e-16,1.1874718764130342e-16,3.0034880547917936e-17,1.7240820816039414e-16,1.9008955064502982e-16,2.5722730623825823e-16
[c-]1(P(C2=CC=CC=C2)C3=CC=CC=C3)cccc1.[c-]4(P(C5=CC=CC=C5)C6=CC=CC=C6)cccc4.[Fe+2]||[Cs+].[F-]||CO,[c-]1(P(C2=CC=CC=C2)C3=CC=CC=C3)cccc1.[c-]4(P(C5=CC=CC=C5)C6=CC=CC=C6)cccc4.[Fe+2].[Cs+].[F-].CO>>,C_b89a5150e4a5,[c-]1(P(C2=CC=CC=C2)C3=CC=CC=C3)cccc1.[c-]4(P(C5=CC=CC=C5)C6=CC=CC=C6)cccc4.[Fe+2]||[Cs+].[F-]||CO,[c-]1(P(C2=CC=CC=C2)C3=CC=CC=C3)cccc1.[c-]4(P(C5=CC=CC=C5)C6=CC=CC=C6)cccc4.[Fe+2],[Cs+].[F-],CO,-1.3841208155545002,1.1338119037417695,-0.1541239973618097,-1.17857046976559,0.5496334743528056,2.0264914915776946,-0.1478930477618524,-0.4876063293133134,0.3252425987294688,-0.3701586543025705,-0.1475079150900039,-1.4860818817801986,0.40577940117257405,1.4744995209589173,0.845921180002641,-0.26752973554483334,1.251366451972832,-0.7958149782613755,-0.002723501562194819,4.0336320795322744e-16,-2.405082083041528e-16,-1.5501420275436165e-16,-5.048566814681852e-16,-6.388827628787631e-16,-2.2412090545186773e-16,-2.702129868257902e-16,2.4203149290058415e-16,-1.7021652532439515e-16,5.438658847697855e-16,2.570392276692332e-16,1.6504983169154088e-16,-3.727705610095151e-17,-4.737686086998422e-16,-1.8750764793695961e-16,1.2517313299944813e-16,3.6652618372119687e-16,1.6137913662029447e-16,2.2536285987000934e-16,-1.5488283584375036e-16,2.1468715020082122e-16,-2.254944365382295e-16,4.405345371021104e-17,-1.5761250985284056e-16,-3.5878880464071274e-16,3.575687820877861e-17,1.1767128867245314e-16,1.6309448784793272e-17,-1.6664959974417816e-16,1.0052375131218972e-16,1.8375858226607642e-16,-2.0801050372874068e-16,1.0331342815671853e-16,-3.0182305137576364e-16,1.5456454337497817e-16,2.0402941847876068e-17,7.016286723533839e-17,4.463129430269978e-18,-2.4751449205158385e-17,-3.6358852545037755e-17,-1.2333734737286262e-16,3.605608136598141e-17,-1.1301123283581756e-16,-1.9038455522887302e-16,-9.031472574413033e-17,7.544989236748327e-17,-8.154027804436957e-17,2.7039777368033646e-16,-9.397219515407676e-17,-3.96108714219281e-17,-2.0333583411314117e-16,6.310749134018584e-17,1.0331136150917337e-16,1.3666364624451438e-16,1.2813398601310386e-16,-5.575631058224675e-17,7.271772827427537e-18,7.19233078272799e-17,1.6999947018485646e-16,-6.847405425822786e-17,6.624499850610104e-17,1.4408084709276179e-16,1.537177132774476e-16,-6.003200142306672e-17,7.843284953327068e-17,2.3949171488517972e-17,-1.0165898387637175e-16,2.4354622411733434e-16,-2.833276734463381e-17,-1.660297954368315e-16,3.9420835502261414e-17,-1.1026741837608315e-16,-5.153666357997704e-17,-2.5951284092658933e-17,3.6725307635746484e-17,4.056865053009341e-17,-1.8622888287833234e-17,6.22450768583812e-17,2.1060736765969673e-18,1.1078899086625849e-17,-8.004584188143173e-18,4.411643781005279e-17,-3.093244821435228e-17,-4.1917832135929125e-17,-8.63502961297058e-17,1.0609278841482122e-16,5.651369362617636e-17,-3.048427643609047e-16,9.894668390071924e-17,-1.1093334525137906e-16,1.3550208368874421e-16,-8.046602729486242e-17,2.269475904203285e-18,5.298501034242223e-17,1.2885314007857391e-16,1.3176619457638237e-16,-1.404924335987581e-16,-7.723652364741121e-18,-1.2700025284027848e-16,1.2093716080830824e-16,-2.0167384615655327e-16,1.5646870256563354e-16,-2.263932579609072e-16,-2.128788613284975e-16,7.515681961876216e-18,-8.573478485030317e-17,-1.4295957482841202e-16,-1.9940364100993456e-17,-2.2930097467734383e-16
CC1(C)C2=C(OC3=C1C=CC=C3P(C4=CC=CC=C4)C5=CC=CC=C5)C(P(C6=CC=CC=C6)C7=CC=CC=C7)=CC=C2||[Cs+].[F-]||CO,CC1(C)C2=C(OC3=C1C=CC=C3P(C4=CC=CC=C4)C5=CC=CC=C5)C(P(C6=CC=CC=C6)C7=CC=CC=C7)=CC=C2.[Cs+].[F-].CO>>,C_4fa7e32e2dda,CC1(C)C2=C(OC3=C1C=CC=C3P(C4=CC=CC=C4)C5=CC=CC=C5)C(P(C6=CC=CC=C6)C7=CC=CC=C7)=CC=C2||[Cs+].[F-]||CO,CC1(C)C2=C(OC3=C1C=CC=C3P(C4=CC=CC=C4)C5=CC=CC=C5)C(P(C6=CC=CC=C6)C7=CC=CC=C7)=CC=C2,[Cs+].[F-],CO,-0.7608527313618177,3.057345820275927,-0.1541239973618074,2.340206537654115,0.5496334743528037,-0.5112817700760036,-0.14789304776185008,0.3559284257571047,0.45010996213631044,-1.1207264892083708,-0.14750791509000483,0.835728564873678,0.4057794011725648,1.474499520958919,0.8459211800026403,-0.34191861228964576,1.2513664519728322,-0.16127802879825048,-0.0027235015621950515,-1.9728443774333148e-16,-2.907146676160235e-16,-7.41078242712044e-16,-9.475270695570621e-17,3.789570626054069e-16,-6.377229379242912e-16,-3.769499189770049e-16,-3.133274290161838e-16,-2.332537462844799e-16,3.203651008337635e-16,1.5398244486520413e-16,-1.8794486270426209e-16,-6.079204660837385e-17,-1.1339583697164477e-16,-1.1022833649885918e-17,1.6844086598549082e-16,8.707071624175398e-17,1.8130889872068076e-16,2.536925321319098e-17,-2.4587145663112718e-16,1.7523143675962983e-16,-2.1295213239852337e-16,4.5962777417429687e-17,-3.7248175154104684e-17,2.7578821093574613e-16,1.3227677126573395e-16,-1.8411054475337967e-16,1.6055601908081404e-16,2.4534217271745125e-16,-2.668958608614364e-17,-2.888203580231576e-17,-3.5895841421422696e-17,-2.0830593389266546e-16,2.1311534860935492e-18,1.6173310075964844e-17,1.4985535298787016e-17,-7.642676723515433e-18,1.6654771480051294e-17,-3.288248222362282e-16,1.1784891696580112e-16,6.407085015546179e-17,-1.122587027636966e-16,2.8419321301480097e-16,4.417317848198215e-17,1.0090413365107765e-16,-2.085156339745368e-18,1.2809254158004662e-16,9.603288595538619e-17,1.1471923090014503e-16,1.510549312673699e-16,2.1610558066655114e-17,1.0497728416547385e-16,8.20088877201102e-17,1.418838434645379e-16,-6.513363004724417e-17,-9.786010082965239e-17,6.571724348484339e-17,-4.6981318075638894e-17,3.0027375256212614e-17,1.9504297176342556e-18,-4.751400382220557e-18,3.985406330274857e-17,-1.4661148742764904e-17,-4.250677145707601e-17,7.129481997726448e-17,-1.40946628024125e-16,3.001193492271942e-17,8.116700259353782e-17,-9.041110964410827e-17,7.009778619101154e-17,-1.7819966869804478e-16,-1.0585234996845696e-16,2.466232910417386e-17,2.2112911707008497e-16,-2.569536468909886e-17,-1.074090594014157e-16,1.1471430766269912e-16,-2.832369461396603e-18,7.69058164073994e-17,-1.4998363606254792e-16,2.366069235736716e-17,-1.3419798274235938e-16,4.715884081035626e-17,5.920191268064263e-17,-1.2044270054445957e-16,3.4459736703882126e-16,-3.5595315988146294e-17,6.013686614413893e-17,1.2964268380505269e-16,-6.148707111474319e-17,8.204519307802401e-17,1.0011669686833166e-16,-7.13768142221341e-17,7.420667395135827e-17,2.2605838822430064e-16,7.035447267928973e-17,-7.666665431479131e-17,-1.9675967490127901e-16,2.0807674270617258e-16,-6.45815894841438e-17,-9.954153181856316e-17,-8.996179484416774e-17,-3.6631008735600725e-17,-1.526998137806364e-18,-2.098594182107634e-17,5.001653629181333e-16,-1.8299154471443345e-16,5.081712438107353e-17,-8.239581425581937e-17
CC(P(C(C)(C)C)C(C)(C)C)(C)C||O=P([O-])([O-])[O-].[K+].[K+].[K+]||CO,CC(P(C(C)(C)C)C(C)(C)C)(C)C.O=P([O-])([O-])[O-].[K+].[K+].[K+].CO>>,C_f26138cf8581,CC(P(C(C)(C)C)C(C)(C)C)(C)C||O=P([O-])([O-])[O-].[K+].[K+].[K+]||CO,CC(P(C(C)(C)C)C(C)(C)C)(C)C,O=P([O-])([O-])[O-].[K+].[K+].[K+],CO,-1.224289551208006,-0.6982614233068845,-0.15412399736180923,-0.5409122448896083,0.5496334743528034,-0.4809328274603507,1.0869897727564684,0.5164120737207387,-0.3579680742465481,-0.00477646981793885,0.11106920966073787,0.871973110856167,1.29372380347032,1.4744995209589153,-1.4244336803419848,1.6703602962318336,0.04922158782919369,-0.7970487546071366,0.13902826137229884,9.17097064002765e-19,3.7024554633592408e-16,-2.8316397293612044e-16,-7.875001162317722e-16,-1.2253741415818536e-16,9.597515317313343e-18,-5.434088205667191e-16,-3.3251529536098105e-17,4.485470324360634e-16,2.1489266241277502e-16,1.5352577464871346e-16,-3.6066216215833954e-16,-2.8246844941263134e-17,-2.255544143987056e-16,1.1146846905086003e-16,1.998523281514923e-16,1.2883392121255632e-16,-2.3443861168293547e-16,1.0194439078665676e-16,-3.4542093266202343e-16,1.1941140692923184e-16,-6.224130390702095e-17,6.411247610355077e-18,3.282986818115623e-17,6.603087102287344e-17,-1.0398752779807472e-16,4.137833927363717e-17,7.751340920302718e-18,-1.4831587959522175e-16,5.5438170622071666e-17,-1.072295563823647e-16,8.283014428277396e-17,1.6038355472166404e-16,-1.0959193580497058e-16,-2.98312698008072e-16,6.014182241138948e-17,-2.579229287457776e-16,-5.615472860655392e-17,1.689696619989565e-16,-3.5795082853518635e-18,1.418601371809745e-17,-4.012319735338951e-17,1.1568738464590577e-16,-1.3749061097272716e-16,1.0299564539360305e-16,-8.978032715927863e-17,1.7945072184197326e-16,-1.1728893459197225e-16,1.7996841871671813e-17,3.7571523384455227e-16,7.888859234225155e-18,3.6186925274352204e-16,3.956341334686122e-17,-3.4722082888059834e-16,-1.6087554422825817e-16,2.6779042180539095e-17,1.832494875636136e-16,8.917749298169768e-17,-4.691272436069016e-17,2.5021650662329036e-17,2.2955397123167375e-16,3.645396536410921e-16,8.582306879421887e-17,-9.777124386344799e-17,-5.734561143845284e-17,-2.0236288292514727e-17,2.0357593049740403e-16,-1.1872789719524484e-17,8.921214155104423e-17,2.5200436791000154e-16,-1.9488911759119632e-17,-6.033517406573197e-17,-2.678322227327724e-17,6.843376929053545e-17,-4.4132596315094426e-17,-1.4142511400050966e-16,-1.4177569974237557e-16,-1.0419951431298922e-16,-4.1798758546878745e-16,-1.1742987582575932e-16,8.316367723098626e-17,4.371689065549823e-17,6.643378284068314e-17,1.7059497852442928e-16,1.4392631757154406e-16,2.22255635475375e-16,7.668641277601465e-18,-1.9848999991128423e-16,-2.37538686408499e-16,1.827110789882906e-16,-5.627570952962086e-17,-4.998647215717658e-17,-4.2173529100577634e-17,-1.5759659662022286e-16,3.033442683309036e-17,-6.074110827191699e-17,-3.8425131123782097e-16,8.993397665952047e-17,-1.2735201010913607e-16,-2.678693587881388e-17,1.747081636590203e-17,-4.057278247380549e-18,-5.897351236911477e-17,-1.2272968567236183e-16,-2.1233133112229175e-16,-3.582343599979263e-17,1.3707304710163949e-16,-2.4143694743107e-16,-6.882556802590331e-18
P(C1=CC=CC=C1)(C2=CC=CC=C2)C3=CC=CC=C3||O=P([O-])([O-])[O-].[K+].[K+].[K+]||CO,P(C1=CC=CC=C1)(C2=CC=CC=C2)C3=CC=CC=C3.O=P([O-])([O-])[O-].[K+].[K+].[K+].CO>>,C_7a8984075314,P(C1=CC=CC=C1)(C2=CC=CC=C2)C3=CC=CC=C3||O=P([O-])([O-])[O-].[K+].[K+].[K+]||CO,P(C1=CC=CC=C1)(C2=CC=CC=C2)C3=CC=CC=C3,O=P([O-])([O-])[O-].[K+].[K+].[K+],CO,-0.9376336432096944,1.2345744235185014,-0.15412399736180918,0.23684906840748313,0.5496334743528026,0.27863967790261435,1.0869897727564664,0.21949929330034454,-0.7800009929116309,0.14740606941524736,0.11106920966073919,-1.1263128578207313,1.293723803470328,1.4744995209589147,-1.424433680341984,0.933815911971148,0.04922158782919236,1.2462422126349613,0.13902826137229898,-1.44716240934974e-15,-4.06463000771287e-16,3.989096394757707e-16,3.1407242525680494e-16,-4.956510836399857e-17,4.041436320702609e-16,2.481564129562756e-17,-4.004007646050358e-16,2.8070281132979993e-16,6.966461114204497e-17,-1.8693651066637948e-16,-4.615109401016988e-16,-3.2494404998776227e-16,3.635399908536913e-17,-2.366424943924347e-16,2.2553480908169157e-16,2.5093867238109345e-16,-9.630998562450597e-17,1.285187067838377e-17,-2.4797973373006136e-17,6.988236939285516e-17,1.9794447652066476e-16,1.8928242440874392e-16,6.593515588086674e-17,1.3854723950368714e-17,5.188002973247988e-17,-1.338851158824986e-17,1.6585454693496545e-17,-3.167785761061537e-17,2.6771446415755096e-17,-1.0571416841970586e-16,5.824612793521423e-17,1.4160099509990955e-16,1.2788793385977495e-16,-1.1399481832941595e-16,-7.770671330599119e-17,-9.575734581919151e-17,1.1575284279847478e-16,5.825330642825095e-17,1.2540725233510357e-16,-1.3987052011538885e-16,4.2511244963629935e-17,9.038644674214717e-17,-1.255498692484322e-18,2.3334875274543806e-16,9.874840726536957e-17,-2.246358335667677e-16,1.1227257348879075e-16,-2.064264734982435e-16,1.4424300015092524e-16,7.83476014089508e-18,-9.649826098845468e-17,1.1201685586885975e-16,-3.609016289629085e-17,2.6544647688702993e-16,1.2055429502375297e-16,-4.24339146858444e-17,1.1485831895181015e-17,8.276995640473134e-17,-3.225598511481138e-17,1.3114077172232007e-16,1.0220113189039132e-16,1.0993157075119617e-16,1.0350048071088693e-16,-2.270615411134026e-17,-2.979428367959951e-17,1.1571590995993862e-16,-1.4486416795024573e-17,2.1711055001115055e-18,1.799328889070063e-16,-4.999849377822016e-17,6.474363493033753e-17,-4.799709896666628e-17,6.579532238525668e-17,2.821316537619604e-16,-7.759219341571021e-17,1.313716937854786e-16,3.6053461643796635e-17,3.963322942634486e-17,3.65837766162762e-17,-1.0117069679180811e-16,-6.842418373396131e-17,-1.9959381577331404e-16,3.0053997352477193e-16,-2.4574219222254824e-18,-1.291111291608714e-17,-2.0299984468262336e-17,5.3484128633394727e-17,1.9486224541825794e-16,-9.548313841927203e-17,-6.339204230399837e-18,1.3613283195628118e-16,-1.4229197034776201e-16,2.1900327973721124e-18,-2.5007872376031445e-17,9.192877451676915e-17,1.676901537261235e-16,4.0553305721912336e-17,-1.938154032467188e-16,1.4500846100025706e-16,-8.577471604482797e-17,-1.1440615973566735e-16,-1.832487384810612e-16,2.0852033632288056e-16,5.4810083574066775e-17,-1.814579346403031e-16,7.517360171589636e-17,-5.558608173738184e-17,1.8942208676425724e-16
CC(C)(C)P(C(C)(C)C)C1=CC=C(N(C)C)C=C1||O=P([O-])([O-])[O-].[K+].[K+].[K+]||CO,CC(C)(C)P(C(C)(C)C)C1=CC=C(N(C)C)C=C1.O=P([O-])([O-])[O-].[K+].[K+].[K+].CO>>,C_7b286c631874,CC(C)(C)P(C(C)(C)C)C1=CC=C(N(C)C)C=C1||O=P([O-])([O-])[O-].[K+].[K+].[K+]||CO,CC(C)(C)P(C(C)(C)C)C1=CC=C(N(C)C)C=C1,O=P([O-])([O-])[O-].[K+].[K+].[K+],CO,-1.5782981121882065,-0.6507387560859172,-0.1541239973618091,-1.339082050708152,0.5496334743528016,-3.0233120881828093,1.086989772756467,-0.26903145405851076,0.3510346086273146,-0.39593751299980695,0.11106920966073913,-0.8157423012752543,1.2937238034703271,1.4744995209589153,-1.4244336803419848,-0.5617383596306821,0.0492215878291926,0.020503180976102972,0.13902826137229896,-1.5003456567434272e-15,-8.419727573091231e-16,2.495579205673482e-16,-1.0895789932486318e-15,-2.965453948273795e-16,-2.4473394008791975e-16,3.8439652876654663e-16,4.750700747356356e-16,2.5487827124345416e-16,2.869380699638057e-16,1.9691555131243843e-16,-4.523730421576935e-16,-3.685279094847842e-16,2.7737205625492625e-17,1.3179258804863377e-16,-5.984826102772761e-17,-1.3255682390364504e-16,-1.4318880868933705e-16,5.744242319514263e-17,-1.6756700307108456e-17,2.4338392715672292e-17,-9.690610893653611e-17,-2.763438496676065e-16,4.220859390546025e-16,-1.6830455086360204e-16,2.2447161010800806e-16,2.7090378333292917e-16,-2.181089255768444e-16,-1.885460663022107e-16,1.7179576456335033e-16,1.1993365747330666e-16,-1.789496585890595e-16,-6.291622750610758e-17,6.598855830355482e-17,8.11914568062089e-17,1.4617553095973967e-16,2.399318120437037e-16,9.569681082867389e-17,3.48365557339764e-16,1.0762528804001515e-16,-1.3987362337643759e-16,-2.899154900681923e-17,-1.499250783644861e-16,-2.539420671240297e-16,-1.4950134866668004e-17,-4.340707729416651e-17,1.9067559043616808e-16,-1.6914898067165023e-16,-6.849609910408621e-17,-2.3284351992519353e-17,-1.5871508558422343e-16,-1.4174223557982056e-16,2.2719310779991844e-16,-2.6960457617680445e-16,-1.0647821986391863e-16,-7.482449039530623e-17,-2.719577759284943e-17,-1.5936355659309095e-17,-1.038328458084875e-16,2.093988583432544e-17,-2.2544331459788398e-17,4.1662637554449856e-18,2.6338316945307932e-17,4.6561649517100446e-17,-2.0302698298404968e-16,-4.695202924564777e-17,-1.6061819277858247e-16,-9.591078900688424e-17,-1.1368283877522135e-16,-1.6652470694726616e-17,-3.41664530158043e-17,1.230768675456732e-18,-1.4037488513566836e-16,-1.553072070381037e-16,-2.125215784932046e-17,4.092053674265874e-18,-5.0804300759449425e-17,1.3487443246348356e-16,2.6072255349814285e-16,-1.592947898370123e-16,7.712401234860158e-17,9.592488209321969e-17,-2.1694985438339386e-16,-9.467949386301498e-18,-1.0827947650826505e-16,7.029905433550298e-17,5.1220848633448234e-17,3.502570256122048e-17,1.6402344320691083e-16,-1.4144556504062527e-16,-3.229402476848682e-17,1.6909804033023198e-16,-9.178963931340996e-17,4.161441153083395e-17,3.3925949337593646e-16,-5.552491099187266e-17,8.029084790197263e-17,5.859876056434119e-17,-3.118714701095639e-17,-1.679153751878942e-16,-1.018812430169286e-16,-2.751155670118219e-16,7.183972035122782e-18,1.048045429879496e-16,2.2869541599973646e-17,-2.0518765776336069e-16,5.619809855116225e-17,8.31682930391008e-17,1.0370539025028359e-16
P(C1CCCCC1)(C2CCCCC2)C3CCCCC3||O=P([O-])([O-])[O-].[K+].[K+].[K+]||CO,P(C1CCCCC1)(C2CCCCC2)C3CCCCC3.O=P([O-])([O-])[O-].[K+].[K+].[K+].CO>>,C_403d977e5055,P(C1CCCCC1)(C2CCCCC2)C3CCCCC3||O=P([O-])([O-])[O-].[K+].[K+].[K+]||CO,P(C1CCCCC1)(C2CCCCC2)C3CCCCC3,O=P([O-])([O-])[O-].[K+].[K+].[K+],CO,0.8097398838794679,-1.6108233270164567,-0.15412399736180843,-0.03231794708524442,0.549633474352802,0.5630227060514402,1.0869897727564677,2.2053092310680884,-1.3646949579166312,-0.5762782864827894,0.11106920966073847,-0.011638395004672165,1.293723803470324,1.4744995209589162,-1.4244336803419857,-0.8033477138467444,0.0492215878291922,-0.029613970329750758,0.13902826137229918,-3.38888897247705e-16,-2.667244395237869e-16,1.826012263697211e-16,-4.716178700529239e-16,2.335382343116181e-16,5.696771587779447e-16,-6.481733847211813e-17,-4.897155550665335e-16,-1.8046742236716255e-16,5.227037759691392e-16,-1.1277545360151575e-16,-1.9750282289832668e-16,-1.5276575193423105e-16,1.285738023415325e-16,-7.079666401661743e-17,-1.5881315557080507e-16,2.3646777312611104e-16,2.030710106510334e-16,-5.866194326219617e-17,1.1328538521665454e-16,-2.041086006883102e-16,-5.498452893274169e-16,1.9716769280106842e-16,-2.125473359722927e-16,4.2129415776620496e-17,-1.7049906160328234e-16,1.8333654777319687e-16,-8.977599538896712e-17,-2.1626450208837565e-16,2.7990473865152616e-17,-2.6607620078464407e-16,-1.070843638397118e-16,-1.1779408071630697e-16,1.086699125295233e-16,2.666334516926773e-16,3.2931633885180616e-16,9.163640924249488e-17,-1.3511540999720692e-16,6.87103036904583e-17,-9.312255419609202e-17,9.040313328111885e-17,7.321420901232357e-17,-3.084799224153456e-16,-7.784802357766055e-17,1.615125269229408e-16,-1.3613631066353398e-16,6.367150637565542e-17,2.311303043485384e-16,8.921769098522829e-17,-3.089341878485484e-17,1.065018053646504e-16,2.0259519811570944e-16,1.1679055357213742e-16,1.0064043826713866e-16,2.1714637630428323e-17,5.5241883693704604e-17,2.110359159017428e-16,8.23619688461692e-17,-1.4403688327459873e-16,-8.744371331024285e-17,-1.119431191763692e-16,-1.3392647893307926e-16,9.26831739367943e-17,-2.914532068782795e-16,-4.224085215270953e-17,-7.676191217433252e-17,1.0711194911462936e-16,-6.426379360260673e-17,-1.4048389084168595e-16,4.1982778146853295e-17,2.4604751873569837e-16,-1.5604565144736678e-17,1.3902542624591496e-16,9.777663884221652e-17,-1.0599203558100978e-16,3.948318092116376e-17,1.348816340704526e-16,1.581009588963287e-16,-1.666497819329742e-16,-8.503061325232039e-17,1.0121768969003126e-17,-4.877225222716287e-17,4.295269431576837e-18,4.2442137288965055e-17,-5.0738764492517484e-17,-8.278079859145238e-17,1.1499673095821508e-18,-6.546174490871352e-17,1.8212998730990963e-16,7.717562401787222e-17,-6.416939616876594e-17,-3.49592831717695e-17,-1.6750011988016723e-16,3.563058169713867e-17,1.16257596952814e-16,-1.5956740071598288e-16,8.66893424527166e-17,-1.5678676898660832e-16,1.5615285428326387e-16,-1.78377991500249e-16,-2.8458951996214606e-16,-4.712585981983694e-16,-3.330882162319171e-17,6.047183474901957e-17,-1.92013509485792e-16,2.2426053786037387e-16,-7.30111317987584e-17,-1.4695364394205347e-16,-2.6149084504767804e-16
CC1=CC=CC=C1P(C2=CC=CC=C2C)C3=CC=CC=C3C||O=P([O-])([O-])[O-].[K+].[K+].[K+]||CO,CC1=CC=CC=C1P(C2=CC=CC=C2C)C3=CC=CC=C3C.O=P([O-])([O-])[O-].[K+].[K+].[K+].CO>>,C_968d17eb8366,CC1=CC=CC=C1P(C2=CC=CC=C2C)C3=CC=CC=C3C||O=P([O-])([O-])[O-].[K+].[K+].[K+]||CO,CC1=CC=CC=C1P(C2=CC=CC=C2C)C3=CC=CC=C3C,O=P([O-])([O-])[O-].[K+].[K+].[K+],CO,-0.2636547557625331,0.991548888799719,-0.15412399736180782,0.32248622106950986,0.5496334743528056,-0.24540933155649566,1.0869897727564675,-0.5084585430537785,-1.036004040322467,2.5086809595071786,0.11106920966073815,0.45264748397795873,1.2937238034703211,1.4744995209589153,-1.4244336803419841,-0.5902568205259885,0.0492215878291927,-0.2429647001991902,0.13902826137229915,-3.640914772731763e-16,-3.9673659988590407e-16,-3.752193180224263e-16,-1.646745729790164e-16,2.535667539955252e-16,4.4172678118519593e-16,-1.2687053938228588e-16,-6.229856869867833e-16,3.968596111244243e-16,-3.742228235223215e-17,4.6616318467284174e-17,1.3284681642516554e-16,2.6762914745256414e-16,5.212605587835386e-17,-2.3541038554661143e-16,3.0567804482718274e-16,6.506128563216116e-17,2.386351519659529e-16,-4.558783872066568e-17,2.6780055104174554e-16,1.2998749544127915e-16,3.2019958809313517e-17,7.629594562394065e-17,-7.841281309050634e-17,-1.447655244421595e-16,-1.507397533384183e-16,-5.524793783730431e-17,1.0719583802612352e-17,1.4030064470634886e-16,7.313571171478267e-17,-5.93157464929472e-17,1.1916818073025882e-16,1.957701327833228e-16,-3.520306465025837e-18,-1.686783807235459e-16,-1.4034747231990894e-17,4.5575858846037645e-17,8.149263897723935e-17,1.5535720433905278e-16,1.6338710768072003e-16,-5.3785352557631786e-17,3.462850685517834e-17,-2.1053236454074986e-17,1.0949185173867715e-16,-1.1038458356876089e-16,-1.2064746776326193e-16,1.2678511852881644e-16,6.543364966309007e-17,1.0038020743501925e-16,5.267359321100864e-17,1.7546362091140315e-17,-5.103932700130406e-17,1.2501662677846142e-16,-4.324180380265512e-17,-1.5389245943395387e-16,1.6888783366434966e-16,-1.2853251674355763e-16,6.055526693234108e-17,-1.6227838274022557e-16,1.3841888815378397e-16,1.5351086285775507e-16,3.4141821931356615e-17,-8.214596282731758e-17,-1.4309726599765714e-17,-3.9357020574446774e-17,-4.5976768159693184e-17,1.1302613623381873e-16,2.4585223615608777e-17,1.889677497656633e-17,-2.0348515230039225e-16,-1.0917366784798581e-17,1.1918178177854233e-17,-4.416218149663018e-17,7.829388535719958e-17,-9.066628241831045e-17,3.9424237362601985e-17,1.2487925488745753e-16,-7.039655681904577e-17,3.9009573962134627e-17,7.295583559529169e-17,-7.413469301648481e-18,-4.312442197541708e-17,-1.9033148868443285e-16,2.507519560842897e-17,7.292102593625494e-17,1.5899921518190646e-16,2.3645046569118815e-17,-1.532239456586175e-16,-1.526349453261088e-16,-2.2957380571336643e-16,1.195825635219652e-17,2.795400297271674e-17,1.485794368765847e-16,3.2269500910076824e-17,-2.356987051328293e-16,9.060617061834126e-17,4.271300128268067e-16,-2.946488868634212e-16,-2.1323628858610445e-16,1.389225356601548e-16,1.0102655490924671e-16,6.581493835889323e-18,1.4496628298744792e-16,-4.877302572710735e-19,1.079057554203496e-16,4.674033206337569e-17,8.036869294259979e-17,-1.8621092450503273e-16,-2.12250694095954e-16
CCCCP(C12C[C@@H]3C[C@@H](C[C@H](C2)C3)C1)C45C[C@H]6C[C@@H](C5)C[C@@H](C4)C6||O=P([O-])([O-])[O-].[K+].[K+].[K+]||CO,CCCCP(C12C[C@@H]3C[C@@H](C[C@H](C2)C3)C1)C45C[C@H]6C[C@@H](C5)C[C@@H](C4)C6.O=P([O-])([O-])[O-].[K+].[K+].[K+].CO>>,C_71ea091362f3,CCCCP(C12C[C@@H]3C[C@@H](C[C@H](C2)C3)C1)C45C[C@H]6C[C@@H](C5)C[C@@H](C4)C6||O=P([O-])([O-])[O-].[K+].[K+].[K+]||CO,CCCCP(C12C[C@@H]3C[C@@H](C[C@H](C2)C3)C1)C45C[C@H]6C[C@@H](C5)C[C@@H](C4)C6,O=P([O-])([O-])[O-].[K+].[K+].[K+],CO,-0.8853811771272793,-3.192233563805737,-0.15412399736180632,2.712839121919756,0.5496334743528025,0.49119929761613873,1.0869897727564684,-0.9806476207765278,0.5753078969520409,0.06697642453299739,0.11106920966073887,-0.3555490753194932,1.2937238034703245,1.4744995209589151,-1.4244336803419853,-0.006961552994126898,0.049221587829193135,0.0370649679613559,0.13902826137229893,-7.803893505268216e-16,-6.310770103020682e-16,4.0391857443416883e-16,7.506650979719103e-17,1.639489605458793e-16,6.150885136519569e-16,2.1769866213584052e-16,1.1827916264225955e-16,-7.323511045595768e-17,-3.9504446734883654e-16,7.614092542932956e-17,2.6273136521901104e-16,-1.285192062754254e-16,-1.7438849063557074e-17,-4.664053653826467e-16,1.0957748254109604e-16,1.7698089287566499e-16,2.953135400977868e-16,-1.1226009363292767e-16,1.7499087599031591e-16,4.374090414479087e-18,8.736840918226629e-17,-6.68276674845307e-17,9.326088474152478e-18,5.553507241398842e-17,-1.7508286452850603e-16,-3.4248135502607954e-18,-4.857283625081962e-20,2.591674304738357e-16,1.8837047131112278e-17,5.0142601336391825e-17,1.6836556920493476e-17,3.332204760741262e-17,1.0004491395562363e-16,2.814633726112036e-17,4.520471210001452e-17,7.377073361410771e-17,-1.1650815926691716e-16,-1.491671488986256e-16,-1.659513136153077e-16,-4.194290456681069e-17,-1.6106101686280235e-16,-2.2985681462250194e-17,-7.241826923032166e-17,9.912343729030035e-17,5.842888084046701e-17,-1.1350192342377229e-16,5.2709858715935795e-17,5.571960239432689e-17,-7.165994321492018e-17,3.9102922703250826e-17,8.664960954538364e-17,2.569716324902909e-16,-9.36034623087431e-17,-7.26639627661028e-17,5.747457970506029e-17,-1.0867581292107073e-17,9.776756820407086e-17,-1.176665129554931e-16,-1.533904046868503e-16,4.491152007129973e-17,3.875534722433054e-17,1.7437169690165312e-16,1.4023392675506841e-16,-8.215635959886175e-18,-8.712999075618092e-17,-7.21662213601395e-17,1.9195896859071504e-16,-3.818250131857056e-17,-1.0573183695513442e-17,3.0309681846324026e-17,1.2236616080946993e-16,-7.574867114896243e-17,5.2621503802707755e-18,-2.4428062153951356e-16,7.985494757802429e-17,5.446541393723655e-17,-3.376964976154227e-16,-1.2063159725534173e-16,-4.1882492645001025e-17,-2.817958324757792e-16,-1.252388904554551e-16,2.0364460761485657e-16,-2.0284990462447125e-16,3.536642838910267e-17,-8.205125490001979e-19,1.3455981780381823e-17,1.7000312293035077e-16,-1.748243286620942e-16,-1.8407071272405077e-16,-7.366937599366767e-17,5.070390173469717e-18,-7.900253338493751e-17,1.115699816836582e-16,1.0839699393486907e-16,4.525444502296209e-17,2.931643994064118e-16,-2.0979694257965985e-16,8.428140957292063e-17,2.2189229445725302e-16,-1.1063316636004396e-16,-1.6770506378551344e-17,9.976334396529727e-17,7.150471906300856e-17,4.1760056196098305e-16,-1.5868058022027113e-16,1.7184633185136727e-16,1.2785615071968434e-16,-5.420260756560914e-17
COC1=CC=CC(OC)=C1C2=C(P(C3CCCCC3)C4CCCCC4)C=CC=C2||O=P([O-])([O-])[O-].[K+].[K+].[K+]||CO,COC1=CC=CC(OC)=C1C2=C(P(C3CCCCC3)C4CCCCC4)C=CC=C2.O=P([O-])([O-])[O-].[K+].[K+].[K+].CO>>,C_b8614342531a,COC1=CC=CC(OC)=C1C2=C(P(C3CCCCC3)C4CCCCC4)C=CC=C2||O=P([O-])([O-])[O-].[K+].[K+].[K+]||CO,COC1=CC=CC(OC)=C1C2=C(P(C3CCCCC3)C4CCCCC4)C=CC=C2,O=P([O-])([O-])[O-].[K+].[K+].[K+],CO,3.697093256973161,0.21873148620968075,-0.15412399736180774,-0.1699869785609367,0.5496334743528027,-0.13753115125335083,1.086989772756469,1.0255047079947912,1.955111693998353,0.8801350735997573,0.1110692096607392,-0.397112542788813,1.2937238034703245,1.4744995209589151,-1.4244336803419841,0.25509854087750383,0.04922158782919266,0.026042369234240692,0.1390282613722992,1.3034280296126528e-15,-8.292601440124333e-17,2.30644139591102e-16,2.1837320815601175e-16,-1.16199099802403e-15,-5.849626999280873e-16,7.269134910206893e-18,-1.2525935595032652e-17,-2.4071237512573796e-16,-1.8586083557617252e-16,5.464326182611254e-16,-3.8855928181124e-17,-5.262239156740874e-17,2.3700791554127544e-16,-1.0441797952895372e-17,-1.2054345054838847e-16,3.9060207328250337e-16,5.615870720037402e-17,5.687075357071267e-16,-4.416832827339733e-17,-3.559209802061242e-17,-2.7754942045352508e-17,-7.013572033040703e-18,1.9909145320518515e-16,-9.022753384966089e-18,-7.700093979243186e-17,-3.092565204120747e-17,-4.9297678935560497e-17,2.9177175004583576e-16,6.209548111429501e-18,-7.165209062021679e-17,-1.6313701841387948e-16,7.802943900640333e-17,1.6148536817684163e-16,-7.381262713833402e-17,-1.008126270505957e-16,-9.570420867237429e-17,-1.4470313141784683e-17,-1.2942682313780188e-17,2.2286205420176177e-16,1.4556051536616448e-16,-2.9090334937915236e-16,5.292989808405233e-17,6.0317828335395156e-18,-2.4868519249347094e-17,1.8410415661405057e-16,-2.4649712296234796e-16,-8.343392625068794e-17,-1.2687347410836984e-16,7.29661675961747e-17,9.761649968641216e-17,1.0146656786032342e-16,1.0515076401506725e-16,3.3923587938101853e-17,7.774255489731566e-17,2.318759405308923e-16,-5.750516258503582e-17,-3.3178886839518455e-17,1.3056535173876288e-16,-1.4581027736807243e-16,-2.3818177896592088e-17,-1.8951276434322455e-16,-1.6823136622934454e-16,-4.085660423681363e-17,-1.47100621517495e-16,-1.0148651695076686e-16,4.345623010385106e-18,1.2301410809884253e-16,1.7561060041498277e-16,-5.772897665632909e-17,-9.039936484653952e-18,9.992964613850136e-17,1.054230898340169e-16,-4.101775004942893e-17,7.87547650757288e-18,-9.55837037712491e-17,-8.247813666908984e-17,1.749618296712751e-17,1.5429987124545602e-16,1.2214262591726073e-16,-1.608258025125255e-17,-1.0657479832183427e-16,4.0678398743833377e-17,2.115604531235446e-16,1.8943469497737312e-17,-1.0360607581463613e-16,-1.3951798159030375e-17,-1.8053031103386058e-16,4.1938544773467227e-17,-1.9674153374268964e-16,-1.8962890208537004e-16,-5.605181336601246e-17,-9.193128344893082e-17,2.261701886266291e-17,4.915265101053506e-17,6.352355855623856e-17,6.0781481536152e-17,5.136970667225333e-18,-3.371325288846865e-16,-1.3698281335663776e-16,5.4951208732632465e-17,5.489524792886377e-17,-6.599797209978414e-18,-2.1952995723326818e-16,-2.009303031970756e-16,3.2891113703746096e-17,-1.1786781194942834e-16,6.998991589892629e-17,-1.0677688507777346e-16
CC(C)(P(C(C)(C)C)[c-]1cccc1)C.CC(C)(P(C(C)(C)C)[c-]2cccc2)C.[Fe+2]||O=P([O-])([O-])[O-].[K+].[K+].[K+]||CO,CC(C)(P(C(C)(C)C)[c-]1cccc1)C.CC(C)(P(C(C)(C)C)[c-]2cccc2)C.[Fe+2].O=P([O-])([O-])[O-].[K+].[K+].[K+].CO>>,C_3e6a9158c433,CC(C)(P(C(C)(C)C)[c-]1cccc1)C.CC(C)(P(C(C)(C)C)[c-]2cccc2)C.[Fe+2]||O=P([O-])([O-])[O-].[K+].[K+].[K+]||CO,CC(C)(P(C(C)(C)C)[c-]1cccc1)C.CC(C)(P(C(C)(C)C)[c-]2cccc2)C.[Fe+2],O=P([O-])([O-])[O-].[K+].[K+].[K+],CO,-1.56781664669475,-0.54455445394079,-0.15412399736180848,-1.8306686961429988,0.5496334743528052,1.1506141613685532,1.0869897727564701,-0.3417448804185354,0.9228435721645201,-0.12806008460238,0.11106920966073802,1.7193547786868169,1.2937238034703165,1.4744995209589171,-1.424433680341986,-0.3755240042558042,0.04922158782919222,0.6986574594526088,0.1390282613722991,-1.0885032572690269e-15,-3.4444379609621944e-16,2.2021556259016615e-16,-4.95982451505305e-16,1.422707849801469e-16,2.0759009813073107e-16,-6.07418282872998e-17,-1.6171867022487467e-16,3.570399768012718e-16,5.015688116508569e-16,4.299638164776778e-16,-7.731000365195563e-17,-2.1698232201363384e-17,1.5411642761732497e-16,1.3957963745136363e-16,-8.88329368595831e-17,-2.0460875521335334e-16,-1.4446820173610377e-16,-1.24493553799481e-16,-3.6446432101720486e-17,1.7645955229869056e-17,1.0395545952992346e-16,-5.5158971905644133e-17,1.7002822821212576e-16,-1.9066683453901811e-16,5.0926108967854047e-17,-1.1165575836497656e-16,1.0407856565277113e-16,7.421134694561728e-17,1.3604371756164643e-16,-2.0995026708892351e-16,-3.0403025656445537e-16,3.5144389099338604e-17,-2.1030726118476883e-16,6.819539683115465e-17,-8.80394554101695e-19,1.6869956138024539e-16,-7.105458935957098e-17,-8.380547998876026e-17,-7.652248361416692e-17,7.704394342178818e-17,6.462995445697341e-17,-1.731116088860625e-16,-8.812869130262991e-17,2.280700194010912e-16,-3.591153392366862e-17,1.2485392815870875e-16,-2.430570014295099e-16,-1.6037939435701564e-16,-9.999133778269805e-17,9.110120104663593e-17,1.975958498982498e-16,8.555348314544051e-17,-2.0825516808466388e-16,-3.227981841935187e-16,1.0904913416227879e-16,-6.315402605084567e-17,-6.452134482158113e-17,-6.887326961887917e-17,-1.6725443134146023e-17,-8.992319756822606e-17,-4.2603645678326894e-17,-2.570725089147276e-17,-1.0744921696317068e-16,-4.153314778669879e-17,1.5554364590049197e-17,4.4452929419847805e-17,3.004019613541409e-17,-1.9449371326471412e-17,-2.2183486102970328e-16,8.229088095121285e-17,1.5859672642065684e-16,3.5459400262840883e-16,-4.480231486193395e-17,-6.117008534105993e-17,1.6394381526187925e-16,-4.679909877896131e-17,5.84240621063753e-17,2.0241145462797609e-16,-1.9951629295545788e-16,1.282535812957569e-16,6.379863973652538e-17,4.492195145611212e-17,-7.712140377515803e-18,4.5310252223956523e-17,4.5637643814680075e-18,1.9010369845850344e-16,-5.722173974170852e-17,5.239019799719018e-17,-2.4327290003162423e-16,-1.2541910984599205e-16,2.2159510847793744e-16,2.833146225551226e-17,-2.0376978584098757e-16,6.463969387968995e-18,8.488016761254294e-17,3.690066664899059e-19,-7.654973048711892e-17,-2.7610143596462842e-17,1.2247468527863355e-16,3.175175270641366e-16,1.9072073650457511e-16,1.1854388227751622e-16,-3.24791150593044e-17,5.4274217656923247e-17,3.3335059974159226e-17,-7.705560500211612e-17,2.584745048935195e-16,-1.225878828516287e-16
CC(C1=C(C2=CC=CC=C2P(C3CCCCC3)C4CCCCC4)C(C(C)C)=CC(C(C)C)=C1)C||O=P([O-])([O-])[O-].[K+].[K+].[K+]||CO,CC(C1=C(C2=CC=CC=C2P(C3CCCCC3)C4CCCCC4)C(C(C)C)=CC(C(C)C)=C1)C.O=P([O-])([O-])[O-].[K+].[K+].[K+].CO>>,C_7a39ddb567b9,CC(C1=C(C2=CC=CC=C2P(C3CCCCC3)C4CCCCC4)C(C(C)C)=CC(C(C)C)=C1)C||O=P([O-])([O-])[O-].[K+].[K+].[K+]||CO,CC(C1=C(C2=CC=CC=C2P(C3CCCCC3)C4CCCCC4)C(C(C)C)=CC(C(C)C)=C1)C,O=P([O-])([O-])[O-].[K+].[K+].[K+],CO,4.095214292254156,0.060599001610190176,-0.15412399736180946,-0.5208425618983293,0.5496334743528039,-0.11150016598743243,1.0869897727564675,-1.7351649042204011,-1.040982267210731,-1.0072610296413123,0.11106920966073788,0.3127331155945694,1.2937238034703227,1.4744995209589162,-1.4244336803419853,0.08800205000734951,0.0492215878291929,-0.0017897580635637936,0.13902826137229907,-8.287500229702132e-16,-9.565316249169681e-16,-7.340521064183956e-16,-1.5969029316266513e-16,9.266520609541576e-16,7.1021462107175e-16,-1.6437111889797188e-16,-8.686908851959445e-17,1.192226431940693e-16,3.18057354428443e-16,5.593339522605129e-16,-8.045273014006126e-16,-1.8894763794372647e-16,4.801347058235951e-17,-2.6243393839242498e-17,-2.536836044279524e-17,-7.420362240201499e-17,-3.0415054286631365e-16,7.020665472212354e-16,-2.979245469074344e-17,3.7466486629560683e-16,-5.101388332508489e-16,-1.6975263150671505e-16,-1.19410807373612e-16,3.110124504080486e-17,-1.8732550633118966e-16,3.222847590433612e-16,-3.262696918878723e-16,4.7540656828256026e-17,-1.1827831746817634e-16,4.1265254268547795e-17,-2.7532342279896554e-16,-9.214974703979985e-17,1.6625296394809234e-16,-6.535473232774752e-17,1.4070542629655275e-17,4.1673757172747786e-17,1.942515045417171e-17,-1.1664046887765776e-16,-2.2191496083337685e-17,-3.3059547600594263e-17,4.54016085347234e-17,6.99985783052625e-17,7.291803579867149e-17,1.639660714154149e-17,8.277017423984694e-18,6.630648754750055e-17,-2.431495850287904e-16,-1.3093028201851612e-16,-7.41589100473116e-18,1.0117487694855188e-17,-2.0911378332045845e-16,4.987509085486758e-17,2.9234573837723353e-16,-1.5291860120286392e-16,1.75684380202881e-17,1.1173909721592644e-16,-1.5404023664529945e-16,-5.415755791868516e-16,1.1114807962094227e-16,1.502392610235048e-16,-6.31562119045816e-17,-9.624046095482792e-17,6.761171045945996e-17,-1.6502884152892134e-17,2.6929034697091022e-17,5.62193167481043e-17,-1.5748756035503098e-16,-1.5572360847834787e-16,1.913093126545207e-16,-8.876859491902987e-17,1.440461751149092e-16,-3.1066929992502385e-16,9.341899377498374e-17,-7.658864588821297e-17,1.0036361401722943e-16,-5.128327178366481e-18,-4.5734291517494983e-17,2.561245091278176e-16,-2.0429674697060887e-18,2.1602560702504858e-16,-7.219917490216919e-17,-7.352130194411889e-17,5.114759354781257e-18,-1.6008407579933568e-16,-3.0595613140804927e-16,-7.376052395398172e-17,2.1643343441738515e-16,1.334744311497407e-16,1.398899310606585e-16,1.5348478074487312e-17,-2.9138264289188394e-16,-1.338027143024735e-16,1.0900066082742435e-16,-2.6023657260197624e-16,2.633146101689515e-16,-2.6220564008472585e-16,3.0119414180442296e-17,1.603950812892883e-16,4.222392222445657e-18,-2.6155200095067024e-16,-2.7957631257886173e-18,-1.8289426668697215e-17,-1.720944212697611e-16,-4.0660834206800035e-17,-2.2149384012640746e-17,-1.821614232292432e-16,-5.504689316938703e-17,2.653860474640824e-16
[c-]1(P(C2=CC=CC=C2)C3=CC=CC=C3)cccc1.[c-]4(P(C5=CC=CC=C5)C6=CC=CC=C6)cccc4.[Fe+2]||O=P([O-])([O-])[O-].[K+].[K+].[K+]||CO,[c-]1(P(C2=CC=CC=C2)C3=CC=CC=C3)cccc1.[c-]4(P(C5=CC=CC=C5)C6=CC=CC=C6)cccc4.[Fe+2].O=P([O-])([O-])[O-].[K+].[K+].[K+].CO>>,C_673e99df23e5,[c-]1(P(C2=CC=CC=C2)C3=CC=CC=C3)cccc1.[c-]4(P(C5=CC=CC=C5)C6=CC=CC=C6)cccc4.[Fe+2]||O=P([O-])([O-])[O-].[K+].[K+].[K+]||CO,[c-]1(P(C2=CC=CC=C2)C3=CC=CC=C3)cccc1.[c-]4(P(C5=CC=CC=C5)C6=CC=CC=C6)cccc4.[Fe+2],O=P([O-])([O-])[O-].[K+].[K+].[K+],CO,-1.3841208155545002,1.1338119037417698,-0.15412399736180973,-1.1785704697655903,0.5496334743528035,2.026491491577694,1.0869897727564666,-0.48760632931331355,0.3252425987294685,-0.3701586543025695,0.11106920966073942,-1.4860818817801977,1.2937238034703291,1.4744995209589151,-1.4244336803419841,-0.26752973554483206,0.04922158782919306,-0.7958149782613763,0.1390282613722991,1.4324830165085754e-15,-4.626811483207445e-16,-8.110875824164207e-16,-4.59550567309136e-16,-4.400860878024076e-16,2.6952390733587327e-16,-3.4832448990624333e-16,-1.0855468896891323e-16,5.958004556844778e-17,3.7018022741897155e-16,-3.56323873445847e-17,-1.7255909234406224e-16,3.62924254446941e-16,-3.455774291493599e-16,-2.689412907385237e-16,1.7252521897625513e-16,1.1311861611327079e-16,-1.3028526760160366e-16,-4.235936399384441e-17,-3.059888188224298e-16,-7.064814168845402e-17,2.0013706299599215e-16,9.775309657266844e-17,1.7144690015316572e-17,-8.854849380888003e-18,-5.785753262517717e-17,-1.8003706748564654e-17,2.561714420635232e-17,-2.090712113844446e-16,1.5291066495565072e-16,-1.2807124174105418e-16,-2.0685174708627855e-16,1.3137281193310498e-17,-6.230765424588545e-17,1.9562268139345011e-16,-1.4428294866289482e-17,1.6721888659600296e-16,1.4681315492480146e-17,5.87491996338887e-17,7.902523656832806e-17,2.810828060069463e-17,1.9179442268607084e-16,5.5062069999371054e-17,-4.981117179575932e-17,1.2152251046109084e-16,9.008331671390286e-17,-1.689798987037534e-16,1.2270658158446763e-16,-6.535570189531361e-17,5.82962872881462e-17,-5.586417765435831e-17,1.999257668318804e-17,-1.4100494663362508e-16,6.357772003291832e-17,-5.161729091995274e-17,9.521121807766599e-17,-9.144676328248098e-18,-1.7023536319294123e-17,8.004066867212442e-17,8.95808484879254e-17,-9.238814001282592e-17,1.7806923508586098e-17,1.598323591206614e-16,6.43656647617147e-17,-7.986920883102817e-17,1.0578628890676857e-16,2.286677598090642e-17,6.403722700140082e-17,-2.2520188478918417e-16,1.20406200720961e-17,1.7721770966582352e-16,3.8304966431690235e-17,-2.2297099602695997e-17,2.2563692187269154e-17,-6.808413720475438e-17,-9.435153982737894e-17,1.2479076553863295e-17,1.2854740277631869e-16,4.9382785299366956e-17,-8.59055074123435e-17,2.2038341407541611e-16,7.109124307903281e-17,4.201540368717937e-17,2.0080066924637123e-16,-1.1282672116118878e-16,-1.4039616091293154e-16,5.816687909546179e-17,-5.4143367886633013e-17,-9.75880663386342e-17,-1.201889010536751e-16,8.208270816530924e-17,9.334045682309424e-18,2.2952006723715283e-17,6.268663602191706e-17,9.058120786536818e-17,1.4125924454337707e-16,2.5349449061378467e-17,-5.76543911182171e-17,4.1218243424289147e-17,-4.1532509312616153e-16,-6.13213287638532e-17,3.892524941054054e-18,2.287657608264409e-16,1.6107666002513972e-16,-1.2570378563594868e-16,-7.130738824026363e-17,1.9474263730379134e-16,1.6966234902484705e-16,-2.1650264128685623e-16
CC1(C)C2=C(OC3=C1C=CC=C3P(C4=CC=CC=C4)C5=CC=CC=C5)C(P(C6=CC=CC=C6)C7=CC=CC=C7)=CC=C2||O=P([O-])([O-])[O-].[K+].[K+].[K+]||CO,CC1(C)C2=C(OC3=C1C=CC=C3P(C4=CC=CC=C4)C5=CC=CC=C5)C(P(C6=CC=CC=C6)C7=CC=CC=C7)=CC=C2.O=P([O-])([O-])[O-].[K+].[K+].[K+].CO>>,C_097f5ce642d0,CC1(C)C2=C(OC3=C1C=CC=C3P(C4=CC=CC=C4)C5=CC=CC=C5)C(P(C6=CC=CC=C6)C7=CC=CC=C7)=CC=C2||O=P([O-])([O-])[O-].[K+].[K+].[K+]||CO,CC1(C)C2=C(OC3=C1C=CC=C3P(C4=CC=CC=C4)C5=CC=CC=C5)C(P(C6=CC=CC=C6)C7=CC=CC=C7)=CC=C2,O=P([O-])([O-])[O-].[K+].[K+].[K+],CO,-0.7608527313618177,3.0573458202759283,-0.15412399736180743,2.340206537654114,0.549633474352802,-0.5112817700760031,1.0869897727564688,0.35592842575710465,0.4501099621363101,-1.1207264892083706,0.11106920966073844,0.8357285648736795,1.2937238034703205,1.4744995209589165,-1.4244336803419857,-0.3419186122896447,0.04922158782919233,-0.16127802879825118,0.13902826137229896,1.6969352883595683e-15,-2.447831848189772e-16,-1.0384576787048363e-15,-3.862545233317587e-17,6.432487769761793e-16,2.937412078749754e-16,-3.812139847622317e-17,2.2264071091200547e-16,1.1749411763969665e-17,4.853130402884091e-16,3.967764917317512e-16,-2.9721162302420567e-16,1.105760513995289e-16,3.268861121983438e-16,1.1853529969909086e-17,-9.105867286866245e-17,3.794203903031591e-16,-1.4570955058283892e-16,1.653843419474342e-16,-1.116167882575535e-16,-2.031258190670726e-16,-5.489394814050929e-16,3.255003628805907e-17,6.6155678682272745e-18,-2.1077502003441385e-17,-8.940663041139839e-17,-1.5018449711808422e-16,-1.3661478403044958e-16,-1.5156021546816876e-16,9.514053296351018e-17,2.737687832822425e-17,-5.344317698099723e-17,-1.543851729138593e-16,-1.1007049496647568e-16,1.1777204938425412e-16,-4.243534122892465e-17,5.450962245099466e-17,3.2959087384294905e-16,-3.430699838362393e-16,5.0679998658104593e-17,1.4532316201068187e-16,1.0882603088649198e-16,-5.561104449319181e-17,-7.807977225950017e-18,6.641806546945389e-17,-1.3715939551173474e-16,2.4107176214207637e-16,-2.2283816142752646e-16,1.1634872514954161e-18,5.927231739264687e-17,1.306381046238541e-16,1.3766821976259517e-16,-4.176784536458909e-17,2.0258334461435676e-16,3.4053366896993103e-16,-2.645898522032297e-17,1.7770581231272294e-16,4.0176703230019354e-17,-1.9037369454693455e-16,-4.679361152418319e-17,-6.230799857686e-17,-1.4730750465531428e-16,-2.7617366448041434e-17,-2.18455882345122e-16,2.9429003692177205e-16,-1.7630563872070784e-16,5.641812923486785e-17,-6.752079559455374e-17,8.828458909915132e-17,-2.0453408023654605e-16,3.235635315859901e-17,-9.675001476799228e-17,6.180772906086411e-17,-1.60792579031005e-16,-1.0799765683121951e-17,-6.89478136071276e-17,5.249339935365212e-17,9.19891999717424e-17,-1.3378862539996678e-16,2.5479793678884803e-17,8.958390473380209e-17,5.289992022346101e-17,-4.3996713633878e-17,-4.1543182604622585e-17,2.618348427146775e-16,2.3966111189306677e-16,1.2246591603957524e-16,3.824644388273263e-17,-1.5721019788828972e-16,3.746485708829759e-16,-1.4650104194296885e-16,-8.507825398815331e-17,-5.3191615741618663e-17,-9.100755611463335e-17,-2.4630866052817915e-16,-1.8358321351535858e-16,-8.020034226220411e-17,-6.783117474176915e-17,-2.2454639188334756e-16,-1.7132090471747161e-16,2.5135811981120177e-16,8.285689166542728e-17,-1.4463981095199367e-18,1.4819954224152749e-16,4.630065452534623e-17,1.0205807381007566e-16,1.4948003814524156e-16,2.962328546186866e-17,-1.267635998767956e-16
CC(P(C(C)(C)C)C(C)(C)C)(C)C||[K+].[OH-]||CO,CC(P(C(C)(C)C)C(C)(C)C)(C)C.[K+].[OH-].CO>>,C_cd8bdcc28eef,CC(P(C(C)(C)C)C(C)(C)C)(C)C||[K+].[OH-]||CO,CC(P(C(C)(C)C)C(C)(C)C)(C)C,[K+].[OH-],CO,-1.224289551208006,-0.6982614233068847,-0.1541239973618094,-0.5409122448896084,0.5496334743528055,-0.480932827460351,0.030012186905264693,0.5164120737207385,-0.35796807424654764,-0.004776469817939505,-0.21329434806095945,0.8719731108561667,0.7970543504303816,1.474499520958916,0.7065522983797515,1.670360296231833,-0.5959422591539459,-0.7970487546071373,-0.6183147843372138,-7.154523409908e-16,4.2856396989709737e-16,-3.620661214283718e-16,-6.859605463535777e-16,9.320677202429004e-18,3.2888943089168913e-16,-6.194951533408674e-16,2.693880335025969e-16,7.070780484764908e-17,3.8180048887522597e-16,4.733705689989932e-16,-9.172748593223658e-17,-1.1031264768597703e-17,-4.27886849212975e-17,5.764873639347211e-17,-1.264575460965484e-16,1.9580822108472875e-16,-1.1906299807770336e-16,1.3809860165215815e-16,-6.571240439564271e-17,1.0025761843232099e-16,6.396196423638961e-17,5.027695817543002e-16,1.1060380614767771e-16,2.436391259419253e-16,-8.578737119328921e-17,-7.967885567711196e-17,-3.0995717701602647e-16,9.684468428831574e-17,5.567906316442945e-17,-2.4607438701247304e-16,4.7597892008000436e-17,2.954232030499707e-16,1.8523278889870882e-17,9.078150219340379e-17,2.142126183742376e-17,-1.9772746806790917e-16,5.110406671993805e-17,1.4396614430854643e-17,2.499330607320095e-16,9.501401740469295e-18,1.653712928944931e-17,-1.3638447470797914e-16,7.521894766050734e-17,8.625664483915396e-17,-1.6896905449770464e-16,1.1309046839324857e-16,-7.160746599986616e-18,2.7929442448663303e-16,-1.9297934164619472e-16,-9.452110059071032e-17,1.2165827240966715e-16,-6.308953910446564e-17,5.1703698745021653e-17,-5.593302505350969e-17,-2.36409099606095e-16,-6.364133849649156e-17,-1.4813776838947736e-16,2.3817076125508785e-16,8.775981760472769e-18,9.800492078713758e-17,-9.40084389709489e-17,-1.113086113548636e-16,-8.295106165328103e-17,2.9992512028618287e-18,1.083907730039575e-16,3.1327920804823607e-16,-2.1929719512296302e-16,1.645251293381954e-16,-1.7851876009165915e-16,1.7429443743728697e-16,6.844352580799546e-17,-1.538967657310938e-16,-7.743550968160783e-17,4.1118125302578597e-17,1.3108216368603734e-16,-3.442273246035931e-16,-7.856388556043491e-17,-1.9401948460177112e-16,8.541452499777315e-17,1.4066014995084256e-17,1.668973182337169e-16,-7.671165006271229e-17,-1.738202162898055e-16,8.925097733009365e-17,-5.806760585771755e-17,2.2321024969793233e-16,1.1102129895329688e-16,4.1009147607442747e-16,3.825862765015746e-16,2.1645274020869892e-16,7.377522307441371e-17,1.1117539047199927e-16,1.0707714317198048e-16,8.341174566874902e-17,3.868835959503829e-17,1.0443046798019883e-16,8.108562652961587e-17,-6.683270025454244e-17,1.4834085468745423e-16,-1.0036769168398202e-16,-2.869833420516453e-16,1.0937320143760295e-16,-6.359427198711276e-17,8.171154655749723e-17,-7.843532595274373e-17,-9.118607539256815e-17,9.270773225745352e-19,2.528013435698474e-16
P(C1=CC=CC=C1)(C2=CC=CC=C2)C3=CC=CC=C3||[K+].[OH-]||CO,P(C1=CC=CC=C1)(C2=CC=CC=C2)C3=CC=CC=C3.[K+].[OH-].CO>>,C_aba1fac03b59,P(C1=CC=CC=C1)(C2=CC=CC=C2)C3=CC=CC=C3||[K+].[OH-]||CO,P(C1=CC=CC=C1)(C2=CC=CC=C2)C3=CC=CC=C3,[K+].[OH-],CO,-0.9376336432096944,1.2345744235185012,-0.1541239973618093,0.23684906840748315,0.5496334743528043,0.2786396779026144,0.030012186905262445,0.21949929330034418,-0.7800009929116304,0.1474060694152468,-0.21329434806095832,-1.1263128578207322,0.7970543504303896,1.474499520958916,0.7065522983797518,0.9338159119711474,-0.5959422591539472,1.246242212634961,-0.6183147843372138,4.0172110705853386e-16,-5.440670274399486e-16,-2.265085743169647e-16,-2.6191661089325476e-16,-2.2966718044173564e-16,-2.288894948005359e-16,-1.1213311581918645e-15,-2.1514126814682953e-16,9.098941800186263e-17,2.288861285704433e-16,7.879492470644874e-17,-2.696897461601029e-16,-6.18555201556562e-17,1.4456317768410936e-16,-3.006826091215199e-16,-8.284797984052813e-17,-6.279554209030305e-17,2.294864149001248e-16,1.6964324824590522e-16,1.222034901622447e-16,1.6653597957990657e-16,-5.4679322848123763e-17,-1.0244600089610548e-16,-1.797238406166839e-17,-5.923271232036287e-17,3.648947650814659e-18,-1.3025987045644697e-16,4.631259206191432e-17,-4.420424493362836e-17,-1.4875781761065195e-17,2.0237594451184361e-16,-2.0357917496968095e-17,-2.2636859843090547e-17,1.0587024808688604e-16,3.2191103345413316e-18,-2.962440601776237e-18,1.5796428255662826e-17,1.3666232393559225e-17,8.363079169389237e-17,3.187810217020233e-17,-1.2404951437406505e-16,-9.087125093925046e-17,6.712140834079693e-17,-9.240475169117355e-17,-4.7530745072016536e-17,-6.900469432540183e-17,-1.4369857785333458e-16,1.3024482802622613e-16,-8.946619667383976e-17,4.8438166609467054e-17,1.5447996984476926e-16,7.186663533991193e-17,-9.95440244210094e-17,-1.6753409033834285e-16,-1.7467557368097543e-16,7.215143921052262e-17,1.729120026839864e-17,-4.350870985586773e-17,1.806121073633096e-16,-5.299690510649793e-18,-1.0646109596485967e-17,4.1801703170640143e-17,-4.5230930475218206e-20,4.373506947670803e-17,1.3366203773025794e-16,4.988330908770447e-18,8.433918982978587e-17,-2.179752848816336e-17,-2.3977125218675795e-16,5.000463499056887e-17,8.427961587037653e-17,4.728515836678364e-17,1.331489078972653e-16,-2.3553527679497775e-17,2.6695374490637017e-17,4.17786433159477e-17,-1.0657764647113232e-16,1.728864611797162e-16,3.505377834406474e-17,3.1138279463381234e-17,2.0569800643696414e-16,2.117313350200276e-17,-1.0862425378008458e-16,-6.70879594926634e-17,2.204907330448695e-17,6.988726181638548e-17,8.871389886991513e-18,1.094796314104572e-16,-1.9419067653901032e-16,7.856143018196943e-17,7.32587126376733e-17,-2.6822771490202205e-17,-1.316925347967432e-16,-3.5729850067560346e-17,-2.3304174608447047e-16,-2.095439336224162e-16,3.746424801560513e-17,2.1784551602450911e-16,-7.529657451435962e-17,-1.8511731993103337e-16,-6.423163921048695e-17,-3.917885287310328e-17,4.248268134847335e-18,-1.0504162189124525e-16,-6.010280322635387e-17,4.580792215329471e-17,-5.115147009636447e-17,-6.635794280997141e-17,3.983637638731975e-17
CC(C)(C)P(C(C)(C)C)C1=CC=C(N(C)C)C=C1||[K+].[OH-]||CO,CC(C)(C)P(C(C)(C)C)C1=CC=C(N(C)C)C=C1.[K+].[OH-].CO>>,C_b4058272e3e5,CC(C)(C)P(C(C)(C)C)C1=CC=C(N(C)C)C=C1||[K+].[OH-]||CO,CC(C)(C)P(C(C)(C)C)C1=CC=C(N(C)C)C=C1,[K+].[OH-],CO,-1.5782981121882067,-0.6507387560859172,-0.15412399736180918,-1.3390820507081511,0.5496334743528036,-3.0233120881828097,0.030012186905263364,-0.2690314540585111,0.3510346086273152,-0.3959375129998083,-0.21329434806095812,-0.8157423012752545,0.7970543504303883,1.4744995209589162,0.7065522983797505,-0.5617383596306827,-0.595942259153947,0.020503180976102316,-0.618314784337214,4.076607426289237e-17,-1.6028508013580108e-16,3.705092576235878e-16,-3.0220165960812606e-16,9.67497175151516e-16,-4.647910583886919e-16,9.478747316373047e-19,-4.1240029876322496e-16,2.0631580037964913e-16,-2.2575749387590516e-16,3.457710197374949e-17,-4.3317468247382174e-16,-1.4083904279261443e-16,-6.272852467740358e-17,-1.049556025246678e-16,-1.276549515010738e-16,-2.4892811781852717e-16,2.096852138539694e-16,-5.043655094223949e-17,1.5073247536619683e-16,1.0668280289689798e-16,4.424729621857377e-17,-2.5894981653302276e-16,2.6364821795195294e-16,-2.0736170253890072e-16,3.716331191293741e-17,-1.8091913145607507e-16,-1.151821213615467e-17,7.768141895736372e-17,7.17420597032251e-17,1.1319646238935623e-16,2.5701077244406824e-17,-1.7277958528698357e-16,-1.7971814555230064e-17,-1.4958620791247106e-16,2.4576109301041886e-16,-1.613404694316146e-16,-1.1647718573704883e-16,-5.570979746820809e-17,-1.8233974779789053e-16,1.3719197330186363e-16,5.025501278411876e-17,-1.3266649064186618e-16,-4.5910967561910033e-17,1.5520143123451372e-16,-3.9470735584699734e-17,1.3330133639972604e-16,-1.7897463548766243e-16,6.526982586393474e-17,-2.5550687775193822e-17,-4.221142538147318e-17,-9.174298264721226e-18,-6.094701870545955e-17,-1.2359407591049663e-16,-1.4211966786530045e-16,-2.825929031459237e-16,-5.446931349025602e-17,-7.382732470836219e-17,-8.034122789305935e-18,-1.9803336930111995e-17,-1.0005857845899784e-16,2.59749277418388e-17,3.6306327311140007e-17,1.4663586449155209e-16,-7.002550411233722e-17,-1.192119073402047e-16,4.844827320574443e-17,-7.155533462541835e-17,3.3348866663268854e-17,3.208465852440519e-17,1.3258072933068176e-17,-1.5081086592271854e-16,-2.411430994357558e-16,2.3088677165422666e-16,-2.5555068414888784e-17,-2.529751391698412e-17,4.5244019562195263e-17,6.634580897843898e-17,-1.4115692508774862e-16,2.0983423693874792e-16,9.735808109119846e-17,-1.0765805624890822e-16,-9.970406083124283e-17,7.828373569116432e-17,-1.8759446717921488e-16,-8.125891095156002e-18,8.825044833235619e-17,-4.783171115432587e-17,-1.535449652258836e-16,-1.7518231155020597e-16,8.010701740053193e-18,-9.855814390648604e-17,9.847479669846305e-17,1.7310498669168145e-16,3.372921456832563e-16,-6.709799226246644e-17,-7.298595025434184e-17,-1.511505816096223e-16,2.1686581073354932e-17,-6.272857176462932e-17,-5.816900637810133e-17,-5.530207992640047e-18,3.2542413155162096e-18,-1.4672935314770784e-16,-7.288712862244422e-17,6.077718547818844e-17,2.18730850038293e-16,1.8711363867727403e-16,2.356030591182732e-16
P(C1CCCCC1)(C2CCCCC2)C3CCCCC3||[K+].[OH-]||CO,P(C1CCCCC1)(C2CCCCC2)C3CCCCC3.[K+].[OH-].CO>>,C_d616dc437cf1,P(C1CCCCC1)(C2CCCCC2)C3CCCCC3||[K+].[OH-]||CO,P(C1CCCCC1)(C2CCCCC2)C3CCCCC3,[K+].[OH-],CO,0.8097398838794678,-1.610823327016457,-0.15412399736180865,-0.032317947085244395,0.5496334743528037,0.56302270605144,0.030012186905263975,2.205309231068089,-1.3646949579166312,-0.5762782864827902,-0.21329434806095887,-0.011638395004672815,0.7970543504303854,1.4744995209589171,0.7065522983797505,-0.8033477138467454,-0.5959422591539472,-0.02961397032975137,-0.6183147843372139,5.2908154698083055e-16,-3.6824346041678826e-17,-6.28931064176341e-16,-2.733094780964079e-16,-2.231662748642313e-16,1.584560038909515e-16,1.0897007390278196e-16,-3.7484141494911205e-16,-4.001349517466007e-16,-6.811739679465799e-17,9.834741736453735e-17,-1.3725195524561855e-16,3.5125988013617887e-16,2.36225728277818e-16,2.1458612972569953e-17,9.45948987502059e-17,2.970960214054459e-16,3.0139750386011356e-17,2.570910240336275e-16,9.342559857072783e-17,1.8483919553077277e-16,-1.4562722039415452e-16,1.3212656002605304e-16,-1.5930931880386265e-16,-8.208196639676115e-17,-1.1888742727087398e-16,1.217767819961315e-16,2.2529534717372307e-16,1.6452294742609963e-16,2.659914091583413e-16,-2.3885094906720255e-16,-7.252382408504754e-17,-1.9270550044816118e-16,1.9410036685114161e-16,2.673102166469585e-16,-9.225046712125082e-17,-1.64622599076816e-16,1.3075876562867417e-16,-1.1631045923435488e-16,-8.534708958859263e-17,3.2189325021238413e-17,-8.197842745007791e-17,-1.378085131288451e-16,-3.45952774720437e-17,-1.010155787104942e-16,1.6296279076418717e-16,-3.984109294824321e-17,-4.028320704329976e-16,-2.9233930967149365e-17,9.657320234472184e-17,-1.873696704064111e-16,1.37524336849402e-16,1.4030786358941119e-16,2.0559674099203694e-17,8.019833820287698e-17,-1.2419464687860818e-16,-1.2743112354418392e-17,-1.075771315103415e-17,5.284116912412397e-17,-8.660062839265601e-17,-3.937158174446239e-17,-5.159394278155407e-17,-8.890209099550295e-17,1.6730997506265462e-17,1.557901903028318e-16,-2.023360660246712e-17,1.3581070074793323e-16,1.5731042469927013e-16,-3.340721493993986e-16,1.5363510568202709e-16,3.704573689098971e-18,-8.36422062117133e-18,2.974146266915821e-17,1.6778209896028012e-16,6.70361133184695e-17,1.518412181385542e-16,3.110190462769089e-17,-7.134607244679132e-17,1.6061564665765678e-17,6.431705720353507e-17,-5.249842729720177e-17,-1.8314169921346677e-16,1.9798501058244837e-16,-1.7136860042863664e-16,2.3134061445990265e-16,1.9094290812325782e-16,-1.0730292415886219e-16,-2.495348609322991e-16,4.011140861812355e-17,1.8169621669334122e-16,4.0538577610246747e-16,-1.939549601866761e-16,-2.0836911930882525e-16,-3.7046112694842915e-17,9.75865629812594e-17,1.0789518679154392e-16,2.833542178607321e-16,-9.977644692640448e-18,9.942778827720614e-17,-3.774651968674946e-17,8.897618201011064e-17,-2.6630982487120622e-17,-7.827877434069669e-18,-1.0669126243367289e-16,-1.9461761401837086e-16,-1.4062925221463232e-16,1.794454831817675e-16,2.500171424880991e-16,-2.9570221240444123e-17
CC1=CC=CC=C1P(C2=CC=CC=C2C)C3=CC=CC=C3C||[K+].[OH-]||CO,CC1=CC=CC=C1P(C2=CC=CC=C2C)C3=CC=CC=C3C.[K+].[OH-].CO>>,C_103c490985f5,CC1=CC=CC=C1P(C2=CC=CC=C2C)C3=CC=CC=C3C||[K+].[OH-]||CO,CC1=CC=CC=C1P(C2=CC=CC=C2C)C3=CC=CC=C3C,[K+].[OH-],CO,-0.26365475576253317,0.9915488887997183,-0.15412399736180799,0.32248622106950986,0.5496334743528072,-0.24540933155649577,0.03001218690526354,-0.5084585430537786,-1.0360040403224666,2.508680959507179,-0.21329434806095987,0.45264748397795823,0.7970543504303831,1.4744995209589165,0.7065522983797514,-0.5902568205259893,-0.5959422591539469,-0.2429647001991904,-0.6183147843372138,-7.704795247450211e-16,-4.780141226470759e-16,-2.0952501687072231e-16,-3.1631858045621023e-16,-2.252086366119019e-16,7.343320245683902e-16,-8.023784255615271e-17,-1.3684537309364198e-16,1.8932893924506675e-16,2.4652014667033456e-16,3.530416040123812e-16,2.4700984233434776e-16,-1.1054159467822742e-16,1.453534968788212e-16,-4.58679488284278e-16,1.8673160281220342e-16,1.862044414200665e-16,-1.930818727464711e-16,3.154420988489929e-16,1.2939146079882594e-17,2.1865164198191803e-16,1.6798057951962097e-16,1.514611668029158e-16,4.288088023562776e-16,1.1226664600724394e-16,-1.5723232792190053e-16,2.460866582979475e-16,-1.265843732010048e-16,-2.6589244479623636e-16,-8.368076416644696e-18,-1.6174451966694903e-16,1.1125189870538653e-16,1.024988935818705e-16,3.0431696703467275e-18,-6.485478658587372e-17,-9.800325759527447e-17,5.15257412362228e-17,1.313260329681489e-16,-7.518642785911971e-18,3.484860990140693e-17,-1.7426201582723735e-17,-2.3113240364926984e-16,1.7500404057825752e-16,1.5397628565096812e-17,1.4023005431140985e-16,1.4746511470018693e-16,-1.2139821949211396e-16,-5.016124960865037e-17,-2.1806741173395893e-16,4.033431583781498e-17,-2.6658821105395213e-16,-2.0464262383429628e-16,-1.6421261907917167e-16,2.5742752453774226e-18,-7.871634461767391e-17,-1.7556871326786754e-17,-1.3696526240459795e-16,-6.750681780985995e-17,-5.72210031089163e-17,-1.758139536139008e-16,-6.536238549555037e-17,1.0974807013342092e-16,1.6447031272063355e-18,1.131822639523851e-16,1.9958264791588957e-17,6.916546375197869e-17,2.4650780258107984e-17,-2.0184033236901932e-16,1.4044192695261052e-16,-1.2148464076603507e-16,-2.0464832030597818e-17,9.47996733594653e-17,-8.896308573645672e-17,9.926600002137403e-17,1.0379976361022218e-16,1.9548895779950747e-16,-2.790974103619973e-16,4.435621012916992e-17,-4.6235881345115526e-17,1.9053748367330196e-16,1.9165473984874887e-16,-2.5039070953630863e-16,2.7315998983879945e-17,5.2204239741486926e-17,1.7076071736744973e-16,-6.390346146336852e-17,-6.666935163114783e-17,2.24598205190012e-16,-2.439747961039511e-17,-1.7116398771472597e-16,-3.5088563918118463e-16,6.021663691815132e-16,3.6865615810807766e-16,3.055078237223691e-17,1.6342624302359759e-16,-2.2163847932349662e-17,-3.5914332201366545e-17,9.820485742663817e-17,5.97252845260284e-17,-3.422363478193904e-17,7.946128685102818e-17,3.9372941794323115e-17,-6.351281561110013e-17,-2.3986117324049846e-16,-7.539599000001213e-17,1.0548987869001767e-16,-4.5070376611454167e-17,-9.819242747888177e-17,-3.6020020685225756e-18
CCCCP(C12C[C@@H]3C[C@@H](C[C@H](C2)C3)C1)C45C[C@H]6C[C@@H](C5)C[C@@H](C4)C6||[K+].[OH-]||CO,CCCCP(C12C[C@@H]3C[C@@H](C[C@H](C2)C3)C1)C45C[C@H]6C[C@@H](C5)C[C@@H](C4)C6.[K+].[OH-].CO>>,C_83b96789edeb,CCCCP(C12C[C@@H]3C[C@@H](C[C@H](C2)C3)C1)C45C[C@H]6C[C@@H](C5)C[C@@H](C4)C6||[K+].[OH-]||CO,CCCCP(C12C[C@@H]3C[C@@H](C[C@H](C2)C3)C1)C45C[C@H]6C[C@@H](C5)C[C@@H](C4)C6,[K+].[OH-],CO,-0.8853811771272793,-3.192233563805737,-0.1541239973618065,2.712839121919756,0.5496334743528044,0.4911992976161388,0.030012186905263652,-0.9806476207765282,0.5753078969520413,0.06697642453299636,-0.21329434806095857,-0.3555490753194935,0.7970543504303861,1.4744995209589162,0.7065522983797508,-0.006961552994127431,-0.5959422591539467,0.037064967961355444,-0.6183147843372141,8.213519019842301e-16,-6.472183265440494e-16,1.3494502216159076e-16,-5.556136449807325e-16,2.2472960333984556e-16,1.0792668504844251e-16,-5.221215659997291e-18,4.1855445307646815e-16,1.1154054372331455e-16,4.167667075573349e-17,1.2111477205982665e-16,2.0455880258222922e-16,-3.4065260297358173e-17,-4.940043591158561e-17,1.0946241096128489e-16,1.7938359774170953e-16,1.9783529955964062e-16,-3.140195480601796e-16,-1.9912487714441654e-16,-3.3124102333553544e-16,-2.1400719473786195e-16,1.4438988320986924e-16,-2.4454210249704063e-16,8.549487532608217e-17,3.295603888532398e-17,-3.998746824909034e-18,-1.3608225507379974e-16,-1.070409981563507e-16,2.6992560628948686e-16,8.888766200779019e-17,1.0182959271695799e-16,2.8018891436777854e-16,6.949948102908256e-17,-2.075017697956273e-16,2.203728685371826e-16,4.8051890030491894e-17,5.441764488395086e-17,1.2518543175303723e-16,6.776265379204437e-17,-2.7374350194694056e-17,-4.3550099626458246e-17,-3.0978804544059094e-19,1.9308918439291917e-16,9.031367058018385e-17,-1.7274765515316913e-16,-8.886360027527931e-17,-1.762202698974178e-17,-1.6576715474491229e-16,6.2933851291769235e-18,-1.3131396025810635e-17,-9.659145034042188e-17,1.1357965225987715e-16,-3.759329733620052e-18,-6.164596627937951e-17,6.97371358763435e-17,-1.2469501402728372e-16,3.1414915645088518e-18,-9.793291456881981e-17,1.3988219093987323e-16,-5.825769656666335e-17,-1.8385441368644975e-16,-1.6124115507271352e-16,7.700454719904683e-17,1.833568776616439e-18,2.3704232104643336e-17,-5.788508773278752e-17,-2.2256899917801822e-17,2.8282850811376215e-17,8.179142711774196e-17,-1.0569137908072334e-16,-2.511709983280763e-16,8.316585747983189e-17,1.3670234276263206e-16,4.6329601675382517e-17,-1.1702456433648115e-16,3.472436552260739e-17,1.7919292412278034e-16,4.890431568850124e-17,-2.5419006936036312e-17,-1.9399511262350945e-16,-9.800646158915812e-17,1.4162404124549312e-16,1.4808299797711963e-16,3.256273247583446e-17,-1.5024086584745068e-16,-1.5973361416292761e-16,-3.6030520064813133e-16,8.592919997323461e-17,-1.2859810697495255e-16,-9.734984210427698e-17,-8.567137266540656e-17,-1.513990385523997e-16,-1.797767101045672e-16,2.815025818357811e-16,3.631723206457851e-17,1.6779554011049607e-16,2.3222640414917795e-16,1.125558951387927e-17,-2.200369361787816e-16,-4.8358352127722764e-17,-1.1031919509201764e-16,1.22343634692381e-16,3.50065528725056e-18,-4.623443243421061e-18,-3.0283867316587765e-17,-5.880837086447198e-19,-5.1904968067334276e-17,-9.075516102607937e-17,7.09508522462853e-17
COC1=CC=CC(OC)=C1C2=C(P(C3CCCCC3)C4CCCCC4)C=CC=C2||[K+].[OH-]||CO,COC1=CC=CC(OC)=C1C2=C(P(C3CCCCC3)C4CCCCC4)C=CC=C2.[K+].[OH-].CO>>,C_a1f7e44b4544,COC1=CC=CC(OC)=C1C2=C(P(C3CCCCC3)C4CCCCC4)C=CC=C2||[K+].[OH-]||CO,COC1=CC=CC(OC)=C1C2=C(P(C3CCCCC3)C4CCCCC4)C=CC=C2,[K+].[OH-],CO,3.697093256973161,0.21873148620968022,-0.15412399736180793,-0.16998697856093656,0.5496334743528045,-0.13753115125335083,0.030012186905264925,1.0255047079947908,1.9551116939983535,0.8801350735997566,-0.21329434806095782,-0.397112542788813,0.7970543504303861,1.4744995209589158,0.7065522983797521,0.25509854087750305,-0.5959422591539472,0.0260423692342405,-0.6183147843372139,8.321484033988732e-17,-1.2464550324225768e-16,-2.173124838537803e-16,-7.397092253584296e-17,-3.2318580660331083e-16,-2.2591282829374054e-16,3.0755723600116435e-16,-5.588776364824568e-16,1.3161108900492491e-17,-1.6750889800336636e-16,5.785060470619835e-16,1.235888473745312e-16,-6.578152605439167e-17,-4.3586297600203183e-16,-9.730020280302794e-17,-1.9980672550265658e-16,5.707168671385617e-16,2.315180294438707e-16,-6.284568833305275e-16,2.9981731593633134e-17,1.8591509204862433e-16,1.500495956825097e-16,-3.037204013976281e-16,-3.455269010867546e-16,1.4771024955756366e-16,1.5452809501153065e-16,-2.4679557410567825e-16,2.7984532751597843e-16,7.616976172284326e-17,1.5283871310147002e-16,-9.357488712420421e-17,-1.379848980623302e-16,-1.2212299174553112e-16,-3.3035031942793935e-16,9.867977201804216e-17,-1.4652816447330378e-17,-1.8628868282038902e-17,1.0820018059176914e-16,7.793842949186486e-17,9.165493469945601e-17,1.3392207118702356e-17,-1.7792056377733456e-16,-8.89251276509128e-17,2.0731794987243016e-18,1.2772900262447807e-16,-3.3602330275606485e-17,-1.7440002120804979e-16,-6.287296342261214e-17,3.883030276745461e-17,5.2186675684770627e-17,-1.1002346437341955e-16,9.804602821384445e-17,1.51438756619421e-16,1.3018789934411278e-16,7.573133181654907e-18,-1.070052685385103e-16,-3.2279848072322074e-16,1.3860181635689676e-16,-3.876020792999168e-17,1.417430824965776e-16,1.4006283237820262e-16,-2.510620112861574e-16,-3.601170891809617e-18,5.417828378380234e-17,1.4094631404766355e-16,-1.758034582440382e-16,-7.203656235145019e-20,-1.873215461035782e-16,-2.0129438542428493e-16,8.66844134236266e-17,-2.086850882925667e-16,9.082482405207684e-17,1.0963535942379317e-16,-3.1295861196503675e-16,-6.995153401272216e-18,-3.427168863502225e-16,-9.416249057593519e-17,-2.39977304547675e-17,-5.942271195393544e-17,9.654823967644593e-17,9.172167602543421e-18,-1.6876115384342297e-16,-1.2337250637915336e-16,-2.1304243049600217e-16,1.8312804974388587e-16,-1.62439877757478e-16,-5.087884263428164e-16,1.2110306792690655e-16,1.1042302892563456e-17,4.833820543378626e-17,1.7984916724205262e-16,-1.7579926700981298e-16,-1.0306320535629527e-16,-1.1330345507603587e-16,-1.388517802259836e-16,2.5273188835776073e-16,-7.879344426858815e-17,1.2026230842748724e-16,-1.1951025622173304e-17,7.24362264052653e-17,1.9971473199874341e-16,-1.4797812077613708e-16,4.4749114294125535e-17,1.3858120925203895e-16,5.4485472925607185e-17,-1.9128121255461348e-18,-1.9869081444203403e-16,-9.621642401001117e-17,2.2688705837345673e-16
CC(C)(P(C(C)(C)C)[c-]1cccc1)C.CC(C)(P(C(C)(C)C)[c-]2cccc2)C.[Fe+2]||[K+].[OH-]||CO,CC(C)(P(C(C)(C)C)[c-]1cccc1)C.CC(C)(P(C(C)(C)C)[c-]2cccc2)C.[Fe+2].[K+].[OH-].CO>>,C_f682fb923098,CC(C)(P(C(C)(C)C)[c-]1cccc1)C.CC(C)(P(C(C)(C)C)[c-]2cccc2)C.[Fe+2]||[K+].[OH-]||CO,CC(C)(P(C(C)(C)C)[c-]1cccc1)C.CC(C)(P(C(C)(C)C)[c-]2cccc2)C.[Fe+2],[K+].[OH-],CO,-1.56781664669475,-0.5445544539407906,-0.15412399736180854,-1.8306686961429988,0.549633474352807,1.150614161368553,0.03001218690526634,-0.3417448804185354,0.9228435721645202,-0.12806008460238097,-0.2132943480609597,1.7193547786868162,0.7970543504303781,1.4744995209589178,0.70655229837975,-0.3755240042558048,-0.5959422591539472,0.6986574594526088,-0.6183147843372137,8.725715697968718e-16,-3.024865168120588e-16,-2.548413238870378e-16,-4.140847135182359e-16,2.8297994510984614e-16,4.728297893878554e-16,-3.820823888588324e-16,-1.618098343233669e-16,2.847103832223027e-17,5.858576004048527e-16,3.4496225886599975e-16,-1.3385873553488033e-16,1.0557018672609606e-16,1.319880004746451e-16,7.105083104453908e-17,-1.0173218239070955e-16,-1.3573070528830104e-16,-2.3534241939786916e-17,1.7135258114136735e-17,1.2529657101214506e-16,-1.0860527496709426e-16,-5.3489503400633296e-18,9.559551117779147e-17,1.7071186430499257e-16,2.606936681431094e-16,2.2171972727099585e-16,4.457352444272805e-17,-5.2760069937048006e-17,9.033321699910507e-18,6.644233810890137e-17,-1.0222675633532139e-16,2.2680693625433113e-16,1.2212195867904792e-17,-2.459678474914175e-17,5.133319107037279e-17,-1.7492179742619426e-16,1.4053323026742823e-16,-1.3769657822454591e-16,-3.288332255365406e-17,-5.905315837631164e-17,-3.51853151147302e-18,-5.529199484261515e-18,-2.5223301201861545e-18,-1.1659654716260142e-16,-1.584336282232364e-16,6.55778390449801e-17,-2.3726106328085465e-17,-1.829249721695119e-18,-5.77512351082989e-17,2.5799953264907744e-16,-3.7175663332674207e-16,8.479002309814491e-17,6.206694944721414e-17,1.995241806800038e-16,2.3948136961600262e-17,-2.596333149209574e-17,4.002527608801649e-18,1.465077914253845e-16,-1.1036964183001465e-16,1.079775804148793e-17,-7.389546617991541e-17,4.220963226033701e-17,1.1571466248946948e-16,-1.480356119982282e-17,-9.254937699207716e-18,2.5865763469656048e-17,7.198631655991241e-17,-2.7419862110403687e-16,1.9968736731305478e-16,1.471607310675678e-16,2.0106279288788145e-16,1.8843165152611824e-16,1.0331931476571716e-16,-7.287212607798449e-17,-2.8292236977164177e-16,-8.121199257493312e-17,5.582196062831041e-17,2.4904801763791343e-16,-4.2738303436840287e-17,-4.2631319299354345e-17,-7.332367512120334e-17,7.46791850267463e-17,-2.2333127930718245e-16,4.213815256813767e-17,2.6643561844693393e-16,-2.3705388337433865e-17,8.296823747580007e-17,-4.6938002066195565e-17,-2.1303054925115198e-16,-2.61918464266809e-16,-6.762202211484999e-17,-1.1066319938060013e-16,3.067163363460254e-17,-2.3416867387907486e-16,-4.499008120952442e-17,8.649154136439872e-17,-3.0168778400815635e-17,1.538805603308478e-17,3.27928576651572e-17,2.442333763649078e-17,-1.0393842353513635e-16,-1.74799700639045e-16,-1.1457230557929018e-16,-2.1749994827817577e-17,-3.669394048573075e-17,9.524921050406703e-17,-6.915289081490386e-17,1.0313745181849549e-17,-1.1523242695599305e-16
CC(C1=C(C2=CC=CC=C2P(C3CCCCC3)C4CCCCC4)C(C(C)C)=CC(C(C)C)=C1)C||[K+].[OH-]||CO,CC(C1=C(C2=CC=CC=C2P(C3CCCCC3)C4CCCCC4)C(C(C)C)=CC(C(C)C)=C1)C.[K+].[OH-].CO>>,C_345481005fdd,CC(C1=C(C2=CC=CC=C2P(C3CCCCC3)C4CCCCC4)C(C(C)C)=CC(C(C)C)=C1)C||[K+].[OH-]||CO,CC(C1=C(C2=CC=CC=C2P(C3CCCCC3)C4CCCCC4)C(C(C)C)=CC(C(C)C)=C1)C,[K+].[OH-],CO,4.0952142922541555,0.06059900161019003,-0.15412399736180946,-0.5208425618983293,0.5496334743528059,-0.11150016598743268,0.030012186905263687,-1.7351649042204003,-1.0409822672107305,-1.0072610296413131,-0.21329434806095915,0.3127331155945688,0.7970543504303838,1.474499520958917,0.7065522983797505,0.08800205000734898,-0.5959422591539468,-0.0017897580635643602,-0.6183147843372142,-6.917252616596501e-16,-6.734825955234728e-16,7.994369225519081e-16,-4.379739337630827e-17,7.61184579658157e-17,-1.248264411035763e-16,1.299658590733526e-16,-7.100260236288631e-16,1.6406659558249355e-16,-7.825170198953932e-17,-2.4645052374460197e-16,-2.1581365684256025e-17,-1.0011656604967293e-16,-3.8408178144624404e-16,-1.98311517002919e-16,-1.4403106739896666e-16,5.740266104973884e-17,8.536320629427123e-17,-1.6592594735597168e-16,4.235848724747893e-17,-4.3992818387744754e-16,-5.282362075537879e-17,1.1255999296763423e-16,-4.429606626068162e-17,2.0103788828710517e-18,-2.8089095069833813e-17,1.3651159202930702e-16,-1.170808066789569e-16,3.0947228379651194e-16,-4.680392886097956e-17,-6.357911853265908e-17,-2.2277930579436694e-18,2.914961366785522e-16,-1.3960337553377903e-16,-2.2452337016692624e-17,1.9448456483437103e-16,-1.229794597776912e-16,-2.0755501257033565e-16,-7.874813748136195e-17,9.09538480672055e-17,1.999987826488475e-16,4.206562309807166e-17,1.054181019949979e-16,-1.384706369527859e-16,3.6019225547543395e-17,1.0009945141849782e-16,7.950496388281062e-17,7.161388977358413e-17,7.654029525508265e-17,2.9738507129177524e-17,-8.23297548471606e-17,8.251668120943666e-17,-5.130634174517596e-18,-1.4469739868887624e-16,2.7709809639951892e-16,-1.5009603382320004e-16,-9.187727619757142e-17,8.233605228241221e-17,-5.087293976749716e-17,2.0738914355311132e-16,-7.953748099533926e-17,-4.0644732396913306e-17,-5.1083074449774526e-17,3.95971906340427e-17,-1.343247620232549e-16,6.085459791917297e-17,1.4619831246210014e-16,-5.959165059730914e-17,2.826424181887645e-16,-7.351822156592502e-17,1.0448882350840091e-16,3.4951587148412926e-17,4.8643115889376434e-17,7.350939773451661e-18,9.830330309132962e-17,1.0745529047701747e-16,1.093091330376161e-16,9.198663080698562e-17,9.062111949666156e-18,-3.768196830789965e-17,1.5119267352240195e-16,3.0637553553468625e-16,7.889437995584806e-17,1.7927576639384196e-16,9.727662318442688e-17,1.2376392265986051e-16,-8.847325626816282e-17,-1.5170613053881018e-16,-1.1038293097579234e-16,1.6981188530625585e-18,-2.924190305800877e-17,-1.563449403225525e-16,9.325954030420574e-17,5.4732858391300534e-17,7.997556684917716e-17,4.493568354427132e-17,1.1649844284546537e-16,7.450046753900765e-17,1.2132509337602857e-16,-1.1583809948271577e-16,2.0525511830378302e-16,4.5852733604266357e-17,-1.0764067500906025e-16,-6.939972190617034e-17,5.852513672703241e-17,-4.5727914904152e-17,1.617205511150276e-16,1.7470929236493934e-17,1.3169821902723632e-16
[c-]1(P(C2=CC=CC=C2)C3=CC=CC=C3)cccc1.[c-]4(P(C5=CC=CC=C5)C6=CC=CC=C6)cccc4.[Fe+2]||[K+].[OH-]||CO,[c-]1(P(C2=CC=CC=C2)C3=CC=CC=C3)cccc1.[c-]4(P(C5=CC=CC=C5)C6=CC=CC=C6)cccc4.[Fe+2].[K+].[OH-].CO>>,C_f170da3dd28a,[c-]1(P(C2=CC=CC=C2)C3=CC=CC=C3)cccc1.[c-]4(P(C5=CC=CC=C5)C6=CC=CC=C6)cccc4.[Fe+2]||[K+].[OH-]||CO,[c-]1(P(C2=CC=CC=C2)C3=CC=CC=C3)cccc1.[c-]4(P(C5=CC=CC=C5)C6=CC=CC=C6)cccc4.[Fe+2],[K+].[OH-],CO,-1.3841208155545002,1.1338119037417695,-0.1541239973618098,-1.17857046976559,0.5496334743528055,2.0264914915776946,0.030012186905262767,-0.48760632931331344,0.3252425987294686,-0.3701586543025701,-0.2132943480609588,-1.4860818817801982,0.7970543504303906,1.4744995209589158,0.7065522983797512,-0.2675297355448327,-0.5959422591539463,-0.7958149782613767,-0.6183147843372139,-1.7794875486681903e-15,-4.8860770215719545e-16,-4.810479556277551e-16,-1.3351688965009448e-16,-7.712472994035677e-16,4.784054482213823e-16,2.472931300935894e-16,-3.0926845526873427e-16,-1.515934463832937e-16,3.5445018272570793e-16,3.132106767941086e-16,1.6941712154348818e-16,-5.987172836123135e-17,-6.384015480191639e-17,2.2129277170817935e-16,1.3111732437191283e-16,4.7916032051613665e-17,-4.974515996194201e-16,-3.214534762349136e-17,-2.6335965613256067e-16,1.8519038949873215e-16,2.0336002258582763e-16,2.4758932021993306e-16,1.678714099414218e-17,1.2961846954748106e-16,8.234041501764274e-17,1.5508372434198583e-18,-3.2147910939390495e-17,4.403933200690589e-17,1.1395875145764178e-16,6.856402085385399e-17,2.3070407125519006e-18,1.331750022560552e-16,3.2936515383980564e-17,-1.662949225439738e-16,2.2066286977245124e-16,-1.4553563014387508e-16,-1.099954227254664e-16,-8.554131949445926e-17,-1.57468717593695e-16,-1.8977609696792484e-16,-1.9341226326134715e-16,-3.1369096553541604e-17,-2.249446158664558e-16,1.2390731069626822e-17,4.187648837340857e-17,-3.1307751159800235e-17,-2.4378543920065805e-18,6.744073057750675e-17,3.140630044179954e-16,2.5565264035708833e-16,-7.926025371210656e-17,-3.968009003381728e-16,1.1418885668521924e-16,7.045842143721637e-17,1.074402537375884e-16,-6.157100360776558e-17,1.2920172482775517e-16,-6.173180340407864e-17,1.2495405967383126e-16,-1.0955611276932231e-16,-9.024105059408609e-17,-8.183591537640407e-17,-2.3444266656072604e-17,3.814316485527254e-17,7.151590131278815e-17,-1.0568736448661413e-16,-9.586381691187346e-17,-5.477084539981282e-17,3.4480280403090764e-16,-6.479324790937105e-17,-1.0694235360190097e-16,6.837099152489993e-17,-8.298974177240889e-17,1.5698237968242043e-16,2.1692190594299043e-16,-4.007344490668752e-17,2.594654754951788e-16,-6.953647385060025e-17,-7.83418169365666e-17,-6.242210052843408e-19,1.5593088137799334e-16,9.029249047250625e-18,1.4519176460229817e-16,1.3540452644578846e-16,-2.6969977860878474e-16,1.9559992939294346e-17,2.2363303162949144e-16,-2.868688937414348e-17,2.803542619017419e-16,1.6737902124411303e-16,-5.921655353652262e-17,1.3268771819217423e-19,5.307579314337798e-17,-7.211886620285201e-17,1.8646077266362707e-16,-2.8526156905747726e-16,1.0787783252135414e-16,8.219282803094386e-18,-2.029241481098746e-16,-1.7876131833678162e-16,6.10689421555e-17,2.0643008449414173e-16,2.0097783488800557e-16,4.082331383794565e-17,8.78694946092584e-18,9.21024992841695e-17,-2.046763665641281e-16,-1.6230836641772116e-16
CC1(C)C2=C(OC3=C1C=CC=C3P(C4=CC=CC=C4)C5=CC=CC=C5)C(P(C6=CC=CC=C6)C7=CC=CC=C7)=CC=C2||[K+].[OH-]||CO,CC1(C)C2=C(OC3=C1C=CC=C3P(C4=CC=CC=C4)C5=CC=CC=C5)C(P(C6=CC=CC=C6)C7=CC=CC=C7)=CC=C2.[K+].[OH-].CO>>,C_631ef3efb2c2,CC1(C)C2=C(OC3=C1C=CC=C3P(C4=CC=CC=C4)C5=CC=CC=C5)C(P(C6=CC=CC=C6)C7=CC=CC=C7)=CC=C2||[K+].[OH-]||CO,CC1(C)C2=C(OC3=C1C=CC=C3P(C4=CC=CC=C4)C5=CC=CC=C5)C(P(C6=CC=CC=C6)C7=CC=CC=C7)=CC=C2,[K+].[OH-],CO,-0.7608527313618179,3.0573458202759265,-0.15412399736180732,2.3402065376541152,0.5496334743528033,-0.5112817700760036,0.03001218690526503,0.3559284257571045,0.45010996213631055,-1.1207264892083715,-0.21329434806095907,0.8357285648736791,0.7970543504303816,1.4744995209589173,0.7065522983797501,-0.34191861228964515,-0.5959422591539468,-0.16127802879825143,-0.6183147843372137,-2.1678479285849132e-16,-2.408330536253089e-16,-6.404926130324926e-16,-1.375619027959743e-16,-3.949918399890292e-16,-8.021454562693979e-17,6.37774356441433e-17,5.7296760541762605e-18,3.3202560488430457e-16,-2.8510246824456443e-16,2.2399709908594334e-16,-1.1787081796516047e-16,-1.3144030553561887e-16,2.91153184014054e-16,-3.038009299013135e-16,-3.8308397255614564e-17,1.4459921606058576e-16,-6.188545336128752e-17,7.834255541922141e-17,1.654498752722046e-16,-1.4679831689676233e-16,-1.5174459739590533e-16,1.1940506775026196e-16,3.314393687239357e-17,1.2647032769401504e-17,1.1341248268227977e-16,8.269588658279508e-18,-1.1242328777395831e-16,2.57491257532865e-16,2.2874227808239756e-17,2.446115010831646e-17,1.308406414916492e-16,1.10438543989265e-16,-1.565929376597846e-17,1.612206151923233e-17,-6.35897492146982e-17,1.287864090292727e-16,5.6003678541704544e-18,-1.3551566125811346e-16,-1.4270512136567158e-16,1.198403072405703e-16,-1.574199508882502e-16,-1.3101358385942036e-17,7.514113120933762e-17,4.8454087122123406e-17,5.374599380768826e-17,-8.466876977971174e-17,-2.901061702233528e-17,-8.74431979592131e-17,-1.3889161675882818e-16,-1.5911804783638059e-16,-1.7904285675638806e-17,2.2366003566461754e-16,-1.6296862984700655e-16,-1.3474110314834054e-16,-1.3329946911104148e-16,-1.391430628481145e-16,8.22781951392948e-17,1.1723854436385031e-16,-1.508851111516232e-16,5.0731199026281757e-17,1.6263161279304227e-16,6.506716270323977e-17,8.328877531717619e-17,-3.511768790159846e-17,2.836376822927484e-17,1.678371243439705e-16,-8.345732170575079e-17,-1.7053371991378814e-17,-7.782505257216388e-17,-1.0601473816579584e-16,-3.548947327714477e-17,2.222621195421943e-17,2.389209304814479e-16,-1.86169174882036e-17,9.924237835068498e-17,-1.383628085159015e-16,-2.257471898009248e-17,2.0151547571627063e-16,1.3791986678132285e-16,-3.0603498330724465e-17,-1.0596028996710979e-16,-1.7679892387689647e-16,1.2487622789456792e-17,1.017681805159497e-17,1.566238638692285e-16,-4.2033531136655474e-18,1.475938632717552e-16,3.9933027402153835e-17,1.0349510540399758e-17,-6.418369936196088e-17,8.27405148449829e-17,9.690618229918618e-17,7.43464800357777e-17,-1.1387151399464414e-17,6.2681782748138e-18,-1.2615544074269573e-16,1.725109997892328e-16,4.9197988837981344e-17,-3.820446856754361e-17,-1.2844696774806961e-16,-1.7285603736128225e-17,-4.901388071555744e-17,-2.2295123457145494e-16,5.258299999420118e-16,-8.040785488919519e-17,1.2232698276504167e-16,1.7514015343972384e-16,-2.0672330944952342e-16
CC(P(C(C)(C)C)C(C)(C)C)(C)C||CC([O-])C.[Li+]||CO,CC(P(C(C)(C)C)C(C)(C)C)(C)C.CC([O-])C.[Li+].CO>>,C_07e10f6b52b5,CC(P(C(C)(C)C)C(C)(C)C)(C)C||CC([O-])C.[Li+]||CO,CC(P(C(C)(C)C)C(C)(C)C)(C)C,CC([O-])C.[Li+],CO,-1.224289551208006,-0.6982614233068849,-0.15412399736180935,-0.5409122448896082,0.5496334743528053,-0.4809328274603512,-0.36356125693380553,0.5164120737207385,-0.3579680742465482,-0.004776469817939413,2.159963164618815,0.8719731108561616,-0.6309044911658517,1.4744995209589289,-0.026314266263407902,1.670360296231833,-0.08787068466353852,-0.797048754607137,-0.0031301428321001638,-3.0602203071784264e-16,3.0640014253119e-16,1.9135942651741253e-16,-4.3962124297950585e-16,3.4276557847010574e-16,-5.39638078840868e-16,-5.378655932400544e-17,-6.778983535361206e-16,-4.1603629071484473e-16,5.707169449941574e-17,-7.654083205457003e-17,-1.6029329160269612e-16,-2.566860381265425e-16,-3.23564706692061e-16,-3.9497153865732325e-17,1.5076363158898057e-17,-5.791476707443872e-17,2.287366019816106e-16,1.3076799005035945e-16,9.918892905729899e-17,-4.690167249447016e-17,-2.392302612278966e-16,-2.2399554004701173e-16,2.2920600431815676e-16,6.3226969216906e-17,-9.797920027665856e-17,1.228899592885668e-16,-1.5265280404993854e-16,1.9689214790729903e-16,8.735535935723493e-17,1.1629608589575718e-16,1.9955593987320138e-16,-1.6364955849286895e-16,-8.088501863688487e-17,-7.291040044409421e-17,6.894548630960671e-17,-2.788949609264674e-16,4.301874575204205e-17,-1.9788271895033406e-16,2.3037885468062554e-16,2.7163342378157673e-16,-9.924530014615864e-18,-1.4836222839587645e-16,1.2940599234206682e-16,1.5315490956064068e-16,3.5774908927634155e-17,-2.6267430917655578e-17,-3.5834046595711586e-17,2.5734515636500183e-16,1.0523977542504419e-16,-1.0573400012447747e-16,-3.3048411964476343e-17,-1.8007006445053715e-16,-1.7619189377989885e-16,2.9501942964569364e-16,5.85467003562973e-17,1.2245147626477712e-16,-4.9038782752621286e-17,-4.3000772736932437e-17,-3.0230184944696804e-16,-1.3542428027684152e-16,-1.7180694742156347e-16,-2.957122385401926e-17,-1.7526526433996297e-16,-3.126635758174167e-17,-2.1353060567406333e-16,2.436199683994184e-17,2.3486719875708493e-17,1.1271434083215304e-16,-1.1376680813127133e-16,-2.99574861317973e-17,-1.4877792917929165e-16,4.583326705229922e-17,-5.031705292722069e-17,-1.0628159211922803e-16,-2.9295793193068294e-16,2.4047698899044288e-17,1.9885280308090936e-16,2.825262126640395e-16,-1.5860961873124596e-16,-2.0027790157883007e-16,8.612381608422555e-17,-5.425126165225982e-17,-8.600657171272449e-17,-4.140923311565723e-17,-3.8824842833425594e-16,2.0836490792585295e-16,1.0506927814371781e-16,-1.4267442126149875e-17,-1.0562566323443036e-16,1.477428778815836e-16,-1.5630011074777688e-16,-1.00162189374722e-16,1.528263876518446e-16,-1.0021641340286206e-16,4.8651556202652177e-17,-1.2252850865526188e-17,-8.514864204880523e-18,-1.8422803804673545e-16,2.635997454813413e-16,-1.175523091054816e-16,-1.0158154065552716e-16,-6.198347129359599e-17,6.825362572658039e-17,7.313510966291069e-18,3.3833698629906467e-16,1.5575822101335392e-16,-3.231836632205139e-17,6.922695214004597e-17
P(C1=CC=CC=C1)(C2=CC=CC=C2)C3=CC=CC=C3||CC([O-])C.[Li+]||CO,P(C1=CC=CC=C1)(C2=CC=CC=C2)C3=CC=CC=C3.CC([O-])C.[Li+].CO>>,C_86a941b79eb2,P(C1=CC=CC=C1)(C2=CC=CC=C2)C3=CC=CC=C3||CC([O-])C.[Li+]||CO,P(C1=CC=CC=C1)(C2=CC=CC=C2)C3=CC=CC=C3,CC([O-])C.[Li+],CO,-0.9376336432096942,1.2345744235185012,-0.15412399736180915,0.23684906840748315,0.5496334743528045,0.2786396779026143,-0.3635612569338076,0.21949929330034437,-0.7800009929116309,0.14740606941524675,2.1599631646188158,-1.1263128578207362,-0.6309044911658434,1.4744995209589287,-0.026314266263407347,0.9338159119711477,-0.08787068466353994,1.246242212634961,-0.0031301428321001286,6.295002099979864e-18,-7.590059676280834e-16,-6.248199053144293e-16,1.4179806245285214e-16,-1.2385480177235941e-16,4.914143294061046e-16,-5.377914621582771e-16,-9.947897718560812e-17,2.507622304741212e-16,1.0401694305176844e-16,1.4190430846075198e-16,-2.5643563242531763e-16,1.286524883883741e-16,1.0405397875659816e-16,-2.8224783144385413e-16,4.432610036839696e-17,5.814171677189778e-17,-2.869570962467295e-16,2.606244407014795e-16,-2.5094819073195582e-17,-1.3547455670107486e-16,-5.392374569086467e-17,2.971289104734613e-17,1.2927964164165666e-16,-7.181897841822593e-17,-7.973376849920368e-17,-1.6201896422355735e-16,1.167625247401426e-16,-7.623468468329104e-17,9.41434023334838e-17,-5.5292313340634774e-17,-3.4543445835609824e-16,-3.236753454809646e-17,-9.967927387374878e-17,1.2013462312209425e-16,1.5424691953388845e-16,4.5406058963755e-16,-5.5166214963170465e-17,-7.770531639761018e-17,7.031093022246752e-17,-1.214316849890583e-16,8.699571173221327e-17,-1.832008587386915e-16,-4.796656937327523e-17,2.593460244102122e-16,1.1638097105407888e-16,1.1045808898277859e-16,7.117981093100534e-18,1.2616231098851545e-16,7.612962244392806e-17,2.7077567035054492e-17,-2.6456116251143877e-16,-1.5898599946074963e-16,-4.3712571311195686e-17,-2.813495809762304e-16,-3.21609189792811e-18,-6.796116222457813e-17,-2.210159484459758e-17,7.978684203676315e-17,6.687512112170764e-17,1.6191383088560473e-18,-2.808272796257233e-17,-1.1200699326698505e-16,-2.338901382624986e-17,-1.9880485149106034e-17,-4.9336888752139844e-17,-4.455329012370734e-18,-1.9974058298614182e-17,8.489726857103173e-17,-3.488234063892547e-17,-1.1292224226345491e-16,1.4281787710873777e-16,8.202108735012794e-17,2.5292605954531415e-16,2.9039216306372575e-16,6.848751315869687e-17,-2.0299721942965796e-17,-1.6532510489111014e-16,-5.910534585238006e-17,-1.6169756653201162e-16,-3.43478640511973e-17,5.360110613297585e-17,-4.7132230133288047e-17,-7.631524755366303e-17,-2.693626890379844e-16,5.4407019028114804e-17,-2.9806559150457837e-16,-8.407395950134657e-17,6.069496329002759e-17,5.702468861783183e-17,-4.8577271557170095e-17,-5.552988786271466e-17,3.3838593513533166e-16,-2.9307731297223153e-16,1.9296962084061977e-16,-4.311072500675139e-17,6.134313293251878e-17,1.1798188939917575e-16,-3.4904660832689735e-16,-2.255958658839815e-16,-6.960074707177263e-17,2.9919862682057625e-16,5.748778047712062e-17,3.6614191779769496e-17,2.4560810662281234e-17,-7.386119626706139e-18,1.3202898070054071e-16,-3.7321790358871626e-16,-7.050283982394689e-17
CC(C)(C)P(C(C)(C)C)C1=CC=C(N(C)C)C=C1||CC([O-])C.[Li+]||CO,CC(C)(C)P(C(C)(C)C)C1=CC=C(N(C)C)C=C1.CC([O-])C.[Li+].CO>>,C_259ec32e94c9,CC(C)(C)P(C(C)(C)C)C1=CC=C(N(C)C)C=C1||CC([O-])C.[Li+]||CO,CC(C)(C)P(C(C)(C)C)C1=CC=C(N(C)C)C=C1,CC([O-])C.[Li+],CO,-1.5782981121882067,-0.6507387560859168,-0.15412399736180896,-1.3390820507081516,0.5496334743528035,-3.02331208818281,-0.36356125693380664,-0.2690314540585107,0.3510346086273144,-0.3959375129998084,2.159963164618816,-0.8157423012752594,-0.6309044911658452,1.4744995209589296,-0.02631426626340862,-0.5617383596306826,-0.08787068466353955,0.0205031809761027,-0.0031301428321001247,3.5810430470878875e-16,-2.546805218612776e-16,9.963822088132475e-16,-1.4111674064285057e-16,2.41821534233473e-16,-3.5160090758379317e-16,1.2658158233673687e-16,-6.860421299928248e-16,3.8594587274706004e-16,6.89256355136995e-17,-2.5356796707315678e-17,1.4889613604949174e-16,-5.154615533120041e-17,-6.895197633465066e-16,-1.8331464215816716e-16,3.141341008655653e-16,-2.830208350289825e-16,-1.519905574914022e-16,-1.6712924863130604e-16,4.1116137070661403e-16,4.0255313085491527e-16,-2.4848853991787854e-17,4.9592361891372455e-16,-2.792372698051899e-16,6.59901356243719e-17,-9.415688722273538e-18,-1.6993365278383748e-17,-7.093337751753569e-18,-1.0516757363931481e-16,1.2207971230149322e-16,4.232718281794952e-16,4.1533888522518544e-16,7.280403564545004e-17,-5.5390628086700424e-17,-1.2084586375733708e-16,-3.688035150629083e-16,-6.381925543850667e-17,-1.453784524154052e-16,-3.891853174798266e-17,-9.32075865176213e-17,-2.024189641068035e-16,3.105482536600867e-17,-3.744598698221303e-19,1.9054133059841974e-16,1.1993673631355493e-16,-4.269995190273327e-17,-2.0770638682998884e-16,-7.886254646736702e-17,5.860134156966716e-18,1.976540555774768e-17,3.499243713687167e-16,6.71223781862181e-17,-2.0564526539175283e-16,8.561270437257227e-17,-2.623723744836184e-18,-2.123567752830011e-17,6.046037457371512e-19,8.832016210575666e-17,-1.2788138136069892e-16,2.5449780930247082e-17,-1.206884653305271e-16,2.1587294758416397e-16,1.1067754444490658e-17,1.421332934809452e-16,6.214241315855786e-18,2.4915671413245637e-16,2.2962751119266934e-16,1.4687398946068373e-16,-2.1892689793509937e-16,2.428014435322477e-16,3.092729001654818e-17,-1.7449763006974352e-16,-3.656447604640776e-17,2.15049305730593e-16,-1.658732168323954e-16,-2.5704237443539534e-16,-1.8127625222471722e-16,2.7307905608543848e-17,6.833854905560478e-17,9.746624366026884e-17,3.624892272839546e-17,2.766240860775669e-17,1.640817113658694e-16,2.9912344503461165e-17,5.1501726839110923e-17,-1.6344015322062072e-17,5.447248831067024e-17,-1.1256281970157694e-16,1.181380717831195e-16,2.2585603166631647e-16,2.8443252322700865e-16,2.278550207171479e-16,-1.418844298706819e-16,1.988077097817851e-16,-1.358002802761045e-16,8.767283546613669e-17,1.584127463797604e-16,1.0557683282215611e-16,-9.68978229145525e-17,-1.486192060101097e-16,-8.153477368370937e-17,-8.221565623659322e-17,-1.7102831465460457e-16,1.1724249380371172e-16,-1.5770805356162508e-16,1.5478674321492348e-16,6.196797148890362e-17,4.0830734705038343e-17,1.7180181958676958e-16
P(C1CCCCC1)(C2CCCCC2)C3CCCCC3||CC([O-])C.[Li+]||CO,P(C1CCCCC1)(C2CCCCC2)C3CCCCC3.CC([O-])C.[Li+].CO>>,C_c2f37807a961,P(C1CCCCC1)(C2CCCCC2)C3CCCCC3||CC([O-])C.[Li+]||CO,P(C1CCCCC1)(C2CCCCC2)C3CCCCC3,CC([O-])C.[Li+],CO,0.8097398838794678,-1.6108233270164567,-0.15412399736180846,-0.03231794708524429,0.5496334743528037,0.5630227060514399,-0.36356125693380636,2.205309231068089,-1.3646949579166316,-0.5762782864827903,2.1599631646188153,-0.011638395004677315,-0.6309044911658481,1.4744995209589302,-0.026314266263408836,-0.8033477138467454,-0.08787068466353962,-0.02961397032975091,-0.0031301428320998762,-1.4752381491631279e-15,-1.5460154476806872e-17,-4.725907599855935e-16,-5.548065055087298e-16,6.46356616372151e-16,-1.7050365362505606e-16,2.2331851937172984e-16,1.1552408986496528e-16,-2.639415587631726e-16,1.6273824256505278e-16,1.4028589489416502e-16,4.2160117229945856e-16,-3.3492197600911947e-16,-5.571833019599324e-17,3.0357609179450587e-16,-3.177380593991855e-16,-1.2596134352416476e-16,1.2407192599986533e-16,-2.8122920127240284e-16,-1.5565902020098364e-17,2.8080072484093024e-17,-1.64679277274382e-16,-2.2172558993588783e-16,1.773710973385366e-16,2.441141699661649e-16,1.5325527292662592e-16,3.1886605058164385e-17,-1.2182479868292114e-16,1.5606938624031235e-16,1.301336013889072e-16,-1.212551291552835e-16,8.7219002165554e-17,2.595263792884133e-16,-1.0963462360090742e-16,-1.3664926175627138e-16,1.3433543186173998e-16,-2.876544661886389e-16,1.1620608067523235e-16,-2.0349346424394856e-16,-1.4031598535148697e-16,-5.30627112057666e-18,1.391385061161693e-16,-3.6395479587909964e-16,-2.0610312395069801e-16,-3.321750603646345e-16,-2.685350668328539e-16,-3.0706811585962224e-16,2.4494091787675392e-17,-1.9127356677043954e-16,-1.8255096258002587e-16,-6.650602940568099e-17,-6.754501270453294e-17,1.720066032917211e-16,1.414669699086692e-16,-1.1616359696282092e-16,1.4307680540343774e-17,1.643763125499516e-16,-8.999847196942976e-17,-1.4560399352412931e-16,-4.3186043405774796e-17,7.62995220683221e-18,-1.1816664424213928e-16,9.73627686052032e-17,-3.0344881131121626e-17,-2.3995525547461096e-17,1.580519210028797e-17,2.6422006288973308e-17,-9.248116413719646e-17,1.0770738811262619e-16,1.263687647843013e-17,6.185163203291856e-17,-1.0850322348678148e-16,1.75084061633003e-16,2.085627221835357e-16,8.672777868423122e-17,1.0466457243135311e-16,2.6084573200838343e-16,3.2453782726606864e-17,1.9999722279396626e-16,-1.423236667131167e-16,8.939910530073843e-17,1.8973093896953918e-16,-6.728403751689981e-17,-6.481115747600427e-17,-7.67854118578356e-17,1.0995486457033846e-16,-6.247925840484089e-17,-1.0328143738433767e-16,-4.3423848111754824e-18,1.5671339540982972e-17,-1.9230513933010314e-16,-5.539401058673448e-17,-9.620857216962091e-17,-1.1526756824648235e-16,-1.1896022638933718e-17,-2.8861814128020737e-17,-3.2530022476114596e-17,1.9269763674408687e-16,-8.666521224711445e-17,8.638226147335302e-18,3.403217923460968e-16,3.312210757209377e-16,4.8227921745958375e-17,1.1792703504962614e-17,2.295900360749611e-16,1.3237090115485505e-16,-3.13002873605809e-16,-2.7072186092842317e-16,-7.218431088533104e-17
CC1=CC=CC=C1P(C2=CC=CC=C2C)C3=CC=CC=C3C||CC([O-])C.[Li+]||CO,CC1=CC=CC=C1P(C2=CC=CC=C2C)C3=CC=CC=C3C.CC([O-])C.[Li+].CO>>,C_f91ef2ac9612,CC1=CC=CC=C1P(C2=CC=CC=C2C)C3=CC=CC=C3C||CC([O-])C.[Li+]||CO,CC1=CC=CC=C1P(C2=CC=CC=C2C)C3=CC=CC=C3C,CC([O-])C.[Li+],CO,-0.26365475576253306,0.9915488887997183,-0.15412399736180785,0.32248622106950975,0.5496334743528075,-0.24540933155649575,-0.3635612569338067,-0.5084585430537784,-1.0360040403224675,2.508680959507178,2.1599631646188153,0.4526474839779538,-0.6309044911658508,1.4744995209589293,-0.026314266263407847,-0.5902568205259888,-0.08787068466353938,-0.2429647001991901,-0.0031301428320999795,-7.4529791198923355e-16,-4.949590822411078e-16,-1.9811563857901494e-16,-2.1147807931161127e-16,-2.412937612523982e-16,-8.075106717565846e-17,-1.9356738209724345e-16,-3.617544901608182e-16,1.6300036237158764e-16,1.4950404686940772e-16,3.996007885329469e-17,1.2595400724972927e-16,1.3201578404582273e-16,3.408954496756491e-16,-7.552080744538905e-17,-1.6234612600620483e-16,-2.1820395384711494e-16,8.785450742280782e-18,-4.775393682456089e-17,9.293938078005314e-18,-2.8188321831460167e-19,-3.3878677331268625e-16,1.0932152181713119e-16,-3.724477900391096e-17,-2.1953219902130493e-16,6.042773674360704e-17,-2.6569173424875106e-16,-2.3008221061468265e-17,1.1223750292193061e-17,8.792902673990037e-17,2.5430417143123462e-17,-1.8050225988014687e-16,5.4413996060484254e-18,5.298352450136976e-17,-5.970520451738695e-17,-3.215239832258816e-17,8.831782032875594e-17,-9.619803528602679e-17,2.3896822067845663e-18,-1.9609785358661966e-17,4.8167013655797445e-17,-5.812097505369056e-17,-2.8540081542514044e-17,-5.786653783863916e-17,3.4592099819625935e-18,2.6254115111531243e-18,1.9903152953531425e-17,-2.5482838393193033e-17,-7.373250916149568e-17,-2.3701782542775105e-16,1.2002817166295232e-16,-5.781621208320326e-17,-8.01816303031018e-17,-8.602948775832681e-17,2.1587430398409547e-16,1.7159875609787063e-17,3.542267237042543e-17,-1.4683385339616637e-17,-1.1815407359244476e-17,5.748347946197592e-17,2.8330004596388496e-16,2.0382095455609336e-17,-1.211402893890354e-16,-2.3448786401568853e-16,6.727984210914178e-17,2.4383958581096816e-17,2.2686929305262946e-16,1.63048052351755e-16,-1.1866297816383904e-16,-1.8258779138109545e-17,-1.4310224596196052e-16,2.6736343978067804e-17,9.157729805642007e-18,-1.9573877837195024e-16,9.723384769056666e-17,1.5679032459278014e-16,1.6531549672923732e-17,8.885804127655195e-17,-6.484596204923047e-17,-7.524078897708817e-17,-1.4077861704678447e-16,3.086114128932608e-17,-1.7991782282255134e-17,1.4093661912386409e-18,1.5880666086427884e-16,-8.890497308557099e-17,2.2465582580176e-16,2.8160141675679957e-16,-7.171849835983385e-17,-1.3741869021919436e-16,3.333226127487475e-17,-1.1050949488810199e-16,-1.5414895290185503e-16,1.6318875590693603e-17,1.4409927574627762e-16,6.338413643947846e-17,-2.3533090688242783e-17,4.856943111637159e-17,1.5240154341388093e-16,-1.2637982468906636e-16,1.5822190914020676e-16,4.180677080790983e-17,2.0764135222587136e-16,6.501249900951018e-17,-9.756319471760156e-17,-2.533045416031101e-16,1.2710222813509676e-16,-3.798425914111195e-17,-4.838067045575156e-17
CCCCP(C12C[C@@H]3C[C@@H](C[C@H](C2)C3)C1)C45C[C@H]6C[C@@H](C5)C[C@@H](C4)C6||CC([O-])C.[Li+]||CO,CCCCP(C12C[C@@H]3C[C@@H](C[C@H](C2)C3)C1)C45C[C@H]6C[C@@H](C5)C[C@@H](C4)C6.CC([O-])C.[Li+].CO>>,C_df459dacd827,CCCCP(C12C[C@@H]3C[C@@H](C[C@H](C2)C3)C1)C45C[C@H]6C[C@@H](C5)C[C@@H](C4)C6||CC([O-])C.[Li+]||CO,CCCCP(C12C[C@@H]3C[C@@H](C[C@H](C2)C3)C1)C45C[C@H]6C[C@@H](C5)C[C@@H](C4)C6,CC([O-])C.[Li+],CO,-0.8853811771272792,-3.1922335638057366,-0.15412399736180643,2.7128391219197563,0.5496334743528043,0.4911992976161389,-0.3635612569338064,-0.9806476207765278,0.5753078969520407,0.06697642453299624,2.159963164618816,-0.3555490753194975,-0.6309044911658476,1.4744995209589296,-0.026314266263408357,-0.006961552994126583,-0.08787068466353938,0.037064967961355985,-0.00313014283210019,4.39420777371306e-16,-4.89430277887317e-16,1.0773498818004895e-15,-6.646306976945613e-16,2.151628299623871e-16,-1.9393219260201153e-16,-5.397649094490586e-16,4.79465746584045e-17,3.425447709731909e-16,-1.8192908553012902e-16,-1.8323605814909757e-17,2.446266668507869e-16,-1.50197062176663e-16,1.5718114062143865e-16,-2.560120620501462e-16,-1.316737321379046e-16,2.2288799294866158e-17,-8.029927234798595e-17,-1.5048712906244205e-17,-1.456275691971322e-16,9.818479081019353e-17,-1.9888724219337485e-17,5.2130597585271623e-17,-3.6764715105095253e-16,-7.09817308087707e-17,1.3656366206510002e-16,-4.653817387394721e-17,-1.2577616038264225e-16,8.845683719337534e-17,2.1245996630833828e-17,-1.538189753667381e-16,2.6078447426378692e-17,-9.585902429782648e-18,-1.6901223819313463e-16,1.6004461206018516e-16,-5.422595822391444e-17,3.919748508962019e-17,-5.0433652900258e-18,1.1334469966070244e-16,2.8938720171476126e-16,9.88838923814617e-17,1.0144918888365038e-16,1.7236836377014857e-16,6.511549792817816e-17,3.360754793914004e-17,-1.2022140036376531e-16,1.390365792621174e-16,-1.6136649815397718e-17,-2.4349155813104194e-16,5.275547541711103e-17,-7.707803111979763e-17,-1.911678571703465e-16,7.850000204051025e-17,5.1513877945127384e-17,-6.816389651992906e-17,-1.0644588021345248e-16,-1.1583881919142064e-16,-1.2755208185504423e-16,3.646592714926904e-17,-8.896261783181162e-17,9.455450249715259e-17,-2.5989908480770677e-18,3.953747750167158e-18,1.282221398506655e-16,-6.678259482434306e-17,-5.0785455507008497e-17,-1.2224003719840636e-17,1.3845695843582484e-16,-1.5740026882724374e-16,5.980214828258939e-17,-4.196918474334503e-17,-2.9097493051160477e-17,-9.942223990410036e-17,-2.899016929844375e-16,-1.8825139684383782e-16,-5.816736428790178e-17,1.5758517457992924e-16,8.501016185117976e-17,-8.443793649911258e-18,1.1919378190081836e-16,7.582523283058674e-17,-1.2291442199310826e-16,6.438988226332659e-17,2.201522921337485e-17,1.5775529512118206e-16,-2.451223145513321e-16,1.8411916588315244e-16,-1.3779703692057346e-16,-1.796494821375892e-16,-1.1536992434133763e-16,1.2276820484510598e-16,-3.1505103768935496e-17,1.920913469899043e-16,7.962702253348662e-17,-7.551987591509962e-17,-8.767479428221957e-17,1.4972079664363842e-17,-2.4327420268871023e-17,-3.188701493057289e-16,1.2679750303088427e-16,-7.635549091200272e-18,-1.179685202412256e-16,3.5470381990370826e-17,7.683390570273764e-17,8.127649271312989e-17,-2.659924394594508e-16,-6.970116185368809e-17,-4.0509997822893536e-17,-1.7218051028699256e-17
COC1=CC=CC(OC)=C1C2=C(P(C3CCCCC3)C4CCCCC4)C=CC=C2||CC([O-])C.[Li+]||CO,COC1=CC=CC(OC)=C1C2=C(P(C3CCCCC3)C4CCCCC4)C=CC=C2.CC([O-])C.[Li+].CO>>,C_0677277e1e86,COC1=CC=CC(OC)=C1C2=C(P(C3CCCCC3)C4CCCCC4)C=CC=C2||CC([O-])C.[Li+]||CO,COC1=CC=CC(OC)=C1C2=C(P(C3CCCCC3)C4CCCCC4)C=CC=C2,CC([O-])C.[Li+],CO,3.697093256973161,0.2187314862096805,-0.1541239973618077,-0.16998697856093653,0.5496334743528041,-0.13753115125335083,-0.36356125693380525,1.0255047079947905,1.9551116939983526,0.8801350735997571,2.159963164618816,-0.3971125427888174,-0.6309044911658473,1.474499520958929,-0.02631426626340736,0.25509854087750355,-0.08787068466353948,0.026042369234240623,-0.003130142832099822,5.397497607919221e-16,-3.6095370205275156e-16,-5.21658074239785e-17,1.5368200144502653e-16,-3.518115649238175e-16,5.378386429967635e-16,2.4937789749940486e-16,-8.388296740042324e-16,-1.136551374543816e-16,4.847105530517545e-16,3.313908622291556e-16,-1.8489003029748993e-16,2.8085001608965797e-16,3.038994804176793e-17,-4.361065102480373e-16,-9.896087406639567e-17,5.322644577725865e-17,2.1748669457908176e-16,-2.1420939447344052e-16,1.660434984895322e-17,-2.376251152194426e-16,-4.010250860898388e-16,-3.0980049575199836e-16,-4.801267404148398e-16,8.548263281151193e-17,6.997913283258822e-17,-2.3972936596214147e-16,1.8288057409627983e-16,1.9093035580341567e-16,1.677377118507926e-16,-3.1379120318370984e-16,-2.9482601970422144e-17,-5.543574374843982e-17,7.576136303537421e-17,-1.8439773065160154e-16,7.162278922296738e-17,1.1923656751252565e-16,2.1370986110888045e-16,-1.5487910461133676e-16,-9.474652654798603e-17,5.190781888210194e-17,-6.182193689159329e-17,-5.135347051462525e-17,-5.370804246165827e-17,-1.1215565737521396e-16,1.0595492589800223e-16,-1.9876311807516769e-16,1.4073805638179386e-16,-1.3168597367849864e-16,8.225858522460025e-17,1.0384491582688845e-17,-5.790871537081332e-18,-9.399924330314137e-17,-6.117653024007409e-17,-1.2408542967662224e-16,1.4134629012857114e-16,-6.331673173565504e-17,-9.442823371481049e-17,1.677677124907829e-16,-1.2774966124064617e-16,-3.1344330119390146e-16,-1.1606451224027894e-16,1.054980086744375e-17,8.642848820687284e-17,1.6326182217667137e-17,2.1605061362749868e-17,7.027898564269565e-18,2.3399494158099114e-17,-9.813972333881665e-19,-2.8776212873863377e-16,-1.4615525960041842e-16,-1.042681535766144e-16,1.6549860578915831e-16,8.419576123513314e-17,-1.3589692044302052e-16,-8.194185722725687e-17,-2.0482139196716818e-16,-1.1836286814544524e-16,9.749153750115191e-17,-2.108531349064176e-16,3.2564759135406053e-16,1.326499229626146e-16,-1.3473699557147272e-17,-1.0169632951900052e-16,2.389634953815307e-16,6.27430192621204e-17,3.613193772488251e-16,1.6944911458759677e-16,-2.8906505129071744e-16,1.983251112351515e-17,2.7673048264280234e-16,1.5843554318498368e-17,1.228088948007752e-16,-1.5438199541326726e-16,-2.585516584003689e-16,-1.5038528392254688e-16,-9.806828466742775e-17,-2.627026584929682e-16,2.4679756907790486e-16,-9.602638919582388e-17,-1.328916580297443e-16,1.2614694600525667e-17,1.7272471302905624e-16,2.4492578642318414e-16,-6.48026025653887e-17,-1.9055680512928337e-16,3.0246508955574697e-16,1.9442364037358347e-16,3.133417161658144e-16
CC(C)(P(C(C)(C)C)[c-]1cccc1)C.CC(C)(P(C(C)(C)C)[c-]2cccc2)C.[Fe+2]||CC([O-])C.[Li+]||CO,CC(C)(P(C(C)(C)C)[c-]1cccc1)C.CC(C)(P(C(C)(C)C)[c-]2cccc2)C.[Fe+2].CC([O-])C.[Li+].CO>>,C_8b0494eae381,CC(C)(P(C(C)(C)C)[c-]1cccc1)C.CC(C)(P(C(C)(C)C)[c-]2cccc2)C.[Fe+2]||CC([O-])C.[Li+]||CO,CC(C)(P(C(C)(C)C)[c-]1cccc1)C.CC(C)(P(C(C)(C)C)[c-]2cccc2)C.[Fe+2],CC([O-])C.[Li+],CO,-1.5678166466947503,-0.5445544539407906,-0.15412399736180843,-1.8306686961429988,0.5496334743528071,1.1506141613685523,-0.36356125693380387,-0.3417448804185355,0.9228435721645195,-0.1280600846023808,2.159963164618814,1.719354778686812,-0.630904491165855,1.4744995209589316,-0.026314266263408995,-0.3755240042558046,-0.08787068466353992,0.6986574594526087,-0.0031301428321000107,2.8214418447110187e-16,-3.2336439326358017e-16,-4.93543549573522e-16,-3.080667003576799e-16,5.866358921174967e-16,-5.711299907201782e-17,3.84795835018086e-17,-6.175686445001919e-16,-3.901736916366653e-16,1.8191159581108737e-16,2.8906847560759863e-16,1.4614574057692016e-16,1.9015959693978468e-16,-2.46471782752534e-16,2.2992743013163775e-16,3.5744494604564227e-16,-2.4275526463137983e-16,-2.2762458407400647e-16,1.1302917508467316e-16,2.1368399673114308e-16,2.7576550741382406e-16,-3.042956042426349e-17,2.091393900364646e-16,2.8755278788595266e-16,1.5145138753210392e-16,1.602653873901764e-16,1.3433696353405547e-16,-3.2160554191613735e-16,-2.2256773471021683e-16,2.0673467547586516e-16,1.091823431783988e-16,1.3619038614420232e-16,7.517888451140956e-17,9.669994573081341e-17,3.8180392274886285e-17,-2.4714134750719664e-16,-1.3925885583176047e-16,1.6994420044781646e-16,1.1238581410924778e-16,1.1376427279912725e-16,-2.9348032558564647e-16,7.03016864690166e-17,-1.8028155285924164e-16,-5.3556781992111876e-17,2.3797154503881676e-16,-1.4479238597807954e-16,4.882785770262077e-17,1.1373295170063922e-16,2.6578344199624494e-16,6.236287981071825e-17,1.0183811462691255e-16,-1.5385713009142244e-16,-2.3125428919115136e-16,-3.597490585621157e-17,1.1041885352744187e-17,-9.866138096012287e-17,-1.3327741702591672e-16,1.1776034572635721e-16,-1.0290190171124039e-16,-6.453779013028633e-17,1.1234159301333511e-16,7.257574566906888e-17,1.189690160048088e-16,-1.3239810983592613e-17,7.230360648442554e-17,-5.948953395740291e-17,-3.659016208460674e-17,-1.8033321003665068e-16,-1.2559635486165404e-16,1.29615774488334e-16,-8.583143511503236e-17,-1.9209331952333044e-17,-2.1341817064535143e-17,-1.190854850400129e-16,-4.14810249434296e-17,2.0326455682697707e-16,-1.918576262413526e-16,-1.4438013887725292e-16,9.184364555142511e-17,-4.684777830254663e-17,-2.0902308127217527e-17,-5.965007430120791e-17,2.798357627946561e-16,-1.5007817851650524e-17,1.830495343181821e-16,9.695862307352452e-17,-1.935476696614668e-17,-1.6113444696314922e-16,-2.0603433517474275e-16,-2.0151379049223594e-16,-1.2158697277244045e-17,-2.9751713443142755e-17,-2.76938961099452e-17,1.0530893180996673e-16,7.677890208987796e-17,-1.5288050577405987e-16,-1.5094080444578005e-16,-2.2710457181221766e-16,-1.4388632699937773e-16,-9.981008171081207e-17,4.566839549297054e-17,9.703138031324833e-17,1.4803344461967099e-16,-5.525962532222266e-17,-1.139346723508716e-16,-8.348711612579521e-17,-1.6648306907970223e-17,-7.403510561835272e-17,-9.344228359375607e-17
CC(C1=C(C2=CC=CC=C2P(C3CCCCC3)C4CCCCC4)C(C(C)C)=CC(C(C)C)=C1)C||CC([O-])C.[Li+]||CO,CC(C1=C(C2=CC=CC=C2P(C3CCCCC3)C4CCCCC4)C(C(C)C)=CC(C(C)C)=C1)C.CC([O-])C.[Li+].CO>>,C_3931a721185a,CC(C1=C(C2=CC=CC=C2P(C3CCCCC3)C4CCCCC4)C(C(C)C)=CC(C(C)C)=C1)C||CC([O-])C.[Li+]||CO,CC(C1=C(C2=CC=CC=C2P(C3CCCCC3)C4CCCCC4)C(C(C)C)=CC(C(C)C)=C1)C,CC([O-])C.[Li+],CO,4.095214292254157,0.060599001610189974,-0.1541239973618094,-0.5208425618983296,0.5496334743528053,-0.11150016598743272,-0.3635612569338066,-1.7351649042204011,-1.0409822672107316,-1.0072610296413136,2.1599631646188153,0.3127331155945641,-0.6309044911658496,1.4744995209589304,-0.026314266263408582,0.08800205000734912,-0.0878706846635393,-0.0017897580635640666,-0.003130142832100192,-1.408055776843261e-15,3.3198920736112897e-16,-1.3482358342790259e-15,6.221796999074123e-16,4.707537215367106e-16,-2.0842189583935145e-16,1.0370766886790442e-15,-4.510733095627196e-16,2.930071041032059e-16,8.282000127632852e-17,7.070107127731347e-17,2.52342252743597e-16,-5.749518639493638e-17,5.286870053929976e-17,7.13730297736137e-17,-4.148010421912047e-17,1.139125079402185e-16,-4.5038592657091445e-17,-5.8662171861753e-18,9.891342825956106e-17,5.1345786167516044e-17,-1.1439125210442453e-16,3.919863999883141e-16,-3.324719344732293e-17,7.450760435493876e-17,8.085546464466331e-17,1.9562042269655084e-16,-2.7696737385213675e-16,-2.0566377952386262e-16,-2.2430787688602165e-16,8.416008513421674e-17,3.6482976940258824e-17,2.290479918734348e-16,1.601944160604799e-17,-2.3688481042855434e-16,1.0957975198361143e-17,7.089890758543159e-17,-1.6233038766126369e-18,4.319171673270337e-17,-5.3234091577131565e-17,5.022176964740884e-17,-4.607477966936544e-19,3.7405433220013104e-17,-1.7633373380992248e-16,-4.895848705740103e-17,2.268303500123161e-16,5.4829154228142295e-17,2.1083120218816412e-16,-1.771205897300196e-17,-1.384058432999857e-16,1.9913592124954477e-16,-2.143382091450125e-16,2.469431119051008e-16,-8.146200581224727e-17,6.936131030835788e-17,2.4050218649770968e-18,-8.838962057743746e-17,-6.670634115319459e-17,-1.136334469324259e-17,3.005552038973303e-17,1.8543208566390537e-16,-2.4450847486768493e-16,6.883083049386833e-17,6.518262935843665e-17,-3.394129004879294e-16,2.4720738973724597e-16,-1.3271340712556993e-16,-2.726403279239813e-18,2.989618526687326e-17,-7.549697586613753e-17,4.293443955437882e-17,1.3696960863355556e-17,7.532569136082788e-17,-2.225129087792714e-16,-7.156772883894646e-17,-1.6095074782094845e-16,2.582648082072406e-16,-7.174587883133354e-18,2.1749437707805951e-16,-4.0904419325653207e-16,-3.154084149985832e-16,-7.927232875886083e-17,8.684603879770358e-17,1.0216687649885532e-16,1.2093669950802357e-16,1.7339363827280135e-16,-1.325923914353633e-16,1.9179789542844142e-16,-5.350708343485377e-18,1.4749000890412496e-16,-4.1419926164659373e-17,1.8281502373857477e-16,1.0671141915072527e-16,-1.2831189480026627e-16,1.23962765118704e-16,2.7285742275154894e-16,-3.787290993170998e-17,-9.949893297693148e-17,1.455112054229017e-16,1.701599973747534e-16,-1.047146567471892e-16,-6.11355542579914e-17,-8.15686981606542e-17,1.8641879340541206e-17,8.98436736843737e-17,-2.0566143873755388e-17,-1.0828780346907939e-16,2.743182780506609e-17,-2.5154754229031176e-16
[c-]1(P(C2=CC=CC=C2)C3=CC=CC=C3)cccc1.[c-]4(P(C5=CC=CC=C5)C6=CC=CC=C6)cccc4.[Fe+2]||CC([O-])C.[Li+]||CO,[c-]1(P(C2=CC=CC=C2)C3=CC=CC=C3)cccc1.[c-]4(P(C5=CC=CC=C5)C6=CC=CC=C6)cccc4.[Fe+2].CC([O-])C.[Li+].CO>>,C_260c86d19e32,[c-]1(P(C2=CC=CC=C2)C3=CC=CC=C3)cccc1.[c-]4(P(C5=CC=CC=C5)C6=CC=CC=C6)cccc4.[Fe+2]||CC([O-])C.[Li+]||CO,[c-]1(P(C2=CC=CC=C2)C3=CC=CC=C3)cccc1.[c-]4(P(C5=CC=CC=C5)C6=CC=CC=C6)cccc4.[Fe+2],CC([O-])C.[Li+],CO,-1.3841208155545002,1.1338119037417693,-0.15412399736180968,-1.1785704697655903,0.5496334743528054,2.026491491577694,-0.3635612569338073,-0.4876063293133133,0.3252425987294681,-0.3701586543025702,2.1599631646188167,-1.486081881780202,-0.6309044911658431,1.4744995209589293,-0.026314266263407788,-0.26752973554483256,-0.08787068466353906,-0.795814978261376,-0.003130142832099855,-1.3539019085016311e-15,-1.597394856059193e-17,4.1844979900419244e-16,-2.1846978276773315e-16,-7.588685604585937e-16,-8.33367936705992e-16,-2.0811877901657205e-17,-2.9772899347967575e-16,-2.499554025104246e-16,-1.7142103252127094e-16,1.920412042958178e-16,4.32946626127253e-16,-1.8938148729717571e-16,2.485532272087699e-16,-1.0278205443648109e-16,3.548112313720274e-17,1.45772311978679e-16,-7.997558588253305e-17,5.679155479448127e-17,1.6376634262627463e-16,-1.5743902564743914e-17,-4.615884270275272e-17,8.032203335494928e-17,-2.220028416038643e-16,-1.0931690835208529e-16,5.71280530795215e-17,4.014818982291536e-18,-2.1770035015876418e-16,2.18013165550919e-17,1.1329572877790632e-16,-5.3911459768318485e-17,-2.5777206722101208e-17,-1.4462521847614708e-16,-1.2598968841200528e-16,1.3269499537336925e-16,-2.871741970490047e-16,-1.1722463919722306e-17,-2.394104324633356e-17,2.2018635300827366e-16,1.894883152700368e-16,1.6236679943541461e-16,1.8588332347030966e-16,-2.1232384223512212e-16,2.123792697999196e-16,-1.5466940411096359e-16,4.325325156357784e-17,7.833421091569317e-18,-1.0439759115019816e-16,7.770008894326181e-17,-4.60691691144778e-17,-2.1481571172932568e-16,1.9600630571034788e-17,-1.0142630164246105e-16,3.1215126067587854e-17,6.895913804156219e-17,-3.0995542064259447e-17,1.3223514715275518e-16,2.1765803917923725e-17,2.592286856123862e-17,-4.7964990579209967e-17,4.167927180462644e-17,1.6372337846467526e-16,5.729194683950807e-17,8.912341295152342e-17,-1.962960526202752e-16,-9.132626173307251e-18,5.288050680068697e-17,-1.4605019774284587e-17,3.5917264746318103e-17,2.24109115408976e-16,2.2144495379802225e-17,6.420027965648363e-17,1.401295905031948e-16,3.9829641088821886e-16,1.583106925691334e-16,3.308723688770455e-17,3.6063714565202945e-18,1.078226642780089e-16,6.955237514089747e-17,2.0728618253941634e-17,7.632364860809792e-17,6.290001251191647e-17,-7.058756054689027e-17,-1.2799935037910328e-16,7.232677139711106e-17,-1.2066377358528735e-16,-1.2223467050273457e-17,2.3611428369324286e-16,-1.2018494802043351e-16,3.2432419689883987e-16,-5.214460572806104e-16,3.97075954104022e-16,1.0981140011820082e-16,3.653979330960445e-17,8.721268054255686e-17,3.949446705942728e-17,-1.0351926647416312e-16,-1.519728046859064e-16,8.479063457353175e-17,-1.6950972220595887e-16,-6.213309119967216e-18,1.4433299673101582e-16,-1.9840731909772004e-16,1.3606066341106304e-16,1.9345898405841208e-16,1.145199814354952e-16,-2.491068316458892e-16,2.8774371732225237e-16,4.94266546900169e-17
CC1(C)C2=C(OC3=C1C=CC=C3P(C4=CC=CC=C4)C5=CC=CC=C5)C(P(C6=CC=CC=C6)C7=CC=CC=C7)=CC=C2||CC([O-])C.[Li+]||CO,CC1(C)C2=C(OC3=C1C=CC=C3P(C4=CC=CC=C4)C5=CC=CC=C5)C(P(C6=CC=CC=C6)C7=CC=CC=C7)=CC=C2.CC([O-])C.[Li+].CO>>,C_3e399ab01bf5,CC1(C)C2=C(OC3=C1C=CC=C3P(C4=CC=CC=C4)C5=CC=CC=C5)C(P(C6=CC=CC=C6)C7=CC=CC=C7)=CC=C2||CC([O-])C.[Li+]||CO,CC1(C)C2=C(OC3=C1C=CC=C3P(C4=CC=CC=C4)C5=CC=CC=C5)C(P(C6=CC=CC=C6)C7=CC=CC=C7)=CC=C2,CC([O-])C.[Li+],CO,-0.7608527313618177,3.0573458202759274,-0.15412399736180737,2.3402065376541152,0.549633474352804,-0.5112817700760034,-0.36356125693380525,0.35592842575710465,0.4501099621363098,-1.1207264892083717,2.1599631646188144,0.8357285648736744,-0.6309044911658516,1.474499520958931,-0.026314266263409075,-0.341918612289645,-0.08787068466353937,-0.16127802879825087,-0.0031301428321002128,-4.0722104375333254e-16,-6.37770057407783e-16,-1.0407815360619654e-15,-2.723561397270602e-16,8.114987773124627e-16,1.178550313815287e-16,2.7868245104388246e-16,-3.337989058150393e-16,-2.9373535444063147e-16,3.4186588881015205e-16,1.3065954748745287e-16,-2.761640188087807e-16,-1.410527219931567e-16,-5.053742829401129e-16,1.470033947065468e-16,4.4403734196015827e-16,-1.9987037714962288e-17,-2.451863019681588e-16,1.9858326608778307e-16,1.6276477039882124e-16,5.025503276447015e-16,-1.2057668174549555e-19,3.7049247294393663e-16,5.103288332561091e-16,5.3028827154386575e-17,1.579544968604463e-17,1.5174313075149967e-16,3.3220220819487824e-17,-6.21906065185822e-17,9.795559157067448e-17,-1.3182953731670044e-17,2.3421764662682827e-16,1.778492330060293e-16,1.668448201405549e-16,9.46191466695316e-18,1.510696564405056e-16,-1.387864397281978e-16,-2.827605654507021e-16,-4.990525123102226e-17,-6.85679070552127e-17,-2.315222598296375e-16,-1.6488294366499298e-16,1.498958454134853e-16,8.088976116448998e-17,-3.209064465714754e-17,-1.242537657837683e-16,-1.5771792663399955e-18,-1.8325948342691488e-17,1.623036530542565e-16,-1.2571172216867343e-16,-4.786421825346135e-16,1.6721262457631529e-16,-2.460970334812994e-16,-1.852888071551741e-16,-1.082956303354678e-16,9.761879112010375e-17,2.410391358133029e-16,2.6032631706516336e-16,1.0269932418120899e-16,1.6371641761386757e-16,-5.17576723018834e-17,5.525298169346838e-17,4.1459943455181286e-17,2.372374512119956e-17,-1.0840053428223921e-16,3.178286425744596e-16,-5.0450398625670376e-17,1.8234774346078013e-16,1.1640467954979084e-16,-9.532970355266313e-17,-1.537355233636221e-16,2.3021494021503295e-17,-1.0356426691461867e-16,-3.387417422910676e-17,-1.17492138410757e-16,4.3485057611171554e-16,-6.296009903933786e-17,-1.304419591310225e-16,-2.705865140818699e-16,4.4957465430421125e-18,-4.451225342165466e-17,8.154370081686976e-17,3.0496428864423973e-16,-3.5070339872294803e-16,-2.601144958697044e-16,1.890404893649241e-16,8.688313956181928e-17,-2.036888564987381e-16,-6.519610732793547e-17,-2.0815684286008181e-16,-7.379148954717652e-17,-9.294341025503647e-17,9.185875211906219e-17,-2.1947568946048256e-17,-2.7359020685335907e-16,-1.640331705993456e-16,-1.1384160970334314e-17,3.7132073090347024e-17,-5.975610811076782e-17,-1.9262879524971186e-16,1.2395755580588996e-16,-1.23358506187844e-16,-1.2200620563110428e-16,2.376333319176102e-16,2.2185970821256526e-16,1.0802212577140504e-16,-1.3027892016765327e-16,1.0840579153540246e-16,2.993518880842822e-16
CC(P(C(C)(C)C)C(C)(C)C)(C)C||CCN(CC)CC||CO,CC(P(C(C)(C)C)C(C)(C)C)(C)C.CCN(CC)CC.CO>>,C_60b726c25b81,CC(P(C(C)(C)C)C(C)(C)C)(C)C||CCN(CC)CC||CO,CC(P(C(C)(C)C)C(C)(C)C)(C)C,CCN(CC)CC,CO,-1.224289551208006,-0.6982614233068846,-0.15412399736180932,-0.5409122448896087,0.5496334743528069,-0.48093282746035093,-2.220068392385906,0.5164120737207388,-0.357968074246547,-0.004776469817938989,-0.8062691168934127,0.8719731108561624,-0.40282635535216343,1.4744995209589158,-0.8638264162109397,1.6703602962318331,-0.050568885115607635,-0.7970487546071366,-2.425572942482823e-05,-3.392047629720199e-16,4.658520785293753e-16,2.673254412295058e-16,-7.358410648072419e-16,-2.947598070886818e-16,1.009075974699668e-17,-8.753673270622468e-17,-1.0550818725920484e-16,1.403042737709281e-16,2.2211704694290075e-16,1.8747201812721862e-16,-5.362972843733055e-16,-6.223135702850836e-16,1.1831536254145414e-16,9.363063260253156e-17,1.3671421737477891e-17,1.2619165748816354e-16,2.6984712721218645e-17,-1.1471252580397361e-16,-1.3361591736178576e-16,1.6664357063937492e-16,4.2881605970410365e-17,2.5753048098714093e-18,4.1890341114791015e-16,5.760178000137409e-17,-2.2004581543178345e-16,-1.8346567890043996e-16,-1.912888315144216e-16,4.6948794953108855e-17,-6.963167683338959e-17,2.1444528272544966e-18,-8.058251309539364e-17,6.833121531235661e-17,-1.5728953676095016e-16,-6.071997412233855e-17,1.1439127367668168e-17,-1.8054734076117197e-16,-1.1139826593026586e-16,-3.616709664143086e-17,-1.7948051246166253e-17,-1.8389226262892085e-17,9.283051002409276e-17,1.8088608890285997e-16,-2.2077071818306388e-17,6.823037695493272e-17,-5.659930539136523e-17,2.971414517273775e-16,3.9109063658763156e-17,-1.540441103274168e-16,3.421153507545468e-17,5.590583335980504e-17,1.545552928842561e-16,1.0878881362191236e-16,2.088154787494712e-16,-2.666633652919686e-16,-1.1860483394248653e-16,-8.921655247504267e-17,-1.0595672121732076e-17,4.502767586614327e-17,-4.860728939929382e-17,-5.864447757721847e-17,-2.431592320510676e-17,-2.6143989316333047e-17,-2.8356420241095957e-17,6.015339644430267e-17,-4.5936523262987695e-17,2.809694205013954e-17,-7.060181813026564e-17,1.7956989727830708e-16,1.416847623604601e-16,1.6504284520634791e-16,-7.97437769282907e-17,1.0161804955283735e-16,-1.3156056774955968e-16,-3.9043047886386353e-17,-3.553438040102533e-18,-6.452865790357689e-18,9.914539635986127e-17,-5.653481149598071e-17,-1.4572312575185884e-17,-4.9641789266969637e-17,1.50399382981017e-17,9.781499235593606e-17,-1.9169293243102013e-16,2.563337396950465e-17,-3.9164359101321696e-17,5.579834040341186e-17,-1.2487429211147744e-16,2.7178920828814537e-17,4.833580090232076e-17,-2.5261899950052806e-17,4.4777264502584006e-17,3.9041404955782604e-17,2.4043932622763473e-17,1.3920870408104098e-16,1.0817029047079538e-16,3.180119782495152e-17,1.0862208081284273e-16,-1.18412518031185e-16,-5.933839204130391e-17,1.2845955340915125e-16,7.019618034390478e-17,-3.2302160805420465e-17,-4.001439363949063e-17,-6.797214583164746e-17,2.707210977552862e-17,1.4009848614892015e-16,2.886653705581922e-16,-1.2545932833344862e-16
P(C1=CC=CC=C1)(C2=CC=CC=C2)C3=CC=CC=C3||CCN(CC)CC||CO,P(C1=CC=CC=C1)(C2=CC=CC=C2)C3=CC=CC=C3.CCN(CC)CC.CO>>,C_7185d94208a0,P(C1=CC=CC=C1)(C2=CC=CC=C2)C3=CC=CC=C3||CCN(CC)CC||CO,P(C1=CC=CC=C1)(C2=CC=CC=C2)C3=CC=CC=C3,CCN(CC)CC,CO,-0.9376336432096942,1.2345744235185014,-0.15412399736180915,0.23684906840748282,0.5496334743528061,0.2786396779026143,-2.2200683923859077,0.21949929330034487,-0.7800009929116297,0.14740606941524712,-0.8062691168934116,-1.1263128578207358,-0.4028263553521561,1.4744995209589158,-0.8638264162109391,0.933815911971148,-0.050568885115609044,1.246242212634961,-2.4255729424680353e-05,-1.460333607355563e-15,-3.2686509839829486e-16,2.2145326730463118e-16,-1.3954794389627049e-16,-4.212353643318643e-16,-5.246862323120132e-16,-3.2861324672208714e-16,-1.1291058252556522e-16,1.2889129312780196e-16,1.9085243278498827e-16,-8.565432155050035e-17,-9.170272546908742e-17,-5.93414088088896e-16,4.141480337943477e-18,-3.012192823249322e-16,1.5221314761920099e-16,2.3826415890103097e-17,1.5756999817632217e-16,3.320544321024615e-18,-1.1159858757954105e-16,-8.333899729795919e-17,8.195751409481456e-17,3.98427151758581e-17,-4.753776122649407e-17,-6.302038882354171e-17,-7.856087908915843e-18,-1.4324681096965737e-16,-4.5228679314055424e-17,-4.0570312387250876e-17,-6.284150434724518e-17,5.2978289458876874e-17,8.769688671427301e-17,1.2633383595323925e-16,-3.7095958735913517e-16,-1.0039266729568409e-16,-4.892189153287612e-17,-1.886989462016406e-16,-9.623429544537358e-17,-1.5340771618038196e-17,2.0202494228245686e-17,4.7841009676386356e-17,-1.0415316814547037e-16,1.640768245534937e-16,-1.4381748425995077e-16,-3.499678684363457e-17,-3.9132993615035406e-17,3.0832158563141167e-16,4.5185387322346496e-17,1.0139209671419926e-16,-2.4604481150126967e-17,-9.808654184750878e-17,-1.2091193989080991e-16,-1.8397678010851102e-16,1.995588780784593e-16,-1.3062206587942984e-16,1.2890414456161087e-16,-5.41604057837814e-17,1.607606717186298e-18,2.6790209685760327e-17,-1.8758911195493724e-16,-1.7961346663720922e-17,2.965155642929504e-17,2.886363936709572e-17,-9.376367826867527e-18,8.681056406055773e-17,-3.34901812035864e-17,1.0375277500102413e-16,-6.81835724580331e-17,-4.588536846873177e-17,-1.0141750167745283e-16,5.066862493560613e-17,-5.9427003384873954e-18,-3.5986693576792773e-17,-9.180660741649564e-17,1.2696548435796149e-16,8.597561307982551e-18,9.087928687371553e-18,1.8905467321983203e-17,-1.0271419363098648e-16,-1.4564755084841627e-17,-1.3765763580894827e-16,-1.3437556975441967e-16,1.0603620806098704e-16,-3.448529453711964e-16,1.6160719148799787e-16,-3.2800273173338755e-18,1.2936627758639664e-16,-2.100688253673934e-17,9.542889573246055e-17,8.550489052354311e-17,-2.452709789036915e-16,-1.525327346719537e-17,-5.109494069056447e-17,-9.360510012715717e-17,-1.1371012138019938e-16,1.2204472688171041e-16,1.6049122149930871e-16,1.5899290208499092e-16,1.0805143153117861e-16,-1.9986420895016987e-16,2.332277983236993e-16,1.6243419609040458e-16,1.0516292064488009e-16,-4.1187785577192103e-17,-1.6218814630072483e-16,1.4230736835446805e-16,-6.310398039653646e-17,1.3724742374481818e-16,-1.2996090390604022e-16
CC(C)(C)P(C(C)(C)C)C1=CC=C(N(C)C)C=C1||CCN(CC)CC||CO,CC(C)(C)P(C(C)(C)C)C1=CC=C(N(C)C)C=C1.CCN(CC)CC.CO>>,C_78d8404d54ea,CC(C)(C)P(C(C)(C)C)C1=CC=C(N(C)C)C=C1||CCN(CC)CC||CO,CC(C)(C)P(C(C)(C)C)C1=CC=C(N(C)C)C=C1,CCN(CC)CC,CO,-1.5782981121882067,-0.650738756085917,-0.1541239973618091,-1.3390820507081522,0.5496334743528053,-3.0233120881828097,-2.2200683923859073,-0.26903145405851003,0.35103460862731567,-0.3959375129998077,-0.8062691168934119,-0.8157423012752592,-0.4028263553521574,1.474499520958916,-0.863826416210941,-0.561738359630682,-0.05056888511560854,0.020503180976102774,-2.42557294247336e-05,-4.479413219160771e-16,-5.38778537942377e-16,2.9509757742821237e-16,-5.84840838461342e-16,-6.7179496910743535e-16,-1.7518637563414017e-16,-1.470566858170861e-16,-1.267158010610903e-16,4.259726020352156e-16,2.2832086462182614e-17,2.0171011562914917e-16,-6.600451233735972e-17,-1.9203694942439048e-16,-1.7798911018020082e-16,-1.901801266652116e-16,-1.250428440508992e-16,-2.632433013963995e-16,-7.825209861499856e-18,3.95919192075159e-17,-3.49319163214626e-17,-1.186847735897959e-16,2.820899108382594e-16,4.0685982413539186e-18,1.4239839892081714e-17,1.424285229711796e-16,2.160552462486963e-17,-1.2484931804685238e-16,2.8704860165269723e-16,9.611261469884818e-17,1.7633024571363426e-17,1.8254753645691321e-16,2.5265797420146595e-16,-1.993599767276952e-17,-3.3520632443109796e-17,-4.2853416322711575e-17,1.0002301796813566e-16,2.862824312788407e-16,-1.9382600765498298e-16,-4.436567631944383e-18,3.424453982149411e-17,-1.4484788806521954e-16,9.436694393851025e-17,1.1590671826879104e-16,-2.2594080134771184e-16,-5.425075278728999e-17,1.0487420585230481e-16,-1.2349180553967008e-16,6.891937002343599e-17,-1.7190165456404333e-16,1.3551886265540053e-16,-1.0976327074564819e-16,1.4231740165541688e-16,5.2533364308724003e-17,1.0862179239569175e-16,1.2584415505861247e-16,-8.297331561106538e-17,-1.2945229454688704e-16,1.2681747301949234e-16,1.4572132354435282e-16,3.805177805934706e-16,1.3415576996799674e-16,-5.73704712651986e-17,-1.18104402266962e-16,-5.062130403632789e-17,9.052488815284207e-17,-1.0456083683550087e-16,-1.1975751902646612e-16,1.405765522622888e-16,-1.110827958577744e-16,-1.2332213856475067e-16,9.577237255556643e-17,8.844631522730036e-17,7.937692665068732e-17,3.021624115706067e-18,-6.364007164883427e-17,1.0261565649060701e-16,4.0829994842613055e-16,5.362375402127762e-17,9.427867359260035e-17,1.6687068323389272e-16,7.863285532888026e-17,2.321364537370976e-16,1.24936118314372e-16,-5.033269760520877e-17,-2.3069159338190963e-16,2.529268189456158e-17,1.2157482364584872e-17,-1.3108806408425452e-16,6.849569140749568e-18,1.7373627399383176e-17,-1.5388432186868505e-17,2.6680679741050957e-16,-1.748377137097916e-16,-1.3978608849276295e-16,-1.1944463531180786e-17,2.0468778651736818e-17,-1.7771304953112373e-16,-1.0613865562596181e-16,-6.43192439396931e-17,-1.6343240389422257e-16,-1.8512014144897105e-16,-1.311976714567772e-16,1.595992581196627e-16,-3.247358822500131e-16,2.1655113257856809e-16,1.1727389149895042e-16,1.3138664765991297e-16,-2.622313931432082e-17,-2.9125587541107965e-17
P(C1CCCCC1)(C2CCCCC2)C3CCCCC3||CCN(CC)CC||CO,P(C1CCCCC1)(C2CCCCC2)C3CCCCC3.CCN(CC)CC.CO>>,C_bf297a7b3712,P(C1CCCCC1)(C2CCCCC2)C3CCCCC3||CCN(CC)CC||CO,P(C1CCCCC1)(C2CCCCC2)C3CCCCC3,CCN(CC)CC,CO,0.8097398838794682,-1.6108233270164567,-0.15412399736180843,-0.03231794708524464,0.5496334743528056,0.5630227060514399,-2.2200683923859064,2.2053092310680897,-1.36469495791663,-0.57627828648279,-0.8062691168934129,-0.011638395004676956,-0.40282635535215977,1.4744995209589176,-0.8638264162109404,-0.8033477138467446,-0.05056888511560888,-0.02961397032975086,-2.4255729424582334e-05,1.9362945905438065e-16,-1.8230225652120366e-16,-6.098130693108924e-16,1.0112306184755707e-16,-1.8625886241033526e-16,1.088696046465981e-16,5.559996220602879e-16,-2.859990512366069e-16,-5.412988512555119e-16,2.3972033009653874e-16,3.3951053879190964e-16,-2.7407485280344114e-17,1.0279226784259581e-16,-1.4996097976018668e-16,-4.781184149048846e-18,-2.827952240447308e-16,1.2108320405551814e-16,-2.5951522813622573e-16,-1.4640988579346595e-16,2.9378296569558646e-16,-2.8461641050954067e-16,-5.254594701326569e-17,1.2725697974565135e-16,-5.949536440773409e-17,4.549336795483783e-16,-5.007334553216232e-16,1.052190699601789e-16,-5.516820325622458e-16,-3.3268216312779796e-16,1.1866720719945329e-16,-2.282009419848444e-16,-1.975609429464942e-17,3.752798115215176e-17,-3.268471050786942e-17,-3.621539472159828e-17,3.6606994240752905e-16,1.667338022079366e-16,-1.7637513655354816e-16,1.6666061790464282e-16,-8.182165967258343e-17,6.355055130124029e-17,-1.9492509240441337e-16,2.760132925962873e-16,4.372605017522142e-17,-1.9718484691499165e-16,-1.2811251702335171e-17,2.6304519682165642e-17,1.4096094986371705e-17,-2.4387284617301633e-16,2.939793181946879e-16,-4.5218264068962425e-17,1.8452215859191187e-17,-1.7459852120084833e-16,4.753585184478863e-17,2.3377967431131207e-17,-1.1763355574484752e-16,-6.013968739128048e-17,2.431559634537414e-16,-1.4594332956129606e-16,2.238357695529481e-17,-1.5269020814336558e-16,1.8697111255580405e-16,1.420687721006286e-16,5.0843128827714633e-17,-5.0303094455332476e-17,-1.5093580103412976e-17,-8.535989669440367e-17,2.1650245517747796e-17,-1.713779182297063e-17,-2.3685213451997923e-16,-3.6764372491885423e-16,-2.6911501436073974e-16,1.5293628965608142e-16,1.2234965018337591e-16,-1.5342847864177027e-16,-1.8508009751670573e-16,-1.279427176374012e-16,7.528115013329695e-17,2.5853979400781867e-16,-4.653428983136401e-17,2.234486795612313e-16,5.851449925913693e-17,-1.0185557653487684e-16,-4.803726624179477e-17,-1.067840979902158e-16,-1.0837901547036602e-16,-4.449561887151522e-17,7.634110889788606e-17,1.0722827196288477e-16,-8.034166995913513e-17,3.149083854808111e-17,1.9181751322636814e-16,2.3365794571717936e-17,-9.782994459601067e-17,1.0571822752808924e-16,-5.484255851566861e-17,2.557161854495987e-16,-8.85503590018768e-17,-2.2483988946870054e-16,-1.2015808054617543e-16,1.423267205681748e-16,1.3535826984173302e-17,1.363831293233308e-16,2.1852023825674624e-16,1.9477804995337375e-16,6.820459740602761e-17,5.552509933605325e-17,-1.2409923728051252e-16,4.531468232911896e-17
CC1=CC=CC=C1P(C2=CC=CC=C2C)C3=CC=CC=C3C||CCN(CC)CC||CO,CC1=CC=CC=C1P(C2=CC=CC=C2C)C3=CC=CC=C3C.CCN(CC)CC.CO>>,C_55d8ddbe3db2,CC1=CC=CC=C1P(C2=CC=CC=C2C)C3=CC=CC=C3C||CCN(CC)CC||CO,CC1=CC=CC=C1P(C2=CC=CC=C2C)C3=CC=CC=C3C,CCN(CC)CC,CO,-0.2636547557625332,0.9915488887997188,-0.15412399736180787,0.3224862210695097,0.5496334743528092,-0.24540933155649564,-2.2200683923859077,-0.5084585430537781,-1.036004040322466,2.5086809595071786,-0.8062691168934126,0.45264748397795396,-0.4028263553521625,1.4744995209589162,-0.8638264162109398,-0.5902568205259886,-0.05056888511560871,-0.24296470019918995,-2.4255729424593434e-05,-2.6491786326491855e-16,-6.206753704417993e-16,6.067946576197757e-17,-6.630327725409357e-16,-3.267810268496491e-16,3.3076863091006356e-16,-1.396185020971282e-16,6.757746515168493e-17,9.79922500663007e-16,4.256457232462631e-16,2.7441367009242653e-16,-2.0377019120326235e-16,-3.369331245428666e-17,6.539288670535072e-16,-4.0102968197812104e-17,1.8117115826054998e-17,1.2384842375877395e-16,5.820092777838529e-17,2.32338676185796e-16,3.572660119835412e-18,1.8040411774818676e-16,3.26763626514457e-16,-2.556293036565011e-16,-9.551815177779296e-17,-2.190791751289387e-16,-1.0489268322674644e-16,-3.0410534331451237e-16,-1.1349182667768837e-16,-9.730149871124938e-17,-6.106472172037145e-18,-9.160519875885854e-17,-4.814946691000172e-17,1.6802453386323678e-16,-1.1355571515678095e-16,-9.130816109164083e-17,-2.2555399740968135e-16,8.29061656197285e-17,4.897744618426584e-17,-2.3726877816009023e-17,3.121414538396562e-17,-1.8496568350814834e-18,1.9601527494057535e-16,7.972334033970538e-17,1.1891447784938585e-16,1.6856037565719075e-16,4.16472365091985e-17,9.788724780689898e-17,-3.2725015330542625e-17,-9.479313057881207e-17,1.1037877159478558e-16,-4.9018821392334896e-17,-4.1818040570611303e-17,-3.2191377138259337e-16,1.4236808074636604e-16,-1.0468272583337222e-16,-9.426915930098042e-17,-6.518140382572006e-17,-2.8301821196124053e-18,1.9150356619948327e-16,-5.546984564673972e-17,-1.2825176066645928e-18,7.43790820100237e-17,1.1975979564539256e-16,-1.3336947574922628e-17,9.199644869853101e-17,-4.4680895928790697e-17,-1.8091305360025062e-16,1.0898690081890764e-16,1.1431041154127034e-17,-2.8831223810597863e-16,-1.9976908748356362e-16,-1.879398789523574e-16,-1.5079829563354345e-16,-8.309942145634622e-17,9.269782995876725e-17,1.2381177041349876e-16,1.6867954085389893e-16,1.437987973906216e-17,2.2031936701526937e-16,-2.7851561845650054e-16,-1.945840988338004e-17,4.871037425409757e-18,9.329745771975793e-17,-4.877955757756762e-17,-1.6629141480054234e-16,-7.216102118890084e-17,2.0729484910619801e-16,-1.7988891224538484e-16,2.597475621185899e-17,1.1810156755590502e-16,-2.7615632311728914e-16,-1.39518415162745e-16,3.824321093182581e-17,-1.0807546748530495e-18,-4.998280447379215e-17,1.1491236385152206e-16,-2.3670869048880715e-16,-1.8304723703884963e-16,8.95619874862789e-17,1.2250846260478548e-16,-9.453889602426595e-17,-2.186735316411844e-16,5.124495609984461e-17,-1.7323657005152828e-16,5.081550527535177e-17,-3.6929134194645725e-17,2.1070262021139338e-17,6.904795484352386e-17,-4.156844258288847e-17
CCCCP(C12C[C@@H]3C[C@@H](C[C@H](C2)C3)C1)C45C[C@H]6C[C@@H](C5)C[C@@H](C4)C6||CCN(CC)CC||CO,CCCCP(C12C[C@@H]3C[C@@H](C[C@H](C2)C3)C1)C45C[C@H]6C[C@@H](C5)C[C@@H](C4)C6.CCN(CC)CC.CO>>,C_3a88c09e2f46,CCCCP(C12C[C@@H]3C[C@@H](C[C@H](C2)C3)C1)C45C[C@H]6C[C@@H](C5)C[C@@H](C4)C6||CCN(CC)CC||CO,CCCCP(C12C[C@@H]3C[C@@H](C[C@H](C2)C3)C1)C45C[C@H]6C[C@@H](C5)C[C@@H](C4)C6,CCN(CC)CC,CO,-0.8853811771272792,-3.192233563805737,-0.15412399736180663,2.712839121919755,0.549633474352806,0.49119929761613884,-2.220068392385907,-0.9806476207765273,0.5753078969520422,0.06697642453299675,-0.8062691168934119,-0.3555490753194975,-0.4028263553521595,1.4744995209589162,-0.8638264162109399,-0.006961552994126982,-0.050568885115608704,0.03706496796135617,-2.4255729424859913e-05,-1.1842112089680172e-15,-3.984360962092135e-16,-5.921939625303608e-16,-1.5137955479362725e-16,-5.773163158577053e-16,-4.617220168516194e-17,2.4087717652631086e-16,-4.647018937132493e-16,-2.0163651053841955e-16,-3.1908330865051906e-16,2.473244181181601e-16,-1.6066048121344174e-16,-2.8210854111049663e-16,6.836824966168261e-17,-8.832780208179805e-17,-2.857570004660663e-16,7.638629444471136e-17,-1.0428893995859645e-16,1.5744268100062298e-17,-1.8887457740034511e-16,-1.038718486927859e-16,1.0799158801043022e-16,-2.127215673229108e-16,-2.0792109485195954e-16,-1.7162799858627772e-16,-1.2498145689514124e-17,-7.676283590905768e-18,-1.9992073911677584e-16,-4.81209703512277e-17,1.1417138745124032e-17,1.3488390084487175e-16,1.6321592989619644e-16,-1.2545411675254514e-16,-9.43124393214237e-17,2.0755734975538846e-16,-7.00975805002241e-17,2.1105453520405107e-16,3.58677714378825e-17,2.5822616748082004e-16,-3.438766268675268e-17,5.705745195652667e-17,-5.560059401329645e-17,1.3150512326385483e-16,9.1526201452715e-17,-4.097040816741963e-17,1.7220804935308456e-17,-1.0332107811251346e-17,-1.8319664010015472e-17,-4.2604253278957974e-17,-2.1838256959537674e-16,-3.2125163531030307e-16,2.81380123476787e-17,5.2071587917572635e-18,-6.476879050299917e-17,1.0562787933749594e-17,-4.838320290347312e-17,-6.31124272612292e-17,-3.616986024424536e-17,-8.459875133475335e-17,-2.676169897078237e-17,-1.931461609171386e-16,1.7330709473146505e-16,-1.8747132029361753e-16,6.164822842436319e-17,-7.989106192289078e-17,7.786198660966573e-17,2.0704346481595103e-16,4.6328524764604966e-17,-3.8925231880109964e-17,-6.230627770824976e-17,7.882339657600728e-17,1.7913624300713831e-16,2.7443379227058536e-17,1.0580153677104216e-16,1.5105993513479167e-16,-1.783616492209593e-16,-4.949461146402521e-17,-2.0217680372321272e-16,9.82223755353914e-17,-3.3264352475991193e-17,-1.4095572389087528e-16,-3.0204106099527645e-17,-1.6844986075298795e-16,2.4119424454321882e-16,9.728189689640847e-17,1.443268047743802e-16,1.3184146169429967e-16,-9.611386013940457e-17,-4.9667903017766116e-17,1.2643894073463111e-16,2.076118269408986e-16,-1.65904703107626e-16,3.1675845269756145e-17,-1.6748974605213088e-17,-1.0076072131959819e-16,-6.84326703265422e-17,-7.39878362882484e-17,-8.564722229896091e-17,1.0428424969020381e-16,-7.704719620613309e-17,2.36041058352217e-17,-7.194371925266133e-18,-8.834808704703657e-17,-1.3365349900929326e-18,-5.608043404097544e-17,1.3826218175915196e-16,7.569032451245707e-17,-2.1717077366519077e-16,-1.3524774802742776e-16
COC1=CC=CC(OC)=C1C2=C(P(C3CCCCC3)C4CCCCC4)C=CC=C2||CCN(CC)CC||CO,COC1=CC=CC(OC)=C1C2=C(P(C3CCCCC3)C4CCCCC4)C=CC=C2.CCN(CC)CC.CO>>,C_6bf596fbc6a9,COC1=CC=CC(OC)=C1C2=C(P(C3CCCCC3)C4CCCCC4)C=CC=C2||CCN(CC)CC||CO,COC1=CC=CC(OC)=C1C2=C(P(C3CCCCC3)C4CCCCC4)C=CC=C2,CCN(CC)CC,CO,3.697093256973161,0.21873148620968055,-0.1541239973618078,-0.16998697856093697,0.5496334743528062,-0.13753115125335097,-2.220068392385906,1.0255047079947914,1.9551116939983544,0.8801350735997571,-0.8062691168934114,-0.3971125427888171,-0.40282635535215916,1.4744995209589162,-0.8638264162109394,0.2550985408775037,-0.050568885115608704,0.02604236923424063,-2.4255729424733282e-05,1.3406295393462778e-15,2.466818762029049e-16,-7.785608027760421e-16,1.9008997902136211e-16,5.354163739639475e-16,-6.623656991943484e-16,3.3393874852570356e-16,-2.7969688966902395e-16,-1.4875204491865989e-18,-9.307356089237346e-16,7.489918647534605e-16,-6.026875952033831e-17,4.318710281911961e-17,4.364726781862696e-17,2.391835147031285e-16,5.598039869148226e-16,-1.1734804491391531e-16,-5.354290910281931e-17,2.1762328728768352e-17,2.9957582979623604e-16,5.425375717445284e-16,-1.7624118243810318e-16,-4.1762745808983826e-16,-2.221499350854822e-16,4.3427744665453935e-17,1.3750250375424975e-16,-7.474777404673786e-17,1.0591896023127495e-16,-1.4408006939556546e-16,1.4203454972793172e-16,-7.981144480681852e-18,7.816053998590148e-17,1.8375554355363686e-16,-1.0200893269554826e-16,1.3755168482658631e-16,-3.424094138832485e-16,1.5426243389879053e-16,4.4137601230112e-17,1.8016003535658433e-16,1.6464088680113754e-16,-7.763818337402764e-17,2.3290124555326895e-16,-2.211410722273281e-16,-2.464513839755068e-17,3.3045149708249865e-17,7.51235641340367e-17,1.4260353139104093e-16,-3.4737252277855847e-16,8.098874952902013e-17,-4.142164479826993e-16,2.422432495151072e-16,-1.1378225365378965e-16,3.824589500974036e-17,2.5798184558254495e-16,3.613669518953518e-17,9.734345343943111e-17,-2.3930241059729306e-18,1.8925216300476814e-19,9.581545652625913e-17,4.267447018533799e-17,8.38448468283046e-17,1.4846423415996162e-16,6.306920080692497e-17,-1.674024981643233e-16,-1.2633427905678876e-16,9.44716416501697e-17,3.630122488711406e-16,9.513023992817972e-17,1.8363524405236844e-16,8.489172905742497e-18,-3.412060575029785e-17,-1.8428478265157769e-16,-5.545245287960092e-17,-1.8839023196805171e-16,1.393728434932703e-17,-8.075889287467915e-17,3.712422190506008e-17,-2.5436550495908287e-16,-3.5336093664677427e-16,2.5542096176667213e-16,1.834252472663217e-16,2.733551919116699e-16,2.859253942299165e-17,3.382840655306386e-18,-6.787657653810053e-17,8.52879951262949e-19,1.9159923688688413e-17,2.93911558690038e-16,-1.251372755429379e-16,6.506799437688644e-17,-3.3503655072636744e-16,2.070292214319479e-17,-4.46245100209146e-17,2.242903118105819e-16,2.4487555283054265e-18,3.863370377245849e-17,-6.05738559917813e-17,4.5960984041921836e-17,-4.790568806550051e-17,-3.2567249018151446e-18,-1.7671854532111572e-16,3.343846803087322e-16,-1.733255758454494e-16,-9.659199540946255e-17,1.037933285902141e-16,-1.9912864879667213e-16,-8.446124137472712e-17,-1.0770804385094687e-16,-8.630869633972223e-17
CC(C)(P(C(C)(C)C)[c-]1cccc1)C.CC(C)(P(C(C)(C)C)[c-]2cccc2)C.[Fe+2]||CCN(CC)CC||CO,CC(C)(P(C(C)(C)C)[c-]1cccc1)C.CC(C)(P(C(C)(C)C)[c-]2cccc2)C.[Fe+2].CCN(CC)CC.CO>>,C_04d9712e6202,CC(C)(P(C(C)(C)C)[c-]1cccc1)C.CC(C)(P(C(C)(C)C)[c-]2cccc2)C.[Fe+2]||CCN(CC)CC||CO,CC(C)(P(C(C)(C)C)[c-]1cccc1)C.CC(C)(P(C(C)(C)C)[c-]2cccc2)C.[Fe+2],CCN(CC)CC,CO,-1.56781664669475,-0.5445544539407907,-0.15412399736180837,-1.8306686961429994,0.549633474352809,1.150614161368553,-2.220068392385904,-0.34174488041853485,0.922843572164521,-0.12806008460238058,-0.8062691168934126,1.7193547786868122,-0.4028263553521676,1.4744995209589176,-0.8638264162109411,-0.37552400425580507,-0.05056888511560909,0.6986574594526093,-2.4255729424680935e-05,-5.506499833477335e-16,-1.6531846161580091e-16,-1.4702875932520177e-17,-1.8752593970987062e-16,-3.1007712129576377e-16,5.423278623765074e-16,3.082254865712454e-16,-1.0421872518565418e-16,3.515063051635864e-17,-2.156737375873713e-17,3.5200155385894274e-16,6.037733006029616e-17,5.026351638698434e-18,8.481169946345765e-17,1.788809273744707e-16,1.9439055024684697e-16,3.046813864574513e-17,1.2161572028689907e-16,-3.360752484986352e-16,-2.2169191568146968e-16,6.403015986123853e-18,1.0644585195776243e-16,-3.764074195203034e-16,-4.5245995439612574e-17,7.18373090250247e-17,-3.7381748281896986e-17,2.5592260994146563e-16,8.511804048356658e-17,-3.5073611768711343e-16,1.5587438789843486e-16,-1.1363809634983067e-16,6.422896439204534e-17,-4.694549571988204e-16,-5.3865690370311893e-17,-7.796661362620606e-17,-1.6651778161911368e-16,1.9322256800502455e-16,2.706365890203016e-16,-2.0080727637915697e-16,-1.1533952838537323e-16,-5.757288624965485e-17,-1.9344869729173212e-16,-1.6411187265544475e-16,9.435412900627865e-17,-5.0137333011712985e-17,3.0629482639358783e-16,5.377063326641311e-18,9.423964424121652e-17,3.2727448067322307e-17,-9.136752756813906e-17,1.0152711383834873e-16,2.3128049020775416e-16,7.073565221585443e-17,-2.240171337769043e-16,2.1286258556138305e-16,-1.716410753098103e-18,1.1474001330433494e-16,-5.042961447141684e-17,5.8930706385761935e-18,1.5588234988231608e-16,-2.0026024871106873e-17,1.0551866092297105e-16,1.6249667737012747e-16,7.570547653815929e-17,-2.2146447861924814e-16,1.1382879068178957e-16,-5.130483606976178e-17,9.110226074129763e-17,-1.2534888356549405e-16,-7.422497618244223e-17,-3.6655767226293947e-17,-6.7874797572418985e-18,-1.2497221266490956e-17,7.931246300436281e-17,-1.6057023488543523e-16,2.2136431843313868e-16,2.6758577309275407e-17,1.3094328993560129e-17,-1.0075414156787274e-16,1.4649508775669165e-16,-1.8338667289047366e-16,1.4267296207701995e-16,2.4076201912904976e-16,-1.3204034972486682e-16,5.220082405511077e-17,2.0551517147703285e-16,-1.626860407134729e-16,1.4585444186662184e-16,-2.6676562600338718e-17,1.2437560549309638e-16,-2.641926769167769e-17,-2.715045607327097e-16,-2.805080704393653e-16,-6.146244073853416e-17,1.0833280628589014e-16,2.0640499246657365e-16,2.3971322990640936e-16,3.9274472468555387e-16,2.1447596947247977e-17,1.6882303225661928e-17,-4.743768132149631e-17,2.551844533971311e-17,6.86571767442622e-17,-1.5717026907517295e-16,-2.355812869256093e-16,-1.3367343194563767e-16,-5.2491233007733173e-17,-1.0328880831554906e-16,1.0452165777360421e-16
CC(C1=C(C2=CC=CC=C2P(C3CCCCC3)C4CCCCC4)C(C(C)C)=CC(C(C)C)=C1)C||CCN(CC)CC||CO,CC(C1=C(C2=CC=CC=C2P(C3CCCCC3)C4CCCCC4)C(C(C)C)=CC(C(C)C)=C1)C.CCN(CC)CC.CO>>,C_835e418cfedf,CC(C1=C(C2=CC=CC=C2P(C3CCCCC3)C4CCCCC4)C(C(C)C)=CC(C(C)C)=C1)C||CCN(CC)CC||CO,CC(C1=C(C2=CC=CC=C2P(C3CCCCC3)C4CCCCC4)C(C(C)C)=CC(C(C)C)=C1)C,CCN(CC)CC,CO,4.095214292254151,0.06059900161019012,-0.1541239973618095,-0.5208425618983288,0.5496334743528092,-0.11150016598743258,-2.220068392385907,-1.735164904220399,-1.0409822672107287,-1.0072610296413116,-0.8062691168934132,0.3127331155945642,-0.4028263553521608,1.474499520958915,-0.8638264162109416,0.08800205000734987,-0.05056888511560814,-0.0017897580635640108,-2.4255729423935164e-05,-6.586709095893116e-16,-5.72908570510784e-15,3.3666265361126862e-15,-1.6211867634261194e-15,6.243991867104293e-16,8.887789669262238e-16,-1.8046370764467585e-15,1.9424637307933345e-16,-5.157643058231972e-16,-5.007535931028555e-16,9.626133948560716e-16,5.320773890615415e-16,-1.3729866369026478e-15,-8.631689267625684e-16,1.1693247208904e-15,5.689373934438868e-16,-1.5211913855458785e-15,1.315749861758495e-15,-4.804219942163607e-16,-1.0111925618442977e-15,-4.483100477858971e-16,-1.699350421483487e-16,5.5414172565196356e-17,-8.285754950596507e-17,-1.7956551414936076e-16,-1.5283652796268972e-16,-2.537582855805224e-16,-2.1095702482031878e-17,-1.3325221360398549e-16,1.3301556939222187e-15,1.2064173827880597e-16,2.4958650087682863e-16,-1.0668936520665653e-16,2.3490507867142734e-16,-2.2184220033487946e-17,-1.0803674030342977e-16,-1.9630941767415964e-16,-2.404887542601216e-16,-1.502037805065317e-16,4.609745087574984e-17,-1.612705295655833e-16,1.422881506224594e-16,-4.159049862896929e-17,1.6730245593828766e-16,-1.1795427017039818e-17,1.3823429758614257e-16,9.152684274517694e-17,1.2489354275535834e-16,1.161517581095041e-16,-3.163789966586704e-16,2.283167823069828e-16,-5.633628676101654e-17,1.948072886167006e-16,-1.602382080460943e-16,-2.0294298724046035e-16,1.6908978078284507e-16,1.011323285311851e-16,-6.244577344514979e-17,-1.126179115236201e-16,7.333902839282789e-17,1.4215707188897485e-16,-6.004696497455219e-17,-1.4287114249006453e-16,-3.324390627351124e-17,1.7512845590371805e-16,-1.1245752033049385e-16,-1.2231474928860143e-16,5.981339582755579e-18,1.272943089934042e-16,5.558420622953746e-17,-7.206732431572367e-17,2.7927958782919027e-16,-8.086306475649742e-17,1.2096251758159178e-17,1.4862324320758823e-16,-4.1957193721144166e-17,-5.1145605602216507e-17,1.3848727719863926e-16,4.128100058055098e-17,-7.095352365532826e-18,1.8490953168840744e-16,-1.8914799473436499e-16,-3.99652379752367e-18,-1.7980178966863008e-16,1.7029125091990115e-16,-1.9593142374734156e-16,-1.439973341818294e-16,4.565802820229875e-17,2.003054144553096e-16,-1.0822961925291916e-16,1.3153983411360645e-16,5.5213609288987647e-17,1.6973202583894495e-16,7.843085287614272e-17,1.91023780270372e-17,-1.00698504305243e-16,-5.892757236603761e-18,-6.636734740795803e-17,1.2762025820349058e-17,1.1952235075971283e-16,2.2361918278367685e-17,1.0792227534988961e-16,-1.7647399197544187e-16,8.563314793263834e-17,3.1613111605767595e-17,-1.4304000381575432e-16,2.0610858659819276e-17,-1.279681782403088e-16,-4.0648973836087754e-17
[c-]1(P(C2=CC=CC=C2)C3=CC=CC=C3)cccc1.[c-]4(P(C5=CC=CC=C5)C6=CC=CC=C6)cccc4.[Fe+2]||CCN(CC)CC||CO,[c-]1(P(C2=CC=CC=C2)C3=CC=CC=C3)cccc1.[c-]4(P(C5=CC=CC=C5)C6=CC=CC=C6)cccc4.[Fe+2].CCN(CC)CC.CO>>,C_0245862f5700,[c-]1(P(C2=CC=CC=C2)C3=CC=CC=C3)cccc1.[c-]4(P(C5=CC=CC=C5)C6=CC=CC=C6)cccc4.[Fe+2]||CCN(CC)CC||CO,[c-]1(P(C2=CC=CC=C2)C3=CC=CC=C3)cccc1.[c-]4(P(C5=CC=CC=C5)C6=CC=CC=C6)cccc4.[Fe+2],CCN(CC)CC,CO,-1.3841208155545028,1.1338119037417707,-0.1541239973618097,-1.1785704697655903,0.5496334743528073,2.026491491577695,-2.220068392385907,-0.4876063293133148,0.3252425987294684,-0.3701586543025706,-0.8062691168934113,-1.4860818817802028,-0.4028263553521548,1.4744995209589165,-0.8638264162109394,-0.267529735544832,-0.0505688851156081,-0.7958149782613769,-2.425572942475565e-05,-8.500389875098571e-16,-8.831983119506528e-16,8.172146966737576e-16,8.127036143209499e-16,-2.625653422576457e-16,8.074214375555617e-16,-2.4886846229642135e-16,7.737542460115709e-16,-2.606690425928434e-16,-3.7275898113488496e-17,4.9911221108397986e-18,1.8731658922177442e-16,2.698516466218073e-16,6.871974240102656e-16,2.0348937375254836e-16,2.1431838165623684e-16,-6.189342083602613e-16,-1.7644594834470947e-16,-1.3617336557803316e-16,7.086311640547017e-16,5.864767010874095e-16,-5.055434827878481e-16,1.0459316909837223e-15,-2.4585793539593106e-16,-4.467304845979827e-16,-6.079433861403385e-16,1.0133950308800644e-16,-2.1705382782702773e-16,2.5872867422153135e-17,-6.321805219709354e-16,-4.0354602215954183e-19,3.77803388119055e-17,8.070283266796851e-17,3.5139534728317034e-16,3.1424815433160204e-17,-5.317698517365825e-16,-2.239834495821826e-16,3.198633788060664e-16,2.7319905509928473e-17,-1.3283648857315348e-16,-1.635900078045658e-16,-4.8816282704106507e-17,2.8209357087684425e-16,-6.99909841180654e-17,2.314365937685845e-17,1.6883525332446157e-16,-2.2578872621079455e-16,1.0290359626299293e-16,-7.607839716624212e-17,-9.610441876007378e-17,-3.9984927722560436e-16,1.5265280108282782e-16,2.1524564842316178e-16,-1.8033868538488065e-16,-1.6733819769189902e-16,2.2613819044564433e-16,-6.861822016413052e-17,-1.8419386745703722e-16,1.941021837872312e-17,2.781809880763134e-16,-2.722469939539387e-16,-2.028708456705884e-16,2.0701867674550638e-17,-1.4333274495355488e-16,4.0171281308308694e-16,-8.880008892690535e-17,-1.550604688930819e-16,-5.819785237113046e-17,-1.881182001255875e-16,-1.5123436707410615e-16,-5.074768834901171e-16,-5.619683064134059e-17,2.068289365996545e-16,-2.419526040082097e-16,1.7249476332282529e-16,-7.663094342552211e-17,2.0118017199471905e-16,-9.910888068046358e-17,-1.8461693729422136e-16,1.2166524354058007e-16,-2.092531654964557e-17,1.440882667585444e-16,-3.475247993152704e-16,6.185013649723222e-17,-1.3833109420425014e-16,3.150081205813861e-17,-5.60206679915447e-17,-1.9115482003254846e-16,4.2136603211935264e-17,-6.556728483519748e-17,1.0428551149452946e-17,-2.501510916047902e-16,2.8679472680181073e-16,9.70913390672817e-17,1.0103894679313344e-16,-1.211791883218897e-16,8.659895677941569e-17,1.3522318000675408e-16,1.464456587240939e-16,1.730760904714758e-16,-9.405439070154345e-17,-7.005807843807316e-17,7.118938084153771e-17,6.920516560998805e-18,-2.2667273115569973e-17,-1.5980829352543674e-17,1.1239670020528714e-16,-2.0459629660806717e-18,-2.560344207113433e-17
CC1(C)C2=C(OC3=C1C=CC=C3P(C4=CC=CC=C4)C5=CC=CC=C5)C(P(C6=CC=CC=C6)C7=CC=CC=C7)=CC=C2||CCN(CC)CC||CO,CC1(C)C2=C(OC3=C1C=CC=C3P(C4=CC=CC=C4)C5=CC=CC=C5)C(P(C6=CC=CC=C6)C7=CC=CC=C7)=CC=C2.CCN(CC)CC.CO>>,C_8b8cd541cfa1,CC1(C)C2=C(OC3=C1C=CC=C3P(C4=CC=CC=C4)C5=CC=CC=C5)C(P(C6=CC=CC=C6)C7=CC=CC=C7)=CC=C2||CCN(CC)CC||CO,CC1(C)C2=C(OC3=C1C=CC=C3P(C4=CC=CC=C4)C5=CC=CC=C5)C(P(C6=CC=CC=C6)C7=CC=CC=C7)=CC=C2,CCN(CC)CC,CO,-0.7608527313618164,3.0573458202759274,-0.15412399736180715,2.340206537654112,0.5496334743528055,-0.5112817700760026,-2.2200683923859055,0.3559284257571043,0.4501099621363116,-1.1207264892083713,-0.8062691168934125,0.8357285648736746,-0.40282635535216393,1.4744995209589182,-0.8638264162109411,-0.34191861228964454,-0.05056888511560872,-0.161278028798253,-2.425572942502314e-05,-3.1102163255083136e-16,1.0033216048222762e-15,-5.048116496715118e-16,1.2506577306283219e-15,-1.3539482992570612e-15,-8.887423249431122e-16,8.482802243562347e-16,1.3408121682871569e-16,-1.136023932308646e-16,7.951782575235633e-16,-4.0190802470776364e-16,6.776978060454342e-16,6.049955969163773e-16,8.355621562043704e-16,-4.473760592001017e-16,-1.8035860736257137e-16,-3.5872888003159745e-16,-9.805696209806733e-18,5.63626140665269e-16,-2.504777089304824e-16,-7.919087410944099e-16,1.3978879353886648e-16,3.150673173558363e-16,-2.9988078138076465e-16,-1.3540938770075776e-16,1.0520517796574795e-16,-2.799061379420766e-16,3.6001475748145017e-16,3.49686581967001e-16,-4.116859968305413e-16,-1.4054488108319812e-16,3.8997134178746687e-16,2.640953141851177e-16,-1.9643407576580889e-16,-1.814172267785032e-16,2.7015851266235236e-16,1.2652239987164215e-17,2.9131154358924194e-16,7.558195046577137e-17,-2.6057466290262187e-17,-2.3094110860760785e-16,-3.3810039895320947e-16,-4.52705037920545e-16,-4.357975922812343e-16,7.920208302915401e-18,3.02087131962413e-17,2.8398750374602257e-16,-2.682939033774317e-17,3.4159427810718344e-16,-3.8556963890057475e-16,7.882193093901066e-17,6.403648477684881e-17,3.433011881979518e-16,1.6054373730293955e-16,5.4439173556161903e-17,-1.4822654400424188e-16,-1.4345627026084223e-16,-2.833098851203452e-17,5.006891345188577e-17,1.642971672147251e-16,-1.4622532942316575e-17,1.400117835054538e-16,-6.668698852420944e-18,2.8616033659313264e-16,3.238103705898921e-17,9.584729698426145e-17,-1.253877513726715e-16,2.529965682812568e-16,-1.1198115369111946e-16,2.320309713785733e-16,-2.0639872638091947e-16,-1.614109271419418e-16,-5.436576603820419e-16,3.136897449252306e-17,-4.682915470945525e-17,-1.844862368047553e-16,-1.4654986480293499e-16,-3.7053040067588087e-17,5.5348155304619336e-17,7.068557118962243e-17,2.8249708629329174e-16,2.641946624731819e-16,-1.2687172032918432e-16,5.455032125365865e-17,1.651474451940231e-16,-6.281310140024575e-16,-5.881450873295521e-17,-4.044244959946709e-16,5.218641146242896e-17,-1.4141978904178806e-16,-1.1653035922123378e-16,-2.32884815817589e-17,1.2541135854273286e-16,-2.1295613773275047e-16,1.1270580908891567e-16,-1.9796438347900048e-16,3.587763372164819e-16,5.291677381468163e-17,-1.3165843772320338e-16,2.211534623238812e-18,1.717651959158477e-17,1.127316304281229e-16,-3.645603516144457e-16,-2.0609920511145364e-18,8.729199803920039e-17,1.2823059611495971e-16,5.0531666176509256e-17,-1.030425213544567e-16,1.0399115297382995e-16
