reaction_id,experiment_id,substrate_id,substrate_smiles,plate_id,condition_id,ligand,solvent,yield,is_anchor,source,quality_flag,replicate
nib_borylation,nib_00000,s1,CN(C)S(=O)(=O)Oc1ccc2[nH]ccc2c1,logical_s1,A-paPhos|EtOH,A-paPhos,EtOH,87.13,0,organometallics2022_borylation,ok,1
nib_borylation,nib_00001,s1,CN(C)S(=O)(=O)Oc1ccc2[nH]ccc2c1,logical_s1,CX-FBu|EtOH,CX-FBu,EtOH,6.37,0,organometallics2022_borylation,ok,1
nib_borylation,nib_00002,s1,CN(C)S(=O)(=O)Oc1ccc2[nH]ccc2c1,logical_s1,CX-PCy|EtOH,CX-PCy,EtOH,71.75,0,organometallics2022_borylation,ok,1
nib_borylation,nib_00003,s1,CN(C)S(=O)(=O)Oc1ccc2[nH]ccc2c1,logical_s1,Cy-BippyPhos|EtOH,Cy-BippyPhos,EtOH,64.52,0,organometallics2022_borylation,ok,1
nib_borylation,nib_00004,s1,CN(C)S(=O)(=O)Oc1ccc2[nH]ccc2c1,logical_s1,Cy-JohnPhos|EtOH,Cy-JohnPhos,EtOH,80.44,0,organometallics2022_borylation,ok,1
nib_borylation,nib_00005,s1,CN(C)S(=O)(=O)Oc1ccc2[nH]ccc2c1,logical_s1,Cy-PhenCar-Phos|EtOH,Cy-PhenCar-Phos,EtOH,83.28,0,organometallics2022_borylation,ok,1
nib_borylation,nib_00006,s1,CN(C)S(=O)(=O)Oc1ccc2[nH]ccc2c1,logical_s1,Cy-vBRIDP|EtOH,Cy-vBRIDP,EtOH,69.3,0,organometallics2022_borylation,ok,1
nib_borylation,nib_00007,s1,CN(C)S(=O)(=O)Oc1ccc2[nH]ccc2c1,logical_s1,Kwong|EtOH,Kwong,EtOH,72.88,0,organometallics2022_borylation,ok,1
nib_borylation,nib_00008,s1,CN(C)S(=O)(=O)Oc1ccc2[nH]ccc2c1,logical_s1,MeO-KITPHOS|EtOH,MeO-KITPHOS,EtOH,75.61,0,organometallics2022_borylation,ok,1
nib_borylation,nib_00009,s1,CN(C)S(=O)(=O)Oc1ccc2[nH]ccc2c1,logical_s1,MePhos|EtOH,MePhos,EtOH,56.11,0,organometallics2022_borylation,ok,1
nib_borylation,nib_00010,s1,CN(C)S(=O)(=O)Oc1ccc2[nH]ccc2c1,logical_s1,PCy3 HBF4|EtOH,PCy3 HBF4,EtOH,2.31,0,organometallics2022_borylation,ok,1
nib_borylation,nib_00011,s1,CN(C)S(=O)(=O)Oc1ccc2[nH]ccc2c1,logical_s1,Ph-DavePhos|EtOH,Ph-DavePhos,EtOH,53.8,0,organometallics2022_borylation,ok,1
nib_borylation,nib_00012,s1,CN(C)S(=O)(=O)Oc1ccc2[nH]ccc2c1,logical_s1,Ph-SPhos|EtOH,Ph-SPhos,EtOH,86.96,0,organometallics2022_borylation,ok,1
nib_borylation,nib_00013,s1,CN(C)S(=O)(=O)Oc1ccc2[nH]ccc2c1,logical_s1,Ph-XPhos|EtOH,Ph-XPhos,EtOH,3.73,0,organometallics2022_borylation,ok,1
nib_borylation,nib_00014,s1,CN(C)S(=O)(=O)Oc1ccc2[nH]ccc2c1,logical_s1,PMe3 HBF4|EtOH,PMe3 HBF4,EtOH,0.0,0,organometallics2022_borylation,ok,1
nib_borylation,nib_00015,s1,CN(C)S(=O)(=O)Oc1ccc2[nH]ccc2c1,logical_s1,P(o-Anis)3|EtOH,P(o-Anis)3,EtOH,11.34,0,organometallics2022_borylation,ok,1
nib_borylation,nib_00016,s1,CN(C)S(=O)(=O)Oc1ccc2[nH]ccc2c1,logical_s1,P(p-Anis)3|EtOH,P(p-Anis)3,EtOH,87.97,0,organometallics2022_borylation,ok,1
nib_borylation,nib_00017,s1,CN(C)S(=O)(=O)Oc1ccc2[nH]ccc2c1,logical_s1,P(p-F-Ph)3|EtOH,P(p-F-Ph)3,EtOH,85.3,0,organometallics2022_borylation,ok,1
nib_borylation,nib_00018,s1,CN(C)S(=O)(=O)Oc1ccc2[nH]ccc2c1,logical_s1,PPh2Cy|EtOH,PPh2Cy,EtOH,88.21,0,organometallics2022_borylation,ok,1
nib_borylation,nib_00019,s1,CN(C)S(=O)(=O)Oc1ccc2[nH]ccc2c1,logical_s1,PPh3|EtOH,PPh3,EtOH,85.47,0,organometallics2022_borylation,ok,1
nib_borylation,nib_00020,s1,CN(C)S(=O)(=O)Oc1ccc2[nH]ccc2c1,logical_s1,PPhtBu2|EtOH,PPhtBu2,EtOH,0.0,0,organometallics2022_borylation,ok,1
nib_borylation,nib_00021,s1,CN(C)S(=O)(=O)Oc1ccc2[nH]ccc2c1,logical_s1,PXy3|EtOH,PXy3,EtOH,88.35,0,organometallics2022_borylation,ok,1
nib_borylation,nib_00022,s1,CN(C)S(=O)(=O)Oc1ccc2[nH]ccc2c1,logical_s1,VPhos|EtOH,VPhos,EtOH,16.8,0,organometallics2022_borylation,ok,1
nib_borylation,nib_00023,s1,CN(C)S(=O)(=O)Oc1ccc2[nH]ccc2c1,logical_s1,A-paPhos|MeOH,A-paPhos,MeOH,88.86,0,organometallics2022_borylation,ok,1
nib_borylation,nib_00024,s1,CN(C)S(=O)(=O)Oc1ccc2[nH]ccc2c1,logical_s1,CX-FBu|MeOH,CX-FBu,MeOH,54.07,0,organometallics2022_borylation,ok,1
nib_borylation,nib_00025,s1,CN(C)S(=O)(=O)Oc1ccc2[nH]ccc2c1,logical_s1,CX-PCy|MeOH,CX-PCy,MeOH,74.99,0,organometallics2022_borylation,ok,1
nib_borylation,nib_00026,s1,CN(C)S(=O)(=O)Oc1ccc2[nH]ccc2c1,logical_s1,Cy-BippyPhos|MeOH,Cy-BippyPhos,MeOH,82.92,0,organometallics2022_borylation,ok,1
nib_borylation,nib_00027,s1,CN(C)S(=O)(=O)Oc1ccc2[nH]ccc2c1,logical_s1,Cy-JohnPhos|MeOH,Cy-JohnPhos,MeOH,80.25,0,organometallics2022_borylation,ok,1
nib_borylation,nib_00028,s1,CN(C)S(=O)(=O)Oc1ccc2[nH]ccc2c1,logical_s1,Cy-PhenCar-Phos|MeOH,Cy-PhenCar-Phos,MeOH,76.65,0,organometallics2022_borylation,ok,1
nib_borylation,nib_00029,s1,CN(C)S(=O)(=O)Oc1ccc2[nH]ccc2c1,logical_s1,Cy-vBRIDP|MeOH,Cy-vBRIDP,MeOH,53.73,0,organometallics2022_borylation,ok,1
nib_borylation,nib_00030,s1,CN(C)S(=O)(=O)Oc1ccc2[nH]ccc2c1,logical_s1,Kwong|MeOH,Kwong,MeOH,81.83,0,organometallics2022_borylation,ok,1
nib_borylation,nib_00031,s1,CN(C)S(=O)(=O)Oc1ccc2[nH]ccc2c1,logical_s1,MeO-KITPHOS|MeOH,MeO-KITPHOS,MeOH,86.58,0,organometallics2022_borylation,ok,1
nib_borylation,nib_00032,s1,CN(C)S(=O)(=O)Oc1ccc2[nH]ccc2c1,logical_s1,MePhos|MeOH,MePhos,MeOH,42.08,0,organometallics2022_borylation,ok,1
nib_borylation,nib_00033,s1,CN(C)S(=O)(=O)Oc1ccc2[nH]ccc2c1,logical_s1,PCy3 HBF4|MeOH,PCy3 HBF4,MeOH,12.16,0,organometallics2022_borylation,ok,1
nib_borylation,nib_00034,s1,CN(C)S(=O)(=O)Oc1ccc2[nH]ccc2c1,logical_s1,Ph-DavePhos|MeOH,Ph-DavePhos,MeOH,81.79,0,organometallics2022_borylation,ok,1
nib_borylation,nib_00035,s1,CN(C)S(=O)(=O)Oc1ccc2[nH]ccc2c1,logical_s1,Ph-SPhos|MeOH,Ph-SPhos,MeOH,18.23,0,organometallics2022_borylation,ok,1
nib_borylation,nib_00036,s1,CN(C)S(=O)(=O)Oc1ccc2[nH]ccc2c1,logical_s1,Ph-XPhos|MeOH,Ph-XPhos,MeOH,6.73,0,organometallics2022_borylation,ok,1
nib_borylation,nib_00037,s1,CN(C)S(=O)(=O)Oc1ccc2[nH]ccc2c1,logical_s1,PMe3 HBF4|MeOH,PMe3 HBF4,MeOH,0.82,0,organometallics2022_borylation,ok,1
nib_borylation,nib_00038,s1,CN(C)S(=O)(=O)Oc1ccc2[nH]ccc2c1,logical_s1,P(o-Anis)3|MeOH,P(o-Anis)3,MeOH,30.4,0,organometallics2022_borylation,ok,1
nib_borylation,nib_00039,s1,CN(C)S(=O)(=O)Oc1ccc2[nH]ccc2c1,logical_s1,P(p-Anis)3|MeOH,P(p-Anis)3,MeOH,88.21,0,organometallics2022_borylation,ok,1
nib_borylation,nib_00040,s1,CN(C)S(=O)(=O)Oc1ccc2[nH]ccc2c1,logical_s1,P(p-F-Ph)3|MeOH,P(p-F-Ph)3,MeOH,87.76,0,organometallics2022_borylation,ok,1
nib_borylation,nib_00041,s1,CN(C)S(=O)(=O)Oc1ccc2[nH]ccc2c1,logical_s1,PPh2Cy|MeOH,PPh2Cy,MeOH,89.66,0,organometallics2022_borylation,ok,1
nib_borylation,nib_00042,s1,CN(C)S(=O)(=O)Oc1ccc2[nH]ccc2c1,logical_s1,PPh3|MeOH,PPh3,MeOH,17.72,0,organometallics2022_borylation,ok,1
nib_borylation,nib_00043,s1,CN(C)S(=O)(=O)Oc1ccc2[nH]ccc2c1,logical_s1,PPhtBu2|MeOH,PPhtBu2,MeOH,0.0,0,organometallics2022_borylation,ok,1
nib_borylation,nib_00044,s1,CN(C)S(=O)(=O)Oc1ccc2[nH]ccc2c1,logical_s1,PXy3|MeOH,PXy3,MeOH,19.74,0,organometallics2022_borylation,ok,1
nib_borylation,nib_00045,s1,CN(C)S(=O)(=O)Oc1ccc2[nH]ccc2c1,logical_s1,VPhos|MeOH,VPhos,MeOH,5.66,0,organometallics2022_borylation,ok,1
nib_borylation,nib_00046,s2,Brc1ccccc1-c1ccccc1,logical_s2,A-paPhos|EtOH,A-paPhos,EtOH,79.28999999999999,0,organometallics2022_borylation,ok,1
nib_borylation,nib_00047,s2,Brc1ccccc1-c1ccccc1,logical_s2,CX-FBu|EtOH,CX-FBu,EtOH,15.445,0,organometallics2022_borylation,ok,1
nib_borylation,nib_00048,s2,Brc1ccccc1-c1ccccc1,logical_s2,CX-PCy|EtOH,CX-PCy,EtOH,54.59,0,organometallics2022_borylation,ok,1
nib_borylation,nib_00049,s2,Brc1ccccc1-c1ccccc1,logical_s2,Cy-BippyPhos|EtOH,Cy-BippyPhos,EtOH,51.53,0,organometallics2022_borylation,ok,1
nib_borylation,nib_00050,s2,Brc1ccccc1-c1ccccc1,logical_s2,Cy-JohnPhos|EtOH,Cy-JohnPhos,EtOH,45.43,0,organometallics2022_borylation,ok,1
nib_borylation,nib_00051,s2,Brc1ccccc1-c1ccccc1,logical_s2,Cy-PhenCar-Phos|EtOH,Cy-PhenCar-Phos,EtOH,42.96,0,organometallics2022_borylation,ok,1
nib_borylation,nib_00052,s2,Brc1ccccc1-c1ccccc1,logical_s2,Cy-vBRIDP|EtOH,Cy-vBRIDP,EtOH,17.955,0,organometallics2022_borylation,ok,1
nib_borylation,nib_00053,s2,Brc1ccccc1-c1ccccc1,logical_s2,Kwong|EtOH,Kwong,EtOH,28.16,0,organometallics2022_borylation,ok,1
nib_borylation,nib_00054,s2,Brc1ccccc1-c1ccccc1,logical_s2,MeO-KITPHOS|EtOH,MeO-KITPHOS,EtOH,21.91,0,organometallics2022_borylation,ok,1
nib_borylation,nib_00055,s2,Brc1ccccc1-c1ccccc1,logical_s2,MePhos|EtOH,MePhos,EtOH,21.46,0,organometallics2022_borylation,ok,1
nib_borylation,nib_00056,s2,Brc1ccccc1-c1ccccc1,logical_s2,PCy3 HBF4|EtOH,PCy3 HBF4,EtOH,6.875,0,organometallics2022_borylation,ok,1
nib_borylation,nib_00057,s2,Brc1ccccc1-c1ccccc1,logical_s2,Ph-DavePhos|EtOH,Ph-DavePhos,EtOH,55.045,0,organometallics2022_borylation,ok,1
nib_borylation,nib_00058,s2,Brc1ccccc1-c1ccccc1,logical_s2,Ph-SPhos|EtOH,Ph-SPhos,EtOH,60.475,0,organometallics2022_borylation,ok,1
nib_borylation,nib_00059,s2,Brc1ccccc1-c1ccccc1,logical_s2,Ph-XPhos|EtOH,Ph-XPhos,EtOH,26.49,0,organometallics2022_borylation,ok,1
nib_borylation,nib_00060,s2,Brc1ccccc1-c1ccccc1,logical_s2,PMe3 HBF4|EtOH,PMe3 HBF4,EtOH,15.61,0,organometallics2022_borylation,ok,1
nib_borylation,nib_00061,s2,Brc1ccccc1-c1ccccc1,logical_s2,P(o-Anis)3|EtOH,P(o-Anis)3,EtOH,31.745,0,organometallics2022_borylation,ok,1
nib_borylation,nib_00062,s2,Brc1ccccc1-c1ccccc1,logical_s2,P(p-Anis)3|EtOH,P(p-Anis)3,EtOH,71.46000000000001,0,organometallics2022_borylation,ok,1
nib_borylation,nib_00063,s2,Brc1ccccc1-c1ccccc1,logical_s2,P(p-F-Ph)3|EtOH,P(p-F-Ph)3,EtOH,79.36500000000001,0,organometallics2022_borylation,ok,1
nib_borylation,nib_00064,s2,Brc1ccccc1-c1ccccc1,logical_s2,PPh2Cy|EtOH,PPh2Cy,EtOH,47.935,0,organometallics2022_borylation,ok,1
nib_borylation,nib_00065,s2,Brc1ccccc1-c1ccccc1,logical_s2,PPh3|EtOH,PPh3,EtOH,79.22,0,organometallics2022_borylation,ok,1
nib_borylation,nib_00066,s2,Brc1ccccc1-c1ccccc1,logical_s2,PPhtBu2|EtOH,PPhtBu2,EtOH,10.215,0,organometallics2022_borylation,ok,1
nib_borylation,nib_00067,s2,Brc1ccccc1-c1ccccc1,logical_s2,PXy3|EtOH,PXy3,EtOH,73.02000000000001,0,organometallics2022_borylation,ok,1
nib_borylation,nib_00068,s2,Brc1ccccc1-c1ccccc1,logical_s2,VPhos|EtOH,VPhos,EtOH,16.745,0,organometallics2022_borylation,ok,1
nib_borylation,nib_00069,s2,Brc1ccccc1-c1ccccc1,logical_s2,A-paPhos|MeOH,A-paPhos,MeOH,48.175,0,organometallics2022_borylation,ok,1
nib_borylation,nib_00070,s2,Brc1ccccc1-c1ccccc1,logical_s2,CX-FBu|MeOH,CX-FBu,MeOH,22.925,0,organometallics2022_borylation,ok,1
nib_borylation,nib_00071,s2,Brc1ccccc1-c1ccccc1,logical_s2,CX-PCy|MeOH,CX-PCy,MeOH,70.33500000000001,0,organometallics2022_borylation,ok,1
nib_borylation,nib_00072,s2,Brc1ccccc1-c1ccccc1,logical_s2,Cy-BippyPhos|MeOH,Cy-BippyPhos,MeOH,73.775,0,organometallics2022_borylation,ok,1
nib_borylation,nib_00073,s2,Brc1ccccc1-c1ccccc1,logical_s2,Cy-JohnPhos|MeOH,Cy-JohnPhos,MeOH,55.42,0,organometallics2022_borylation,ok,1
nib_borylation,nib_00074,s2,Brc1ccccc1-c1ccccc1,logical_s2,Cy-PhenCar-Phos|MeOH,Cy-PhenCar-Phos,MeOH,56.34,0,organometallics2022_borylation,ok,1
nib_borylation,nib_00075,s2,Brc1ccccc1-c1ccccc1,logical_s2,Cy-vBRIDP|MeOH,Cy-vBRIDP,MeOH,23.12,0,organometallics2022_borylation,ok,1
nib_borylation,nib_00076,s2,Brc1ccccc1-c1ccccc1,logical_s2,Kwong|MeOH,Kwong,MeOH,52.120000000000005,0,organometallics2022_borylation,ok,1
nib_borylation,nib_00077,s2,Brc1ccccc1-c1ccccc1,logical_s2,MeO-KITPHOS|MeOH,MeO-KITPHOS,MeOH,46.78,0,organometallics2022_borylation,ok,1
nib_borylation,nib_00078,s2,Brc1ccccc1-c1ccccc1,logical_s2,MePhos|MeOH,MePhos,MeOH,15.305,0,organometallics2022_borylation,ok,1
nib_borylation,nib_00079,s2,Brc1ccccc1-c1ccccc1,logical_s2,PCy3 HBF4|MeOH,PCy3 HBF4,MeOH,26.43,0,organometallics2022_borylation,ok,1
nib_borylation,nib_00080,s2,Brc1ccccc1-c1ccccc1,logical_s2,Ph-DavePhos|MeOH,Ph-DavePhos,MeOH,69.875,0,organometallics2022_borylation,ok,1
nib_borylation,nib_00081,s2,Brc1ccccc1-c1ccccc1,logical_s2,Ph-SPhos|MeOH,Ph-SPhos,MeOH,58.855,0,organometallics2022_borylation,ok,1
nib_borylation,nib_00082,s2,Brc1ccccc1-c1ccccc1,logical_s2,Ph-XPhos|MeOH,Ph-XPhos,MeOH,13.31,0,organometallics2022_borylation,ok,1
nib_borylation,nib_00083,s2,Brc1ccccc1-c1ccccc1,logical_s2,PMe3 HBF4|MeOH,PMe3 HBF4,MeOH,19.16,0,organometallics2022_borylation,ok,1
nib_borylation,nib_00084,s2,Brc1ccccc1-c1ccccc1,logical_s2,P(o-Anis)3|MeOH,P(o-Anis)3,MeOH,38.27,0,organometallics2022_borylation,ok,1
nib_borylation,nib_00085,s2,Brc1ccccc1-c1ccccc1,logical_s2,P(p-Anis)3|MeOH,P(p-Anis)3,MeOH,53.74,0,organometallics2022_borylation,ok,1
nib_borylation,nib_00086,s2,Brc1ccccc1-c1ccccc1,logical_s2,P(p-F-Ph)3|MeOH,P(p-F-Ph)3,MeOH,78.965,0,organometallics2022_borylation,ok,1
nib_borylation,nib_00087,s2,Brc1ccccc1-c1ccccc1,logical_s2,PPh2Cy|MeOH,PPh2Cy,MeOH,42.605,0,organometallics2022_borylation,ok,1
nib_borylation,nib_00088,s2,Brc1ccccc1-c1ccccc1,logical_s2,PPh3|MeOH,PPh3,MeOH,68.275,0,organometallics2022_borylation,ok,1
nib_borylation,nib_00089,s2,Brc1ccccc1-c1ccccc1,logical_s2,PPhtBu2|MeOH,PPhtBu2,MeOH,14.195,0,organometallics2022_borylation,ok,1
nib_borylation,nib_00090,s2,Brc1ccccc1-c1ccccc1,logical_s2,PXy3|MeOH,PXy3,MeOH,59.515,0,organometallics2022_borylation,ok,1
nib_borylation,nib_00091,s2,Brc1ccccc1-c1ccccc1,logical_s2,VPhos|MeOH,VPhos,MeOH,27.11,0,organometallics2022_borylation,ok,1
nib_borylation,nib_00092,s3,Cc1cc(F)ccc1Cl,logical_s3,A-paPhos|EtOH,A-paPhos,EtOH,37.855,0,organometallics2022_borylation,ok,1
nib_borylation,nib_00093,s3,Cc1cc(F)ccc1Cl,logical_s3,CX-FBu|EtOH,CX-FBu,EtOH,21.645,0,organometallics2022_borylation,ok,1
nib_borylation,nib_00094,s3,Cc1cc(F)ccc1Cl,logical_s3,CX-PCy|EtOH,CX-PCy,EtOH,44.27,0,organometallics2022_borylation,ok,1
nib_borylation,nib_00095,s3,Cc1cc(F)ccc1Cl,logical_s3,Cy-BippyPhos|EtOH,Cy-BippyPhos,EtOH,27.755000000000003,0,organometallics2022_borylation,ok,1
nib_borylation,nib_00096,s3,Cc1cc(F)ccc1Cl,logical_s3,Cy-JohnPhos|EtOH,Cy-JohnPhos,EtOH,41.010000000000005,0,organometallics2022_borylation,ok,1
nib_borylation,nib_00097,s3,Cc1cc(F)ccc1Cl,logical_s3,Cy-PhenCar-Phos|EtOH,Cy-PhenCar-Phos,EtOH,47.48,0,organometallics2022_borylation,ok,1
nib_borylation,nib_00098,s3,Cc1cc(F)ccc1Cl,logical_s3,Cy-vBRIDP|EtOH,Cy-vBRIDP,EtOH,18.49,0,organometallics2022_borylation,ok,1
nib_borylation,nib_00099,s3,Cc1cc(F)ccc1Cl,logical_s3,Kwong|EtOH,Kwong,EtOH,26.96,0,organometallics2022_borylation,ok,1
nib_borylation,nib_00100,s3,Cc1cc(F)ccc1Cl,logical_s3,MeO-KITPHOS|EtOH,MeO-KITPHOS,EtOH,44.805,0,organometallics2022_borylation,ok,1
nib_borylation,nib_00101,s3,Cc1cc(F)ccc1Cl,logical_s3,MePhos|EtOH,MePhos,EtOH,21.425,0,organometallics2022_borylation,ok,1
nib_borylation,nib_00102,s3,Cc1cc(F)ccc1Cl,logical_s3,PCy3 HBF4|EtOH,PCy3 HBF4,EtOH,8.635,0,organometallics2022_borylation,ok,1
nib_borylation,nib_00103,s3,Cc1cc(F)ccc1Cl,logical_s3,Ph-DavePhos|EtOH,Ph-DavePhos,EtOH,47.105,0,organometallics2022_borylation,ok,1
nib_borylation,nib_00104,s3,Cc1cc(F)ccc1Cl,logical_s3,Ph-SPhos|EtOH,Ph-SPhos,EtOH,30.915,0,organometallics2022_borylation,ok,1
nib_borylation,nib_00105,s3,Cc1cc(F)ccc1Cl,logical_s3,Ph-XPhos|EtOH,Ph-XPhos,EtOH,31.32,0,organometallics2022_borylation,ok,1
nib_borylation,nib_00106,s3,Cc1cc(F)ccc1Cl,logical_s3,PMe3 HBF4|EtOH,PMe3 HBF4,EtOH,3.345,0,organometallics2022_borylation,ok,1
nib_borylation,nib_00107,s3,Cc1cc(F)ccc1Cl,logical_s3,P(o-Anis)3|EtOH,P(o-Anis)3,EtOH,19.0,0,organometallics2022_borylation,ok,1
nib_borylation,nib_00108,s3,Cc1cc(F)ccc1Cl,logical_s3,P(p-Anis)3|EtOH,P(p-Anis)3,EtOH,44.3,0,organometallics2022_borylation,ok,1
nib_borylation,nib_00109,s3,Cc1cc(F)ccc1Cl,logical_s3,P(p-F-Ph)3|EtOH,P(p-F-Ph)3,EtOH,37.195,0,organometallics2022_borylation,ok,1
nib_borylation,nib_00110,s3,Cc1cc(F)ccc1Cl,logical_s3,PPh2Cy|EtOH,PPh2Cy,EtOH,53.45,0,organometallics2022_borylation,ok,1
nib_borylation,nib_00111,s3,Cc1cc(F)ccc1Cl,logical_s3,PPh3|EtOH,PPh3,EtOH,34.66,0,organometallics2022_borylation,ok,1
nib_borylation,nib_00112,s3,Cc1cc(F)ccc1Cl,logical_s3,PPhtBu2|EtOH,PPhtBu2,EtOH,3.075,0,organometallics2022_borylation,ok,1
nib_borylation,nib_00113,s3,Cc1cc(F)ccc1Cl,logical_s3,PXy3|EtOH,PXy3,EtOH,48.645,0,organometallics2022_borylation,ok,1
nib_borylation,nib_00114,s3,Cc1cc(F)ccc1Cl,logical_s3,VPhos|EtOH,VPhos,EtOH,28.635,0,organometallics2022_borylation,ok,1
nib_borylation,nib_00115,s3,Cc1cc(F)ccc1Cl,logical_s3,A-paPhos|MeOH,A-paPhos,MeOH,33.379999999999995,0,organometallics2022_borylation,ok,1
nib_borylation,nib_00116,s3,Cc1cc(F)ccc1Cl,logical_s3,CX-FBu|MeOH,CX-FBu,MeOH,26.045,0,organometallics2022_borylation,ok,1
nib_borylation,nib_00117,s3,Cc1cc(F)ccc1Cl,logical_s3,CX-PCy|MeOH,CX-PCy,MeOH,52.0,0,organometallics2022_borylation,ok,1
nib_borylation,nib_00118,s3,Cc1cc(F)ccc1Cl,logical_s3,Cy-BippyPhos|MeOH,Cy-BippyPhos,MeOH,55.345,0,organometallics2022_borylation,ok,1
nib_borylation,nib_00119,s3,Cc1cc(F)ccc1Cl,logical_s3,Cy-JohnPhos|MeOH,Cy-JohnPhos,MeOH,36.195,0,organometallics2022_borylation,ok,1
nib_borylation,nib_00120,s3,Cc1cc(F)ccc1Cl,logical_s3,Cy-PhenCar-Phos|MeOH,Cy-PhenCar-Phos,MeOH,49.33,0,organometallics2022_borylation,ok,1
nib_borylation,nib_00121,s3,Cc1cc(F)ccc1Cl,logical_s3,Cy-vBRIDP|MeOH,Cy-vBRIDP,MeOH,7.33,0,organometallics2022_borylation,ok,1
nib_borylation,nib_00122,s3,Cc1cc(F)ccc1Cl,logical_s3,Kwong|MeOH,Kwong,MeOH,28.095,0,organometallics2022_borylation,ok,1
nib_borylation,nib_00123,s3,Cc1cc(F)ccc1Cl,logical_s3,MeO-KITPHOS|MeOH,MeO-KITPHOS,MeOH,59.38,0,organometallics2022_borylation,ok,1
nib_borylation,nib_00124,s3,Cc1cc(F)ccc1Cl,logical_s3,MePhos|MeOH,MePhos,MeOH,9.8,0,organometallics2022_borylation,ok,1
nib_borylation,nib_00125,s3,Cc1cc(F)ccc1Cl,logical_s3,PCy3 HBF4|MeOH,PCy3 HBF4,MeOH,10.41,0,organometallics2022_borylation,ok,1
nib_borylation,nib_00126,s3,Cc1cc(F)ccc1Cl,logical_s3,Ph-DavePhos|MeOH,Ph-DavePhos,MeOH,48.265,0,organometallics2022_borylation,ok,1
nib_borylation,nib_00127,s3,Cc1cc(F)ccc1Cl,logical_s3,Ph-SPhos|MeOH,Ph-SPhos,MeOH,25.57,0,organometallics2022_borylation,ok,1
nib_borylation,nib_00128,s3,Cc1cc(F)ccc1Cl,logical_s3,Ph-XPhos|MeOH,Ph-XPhos,MeOH,20.18,0,organometallics2022_borylation,ok,1
nib_borylation,nib_00129,s3,Cc1cc(F)ccc1Cl,logical_s3,PMe3 HBF4|MeOH,PMe3 HBF4,MeOH,2.295,0,organometallics2022_borylation,ok,1
nib_borylation,nib_00130,s3,Cc1cc(F)ccc1Cl,logical_s3,P(o-Anis)3|MeOH,P(o-Anis)3,MeOH,34.845,0,organometallics2022_borylation,ok,1
nib_borylation,nib_00131,s3,Cc1cc(F)ccc1Cl,logical_s3,P(p-Anis)3|MeOH,P(p-Anis)3,MeOH,33.7,0,organometallics2022_borylation,ok,1
nib_borylation,nib_00132,s3,Cc1cc(F)ccc1Cl,logical_s3,P(p-F-Ph)3|MeOH,P(p-F-Ph)3,MeOH,39.205,0,organometallics2022_borylation,ok,1
nib_borylation,nib_00133,s3,Cc1cc(F)ccc1Cl,logical_s3,PPh2Cy|MeOH,PPh2Cy,MeOH,59.825,0,organometallics2022_borylation,ok,1
nib_borylation,nib_00134,s3,Cc1cc(F)ccc1Cl,logical_s3,PPh3|MeOH,PPh3,MeOH,30.635,0,organometallics2022_borylation,ok,1
nib_borylation,nib_00135,s3,Cc1cc(F)ccc1Cl,logical_s3,PPhtBu2|MeOH,PPhtBu2,MeOH,2.335,0,organometallics2022_borylation,ok,1
nib_borylation,nib_00136,s3,Cc1cc(F)ccc1Cl,logical_s3,PXy3|MeOH,PXy3,MeOH,20.04,0,organometallics2022_borylation,ok,1
nib_borylation,nib_00137,s3,Cc1cc(F)ccc1Cl,logical_s3,VPhos|MeOH,VPhos,MeOH,16.439999999999998,0,organometallics2022_borylation,ok,1
nib_borylation,nib_00138,s4,Cc1cccc(C)c1Cl,logical_s4,A-paPhos|EtOH,A-paPhos,EtOH,0.54,0,organometallics2022_borylation,ok,1
nib_borylation,nib_00139,s4,Cc1cccc(C)c1Cl,logical_s4,CX-FBu|EtOH,CX-FBu,EtOH,5.13,0,organometallics2022_borylation,ok,1
nib_borylation,nib_00140,s4,Cc1cccc(C)c1Cl,logical_s4,CX-PCy|EtOH,CX-PCy,EtOH,0.41,0,organometallics2022_borylation,ok,1
nib_borylation,nib_00141,s4,Cc1cccc(C)c1Cl,logical_s4,Cy-BippyPhos|EtOH,Cy-BippyPhos,EtOH,0.28,0,organometallics2022_borylation,ok,1
nib_borylation,nib_00142,s4,Cc1cccc(C)c1Cl,logical_s4,Cy-JohnPhos|EtOH,Cy-JohnPhos,EtOH,0.28,0,organometallics2022_borylation,ok,1
nib_borylation,nib_00143,s4,Cc1cccc(C)c1Cl,logical_s4,Cy-PhenCar-Phos|EtOH,Cy-PhenCar-Phos,EtOH,3.43,0,organometallics2022_borylation,ok,1
nib_borylation,nib_00144,s4,Cc1cccc(C)c1Cl,logical_s4,Cy-vBRIDP|EtOH,Cy-vBRIDP,EtOH,0.0,0,organometallics2022_borylation,ok,1
nib_borylation,nib_00145,s4,Cc1cccc(C)c1Cl,logical_s4,Kwong|EtOH,Kwong,EtOH,0.54,0,organometallics2022_borylation,ok,1
nib_borylation,nib_00146,s4,Cc1cccc(C)c1Cl,logical_s4,MeO-KITPHOS|EtOH,MeO-KITPHOS,EtOH,1.07,0,organometallics2022_borylation,ok,1
nib_borylation,nib_00147,s4,Cc1cccc(C)c1Cl,logical_s4,MePhos|EtOH,MePhos,EtOH,0.15,0,organometallics2022_borylation,ok,1
nib_borylation,nib_00148,s4,Cc1cccc(C)c1Cl,logical_s4,PCy3 HBF4|EtOH,PCy3 HBF4,EtOH,0.67,0,organometallics2022_borylation,ok,1
nib_borylation,nib_00149,s4,Cc1cccc(C)c1Cl,logical_s4,Ph-DavePhos|EtOH,Ph-DavePhos,EtOH,0.67,0,organometallics2022_borylation,ok,1
nib_borylation,nib_00150,s4,Cc1cccc(C)c1Cl,logical_s4,Ph-SPhos|EtOH,Ph-SPhos,EtOH,4.47,0,organometallics2022_borylation,ok,1
nib_borylation,nib_00151,s4,Cc1cccc(C)c1Cl,logical_s4,Ph-XPhos|EtOH,Ph-XPhos,EtOH,0.0,0,organometallics2022_borylation,ok,1
nib_borylation,nib_00152,s4,Cc1cccc(C)c1Cl,logical_s4,PMe3 HBF4|EtOH,PMe3 HBF4,EtOH,7.75,0,organometallics2022_borylation,ok,1
nib_borylation,nib_00153,s4,Cc1cccc(C)c1Cl,logical_s4,P(o-Anis)3|EtOH,P(o-Anis)3,EtOH,1.2,0,organometallics2022_borylation,ok,1
nib_borylation,nib_00154,s4,Cc1cccc(C)c1Cl,logical_s4,P(p-Anis)3|EtOH,P(p-Anis)3,EtOH,0.94,0,organometallics2022_borylation,ok,1
nib_borylation,nib_00155,s4,Cc1cccc(C)c1Cl,logical_s4,P(p-F-Ph)3|EtOH,P(p-F-Ph)3,EtOH,0.54,0,organometallics2022_borylation,ok,1
nib_borylation,nib_00156,s4,Cc1cccc(C)c1Cl,logical_s4,PPh2Cy|EtOH,PPh2Cy,EtOH,14.7,0,organometallics2022_borylation,ok,1
nib_borylation,nib_00157,s4,Cc1cccc(C)c1Cl,logical_s4,PPh3|EtOH,PPh3,EtOH,0.15,0,organometallics2022_borylation,ok,1
nib_borylation,nib_00158,s4,Cc1cccc(C)c1Cl,logical_s4,PPhtBu2|EtOH,PPhtBu2,EtOH,0.0,0,organometallics2022_borylation,ok,1
nib_borylation,nib_00159,s4,Cc1cccc(C)c1Cl,logical_s4,PXy3|EtOH,PXy3,EtOH,0.0,0,organometallics2022_borylation,ok,1
nib_borylation,nib_00160,s4,Cc1cccc(C)c1Cl,logical_s4,VPhos|EtOH,VPhos,EtOH,0.0,0,organometallics2022_borylation,ok,1
nib_borylation,nib_00161,s4,Cc1cccc(C)c1Cl,logical_s4,A-paPhos|MeOH,A-paPhos,MeOH,2.64,0,organometallics2022_borylation,ok,1
nib_borylation,nib_00162,s4,Cc1cccc(C)c1Cl,logical_s4,CX-FBu|MeOH,CX-FBu,MeOH,6.7,0,organometallics2022_borylation,ok,1
nib_borylation,nib_00163,s4,Cc1cccc(C)c1Cl,logical_s4,CX-PCy|MeOH,CX-PCy,MeOH,1.46,0,organometallics2022_borylation,ok,1
nib_borylation,nib_00164,s4,Cc1cccc(C)c1Cl,logical_s4,Cy-BippyPhos|MeOH,Cy-BippyPhos,MeOH,4.34,0,organometallics2022_borylation,ok,1
nib_borylation,nib_00165,s4,Cc1cccc(C)c1Cl,logical_s4,Cy-JohnPhos|MeOH,Cy-JohnPhos,MeOH,2.77,0,organometallics2022_borylation,ok,1
nib_borylation,nib_00166,s4,Cc1cccc(C)c1Cl,logical_s4,Cy-PhenCar-Phos|MeOH,Cy-PhenCar-Phos,MeOH,8.8,0,organometallics2022_borylation,ok,1
nib_borylation,nib_00167,s4,Cc1cccc(C)c1Cl,logical_s4,Cy-vBRIDP|MeOH,Cy-vBRIDP,MeOH,0.54,0,organometallics2022_borylation,ok,1
nib_borylation,nib_00168,s4,Cc1cccc(C)c1Cl,logical_s4,Kwong|MeOH,Kwong,MeOH,1.07,0,organometallics2022_borylation,ok,1
nib_borylation,nib_00169,s4,Cc1cccc(C)c1Cl,logical_s4,MeO-KITPHOS|MeOH,MeO-KITPHOS,MeOH,3.43,0,organometallics2022_borylation,ok,1
nib_borylation,nib_00170,s4,Cc1cccc(C)c1Cl,logical_s4,MePhos|MeOH,MePhos,MeOH,0.8,0,organometallics2022_borylation,ok,1
nib_borylation,nib_00171,s4,Cc1cccc(C)c1Cl,logical_s4,PCy3 HBF4|MeOH,PCy3 HBF4,MeOH,1.46,0,organometallics2022_borylation,ok,1
nib_borylation,nib_00172,s4,Cc1cccc(C)c1Cl,logical_s4,Ph-DavePhos|MeOH,Ph-DavePhos,MeOH,5.92,0,organometallics2022_borylation,ok,1
nib_borylation,nib_00173,s4,Cc1cccc(C)c1Cl,logical_s4,Ph-SPhos|MeOH,Ph-SPhos,MeOH,10.76,0,organometallics2022_borylation,ok,1
nib_borylation,nib_00174,s4,Cc1cccc(C)c1Cl,logical_s4,Ph-XPhos|MeOH,Ph-XPhos,MeOH,1.46,0,organometallics2022_borylation,ok,1
nib_borylation,nib_00175,s4,Cc1cccc(C)c1Cl,logical_s4,PMe3 HBF4|MeOH,PMe3 HBF4,MeOH,8.41,0,organometallics2022_borylation,ok,1
nib_borylation,nib_00176,s4,Cc1cccc(C)c1Cl,logical_s4,P(o-Anis)3|MeOH,P(o-Anis)3,MeOH,2.11,0,organometallics2022_borylation,ok,1
nib_borylation,nib_00177,s4,Cc1cccc(C)c1Cl,logical_s4,P(p-Anis)3|MeOH,P(p-Anis)3,MeOH,2.38,0,organometallics2022_borylation,ok,1
nib_borylation,nib_00178,s4,Cc1cccc(C)c1Cl,logical_s4,P(p-F-Ph)3|MeOH,P(p-F-Ph)3,MeOH,1.2,0,organometallics2022_borylation,ok,1
nib_borylation,nib_00179,s4,Cc1cccc(C)c1Cl,logical_s4,PPh2Cy|MeOH,PPh2Cy,MeOH,9.19,0,organometallics2022_borylation,ok,1
nib_borylation,nib_00180,s4,Cc1cccc(C)c1Cl,logical_s4,PPh3|MeOH,PPh3,MeOH,1.98,0,organometallics2022_borylation,ok,1
nib_borylation,nib_00181,s4,Cc1cccc(C)c1Cl,logical_s4,PPhtBu2|MeOH,PPhtBu2,MeOH,1.98,0,organometallics2022_borylation,ok,1
nib_borylation,nib_00182,s4,Cc1cccc(C)c1Cl,logical_s4,PXy3|MeOH,PXy3,MeOH,2.38,0,organometallics2022_borylation,ok,1
nib_borylation,nib_00183,s4,Cc1cccc(C)c1Cl,logical_s4,VPhos|MeOH,VPhos,MeOH,2.9,0,organometallics2022_borylation,ok,1
nib_borylation,nib_00184,s5,Cc1nc2cc(OS(=O)(=O)N(C)C)ccc2s1,logical_s5,A-paPhos|EtOH,A-paPhos,EtOH,76.785,0,organometallics2022_borylation,ok,1
nib_borylation,nib_00185,s5,Cc1nc2cc(OS(=O)(=O)N(C)C)ccc2s1,logical_s5,CX-FBu|EtOH,CX-FBu,EtOH,0.415,0,organometallics2022_borylation,ok,1
nib_borylation,nib_00186,s5,Cc1nc2cc(OS(=O)(=O)N(C)C)ccc2s1,logical_s5,CX-PCy|EtOH,CX-PCy,EtOH,0.1,0,organometallics2022_borylation,ok,1
nib_borylation,nib_00187,s5,Cc1nc2cc(OS(=O)(=O)N(C)C)ccc2s1,logical_s5,Cy-BippyPhos|EtOH,Cy-BippyPhos,EtOH,0.0,0,organometallics2022_borylation,ok,1
nib_borylation,nib_00188,s5,Cc1nc2cc(OS(=O)(=O)N(C)C)ccc2s1,logical_s5,Cy-JohnPhos|EtOH,Cy-JohnPhos,EtOH,17.419999999999998,0,organometallics2022_borylation,ok,1
nib_borylation,nib_00189,s5,Cc1nc2cc(OS(=O)(=O)N(C)C)ccc2s1,logical_s5,Cy-PhenCar-Phos|EtOH,Cy-PhenCar-Phos,EtOH,0.0,0,organometallics2022_borylation,ok,1
nib_borylation,nib_00190,s5,Cc1nc2cc(OS(=O)(=O)N(C)C)ccc2s1,logical_s5,Cy-vBRIDP|EtOH,Cy-vBRIDP,EtOH,27.34,0,organometallics2022_borylation,ok,1
nib_borylation,nib_00191,s5,Cc1nc2cc(OS(=O)(=O)N(C)C)ccc2s1,logical_s5,Kwong|EtOH,Kwong,EtOH,0.0,0,organometallics2022_borylation,ok,1
nib_borylation,nib_00192,s5,Cc1nc2cc(OS(=O)(=O)N(C)C)ccc2s1,logical_s5,MeO-KITPHOS|EtOH,MeO-KITPHOS,EtOH,9.71,0,organometallics2022_borylation,ok,1
nib_borylation,nib_00193,s5,Cc1nc2cc(OS(=O)(=O)N(C)C)ccc2s1,logical_s5,MePhos|EtOH,MePhos,EtOH,6.715,0,organometallics2022_borylation,ok,1
nib_borylation,nib_00194,s5,Cc1nc2cc(OS(=O)(=O)N(C)C)ccc2s1,logical_s5,PCy3 HBF4|EtOH,PCy3 HBF4,EtOH,17.104999999999997,0,organometallics2022_borylation,ok,1
nib_borylation,nib_00195,s5,Cc1nc2cc(OS(=O)(=O)N(C)C)ccc2s1,logical_s5,Ph-DavePhos|EtOH,Ph-DavePhos,EtOH,4.825,0,organometallics2022_borylation,ok,1
nib_borylation,nib_00196,s5,Cc1nc2cc(OS(=O)(=O)N(C)C)ccc2s1,logical_s5,Ph-SPhos|EtOH,Ph-SPhos,EtOH,0.0999999999999999,0,organometallics2022_borylation,ok,1
nib_borylation,nib_00197,s5,Cc1nc2cc(OS(=O)(=O)N(C)C)ccc2s1,logical_s5,Ph-XPhos|EtOH,Ph-XPhos,EtOH,0.0,0,organometallics2022_borylation,ok,1
nib_borylation,nib_00198,s5,Cc1nc2cc(OS(=O)(=O)N(C)C)ccc2s1,logical_s5,PMe3 HBF4|EtOH,PMe3 HBF4,EtOH,0.0,0,organometallics2022_borylation,ok,1
nib_borylation,nib_00199,s5,Cc1nc2cc(OS(=O)(=O)N(C)C)ccc2s1,logical_s5,P(o-Anis)3|EtOH,P(o-Anis)3,EtOH,0.89,0,organometallics2022_borylation,ok,1
nib_borylation,nib_00200,s5,Cc1nc2cc(OS(=O)(=O)N(C)C)ccc2s1,logical_s5,P(p-Anis)3|EtOH,P(p-Anis)3,EtOH,75.525,0,organometallics2022_borylation,ok,1
nib_borylation,nib_00201,s5,Cc1nc2cc(OS(=O)(=O)N(C)C)ccc2s1,logical_s5,P(p-F-Ph)3|EtOH,P(p-F-Ph)3,EtOH,53.8,0,organometallics2022_borylation,ok,1
nib_borylation,nib_00202,s5,Cc1nc2cc(OS(=O)(=O)N(C)C)ccc2s1,logical_s5,PPh2Cy|EtOH,PPh2Cy,EtOH,78.205,0,organometallics2022_borylation,ok,1
nib_borylation,nib_00203,s5,Cc1nc2cc(OS(=O)(=O)N(C)C)ccc2s1,logical_s5,PPh3|EtOH,PPh3,EtOH,69.855,0,organometallics2022_borylation,ok,1
nib_borylation,nib_00204,s5,Cc1nc2cc(OS(=O)(=O)N(C)C)ccc2s1,logical_s5,PPhtBu2|EtOH,PPhtBu2,EtOH,0.0,0,organometallics2022_borylation,ok,1
nib_borylation,nib_00205,s5,Cc1nc2cc(OS(=O)(=O)N(C)C)ccc2s1,logical_s5,PXy3|EtOH,PXy3,EtOH,75.365,0,organometallics2022_borylation,ok,1
nib_borylation,nib_00206,s5,Cc1nc2cc(OS(=O)(=O)N(C)C)ccc2s1,logical_s5,VPhos|EtOH,VPhos,EtOH,0.0,0,organometallics2022_borylation,ok,1
nib_borylation,nib_00207,s5,Cc1nc2cc(OS(=O)(=O)N(C)C)ccc2s1,logical_s5,A-paPhos|MeOH,A-paPhos,MeOH,52.38,0,organometallics2022_borylation,ok,1
nib_borylation,nib_00208,s5,Cc1nc2cc(OS(=O)(=O)N(C)C)ccc2s1,logical_s5,CX-FBu|MeOH,CX-FBu,MeOH,0.0,0,organometallics2022_borylation,ok,1
nib_borylation,nib_00209,s5,Cc1nc2cc(OS(=O)(=O)N(C)C)ccc2s1,logical_s5,CX-PCy|MeOH,CX-PCy,MeOH,0.0,0,organometallics2022_borylation,ok,1
nib_borylation,nib_00210,s5,Cc1nc2cc(OS(=O)(=O)N(C)C)ccc2s1,logical_s5,Cy-BippyPhos|MeOH,Cy-BippyPhos,MeOH,0.0,0,organometallics2022_borylation,ok,1
nib_borylation,nib_00211,s5,Cc1nc2cc(OS(=O)(=O)N(C)C)ccc2s1,logical_s5,Cy-JohnPhos|MeOH,Cy-JohnPhos,MeOH,2.935,0,organometallics2022_borylation,ok,1
nib_borylation,nib_00212,s5,Cc1nc2cc(OS(=O)(=O)N(C)C)ccc2s1,logical_s5,Cy-PhenCar-Phos|MeOH,Cy-PhenCar-Phos,MeOH,0.0,0,organometallics2022_borylation,ok,1
nib_borylation,nib_00213,s5,Cc1nc2cc(OS(=O)(=O)N(C)C)ccc2s1,logical_s5,Cy-vBRIDP|MeOH,Cy-vBRIDP,MeOH,3.25,0,organometallics2022_borylation,ok,1
nib_borylation,nib_00214,s5,Cc1nc2cc(OS(=O)(=O)N(C)C)ccc2s1,logical_s5,Kwong|MeOH,Kwong,MeOH,0.0,0,organometallics2022_borylation,ok,1
nib_borylation,nib_00215,s5,Cc1nc2cc(OS(=O)(=O)N(C)C)ccc2s1,logical_s5,MeO-KITPHOS|MeOH,MeO-KITPHOS,MeOH,1.515,0,organometallics2022_borylation,ok,1
nib_borylation,nib_00216,s5,Cc1nc2cc(OS(=O)(=O)N(C)C)ccc2s1,logical_s5,MePhos|MeOH,MePhos,MeOH,0.255,0,organometallics2022_borylation,ok,1
nib_borylation,nib_00217,s5,Cc1nc2cc(OS(=O)(=O)N(C)C)ccc2s1,logical_s5,PCy3 HBF4|MeOH,PCy3 HBF4,MeOH,6.24,0,organometallics2022_borylation,ok,1
nib_borylation,nib_00218,s5,Cc1nc2cc(OS(=O)(=O)N(C)C)ccc2s1,logical_s5,Ph-DavePhos|MeOH,Ph-DavePhos,MeOH,0.255,0,organometallics2022_borylation,ok,1
nib_borylation,nib_00219,s5,Cc1nc2cc(OS(=O)(=O)N(C)C)ccc2s1,logical_s5,Ph-SPhos|MeOH,Ph-SPhos,MeOH,0.0,0,organometallics2022_borylation,ok,1
nib_borylation,nib_00220,s5,Cc1nc2cc(OS(=O)(=O)N(C)C)ccc2s1,logical_s5,Ph-XPhos|MeOH,Ph-XPhos,MeOH,0.0,0,organometallics2022_borylation,ok,1
nib_borylation,nib_00221,s5,Cc1nc2cc(OS(=O)(=O)N(C)C)ccc2s1,logical_s5,PMe3 HBF4|MeOH,PMe3 HBF4,MeOH,0.0,0,organometallics2022_borylation,ok,1
nib_borylation,nib_00222,s5,Cc1nc2cc(OS(=O)(=O)N(C)C)ccc2s1,logical_s5,P(o-Anis)3|MeOH,P(o-Anis)3,MeOH,0.0,0,organometallics2022_borylation,ok,1
nib_borylation,nib_00223,s5,Cc1nc2cc(OS(=O)(=O)N(C)C)ccc2s1,logical_s5,P(p-Anis)3|MeOH,P(p-Anis)3,MeOH,51.59,0,organometallics2022_borylation,ok,1
nib_borylation,nib_00224,s5,Cc1nc2cc(OS(=O)(=O)N(C)C)ccc2s1,logical_s5,P(p-F-Ph)3|MeOH,P(p-F-Ph)3,MeOH,56.475,0,organometallics2022_borylation,ok,1
nib_borylation,nib_00225,s5,Cc1nc2cc(OS(=O)(=O)N(C)C)ccc2s1,logical_s5,PPh2Cy|MeOH,PPh2Cy,MeOH,50.485,0,organometallics2022_borylation,ok,1
nib_borylation,nib_00226,s5,Cc1nc2cc(OS(=O)(=O)N(C)C)ccc2s1,logical_s5,PPh3|MeOH,PPh3,MeOH,52.69,0,organometallics2022_borylation,ok,1
nib_borylation,nib_00227,s5,Cc1nc2cc(OS(=O)(=O)N(C)C)ccc2s1,logical_s5,PPhtBu2|MeOH,PPhtBu2,MeOH,0.0,0,organometallics2022_borylation,ok,1
nib_borylation,nib_00228,s5,Cc1nc2cc(OS(=O)(=O)N(C)C)ccc2s1,logical_s5,PXy3|MeOH,PXy3,MeOH,51.115,0,organometallics2022_borylation,ok,1
nib_borylation,nib_00229,s5,Cc1nc2cc(OS(=O)(=O)N(C)C)ccc2s1,logical_s5,VPhos|MeOH,VPhos,MeOH,0.0,0,organometallics2022_borylation,ok,1
nib_borylation,nib_00230,s6,Brc1ccsc1,logical_s6,A-paPhos|EtOH,A-paPhos,EtOH,76.91,0,organometallics2022_borylation,ok,1
nib_borylation,nib_00231,s6,Brc1ccsc1,logical_s6,CX-FBu|EtOH,CX-FBu,EtOH,15.25,0,organometallics2022_borylation,ok,1
nib_borylation,nib_00232,s6,Brc1ccsc1,logical_s6,CX-PCy|EtOH,CX-PCy,EtOH,62.870000000000005,0,organometallics2022_borylation,ok,1
nib_borylation,nib_00233,s6,Brc1ccsc1,logical_s6,Cy-BippyPhos|EtOH,Cy-BippyPhos,EtOH,18.43,0,organometallics2022_borylation,ok,1
nib_borylation,nib_00234,s6,Brc1ccsc1,logical_s6,Cy-JohnPhos|EtOH,Cy-JohnPhos,EtOH,78.93,0,organometallics2022_borylation,ok,1
nib_borylation,nib_00235,s6,Brc1ccsc1,logical_s6,Cy-PhenCar-Phos|EtOH,Cy-PhenCar-Phos,EtOH,13.765,0,organometallics2022_borylation,ok,1
nib_borylation,nib_00236,s6,Brc1ccsc1,logical_s6,Cy-vBRIDP|EtOH,Cy-vBRIDP,EtOH,69.275,0,organometallics2022_borylation,ok,1
nib_borylation,nib_00237,s6,Brc1ccsc1,logical_s6,Kwong|EtOH,Kwong,EtOH,12.420000000000002,0,organometallics2022_borylation,ok,1
nib_borylation,nib_00238,s6,Brc1ccsc1,logical_s6,MeO-KITPHOS|EtOH,MeO-KITPHOS,EtOH,65.875,0,organometallics2022_borylation,ok,1
nib_borylation,nib_00239,s6,Brc1ccsc1,logical_s6,MePhos|EtOH,MePhos,EtOH,49.72,0,organometallics2022_borylation,ok,1
nib_borylation,nib_00240,s6,Brc1ccsc1,logical_s6,PCy3 HBF4|EtOH,PCy3 HBF4,EtOH,54.25,0,organometallics2022_borylation,ok,1
nib_borylation,nib_00241,s6,Brc1ccsc1,logical_s6,Ph-DavePhos|EtOH,Ph-DavePhos,EtOH,29.18,0,organometallics2022_borylation,ok,1
nib_borylation,nib_00242,s6,Brc1ccsc1,logical_s6,Ph-SPhos|EtOH,Ph-SPhos,EtOH,47.105,0,organometallics2022_borylation,ok,1
nib_borylation,nib_00243,s6,Brc1ccsc1,logical_s6,Ph-XPhos|EtOH,Ph-XPhos,EtOH,23.950000000000003,0,organometallics2022_borylation,ok,1
nib_borylation,nib_00244,s6,Brc1ccsc1,logical_s6,PMe3 HBF4|EtOH,PMe3 HBF4,EtOH,4.955,0,organometallics2022_borylation,ok,1
nib_borylation,nib_00245,s6,Brc1ccsc1,logical_s6,P(o-Anis)3|EtOH,P(o-Anis)3,EtOH,46.22,0,organometallics2022_borylation,ok,1
nib_borylation,nib_00246,s6,Brc1ccsc1,logical_s6,P(p-Anis)3|EtOH,P(p-Anis)3,EtOH,77.655,0,organometallics2022_borylation,ok,1
nib_borylation,nib_00247,s6,Brc1ccsc1,logical_s6,P(p-F-Ph)3|EtOH,P(p-F-Ph)3,EtOH,60.79,0,organometallics2022_borylation,ok,1
nib_borylation,nib_00248,s6,Brc1ccsc1,logical_s6,PPh2Cy|EtOH,PPh2Cy,EtOH,68.53,0,organometallics2022_borylation,ok,1
nib_borylation,nib_00249,s6,Brc1ccsc1,logical_s6,PPh3|EtOH,PPh3,EtOH,68.245,0,organometallics2022_borylation,ok,1
nib_borylation,nib_00250,s6,Brc1ccsc1,logical_s6,PPhtBu2|EtOH,PPhtBu2,EtOH,4.955,0,organometallics2022_borylation,ok,1
nib_borylation,nib_00251,s6,Brc1ccsc1,logical_s6,PXy3|EtOH,PXy3,EtOH,76.77,0,organometallics2022_borylation,ok,1
nib_borylation,nib_00252,s6,Brc1ccsc1,logical_s6,VPhos|EtOH,VPhos,EtOH,11.535,0,organometallics2022_borylation,ok,1
nib_borylation,nib_00253,s6,Brc1ccsc1,logical_s6,A-paPhos|MeOH,A-paPhos,MeOH,75.67,0,organometallics2022_borylation,ok,1
nib_borylation,nib_00254,s6,Brc1ccsc1,logical_s6,CX-FBu|MeOH,CX-FBu,MeOH,19.915,0,organometallics2022_borylation,ok,1
nib_borylation,nib_00255,s6,Brc1ccsc1,logical_s6,CX-PCy|MeOH,CX-PCy,MeOH,39.75,0,organometallics2022_borylation,ok,1
nib_borylation,nib_00256,s6,Brc1ccsc1,logical_s6,Cy-BippyPhos|MeOH,Cy-BippyPhos,MeOH,20.06,0,organometallics2022_borylation,ok,1
nib_borylation,nib_00257,s6,Brc1ccsc1,logical_s6,Cy-JohnPhos|MeOH,Cy-JohnPhos,MeOH,69.095,0,organometallics2022_borylation,ok,1
nib_borylation,nib_00258,s6,Brc1ccsc1,logical_s6,Cy-PhenCar-Phos|MeOH,Cy-PhenCar-Phos,MeOH,17.189999999999998,0,organometallics2022_borylation,ok,1
nib_borylation,nib_00259,s6,Brc1ccsc1,logical_s6,Cy-vBRIDP|MeOH,Cy-vBRIDP,MeOH,75.105,0,organometallics2022_borylation,ok,1
nib_borylation,nib_00260,s6,Brc1ccsc1,logical_s6,Kwong|MeOH,Kwong,MeOH,24.97,0,organometallics2022_borylation,ok,1
nib_borylation,nib_00261,s6,Brc1ccsc1,logical_s6,MeO-KITPHOS|MeOH,MeO-KITPHOS,MeOH,63.435,0,organometallics2022_borylation,ok,1
nib_borylation,nib_00262,s6,Brc1ccsc1,logical_s6,MePhos|MeOH,MePhos,MeOH,48.235,0,organometallics2022_borylation,ok,1
nib_borylation,nib_00263,s6,Brc1ccsc1,logical_s6,PCy3 HBF4|MeOH,PCy3 HBF4,MeOH,47.39,0,organometallics2022_borylation,ok,1
nib_borylation,nib_00264,s6,Brc1ccsc1,logical_s6,Ph-DavePhos|MeOH,Ph-DavePhos,MeOH,24.37,0,organometallics2022_borylation,ok,1
nib_borylation,nib_00265,s6,Brc1ccsc1,logical_s6,Ph-SPhos|MeOH,Ph-SPhos,MeOH,42.58,0,organometallics2022_borylation,ok,1
nib_borylation,nib_00266,s6,Brc1ccsc1,logical_s6,Ph-XPhos|MeOH,Ph-XPhos,MeOH,17.83,0,organometallics2022_borylation,ok,1
nib_borylation,nib_00267,s6,Brc1ccsc1,logical_s6,PMe3 HBF4|MeOH,PMe3 HBF4,MeOH,9.59,0,organometallics2022_borylation,ok,1
nib_borylation,nib_00268,s6,Brc1ccsc1,logical_s6,P(o-Anis)3|MeOH,P(o-Anis)3,MeOH,71.285,0,organometallics2022_borylation,ok,1
nib_borylation,nib_00269,s6,Brc1ccsc1,logical_s6,P(p-Anis)3|MeOH,P(p-Anis)3,MeOH,77.475,0,organometallics2022_borylation,ok,1
nib_borylation,nib_00270,s6,Brc1ccsc1,logical_s6,P(p-F-Ph)3|MeOH,P(p-F-Ph)3,MeOH,45.905,0,organometallics2022_borylation,ok,1
nib_borylation,nib_00271,s6,Brc1ccsc1,logical_s6,PPh2Cy|MeOH,PPh2Cy,MeOH,41.375,0,organometallics2022_borylation,ok,1
nib_borylation,nib_00272,s6,Brc1ccsc1,logical_s6,PPh3|MeOH,PPh3,MeOH,62.625,0,organometallics2022_borylation,ok,1
nib_borylation,nib_00273,s6,Brc1ccsc1,logical_s6,PPhtBu2|MeOH,PPhtBu2,MeOH,8.245000000000001,0,organometallics2022_borylation,ok,1
nib_borylation,nib_00274,s6,Brc1ccsc1,logical_s6,PXy3|MeOH,PXy3,MeOH,77.9,0,organometallics2022_borylation,ok,1
nib_borylation,nib_00275,s6,Brc1ccsc1,logical_s6,VPhos|MeOH,VPhos,MeOH,12.88,0,organometallics2022_borylation,ok,1
nib_borylation,nib_00276,s7,Cc1c(N)cccc1Cl,logical_s7,A-paPhos|EtOH,A-paPhos,EtOH,29.35,0,organometallics2022_borylation,ok,1
nib_borylation,nib_00277,s7,Cc1c(N)cccc1Cl,logical_s7,CX-FBu|EtOH,CX-FBu,EtOH,20.02,0,organometallics2022_borylation,ok,1
nib_borylation,nib_00278,s7,Cc1c(N)cccc1Cl,logical_s7,CX-PCy|EtOH,CX-PCy,EtOH,6.03,0,organometallics2022_borylation,ok,1
nib_borylation,nib_00279,s7,Cc1c(N)cccc1Cl,logical_s7,Cy-BippyPhos|EtOH,Cy-BippyPhos,EtOH,29.35,0,organometallics2022_borylation,ok,1
nib_borylation,nib_00280,s7,Cc1c(N)cccc1Cl,logical_s7,Cy-JohnPhos|EtOH,Cy-JohnPhos,EtOH,75.98,0,organometallics2022_borylation,ok,1
nib_borylation,nib_00281,s7,Cc1c(N)cccc1Cl,logical_s7,Cy-PhenCar-Phos|EtOH,Cy-PhenCar-Phos,EtOH,57.33,0,organometallics2022_borylation,ok,1
nib_borylation,nib_00282,s7,Cc1c(N)cccc1Cl,logical_s7,Cy-vBRIDP|EtOH,Cy-vBRIDP,EtOH,61.99,0,organometallics2022_borylation,ok,1
nib_borylation,nib_00283,s7,Cc1c(N)cccc1Cl,logical_s7,Kwong|EtOH,Kwong,EtOH,24.68,0,organometallics2022_borylation,ok,1
nib_borylation,nib_00284,s7,Cc1c(N)cccc1Cl,logical_s7,MeO-KITPHOS|EtOH,MeO-KITPHOS,EtOH,34.01,0,organometallics2022_borylation,ok,1
nib_borylation,nib_00285,s7,Cc1c(N)cccc1Cl,logical_s7,MePhos|EtOH,MePhos,EtOH,61.99,0,organometallics2022_borylation,ok,1
nib_borylation,nib_00286,s7,Cc1c(N)cccc1Cl,logical_s7,PCy3 HBF4|EtOH,PCy3 HBF4,EtOH,6.03,0,organometallics2022_borylation,ok,1
nib_borylation,nib_00287,s7,Cc1c(N)cccc1Cl,logical_s7,Ph-DavePhos|EtOH,Ph-DavePhos,EtOH,66.65,0,organometallics2022_borylation,ok,1
nib_borylation,nib_00288,s7,Cc1c(N)cccc1Cl,logical_s7,Ph-SPhos|EtOH,Ph-SPhos,EtOH,66.65,0,organometallics2022_borylation,ok,1
nib_borylation,nib_00289,s7,Cc1c(N)cccc1Cl,logical_s7,Ph-XPhos|EtOH,Ph-XPhos,EtOH,24.68,0,organometallics2022_borylation,ok,1
nib_borylation,nib_00290,s7,Cc1c(N)cccc1Cl,logical_s7,PMe3 HBF4|EtOH,PMe3 HBF4,EtOH,24.68,0,organometallics2022_borylation,ok,1
nib_borylation,nib_00291,s7,Cc1c(N)cccc1Cl,logical_s7,P(o-Anis)3|EtOH,P(o-Anis)3,EtOH,10.69,0,organometallics2022_borylation,ok,1
nib_borylation,nib_00292,s7,Cc1c(N)cccc1Cl,logical_s7,P(p-Anis)3|EtOH,P(p-Anis)3,EtOH,57.33,0,organometallics2022_borylation,ok,1
nib_borylation,nib_00293,s7,Cc1c(N)cccc1Cl,logical_s7,P(p-F-Ph)3|EtOH,P(p-F-Ph)3,EtOH,48.0,0,organometallics2022_borylation,ok,1
nib_borylation,nib_00294,s7,Cc1c(N)cccc1Cl,logical_s7,PPh2Cy|EtOH,PPh2Cy,EtOH,48.0,0,organometallics2022_borylation,ok,1
nib_borylation,nib_00295,s7,Cc1c(N)cccc1Cl,logical_s7,PPh3|EtOH,PPh3,EtOH,1.37,0,organometallics2022_borylation,ok,1
nib_borylation,nib_00296,s7,Cc1c(N)cccc1Cl,logical_s7,PPhtBu2|EtOH,PPhtBu2,EtOH,6.03,0,organometallics2022_borylation,ok,1
nib_borylation,nib_00297,s7,Cc1c(N)cccc1Cl,logical_s7,PXy3|EtOH,PXy3,EtOH,20.02,0,organometallics2022_borylation,ok,1
nib_borylation,nib_00298,s7,Cc1c(N)cccc1Cl,logical_s7,VPhos|EtOH,VPhos,EtOH,6.03,0,organometallics2022_borylation,ok,1
nib_borylation,nib_00299,s7,Cc1c(N)cccc1Cl,logical_s7,A-paPhos|MeOH,A-paPhos,MeOH,29.35,0,organometallics2022_borylation,ok,1
nib_borylation,nib_00300,s7,Cc1c(N)cccc1Cl,logical_s7,CX-FBu|MeOH,CX-FBu,MeOH,24.68,0,organometallics2022_borylation,ok,1
nib_borylation,nib_00301,s7,Cc1c(N)cccc1Cl,logical_s7,CX-PCy|MeOH,CX-PCy,MeOH,20.02,0,organometallics2022_borylation,ok,1
nib_borylation,nib_00302,s7,Cc1c(N)cccc1Cl,logical_s7,Cy-BippyPhos|MeOH,Cy-BippyPhos,MeOH,61.99,0,organometallics2022_borylation,ok,1
nib_borylation,nib_00303,s7,Cc1c(N)cccc1Cl,logical_s7,Cy-JohnPhos|MeOH,Cy-JohnPhos,MeOH,80.64,0,organometallics2022_borylation,ok,1
nib_borylation,nib_00304,s7,Cc1c(N)cccc1Cl,logical_s7,Cy-PhenCar-Phos|MeOH,Cy-PhenCar-Phos,MeOH,71.32,0,organometallics2022_borylation,ok,1
nib_borylation,nib_00305,s7,Cc1c(N)cccc1Cl,logical_s7,Cy-vBRIDP|MeOH,Cy-vBRIDP,MeOH,34.01,0,organometallics2022_borylation,ok,1
nib_borylation,nib_00306,s7,Cc1c(N)cccc1Cl,logical_s7,Kwong|MeOH,Kwong,MeOH,43.34,0,organometallics2022_borylation,ok,1
nib_borylation,nib_00307,s7,Cc1c(N)cccc1Cl,logical_s7,MeO-KITPHOS|MeOH,MeO-KITPHOS,MeOH,61.99,0,organometallics2022_borylation,ok,1
nib_borylation,nib_00308,s7,Cc1c(N)cccc1Cl,logical_s7,MePhos|MeOH,MePhos,MeOH,38.67,0,organometallics2022_borylation,ok,1
nib_borylation,nib_00309,s7,Cc1c(N)cccc1Cl,logical_s7,PCy3 HBF4|MeOH,PCy3 HBF4,MeOH,10.69,0,organometallics2022_borylation,ok,1
nib_borylation,nib_00310,s7,Cc1c(N)cccc1Cl,logical_s7,Ph-DavePhos|MeOH,Ph-DavePhos,MeOH,100.0,0,organometallics2022_borylation,ok,1
nib_borylation,nib_00311,s7,Cc1c(N)cccc1Cl,logical_s7,Ph-SPhos|MeOH,Ph-SPhos,MeOH,100.0,0,organometallics2022_borylation,ok,1
nib_borylation,nib_00312,s7,Cc1c(N)cccc1Cl,logical_s7,Ph-XPhos|MeOH,Ph-XPhos,MeOH,24.68,0,organometallics2022_borylation,ok,1
nib_borylation,nib_00313,s7,Cc1c(N)cccc1Cl,logical_s7,PMe3 HBF4|MeOH,PMe3 HBF4,MeOH,20.02,0,organometallics2022_borylation,ok,1
nib_borylation,nib_00314,s7,Cc1c(N)cccc1Cl,logical_s7,P(o-Anis)3|MeOH,P(o-Anis)3,MeOH,15.36,0,organometallics2022_borylation,ok,1
nib_borylation,nib_00315,s7,Cc1c(N)cccc1Cl,logical_s7,P(p-Anis)3|MeOH,P(p-Anis)3,MeOH,52.66,0,organometallics2022_borylation,ok,1
nib_borylation,nib_00316,s7,Cc1c(N)cccc1Cl,logical_s7,P(p-F-Ph)3|MeOH,P(p-F-Ph)3,MeOH,57.33,0,organometallics2022_borylation,ok,1
nib_borylation,nib_00317,s7,Cc1c(N)cccc1Cl,logical_s7,PPh2Cy|MeOH,PPh2Cy,MeOH,48.0,0,organometallics2022_borylation,ok,1
nib_borylation,nib_00318,s7,Cc1c(N)cccc1Cl,logical_s7,PPh3|MeOH,PPh3,MeOH,20.02,0,organometallics2022_borylation,ok,1
nib_borylation,nib_00319,s7,Cc1c(N)cccc1Cl,logical_s7,PPhtBu2|MeOH,PPhtBu2,MeOH,6.03,0,organometallics2022_borylation,ok,1
nib_borylation,nib_00320,s7,Cc1c(N)cccc1Cl,logical_s7,PXy3|MeOH,PXy3,MeOH,24.68,0,organometallics2022_borylation,ok,1
nib_borylation,nib_00321,s7,Cc1c(N)cccc1Cl,logical_s7,VPhos|MeOH,VPhos,MeOH,24.68,0,organometallics2022_borylation,ok,1
nib_borylation,nib_00322,s8,COc1ccc(Br)cc1,logical_s8,A-paPhos|EtOH,A-paPhos,EtOH,64.0,0,organometallics2022_borylation,ok,1
nib_borylation,nib_00323,s8,COc1ccc(Br)cc1,logical_s8,CX-FBu|EtOH,CX-FBu,EtOH,37.555,0,organometallics2022_borylation,ok,1
nib_borylation,nib_00324,s8,COc1ccc(Br)cc1,logical_s8,CX-PCy|EtOH,CX-PCy,EtOH,95.43,0,organometallics2022_borylation,ok,1
nib_borylation,nib_00325,s8,COc1ccc(Br)cc1,logical_s8,Cy-BippyPhos|EtOH,Cy-BippyPhos,EtOH,98.505,0,organometallics2022_borylation,ok,1
nib_borylation,nib_00326,s8,COc1ccc(Br)cc1,logical_s8,Cy-JohnPhos|EtOH,Cy-JohnPhos,EtOH,85.59,0,organometallics2022_borylation,ok,1
nib_borylation,nib_00327,s8,COc1ccc(Br)cc1,logical_s8,Cy-PhenCar-Phos|EtOH,Cy-PhenCar-Phos,EtOH,73.35499999999999,0,organometallics2022_borylation,ok,1
nib_borylation,nib_00328,s8,COc1ccc(Br)cc1,logical_s8,Cy-vBRIDP|EtOH,Cy-vBRIDP,EtOH,82.315,0,organometallics2022_borylation,ok,1
nib_borylation,nib_00329,s8,COc1ccc(Br)cc1,logical_s8,Kwong|EtOH,Kwong,EtOH,73.58,0,organometallics2022_borylation,ok,1
nib_borylation,nib_00330,s8,COc1ccc(Br)cc1,logical_s8,MeO-KITPHOS|EtOH,MeO-KITPHOS,EtOH,93.5,0,organometallics2022_borylation,ok,1
nib_borylation,nib_00331,s8,COc1ccc(Br)cc1,logical_s8,MePhos|EtOH,MePhos,EtOH,78.515,0,organometallics2022_borylation,ok,1
nib_borylation,nib_00332,s8,COc1ccc(Br)cc1,logical_s8,PCy3 HBF4|EtOH,PCy3 HBF4,EtOH,29.07,0,organometallics2022_borylation,ok,1
nib_borylation,nib_00333,s8,COc1ccc(Br)cc1,logical_s8,Ph-DavePhos|EtOH,Ph-DavePhos,EtOH,78.31,0,organometallics2022_borylation,ok,1
nib_borylation,nib_00334,s8,COc1ccc(Br)cc1,logical_s8,Ph-SPhos|EtOH,Ph-SPhos,EtOH,73.685,0,organometallics2022_borylation,ok,1
nib_borylation,nib_00335,s8,COc1ccc(Br)cc1,logical_s8,Ph-XPhos|EtOH,Ph-XPhos,EtOH,65.605,0,organometallics2022_borylation,ok,1
nib_borylation,nib_00336,s8,COc1ccc(Br)cc1,logical_s8,PMe3 HBF4|EtOH,PMe3 HBF4,EtOH,41.46,0,organometallics2022_borylation,ok,1
nib_borylation,nib_00337,s8,COc1ccc(Br)cc1,logical_s8,P(o-Anis)3|EtOH,P(o-Anis)3,EtOH,67.275,0,organometallics2022_borylation,ok,1
nib_borylation,nib_00338,s8,COc1ccc(Br)cc1,logical_s8,P(p-Anis)3|EtOH,P(p-Anis)3,EtOH,90.12,0,organometallics2022_borylation,ok,1
nib_borylation,nib_00339,s8,COc1ccc(Br)cc1,logical_s8,P(p-F-Ph)3|EtOH,P(p-F-Ph)3,EtOH,81.69,0,organometallics2022_borylation,ok,1
nib_borylation,nib_00340,s8,COc1ccc(Br)cc1,logical_s8,PPh2Cy|EtOH,PPh2Cy,EtOH,92.25,0,organometallics2022_borylation,ok,1
nib_borylation,nib_00341,s8,COc1ccc(Br)cc1,logical_s8,PPh3|EtOH,PPh3,EtOH,79.66499999999999,0,organometallics2022_borylation,ok,1
nib_borylation,nib_00342,s8,COc1ccc(Br)cc1,logical_s8,PPhtBu2|EtOH,PPhtBu2,EtOH,40.78,0,organometallics2022_borylation,ok,1
nib_borylation,nib_00343,s8,COc1ccc(Br)cc1,logical_s8,PXy3|EtOH,PXy3,EtOH,84.86500000000001,0,organometallics2022_borylation,ok,1
nib_borylation,nib_00344,s8,COc1ccc(Br)cc1,logical_s8,VPhos|EtOH,VPhos,EtOH,64.725,0,organometallics2022_borylation,ok,1
nib_borylation,nib_00345,s8,COc1ccc(Br)cc1,logical_s8,A-paPhos|MeOH,A-paPhos,MeOH,49.265,0,organometallics2022_borylation,ok,1
nib_borylation,nib_00346,s8,COc1ccc(Br)cc1,logical_s8,CX-FBu|MeOH,CX-FBu,MeOH,50.265,0,organometallics2022_borylation,ok,1
nib_borylation,nib_00347,s8,COc1ccc(Br)cc1,logical_s8,CX-PCy|MeOH,CX-PCy,MeOH,85.59,0,organometallics2022_borylation,ok,1
nib_borylation,nib_00348,s8,COc1ccc(Br)cc1,logical_s8,Cy-BippyPhos|MeOH,Cy-BippyPhos,MeOH,84.28999999999999,0,organometallics2022_borylation,ok,1
nib_borylation,nib_00349,s8,COc1ccc(Br)cc1,logical_s8,Cy-JohnPhos|MeOH,Cy-JohnPhos,MeOH,88.245,0,organometallics2022_borylation,ok,1
nib_borylation,nib_00350,s8,COc1ccc(Br)cc1,logical_s8,Cy-PhenCar-Phos|MeOH,Cy-PhenCar-Phos,MeOH,96.055,0,organometallics2022_borylation,ok,1
nib_borylation,nib_00351,s8,COc1ccc(Br)cc1,logical_s8,Cy-vBRIDP|MeOH,Cy-vBRIDP,MeOH,76.685,0,organometallics2022_borylation,ok,1
nib_borylation,nib_00352,s8,COc1ccc(Br)cc1,logical_s8,Kwong|MeOH,Kwong,MeOH,84.445,0,organometallics2022_borylation,ok,1
nib_borylation,nib_00353,s8,COc1ccc(Br)cc1,logical_s8,MeO-KITPHOS|MeOH,MeO-KITPHOS,MeOH,80.39,0,organometallics2022_borylation,ok,1
nib_borylation,nib_00354,s8,COc1ccc(Br)cc1,logical_s8,MePhos|MeOH,MePhos,MeOH,77.735,0,organometallics2022_borylation,ok,1
nib_borylation,nib_00355,s8,COc1ccc(Br)cc1,logical_s8,PCy3 HBF4|MeOH,PCy3 HBF4,MeOH,24.44,0,organometallics2022_borylation,ok,1
nib_borylation,nib_00356,s8,COc1ccc(Br)cc1,logical_s8,Ph-DavePhos|MeOH,Ph-DavePhos,MeOH,71.235,0,organometallics2022_borylation,ok,1
nib_borylation,nib_00357,s8,COc1ccc(Br)cc1,logical_s8,Ph-SPhos|MeOH,Ph-SPhos,MeOH,58.22,0,organometallics2022_borylation,ok,1
nib_borylation,nib_00358,s8,COc1ccc(Br)cc1,logical_s8,Ph-XPhos|MeOH,Ph-XPhos,MeOH,46.71,0,organometallics2022_borylation,ok,1
nib_borylation,nib_00359,s8,COc1ccc(Br)cc1,logical_s8,PMe3 HBF4|MeOH,PMe3 HBF4,MeOH,45.260000000000005,0,organometallics2022_borylation,ok,1
nib_borylation,nib_00360,s8,COc1ccc(Br)cc1,logical_s8,P(o-Anis)3|MeOH,P(o-Anis)3,MeOH,73.005,0,organometallics2022_borylation,ok,1
nib_borylation,nib_00361,s8,COc1ccc(Br)cc1,logical_s8,P(p-Anis)3|MeOH,P(p-Anis)3,MeOH,70.03,0,organometallics2022_borylation,ok,1
nib_borylation,nib_00362,s8,COc1ccc(Br)cc1,logical_s8,P(p-F-Ph)3|MeOH,P(p-F-Ph)3,MeOH,79.765,0,organometallics2022_borylation,ok,1
nib_borylation,nib_00363,s8,COc1ccc(Br)cc1,logical_s8,PPh2Cy|MeOH,PPh2Cy,MeOH,90.27,0,organometallics2022_borylation,ok,1
nib_borylation,nib_00364,s8,COc1ccc(Br)cc1,logical_s8,PPh3|MeOH,PPh3,MeOH,45.260000000000005,0,organometallics2022_borylation,ok,1
nib_borylation,nib_00365,s8,COc1ccc(Br)cc1,logical_s8,PPhtBu2|MeOH,PPhtBu2,MeOH,45.835,0,organometallics2022_borylation,ok,1
nib_borylation,nib_00366,s8,COc1ccc(Br)cc1,logical_s8,PXy3|MeOH,PXy3,MeOH,48.44,0,organometallics2022_borylation,ok,1
nib_borylation,nib_00367,s8,COc1ccc(Br)cc1,logical_s8,VPhos|MeOH,VPhos,MeOH,38.905,0,organometallics2022_borylation,ok,1
nib_borylation,nib_00368,s9,FC(F)(F)c1ccc(Br)cc1,logical_s9,A-paPhos|EtOH,A-paPhos,EtOH,54.120000000000005,0,organometallics2022_borylation,ok,1
nib_borylation,nib_00369,s9,FC(F)(F)c1ccc(Br)cc1,logical_s9,CX-FBu|EtOH,CX-FBu,EtOH,51.77,0,organometallics2022_borylation,ok,1
nib_borylation,nib_00370,s9,FC(F)(F)c1ccc(Br)cc1,logical_s9,CX-PCy|EtOH,CX-PCy,EtOH,70.82,0,organometallics2022_borylation,ok,1
nib_borylation,nib_00371,s9,FC(F)(F)c1ccc(Br)cc1,logical_s9,Cy-BippyPhos|EtOH,Cy-BippyPhos,EtOH,73.16999999999999,0,organometallics2022_borylation,ok,1
nib_borylation,nib_00372,s9,FC(F)(F)c1ccc(Br)cc1,logical_s9,Cy-JohnPhos|EtOH,Cy-JohnPhos,EtOH,66.06,0,organometallics2022_borylation,ok,1
nib_borylation,nib_00373,s9,FC(F)(F)c1ccc(Br)cc1,logical_s9,Cy-PhenCar-Phos|EtOH,Cy-PhenCar-Phos,EtOH,68.405,0,organometallics2022_borylation,ok,1
nib_borylation,nib_00374,s9,FC(F)(F)c1ccc(Br)cc1,logical_s9,Cy-vBRIDP|EtOH,Cy-vBRIDP,EtOH,56.465,0,organometallics2022_borylation,ok,1
nib_borylation,nib_00375,s9,FC(F)(F)c1ccc(Br)cc1,logical_s9,Kwong|EtOH,Kwong,EtOH,61.295,0,organometallics2022_borylation,ok,1
nib_borylation,nib_00376,s9,FC(F)(F)c1ccc(Br)cc1,logical_s9,MeO-KITPHOS|EtOH,MeO-KITPHOS,EtOH,66.06,0,organometallics2022_borylation,ok,1
nib_borylation,nib_00377,s9,FC(F)(F)c1ccc(Br)cc1,logical_s9,MePhos|EtOH,MePhos,EtOH,49.35,0,organometallics2022_borylation,ok,1
nib_borylation,nib_00378,s9,FC(F)(F)c1ccc(Br)cc1,logical_s9,PCy3 HBF4|EtOH,PCy3 HBF4,EtOH,49.35,0,organometallics2022_borylation,ok,1
nib_borylation,nib_00379,s9,FC(F)(F)c1ccc(Br)cc1,logical_s9,Ph-DavePhos|EtOH,Ph-DavePhos,EtOH,66.06,0,organometallics2022_borylation,ok,1
nib_borylation,nib_00380,s9,FC(F)(F)c1ccc(Br)cc1,logical_s9,Ph-SPhos|EtOH,Ph-SPhos,EtOH,63.645,0,organometallics2022_borylation,ok,1
nib_borylation,nib_00381,s9,FC(F)(F)c1ccc(Br)cc1,logical_s9,Ph-XPhos|EtOH,Ph-XPhos,EtOH,44.59,0,organometallics2022_borylation,ok,1
nib_borylation,nib_00382,s9,FC(F)(F)c1ccc(Br)cc1,logical_s9,PMe3 HBF4|EtOH,PMe3 HBF4,EtOH,23.125,0,organometallics2022_borylation,ok,1
nib_borylation,nib_00383,s9,FC(F)(F)c1ccc(Br)cc1,logical_s9,P(o-Anis)3|EtOH,P(o-Anis)3,EtOH,80.28,0,organometallics2022_borylation,ok,1
nib_borylation,nib_00384,s9,FC(F)(F)c1ccc(Br)cc1,logical_s9,P(p-Anis)3|EtOH,P(p-Anis)3,EtOH,54.120000000000005,0,organometallics2022_borylation,ok,1
nib_borylation,nib_00385,s9,FC(F)(F)c1ccc(Br)cc1,logical_s9,P(p-F-Ph)3|EtOH,P(p-F-Ph)3,EtOH,89.805,0,organometallics2022_borylation,ok,1
nib_borylation,nib_00386,s9,FC(F)(F)c1ccc(Br)cc1,logical_s9,PPh2Cy|EtOH,PPh2Cy,EtOH,56.465,0,organometallics2022_borylation,ok,1
nib_borylation,nib_00387,s9,FC(F)(F)c1ccc(Br)cc1,logical_s9,PPh3|EtOH,PPh3,EtOH,87.46000000000001,0,organometallics2022_borylation,ok,1
nib_borylation,nib_00388,s9,FC(F)(F)c1ccc(Br)cc1,logical_s9,PPhtBu2|EtOH,PPhtBu2,EtOH,25.54,0,organometallics2022_borylation,ok,1
nib_borylation,nib_00389,s9,FC(F)(F)c1ccc(Br)cc1,logical_s9,PXy3|EtOH,PXy3,EtOH,77.935,0,organometallics2022_borylation,ok,1
nib_borylation,nib_00390,s9,FC(F)(F)c1ccc(Br)cc1,logical_s9,VPhos|EtOH,VPhos,EtOH,35.065,0,organometallics2022_borylation,ok,1
nib_borylation,nib_00391,s9,FC(F)(F)c1ccc(Br)cc1,logical_s9,A-paPhos|MeOH,A-paPhos,MeOH,44.52,0,organometallics2022_borylation,ok,1
nib_borylation,nib_00392,s9,FC(F)(F)c1ccc(Br)cc1,logical_s9,CX-FBu|MeOH,CX-FBu,MeOH,46.935,0,organometallics2022_borylation,ok,1
nib_borylation,nib_00393,s9,FC(F)(F)c1ccc(Br)cc1,logical_s9,CX-PCy|MeOH,CX-PCy,MeOH,70.82,0,organometallics2022_borylation,ok,1
nib_borylation,nib_00394,s9,FC(F)(F)c1ccc(Br)cc1,logical_s9,Cy-BippyPhos|MeOH,Cy-BippyPhos,MeOH,85.11,0,organometallics2022_borylation,ok,1
nib_borylation,nib_00395,s9,FC(F)(F)c1ccc(Br)cc1,logical_s9,Cy-JohnPhos|MeOH,Cy-JohnPhos,MeOH,63.645,0,organometallics2022_borylation,ok,1
nib_borylation,nib_00396,s9,FC(F)(F)c1ccc(Br)cc1,logical_s9,Cy-PhenCar-Phos|MeOH,Cy-PhenCar-Phos,MeOH,75.585,0,organometallics2022_borylation,ok,1
nib_borylation,nib_00397,s9,FC(F)(F)c1ccc(Br)cc1,logical_s9,Cy-vBRIDP|MeOH,Cy-vBRIDP,MeOH,54.120000000000005,0,organometallics2022_borylation,ok,1
nib_borylation,nib_00398,s9,FC(F)(F)c1ccc(Br)cc1,logical_s9,Kwong|MeOH,Kwong,MeOH,75.585,0,organometallics2022_borylation,ok,1
nib_borylation,nib_00399,s9,FC(F)(F)c1ccc(Br)cc1,logical_s9,MeO-KITPHOS|MeOH,MeO-KITPHOS,MeOH,65.99000000000001,0,organometallics2022_borylation,ok,1
nib_borylation,nib_00400,s9,FC(F)(F)c1ccc(Br)cc1,logical_s9,MePhos|MeOH,MePhos,MeOH,66.06,0,organometallics2022_borylation,ok,1
nib_borylation,nib_00401,s9,FC(F)(F)c1ccc(Br)cc1,logical_s9,PCy3 HBF4|MeOH,PCy3 HBF4,MeOH,37.41,0,organometallics2022_borylation,ok,1
nib_borylation,nib_00402,s9,FC(F)(F)c1ccc(Br)cc1,logical_s9,Ph-DavePhos|MeOH,Ph-DavePhos,MeOH,61.295,0,organometallics2022_borylation,ok,1
nib_borylation,nib_00403,s9,FC(F)(F)c1ccc(Br)cc1,logical_s9,Ph-SPhos|MeOH,Ph-SPhos,MeOH,61.295,0,organometallics2022_borylation,ok,1
nib_borylation,nib_00404,s9,FC(F)(F)c1ccc(Br)cc1,logical_s9,Ph-XPhos|MeOH,Ph-XPhos,MeOH,39.825,0,organometallics2022_borylation,ok,1
nib_borylation,nib_00405,s9,FC(F)(F)c1ccc(Br)cc1,logical_s9,PMe3 HBF4|MeOH,PMe3 HBF4,MeOH,30.3,0,organometallics2022_borylation,ok,1
nib_borylation,nib_00406,s9,FC(F)(F)c1ccc(Br)cc1,logical_s9,P(o-Anis)3|MeOH,P(o-Anis)3,MeOH,70.82,0,organometallics2022_borylation,ok,1
nib_borylation,nib_00407,s9,FC(F)(F)c1ccc(Br)cc1,logical_s9,P(p-Anis)3|MeOH,P(p-Anis)3,MeOH,54.045,0,organometallics2022_borylation,ok,1
nib_borylation,nib_00408,s9,FC(F)(F)c1ccc(Br)cc1,logical_s9,P(p-F-Ph)3|MeOH,P(p-F-Ph)3,MeOH,70.82,0,organometallics2022_borylation,ok,1
nib_borylation,nib_00409,s9,FC(F)(F)c1ccc(Br)cc1,logical_s9,PPh2Cy|MeOH,PPh2Cy,MeOH,51.7,0,organometallics2022_borylation,ok,1
nib_borylation,nib_00410,s9,FC(F)(F)c1ccc(Br)cc1,logical_s9,PPh3|MeOH,PPh3,MeOH,56.535,0,organometallics2022_borylation,ok,1
nib_borylation,nib_00411,s9,FC(F)(F)c1ccc(Br)cc1,logical_s9,PPhtBu2|MeOH,PPhtBu2,MeOH,25.54,0,organometallics2022_borylation,ok,1
nib_borylation,nib_00412,s9,FC(F)(F)c1ccc(Br)cc1,logical_s9,PXy3|MeOH,PXy3,MeOH,70.82,0,organometallics2022_borylation,ok,1
nib_borylation,nib_00413,s9,FC(F)(F)c1ccc(Br)cc1,logical_s9,VPhos|MeOH,VPhos,MeOH,47.005,0,organometallics2022_borylation,ok,1
nib_borylation,nib_00414,s10,CN(C)C(=O)c1ccc(Cl)cc1,logical_s10,A-paPhos|EtOH,A-paPhos,EtOH,31.885,0,organometallics2022_borylation,ok,1
nib_borylation,nib_00415,s10,CN(C)C(=O)c1ccc(Cl)cc1,logical_s10,CX-FBu|EtOH,CX-FBu,EtOH,25.995,0,organometallics2022_borylation,ok,1
nib_borylation,nib_00416,s10,CN(C)C(=O)c1ccc(Cl)cc1,logical_s10,CX-PCy|EtOH,CX-PCy,EtOH,67.46000000000001,0,organometallics2022_borylation,ok,1
nib_borylation,nib_00417,s10,CN(C)C(=O)c1ccc(Cl)cc1,logical_s10,Cy-BippyPhos|EtOH,Cy-BippyPhos,EtOH,51.485,0,organometallics2022_borylation,ok,1
nib_borylation,nib_00418,s10,CN(C)C(=O)c1ccc(Cl)cc1,logical_s10,Cy-JohnPhos|EtOH,Cy-JohnPhos,EtOH,69.02,0,organometallics2022_borylation,ok,1
nib_borylation,nib_00419,s10,CN(C)C(=O)c1ccc(Cl)cc1,logical_s10,Cy-PhenCar-Phos|EtOH,Cy-PhenCar-Phos,EtOH,55.86,0,organometallics2022_borylation,ok,1
nib_borylation,nib_00420,s10,CN(C)C(=O)c1ccc(Cl)cc1,logical_s10,Cy-vBRIDP|EtOH,Cy-vBRIDP,EtOH,50.98,0,organometallics2022_borylation,ok,1
nib_borylation,nib_00421,s10,CN(C)C(=O)c1ccc(Cl)cc1,logical_s10,Kwong|EtOH,Kwong,EtOH,50.24,0,organometallics2022_borylation,ok,1
nib_borylation,nib_00422,s10,CN(C)C(=O)c1ccc(Cl)cc1,logical_s10,MeO-KITPHOS|EtOH,MeO-KITPHOS,EtOH,61.355,0,organometallics2022_borylation,ok,1
nib_borylation,nib_00423,s10,CN(C)C(=O)c1ccc(Cl)cc1,logical_s10,MePhos|EtOH,MePhos,EtOH,46.805,0,organometallics2022_borylation,ok,1
nib_borylation,nib_00424,s10,CN(C)C(=O)c1ccc(Cl)cc1,logical_s10,PCy3 HBF4|EtOH,PCy3 HBF4,EtOH,18.79,0,organometallics2022_borylation,ok,1
nib_borylation,nib_00425,s10,CN(C)C(=O)c1ccc(Cl)cc1,logical_s10,Ph-DavePhos|EtOH,Ph-DavePhos,EtOH,46.775,0,organometallics2022_borylation,ok,1
nib_borylation,nib_00426,s10,CN(C)C(=O)c1ccc(Cl)cc1,logical_s10,Ph-SPhos|EtOH,Ph-SPhos,EtOH,46.785,0,organometallics2022_borylation,ok,1
nib_borylation,nib_00427,s10,CN(C)C(=O)c1ccc(Cl)cc1,logical_s10,Ph-XPhos|EtOH,Ph-XPhos,EtOH,46.645,0,organometallics2022_borylation,ok,1
nib_borylation,nib_00428,s10,CN(C)C(=O)c1ccc(Cl)cc1,logical_s10,PMe3 HBF4|EtOH,PMe3 HBF4,EtOH,9.21,0,organometallics2022_borylation,ok,1
nib_borylation,nib_00429,s10,CN(C)C(=O)c1ccc(Cl)cc1,logical_s10,P(o-Anis)3|EtOH,P(o-Anis)3,EtOH,11.95,0,organometallics2022_borylation,ok,1
nib_borylation,nib_00430,s10,CN(C)C(=O)c1ccc(Cl)cc1,logical_s10,P(p-Anis)3|EtOH,P(p-Anis)3,EtOH,34.075,0,organometallics2022_borylation,ok,1
nib_borylation,nib_00431,s10,CN(C)C(=O)c1ccc(Cl)cc1,logical_s10,P(p-F-Ph)3|EtOH,P(p-F-Ph)3,EtOH,62.165,0,organometallics2022_borylation,ok,1
nib_borylation,nib_00432,s10,CN(C)C(=O)c1ccc(Cl)cc1,logical_s10,PPh2Cy|EtOH,PPh2Cy,EtOH,64.315,0,organometallics2022_borylation,ok,1
nib_borylation,nib_00433,s10,CN(C)C(=O)c1ccc(Cl)cc1,logical_s10,PPh3|EtOH,PPh3,EtOH,40.735,0,organometallics2022_borylation,ok,1
nib_borylation,nib_00434,s10,CN(C)C(=O)c1ccc(Cl)cc1,logical_s10,PPhtBu2|EtOH,PPhtBu2,EtOH,10.525,0,organometallics2022_borylation,ok,1
nib_borylation,nib_00435,s10,CN(C)C(=O)c1ccc(Cl)cc1,logical_s10,PXy3|EtOH,PXy3,EtOH,23.56,0,organometallics2022_borylation,ok,1
nib_borylation,nib_00436,s10,CN(C)C(=O)c1ccc(Cl)cc1,logical_s10,VPhos|EtOH,VPhos,EtOH,55.465,0,organometallics2022_borylation,ok,1
nib_borylation,nib_00437,s10,CN(C)C(=O)c1ccc(Cl)cc1,logical_s10,A-paPhos|MeOH,A-paPhos,MeOH,37.7,0,organometallics2022_borylation,ok,1
nib_borylation,nib_00438,s10,CN(C)C(=O)c1ccc(Cl)cc1,logical_s10,CX-FBu|MeOH,CX-FBu,MeOH,29.205,0,organometallics2022_borylation,ok,1
nib_borylation,nib_00439,s10,CN(C)C(=O)c1ccc(Cl)cc1,logical_s10,CX-PCy|MeOH,CX-PCy,MeOH,76.875,0,organometallics2022_borylation,ok,1
nib_borylation,nib_00440,s10,CN(C)C(=O)c1ccc(Cl)cc1,logical_s10,Cy-BippyPhos|MeOH,Cy-BippyPhos,MeOH,71.94,0,organometallics2022_borylation,ok,1
nib_borylation,nib_00441,s10,CN(C)C(=O)c1ccc(Cl)cc1,logical_s10,Cy-JohnPhos|MeOH,Cy-JohnPhos,MeOH,67.025,0,organometallics2022_borylation,ok,1
nib_borylation,nib_00442,s10,CN(C)C(=O)c1ccc(Cl)cc1,logical_s10,Cy-PhenCar-Phos|MeOH,Cy-PhenCar-Phos,MeOH,66.35,0,organometallics2022_borylation,ok,1
nib_borylation,nib_00443,s10,CN(C)C(=O)c1ccc(Cl)cc1,logical_s10,Cy-vBRIDP|MeOH,Cy-vBRIDP,MeOH,49.95,0,organometallics2022_borylation,ok,1
nib_borylation,nib_00444,s10,CN(C)C(=O)c1ccc(Cl)cc1,logical_s10,Kwong|MeOH,Kwong,MeOH,72.18,0,organometallics2022_borylation,ok,1
nib_borylation,nib_00445,s10,CN(C)C(=O)c1ccc(Cl)cc1,logical_s10,MeO-KITPHOS|MeOH,MeO-KITPHOS,MeOH,75.99000000000001,0,organometallics2022_borylation,ok,1
nib_borylation,nib_00446,s10,CN(C)C(=O)c1ccc(Cl)cc1,logical_s10,MePhos|MeOH,MePhos,MeOH,48.24,0,organometallics2022_borylation,ok,1
nib_borylation,nib_00447,s10,CN(C)C(=O)c1ccc(Cl)cc1,logical_s10,PCy3 HBF4|MeOH,PCy3 HBF4,MeOH,28.325000000000003,0,organometallics2022_borylation,ok,1
nib_borylation,nib_00448,s10,CN(C)C(=O)c1ccc(Cl)cc1,logical_s10,Ph-DavePhos|MeOH,Ph-DavePhos,MeOH,62.74,0,organometallics2022_borylation,ok,1
nib_borylation,nib_00449,s10,CN(C)C(=O)c1ccc(Cl)cc1,logical_s10,Ph-SPhos|MeOH,Ph-SPhos,MeOH,57.045,0,organometallics2022_borylation,ok,1
nib_borylation,nib_00450,s10,CN(C)C(=O)c1ccc(Cl)cc1,logical_s10,Ph-XPhos|MeOH,Ph-XPhos,MeOH,56.535,0,organometallics2022_borylation,ok,1
nib_borylation,nib_00451,s10,CN(C)C(=O)c1ccc(Cl)cc1,logical_s10,PMe3 HBF4|MeOH,PMe3 HBF4,MeOH,7.02,0,organometallics2022_borylation,ok,1
nib_borylation,nib_00452,s10,CN(C)C(=O)c1ccc(Cl)cc1,logical_s10,P(o-Anis)3|MeOH,P(o-Anis)3,MeOH,11.35,0,organometallics2022_borylation,ok,1
nib_borylation,nib_00453,s10,CN(C)C(=O)c1ccc(Cl)cc1,logical_s10,P(p-Anis)3|MeOH,P(p-Anis)3,MeOH,43.75,0,organometallics2022_borylation,ok,1
nib_borylation,nib_00454,s10,CN(C)C(=O)c1ccc(Cl)cc1,logical_s10,P(p-F-Ph)3|MeOH,P(p-F-Ph)3,MeOH,77.24,0,organometallics2022_borylation,ok,1
nib_borylation,nib_00455,s10,CN(C)C(=O)c1ccc(Cl)cc1,logical_s10,PPh2Cy|MeOH,PPh2Cy,MeOH,61.32,0,organometallics2022_borylation,ok,1
nib_borylation,nib_00456,s10,CN(C)C(=O)c1ccc(Cl)cc1,logical_s10,PPh3|MeOH,PPh3,MeOH,46.78,0,organometallics2022_borylation,ok,1
nib_borylation,nib_00457,s10,CN(C)C(=O)c1ccc(Cl)cc1,logical_s10,PPhtBu2|MeOH,PPhtBu2,MeOH,8.085,0,organometallics2022_borylation,ok,1
nib_borylation,nib_00458,s10,CN(C)C(=O)c1ccc(Cl)cc1,logical_s10,PXy3|MeOH,PXy3,MeOH,18.76,0,organometallics2022_borylation,ok,1
nib_borylation,nib_00459,s10,CN(C)C(=O)c1ccc(Cl)cc1,logical_s10,VPhos|MeOH,VPhos,MeOH,50.83,0,organometallics2022_borylation,ok,1
nib_borylation,nib_00460,s11,Clc1ccc2[nH]ccc2c1,logical_s11,A-paPhos|EtOH,A-paPhos,EtOH,94.76,0,organometallics2022_borylation,ok,1
nib_borylation,nib_00461,s11,Clc1ccc2[nH]ccc2c1,logical_s11,CX-FBu|EtOH,CX-FBu,EtOH,24.33,0,organometallics2022_borylation,ok,1
nib_borylation,nib_00462,s11,Clc1ccc2[nH]ccc2c1,logical_s11,CX-PCy|EtOH,CX-PCy,EtOH,51.16,0,organometallics2022_borylation,ok,1
nib_borylation,nib_00463,s11,Clc1ccc2[nH]ccc2c1,logical_s11,Cy-BippyPhos|EtOH,Cy-BippyPhos,EtOH,69.6,0,organometallics2022_borylation,ok,1
nib_borylation,nib_00464,s11,Clc1ccc2[nH]ccc2c1,logical_s11,Cy-JohnPhos|EtOH,Cy-JohnPhos,EtOH,90.84,0,organometallics2022_borylation,ok,1
nib_borylation,nib_00465,s11,Clc1ccc2[nH]ccc2c1,logical_s11,Cy-PhenCar-Phos|EtOH,Cy-PhenCar-Phos,EtOH,80.78,0,organometallics2022_borylation,ok,1
nib_borylation,nib_00466,s11,Clc1ccc2[nH]ccc2c1,logical_s11,Cy-vBRIDP|EtOH,Cy-vBRIDP,EtOH,78.55,0,organometallics2022_borylation,ok,1
nib_borylation,nib_00467,s11,Clc1ccc2[nH]ccc2c1,logical_s11,Kwong|EtOH,Kwong,EtOH,71.84,0,organometallics2022_borylation,ok,1
nib_borylation,nib_00468,s11,Clc1ccc2[nH]ccc2c1,logical_s11,MeO-KITPHOS|EtOH,MeO-KITPHOS,EtOH,74.63,0,organometallics2022_borylation,ok,1
nib_borylation,nib_00469,s11,Clc1ccc2[nH]ccc2c1,logical_s11,MePhos|EtOH,MePhos,EtOH,67.93,0,organometallics2022_borylation,ok,1
nib_borylation,nib_00470,s11,Clc1ccc2[nH]ccc2c1,logical_s11,PCy3 HBF4|EtOH,PCy3 HBF4,EtOH,3.09,0,organometallics2022_borylation,ok,1
nib_borylation,nib_00471,s11,Clc1ccc2[nH]ccc2c1,logical_s11,Ph-DavePhos|EtOH,Ph-DavePhos,EtOH,45.01,0,organometallics2022_borylation,ok,1
nib_borylation,nib_00472,s11,Clc1ccc2[nH]ccc2c1,logical_s11,Ph-SPhos|EtOH,Ph-SPhos,EtOH,77.43,0,organometallics2022_borylation,ok,1
nib_borylation,nib_00473,s11,Clc1ccc2[nH]ccc2c1,logical_s11,Ph-XPhos|EtOH,Ph-XPhos,EtOH,9.79,0,organometallics2022_borylation,ok,1
nib_borylation,nib_00474,s11,Clc1ccc2[nH]ccc2c1,logical_s11,PMe3 HBF4|EtOH,PMe3 HBF4,EtOH,2.53,0,organometallics2022_borylation,ok,1
nib_borylation,nib_00475,s11,Clc1ccc2[nH]ccc2c1,logical_s11,P(o-Anis)3|EtOH,P(o-Anis)3,EtOH,22.09,0,organometallics2022_borylation,ok,1
nib_borylation,nib_00476,s11,Clc1ccc2[nH]ccc2c1,logical_s11,P(p-Anis)3|EtOH,P(p-Anis)3,EtOH,93.64,0,organometallics2022_borylation,ok,1
nib_borylation,nib_00477,s11,Clc1ccc2[nH]ccc2c1,logical_s11,P(p-F-Ph)3|EtOH,P(p-F-Ph)3,EtOH,95.32,0,organometallics2022_borylation,ok,1
nib_borylation,nib_00478,s11,Clc1ccc2[nH]ccc2c1,logical_s11,PPh2Cy|EtOH,PPh2Cy,EtOH,46.13,0,organometallics2022_borylation,ok,1
nib_borylation,nib_00479,s11,Clc1ccc2[nH]ccc2c1,logical_s11,PPh3|EtOH,PPh3,EtOH,79.11,0,organometallics2022_borylation,ok,1
nib_borylation,nib_00480,s11,Clc1ccc2[nH]ccc2c1,logical_s11,PPhtBu2|EtOH,PPhtBu2,EtOH,2.53,0,organometallics2022_borylation,ok,1
nib_borylation,nib_00481,s11,Clc1ccc2[nH]ccc2c1,logical_s11,PXy3|EtOH,PXy3,EtOH,4.2,0,organometallics2022_borylation,ok,1
nib_borylation,nib_00482,s11,Clc1ccc2[nH]ccc2c1,logical_s11,VPhos|EtOH,VPhos,EtOH,34.39,0,organometallics2022_borylation,ok,1
nib_borylation,nib_00483,s11,Clc1ccc2[nH]ccc2c1,logical_s11,A-paPhos|MeOH,A-paPhos,MeOH,43.89,0,organometallics2022_borylation,ok,1
nib_borylation,nib_00484,s11,Clc1ccc2[nH]ccc2c1,logical_s11,CX-FBu|MeOH,CX-FBu,MeOH,72.4,0,organometallics2022_borylation,ok,1
nib_borylation,nib_00485,s11,Clc1ccc2[nH]ccc2c1,logical_s11,CX-PCy|MeOH,CX-PCy,MeOH,84.14,0,organometallics2022_borylation,ok,1
nib_borylation,nib_00486,s11,Clc1ccc2[nH]ccc2c1,logical_s11,Cy-BippyPhos|MeOH,Cy-BippyPhos,MeOH,87.49,0,organometallics2022_borylation,ok,1
nib_borylation,nib_00487,s11,Clc1ccc2[nH]ccc2c1,logical_s11,Cy-JohnPhos|MeOH,Cy-JohnPhos,MeOH,86.93,0,organometallics2022_borylation,ok,1
nib_borylation,nib_00488,s11,Clc1ccc2[nH]ccc2c1,logical_s11,Cy-PhenCar-Phos|MeOH,Cy-PhenCar-Phos,MeOH,79.11,0,organometallics2022_borylation,ok,1
nib_borylation,nib_00489,s11,Clc1ccc2[nH]ccc2c1,logical_s11,Cy-vBRIDP|MeOH,Cy-vBRIDP,MeOH,71.28,0,organometallics2022_borylation,ok,1
nib_borylation,nib_00490,s11,Clc1ccc2[nH]ccc2c1,logical_s11,Kwong|MeOH,Kwong,MeOH,89.17,0,organometallics2022_borylation,ok,1
nib_borylation,nib_00491,s11,Clc1ccc2[nH]ccc2c1,logical_s11,MeO-KITPHOS|MeOH,MeO-KITPHOS,MeOH,85.25,0,organometallics2022_borylation,ok,1
nib_borylation,nib_00492,s11,Clc1ccc2[nH]ccc2c1,logical_s11,MePhos|MeOH,MePhos,MeOH,56.19,0,organometallics2022_borylation,ok,1
nib_borylation,nib_00493,s11,Clc1ccc2[nH]ccc2c1,logical_s11,PCy3 HBF4|MeOH,PCy3 HBF4,MeOH,8.68,0,organometallics2022_borylation,ok,1
nib_borylation,nib_00494,s11,Clc1ccc2[nH]ccc2c1,logical_s11,Ph-DavePhos|MeOH,Ph-DavePhos,MeOH,75.19,0,organometallics2022_borylation,ok,1
nib_borylation,nib_00495,s11,Clc1ccc2[nH]ccc2c1,logical_s11,Ph-SPhos|MeOH,Ph-SPhos,MeOH,90.84,0,organometallics2022_borylation,ok,1
nib_borylation,nib_00496,s11,Clc1ccc2[nH]ccc2c1,logical_s11,Ph-XPhos|MeOH,Ph-XPhos,MeOH,22.09,0,organometallics2022_borylation,ok,1
nib_borylation,nib_00497,s11,Clc1ccc2[nH]ccc2c1,logical_s11,PMe3 HBF4|MeOH,PMe3 HBF4,MeOH,4.76,0,organometallics2022_borylation,ok,1
nib_borylation,nib_00498,s11,Clc1ccc2[nH]ccc2c1,logical_s11,P(o-Anis)3|MeOH,P(o-Anis)3,MeOH,37.74,0,organometallics2022_borylation,ok,1
nib_borylation,nib_00499,s11,Clc1ccc2[nH]ccc2c1,logical_s11,P(p-Anis)3|MeOH,P(p-Anis)3,MeOH,91.4,0,organometallics2022_borylation,ok,1
nib_borylation,nib_00500,s11,Clc1ccc2[nH]ccc2c1,logical_s11,P(p-F-Ph)3|MeOH,P(p-F-Ph)3,MeOH,53.95,0,organometallics2022_borylation,ok,1
nib_borylation,nib_00501,s11,Clc1ccc2[nH]ccc2c1,logical_s11,PPh2Cy|MeOH,PPh2Cy,MeOH,74.63,0,organometallics2022_borylation,ok,1
nib_borylation,nib_00502,s11,Clc1ccc2[nH]ccc2c1,logical_s11,PPh3|MeOH,PPh3,MeOH,57.31,0,organometallics2022_borylation,ok,1
nib_borylation,nib_00503,s11,Clc1ccc2[nH]ccc2c1,logical_s11,PPhtBu2|MeOH,PPhtBu2,MeOH,3.65,0,organometallics2022_borylation,ok,1
nib_borylation,nib_00504,s11,Clc1ccc2[nH]ccc2c1,logical_s11,PXy3|MeOH,PXy3,MeOH,67.37,0,organometallics2022_borylation,ok,1
nib_borylation,nib_00505,s11,Clc1ccc2[nH]ccc2c1,logical_s11,VPhos|MeOH,VPhos,MeOH,28.8,0,organometallics2022_borylation,ok,1
nib_borylation,nib_00506,s12,CCOC(=O)c1cc(Br)cn1CC,logical_s12,A-paPhos|EtOH,A-paPhos,EtOH,38.344,0,organometallics2022_borylation,ok,1
nib_borylation,nib_00507,s12,CCOC(=O)c1cc(Br)cn1CC,logical_s12,CX-FBu|EtOH,CX-FBu,EtOH,26.78075,0,organometallics2022_borylation,ok,1
nib_borylation,nib_00508,s12,CCOC(=O)c1cc(Br)cn1CC,logical_s12,CX-PCy|EtOH,CX-PCy,EtOH,70.2225,0,organometallics2022_borylation,ok,1
nib_borylation,nib_00509,s12,CCOC(=O)c1cc(Br)cn1CC,logical_s12,Cy-BippyPhos|EtOH,Cy-BippyPhos,EtOH,68.65525,0,organometallics2022_borylation,ok,1
nib_borylation,nib_00510,s12,CCOC(=O)c1cc(Br)cn1CC,logical_s12,Cy-JohnPhos|EtOH,Cy-JohnPhos,EtOH,77.795,0,organometallics2022_borylation,ok,1
nib_borylation,nib_00511,s12,CCOC(=O)c1cc(Br)cn1CC,logical_s12,Cy-PhenCar-Phos|EtOH,Cy-PhenCar-Phos,EtOH,66.34450000000001,0,organometallics2022_borylation,ok,1
nib_borylation,nib_00512,s12,CCOC(=O)c1cc(Br)cn1CC,logical_s12,Cy-vBRIDP|EtOH,Cy-vBRIDP,EtOH,50.88175000000001,0,organometallics2022_borylation,ok,1
nib_borylation,nib_00513,s12,CCOC(=O)c1cc(Br)cn1CC,logical_s12,Kwong|EtOH,Kwong,EtOH,40.98675,0,organometallics2022_borylation,ok,1
nib_borylation,nib_00514,s12,CCOC(=O)c1cc(Br)cn1CC,logical_s12,MeO-KITPHOS|EtOH,MeO-KITPHOS,EtOH,64.187,0,organometallics2022_borylation,ok,1
nib_borylation,nib_00515,s12,CCOC(=O)c1cc(Br)cn1CC,logical_s12,MePhos|EtOH,MePhos,EtOH,58.371,0,organometallics2022_borylation,ok,1
nib_borylation,nib_00516,s12,CCOC(=O)c1cc(Br)cn1CC,logical_s12,PCy3 HBF4|EtOH,PCy3 HBF4,EtOH,16.635,0,organometallics2022_borylation,ok,1
nib_borylation,nib_00517,s12,CCOC(=O)c1cc(Br)cn1CC,logical_s12,Ph-DavePhos|EtOH,Ph-DavePhos,EtOH,27.18025,0,organometallics2022_borylation,ok,1
nib_borylation,nib_00518,s12,CCOC(=O)c1cc(Br)cn1CC,logical_s12,Ph-SPhos|EtOH,Ph-SPhos,EtOH,38.68225,0,organometallics2022_borylation,ok,1
nib_borylation,nib_00519,s12,CCOC(=O)c1cc(Br)cn1CC,logical_s12,Ph-XPhos|EtOH,Ph-XPhos,EtOH,31.39925,0,organometallics2022_borylation,ok,1
nib_borylation,nib_00520,s12,CCOC(=O)c1cc(Br)cn1CC,logical_s12,PMe3 HBF4|EtOH,PMe3 HBF4,EtOH,21.297,0,organometallics2022_borylation,ok,1
nib_borylation,nib_00521,s12,CCOC(=O)c1cc(Br)cn1CC,logical_s12,P(o-Anis)3|EtOH,P(o-Anis)3,EtOH,28.58075,0,organometallics2022_borylation,ok,1
nib_borylation,nib_00522,s12,CCOC(=O)c1cc(Br)cn1CC,logical_s12,P(p-Anis)3|EtOH,P(p-Anis)3,EtOH,38.1865,0,organometallics2022_borylation,ok,1
nib_borylation,nib_00523,s12,CCOC(=O)c1cc(Br)cn1CC,logical_s12,P(p-F-Ph)3|EtOH,P(p-F-Ph)3,EtOH,48.2995,0,organometallics2022_borylation,ok,1
nib_borylation,nib_00524,s12,CCOC(=O)c1cc(Br)cn1CC,logical_s12,PPh2Cy|EtOH,PPh2Cy,EtOH,56.51350000000001,0,organometallics2022_borylation,ok,1
nib_borylation,nib_00525,s12,CCOC(=O)c1cc(Br)cn1CC,logical_s12,PPh3|EtOH,PPh3,EtOH,43.225750000000005,0,organometallics2022_borylation,ok,1
nib_borylation,nib_00526,s12,CCOC(=O)c1cc(Br)cn1CC,logical_s12,PPhtBu2|EtOH,PPhtBu2,EtOH,11.22175,0,organometallics2022_borylation,ok,1
nib_borylation,nib_00527,s12,CCOC(=O)c1cc(Br)cn1CC,logical_s12,PXy3|EtOH,PXy3,EtOH,42.93,0,organometallics2022_borylation,ok,1
nib_borylation,nib_00528,s12,CCOC(=O)c1cc(Br)cn1CC,logical_s12,VPhos|EtOH,VPhos,EtOH,50.154,0,organometallics2022_borylation,ok,1
nib_borylation,nib_00529,s12,CCOC(=O)c1cc(Br)cn1CC,logical_s12,A-paPhos|MeOH,A-paPhos,MeOH,30.09975,0,organometallics2022_borylation,ok,1
nib_borylation,nib_00530,s12,CCOC(=O)c1cc(Br)cn1CC,logical_s12,CX-FBu|MeOH,CX-FBu,MeOH,19.85425,0,organometallics2022_borylation,ok,1
nib_borylation,nib_00531,s12,CCOC(=O)c1cc(Br)cn1CC,logical_s12,CX-PCy|MeOH,CX-PCy,MeOH,58.3715,0,organometallics2022_borylation,ok,1
nib_borylation,nib_00532,s12,CCOC(=O)c1cc(Br)cn1CC,logical_s12,Cy-BippyPhos|MeOH,Cy-BippyPhos,MeOH,48.50775,0,organometallics2022_borylation,ok,1
nib_borylation,nib_00533,s12,CCOC(=O)c1cc(Br)cn1CC,logical_s12,Cy-JohnPhos|MeOH,Cy-JohnPhos,MeOH,58.91125000000001,0,organometallics2022_borylation,ok,1
nib_borylation,nib_00534,s12,CCOC(=O)c1cc(Br)cn1CC,logical_s12,Cy-PhenCar-Phos|MeOH,Cy-PhenCar-Phos,MeOH,58.39175,0,organometallics2022_borylation,ok,1
nib_borylation,nib_00535,s12,CCOC(=O)c1cc(Br)cn1CC,logical_s12,Cy-vBRIDP|MeOH,Cy-vBRIDP,MeOH,43.05175,0,organometallics2022_borylation,ok,1
nib_borylation,nib_00536,s12,CCOC(=O)c1cc(Br)cn1CC,logical_s12,Kwong|MeOH,Kwong,MeOH,36.4115,0,organometallics2022_borylation,ok,1
nib_borylation,nib_00537,s12,CCOC(=O)c1cc(Br)cn1CC,logical_s12,MeO-KITPHOS|MeOH,MeO-KITPHOS,MeOH,16.829250000000002,0,organometallics2022_borylation,ok,1
nib_borylation,nib_00538,s12,CCOC(=O)c1cc(Br)cn1CC,logical_s12,MePhos|MeOH,MePhos,MeOH,43.33725,0,organometallics2022_borylation,ok,1
nib_borylation,nib_00539,s12,CCOC(=O)c1cc(Br)cn1CC,logical_s12,PCy3 HBF4|MeOH,PCy3 HBF4,MeOH,21.2765,0,organometallics2022_borylation,ok,1
nib_borylation,nib_00540,s12,CCOC(=O)c1cc(Br)cn1CC,logical_s12,Ph-DavePhos|MeOH,Ph-DavePhos,MeOH,20.75,0,organometallics2022_borylation,ok,1
nib_borylation,nib_00541,s12,CCOC(=O)c1cc(Br)cn1CC,logical_s12,Ph-SPhos|MeOH,Ph-SPhos,MeOH,19.62,0,organometallics2022_borylation,ok,1
nib_borylation,nib_00542,s12,CCOC(=O)c1cc(Br)cn1CC,logical_s12,Ph-XPhos|MeOH,Ph-XPhos,MeOH,26.09575,0,organometallics2022_borylation,ok,1
nib_borylation,nib_00543,s12,CCOC(=O)c1cc(Br)cn1CC,logical_s12,PMe3 HBF4|MeOH,PMe3 HBF4,MeOH,27.164,0,organometallics2022_borylation,ok,1
nib_borylation,nib_00544,s12,CCOC(=O)c1cc(Br)cn1CC,logical_s12,P(o-Anis)3|MeOH,P(o-Anis)3,MeOH,18.4805,0,organometallics2022_borylation,ok,1
nib_borylation,nib_00545,s12,CCOC(=O)c1cc(Br)cn1CC,logical_s12,P(p-Anis)3|MeOH,P(p-Anis)3,MeOH,31.122,0,organometallics2022_borylation,ok,1
nib_borylation,nib_00546,s12,CCOC(=O)c1cc(Br)cn1CC,logical_s12,P(p-F-Ph)3|MeOH,P(p-F-Ph)3,MeOH,37.699250000000006,0,organometallics2022_borylation,ok,1
nib_borylation,nib_00547,s12,CCOC(=O)c1cc(Br)cn1CC,logical_s12,PPh2Cy|MeOH,PPh2Cy,MeOH,39.2995,0,organometallics2022_borylation,ok,1
nib_borylation,nib_00548,s12,CCOC(=O)c1cc(Br)cn1CC,logical_s12,PPh3|MeOH,PPh3,MeOH,29.087,0,organometallics2022_borylation,ok,1
nib_borylation,nib_00549,s12,CCOC(=O)c1cc(Br)cn1CC,logical_s12,PPhtBu2|MeOH,PPhtBu2,MeOH,16.7915,0,organometallics2022_borylation,ok,1
nib_borylation,nib_00550,s12,CCOC(=O)c1cc(Br)cn1CC,logical_s12,PXy3|MeOH,PXy3,MeOH,23.52475,0,organometallics2022_borylation,ok,1
nib_borylation,nib_00551,s12,CCOC(=O)c1cc(Br)cn1CC,logical_s12,VPhos|MeOH,VPhos,MeOH,30.9035,0,organometallics2022_borylation,ok,1
nib_borylation,nib_00552,s13,CCOC(=O)c1ccc(Cl)c(F)c1,logical_s13,A-paPhos|EtOH,A-paPhos,EtOH,38.38,0,organometallics2022_borylation,ok,1
nib_borylation,nib_00553,s13,CCOC(=O)c1ccc(Cl)c(F)c1,logical_s13,CX-FBu|EtOH,CX-FBu,EtOH,19.02,0,organometallics2022_borylation,ok,1
nib_borylation,nib_00554,s13,CCOC(=O)c1ccc(Cl)c(F)c1,logical_s13,CX-PCy|EtOH,CX-PCy,EtOH,37.61,0,organometallics2022_borylation,ok,1
nib_borylation,nib_00555,s13,CCOC(=O)c1ccc(Cl)c(F)c1,logical_s13,Cy-BippyPhos|EtOH,Cy-BippyPhos,EtOH,11.91,0,organometallics2022_borylation,ok,1
nib_borylation,nib_00556,s13,CCOC(=O)c1ccc(Cl)c(F)c1,logical_s13,Cy-JohnPhos|EtOH,Cy-JohnPhos,EtOH,34.55,0,organometallics2022_borylation,ok,1
nib_borylation,nib_00557,s13,CCOC(=O)c1ccc(Cl)c(F)c1,logical_s13,Cy-PhenCar-Phos|EtOH,Cy-PhenCar-Phos,EtOH,30.835,0,organometallics2022_borylation,ok,1
nib_borylation,nib_00558,s13,CCOC(=O)c1ccc(Cl)c(F)c1,logical_s13,Cy-vBRIDP|EtOH,Cy-vBRIDP,EtOH,24.14,0,organometallics2022_borylation,ok,1
nib_borylation,nib_00559,s13,CCOC(=O)c1ccc(Cl)c(F)c1,logical_s13,Kwong|EtOH,Kwong,EtOH,18.635,0,organometallics2022_borylation,ok,1
nib_borylation,nib_00560,s13,CCOC(=O)c1ccc(Cl)c(F)c1,logical_s13,MeO-KITPHOS|EtOH,MeO-KITPHOS,EtOH,30.065,0,organometallics2022_borylation,ok,1
nib_borylation,nib_00561,s13,CCOC(=O)c1ccc(Cl)c(F)c1,logical_s13,MePhos|EtOH,MePhos,EtOH,30.880000000000003,0,organometallics2022_borylation,ok,1
nib_borylation,nib_00562,s13,CCOC(=O)c1ccc(Cl)c(F)c1,logical_s13,PCy3 HBF4|EtOH,PCy3 HBF4,EtOH,17.07,0,organometallics2022_borylation,ok,1
nib_borylation,nib_00563,s13,CCOC(=O)c1ccc(Cl)c(F)c1,logical_s13,Ph-DavePhos|EtOH,Ph-DavePhos,EtOH,25.31,0,organometallics2022_borylation,ok,1
nib_borylation,nib_00564,s13,CCOC(=O)c1ccc(Cl)c(F)c1,logical_s13,Ph-SPhos|EtOH,Ph-SPhos,EtOH,24.545,0,organometallics2022_borylation,ok,1
nib_borylation,nib_00565,s13,CCOC(=O)c1ccc(Cl)c(F)c1,logical_s13,Ph-XPhos|EtOH,Ph-XPhos,EtOH,27.28,0,organometallics2022_borylation,ok,1
nib_borylation,nib_00566,s13,CCOC(=O)c1ccc(Cl)c(F)c1,logical_s13,PMe3 HBF4|EtOH,PMe3 HBF4,EtOH,13.495,0,organometallics2022_borylation,ok,1
nib_borylation,nib_00567,s13,CCOC(=O)c1ccc(Cl)c(F)c1,logical_s13,P(o-Anis)3|EtOH,P(o-Anis)3,EtOH,14.285,0,organometallics2022_borylation,ok,1
nib_borylation,nib_00568,s13,CCOC(=O)c1ccc(Cl)c(F)c1,logical_s13,P(p-Anis)3|EtOH,P(p-Anis)3,EtOH,36.16,0,organometallics2022_borylation,ok,1
nib_borylation,nib_00569,s13,CCOC(=O)c1ccc(Cl)c(F)c1,logical_s13,P(p-F-Ph)3|EtOH,P(p-F-Ph)3,EtOH,43.61,0,organometallics2022_borylation,ok,1
nib_borylation,nib_00570,s13,CCOC(=O)c1ccc(Cl)c(F)c1,logical_s13,PPh2Cy|EtOH,PPh2Cy,EtOH,29.32,0,organometallics2022_borylation,ok,1
nib_borylation,nib_00571,s13,CCOC(=O)c1ccc(Cl)c(F)c1,logical_s13,PPh3|EtOH,PPh3,EtOH,43.995000000000005,0,organometallics2022_borylation,ok,1
nib_borylation,nib_00572,s13,CCOC(=O)c1ccc(Cl)c(F)c1,logical_s13,PPhtBu2|EtOH,PPhtBu2,EtOH,13.45,0,organometallics2022_borylation,ok,1
nib_borylation,nib_00573,s13,CCOC(=O)c1ccc(Cl)c(F)c1,logical_s13,PXy3|EtOH,PXy3,EtOH,29.705,0,organometallics2022_borylation,ok,1
nib_borylation,nib_00574,s13,CCOC(=O)c1ccc(Cl)c(F)c1,logical_s13,VPhos|EtOH,VPhos,EtOH,20.605,0,organometallics2022_borylation,ok,1
nib_borylation,nib_00575,s13,CCOC(=O)c1ccc(Cl)c(F)c1,logical_s13,A-paPhos|MeOH,A-paPhos,MeOH,61.91,0,organometallics2022_borylation,ok,1
nib_borylation,nib_00576,s13,CCOC(=O)c1ccc(Cl)c(F)c1,logical_s13,CX-FBu|MeOH,CX-FBu,MeOH,16.775,0,organometallics2022_borylation,ok,1
nib_borylation,nib_00577,s13,CCOC(=O)c1ccc(Cl)c(F)c1,logical_s13,CX-PCy|MeOH,CX-PCy,MeOH,54.325,0,organometallics2022_borylation,ok,1
nib_borylation,nib_00578,s13,CCOC(=O)c1ccc(Cl)c(F)c1,logical_s13,Cy-BippyPhos|MeOH,Cy-BippyPhos,MeOH,20.675,0,organometallics2022_borylation,ok,1
nib_borylation,nib_00579,s13,CCOC(=O)c1ccc(Cl)c(F)c1,logical_s13,Cy-JohnPhos|MeOH,Cy-JohnPhos,MeOH,55.48,0,organometallics2022_borylation,ok,1
nib_borylation,nib_00580,s13,CCOC(=O)c1ccc(Cl)c(F)c1,logical_s13,Cy-PhenCar-Phos|MeOH,Cy-PhenCar-Phos,MeOH,16.825000000000003,0,organometallics2022_borylation,ok,1
nib_borylation,nib_00581,s13,CCOC(=O)c1ccc(Cl)c(F)c1,logical_s13,Cy-vBRIDP|MeOH,Cy-vBRIDP,MeOH,25.86,0,organometallics2022_borylation,ok,1
nib_borylation,nib_00582,s13,CCOC(=O)c1ccc(Cl)c(F)c1,logical_s13,Kwong|MeOH,Kwong,MeOH,23.05,0,organometallics2022_borylation,ok,1
nib_borylation,nib_00583,s13,CCOC(=O)c1ccc(Cl)c(F)c1,logical_s13,MeO-KITPHOS|MeOH,MeO-KITPHOS,MeOH,4.84,0,organometallics2022_borylation,ok,1
nib_borylation,nib_00584,s13,CCOC(=O)c1ccc(Cl)c(F)c1,logical_s13,MePhos|MeOH,MePhos,MeOH,30.11,0,organometallics2022_borylation,ok,1
nib_borylation,nib_00585,s13,CCOC(=O)c1ccc(Cl)c(F)c1,logical_s13,PCy3 HBF4|MeOH,PCy3 HBF4,MeOH,29.795,0,organometallics2022_borylation,ok,1
nib_borylation,nib_00586,s13,CCOC(=O)c1ccc(Cl)c(F)c1,logical_s13,Ph-DavePhos|MeOH,Ph-DavePhos,MeOH,37.63,0,organometallics2022_borylation,ok,1
nib_borylation,nib_00587,s13,CCOC(=O)c1ccc(Cl)c(F)c1,logical_s13,Ph-SPhos|MeOH,Ph-SPhos,MeOH,34.075,0,organometallics2022_borylation,ok,1
nib_borylation,nib_00588,s13,CCOC(=O)c1ccc(Cl)c(F)c1,logical_s13,Ph-XPhos|MeOH,Ph-XPhos,MeOH,39.195,0,organometallics2022_borylation,ok,1
nib_borylation,nib_00589,s13,CCOC(=O)c1ccc(Cl)c(F)c1,logical_s13,PMe3 HBF4|MeOH,PMe3 HBF4,MeOH,16.775,0,organometallics2022_borylation,ok,1
nib_borylation,nib_00590,s13,CCOC(=O)c1ccc(Cl)c(F)c1,logical_s13,P(o-Anis)3|MeOH,P(o-Anis)3,MeOH,43.93,0,organometallics2022_borylation,ok,1
nib_borylation,nib_00591,s13,CCOC(=O)c1ccc(Cl)c(F)c1,logical_s13,P(p-Anis)3|MeOH,P(p-Anis)3,MeOH,64.245,0,organometallics2022_borylation,ok,1
nib_borylation,nib_00592,s13,CCOC(=O)c1ccc(Cl)c(F)c1,logical_s13,P(p-F-Ph)3|MeOH,P(p-F-Ph)3,MeOH,59.92,0,organometallics2022_borylation,ok,1
nib_borylation,nib_00593,s13,CCOC(=O)c1ccc(Cl)c(F)c1,logical_s13,PPh2Cy|MeOH,PPh2Cy,MeOH,55.91,0,organometallics2022_borylation,ok,1
nib_borylation,nib_00594,s13,CCOC(=O)c1ccc(Cl)c(F)c1,logical_s13,PPh3|MeOH,PPh3,MeOH,47.53,0,organometallics2022_borylation,ok,1
nib_borylation,nib_00595,s13,CCOC(=O)c1ccc(Cl)c(F)c1,logical_s13,PPhtBu2|MeOH,PPhtBu2,MeOH,13.88,0,organometallics2022_borylation,ok,1
nib_borylation,nib_00596,s13,CCOC(=O)c1ccc(Cl)c(F)c1,logical_s13,PXy3|MeOH,PXy3,MeOH,50.27,0,organometallics2022_borylation,ok,1
nib_borylation,nib_00597,s13,CCOC(=O)c1ccc(Cl)c(F)c1,logical_s13,VPhos|MeOH,VPhos,MeOH,20.29,0,organometallics2022_borylation,ok,1
nib_borylation,nib_00598,s14,COC(=O)c1ccc(Br)cc1,logical_s14,A-paPhos|EtOH,A-paPhos,EtOH,77.09,0,organometallics2022_borylation,ok,1
nib_borylation,nib_00599,s14,COC(=O)c1ccc(Br)cc1,logical_s14,CX-FBu|EtOH,CX-FBu,EtOH,57.745000000000005,0,organometallics2022_borylation,ok,1
nib_borylation,nib_00600,s14,COC(=O)c1ccc(Br)cc1,logical_s14,CX-PCy|EtOH,CX-PCy,EtOH,75.16,0,organometallics2022_borylation,ok,1
nib_borylation,nib_00601,s14,COC(=O)c1ccc(Br)cc1,logical_s14,Cy-BippyPhos|EtOH,Cy-BippyPhos,EtOH,68.2,0,organometallics2022_borylation,ok,1
nib_borylation,nib_00602,s14,COC(=O)c1ccc(Br)cc1,logical_s14,Cy-JohnPhos|EtOH,Cy-JohnPhos,EtOH,74.3,0,organometallics2022_borylation,ok,1
nib_borylation,nib_00603,s14,COC(=O)c1ccc(Br)cc1,logical_s14,Cy-PhenCar-Phos|EtOH,Cy-PhenCar-Phos,EtOH,64.56,0,organometallics2022_borylation,ok,1
nib_borylation,nib_00604,s14,COC(=O)c1ccc(Br)cc1,logical_s14,Cy-vBRIDP|EtOH,Cy-vBRIDP,EtOH,65.94,0,organometallics2022_borylation,ok,1
nib_borylation,nib_00605,s14,COC(=O)c1ccc(Br)cc1,logical_s14,Kwong|EtOH,Kwong,EtOH,61.77,0,organometallics2022_borylation,ok,1
nib_borylation,nib_00606,s14,COC(=O)c1ccc(Br)cc1,logical_s14,MeO-KITPHOS|EtOH,MeO-KITPHOS,EtOH,44.525000000000006,0,organometallics2022_borylation,ok,1
nib_borylation,nib_00607,s14,COC(=O)c1ccc(Br)cc1,logical_s14,MePhos|EtOH,MePhos,EtOH,59.32,0,organometallics2022_borylation,ok,1
nib_borylation,nib_00608,s14,COC(=O)c1ccc(Br)cc1,logical_s14,PCy3 HBF4|EtOH,PCy3 HBF4,EtOH,51.98,0,organometallics2022_borylation,ok,1
nib_borylation,nib_00609,s14,COC(=O)c1ccc(Br)cc1,logical_s14,Ph-DavePhos|EtOH,Ph-DavePhos,EtOH,74.31,0,organometallics2022_borylation,ok,1
nib_borylation,nib_00610,s14,COC(=O)c1ccc(Br)cc1,logical_s14,Ph-SPhos|EtOH,Ph-SPhos,EtOH,58.62,0,organometallics2022_borylation,ok,1
nib_borylation,nib_00611,s14,COC(=O)c1ccc(Br)cc1,logical_s14,Ph-XPhos|EtOH,Ph-XPhos,EtOH,50.620000000000005,0,organometallics2022_borylation,ok,1
nib_borylation,nib_00612,s14,COC(=O)c1ccc(Br)cc1,logical_s14,PMe3 HBF4|EtOH,PMe3 HBF4,EtOH,14.39,0,organometallics2022_borylation,ok,1
nib_borylation,nib_00613,s14,COC(=O)c1ccc(Br)cc1,logical_s14,P(o-Anis)3|EtOH,P(o-Anis)3,EtOH,76.04,0,organometallics2022_borylation,ok,1
nib_borylation,nib_00614,s14,COC(=O)c1ccc(Br)cc1,logical_s14,P(p-Anis)3|EtOH,P(p-Anis)3,EtOH,75.175,0,organometallics2022_borylation,ok,1
nib_borylation,nib_00615,s14,COC(=O)c1ccc(Br)cc1,logical_s14,P(p-F-Ph)3|EtOH,P(p-F-Ph)3,EtOH,79.88499999999999,0,organometallics2022_borylation,ok,1
nib_borylation,nib_00616,s14,COC(=O)c1ccc(Br)cc1,logical_s14,PPh2Cy|EtOH,PPh2Cy,EtOH,78.13499999999999,0,organometallics2022_borylation,ok,1
nib_borylation,nib_00617,s14,COC(=O)c1ccc(Br)cc1,logical_s14,PPh3|EtOH,PPh3,EtOH,79.51,0,organometallics2022_borylation,ok,1
nib_borylation,nib_00618,s14,COC(=O)c1ccc(Br)cc1,logical_s14,PPhtBu2|EtOH,PPhtBu2,EtOH,14.739999999999998,0,organometallics2022_borylation,ok,1
nib_borylation,nib_00619,s14,COC(=O)c1ccc(Br)cc1,logical_s14,PXy3|EtOH,PXy3,EtOH,78.66,0,organometallics2022_borylation,ok,1
nib_borylation,nib_00620,s14,COC(=O)c1ccc(Br)cc1,logical_s14,VPhos|EtOH,VPhos,EtOH,49.045,0,organometallics2022_borylation,ok,1
nib_borylation,nib_00621,s14,COC(=O)c1ccc(Br)cc1,logical_s14,A-paPhos|MeOH,A-paPhos,MeOH,76.57,0,organometallics2022_borylation,ok,1
nib_borylation,nib_00622,s14,COC(=O)c1ccc(Br)cc1,logical_s14,CX-FBu|MeOH,CX-FBu,MeOH,56.89,0,organometallics2022_borylation,ok,1
nib_borylation,nib_00623,s14,COC(=O)c1ccc(Br)cc1,logical_s14,CX-PCy|MeOH,CX-PCy,MeOH,74.99000000000001,0,organometallics2022_borylation,ok,1
nib_borylation,nib_00624,s14,COC(=O)c1ccc(Br)cc1,logical_s14,Cy-BippyPhos|MeOH,Cy-BippyPhos,MeOH,68.71000000000001,0,organometallics2022_borylation,ok,1
nib_borylation,nib_00625,s14,COC(=O)c1ccc(Br)cc1,logical_s14,Cy-JohnPhos|MeOH,Cy-JohnPhos,MeOH,68.37,0,organometallics2022_borylation,ok,1
nib_borylation,nib_00626,s14,COC(=O)c1ccc(Br)cc1,logical_s14,Cy-PhenCar-Phos|MeOH,Cy-PhenCar-Phos,MeOH,68.195,0,organometallics2022_borylation,ok,1
nib_borylation,nib_00627,s14,COC(=O)c1ccc(Br)cc1,logical_s14,Cy-vBRIDP|MeOH,Cy-vBRIDP,MeOH,54.975,0,organometallics2022_borylation,ok,1
nib_borylation,nib_00628,s14,COC(=O)c1ccc(Br)cc1,logical_s14,Kwong|MeOH,Kwong,MeOH,71.16,0,organometallics2022_borylation,ok,1
nib_borylation,nib_00629,s14,COC(=O)c1ccc(Br)cc1,logical_s14,MeO-KITPHOS|MeOH,MeO-KITPHOS,MeOH,69.065,0,organometallics2022_borylation,ok,1
nib_borylation,nib_00630,s14,COC(=O)c1ccc(Br)cc1,logical_s14,MePhos|MeOH,MePhos,MeOH,52.015,0,organometallics2022_borylation,ok,1
nib_borylation,nib_00631,s14,COC(=O)c1ccc(Br)cc1,logical_s14,PCy3 HBF4|MeOH,PCy3 HBF4,MeOH,50.275,0,organometallics2022_borylation,ok,1
nib_borylation,nib_00632,s14,COC(=O)c1ccc(Br)cc1,logical_s14,Ph-DavePhos|MeOH,Ph-DavePhos,MeOH,65.75999999999999,0,organometallics2022_borylation,ok,1
nib_borylation,nib_00633,s14,COC(=O)c1ccc(Br)cc1,logical_s14,Ph-SPhos|MeOH,Ph-SPhos,MeOH,62.615,0,organometallics2022_borylation,ok,1
nib_borylation,nib_00634,s14,COC(=O)c1ccc(Br)cc1,logical_s14,Ph-XPhos|MeOH,Ph-XPhos,MeOH,47.3,0,organometallics2022_borylation,ok,1
nib_borylation,nib_00635,s14,COC(=O)c1ccc(Br)cc1,logical_s14,PMe3 HBF4|MeOH,PMe3 HBF4,MeOH,47.3,0,organometallics2022_borylation,ok,1
nib_borylation,nib_00636,s14,COC(=O)c1ccc(Br)cc1,logical_s14,P(o-Anis)3|MeOH,P(o-Anis)3,MeOH,71.155,0,organometallics2022_borylation,ok,1
nib_borylation,nib_00637,s14,COC(=O)c1ccc(Br)cc1,logical_s14,P(p-Anis)3|MeOH,P(p-Anis)3,MeOH,77.59,0,organometallics2022_borylation,ok,1
nib_borylation,nib_00638,s14,COC(=O)c1ccc(Br)cc1,logical_s14,P(p-F-Ph)3|MeOH,P(p-F-Ph)3,MeOH,80.735,0,organometallics2022_borylation,ok,1
nib_borylation,nib_00639,s14,COC(=O)c1ccc(Br)cc1,logical_s14,PPh2Cy|MeOH,PPh2Cy,MeOH,77.265,0,organometallics2022_borylation,ok,1
nib_borylation,nib_00640,s14,COC(=O)c1ccc(Br)cc1,logical_s14,PPh3|MeOH,PPh3,MeOH,76.53,0,organometallics2022_borylation,ok,1
nib_borylation,nib_00641,s14,COC(=O)c1ccc(Br)cc1,logical_s14,PPhtBu2|MeOH,PPhtBu2,MeOH,15.435,0,organometallics2022_borylation,ok,1
nib_borylation,nib_00642,s14,COC(=O)c1ccc(Br)cc1,logical_s14,PXy3|MeOH,PXy3,MeOH,71.68,0,organometallics2022_borylation,ok,1
nib_borylation,nib_00643,s14,COC(=O)c1ccc(Br)cc1,logical_s14,VPhos|MeOH,VPhos,MeOH,50.095,0,organometallics2022_borylation,ok,1
nib_borylation,nib_00644,s15,CN(C)S(=O)(=O)Oc1ccc2ncccc2c1,logical_s15,A-paPhos|EtOH,A-paPhos,EtOH,68.63,0,organometallics2022_borylation,ok,1
nib_borylation,nib_00645,s15,CN(C)S(=O)(=O)Oc1ccc2ncccc2c1,logical_s15,CX-FBu|EtOH,CX-FBu,EtOH,44.98,0,organometallics2022_borylation,ok,1
nib_borylation,nib_00646,s15,CN(C)S(=O)(=O)Oc1ccc2ncccc2c1,logical_s15,CX-PCy|EtOH,CX-PCy,EtOH,50.58,0,organometallics2022_borylation,ok,1
nib_borylation,nib_00647,s15,CN(C)S(=O)(=O)Oc1ccc2ncccc2c1,logical_s15,Cy-BippyPhos|EtOH,Cy-BippyPhos,EtOH,22.57,0,organometallics2022_borylation,ok,1
nib_borylation,nib_00648,s15,CN(C)S(=O)(=O)Oc1ccc2ncccc2c1,logical_s15,Cy-JohnPhos|EtOH,Cy-JohnPhos,EtOH,51.2,0,organometallics2022_borylation,ok,1
nib_borylation,nib_00649,s15,CN(C)S(=O)(=O)Oc1ccc2ncccc2c1,logical_s15,Cy-PhenCar-Phos|EtOH,Cy-PhenCar-Phos,EtOH,27.55,0,organometallics2022_borylation,ok,1
nib_borylation,nib_00650,s15,CN(C)S(=O)(=O)Oc1ccc2ncccc2c1,logical_s15,Cy-vBRIDP|EtOH,Cy-vBRIDP,EtOH,59.3,0,organometallics2022_borylation,ok,1
nib_borylation,nib_00651,s15,CN(C)S(=O)(=O)Oc1ccc2ncccc2c1,logical_s15,Kwong|EtOH,Kwong,EtOH,26.31,0,organometallics2022_borylation,ok,1
nib_borylation,nib_00652,s15,CN(C)S(=O)(=O)Oc1ccc2ncccc2c1,logical_s15,MeO-KITPHOS|EtOH,MeO-KITPHOS,EtOH,48.72,0,organometallics2022_borylation,ok,1
nib_borylation,nib_00653,s15,CN(C)S(=O)(=O)Oc1ccc2ncccc2c1,logical_s15,MePhos|EtOH,MePhos,EtOH,43.74,0,organometallics2022_borylation,ok,1
nib_borylation,nib_00654,s15,CN(C)S(=O)(=O)Oc1ccc2ncccc2c1,logical_s15,PCy3 HBF4|EtOH,PCy3 HBF4,EtOH,52.45,0,organometallics2022_borylation,ok,1
nib_borylation,nib_00655,s15,CN(C)S(=O)(=O)Oc1ccc2ncccc2c1,logical_s15,Ph-DavePhos|EtOH,Ph-DavePhos,EtOH,48.09,0,organometallics2022_borylation,ok,1
nib_borylation,nib_00656,s15,CN(C)S(=O)(=O)Oc1ccc2ncccc2c1,logical_s15,Ph-SPhos|EtOH,Ph-SPhos,EtOH,38.13,0,organometallics2022_borylation,ok,1
nib_borylation,nib_00657,s15,CN(C)S(=O)(=O)Oc1ccc2ncccc2c1,logical_s15,Ph-XPhos|EtOH,Ph-XPhos,EtOH,21.33,0,organometallics2022_borylation,ok,1
nib_borylation,nib_00658,s15,CN(C)S(=O)(=O)Oc1ccc2ncccc2c1,logical_s15,PMe3 HBF4|EtOH,PMe3 HBF4,EtOH,16.97,0,organometallics2022_borylation,ok,1
nib_borylation,nib_00659,s15,CN(C)S(=O)(=O)Oc1ccc2ncccc2c1,logical_s15,P(o-Anis)3|EtOH,P(o-Anis)3,EtOH,52.45,0,organometallics2022_borylation,ok,1
nib_borylation,nib_00660,s15,CN(C)S(=O)(=O)Oc1ccc2ncccc2c1,logical_s15,P(p-Anis)3|EtOH,P(p-Anis)3,EtOH,68.63,0,organometallics2022_borylation,ok,1
nib_borylation,nib_00661,s15,CN(C)S(=O)(=O)Oc1ccc2ncccc2c1,logical_s15,P(p-F-Ph)3|EtOH,P(p-F-Ph)3,EtOH,61.16,0,organometallics2022_borylation,ok,1
nib_borylation,nib_00662,s15,CN(C)S(=O)(=O)Oc1ccc2ncccc2c1,logical_s15,PPh2Cy|EtOH,PPh2Cy,EtOH,69.26,0,organometallics2022_borylation,ok,1
nib_borylation,nib_00663,s15,CN(C)S(=O)(=O)Oc1ccc2ncccc2c1,logical_s15,PPh3|EtOH,PPh3,EtOH,63.65,0,organometallics2022_borylation,ok,1
nib_borylation,nib_00664,s15,CN(C)S(=O)(=O)Oc1ccc2ncccc2c1,logical_s15,PPhtBu2|EtOH,PPhtBu2,EtOH,16.97,0,organometallics2022_borylation,ok,1
nib_borylation,nib_00665,s15,CN(C)S(=O)(=O)Oc1ccc2ncccc2c1,logical_s15,PXy3|EtOH,PXy3,EtOH,67.39,0,organometallics2022_borylation,ok,1
nib_borylation,nib_00666,s15,CN(C)S(=O)(=O)Oc1ccc2ncccc2c1,logical_s15,VPhos|EtOH,VPhos,EtOH,23.82,0,organometallics2022_borylation,ok,1
nib_borylation,nib_00667,s15,CN(C)S(=O)(=O)Oc1ccc2ncccc2c1,logical_s15,A-paPhos|MeOH,A-paPhos,MeOH,71.12,0,organometallics2022_borylation,ok,1
nib_borylation,nib_00668,s15,CN(C)S(=O)(=O)Oc1ccc2ncccc2c1,logical_s15,CX-FBu|MeOH,CX-FBu,MeOH,41.87,0,organometallics2022_borylation,ok,1
nib_borylation,nib_00669,s15,CN(C)S(=O)(=O)Oc1ccc2ncccc2c1,logical_s15,CX-PCy|MeOH,CX-PCy,MeOH,43.11,0,organometallics2022_borylation,ok,1
nib_borylation,nib_00670,s15,CN(C)S(=O)(=O)Oc1ccc2ncccc2c1,logical_s15,Cy-BippyPhos|MeOH,Cy-BippyPhos,MeOH,14.48,0,organometallics2022_borylation,ok,1
nib_borylation,nib_00671,s15,CN(C)S(=O)(=O)Oc1ccc2ncccc2c1,logical_s15,Cy-JohnPhos|MeOH,Cy-JohnPhos,MeOH,44.36,0,organometallics2022_borylation,ok,1
nib_borylation,nib_00672,s15,CN(C)S(=O)(=O)Oc1ccc2ncccc2c1,logical_s15,Cy-PhenCar-Phos|MeOH,Cy-PhenCar-Phos,MeOH,19.46,0,organometallics2022_borylation,ok,1
nib_borylation,nib_00673,s15,CN(C)S(=O)(=O)Oc1ccc2ncccc2c1,logical_s15,Cy-vBRIDP|MeOH,Cy-vBRIDP,MeOH,49.34,0,organometallics2022_borylation,ok,1
nib_borylation,nib_00674,s15,CN(C)S(=O)(=O)Oc1ccc2ncccc2c1,logical_s15,Kwong|MeOH,Kwong,MeOH,21.95,0,organometallics2022_borylation,ok,1
nib_borylation,nib_00675,s15,CN(C)S(=O)(=O)Oc1ccc2ncccc2c1,logical_s15,MeO-KITPHOS|MeOH,MeO-KITPHOS,MeOH,39.38,0,organometallics2022_borylation,ok,1
nib_borylation,nib_00676,s15,CN(C)S(=O)(=O)Oc1ccc2ncccc2c1,logical_s15,MePhos|MeOH,MePhos,MeOH,35.64,0,organometallics2022_borylation,ok,1
nib_borylation,nib_00677,s15,CN(C)S(=O)(=O)Oc1ccc2ncccc2c1,logical_s15,PCy3 HBF4|MeOH,PCy3 HBF4,MeOH,57.43,0,organometallics2022_borylation,ok,1
nib_borylation,nib_00678,s15,CN(C)S(=O)(=O)Oc1ccc2ncccc2c1,logical_s15,Ph-DavePhos|MeOH,Ph-DavePhos,MeOH,39.38,0,organometallics2022_borylation,ok,1
nib_borylation,nib_00679,s15,CN(C)S(=O)(=O)Oc1ccc2ncccc2c1,logical_s15,Ph-SPhos|MeOH,Ph-SPhos,MeOH,26.31,0,organometallics2022_borylation,ok,1
nib_borylation,nib_00680,s15,CN(C)S(=O)(=O)Oc1ccc2ncccc2c1,logical_s15,Ph-XPhos|MeOH,Ph-XPhos,MeOH,14.48,0,organometallics2022_borylation,ok,1
nib_borylation,nib_00681,s15,CN(C)S(=O)(=O)Oc1ccc2ncccc2c1,logical_s15,PMe3 HBF4|MeOH,PMe3 HBF4,MeOH,12.61,0,organometallics2022_borylation,ok,1
nib_borylation,nib_00682,s15,CN(C)S(=O)(=O)Oc1ccc2ncccc2c1,logical_s15,P(o-Anis)3|MeOH,P(o-Anis)3,MeOH,33.78,0,organometallics2022_borylation,ok,1
nib_borylation,nib_00683,s15,CN(C)S(=O)(=O)Oc1ccc2ncccc2c1,logical_s15,P(p-Anis)3|MeOH,P(p-Anis)3,MeOH,68.01,0,organometallics2022_borylation,ok,1
nib_borylation,nib_00684,s15,CN(C)S(=O)(=O)Oc1ccc2ncccc2c1,logical_s15,P(p-F-Ph)3|MeOH,P(p-F-Ph)3,MeOH,64.9,0,organometallics2022_borylation,ok,1
nib_borylation,nib_00685,s15,CN(C)S(=O)(=O)Oc1ccc2ncccc2c1,logical_s15,PPh2Cy|MeOH,PPh2Cy,MeOH,73.61,0,organometallics2022_borylation,ok,1
nib_borylation,nib_00686,s15,CN(C)S(=O)(=O)Oc1ccc2ncccc2c1,logical_s15,PPh3|MeOH,PPh3,MeOH,66.77,0,organometallics2022_borylation,ok,1
nib_borylation,nib_00687,s15,CN(C)S(=O)(=O)Oc1ccc2ncccc2c1,logical_s15,PPhtBu2|MeOH,PPhtBu2,MeOH,12.61,0,organometallics2022_borylation,ok,1
nib_borylation,nib_00688,s15,CN(C)S(=O)(=O)Oc1ccc2ncccc2c1,logical_s15,PXy3|MeOH,PXy3,MeOH,69.26,0,organometallics2022_borylation,ok,1
nib_borylation,nib_00689,s15,CN(C)S(=O)(=O)Oc1ccc2ncccc2c1,logical_s15,VPhos|MeOH,VPhos,MeOH,15.72,0,organometallics2022_borylation,ok,1
nib_borylation,nib_00690,s16,Brc1cnc2ccccc2c1,logical_s16,Cy-JohnPhos|MeOH,Cy-JohnPhos,MeOH,75.09,0,organometallics2022_borylation,ok,1
nib_borylation,nib_00691,s16,Brc1cnc2ccccc2c1,logical_s16,Ph-SPhos|MeOH,Ph-SPhos,MeOH,65.68,0,organometallics2022_borylation,ok,1
nib_borylation,nib_00692,s16,Brc1cnc2ccccc2c1,logical_s16,Cy-BippyPhos|MeOH,Cy-BippyPhos,MeOH,54.02,0,organometallics2022_borylation,ok,1
nib_borylation,nib_00693,s16,Brc1cnc2ccccc2c1,logical_s16,MeO-KITPHOS|MeOH,MeO-KITPHOS,MeOH,63.26,0,organometallics2022_borylation,ok,1
nib_borylation,nib_00694,s16,Brc1cnc2ccccc2c1,logical_s16,MePhos|MeOH,MePhos,MeOH,70.44,0,organometallics2022_borylation,ok,1
nib_borylation,nib_00695,s16,Brc1cnc2ccccc2c1,logical_s16,Kwong|MeOH,Kwong,MeOH,70.79,0,organometallics2022_borylation,ok,1
nib_borylation,nib_00696,s16,Brc1cnc2ccccc2c1,logical_s16,Cy-PhenCar-Phos|MeOH,Cy-PhenCar-Phos,MeOH,67.65,0,organometallics2022_borylation,ok,1
nib_borylation,nib_00697,s16,Brc1cnc2ccccc2c1,logical_s16,Ph-XPhos|MeOH,Ph-XPhos,MeOH,61.24,0,organometallics2022_borylation,ok,1
nib_borylation,nib_00698,s16,Brc1cnc2ccccc2c1,logical_s16,VPhos|MeOH,VPhos,MeOH,52.82,0,organometallics2022_borylation,ok,1
nib_borylation,nib_00699,s16,Brc1cnc2ccccc2c1,logical_s16,Ph-DavePhos|MeOH,Ph-DavePhos,MeOH,65.36,0,organometallics2022_borylation,ok,1
nib_borylation,nib_00700,s16,Brc1cnc2ccccc2c1,logical_s16,PPhtBu2|MeOH,PPhtBu2,MeOH,64.77,0,organometallics2022_borylation,ok,1
nib_borylation,nib_00701,s16,Brc1cnc2ccccc2c1,logical_s16,P(p-Anis)3|MeOH,P(p-Anis)3,MeOH,94.2,0,organometallics2022_borylation,ok,1
nib_borylation,nib_00702,s16,Brc1cnc2ccccc2c1,logical_s16,A-paPhos|MeOH,A-paPhos,MeOH,100.0,0,organometallics2022_borylation,ok,1
nib_borylation,nib_00703,s16,Brc1cnc2ccccc2c1,logical_s16,PXy3|MeOH,PXy3,MeOH,97.33,0,organometallics2022_borylation,ok,1
nib_borylation,nib_00704,s16,Brc1cnc2ccccc2c1,logical_s16,PMe3 HBF4|MeOH,PMe3 HBF4,MeOH,84.3,0,organometallics2022_borylation,ok,1
nib_borylation,nib_00705,s16,Brc1cnc2ccccc2c1,logical_s16,CX-PCy|MeOH,CX-PCy,MeOH,75.48,0,organometallics2022_borylation,ok,1
nib_borylation,nib_00706,s16,Brc1cnc2ccccc2c1,logical_s16,CX-FBu|MeOH,CX-FBu,MeOH,62.21,0,organometallics2022_borylation,ok,1
nib_borylation,nib_00707,s16,Brc1cnc2ccccc2c1,logical_s16,PPh2Cy|MeOH,PPh2Cy,MeOH,89.14,0,organometallics2022_borylation,ok,1
nib_borylation,nib_00708,s16,Brc1cnc2ccccc2c1,logical_s16,P(p-F-Ph)3|MeOH,P(p-F-Ph)3,MeOH,85.58,0,organometallics2022_borylation,ok,1
nib_borylation,nib_00709,s16,Brc1cnc2ccccc2c1,logical_s16,PCy3 HBF4|MeOH,PCy3 HBF4,MeOH,37.68,0,organometallics2022_borylation,ok,1
nib_borylation,nib_00710,s16,Brc1cnc2ccccc2c1,logical_s16,Cy-vBRIDP|MeOH,Cy-vBRIDP,MeOH,80.62,0,organometallics2022_borylation,ok,1
nib_borylation,nib_00711,s16,Brc1cnc2ccccc2c1,logical_s16,P(o-Anis)3|MeOH,P(o-Anis)3,MeOH,59.29,0,organometallics2022_borylation,ok,1
nib_borylation,nib_00712,s16,Brc1cnc2ccccc2c1,logical_s16,PPh3|MeOH,PPh3,MeOH,98.16,0,organometallics2022_borylation,ok,1
nib_borylation,nib_00713,s16,Brc1cnc2ccccc2c1,logical_s16,Cy-JohnPhos|EtOH,Cy-JohnPhos,EtOH,30.96,0,organometallics2022_borylation,ok,1
nib_borylation,nib_00714,s16,Brc1cnc2ccccc2c1,logical_s16,Ph-SPhos|EtOH,Ph-SPhos,EtOH,31.63,0,organometallics2022_borylation,ok,1
nib_borylation,nib_00715,s16,Brc1cnc2ccccc2c1,logical_s16,Cy-BippyPhos|EtOH,Cy-BippyPhos,EtOH,21.23,0,organometallics2022_borylation,ok,1
nib_borylation,nib_00716,s16,Brc1cnc2ccccc2c1,logical_s16,MeO-KITPHOS|EtOH,MeO-KITPHOS,EtOH,28.75,0,organometallics2022_borylation,ok,1
nib_borylation,nib_00717,s16,Brc1cnc2ccccc2c1,logical_s16,MePhos|EtOH,MePhos,EtOH,33.6,0,organometallics2022_borylation,ok,1
nib_borylation,nib_00718,s16,Brc1cnc2ccccc2c1,logical_s16,Kwong|EtOH,Kwong,EtOH,23.57,0,organometallics2022_borylation,ok,1
nib_borylation,nib_00719,s16,Brc1cnc2ccccc2c1,logical_s16,Cy-PhenCar-Phos|EtOH,Cy-PhenCar-Phos,EtOH,24.54,0,organometallics2022_borylation,ok,1
nib_borylation,nib_00720,s16,Brc1cnc2ccccc2c1,logical_s16,Ph-XPhos|EtOH,Ph-XPhos,EtOH,23.23,0,organometallics2022_borylation,ok,1
nib_borylation,nib_00721,s16,Brc1cnc2ccccc2c1,logical_s16,VPhos|EtOH,VPhos,EtOH,21.32,0,organometallics2022_borylation,ok,1
nib_borylation,nib_00722,s16,Brc1cnc2ccccc2c1,logical_s16,Ph-DavePhos|EtOH,Ph-DavePhos,EtOH,36.34,0,organometallics2022_borylation,ok,1
nib_borylation,nib_00723,s16,Brc1cnc2ccccc2c1,logical_s16,PPhtBu2|EtOH,PPhtBu2,EtOH,21.57,0,organometallics2022_borylation,ok,1
nib_borylation,nib_00724,s16,Brc1cnc2ccccc2c1,logical_s16,P(p-Anis)3|EtOH,P(p-Anis)3,EtOH,61.45,0,organometallics2022_borylation,ok,1
nib_borylation,nib_00725,s16,Brc1cnc2ccccc2c1,logical_s16,A-paPhos|EtOH,A-paPhos,EtOH,58.98,0,organometallics2022_borylation,ok,1
nib_borylation,nib_00726,s16,Brc1cnc2ccccc2c1,logical_s16,PXy3|EtOH,PXy3,EtOH,59.97,0,organometallics2022_borylation,ok,1
nib_borylation,nib_00727,s16,Brc1cnc2ccccc2c1,logical_s16,PMe3 HBF4|EtOH,PMe3 HBF4,EtOH,44.81,0,organometallics2022_borylation,ok,1
nib_borylation,nib_00728,s16,Brc1cnc2ccccc2c1,logical_s16,CX-PCy|EtOH,CX-PCy,EtOH,39.26,0,organometallics2022_borylation,ok,1
nib_borylation,nib_00729,s16,Brc1cnc2ccccc2c1,logical_s16,CX-FBu|EtOH,CX-FBu,EtOH,39.19,0,organometallics2022_borylation,ok,1
nib_borylation,nib_00730,s16,Brc1cnc2ccccc2c1,logical_s16,PPh2Cy|EtOH,PPh2Cy,EtOH,53.05,0,organometallics2022_borylation,ok,1
nib_borylation,nib_00731,s16,Brc1cnc2ccccc2c1,logical_s16,P(p-F-Ph)3|EtOH,P(p-F-Ph)3,EtOH,25.89,0,organometallics2022_borylation,ok,1
nib_borylation,nib_00732,s16,Brc1cnc2ccccc2c1,logical_s16,PCy3 HBF4|EtOH,PCy3 HBF4,EtOH,19.71,0,organometallics2022_borylation,ok,1
nib_borylation,nib_00733,s16,Brc1cnc2ccccc2c1,logical_s16,Cy-vBRIDP|EtOH,Cy-vBRIDP,EtOH,27.32,0,organometallics2022_borylation,ok,1
nib_borylation,nib_00734,s16,Brc1cnc2ccccc2c1,logical_s16,P(o-Anis)3|EtOH,P(o-Anis)3,EtOH,41.44,0,organometallics2022_borylation,ok,1
nib_borylation,nib_00735,s16,Brc1cnc2ccccc2c1,logical_s16,PPh3|EtOH,PPh3,EtOH,49.05,0,organometallics2022_borylation,ok,1
nib_borylation,nib_00736,s17,Cc1ncccc1Br,logical_s17,Cy-JohnPhos|MeOH,Cy-JohnPhos,MeOH,70.15056675,0,organometallics2022_borylation,ok,1
nib_borylation,nib_00737,s17,Cc1ncccc1Br,logical_s17,Ph-SPhos|MeOH,Ph-SPhos,MeOH,73.77372047,0,organometallics2022_borylation,ok,1
nib_borylation,nib_00738,s17,Cc1ncccc1Br,logical_s17,Cy-BippyPhos|MeOH,Cy-BippyPhos,MeOH,73.74786285,0,organometallics2022_borylation,ok,1
nib_borylation,nib_00739,s17,Cc1ncccc1Br,logical_s17,MeO-KITPHOS|MeOH,MeO-KITPHOS,MeOH,40.39414747,0,organometallics2022_borylation,ok,1
nib_borylation,nib_00740,s17,Cc1ncccc1Br,logical_s17,MePhos|MeOH,MePhos,MeOH,83.59490584,0,organometallics2022_borylation,ok,1
nib_borylation,nib_00741,s17,Cc1ncccc1Br,logical_s17,Kwong|MeOH,Kwong,MeOH,59.45267573,0,organometallics2022_borylation,ok,1
nib_borylation,nib_00742,s17,Cc1ncccc1Br,logical_s17,Cy-PhenCar-Phos|MeOH,Cy-PhenCar-Phos,MeOH,55.57791165,0,organometallics2022_borylation,ok,1
nib_borylation,nib_00743,s17,Cc1ncccc1Br,logical_s17,Ph-XPhos|MeOH,Ph-XPhos,MeOH,74.88674145,0,organometallics2022_borylation,ok,1
nib_borylation,nib_00744,s17,Cc1ncccc1Br,logical_s17,VPhos|MeOH,VPhos,MeOH,35.91094738,0,organometallics2022_borylation,ok,1
nib_borylation,nib_00745,s17,Cc1ncccc1Br,logical_s17,Ph-DavePhos|MeOH,Ph-DavePhos,MeOH,56.10183415,0,organometallics2022_borylation,ok,1
nib_borylation,nib_00746,s17,Cc1ncccc1Br,logical_s17,PPhtBu2|MeOH,PPhtBu2,MeOH,86.23596615,0,organometallics2022_borylation,ok,1
nib_borylation,nib_00747,s17,Cc1ncccc1Br,logical_s17,P(p-Anis)3|MeOH,P(p-Anis)3,MeOH,81.79263245,0,organometallics2022_borylation,ok,1
nib_borylation,nib_00748,s17,Cc1ncccc1Br,logical_s17,A-paPhos|MeOH,A-paPhos,MeOH,60.04147509,0,organometallics2022_borylation,ok,1
nib_borylation,nib_00749,s17,Cc1ncccc1Br,logical_s17,PXy3|MeOH,PXy3,MeOH,79.29996786,0,organometallics2022_borylation,ok,1
nib_borylation,nib_00750,s17,Cc1ncccc1Br,logical_s17,PMe3 HBF4|MeOH,PMe3 HBF4,MeOH,52.05447939,0,organometallics2022_borylation,ok,1
nib_borylation,nib_00751,s17,Cc1ncccc1Br,logical_s17,CX-PCy|MeOH,CX-PCy,MeOH,51.8748862,0,organometallics2022_borylation,ok,1
nib_borylation,nib_00752,s17,Cc1ncccc1Br,logical_s17,CX-FBu|MeOH,CX-FBu,MeOH,70.24439311,0,organometallics2022_borylation,ok,1
nib_borylation,nib_00753,s17,Cc1ncccc1Br,logical_s17,PPh2Cy|MeOH,PPh2Cy,MeOH,70.91678621,0,organometallics2022_borylation,ok,1
nib_borylation,nib_00754,s17,Cc1ncccc1Br,logical_s17,P(p-F-Ph)3|MeOH,P(p-F-Ph)3,MeOH,70.0507933,0,organometallics2022_borylation,ok,1
nib_borylation,nib_00755,s17,Cc1ncccc1Br,logical_s17,PCy3 HBF4|MeOH,PCy3 HBF4,MeOH,73.9343147,0,organometallics2022_borylation,ok,1
nib_borylation,nib_00756,s17,Cc1ncccc1Br,logical_s17,Cy-vBRIDP|MeOH,Cy-vBRIDP,MeOH,97.18242493,0,organometallics2022_borylation,ok,1
nib_borylation,nib_00757,s17,Cc1ncccc1Br,logical_s17,P(o-Anis)3|MeOH,P(o-Anis)3,MeOH,57.053249,0,organometallics2022_borylation,ok,1
nib_borylation,nib_00758,s17,Cc1ncccc1Br,logical_s17,PPh3|MeOH,PPh3,MeOH,94.45233444,0,organometallics2022_borylation,ok,1
nib_borylation,nib_00759,s17,Cc1ncccc1Br,logical_s17,Cy-JohnPhos|EtOH,Cy-JohnPhos,EtOH,87.16353978,0,organometallics2022_borylation,ok,1
nib_borylation,nib_00760,s17,Cc1ncccc1Br,logical_s17,Ph-SPhos|EtOH,Ph-SPhos,EtOH,83.7444036,0,organometallics2022_borylation,ok,1
nib_borylation,nib_00761,s17,Cc1ncccc1Br,logical_s17,Cy-BippyPhos|EtOH,Cy-BippyPhos,EtOH,71.98238073,0,organometallics2022_borylation,ok,1
nib_borylation,nib_00762,s17,Cc1ncccc1Br,logical_s17,MeO-KITPHOS|EtOH,MeO-KITPHOS,EtOH,94.40576803,0,organometallics2022_borylation,ok,1
nib_borylation,nib_00763,s17,Cc1ncccc1Br,logical_s17,MePhos|EtOH,MePhos,EtOH,76.39481089,0,organometallics2022_borylation,ok,1
nib_borylation,nib_00764,s17,Cc1ncccc1Br,logical_s17,Kwong|EtOH,Kwong,EtOH,54.96057307,0,organometallics2022_borylation,ok,1
nib_borylation,nib_00765,s17,Cc1ncccc1Br,logical_s17,Cy-PhenCar-Phos|EtOH,Cy-PhenCar-Phos,EtOH,40.16896174,0,organometallics2022_borylation,ok,1
nib_borylation,nib_00766,s17,Cc1ncccc1Br,logical_s17,Ph-XPhos|EtOH,Ph-XPhos,EtOH,51.7982759,0,organometallics2022_borylation,ok,1
nib_borylation,nib_00767,s17,Cc1ncccc1Br,logical_s17,VPhos|EtOH,VPhos,EtOH,40.78795513,0,organometallics2022_borylation,ok,1
nib_borylation,nib_00768,s17,Cc1ncccc1Br,logical_s17,Ph-DavePhos|EtOH,Ph-DavePhos,EtOH,70.67606565,0,organometallics2022_borylation,ok,1
nib_borylation,nib_00769,s17,Cc1ncccc1Br,logical_s17,PPhtBu2|EtOH,PPhtBu2,EtOH,48.99236465,0,organometallics2022_borylation,ok,1
nib_borylation,nib_00770,s17,Cc1ncccc1Br,logical_s17,P(p-Anis)3|EtOH,P(p-Anis)3,EtOH,96.74581606,0,organometallics2022_borylation,ok,1
nib_borylation,nib_00771,s17,Cc1ncccc1Br,logical_s17,A-paPhos|EtOH,A-paPhos,EtOH,92.78128928,0,organometallics2022_borylation,ok,1
nib_borylation,nib_00772,s17,Cc1ncccc1Br,logical_s17,PXy3|EtOH,PXy3,EtOH,90.60885484,0,organometallics2022_borylation,ok,1
nib_borylation,nib_00773,s17,Cc1ncccc1Br,logical_s17,PMe3 HBF4|EtOH,PMe3 HBF4,EtOH,64.53075477,0,organometallics2022_borylation,ok,1
nib_borylation,nib_00774,s17,Cc1ncccc1Br,logical_s17,CX-PCy|EtOH,CX-PCy,EtOH,63.91672217,0,organometallics2022_borylation,ok,1
nib_borylation,nib_00775,s17,Cc1ncccc1Br,logical_s17,CX-FBu|EtOH,CX-FBu,EtOH,59.50438115,0,organometallics2022_borylation,ok,1
nib_borylation,nib_00776,s17,Cc1ncccc1Br,logical_s17,PPh2Cy|EtOH,PPh2Cy,EtOH,73.73904989,0,organometallics2022_borylation,ok,1
nib_borylation,nib_00777,s17,Cc1ncccc1Br,logical_s17,P(p-F-Ph)3|EtOH,P(p-F-Ph)3,EtOH,94.75405298,0,organometallics2022_borylation,ok,1
nib_borylation,nib_00778,s17,Cc1ncccc1Br,logical_s17,PCy3 HBF4|EtOH,PCy3 HBF4,EtOH,35.72973607,0,organometallics2022_borylation,ok,1
nib_borylation,nib_00779,s17,Cc1ncccc1Br,logical_s17,Cy-vBRIDP|EtOH,Cy-vBRIDP,EtOH,57.17092587,0,organometallics2022_borylation,ok,1
nib_borylation,nib_00780,s17,Cc1ncccc1Br,logical_s17,P(o-Anis)3|EtOH,P(o-Anis)3,EtOH,59.48417523,0,organometallics2022_borylation,ok,1
nib_borylation,nib_00781,s17,Cc1ncccc1Br,logical_s17,PPh3|EtOH,PPh3,EtOH,71.97193317,0,organometallics2022_borylation,ok,1
nib_borylation,nib_00782,s18,CCOC(=O)C(C)(C)Oc1ccc(Cl)cc1,logical_s18,Cy-JohnPhos|MeOH,Cy-JohnPhos,MeOH,93.47,0,organometallics2022_borylation,ok,1
nib_borylation,nib_00783,s18,CCOC(=O)C(C)(C)Oc1ccc(Cl)cc1,logical_s18,Ph-SPhos|MeOH,Ph-SPhos,MeOH,39.17,0,organometallics2022_borylation,ok,1
nib_borylation,nib_00784,s18,CCOC(=O)C(C)(C)Oc1ccc(Cl)cc1,logical_s18,Cy-BippyPhos|MeOH,Cy-BippyPhos,MeOH,93.32,0,organometallics2022_borylation,ok,1
nib_borylation,nib_00785,s18,CCOC(=O)C(C)(C)Oc1ccc(Cl)cc1,logical_s18,MeO-KITPHOS|MeOH,MeO-KITPHOS,MeOH,80.71,0,organometallics2022_borylation,ok,1
nib_borylation,nib_00786,s18,CCOC(=O)C(C)(C)Oc1ccc(Cl)cc1,logical_s18,MePhos|MeOH,MePhos,MeOH,52.52,0,organometallics2022_borylation,ok,1
nib_borylation,nib_00787,s18,CCOC(=O)C(C)(C)Oc1ccc(Cl)cc1,logical_s18,Kwong|MeOH,Kwong,MeOH,52.08,0,organometallics2022_borylation,ok,1
nib_borylation,nib_00788,s18,CCOC(=O)C(C)(C)Oc1ccc(Cl)cc1,logical_s18,Cy-PhenCar-Phos|MeOH,Cy-PhenCar-Phos,MeOH,75.67,0,organometallics2022_borylation,ok,1
nib_borylation,nib_00789,s18,CCOC(=O)C(C)(C)Oc1ccc(Cl)cc1,logical_s18,Ph-XPhos|MeOH,Ph-XPhos,MeOH,19.73,0,organometallics2022_borylation,ok,1
nib_borylation,nib_00790,s18,CCOC(=O)C(C)(C)Oc1ccc(Cl)cc1,logical_s18,VPhos|MeOH,VPhos,MeOH,24.63,0,organometallics2022_borylation,ok,1
nib_borylation,nib_00791,s18,CCOC(=O)C(C)(C)Oc1ccc(Cl)cc1,logical_s18,Ph-DavePhos|MeOH,Ph-DavePhos,MeOH,29.82,0,organometallics2022_borylation,ok,1
nib_borylation,nib_00792,s18,CCOC(=O)C(C)(C)Oc1ccc(Cl)cc1,logical_s18,PPhtBu2|MeOH,PPhtBu2,MeOH,2.52,0,organometallics2022_borylation,ok,1
nib_borylation,nib_00793,s18,CCOC(=O)C(C)(C)Oc1ccc(Cl)cc1,logical_s18,P(p-Anis)3|MeOH,P(p-Anis)3,MeOH,30.27,0,organometallics2022_borylation,ok,1
nib_borylation,nib_00794,s18,CCOC(=O)C(C)(C)Oc1ccc(Cl)cc1,logical_s18,A-paPhos|MeOH,A-paPhos,MeOH,20.03,0,organometallics2022_borylation,ok,1
nib_borylation,nib_00795,s18,CCOC(=O)C(C)(C)Oc1ccc(Cl)cc1,logical_s18,PXy3|MeOH,PXy3,MeOH,18.25,0,organometallics2022_borylation,ok,1
nib_borylation,nib_00796,s18,CCOC(=O)C(C)(C)Oc1ccc(Cl)cc1,logical_s18,PMe3 HBF4|MeOH,PMe3 HBF4,MeOH,38.87,0,organometallics2022_borylation,ok,1
nib_borylation,nib_00797,s18,CCOC(=O)C(C)(C)Oc1ccc(Cl)cc1,logical_s18,CX-PCy|MeOH,CX-PCy,MeOH,30.27,0,organometallics2022_borylation,ok,1
nib_borylation,nib_00798,s18,CCOC(=O)C(C)(C)Oc1ccc(Cl)cc1,logical_s18,CX-FBu|MeOH,CX-FBu,MeOH,34.12,0,organometallics2022_borylation,ok,1
nib_borylation,nib_00799,s18,CCOC(=O)C(C)(C)Oc1ccc(Cl)cc1,logical_s18,PPh2Cy|MeOH,PPh2Cy,MeOH,60.24,0,organometallics2022_borylation,ok,1
nib_borylation,nib_00800,s18,CCOC(=O)C(C)(C)Oc1ccc(Cl)cc1,logical_s18,P(p-F-Ph)3|MeOH,P(p-F-Ph)3,MeOH,29.38,0,organometallics2022_borylation,ok,1
nib_borylation,nib_00801,s18,CCOC(=O)C(C)(C)Oc1ccc(Cl)cc1,logical_s18,PCy3 HBF4|MeOH,PCy3 HBF4,MeOH,9.94,0,organometallics2022_borylation,ok,1
nib_borylation,nib_00802,s18,CCOC(=O)C(C)(C)Oc1ccc(Cl)cc1,logical_s18,Cy-vBRIDP|MeOH,Cy-vBRIDP,MeOH,40.8,0,organometallics2022_borylation,ok,1
nib_borylation,nib_00803,s18,CCOC(=O)C(C)(C)Oc1ccc(Cl)cc1,logical_s18,P(o-Anis)3|MeOH,P(o-Anis)3,MeOH,22.11,0,organometallics2022_borylation,ok,1
nib_borylation,nib_00804,s18,CCOC(=O)C(C)(C)Oc1ccc(Cl)cc1,logical_s18,PPh3|MeOH,PPh3,MeOH,36.65,0,organometallics2022_borylation,ok,1
nib_borylation,nib_00805,s18,CCOC(=O)C(C)(C)Oc1ccc(Cl)cc1,logical_s18,Cy-JohnPhos|EtOH,Cy-JohnPhos,EtOH,95.25,0,organometallics2022_borylation,ok,1
nib_borylation,nib_00806,s18,CCOC(=O)C(C)(C)Oc1ccc(Cl)cc1,logical_s18,Ph-SPhos|EtOH,Ph-SPhos,EtOH,43.77,0,organometallics2022_borylation,ok,1
nib_borylation,nib_00807,s18,CCOC(=O)C(C)(C)Oc1ccc(Cl)cc1,logical_s18,Cy-BippyPhos|EtOH,Cy-BippyPhos,EtOH,56.83,0,organometallics2022_borylation,ok,1
nib_borylation,nib_00808,s18,CCOC(=O)C(C)(C)Oc1ccc(Cl)cc1,logical_s18,MeO-KITPHOS|EtOH,MeO-KITPHOS,EtOH,77.15,0,organometallics2022_borylation,ok,1
nib_borylation,nib_00809,s18,CCOC(=O)C(C)(C)Oc1ccc(Cl)cc1,logical_s18,MePhos|EtOH,MePhos,EtOH,72.26,0,organometallics2022_borylation,ok,1
nib_borylation,nib_00810,s18,CCOC(=O)C(C)(C)Oc1ccc(Cl)cc1,logical_s18,Kwong|EtOH,Kwong,EtOH,46.29,0,organometallics2022_borylation,ok,1
nib_borylation,nib_00811,s18,CCOC(=O)C(C)(C)Oc1ccc(Cl)cc1,logical_s18,Cy-PhenCar-Phos|EtOH,Cy-PhenCar-Phos,EtOH,75.07,0,organometallics2022_borylation,ok,1
nib_borylation,nib_00812,s18,CCOC(=O)C(C)(C)Oc1ccc(Cl)cc1,logical_s18,Ph-XPhos|EtOH,Ph-XPhos,EtOH,32.94,0,organometallics2022_borylation,ok,1
nib_borylation,nib_00813,s18,CCOC(=O)C(C)(C)Oc1ccc(Cl)cc1,logical_s18,VPhos|EtOH,VPhos,EtOH,62.02,0,organometallics2022_borylation,ok,1
nib_borylation,nib_00814,s18,CCOC(=O)C(C)(C)Oc1ccc(Cl)cc1,logical_s18,Ph-DavePhos|EtOH,Ph-DavePhos,EtOH,27.3,0,organometallics2022_borylation,ok,1
nib_borylation,nib_00815,s18,CCOC(=O)C(C)(C)Oc1ccc(Cl)cc1,logical_s18,PPhtBu2|EtOH,PPhtBu2,EtOH,1.48,0,organometallics2022_borylation,ok,1
nib_borylation,nib_00816,s18,CCOC(=O)C(C)(C)Oc1ccc(Cl)cc1,logical_s18,P(p-Anis)3|EtOH,P(p-Anis)3,EtOH,53.71,0,organometallics2022_borylation,ok,1
nib_borylation,nib_00817,s18,CCOC(=O)C(C)(C)Oc1ccc(Cl)cc1,logical_s18,A-paPhos|EtOH,A-paPhos,EtOH,38.13,0,organometallics2022_borylation,ok,1
nib_borylation,nib_00818,s18,CCOC(=O)C(C)(C)Oc1ccc(Cl)cc1,logical_s18,PXy3|EtOH,PXy3,EtOH,39.17,0,organometallics2022_borylation,ok,1
nib_borylation,nib_00819,s18,CCOC(=O)C(C)(C)Oc1ccc(Cl)cc1,logical_s18,PMe3 HBF4|EtOH,PMe3 HBF4,EtOH,10.68,0,organometallics2022_borylation,ok,1
nib_borylation,nib_00820,s18,CCOC(=O)C(C)(C)Oc1ccc(Cl)cc1,logical_s18,CX-PCy|EtOH,CX-PCy,EtOH,69.88,0,organometallics2022_borylation,ok,1
nib_borylation,nib_00821,s18,CCOC(=O)C(C)(C)Oc1ccc(Cl)cc1,logical_s18,CX-FBu|EtOH,CX-FBu,EtOH,23.29,0,organometallics2022_borylation,ok,1
nib_borylation,nib_00822,s18,CCOC(=O)C(C)(C)Oc1ccc(Cl)cc1,logical_s18,PPh2Cy|EtOH,PPh2Cy,EtOH,76.85,0,organometallics2022_borylation,ok,1
nib_borylation,nib_00823,s18,CCOC(=O)C(C)(C)Oc1ccc(Cl)cc1,logical_s18,P(p-F-Ph)3|EtOH,P(p-F-Ph)3,EtOH,61.72,0,organometallics2022_borylation,ok,1
nib_borylation,nib_00824,s18,CCOC(=O)C(C)(C)Oc1ccc(Cl)cc1,logical_s18,PCy3 HBF4|EtOH,PCy3 HBF4,EtOH,5.19,0,organometallics2022_borylation,ok,1
nib_borylation,nib_00825,s18,CCOC(=O)C(C)(C)Oc1ccc(Cl)cc1,logical_s18,Cy-vBRIDP|EtOH,Cy-vBRIDP,EtOH,82.64,0,organometallics2022_borylation,ok,1
nib_borylation,nib_00826,s18,CCOC(=O)C(C)(C)Oc1ccc(Cl)cc1,logical_s18,P(o-Anis)3|EtOH,P(o-Anis)3,EtOH,7.12,0,organometallics2022_borylation,ok,1
nib_borylation,nib_00827,s18,CCOC(=O)C(C)(C)Oc1ccc(Cl)cc1,logical_s18,PPh3|EtOH,PPh3,EtOH,46.59,0,organometallics2022_borylation,ok,1
nib_borylation,nib_00828,s19,COc1ccc(Br)cc1F,logical_s19,Cy-JohnPhos|MeOH,Cy-JohnPhos,MeOH,95.71618109023716,0,organometallics2022_borylation,ok,1
nib_borylation,nib_00829,s19,COc1ccc(Br)cc1F,logical_s19,Ph-SPhos|MeOH,Ph-SPhos,MeOH,57.5205543578688,0,organometallics2022_borylation,ok,1
nib_borylation,nib_00830,s19,COc1ccc(Br)cc1F,logical_s19,Cy-BippyPhos|MeOH,Cy-BippyPhos,MeOH,93.3667631659994,0,organometallics2022_borylation,ok,1
nib_borylation,nib_00831,s19,COc1ccc(Br)cc1F,logical_s19,MeO-KITPHOS|MeOH,MeO-KITPHOS,MeOH,68.85262704034494,0,organometallics2022_borylation,ok,1
nib_borylation,nib_00832,s19,COc1ccc(Br)cc1F,logical_s19,MePhos|MeOH,MePhos,MeOH,70.20319063751154,0,organometallics2022_borylation,ok,1
nib_borylation,nib_00833,s19,COc1ccc(Br)cc1F,logical_s19,Kwong|MeOH,Kwong,MeOH,77.75790575916231,0,organometallics2022_borylation,ok,1
nib_borylation,nib_00834,s19,COc1ccc(Br)cc1F,logical_s19,Cy-PhenCar-Phos|MeOH,Cy-PhenCar-Phos,MeOH,98.54392362180474,0,organometallics2022_borylation,ok,1
nib_borylation,nib_00835,s19,COc1ccc(Br)cc1F,logical_s19,Ph-XPhos|MeOH,Ph-XPhos,MeOH,40.6314752078842,0,organometallics2022_borylation,ok,1
nib_borylation,nib_00836,s19,COc1ccc(Br)cc1F,logical_s19,VPhos|MeOH,VPhos,MeOH,44.33145672928858,0,organometallics2022_borylation,ok,1
nib_borylation,nib_00837,s19,COc1ccc(Br)cc1F,logical_s19,Ph-DavePhos|MeOH,Ph-DavePhos,MeOH,60.01769017554667,0,organometallics2022_borylation,ok,1
nib_borylation,nib_00838,s19,COc1ccc(Br)cc1F,logical_s19,PPhtBu2|MeOH,PPhtBu2,MeOH,24.19961810902372,0,organometallics2022_borylation,ok,1
nib_borylation,nib_00839,s19,COc1ccc(Br)cc1F,logical_s19,P(p-Anis)3|MeOH,P(p-Anis)3,MeOH,36.17883584847552,0,organometallics2022_borylation,ok,1
nib_borylation,nib_00840,s19,COc1ccc(Br)cc1F,logical_s19,A-paPhos|MeOH,A-paPhos,MeOH,39.773304588851246,0,organometallics2022_borylation,ok,1
nib_borylation,nib_00841,s19,COc1ccc(Br)cc1F,logical_s19,PXy3|MeOH,PXy3,MeOH,36.28434862950416,0,organometallics2022_borylation,ok,1
nib_borylation,nib_00842,s19,COc1ccc(Br)cc1F,logical_s19,PMe3 HBF4|MeOH,PMe3 HBF4,MeOH,63.08459501077919,0,organometallics2022_borylation,ok,1
nib_borylation,nib_00843,s19,COc1ccc(Br)cc1F,logical_s19,CX-PCy|MeOH,CX-PCy,MeOH,88.23180782260549,0,organometallics2022_borylation,ok,1
nib_borylation,nib_00844,s19,COc1ccc(Br)cc1F,logical_s19,CX-FBu|MeOH,CX-FBu,MeOH,39.5130397289806,0,organometallics2022_borylation,ok,1
nib_borylation,nib_00845,s19,COc1ccc(Br)cc1F,logical_s19,PPh2Cy|MeOH,PPh2Cy,MeOH,48.53086541422852,0,organometallics2022_borylation,ok,1
nib_borylation,nib_00846,s19,COc1ccc(Br)cc1F,logical_s19,P(p-F-Ph)3|MeOH,P(p-F-Ph)3,MeOH,84.6725100092393,0,organometallics2022_borylation,ok,1
nib_borylation,nib_00847,s19,COc1ccc(Br)cc1F,logical_s19,PCy3 HBF4|MeOH,PCy3 HBF4,MeOH,32.72505081613798,0,organometallics2022_borylation,ok,1
nib_borylation,nib_00848,s19,COc1ccc(Br)cc1F,logical_s19,Cy-vBRIDP|MeOH,Cy-vBRIDP,MeOH,47.33505389590391,0,organometallics2022_borylation,ok,1
nib_borylation,nib_00849,s19,COc1ccc(Br)cc1F,logical_s19,P(o-Anis)3|MeOH,P(o-Anis)3,MeOH,61.410458885124726,0,organometallics2022_borylation,ok,1
nib_borylation,nib_00850,s19,COc1ccc(Br)cc1F,logical_s19,PPh3|MeOH,PPh3,MeOH,50.46526639975362,0,organometallics2022_borylation,ok,1
nib_borylation,nib_00851,s19,COc1ccc(Br)cc1F,logical_s19,Cy-JohnPhos|EtOH,Cy-JohnPhos,EtOH,100.0,0,organometallics2022_borylation,ok,1
nib_borylation,nib_00852,s19,COc1ccc(Br)cc1F,logical_s19,Ph-SPhos|EtOH,Ph-SPhos,EtOH,64.82907299045272,0,organometallics2022_borylation,ok,1
nib_borylation,nib_00853,s19,COc1ccc(Br)cc1F,logical_s19,Cy-BippyPhos|EtOH,Cy-BippyPhos,EtOH,61.8325100092393,0,organometallics2022_borylation,ok,1
nib_borylation,nib_00854,s19,COc1ccc(Br)cc1F,logical_s19,MeO-KITPHOS|EtOH,MeO-KITPHOS,EtOH,53.729128426239605,0,organometallics2022_borylation,ok,1
nib_borylation,nib_00855,s19,COc1ccc(Br)cc1F,logical_s19,MePhos|EtOH,MePhos,EtOH,40.93394518016631,0,organometallics2022_borylation,ok,1
nib_borylation,nib_00856,s19,COc1ccc(Br)cc1F,logical_s19,Kwong|EtOH,Kwong,EtOH,43.27632891900216,0,organometallics2022_borylation,ok,1
nib_borylation,nib_00857,s19,COc1ccc(Br)cc1F,logical_s19,Cy-PhenCar-Phos|EtOH,Cy-PhenCar-Phos,EtOH,71.13170311056359,0,organometallics2022_borylation,ok,1
nib_borylation,nib_00858,s19,COc1ccc(Br)cc1F,logical_s19,Ph-XPhos|EtOH,Ph-XPhos,EtOH,32.232657838004314,0,organometallics2022_borylation,ok,1
nib_borylation,nib_00859,s19,COc1ccc(Br)cc1F,logical_s19,VPhos|EtOH,VPhos,EtOH,23.074148444718205,0,organometallics2022_borylation,ok,1
nib_borylation,nib_00860,s19,COc1ccc(Br)cc1F,logical_s19,Ph-DavePhos|EtOH,Ph-DavePhos,EtOH,55.19927317523868,0,organometallics2022_borylation,ok,1
nib_borylation,nib_00861,s19,COc1ccc(Br)cc1F,logical_s19,PPhtBu2|EtOH,PPhtBu2,EtOH,16.975509701262702,0,organometallics2022_borylation,ok,1
nib_borylation,nib_00862,s19,COc1ccc(Br)cc1F,logical_s19,P(p-Anis)3|EtOH,P(p-Anis)3,EtOH,50.577813366184174,0,organometallics2022_borylation,ok,1
nib_borylation,nib_00863,s19,COc1ccc(Br)cc1F,logical_s19,A-paPhos|EtOH,A-paPhos,EtOH,70.73778872805667,0,organometallics2022_borylation,ok,1
nib_borylation,nib_00864,s19,COc1ccc(Br)cc1F,logical_s19,PXy3|EtOH,PXy3,EtOH,36.833015090853095,0,organometallics2022_borylation,ok,1
nib_borylation,nib_00865,s19,COc1ccc(Br)cc1F,logical_s19,PMe3 HBF4|EtOH,PMe3 HBF4,EtOH,33.39329842931937,0,organometallics2022_borylation,ok,1
nib_borylation,nib_00866,s19,COc1ccc(Br)cc1F,logical_s19,CX-PCy|EtOH,CX-PCy,EtOH,68.74711425931629,0,organometallics2022_borylation,ok,1
nib_borylation,nib_00867,s19,COc1ccc(Br)cc1F,logical_s19,CX-FBu|EtOH,CX-FBu,EtOH,31.409658145980902,0,organometallics2022_borylation,ok,1
nib_borylation,nib_00868,s19,COc1ccc(Br)cc1F,logical_s19,PPh2Cy|EtOH,PPh2Cy,EtOH,53.30004311672313,0,organometallics2022_borylation,ok,1
nib_borylation,nib_00869,s19,COc1ccc(Br)cc1F,logical_s19,P(p-F-Ph)3|EtOH,P(p-F-Ph)3,EtOH,70.40014782876503,0,organometallics2022_borylation,ok,1
nib_borylation,nib_00870,s19,COc1ccc(Br)cc1F,logical_s19,PCy3 HBF4|EtOH,PCy3 HBF4,EtOH,8.64,0,organometallics2022_borylation,ok,1
nib_borylation,nib_00871,s19,COc1ccc(Br)cc1F,logical_s19,Cy-vBRIDP|EtOH,Cy-vBRIDP,EtOH,37.81780104712042,0,organometallics2022_borylation,ok,1
nib_borylation,nib_00872,s19,COc1ccc(Br)cc1F,logical_s19,P(o-Anis)3|EtOH,P(o-Anis)3,EtOH,60.40457037265168,0,organometallics2022_borylation,ok,1
nib_borylation,nib_00873,s19,COc1ccc(Br)cc1F,logical_s19,PPh3|EtOH,PPh3,EtOH,55.90269171542963,0,organometallics2022_borylation,ok,1
nib_borylation,nib_00874,s20,N#Cc1ccc(Br)cc1F,logical_s20,Cy-JohnPhos|MeOH,Cy-JohnPhos,MeOH,52.32,0,organometallics2022_borylation,ok,1
nib_borylation,nib_00875,s20,N#Cc1ccc(Br)cc1F,logical_s20,Ph-SPhos|MeOH,Ph-SPhos,MeOH,37.68,0,organometallics2022_borylation,ok,1
nib_borylation,nib_00876,s20,N#Cc1ccc(Br)cc1F,logical_s20,Cy-BippyPhos|MeOH,Cy-BippyPhos,MeOH,48.03,0,organometallics2022_borylation,ok,1
nib_borylation,nib_00877,s20,N#Cc1ccc(Br)cc1F,logical_s20,MeO-KITPHOS|MeOH,MeO-KITPHOS,MeOH,41.88,0,organometallics2022_borylation,ok,1
nib_borylation,nib_00878,s20,N#Cc1ccc(Br)cc1F,logical_s20,MePhos|MeOH,MePhos,MeOH,49.81,0,organometallics2022_borylation,ok,1
nib_borylation,nib_00879,s20,N#Cc1ccc(Br)cc1F,logical_s20,Kwong|MeOH,Kwong,MeOH,51.39,0,organometallics2022_borylation,ok,1
nib_borylation,nib_00880,s20,N#Cc1ccc(Br)cc1F,logical_s20,Cy-PhenCar-Phos|MeOH,Cy-PhenCar-Phos,MeOH,44.58,0,organometallics2022_borylation,ok,1
nib_borylation,nib_00881,s20,N#Cc1ccc(Br)cc1F,logical_s20,Ph-XPhos|MeOH,Ph-XPhos,MeOH,33.86,0,organometallics2022_borylation,ok,1
nib_borylation,nib_00882,s20,N#Cc1ccc(Br)cc1F,logical_s20,VPhos|MeOH,VPhos,MeOH,42.72,0,organometallics2022_borylation,ok,1
nib_borylation,nib_00883,s20,N#Cc1ccc(Br)cc1F,logical_s20,Ph-DavePhos|MeOH,Ph-DavePhos,MeOH,53.35,0,organometallics2022_borylation,ok,1
nib_borylation,nib_00884,s20,N#Cc1ccc(Br)cc1F,logical_s20,PPhtBu2|MeOH,PPhtBu2,MeOH,29.29,0,organometallics2022_borylation,ok,1
nib_borylation,nib_00885,s20,N#Cc1ccc(Br)cc1F,logical_s20,P(p-Anis)3|MeOH,P(p-Anis)3,MeOH,70.14,0,organometallics2022_borylation,ok,1
nib_borylation,nib_00886,s20,N#Cc1ccc(Br)cc1F,logical_s20,A-paPhos|MeOH,A-paPhos,MeOH,64.08,0,organometallics2022_borylation,ok,1
nib_borylation,nib_00887,s20,N#Cc1ccc(Br)cc1F,logical_s20,PXy3|MeOH,PXy3,MeOH,56.71,0,organometallics2022_borylation,ok,1
nib_borylation,nib_00888,s20,N#Cc1ccc(Br)cc1F,logical_s20,PMe3 HBF4|MeOH,PMe3 HBF4,MeOH,22.94,0,organometallics2022_borylation,ok,1
nib_borylation,nib_00889,s20,N#Cc1ccc(Br)cc1F,logical_s20,CX-PCy|MeOH,CX-PCy,MeOH,50.09,0,organometallics2022_borylation,ok,1
nib_borylation,nib_00890,s20,N#Cc1ccc(Br)cc1F,logical_s20,CX-FBu|MeOH,CX-FBu,MeOH,15.39,0,organometallics2022_borylation,ok,1
nib_borylation,nib_00891,s20,N#Cc1ccc(Br)cc1F,logical_s20,PPh2Cy|MeOH,PPh2Cy,MeOH,65.85,0,organometallics2022_borylation,ok,1
nib_borylation,nib_00892,s20,N#Cc1ccc(Br)cc1F,logical_s20,P(p-F-Ph)3|MeOH,P(p-F-Ph)3,MeOH,70.51,0,organometallics2022_borylation,ok,1
nib_borylation,nib_00893,s20,N#Cc1ccc(Br)cc1F,logical_s20,PCy3 HBF4|MeOH,PCy3 HBF4,MeOH,23.88,0,organometallics2022_borylation,ok,1
nib_borylation,nib_00894,s20,N#Cc1ccc(Br)cc1F,logical_s20,Cy-vBRIDP|MeOH,Cy-vBRIDP,MeOH,53.07,0,organometallics2022_borylation,ok,1
nib_borylation,nib_00895,s20,N#Cc1ccc(Br)cc1F,logical_s20,P(o-Anis)3|MeOH,P(o-Anis)3,MeOH,56.61,0,organometallics2022_borylation,ok,1
nib_borylation,nib_00896,s20,N#Cc1ccc(Br)cc1F,logical_s20,PPh3|MeOH,PPh3,MeOH,73.87,0,organometallics2022_borylation,ok,1
nib_borylation,nib_00897,s20,N#Cc1ccc(Br)cc1F,logical_s20,Cy-JohnPhos|EtOH,Cy-JohnPhos,EtOH,69.11,0,organometallics2022_borylation,ok,1
nib_borylation,nib_00898,s20,N#Cc1ccc(Br)cc1F,logical_s20,Ph-SPhos|EtOH,Ph-SPhos,EtOH,43.46,0,organometallics2022_borylation,ok,1
nib_borylation,nib_00899,s20,N#Cc1ccc(Br)cc1F,logical_s20,Cy-BippyPhos|EtOH,Cy-BippyPhos,EtOH,38.05,0,organometallics2022_borylation,ok,1
nib_borylation,nib_00900,s20,N#Cc1ccc(Br)cc1F,logical_s20,MeO-KITPHOS|EtOH,MeO-KITPHOS,EtOH,49.71,0,organometallics2022_borylation,ok,1
nib_borylation,nib_00901,s20,N#Cc1ccc(Br)cc1F,logical_s20,MePhos|EtOH,MePhos,EtOH,51.39,0,organometallics2022_borylation,ok,1
nib_borylation,nib_00902,s20,N#Cc1ccc(Br)cc1F,logical_s20,Kwong|EtOH,Kwong,EtOH,44.21,0,organometallics2022_borylation,ok,1
nib_borylation,nib_00903,s20,N#Cc1ccc(Br)cc1F,logical_s20,Cy-PhenCar-Phos|EtOH,Cy-PhenCar-Phos,EtOH,51.67,0,organometallics2022_borylation,ok,1
nib_borylation,nib_00904,s20,N#Cc1ccc(Br)cc1F,logical_s20,Ph-XPhos|EtOH,Ph-XPhos,EtOH,32.36,0,organometallics2022_borylation,ok,1
nib_borylation,nib_00905,s20,N#Cc1ccc(Br)cc1F,logical_s20,VPhos|EtOH,VPhos,EtOH,43.84,0,organometallics2022_borylation,ok,1
nib_borylation,nib_00906,s20,N#Cc1ccc(Br)cc1F,logical_s20,Ph-DavePhos|EtOH,Ph-DavePhos,EtOH,43.56,0,organometallics2022_borylation,ok,1
nib_borylation,nib_00907,s20,N#Cc1ccc(Br)cc1F,logical_s20,PPhtBu2|EtOH,PPhtBu2,EtOH,28.17,0,organometallics2022_borylation,ok,1
nib_borylation,nib_00908,s20,N#Cc1ccc(Br)cc1F,logical_s20,P(p-Anis)3|EtOH,P(p-Anis)3,EtOH,64.54,0,organometallics2022_borylation,ok,1
nib_borylation,nib_00909,s20,N#Cc1ccc(Br)cc1F,logical_s20,A-paPhos|EtOH,A-paPhos,EtOH,36.65,0,organometallics2022_borylation,ok,1
nib_borylation,nib_00910,s20,N#Cc1ccc(Br)cc1F,logical_s20,PXy3|EtOH,PXy3,EtOH,63.8,0,organometallics2022_borylation,ok,1
nib_borylation,nib_00911,s20,N#Cc1ccc(Br)cc1F,logical_s20,PMe3 HBF4|EtOH,PMe3 HBF4,EtOH,47.75,0,organometallics2022_borylation,ok,1
nib_borylation,nib_00912,s20,N#Cc1ccc(Br)cc1F,logical_s20,CX-PCy|EtOH,CX-PCy,EtOH,62.21,0,organometallics2022_borylation,ok,1
nib_borylation,nib_00913,s20,N#Cc1ccc(Br)cc1F,logical_s20,CX-FBu|EtOH,CX-FBu,EtOH,15.95,0,organometallics2022_borylation,ok,1
nib_borylation,nib_00914,s20,N#Cc1ccc(Br)cc1F,logical_s20,PPh2Cy|EtOH,PPh2Cy,EtOH,52.42,0,organometallics2022_borylation,ok,1
nib_borylation,nib_00915,s20,N#Cc1ccc(Br)cc1F,logical_s20,P(p-F-Ph)3|EtOH,P(p-F-Ph)3,EtOH,49.9,0,organometallics2022_borylation,ok,1
nib_borylation,nib_00916,s20,N#Cc1ccc(Br)cc1F,logical_s20,PCy3 HBF4|EtOH,PCy3 HBF4,EtOH,22.01,0,organometallics2022_borylation,ok,1
nib_borylation,nib_00917,s20,N#Cc1ccc(Br)cc1F,logical_s20,Cy-vBRIDP|EtOH,Cy-vBRIDP,EtOH,61.84,0,organometallics2022_borylation,ok,1
nib_borylation,nib_00918,s20,N#Cc1ccc(Br)cc1F,logical_s20,P(o-Anis)3|EtOH,P(o-Anis)3,EtOH,55.22,0,organometallics2022_borylation,ok,1
nib_borylation,nib_00919,s20,N#Cc1ccc(Br)cc1F,logical_s20,PPh3|EtOH,PPh3,EtOH,68.83,0,organometallics2022_borylation,ok,1
nib_borylation,nib_00920,s21,CN(C)S(=O)(=O)Oc1ccc(-c2ccccc2)cc1,logical_s21,Cy-JohnPhos|MeOH,Cy-JohnPhos,MeOH,51.12,0,organometallics2022_borylation,ok,1
nib_borylation,nib_00921,s21,CN(C)S(=O)(=O)Oc1ccc(-c2ccccc2)cc1,logical_s21,Ph-SPhos|MeOH,Ph-SPhos,MeOH,49.97,0,organometallics2022_borylation,ok,1
nib_borylation,nib_00922,s21,CN(C)S(=O)(=O)Oc1ccc(-c2ccccc2)cc1,logical_s21,Cy-BippyPhos|MeOH,Cy-BippyPhos,MeOH,42.66,0,organometallics2022_borylation,ok,1
nib_borylation,nib_00923,s21,CN(C)S(=O)(=O)Oc1ccc(-c2ccccc2)cc1,logical_s21,MeO-KITPHOS|MeOH,MeO-KITPHOS,MeOH,59.32,0,organometallics2022_borylation,ok,1
nib_borylation,nib_00924,s21,CN(C)S(=O)(=O)Oc1ccc(-c2ccccc2)cc1,logical_s21,MePhos|MeOH,MePhos,MeOH,42.92,0,organometallics2022_borylation,ok,1
nib_borylation,nib_00925,s21,CN(C)S(=O)(=O)Oc1ccc(-c2ccccc2)cc1,logical_s21,Kwong|MeOH,Kwong,MeOH,45.35,0,organometallics2022_borylation,ok,1
nib_borylation,nib_00926,s21,CN(C)S(=O)(=O)Oc1ccc(-c2ccccc2)cc1,logical_s21,Cy-PhenCar-Phos|MeOH,Cy-PhenCar-Phos,MeOH,53.3,0,organometallics2022_borylation,ok,1
nib_borylation,nib_00927,s21,CN(C)S(=O)(=O)Oc1ccc(-c2ccccc2)cc1,logical_s21,Ph-XPhos|MeOH,Ph-XPhos,MeOH,25.37,0,organometallics2022_borylation,ok,1
nib_borylation,nib_00928,s21,CN(C)S(=O)(=O)Oc1ccc(-c2ccccc2)cc1,logical_s21,VPhos|MeOH,VPhos,MeOH,31.65,0,organometallics2022_borylation,ok,1
nib_borylation,nib_00929,s21,CN(C)S(=O)(=O)Oc1ccc(-c2ccccc2)cc1,logical_s21,Ph-DavePhos|MeOH,Ph-DavePhos,MeOH,66.11,0,organometallics2022_borylation,ok,1
nib_borylation,nib_00930,s21,CN(C)S(=O)(=O)Oc1ccc(-c2ccccc2)cc1,logical_s21,PPhtBu2|MeOH,PPhtBu2,MeOH,1.67,0,organometallics2022_borylation,ok,1
nib_borylation,nib_00931,s21,CN(C)S(=O)(=O)Oc1ccc(-c2ccccc2)cc1,logical_s21,P(p-Anis)3|MeOH,P(p-Anis)3,MeOH,50.99,0,organometallics2022_borylation,ok,1
nib_borylation,nib_00932,s21,CN(C)S(=O)(=O)Oc1ccc(-c2ccccc2)cc1,logical_s21,A-paPhos|MeOH,A-paPhos,MeOH,25.11,0,organometallics2022_borylation,ok,1
nib_borylation,nib_00933,s21,CN(C)S(=O)(=O)Oc1ccc(-c2ccccc2)cc1,logical_s21,PXy3|MeOH,PXy3,MeOH,12.04,0,organometallics2022_borylation,ok,1
nib_borylation,nib_00934,s21,CN(C)S(=O)(=O)Oc1ccc(-c2ccccc2)cc1,logical_s21,PMe3 HBF4|MeOH,PMe3 HBF4,MeOH,68.29,0,organometallics2022_borylation,ok,1
nib_borylation,nib_00935,s21,CN(C)S(=O)(=O)Oc1ccc(-c2ccccc2)cc1,logical_s21,CX-PCy|MeOH,CX-PCy,MeOH,32.03,0,organometallics2022_borylation,ok,1
nib_borylation,nib_00936,s21,CN(C)S(=O)(=O)Oc1ccc(-c2ccccc2)cc1,logical_s21,CX-FBu|MeOH,CX-FBu,MeOH,36.64,0,organometallics2022_borylation,ok,1
nib_borylation,nib_00937,s21,CN(C)S(=O)(=O)Oc1ccc(-c2ccccc2)cc1,logical_s21,PPh2Cy|MeOH,PPh2Cy,MeOH,84.17,0,organometallics2022_borylation,ok,1
nib_borylation,nib_00938,s21,CN(C)S(=O)(=O)Oc1ccc(-c2ccccc2)cc1,logical_s21,P(p-F-Ph)3|MeOH,P(p-F-Ph)3,MeOH,42.92,0,organometallics2022_borylation,ok,1
nib_borylation,nib_00939,s21,CN(C)S(=O)(=O)Oc1ccc(-c2ccccc2)cc1,logical_s21,PCy3 HBF4|MeOH,PCy3 HBF4,MeOH,19.09,0,organometallics2022_borylation,ok,1
nib_borylation,nib_00940,s21,CN(C)S(=O)(=O)Oc1ccc(-c2ccccc2)cc1,logical_s21,Cy-vBRIDP|MeOH,Cy-vBRIDP,MeOH,33.95,0,organometallics2022_borylation,ok,1
nib_borylation,nib_00941,s21,CN(C)S(=O)(=O)Oc1ccc(-c2ccccc2)cc1,logical_s21,P(o-Anis)3|MeOH,P(o-Anis)3,MeOH,23.83,0,organometallics2022_borylation,ok,1
nib_borylation,nib_00942,s21,CN(C)S(=O)(=O)Oc1ccc(-c2ccccc2)cc1,logical_s21,PPh3|MeOH,PPh3,MeOH,29.34,0,organometallics2022_borylation,ok,1
nib_borylation,nib_00943,s21,CN(C)S(=O)(=O)Oc1ccc(-c2ccccc2)cc1,logical_s21,Cy-JohnPhos|EtOH,Cy-JohnPhos,EtOH,68.03,0,organometallics2022_borylation,ok,1
nib_borylation,nib_00944,s21,CN(C)S(=O)(=O)Oc1ccc(-c2ccccc2)cc1,logical_s21,Ph-SPhos|EtOH,Ph-SPhos,EtOH,44.07,0,organometallics2022_borylation,ok,1
nib_borylation,nib_00945,s21,CN(C)S(=O)(=O)Oc1ccc(-c2ccccc2)cc1,logical_s21,Cy-BippyPhos|EtOH,Cy-BippyPhos,EtOH,32.29,0,organometallics2022_borylation,ok,1
nib_borylation,nib_00946,s21,CN(C)S(=O)(=O)Oc1ccc(-c2ccccc2)cc1,logical_s21,MeO-KITPHOS|EtOH,MeO-KITPHOS,EtOH,67.65,0,organometallics2022_borylation,ok,1
nib_borylation,nib_00947,s21,CN(C)S(=O)(=O)Oc1ccc(-c2ccccc2)cc1,logical_s21,MePhos|EtOH,MePhos,EtOH,51.38,0,organometallics2022_borylation,ok,1
nib_borylation,nib_00948,s21,CN(C)S(=O)(=O)Oc1ccc(-c2ccccc2)cc1,logical_s21,Kwong|EtOH,Kwong,EtOH,41.89,0,organometallics2022_borylation,ok,1
nib_borylation,nib_00949,s21,CN(C)S(=O)(=O)Oc1ccc(-c2ccccc2)cc1,logical_s21,Cy-PhenCar-Phos|EtOH,Cy-PhenCar-Phos,EtOH,51.89,0,organometallics2022_borylation,ok,1
nib_borylation,nib_00950,s21,CN(C)S(=O)(=O)Oc1ccc(-c2ccccc2)cc1,logical_s21,Ph-XPhos|EtOH,Ph-XPhos,EtOH,44.71,0,organometallics2022_borylation,ok,1
nib_borylation,nib_00951,s21,CN(C)S(=O)(=O)Oc1ccc(-c2ccccc2)cc1,logical_s21,VPhos|EtOH,VPhos,EtOH,86.48,0,organometallics2022_borylation,ok,1
nib_borylation,nib_00952,s21,CN(C)S(=O)(=O)Oc1ccc(-c2ccccc2)cc1,logical_s21,Ph-DavePhos|EtOH,Ph-DavePhos,EtOH,57.27,0,organometallics2022_borylation,ok,1
nib_borylation,nib_00953,s21,CN(C)S(=O)(=O)Oc1ccc(-c2ccccc2)cc1,logical_s21,PPhtBu2|EtOH,PPhtBu2,EtOH,1.79,0,organometallics2022_borylation,ok,1
nib_borylation,nib_00954,s21,CN(C)S(=O)(=O)Oc1ccc(-c2ccccc2)cc1,logical_s21,P(p-Anis)3|EtOH,P(p-Anis)3,EtOH,68.8,0,organometallics2022_borylation,ok,1
nib_borylation,nib_00955,s21,CN(C)S(=O)(=O)Oc1ccc(-c2ccccc2)cc1,logical_s21,A-paPhos|EtOH,A-paPhos,EtOH,41.13,0,organometallics2022_borylation,ok,1
nib_borylation,nib_00956,s21,CN(C)S(=O)(=O)Oc1ccc(-c2ccccc2)cc1,logical_s21,PXy3|EtOH,PXy3,EtOH,16.14,0,organometallics2022_borylation,ok,1
nib_borylation,nib_00957,s21,CN(C)S(=O)(=O)Oc1ccc(-c2ccccc2)cc1,logical_s21,PMe3 HBF4|EtOH,PMe3 HBF4,EtOH,24.21,0,organometallics2022_borylation,ok,1
nib_borylation,nib_00958,s21,CN(C)S(=O)(=O)Oc1ccc(-c2ccccc2)cc1,logical_s21,CX-PCy|EtOH,CX-PCy,EtOH,10.38,0,organometallics2022_borylation,ok,1
nib_borylation,nib_00959,s21,CN(C)S(=O)(=O)Oc1ccc(-c2ccccc2)cc1,logical_s21,CX-FBu|EtOH,CX-FBu,EtOH,35.75,0,organometallics2022_borylation,ok,1
nib_borylation,nib_00960,s21,CN(C)S(=O)(=O)Oc1ccc(-c2ccccc2)cc1,logical_s21,PPh2Cy|EtOH,PPh2Cy,EtOH,77.51,0,organometallics2022_borylation,ok,1
nib_borylation,nib_00961,s21,CN(C)S(=O)(=O)Oc1ccc(-c2ccccc2)cc1,logical_s21,P(p-F-Ph)3|EtOH,P(p-F-Ph)3,EtOH,44.07,0,organometallics2022_borylation,ok,1
nib_borylation,nib_00962,s21,CN(C)S(=O)(=O)Oc1ccc(-c2ccccc2)cc1,logical_s21,PCy3 HBF4|EtOH,PCy3 HBF4,EtOH,3.97,0,organometallics2022_borylation,ok,1
nib_borylation,nib_00963,s21,CN(C)S(=O)(=O)Oc1ccc(-c2ccccc2)cc1,logical_s21,Cy-vBRIDP|EtOH,Cy-vBRIDP,EtOH,47.66,0,organometallics2022_borylation,ok,1
nib_borylation,nib_00964,s21,CN(C)S(=O)(=O)Oc1ccc(-c2ccccc2)cc1,logical_s21,P(o-Anis)3|EtOH,P(o-Anis)3,EtOH,23.32,0,organometallics2022_borylation,ok,1
nib_borylation,nib_00965,s21,CN(C)S(=O)(=O)Oc1ccc(-c2ccccc2)cc1,logical_s21,PPh3|EtOH,PPh3,EtOH,58.81,0,organometallics2022_borylation,ok,1
nib_borylation,nib_00966,s22,Brc1ccc2c(c1)OCO2,logical_s22,Cy-JohnPhos|MeOH,Cy-JohnPhos,MeOH,100.0,0,organometallics2022_borylation,ok,1
nib_borylation,nib_00967,s22,Brc1ccc2c(c1)OCO2,logical_s22,Ph-SPhos|MeOH,Ph-SPhos,MeOH,60.34,0,organometallics2022_borylation,ok,1
nib_borylation,nib_00968,s22,Brc1ccc2c(c1)OCO2,logical_s22,Cy-BippyPhos|MeOH,Cy-BippyPhos,MeOH,95.19,0,organometallics2022_borylation,ok,1
nib_borylation,nib_00969,s22,Brc1ccc2c(c1)OCO2,logical_s22,MeO-KITPHOS|MeOH,MeO-KITPHOS,MeOH,76.76,0,organometallics2022_borylation,ok,1
nib_borylation,nib_00970,s22,Brc1ccc2c(c1)OCO2,logical_s22,MePhos|MeOH,MePhos,MeOH,63.45,0,organometallics2022_borylation,ok,1
nib_borylation,nib_00971,s22,Brc1ccc2c(c1)OCO2,logical_s22,Kwong|MeOH,Kwong,MeOH,81.89,0,organometallics2022_borylation,ok,1
nib_borylation,nib_00972,s22,Brc1ccc2c(c1)OCO2,logical_s22,Cy-PhenCar-Phos|MeOH,Cy-PhenCar-Phos,MeOH,82.93,0,organometallics2022_borylation,ok,1
nib_borylation,nib_00973,s22,Brc1ccc2c(c1)OCO2,logical_s22,Ph-XPhos|MeOH,Ph-XPhos,MeOH,34.7,0,organometallics2022_borylation,ok,1
nib_borylation,nib_00974,s22,Brc1ccc2c(c1)OCO2,logical_s22,VPhos|MeOH,VPhos,MeOH,42.03,0,organometallics2022_borylation,ok,1
nib_borylation,nib_00975,s22,Brc1ccc2c(c1)OCO2,logical_s22,Ph-DavePhos|MeOH,Ph-DavePhos,MeOH,67.09,0,organometallics2022_borylation,ok,1
nib_borylation,nib_00976,s22,Brc1ccc2c(c1)OCO2,logical_s22,PPhtBu2|MeOH,PPhtBu2,MeOH,19.39,0,organometallics2022_borylation,ok,1
nib_borylation,nib_00977,s22,Brc1ccc2c(c1)OCO2,logical_s22,P(p-Anis)3|MeOH,P(p-Anis)3,MeOH,30.69,0,organometallics2022_borylation,ok,1
nib_borylation,nib_00978,s22,Brc1ccc2c(c1)OCO2,logical_s22,A-paPhos|MeOH,A-paPhos,MeOH,33.69,0,organometallics2022_borylation,ok,1
nib_borylation,nib_00979,s22,Brc1ccc2c(c1)OCO2,logical_s22,PXy3|MeOH,PXy3,MeOH,32.08,0,organometallics2022_borylation,ok,1
nib_borylation,nib_00980,s22,Brc1ccc2c(c1)OCO2,logical_s22,PMe3 HBF4|MeOH,PMe3 HBF4,MeOH,38.58,0,organometallics2022_borylation,ok,1
nib_borylation,nib_00981,s22,Brc1ccc2c(c1)OCO2,logical_s22,CX-PCy|MeOH,CX-PCy,MeOH,88.24,0,organometallics2022_borylation,ok,1
nib_borylation,nib_00982,s22,Brc1ccc2c(c1)OCO2,logical_s22,CX-FBu|MeOH,CX-FBu,MeOH,38.52,0,organometallics2022_borylation,ok,1
nib_borylation,nib_00983,s22,Brc1ccc2c(c1)OCO2,logical_s22,PPh2Cy|MeOH,PPh2Cy,MeOH,37.54,0,organometallics2022_borylation,ok,1
nib_borylation,nib_00984,s22,Brc1ccc2c(c1)OCO2,logical_s22,P(p-F-Ph)3|MeOH,P(p-F-Ph)3,MeOH,85.78,0,organometallics2022_borylation,ok,1
nib_borylation,nib_00985,s22,Brc1ccc2c(c1)OCO2,logical_s22,PCy3 HBF4|MeOH,PCy3 HBF4,MeOH,30.04,0,organometallics2022_borylation,ok,1
nib_borylation,nib_00986,s22,Brc1ccc2c(c1)OCO2,logical_s22,Cy-vBRIDP|MeOH,Cy-vBRIDP,MeOH,51.62,0,organometallics2022_borylation,ok,1
nib_borylation,nib_00987,s22,Brc1ccc2c(c1)OCO2,logical_s22,P(o-Anis)3|MeOH,P(o-Anis)3,MeOH,57.07,0,organometallics2022_borylation,ok,1
nib_borylation,nib_00988,s22,Brc1ccc2c(c1)OCO2,logical_s22,PPh3|MeOH,PPh3,MeOH,54.09,0,organometallics2022_borylation,ok,1
nib_borylation,nib_00989,s22,Brc1ccc2c(c1)OCO2,logical_s22,Cy-JohnPhos|EtOH,Cy-JohnPhos,EtOH,70.74,0,organometallics2022_borylation,ok,1
nib_borylation,nib_00990,s22,Brc1ccc2c(c1)OCO2,logical_s22,Ph-SPhos|EtOH,Ph-SPhos,EtOH,56.06,0,organometallics2022_borylation,ok,1
nib_borylation,nib_00991,s22,Brc1ccc2c(c1)OCO2,logical_s22,Cy-BippyPhos|EtOH,Cy-BippyPhos,EtOH,47.77,0,organometallics2022_borylation,ok,1
nib_borylation,nib_00992,s22,Brc1ccc2c(c1)OCO2,logical_s22,MeO-KITPHOS|EtOH,MeO-KITPHOS,EtOH,46.14,0,organometallics2022_borylation,ok,1
nib_borylation,nib_00993,s22,Brc1ccc2c(c1)OCO2,logical_s22,MePhos|EtOH,MePhos,EtOH,42.37,0,organometallics2022_borylation,ok,1
nib_borylation,nib_00994,s22,Brc1ccc2c(c1)OCO2,logical_s22,Kwong|EtOH,Kwong,EtOH,34.29,0,organometallics2022_borylation,ok,1
nib_borylation,nib_00995,s22,Brc1ccc2c(c1)OCO2,logical_s22,Cy-PhenCar-Phos|EtOH,Cy-PhenCar-Phos,EtOH,63.48,0,organometallics2022_borylation,ok,1
nib_borylation,nib_00996,s22,Brc1ccc2c(c1)OCO2,logical_s22,Ph-XPhos|EtOH,Ph-XPhos,EtOH,37.01,0,organometallics2022_borylation,ok,1
nib_borylation,nib_00997,s22,Brc1ccc2c(c1)OCO2,logical_s22,VPhos|EtOH,VPhos,EtOH,24.86,0,organometallics2022_borylation,ok,1
nib_borylation,nib_00998,s22,Brc1ccc2c(c1)OCO2,logical_s22,Ph-DavePhos|EtOH,Ph-DavePhos,EtOH,62.32,0,organometallics2022_borylation,ok,1
nib_borylation,nib_00999,s22,Brc1ccc2c(c1)OCO2,logical_s22,PPhtBu2|EtOH,PPhtBu2,EtOH,19.83,0,organometallics2022_borylation,ok,1
nib_borylation,nib_01000,s22,Brc1ccc2c(c1)OCO2,logical_s22,P(p-Anis)3|EtOH,P(p-Anis)3,EtOH,59.44,0,organometallics2022_borylation,ok,1
nib_borylation,nib_01001,s22,Brc1ccc2c(c1)OCO2,logical_s22,A-paPhos|EtOH,A-paPhos,EtOH,64.84,0,organometallics2022_borylation,ok,1
nib_borylation,nib_01002,s22,Brc1ccc2c(c1)OCO2,logical_s22,PXy3|EtOH,PXy3,EtOH,12.86,0,organometallics2022_borylation,ok,1
nib_borylation,nib_01003,s22,Brc1ccc2c(c1)OCO2,logical_s22,PMe3 HBF4|EtOH,PMe3 HBF4,EtOH,50.63,0,organometallics2022_borylation,ok,1
nib_borylation,nib_01004,s22,Brc1ccc2c(c1)OCO2,logical_s22,CX-PCy|EtOH,CX-PCy,EtOH,65.1,0,organometallics2022_borylation,ok,1
nib_borylation,nib_01005,s22,Brc1ccc2c(c1)OCO2,logical_s22,CX-FBu|EtOH,CX-FBu,EtOH,25.08,0,organometallics2022_borylation,ok,1
nib_borylation,nib_01006,s22,Brc1ccc2c(c1)OCO2,logical_s22,PPh2Cy|EtOH,PPh2Cy,EtOH,40.74,0,organometallics2022_borylation,ok,1
nib_borylation,nib_01007,s22,Brc1ccc2c(c1)OCO2,logical_s22,P(p-F-Ph)3|EtOH,P(p-F-Ph)3,EtOH,78.82,0,organometallics2022_borylation,ok,1
nib_borylation,nib_01008,s22,Brc1ccc2c(c1)OCO2,logical_s22,PCy3 HBF4|EtOH,PCy3 HBF4,EtOH,7.41,0,organometallics2022_borylation,ok,1
nib_borylation,nib_01009,s22,Brc1ccc2c(c1)OCO2,logical_s22,Cy-vBRIDP|EtOH,Cy-vBRIDP,EtOH,42.4,0,organometallics2022_borylation,ok,1
nib_borylation,nib_01010,s22,Brc1ccc2c(c1)OCO2,logical_s22,P(o-Anis)3|EtOH,P(o-Anis)3,EtOH,48.34,0,organometallics2022_borylation,ok,1
nib_borylation,nib_01011,s22,Brc1ccc2c(c1)OCO2,logical_s22,PPh3|EtOH,PPh3,EtOH,73.24,0,organometallics2022_borylation,ok,1
nib_borylation,nib_01012,s23,Brc1ccc2occc2c1,logical_s23,Cy-JohnPhos|MeOH,Cy-JohnPhos,MeOH,53.65,0,organometallics2022_borylation,ok,1
nib_borylation,nib_01013,s23,Brc1ccc2occc2c1,logical_s23,Ph-SPhos|MeOH,Ph-SPhos,MeOH,49.18,0,organometallics2022_borylation,ok,1
nib_borylation,nib_01014,s23,Brc1ccc2occc2c1,logical_s23,Cy-BippyPhos|MeOH,Cy-BippyPhos,MeOH,58.91,0,organometallics2022_borylation,ok,1
nib_borylation,nib_01015,s23,Brc1ccc2occc2c1,logical_s23,MeO-KITPHOS|MeOH,MeO-KITPHOS,MeOH,33.52,0,organometallics2022_borylation,ok,1
nib_borylation,nib_01016,s23,Brc1ccc2occc2c1,logical_s23,MePhos|MeOH,MePhos,MeOH,46.77,0,organometallics2022_borylation,ok,1
nib_borylation,nib_01017,s23,Brc1ccc2occc2c1,logical_s23,Kwong|MeOH,Kwong,MeOH,37.45,0,organometallics2022_borylation,ok,1
nib_borylation,nib_01018,s23,Brc1ccc2occc2c1,logical_s23,Cy-PhenCar-Phos|MeOH,Cy-PhenCar-Phos,MeOH,33.85,0,organometallics2022_borylation,ok,1
nib_borylation,nib_01019,s23,Brc1ccc2occc2c1,logical_s23,Ph-XPhos|MeOH,Ph-XPhos,MeOH,41.7,0,organometallics2022_borylation,ok,1
nib_borylation,nib_01020,s23,Brc1ccc2occc2c1,logical_s23,VPhos|MeOH,VPhos,MeOH,40.51,0,organometallics2022_borylation,ok,1
nib_borylation,nib_01021,s23,Brc1ccc2occc2c1,logical_s23,Ph-DavePhos|MeOH,Ph-DavePhos,MeOH,46.43,0,organometallics2022_borylation,ok,1
nib_borylation,nib_01022,s23,Brc1ccc2occc2c1,logical_s23,PPhtBu2|MeOH,PPhtBu2,MeOH,6.43,0,organometallics2022_borylation,ok,1
nib_borylation,nib_01023,s23,Brc1ccc2occc2c1,logical_s23,P(p-Anis)3|MeOH,P(p-Anis)3,MeOH,57.61,0,organometallics2022_borylation,ok,1
nib_borylation,nib_01024,s23,Brc1ccc2occc2c1,logical_s23,A-paPhos|MeOH,A-paPhos,MeOH,58.2,0,organometallics2022_borylation,ok,1
nib_borylation,nib_01025,s23,Brc1ccc2occc2c1,logical_s23,PXy3|MeOH,PXy3,MeOH,66.4,0,organometallics2022_borylation,ok,1
nib_borylation,nib_01026,s23,Brc1ccc2occc2c1,logical_s23,PMe3 HBF4|MeOH,PMe3 HBF4,MeOH,43.42,0,organometallics2022_borylation,ok,1
nib_borylation,nib_01027,s23,Brc1ccc2occc2c1,logical_s23,CX-PCy|MeOH,CX-PCy,MeOH,42.12,0,organometallics2022_borylation,ok,1
nib_borylation,nib_01028,s23,Brc1ccc2occc2c1,logical_s23,CX-FBu|MeOH,CX-FBu,MeOH,35.06,0,organometallics2022_borylation,ok,1
nib_borylation,nib_01029,s23,Brc1ccc2occc2c1,logical_s23,PPh2Cy|MeOH,PPh2Cy,MeOH,58.02,0,organometallics2022_borylation,ok,1
nib_borylation,nib_01030,s23,Brc1ccc2occc2c1,logical_s23,P(p-F-Ph)3|MeOH,P(p-F-Ph)3,MeOH,59.43,0,organometallics2022_borylation,ok,1
nib_borylation,nib_01031,s23,Brc1ccc2occc2c1,logical_s23,PCy3 HBF4|MeOH,PCy3 HBF4,MeOH,19.05,0,organometallics2022_borylation,ok,1
nib_borylation,nib_01032,s23,Brc1ccc2occc2c1,logical_s23,Cy-vBRIDP|MeOH,Cy-vBRIDP,MeOH,59.22,0,organometallics2022_borylation,ok,1
nib_borylation,nib_01033,s23,Brc1ccc2occc2c1,logical_s23,P(o-Anis)3|MeOH,P(o-Anis)3,MeOH,47.76,0,organometallics2022_borylation,ok,1
nib_borylation,nib_01034,s23,Brc1ccc2occc2c1,logical_s23,PPh3|MeOH,PPh3,MeOH,57.48,0,organometallics2022_borylation,ok,1
nib_borylation,nib_01035,s23,Brc1ccc2occc2c1,logical_s23,Cy-JohnPhos|EtOH,Cy-JohnPhos,EtOH,49.21,0,organometallics2022_borylation,ok,1
nib_borylation,nib_01036,s23,Brc1ccc2occc2c1,logical_s23,Ph-SPhos|EtOH,Ph-SPhos,EtOH,38.09,0,organometallics2022_borylation,ok,1
nib_borylation,nib_01037,s23,Brc1ccc2occc2c1,logical_s23,Cy-BippyPhos|EtOH,Cy-BippyPhos,EtOH,35.79,0,organometallics2022_borylation,ok,1
nib_borylation,nib_01038,s23,Brc1ccc2occc2c1,logical_s23,MeO-KITPHOS|EtOH,MeO-KITPHOS,EtOH,48.64,0,organometallics2022_borylation,ok,1
nib_borylation,nib_01039,s23,Brc1ccc2occc2c1,logical_s23,MePhos|EtOH,MePhos,EtOH,43.9,0,organometallics2022_borylation,ok,1
nib_borylation,nib_01040,s23,Brc1ccc2occc2c1,logical_s23,Kwong|EtOH,Kwong,EtOH,23.33,0,organometallics2022_borylation,ok,1
nib_borylation,nib_01041,s23,Brc1ccc2occc2c1,logical_s23,Cy-PhenCar-Phos|EtOH,Cy-PhenCar-Phos,EtOH,42.3,0,organometallics2022_borylation,ok,1
nib_borylation,nib_01042,s23,Brc1ccc2occc2c1,logical_s23,Ph-XPhos|EtOH,Ph-XPhos,EtOH,27.76,0,organometallics2022_borylation,ok,1
nib_borylation,nib_01043,s23,Brc1ccc2occc2c1,logical_s23,VPhos|EtOH,VPhos,EtOH,21.19,0,organometallics2022_borylation,ok,1
nib_borylation,nib_01044,s23,Brc1ccc2occc2c1,logical_s23,Ph-DavePhos|EtOH,Ph-DavePhos,EtOH,41.03,0,organometallics2022_borylation,ok,1
nib_borylation,nib_01045,s23,Brc1ccc2occc2c1,logical_s23,PPhtBu2|EtOH,PPhtBu2,EtOH,4.1,0,organometallics2022_borylation,ok,1
nib_borylation,nib_01046,s23,Brc1ccc2occc2c1,logical_s23,P(p-Anis)3|EtOH,P(p-Anis)3,EtOH,43.33,0,organometallics2022_borylation,ok,1
nib_borylation,nib_01047,s23,Brc1ccc2occc2c1,logical_s23,A-paPhos|EtOH,A-paPhos,EtOH,39.34,0,organometallics2022_borylation,ok,1
nib_borylation,nib_01048,s23,Brc1ccc2occc2c1,logical_s23,PXy3|EtOH,PXy3,EtOH,46.21,0,organometallics2022_borylation,ok,1
nib_borylation,nib_01049,s23,Brc1ccc2occc2c1,logical_s23,PMe3 HBF4|EtOH,PMe3 HBF4,EtOH,35.83,0,organometallics2022_borylation,ok,1
nib_borylation,nib_01050,s23,Brc1ccc2occc2c1,logical_s23,CX-PCy|EtOH,CX-PCy,EtOH,48.87,0,organometallics2022_borylation,ok,1
nib_borylation,nib_01051,s23,Brc1ccc2occc2c1,logical_s23,CX-FBu|EtOH,CX-FBu,EtOH,27.73,0,organometallics2022_borylation,ok,1
nib_borylation,nib_01052,s23,Brc1ccc2occc2c1,logical_s23,PPh2Cy|EtOH,PPh2Cy,EtOH,36.46,0,organometallics2022_borylation,ok,1
nib_borylation,nib_01053,s23,Brc1ccc2occc2c1,logical_s23,P(p-F-Ph)3|EtOH,P(p-F-Ph)3,EtOH,44.77,0,organometallics2022_borylation,ok,1
nib_borylation,nib_01054,s23,Brc1ccc2occc2c1,logical_s23,PCy3 HBF4|EtOH,PCy3 HBF4,EtOH,8.12,0,organometallics2022_borylation,ok,1
nib_borylation,nib_01055,s23,Brc1ccc2occc2c1,logical_s23,Cy-vBRIDP|EtOH,Cy-vBRIDP,EtOH,39.42,0,organometallics2022_borylation,ok,1
nib_borylation,nib_01056,s23,Brc1ccc2occc2c1,logical_s23,P(o-Anis)3|EtOH,P(o-Anis)3,EtOH,40.06,0,organometallics2022_borylation,ok,1
nib_borylation,nib_01057,s23,Brc1ccc2occc2c1,logical_s23,PPh3|EtOH,PPh3,EtOH,46.08,0,organometallics2022_borylation,ok,1
nib_borylation,nib_01058,s24,COc1cc(Cl)ccc1F,logical_s24,Cy-JohnPhos|MeOH,Cy-JohnPhos,MeOH,94.84,0,organometallics2022_borylation,ok,1
nib_borylation,nib_01059,s24,COc1cc(Cl)ccc1F,logical_s24,Ph-SPhos|MeOH,Ph-SPhos,MeOH,28.7,0,organometallics2022_borylation,ok,1
nib_borylation,nib_01060,s24,COc1cc(Cl)ccc1F,logical_s24,Cy-BippyPhos|MeOH,Cy-BippyPhos,MeOH,76.17,0,organometallics2022_borylation,ok,1
nib_borylation,nib_01061,s24,COc1cc(Cl)ccc1F,logical_s24,MeO-KITPHOS|MeOH,MeO-KITPHOS,MeOH,70.22,0,organometallics2022_borylation,ok,1
nib_borylation,nib_01062,s24,COc1cc(Cl)ccc1F,logical_s24,MePhos|MeOH,MePhos,MeOH,66.46,0,organometallics2022_borylation,ok,1
nib_borylation,nib_01063,s24,COc1cc(Cl)ccc1F,logical_s24,Kwong|MeOH,Kwong,MeOH,75.68,0,organometallics2022_borylation,ok,1
nib_borylation,nib_01064,s24,COc1cc(Cl)ccc1F,logical_s24,Cy-PhenCar-Phos|MeOH,Cy-PhenCar-Phos,MeOH,67.34,0,organometallics2022_borylation,ok,1
nib_borylation,nib_01065,s24,COc1cc(Cl)ccc1F,logical_s24,Ph-XPhos|MeOH,Ph-XPhos,MeOH,25.63,0,organometallics2022_borylation,ok,1
nib_borylation,nib_01066,s24,COc1cc(Cl)ccc1F,logical_s24,VPhos|MeOH,VPhos,MeOH,51.46,0,organometallics2022_borylation,ok,1
nib_borylation,nib_01067,s24,COc1cc(Cl)ccc1F,logical_s24,Ph-DavePhos|MeOH,Ph-DavePhos,MeOH,60.63,0,organometallics2022_borylation,ok,1
nib_borylation,nib_01068,s24,COc1cc(Cl)ccc1F,logical_s24,PPhtBu2|MeOH,PPhtBu2,MeOH,0.0,0,organometallics2022_borylation,ok,1
nib_borylation,nib_01069,s24,COc1cc(Cl)ccc1F,logical_s24,P(p-Anis)3|MeOH,P(p-Anis)3,MeOH,49.77,0,organometallics2022_borylation,ok,1
nib_borylation,nib_01070,s24,COc1cc(Cl)ccc1F,logical_s24,A-paPhos|MeOH,A-paPhos,MeOH,30.35,0,organometallics2022_borylation,ok,1
nib_borylation,nib_01071,s24,COc1cc(Cl)ccc1F,logical_s24,PXy3|MeOH,PXy3,MeOH,10.71,0,organometallics2022_borylation,ok,1
nib_borylation,nib_01072,s24,COc1cc(Cl)ccc1F,logical_s24,PMe3 HBF4|MeOH,PMe3 HBF4,MeOH,74.1,0,organometallics2022_borylation,ok,1
nib_borylation,nib_01073,s24,COc1cc(Cl)ccc1F,logical_s24,CX-PCy|MeOH,CX-PCy,MeOH,100.0,0,organometallics2022_borylation,ok,1
nib_borylation,nib_01074,s24,COc1cc(Cl)ccc1F,logical_s24,CX-FBu|MeOH,CX-FBu,MeOH,30.47,0,organometallics2022_borylation,ok,1
nib_borylation,nib_01075,s24,COc1cc(Cl)ccc1F,logical_s24,PPh2Cy|MeOH,PPh2Cy,MeOH,62.25,0,organometallics2022_borylation,ok,1
nib_borylation,nib_01076,s24,COc1cc(Cl)ccc1F,logical_s24,P(p-F-Ph)3|MeOH,P(p-F-Ph)3,MeOH,54.1,0,organometallics2022_borylation,ok,1
nib_borylation,nib_01077,s24,COc1cc(Cl)ccc1F,logical_s24,PCy3 HBF4|MeOH,PCy3 HBF4,MeOH,17.03,0,organometallics2022_borylation,ok,1
nib_borylation,nib_01078,s24,COc1cc(Cl)ccc1F,logical_s24,Cy-vBRIDP|MeOH,Cy-vBRIDP,MeOH,49.39,0,organometallics2022_borylation,ok,1
nib_borylation,nib_01079,s24,COc1cc(Cl)ccc1F,logical_s24,P(o-Anis)3|MeOH,P(o-Anis)3,MeOH,50.02,0,organometallics2022_borylation,ok,1
nib_borylation,nib_01080,s24,COc1cc(Cl)ccc1F,logical_s24,PPh3|MeOH,PPh3,MeOH,19.71,0,organometallics2022_borylation,ok,1
nib_borylation,nib_01081,s24,COc1cc(Cl)ccc1F,logical_s24,Cy-JohnPhos|EtOH,Cy-JohnPhos,EtOH,80.44,0,organometallics2022_borylation,ok,1
nib_borylation,nib_01082,s24,COc1cc(Cl)ccc1F,logical_s24,Ph-SPhos|EtOH,Ph-SPhos,EtOH,31.31,0,organometallics2022_borylation,ok,1
nib_borylation,nib_01083,s24,COc1cc(Cl)ccc1F,logical_s24,Cy-BippyPhos|EtOH,Cy-BippyPhos,EtOH,37.77,0,organometallics2022_borylation,ok,1
nib_borylation,nib_01084,s24,COc1cc(Cl)ccc1F,logical_s24,MeO-KITPHOS|EtOH,MeO-KITPHOS,EtOH,45.05,0,organometallics2022_borylation,ok,1
nib_borylation,nib_01085,s24,COc1cc(Cl)ccc1F,logical_s24,MePhos|EtOH,MePhos,EtOH,62.87,0,organometallics2022_borylation,ok,1
nib_borylation,nib_01086,s24,COc1cc(Cl)ccc1F,logical_s24,Kwong|EtOH,Kwong,EtOH,35.26,0,organometallics2022_borylation,ok,1
nib_borylation,nib_01087,s24,COc1cc(Cl)ccc1F,logical_s24,Cy-PhenCar-Phos|EtOH,Cy-PhenCar-Phos,EtOH,50.93,0,organometallics2022_borylation,ok,1
nib_borylation,nib_01088,s24,COc1cc(Cl)ccc1F,logical_s24,Ph-XPhos|EtOH,Ph-XPhos,EtOH,24.67,0,organometallics2022_borylation,ok,1
nib_borylation,nib_01089,s24,COc1cc(Cl)ccc1F,logical_s24,VPhos|EtOH,VPhos,EtOH,64.97,0,organometallics2022_borylation,ok,1
nib_borylation,nib_01090,s24,COc1cc(Cl)ccc1F,logical_s24,Ph-DavePhos|EtOH,Ph-DavePhos,EtOH,30.78,0,organometallics2022_borylation,ok,1
nib_borylation,nib_01091,s24,COc1cc(Cl)ccc1F,logical_s24,PPhtBu2|EtOH,PPhtBu2,EtOH,0.0,0,organometallics2022_borylation,ok,1
nib_borylation,nib_01092,s24,COc1cc(Cl)ccc1F,logical_s24,P(p-Anis)3|EtOH,P(p-Anis)3,EtOH,55.52,0,organometallics2022_borylation,ok,1
nib_borylation,nib_01093,s24,COc1cc(Cl)ccc1F,logical_s24,A-paPhos|EtOH,A-paPhos,EtOH,42.84,0,organometallics2022_borylation,ok,1
nib_borylation,nib_01094,s24,COc1cc(Cl)ccc1F,logical_s24,PXy3|EtOH,PXy3,EtOH,8.89,0,organometallics2022_borylation,ok,1
nib_borylation,nib_01095,s24,COc1cc(Cl)ccc1F,logical_s24,PMe3 HBF4|EtOH,PMe3 HBF4,EtOH,15.84,0,organometallics2022_borylation,ok,1
nib_borylation,nib_01096,s24,COc1cc(Cl)ccc1F,logical_s24,CX-PCy|EtOH,CX-PCy,EtOH,52.53,0,organometallics2022_borylation,ok,1
nib_borylation,nib_01097,s24,COc1cc(Cl)ccc1F,logical_s24,CX-FBu|EtOH,CX-FBu,EtOH,15.39,0,organometallics2022_borylation,ok,1
nib_borylation,nib_01098,s24,COc1cc(Cl)ccc1F,logical_s24,PPh2Cy|EtOH,PPh2Cy,EtOH,49.17,0,organometallics2022_borylation,ok,1
nib_borylation,nib_01099,s24,COc1cc(Cl)ccc1F,logical_s24,P(p-F-Ph)3|EtOH,P(p-F-Ph)3,EtOH,56.21,0,organometallics2022_borylation,ok,1
nib_borylation,nib_01100,s24,COc1cc(Cl)ccc1F,logical_s24,PCy3 HBF4|EtOH,PCy3 HBF4,EtOH,6.55,0,organometallics2022_borylation,ok,1
nib_borylation,nib_01101,s24,COc1cc(Cl)ccc1F,logical_s24,Cy-vBRIDP|EtOH,Cy-vBRIDP,EtOH,52.66,0,organometallics2022_borylation,ok,1
nib_borylation,nib_01102,s24,COc1cc(Cl)ccc1F,logical_s24,P(o-Anis)3|EtOH,P(o-Anis)3,EtOH,24.56,0,organometallics2022_borylation,ok,1
nib_borylation,nib_01103,s24,COc1cc(Cl)ccc1F,logical_s24,PPh3|EtOH,PPh3,EtOH,27.36,0,organometallics2022_borylation,ok,1
nib_borylation,nib_01104,s25,FC(F)(F)c1ccc(Cl)cc1,logical_s25,Cy-JohnPhos|MeOH,Cy-JohnPhos,MeOH,71.09,0,organometallics2022_borylation,ok,1
nib_borylation,nib_01105,s25,FC(F)(F)c1ccc(Cl)cc1,logical_s25,Ph-SPhos|MeOH,Ph-SPhos,MeOH,32.25,0,organometallics2022_borylation,ok,1
nib_borylation,nib_01106,s25,FC(F)(F)c1ccc(Cl)cc1,logical_s25,Cy-BippyPhos|MeOH,Cy-BippyPhos,MeOH,75.83,0,organometallics2022_borylation,ok,1
nib_borylation,nib_01107,s25,FC(F)(F)c1ccc(Cl)cc1,logical_s25,MeO-KITPHOS|MeOH,MeO-KITPHOS,MeOH,78.49,0,organometallics2022_borylation,ok,1
nib_borylation,nib_01108,s25,FC(F)(F)c1ccc(Cl)cc1,logical_s25,MePhos|MeOH,MePhos,MeOH,47.14,0,organometallics2022_borylation,ok,1
nib_borylation,nib_01109,s25,FC(F)(F)c1ccc(Cl)cc1,logical_s25,Kwong|MeOH,Kwong,MeOH,72.11,0,organometallics2022_borylation,ok,1
nib_borylation,nib_01110,s25,FC(F)(F)c1ccc(Cl)cc1,logical_s25,Cy-PhenCar-Phos|MeOH,Cy-PhenCar-Phos,MeOH,69.35,0,organometallics2022_borylation,ok,1
nib_borylation,nib_01111,s25,FC(F)(F)c1ccc(Cl)cc1,logical_s25,Ph-XPhos|MeOH,Ph-XPhos,MeOH,54.22,0,organometallics2022_borylation,ok,1
nib_borylation,nib_01112,s25,FC(F)(F)c1ccc(Cl)cc1,logical_s25,VPhos|MeOH,VPhos,MeOH,44.18,0,organometallics2022_borylation,ok,1
nib_borylation,nib_01113,s25,FC(F)(F)c1ccc(Cl)cc1,logical_s25,Ph-DavePhos|MeOH,Ph-DavePhos,MeOH,48.22,0,organometallics2022_borylation,ok,1
nib_borylation,nib_01114,s25,FC(F)(F)c1ccc(Cl)cc1,logical_s25,PPhtBu2|MeOH,PPhtBu2,MeOH,0.0,0,organometallics2022_borylation,ok,1
nib_borylation,nib_01115,s25,FC(F)(F)c1ccc(Cl)cc1,logical_s25,P(p-Anis)3|MeOH,P(p-Anis)3,MeOH,72.12,0,organometallics2022_borylation,ok,1
nib_borylation,nib_01116,s25,FC(F)(F)c1ccc(Cl)cc1,logical_s25,A-paPhos|MeOH,A-paPhos,MeOH,51.12,0,organometallics2022_borylation,ok,1
nib_borylation,nib_01117,s25,FC(F)(F)c1ccc(Cl)cc1,logical_s25,PXy3|MeOH,PXy3,MeOH,37.61,0,organometallics2022_borylation,ok,1
nib_borylation,nib_01118,s25,FC(F)(F)c1ccc(Cl)cc1,logical_s25,PMe3 HBF4|MeOH,PMe3 HBF4,MeOH,66.92,0,organometallics2022_borylation,ok,1
nib_borylation,nib_01119,s25,FC(F)(F)c1ccc(Cl)cc1,logical_s25,CX-PCy|MeOH,CX-PCy,MeOH,83.46,0,organometallics2022_borylation,ok,1
nib_borylation,nib_01120,s25,FC(F)(F)c1ccc(Cl)cc1,logical_s25,CX-FBu|MeOH,CX-FBu,MeOH,66.13,0,organometallics2022_borylation,ok,1
nib_borylation,nib_01121,s25,FC(F)(F)c1ccc(Cl)cc1,logical_s25,PPh2Cy|MeOH,PPh2Cy,MeOH,87.76,0,organometallics2022_borylation,ok,1
nib_borylation,nib_01122,s25,FC(F)(F)c1ccc(Cl)cc1,logical_s25,P(p-F-Ph)3|MeOH,P(p-F-Ph)3,MeOH,69.85,0,organometallics2022_borylation,ok,1
nib_borylation,nib_01123,s25,FC(F)(F)c1ccc(Cl)cc1,logical_s25,PCy3 HBF4|MeOH,PCy3 HBF4,MeOH,16.31,0,organometallics2022_borylation,ok,1
nib_borylation,nib_01124,s25,FC(F)(F)c1ccc(Cl)cc1,logical_s25,Cy-vBRIDP|MeOH,Cy-vBRIDP,MeOH,50.42,0,organometallics2022_borylation,ok,1
nib_borylation,nib_01125,s25,FC(F)(F)c1ccc(Cl)cc1,logical_s25,P(o-Anis)3|MeOH,P(o-Anis)3,MeOH,79.31,0,organometallics2022_borylation,ok,1
nib_borylation,nib_01126,s25,FC(F)(F)c1ccc(Cl)cc1,logical_s25,PPh3|MeOH,PPh3,MeOH,39.93,0,organometallics2022_borylation,ok,1
nib_borylation,nib_01127,s25,FC(F)(F)c1ccc(Cl)cc1,logical_s25,Cy-JohnPhos|EtOH,Cy-JohnPhos,EtOH,73.75,0,organometallics2022_borylation,ok,1
nib_borylation,nib_01128,s25,FC(F)(F)c1ccc(Cl)cc1,logical_s25,Ph-SPhos|EtOH,Ph-SPhos,EtOH,47.63,0,organometallics2022_borylation,ok,1
nib_borylation,nib_01129,s25,FC(F)(F)c1ccc(Cl)cc1,logical_s25,Cy-BippyPhos|EtOH,Cy-BippyPhos,EtOH,59.95,0,organometallics2022_borylation,ok,1
nib_borylation,nib_01130,s25,FC(F)(F)c1ccc(Cl)cc1,logical_s25,MeO-KITPHOS|EtOH,MeO-KITPHOS,EtOH,73.05,0,organometallics2022_borylation,ok,1
nib_borylation,nib_01131,s25,FC(F)(F)c1ccc(Cl)cc1,logical_s25,MePhos|EtOH,MePhos,EtOH,60.78,0,organometallics2022_borylation,ok,1
nib_borylation,nib_01132,s25,FC(F)(F)c1ccc(Cl)cc1,logical_s25,Kwong|EtOH,Kwong,EtOH,56.33,0,organometallics2022_borylation,ok,1
nib_borylation,nib_01133,s25,FC(F)(F)c1ccc(Cl)cc1,logical_s25,Cy-PhenCar-Phos|EtOH,Cy-PhenCar-Phos,EtOH,69.06,0,organometallics2022_borylation,ok,1
nib_borylation,nib_01134,s25,FC(F)(F)c1ccc(Cl)cc1,logical_s25,Ph-XPhos|EtOH,Ph-XPhos,EtOH,60.99,0,organometallics2022_borylation,ok,1
nib_borylation,nib_01135,s25,FC(F)(F)c1ccc(Cl)cc1,logical_s25,VPhos|EtOH,VPhos,EtOH,73.09,0,organometallics2022_borylation,ok,1
nib_borylation,nib_01136,s25,FC(F)(F)c1ccc(Cl)cc1,logical_s25,Ph-DavePhos|EtOH,Ph-DavePhos,EtOH,53.93,0,organometallics2022_borylation,ok,1
nib_borylation,nib_01137,s25,FC(F)(F)c1ccc(Cl)cc1,logical_s25,PPhtBu2|EtOH,PPhtBu2,EtOH,0.0,0,organometallics2022_borylation,ok,1
nib_borylation,nib_01138,s25,FC(F)(F)c1ccc(Cl)cc1,logical_s25,P(p-Anis)3|EtOH,P(p-Anis)3,EtOH,78.4,0,organometallics2022_borylation,ok,1
nib_borylation,nib_01139,s25,FC(F)(F)c1ccc(Cl)cc1,logical_s25,A-paPhos|EtOH,A-paPhos,EtOH,56.31,0,organometallics2022_borylation,ok,1
nib_borylation,nib_01140,s25,FC(F)(F)c1ccc(Cl)cc1,logical_s25,PXy3|EtOH,PXy3,EtOH,61.51,0,organometallics2022_borylation,ok,1
nib_borylation,nib_01141,s25,FC(F)(F)c1ccc(Cl)cc1,logical_s25,PMe3 HBF4|EtOH,PMe3 HBF4,EtOH,48.48,0,organometallics2022_borylation,ok,1
nib_borylation,nib_01142,s25,FC(F)(F)c1ccc(Cl)cc1,logical_s25,CX-PCy|EtOH,CX-PCy,EtOH,76.19,0,organometallics2022_borylation,ok,1
nib_borylation,nib_01143,s25,FC(F)(F)c1ccc(Cl)cc1,logical_s25,CX-FBu|EtOH,CX-FBu,EtOH,46.97,0,organometallics2022_borylation,ok,1
nib_borylation,nib_01144,s25,FC(F)(F)c1ccc(Cl)cc1,logical_s25,PPh2Cy|EtOH,PPh2Cy,EtOH,80.79,0,organometallics2022_borylation,ok,1
nib_borylation,nib_01145,s25,FC(F)(F)c1ccc(Cl)cc1,logical_s25,P(p-F-Ph)3|EtOH,P(p-F-Ph)3,EtOH,71.85,0,organometallics2022_borylation,ok,1
nib_borylation,nib_01146,s25,FC(F)(F)c1ccc(Cl)cc1,logical_s25,PCy3 HBF4|EtOH,PCy3 HBF4,EtOH,0.0,0,organometallics2022_borylation,ok,1
nib_borylation,nib_01147,s25,FC(F)(F)c1ccc(Cl)cc1,logical_s25,Cy-vBRIDP|EtOH,Cy-vBRIDP,EtOH,50.35,0,organometallics2022_borylation,ok,1
nib_borylation,nib_01148,s25,FC(F)(F)c1ccc(Cl)cc1,logical_s25,P(o-Anis)3|EtOH,P(o-Anis)3,EtOH,62.07,0,organometallics2022_borylation,ok,1
nib_borylation,nib_01149,s25,FC(F)(F)c1ccc(Cl)cc1,logical_s25,PPh3|EtOH,PPh3,EtOH,57.73,0,organometallics2022_borylation,ok,1
nib_borylation,nib_01150,s26,Clc1cnc2ccccc2c1,logical_s26,Cy-JohnPhos|MeOH,Cy-JohnPhos,MeOH,57.22,0,organometallics2022_borylation,ok,1
nib_borylation,nib_01151,s26,Clc1cnc2ccccc2c1,logical_s26,Ph-SPhos|MeOH,Ph-SPhos,MeOH,38.35,0,organometallics2022_borylation,ok,1
nib_borylation,nib_01152,s26,Clc1cnc2ccccc2c1,logical_s26,Cy-BippyPhos|MeOH,Cy-BippyPhos,MeOH,34.26,0,organometallics2022_borylation,ok,1
nib_borylation,nib_01153,s26,Clc1cnc2ccccc2c1,logical_s26,MeO-KITPHOS|MeOH,MeO-KITPHOS,MeOH,41.34,0,organometallics2022_borylation,ok,1
nib_borylation,nib_01154,s26,Clc1cnc2ccccc2c1,logical_s26,MePhos|MeOH,MePhos,MeOH,51.79,0,organometallics2022_borylation,ok,1
nib_borylation,nib_01155,s26,Clc1cnc2ccccc2c1,logical_s26,Kwong|MeOH,Kwong,MeOH,51.07,0,organometallics2022_borylation,ok,1
nib_borylation,nib_01156,s26,Clc1cnc2ccccc2c1,logical_s26,Cy-PhenCar-Phos|MeOH,Cy-PhenCar-Phos,MeOH,38.49,0,organometallics2022_borylation,ok,1
nib_borylation,nib_01157,s26,Clc1cnc2ccccc2c1,logical_s26,Ph-XPhos|MeOH,Ph-XPhos,MeOH,35.42,0,organometallics2022_borylation,ok,1
nib_borylation,nib_01158,s26,Clc1cnc2ccccc2c1,logical_s26,VPhos|MeOH,VPhos,MeOH,30.08,0,organometallics2022_borylation,ok,1
nib_borylation,nib_01159,s26,Clc1cnc2ccccc2c1,logical_s26,Ph-DavePhos|MeOH,Ph-DavePhos,MeOH,42.46,0,organometallics2022_borylation,ok,1
nib_borylation,nib_01160,s26,Clc1cnc2ccccc2c1,logical_s26,PPhtBu2|MeOH,PPhtBu2,MeOH,36.65,0,organometallics2022_borylation,ok,1
nib_borylation,nib_01161,s26,Clc1cnc2ccccc2c1,logical_s26,P(p-Anis)3|MeOH,P(p-Anis)3,MeOH,82.11,0,organometallics2022_borylation,ok,1
nib_borylation,nib_01162,s26,Clc1cnc2ccccc2c1,logical_s26,A-paPhos|MeOH,A-paPhos,MeOH,81.93,0,organometallics2022_borylation,ok,1
nib_borylation,nib_01163,s26,Clc1cnc2ccccc2c1,logical_s26,PXy3|MeOH,PXy3,MeOH,87.88,0,organometallics2022_borylation,ok,1
nib_borylation,nib_01164,s26,Clc1cnc2ccccc2c1,logical_s26,PMe3 HBF4|MeOH,PMe3 HBF4,MeOH,18.8,0,organometallics2022_borylation,ok,1
nib_borylation,nib_01165,s26,Clc1cnc2ccccc2c1,logical_s26,CX-PCy|MeOH,CX-PCy,MeOH,61.2,0,organometallics2022_borylation,ok,1
nib_borylation,nib_01166,s26,Clc1cnc2ccccc2c1,logical_s26,CX-FBu|MeOH,CX-FBu,MeOH,40.99,0,organometallics2022_borylation,ok,1
nib_borylation,nib_01167,s26,Clc1cnc2ccccc2c1,logical_s26,PPh2Cy|MeOH,PPh2Cy,MeOH,75.48,0,organometallics2022_borylation,ok,1
nib_borylation,nib_01168,s26,Clc1cnc2ccccc2c1,logical_s26,P(p-F-Ph)3|MeOH,P(p-F-Ph)3,MeOH,94.14,0,organometallics2022_borylation,ok,1
nib_borylation,nib_01169,s26,Clc1cnc2ccccc2c1,logical_s26,PCy3 HBF4|MeOH,PCy3 HBF4,MeOH,39.87,0,organometallics2022_borylation,ok,1
nib_borylation,nib_01170,s26,Clc1cnc2ccccc2c1,logical_s26,Cy-vBRIDP|MeOH,Cy-vBRIDP,MeOH,69.97,0,organometallics2022_borylation,ok,1
nib_borylation,nib_01171,s26,Clc1cnc2ccccc2c1,logical_s26,P(o-Anis)3|MeOH,P(o-Anis)3,MeOH,34.96,0,organometallics2022_borylation,ok,1
nib_borylation,nib_01172,s26,Clc1cnc2ccccc2c1,logical_s26,PPh3|MeOH,PPh3,MeOH,83.34,0,organometallics2022_borylation,ok,1
nib_borylation,nib_01173,s26,Clc1cnc2ccccc2c1,logical_s26,Cy-JohnPhos|EtOH,Cy-JohnPhos,EtOH,31.23,0,organometallics2022_borylation,ok,1
nib_borylation,nib_01174,s26,Clc1cnc2ccccc2c1,logical_s26,Ph-SPhos|EtOH,Ph-SPhos,EtOH,22.45,0,organometallics2022_borylation,ok,1
nib_borylation,nib_01175,s26,Clc1cnc2ccccc2c1,logical_s26,Cy-BippyPhos|EtOH,Cy-BippyPhos,EtOH,12.32,0,organometallics2022_borylation,ok,1
nib_borylation,nib_01176,s26,Clc1cnc2ccccc2c1,logical_s26,MeO-KITPHOS|EtOH,MeO-KITPHOS,EtOH,19.23,0,organometallics2022_borylation,ok,1
nib_borylation,nib_01177,s26,Clc1cnc2ccccc2c1,logical_s26,MePhos|EtOH,MePhos,EtOH,25.75,0,organometallics2022_borylation,ok,1
nib_borylation,nib_01178,s26,Clc1cnc2ccccc2c1,logical_s26,Kwong|EtOH,Kwong,EtOH,12.14,0,organometallics2022_borylation,ok,1
nib_borylation,nib_01179,s26,Clc1cnc2ccccc2c1,logical_s26,Cy-PhenCar-Phos|EtOH,Cy-PhenCar-Phos,EtOH,13.66,0,organometallics2022_borylation,ok,1
nib_borylation,nib_01180,s26,Clc1cnc2ccccc2c1,logical_s26,Ph-XPhos|EtOH,Ph-XPhos,EtOH,14.01,0,organometallics2022_borylation,ok,1
nib_borylation,nib_01181,s26,Clc1cnc2ccccc2c1,logical_s26,VPhos|EtOH,VPhos,EtOH,11.62,0,organometallics2022_borylation,ok,1
nib_borylation,nib_01182,s26,Clc1cnc2ccccc2c1,logical_s26,Ph-DavePhos|EtOH,Ph-DavePhos,EtOH,29.66,0,organometallics2022_borylation,ok,1
nib_borylation,nib_01183,s26,Clc1cnc2ccccc2c1,logical_s26,PPhtBu2|EtOH,PPhtBu2,EtOH,12.22,0,organometallics2022_borylation,ok,1
nib_borylation,nib_01184,s26,Clc1cnc2ccccc2c1,logical_s26,P(p-Anis)3|EtOH,P(p-Anis)3,EtOH,67.05,0,organometallics2022_borylation,ok,1
nib_borylation,nib_01185,s26,Clc1cnc2ccccc2c1,logical_s26,A-paPhos|EtOH,A-paPhos,EtOH,72.37,0,organometallics2022_borylation,ok,1
nib_borylation,nib_01186,s26,Clc1cnc2ccccc2c1,logical_s26,PXy3|EtOH,PXy3,EtOH,65.99,0,organometallics2022_borylation,ok,1
nib_borylation,nib_01187,s26,Clc1cnc2ccccc2c1,logical_s26,PMe3 HBF4|EtOH,PMe3 HBF4,EtOH,38.52,0,organometallics2022_borylation,ok,1
nib_borylation,nib_01188,s26,Clc1cnc2ccccc2c1,logical_s26,CX-PCy|EtOH,CX-PCy,EtOH,31.57,0,organometallics2022_borylation,ok,1
nib_borylation,nib_01189,s26,Clc1cnc2ccccc2c1,logical_s26,CX-FBu|EtOH,CX-FBu,EtOH,33.78,0,organometallics2022_borylation,ok,1
nib_borylation,nib_01190,s26,Clc1cnc2ccccc2c1,logical_s26,PPh2Cy|EtOH,PPh2Cy,EtOH,70.27,0,organometallics2022_borylation,ok,1
nib_borylation,nib_01191,s26,Clc1cnc2ccccc2c1,logical_s26,P(p-F-Ph)3|EtOH,P(p-F-Ph)3,EtOH,20.49,0,organometallics2022_borylation,ok,1
nib_borylation,nib_01192,s26,Clc1cnc2ccccc2c1,logical_s26,PCy3 HBF4|EtOH,PCy3 HBF4,EtOH,17.55,0,organometallics2022_borylation,ok,1
nib_borylation,nib_01193,s26,Clc1cnc2ccccc2c1,logical_s26,Cy-vBRIDP|EtOH,Cy-vBRIDP,EtOH,26.09,0,organometallics2022_borylation,ok,1
nib_borylation,nib_01194,s26,Clc1cnc2ccccc2c1,logical_s26,P(o-Anis)3|EtOH,P(o-Anis)3,EtOH,29.59,0,organometallics2022_borylation,ok,1
nib_borylation,nib_01195,s26,Clc1cnc2ccccc2c1,logical_s26,PPh3|EtOH,PPh3,EtOH,50.37,0,organometallics2022_borylation,ok,1
nib_borylation,nib_01196,s27,COc1ncc(Br)c(OC)n1,logical_s27,Cy-JohnPhos|MeOH,Cy-JohnPhos,MeOH,13.23,0,organometallics2022_borylation,ok,1
nib_borylation,nib_01197,s27,COc1ncc(Br)c(OC)n1,logical_s27,Ph-SPhos|MeOH,Ph-SPhos,MeOH,0.0,0,organometallics2022_borylation,ok,1
nib_borylation,nib_01198,s27,COc1ncc(Br)c(OC)n1,logical_s27,Cy-BippyPhos|MeOH,Cy-BippyPhos,MeOH,0.0,0,organometallics2022_borylation,ok,1
nib_borylation,nib_01199,s27,COc1ncc(Br)c(OC)n1,logical_s27,MeO-KITPHOS|MeOH,MeO-KITPHOS,MeOH,0.0,0,organometallics2022_borylation,ok,1
nib_borylation,nib_01200,s27,COc1ncc(Br)c(OC)n1,logical_s27,MePhos|MeOH,MePhos,MeOH,7.56,0,organometallics2022_borylation,ok,1
nib_borylation,nib_01201,s27,COc1ncc(Br)c(OC)n1,logical_s27,Kwong|MeOH,Kwong,MeOH,0.0,0,organometallics2022_borylation,ok,1
nib_borylation,nib_01202,s27,COc1ncc(Br)c(OC)n1,logical_s27,Cy-PhenCar-Phos|MeOH,Cy-PhenCar-Phos,MeOH,0.0,0,organometallics2022_borylation,ok,1
nib_borylation,nib_01203,s27,COc1ncc(Br)c(OC)n1,logical_s27,Ph-XPhos|MeOH,Ph-XPhos,MeOH,7.35,0,organometallics2022_borylation,ok,1
nib_borylation,nib_01204,s27,COc1ncc(Br)c(OC)n1,logical_s27,VPhos|MeOH,VPhos,MeOH,3.96,0,organometallics2022_borylation,ok,1
nib_borylation,nib_01205,s27,COc1ncc(Br)c(OC)n1,logical_s27,Ph-DavePhos|MeOH,Ph-DavePhos,MeOH,1.21,0,organometallics2022_borylation,ok,1
nib_borylation,nib_01206,s27,COc1ncc(Br)c(OC)n1,logical_s27,PPhtBu2|MeOH,PPhtBu2,MeOH,0.0,0,organometallics2022_borylation,ok,1
nib_borylation,nib_01207,s27,COc1ncc(Br)c(OC)n1,logical_s27,P(p-Anis)3|MeOH,P(p-Anis)3,MeOH,11.04,0,organometallics2022_borylation,ok,1
nib_borylation,nib_01208,s27,COc1ncc(Br)c(OC)n1,logical_s27,A-paPhos|MeOH,A-paPhos,MeOH,11.45,0,organometallics2022_borylation,ok,1
nib_borylation,nib_01209,s27,COc1ncc(Br)c(OC)n1,logical_s27,PXy3|MeOH,PXy3,MeOH,13.35,0,organometallics2022_borylation,ok,1
nib_borylation,nib_01210,s27,COc1ncc(Br)c(OC)n1,logical_s27,PMe3 HBF4|MeOH,PMe3 HBF4,MeOH,18.04,0,organometallics2022_borylation,ok,1
nib_borylation,nib_01211,s27,COc1ncc(Br)c(OC)n1,logical_s27,CX-PCy|MeOH,CX-PCy,MeOH,24.81,0,organometallics2022_borylation,ok,1
nib_borylation,nib_01212,s27,COc1ncc(Br)c(OC)n1,logical_s27,CX-FBu|MeOH,CX-FBu,MeOH,0.0,0,organometallics2022_borylation,ok,1
nib_borylation,nib_01213,s27,COc1ncc(Br)c(OC)n1,logical_s27,PPh2Cy|MeOH,PPh2Cy,MeOH,14.49,0,organometallics2022_borylation,ok,1
nib_borylation,nib_01214,s27,COc1ncc(Br)c(OC)n1,logical_s27,P(p-F-Ph)3|MeOH,P(p-F-Ph)3,MeOH,17.36,0,organometallics2022_borylation,ok,1
nib_borylation,nib_01215,s27,COc1ncc(Br)c(OC)n1,logical_s27,PCy3 HBF4|MeOH,PCy3 HBF4,MeOH,16.53,0,organometallics2022_borylation,ok,1
nib_borylation,nib_01216,s27,COc1ncc(Br)c(OC)n1,logical_s27,Cy-vBRIDP|MeOH,Cy-vBRIDP,MeOH,8.98,0,organometallics2022_borylation,ok,1
nib_borylation,nib_01217,s27,COc1ncc(Br)c(OC)n1,logical_s27,P(o-Anis)3|MeOH,P(o-Anis)3,MeOH,11.79,0,organometallics2022_borylation,ok,1
nib_borylation,nib_01218,s27,COc1ncc(Br)c(OC)n1,logical_s27,PPh3|MeOH,PPh3,MeOH,15.23,0,organometallics2022_borylation,ok,1
nib_borylation,nib_01219,s27,COc1ncc(Br)c(OC)n1,logical_s27,Cy-JohnPhos|EtOH,Cy-JohnPhos,EtOH,3.85,0,organometallics2022_borylation,ok,1
nib_borylation,nib_01220,s27,COc1ncc(Br)c(OC)n1,logical_s27,Ph-SPhos|EtOH,Ph-SPhos,EtOH,0.0,0,organometallics2022_borylation,ok,1
nib_borylation,nib_01221,s27,COc1ncc(Br)c(OC)n1,logical_s27,Cy-BippyPhos|EtOH,Cy-BippyPhos,EtOH,2.94,0,organometallics2022_borylation,ok,1
nib_borylation,nib_01222,s27,COc1ncc(Br)c(OC)n1,logical_s27,MeO-KITPHOS|EtOH,MeO-KITPHOS,EtOH,2.14,0,organometallics2022_borylation,ok,1
nib_borylation,nib_01223,s27,COc1ncc(Br)c(OC)n1,logical_s27,MePhos|EtOH,MePhos,EtOH,2.99,0,organometallics2022_borylation,ok,1
nib_borylation,nib_01224,s27,COc1ncc(Br)c(OC)n1,logical_s27,Kwong|EtOH,Kwong,EtOH,2.7,0,organometallics2022_borylation,ok,1
nib_borylation,nib_01225,s27,COc1ncc(Br)c(OC)n1,logical_s27,Cy-PhenCar-Phos|EtOH,Cy-PhenCar-Phos,EtOH,0.0,0,organometallics2022_borylation,ok,1
nib_borylation,nib_01226,s27,COc1ncc(Br)c(OC)n1,logical_s27,Ph-XPhos|EtOH,Ph-XPhos,EtOH,2.65,0,organometallics2022_borylation,ok,1
nib_borylation,nib_01227,s27,COc1ncc(Br)c(OC)n1,logical_s27,VPhos|EtOH,VPhos,EtOH,2.05,0,organometallics2022_borylation,ok,1
nib_borylation,nib_01228,s27,COc1ncc(Br)c(OC)n1,logical_s27,Ph-DavePhos|EtOH,Ph-DavePhos,EtOH,2.65,0,organometallics2022_borylation,ok,1
nib_borylation,nib_01229,s27,COc1ncc(Br)c(OC)n1,logical_s27,PPhtBu2|EtOH,PPhtBu2,EtOH,2.3,0,organometallics2022_borylation,ok,1
nib_borylation,nib_01230,s27,COc1ncc(Br)c(OC)n1,logical_s27,P(p-Anis)3|EtOH,P(p-Anis)3,EtOH,4.12,0,organometallics2022_borylation,ok,1
nib_borylation,nib_01231,s27,COc1ncc(Br)c(OC)n1,logical_s27,A-paPhos|EtOH,A-paPhos,EtOH,3.52,0,organometallics2022_borylation,ok,1
nib_borylation,nib_01232,s27,COc1ncc(Br)c(OC)n1,logical_s27,PXy3|EtOH,PXy3,EtOH,3.85,0,organometallics2022_borylation,ok,1
nib_borylation,nib_01233,s27,COc1ncc(Br)c(OC)n1,logical_s27,PMe3 HBF4|EtOH,PMe3 HBF4,EtOH,3.16,0,organometallics2022_borylation,ok,1
nib_borylation,nib_01234,s27,COc1ncc(Br)c(OC)n1,logical_s27,CX-PCy|EtOH,CX-PCy,EtOH,4.2,0,organometallics2022_borylation,ok,1
nib_borylation,nib_01235,s27,COc1ncc(Br)c(OC)n1,logical_s27,CX-FBu|EtOH,CX-FBu,EtOH,2.52,0,organometallics2022_borylation,ok,1
nib_borylation,nib_01236,s27,COc1ncc(Br)c(OC)n1,logical_s27,PPh2Cy|EtOH,PPh2Cy,EtOH,4.93,0,organometallics2022_borylation,ok,1
nib_borylation,nib_01237,s27,COc1ncc(Br)c(OC)n1,logical_s27,P(p-F-Ph)3|EtOH,P(p-F-Ph)3,EtOH,4.46,0,organometallics2022_borylation,ok,1
nib_borylation,nib_01238,s27,COc1ncc(Br)c(OC)n1,logical_s27,PCy3 HBF4|EtOH,PCy3 HBF4,EtOH,5.55,0,organometallics2022_borylation,ok,1
nib_borylation,nib_01239,s27,COc1ncc(Br)c(OC)n1,logical_s27,Cy-vBRIDP|EtOH,Cy-vBRIDP,EtOH,2.98,0,organometallics2022_borylation,ok,1
nib_borylation,nib_01240,s27,COc1ncc(Br)c(OC)n1,logical_s27,P(o-Anis)3|EtOH,P(o-Anis)3,EtOH,3.09,0,organometallics2022_borylation,ok,1
nib_borylation,nib_01241,s27,COc1ncc(Br)c(OC)n1,logical_s27,PPh3|EtOH,PPh3,EtOH,4.21,0,organometallics2022_borylation,ok,1
nib_borylation,nib_01242,s28,COC(=O)c1ccc(Cl)cc1,logical_s28,Cy-JohnPhos|MeOH,Cy-JohnPhos,MeOH,57.59,0,organometallics2022_borylation,ok,1
nib_borylation,nib_01243,s28,COC(=O)c1ccc(Cl)cc1,logical_s28,Ph-SPhos|MeOH,Ph-SPhos,MeOH,48.98,0,organometallics2022_borylation,ok,1
nib_borylation,nib_01244,s28,COC(=O)c1ccc(Cl)cc1,logical_s28,Cy-BippyPhos|MeOH,Cy-BippyPhos,MeOH,53.08,0,organometallics2022_borylation,ok,1
nib_borylation,nib_01245,s28,COC(=O)c1ccc(Cl)cc1,logical_s28,MeO-KITPHOS|MeOH,MeO-KITPHOS,MeOH,59.42,0,organometallics2022_borylation,ok,1
nib_borylation,nib_01246,s28,COC(=O)c1ccc(Cl)cc1,logical_s28,MePhos|MeOH,MePhos,MeOH,52.33,0,organometallics2022_borylation,ok,1
nib_borylation,nib_01247,s28,COC(=O)c1ccc(Cl)cc1,logical_s28,Kwong|MeOH,Kwong,MeOH,56.07,0,organometallics2022_borylation,ok,1
nib_borylation,nib_01248,s28,COC(=O)c1ccc(Cl)cc1,logical_s28,Cy-PhenCar-Phos|MeOH,Cy-PhenCar-Phos,MeOH,57.3,0,organometallics2022_borylation,ok,1
nib_borylation,nib_01249,s28,COC(=O)c1ccc(Cl)cc1,logical_s28,Ph-XPhos|MeOH,Ph-XPhos,MeOH,52.77,0,organometallics2022_borylation,ok,1
nib_borylation,nib_01250,s28,COC(=O)c1ccc(Cl)cc1,logical_s28,VPhos|MeOH,VPhos,MeOH,56.99,0,organometallics2022_borylation,ok,1
nib_borylation,nib_01251,s28,COC(=O)c1ccc(Cl)cc1,logical_s28,Ph-DavePhos|MeOH,Ph-DavePhos,MeOH,54.51,0,organometallics2022_borylation,ok,1
nib_borylation,nib_01252,s28,COC(=O)c1ccc(Cl)cc1,logical_s28,PPhtBu2|MeOH,PPhtBu2,MeOH,14.18,0,organometallics2022_borylation,ok,1
nib_borylation,nib_01253,s28,COC(=O)c1ccc(Cl)cc1,logical_s28,P(p-Anis)3|MeOH,P(p-Anis)3,MeOH,63.13,0,organometallics2022_borylation,ok,1
nib_borylation,nib_01254,s28,COC(=O)c1ccc(Cl)cc1,logical_s28,A-paPhos|MeOH,A-paPhos,MeOH,63.27,0,organometallics2022_borylation,ok,1
nib_borylation,nib_01255,s28,COC(=O)c1ccc(Cl)cc1,logical_s28,PXy3|MeOH,PXy3,MeOH,52.82,0,organometallics2022_borylation,ok,1
nib_borylation,nib_01256,s28,COC(=O)c1ccc(Cl)cc1,logical_s28,PMe3 HBF4|MeOH,PMe3 HBF4,MeOH,16.11,0,organometallics2022_borylation,ok,1
nib_borylation,nib_01257,s28,COC(=O)c1ccc(Cl)cc1,logical_s28,CX-PCy|MeOH,CX-PCy,MeOH,60.57,0,organometallics2022_borylation,ok,1
nib_borylation,nib_01258,s28,COC(=O)c1ccc(Cl)cc1,logical_s28,CX-FBu|MeOH,CX-FBu,MeOH,32.52,0,organometallics2022_borylation,ok,1
nib_borylation,nib_01259,s28,COC(=O)c1ccc(Cl)cc1,logical_s28,PPh2Cy|MeOH,PPh2Cy,MeOH,61.11,0,organometallics2022_borylation,ok,1
nib_borylation,nib_01260,s28,COC(=O)c1ccc(Cl)cc1,logical_s28,P(p-F-Ph)3|MeOH,P(p-F-Ph)3,MeOH,62.36,0,organometallics2022_borylation,ok,1
nib_borylation,nib_01261,s28,COC(=O)c1ccc(Cl)cc1,logical_s28,PCy3 HBF4|MeOH,PCy3 HBF4,MeOH,19.6,0,organometallics2022_borylation,ok,1
nib_borylation,nib_01262,s28,COC(=O)c1ccc(Cl)cc1,logical_s28,Cy-vBRIDP|MeOH,Cy-vBRIDP,MeOH,31.03,0,organometallics2022_borylation,ok,1
nib_borylation,nib_01263,s28,COC(=O)c1ccc(Cl)cc1,logical_s28,P(o-Anis)3|MeOH,P(o-Anis)3,MeOH,26.08,0,organometallics2022_borylation,ok,1
nib_borylation,nib_01264,s28,COC(=O)c1ccc(Cl)cc1,logical_s28,PPh3|MeOH,PPh3,MeOH,60.33,0,organometallics2022_borylation,ok,1
nib_borylation,nib_01265,s28,COC(=O)c1ccc(Cl)cc1,logical_s28,Cy-JohnPhos|EtOH,Cy-JohnPhos,EtOH,57.28,0,organometallics2022_borylation,ok,1
nib_borylation,nib_01266,s28,COC(=O)c1ccc(Cl)cc1,logical_s28,Ph-SPhos|EtOH,Ph-SPhos,EtOH,34.77,0,organometallics2022_borylation,ok,1
nib_borylation,nib_01267,s28,COC(=O)c1ccc(Cl)cc1,logical_s28,Cy-BippyPhos|EtOH,Cy-BippyPhos,EtOH,32.66,0,organometallics2022_borylation,ok,1
nib_borylation,nib_01268,s28,COC(=O)c1ccc(Cl)cc1,logical_s28,MeO-KITPHOS|EtOH,MeO-KITPHOS,EtOH,45.05,0,organometallics2022_borylation,ok,1
nib_borylation,nib_01269,s28,COC(=O)c1ccc(Cl)cc1,logical_s28,MePhos|EtOH,MePhos,EtOH,48.55,0,organometallics2022_borylation,ok,1
nib_borylation,nib_01270,s28,COC(=O)c1ccc(Cl)cc1,logical_s28,Kwong|EtOH,Kwong,EtOH,35.16,0,organometallics2022_borylation,ok,1
nib_borylation,nib_01271,s28,COC(=O)c1ccc(Cl)cc1,logical_s28,Cy-PhenCar-Phos|EtOH,Cy-PhenCar-Phos,EtOH,40.66,0,organometallics2022_borylation,ok,1
nib_borylation,nib_01272,s28,COC(=O)c1ccc(Cl)cc1,logical_s28,Ph-XPhos|EtOH,Ph-XPhos,EtOH,31.26,0,organometallics2022_borylation,ok,1
nib_borylation,nib_01273,s28,COC(=O)c1ccc(Cl)cc1,logical_s28,VPhos|EtOH,VPhos,EtOH,44.94,0,organometallics2022_borylation,ok,1
nib_borylation,nib_01274,s28,COC(=O)c1ccc(Cl)cc1,logical_s28,Ph-DavePhos|EtOH,Ph-DavePhos,EtOH,41.27,0,organometallics2022_borylation,ok,1
nib_borylation,nib_01275,s28,COC(=O)c1ccc(Cl)cc1,logical_s28,PPhtBu2|EtOH,PPhtBu2,EtOH,10.08,0,organometallics2022_borylation,ok,1
nib_borylation,nib_01276,s28,COC(=O)c1ccc(Cl)cc1,logical_s28,P(p-Anis)3|EtOH,P(p-Anis)3,EtOH,53.43,0,organometallics2022_borylation,ok,1
nib_borylation,nib_01277,s28,COC(=O)c1ccc(Cl)cc1,logical_s28,A-paPhos|EtOH,A-paPhos,EtOH,55.58,0,organometallics2022_borylation,ok,1
nib_borylation,nib_01278,s28,COC(=O)c1ccc(Cl)cc1,logical_s28,PXy3|EtOH,PXy3,EtOH,49.85,0,organometallics2022_borylation,ok,1
nib_borylation,nib_01279,s28,COC(=O)c1ccc(Cl)cc1,logical_s28,PMe3 HBF4|EtOH,PMe3 HBF4,EtOH,10.09,0,organometallics2022_borylation,ok,1
nib_borylation,nib_01280,s28,COC(=O)c1ccc(Cl)cc1,logical_s28,CX-PCy|EtOH,CX-PCy,EtOH,47.42,0,organometallics2022_borylation,ok,1
nib_borylation,nib_01281,s28,COC(=O)c1ccc(Cl)cc1,logical_s28,CX-FBu|EtOH,CX-FBu,EtOH,23.5,0,organometallics2022_borylation,ok,1
nib_borylation,nib_01282,s28,COC(=O)c1ccc(Cl)cc1,logical_s28,PPh2Cy|EtOH,PPh2Cy,EtOH,52.84,0,organometallics2022_borylation,ok,1
nib_borylation,nib_01283,s28,COC(=O)c1ccc(Cl)cc1,logical_s28,P(p-F-Ph)3|EtOH,P(p-F-Ph)3,EtOH,52.54,0,organometallics2022_borylation,ok,1
nib_borylation,nib_01284,s28,COC(=O)c1ccc(Cl)cc1,logical_s28,PCy3 HBF4|EtOH,PCy3 HBF4,EtOH,10.36,0,organometallics2022_borylation,ok,1
nib_borylation,nib_01285,s28,COC(=O)c1ccc(Cl)cc1,logical_s28,Cy-vBRIDP|EtOH,Cy-vBRIDP,EtOH,28.24,0,organometallics2022_borylation,ok,1
nib_borylation,nib_01286,s28,COC(=O)c1ccc(Cl)cc1,logical_s28,P(o-Anis)3|EtOH,P(o-Anis)3,EtOH,19.65,0,organometallics2022_borylation,ok,1
nib_borylation,nib_01287,s28,COC(=O)c1ccc(Cl)cc1,logical_s28,PPh3|EtOH,PPh3,EtOH,52.39,0,organometallics2022_borylation,ok,1
nib_borylation,nib_01288,s29,Clc1ccc2c(c1)OCO2,logical_s29,Cy-JohnPhos|MeOH,Cy-JohnPhos,MeOH,78.65,0,organometallics2022_borylation,ok,1
nib_borylation,nib_01289,s29,Clc1ccc2c(c1)OCO2,logical_s29,Ph-SPhos|MeOH,Ph-SPhos,MeOH,27.82,0,organometallics2022_borylation,ok,1
nib_borylation,nib_01290,s29,Clc1ccc2c(c1)OCO2,logical_s29,Cy-BippyPhos|MeOH,Cy-BippyPhos,MeOH,73.13,0,organometallics2022_borylation,ok,1
nib_borylation,nib_01291,s29,Clc1ccc2c(c1)OCO2,logical_s29,MeO-KITPHOS|MeOH,MeO-KITPHOS,MeOH,41.7,0,organometallics2022_borylation,ok,1
nib_borylation,nib_01292,s29,Clc1ccc2c(c1)OCO2,logical_s29,MePhos|MeOH,MePhos,MeOH,51.13,0,organometallics2022_borylation,ok,1
nib_borylation,nib_01293,s29,Clc1ccc2c(c1)OCO2,logical_s29,Kwong|MeOH,Kwong,MeOH,69.29,0,organometallics2022_borylation,ok,1
nib_borylation,nib_01294,s29,Clc1ccc2c(c1)OCO2,logical_s29,Cy-PhenCar-Phos|MeOH,Cy-PhenCar-Phos,MeOH,76.38,0,organometallics2022_borylation,ok,1
nib_borylation,nib_01295,s29,Clc1ccc2c(c1)OCO2,logical_s29,Ph-XPhos|MeOH,Ph-XPhos,MeOH,14.74,0,organometallics2022_borylation,ok,1
nib_borylation,nib_01296,s29,Clc1ccc2c(c1)OCO2,logical_s29,VPhos|MeOH,VPhos,MeOH,35.65,0,organometallics2022_borylation,ok,1
nib_borylation,nib_01297,s29,Clc1ccc2c(c1)OCO2,logical_s29,Ph-DavePhos|MeOH,Ph-DavePhos,MeOH,38.08,0,organometallics2022_borylation,ok,1
nib_borylation,nib_01298,s29,Clc1ccc2c(c1)OCO2,logical_s29,PPhtBu2|MeOH,PPhtBu2,MeOH,2.62,0,organometallics2022_borylation,ok,1
nib_borylation,nib_01299,s29,Clc1ccc2c(c1)OCO2,logical_s29,P(p-Anis)3|MeOH,P(p-Anis)3,MeOH,11.72,0,organometallics2022_borylation,ok,1
nib_borylation,nib_01300,s29,Clc1ccc2c(c1)OCO2,logical_s29,A-paPhos|MeOH,A-paPhos,MeOH,11.35,0,organometallics2022_borylation,ok,1
nib_borylation,nib_01301,s29,Clc1ccc2c(c1)OCO2,logical_s29,PXy3|MeOH,PXy3,MeOH,15.67,0,organometallics2022_borylation,ok,1
nib_borylation,nib_01302,s29,Clc1ccc2c(c1)OCO2,logical_s29,PMe3 HBF4|MeOH,PMe3 HBF4,MeOH,2.4,0,organometallics2022_borylation,ok,1
nib_borylation,nib_01303,s29,Clc1ccc2c(c1)OCO2,logical_s29,CX-PCy|MeOH,CX-PCy,MeOH,26.73,0,organometallics2022_borylation,ok,1
nib_borylation,nib_01304,s29,Clc1ccc2c(c1)OCO2,logical_s29,CX-FBu|MeOH,CX-FBu,MeOH,27.82,0,organometallics2022_borylation,ok,1
nib_borylation,nib_01305,s29,Clc1ccc2c(c1)OCO2,logical_s29,PPh2Cy|MeOH,PPh2Cy,MeOH,33.01,0,organometallics2022_borylation,ok,1
nib_borylation,nib_01306,s29,Clc1ccc2c(c1)OCO2,logical_s29,P(p-F-Ph)3|MeOH,P(p-F-Ph)3,MeOH,13.46,0,organometallics2022_borylation,ok,1
nib_borylation,nib_01307,s29,Clc1ccc2c(c1)OCO2,logical_s29,PCy3 HBF4|MeOH,PCy3 HBF4,MeOH,10.0,0,organometallics2022_borylation,ok,1
nib_borylation,nib_01308,s29,Clc1ccc2c(c1)OCO2,logical_s29,Cy-vBRIDP|MeOH,Cy-vBRIDP,MeOH,10.24,0,organometallics2022_borylation,ok,1
nib_borylation,nib_01309,s29,Clc1ccc2c(c1)OCO2,logical_s29,P(o-Anis)3|MeOH,P(o-Anis)3,MeOH,17.07,0,organometallics2022_borylation,ok,1
nib_borylation,nib_01310,s29,Clc1ccc2c(c1)OCO2,logical_s29,PPh3|MeOH,PPh3,MeOH,14.51,0,organometallics2022_borylation,ok,1
nib_borylation,nib_01311,s29,Clc1ccc2c(c1)OCO2,logical_s29,Cy-JohnPhos|EtOH,Cy-JohnPhos,EtOH,69.34,0,organometallics2022_borylation,ok,1
nib_borylation,nib_01312,s29,Clc1ccc2c(c1)OCO2,logical_s29,Ph-SPhos|EtOH,Ph-SPhos,EtOH,25.67,0,organometallics2022_borylation,ok,1
nib_borylation,nib_01313,s29,Clc1ccc2c(c1)OCO2,logical_s29,Cy-BippyPhos|EtOH,Cy-BippyPhos,EtOH,43.08,0,organometallics2022_borylation,ok,1
nib_borylation,nib_01314,s29,Clc1ccc2c(c1)OCO2,logical_s29,MeO-KITPHOS|EtOH,MeO-KITPHOS,EtOH,53.96,0,organometallics2022_borylation,ok,1
nib_borylation,nib_01315,s29,Clc1ccc2c(c1)OCO2,logical_s29,MePhos|EtOH,MePhos,EtOH,62.46,0,organometallics2022_borylation,ok,1
nib_borylation,nib_01316,s29,Clc1ccc2c(c1)OCO2,logical_s29,Kwong|EtOH,Kwong,EtOH,40.82,0,organometallics2022_borylation,ok,1
nib_borylation,nib_01317,s29,Clc1ccc2c(c1)OCO2,logical_s29,Cy-PhenCar-Phos|EtOH,Cy-PhenCar-Phos,EtOH,62.26,0,organometallics2022_borylation,ok,1
nib_borylation,nib_01318,s29,Clc1ccc2c(c1)OCO2,logical_s29,Ph-XPhos|EtOH,Ph-XPhos,EtOH,13.64,0,organometallics2022_borylation,ok,1
nib_borylation,nib_01319,s29,Clc1ccc2c(c1)OCO2,logical_s29,VPhos|EtOH,VPhos,EtOH,71.88,0,organometallics2022_borylation,ok,1
nib_borylation,nib_01320,s29,Clc1ccc2c(c1)OCO2,logical_s29,Ph-DavePhos|EtOH,Ph-DavePhos,EtOH,19.65,0,organometallics2022_borylation,ok,1
nib_borylation,nib_01321,s29,Clc1ccc2c(c1)OCO2,logical_s29,PPhtBu2|EtOH,PPhtBu2,EtOH,8.75,0,organometallics2022_borylation,ok,1
nib_borylation,nib_01322,s29,Clc1ccc2c(c1)OCO2,logical_s29,P(p-Anis)3|EtOH,P(p-Anis)3,EtOH,29.89,0,organometallics2022_borylation,ok,1
nib_borylation,nib_01323,s29,Clc1ccc2c(c1)OCO2,logical_s29,A-paPhos|EtOH,A-paPhos,EtOH,25.28,0,organometallics2022_borylation,ok,1
nib_borylation,nib_01324,s29,Clc1ccc2c(c1)OCO2,logical_s29,PXy3|EtOH,PXy3,EtOH,24.75,0,organometallics2022_borylation,ok,1
nib_borylation,nib_01325,s29,Clc1ccc2c(c1)OCO2,logical_s29,PMe3 HBF4|EtOH,PMe3 HBF4,EtOH,7.31,0,organometallics2022_borylation,ok,1
nib_borylation,nib_01326,s29,Clc1ccc2c(c1)OCO2,logical_s29,CX-PCy|EtOH,CX-PCy,EtOH,35.08,0,organometallics2022_borylation,ok,1
nib_borylation,nib_01327,s29,Clc1ccc2c(c1)OCO2,logical_s29,CX-FBu|EtOH,CX-FBu,EtOH,26.02,0,organometallics2022_borylation,ok,1
nib_borylation,nib_01328,s29,Clc1ccc2c(c1)OCO2,logical_s29,PPh2Cy|EtOH,PPh2Cy,EtOH,49.35,0,organometallics2022_borylation,ok,1
nib_borylation,nib_01329,s29,Clc1ccc2c(c1)OCO2,logical_s29,P(p-F-Ph)3|EtOH,P(p-F-Ph)3,EtOH,48.63,0,organometallics2022_borylation,ok,1
nib_borylation,nib_01330,s29,Clc1ccc2c(c1)OCO2,logical_s29,PCy3 HBF4|EtOH,PCy3 HBF4,EtOH,5.74,0,organometallics2022_borylation,ok,1
nib_borylation,nib_01331,s29,Clc1ccc2c(c1)OCO2,logical_s29,Cy-vBRIDP|EtOH,Cy-vBRIDP,EtOH,24.77,0,organometallics2022_borylation,ok,1
nib_borylation,nib_01332,s29,Clc1ccc2c(c1)OCO2,logical_s29,P(o-Anis)3|EtOH,P(o-Anis)3,EtOH,13.91,0,organometallics2022_borylation,ok,1
nib_borylation,nib_01333,s29,Clc1ccc2c(c1)OCO2,logical_s29,PPh3|EtOH,PPh3,EtOH,22.32,0,organometallics2022_borylation,ok,1
nib_borylation,nib_01334,s30,COc1ccc(Cl)cc1F,logical_s30,Cy-JohnPhos|MeOH,Cy-JohnPhos,MeOH,66.37,0,organometallics2022_borylation,ok,1
nib_borylation,nib_01335,s30,COc1ccc(Cl)cc1F,logical_s30,Ph-SPhos|MeOH,Ph-SPhos,MeOH,23.14,0,organometallics2022_borylation,ok,1
nib_borylation,nib_01336,s30,COc1ccc(Cl)cc1F,logical_s30,Cy-BippyPhos|MeOH,Cy-BippyPhos,MeOH,61.4,0,organometallics2022_borylation,ok,1
nib_borylation,nib_01337,s30,COc1ccc(Cl)cc1F,logical_s30,MeO-KITPHOS|MeOH,MeO-KITPHOS,MeOH,17.87,0,organometallics2022_borylation,ok,1
nib_borylation,nib_01338,s30,COc1ccc(Cl)cc1F,logical_s30,MePhos|MeOH,MePhos,MeOH,55.37,0,organometallics2022_borylation,ok,1
nib_borylation,nib_01339,s30,COc1ccc(Cl)cc1F,logical_s30,Kwong|MeOH,Kwong,MeOH,56.15,0,organometallics2022_borylation,ok,1
nib_borylation,nib_01340,s30,COc1ccc(Cl)cc1F,logical_s30,Cy-PhenCar-Phos|MeOH,Cy-PhenCar-Phos,MeOH,78.18,0,organometallics2022_borylation,ok,1
nib_borylation,nib_01341,s30,COc1ccc(Cl)cc1F,logical_s30,Ph-XPhos|MeOH,Ph-XPhos,MeOH,22.29,0,organometallics2022_borylation,ok,1
nib_borylation,nib_01342,s30,COc1ccc(Cl)cc1F,logical_s30,VPhos|MeOH,VPhos,MeOH,34.95,0,organometallics2022_borylation,ok,1
nib_borylation,nib_01343,s30,COc1ccc(Cl)cc1F,logical_s30,Ph-DavePhos|MeOH,Ph-DavePhos,MeOH,29.51,0,organometallics2022_borylation,ok,1
nib_borylation,nib_01344,s30,COc1ccc(Cl)cc1F,logical_s30,PPhtBu2|MeOH,PPhtBu2,MeOH,1.84,0,organometallics2022_borylation,ok,1
nib_borylation,nib_01345,s30,COc1ccc(Cl)cc1F,logical_s30,P(p-Anis)3|MeOH,P(p-Anis)3,MeOH,11.91,0,organometallics2022_borylation,ok,1
nib_borylation,nib_01346,s30,COc1ccc(Cl)cc1F,logical_s30,A-paPhos|MeOH,A-paPhos,MeOH,12.78,0,organometallics2022_borylation,ok,1
nib_borylation,nib_01347,s30,COc1ccc(Cl)cc1F,logical_s30,PXy3|MeOH,PXy3,MeOH,19.02,0,organometallics2022_borylation,ok,1
nib_borylation,nib_01348,s30,COc1ccc(Cl)cc1F,logical_s30,PMe3 HBF4|MeOH,PMe3 HBF4,MeOH,1.9,0,organometallics2022_borylation,ok,1
nib_borylation,nib_01349,s30,COc1ccc(Cl)cc1F,logical_s30,CX-PCy|MeOH,CX-PCy,MeOH,21.68,0,organometallics2022_borylation,ok,1
nib_borylation,nib_01350,s30,COc1ccc(Cl)cc1F,logical_s30,CX-FBu|MeOH,CX-FBu,MeOH,21.87,0,organometallics2022_borylation,ok,1
nib_borylation,nib_01351,s30,COc1ccc(Cl)cc1F,logical_s30,PPh2Cy|MeOH,PPh2Cy,MeOH,28.32,0,organometallics2022_borylation,ok,1
nib_borylation,nib_01352,s30,COc1ccc(Cl)cc1F,logical_s30,P(p-F-Ph)3|MeOH,P(p-F-Ph)3,MeOH,15.4,0,organometallics2022_borylation,ok,1
nib_borylation,nib_01353,s30,COc1ccc(Cl)cc1F,logical_s30,PCy3 HBF4|MeOH,PCy3 HBF4,MeOH,8.16,0,organometallics2022_borylation,ok,1
nib_borylation,nib_01354,s30,COc1ccc(Cl)cc1F,logical_s30,Cy-vBRIDP|MeOH,Cy-vBRIDP,MeOH,12.72,0,organometallics2022_borylation,ok,1
nib_borylation,nib_01355,s30,COc1ccc(Cl)cc1F,logical_s30,P(o-Anis)3|MeOH,P(o-Anis)3,MeOH,17.44,0,organometallics2022_borylation,ok,1
nib_borylation,nib_01356,s30,COc1ccc(Cl)cc1F,logical_s30,PPh3|MeOH,PPh3,MeOH,11.25,0,organometallics2022_borylation,ok,1
nib_borylation,nib_01357,s30,COc1ccc(Cl)cc1F,logical_s30,Cy-JohnPhos|EtOH,Cy-JohnPhos,EtOH,66.11,0,organometallics2022_borylation,ok,1
nib_borylation,nib_01358,s30,COc1ccc(Cl)cc1F,logical_s30,Ph-SPhos|EtOH,Ph-SPhos,EtOH,24.65,0,organometallics2022_borylation,ok,1
nib_borylation,nib_01359,s30,COc1ccc(Cl)cc1F,logical_s30,Cy-BippyPhos|EtOH,Cy-BippyPhos,EtOH,37.72,0,organometallics2022_borylation,ok,1
nib_borylation,nib_01360,s30,COc1ccc(Cl)cc1F,logical_s30,MeO-KITPHOS|EtOH,MeO-KITPHOS,EtOH,45.55,0,organometallics2022_borylation,ok,1
nib_borylation,nib_01361,s30,COc1ccc(Cl)cc1F,logical_s30,MePhos|EtOH,MePhos,EtOH,59.07,0,organometallics2022_borylation,ok,1
nib_borylation,nib_01362,s30,COc1ccc(Cl)cc1F,logical_s30,Kwong|EtOH,Kwong,EtOH,33.84,0,organometallics2022_borylation,ok,1
nib_borylation,nib_01363,s30,COc1ccc(Cl)cc1F,logical_s30,Cy-PhenCar-Phos|EtOH,Cy-PhenCar-Phos,EtOH,56.04,0,organometallics2022_borylation,ok,1
nib_borylation,nib_01364,s30,COc1ccc(Cl)cc1F,logical_s30,Ph-XPhos|EtOH,Ph-XPhos,EtOH,15.33,0,organometallics2022_borylation,ok,1
nib_borylation,nib_01365,s30,COc1ccc(Cl)cc1F,logical_s30,VPhos|EtOH,VPhos,EtOH,68.04,0,organometallics2022_borylation,ok,1
nib_borylation,nib_01366,s30,COc1ccc(Cl)cc1F,logical_s30,Ph-DavePhos|EtOH,Ph-DavePhos,EtOH,19.45,0,organometallics2022_borylation,ok,1
nib_borylation,nib_01367,s30,COc1ccc(Cl)cc1F,logical_s30,PPhtBu2|EtOH,PPhtBu2,EtOH,5.8,0,organometallics2022_borylation,ok,1
nib_borylation,nib_01368,s30,COc1ccc(Cl)cc1F,logical_s30,P(p-Anis)3|EtOH,P(p-Anis)3,EtOH,35.18,0,organometallics2022_borylation,ok,1
nib_borylation,nib_01369,s30,COc1ccc(Cl)cc1F,logical_s30,A-paPhos|EtOH,A-paPhos,EtOH,27.96,0,organometallics2022_borylation,ok,1
nib_borylation,nib_01370,s30,COc1ccc(Cl)cc1F,logical_s30,PXy3|EtOH,PXy3,EtOH,29.69,0,organometallics2022_borylation,ok,1
nib_borylation,nib_01371,s30,COc1ccc(Cl)cc1F,logical_s30,PMe3 HBF4|EtOH,PMe3 HBF4,EtOH,4.05,0,organometallics2022_borylation,ok,1
nib_borylation,nib_01372,s30,COc1ccc(Cl)cc1F,logical_s30,CX-PCy|EtOH,CX-PCy,EtOH,36.2,0,organometallics2022_borylation,ok,1
nib_borylation,nib_01373,s30,COc1ccc(Cl)cc1F,logical_s30,CX-FBu|EtOH,CX-FBu,EtOH,22.81,0,organometallics2022_borylation,ok,1
nib_borylation,nib_01374,s30,COc1ccc(Cl)cc1F,logical_s30,PPh2Cy|EtOH,PPh2Cy,EtOH,54.24,0,organometallics2022_borylation,ok,1
nib_borylation,nib_01375,s30,COc1ccc(Cl)cc1F,logical_s30,P(p-F-Ph)3|EtOH,P(p-F-Ph)3,EtOH,38.34,0,organometallics2022_borylation,ok,1
nib_borylation,nib_01376,s30,COc1ccc(Cl)cc1F,logical_s30,PCy3 HBF4|EtOH,PCy3 HBF4,EtOH,6.5,0,organometallics2022_borylation,ok,1
nib_borylation,nib_01377,s30,COc1ccc(Cl)cc1F,logical_s30,Cy-vBRIDP|EtOH,Cy-vBRIDP,EtOH,16.79,0,organometallics2022_borylation,ok,1
nib_borylation,nib_01378,s30,COc1ccc(Cl)cc1F,logical_s30,P(o-Anis)3|EtOH,P(o-Anis)3,EtOH,15.05,0,organometallics2022_borylation,ok,1
nib_borylation,nib_01379,s30,COc1ccc(Cl)cc1F,logical_s30,PPh3|EtOH,PPh3,EtOH,33.28,0,organometallics2022_borylation,ok,1
nib_borylation,nib_01380,s31,Clc1ccc(-c2ccccc2)cc1,logical_s31,Cy-JohnPhos|MeOH,Cy-JohnPhos,MeOH,88.75530699620512,0,organometallics2022_borylation,ok,1
nib_borylation,nib_01381,s31,Clc1ccc(-c2ccccc2)cc1,logical_s31,Ph-SPhos|MeOH,Ph-SPhos,MeOH,79.31989685705946,0,organometallics2022_borylation,ok,1
nib_borylation,nib_01382,s31,Clc1ccc(-c2ccccc2)cc1,logical_s31,Cy-BippyPhos|MeOH,Cy-BippyPhos,MeOH,90.148454801985,0,organometallics2022_borylation,ok,1
nib_borylation,nib_01383,s31,Clc1ccc(-c2ccccc2)cc1,logical_s31,MeO-KITPHOS|MeOH,MeO-KITPHOS,MeOH,63.986224579157344,0,organometallics2022_borylation,ok,1
nib_borylation,nib_01384,s31,Clc1ccc(-c2ccccc2)cc1,logical_s31,MePhos|MeOH,MePhos,MeOH,75.38470662644741,0,organometallics2022_borylation,ok,1
nib_borylation,nib_01385,s31,Clc1ccc(-c2ccccc2)cc1,logical_s31,Kwong|MeOH,Kwong,MeOH,88.14919723654764,0,organometallics2022_borylation,ok,1
nib_borylation,nib_01386,s31,Clc1ccc(-c2ccccc2)cc1,logical_s31,Cy-PhenCar-Phos|MeOH,Cy-PhenCar-Phos,MeOH,89.13525639778146,0,organometallics2022_borylation,ok,1
nib_borylation,nib_01387,s31,Clc1ccc(-c2ccccc2)cc1,logical_s31,Ph-XPhos|MeOH,Ph-XPhos,MeOH,54.76792838376958,0,organometallics2022_borylation,ok,1
nib_borylation,nib_01388,s31,Clc1ccc(-c2ccccc2)cc1,logical_s31,VPhos|MeOH,VPhos,MeOH,73.19547436022187,0,organometallics2022_borylation,ok,1
nib_borylation,nib_01389,s31,Clc1ccc(-c2ccccc2)cc1,logical_s31,Ph-DavePhos|MeOH,Ph-DavePhos,MeOH,76.40695144497421,0,organometallics2022_borylation,ok,1
nib_borylation,nib_01390,s31,Clc1ccc(-c2ccccc2)cc1,logical_s31,PPhtBu2|MeOH,PPhtBu2,MeOH,7.03,0,organometallics2022_borylation,ok,1
nib_borylation,nib_01391,s31,Clc1ccc(-c2ccccc2)cc1,logical_s31,P(p-Anis)3|MeOH,P(p-Anis)3,MeOH,81.25582952223411,0,organometallics2022_borylation,ok,1
nib_borylation,nib_01392,s31,Clc1ccc(-c2ccccc2)cc1,logical_s31,A-paPhos|MeOH,A-paPhos,MeOH,64.57424151016833,0,organometallics2022_borylation,ok,1
nib_borylation,nib_01393,s31,Clc1ccc(-c2ccccc2)cc1,logical_s31,PXy3|MeOH,PXy3,MeOH,64.47473095261263,0,organometallics2022_borylation,ok,1
nib_borylation,nib_01394,s31,Clc1ccc(-c2ccccc2)cc1,logical_s31,PMe3 HBF4|MeOH,PMe3 HBF4,MeOH,9.94294541208524,0,organometallics2022_borylation,ok,1
nib_borylation,nib_01395,s31,Clc1ccc(-c2ccccc2)cc1,logical_s31,CX-PCy|MeOH,CX-PCy,MeOH,41.08974992702151,0,organometallics2022_borylation,ok,1
nib_borylation,nib_01396,s31,Clc1ccc(-c2ccccc2)cc1,logical_s31,CX-FBu|MeOH,CX-FBu,MeOH,62.97302617495379,0,organometallics2022_borylation,ok,1
nib_borylation,nib_01397,s31,Clc1ccc(-c2ccccc2)cc1,logical_s31,PPh2Cy|MeOH,PPh2Cy,MeOH,100.0,0,organometallics2022_borylation,ok,1
nib_borylation,nib_01398,s31,Clc1ccc(-c2ccccc2)cc1,logical_s31,P(p-F-Ph)3|MeOH,P(p-F-Ph)3,MeOH,87.56118030553664,0,organometallics2022_borylation,ok,1
nib_borylation,nib_01399,s31,Clc1ccc(-c2ccccc2)cc1,logical_s31,PCy3 HBF4|MeOH,PCy3 HBF4,MeOH,24.299604943076773,0,organometallics2022_borylation,ok,1
nib_borylation,nib_01400,s31,Clc1ccc(-c2ccccc2)cc1,logical_s31,Cy-vBRIDP|MeOH,Cy-vBRIDP,MeOH,30.99395154227888,0,organometallics2022_borylation,ok,1
nib_borylation,nib_01401,s31,Clc1ccc(-c2ccccc2)cc1,logical_s31,P(o-Anis)3|MeOH,P(o-Anis)3,MeOH,30.17072783886348,0,organometallics2022_borylation,ok,1
nib_borylation,nib_01402,s31,Clc1ccc(-c2ccccc2)cc1,logical_s31,PPh3|MeOH,PPh3,MeOH,92.74477571275663,0,organometallics2022_borylation,ok,1
nib_borylation,nib_01403,s31,Clc1ccc(-c2ccccc2)cc1,logical_s31,Cy-JohnPhos|EtOH,Cy-JohnPhos,EtOH,91.324488664007,0,organometallics2022_borylation,ok,1
nib_borylation,nib_01404,s31,Clc1ccc(-c2ccccc2)cc1,logical_s31,Ph-SPhos|EtOH,Ph-SPhos,EtOH,77.73677435049139,0,organometallics2022_borylation,ok,1
nib_borylation,nib_01405,s31,Clc1ccc(-c2ccccc2)cc1,logical_s31,Cy-BippyPhos|EtOH,Cy-BippyPhos,EtOH,61.72462099834582,0,organometallics2022_borylation,ok,1
nib_borylation,nib_01406,s31,Clc1ccc(-c2ccccc2)cc1,logical_s31,MeO-KITPHOS|EtOH,MeO-KITPHOS,EtOH,88.85481755376082,0,organometallics2022_borylation,ok,1
nib_borylation,nib_01407,s31,Clc1ccc(-c2ccccc2)cc1,logical_s31,MePhos|EtOH,MePhos,EtOH,80.48688430475819,0,organometallics2022_borylation,ok,1
nib_borylation,nib_01408,s31,Clc1ccc(-c2ccccc2)cc1,logical_s31,Kwong|EtOH,Kwong,EtOH,68.90747397100321,0,organometallics2022_borylation,ok,1
nib_borylation,nib_01409,s31,Clc1ccc(-c2ccccc2)cc1,logical_s31,Cy-PhenCar-Phos|EtOH,Cy-PhenCar-Phos,EtOH,91.08023547727936,0,organometallics2022_borylation,ok,1
nib_borylation,nib_01410,s31,Clc1ccc(-c2ccccc2)cc1,logical_s31,Ph-XPhos|EtOH,Ph-XPhos,EtOH,68.54561739807336,0,organometallics2022_borylation,ok,1
nib_borylation,nib_01411,s31,Clc1ccc(-c2ccccc2)cc1,logical_s31,VPhos|EtOH,VPhos,EtOH,91.05309623430962,0,organometallics2022_borylation,ok,1
nib_borylation,nib_01412,s31,Clc1ccc(-c2ccccc2)cc1,logical_s31,Ph-DavePhos|EtOH,Ph-DavePhos,EtOH,60.032941519898806,0,organometallics2022_borylation,ok,1
nib_borylation,nib_01413,s31,Clc1ccc(-c2ccccc2)cc1,logical_s31,PPhtBu2|EtOH,PPhtBu2,EtOH,24.163908728228083,0,organometallics2022_borylation,ok,1
nib_borylation,nib_01414,s31,Clc1ccc(-c2ccccc2)cc1,logical_s31,P(p-Anis)3|EtOH,P(p-Anis)3,EtOH,91.5958810937044,0,organometallics2022_borylation,ok,1
nib_borylation,nib_01415,s31,Clc1ccc(-c2ccccc2)cc1,logical_s31,A-paPhos|EtOH,A-paPhos,EtOH,93.22423567188868,0,organometallics2022_borylation,ok,1
nib_borylation,nib_01416,s31,Clc1ccc(-c2ccccc2)cc1,logical_s31,PXy3|EtOH,PXy3,EtOH,84.57586357886544,0,organometallics2022_borylation,ok,1
nib_borylation,nib_01417,s31,Clc1ccc(-c2ccccc2)cc1,logical_s31,PMe3 HBF4|EtOH,PMe3 HBF4,EtOH,25.07759657487594,0,organometallics2022_borylation,ok,1
nib_borylation,nib_01418,s31,Clc1ccc(-c2ccccc2)cc1,logical_s31,CX-PCy|EtOH,CX-PCy,EtOH,88.25775420842658,0,organometallics2022_borylation,ok,1
nib_borylation,nib_01419,s31,Clc1ccc(-c2ccccc2)cc1,logical_s31,CX-FBu|EtOH,CX-FBu,EtOH,56.93906782134864,0,organometallics2022_borylation,ok,1
nib_borylation,nib_01420,s31,Clc1ccc(-c2ccccc2)cc1,logical_s31,PPh2Cy|EtOH,PPh2Cy,EtOH,92.22008368200837,0,organometallics2022_borylation,ok,1
nib_borylation,nib_01421,s31,Clc1ccc(-c2ccccc2)cc1,logical_s31,P(p-F-Ph)3|EtOH,P(p-F-Ph)3,EtOH,90.37461516006616,0,organometallics2022_borylation,ok,1
nib_borylation,nib_01422,s31,Clc1ccc(-c2ccccc2)cc1,logical_s31,PCy3 HBF4|EtOH,PCy3 HBF4,EtOH,27.33015374136421,0,organometallics2022_borylation,ok,1
nib_borylation,nib_01423,s31,Clc1ccc(-c2ccccc2)cc1,logical_s31,Cy-vBRIDP|EtOH,Cy-vBRIDP,EtOH,32.12475333268464,0,organometallics2022_borylation,ok,1
nib_borylation,nib_01424,s31,Clc1ccc(-c2ccccc2)cc1,logical_s31,P(o-Anis)3|EtOH,P(o-Anis)3,EtOH,27.42061788459668,0,organometallics2022_borylation,ok,1
nib_borylation,nib_01425,s31,Clc1ccc(-c2ccccc2)cc1,logical_s31,PPh3|EtOH,PPh3,EtOH,95.34109662352829,0,organometallics2022_borylation,ok,1
nib_borylation,nib_01426,s32,Brc1ccc(-c2ccccc2)cc1,logical_s32,Cy-JohnPhos|MeOH,Cy-JohnPhos,MeOH,94.77821198543823,0,organometallics2022_borylation,ok,1
nib_borylation,nib_01427,s32,Brc1ccc(-c2ccccc2)cc1,logical_s32,Ph-SPhos|MeOH,Ph-SPhos,MeOH,89.53683001960235,0,organometallics2022_borylation,ok,1
nib_borylation,nib_01428,s32,Brc1ccc(-c2ccccc2)cc1,logical_s32,Cy-BippyPhos|MeOH,Cy-BippyPhos,MeOH,94.39612993559228,0,organometallics2022_borylation,ok,1
nib_borylation,nib_01429,s32,Brc1ccc(-c2ccccc2)cc1,logical_s32,MeO-KITPHOS|MeOH,MeO-KITPHOS,MeOH,83.19818678241388,0,organometallics2022_borylation,ok,1
nib_borylation,nib_01430,s32,Brc1ccc(-c2ccccc2)cc1,logical_s32,MePhos|MeOH,MePhos,MeOH,82.72793195183422,0,organometallics2022_borylation,ok,1
nib_borylation,nib_01431,s32,Brc1ccc(-c2ccccc2)cc1,logical_s32,Kwong|MeOH,Kwong,MeOH,87.80276533183982,0,organometallics2022_borylation,ok,1
nib_borylation,nib_01432,s32,Brc1ccc(-c2ccccc2)cc1,logical_s32,Cy-PhenCar-Phos|MeOH,Cy-PhenCar-Phos,MeOH,89.09596611593389,0,organometallics2022_borylation,ok,1
nib_borylation,nib_01433,s32,Brc1ccc(-c2ccccc2)cc1,logical_s32,Ph-XPhos|MeOH,Ph-XPhos,MeOH,63.23195043405209,0,organometallics2022_borylation,ok,1
nib_borylation,nib_01434,s32,Brc1ccc(-c2ccccc2)cc1,logical_s32,VPhos|MeOH,VPhos,MeOH,46.77303136376365,0,organometallics2022_borylation,ok,1
nib_borylation,nib_01435,s32,Brc1ccc(-c2ccccc2)cc1,logical_s32,Ph-DavePhos|MeOH,Ph-DavePhos,MeOH,88.16525343041165,0,organometallics2022_borylation,ok,1
nib_borylation,nib_01436,s32,Brc1ccc(-c2ccccc2)cc1,logical_s32,PPhtBu2|MeOH,PPhtBu2,MeOH,39.66042705124615,0,organometallics2022_borylation,ok,1
nib_borylation,nib_01437,s32,Brc1ccc(-c2ccccc2)cc1,logical_s32,P(p-Anis)3|MeOH,P(p-Anis)3,MeOH,81.42493419210305,0,organometallics2022_borylation,ok,1
nib_borylation,nib_01438,s32,Brc1ccc(-c2ccccc2)cc1,logical_s32,A-paPhos|MeOH,A-paPhos,MeOH,79.59289974796977,0,organometallics2022_borylation,ok,1
nib_borylation,nib_01439,s32,Brc1ccc(-c2ccccc2)cc1,logical_s32,PXy3|MeOH,PXy3,MeOH,68.12064127695322,0,organometallics2022_borylation,ok,1
nib_borylation,nib_01440,s32,Brc1ccc(-c2ccccc2)cc1,logical_s32,PMe3 HBF4|MeOH,PMe3 HBF4,MeOH,42.335001400168025,0,organometallics2022_borylation,ok,1
nib_borylation,nib_01441,s32,Brc1ccc(-c2ccccc2)cc1,logical_s32,CX-PCy|MeOH,CX-PCy,MeOH,91.00637636516382,0,organometallics2022_borylation,ok,1
nib_borylation,nib_01442,s32,Brc1ccc(-c2ccccc2)cc1,logical_s32,CX-FBu|MeOH,CX-FBu,MeOH,51.67151918230187,0,organometallics2022_borylation,ok,1
nib_borylation,nib_01443,s32,Brc1ccc(-c2ccccc2)cc1,logical_s32,PPh2Cy|MeOH,PPh2Cy,MeOH,83.41372024642956,0,organometallics2022_borylation,ok,1
nib_borylation,nib_01444,s32,Brc1ccc(-c2ccccc2)cc1,logical_s32,P(p-F-Ph)3|MeOH,P(p-F-Ph)3,MeOH,88.62571128535424,0,organometallics2022_borylation,ok,1
nib_borylation,nib_01445,s32,Brc1ccc(-c2ccccc2)cc1,logical_s32,PCy3 HBF4|MeOH,PCy3 HBF4,MeOH,56.58960095211425,0,organometallics2022_borylation,ok,1
nib_borylation,nib_01446,s32,Brc1ccc(-c2ccccc2)cc1,logical_s32,Cy-vBRIDP|MeOH,Cy-vBRIDP,MeOH,41.502258471016525,0,organometallics2022_borylation,ok,1
nib_borylation,nib_01447,s32,Brc1ccc(-c2ccccc2)cc1,logical_s32,P(o-Anis)3|MeOH,P(o-Anis)3,MeOH,77.97639876785215,0,organometallics2022_borylation,ok,1
nib_borylation,nib_01448,s32,Brc1ccc(-c2ccccc2)cc1,logical_s32,PPh3|MeOH,PPh3,MeOH,81.25838560627275,0,organometallics2022_borylation,ok,1
nib_borylation,nib_01449,s32,Brc1ccc(-c2ccccc2)cc1,logical_s32,Cy-JohnPhos|EtOH,Cy-JohnPhos,EtOH,94.1805964715766,0,organometallics2022_borylation,ok,1
nib_borylation,nib_01450,s32,Brc1ccc(-c2ccccc2)cc1,logical_s32,Ph-SPhos|EtOH,Ph-SPhos,EtOH,87.62641977037244,0,organometallics2022_borylation,ok,1
nib_borylation,nib_01451,s32,Brc1ccc(-c2ccccc2)cc1,logical_s32,Cy-BippyPhos|EtOH,Cy-BippyPhos,EtOH,86.30382805936712,0,organometallics2022_borylation,ok,1
nib_borylation,nib_01452,s32,Brc1ccc(-c2ccccc2)cc1,logical_s32,MeO-KITPHOS|EtOH,MeO-KITPHOS,EtOH,93.77892047045646,0,organometallics2022_borylation,ok,1
nib_borylation,nib_01453,s32,Brc1ccc(-c2ccccc2)cc1,logical_s32,MePhos|EtOH,MePhos,EtOH,82.87488658639036,0,organometallics2022_borylation,ok,1
nib_borylation,nib_01454,s32,Brc1ccc(-c2ccccc2)cc1,logical_s32,Kwong|EtOH,Kwong,EtOH,80.58239428731447,0,organometallics2022_borylation,ok,1
nib_borylation,nib_01455,s32,Brc1ccc(-c2ccccc2)cc1,logical_s32,Cy-PhenCar-Phos|EtOH,Cy-PhenCar-Phos,EtOH,83.65864463735647,0,organometallics2022_borylation,ok,1
nib_borylation,nib_01456,s32,Brc1ccc(-c2ccccc2)cc1,logical_s32,Ph-XPhos|EtOH,Ph-XPhos,EtOH,81.67965555866704,0,organometallics2022_borylation,ok,1
nib_borylation,nib_01457,s32,Brc1ccc(-c2ccccc2)cc1,logical_s32,VPhos|EtOH,VPhos,EtOH,68.16962615513862,0,organometallics2022_borylation,ok,1
nib_borylation,nib_01458,s32,Brc1ccc(-c2ccccc2)cc1,logical_s32,Ph-DavePhos|EtOH,Ph-DavePhos,EtOH,88.26322318678241,0,organometallics2022_borylation,ok,1
nib_borylation,nib_01459,s32,Brc1ccc(-c2ccccc2)cc1,logical_s32,PPhtBu2|EtOH,PPhtBu2,EtOH,30.03,0,organometallics2022_borylation,ok,1
nib_borylation,nib_01460,s32,Brc1ccc(-c2ccccc2)cc1,logical_s32,P(p-Anis)3|EtOH,P(p-Anis)3,EtOH,96.12039764771772,0,organometallics2022_borylation,ok,1
nib_borylation,nib_01461,s32,Brc1ccc(-c2ccccc2)cc1,logical_s32,A-paPhos|EtOH,A-paPhos,EtOH,95.8754732567908,0,organometallics2022_borylation,ok,1
nib_borylation,nib_01462,s32,Brc1ccc(-c2ccccc2)cc1,logical_s32,PXy3|EtOH,PXy3,EtOH,93.5046051526183,0,organometallics2022_borylation,ok,1
nib_borylation,nib_01463,s32,Brc1ccc(-c2ccccc2)cc1,logical_s32,PMe3 HBF4|EtOH,PMe3 HBF4,EtOH,36.80950714085691,0,organometallics2022_borylation,ok,1
nib_borylation,nib_01464,s32,Brc1ccc(-c2ccccc2)cc1,logical_s32,CX-PCy|EtOH,CX-PCy,EtOH,92.16241949033883,0,organometallics2022_borylation,ok,1
nib_borylation,nib_01465,s32,Brc1ccc(-c2ccccc2)cc1,logical_s32,CX-FBu|EtOH,CX-FBu,EtOH,69.30607532903949,0,organometallics2022_borylation,ok,1
nib_borylation,nib_01466,s32,Brc1ccc(-c2ccccc2)cc1,logical_s32,PPh2Cy|EtOH,PPh2Cy,EtOH,98.36390506860825,0,organometallics2022_borylation,ok,1
nib_borylation,nib_01467,s32,Brc1ccc(-c2ccccc2)cc1,logical_s32,P(p-F-Ph)3|EtOH,P(p-F-Ph)3,EtOH,100.0,0,organometallics2022_borylation,ok,1
nib_borylation,nib_01468,s32,Brc1ccc(-c2ccccc2)cc1,logical_s32,PCy3 HBF4|EtOH,PCy3 HBF4,EtOH,53.21944133295996,0,organometallics2022_borylation,ok,1
nib_borylation,nib_01469,s32,Brc1ccc(-c2ccccc2)cc1,logical_s32,Cy-vBRIDP|EtOH,Cy-vBRIDP,EtOH,44.08866003920471,0,organometallics2022_borylation,ok,1
nib_borylation,nib_01470,s32,Brc1ccc(-c2ccccc2)cc1,logical_s32,P(o-Anis)3|EtOH,P(o-Anis)3,EtOH,77.99599271912629,0,organometallics2022_borylation,ok,1
nib_borylation,nib_01471,s32,Brc1ccc(-c2ccccc2)cc1,logical_s32,PPh3|EtOH,PPh3,EtOH,96.01263091570988,0,organometallics2022_borylation,ok,1
nib_borylation,nib_01472,s33,N#Cc1ccc(Cl)cc1F,logical_s33,Cy-JohnPhos|MeOH,Cy-JohnPhos,MeOH,84.89,0,organometallics2022_borylation,ok,1
nib_borylation,nib_01473,s33,N#Cc1ccc(Cl)cc1F,logical_s33,Ph-SPhos|MeOH,Ph-SPhos,MeOH,36.83,0,organometallics2022_borylation,ok,1
nib_borylation,nib_01474,s33,N#Cc1ccc(Cl)cc1F,logical_s33,Cy-BippyPhos|MeOH,Cy-BippyPhos,MeOH,53.33,0,organometallics2022_borylation,ok,1
nib_borylation,nib_01475,s33,N#Cc1ccc(Cl)cc1F,logical_s33,MeO-KITPHOS|MeOH,MeO-KITPHOS,MeOH,63.84,0,organometallics2022_borylation,ok,1
nib_borylation,nib_01476,s33,N#Cc1ccc(Cl)cc1F,logical_s33,MePhos|MeOH,MePhos,MeOH,67.73,0,organometallics2022_borylation,ok,1
nib_borylation,nib_01477,s33,N#Cc1ccc(Cl)cc1F,logical_s33,Kwong|MeOH,Kwong,MeOH,71.1,0,organometallics2022_borylation,ok,1
nib_borylation,nib_01478,s33,N#Cc1ccc(Cl)cc1F,logical_s33,Cy-PhenCar-Phos|MeOH,Cy-PhenCar-Phos,MeOH,57.26,0,organometallics2022_borylation,ok,1
nib_borylation,nib_01479,s33,N#Cc1ccc(Cl)cc1F,logical_s33,Ph-XPhos|MeOH,Ph-XPhos,MeOH,26.67,0,organometallics2022_borylation,ok,1
nib_borylation,nib_01480,s33,N#Cc1ccc(Cl)cc1F,logical_s33,VPhos|MeOH,VPhos,MeOH,70.87,0,organometallics2022_borylation,ok,1
nib_borylation,nib_01481,s33,N#Cc1ccc(Cl)cc1F,logical_s33,Ph-DavePhos|MeOH,Ph-DavePhos,MeOH,72.47,0,organometallics2022_borylation,ok,1
nib_borylation,nib_01482,s33,N#Cc1ccc(Cl)cc1F,logical_s33,PPhtBu2|MeOH,PPhtBu2,MeOH,20.79,0,organometallics2022_borylation,ok,1
nib_borylation,nib_01483,s33,N#Cc1ccc(Cl)cc1F,logical_s33,P(p-Anis)3|MeOH,P(p-Anis)3,MeOH,90.49,0,organometallics2022_borylation,ok,1
nib_borylation,nib_01484,s33,N#Cc1ccc(Cl)cc1F,logical_s33,A-paPhos|MeOH,A-paPhos,MeOH,97.24,0,organometallics2022_borylation,ok,1
nib_borylation,nib_01485,s33,N#Cc1ccc(Cl)cc1F,logical_s33,PXy3|MeOH,PXy3,MeOH,95.37,0,organometallics2022_borylation,ok,1
nib_borylation,nib_01486,s33,N#Cc1ccc(Cl)cc1F,logical_s33,PMe3 HBF4|MeOH,PMe3 HBF4,MeOH,20.55,0,organometallics2022_borylation,ok,1
nib_borylation,nib_01487,s33,N#Cc1ccc(Cl)cc1F,logical_s33,CX-PCy|MeOH,CX-PCy,MeOH,56.34,0,organometallics2022_borylation,ok,1
nib_borylation,nib_01488,s33,N#Cc1ccc(Cl)cc1F,logical_s33,CX-FBu|MeOH,CX-FBu,MeOH,19.93,0,organometallics2022_borylation,ok,1
nib_borylation,nib_01489,s33,N#Cc1ccc(Cl)cc1F,logical_s33,PPh2Cy|MeOH,PPh2Cy,MeOH,89.43,0,organometallics2022_borylation,ok,1
nib_borylation,nib_01490,s33,N#Cc1ccc(Cl)cc1F,logical_s33,P(p-F-Ph)3|MeOH,P(p-F-Ph)3,MeOH,86.07,0,organometallics2022_borylation,ok,1
nib_borylation,nib_01491,s33,N#Cc1ccc(Cl)cc1F,logical_s33,PCy3 HBF4|MeOH,PCy3 HBF4,MeOH,21.31,0,organometallics2022_borylation,ok,1
nib_borylation,nib_01492,s33,N#Cc1ccc(Cl)cc1F,logical_s33,Cy-vBRIDP|MeOH,Cy-vBRIDP,MeOH,62.96,0,organometallics2022_borylation,ok,1
nib_borylation,nib_01493,s33,N#Cc1ccc(Cl)cc1F,logical_s33,P(o-Anis)3|MeOH,P(o-Anis)3,MeOH,48.97,0,organometallics2022_borylation,ok,1
nib_borylation,nib_01494,s33,N#Cc1ccc(Cl)cc1F,logical_s33,PPh3|MeOH,PPh3,MeOH,90.33,0,organometallics2022_borylation,ok,1
nib_borylation,nib_01495,s33,N#Cc1ccc(Cl)cc1F,logical_s33,Cy-JohnPhos|EtOH,Cy-JohnPhos,EtOH,84.4,0,organometallics2022_borylation,ok,1
nib_borylation,nib_01496,s33,N#Cc1ccc(Cl)cc1F,logical_s33,Ph-SPhos|EtOH,Ph-SPhos,EtOH,29.73,0,organometallics2022_borylation,ok,1
nib_borylation,nib_01497,s33,N#Cc1ccc(Cl)cc1F,logical_s33,Cy-BippyPhos|EtOH,Cy-BippyPhos,EtOH,47.51,0,organometallics2022_borylation,ok,1
nib_borylation,nib_01498,s33,N#Cc1ccc(Cl)cc1F,logical_s33,MeO-KITPHOS|EtOH,MeO-KITPHOS,EtOH,67.38,0,organometallics2022_borylation,ok,1
nib_borylation,nib_01499,s33,N#Cc1ccc(Cl)cc1F,logical_s33,MePhos|EtOH,MePhos,EtOH,85.41,0,organometallics2022_borylation,ok,1
nib_borylation,nib_01500,s33,N#Cc1ccc(Cl)cc1F,logical_s33,Kwong|EtOH,Kwong,EtOH,58.53,0,organometallics2022_borylation,ok,1
nib_borylation,nib_01501,s33,N#Cc1ccc(Cl)cc1F,logical_s33,Cy-PhenCar-Phos|EtOH,Cy-PhenCar-Phos,EtOH,68.53,0,organometallics2022_borylation,ok,1
nib_borylation,nib_01502,s33,N#Cc1ccc(Cl)cc1F,logical_s33,Ph-XPhos|EtOH,Ph-XPhos,EtOH,34.33,0,organometallics2022_borylation,ok,1
nib_borylation,nib_01503,s33,N#Cc1ccc(Cl)cc1F,logical_s33,VPhos|EtOH,VPhos,EtOH,55.37,0,organometallics2022_borylation,ok,1
nib_borylation,nib_01504,s33,N#Cc1ccc(Cl)cc1F,logical_s33,Ph-DavePhos|EtOH,Ph-DavePhos,EtOH,63.05,0,organometallics2022_borylation,ok,1
nib_borylation,nib_01505,s33,N#Cc1ccc(Cl)cc1F,logical_s33,PPhtBu2|EtOH,PPhtBu2,EtOH,20.79,0,organometallics2022_borylation,ok,1
nib_borylation,nib_01506,s33,N#Cc1ccc(Cl)cc1F,logical_s33,P(p-Anis)3|EtOH,P(p-Anis)3,EtOH,78.78,0,organometallics2022_borylation,ok,1
nib_borylation,nib_01507,s33,N#Cc1ccc(Cl)cc1F,logical_s33,A-paPhos|EtOH,A-paPhos,EtOH,89.16,0,organometallics2022_borylation,ok,1
nib_borylation,nib_01508,s33,N#Cc1ccc(Cl)cc1F,logical_s33,PXy3|EtOH,PXy3,EtOH,97.15,0,organometallics2022_borylation,ok,1
nib_borylation,nib_01509,s33,N#Cc1ccc(Cl)cc1F,logical_s33,PMe3 HBF4|EtOH,PMe3 HBF4,EtOH,23.36,0,organometallics2022_borylation,ok,1
nib_borylation,nib_01510,s33,N#Cc1ccc(Cl)cc1F,logical_s33,CX-PCy|EtOH,CX-PCy,EtOH,57.87,0,organometallics2022_borylation,ok,1
nib_borylation,nib_01511,s33,N#Cc1ccc(Cl)cc1F,logical_s33,CX-FBu|EtOH,CX-FBu,EtOH,19.56,0,organometallics2022_borylation,ok,1
nib_borylation,nib_01512,s33,N#Cc1ccc(Cl)cc1F,logical_s33,PPh2Cy|EtOH,PPh2Cy,EtOH,93.6,0,organometallics2022_borylation,ok,1
nib_borylation,nib_01513,s33,N#Cc1ccc(Cl)cc1F,logical_s33,P(p-F-Ph)3|EtOH,P(p-F-Ph)3,EtOH,88.61,0,organometallics2022_borylation,ok,1
nib_borylation,nib_01514,s33,N#Cc1ccc(Cl)cc1F,logical_s33,PCy3 HBF4|EtOH,PCy3 HBF4,EtOH,23.26,0,organometallics2022_borylation,ok,1
nib_borylation,nib_01515,s33,N#Cc1ccc(Cl)cc1F,logical_s33,Cy-vBRIDP|EtOH,Cy-vBRIDP,EtOH,64.54,0,organometallics2022_borylation,ok,1
nib_borylation,nib_01516,s33,N#Cc1ccc(Cl)cc1F,logical_s33,P(o-Anis)3|EtOH,P(o-Anis)3,EtOH,44.59,0,organometallics2022_borylation,ok,1
nib_borylation,nib_01517,s33,N#Cc1ccc(Cl)cc1F,logical_s33,PPh3|EtOH,PPh3,EtOH,88.1,0,organometallics2022_borylation,ok,1
