experiment_id,plate_id,condition_id,smiles,yield_raw,yield
cx_00000,plate_1,c_f0d01ebf2d,C#CC(=O)c1ccccc1,4818.94482,-0.7437906050009343
cx_00001,plate_1,c_fdf4c5d6dc,C#CC1(O)CCCCC1,54832.44937,0.7022730752740662
cx_00002,plate_1,c_291b623884,C#CCCCCO,40698.44248,0.5249978864785959
cx_00003,plate_1,c_df70d61004,C#CCCCc1ccccc1,49505.42678,0.6414948023574926
cx_00004,plate_1,c_3e6b953a8c,C#Cc1ccc(CC)cc1,48509.86359,0.6294133974187731
cx_00005,plate_1,c_447e120236,C#Cc1ccc(OCCC)cc1,30952.36072,0.3622058199786269
cx_00006,plate_1,c_59f4e2e54f,C#Cc1ncccn1,1692.44433,-1.3658576714128348
cx_00007,plate_1,c_0f8471e18e,C(=N/Nc1ccc2ccccc2n1)\c1ccccn1,1276.19727,-1.5336237032450413
cx_00008,plate_1,c_866407623b,C/C(=N\O)c1ccccc1,26624.5543,0.2726362327215262
cx_00009,plate_1,c_dfa38e3fe2,C/C=C/C(=O)OC,57253.57242,0.7279688420543383
cx_00010,plate_1,c_02fbdbbfb1,C/C=C/C=C/C(=O)OC,32914.37122,0.3987557095513009
cx_00011,plate_1,c_2d8e6aa672,C/N=C/c1ccccc1,57029.90088,0.7256409833353091
cx_00012,plate_1,c_ff69504dae,C=C(C)CCCCC,46267.9185,0.6012732315911319
cx_00013,plate_1,c_4f11cca64e,C=CCCC(=O)OC,53521.51455,0.687882245451268
cx_00014,plate_1,c_ceaed31fbe,C=CCCCCCC,56240.7535,0.7173543821949556
cx_00015,plate_1,c_82814db65b,C=CCNC(N)=O,58952.71248,0.745361237737508
cx_00016,plate_1,c_b1494b3243,C=CCOCc1ccccc1,38141.12129,0.4864039753136181
cx_00017,plate_1,c_7b86821176,C=CCc1ccccc1,48716.78731,0.6319447523350304
cx_00018,plate_1,c_f6475d1c98,C=CCc1ccccc1C(=O)O,27838.43083,0.29914963225264923
cx_00019,plate_1,c_af7e3c7813,C=CCn1ccnc1,28443.40912,0.3119348804833511
cx_00020,plate_1,c_93f16fb6fe,C=C[C@H]1CN2CC[C@H]1C[C@@H]2[C@@H](O)c1ccnc2ccccc12,39731.89917,0.5107040805844731
cx_00021,plate_1,c_ed0a6feebf,C=Cc1ccc2ccccc2c1,22023.79645,0.15981795771500973
cx_00022,plate_1,c_adb4434739,C=Cc1ccccn1,56668.72553,0.7218627126095842
cx_00023,plate_1,c_929f506ac2,C=Cc1cnccn1,13197.15425,-0.14472903272454324
cx_00024,plate_1,c_b12aaf9ddd,CC#Cc1ccccc1,54892.59411,0.7029250344247969
cx_00025,plate_1,c_46f6b24532,CC(=O)/C=C(/C)N1CCCC1,41439.32511,0.5357265120515489
cx_00026,plate_1,c_1ebcda584c,CC(=O)C(=O)N1CCCCC1,23263.46516,0.19238327139867942
cx_00027,plate_1,c_c87d3405c5,CC(=O)C(=O)c1ccccc1,19297.38771,0.0812283871501687
cx_00028,plate_1,c_7ce1ca87db,CC(=O)C(C(C)=O)c1ccccc1,12458.95438,-0.17895892752865586
cx_00029,plate_1,c_52a72df913,CC(=O)C(C)(C)O,56910.71826,0.7243968605149814
cx_00030,plate_1,c_43be8d6ff7,CC(=O)C1CCCC1=O,20312.56113,0.11171755027453259
cx_00031,plate_1,c_6951433773,CC(=O)C1CCCCC1,51135.45339,0.660760555152917
cx_00032,plate_1,c_97f73d8fe9,CC(=O)C1CCCCC1=O,20238.77373,0.10955337475165998
cx_00033,plate_1,c_4b732309c7,CC(=O)C1CCN(C)C1=O,5110.25394,-0.7088915732055354
cx_00034,plate_1,c_5c20133624,CC(=O)CC(=O)N(C)C,29170.12433,0.32693808615726355
cx_00035,plate_1,c_1e9901be98,CC(=O)CC(=O)Nc1ccccc1,11858.48015,-0.20833309377016923
cx_00036,plate_1,c_4cad1f331c,CC(=O)CC(=O)c1ccccc1,2626.02328,-1.1047276494528857
cx_00037,plate_1,c_52824eb87e,CC(=O)CC(C)=O,53103.49354,0.6832192018144124
cx_00038,plate_1,c_34f0aedafb,CC(=O)CC(N)=O,25323.24682,0.2428357523618892
cx_00039,plate_1,c_e6aaeea210,CC(=O)CCC(C)=O,51184.75709,0.6613336757276943
cx_00040,plate_1,c_6e69826d33,CC(=O)CCc1nc2ccccc2[nH]1,58296.13413,0.7387006664918566
cx_00041,plate_1,c_7d9150a0e1,CC(=O)CN(C)C,45012.51881,0.5849141642330142
cx_00042,plate_1,c_dd4249697b,CC(=O)CNC(C)=O,49865.5193,0.6458048711627867
cx_00043,plate_1,c_6276436e7a,CC(=O)COCc1ccccc1,50888.14125,0.6578773634532774
cx_00044,plate_1,c_682d934cb3,CC(=O)CS(C)(=O)=O,13408.53785,-0.1352795162122614
cx_00045,plate_1,c_3ce1dedc2d,CC(=O)Cc1ccco1,19492.08676,0.08719829406480172
cx_00046,plate_1,c_d78568401a,CC(=O)NC(C)C(=O)O,3910.07946,-0.8680550283315617
cx_00047,plate_1,c_2a769e0f28,CC(=O)NC(C)C(C)=O,52567.13372,0.6771820259320127
cx_00048,plate_1,c_4c1a4a6c00,CC(=O)NCCO,61103.11964,0.7666677820578157
cx_00049,plate_1,c_76c6e0d2d9,CC(=O)NCc1ccccc1,55205.61117,0.7063065969119259
cx_00050,plate_1,c_9712985d2d,CC(=O)NNc1ccccc1,28268.90595,0.3082751562033118
cx_00051,plate_1,c_96d23cded0,CC(=O)Nc1cccc(C(=O)O)n1,11519.96862,-0.225555242658457
cx_00052,plate_1,c_31dd3d42e6,CC(=O)Nc1ccccc1,56266.98645,0.717631709981954
cx_00053,plate_1,c_0bad516436,CC(=O)Nc1ccccc1O,10344.27766,-0.289569150716135
cx_00054,plate_1,c_ce161772df,CC(=O)Nc1ccccn1,45236.84919,0.5878706211902444
cx_00055,plate_1,c_be1ea4b316,CC(=O)Nc1nc(C)cs1,41812.04671,0.5410515413203247
cx_00056,plate_1,c_4edea3bd72,CC(=O)Nc1nccs1,12610.41531,-0.17177330814294411
cx_00057,plate_1,c_59bdb80415,CC(=O)OCCO,59686.13594,0.7527142019779871
cx_00058,plate_1,c_8366c46d7a,CC(=O)OCc1ccccn1,55710.7885,0.7117238562745463
cx_00059,plate_1,c_93b44a8a0a,CC(=O)Oc1ccccc1,53749.00654,0.6904046494197872
cx_00060,plate_1,c_1737d539be,CC(=O)Oc1ccccc1C(=O)O,11793.37795,-0.21160673545423794
cx_00061,plate_1,c_035cbae044,CC(=O)c1[nH]c(=O)[nH]c1C,8272.95813,-0.4224379059386144
cx_00062,plate_1,c_3bba640cdd,CC(=O)c1cc2ccccc2[nH]1,12319.6041,-0.18564756567447835
cx_00063,plate_1,c_268fc6138e,CC(=O)c1cc2ccccc2o1,24718.77452,0.22846823623509077
cx_00064,plate_1,c_605b7a25b7,CC(=O)c1ccc(C(C)=O)s1,4809.88757,-0.7449091900914461
cx_00065,plate_1,c_3422d899ca,CC(=O)c1ccc(C)o1,44078.96854,0.5724505495809622
cx_00066,plate_1,c_6308e2b3b2,CC(=O)c1ccc(F)nc1,23026.31659,0.1862899121996022
cx_00067,plate_1,c_59bbb46a1c,CC(=O)c1ccc2ccccc2c1O,522.62692,-2.0638946142208536
cx_00068,plate_1,c_c8aa4dce88,CC(=O)c1ccc2ccccc2n1,8944.52941,-0.3760260858372727
cx_00069,plate_1,c_90e5cd8d77,CC(=O)c1ccc[nH]1,40174.98304,0.5172993372754487
cx_00070,plate_1,c_c93c498286,CC(=O)c1cccc(C(C)=O)n1,27364.87649,0.2889464414185399
cx_00071,plate_1,c_e63cabc022,CC(=O)c1ccccc1,55021.79314,0.7043231187778336
cx_00072,plate_1,c_be76c12ab0,CC(=O)c1ccccc1-n1cccn1,55559.75051,0.7101093682279002
cx_00073,plate_1,c_e4f314f21f,CC(=O)c1ccccc1C(=O)O,9428.645985,-0.34468201923474956
cx_00074,plate_1,c_a0a1c15f0a,CC(=O)c1ccccc1O,23390.31346,0.19561709739081345
cx_00075,plate_1,c_7fb224bc2e,CC(=O)c1ccccc1[N+](=O)[O-],0.0,-5.787252453164585
cx_00076,plate_1,c_e4fe6b2157,CC(=O)c1ccccn1,42587.38117,0.5519782125842584
cx_00077,plate_1,c_98bdb06c00,CC(=O)c1cccn1C,59666.73891,0.7525209021590563
cx_00078,plate_1,c_b617eb7502,CC(=O)c1ccco1,30777.39658,0.35883467106598704
cx_00079,plate_1,c_d8ec022a6a,CC(=O)c1cccs1,42221.0129,0.5468400500068747
cx_00080,plate_1,c_e4ab282de3,CC(=O)c1cnc(-c2ccccc2)s1,41300.29839,0.5337279804723625
cx_00081,plate_1,c_06106e42a0,CC(=O)c1cncs1,50434.44782,0.6525515382418751
cx_00082,plate_1,c_9e55a31f64,CC(=O)c1cocn1,20932.35404,0.12959165047057233
cx_00083,plate_1,c_60cddfd79d,CC(=O)c1nc(-c2ccccc2)c[nH]1,14870.70543,-0.07373031456928639
cx_00084,plate_1,c_a4ab41b129,CC(=O)c1ncc[nH]1,43412.46975,0.5633897056460136
cx_00085,plate_1,c_e8fb9342f7,CC(=O)c1noc(C)n1,60085.99659,0.7566850531922107
cx_00086,plate_1,c_f3b2f581f0,CC(C)(C)C(=O)CC(=O)C(C)(C)C,28307.49631,0.30908642465182656
cx_00087,plate_1,c_1b5b36c412,CC(C)(C)C(=O)Nc1ncccc1O,5348.20768,-0.6818300037409607
cx_00088,plate_1,c_d7c2f72148,CC(C)(C)OC(=O)NC1CCCc2cn[nH]c21,46883.22267,0.6091298387452407
cx_00089,plate_1,c_5cdd46a2da,CC(C)(C)OC(=O)NCc1ncc[nH]1,39067.18036,0.500670580233532
cx_00090,plate_1,c_41621916f8,CC(C)(C)[S@](=O)/N=C/c1cnc[nH]1,4097.15988,-0.8402673390291168
cx_00091,plate_1,c_84e92412d2,CC(C)(CO)C(=O)O,19827.15533,0.09733398464253361
cx_00092,plate_1,c_06431808b5,CC(C)(CO)CO,64968.11402,0.8031430468023345
cx_00093,plate_1,c_7a19cb154d,CC(C)(F)C(=O)O,22758.61024,0.17933553097450272
cx_00094,plate_1,c_973ef2b684,CC(C)(O)C(=O)c1ccccc1,55057.37711,0.7047076023109996
cx_00095,plate_1,c_9c3d46c93c,CC(C)(O)C(N)=O,58267.50165,0.7384085037674685
cx_00096,plate_1,c_6ab53edf85,CC(C)(O)CCO,57565.50571,0.7312001439950275
cx_00097,plate_1,c_1dbb4101c0,CC(C)(O)Cc1ccccc1,55638.79313,0.7109548239300619
cx_00098,plate_1,c_82764c1b3f,CC(C)(O)c1ccccc1,58820.13055,0.7440222754231915
cx_00099,plate_1,c_bdb082fca5,CC(C)(O)c1ccccc1O,30074.47219,0.34509500735248844
cx_00100,plate_1,c_a28d5f7c9d,CC(C)C(=O)CC(=O)C(C)C,40647.44211,0.5242521876041437
cx_00101,plate_1,c_aee78f3497,CC(C)NC(=S)NC(C)C,11559.71018,-0.22350731640090832
cx_00102,plate_1,c_ce24af5234,CC(O)(c1cccnc1)C(C)(O)c1cccnc1,53746.41097,0.6903759303028096
cx_00103,plate_1,c_f0312506e3,CC(O)CCCO,58375.1703,0.7395063988822276
cx_00104,plate_1,c_e5d0a27750,CC(O)CN(C)C,50089.81442,0.6484738323494283
cx_00105,plate_1,c_c5794d188c,CC(O)COc1ccccc1,56620.47192,0.7213561069508309
cx_00106,plate_1,c_413719b0d7,CC(O)Cc1ccccc1,57773.83637,0.7333484939604585
cx_00107,plate_1,c_f7921528ba,CC(O)c1ccccc1,58161.24116,0.7373229767568349
cx_00108,plate_1,c_9aaec07d89,CC(O)c1ccccn1,45938.48029,0.5970236937141778
cx_00109,plate_1,c_b5f9633082,CC(O)c1ccco1,45836.99818,0.5957084994337754
cx_00110,plate_1,c_2a7ab32db3,CC(O)c1nc2ccccc2[nH]1,39082.71658,0.5009070318089126
cx_00111,plate_1,c_b7f2827ddf,CC(O)c1nc2ccccc2s1,33284.99484,0.40541467938469616
cx_00112,plate_1,c_90397aef27,CC/N=C/c1ccccc1,53869.93784,0.6917411786867459
cx_00113,plate_1,c_6ccca412f4,CC1(C)C(=O)Nc2ccccc21,63489.8603,0.7894551510610551
cx_00114,plate_1,c_8dfc074371,CC1(C)CCCC(C)(C)C1=O,54314.16848,0.696625180627316
cx_00115,plate_1,c_9aa55497a4,CC1(C)COC(=O)N1,55869.94583,0.713420404883667
cx_00116,plate_1,c_73ff78401a,CC1(C)NC(=O)NC1=O,80884.51697,0.9334579041974134
cx_00117,plate_1,c_430e63a573,CC1(C)O[C@@H](C(=O)O)[C@H](C(=O)O)O1,12640.4298,-0.17035960824877583
cx_00118,plate_1,c_bc5f64c22a,CC1(C)O[C@H](CO)[C@@H](CO)O1,59453.17829,0.7503885136604792
cx_00119,plate_1,c_66b0b3c0cd,CC1(C)Oc2ccccc2NC1=O,54573.02547,0.6994527436897111
cx_00120,plate_1,c_7c56fc8dfb,CC1(O)CCCCC1,56027.21383,0.7150920735122851
cx_00121,plate_1,c_17fdb39ff1,CC1=CC(=O)CCC1,49345.52738,0.6395708517074035
cx_00122,plate_1,c_4bcc9d98ca,CC1C=NNC1=O,14536.57212,-0.08724451862941868
cx_00123,plate_1,c_6f74356b85,CC1CC(=O)OC(=O)C1,20008.91721,0.10276078530260051
cx_00124,plate_1,c_dd942850a3,CC1CC(O)=CC(=O)O1,17865.50848,0.03537991600295517
cx_00125,plate_1,c_734195979d,CC1CCC(=O)N1,298.79259,-2.3955584514829216
cx_00126,plate_1,c_83d5eed542,CC1CCC(=O)O1,54434.08053,0.6979366830925624
cx_00127,plate_1,c_55811899c5,CC1CCOC1=O,52896.16563,0.6808928144617716
cx_00128,plate_1,c_6f8770a612,CC1NC(=O)C(=O)OC1C,475.70787,-2.1197235025527656
cx_00129,plate_1,c_d2787d69ab,CCC(=O)N(C)C,54632.71667,0.7001028633391315
cx_00130,plate_1,c_ebfe67f041,CCC(=O)OC(C)(C)C,42393.52842,0.549265039555907
cx_00131,plate_1,c_0a1e21b480,CCC(=O)c1ccc[nH]1,21906.02099,0.15662926222868795
cx_00132,plate_1,c_f23f9e14b0,CCC(O)c1ccco1,46624.41484,0.6058378486906136
cx_00133,plate_1,c_2ff06e6cfc,CCC/C(=N\O)C(C)=O,3220.21731,-0.9834612294993779
cx_00134,plate_1,c_6b92a7e320,CCCC#CCCC,57533.44041,0.730868789556142
cx_00135,plate_1,c_c04dcd7886,CCCC(=O)OCC,56823.01716,0.7234797016795821
cx_00136,plate_1,c_b76d907e85,CCCC(C)(C)O,55873.5677,0.7134589561927761
cx_00137,plate_1,c_fef5c53640,CCCC(O)CO,54679.3025,0.7006097540926417
cx_00138,plate_1,c_23ae352fa4,CCCCC(=O)NC,56662.83002,0.7218008398858837
cx_00139,plate_1,c_dd372294a2,CCCCC(=O)c1ccccc1,50909.02602,0.6581213814430785
cx_00140,plate_1,c_b28bb54ebb,CCCCC(N)=O,57484.91049,0.7303669426158925
cx_00141,plate_1,c_2cdc69b617,CCCCCC#N,53076.18946,0.6829133477048259
cx_00142,plate_1,c_6de8a92462,CCCCCC(C)=O,57710.54611,0.732696651700144
cx_00143,plate_1,c_172c6fd294,CCCCCCC(C)=O,54440.97996,0.6980120556400183
cx_00144,plate_1,c_0f2d576459,CCCCNC(C)=O,54954.71626,0.703597678865343
cx_00145,plate_1,c_eff78eb27b,CCCCNC=O,58561.92179,0.7414059067410663
cx_00146,plate_1,c_bf12fd35f4,CCCCOC(N)=O,52455.87057,0.6759219544771132
cx_00147,plate_1,c_626e6487fa,CCCCc1ccsc1,53098.64871,0.6831649426058293
cx_00148,plate_1,c_ca083b631e,CCCCn1ccnc1,32901.08772,0.39851565619498697
cx_00149,plate_1,c_5908e28d1d,CCCNC(N)=O,62670.98917,0.7817349868675354
cx_00150,plate_1,c_b7191c441b,CCCNS(C)(=O)=O,54422.21284,0.6978070126355649
cx_00151,plate_1,c_bb3e474201,CCCc1ncc[nH]1,58142.14966,0.7371277332595301
cx_00152,plate_1,c_88c40956c6,CCN(C(C)C)C(C)C,52248.95166,0.6735714443013134
cx_00153,plate_1,c_6ac5a906da,CCN(CC)C(=O)CO,50094.09748,0.6485246815196962
cx_00154,plate_1,c_964e18e698,CCN(CC)C(N)=O,57326.29525,0.7287237453130266
cx_00155,plate_1,c_f3b554dd17,CCN(CC)CCCO,4200.62214,-0.825439627140879
cx_00156,plate_1,c_ef2a038ea9,CCN(CC)c1ccccc1,35695.99108,0.4470026608909426
cx_00157,plate_1,c_8aafc765a3,CCN1CCCC1=O,44449.59291,0.5774299798939271
cx_00158,plate_1,c_3544302468,CCN1CCNC(=O)C1=O,53108.05751,0.6832703110305278
cx_00159,plate_1,c_aeeb674c17,CCNC(=O)C(=O)NCC,52992.46721,0.6819745282265336
cx_00160,plate_1,c_5fc1675a77,CCNC(=O)OC,47910.61327,0.6220212273406949
cx_00161,plate_1,c_1dea961cd0,CCNC(=O)OCC,54541.27759,0.6991066756709341
cx_00162,plate_1,c_db625c7961,CCOC(=N)C(=O)OCC,34746.38677,0.43096802823379626
cx_00163,plate_1,c_9fb550d789,CCOC(=N)CCOC,44907.45152,0.5835244091167725
cx_00164,plate_1,c_c6d3ed577b,CCOC(=O)/C(N)=N\O,15809.73699,-0.03731682680973508
cx_00165,plate_1,c_14b4f5f16b,CCOC(=O)C(=O)C1CCCCC1,43790.08621,0.5685402226310245
cx_00166,plate_1,c_d6b350c8db,CCOC(=O)C(=O)N(C)C,51649.70848,0.66671141491273
cx_00167,plate_1,c_31f2a52b8f,CCOC(=O)C(=O)Nc1ccccc1,57626.12982,0.7318261136763424
cx_00168,plate_1,c_3040f76883,CCOC(=O)C(=O)O,31336.47159,0.36954038454494964
cx_00169,plate_1,c_b2ccb54583,CCOC(=O)C(=O)OCC,55247.51076,0.7067577877812824
cx_00170,plate_1,c_3c72c1b068,CCOC(=O)C(C)=O,49821.27855,0.6452770187414009
cx_00171,plate_1,c_64b3f4f16b,CCOC(=O)C(N)=O,1044.75084,-1.6525261136079015
cx_00172,plate_1,c_c6b58d9914,CCOC(=O)C1CCCCC1=O,34599.62301,0.4284508043493798
cx_00173,plate_1,c_c2e877cad6,CCOC(=O)C1CCNC1=O,50874.02829,0.657712410692658
cx_00174,plate_1,c_fedb710df0,CCOC(=O)CC#N,6269.20997,-0.5873533008722562
cx_00175,plate_1,c_e6d0463547,CCOC(=O)CC(=O)OCC,45290.70919,0.5885782611777316
cx_00176,plate_1,c_b3ed4506c5,CCOC(=O)CC(=O)c1ccccn1,7809.29847,-0.456734818699181
cx_00177,plate_1,c_64763fb818,CCOC(=O)CCCC(=O)CC,49603.38967,0.6426704496392645
cx_00178,plate_1,c_68c2a86217,CCOC(=O)CN(C)C,47224.37919,0.6134416328028729
cx_00179,plate_1,c_2212de4197,CCOC(=O)CNC(=O)CC,51513.71483,0.6651435050758041
cx_00180,plate_1,c_ee76894b5f,CCOC(=O)CNC(C)=O,49130.31687,0.636971518215202
cx_00181,plate_1,c_b169a6c8c9,CCOC(=O)CNC=O,63885.69556,0.7931513839901093
cx_00182,plate_1,c_18e6ade498,CCOC(=O)CO,55662.47298,0.7112078745541026
cx_00183,plate_1,c_a84615054e,CCOC(=O)CSc1ccccc1,55067.99946,0.7048223282662195
cx_00184,plate_1,c_ae77b907b4,CCOC(=O)Cc1ccccn1,46259.59853,0.6011662823188553
cx_00185,plate_1,c_fbaf26268a,CCOC(=O)Cc1ccco1,312.16475,-2.369606107189274
cx_00186,plate_1,c_7c21f60fbe,CCOC(=O)Cc1ncccn1,48362.50538,0.6276041325374332
cx_00187,plate_1,c_102050ed84,CCOC(=O)Cn1nnc(-c2ccccc2)n1,48644.16589,0.6310575811116883
cx_00188,plate_1,c_e30f8f0913,CCOC(=O)NC,43230.33178,0.5608893891397089
cx_00189,plate_1,c_9281238baf,CCOC(=O)OCC,57683.81147,0.7324210901526222
cx_00190,plate_1,c_108b53c136,CCOC(=O)[C@@H]1CCCC[C@H]1O,55140.15261,0.7056010281752207
cx_00191,plate_1,c_89cb2ae633,CCOC(=O)c1c[nH]cn1,26303.87191,0.26542994825013494
cx_00192,plate_1,c_e765e0e3bf,CCOC(=O)c1cc(C)on1,17272.65589,0.015311157332669904
cx_00193,plate_1,c_3c95bd22f1,CCOC(=O)c1ccccc1,55647.33264,0.7110460923414952
cx_00194,plate_1,c_31b01f4948,CCOC(=O)c1ccccn1,53728.84255,0.6901815051195601
cx_00195,plate_1,c_ee7d31e2cf,CCOC(=O)c1cccs1,47553.97188,0.617577793239599
cx_00196,plate_1,c_ea585cb17d,CCOC(=O)c1cn(Cc2ccccc2)nn1,55646.68554,0.7110391767689653
cx_00197,plate_1,c_c30fa48ad6,CCOC(=O)c1cnoc1C,16935.35022,0.0035832390393477293
cx_00198,plate_1,c_03dd82ea86,CCOC(=O)c1csc(-c2ccccn2)n1,188.39713,-2.668676662215489
cx_00199,plate_1,c_c27d0ce9c3,CCOC(=O)c1nc2ccccc2s1,29350.20853,0.3305981757758706
cx_00200,plate_1,c_012155e2f9,CCOC(=O)c1ncc[nH]1,72240.48608,0.8662434242833587
cx_00201,plate_1,c_baa848edde,CCOC(=O)c1nccn1C,47310.22486,0.6145217102158617
cx_00202,plate_1,c_ae96d3b59d,CCOC(=O)c1ncco1,25594.02845,0.24916099873149145
cx_00203,plate_1,c_4aff32e160,CCOCC(=O)OCC,51965.04666,0.6703312124259152
cx_00204,plate_1,c_6e082b9e99,CCOCC(C)O,54255.61347,0.6959837000617686
cx_00205,plate_1,c_1be76f70f6,CCOP(C)(=O)OCC,53819.48746,0.6911839676419135
cx_00206,plate_1,c_c40280aeac,CCOc1ccccc1C(N)=O,52995.26619,0.682005938546701
cx_00207,plate_1,c_da09c99410,CCS(=O)(=O)CC,54506.4229,0.6987265097965865
cx_00208,plate_1,c_e098180e4b,CCSCCO,52936.30434,0.681343914288299
cx_00209,plate_1,c_22809f8f3c,CCc1ccc[nH]1,48875.91408,0.6338840914651878
cx_00210,plate_1,c_440b7660ea,CCc1ncc[nH]1,57612.05333,0.7316808266596491
cx_00211,plate_1,c_2ea890a491,CN(C)/C=N/C(C)(C)C,53565.42364,0.6883699381076797
cx_00212,plate_1,c_af2a4b193e,CN(C)C(=N)N(C)C,51633.10056,0.6665201588703951
cx_00213,plate_1,c_317e995839,CN(C)C(=O)CC#N,50643.26313,0.6550087089608925
cx_00214,plate_1,c_f47df408d8,CN(C)C(C)(C)CO,619.58781,-1.962860458775744
cx_00215,plate_1,c_914e19d17d,CN(C)CC(=O)O,6742.65496,-0.5440629301198843
cx_00216,plate_1,c_6a4be64400,CN(C)CC(C)(C)CO,43522.01865,0.5648885016437337
cx_00217,plate_1,c_3811ccdd73,CN(C)CC(N)=O,7463.01099,-0.4837051322735407
cx_00218,plate_1,c_720d978b35,CN(C)CC(O)CN(C)C,3847.72804,-0.8776124581012628
cx_00219,plate_1,c_3201900a92,CN(C)CCC#N,12437.99915,-0.17995995917515875
cx_00220,plate_1,c_c33fc64fb0,CN(C)CCCCO,4333.06353,-0.8069828214442419
cx_00221,plate_1,c_3f9a09ecec,CN(C)CCCO,12900.81634,-0.15823427023291997
cx_00222,plate_1,c_bce0632f7d,CN(C)CCN(C)C,51991.11502,0.6706294700098511
cx_00223,plate_1,c_1e72e853da,CN(C)CCN(C)CCN(C)C,23020.5642,0.18614133040028852
cx_00224,plate_1,c_b157c6a334,CN(C)S(C)(=O)=O,56222.15256,0.7171576596026601
cx_00225,plate_1,c_9ff0dbf1d2,CN(C)[C@@H](Cc1ccccc1)C(=O)O,47548.69922,0.6175118509097419
cx_00226,plate_1,c_62bb1e62c0,CN(C)c1ccccc1C(=O)O,328.314925,-2.3397009763862373
cx_00227,plate_1,c_5ca5fe8757,CN(C)c1ccccc1C=O,7637.94607,-0.4699276230310873
cx_00228,plate_1,c_050f7ea2f0,CN(C=O)c1ccccn1,39111.86445,0.5013503907250378
cx_00229,plate_1,c_c31c7b64e8,CN(CCO)CCO,1294.16365,-1.525316169622175
cx_00230,plate_1,c_85d4b1e052,CN1C(=O)CC(=O)NC1=O,1035.49836,-1.6578113531689118
cx_00231,plate_1,c_e103b699d9,CN1CC(=O)N=C1N,41882.50816,0.5420528787828175
cx_00232,plate_1,c_51f28a786b,CN1CC(=O)NC1=O,86045.92668,0.9702455844390196
cx_00233,plate_1,c_605547cb23,CN1CCCC1C(=O)O,295.45171,-2.402223104584124
cx_00234,plate_1,c_d93dcf2897,CN1CCCC1CO,3624.56697,-0.9131357878790201
cx_00235,plate_1,c_3b023dc050,CN1CCCCC1=O,52818.25585,0.6800162457386879
cx_00236,plate_1,c_6e40803544,CN1CCCN(C)C1=O,50961.61834,0.6587354277955577
cx_00237,plate_1,c_4957d7ca3b,CN1CCCN2CCCN=C12,12527.61503,-0.17569076250718554
cx_00238,plate_1,c_09e1f17136,CN1Cc2ccccc2NC1=O,35474.33819,0.4432984134408836
cx_00239,plate_1,c_997a594b7c,CNC(=O)C(=O)NC,47817.11367,0.6208595127645433
cx_00240,plate_1,c_f237db1c10,CNC(=O)C(=O)O,0.0,-5.787252453164585
cx_00241,plate_1,c_8cfb815e2a,CNC(=O)C(=O)c1ccccc1,38262.21129,0.4882890186545648
cx_00242,plate_1,c_b976e05e10,CNC(=O)CC#N,38364.44211,0.48987583723053685
cx_00243,plate_1,c_7470c636c0,CNC(=O)N(C)C,12941.253,-0.15637324997398433
cx_00244,plate_1,c_71498407e5,CNC(=O)c1ccccc1,56487.27955,0.7199555013233013
cx_00245,plate_1,c_be036ba8b2,CNC(=O)c1ccccc1O,7187.32327,-0.5060870981099826
cx_00246,plate_1,c_a817d4279f,CNC(=O)c1cn2ccccc2n1,11143.26709,-0.24532555385102792
cx_00247,plate_1,c_58f29607c5,CNS(=O)(=O)N(C)C,50490.49306,0.6532120309626489
cx_00248,plate_1,c_668716921c,CNS(C)(=O)=O,58745.09693,0.7432631630863188
cx_00249,plate_1,c_c5cec6564f,COC(=N)c1cnccn1,4466.85902,-0.7889013507343506
cx_00250,plate_1,c_9cca015370,COC(=O)C(=O)c1ccccc1,22150.12272,0.16321926312482446
cx_00251,plate_1,c_66cf14655d,COC(=O)C(C)=O,53318.54501,0.6856226769792398
cx_00252,plate_1,c_7e7ec024f1,COC(=O)C1CCCC1=O,2031.98268,-1.2571803832600414
cx_00253,plate_1,c_45350345a9,COC(=O)C1CCCCC1,57256.44631,0.7279986928174519
cx_00254,plate_1,c_9282772425,COC(=O)C1CCCCO1,56198.26179,0.7169048965372729
cx_00255,plate_1,c_b782665c2f,COC(=O)CC#N,3280.57674,-0.9724205965755692
cx_00256,plate_1,c_e0cb160a12,COC(=O)CC(=O)CC(=O)OC,2842.0019,-1.0577400083037651
cx_00257,plate_1,c_ca3d6b9daf,COC(=O)CC(N)=O,56861.40706,0.72388134889294
cx_00258,plate_1,c_517c9535bb,COC(=O)CCC#N,44233.54626,0.5745324100612134
cx_00259,plate_1,c_7b104397da,COC(=O)CCC(=O)C(=O)OC,28164.26378,0.30606972371954094
cx_00260,plate_1,c_4e548184f2,COC(=O)CCO,51243.40472,0.6620146944051287
cx_00261,plate_1,c_07bf0d7ec8,COC(=O)CC[N+](=O)[O-],16256.04343,-0.020761846701275025
cx_00262,plate_1,c_129629d843,COC(=O)CCc1c[nH]cn1,30900.98246,0.3612178616222995
cx_00263,plate_1,c_3a2a498940,COC(=O)CN(C)C,49460.61069,0.640956191129398
cx_00264,plate_1,c_3d9c8a3bb9,COC(=O)CNC(=O)C(=O)OC,24481.17517,0.2227243916660024
cx_00265,plate_1,c_b426def58f,COC(=O)CS(C)(=O)=O,63858.057,0.7928940451629138
cx_00266,plate_1,c_540e3bc020,COC(=O)C[C@@H](C)O,52997.98663,0.6820364658966007
cx_00267,plate_1,c_48c35cd69a,COC(=O)C[N+](=O)[O-],18393.7851,0.05270938252800675
cx_00268,plate_1,c_0d9a962d67,COC(=O)Cc1ccccn1,49694.4979,0.6437617526220045
cx_00269,plate_1,c_50553b4d76,COC(=O)Cc1nccs1,6188.98608,-0.5950114039896358
cx_00270,plate_1,c_47cea63067,COC(=O)N1CCCCC1,55265.3242,0.706949506089173
cx_00271,plate_1,c_a3b736771f,COC(=O)Nc1ccc(OC)cc1,54090.27575,0.6941686517297164
cx_00272,plate_1,c_55e233981d,COC(=O)Nc1ccccc1,61354.96141,0.7691138594875533
cx_00273,plate_1,c_33afb1bad6,COC(=O)Nc1nc2ccccc2[nH]1,17803.06191,0.03329765413416017
cx_00274,plate_1,c_fc28643351,COC(=O)[C@@H](O)[C@H](O)c1ccccc1,59213.6406,0.747987612979949
cx_00275,plate_1,c_7757c24aa0,COC(=O)c1cc(C)ccc1O,44150.55313,0.5734155605181085
cx_00276,plate_1,c_88908e3511,COC(=O)c1cc(OC)ccc1O,8332.41156,-0.4181798213501654
cx_00277,plate_1,c_d95dac0f8b,COC(=O)c1ccc(OC)cc1,56387.2905,0.7189018786222817
cx_00278,plate_1,c_78bd4a1b1c,COC(=O)c1cccc(C(=O)O)n1,7649.96091,-0.4689929717502073
cx_00279,plate_1,c_5d4233df2b,COC(=O)c1cccc(C(=O)OC)n1,46289.87373,0.6015553633626181
cx_00280,plate_1,c_32133c467c,COC(=O)c1cccc2c1NC(=O)C2,67.12511,-3.2767693155940067
cx_00281,plate_1,c_b88527c2c0,COC(=O)c1ccccc1,54901.82944,0.7030250806237578
cx_00282,plate_1,c_2c9263eeab,COC(=O)c1ccccc1-c1ccc[nH]1,26737.29083,0.2751490132719374
cx_00283,plate_1,c_9d06e34249,COC(=O)c1ccccc1C(=O)O,12663.32448,-0.16928351036536782
cx_00284,plate_1,c_abddb327a9,COC(=O)c1ccccc1C(=O)OC,52198.71521,0.6729993754729867
cx_00285,plate_1,c_23cc32befa,COC(=O)c1ccccc1N(C)C,550.86468,-2.032658326635909
cx_00286,plate_1,c_3ea13d6845,COC(=O)c1ccccc1OC,52888.97693,0.6808119879489913
cx_00287,plate_1,c_9a6c4bb451,COC(=O)c1ccccc1S,7214.44663,-0.5038473241336676
cx_00288,plate_1,c_ba00589419,COC(=O)c1ccccc1SC,51093.11035,0.6602679060780425
cx_00289,plate_1,c_574c9e5b84,COC(=O)c1ccccn1,56239.37666,0.7173398230352515
cx_00290,plate_1,c_6e63c3e267,COC(=O)c1cccnc1O,18814.33354,0.0661528045309913
cx_00291,plate_1,c_911c879c6a,COC(=O)c1cccs1,32536.29016,0.39188504398066903
cx_00292,plate_1,c_e9bd7c861a,COC(=O)c1ccn(C)n1,54097.6522,0.6942497472640524
cx_00293,plate_1,c_2e6c2b9adf,COC(=O)c1ccnn1C,53452.12707,0.6871107512898471
cx_00294,plate_1,c_0b3c286123,COC(=O)c1ccno1,1028.51589,-1.661831239630427
cx_00295,plate_1,c_8d3c85feee,COC(=O)c1cn(C)cn1,52433.75252,0.6756711458887431
cx_00296,plate_1,c_b4405b074e,COC(=O)c1cncs1,18965.03015,0.07089702129836793
cx_00297,plate_1,c_e881bf1346,COC(=O)c1nc[nH]n1,30577.94408,0.3549682348205671
cx_00298,plate_1,c_82dfd9102a,COC(C)C(N)=O,55256.0266,0.706849447774508
cx_00299,plate_1,c_ffcbd24baf,COC(OC)c1ccccc1,57417.03285,0.7296643101402269
cx_00300,plate_1,c_55b6e33ac9,COC1CCCCC1=O,51037.24898,0.659617350164464
cx_00301,plate_1,c_2c3cc76208,COCC(=O)OC,54221.56209,0.6956103426963971
cx_00302,plate_1,c_50cb9c1c39,COCC(=O)c1ccccc1,53192.15715,0.6842113081249849
cx_00303,plate_1,c_3efe3c0883,COCC(C)(C)O,57102.07195,0.7263930990016717
cx_00304,plate_1,c_1bd8655a83,COCC/C(N)=N/O,47645.30218,0.618718853615816
cx_00305,plate_1,c_b664a62821,COCCC(=O)OC,49994.0927,0.6473362730003042
cx_00306,plate_1,c_5b245e09c2,COCCCNS(N)(=O)=O,57250.52258,0.7279371620801081
cx_00307,plate_1,c_1784e79622,COCCNS(=O)(=O)N(C)C,55173.30488,0.7059584765123624
cx_00308,plate_1,c_080a543259,COCc1ccccc1C(=O)O,20940.99321,0.12983703657855547
cx_00309,plate_1,c_2473ca3d10,CON(C)C(C)=O,47940.7581,0.6223952878220818
cx_00310,plate_1,c_832308c6fa,CO[C@H]1CCCC[C@@H]1O,55345.01994,0.707806480697412
cx_00311,plate_1,c_89df1ccc18,COc1cc[nH]n1,57716.32007,0.7327561487879847
cx_00312,plate_1,c_92b0cc8d55,COc1ccc(/C(N)=N\O)cc1,17446.15372,0.021254683598212434
cx_00313,plate_1,c_f1fb2e4fc4,COc1ccc(C(=N)N)cc1,38467.03939,0.49146409855441486
cx_00314,plate_1,c_c2e60c2140,COc1ccc(C(=O)O)c(O)c1,761.70108,-1.8402314872026115
cx_00315,plate_1,c_a61d5d7ad0,COc1ccc(C(=O)O)cc1,27125.64032,0.2837245344285275
cx_00316,plate_1,c_facc105394,COc1ccc(C(C)=O)cc1,52025.98677,0.6710282166411964
cx_00317,plate_1,c_dab4f27719,COc1ccc(C(N)=O)cc1,53932.20287,0.6924281603978446
cx_00318,plate_1,c_5b7c0e8a63,COc1ccc(C=O)cc1,56041.8048,0.7152469292192722
cx_00319,plate_1,c_6d38932327,COc1ccc(COCC(=N)N)cc1,38749.33041,0.49581235086662107
cx_00320,plate_1,c_b3f20d03a6,COc1ccc(N2CCNC2=O)cc1,2208.77302,-1.207589891449426
cx_00321,plate_1,c_eba3569946,COc1ccc(O)c(C(=O)O)c1,51.93339,-3.426821900451989
cx_00322,plate_1,c_7ebce15718,COc1ccc(O)c([N+](=O)[O-])c1,0.0,-5.787252453164585
cx_00323,plate_1,c_e325071ace,COc1ccc(S(N)(=O)=O)cc1,52051.67625,0.6713217961993365
cx_00324,plate_1,c_a2316e1cf9,COc1ccc2[nH]ccc2c1,24591.32675,0.2253941498564518
cx_00325,plate_1,c_a5c1854d6d,COc1ccc2c(c1)C(=O)C(=O)N2,187.77529,-2.6706324672559716
cx_00326,plate_1,c_3dae2cd838,COc1ccc2c(c1)CC(=O)N2,11487.51345,-0.22723294032658642
cx_00327,plate_1,c_b781f68a2f,COc1ccc2c(c1)CCC(=O)N2,34190.06095,0.4213693040628982
cx_00328,plate_1,c_ace4fcf47b,COc1ccc2c(c1)CNC2=O,45255.98782,0.5881221706670671
cx_00329,plate_1,c_b528767be1,COc1ccc2c(c1)NC(=O)C2=O,10570.34521,-0.2767133260525696
cx_00330,plate_1,c_51573e3907,COc1cccc2c1C(=O)CCC2,31361.41077,0.37001348333171585
cx_00331,plate_1,c_43c76f11fe,COc1cccc2c1NC(=O)C2,18120.77837,0.04381679983056915
cx_00332,plate_1,c_c3d6c577e6,COc1cccc2cc(C(=O)O)[nH]c12,1579.42835,-1.4069335667156853
cx_00333,plate_1,c_0370f04d76,COc1cccc2cc[nH]c12,30278.50526,0.3491159279247636
cx_00334,plate_1,c_1d3126b76f,COc1ccccc1,51493.53358,0.6649104770171327
cx_00335,plate_1,c_cf12cd1548,COc1ccccc1/C(N)=N/O,18014.88331,0.04033139471923839
cx_00336,plate_1,c_52967f6e46,COc1ccccc1C(N)=S,926.88005,-1.72364644591774
cx_00337,plate_1,c_0121a33d69,COc1ccccc1NC(C)=O,58271.67205,0.7384510670086661
cx_00338,plate_1,c_3bcd84af16,COc1ccccc1NC(N)=S,14011.81541,-0.1091086019149948
cx_00339,plate_1,c_4bbf4ab9cd,COc1ccccc1O,43828.87855,0.5690668147351082
cx_00340,plate_1,c_e0c2d96ba7,COc1ccccc1OC,52983.09279,0.6818693158429168
cx_00341,plate_1,c_8effd290ef,COc1ccccc1OCC(N)=O,56209.1584,0.7170201954119665
cx_00342,plate_1,c_26ba1db84a,COc1ccccc1S,40266.58524,0.5186537503358325
cx_00343,plate_1,c_4c3388b95a,COc1ccnc(O)c1,53521.23677,0.6878791589108841
cx_00344,plate_1,c_d8bdf22a73,CS(=O)(=O)C/C(N)=N/O,13676.42167,-0.1235160109274581
cx_00345,plate_1,c_67bfe0b34e,CS(=O)(=O)CC(=O)c1ccccc1,2507.68685,-1.1321390486912901
cx_00346,plate_1,c_8bd8d0cb87,CS(=O)(=O)Nc1ccccn1,7419.9622,-0.4871450691297673
cx_00347,plate_1,c_8cb0b88a18,CS(=O)(=O)c1ccccc1O,3860.75679,-0.8756026349494402
cx_00348,plate_1,c_0b6a35acdb,CS(=O)(=O)c1nc2ccccc2[nH]1,8210.4458,-0.4269481967294051
cx_00349,plate_1,c_21310858a4,CS(=O)(=O)c1nc2ccccc2s1,16612.54265,-0.007861406411095208
cx_00350,plate_1,c_2f3b4ff2e4,CS(=O)(=O)c1nc[nH]n1,13044.7857,-0.15163473016588694
cx_00351,plate_1,c_9d4ff6c5e5,CS(=O)c1ccccc1,45994.13489,0.597743736699592
cx_00352,plate_1,c_95227c1d67,CS(C)(=O)=O,53989.46297,0.6930592220962517
cx_00353,plate_1,c_49a28e6491,CS(N)(=O)=O,56245.48423,0.7174044037762713
cx_00354,plate_1,c_73defb78b7,CSCC(=O)O,4015.29585,-0.8522674379935183
cx_00355,plate_1,c_cbca343ced,CSCC(C)=O,54433.71746,0.6979327164842672
cx_00356,plate_1,c_bac17af9d0,CSCCCO,55317.92609,0.7075152769081835
cx_00357,plate_1,c_8624185335,CSc1ccccc1,53980.97211,0.6929656868804333
cx_00358,plate_1,c_2fab419e6e,CSc1ccccc1C(=O)O,2666.571135,-1.0956184534702746
cx_00359,plate_1,c_b8a851f045,CSc1ccccc1O,36623.74441,0.4622615836485683
cx_00360,plate_1,c_01eedcff64,C[C@@H]1COC(=O)O1,56306.63041,0.7180505701662669
cx_00361,plate_1,c_320b9e5157,C[S@@](=N)(=O)c1ccccc1,40054.87744,0.5155187917344622
cx_00362,plate_1,c_59b4333037,Cc1cc(C)[nH]n1,39345.15358,0.5048870179247225
cx_00363,plate_1,c_87912889b2,Cc1cc(C)on1,53880.34142,0.6918560185626745
cx_00364,plate_1,c_9d727a2000,Cc1cc(O)nc(O)c1,204.27634,-2.6207958146409354
cx_00365,plate_1,c_4a03388181,Cc1cc([N+](=O)[O-])c(O)c([N+](=O)[O-])c1,438.57115,-2.167957153831074
cx_00366,plate_1,c_f51951df7f,Cc1ccc(-c2nnn[nH]2)cc1,10136.0236,-0.30166304202540184
cx_00367,plate_1,c_d81fffbb97,Cc1ccc(C(=O)NN)cc1,8672.82301,-0.3943695232737597
cx_00368,plate_1,c_9d1338716b,Cc1ccc(C(N)=O)cc1,54461.99801,0.6982416076301927
cx_00369,plate_1,c_9d98388c77,Cc1ccc(C(N)=S)cc1,830.62136,-1.7887823631956876
cx_00370,plate_1,c_8faae0d3f1,Cc1ccc(C=O)cc1,57671.45694,0.7322937053454704
cx_00371,plate_1,c_53139ac9e3,Cc1ccc(O)nc1,20478.74072,0.11656292750584729
cx_00372,plate_1,c_71a7ae8d89,Cc1cccc(C)c1C(=O)O,19767.85478,0.09555270124850808
cx_00373,plate_1,c_a61c5b5942,Cc1cccc(C)c1O,52983.17151,0.6818701994224187
cx_00374,plate_1,c_9bcdd0a619,Cc1ccn(C(N)=O)n1,51641.8999,0.6666214993257964
cx_00375,plate_1,c_1e41fce493,Cc1cnc(C(=N)N)cn1,20921.60281,0.12928613215188967
cx_00376,plate_1,c_3fdbb50cfc,Cc1cnc(C(C)NC(=O)OC(C)(C)C)[nH]1,25542.16473,0.2479547001946232
cx_00377,plate_1,c_3c6075a79a,Cc1cnc(O)nc1,51691.21479,0.6671891308982564
cx_00378,plate_1,c_6ecabb04fb,Cc1cscn1,53107.3676,0.6832625854159411
cx_00379,plate_1,c_f910f02aa3,Cc1nc(-c2ccccc2O)cs1,58.43005,-3.357974725515777
cx_00380,plate_1,c_15039fcfe8,Cc1nc(=O)[nH]n1-c1ccccc1,7917.62664,-0.44854290069849306
cx_00381,plate_1,c_d78acf8270,Cn1c(=O)[nH]c2ccccc2c1=O,13426.78982,-0.13447059371831702
cx_00382,plate_1,c_66fd695106,Cn1cc(C(=O)O)nn1,11585.45213,-0.22218455890249408
cx_00383,plate_1,c_8dd4a99511,Cn1cc[nH]c1=O,36007.24708,0.45216570630043895
cx_00384,plate_1,c_c3efae03b8,Cn1ccc(=O)[nH]c1=O,58760.00312,0.7434140456011704
cx_00385,plate_1,c_cc5e5aafc9,Cn1ccc(=O)n(C)c1=O,44640.73731,0.5799818484159808
cx_00386,plate_1,c_e4ebbce005,Cn1ccc(C(=O)O)n1,11392.44525,-0.23217469225367565
cx_00387,plate_1,c_0bd53f1d2d,Cn1ccnc1[N+](=O)[O-],1843.04087,-1.3151913586119222
cx_00388,plate_1,c_b7bee82cf3,Cn1cnc(C=O)c1,49923.07816,0.646490926230619
cx_00389,plate_1,c_f8463f8820,Cn1cnc(CO)c1,45449.622885,0.5906612560508221
cx_00390,plate_1,c_9bff495d26,Cn1cnc(S(N)(=O)=O)c1,48373.99378,0.6277453851771754
cx_00391,plate_1,c_72ec7d83a4,Cn1cnc2c(=O)[nH]c(=O)[nH]c21,45422.06291,0.5903005303739212
cx_00392,plate_1,c_cef4f2744a,Cn1cnc2c(=O)[nH]c(=O)n(C)c21,62766.88576,0.7826442801950948
cx_00393,plate_1,c_9d2aa053ee,Cn1cnc2ccccc21,47702.77895,0.6194358347158356
cx_00394,plate_1,c_595067f04a,Cn1cncc1C(=O)O,16571.21907,-0.009342500812931922
cx_00395,plate_1,c_7756c7ee5a,Cn1cncc1CO,31745.84948,0.37725910680052577
cx_00396,plate_1,c_5915219f6b,Cn1nc(-c2ccccc2)cc1O,3140.2416,-0.9984129908401053
cx_00397,plate_1,c_351d4cca32,Cn1nccc1C(=O)O,8939.714875,-0.37634624915255904
cx_00398,plate_1,c_1976abf777,Cn1nccc1O,2497.43944,-1.1345732839090101
cx_00399,plate_1,c_356df7336d,Cn1nncc1C(=O)O,8592.56095,-0.3998982261585485
cx_00400,plate_1,c_eec3487744,FC(F)(F)c1c[nH]cn1,22452.11161,0.1712722664910837
cx_00401,plate_1,c_d8eb90ae3f,FC(F)(F)c1cn[nH]c1,18228.49417,0.04734129915231478
cx_00402,plate_1,c_bee2a42d3a,FC(F)(F)c1ncc[nH]1,19856.37967,0.09820987333275445
cx_00403,plate_1,c_5a943dbafe,Fc1ccc2[nH]ccc2c1,48105.36043,0.6244336620013361
cx_00404,plate_1,c_9dc9d5f12a,Fc1ccc2[nH]ncc2c1,19618.41689,0.09104004498748972
cx_00405,plate_1,c_10c829ce54,Fc1ccccn1,50498.72507,0.6533089833811966
cx_00406,plate_1,c_1122dc32c7,N#CC(C#N)c1ccccc1,3951.38794,-0.8618066763407513
cx_00407,plate_1,c_8207f6ef25,N#CC1(O)CCCCC1,7602.70265,-0.4726777626711559
cx_00408,plate_1,c_4f5275da86,N#CC1CCCCC1,52934.40339,0.6813225581344341
cx_00409,plate_1,c_207947d691,N#CC1CCCS1,39614.05548,0.5089376064467875
cx_00410,plate_1,c_fa5f88c96e,N#CCC(=O)Nc1ccccc1,20669.23458,0.12206911344642354
cx_00411,plate_1,c_b4b731c8f3,N#CCC1=CCCCC1,40407.2294,0.5207273033897415
cx_00412,plate_1,c_2988a9b721,N#CCCCc1ccccc1,53440.94787,0.6869863601638647
cx_00413,plate_1,c_d7c4f5d946,N#CCS(N)(=O)=O,47194.04334,0.6130594891846823
cx_00414,plate_1,c_52364a5acd,N#CCc1cccc2cccnc12,13273.29627,-0.14130791661310368
cx_00415,plate_1,c_b32d2718d4,N#CCc1nccs1,1428.34138,-1.4666914636040806
cx_00416,plate_1,c_aec7a03867,N#C[C@@H]1CC[C@H]1C#N,59945.35021,0.755291372736811
cx_00417,plate_1,c_05efc363f3,N#Cc1cccc(C#N)n1,28389.49334,0.31080654753154974
cx_00418,plate_1,c_b666128acf,N#Cc1cccc2cc[nH]c12,30441.54807,0.3523096168633661
cx_00419,plate_1,c_27e26f2cce,N#Cc1cccc2cccnc12,6884.48597,-0.5316848081194423
cx_00420,plate_1,c_a808b2f56c,N#Cc1ccccc1,55397.29705,0.708367950652562
cx_00421,plate_1,c_1866122c8b,N#Cc1ccccc1C#N,1058.40785,-1.6448097399705244
cx_00422,plate_1,c_01d4a82f7d,N#Cc1ccccc1O,42.92244,-3.5378004155842406
cx_00423,plate_1,c_8d9839b4d0,N#Cc1ccccc1[N+](=O)[O-],3235.86956,-0.9805784587195416
cx_00424,plate_1,c_1d95ba9fe9,N#Cc1ccccn1,50107.86145,0.6486880601336874
cx_00425,plate_1,c_edfdb77be9,N#Cc1ncccn1,44972.6945,0.5843877788113134
cx_00426,plate_1,c_0bb4d51e01,N#Cc1nccs1,25519.59486,0.2474289824128439
cx_00427,plate_1,c_34944443db,N#N,55750.13170833333,0.7121436884712541
cx_00428,plate_1,c_c82bd8a6db,N/C(=N\O)c1ccccc1,20315.98741,0.11181785156813223
cx_00429,plate_1,c_3020b8a6d2,N/C(=N\O)c1ccccn1,8929.20261,-0.37704590725599635
cx_00430,plate_1,c_0f8d8f1c01,N/C(=N\O)c1cccs1,17863.72373,0.03532050515304254
cx_00431,plate_1,c_4c7550af08,N/C(=N\O)c1cnc2ccccc2n1,976.648,-1.6925744213544234
cx_00432,plate_1,c_9c6d043c13,N/C(=N\O)c1nc2ccccc2s1,10134.3686,-0.3017601442918922
cx_00433,plate_1,c_75b5754d9b,N/C(Cc1ccccc1)=N\O,15673.50437,-0.04246334082750778
cx_00434,plate_1,c_1cd23482e2,N/N=C/c1ccccc1O,9998.61747,-0.30977941857639363
cx_00435,plate_1,c_27e574117c,N=C(N)c1cc2ccccc2o1,16546.58053,-0.01022733871384812
cx_00436,plate_1,c_b887ec8d99,N=C(N)c1nc2ccccc2s1,14035.76107,-0.10809320234150663
cx_00437,plate_1,c_fee3985c8f,N=C(NO)C1CCCC1,16682.55543,-0.005360439505867146
cx_00438,plate_1,c_af27308ee0,N=C(n1nnc2ccccc21)n1nnc2ccccc21,13518.81469,-0.13040875099223317
cx_00439,plate_1,c_9a9432eae0,N=C1NC(=O)c2ccccc21,34136.53498,0.4204375559834875
cx_00440,plate_1,c_1b0a5508f4,NC(=O)C(C(N)=O)c1ccccc1,58604.97928,0.7418429986224405
cx_00441,plate_1,c_622c025409,NC(=O)C(F)(F)F,49583.95346,0.6424373814823714
cx_00442,plate_1,c_efe021a9ac,NC(=O)C(c1ccccc1)c1ccccn1,50384.87453,0.6519667053960605
cx_00443,plate_1,c_9da6a40773,NC(=O)C1CCCCC1,53976.97186,0.6929216150740694
cx_00444,plate_1,c_03def00e5f,NC(=O)CC(=O)O,23162.02968,0.1897845980231873
cx_00445,plate_1,c_e2fb9f74ae,NC(=O)CC(N)=O,52510.51714,0.6765411685073194
cx_00446,plate_1,c_e2adf3f704,NC(=O)CCC(N)=O,55175.37896,0.7059808321387284
cx_00447,plate_1,c_7629689636,NC(=O)CN1CCCC1=O,44362.04774,0.5762575442164127
cx_00448,plate_1,c_c64b4e9fdc,NC(=O)COCc1ccccc1,51111.0805,0.6604770334460413
cx_00449,plate_1,c_908abade01,NC(=O)Cc1cc2ccccc2s1,40577.49866,0.5232279907713913
cx_00450,plate_1,c_d9258226a5,NC(=O)Cc1ccccn1,52704.89538,0.6787385066253836
cx_00451,plate_1,c_c3457bd293,NC(=O)Cc1cccs1,45413.9061,0.5901937259358309
cx_00452,plate_1,c_967cb20253,NC(=O)Cc1cncs1,36343.17991,0.4576882458322663
cx_00453,plate_1,c_ecaa1ef6f8,NC(=O)Cc1nc2ccccc2[nH]1,28488.45049,0.31287585405055784
cx_00454,plate_1,c_086c90d1f2,NC(=O)Cn1nnc2ccccc21,31631.64954,0.3751159501741036
cx_00455,plate_1,c_4137adde12,NC(=O)NCc1ccccc1,64356.16475,0.7975148633021507
cx_00456,plate_1,c_2338973172,NC(=O)Nc1ccccc1,36739.61685,0.4641401468923695
cx_00457,plate_1,c_8e22a1ea19,NC(=O)Nc1ccccn1,43099.94625,0.5590930311338901
cx_00458,plate_1,c_42031daf99,NC(=O)Oc1ccccc1,14098.30751,-0.10544911215168666
cx_00459,plate_1,c_c3ce8e4ac7,NC(=O)[C@@H]1CCCC[C@@H]1O,44932.82636,0.5838603469657638
cx_00460,plate_1,c_768fd1d9ef,NC(=O)[C@@H]1CCCC[C@H]1O,62505.13471,0.7801590626183568
cx_00461,plate_1,c_a5aec92e7b,NC(=O)[C@@H]1CCCO1,55308.607,0.707415082676144
cx_00462,plate_1,c_9f9a94e692,NC(=O)c1cc2ccccc2cc1O,2468.88314,-1.1414097757569277
cx_00463,plate_1,c_cc981934d4,NC(=O)c1ccccc1C(N)=O,57785.34444,0.7334669417316604
cx_00464,plate_1,c_93b30f1e45,NC(=O)c1ccccc1O,2521.73926,-1.1288170671862598
cx_00465,plate_1,c_9c4d885322,NC(=O)c1ccccc1OCC(=O)O,10691.22429,-0.2699516241416463
cx_00466,plate_1,c_9aa7b63827,NC(=O)c1ccccc1[N+](=O)[O-],1077.30171,-1.634296909280553
cx_00467,plate_1,c_390b8b4606,NC(=O)c1ccccn1,38515.12727,0.4922070674670511
cx_00468,plate_1,c_c6b02e1350,NC(=O)c1cn2ccccc2n1,11823.85561,-0.2100719332019787
cx_00469,plate_1,c_14f95a61fd,NC(=O)c1nccc2ccccc12,36841.0562,0.4657798587601274
cx_00470,plate_1,c_40206384a3,NC(=O)c1ncco1,38259.31702,0.48824403233905517
cx_00471,plate_1,c_fb124362e3,NC(=O)n1nnc2ccccc21,5136.30765,-0.7058678365650211
cx_00472,plate_1,c_82def56c69,NC(=S)N1CCCCC1,24249.04122,0.21705857979610008
cx_00473,plate_1,c_1cdbef5a61,NC(=S)NC1CCCCC1,23136.9619,0.1891406334250943
cx_00474,plate_1,c_0e48b29eed,NC(=S)Nc1ccccc1,3654.65141,-0.908221317586454
cx_00475,plate_1,c_09fe1871ed,NC(=S)Nc1ccccn1,123.26972,-2.9192831505490187
cx_00476,plate_1,c_aa012a7992,NC(=S)c1ccccn1,565.72402,-2.0168570925210396
cx_00477,plate_1,c_54c56e3779,NC(=S)c1ncccn1,1635.93929,-1.38603998594165
cx_00478,plate_1,c_496fc7e79e,NC1=NC(C(=O)O)CS1,47000.32036,0.6106133341249289
cx_00479,plate_1,c_a2f86a85f1,NC1=NCCS1,18363.7062,0.051736122422659875
cx_00480,plate_1,c_5de71577f7,NNC(=O)c1ccccc1,6572.71347,-0.5592418528353017
cx_00481,plate_1,c_6af55f0868,NNc1ncccn1,10476.93965,-0.2819913894363671
cx_00482,plate_1,c_ff3314219b,NS(=O)(=O)N1CCCC1,46958.84742,0.6100883419701626
cx_00483,plate_1,c_cc19c722a1,NS(=O)(=O)c1ccccc1,55790.92651,0.7125786978951987
cx_00484,plate_1,c_44888d1c8c,NS(=O)(=O)c1cccs1,53052.17983,0.6826442672413445
cx_00485,plate_1,c_c50b7cc6f4,NS(N)(=O)=O,54161.61727,0.6949525058856784
cx_00486,plate_1,c_f4af18a838,Nc1ncccn1,58687.58971,0.7426807080797698
cx_00487,plate_1,c_4956436e1f,O/N=C/c1ccccc1,7054.74481,-0.5171581232937236
cx_00488,plate_1,c_28e8532b94,O/N=C/c1ccccn1,1184.53328,-1.5779150514061655
cx_00489,plate_1,c_119633cfd9,O=C(C(=O)c1ccco1)c1ccco1,1746.78608,-1.3470734871736867
cx_00490,plate_1,c_67862f3ad9,O=C(CC(=O)Nc1nccs1)Nc1nccs1,944.49528,-1.7124620459697961
cx_00491,plate_1,c_51fd30819f,O=C(CC(=O)c1ccccn1)c1ccccn1,4096.9691,-0.8402950250427247
cx_00492,plate_1,c_4eda088deb,O=C(NO)c1ccccc1,10282.03016,-0.2931583369741561
cx_00493,plate_1,c_248f41ba44,O=C(O)C(=O)c1ccccc1,2594.33782,-1.1119442857014858
cx_00494,plate_1,c_882ada0895,O=C(O)C(O)CO,33281.73885,0.40535650267773765
cx_00495,plate_1,c_888ba1376c,O=C(O)C1CCCCC1,60595.31195,0.7617047618551743
cx_00496,plate_1,c_9e3de13ba9,O=C(O)C1CCCCO1,13492.37922,-0.13157273658899488
cx_00497,plate_1,c_5f9dcbf3b6,O=C(O)C1CCCO1,6015.430955,-0.6119241791412189
cx_00498,plate_1,c_2ac96ba268,O=C(O)C1CCCn2cnnc21,4542.1227,-0.7789665351987364
cx_00499,plate_1,c_7902e1c611,O=C(O)C1Cc2ccccc2O1,1662.97128,-1.3762992821675155
cx_00500,plate_1,c_dacfa5af31,O=C(O)CC1CCCO1,32331.33152,0.3881269929048443
cx_00501,plate_1,c_6b23b64724,O=C(O)CCN1CCCC1=O,30106.0009,0.34571812862677037
cx_00502,plate_1,c_606c726d8b,O=C(O)CCOc1ccccc1,32925.25034,0.39895223989811623
cx_00503,plate_1,c_0f344ea8b4,O=C(O)CCc1ccccc1,22488.25135,0.1722287237823196
cx_00504,plate_1,c_0cc3b320aa,O=C(O)CNC(=O)c1ccccc1O,2934.13009,-1.0387738987654844
cx_00505,plate_1,c_ee31cf9228,O=C(O)COCc1ccccc1,12930.10619,-0.15688567953498805
cx_00506,plate_1,c_0b07e9dcaa,O=C(O)COc1ccccc1,9668.1638,-0.32976470442433636
cx_00507,plate_1,c_9d207bb13e,O=C(O)COc1ccccc1O,512.33611,-2.0756988238166114
cx_00508,plate_1,c_cf594a234a,O=C(O)Cc1ccccc1O,2124.07429,-1.2308330282372697
cx_00509,plate_1,c_b4d7f9c672,O=C(O)Cc1ccco1,4263.95584,-0.8165420570826449
cx_00510,plate_1,c_c06203aa8d,O=C(O)Cc1ncccn1,17151.57596,0.01112783980416487
cx_00511,plate_1,c_dc2bc85597,O=C(O)Cc1nnn[nH]1,4122.95779,-0.8365353648671997
cx_00512,plate_1,c_30f6dcfb87,O=C(O)Cn1c(=O)oc2ccccc21,16409.31745,-0.015181077625997307
cx_00513,plate_1,c_9dfdf07e0c,O=C(O)Cn1cccc1,2962.27056,-1.0330992793369804
cx_00514,plate_1,c_bf776335d3,O=C(O)Cn1cccn1,13904.59685,-0.11367651421126955
cx_00515,plate_1,c_59d10fbbe6,O=C(O)Cn1ccnc1,49678.75575,0.6435733347184097
cx_00516,plate_1,c_c0bfce4d0d,O=C(O)Cn1ccnn1,24725.69115,0.2286346141433423
cx_00517,plate_1,c_1d92fc286a,O=C(O)Cn1cnnn1,8324.38466,-0.41875293484945825
cx_00518,plate_1,c_757b7ab18c,O=C(O)[C@H]1CCCC[C@@H]1C(=O)O,5182.89305,-0.7004992628274288
cx_00519,plate_1,c_6060fcf2a2,O=C(O)[C@H]1CCCN1c1ncccn1,2052.45355,-1.2512219569202014
cx_00520,plate_1,c_e144d08288,O=C(O)c1c[nH]nn1,42740.00705,0.5541056969627105
cx_00521,plate_1,c_3fc48e58a4,O=C(O)c1cc(C(F)(F)F)ccn1,6509.28278,-0.5650081735654977
cx_00522,plate_1,c_81abb34c56,O=C(O)c1cc2cccc(O)c2[nH]1,126.54597,-2.903807278806921
cx_00523,plate_1,c_b7ffd17730,O=C(O)c1cc2ccccc2s1,3817.98924,-0.8822255902322496
cx_00524,plate_1,c_9661924286,O=C(O)c1cc[nH]n1,12764.814165,-0.16453659104964474
cx_00525,plate_1,c_be49277018,O=C(O)c1ccc(C(=O)O)s1,218.42362,-2.5811599980117337
cx_00526,plate_1,c_4f0a70584e,O=C(O)c1ccc2ccccc2n1,2714.12716,-1.0851096522623744
cx_00527,plate_1,c_1f28c69c27,O=C(O)c1cccc2c1OCC2,5022.78011,-0.7191575453597289
cx_00528,plate_1,c_94f23f39b7,O=C(O)c1cccc2cc[nH]c12,4896.1655,-0.734338207025565
cx_00529,plate_1,c_a7b8e1364a,O=C(O)c1cccc2ccc(=O)[nH]c12,40463.04415,0.5215481949070189
cx_00530,plate_1,c_9c4fc52abc,O=C(O)c1cccc2ccnn12,3069.00413,-1.012055215181231
cx_00531,plate_1,c_db59a1302a,O=C(O)c1cccc2cn[nH]c12,5964.27094,-0.6170028627723484
cx_00532,plate_1,c_6f2cb5da40,O=C(O)c1cccc2ncsc12,9759.93338,-0.3241469420074136
cx_00533,plate_1,c_74d82b3353,O=C(O)c1cccc[n+]1[O-],10767.81715,-0.2657066435895758
cx_00534,plate_1,c_b29ef6f706,O=C(O)c1ccccc1,26344.65027,0.2663511686090071
cx_00535,plate_1,c_9d408f4c83,O=C(O)c1ccccc1-c1ncc[nH]1,15630.6591,-0.04409117317427767
cx_00536,plate_1,c_a5e0704aac,O=C(O)c1ccccc1-c1nnn[nH]1,2188.07755,-1.2131858650452856
cx_00537,plate_1,c_ad96e587ce,O=C(O)c1ccccc1-n1ccnn1,8079.68485,-0.4364947340835656
cx_00538,plate_1,c_395c6fa93c,O=C(O)c1ccccc1-n1nccn1,14227.04186,-0.10004371183048674
cx_00539,plate_1,c_aefbd54820,O=C(O)c1ccccc1-n1ncnn1,6060.05846,-0.6075291244267537
cx_00540,plate_1,c_fea380edf5,O=C(O)c1ccccn1,7390.68715,-0.4894957941855741
cx_00541,plate_1,c_56c86a24aa,O=C(O)c1ccco1,11504.0311,-0.22637850582416244
cx_00542,plate_1,c_c445b15351,O=C(O)c1cccs1,13987.320625,-0.1101490836450444
cx_00543,plate_1,c_9262e300f2,O=C(O)c1ccno1,10092.33499,-0.30423167284613617
cx_00544,plate_1,c_0f57f7c651,O=C(O)c1cnco1,9223.937805,-0.35773481174721605
cx_00545,plate_1,c_f454594c2d,O=C(O)c1cocn1,42121.86601,0.5454418897771603
cx_00546,plate_1,c_a05f156441,O=C(O)c1n[nH]c2ccccc12,7207.68741,-0.5044046936749819
cx_00547,plate_1,c_3cd37980eb,O=C(O)c1nc(=O)[nH]c2ccccc12,19725.77212,0.09428536836496611
cx_00548,plate_1,c_7d02fa78c8,O=C(O)c1nccc2ccccc12,4472.36227,-0.7881692702643037
cx_00549,plate_1,c_d363455c1e,O=C(O)c1ncco1,33647.46995,0.41185591237077396
cx_00550,plate_1,c_8eb0f23cd8,O=C(c1ccccc1)c1ncco1,16517.865035000003,-0.011260255345656035
cx_00551,plate_1,c_e6990e074b,O=C(c1ccccc1O)N1CCCC1,39279.13119,0.5038882606482322
cx_00552,plate_1,c_b89e4cbcbe,O=C(c1ccccn1)C(O)c1ccccn1,4508.35868,-0.7834028758854404
cx_00553,plate_1,c_8606113a43,O=C(c1cccs1)c1cccs1,28262.18156,0.30813367896991123
cx_00554,plate_1,c_1a85aa79ac,O=C(c1ncc[nH]1)c1ccco1,5167.2441,-0.702297271922646
cx_00555,plate_1,c_5e5d221b74,O=C1C=C(c2ccccc2)C(=O)O1,2258.36626,-1.1943905340757133
cx_00556,plate_1,c_8386e42b98,O=C1C=CC(=O)C=C1,5748.56434,-0.6389063217310726
cx_00557,plate_1,c_4898b1c206,O=C1C=CC(=O)N1,72156.89953,0.8655549186927889
cx_00558,plate_1,c_94bdae29e2,O=C1C=CC(=O)N1Cc1ccccc1,27181.05183,0.28493811093150195
cx_00559,plate_1,c_d285471031,O=C1C=CC(=O)c2ccccc21,0.0,-5.787252453164585
cx_00560,plate_1,c_26c4a1369f,O=C1C=CCCC1,50107.53156,0.6486841448573699
cx_00561,plate_1,c_2b804ab279,O=C1CC(=O)NC(=O)N1,1224.47303,-1.5582097494742697
cx_00562,plate_1,c_c5e6d695e1,O=C1CCC(=O)N1,85748.90075,0.9681891445219601
cx_00563,plate_1,c_eba623eacb,O=C1CCCC(=O)N1,47062.32471,0.6113973632001134
cx_00564,plate_1,c_48b7dcf060,O=C1CCCCC1=O,11185.36221,-0.24308338831995388
cx_00565,plate_1,c_964a67a3a6,O=C1CCCCC1O,36907.66681,0.4668541291719239
cx_00566,plate_1,c_ed6788b990,O=C1CCCCC1[N+](=O)[O-],0.0,-5.787252453164585
cx_00567,plate_1,c_776e933041,O=C1CCCCCCCCC1,50420.17296,0.6523831918490297
cx_00568,plate_1,c_e4b3a28177,O=C1CCCCCCCCCCCN1,57755.14277,0.73315603822292
cx_00569,plate_1,c_01d8abb38c,O=C1CCCCCN1,52967.0996,0.6816897757192533
cx_00570,plate_1,c_70841d1e9d,O=C1CCCCN1,53061.34939,0.6827470466041767
cx_00571,plate_1,c_2b4350f455,O=C1CCCc2ccccc21,48126.77345,0.6246983200800926
cx_00572,plate_1,c_d8d0d01680,O=C1CCCc2cccnc21,9902.33247,-0.31553356540723887
cx_00573,plate_1,c_83857aefa1,O=C1CCN(c2ccccc2)N1,3310.47823,-0.9670261676117372
cx_00574,plate_1,c_3cf683e523,O=C1CCNC(=O)C1,6763.73541,-0.5422067804387669
cx_00575,plate_1,c_3ae76af59a,O=C1CCNC(=O)N1,54043.21781,0.6936510436583904
cx_00576,plate_1,c_eb9f44e34f,O=C1CCOc2ccccc21,37457.91188,0.47565482095498496
cx_00577,plate_1,c_bba7e906ef,O=C1CC[C@H](CO)N1,58662.57788,0.7424272006298436
cx_00578,plate_1,c_5e43df9c40,O=C1CCc2ccccc2N1,56313.74133,0.7181256697434554
cx_00579,plate_1,c_f265bd8a4a,O=C1CCc2ccccc2O1,57204.0736,0.7274544682510248
cx_00580,plate_1,c_395f85ed19,O=C1CNC(=O)N1,80753.85138,0.9324964073500589
cx_00581,plate_1,c_4d26678846,O=C1COC(=O)C1,2233.08163,-1.2010834881446715
cx_00582,plate_1,c_c4daff2617,O=C1Cc2ccccc2C1=O,806.53601,-1.806260693289861
cx_00583,plate_1,c_86c1b6e4df,O=C1Cc2ccccc2N1,23772.57903,0.2052574343074291
cx_00584,plate_1,c_3418c9d171,O=C1Cc2cccnc2N1,4983.53092,-0.7238220818942002
cx_00585,plate_1,c_1aacb990df,O=C1NC(=O)/C(=C/c2ccccc2)N1,343.61381,-2.3126951921893686
cx_00586,plate_1,c_3b315ab725,O=C1NC(=O)C(Cc2ccccc2)N1,80119.98989,0.927809977169418
cx_00587,plate_1,c_2c9d9c49cd,O=C1NC(=O)c2ccccc21,75294.66711,0.8908693061694031
cx_00588,plate_1,c_f5e64f851b,O=C1NCC(C(=O)O)N1,1689.81168,-1.3667829369183186
cx_00589,plate_1,c_31820a5d5c,O=C1NCCCN1,57945.06209,0.7351084178592086
cx_00590,plate_1,c_3652e1f6b5,O=C1NCCN1c1ccccc1,34232.83782,0.4221128901658455
cx_00591,plate_1,c_6f10919a15,O=C1NCCNC1=O,49342.05503,0.6395290023734472
cx_00592,plate_1,c_75fbc134e4,O=C1NCc2ccccc21,37838.70337,0.48166988581247594
cx_00593,plate_1,c_e4f09afeca,O=C1Nc2c(C(=O)O)cccc2C1=O,1854.68538,-1.3114477586953635
cx_00594,plate_1,c_439bdc95c8,O=C1OC(=O)c2ccccc21,6027.88638,-0.6106942592441036
cx_00595,plate_1,c_9889afcb1b,O=C1OCCC1O,53961.50717,0.692751205791434
cx_00596,plate_1,c_56e010cae9,O=C1OCc2ccccc21,46147.72146,0.5997262843175307
cx_00597,plate_1,c_8108515e38,O=CC1CCCCC1,64046.07817,0.7946424904825812
cx_00598,plate_1,c_3f6ba513cd,O=CCCc1ccccc1,54291.400555,0.6963758361617174
cx_00599,plate_1,c_9d1ebd6cb3,O=CN1CCCC1,53842.39952,0.6914370899704693
cx_00600,plate_1,c_52256dd48a,O=CNc1ccccc1,57648.52324,0.7320571687130331
cx_00601,plate_1,c_40457af7dd,O=CNc1ccccn1,26286.8521,0.2650450327279373
cx_00602,plate_1,c_17a2ab2ff7,O=Cc1c[nH]cn1,13329.66599,-0.1387878022596262
cx_00603,plate_1,c_c44be469e7,O=Cc1ccccc1O,27308.84816,0.2877275931355463
cx_00604,plate_1,c_516abefb3a,O=Cc1ccccn1,2544.97727,-1.123364006375123
cx_00605,plate_1,c_15824b7123,O=S(=O)(O)c1ccccc1,5841.06946,-0.6294141255460574
cx_00606,plate_1,c_909d0987b1,O=S1(=O)CCCC1,53400.12789,0.686531934558412
cx_00607,plate_1,c_c901b99a1f,O=S1(=O)CCCN1,48912.172285,0.6343251008768739
cx_00608,plate_1,c_56518fb061,O=[N+]([O-])CCc1ccccc1,11014.63101,-0.25223011823883823
cx_00609,plate_1,c_7ae1ac405b,O=[N+]([O-])c1cccc2cc[nH]c12,150.45707,-2.8016207470547627
cx_00610,plate_1,c_6ec0082ccd,O=[N+]([O-])c1cccnc1O,163.54149,-2.752342627723204
cx_00611,plate_1,c_5f8f1ce98b,O=[N+]([O-])c1cccs1,858.60507,-1.7690998957869835
cx_00612,plate_1,c_1d06906636,O=c1[nH][nH]c(=O)n1-c1ccccc1,1845.94902,-1.3142542058160012
cx_00613,plate_1,c_beeeab8dd0,O=c1[nH]c(=O)[nH]c(=O)[nH]1,33855.69082,0.4155247207205765
cx_00614,plate_1,c_6f58dfa652,O=c1[nH]c(=O)c2ccccc2[nH]1,57300.66607,0.7284578095599292
cx_00615,plate_1,c_e0a7fc550e,O=c1[nH]c(=O)c2nc[nH]c2[nH]1,26111.90483,0.261073962288772
cx_00616,plate_1,c_b430fa68a1,O=c1[nH]c(=O)n(-c2ccccc2)[nH]1,394.68507,-2.230509494614237
cx_00617,plate_1,c_c25ce2cddb,O=c1[nH]c2ccccc2[nH]1,62348.09742,0.7786630590059048
cx_00618,plate_1,c_7c8885a0a5,O=c1[nH]c2ccccc2c(=O)o1,50.75863,-3.4401691004332373
cx_00619,plate_1,c_6c7e7821df,O=c1[nH]c2ccccc2s1,1868.21807,-1.3071265286062472
cx_00620,plate_1,c_d63d181f5e,O=c1ccc(-c2ccccc2)n[nH]1,36192.79002,0.45522226194576354
cx_00621,plate_1,c_4efc468ed2,O=c1ccc2ccccc2o1,4061.40411,-0.8454788674106014
cx_00622,plate_1,c_6f3863faeb,O=c1ccccn1-c1ccccc1,29990.81108,0.3434383897151271
cx_00623,plate_1,c_4d87addeca,O=c1ccccn1Cc1ccccn1,41245.12225,0.5329329491487835
cx_00624,plate_1,c_640051a5be,O=c1ccoc2ccccc12,35705.01724,0.4471530176264703
cx_00625,plate_1,c_490b61b93b,OC1C=CCCC1,53768.57618,0.690621136328338
cx_00626,plate_1,c_32a147b8af,OC1CCCCC1,49300.72233,0.6390306275762052
cx_00627,plate_1,c_1526b61919,OC1CCCc2ccccc21,62225.71393,0.7774945673465611
cx_00628,plate_1,c_63004bbb26,OC1CCCc2cccnc21,14651.7185,-0.0825525997969806
cx_00629,plate_1,c_4a2a813339,OC1CCc2cccnc21,35699.94357,0.44706850569337653
cx_00630,plate_1,c_6628d6e362,OC1Cc2ccccc2C1O,60170.59739,0.7575218013929725
cx_00631,plate_1,c_f229b1b692,OCC(CO)CO,60609.38117,0.7618428256441304
cx_00632,plate_1,c_6e4a61a552,OCC(F)(F)F,49208.41574,0.6379161178422954
cx_00633,plate_1,c_4ba2033488,OCC(O)c1ccccc1,61375.32293,0.7693111870491571
cx_00634,plate_1,c_de757e153e,OCC1CCCCO1,55142.54989,0.7056268828961167
cx_00635,plate_1,c_c5b232e51c,OCC1CCCO1,56810.71404,0.7233509251495686
cx_00636,plate_1,c_b71a325cca,OCCCCCCO,64053.46801,0.7947111051609399
cx_00637,plate_1,c_ba193df60c,OCCCOc1ccccc1,60168.74764,0.7575035189367383
cx_00638,plate_1,c_d1d95f46b0,OCCCc1ccccc1,60658.33975,0.7623230153284716
cx_00639,plate_1,c_bfd5fb63d7,OCCOCCO,58616.13768,0.7419562191122996
cx_00640,plate_1,c_d0ea41ba92,OCCOCCOCCO,56825.84548,0.7235093017112582
cx_00641,plate_1,c_daddbfa80a,OCCOc1ccccc1O,41149.91573,0.5315586171698877
cx_00642,plate_1,c_1f7be9b726,OCCSc1ccccc1,59024.05681,0.7460805078637504
cx_00643,plate_1,c_c25c930202,OCCSc1ccccn1,43846.32777,0.5693035296857389
cx_00644,plate_1,c_3ec4052609,OCCc1ccccc1,60623.14296,0.7619778415652876
cx_00645,plate_1,c_3ee25605d5,OCc1cccc(CO)n1,53101.22225,0.6831937653364436
cx_00646,plate_1,c_89def7f8d6,OCc1ccccc1CO,66876.25779,0.8203581488812424
cx_00647,plate_1,c_402fa3d576,OCc1ccccn1,41781.58954,0.5406181878022072
cx_00648,plate_1,c_70c4c4128b,OCc1ccon1,15661.53037,-0.042917823932688656
cx_00649,plate_1,c_aa4ba295c5,ONCc1ccccc1,3843.32386,-0.8782933886416292
cx_00650,plate_1,c_7daab7e780,O[C@@H]1CCCC[C@H]1O,56052.7817,0.7153634017974488
cx_00651,plate_1,c_676f249f4a,O[C@H]1CCC[C@@H]1O,48525.01411,0.6295991039150256
cx_00652,plate_1,c_42ad70a4c2,Oc1ccc(C(F)(F)F)cc1,35115.560755,0.43725321776497605
cx_00653,plate_1,c_35e8acfa9d,Oc1ccc2cccc(O)c2n1,73.33854,-3.2248607164738305
cx_00654,plate_1,c_9c4de61080,Oc1ccc2ccccc2c1O,111.09816,-2.980585689058668
cx_00655,plate_1,c_d0d89e269b,Oc1ccc2ccccc2n1,25048.44068,0.23634696766243923
cx_00656,plate_1,c_4ca468a890,Oc1cccc2[nH]cnc12,1145.46706,-1.5978424120659767
cx_00657,plate_1,c_1070a948aa,Oc1cccc2[nH]nnc12,98.91095,-3.0490343874767127
cx_00658,plate_1,c_3abf0c4614,Oc1cccc2cccnc12,3140.36783,-0.9983890929869564
cx_00659,plate_1,c_5ced65f7ce,Oc1cccc2cncnc12,2300.12182,-1.1834999419910113
cx_00660,plate_1,c_4368e56577,Oc1ccccc1,53536.78206,0.6880518650929537
cx_00661,plate_1,c_7e0336a7c3,Oc1ccccc1-c1cc[nH]n1,10151.6244,-0.3007484891702957
cx_00662,plate_1,c_a31651ebf9,Oc1ccccc1-c1ccccc1O,964.99797,-1.6997037962115564
cx_00663,plate_1,c_8e81c4f509,Oc1ccccc1-c1ccccn1,237.19725,-2.532337205393889
cx_00664,plate_1,c_d23afc45c1,Oc1ccccc1-c1nc2ccccc2o1,1163.46282,-1.5885799045977687
cx_00665,plate_1,c_97bfbad7fa,Oc1ccccc1-c1nnco1,204.3685,-2.6205288753693896
cx_00666,plate_1,c_abf5b8da92,Oc1ccccc1-n1ccnc1,5202.475,-0.6982569959613449
cx_00667,plate_1,c_5a215582ba,Oc1ccccc1C(=S)S,12011.7787,-0.2006949668691047
cx_00668,plate_1,c_29e82a885d,Oc1ccccc1N1CCCC1,5833.87638,-0.6301468185541016
cx_00669,plate_1,c_71cb667afd,Oc1ccccc1N1CCCCC1,14374.18758,-0.09392482017506948
cx_00670,plate_1,c_80fd4a8749,Oc1ccccc1O,6882.33949,-0.5318702322805088
cx_00671,plate_1,c_bcdfbf4106,Oc1ccccn1,35863.32715,0.44978396445407787
cx_00672,plate_1,c_3f59f378ec,Oc1cn(-c2ccccc2)nn1,1266.35538,-1.5382242092157543
cx_00673,plate_1,c_fe3a209be9,Oc1nc(-c2ccccc2)cs1,2126.37828,-1.2301885956082996
cx_00674,plate_1,c_3ce57af4b9,Oc1nc2ccccc2nc1O,15146.23162,-0.06281299205481225
cx_00675,plate_1,c_b33c082db1,Oc1nccc2ccccc12,58625.29481,0.7420491172961416
cx_00676,plate_1,c_b906ae0e11,S=C1NCCCN1,44057.29836,0.5721581111880527
cx_00677,plate_1,c_57ac4d94d9,S=c1[nH]nc(Cc2ccccc2)[nH]1,2582.20482,-1.1147310343766506
cx_00678,plate_1,c_2663c06586,Sc1ccc2ccccc2n1,4021.04769,-0.8514163456659212
cx_00679,plate_1,c_9f84dcf6e3,Sc1ccccn1,872.80598,-1.7593553702444442
cx_00680,plate_1,c_7d3488d8da,Sc1nc(-c2ccccc2)cs1,2965.739,-1.032403590219614
cx_00681,plate_1,c_2897915130,Sc1ncc[nH]1,6123.72021,-0.6013152051702025
cx_00682,plate_1,c_cdbc60bc85,Sc1ncccn1,4140.99638,-0.8339397117580322
cx_00683,plate_1,c_c71bb16dff,[O-][n+]1c(-c2cscn2)[nH]c2ccccc21,3336.91118,-0.962297894845051
cx_00684,plate_1,c_c740f15981,[O-][n+]1cccc2cccc(O)c21,1672.53802,-1.3728898736354862
cx_00685,plate_1,c_1937a4a6df,[O-][n+]1ccccc1O,5221.9085,-0.696040054629637
cx_00686,plate_1,c_0715fef7ea,c1c[nH]c(-c2cccs2)c1,14874.42237,-0.07358169469785993
cx_00687,plate_1,c_6783ce8f72,c1c[nH]c(-c2ncc[nH]2)n1,17917.31124,0.03710174785096981
cx_00688,plate_1,c_39f41d1dfd,c1cc2[nH]cnc2cn1,20914.6806,0.12908934022210933
cx_00689,plate_1,c_66306b5adc,c1cc2[nH]ncc2cn1,15849.53385,-0.03582177218486943
cx_00690,plate_1,c_a25be12765,c1ccc(-c2c[nH]cn2)cc1,48000.24858,0.6231328023369651
cx_00691,plate_1,c_7284f4c2fe,c1ccc(-c2c[nH]nn2)cc1,13279.25278,-0.14104111446645048
cx_00692,plate_1,c_8fcef4010a,c1ccc(-c2cc[nH]n2)cc1,58991.88017,0.7457562212279614
cx_00693,plate_1,c_a8d041b420,c1ccc(-c2cnco2)cc1,35768.03014,0.44820162159148536
cx_00694,plate_1,c_ba1c462932,c1ccc(-c2nc[nH]n2)cc1,54368.18851,0.6972163666861897
cx_00695,plate_1,c_4d96f19655,c1ccc(-c2ncc[nH]2)cc1,52171.734775,0.6726919078100765
cx_00696,plate_1,c_7e2e5f2c55,c1ccc(-c2nccs2)cc1,19271.21601,0.08042131579942058
cx_00697,plate_1,c_5d96cc9272,c1ccc(-c2nnn[nH]2)cc1,11105.23466,-0.24735861787979088
cx_00698,plate_1,c_22bf013714,c1ccc(-n2ccnc2)cc1,44717.4078,0.5810023668352876
cx_00699,plate_1,c_d5a2b167a2,c1ccc(COc2cccc3cc[nH]c23)cc1,32775.43555,0.39624012123963565
cx_00700,plate_1,c_cb5266a2a0,c1ccc(CSc2nnn[nH]2)cc1,9532.9362,-0.33814072129434947
cx_00701,plate_1,c_43cd43f048,c1ccc(Cc2nnn[nH]2)cc1,18476.74715,0.055385551994296185
cx_00702,plate_1,c_0006912abc,c1ccc(Cn2cccc2)cc1,39512.25134,0.5074073290131256
cx_00703,plate_1,c_9aae8488f8,c1ccc(Cn2ccnc2)cc1,31813.37911,0.3785227911825385
cx_00704,plate_1,c_0d52ae10f2,c1ccc(N2CCCCC2)cc1,6207.91338,-0.5931957117709652
cx_00705,plate_1,c_c0f29b4d69,c1ccc2[nH]c(-c3cscn3)nc2c1,1305.94492,-1.519930917614496
cx_00706,plate_1,c_6a5d1cc51f,c1ccc2[nH]ccc2c1,32108.0821,0.3840063651293564
cx_00707,plate_1,c_df44bbb29c,c1ccc2[nH]cnc2c1,62625.51585,0.7813033215458441
cx_00708,plate_1,c_255475d893,c1ccc2[nH]nnc2c1,5244.11716,-0.6935166052566002
cx_00709,plate_1,c_d513062a1d,c1ccc2c(c1)CCO2,55886.24536,0.7135938779631991
cx_00710,plate_1,c_5b541b186a,c1ccc2c(c1)OCO2,52037.84133,0.6711637086445411
cx_00711,plate_1,c_68ce7aa54b,c1ccc2occc2c1,58328.88968,0.7390347246498576
cx_00712,plate_1,c_faf11eb1cd,c1ccc2oncc2c1,511.3314,-2.0768639437509937
cx_00713,plate_1,c_ab4961ad7d,c1ccc2sc(-c3cc[nH]n3)nc2c1,12515.07606,-0.1762862636344429
cx_00714,plate_1,c_23a8fee752,c1cnc2[nH]ccc2c1,49629.48192666667,0.6429831898378088
cx_00715,plate_1,c_d40e1013f6,c1cnc2[nH]cnc2c1,39510.72773,0.5073843968093305
cx_00716,plate_1,c_12c9307384,c1cnc2[nH]ncc2c1,60820.49836,0.7639107168430314
cx_00717,plate_1,c_1e0c6f5e82,c1coc(-c2nc3ccccc3[nH]2)c1,11429.92121,-0.2302217437440767
cx_00718,plate_1,c_4ba3f3d677,c1coc(-c2nnn[nH]2)c1,3103.98967,-1.0053162522049044
cx_00719,plate_1,c_055e161c3f,c1csc(-c2cc[nH]n2)c1,40422.64484,0.5209541381721848
cx_00720,plate_2,c_f0d01ebf2d,C#CC(=O)c1ccccc1,280.88274,-1.7903123573599766
cx_00721,plate_2,c_fdf4c5d6dc,C#CC1(O)CCCCC1,9658.20713,0.6665507153841914
cx_00722,plate_2,c_291b623884,C#CCCCCO,6876.127,0.4303931274660099
cx_00723,plate_2,c_df70d61004,C#CCCCc1ccccc1,8534.72267,0.5805915163760428
cx_00724,plate_2,c_3e6b953a8c,C#Cc1ccc(CC)cc1,6568.48706,0.39857838703355086
cx_00725,plate_2,c_447e120236,C#Cc1ccc(OCCC)cc1,4483.83498,0.1332072256281568
cx_00726,plate_2,c_59f4e2e54f,C#Cc1ncccn1,273.14517,-1.8096613718605603
cx_00727,plate_2,c_0f8471e18e,C(=N/Nc1ccc2ccccc2n1)\c1ccccn1,1723.15337,-0.5313541105413554
cx_00728,plate_2,c_866407623b,C/C(=N\O)c1ccccc1,5261.5364,0.24437330386913372
cx_00729,plate_2,c_dfa38e3fe2,C/C=C/C(=O)OC,9886.88269,0.6828166967764502
cx_00730,plate_2,c_02fbdbbfb1,C/C=C/C=C/C(=O)OC,6339.30291,0.3738933463367037
cx_00731,plate_2,c_2d8e6aa672,C/N=C/c1ccccc1,9598.05653,0.6622081430363511
cx_00732,plate_2,c_ff69504dae,C=C(C)CCCCC,8176.22867,0.5507639254779317
cx_00733,plate_2,c_4f11cca64e,C=CCCC(=O)OC,7156.59577,0.4581813846186302
cx_00734,plate_2,c_ceaed31fbe,C=CCCCCCC,8610.62672,0.5867460281024681
cx_00735,plate_2,c_82814db65b,C=CCNC(N)=O,9256.50212,0.6370216454807153
cx_00736,plate_2,c_b1494b3243,C=CCOCc1ccccc1,6981.69539,0.4409834075730612
cx_00737,plate_2,c_7b86821176,C=CCc1ccccc1,9293.34182,0.6397825563610502
cx_00738,plate_2,c_f6475d1c98,C=CCc1ccccc1C(=O)O,6509.4338,0.3923012078349633
cx_00739,plate_2,c_af7e3c7813,C=CCn1ccnc1,3673.34454,-0.005359457219757847
cx_00740,plate_2,c_93f16fb6fe,C=C[C@H]1CN2CC[C@H]1C[C@@H]2[C@@H](O)c1ccnc2ccccc12,5389.19082,0.26103497869800385
cx_00741,plate_2,c_ed0a6feebf,C=Cc1ccc2ccccc2c1,7693.48848,0.5084633447953439
cx_00742,plate_2,c_adb4434739,C=Cc1ccccn1,7527.63017,0.49331470624129214
cx_00743,plate_2,c_929f506ac2,C=Cc1cnccn1,3338.75836,-0.07173199360187288
cx_00744,plate_2,c_b12aaf9ddd,CC#Cc1ccccc1,8995.64961,0.6171522001785528
cx_00745,plate_2,c_46f6b24532,CC(=O)/C=C(/C)N1CCCC1,6920.09598,0.43482357417204304
cx_00746,plate_2,c_1ebcda584c,CC(=O)C(=O)N1CCCCC1,5632.86622,0.2917721427969565
cx_00747,plate_2,c_c87d3405c5,CC(=O)C(=O)c1ccccc1,2307.55258,-0.3284438469309525
cx_00748,plate_2,c_7ce1ca87db,CC(=O)C(C(C)=O)c1ccccc1,449.53195,-1.4643194992111994
cx_00749,plate_2,c_52a72df913,CC(=O)C(C)(C)O,7185.06057,0.4609405113588258
cx_00750,plate_2,c_43be8d6ff7,CC(=O)C1CCCC1=O,3926.24006,0.040912739957322634
cx_00751,plate_2,c_6951433773,CC(=O)C1CCCCC1,8173.52006,0.5505336195633587
cx_00752,plate_2,c_97f73d8fe9,CC(=O)C1CCCCC1=O,2967.44967,-0.15366412146093192
cx_00753,plate_2,c_4b732309c7,CC(=O)C1CCN(C)C1=O,188.56987,-2.066110729472833
cx_00754,plate_2,c_5c20133624,CC(=O)CC(=O)N(C)C,3182.77396,-0.10498293543015036
cx_00755,plate_2,c_1e9901be98,CC(=O)CC(=O)Nc1ccccc1,1173.00407,-0.7985201294188137
cx_00756,plate_2,c_4cad1f331c,CC(=O)CC(=O)c1ccccc1,1579.95763,-0.5916293331698558
cx_00757,plate_2,c_52824eb87e,CC(=O)CC(C)=O,7132.90138,0.45587627799757413
cx_00758,plate_2,c_34f0aedafb,CC(=O)CC(N)=O,3947.50435,0.044666643792560856
cx_00759,plate_2,c_e6aaeea210,CC(=O)CCC(C)=O,7469.93708,0.48796696940839573
cx_00760,plate_2,c_6e69826d33,CC(=O)CCc1nc2ccccc2[nH]1,13338.80806,0.890981081098066
cx_00761,plate_2,c_7d9150a0e1,CC(=O)CN(C)C,6854.12872,0.4281658720193359
cx_00762,plate_2,c_dd4249697b,CC(=O)CNC(C)=O,9385.24228,0.6466225162062476
cx_00763,plate_2,c_6276436e7a,CC(=O)COCc1ccccc1,9803.92356,0.6769596058688888
cx_00764,plate_2,c_682d934cb3,CC(=O)CS(C)(=O)=O,2643.21046,-0.23407289253050462
cx_00765,plate_2,c_3ce1dedc2d,CC(=O)Cc1ccco1,2355.31173,-0.31420890950087227
cx_00766,plate_2,c_d78568401a,CC(=O)NC(C)C(=O)O,1268.42624,-0.7441959626678922
cx_00767,plate_2,c_2a769e0f28,CC(=O)NC(C)C(C)=O,8149.32342,0.5484728512409724
cx_00768,plate_2,c_4c1a4a6c00,CC(=O)NCCO,12047.65063,0.8202124966124146
cx_00769,plate_2,c_76c6e0d2d9,CC(=O)NCc1ccccc1,11509.35146,0.7884389839870207
cx_00770,plate_2,c_9712985d2d,CC(=O)NNc1ccccc1,5761.0654,0.3074135761611747
cx_00771,plate_2,c_96d23cded0,CC(=O)Nc1cccc(C(=O)O)n1,0.0,-5.712124002677873
cx_00772,plate_2,c_31dd3d42e6,CC(=O)Nc1ccccc1,10130.90482,0.6997645258140804
cx_00773,plate_2,c_0bad516436,CC(=O)Nc1ccccc1O,4822.67084,0.18383911477609804
cx_00774,plate_2,c_ce161772df,CC(=O)Nc1ccccn1,7790.1395,0.5171410736109776
cx_00775,plate_2,c_be1ea4b316,CC(=O)Nc1nc(C)cs1,7594.22658,0.49943699606709063
cx_00776,plate_2,c_4edea3bd72,CC(=O)Nc1nccs1,1681.52587,-0.5483441159453161
cx_00777,plate_2,c_59bdb80415,CC(=O)OCCO,10118.60668,0.6989202101279093
cx_00778,plate_2,c_8366c46d7a,CC(=O)OCc1ccccn1,9876.4526,0.68208301670098
cx_00779,plate_2,c_93b44a8a0a,CC(=O)Oc1ccccc1,7821.51075,0.5199345871211352
cx_00780,plate_2,c_1737d539be,CC(=O)Oc1ccccc1C(=O)O,9742.14563,0.6725656696820717
cx_00781,plate_2,c_035cbae044,CC(=O)c1[nH]c(=O)[nH]c1C,2899.08314,-0.169861937533208
cx_00782,plate_2,c_3bba640cdd,CC(=O)c1cc2ccccc2[nH]1,1926.86538,-0.45371912226927646
cx_00783,plate_2,c_268fc6138e,CC(=O)c1cc2ccccc2o1,8559.51988,0.5826081419416514
cx_00784,plate_2,c_605b7a25b7,CC(=O)c1ccc(C(C)=O)s1,163.00416,-2.166817553303961
cx_00785,plate_2,c_3422d899ca,CC(=O)c1ccc(C)o1,5952.76286,0.3301648091492098
cx_00786,plate_2,c_6308e2b3b2,CC(=O)c1ccc(F)nc1,10092.18212,0.6971025838675932
cx_00787,plate_2,c_59bbb46a1c,CC(=O)c1ccc2ccccc2c1O,2920.01512,-0.16486239730131289
cx_00788,plate_2,c_c8aa4dce88,CC(=O)c1ccc2ccccc2n1,3484.24234,-0.04209043197615009
cx_00789,plate_2,c_90e5cd8d77,CC(=O)c1ccc[nH]1,5000.3917,0.20899115798497234
cx_00790,plate_2,c_c93c498286,CC(=O)c1cccc(C(C)=O)n1,5951.11329,0.32997217547567254
cx_00791,plate_2,c_e63cabc022,CC(=O)c1ccccc1,9864.33947,0.6812299741874411
cx_00792,plate_2,c_be76c12ab0,CC(=O)c1ccccc1-n1cccn1,8637.58931,0.5889191807734557
cx_00793,plate_2,c_e4f314f21f,CC(=O)c1ccccc1C(=O)O,2671.628275,-0.22664160363324395
cx_00794,plate_2,c_a0a1c15f0a,CC(=O)c1ccccc1O,2351.21112,-0.3154197493595074
cx_00795,plate_2,c_7fb224bc2e,CC(=O)c1ccccc1[N+](=O)[O-],222.03277,-1.953102698324679
cx_00796,plate_2,c_e4fe6b2157,CC(=O)c1ccccn1,7571.15623,0.49732220880976724
cx_00797,plate_2,c_98bdb06c00,CC(=O)c1cccn1C,11973.47407,0.8159194916743437
cx_00798,plate_2,c_b617eb7502,CC(=O)c1ccco1,5223.25371,0.23929773628713313
cx_00799,plate_2,c_d8ec022a6a,CC(=O)c1cccs1,8663.70708,0.5910177842633403
cx_00800,plate_2,c_e4ab282de3,CC(=O)c1cnc(-c2ccccc2)s1,7672.45968,0.5065608578317634
cx_00801,plate_2,c_06106e42a0,CC(=O)c1cncs1,8284.68173,0.5599232678494516
cx_00802,plate_2,c_9e55a31f64,CC(=O)c1cocn1,6164.1816,0.35442228251659574
cx_00803,plate_2,c_60cddfd79d,CC(=O)c1nc(-c2ccccc2)c[nH]1,2416.41789,-0.29641080664635894
cx_00804,plate_2,c_a4ab41b129,CC(=O)c1ncc[nH]1,5750.8208,0.3061765012397518
cx_00805,plate_2,c_e8fb9342f7,CC(=O)c1noc(C)n1,11333.49862,0.777736305797149
cx_00806,plate_2,c_f3b2f581f0,CC(C)(C)C(=O)CC(=O)C(C)(C)C,5276.04868,0.24628771506004196
cx_00807,plate_2,c_1b5b36c412,CC(C)(C)C(=O)Nc1ncccc1O,176.65446,-2.111239431173064
cx_00808,plate_2,c_d7c2f72148,CC(C)(C)OC(=O)NC1CCCc2cn[nH]c21,7446.5949,0.4857915725684201
cx_00809,plate_2,c_5cdd46a2da,CC(C)(C)OC(=O)NCc1ncc[nH]1,5375.68616,0.25929109729524574
cx_00810,plate_2,c_41621916f8,CC(C)(C)[S@](=O)/N=C/c1cnc[nH]1,1424.18717,-0.6637379513746011
cx_00811,plate_2,c_84e92412d2,CC(C)(CO)C(=O)O,4546.57596,0.14286500788687337
cx_00812,plate_2,c_06431808b5,CC(C)(CO)CO,11473.04374,0.7862426970769393
cx_00813,plate_2,c_7a19cb154d,CC(C)(F)C(=O)O,4547.24804,0.14296773893969383
cx_00814,plate_2,c_973ef2b684,CC(C)(O)C(=O)c1ccccc1,8896.42931,0.609442837924814
cx_00815,plate_2,c_9c3d46c93c,CC(C)(O)C(N)=O,7919.65399,0.5286021458320859
cx_00816,plate_2,c_6ab53edf85,CC(C)(O)CCO,7153.22011,0.4578534503667505
cx_00817,plate_2,c_1dbb4101c0,CC(C)(O)Cc1ccccc1,9469.84471,0.6528603523360962
cx_00818,plate_2,c_82764c1b3f,CC(C)(O)c1ccccc1,6489.33582,0.3901518609712281
cx_00819,plate_2,c_bdb082fca5,CC(C)(O)c1ccccc1O,9584.76715,0.6612450465641315
cx_00820,plate_2,c_a28d5f7c9d,CC(C)C(=O)CC(=O)C(C)C,10562.35504,0.7287543483348877
cx_00821,plate_2,c_aee78f3497,CC(C)NC(=S)NC(C)C,7749.66333,0.5135201295718574
cx_00822,plate_2,c_ce24af5234,CC(O)(c1cccnc1)C(C)(O)c1cccnc1,7590.88244,0.49913084754879883
cx_00823,plate_2,c_f0312506e3,CC(O)CCCO,8037.39841,0.5388601749873739
cx_00824,plate_2,c_e5d0a27750,CC(O)CN(C)C,8214.66811,0.5540241308489782
cx_00825,plate_2,c_c5794d188c,CC(O)COc1ccccc1,7645.32168,0.5040979478435965
cx_00826,plate_2,c_413719b0d7,CC(O)Cc1ccccc1,8664.42193,0.5910751345959292
cx_00827,plate_2,c_f7921528ba,CC(O)c1ccccc1,11458.04256,0.7853332324887883
cx_00828,plate_2,c_9aaec07d89,CC(O)c1ccccn1,6573.97764,0.39915914898970856
cx_00829,plate_2,c_b5f9633082,CC(O)c1ccco1,5755.90496,0.3067907083095789
cx_00830,plate_2,c_2a7ab32db3,CC(O)c1nc2ccccc2[nH]1,6898.29596,0.4326304677460307
cx_00831,plate_2,c_b7f2827ddf,CC(O)c1nc2ccccc2s1,7738.75632,0.512541168518074
cx_00832,plate_2,c_90397aef27,CC/N=C/c1ccccc1,6961.42218,0.43896214162449265
cx_00833,plate_2,c_6ccca412f4,CC1(C)C(=O)Nc2ccccc21,13753.98591,0.9122872385209206
cx_00834,plate_2,c_8dfc074371,CC1(C)CCCC(C)(C)C1=O,8065.35895,0.5412740491146526
cx_00835,plate_2,c_9aa55497a4,CC1(C)COC(=O)N1,10082.2387,0.6964173883606248
cx_00836,plate_2,c_73ff78401a,CC1(C)NC(=O)NC1=O,21525.36061,1.2236391038870142
cx_00837,plate_2,c_430e63a573,CC1(C)O[C@@H](C(=O)O)[C@H](C(=O)O)O1,2597.524,-0.24618900943032593
cx_00838,plate_2,c_bc5f64c22a,CC1(C)O[C@H](CO)[C@@H](CO)O1,13177.77111,0.8825379518332157
cx_00839,plate_2,c_66b0b3c0cd,CC1(C)Oc2ccccc2NC1=O,8670.42452,0.5915565183282411
cx_00840,plate_2,c_7c56fc8dfb,CC1(O)CCCCC1,9536.00698,0.6576998683504872
cx_00841,plate_2,c_17fdb39ff1,CC1=CC(=O)CCC1,7615.72432,0.5014018532780884
cx_00842,plate_2,c_4bcc9d98ca,CC1C=NNC1=O,2424.35036,-0.29413341378457536
cx_00843,plate_2,c_6f74356b85,CC1CC(=O)OC(=O)C1,2706.8892,-0.2175299188515939
cx_00844,plate_2,c_dd942850a3,CC1CC(O)=CC(=O)O1,5071.12158,0.21875345259378345
cx_00845,plate_2,c_734195979d,CC1CCC(=O)N1,4183.69007,0.08505325584324201
cx_00846,plate_2,c_83d5eed542,CC1CCC(=O)O1,6925.3037,0.43534645441646797
cx_00847,plate_2,c_55811899c5,CC1CCOC1=O,6297.53779,0.3692989242703711
cx_00848,plate_2,c_6f8770a612,CC1NC(=O)C(=O)OC1C,468.35752,-1.4358620517324538
cx_00849,plate_2,c_d2787d69ab,CCC(=O)N(C)C,7445.84341,0.4857214235027414
cx_00850,plate_2,c_ebfe67f041,CCC(=O)OC(C)(C)C,4944.56774,0.20118822875029496
cx_00851,plate_2,c_0a1e21b480,CCC(=O)c1ccc[nH]1,3805.13098,0.019137338024676955
cx_00852,plate_2,c_f23f9e14b0,CCC(O)c1ccco1,8469.09738,0.5752261593432706
cx_00853,plate_2,c_2ff06e6cfc,CCC/C(=N\O)C(C)=O,3799.29056,0.01806979204403878
cx_00854,plate_2,c_6b92a7e320,CCCC#CCCC,7794.2366,0.5175065457182702
cx_00855,plate_2,c_c04dcd7886,CCCC(=O)OCC,8464.84578,0.574877126869887
cx_00856,plate_2,c_b76d907e85,CCCC(C)(C)O,7244.03474,0.46662233533131314
cx_00857,plate_2,c_fef5c53640,CCCC(O)CO,8252.9941,0.5572595629395856
cx_00858,plate_2,c_23ae352fa4,CCCCC(=O)NC,9537.39966,0.6578013763688539
cx_00859,plate_2,c_dd372294a2,CCCCC(=O)c1ccccc1,8907.93289,0.6103410537226138
cx_00860,plate_2,c_b28bb54ebb,CCCCC(N)=O,8633.96176,0.5886271997678019
cx_00861,plate_2,c_2cdc69b617,CCCCCC#N,6769.09836,0.4194890893103218
cx_00862,plate_2,c_6de8a92462,CCCCCC(C)=O,8580.74294,0.5843294669928132
cx_00863,plate_2,c_172c6fd294,CCCCCCC(C)=O,6318.81221,0.37164303641926827
cx_00864,plate_2,c_0f2d576459,CCCCNC(C)=O,9328.5039,0.6424075516192316
cx_00865,plate_2,c_eff78eb27b,CCCCNC=O,10224.3172,0.7061443951938852
cx_00866,plate_2,c_bf12fd35f4,CCCCOC(N)=O,9652.70296,0.666154467508643
cx_00867,plate_2,c_626e6487fa,CCCCc1ccsc1,8089.01693,0.5433099509645442
cx_00868,plate_2,c_ca083b631e,CCCCn1ccnc1,2944.41255,-0.15908016309125503
cx_00869,plate_2,c_5908e28d1d,CCCNC(N)=O,8734.57706,0.5966805837792793
cx_00870,plate_2,c_b7191c441b,CCCNS(C)(=O)=O,10739.12582,0.7402913429635164
cx_00871,plate_2,c_bb3e474201,CCCc1ncc[nH]1,6303.68973,0.36997758569429545
cx_00872,plate_2,c_88c40956c6,CCN(C(C)C)C(C)C,6586.7575,0.4005090530542498
cx_00873,plate_2,c_6ac5a906da,CCN(CC)C(=O)CO,10516.34079,0.7257195425005535
cx_00874,plate_2,c_964e18e698,CCN(CC)C(N)=O,9264.001,0.637584530338496
cx_00875,plate_2,c_f3b554dd17,CCN(CC)CCCO,2373.89606,-0.30874756044603
cx_00876,plate_2,c_ef2a038ea9,CCN(CC)c1ccccc1,7532.46322,0.4937608335226136
cx_00877,plate_2,c_8aafc765a3,CCN1CCCC1=O,7137.23554,0.45629849796158356
cx_00878,plate_2,c_3544302468,CCN1CCNC(=O)C1=O,10165.15545,0.70211057575882
cx_00879,plate_2,c_aeeb674c17,CCNC(=O)C(=O)NCC,9148.71184,0.6288798663138001
cx_00880,plate_2,c_5fc1675a77,CCNC(=O)OC,8161.41467,0.5495033968844576
cx_00881,plate_2,c_1dea961cd0,CCNC(=O)OCC,9085.75409,0.6240799567009311
cx_00882,plate_2,c_db625c7961,CCOC(=N)C(=O)OCC,3579.62162,-0.023321569037313673
cx_00883,plate_2,c_9fb550d789,CCOC(=N)CCOC,8911.77951,0.6106411445189276
cx_00884,plate_2,c_c6d3ed577b,CCOC(=O)/C(N)=N\O,1904.55232,-0.46181195769959527
cx_00885,plate_2,c_14b4f5f16b,CCOC(=O)C(=O)C1CCCCC1,6978.40312,0.44065556332416117
cx_00886,plate_2,c_d6b350c8db,CCOC(=O)C(=O)N(C)C,5544.23629,0.28074900130213454
cx_00887,plate_2,c_31f2a52b8f,CCOC(=O)C(=O)Nc1ccccc1,9229.6056,0.6349989674805105
cx_00888,plate_2,c_3040f76883,CCOC(=O)C(=O)O,3123.11912,-0.11813206862701398
cx_00889,plate_2,c_b2ccb54583,CCOC(=O)C(=O)OCC,7898.29186,0.5267247206457331
cx_00890,plate_2,c_3c72c1b068,CCOC(=O)C(C)=O,7075.02644,0.4502135735123222
cx_00891,plate_2,c_64b3f4f16b,CCOC(=O)C(N)=O,6693.44056,0.4116765969045265
cx_00892,plate_2,c_c6b58d9914,CCOC(=O)C1CCCCC1=O,7905.45992,0.5273552558208112
cx_00893,plate_2,c_c2e877cad6,CCOC(=O)C1CCNC1=O,6823.75707,0.4250790652552183
cx_00894,plate_2,c_fedb710df0,CCOC(=O)CC#N,585.98407,-1.2803985248347307
cx_00895,plate_2,c_e6d0463547,CCOC(=O)CC(=O)OCC,8784.33927,0.6006293991319163
cx_00896,plate_2,c_b3ed4506c5,CCOC(=O)CC(=O)c1ccccn1,536.50519,-1.3416149379012436
cx_00897,plate_2,c_64763fb818,CCOC(=O)CCCC(=O)CC,8419.35997,0.5711319897635796
cx_00898,plate_2,c_68c2a86217,CCOC(=O)CN(C)C,7044.66711,0.44722455307881687
cx_00899,plate_2,c_2212de4197,CCOC(=O)CNC(=O)CC,9085.50325,0.6240607661770576
cx_00900,plate_2,c_ee76894b5f,CCOC(=O)CNC(C)=O,8143.44855,0.5479715799788499
cx_00901,plate_2,c_b169a6c8c9,CCOC(=O)CNC=O,10792.55316,0.7437409452256246
cx_00902,plate_2,c_18e6ade498,CCOC(=O)CO,9800.82904,0.6767401685727208
cx_00903,plate_2,c_a84615054e,CCOC(=O)CSc1ccccc1,12090.37451,0.8226731828301037
cx_00904,plate_2,c_ae77b907b4,CCOC(=O)Cc1ccccn1,9107.8407,0.6257676201085536
cx_00905,plate_2,c_fbaf26268a,CCOC(=O)Cc1ccco1,2797.84962,-0.19456207134310327
cx_00906,plate_2,c_7c21f60fbe,CCOC(=O)Cc1ncccn1,5090.7507,0.2214385805467351
cx_00907,plate_2,c_102050ed84,CCOC(=O)Cn1nnc(-c2ccccc2)n1,8638.7219,0.5890103176722071
cx_00908,plate_2,c_e30f8f0913,CCOC(=O)NC,7754.54905,0.5139582017530981
cx_00909,plate_2,c_9281238baf,CCOC(=O)OCC,9893.5087,0.6832823859355494
cx_00910,plate_2,c_108b53c136,CCOC(=O)[C@@H]1CCCC[C@H]1O,6312.28117,0.3709242572361773
cx_00911,plate_2,c_89cb2ae633,CCOC(=O)c1c[nH]cn1,2805.46268,-0.1926737212236209
cx_00912,plate_2,c_e765e0e3bf,CCOC(=O)c1cc(C)on1,1391.73288,-0.6797514218517946
cx_00913,plate_2,c_3c95bd22f1,CCOC(=O)c1ccccc1,9627.88108,0.6643647170039774
cx_00914,plate_2,c_31b01f4948,CCOC(=O)c1ccccn1,9282.45009,0.6389674286880022
cx_00915,plate_2,c_ee7d31e2cf,CCOC(=O)c1cccs1,7625.14752,0.5022613702977111
cx_00916,plate_2,c_ea585cb17d,CCOC(=O)c1cn(Cc2ccccc2)nn1,10069.31224,0.6955256223741632
cx_00917,plate_2,c_c30fa48ad6,CCOC(=O)c1cnoc1C,6079.97027,0.34486134354853737
cx_00918,plate_2,c_03dd82ea86,CCOC(=O)c1csc(-c2ccccn2)n1,2213.14267,-0.35747111522998076
cx_00919,plate_2,c_c27d0ce9c3,CCOC(=O)c1nc2ccccc2s1,7219.41457,0.4642559669502094
cx_00920,plate_2,c_012155e2f9,CCOC(=O)c1ncc[nH]1,16645.74526,1.0449355021770625
cx_00921,plate_2,c_baa848edde,CCOC(=O)c1nccn1C,6483.32754,0.38950802251855987
cx_00922,plate_2,c_ae96d3b59d,CCOC(=O)c1ncco1,4157.61142,0.08070743921265308
cx_00923,plate_2,c_4aff32e160,CCOCC(=O)OCC,8908.08145,0.6103526459102283
cx_00924,plate_2,c_6e082b9e99,CCOCC(C)O,8308.61525,0.5619284076798027
cx_00925,plate_2,c_1be76f70f6,CCOP(C)(=O)OCC,8919.17964,0.6112180953113143
cx_00926,plate_2,c_c40280aeac,CCOc1ccccc1C(N)=O,6087.06444,0.34567187211446504
cx_00927,plate_2,c_da09c99410,CCS(=O)(=O)CC,8548.82816,0.5817393583610513
cx_00928,plate_2,c_e098180e4b,CCSCCO,8322.22629,0.563066160110428
cx_00929,plate_2,c_22809f8f3c,CCc1ccc[nH]1,4223.39493,0.09161804782016818
cx_00930,plate_2,c_440b7660ea,CCc1ncc[nH]1,7075.05908,0.45021678016941463
cx_00931,plate_2,c_2ea890a491,CN(C)/C=N/C(C)(C)C,6784.49408,0.4210681706543656
cx_00932,plate_2,c_af2a4b193e,CN(C)C(=N)N(C)C,8325.68563,0.5633550312330868
cx_00933,plate_2,c_317e995839,CN(C)C(=O)CC#N,8308.92679,0.5619544702701601
cx_00934,plate_2,c_f47df408d8,CN(C)C(C)(C)CO,433.52675,-1.4894649365161108
cx_00935,plate_2,c_914e19d17d,CN(C)CC(=O)O,238.59366,-1.9033104587219445
cx_00936,plate_2,c_6a4be64400,CN(C)CC(C)(C)CO,9276.65509,0.6385333460282793
cx_00937,plate_2,c_3811ccdd73,CN(C)CC(N)=O,3177.36063,-0.10616593495463612
cx_00938,plate_2,c_720d978b35,CN(C)CC(O)CN(C)C,1595.45444,-0.5848483131628464
cx_00939,plate_2,c_3201900a92,CN(C)CCC#N,4752.77864,0.17369277584382395
cx_00940,plate_2,c_c33fc64fb0,CN(C)CCCCO,1136.95846,-0.8201986477365725
cx_00941,plate_2,c_3f9a09ecec,CN(C)CCCO,2717.32483,-0.21485601921095723
cx_00942,plate_2,c_bce0632f7d,CN(C)CCN(C)C,8083.30969,0.5428193563688882
cx_00943,plate_2,c_1e72e853da,CN(C)CCN(C)CCN(C)C,4999.44357,0.20885935932125335
cx_00944,plate_2,c_b157c6a334,CN(C)S(C)(=O)=O,8192.53089,0.5521484507200509
cx_00945,plate_2,c_9ff0dbf1d2,CN(C)[C@@H](Cc1ccccc1)C(=O)O,6098.939945,0.34702656995114245
cx_00946,plate_2,c_62bb1e62c0,CN(C)c1ccccc1C(=O)O,2985.984045,-0.14933710280740056
cx_00947,plate_2,c_5ca5fe8757,CN(C)c1ccccc1C=O,906.44676,-0.97755534794979
cx_00948,plate_2,c_050f7ea2f0,CN(C=O)c1ccccn1,8871.70772,0.6075086052402163
cx_00949,plate_2,c_c31c7b64e8,CN(CCO)CCO,1420.10392,-0.6657325236138734
cx_00950,plate_2,c_85d4b1e052,CN1C(=O)CC(=O)NC1=O,5133.44802,0.22724370756864928
cx_00951,plate_2,c_e103b699d9,CN1CC(=O)N=C1N,6631.99447,0.4052663675204612
cx_00952,plate_2,c_51f28a786b,CN1CC(=O)NC1=O,35512.44912,1.5716657356159258
cx_00953,plate_2,c_605547cb23,CN1CCCC1C(=O)O,1072.06385,-0.8610177144969992
cx_00954,plate_2,c_d93dcf2897,CN1CCCC1CO,4836.08062,0.18576901047118585
cx_00955,plate_2,c_3b023dc050,CN1CCCCC1=O,8772.37156,0.5996817636524892
cx_00956,plate_2,c_6e40803544,CN1CCCN(C)C1=O,7259.61158,0.46811535406315713
cx_00957,plate_2,c_4957d7ca3b,CN1CCCN2CCCN=C12,3195.09025,-0.10229887786864446
cx_00958,plate_2,c_09e1f17136,CN1Cc2ccccc2NC1=O,12873.25227,0.8662862580311362
cx_00959,plate_2,c_997a594b7c,CNC(=O)C(=O)NC,6136.60465,0.3513057885155189
cx_00960,plate_2,c_f237db1c10,CNC(=O)C(=O)O,360.05381,-1.6182321577628942
cx_00961,plate_2,c_8cfb815e2a,CNC(=O)C(=O)c1ccccc1,7951.23526,0.5313684312818584
cx_00962,plate_2,c_b976e05e10,CNC(=O)CC#N,8745.46375,0.5975464017540484
cx_00963,plate_2,c_7470c636c0,CNC(=O)N(C)C,5110.56845,0.22413903113559058
cx_00964,plate_2,c_71498407e5,CNC(=O)c1ccccc1,7374.05978,0.47898781822982667
cx_00965,plate_2,c_be036ba8b2,CNC(=O)c1ccccc1O,2108.29914,-0.39119363237518234
cx_00966,plate_2,c_a817d4279f,CNC(=O)c1cn2ccccc2n1,3318.19722,-0.07602503688721159
cx_00967,plate_2,c_58f29607c5,CNS(=O)(=O)N(C)C,10803.19293,0.744425875966726
cx_00968,plate_2,c_668716921c,CNS(C)(=O)=O,7765.32393,0.5149233437227068
cx_00969,plate_2,c_c5cec6564f,COC(=N)c1cnccn1,712.32397,-1.144882906496182
cx_00970,plate_2,c_9cca015370,COC(=O)C(=O)c1ccccc1,5306.69189,0.2503128279710099
cx_00971,plate_2,c_66cf14655d,COC(=O)C(C)=O,9909.57182,0.6844100408095701
cx_00972,plate_2,c_7e7ec024f1,COC(=O)C1CCCC1=O,2002.61962,-0.4269257798682033
cx_00973,plate_2,c_45350345a9,COC(=O)C1CCCCC1,7092.75704,0.45195330914905735
cx_00974,plate_2,c_9282772425,COC(=O)C1CCCCO1,10150.32661,0.7010958231273231
cx_00975,plate_2,c_b782665c2f,COC(=O)CC#N,1220.03148,-0.7712166663565039
cx_00976,plate_2,c_e0cb160a12,COC(=O)CC(=O)CC(=O)OC,161.48497,-2.1732870324246627
cx_00977,plate_2,c_ca3d6b9daf,COC(=O)CC(N)=O,9052.93633,0.6215647226068218
cx_00978,plate_2,c_517c9535bb,COC(=O)CCC#N,7157.77822,0.45829621916690605
cx_00979,plate_2,c_7b104397da,COC(=O)CCC(=O)C(=O)OC,5457.54206,0.26979481404428135
cx_00980,plate_2,c_4e548184f2,COC(=O)CCO,9080.92953,0.6237107606266874
cx_00981,plate_2,c_07bf0d7ec8,COC(=O)CC[N+](=O)[O-],2860.09932,-0.17927004363561694
cx_00982,plate_2,c_129629d843,COC(=O)CCc1c[nH]cn1,3019.76953,-0.1415182067405662
cx_00983,plate_2,c_3a2a498940,COC(=O)CN(C)C,6696.5733,0.41200183490690234
cx_00984,plate_2,c_3d9c8a3bb9,COC(=O)CNC(=O)C(=O)OC,3379.40439,-0.0633225656681483
cx_00985,plate_2,c_b426def58f,COC(=O)CS(C)(=O)=O,9801.50317,0.6767879780963103
cx_00986,plate_2,c_540e3bc020,COC(=O)C[C@@H](C)O,7221.2401,0.4644317045798273
cx_00987,plate_2,c_48c35cd69a,COC(=O)C[N+](=O)[O-],2721.20199,-0.21386519717607697
cx_00988,plate_2,c_0d9a962d67,COC(=O)Cc1ccccn1,7830.61687,0.5207433614590744
cx_00989,plate_2,c_50553b4d76,COC(=O)Cc1nccs1,789.7662,-1.073233762907573
cx_00990,plate_2,c_47cea63067,COC(=O)N1CCCCC1,7897.86592,0.5266872350174284
cx_00991,plate_2,c_a3b736771f,COC(=O)Nc1ccc(OC)cc1,12588.15724,0.8507189307899163
cx_00992,plate_2,c_55e233981d,COC(=O)Nc1ccccc1,11666.69461,0.7978774301915647
cx_00993,plate_2,c_33afb1bad6,COC(=O)Nc1nc2ccccc2[nH]1,1512.79008,-0.6218097530452313
cx_00994,plate_2,c_fc28643351,COC(=O)[C@@H](O)[C@H](O)c1ccccc1,9600.06227,0.6623533854763088
cx_00995,plate_2,c_7757c24aa0,COC(=O)c1cc(C)ccc1O,8675.96837,0.5920008170374861
cx_00996,plate_2,c_88908e3511,COC(=O)c1cc(OC)ccc1O,2859.41806,-0.17943559184419003
cx_00997,plate_2,c_d95dac0f8b,COC(=O)c1ccc(OC)cc1,8500.0,0.5777578385279821
cx_00998,plate_2,c_78bd4a1b1c,COC(=O)c1cccc(C(=O)O)n1,729.30154,-1.128531172262649
cx_00999,plate_2,c_5d4233df2b,COC(=O)c1cccc(C(=O)OC)n1,10333.4605,0.7135252312803004
cx_01000,plate_2,c_32133c467c,COC(=O)c1cccc2c1NC(=O)C2,79.04465,-2.665470055694369
cx_01001,plate_2,c_b88527c2c0,COC(=O)c1ccccc1,8626.35011,0.5880141401717872
cx_01002,plate_2,c_2c9263eeab,COC(=O)c1ccccc1-c1ccc[nH]1,5942.84554,0.32900587817089216
cx_01003,plate_2,c_9d06e34249,COC(=O)c1ccccc1C(=O)O,3552.79144,-0.02855022658415483
cx_01004,plate_2,c_abddb327a9,COC(=O)c1ccccc1C(=O)OC,9559.33987,0.6593985755545729
cx_01005,plate_2,c_23cc32befa,COC(=O)c1ccccc1N(C)C,1169.61583,-0.8005293371268477
cx_01006,plate_2,c_3ea13d6845,COC(=O)c1ccccc1OC,7713.3522,0.5102556570545658
cx_01007,plate_2,c_9a6c4bb451,COC(=O)c1ccccc1S,977.04717,-0.9254709089687435
cx_01008,plate_2,c_ba00589419,COC(=O)c1ccccc1SC,13286.45654,0.888247536800289
cx_01009,plate_2,c_574c9e5b84,COC(=O)c1ccccn1,11535.72992,0.7900303002694454
cx_01010,plate_2,c_6e63c3e267,COC(=O)c1cccnc1O,3282.66817,-0.08350635562297128
cx_01011,plate_2,c_911c879c6a,COC(=O)c1cccs1,7791.8709,0.5172955424919595
cx_01012,plate_2,c_e9bd7c861a,COC(=O)c1ccn(C)n1,8344.68104,0.5649391014243095
cx_01013,plate_2,c_2e6c2b9adf,COC(=O)c1ccnn1C,9175.39368,0.6309041375979795
cx_01014,plate_2,c_0b3c286123,COC(=O)c1ccno1,572.10367,-1.297034745993144
cx_01015,plate_2,c_8d3c85feee,COC(=O)c1cn(C)cn1,7434.17078,0.48463091285850113
cx_01016,plate_2,c_b4405b074e,COC(=O)c1cncs1,5565.84682,0.28345291794864297
cx_01017,plate_2,c_e881bf1346,COC(=O)c1nc[nH]n1,5381.53034,0.2600463039262703
cx_01018,plate_2,c_82dfd9102a,COC(C)C(N)=O,8390.1737,0.5687182273952521
cx_01019,plate_2,c_ffcbd24baf,COC(OC)c1ccccc1,9570.66689,0.660221723706026
cx_01020,plate_2,c_55b6e33ac9,COC1CCCCC1=O,7434.96802,0.4847054491307103
cx_01021,plate_2,c_2c3cc76208,COCC(=O)OC,9503.08686,0.6552960991637574
cx_01022,plate_2,c_50cb9c1c39,COCC(=O)c1ccccc1,11548.81521,0.7908183384636395
cx_01023,plate_2,c_3efe3c0883,COCC(C)(C)O,9261.16464,0.6373716795879203
cx_01024,plate_2,c_1bd8655a83,COCC/C(N)=N/O,7856.58134,0.5230442836019601
cx_01025,plate_2,c_b664a62821,COCCC(=O)OC,6222.28768,0.3609435186911688
cx_01026,plate_2,c_5b245e09c2,COCCCNS(N)(=O)=O,8800.24985,0.6018872447109974
cx_01027,plate_2,c_1784e79622,COCCNS(=O)(=O)N(C)C,7303.7932,0.47233273882407073
cx_01028,plate_2,c_080a543259,COCc1ccccc1C(=O)O,5642.84466,0.29300231135239874
cx_01029,plate_2,c_2473ca3d10,CON(C)C(C)=O,5356.2253,0.25677036160538924
cx_01030,plate_2,c_832308c6fa,CO[C@H]1CCCC[C@@H]1O,6728.10312,0.4152667852608319
cx_01031,plate_2,c_89df1ccc18,COc1cc[nH]n1,12305.12272,0.8349114042433845
cx_01032,plate_2,c_92b0cc8d55,COc1ccc(/C(N)=N\O)cc1,1796.35206,-0.5024499526572346
cx_01033,plate_2,c_f1fb2e4fc4,COc1ccc(C(=N)N)cc1,4809.04919,0.18187322664597638
cx_01034,plate_2,c_c2e60c2140,COc1ccc(C(=O)O)c(O)c1,594.91956,-1.2698958460299938
cx_01035,plate_2,c_a61d5d7ad0,COc1ccc(C(=O)O)cc1,5012.89161,0.21072642650159615
cx_01036,plate_2,c_facc105394,COc1ccc(C(C)=O)cc1,8256.53424,0.5575576588269097
cx_01037,plate_2,c_dab4f27719,COc1ccc(C(N)=O)cc1,7338.23506,0.4756027531427582
cx_01038,plate_2,c_5b7c0e8a63,COc1ccc(C=O)cc1,8148.0,0.5483599624213655
cx_01039,plate_2,c_6d38932327,COc1ccc(COCC(=N)N)cc1,6415.47388,0.3821952273728807
cx_01040,plate_2,c_b3f20d03a6,COc1ccc(N2CCNC2=O)cc1,1859.5226,-0.47843665716576594
cx_01041,plate_2,c_eba3569946,COc1ccc(O)c(C(=O)O)c1,1946.21855,-0.44677531874578125
cx_01042,plate_2,c_7ebce15718,COc1ccc(O)c([N+](=O)[O-])c1,0.0,-5.712124002677873
cx_01043,plate_2,c_e325071ace,COc1ccc(S(N)(=O)=O)cc1,7883.40084,0.5254130077937367
cx_01044,plate_2,c_a2316e1cf9,COc1ccc2[nH]ccc2c1,5001.45732,0.20913925900534944
cx_01045,plate_2,c_a5c1854d6d,COc1ccc2c(c1)C(=O)C(=O)N2,86.47331,-2.603774078605599
cx_01046,plate_2,c_3dae2cd838,COc1ccc2c(c1)CC(=O)N2,2270.94095,-0.33955703987044233
cx_01047,plate_2,c_b781f68a2f,COc1ccc2c(c1)CCC(=O)N2,6967.61568,0.4395802654914179
cx_01048,plate_2,c_ace4fcf47b,COc1ccc2c(c1)CNC2=O,9302.28892,0.6404514352965279
cx_01049,plate_2,c_b528767be1,COc1ccc2c(c1)NC(=O)C2=O,3363.51987,-0.06659688201448291
cx_01050,plate_2,c_51573e3907,COc1cccc2c1C(=O)CCC2,5828.77745,0.3155351693531675
cx_01051,plate_2,c_43c76f11fe,COc1cccc2c1NC(=O)C2,3134.76017,-0.11554653904370231
cx_01052,plate_2,c_c3d6c577e6,COc1cccc2cc(C(=O)O)[nH]c12,277.33409,-1.7991195123507007
cx_01053,plate_2,c_0370f04d76,COc1cccc2cc[nH]c12,6829.389719999999,0.42565257292772113
cx_01054,plate_2,c_1d3126b76f,COc1ccccc1,7922.84377,0.5288820472341389
cx_01055,plate_2,c_cf12cd1548,COc1ccccc1/C(N)=N/O,2215.16342,-0.35683695106178004
cx_01056,plate_2,c_52967f6e46,COc1ccccc1C(N)=S,906.85947,-0.977239252738759
cx_01057,plate_2,c_0121a33d69,COc1ccccc1NC(C)=O,9804.77706,0.6770201167157187
cx_01058,plate_2,c_3bcd84af16,COc1ccccc1NC(N)=S,7017.52356,0.4445412158557475
cx_01059,plate_2,c_4bbf4ab9cd,COc1ccccc1O,7589.00733,0.4989591264206116
cx_01060,plate_2,c_e0c2d96ba7,COc1ccccc1OC,5982.0777,0.3335792675266251
cx_01061,plate_2,c_8effd290ef,COc1ccccc1OCC(N)=O,8590.57773,0.5851256880773491
cx_01062,plate_2,c_26ba1db84a,COc1ccccc1S,8028.73887,0.5381108811754647
cx_01063,plate_2,c_4c3388b95a,COc1ccnc(O)c1,12057.36658,0.8207728533931193
cx_01064,plate_2,c_d8bdf22a73,CS(=O)(=O)C/C(N)=N/O,1751.98454,-0.5198256021834067
cx_01065,plate_2,c_67bfe0b34e,CS(=O)(=O)CC(=O)c1ccccc1,2682.5671,-0.22380213102850988
cx_01066,plate_2,c_8bd8d0cb87,CS(=O)(=O)Nc1ccccn1,6617.20873,0.4037150141041664
cx_01067,plate_2,c_8cb0b88a18,CS(=O)(=O)c1ccccc1O,1102.84914,-0.8413545258094046
cx_01068,plate_2,c_0b6a35acdb,CS(=O)(=O)c1nc2ccccc2[nH]1,5402.92417,0.2628039162325619
cx_01069,plate_2,c_21310858a4,CS(=O)(=O)c1nc2ccccc2s1,4993.45869,0.20802682957039664
cx_01070,plate_2,c_2f3b4ff2e4,CS(=O)(=O)c1nc[nH]n1,1927.37485,-0.4535354357215088
cx_01071,plate_2,c_9d4ff6c5e5,CS(=O)c1ccccc1,7393.73682,0.48084010543013195
cx_01072,plate_2,c_95227c1d67,CS(C)(=O)=O,5872.67163,0.32074973238556104
cx_01073,plate_2,c_49a28e6491,CS(N)(=O)=O,890.12046,-0.9901764082692102
cx_01074,plate_2,c_73defb78b7,CSCC(=O)O,1189.51946,-0.7888088808392092
cx_01075,plate_2,c_cbca343ced,CSCC(C)=O,6739.7141,0.4164652633450506
cx_01076,plate_2,c_bac17af9d0,CSCCCO,10567.18939,0.7290724234350534
cx_01077,plate_2,c_8624185335,CSc1ccccc1,7743.85115,0.5129986276771243
cx_01078,plate_2,c_2fab419e6e,CSc1ccccc1C(=O)O,2098.411265,-0.39446009382995467
cx_01079,plate_2,c_b8a851f045,CSc1ccccc1O,7756.92483,0.5141711234807452
cx_01080,plate_2,c_01eedcff64,C[C@@H]1COC(=O)O1,8979.13708,0.6158751013944633
cx_01081,plate_2,c_320b9e5157,C[S@@](=N)(=O)c1ccccc1,5442.25819,0.267845605914614
cx_01082,plate_2,c_59b4333037,Cc1cc(C)[nH]n1,5609.61277,0.28889692006935913
cx_01083,plate_2,c_87912889b2,Cc1cc(C)on1,5712.08197,0.30147863560173954
cx_01084,plate_2,c_9d727a2000,Cc1cc(O)nc(O)c1,3792.17805,0.016767508268886393
cx_01085,plate_2,c_4a03388181,Cc1cc([N+](=O)[O-])c(O)c([N+](=O)[O-])c1,429.9567,-1.4952000340616516
cx_01086,plate_2,c_f51951df7f,Cc1ccc(-c2nnn[nH]2)cc1,6525.97267,0.3940649604694926
cx_01087,plate_2,c_d81fffbb97,Cc1ccc(C(=O)NN)cc1,719.26454,-1.138151639221743
cx_01088,plate_2,c_9d1338716b,Cc1ccc(C(N)=O)cc1,8676.83876,0.5920705465961286
cx_01089,plate_2,c_9d98388c77,Cc1ccc(C(N)=S)cc1,555.76065,-1.3171469249075842
cx_01090,plate_2,c_8faae0d3f1,Cc1ccc(C=O)cc1,9250.51057,0.6365715768287283
cx_01091,plate_2,c_53139ac9e3,Cc1ccc(O)nc1,4708.59066,0.167200688838374
cx_01092,plate_2,c_71a7ae8d89,Cc1cccc(C)c1C(=O)O,4953.47296,0.20243886382609622
cx_01093,plate_2,c_a61c5b5942,Cc1cccc(C)c1O,10632.17992,0.7333343929859352
cx_01094,plate_2,c_9bcdd0a619,Cc1ccn(C(N)=O)n1,11797.15702,0.8056073745183029
cx_01095,plate_2,c_1e41fce493,Cc1cnc(C(=N)N)cn1,8683.45952,0.5926007267513933
cx_01096,plate_2,c_3fdbb50cfc,Cc1cnc(C(C)NC(=O)OC(C)(C)C)[nH]1,5228.77564,0.24003213183780417
cx_01097,plate_2,c_3c6075a79a,Cc1cnc(O)nc1,7318.93895,0.47377261727859843
cx_01098,plate_2,c_6ecabb04fb,Cc1cscn1,6742.27972,0.4167298065481283
cx_01099,plate_2,c_f910f02aa3,Cc1nc(-c2ccccc2O)cs1,872.21216,-1.0042891575909398
cx_01100,plate_2,c_15039fcfe8,Cc1nc(=O)[nH]n1-c1ccccc1,1642.27944,-0.5647517631957407
cx_01101,plate_2,c_d78acf8270,Cn1c(=O)[nH]c2ccccc2c1=O,1636.58829,-0.5671635258217418
cx_01102,plate_2,c_66fd695106,Cn1cc(C(=O)O)nn1,68.70035,-2.7616675672295585
cx_01103,plate_2,c_8dd4a99511,Cn1cc[nH]c1=O,7543.59665,0.4947874457041685
cx_01104,plate_2,c_c3efae03b8,Cn1ccc(=O)[nH]c1=O,17523.75093,1.0806670426227996
cx_01105,plate_2,c_cc5e5aafc9,Cn1ccc(=O)n(C)c1=O,8483.77331,0.5764296260299132
cx_01106,plate_2,c_e4ebbce005,Cn1ccc(C(=O)O)n1,282.49829,-1.7863394982146419
cx_01107,plate_2,c_0bd53f1d2d,Cn1ccnc1[N+](=O)[O-],1226.6019,-0.767485941477144
cx_01108,plate_2,c_b7bee82cf3,Cn1cnc(C=O)c1,7395.76357,0.4810306123563705
cx_01109,plate_2,c_f8463f8820,Cn1cnc(CO)c1,3262.84955,-0.08771479300198312
cx_01110,plate_2,c_9bff495d26,Cn1cnc(S(N)(=O)=O)c1,6509.18953,0.39227512461692754
cx_01111,plate_2,c_72ec7d83a4,Cn1cnc2c(=O)[nH]c(=O)[nH]c21,10070.72114,0.6956228746276222
cx_01112,plate_2,c_cef4f2744a,Cn1cnc2c(=O)[nH]c(=O)n(C)c21,11446.97418,0.7846614349996348
cx_01113,plate_2,c_9d2aa053ee,Cn1cnc2ccccc21,6525.50671,0.3940153303679104
cx_01114,plate_2,c_595067f04a,Cn1cncc1C(=O)O,2654.94628,-0.23099432807118694
cx_01115,plate_2,c_7756c7ee5a,Cn1cncc1CO,5153.09743,0.22989903986054866
cx_01116,plate_2,c_5915219f6b,Cn1nc(-c2ccccc2)cc1O,2064.93631,-0.4056338945073953
cx_01117,plate_2,c_351d4cca32,Cn1nccc1C(=O)O,3957.732165,0.04646502266455518
cx_01118,plate_2,c_1976abf777,Cn1nccc1O,224.50056,-1.9454530639737775
cx_01119,plate_2,c_356df7336d,Cn1nncc1C(=O)O,2268.87995,-0.34018795484000236
cx_01120,plate_2,c_eec3487744,FC(F)(F)c1c[nH]cn1,2814.50588,-0.19043728296736065
cx_01121,plate_2,c_d8eb90ae3f,FC(F)(F)c1cn[nH]c1,1932.98093,-0.4515173940288273
cx_01122,plate_2,c_bee2a42d3a,FC(F)(F)c1ncc[nH]1,7716.81298,0.5105674526322898
cx_01123,plate_2,c_5a943dbafe,Fc1ccc2[nH]ccc2c1,8520.29932,0.5794158452526387
cx_01124,plate_2,c_9dc9d5f12a,Fc1ccc2[nH]ncc2c1,4713.23433,0.1678857936015734
cx_01125,plate_2,c_10c829ce54,Fc1ccccn1,6323.02941,0.3721067693974059
cx_01126,plate_2,c_1122dc32c7,N#CC(C#N)c1ccccc1,897.55544,-0.9844003611419163
cx_01127,plate_2,c_8207f6ef25,N#CC1(O)CCCCC1,5387.04601,0.26075830751679024
cx_01128,plate_2,c_4f5275da86,N#CC1CCCCC1,8326.6075,0.563431991451763
cx_01129,plate_2,c_207947d691,N#CC1CCCS1,7209.78416,0.46332814370509173
cx_01130,plate_2,c_fa5f88c96e,N#CCC(=O)Nc1ccccc1,7377.45029,0.47930733414445903
cx_01131,plate_2,c_b4b731c8f3,N#CCC1=CCCCC1,9481.64882,0.6537262505574203
cx_01132,plate_2,c_2988a9b721,N#CCCCc1ccccc1,9687.85253,0.668681026587664
cx_01133,plate_2,c_d7c4f5d946,N#CCS(N)(=O)=O,6273.06152,0.3665922030736161
cx_01134,plate_2,c_52364a5acd,N#CCc1cccc2cccnc12,5335.60243,0.25408909947913894
cx_01135,plate_2,c_b32d2718d4,N#CCc1nccs1,553.76176,-1.3196472354675521
cx_01136,plate_2,c_aec7a03867,N#C[C@@H]1CC[C@H]1C#N,12987.33966,0.8724195159645014
cx_01137,plate_2,c_05efc363f3,N#Cc1cccc(C#N)n1,10144.324325,0.7006846591509764
cx_01138,plate_2,c_b666128acf,N#Cc1cccc2cc[nH]c12,8542.33186,0.5812109538095552
cx_01139,plate_2,c_27e26f2cce,N#Cc1cccc2cccnc12,2920.80289,-0.1646749410637439
cx_01140,plate_2,c_a808b2f56c,N#Cc1ccccc1,9227.49025,0.6348396385552655
cx_01141,plate_2,c_1866122c8b,N#Cc1ccccc1C#N,10707.60998,0.7382484278817893
cx_01142,plate_2,c_01d4a82f7d,N#Cc1ccccc1O,1443.21886,-0.6545161761622288
cx_01143,plate_2,c_8d9839b4d0,N#Cc1ccccc1[N+](=O)[O-],2078.81322,-0.40098002557268203
cx_01144,plate_2,c_1d95ba9fe9,N#Cc1ccccn1,12818.54283,0.8633258097109672
cx_01145,plate_2,c_edfdb77be9,N#Cc1ncccn1,11276.49738,0.7742314581996016
cx_01146,plate_2,c_0bb4d51e01,N#Cc1nccs1,7659.91173,0.5054231527099525
cx_01147,plate_2,c_34944443db,N#N,7370.179842222222,0.47862199919553217
cx_01148,plate_2,c_c82bd8a6db,N/C(=N\O)c1ccccc1,5683.50988,0.2979932355504604
cx_01149,plate_2,c_3020b8a6d2,N/C(=N\O)c1ccccn1,206.80412,-2.002267274904823
cx_01150,plate_2,c_0f8d8f1c01,N/C(=N\O)c1cccs1,2818.77897,-0.1893830197254687
cx_01151,plate_2,c_4c7550af08,N/C(=N\O)c1cnc2ccccc2n1,2455.74455,-0.28519270672861
cx_01152,plate_2,c_9c6d043c13,N/C(=N\O)c1nc2ccccc2s1,1238.90084,-0.7605558901599658
cx_01153,plate_2,c_75b5754d9b,N/C(Cc1ccccc1)=N\O,251.86482,-1.8658332492294472
cx_01154,plate_2,c_1cd23482e2,N/N=C/c1ccccc1O,2456.70623,-0.2849206381331049
cx_01155,plate_2,c_27e574117c,N=C(N)c1cc2ccccc2o1,3786.35145,0.01569885070831799
cx_01156,plate_2,c_b887ec8d99,N=C(N)c1nc2ccccc2s1,3088.22747,-0.1259397720370711
cx_01157,plate_2,c_fee3985c8f,N=C(NO)C1CCCC1,2866.95546,-0.17760617235983883
cx_01158,plate_2,c_af27308ee0,N=C(n1nnc2ccccc21)n1nnc2ccccc21,2129.30534,-0.38430475391771773
cx_01159,plate_2,c_9a9432eae0,N=C1NC(=O)c2ccccc21,13420.70734,0.8952360221937314
cx_01160,plate_2,c_1b0a5508f4,NC(=O)C(C(N)=O)c1ccccc1,7066.12817,0.4493388271150369
cx_01161,plate_2,c_622c025409,NC(=O)C(F)(F)F,9782.01765,0.6754047307894664
cx_01162,plate_2,c_efe021a9ac,NC(=O)C(c1ccccc1)c1ccccn1,6472.44029,0.38833983942047073
cx_01163,plate_2,c_9da6a40773,NC(=O)C1CCCCC1,8577.33054,0.5840529870629538
cx_01164,plate_2,c_03def00e5f,NC(=O)CC(=O)O,3028.98994,-0.13939953587348813
cx_01165,plate_2,c_e2fb9f74ae,NC(=O)CC(N)=O,6731.26868,0.41559373730185023
cx_01166,plate_2,c_e2adf3f704,NC(=O)CCC(N)=O,8877.96846,0.6079989585762098
cx_01167,plate_2,c_7629689636,NC(=O)CN1CCCC1=O,6094.93023,0.3465694569822193
cx_01168,plate_2,c_c64b4e9fdc,NC(=O)COCc1ccccc1,7978.00283,0.533704484016414
cx_01169,plate_2,c_908abade01,NC(=O)Cc1cc2ccccc2s1,7125.09381,0.4551150419147041
cx_01170,plate_2,c_d9258226a5,NC(=O)Cc1ccccn1,8927.18842,0.6118419604162061
cx_01171,plate_2,c_c3457bd293,NC(=O)Cc1cccs1,7999.20377,0.5355491722375386
cx_01172,plate_2,c_967cb20253,NC(=O)Cc1cncs1,6970.9268,0.4399104966660558
cx_01173,plate_2,c_ecaa1ef6f8,NC(=O)Cc1nc2ccccc2[nH]1,4154.28067,0.08015043242011247
cx_01174,plate_2,c_086c90d1f2,NC(=O)Cn1nnc2ccccc21,8621.9364,0.5876584021330874
cx_01175,plate_2,c_4137adde12,NC(=O)NCc1ccccc1,11426.03594,0.7833888060019002
cx_01176,plate_2,c_2338973172,NC(=O)Nc1ccccc1,10549.63716,0.7279168822401836
cx_01177,plate_2,c_8e22a1ea19,NC(=O)Nc1ccccn1,5584.72919,0.28580690755691096
cx_01178,plate_2,c_42031daf99,NC(=O)Oc1ccccc1,6801.44307,0.422802427167024
cx_01179,plate_2,c_c3ce8e4ac7,NC(=O)[C@@H]1CCCC[C@@H]1O,5685.88648,0.29828381514697877
cx_01180,plate_2,c_768fd1d9ef,NC(=O)[C@@H]1CCCC[C@H]1O,12096.2681,0.8230119421447237
cx_01181,plate_2,c_a5aec92e7b,NC(=O)[C@@H]1CCCO1,11093.52261,0.7628599384530049
cx_01182,plate_2,c_9f9a94e692,NC(=O)c1cc2ccccc2cc1O,6544.85494,0.3960731642761212
cx_01183,plate_2,c_cc981934d4,NC(=O)c1ccccc1C(N)=O,10490.58347,0.7240149526802399
cx_01184,plate_2,c_93b30f1e45,NC(=O)c1ccccc1O,689.32773,-1.167663191426369
cx_01185,plate_2,c_9c4d885322,NC(=O)c1ccccc1OCC(=O)O,3964.15521,0.04759202698380521
cx_01186,plate_2,c_9aa7b63827,NC(=O)c1ccccc1[N+](=O)[O-],1014.51383,-0.8993379007507302
cx_01187,plate_2,c_390b8b4606,NC(=O)c1ccccn1,5073.05662,0.21901861398033215
cx_01188,plate_2,c_c6b02e1350,NC(=O)c1cn2ccccc2n1,4143.2465,0.07830197525758818
cx_01189,plate_2,c_14f95a61fd,NC(=O)c1nccc2ccccc12,15670.36107,1.0029610983819477
cx_01190,plate_2,c_40206384a3,NC(=O)c1ncco1,5280.54989,0.24688042994992282
cx_01191,plate_2,c_fb124362e3,NC(=O)n1nnc2ccccc21,2787.76404,-0.19707163256319565
cx_01192,plate_2,c_82def56c69,NC(=S)N1CCCCC1,11039.65928,0.7594766909004387
cx_01193,plate_2,c_1cdbef5a61,NC(=S)NC1CCCCC1,12021.75645,0.8187168683355394
cx_01194,plate_2,c_0e48b29eed,NC(=S)Nc1ccccc1,2573.98714,-0.2525144233024041
cx_01195,plate_2,c_09fe1871ed,NC(=S)Nc1ccccn1,4782.18835,0.17798028098789337
cx_01196,plate_2,c_aa012a7992,NC(=S)c1ccccn1,0.0,-5.712124002677873
cx_01197,plate_2,c_54c56e3779,NC(=S)c1ncccn1,1051.02777,-0.8747810645490308
cx_01198,plate_2,c_496fc7e79e,NC1=NC(C(=O)O)CS1,7088.92195,0.45157737697871597
cx_01199,plate_2,c_a2f86a85f1,NC1=NCCS1,4929.95496,0.1991311452945639
cx_01200,plate_2,c_5de71577f7,NNC(=O)c1ccccc1,1768.55114,-0.5132867126228121
cx_01201,plate_2,c_6af55f0868,NNc1ncccn1,1534.73324,-0.6118052039120694
cx_01202,plate_2,c_ff3314219b,NS(=O)(=O)N1CCCC1,11340.94267,0.7781927179628212
cx_01203,plate_2,c_cc19c722a1,NS(=O)(=O)c1ccccc1,8262.46366,0.5580566567883046
cx_01204,plate_2,c_44888d1c8c,NS(=O)(=O)c1cccs1,8961.2255,0.6144871405083212
cx_01205,plate_2,c_c50b7cc6f4,NS(N)(=O)=O,6569.73256,0.39871017140941184
cx_01206,plate_2,c_f4af18a838,Nc1ncccn1,5332.82715,0.2537274834053769
cx_01207,plate_2,c_4956436e1f,O/N=C/c1ccccc1,202.8211,-2.0157211341935852
cx_01208,plate_2,c_28e8532b94,O/N=C/c1ccccn1,794.7901,-1.0688311574798655
cx_01209,plate_2,c_119633cfd9,O=C(C(=O)c1ccco1)c1ccco1,2577.66136,-0.25152319601161793
cx_01210,plate_2,c_67862f3ad9,O=C(CC(=O)Nc1nccs1)Nc1nccs1,1060.56712,-0.8685059335459769
cx_01211,plate_2,c_51fd30819f,O=C(CC(=O)c1ccccn1)c1ccccn1,28.06104,-3.369809592203978
cx_01212,plate_2,c_4eda088deb,O=C(NO)c1ccccc1,3391.49735,-0.06084011219444682
cx_01213,plate_2,c_248f41ba44,O=C(O)C(=O)c1ccccc1,220.547695,-1.9577470215965522
cx_01214,plate_2,c_882ada0895,O=C(O)C(O)CO,4773.03834,0.17664917502499256
cx_01215,plate_2,c_888ba1376c,O=C(O)C1CCCCC1,7104.84932,0.4531373176199529
cx_01216,plate_2,c_9e3de13ba9,O=C(O)C1CCCCO1,1771.68471,-0.5120567699921942
cx_01217,plate_2,c_5f9dcbf3b6,O=C(O)C1CCCO1,1433.86917,-0.6590312682158295
cx_01218,plate_2,c_2ac96ba268,O=C(O)C1CCCn2cnnc21,41.52947,-3.105088593624909
cx_01219,plate_2,c_7902e1c611,O=C(O)C1Cc2ccccc2O1,4479.36073,0.1325133473007039
cx_01220,plate_2,c_dacfa5af31,O=C(O)CC1CCCO1,6081.46887,0.34503264149584606
cx_01221,plate_2,c_6b23b64724,O=C(O)CCN1CCCC1=O,5464.06846,0.2706254875280536
cx_01222,plate_2,c_606c726d8b,O=C(O)CCOc1ccccc1,5276.944495,0.2464057153811792
cx_01223,plate_2,c_0f344ea8b4,O=C(O)CCc1ccccc1,3748.06477,0.008635522548411685
cx_01224,plate_2,c_0cc3b320aa,O=C(O)CNC(=O)c1ccccc1O,1767.75057,-0.5136012898438033
cx_01225,plate_2,c_ee31cf9228,O=C(O)COCc1ccccc1,2875.49926,-0.175538292049568
cx_01226,plate_2,c_0b07e9dcaa,O=C(O)COc1ccccc1,8084.24984,0.542900195525904
cx_01227,plate_2,c_9d207bb13e,O=C(O)COc1ccccc1O,181.33915,-2.0931454806922747
cx_01228,plate_2,c_cf594a234a,O=C(O)Cc1ccccc1O,0.0,-5.712124002677873
cx_01229,plate_2,c_b4d7f9c672,O=C(O)Cc1ccco1,1747.16768,-0.521738431061256
cx_01230,plate_2,c_c06203aa8d,O=C(O)Cc1ncccn1,1314.56255,-0.719378742850167
cx_01231,plate_2,c_dc2bc85597,O=C(O)Cc1nnn[nH]1,985.8397,-0.9192493098871714
cx_01232,plate_2,c_30f6dcfb87,O=C(O)Cn1c(=O)oc2ccccc21,4855.77473,0.18859365132799147
cx_01233,plate_2,c_9dfdf07e0c,O=C(O)Cn1cccc1,3763.48642,0.01148922716271278
cx_01234,plate_2,c_bf776335d3,O=C(O)Cn1cccn1,337.68873,-1.6626853491453326
cx_01235,plate_2,c_59d10fbbe6,O=C(O)Cn1ccnc1,5762.92826,0.30763828733051224
cx_01236,plate_2,c_c0bfce4d0d,O=C(O)Cn1ccnn1,6505.87488,0.39192108859877195
cx_01237,plate_2,c_1d92fc286a,O=C(O)Cn1cnnn1,2863.73044,-0.17838833510406363
cx_01238,plate_2,c_757b7ab18c,O=C(O)[C@H]1CCCC[C@@H]1C(=O)O,1494.4069,-0.6303034789064118
cx_01239,plate_2,c_6060fcf2a2,O=C(O)[C@H]1CCCN1c1ncccn1,997.37822,-0.9111682258026852
cx_01240,plate_2,c_e144d08288,O=C(O)c1c[nH]nn1,3524.35423,-0.034135330872218
cx_01241,plate_2,c_3fc48e58a4,O=C(O)c1cc(C(F)(F)F)ccn1,709.385475,-1.1477525438797234
cx_01242,plate_2,c_81abb34c56,O=C(O)c1cc2cccc(O)c2[nH]1,1475.49928,-0.6391491430285307
cx_01243,plate_2,c_b7ffd17730,O=C(O)c1cc2ccccc2s1,1477.53332,-0.6381921250506906
cx_01244,plate_2,c_9661924286,O=C(O)c1cc[nH]n1,2407.66999,-0.2989309884667052
cx_01245,plate_2,c_be49277018,O=C(O)c1ccc(C(=O)O)s1,132.30376,-2.3109000288499684
cx_01246,plate_2,c_4f0a70584e,O=C(O)c1ccc2ccccc2n1,87.23206,-2.597770099342124
cx_01247,plate_2,c_1f28c69c27,O=C(O)c1cccc2c1OCC2,1534.69357,-0.6118231613694535
cx_01248,plate_2,c_94f23f39b7,O=C(O)c1cccc2cc[nH]c12,3109.56874,-0.1211538306429603
cx_01249,plate_2,c_a7b8e1364a,O=C(O)c1cccc2ccc(=O)[nH]c12,5712.60655,0.3015424640306548
cx_01250,plate_2,c_9c4fc52abc,O=C(O)c1cccc2ccnn12,120.76487,-2.37383996881213
cx_01251,plate_2,c_db59a1302a,O=C(O)c1cccc2cn[nH]c12,171.63934,-2.13114622730872
cx_01252,plate_2,c_6f2cb5da40,O=C(O)c1cccc2ncsc12,2979.22501,-0.15091194282776427
cx_01253,plate_2,c_74d82b3353,O=C(O)c1cccc[n+]1[O-],2445.22888,-0.2881746603853957
cx_01254,plate_2,c_b29ef6f706,O=C(O)c1ccccc1,6085.01867,0.3454382341777576
cx_01255,plate_2,c_9d408f4c83,O=C(O)c1ccccc1-c1ncc[nH]1,3115.61127,-0.11980471137069812
cx_01256,plate_2,c_a5e0704aac,O=C(O)c1ccccc1-c1nnn[nH]1,379.35452,-1.5820298068607983
cx_01257,plate_2,c_ad96e587ce,O=C(O)c1ccccc1-n1ccnn1,3267.02406,-0.08682622512871319
cx_01258,plate_2,c_395c6fa93c,O=C(O)c1ccccc1-n1nccn1,4180.79927,0.08457286179728828
cx_01259,plate_2,c_aefbd54820,O=C(O)c1ccccc1-n1ncnn1,3010.26083,-0.14370990519513763
cx_01260,plate_2,c_fea380edf5,O=C(O)c1ccccn1,2120.32899,-0.387240154208558
cx_01261,plate_2,c_56c86a24aa,O=C(O)c1ccco1,3171.9095,-0.10735923285469423
cx_01262,plate_2,c_c445b15351,O=C(O)c1cccs1,4590.275715,0.1495133521257579
cx_01263,plate_2,c_9262e300f2,O=C(O)c1ccno1,1696.49246,-0.5421876786658996
cx_01264,plate_2,c_0f57f7c651,O=C(O)c1cnco1,3351.359985,-0.06911389338115764
cx_01265,plate_2,c_f454594c2d,O=C(O)c1cocn1,5519.22227,0.2776060501502242
cx_01266,plate_2,c_a05f156441,O=C(O)c1n[nH]c2ccccc12,471.444185,-1.4313053102033944
cx_01267,plate_2,c_3cd37980eb,O=C(O)c1nc(=O)[nH]c2ccccc12,6254.21621,0.36450097985570074
cx_01268,plate_2,c_7d02fa78c8,O=C(O)c1nccc2ccccc12,493.62396,-1.3994120409604265
cx_01269,plate_2,c_d363455c1e,O=C(O)c1ncco1,5145.19761,0.2288327127988342
cx_01270,plate_2,c_8eb0f23cd8,O=C(c1ccccc1)c1ncco1,4766.55477,0.1757044265641012
cx_01271,plate_2,c_e6990e074b,O=C(c1ccccc1O)N1CCCC1,9096.20665,0.6248791595929064
cx_01272,plate_2,c_b89e4cbcbe,O=C(c1ccccn1)C(O)c1ccccn1,1379.29809,-0.6859860342818989
cx_01273,plate_2,c_8606113a43,O=C(c1cccs1)c1cccs1,8181.55312,0.5512164270335264
cx_01274,plate_2,c_1a85aa79ac,O=C(c1ncc[nH]1)c1ccco1,1158.233335,-0.807321935436517
cx_01275,plate_2,c_5e5d221b74,O=C1C=C(c2ccccc2)C(=O)O1,128.60036,-2.330486435773635
cx_01276,plate_2,c_8386e42b98,O=C1C=CC(=O)C=C1,1502.76059,-0.6264308884316097
cx_01277,plate_2,c_4898b1c206,O=C1C=CC(=O)N1,21485.12084,1.2223383835430164
cx_01278,plate_2,c_94bdae29e2,O=C1C=CC(=O)N1Cc1ccccc1,3476.60003,-0.04361645496481243
cx_01279,plate_2,c_d285471031,O=C1C=CC(=O)c2ccccc21,0.0,-5.712124002677873
cx_01280,plate_2,c_26c4a1369f,O=C1C=CCCC1,6775.4327,0.4201392131925001
cx_01281,plate_2,c_2b804ab279,O=C1CC(=O)NC(=O)N1,673.61816,-1.1836658026590525
cx_01282,plate_2,c_c5e6d695e1,O=C1CCC(=O)N1,22684.73404,1.260106490678489
cx_01283,plate_2,c_eba623eacb,O=C1CCCC(=O)N1,8035.02329,0.5386547406587257
cx_01284,plate_2,c_48b7dcf060,O=C1CCCCC1=O,321.54774,-1.6966308692216
cx_01285,plate_2,c_964a67a3a6,O=C1CCCCC1O,8361.75756,0.5663600765317623
cx_01286,plate_2,c_ed6788b990,O=C1CCCCC1[N+](=O)[O-],188.01374,-2.0681531146149776
cx_01287,plate_2,c_776e933041,O=C1CCCCCCCCC1,8340.37678,0.5645804756071824
cx_01288,plate_2,c_e4b3a28177,O=C1CCCCCCCCCCCN1,9657.68808,0.6665133583659582
cx_01289,plate_2,c_01d8abb38c,O=C1CCCCCN1,8344.90105,0.5649574274264589
cx_01290,plate_2,c_70841d1e9d,O=C1CCCCN1,7601.64282,0.5001154555497186
cx_01291,plate_2,c_2b4350f455,O=C1CCCc2ccccc21,10820.17791,0.7455178803466153
cx_01292,plate_2,c_d8d0d01680,O=C1CCCc2cccnc21,3451.79305,-0.04859314621557202
cx_01293,plate_2,c_83857aefa1,O=C1CCN(c2ccccc2)N1,1323.63092,-0.7146032521724818
cx_01294,plate_2,c_3cf683e523,O=C1CCNC(=O)C1,2615.45454,-0.24140859697115533
cx_01295,plate_2,c_3ae76af59a,O=C1CCNC(=O)N1,6685.10261,0.41081021691311065
cx_01296,plate_2,c_eb9f44e34f,O=C1CCOc2ccccc21,9519.85117,0.6565212381480001
cx_01297,plate_2,c_bba7e906ef,O=C1CC[C@H](CO)N1,11611.52535,0.7945825949154741
cx_01298,plate_2,c_5e43df9c40,O=C1CCc2ccccc2N1,13459.77415,0.8972565355026675
cx_01299,plate_2,c_f265bd8a4a,O=C1CCc2ccccc2O1,8660.0,0.5907203001265523
cx_01300,plate_2,c_395f85ed19,O=C1CNC(=O)N1,28856.50647,1.427388636024986
cx_01301,plate_2,c_4d26678846,O=C1COC(=O)C1,213.30067,-1.9808669870669948
cx_01302,plate_2,c_c4daff2617,O=C1Cc2ccccc2C1=O,607.93399,-1.2548772064041922
cx_01303,plate_2,c_86c1b6e4df,O=C1Cc2ccccc2N1,4967.13571,0.20435327555812302
cx_01304,plate_2,c_3418c9d171,O=C1Cc2cccnc2N1,837.5409,-1.0324542206658032
cx_01305,plate_2,c_1aacb990df,O=C1NC(=O)/C(=C/c2ccccc2)N1,3866.27765,0.030216744402518418
cx_01306,plate_2,c_3b315ab725,O=C1NC(=O)C(Cc2ccccc2)N1,36900.63087,1.598321634813093
cx_01307,plate_2,c_2c9d9c49cd,O=C1NC(=O)c2ccccc21,41520.38558,1.6803192656334638
cx_01308,plate_2,c_f5e64f851b,O=C1NCC(C(=O)O)N1,962.80705,-0.935666857296405
cx_01309,plate_2,c_31820a5d5c,O=C1NCCCN1,7313.6824,0.4732732246321717
cx_01310,plate_2,c_3652e1f6b5,O=C1NCCN1c1ccccc1,9364.25113,0.6450661085208067
cx_01311,plate_2,c_6f10919a15,O=C1NCCNC1=O,3790.80122,0.016515131868527436
cx_01312,plate_2,c_75fbc134e4,O=C1NCc2ccccc21,6067.07019,0.3433850476839559
cx_01313,plate_2,c_e4f09afeca,O=C1Nc2c(C(=O)O)cccc2C1=O,456.5625,-1.4535551005879352
cx_01314,plate_2,c_439bdc95c8,O=C1OC(=O)c2ccccc21,2741.03977,-0.20881756283382194
cx_01315,plate_2,c_9889afcb1b,O=C1OCCC1O,9480.11067,0.6536134796521191
cx_01316,plate_2,c_56e010cae9,O=C1OCc2ccccc21,6761.43445,0.4187016915619973
cx_01317,plate_2,c_8108515e38,O=CC1CCCCC1,8534.43923,0.5805684318547466
cx_01318,plate_2,c_3f6ba513cd,O=CCCc1ccccc1,8154.68066,0.548929641029354
cx_01319,plate_2,c_9d1ebd6cb3,O=CN1CCCC1,7651.92818,0.5046983249781729
cx_01320,plate_2,c_52256dd48a,O=CNc1ccccc1,11112.17836,0.7640279093712619
cx_01321,plate_2,c_40457af7dd,O=CNc1ccccn1,7649.04276,0.5044361712102783
cx_01322,plate_2,c_17a2ab2ff7,O=Cc1c[nH]cn1,1145.64028,-0.8149150986105003
cx_01323,plate_2,c_c44be469e7,O=Cc1ccccc1O,5624.051975,0.29068368559366653
cx_01324,plate_2,c_516abefb3a,O=Cc1ccccn1,1759.30759,-0.5169275835048023
cx_01325,plate_2,c_15824b7123,O=S(=O)(O)c1ccccc1,1161.60544,-0.8053026758676106
cx_01326,plate_2,c_909d0987b1,O=S1(=O)CCCC1,7727.02276,0.5114864787422805
cx_01327,plate_2,c_c901b99a1f,O=S1(=O)CCCN1,12980.588615,0.8720580868969969
cx_01328,plate_2,c_56518fb061,O=[N+]([O-])CCc1ccccc1,990.55551,-0.9159352001516593
cx_01329,plate_2,c_7ae1ac405b,O=[N+]([O-])c1cccc2cc[nH]c12,0.0,-5.712124002677873
cx_01330,plate_2,c_6ec0082ccd,O=[N+]([O-])c1cccnc1O,1793.76533,-0.5034511587155063
cx_01331,plate_2,c_5f8f1ce98b,O=[N+]([O-])c1cccs1,4444.24751,0.1270437180205772
cx_01332,plate_2,c_1d06906636,O=c1[nH][nH]c(=O)n1-c1ccccc1,5123.31685,0.22587065399482537
cx_01333,plate_2,c_beeeab8dd0,O=c1[nH]c(=O)[nH]c(=O)[nH]1,10350.37729,0.7146622503666575
cx_01334,plate_2,c_6f58dfa652,O=c1[nH]c(=O)c2ccccc2[nH]1,16023.46046,1.0184505390809562
cx_01335,plate_2,c_e0a7fc550e,O=c1[nH]c(=O)c2nc[nH]c2[nH]1,2794.34941,-0.1954319908291974
cx_01336,plate_2,c_b430fa68a1,O=c1[nH]c(=O)n(-c2ccccc2)[nH]1,4955.24653,0.20268767275939614
cx_01337,plate_2,c_c25ce2cddb,O=c1[nH]c2ccccc2[nH]1,7943.73703,0.5307126376613495
cx_01338,plate_2,c_7c8885a0a5,O=c1[nH]c2ccccc2c(=O)o1,811.40139,-1.0544695232624854
cx_01339,plate_2,c_6c7e7821df,O=c1[nH]c2ccccc2s1,253.52183,-1.8612926784290151
cx_01340,plate_2,c_d63d181f5e,O=c1ccc(-c2ccccc2)n[nH]1,15090.93536,0.9767708829865049
cx_01341,plate_2,c_4efc468ed2,O=c1ccc2ccccc2o1,1713.29524,-0.5353402822987777
cx_01342,plate_2,c_6f3863faeb,O=c1ccccn1-c1ccccc1,7307.58129,0.47269314531111084
cx_01343,plate_2,c_4d87addeca,O=c1ccccn1Cc1ccccn1,10489.97529,0.7239746534731539
cx_01344,plate_2,c_640051a5be,O=c1ccoc2ccccc12,7629.06843,0.5026186948601495
cx_01345,plate_2,c_490b61b93b,OC1C=CCCC1,8216.17617,0.5541517243919669
cx_01346,plate_2,c_32a147b8af,OC1CCCCC1,6643.22934,0.40644284520498936
cx_01347,plate_2,c_1526b61919,OC1CCCc2ccccc21,14465.51785,0.9473486270190984
cx_01348,plate_2,c_63004bbb26,OC1CCCc2cccnc21,2343.70899,-0.31764047341151413
cx_01349,plate_2,c_4a2a813339,OC1CCc2cccnc21,6279.42571,0.36729700488172556
cx_01350,plate_2,c_6628d6e362,OC1Cc2ccccc2C1O,11401.34214,0.7818849133754782
cx_01351,plate_2,c_f229b1b692,OCC(CO)CO,9283.6416,0.6390566468423937
cx_01352,plate_2,c_6e4a61a552,OCC(F)(F)F,6632.26715,0.40529494523820897
cx_01353,plate_2,c_4ba2033488,OCC(O)c1ccccc1,10533.99903,0.7268857342382753
cx_01354,plate_2,c_de757e153e,OCC1CCCCO1,9156.97695,0.6295075458370923
cx_01355,plate_2,c_c5b232e51c,OCC1CCCO1,9417.30739,0.6489933059097415
cx_01356,plate_2,c_b71a325cca,OCCCCCCO,14318.98337,0.9402711656001457
cx_01357,plate_2,c_ba193df60c,OCCCOc1ccccc1,10307.83197,0.7117991240609509
cx_01358,plate_2,c_d1d95f46b0,OCCCc1ccccc1,8818.23036,0.6033059991436401
cx_01359,plate_2,c_bfd5fb63d7,OCCOCCO,9002.64555,0.6176925677600169
cx_01360,plate_2,c_d0ea41ba92,OCCOCCOCCO,12476.34238,0.8445169341294886
cx_01361,plate_2,c_daddbfa80a,OCCOc1ccccc1O,8258.85268,0.5577528127726135
cx_01362,plate_2,c_1f7be9b726,OCCSc1ccccc1,10239.64117,0.707185422455559
cx_01363,plate_2,c_c25c930202,OCCSc1ccccn1,9953.47253,0.6874826372769919
cx_01364,plate_2,c_3ec4052609,OCCc1ccccc1,9900.90479,0.6838018296624873
cx_01365,plate_2,c_3ee25605d5,OCc1cccc(CO)n1,10933.9011,0.7527855499637689
cx_01366,plate_2,c_89def7f8d6,OCc1ccccc1CO,14471.45444,0.947633844915936
cx_01367,plate_2,c_402fa3d576,OCc1ccccn1,6843.66046,0.42710348314020136
cx_01368,plate_2,c_70c4c4128b,OCc1ccon1,2170.88386,-0.37086733497611646
cx_01369,plate_2,c_aa4ba295c5,ONCc1ccccc1,1351.72617,-0.7000129139722984
cx_01370,plate_2,c_7daab7e780,O[C@@H]1CCCC[C@H]1O,14744.56885,0.960630429813505
cx_01371,plate_2,c_676f249f4a,O[C@H]1CCC[C@@H]1O,11796.55401,0.8055718429595371
cx_01372,plate_2,c_42ad70a4c2,Oc1ccc(C(F)(F)F)cc1,16697.665719999997,1.0471003412749162
cx_01373,plate_2,c_35e8acfa9d,Oc1ccc2cccc(O)c2n1,546.89151,-1.3283101096302334
cx_01374,plate_2,c_9c4de61080,Oc1ccc2ccccc2c1O,20.79657,-3.5697731696495127
cx_01375,plate_2,c_d0d89e269b,Oc1ccc2ccccc2n1,5449.07062,0.26871509535372157
cx_01376,plate_2,c_4ca468a890,Oc1cccc2[nH]cnc12,160.25289,-2.1785784291944656
cx_01377,plate_2,c_1070a948aa,Oc1cccc2[nH]nnc12,270.51327,-1.8163675438871694
cx_01378,plate_2,c_3abf0c4614,Oc1cccc2cccnc12,181.975685,-2.0907229000984304
cx_01379,plate_2,c_5ced65f7ce,Oc1cccc2cncnc12,4639.07261,0.15686278638755205
cx_01380,plate_2,c_4368e56577,Oc1ccccc1,11546.17921,0.7906596619122337
cx_01381,plate_2,c_7e0336a7c3,Oc1ccccc1-c1cc[nH]n1,2534.25034,-0.2633258591541963
cx_01382,plate_2,c_a31651ebf9,Oc1ccccc1-c1ccccc1O,247.82901,-1.8770179439605221
cx_01383,plate_2,c_8e81c4f509,Oc1ccccc1-c1ccccn1,495.44458,-1.3968579349312296
cx_01384,plate_2,c_d23afc45c1,Oc1ccccc1-c1nc2ccccc2o1,177.57561,-2.1076442269685005
cx_01385,plate_2,c_97bfbad7fa,Oc1ccccc1-c1nnco1,847.29232,-1.024416676550539
cx_01386,plate_2,c_abf5b8da92,Oc1ccccc1-n1ccnc1,2396.24861,-0.30223518448010395
cx_01387,plate_2,c_5a215582ba,Oc1ccccc1C(=S)S,1446.98215,-0.6527070774149784
cx_01388,plate_2,c_29e82a885d,Oc1ccccc1N1CCCC1,2374.87291,-0.30846167845994976
cx_01389,plate_2,c_71cb667afd,Oc1ccccc1N1CCCCC1,4021.5745,0.057586611684180895
cx_01390,plate_2,c_80fd4a8749,Oc1ccccc1O,444.41275,-1.472263667459157
cx_01391,plate_2,c_bcdfbf4106,Oc1ccccn1,8206.88822,0.5533655196677714
cx_01392,plate_2,c_3f59f378ec,Oc1cn(-c2ccccc2)nn1,253.05091,-1.8625800887794317
cx_01393,plate_2,c_fe3a209be9,Oc1nc(-c2ccccc2)cs1,2429.83908,-0.2925619714245566
cx_01394,plate_2,c_3ce57af4b9,Oc1nc2ccccc2nc1O,4757.45561,0.17437638031910752
cx_01395,plate_2,c_b33c082db1,Oc1nccc2ccccc12,10226.03711,0.7062613142309053
cx_01396,plate_2,c_b906ae0e11,S=C1NCCCN1,12696.41781,0.8566715180092616
cx_01397,plate_2,c_57ac4d94d9,S=c1[nH]nc(Cc2ccccc2)[nH]1,303.82966,-1.735906765531508
cx_01398,plate_2,c_2663c06586,Sc1ccc2ccccc2n1,0.0,-5.712124002677873
cx_01399,plate_2,c_9f84dcf6e3,Sc1ccccn1,389.67493,-1.5634185913602208
cx_01400,plate_2,c_7d3488d8da,Sc1nc(-c2ccccc2)cs1,1987.73583,-0.432109113455173
cx_01401,plate_2,c_2897915130,Sc1ncc[nH]1,6390.76895,0.37951348268931195
cx_01402,plate_2,c_cdbc60bc85,Sc1ncccn1,3360.16585,-0.06729023107139925
cx_01403,plate_2,c_c71bb16dff,[O-][n+]1c(-c2cscn2)[nH]c2ccccc21,411.1236,-1.526263359023051
cx_01404,plate_2,c_c740f15981,[O-][n+]1cccc2cccc(O)c21,442.88111,-1.4746582766783005
cx_01405,plate_2,c_1937a4a6df,[O-][n+]1ccccc1O,69.01745,-2.7585120681059303
cx_01406,plate_2,c_0715fef7ea,c1c[nH]c(-c2cccs2)c1,4047.59522,0.06206897596999384
cx_01407,plate_2,c_6783ce8f72,c1c[nH]c(-c2ncc[nH]2)n1,2647.55293,-0.23293217724918594
cx_01408,plate_2,c_39f41d1dfd,c1cc2[nH]cnc2cn1,1815.32429,-0.49515040526433424
cx_01409,plate_2,c_66306b5adc,c1cc2[nH]ncc2cn1,2129.19113,-0.38434202454795446
cx_01410,plate_2,c_a25be12765,c1ccc(-c2c[nH]cn2)cc1,9985.36972,0.6897066236029914
cx_01411,plate_2,c_7284f4c2fe,c1ccc(-c2c[nH]nn2)cc1,1533.31673,-0.6124467044812597
cx_01412,plate_2,c_8fcef4010a,c1ccc(-c2cc[nH]n2)cc1,14753.67526,0.9610596146985195
cx_01413,plate_2,c_a8d041b420,c1ccc(-c2cnco2)cc1,8700.58781,0.5939704603383608
cx_01414,plate_2,c_ba1c462932,c1ccc(-c2nc[nH]n2)cc1,11071.15713,0.7614571230082864
cx_01415,plate_2,c_4d96f19655,c1ccc(-c2ncc[nH]2)cc1,15763.40142,1.0070761133524817
cx_01416,plate_2,c_7e2e5f2c55,c1ccc(-c2nccs2)cc1,4357.75293,0.11338387757185713
cx_01417,plate_2,c_5d96cc9272,c1ccc(-c2nnn[nH]2)cc1,5384.42485,0.2604200396739766
cx_01418,plate_2,c_22bf013714,c1ccc(-n2ccnc2)cc1,5259.49542,0.24410364128896528
cx_01419,plate_2,c_d5a2b167a2,c1ccc(COc2cccc3cc[nH]c23)cc1,4127.67947,0.07568578121934859
cx_01420,plate_2,c_cb5266a2a0,c1ccc(CSc2nnn[nH]2)cc1,4791.66214,0.17935580872909357
cx_01421,plate_2,c_43cd43f048,c1ccc(Cc2nnn[nH]2)cc1,6711.58557,0.4135582858608365
cx_01422,plate_2,c_0006912abc,c1ccc(Cn2cccc2)cc1,7987.09562,0.5344962448595708
cx_01423,plate_2,c_9aae8488f8,c1ccc(Cn2ccnc2)cc1,2595.25059,-0.24679747204727612
cx_01424,plate_2,c_0d52ae10f2,c1ccc(N2CCCCC2)cc1,2649.23722,-0.2324902375871275
cx_01425,plate_2,c_c0f29b4d69,c1ccc2[nH]c(-c3cscn3)nc2c1,0.0,-5.712124002677873
cx_01426,plate_2,c_6a5d1cc51f,c1ccc2[nH]ccc2c1,8390.48808,0.5687442719466949
cx_01427,plate_2,c_df44bbb29c,c1ccc2[nH]cnc2c1,10369.631865,0.7159541388169002
cx_01428,plate_2,c_255475d893,c1ccc2[nH]nnc2c1,3456.53044,-0.04763999096732999
cx_01429,plate_2,c_d513062a1d,c1ccc2c(c1)CCO2,9800.27872,0.6767011372576512
cx_01430,plate_2,c_5b541b186a,c1ccc2c(c1)OCO2,5836.63905,0.3164719957560608
cx_01431,plate_2,c_68ce7aa54b,c1ccc2occc2c1,10913.02842,0.7514573269583295
cx_01432,plate_2,c_faf11eb1cd,c1ccc2oncc2c1,121.3288,-2.3706278450573284
cx_01433,plate_2,c_ab4961ad7d,c1ccc2sc(-c3cc[nH]n3)nc2c1,720.26577,-1.1371859598370806
cx_01434,plate_2,c_23a8fee752,c1cnc2[nH]ccc2c1,10103.928566666667,0.6979111557354033
cx_01435,plate_2,c_d40e1013f6,c1cnc2[nH]cnc2c1,6828.15543,0.42552693991095153
cx_01436,plate_2,c_12c9307384,c1cnc2[nH]ncc2c1,13391.674715,0.8937306582970207
cx_01437,plate_2,c_1e0c6f5e82,c1coc(-c2nc3ccccc3[nH]2)c1,5363.11258,0.25766350590568693
cx_01438,plate_2,c_4ba3f3d677,c1coc(-c2nnn[nH]2)c1,1110.77821,-0.8363788714569694
cx_01439,plate_2,c_055e161c3f,c1csc(-c2cc[nH]n2)c1,480.65765,-1.417878755853954
cx_01440,plate_3,c_f0d01ebf2d,C#CC(=O)c1ccccc1,0.0,-2.2832323152006726
cx_01441,plate_3,c_fdf4c5d6dc,C#CC1(O)CCCCC1,9104.77318,0.715019284535407
cx_01442,plate_3,c_291b623884,C#CCCCCO,10138.10998,0.7503706855653584
cx_01443,plate_3,c_df70d61004,C#CCCCc1ccccc1,5818.46102,0.5677811951581961
cx_01444,plate_3,c_3e6b953a8c,C#Cc1ccc(CC)cc1,5437.24059,0.5454991708148699
cx_01445,plate_3,c_447e120236,C#Cc1ccc(OCCC)cc1,6769.4834,0.617561451792754
cx_01446,plate_3,c_59f4e2e54f,C#Cc1ncccn1,0.0,-2.2832323152006726
cx_01447,plate_3,c_0f8471e18e,C(=N/Nc1ccc2ccccc2n1)\c1ccccn1,1422.15926,0.10461583389657429
cx_01448,plate_3,c_866407623b,C/C(=N\O)c1ccccc1,5107.65445,0.5249379986582614
cx_01449,plate_3,c_dfa38e3fe2,C/C=C/C(=O)OC,1721.12029,0.16732492433353896
cx_01450,plate_3,c_02fbdbbfb1,C/C=C/C=C/C(=O)OC,8746.98852,0.7018363451837352
cx_01451,plate_3,c_2d8e6aa672,C/N=C/c1ccccc1,5968.52621,0.576154348581183
cx_01452,plate_3,c_ff69504dae,C=C(C)CCCCC,5738.40947,0.5632258276855321
cx_01453,plate_3,c_4f11cca64e,C=CCCC(=O)OC,7005.12591,0.6288130905772625
cx_01454,plate_3,c_ceaed31fbe,C=CCCCCCC,6196.76745,0.5884942929468605
cx_01455,plate_3,c_82814db65b,C=CCNC(N)=O,5558.2418,0.5527364627121513
cx_01456,plate_3,c_b1494b3243,C=CCOCc1ccccc1,4643.86709,0.49363779009791026
cx_01457,plate_3,c_7b86821176,C=CCc1ccccc1,5775.43232,0.565340474192436
cx_01458,plate_3,c_f6475d1c98,C=CCc1ccccc1C(=O)O,6268.5391,0.5922808736325446
cx_01459,plate_3,c_af7e3c7813,C=CCn1ccnc1,4808.14442,0.5050683459607119
cx_01460,plate_3,c_93f16fb6fe,C=C[C@H]1CN2CC[C@H]1C[C@@H]2[C@@H](O)c1ccnc2ccccc12,3197.55358,0.37094599001427625
cx_01461,plate_3,c_ed0a6feebf,C=Cc1ccc2ccccc2c1,5863.8616,0.5703369675359697
cx_01462,plate_3,c_adb4434739,C=Cc1ccccn1,4447.21975,0.479411011240078
cx_01463,plate_3,c_929f506ac2,C=Cc1cnccn1,2629.87096,0.30668897269812334
cx_01464,plate_3,c_b12aaf9ddd,CC#Cc1ccccc1,4976.91362,0.5164118232522389
cx_01465,plate_3,c_46f6b24532,CC(=O)/C=C(/C)N1CCCC1,8517.48034,0.6930929049914469
cx_01466,plate_3,c_1ebcda584c,CC(=O)C(=O)N1CCCCC1,1787.40004,0.1797449675281816
cx_01467,plate_3,c_c87d3405c5,CC(=O)C(=O)c1ccccc1,7461.85022,0.6495824335983469
cx_01468,plate_3,c_7ce1ca87db,CC(=O)C(C(C)=O)c1ccccc1,0.0,-2.2832323152006726
cx_01469,plate_3,c_52a72df913,CC(=O)C(C)(C)O,4785.25112,0.5034990369555107
cx_01470,plate_3,c_43be8d6ff7,CC(=O)C1CCCC1=O,2803.04637,0.32765433873028466
cx_01471,plate_3,c_6951433773,CC(=O)C1CCCCC1,4643.16294,0.4935879295619131
cx_01472,plate_3,c_97f73d8fe9,CC(=O)C1CCCCC1=O,1465.22228,0.11441962105557252
cx_01473,plate_3,c_4b732309c7,CC(=O)C1CCN(C)C1=O,6887.14722,0.6232278703670439
cx_01474,plate_3,c_5c20133624,CC(=O)CC(=O)N(C)C,2370.24434,0.27251872766016755
cx_01475,plate_3,c_1e9901be98,CC(=O)CC(=O)Nc1ccccc1,0.0,-2.2832323152006726
cx_01476,plate_3,c_4cad1f331c,CC(=O)CC(=O)c1ccccc1,0.0,-2.2832323152006726
cx_01477,plate_3,c_52824eb87e,CC(=O)CC(C)=O,1979.14367,0.2132403312748324
cx_01478,plate_3,c_34f0aedafb,CC(=O)CC(N)=O,2928.45587,0.34204371104153053
cx_01479,plate_3,c_e6aaeea210,CC(=O)CCC(C)=O,4559.23679,0.4875903503692133
cx_01480,plate_3,c_6e69826d33,CC(=O)CCc1nc2ccccc2[nH]1,8938.50838,0.7089587480959589
cx_01481,plate_3,c_7d9150a0e1,CC(=O)CN(C)C,2882.83707,0.3368820118806606
cx_01482,plate_3,c_dd4249697b,CC(=O)CNC(C)=O,4357.088,0.47267874573074525
cx_01483,plate_3,c_6276436e7a,CC(=O)COCc1ccccc1,4923.64494,0.5128735543937426
cx_01484,plate_3,c_682d934cb3,CC(=O)CS(C)(=O)=O,2186.44446,0.24598471715691228
cx_01485,plate_3,c_3ce1dedc2d,CC(=O)Cc1ccco1,4771.51784,0.50255403058939
cx_01486,plate_3,c_d78568401a,CC(=O)NC(C)C(=O)O,0.0,-2.2832323152006726
cx_01487,plate_3,c_2a769e0f28,CC(=O)NC(C)C(C)=O,4332.03383,0.47078261834666224
cx_01488,plate_3,c_4c1a4a6c00,CC(=O)NCCO,3860.02637,0.43285174128147635
cx_01489,plate_3,c_76c6e0d2d9,CC(=O)NCc1ccccc1,4760.25116,0.5017767216504754
cx_01490,plate_3,c_9712985d2d,CC(=O)NNc1ccccc1,6641.018,0.6112612885940468
cx_01491,plate_3,c_96d23cded0,CC(=O)Nc1cccc(C(=O)O)n1,0.0,-2.2832323152006726
cx_01492,plate_3,c_31dd3d42e6,CC(=O)Nc1ccccc1,6142.14889,0.5855831884265478
cx_01493,plate_3,c_0bad516436,CC(=O)Nc1ccccc1O,5247.53523,0.5338219188479264
cx_01494,plate_3,c_ce161772df,CC(=O)Nc1ccccn1,1095.93345,0.018989452885223718
cx_01495,plate_3,c_be1ea4b316,CC(=O)Nc1nc(C)cs1,2232.10034,0.2527782939635675
cx_01496,plate_3,c_4edea3bd72,CC(=O)Nc1nccs1,0.0,-2.2832323152006726
cx_01497,plate_3,c_59bdb80415,CC(=O)OCCO,3210.29249,0.37225320604825746
cx_01498,plate_3,c_8366c46d7a,CC(=O)OCc1ccccn1,8874.19877,0.7065843080944084
cx_01499,plate_3,c_93b44a8a0a,CC(=O)Oc1ccccc1,4114.80435,0.4538673215662251
cx_01500,plate_3,c_1737d539be,CC(=O)Oc1ccccc1C(=O)O,2458.14968,0.2844900679376072
cx_01501,plate_3,c_035cbae044,CC(=O)c1[nH]c(=O)[nH]c1C,6722.72602,0.6152823349767267
cx_01502,plate_3,c_3bba640cdd,CC(=O)c1cc2ccccc2[nH]1,1878.47507,0.19608060878637193
cx_01503,plate_3,c_268fc6138e,CC(=O)c1cc2ccccc2o1,3171.42619,0.3682485340606109
cx_01504,plate_3,c_605b7a25b7,CC(=O)c1ccc(C(C)=O)s1,0.0,-2.2832323152006726
cx_01505,plate_3,c_3422d899ca,CC(=O)c1ccc(C)o1,3277.45392,0.37906042685038027
cx_01506,plate_3,c_6308e2b3b2,CC(=O)c1ccc(F)nc1,10906.12415,0.7743838750582069
cx_01507,plate_3,c_59bbb46a1c,CC(=O)c1ccc2ccccc2c1O,0.0,-2.2832323152006726
cx_01508,plate_3,c_c8aa4dce88,CC(=O)c1ccc2ccccc2n1,3440.50386,0.39502294748525757
cx_01509,plate_3,c_90e5cd8d77,CC(=O)c1ccc[nH]1,4650.95282,0.49413910705016817
cx_01510,plate_3,c_c93c498286,CC(=O)c1cccc(C(C)=O)n1,5442.95357,0.5458444802130183
cx_01511,plate_3,c_e63cabc022,CC(=O)c1ccccc1,5295.40262,0.5368077196599563
cx_01512,plate_3,c_be76c12ab0,CC(=O)c1ccccc1-n1cccn1,5623.43351,0.5565706636342805
cx_01513,plate_3,c_e4f314f21f,CC(=O)c1ccccc1C(=O)O,1433.177465,0.10715221029382353
cx_01514,plate_3,c_a0a1c15f0a,CC(=O)c1ccccc1O,4146.04078,0.45635386456621824
cx_01515,plate_3,c_7fb224bc2e,CC(=O)c1ccccc1[N+](=O)[O-],470.37451,-0.25878604934856503
cx_01516,plate_3,c_e4fe6b2157,CC(=O)c1ccccn1,3122.07165,0.3630918793502516
cx_01517,plate_3,c_98bdb06c00,CC(=O)c1cccn1C,3653.57346,0.4147788031943797
cx_01518,plate_3,c_b617eb7502,CC(=O)c1ccco1,6303.63721,0.5941168514866573
cx_01519,plate_3,c_d8ec022a6a,CC(=O)c1cccs1,2618.88589,0.30531289270720147
cx_01520,plate_3,c_e4ab282de3,CC(=O)c1cnc(-c2ccccc2)s1,1113.37891,0.024178689425612153
cx_01521,plate_3,c_06106e42a0,CC(=O)c1cncs1,4391.60328,0.47527312470445815
cx_01522,plate_3,c_9e55a31f64,CC(=O)c1cocn1,2944.45704,0.34383519739975255
cx_01523,plate_3,c_60cddfd79d,CC(=O)c1nc(-c2ccccc2)c[nH]1,728.2641,-0.11527016201637977
cx_01524,plate_3,c_a4ab41b129,CC(=O)c1ncc[nH]1,4475.40312,0.4814881553005056
cx_01525,plate_3,c_e8fb9342f7,CC(=O)c1noc(C)n1,3896.94696,0.4359816363414627
cx_01526,plate_3,c_f3b2f581f0,CC(C)(C)C(=O)CC(=O)C(C)(C)C,2691.64552,0.3143219272689131
cx_01527,plate_3,c_1b5b36c412,CC(C)(C)C(=O)Nc1ncccc1O,0.0,-2.2832323152006726
cx_01528,plate_3,c_d7c2f72148,CC(C)(C)OC(=O)NC1CCCc2cn[nH]c21,3755.95219,0.4238652036311746
cx_01529,plate_3,c_5cdd46a2da,CC(C)(C)OC(=O)NCc1ncc[nH]1,6573.90889,0.6079215163655143
cx_01530,plate_3,c_41621916f8,CC(C)(C)[S@](=O)/N=C/c1cnc[nH]1,0.0,-2.2832323152006726
cx_01531,plate_3,c_84e92412d2,CC(C)(CO)C(=O)O,2400.31928,0.27666369313268985
cx_01532,plate_3,c_06431808b5,CC(C)(CO)CO,5414.68738,0.5441324362467751
cx_01533,plate_3,c_7a19cb154d,CC(C)(F)C(=O)O,4882.6948,0.5101274026010706
cx_01534,plate_3,c_973ef2b684,CC(C)(O)C(=O)c1ccccc1,3876.8834,0.43428447040396806
cx_01535,plate_3,c_9c3d46c93c,CC(C)(O)C(N)=O,3437.82889,0.3947672234077748
cx_01536,plate_3,c_6ab53edf85,CC(C)(O)CCO,4468.02936,0.4809459673274001
cx_01537,plate_3,c_1dbb4101c0,CC(C)(O)Cc1ccccc1,4132.11029,0.45524726456241377
cx_01538,plate_3,c_82764c1b3f,CC(C)(O)c1ccccc1,2165.47032,0.2428161003383
cx_01539,plate_3,c_bdb082fca5,CC(C)(O)c1ccccc1O,6136.23332,0.5852663434157948
cx_01540,plate_3,c_a28d5f7c9d,CC(C)C(=O)CC(=O)C(C)C,3318.15858,0.38311854757621033
cx_01541,plate_3,c_aee78f3497,CC(C)NC(=S)NC(C)C,1693.19077,0.16194745594503873
cx_01542,plate_3,c_ce24af5234,CC(O)(c1cccnc1)C(C)(O)c1cccnc1,6516.21486,0.605022933564963
cx_01543,plate_3,c_f0312506e3,CC(O)CCCO,4816.33596,0.5056280523393957
cx_01544,plate_3,c_e5d0a27750,CC(O)CN(C)C,5269.57535,0.5352000726734907
cx_01545,plate_3,c_c5794d188c,CC(O)COc1ccccc1,5702.40448,0.5611561943239358
cx_01546,plate_3,c_413719b0d7,CC(O)Cc1ccccc1,4559.97883,0.48764386058725967
cx_01547,plate_3,c_f7921528ba,CC(O)c1ccccc1,4498.08632,0.48315045463723905
cx_01548,plate_3,c_9aaec07d89,CC(O)c1ccccn1,3531.77752,0.4036315552839234
cx_01549,plate_3,c_b5f9633082,CC(O)c1ccco1,4143.67202,0.4561659593021554
cx_01550,plate_3,c_2a7ab32db3,CC(O)c1nc2ccccc2[nH]1,2307.37596,0.2636816248289814
cx_01551,plate_3,c_b7f2827ddf,CC(O)c1nc2ccccc2s1,2943.44494,0.34372217162644664
cx_01552,plate_3,c_90397aef27,CC/N=C/c1ccccc1,8764.63531,0.7024990985959408
cx_01553,plate_3,c_6ccca412f4,CC1(C)C(=O)Nc2ccccc21,6160.3722,0.5865573365334954
cx_01554,plate_3,c_8dfc074371,CC1(C)CCCC(C)(C)C1=O,4974.899,0.5162786963546224
cx_01555,plate_3,c_9aa55497a4,CC1(C)COC(=O)N1,3762.38355,0.4244277104890294
cx_01556,plate_3,c_73ff78401a,CC1(C)NC(=O)NC1=O,25610.65786,1.0551227432691896
cx_01557,plate_3,c_430e63a573,CC1(C)O[C@@H](C(=O)O)[C@H](C(=O)O)O1,1117.73572,0.02546196604082242
cx_01558,plate_3,c_bc5f64c22a,CC1(C)O[C@H](CO)[C@@H](CO)O1,5776.45976,0.5653989653598288
cx_01559,plate_3,c_66b0b3c0cd,CC1(C)Oc2ccccc2NC1=O,2768.64961,0.32359512518953243
cx_01560,plate_3,c_7c56fc8dfb,CC1(O)CCCCC1,5915.66446,0.5732290928939372
cx_01561,plate_3,c_17fdb39ff1,CC1=CC(=O)CCC1,2570.94264,0.29923879742085324
cx_01562,plate_3,c_4bcc9d98ca,CC1C=NNC1=O,0.0,-2.2832323152006726
cx_01563,plate_3,c_6f74356b85,CC1CC(=O)OC(=O)C1,3054.3648,0.3558835680133434
cx_01564,plate_3,c_dd942850a3,CC1CC(O)=CC(=O)O1,3169.1338,0.3680108029245007
cx_01565,plate_3,c_734195979d,CC1CCC(=O)N1,7942.07453,0.6700921292203321
cx_01566,plate_3,c_83d5eed542,CC1CCC(=O)O1,3504.09475,0.40104434023395086
cx_01567,plate_3,c_55811899c5,CC1CCOC1=O,5486.30612,0.5484530883114486
cx_01568,plate_3,c_6f8770a612,CC1NC(=O)C(=O)OC1C,1077.75282,0.013492969854961429
cx_01569,plate_3,c_d2787d69ab,CCC(=O)N(C)C,5052.77994,0.5213862743571885
cx_01570,plate_3,c_ebfe67f041,CCC(=O)OC(C)(C)C,5866.66368,0.5704940584856486
cx_01571,plate_3,c_0a1e21b480,CCC(=O)c1ccc[nH]1,2128.32248,0.23712805313824684
cx_01572,plate_3,c_f23f9e14b0,CCC(O)c1ccco1,6390.9321,0.5986392767964771
cx_01573,plate_3,c_2ff06e6cfc,CCC/C(=N\O)C(C)=O,873.72234,-0.05545730465934689
cx_01574,plate_3,c_6b92a7e320,CCCC#CCCC,5090.38135,0.5238241373157019
cx_01575,plate_3,c_c04dcd7886,CCCC(=O)OCC,6117.16535,0.5842429573670168
cx_01576,plate_3,c_b76d907e85,CCCC(C)(C)O,4650.87352,0.49413350078394563
cx_01577,plate_3,c_fef5c53640,CCCC(O)CO,4854.71823,0.5082379978472212
cx_01578,plate_3,c_23ae352fa4,CCCCC(=O)NC,5998.04755,0.5777767438531258
cx_01579,plate_3,c_dd372294a2,CCCCC(=O)c1ccccc1,5002.0,0.51806504359015
cx_01580,plate_3,c_b28bb54ebb,CCCCC(N)=O,5973.13788,0.5764083187975473
cx_01581,plate_3,c_2cdc69b617,CCCCCC#N,7695.22816,0.6597094950112653
cx_01582,plate_3,c_6de8a92462,CCCCCC(C)=O,4405.86143,0.47633890928020184
cx_01583,plate_3,c_172c6fd294,CCCCCCC(C)=O,8701.7782,0.7001322801506065
cx_01584,plate_3,c_0f2d576459,CCCCNC(C)=O,5897.86174,0.5722380424789674
cx_01585,plate_3,c_eff78eb27b,CCCCNC=O,5784.33461,0.5658469278809676
cx_01586,plate_3,c_bf12fd35f4,CCCCOC(N)=O,6210.93319,0.589245120627347
cx_01587,plate_3,c_626e6487fa,CCCCc1ccsc1,3403.90075,0.3915063578755557
cx_01588,plate_3,c_ca083b631e,CCCCn1ccnc1,5482.97551,0.548253411075242
cx_01589,plate_3,c_5908e28d1d,CCCNC(N)=O,2947.32771,0.3441555668969437
cx_01590,plate_3,c_b7191c441b,CCCNS(C)(=O)=O,3568.96048,0.4070749297683328
cx_01591,plate_3,c_bb3e474201,CCCc1ncc[nH]1,3456.62145,0.396559576347266
cx_01592,plate_3,c_88c40956c6,CCN(C(C)C)C(C)C,3366.21718,0.387846247899092
cx_01593,plate_3,c_6ac5a906da,CCN(CC)C(=O)CO,3210.5249,0.37227700683766013
cx_01594,plate_3,c_964e18e698,CCN(CC)C(N)=O,6016.38639,0.5787805705014923
cx_01595,plate_3,c_f3b554dd17,CCN(CC)CCCO,0.0,-2.2832323152006726
cx_01596,plate_3,c_ef2a038ea9,CCN(CC)c1ccccc1,6411.83711,0.5997131206495757
cx_01597,plate_3,c_8aafc765a3,CCN1CCCC1=O,4435.52056,0.4785449004841214
cx_01598,plate_3,c_3544302468,CCN1CCNC(=O)C1=O,3300.29248,0.38134351895358687
cx_01599,plate_3,c_aeeb674c17,CCNC(=O)C(=O)NCC,5817.24131,0.5677122583031389
cx_01600,plate_3,c_5fc1675a77,CCNC(=O)OC,4100.8459,0.4527500671376567
cx_01601,plate_3,c_1dea961cd0,CCNC(=O)OCC,4040.90529,0.4479087154745806
cx_01602,plate_3,c_db625c7961,CCOC(=N)C(=O)OCC,8777.15842,0.7029686151205623
cx_01603,plate_3,c_9fb550d789,CCOC(=N)CCOC,6115.79971,0.5841695405380372
cx_01604,plate_3,c_c6d3ed577b,CCOC(=O)/C(N)=N\O,2141.70493,0.23918851767781862
cx_01605,plate_3,c_14b4f5f16b,CCOC(=O)C(=O)C1CCCCC1,8992.35114,0.7109336303066417
cx_01606,plate_3,c_d6b350c8db,CCOC(=O)C(=O)N(C)C,4770.91136,0.5025122351737251
cx_01607,plate_3,c_31f2a52b8f,CCOC(=O)C(=O)Nc1ccccc1,4476.46323,0.48156603108792234
cx_01608,plate_3,c_3040f76883,CCOC(=O)C(=O)O,3724.74977,0.42112240152996594
cx_01609,plate_3,c_b2ccb54583,CCOC(=O)C(=O)OCC,4498.31531,0.48316719301130373
cx_01610,plate_3,c_3c72c1b068,CCOC(=O)C(C)=O,4634.10896,0.49294614702838657
cx_01611,plate_3,c_64b3f4f16b,CCOC(=O)C(N)=O,4909.41881,0.5119221349517928
cx_01612,plate_3,c_c6b58d9914,CCOC(=O)C1CCCCC1=O,515.78001,-0.22854118365436077
cx_01613,plate_3,c_c2e877cad6,CCOC(=O)C1CCNC1=O,5808.50277,0.5672179412184208
cx_01614,plate_3,c_fedb710df0,CCOC(=O)CC#N,1011.28218,-0.007422953063350459
cx_01615,plate_3,c_e6d0463547,CCOC(=O)CC(=O)OCC,2587.42537,0.3013397297909095
cx_01616,plate_3,c_b3ed4506c5,CCOC(=O)CC(=O)c1ccccn1,0.0,-2.2832323152006726
cx_01617,plate_3,c_64763fb818,CCOC(=O)CCCC(=O)CC,5199.16297,0.5307768338388357
cx_01618,plate_3,c_68c2a86217,CCOC(=O)CN(C)C,5197.67661,0.5306828179493975
cx_01619,plate_3,c_2212de4197,CCOC(=O)CNC(=O)CC,4909.51692,0.5119287058166033
cx_01620,plate_3,c_ee76894b5f,CCOC(=O)CNC(C)=O,4218.9595,0.4620863422642654
cx_01621,plate_3,c_b169a6c8c9,CCOC(=O)CNC=O,4747.80778,0.5009160895741142
cx_01622,plate_3,c_18e6ade498,CCOC(=O)CO,4152.31008,0.4568506682523771
cx_01623,plate_3,c_a84615054e,CCOC(=O)CSc1ccccc1,1629.61911,0.14936945005731814
cx_01624,plate_3,c_ae77b907b4,CCOC(=O)Cc1ccccn1,3767.75369,0.42489666377386676
cx_01625,plate_3,c_fbaf26268a,CCOC(=O)Cc1ccco1,5421.86449,0.5445679887668615
cx_01626,plate_3,c_7c21f60fbe,CCOC(=O)Cc1ncccn1,1842.85462,0.18978781814005327
cx_01627,plate_3,c_102050ed84,CCOC(=O)Cn1nnc(-c2ccccc2)n1,3708.21065,0.41965922549615725
cx_01628,plate_3,c_e30f8f0913,CCOC(=O)NC,5292.16002,0.5366063112997804
cx_01629,plate_3,c_9281238baf,CCOC(=O)OCC,5172.48048,0.5290849983859947
cx_01630,plate_3,c_108b53c136,CCOC(=O)[C@@H]1CCCC[C@H]1O,3169.10706,0.3680080288522283
cx_01631,plate_3,c_89cb2ae633,CCOC(=O)c1c[nH]cn1,6209.53369,0.5891710190961066
cx_01632,plate_3,c_e765e0e3bf,CCOC(=O)c1cc(C)on1,862.4015,-0.05974146979627264
cx_01633,plate_3,c_3c95bd22f1,CCOC(=O)c1ccccc1,5277.58666,0.5356995868104191
cx_01634,plate_3,c_31b01f4948,CCOC(=O)c1ccccn1,3764.6962,0.4246297471361211
cx_01635,plate_3,c_ee7d31e2cf,CCOC(=O)c1cccs1,1860.80548,0.19297410740855414
cx_01636,plate_3,c_ea585cb17d,CCOC(=O)c1cn(Cc2ccccc2)nn1,7792.90328,0.6638570937322446
cx_01637,plate_3,c_c30fa48ad6,CCOC(=O)c1cnoc1C,6059.73376,0.5811411976484806
cx_01638,plate_3,c_03dd82ea86,CCOC(=O)c1csc(-c2ccccn2)n1,8061.98847,0.6750199556385639
cx_01639,plate_3,c_c27d0ce9c3,CCOC(=O)c1nc2ccccc2s1,2212.1482,0.2498266716264825
cx_01640,plate_3,c_012155e2f9,CCOC(=O)c1ncc[nH]1,19644.16953,0.9678995270626717
cx_01641,plate_3,c_baa848edde,CCOC(=O)c1nccn1C,4154.2481,0.4570040927544148
cx_01642,plate_3,c_ae96d3b59d,CCOC(=O)c1ncco1,4866.41041,0.5090289528833576
cx_01643,plate_3,c_4aff32e160,CCOCC(=O)OCC,4248.15254,0.46435362295506555
cx_01644,plate_3,c_6e082b9e99,CCOCC(C)O,4679.99985,0.4961862407014604
cx_01645,plate_3,c_1be76f70f6,CCOP(C)(=O)OCC,2083.12796,0.2300725714361832
cx_01646,plate_3,c_c40280aeac,CCOc1ccccc1C(N)=O,4331.85585,0.47076910944090966
cx_01647,plate_3,c_da09c99410,CCS(=O)(=O)CC,5688.91798,0.5603776000675668
cx_01648,plate_3,c_e098180e4b,CCSCCO,4450.36516,0.4796434827067235
cx_01649,plate_3,c_22809f8f3c,CCc1ccc[nH]1,5211.01427,0.5315254974977625
cx_01650,plate_3,c_440b7660ea,CCc1ncc[nH]1,5045.97457,0.5209431148026451
cx_01651,plate_3,c_2ea890a491,CN(C)/C=N/C(C)(C)C,5201.9233,0.5309513601626683
cx_01652,plate_3,c_af2a4b193e,CN(C)C(=N)N(C)C,5808.80413,0.5672350007660102
cx_01653,plate_3,c_317e995839,CN(C)C(=O)CC#N,5617.29952,0.5562117967914396
cx_01654,plate_3,c_f47df408d8,CN(C)C(C)(C)CO,0.0,-2.2832323152006726
cx_01655,plate_3,c_914e19d17d,CN(C)CC(=O)O,1291.07644,0.07283698932424255
cx_01656,plate_3,c_6a4be64400,CN(C)CC(C)(C)CO,3680.05056,0.41715289420187585
cx_01657,plate_3,c_3811ccdd73,CN(C)CC(N)=O,538.85606,-0.21417414618732974
cx_01658,plate_3,c_720d978b35,CN(C)CC(O)CN(C)C,0.0,-2.2832323152006726
cx_01659,plate_3,c_3201900a92,CN(C)CCC#N,546.97229,-0.2092666026992897
cx_01660,plate_3,c_c33fc64fb0,CN(C)CCCCO,0.0,-2.2832323152006726
cx_01661,plate_3,c_3f9a09ecec,CN(C)CCCO,0.0,-2.2832323152006726
cx_01662,plate_3,c_bce0632f7d,CN(C)CCN(C)C,5884.29392,0.5714807320808155
cx_01663,plate_3,c_1e72e853da,CN(C)CCN(C)CCN(C)C,2501.86913,0.29028555108577286
cx_01664,plate_3,c_b157c6a334,CN(C)S(C)(=O)=O,4663.0307,0.4949918622324632
cx_01665,plate_3,c_9ff0dbf1d2,CN(C)[C@@H](Cc1ccccc1)C(=O)O,3255.188535,0.37681927034709956
cx_01666,plate_3,c_62bb1e62c0,CN(C)c1ccccc1C(=O)O,0.0,-2.2832323152006726
cx_01667,plate_3,c_5ca5fe8757,CN(C)c1ccccc1C=O,0.0,-2.2832323152006726
cx_01668,plate_3,c_050f7ea2f0,CN(C=O)c1ccccn1,3742.63108,0.422697028491743
cx_01669,plate_3,c_c31c7b64e8,CN(CCO)CCO,0.0,-2.2832323152006726
cx_01670,plate_3,c_85d4b1e052,CN1C(=O)CC(=O)NC1=O,0.0,-2.2832323152006726
cx_01671,plate_3,c_e103b699d9,CN1CC(=O)N=C1N,3144.37162,0.36543183990446254
cx_01672,plate_3,c_51f28a786b,CN1CC(=O)NC1=O,47299.97185,1.2568826228756305
cx_01673,plate_3,c_605547cb23,CN1CCCC1C(=O)O,6818.80475,0.6199485501961743
cx_01674,plate_3,c_d93dcf2897,CN1CCCC1CO,2096.66042,0.23220109440893064
cx_01675,plate_3,c_3b023dc050,CN1CCCCC1=O,5032.7944,0.5200831320865682
cx_01676,plate_3,c_6e40803544,CN1CCCN(C)C1=O,5370.67706,0.5414489232065779
cx_01677,plate_3,c_4957d7ca3b,CN1CCCN2CCCN=C12,0.0,-2.2832323152006726
cx_01678,plate_3,c_09e1f17136,CN1Cc2ccccc2NC1=O,2649.26376,0.30910430755841145
cx_01679,plate_3,c_997a594b7c,CNC(=O)C(=O)NC,4183.01888,0.4592733702517897
cx_01680,plate_3,c_f237db1c10,CNC(=O)C(=O)O,0.0,-2.2832323152006726
cx_01681,plate_3,c_8cfb815e2a,CNC(=O)C(=O)c1ccccc1,8082.09453,0.6758390277583021
cx_01682,plate_3,c_b976e05e10,CNC(=O)CC#N,3373.0147,0.3885094921598224
cx_01683,plate_3,c_7470c636c0,CNC(=O)N(C)C,2543.59873,0.2957235946181024
cx_01684,plate_3,c_71498407e5,CNC(=O)c1ccccc1,5325.20929,0.5386533529257654
cx_01685,plate_3,c_be036ba8b2,CNC(=O)c1ccccc1O,3905.14623,0.43667269518044627
cx_01686,plate_3,c_a817d4279f,CNC(=O)c1cn2ccccc2n1,2535.27073,0.29464547935686175
cx_01687,plate_3,c_58f29607c5,CNS(=O)(=O)N(C)C,2712.57528,0.3168683749885575
cx_01688,plate_3,c_668716921c,CNS(C)(=O)=O,5261.93954,0.5347232641599489
cx_01689,plate_3,c_c5cec6564f,COC(=N)c1cnccn1,0.0,-2.2832323152006726
cx_01690,plate_3,c_9cca015370,COC(=O)C(=O)c1ccccc1,5264.98996,0.5349138267115895
cx_01691,plate_3,c_66cf14655d,COC(=O)C(C)=O,5542.88566,0.5518267607328153
cx_01692,plate_3,c_7e7ec024f1,COC(=O)C1CCCC1=O,955.27648,-0.02614111539621611
cx_01693,plate_3,c_45350345a9,COC(=O)C1CCCCC1,2670.64631,0.3117470596603214
cx_01694,plate_3,c_9282772425,COC(=O)C1CCCCO1,2662.18495,0.3107038250777392
cx_01695,plate_3,c_b782665c2f,COC(=O)CC#N,0.0,-2.2832323152006726
cx_01696,plate_3,c_e0cb160a12,COC(=O)CC(=O)CC(=O)OC,0.0,-2.2832323152006726
cx_01697,plate_3,c_ca3d6b9daf,COC(=O)CC(N)=O,4662.81339,0.49497653864121943
cx_01698,plate_3,c_517c9535bb,COC(=O)CCC#N,3448.86019,0.3958205246797825
cx_01699,plate_3,c_7b104397da,COC(=O)CCC(=O)C(=O)OC,5999.3544,0.5778483793483935
cx_01700,plate_3,c_4e548184f2,COC(=O)CCO,2978.51045,0.34761563037696686
cx_01701,plate_3,c_07bf0d7ec8,COC(=O)CC[N+](=O)[O-],1727.77563,0.16859345523102168
cx_01702,plate_3,c_129629d843,COC(=O)CCc1c[nH]cn1,4331.6987,0.47075718109704745
cx_01703,plate_3,c_3a2a498940,COC(=O)CN(C)C,4784.82087,0.5034694720123534
cx_01704,plate_3,c_3d9c8a3bb9,COC(=O)CNC(=O)C(=O)OC,3269.49036,0.3782605957253432
cx_01705,plate_3,c_b426def58f,COC(=O)CS(C)(=O)=O,5621.99701,0.5564866568348396
cx_01706,plate_3,c_540e3bc020,COC(=O)C[C@@H](C)O,4800.98651,0.5045784837416931
cx_01707,plate_3,c_48c35cd69a,COC(=O)C[N+](=O)[O-],3810.12848,0.4285738172274389
cx_01708,plate_3,c_0d9a962d67,COC(=O)Cc1ccccn1,5195.77794,0.5305626833417111
cx_01709,plate_3,c_50553b4d76,COC(=O)Cc1nccs1,2206.23019,0.24894607172544492
cx_01710,plate_3,c_47cea63067,COC(=O)N1CCCCC1,5406.1491,0.5436135268786872
cx_01711,plate_3,c_a3b736771f,COC(=O)Nc1ccc(OC)cc1,3576.25438,0.4077461812274581
cx_01712,plate_3,c_55e233981d,COC(=O)Nc1ccccc1,6275.50922,0.5926462962880016
cx_01713,plate_3,c_33afb1bad6,COC(=O)Nc1nc2ccccc2[nH]1,0.0,-2.2832323152006726
cx_01714,plate_3,c_fc28643351,COC(=O)[C@@H](O)[C@H](O)c1ccccc1,5791.15637,0.56623449253318
cx_01715,plate_3,c_7757c24aa0,COC(=O)c1cc(C)ccc1O,1970.28598,0.21176588458348083
cx_01716,plate_3,c_88908e3511,COC(=O)c1cc(OC)ccc1O,1931.68695,0.20526240366040394
cx_01717,plate_3,c_d95dac0f8b,COC(=O)c1ccc(OC)cc1,5201.4961,0.5309243558094474
cx_01718,plate_3,c_78bd4a1b1c,COC(=O)c1cccc(C(=O)O)n1,0.0,-2.2832323152006726
cx_01719,plate_3,c_5d4233df2b,COC(=O)c1cccc(C(=O)OC)n1,10808.8899,0.7714388826220874
cx_01720,plate_3,c_32133c467c,COC(=O)c1cccc2c1NC(=O)C2,731.13007,-0.11398022961555401
cx_01721,plate_3,c_b88527c2c0,COC(=O)c1ccccc1,5636.41457,0.5573288270258301
cx_01722,plate_3,c_2c9263eeab,COC(=O)c1ccccc1-c1ccc[nH]1,2480.23326,0.2874302476957685
cx_01723,plate_3,c_9d06e34249,COC(=O)c1ccccc1C(=O)O,2121.16975,0.2360214472493957
cx_01724,plate_3,c_abddb327a9,COC(=O)c1ccccc1C(=O)OC,4460.30009,0.4803766777519359
cx_01725,plate_3,c_23cc32befa,COC(=O)c1ccccc1N(C)C,0.0,-2.2832323152006726
cx_01726,plate_3,c_3ea13d6845,COC(=O)c1ccccc1OC,1397.44115,0.09885357209345876
cx_01727,plate_3,c_9a6c4bb451,COC(=O)c1ccccc1S,0.0,-2.2832323152006726
cx_01728,plate_3,c_ba00589419,COC(=O)c1ccccc1SC,459.53844,-0.26643458251778757
cx_01729,plate_3,c_574c9e5b84,COC(=O)c1ccccn1,2232.19608,0.2527923936029606
cx_01730,plate_3,c_6e63c3e267,COC(=O)c1cccnc1O,2621.53237,0.30564493936313814
cx_01731,plate_3,c_911c879c6a,COC(=O)c1cccs1,1917.10284,0.20277128553664295
cx_01732,plate_3,c_e9bd7c861a,COC(=O)c1ccn(C)n1,4160.70906,0.45751506204592784
cx_01733,plate_3,c_2e6c2b9adf,COC(=O)c1ccnn1C,5987.03123,0.5771722589892678
cx_01734,plate_3,c_0b3c286123,COC(=O)c1ccno1,0.0,-2.2832323152006726
cx_01735,plate_3,c_8d3c85feee,COC(=O)c1cn(C)cn1,4462.1842,0.48051554034055977
cx_01736,plate_3,c_b4405b074e,COC(=O)c1cncs1,1147.95496,0.03422768530491512
cx_01737,plate_3,c_e881bf1346,COC(=O)c1nc[nH]n1,5801.05516,0.5667960615286288
cx_01738,plate_3,c_82dfd9102a,COC(C)C(N)=O,5525.25121,0.5507789775559702
cx_01739,plate_3,c_ffcbd24baf,COC(OC)c1ccccc1,4496.96602,0.4830685523148707
cx_01740,plate_3,c_55b6e33ac9,COC1CCCCC1=O,3436.97864,0.3946858988147276
cx_01741,plate_3,c_2c3cc76208,COCC(=O)OC,3743.06471,0.42273512044605105
cx_01742,plate_3,c_50cb9c1c39,COCC(=O)c1ccccc1,4247.17095,0.46427764106359676
cx_01743,plate_3,c_3efe3c0883,COCC(C)(C)O,3082.749,0.358924706478002
cx_01744,plate_3,c_1bd8655a83,COCC/C(N)=N/O,6607.38015,0.6095914966570946
cx_01745,plate_3,c_b664a62821,COCCC(=O)OC,3376.31807,0.3888313246351733
cx_01746,plate_3,c_5b245e09c2,COCCCNS(N)(=O)=O,4021.19818,0.44630129372999555
cx_01747,plate_3,c_1784e79622,COCCNS(=O)(=O)N(C)C,5006.09694,0.5183342488059046
cx_01748,plate_3,c_080a543259,COCc1ccccc1C(=O)O,4017.39662,0.44599031131612915
cx_01749,plate_3,c_2473ca3d10,CON(C)C(C)=O,3036.09793,0.3539114419006403
cx_01750,plate_3,c_832308c6fa,CO[C@H]1CCCC[C@@H]1O,4478.84222,0.4817407248380139
cx_01751,plate_3,c_89df1ccc18,COc1cc[nH]n1,5210.17422,0.5314724864154892
cx_01752,plate_3,c_92b0cc8d55,COc1ccc(/C(N)=N\O)cc1,1633.40841,0.15013281895963965
cx_01753,plate_3,c_f1fb2e4fc4,COc1ccc(C(=N)N)cc1,5292.49506,0.5366271274312292
cx_01754,plate_3,c_c2e60c2140,COc1ccc(C(=O)O)c(O)c1,1045.09786,0.0033837635605987004
cx_01755,plate_3,c_a61d5d7ad0,COc1ccc(C(=O)O)cc1,5220.89773,0.5321485492109953
cx_01756,plate_3,c_facc105394,COc1ccc(C(C)=O)cc1,3324.44435,0.38374077866669476
cx_01757,plate_3,c_dab4f27719,COc1ccc(C(N)=O)cc1,6048.97395,0.5805568149905271
cx_01758,plate_3,c_5b7c0e8a63,COc1ccc(C=O)cc1,2556.79966,0.29742533481530986
cx_01759,plate_3,c_6d38932327,COc1ccc(COCC(=N)N)cc1,4785.87787,0.5035420997845628
cx_01760,plate_3,c_b3f20d03a6,COc1ccc(N2CCNC2=O)cc1,1292.71454,0.07325367558178135
cx_01761,plate_3,c_eba3569946,COc1ccc(O)c(C(=O)O)c1,0.0,-2.2832323152006726
cx_01762,plate_3,c_7ebce15718,COc1ccc(O)c([N+](=O)[O-])c1,0.0,-2.2832323152006726
cx_01763,plate_3,c_e325071ace,COc1ccc(S(N)(=O)=O)cc1,3078.25886,0.35844549262641395
cx_01764,plate_3,c_a2316e1cf9,COc1ccc2[nH]ccc2c1,6846.72013,0.6212919843965403
cx_01765,plate_3,c_a5c1854d6d,COc1ccc2c(c1)C(=O)C(=O)N2,0.0,-2.2832323152006726
cx_01766,plate_3,c_3dae2cd838,COc1ccc2c(c1)CC(=O)N2,1527.86677,0.12817899284510476
cx_01767,plate_3,c_b781f68a2f,COc1ccc2c(c1)CCC(=O)N2,3914.14345,0.43742934038768017
cx_01768,plate_3,c_ace4fcf47b,COc1ccc2c(c1)CNC2=O,5502.41542,0.5494171679283575
cx_01769,plate_3,c_b528767be1,COc1ccc2c(c1)NC(=O)C2=O,4467.9674,0.48094140765814414
cx_01770,plate_3,c_51573e3907,COc1cccc2c1C(=O)CCC2,4339.68965,0.47136318004344263
cx_01771,plate_3,c_43c76f11fe,COc1cccc2c1NC(=O)C2,1452.71247,0.11160161222656521
cx_01772,plate_3,c_c3d6c577e6,COc1cccc2cc(C(=O)O)[nH]c12,0.0,-2.2832323152006726
cx_01773,plate_3,c_0370f04d76,COc1cccc2cc[nH]c12,5361.207685,0.5408686578727797
cx_01774,plate_3,c_1d3126b76f,COc1ccccc1,3836.50762,0.4308423260939315
cx_01775,plate_3,c_cf12cd1548,COc1ccccc1/C(N)=N/O,1098.8363,0.01985861829309424
cx_01776,plate_3,c_52967f6e46,COc1ccccc1C(N)=S,0.0,-2.2832323152006726
cx_01777,plate_3,c_0121a33d69,COc1ccccc1NC(C)=O,4853.80015,0.5081758107566897
cx_01778,plate_3,c_3bcd84af16,COc1ccccc1NC(N)=S,0.0,-2.2832323152006726
cx_01779,plate_3,c_4bbf4ab9cd,COc1ccccc1O,6469.60058,0.602662200613463
cx_01780,plate_3,c_e0c2d96ba7,COc1ccccc1OC,5650.74445,0.5581637440595929
cx_01781,plate_3,c_8effd290ef,COc1ccccc1OCC(N)=O,4189.66014,0.45979497859395757
cx_01782,plate_3,c_26ba1db84a,COc1ccccc1S,1264.01157,0.06587491567717285
cx_01783,plate_3,c_4c3388b95a,COc1ccnc(O)c1,6682.91296,0.613329180233278
cx_01784,plate_3,c_d8bdf22a73,CS(=O)(=O)C/C(N)=N/O,2583.90796,0.30089251647716564
cx_01785,plate_3,c_67bfe0b34e,CS(=O)(=O)CC(=O)c1ccccc1,4278.35108,0.4666826634998122
cx_01786,plate_3,c_8bd8d0cb87,CS(=O)(=O)Nc1ccccn1,877.00673,-0.054224760281563346
cx_01787,plate_3,c_8cb0b88a18,CS(=O)(=O)c1ccccc1O,5599.18139,0.5551495099031607
cx_01788,plate_3,c_0b6a35acdb,CS(=O)(=O)c1nc2ccccc2[nH]1,1080.50633,0.014331354209601603
cx_01789,plate_3,c_21310858a4,CS(=O)(=O)c1nc2ccccc2s1,1053.83969,0.006120631517952472
cx_01790,plate_3,c_2f3b4ff2e4,CS(=O)(=O)c1nc[nH]n1,2735.09397,0.31958630065192606
cx_01791,plate_3,c_9d4ff6c5e5,CS(=O)c1ccccc1,4060.96277,0.4495366878016017
cx_01792,plate_3,c_95227c1d67,CS(C)(=O)=O,6412.36932,0.5997404133765472
cx_01793,plate_3,c_49a28e6491,CS(N)(=O)=O,6021.34213,0.5790513114641794
cx_01794,plate_3,c_73defb78b7,CSCC(=O)O,0.0,-2.2832323152006726
cx_01795,plate_3,c_cbca343ced,CSCC(C)=O,4730.43031,0.4997104155213187
cx_01796,plate_3,c_bac17af9d0,CSCCCO,2548.93118,0.29641206452111407
cx_01797,plate_3,c_8624185335,CSc1ccccc1,4120.23608,0.45430106125599523
cx_01798,plate_3,c_2fab419e6e,CSc1ccccc1C(=O)O,290.518145,-0.4168276109848376
cx_01799,plate_3,c_b8a851f045,CSc1ccccc1O,2993.65441,0.3492829747428308
cx_01800,plate_3,c_01eedcff64,C[C@@H]1COC(=O)O1,2958.65956,0.3454171734150135
cx_01801,plate_3,c_320b9e5157,C[S@@](=N)(=O)c1ccccc1,4190.45595,0.4598574264952217
cx_01802,plate_3,c_59b4333037,Cc1cc(C)[nH]n1,4367.19582,0.47344063259284697
cx_01803,plate_3,c_87912889b2,Cc1cc(C)on1,6878.29305,0.6228048543221771
cx_01804,plate_3,c_9d727a2000,Cc1cc(O)nc(O)c1,1117.36901,0.025354146229821
cx_01805,plate_3,c_4a03388181,Cc1cc([N+](=O)[O-])c(O)c([N+](=O)[O-])c1,0.0,-2.2832323152006726
cx_01806,plate_3,c_f51951df7f,Cc1ccc(-c2nnn[nH]2)cc1,6761.74586,0.6171853861651757
cx_01807,plate_3,c_d81fffbb97,Cc1ccc(C(=O)NN)cc1,1073.87126,0.012307476836267785
cx_01808,plate_3,c_9d1338716b,Cc1ccc(C(N)=O)cc1,6076.56481,0.5820532416639055
cx_01809,plate_3,c_9d98388c77,Cc1ccc(C(N)=S)cc1,558.45589,-0.20244572632038116
cx_01810,plate_3,c_8faae0d3f1,Cc1ccc(C=O)cc1,5882.75125,0.5713945148773457
cx_01811,plate_3,c_53139ac9e3,Cc1ccc(O)nc1,3881.58449,0.4346829194925071
cx_01812,plate_3,c_71a7ae8d89,Cc1cccc(C)c1C(=O)O,2520.23503,0.29269001154971047
cx_01813,plate_3,c_a61c5b5942,Cc1cccc(C)c1O,7649.68832,0.6577577019454004
cx_01814,plate_3,c_9bcdd0a619,Cc1ccn(C(N)=O)n1,32001.31052,1.1283833071377063
cx_01815,plate_3,c_1e41fce493,Cc1cnc(C(=N)N)cn1,3714.49382,0.4202158494186165
cx_01816,plate_3,c_3fdbb50cfc,Cc1cnc(C(C)NC(=O)OC(C)(C)C)[nH]1,2862.47422,0.3345515726410436
cx_01817,plate_3,c_3c6075a79a,Cc1cnc(O)nc1,4572.28908,0.48853031318201806
cx_01818,plate_3,c_6ecabb04fb,Cc1cscn1,3391.87978,0.3903432099452844
cx_01819,plate_3,c_f910f02aa3,Cc1nc(-c2ccccc2O)cs1,0.0,-2.2832323152006726
cx_01820,plate_3,c_15039fcfe8,Cc1nc(=O)[nH]n1-c1ccccc1,2744.45325,0.3207093577261572
cx_01821,plate_3,c_d78acf8270,Cn1c(=O)[nH]c2ccccc2c1=O,0.0,-2.2832323152006726
cx_01822,plate_3,c_66fd695106,Cn1cc(C(=O)O)nn1,0.0,-2.2832323152006726
cx_01823,plate_3,c_8dd4a99511,Cn1cc[nH]c1=O,9284.7445,0.7214559616075491
cx_01824,plate_3,c_c3efae03b8,Cn1ccc(=O)[nH]c1=O,9109.92326,0.7152052389490224
cx_01825,plate_3,c_cc5e5aafc9,Cn1ccc(=O)n(C)c1=O,7996.30638,0.6723299202340716
cx_01826,plate_3,c_e4ebbce005,Cn1ccc(C(=O)O)n1,0.0,-2.2832323152006726
cx_01827,plate_3,c_0bd53f1d2d,Cn1ccnc1[N+](=O)[O-],6301.64507,0.5940129168008084
cx_01828,plate_3,c_b7bee82cf3,Cn1cnc(C=O)c1,3259.92563,0.37729737059315177
cx_01829,plate_3,c_f8463f8820,Cn1cnc(CO)c1,4263.678765000001,0.46555313176347435
cx_01830,plate_3,c_9bff495d26,Cn1cnc(S(N)(=O)=O)c1,2607.50081,0.3038806019244362
cx_01831,plate_3,c_72ec7d83a4,Cn1cnc2c(=O)[nH]c(=O)[nH]c21,3905.35284,0.43669009014244903
cx_01832,plate_3,c_cef4f2744a,Cn1cnc2c(=O)[nH]c(=O)n(C)c21,3510.14136,0.40161119264120093
cx_01833,plate_3,c_9d2aa053ee,Cn1cnc2ccccc21,5289.8116,0.5364603662946763
cx_01834,plate_3,c_595067f04a,Cn1cncc1C(=O)O,1791.54777,0.18050682688521955
cx_01835,plate_3,c_7756c7ee5a,Cn1cncc1CO,5596.70099,0.5550038137941435
cx_01836,plate_3,c_5915219f6b,Cn1nc(-c2ccccc2)cc1O,730.69049,-0.11417775013555986
cx_01837,plate_3,c_351d4cca32,Cn1nccc1C(=O)O,1631.897295,0.14982861147035198
cx_01838,plate_3,c_1976abf777,Cn1nccc1O,0.0,-2.2832323152006726
cx_01839,plate_3,c_356df7336d,Cn1nncc1C(=O)O,991.25103,-0.013996037470062726
cx_01840,plate_3,c_eec3487744,FC(F)(F)c1c[nH]cn1,5822.61098,0.568015638806612
cx_01841,plate_3,c_d8eb90ae3f,FC(F)(F)c1cn[nH]c1,2938.47431,0.3431665144070238
cx_01842,plate_3,c_bee2a42d3a,FC(F)(F)c1ncc[nH]1,8075.03214,0.6755515554845021
cx_01843,plate_3,c_5a943dbafe,Fc1ccc2[nH]ccc2c1,5704.40374,0.5612714576445256
cx_01844,plate_3,c_9dc9d5f12a,Fc1ccc2[nH]ncc2c1,2811.84396,0.3286845593891016
cx_01845,plate_3,c_10c829ce54,Fc1ccccn1,5753.0169,0.5640617899138576
cx_01846,plate_3,c_1122dc32c7,N#CC(C#N)c1ccccc1,1415.47455,0.10306743390512471
cx_01847,plate_3,c_8207f6ef25,N#CC1(O)CCCCC1,0.0,-2.2832323152006726
cx_01848,plate_3,c_4f5275da86,N#CC1CCCCC1,4636.29566,0.49310126387365727
cx_01849,plate_3,c_207947d691,N#CC1CCCS1,1343.23879,0.0858530216645872
cx_01850,plate_3,c_fa5f88c96e,N#CCC(=O)Nc1ccccc1,3204.21261,0.37162996116882835
cx_01851,plate_3,c_b4b731c8f3,N#CCC1=CCCCC1,2828.91781,0.33067478906217324
cx_01852,plate_3,c_2988a9b721,N#CCCCc1ccccc1,6523.99003,0.6054150554227352
cx_01853,plate_3,c_d7c4f5d946,N#CCS(N)(=O)=O,5673.55602,0.5594884814988097
cx_01854,plate_3,c_52364a5acd,N#CCc1cccc2cccnc12,4503.0,0.4835094407300225
cx_01855,plate_3,c_b32d2718d4,N#CCc1nccs1,723.36702,-0.11748604465640612
cx_01856,plate_3,c_aec7a03867,N#C[C@@H]1CC[C@H]1C#N,3611.25741,0.4109485533517373
cx_01857,plate_3,c_05efc363f3,N#Cc1cccc(C#N)n1,4744.67951,0.5006993716393692
cx_01858,plate_3,c_b666128acf,N#Cc1cccc2cc[nH]c12,8305.44917,0.6848033431807772
cx_01859,plate_3,c_27e26f2cce,N#Cc1cccc2cccnc12,6735.94916,0.6159284800192735
cx_01860,plate_3,c_a808b2f56c,N#Cc1ccccc1,3887.47873,0.43518181498694014
cx_01861,plate_3,c_1866122c8b,N#Cc1ccccc1C#N,3233.70045,0.37464177495976775
cx_01862,plate_3,c_01d4a82f7d,N#Cc1ccccc1O,2295.40887,0.2619722302643766
cx_01863,plate_3,c_8d9839b4d0,N#Cc1ccccc1[N+](=O)[O-],0.0,-2.2832323152006726
cx_01864,plate_3,c_1d95ba9fe9,N#Cc1ccccn1,4793.27328,0.5040497993318664
cx_01865,plate_3,c_edfdb77be9,N#Cc1ncccn1,2669.14171,0.3115617933107239
cx_01866,plate_3,c_0bb4d51e01,N#Cc1nccs1,1230.37218,0.057011008916587363
cx_01867,plate_3,c_34944443db,N#N,5945.555574444445,0.5748863983727125
cx_01868,plate_3,c_c82bd8a6db,N/C(=N\O)c1ccccc1,2928.13992,0.3420082389374376
cx_01869,plate_3,c_3020b8a6d2,N/C(=N\O)c1ccccn1,0.0,-2.2832323152006726
cx_01870,plate_3,c_0f8d8f1c01,N/C(=N\O)c1cccs1,2077.05172,0.2291123386542937
cx_01871,plate_3,c_4c7550af08,N/C(=N\O)c1cnc2ccccc2n1,0.0,-2.2832323152006726
cx_01872,plate_3,c_9c6d043c13,N/C(=N\O)c1nc2ccccc2s1,558.49203,-0.2024244821194536
cx_01873,plate_3,c_75b5754d9b,N/C(Cc1ccccc1)=N\O,332.557685,-0.3725235568832808
cx_01874,plate_3,c_1cd23482e2,N/N=C/c1ccccc1O,0.0,-2.2832323152006726
cx_01875,plate_3,c_27e574117c,N=C(N)c1cc2ccccc2o1,3873.87716,0.43402941799787964
cx_01876,plate_3,c_b887ec8d99,N=C(N)c1nc2ccccc2s1,3485.08459,0.39925580077993245
cx_01877,plate_3,c_fee3985c8f,N=C(NO)C1CCCC1,4632.9507,0.49286395446817616
cx_01878,plate_3,c_af27308ee0,N=C(n1nnc2ccccc21)n1nnc2ccccc21,855.94455,-0.06221021218140238
cx_01879,plate_3,c_9a9432eae0,N=C1NC(=O)c2ccccc21,12636.93243,0.8228229083906268
cx_01880,plate_3,c_1b0a5508f4,NC(=O)C(C(N)=O)c1ccccc1,4282.96023,0.46703669448742385
cx_01881,plate_3,c_622c025409,NC(=O)C(F)(F)F,5793.75103,0.5663817831405387
cx_01882,plate_3,c_efe021a9ac,NC(=O)C(c1ccccc1)c1ccccn1,3198.70749,0.3710646138902486
cx_01883,plate_3,c_9da6a40773,NC(=O)C1CCCCC1,4875.38353,0.509634680859939
cx_01884,plate_3,c_03def00e5f,NC(=O)CC(=O)O,4584.33811,0.48939564780464734
cx_01885,plate_3,c_e2fb9f74ae,NC(=O)CC(N)=O,4190.36956,0.4598506479706769
cx_01886,plate_3,c_e2adf3f704,NC(=O)CCC(N)=O,3499.69229,0.40063100667305573
cx_01887,plate_3,c_7629689636,NC(=O)CN1CCCC1=O,4494.30737,0.48287410340618414
cx_01888,plate_3,c_c64b4e9fdc,NC(=O)COCc1ccccc1,5381.2201,0.5420937784561478
cx_01889,plate_3,c_908abade01,NC(=O)Cc1cc2ccccc2s1,2013.79646,0.2189459263869764
cx_01890,plate_3,c_d9258226a5,NC(=O)Cc1ccccn1,6718.08808,0.6150554022791753
cx_01891,plate_3,c_c3457bd293,NC(=O)Cc1cccs1,6491.83942,0.6037905781185463
cx_01892,plate_3,c_967cb20253,NC(=O)Cc1cncs1,1732.34032,0.16946068076599966
cx_01893,plate_3,c_ecaa1ef6f8,NC(=O)Cc1nc2ccccc2[nH]1,3947.49284,0.4402188586264515
cx_01894,plate_3,c_086c90d1f2,NC(=O)Cn1nnc2ccccc21,5087.71405,0.5236517988777408
cx_01895,plate_3,c_4137adde12,NC(=O)NCc1ccccc1,4750.348,0.5010919640190971
cx_01896,plate_3,c_2338973172,NC(=O)Nc1ccccc1,6919.60248,0.6247738140179989
cx_01897,plate_3,c_8e22a1ea19,NC(=O)Nc1ccccn1,4012.94384,0.44562568223768945
cx_01898,plate_3,c_42031daf99,NC(=O)Oc1ccccc1,10218.26898,0.7529605287361714
cx_01899,plate_3,c_c3ce8e4ac7,NC(=O)[C@@H]1CCCC[C@@H]1O,3166.27745,0.36771434594022334
cx_01900,plate_3,c_768fd1d9ef,NC(=O)[C@@H]1CCCC[C@H]1O,3551.42409,0.40545544160278796
cx_01901,plate_3,c_a5aec92e7b,NC(=O)[C@@H]1CCCO1,5724.49094,0.5624273083772251
cx_01902,plate_3,c_9f9a94e692,NC(=O)c1cc2ccccc2cc1O,0.0,-2.2832323152006726
cx_01903,plate_3,c_cc981934d4,NC(=O)c1ccccc1C(N)=O,8716.78772,0.7006989978510763
cx_01904,plate_3,c_93b30f1e45,NC(=O)c1ccccc1O,3834.18674,0.4306433655653637
cx_01905,plate_3,c_9c4d885322,NC(=O)c1ccccc1OCC(=O)O,3603.82639,0.41027130343416535
cx_01906,plate_3,c_9aa7b63827,NC(=O)c1ccccc1[N+](=O)[O-],0.0,-2.2832323152006726
cx_01907,plate_3,c_390b8b4606,NC(=O)c1ccccn1,7118.98239,0.6341146880609385
cx_01908,plate_3,c_c6b02e1350,NC(=O)c1cn2ccccc2n1,4372.5797,0.4738457285431009
cx_01909,plate_3,c_14f95a61fd,NC(=O)c1nccc2ccccc12,10219.07672,0.7529865223538194
cx_01910,plate_3,c_40206384a3,NC(=O)c1ncco1,5158.14223,0.5281722565002034
cx_01911,plate_3,c_fb124362e3,NC(=O)n1nnc2ccccc21,1926.39148,0.2043600624737392
cx_01912,plate_3,c_82def56c69,NC(=S)N1CCCCC1,1388.48085,0.09673956932272579
cx_01913,plate_3,c_1cdbef5a61,NC(=S)NC1CCCCC1,1492.83776,0.12055620672978076
cx_01914,plate_3,c_0e48b29eed,NC(=S)Nc1ccccc1,512.84509,-0.2304142745453613
cx_01915,plate_3,c_09fe1871ed,NC(=S)Nc1ccccn1,5451.91176,0.5463852107655036
cx_01916,plate_3,c_aa012a7992,NC(=S)c1ccccn1,175.80585,-0.5812820393419548
cx_01917,plate_3,c_54c56e3779,NC(=S)c1ncccn1,115.29898,-0.7190442158933945
cx_01918,plate_3,c_496fc7e79e,NC1=NC(C(=O)O)CS1,4006.47139,0.44509494455310855
cx_01919,plate_3,c_a2f86a85f1,NC1=NCCS1,503.33983,-0.23655489256052858
cx_01920,plate_3,c_5de71577f7,NNC(=O)c1ccccc1,7212.71298,0.6384159064721135
cx_01921,plate_3,c_6af55f0868,NNc1ncccn1,3852.93064,0.4322467824528391
cx_01922,plate_3,c_ff3314219b,NS(=O)(=O)N1CCCC1,3273.52019,0.3786655803681118
cx_01923,plate_3,c_cc19c722a1,NS(=O)(=O)c1ccccc1,5418.89999,0.5443881540372092
cx_01924,plate_3,c_44888d1c8c,NS(=O)(=O)c1cccs1,1881.39184,0.1965905979756525
cx_01925,plate_3,c_c50b7cc6f4,NS(N)(=O)=O,2186.21188,0.245949747566141
cx_01926,plate_3,c_f4af18a838,Nc1ncccn1,9785.70806,0.7387366732997196
cx_01927,plate_3,c_4956436e1f,O/N=C/c1ccccc1,1185.45347,0.04478979368020932
cx_01928,plate_3,c_28e8532b94,O/N=C/c1ccccn1,0.0,-2.2832323152006726
cx_01929,plate_3,c_119633cfd9,O=C(C(=O)c1ccco1)c1ccco1,1085.71692,0.01591204115258946
cx_01930,plate_3,c_67862f3ad9,O=C(CC(=O)Nc1nccs1)Nc1nccs1,0.0,-2.2832323152006726
cx_01931,plate_3,c_51fd30819f,O=C(CC(=O)c1ccccn1)c1ccccn1,0.0,-2.2832323152006726
cx_01932,plate_3,c_4eda088deb,O=C(NO)c1ccccc1,0.0,-2.2832323152006726
cx_01933,plate_3,c_248f41ba44,O=C(O)C(=O)c1ccccc1,0.0,-2.2832323152006726
cx_01934,plate_3,c_882ada0895,O=C(O)C(O)CO,3852.46133,0.43220673134920856
cx_01935,plate_3,c_888ba1376c,O=C(O)C1CCCCC1,5575.4157,0.5537508774133338
cx_01936,plate_3,c_9e3de13ba9,O=C(O)C1CCCCO1,1206.29223,0.050515999558897635
cx_01937,plate_3,c_5f9dcbf3b6,O=C(O)C1CCCO1,3053.422045,0.3557820752881285
cx_01938,plate_3,c_2ac96ba268,O=C(O)C1CCCn2cnnc21,0.0,-2.2832323152006726
cx_01939,plate_3,c_7902e1c611,O=C(O)C1Cc2ccccc2O1,6767.12939,0.6174470859681592
cx_01940,plate_3,c_dacfa5af31,O=C(O)CC1CCCO1,2083.78181,0.23017573296303853
cx_01941,plate_3,c_6b23b64724,O=C(O)CCN1CCCC1=O,5571.42684,0.5535155453211559
cx_01942,plate_3,c_606c726d8b,O=C(O)CCOc1ccccc1,6014.254355,0.5786640250014905
cx_01943,plate_3,c_0f344ea8b4,O=C(O)CCc1ccccc1,2780.3448,0.32498092104970994
cx_01944,plate_3,c_0cc3b320aa,O=C(O)CNC(=O)c1ccccc1O,1065.89059,0.009856538922677766
cx_01945,plate_3,c_ee31cf9228,O=C(O)COCc1ccccc1,1711.51821,0.16548606908819236
cx_01946,plate_3,c_0b07e9dcaa,O=C(O)COc1ccccc1,2281.00284,0.2599025987456905
cx_01947,plate_3,c_9d207bb13e,O=C(O)COc1ccccc1O,0.0,-2.2832323152006726
cx_01948,plate_3,c_cf594a234a,O=C(O)Cc1ccccc1O,0.0,-2.2832323152006726
cx_01949,plate_3,c_b4d7f9c672,O=C(O)Cc1ccco1,912.34457,-0.041247658616301565
cx_01950,plate_3,c_c06203aa8d,O=C(O)Cc1ncccn1,1825.7684,0.18672605583394136
cx_01951,plate_3,c_dc2bc85597,O=C(O)Cc1nnn[nH]1,1112.88753,0.024033641177130877
cx_01952,plate_3,c_30f6dcfb87,O=C(O)Cn1c(=O)oc2ccccc21,4711.12106,0.498365506864995
cx_01953,plate_3,c_9dfdf07e0c,O=C(O)Cn1cccc1,0.0,-2.2832323152006726
cx_01954,plate_3,c_bf776335d3,O=C(O)Cn1cccn1,1607.43754,0.144864990907024
cx_01955,plate_3,c_59d10fbbe6,O=C(O)Cn1ccnc1,3586.68367,0.4087036061669486
cx_01956,plate_3,c_c0bfce4d0d,O=C(O)Cn1ccnn1,4660.64639,0.4948236937979092
cx_01957,plate_3,c_1d92fc286a,O=C(O)Cn1cnnn1,1716.08469,0.16636185933436407
cx_01958,plate_3,c_757b7ab18c,O=C(O)[C@H]1CCCC[C@@H]1C(=O)O,1020.35963,-0.004486964138565798
cx_01959,plate_3,c_6060fcf2a2,O=C(O)[C@H]1CCCN1c1ncccn1,2911.17458,0.34009787846027756
cx_01960,plate_3,c_e144d08288,O=C(O)c1c[nH]nn1,4626.13968,0.49238021420497496
cx_01961,plate_3,c_3fc48e58a4,O=C(O)c1cc(C(F)(F)F)ccn1,0.0,-2.2832323152006726
cx_01962,plate_3,c_81abb34c56,O=C(O)c1cc2cccc(O)c2[nH]1,0.0,-2.2832323152006726
cx_01963,plate_3,c_b7ffd17730,O=C(O)c1cc2ccccc2s1,0.0,-2.2832323152006726
cx_01964,plate_3,c_9661924286,O=C(O)c1cc[nH]n1,0.0,-2.2832323152006726
cx_01965,plate_3,c_be49277018,O=C(O)c1ccc(C(=O)O)s1,0.0,-2.2832323152006726
cx_01966,plate_3,c_4f0a70584e,O=C(O)c1ccc2ccccc2n1,2836.13013,0.3315118950735739
cx_01967,plate_3,c_1f28c69c27,O=C(O)c1cccc2c1OCC2,0.0,-2.2832323152006726
cx_01968,plate_3,c_94f23f39b7,O=C(O)c1cccc2cc[nH]c12,1772.43144,0.17698074821443152
cx_01969,plate_3,c_a7b8e1364a,O=C(O)c1cccc2ccc(=O)[nH]c12,3855.73918,0.4324863625030232
cx_01970,plate_3,c_9c4fc52abc,O=C(O)c1cccc2ccnn12,0.0,-2.2832323152006726
cx_01971,plate_3,c_db59a1302a,O=C(O)c1cccc2cn[nH]c12,2596.85526,0.30253568032690253
cx_01972,plate_3,c_6f2cb5da40,O=C(O)c1cccc2ncsc12,3502.97388,0.4009391544466365
cx_01973,plate_3,c_74d82b3353,O=C(O)c1cccc[n+]1[O-],3110.74798,0.3618972699904207
cx_01974,plate_3,c_b29ef6f706,O=C(O)c1ccccc1,4566.01137,0.4880785581784477
cx_01975,plate_3,c_9d408f4c83,O=C(O)c1ccccc1-c1ncc[nH]1,4153.00117,0.4569053870130665
cx_01976,plate_3,c_a5e0704aac,O=C(O)c1ccccc1-c1nnn[nH]1,0.0,-2.2832323152006726
cx_01977,plate_3,c_ad96e587ce,O=C(O)c1ccccc1-n1ccnn1,1713.43488,0.16585394500394748
cx_01978,plate_3,c_395c6fa93c,O=C(O)c1ccccc1-n1nccn1,1667.43175,0.1569087172168094
cx_01979,plate_3,c_aefbd54820,O=C(O)c1ccccc1-n1ncnn1,1338.73892,0.08475025508803123
cx_01980,plate_3,c_fea380edf5,O=C(O)c1ccccn1,0.0,-2.2832323152006726
cx_01981,plate_3,c_56c86a24aa,O=C(O)c1ccco1,2245.51158,0.25474750366039317
cx_01982,plate_3,c_c445b15351,O=C(O)c1cccs1,2399.384185,0.27653560097851954
cx_01983,plate_3,c_9262e300f2,O=C(O)c1ccno1,0.0,-2.2832323152006726
cx_01984,plate_3,c_0f57f7c651,O=C(O)c1cnco1,1832.356245,0.18790994239650546
cx_01985,plate_3,c_f454594c2d,O=C(O)c1cocn1,4901.41937,0.5113859345072883
cx_01986,plate_3,c_a05f156441,O=C(O)c1n[nH]c2ccccc12,0.0,-2.2832323152006726
cx_01987,plate_3,c_3cd37980eb,O=C(O)c1nc(=O)[nH]c2ccccc12,2062.21508,0.22675584469050117
cx_01988,plate_3,c_7d02fa78c8,O=C(O)c1nccc2ccccc12,0.0,-2.2832323152006726
cx_01989,plate_3,c_d363455c1e,O=C(O)c1ncco1,3908.48127,0.4369533673466135
cx_01990,plate_3,c_8eb0f23cd8,O=C(c1ccccc1)c1ncco1,3433.01327,0.39430635383572277
cx_01991,plate_3,c_e6990e074b,O=C(c1ccccc1O)N1CCCC1,8590.68711,0.6959071490705042
cx_01992,plate_3,c_b89e4cbcbe,O=C(c1ccccn1)C(O)c1ccccn1,749.83437,-0.10568371125369037
cx_01993,plate_3,c_8606113a43,O=C(c1cccs1)c1cccs1,2809.59356,0.32842133871719204
cx_01994,plate_3,c_1a85aa79ac,O=C(c1ncc[nH]1)c1ccco1,0.0,-2.2832323152006726
cx_01995,plate_3,c_5e5d221b74,O=C1C=C(c2ccccc2)C(=O)O1,0.0,-2.2832323152006726
cx_01996,plate_3,c_8386e42b98,O=C1C=CC(=O)C=C1,679.14592,-0.13820221578068131
cx_01997,plate_3,c_4898b1c206,O=C1C=CC(=O)N1,33818.31324,1.1465451311486952
cx_01998,plate_3,c_94bdae29e2,O=C1C=CC(=O)N1Cc1ccccc1,3627.87833,0.4124583249751568
cx_01999,plate_3,c_d285471031,O=C1C=CC(=O)c2ccccc21,0.0,-2.2832323152006726
cx_02000,plate_3,c_26c4a1369f,O=C1C=CCCC1,4859.33957,0.5085508506065665
cx_02001,plate_3,c_2b804ab279,O=C1CC(=O)NC(=O)N1,968.57431,-0.021599324159367328
cx_02002,plate_3,c_c5e6d695e1,O=C1CCC(=O)N1,27149.95497,1.074317452760114
cx_02003,plate_3,c_eba623eacb,O=C1CCCC(=O)N1,5862.95135,0.5702859207088089
cx_02004,plate_3,c_48b7dcf060,O=C1CCCCC1=O,2257.31393,0.25647077487962333
cx_02005,plate_3,c_964a67a3a6,O=C1CCCCC1O,771.00895,-0.0965373216153085
cx_02006,plate_3,c_ed6788b990,O=C1CCCCC1[N+](=O)[O-],0.0,-2.2832323152006726
cx_02007,plate_3,c_776e933041,O=C1CCCCCCCCC1,5273.62337,0.5354525660720016
cx_02008,plate_3,c_e4b3a28177,O=C1CCCCCCCCCCCN1,6003.2666,0.5780627349000739
cx_02009,plate_3,c_01d8abb38c,O=C1CCCCCN1,4257.62406,0.46508588396087547
cx_02010,plate_3,c_70841d1e9d,O=C1CCCCN1,5291.17006,0.5365447971014633
cx_02011,plate_3,c_2b4350f455,O=C1CCCc2ccccc21,2268.38543,0.2580791667650063
cx_02012,plate_3,c_d8d0d01680,O=C1CCCc2cccnc21,0.0,-2.2832323152006726
cx_02013,plate_3,c_83857aefa1,O=C1CCN(c2ccccc2)N1,1577.662,0.1387197518796773
cx_02014,plate_3,c_3cf683e523,O=C1CCNC(=O)C1,5137.75015,0.5268697620834832
cx_02015,plate_3,c_3ae76af59a,O=C1CCNC(=O)N1,4852.17849,0.5080659372155555
cx_02016,plate_3,c_eb9f44e34f,O=C1CCOc2ccccc21,762.55223,-0.10015976280238903
cx_02017,plate_3,c_bba7e906ef,O=C1CC[C@H](CO)N1,4560.7871,0.48770213689850206
cx_02018,plate_3,c_5e43df9c40,O=C1CCc2ccccc2N1,6479.18095,0.6031487741772324
cx_02019,plate_3,c_f265bd8a4a,O=C1CCc2ccccc2O1,5775.69987,0.5653557065574476
cx_02020,plate_3,c_395f85ed19,O=C1CNC(=O)N1,20072.45939,0.9749924052720115
cx_02021,plate_3,c_4d26678846,O=C1COC(=O)C1,0.0,-2.2832323152006726
cx_02022,plate_3,c_c4daff2617,O=C1Cc2ccccc2C1=O,7345.90029,0.6444325934612285
cx_02023,plate_3,c_86c1b6e4df,O=C1Cc2ccccc2N1,4385.12235,0.4747875365778108
cx_02024,plate_3,c_3418c9d171,O=C1Cc2cccnc2N1,742.18754,-0.10905030247395149
cx_02025,plate_3,c_1aacb990df,O=C1NC(=O)/C(=C/c2ccccc2)N1,0.0,-2.2832323152006726
cx_02026,plate_3,c_3b315ab725,O=C1NC(=O)C(Cc2ccccc2)N1,36784.11163,1.1741908229665787
cx_02027,plate_3,c_2c9d9c49cd,O=C1NC(=O)c2ccccc21,43392.46845,1.228526309873219
cx_02028,plate_3,c_f5e64f851b,O=C1NCC(C(=O)O)N1,0.0,-2.2832323152006726
cx_02029,plate_3,c_31820a5d5c,O=C1NCCCN1,5507.94193,0.5497472582768265
cx_02030,plate_3,c_3652e1f6b5,O=C1NCCN1c1ccccc1,4871.29808,0.5093590320233847
cx_02031,plate_3,c_6f10919a15,O=C1NCCNC1=O,4197.30603,0.4603944684628298
cx_02032,plate_3,c_75fbc134e4,O=C1NCc2ccccc21,6042.02313,0.5801787519113699
cx_02033,plate_3,c_e4f09afeca,O=C1Nc2c(C(=O)O)cccc2C1=O,0.0,-2.2832323152006726
cx_02034,plate_3,c_439bdc95c8,O=C1OC(=O)c2ccccc21,2342.27206,0.2686160926384039
cx_02035,plate_3,c_9889afcb1b,O=C1OCCC1O,3810.15854,0.42857641120254103
cx_02036,plate_3,c_56e010cae9,O=C1OCc2ccccc21,6115.50729,0.5841538179033618
cx_02037,plate_3,c_8108515e38,O=CC1CCCCC1,5785.18088,0.5658950318410594
cx_02038,plate_3,c_3f6ba513cd,O=CCCc1ccccc1,5813.808995,0.5675181895256736
cx_02039,plate_3,c_9d1ebd6cb3,O=CN1CCCC1,7268.34755,0.6409425772141307
cx_02040,plate_3,c_52256dd48a,O=CNc1ccccc1,5747.7461,0.5637603945822462
cx_02041,plate_3,c_40457af7dd,O=CNc1ccccn1,3697.51885,0.41870987159839856
cx_02042,plate_3,c_17a2ab2ff7,O=Cc1c[nH]cn1,3907.52339,0.43687277806062286
cx_02043,plate_3,c_c44be469e7,O=Cc1ccccc1O,3347.32205,0.3859955639212798
cx_02044,plate_3,c_516abefb3a,O=Cc1ccccn1,0.0,-2.2832323152006726
cx_02045,plate_3,c_15824b7123,O=S(=O)(O)c1ccccc1,0.0,-2.2832323152006726
cx_02046,plate_3,c_909d0987b1,O=S1(=O)CCCC1,3525.5405,0.40305042082542314
cx_02047,plate_3,c_c901b99a1f,O=S1(=O)CCCN1,2289.489625,0.261123422091227
cx_02048,plate_3,c_56518fb061,O=[N+]([O-])CCc1ccccc1,0.0,-2.2832323152006726
cx_02049,plate_3,c_7ae1ac405b,O=[N+]([O-])c1cccc2cc[nH]c12,0.0,-2.2832323152006726
cx_02050,plate_3,c_6ec0082ccd,O=[N+]([O-])c1cccnc1O,0.0,-2.2832323152006726
cx_02051,plate_3,c_5f8f1ce98b,O=[N+]([O-])c1cccs1,0.0,-2.2832323152006726
cx_02052,plate_3,c_1d06906636,O=c1[nH][nH]c(=O)n1-c1ccccc1,7667.81204,0.6585358550790178
cx_02053,plate_3,c_beeeab8dd0,O=c1[nH]c(=O)[nH]c(=O)[nH]1,6424.06068,0.6003393975690883
cx_02054,plate_3,c_6f58dfa652,O=c1[nH]c(=O)c2ccccc2[nH]1,8514.18297,0.6929655776256312
cx_02055,plate_3,c_e0a7fc550e,O=c1[nH]c(=O)c2nc[nH]c2[nH]1,4513.16343,0.48425072452804835
cx_02056,plate_3,c_b430fa68a1,O=c1[nH]c(=O)n(-c2ccccc2)[nH]1,3030.90423,0.35334855414793326
cx_02057,plate_3,c_c25ce2cddb,O=c1[nH]c2ccccc2[nH]1,8966.44308,0.7099848366258116
cx_02058,plate_3,c_7c8885a0a5,O=c1[nH]c2ccccc2c(=O)o1,0.0,-2.2832323152006726
cx_02059,plate_3,c_6c7e7821df,O=c1[nH]c2ccccc2s1,6739.20537,0.6160873992050854
cx_02060,plate_3,c_d63d181f5e,O=c1ccc(-c2ccccc2)n[nH]1,15583.40851,0.8917448377342404
cx_02061,plate_3,c_4efc468ed2,O=c1ccc2ccccc2o1,0.0,-2.2832323152006726
cx_02062,plate_3,c_6f3863faeb,O=c1ccccn1-c1ccccc1,4949.15853,0.5145729958289178
cx_02063,plate_3,c_4d87addeca,O=c1ccccn1Cc1ccccn1,4933.87294,0.5135558888795696
cx_02064,plate_3,c_640051a5be,O=c1ccoc2ccccc12,6852.0788,0.6215492449902654
cx_02065,plate_3,c_490b61b93b,OC1C=CCCC1,5000.04951,0.5179368016657443
cx_02066,plate_3,c_32a147b8af,OC1CCCCC1,5393.27823,0.5428297560659929
cx_02067,plate_3,c_1526b61919,OC1CCCc2ccccc21,5932.56709,0.5741672808819395
cx_02068,plate_3,c_63004bbb26,OC1CCCc2cccnc21,1844.58407,0.19009614394215957
cx_02069,plate_3,c_4a2a813339,OC1CCc2cccnc21,4187.7937,0.4596484708931545
cx_02070,plate_3,c_6628d6e362,OC1Cc2ccccc2C1O,5090.46853,0.5238297686284649
cx_02071,plate_3,c_f229b1b692,OCC(CO)CO,4735.10811,0.5000354030788877
cx_02072,plate_3,c_6e4a61a552,OCC(F)(F)F,3743.19767,0.4227467993497821
cx_02073,plate_3,c_4ba2033488,OCC(O)c1ccccc1,4175.73105,0.4587000263008289
cx_02074,plate_3,c_de757e153e,OCC1CCCCO1,3585.78019,0.4086207754885183
cx_02075,plate_3,c_c5b232e51c,OCC1CCCO1,4562.56034,0.48782995143258734
cx_02076,plate_3,c_b71a325cca,OCCCCCCO,5194.04346,0.53045289916443
cx_02077,plate_3,c_ba193df60c,OCCCOc1ccccc1,4604.14502,0.4908132069352664
cx_02078,plate_3,c_d1d95f46b0,OCCCc1ccccc1,4574.16831,0.488665425267864
cx_02079,plate_3,c_bfd5fb63d7,OCCOCCO,5122.78496,0.5259106043953404
cx_02080,plate_3,c_d0ea41ba92,OCCOCCOCCO,6137.3746,0.5853274955086012
cx_02081,plate_3,c_daddbfa80a,OCCOc1ccccc1O,7884.50867,0.6676999870134543
cx_02082,plate_3,c_1f7be9b726,OCCSc1ccccc1,2998.44352,0.349808499519093
cx_02083,plate_3,c_c25c930202,OCCSc1ccccn1,860.52631,-0.06045652019074567
cx_02084,plate_3,c_3ec4052609,OCCc1ccccc1,5340.84839,0.5396176011280304
cx_02085,plate_3,c_3ee25605d5,OCc1cccc(CO)n1,5582.98961,0.5541972549847397
cx_02086,plate_3,c_89def7f8d6,OCc1ccccc1CO,4402.14892,0.4760617347216649
cx_02087,plate_3,c_402fa3d576,OCc1ccccn1,4393.50482,0.475415462956532
cx_02088,plate_3,c_70c4c4128b,OCc1ccon1,1788.04853,0.17986419930459904
cx_02089,plate_3,c_aa4ba295c5,ONCc1ccccc1,2990.22761,0.3489064246333849
cx_02090,plate_3,c_7daab7e780,O[C@@H]1CCCC[C@H]1O,4467.97488,0.4809419581186655
cx_02091,plate_3,c_676f249f4a,O[C@H]1CCC[C@@H]1O,1180.75508,0.04348484986366995
cx_02092,plate_3,c_42ad70a4c2,Oc1ccc(C(F)(F)F)cc1,9356.65848,0.7239931482552542
cx_02093,plate_3,c_35e8acfa9d,Oc1ccc2cccc(O)c2n1,0.0,-2.2832323152006726
cx_02094,plate_3,c_9c4de61080,Oc1ccc2ccccc2c1O,0.0,-2.2832323152006726
cx_02095,plate_3,c_d0d89e269b,Oc1ccc2ccccc2n1,2303.30881,0.26310166401376855
cx_02096,plate_3,c_4ca468a890,Oc1cccc2[nH]cnc12,0.0,-2.2832323152006726
cx_02097,plate_3,c_1070a948aa,Oc1cccc2[nH]nnc12,0.0,-2.2832323152006726
cx_02098,plate_3,c_3abf0c4614,Oc1cccc2cccnc12,4696.636075,0.49735299037801395
cx_02099,plate_3,c_5ced65f7ce,Oc1cccc2cncnc12,719.52748,-0.11923390289510481
cx_02100,plate_3,c_4368e56577,Oc1ccccc1,7981.57477,0.6717235485449621
cx_02101,plate_3,c_7e0336a7c3,Oc1ccccc1-c1cc[nH]n1,392.91427,-0.3178257365834771
cx_02102,plate_3,c_a31651ebf9,Oc1ccccc1-c1ccccc1O,0.0,-2.2832323152006726
cx_02103,plate_3,c_8e81c4f509,Oc1ccccc1-c1ccccn1,0.0,-2.2832323152006726
cx_02104,plate_3,c_d23afc45c1,Oc1ccccc1-c1nc2ccccc2o1,0.0,-2.2832323152006726
cx_02105,plate_3,c_97bfbad7fa,Oc1ccccc1-c1nnco1,0.0,-2.2832323152006726
cx_02106,plate_3,c_abf5b8da92,Oc1ccccc1-n1ccnc1,5093.48607,0.5240246244734261
cx_02107,plate_3,c_5a215582ba,Oc1ccccc1C(=S)S,0.0,-2.2832323152006726
cx_02108,plate_3,c_29e82a885d,Oc1ccccc1N1CCCC1,1017.82708,-0.005303453372343779
cx_02109,plate_3,c_71cb667afd,Oc1ccccc1N1CCCCC1,1269.95446,0.06741632215671686
cx_02110,plate_3,c_80fd4a8749,Oc1ccccc1O,0.0,-2.2832323152006726
cx_02111,plate_3,c_bcdfbf4106,Oc1ccccn1,6386.23467,0.5983974970465206
cx_02112,plate_3,c_3f59f378ec,Oc1cn(-c2ccccc2)nn1,0.0,-2.2832323152006726
cx_02113,plate_3,c_fe3a209be9,Oc1nc(-c2ccccc2)cs1,1623.25573,0.1480835232679435
cx_02114,plate_3,c_3ce57af4b9,Oc1nc2ccccc2nc1O,0.0,-2.2832323152006726
cx_02115,plate_3,c_b33c082db1,Oc1nccc2ccccc12,6910.41403,0.6243368768928264
cx_02116,plate_3,c_b906ae0e11,S=C1NCCCN1,465.9819,-0.26186512329149364
cx_02117,plate_3,c_57ac4d94d9,S=c1[nH]nc(Cc2ccccc2)[nH]1,1827.50615,0.18703875696528457
cx_02118,plate_3,c_2663c06586,Sc1ccc2ccccc2n1,1763.9554,0.1754051312709122
cx_02119,plate_3,c_9f84dcf6e3,Sc1ccccn1,0.0,-2.2832323152006726
cx_02120,plate_3,c_7d3488d8da,Sc1nc(-c2ccccc2)cs1,0.0,-2.2832323152006726
cx_02121,plate_3,c_2897915130,Sc1ncc[nH]1,801.06066,-0.08397817430273258
cx_02122,plate_3,c_cdbc60bc85,Sc1ncccn1,0.0,-2.2832323152006726
cx_02123,plate_3,c_c71bb16dff,[O-][n+]1c(-c2cscn2)[nH]c2ccccc21,0.0,-2.2832323152006726
cx_02124,plate_3,c_c740f15981,[O-][n+]1cccc2cccc(O)c21,0.0,-2.2832323152006726
cx_02125,plate_3,c_1937a4a6df,[O-][n+]1ccccc1O,0.0,-2.2832323152006726
cx_02126,plate_3,c_0715fef7ea,c1c[nH]c(-c2cccs2)c1,4274.54602,0.4663901075916556
cx_02127,plate_3,c_6783ce8f72,c1c[nH]c(-c2ncc[nH]2)n1,1698.59494,0.16299484270073808
cx_02128,plate_3,c_39f41d1dfd,c1cc2[nH]cnc2cn1,7209.23848,0.6382574645152962
cx_02129,plate_3,c_66306b5adc,c1cc2[nH]ncc2cn1,1427.54122,0.10585719804317434
cx_02130,plate_3,c_a25be12765,c1ccc(-c2c[nH]cn2)cc1,14149.89642,0.8600106140554754
cx_02131,plate_3,c_7284f4c2fe,c1ccc(-c2c[nH]nn2)cc1,1220.01478,0.054233045909255734
cx_02132,plate_3,c_8fcef4010a,c1ccc(-c2cc[nH]n2)cc1,7328.74098,0.6436635773046183
cx_02133,plate_3,c_a8d041b420,c1ccc(-c2cnco2)cc1,5877.45001,0.5710980651776939
cx_02134,plate_3,c_ba1c462932,c1ccc(-c2nc[nH]n2)cc1,16744.37892,0.9153750276593001
cx_02135,plate_3,c_4d96f19655,c1ccc(-c2ncc[nH]2)cc1,7996.705265,0.67234632330904
cx_02136,plate_3,c_7e2e5f2c55,c1ccc(-c2nccs2)cc1,6548.10768,0.6066284048230312
cx_02137,plate_3,c_5d96cc9272,c1ccc(-c2nnn[nH]2)cc1,5681.7478,0.5599629039544138
cx_02138,plate_3,c_22bf013714,c1ccc(-n2ccnc2)cc1,4117.68408,0.45409734775829774
cx_02139,plate_3,c_d5a2b167a2,c1ccc(COc2cccc3cc[nH]c23)cc1,5000.87931,0.5179913659393959
cx_02140,plate_3,c_cb5266a2a0,c1ccc(CSc2nnn[nH]2)cc1,2711.87168,0.31678309003916966
cx_02141,plate_3,c_43cd43f048,c1ccc(Cc2nnn[nH]2)cc1,10140.42447,0.7504457506606315
cx_02142,plate_3,c_0006912abc,c1ccc(Cn2cccc2)cc1,4323.54871,0.4701379689029277
cx_02143,plate_3,c_9aae8488f8,c1ccc(Cn2ccnc2)cc1,5616.51658,0.5561659629787976
cx_02144,plate_3,c_0d52ae10f2,c1ccc(N2CCCCC2)cc1,1161.87455,0.03818807583827026
cx_02145,plate_3,c_c0f29b4d69,c1ccc2[nH]c(-c3cscn3)nc2c1,0.0,-2.2832323152006726
cx_02146,plate_3,c_6a5d1cc51f,c1ccc2[nH]ccc2c1,11001.05021,0.7772337400515564
cx_02147,plate_3,c_df44bbb29c,c1ccc2[nH]cnc2c1,21568.85045,0.9986379333500844
cx_02148,plate_3,c_255475d893,c1ccc2[nH]nnc2c1,2179.09212,0.24487745217129792
cx_02149,plate_3,c_d513062a1d,c1ccc2c(c1)CCO2,6338.00454,0.595904725063939
cx_02150,plate_3,c_5b541b186a,c1ccc2c(c1)OCO2,5095.63497,0.5241633180596214
cx_02151,plate_3,c_68ce7aa54b,c1ccc2occc2c1,5564.52877,0.5531081797745541
cx_02152,plate_3,c_faf11eb1cd,c1ccc2oncc2c1,1358.99946,0.0896865331345641
cx_02153,plate_3,c_ab4961ad7d,c1ccc2sc(-c3cc[nH]n3)nc2c1,0.0,-2.2832323152006726
cx_02154,plate_3,c_23a8fee752,c1cnc2[nH]ccc2c1,9043.71179,0.7128064842621162
cx_02155,plate_3,c_d40e1013f6,c1cnc2[nH]cnc2c1,18965.42677,0.9563358935638484
cx_02156,plate_3,c_12c9307384,c1cnc2[nH]ncc2c1,11849.050045,0.8016529289816124
cx_02157,plate_3,c_1e0c6f5e82,c1coc(-c2nc3ccccc3[nH]2)c1,4213.52726,0.4616627163944218
cx_02158,plate_3,c_4ba3f3d677,c1coc(-c2nnn[nH]2)c1,1841.2183,0.18949582915401403
cx_02159,plate_3,c_055e161c3f,c1csc(-c2cc[nH]n2)c1,6711.16913,0.6147165692878549
cx_02160,plate_4,c_f0d01ebf2d,C#CC(=O)c1ccccc1,2087.58941,-0.06069994326505445
cx_02161,plate_4,c_fdf4c5d6dc,C#CC1(O)CCCCC1,12863.62192,0.49152756437694733
cx_02162,plate_4,c_291b623884,C#CCCCCO,11655.72811,0.4615778943953205
cx_02163,plate_4,c_df70d61004,C#CCCCc1ccccc1,9471.78623,0.39856036738227185
cx_02164,plate_4,c_3e6b953a8c,C#Cc1ccc(CC)cc1,12108.05837,0.4731419968345601
cx_02165,plate_4,c_447e120236,C#Cc1ccc(OCCC)cc1,11931.85913,0.46868955008677754
cx_02166,plate_4,c_59f4e2e54f,C#Cc1ncccn1,0.0,-2.382691232711226
cx_02167,plate_4,c_0f8471e18e,C(=N/Nc1ccc2ccccc2n1)\c1ccccn1,0.0,-2.382691232711226
cx_02168,plate_4,c_866407623b,C/C(=N\O)c1ccccc1,4336.91196,0.1613171912672965
cx_02169,plate_4,c_dfa38e3fe2,C/C=C/C(=O)OC,17968.95744,0.5930492516080965
cx_02170,plate_4,c_02fbdbbfb1,C/C=C/C=C/C(=O)OC,13898.21287,0.5150235045847992
cx_02171,plate_4,c_2d8e6aa672,C/N=C/c1ccccc1,12720.34513,0.4881255622867092
cx_02172,plate_4,c_ff69504dae,C=C(C)CCCCC,14022.99567,0.5177383701407303
cx_02173,plate_4,c_4f11cca64e,C=CCCC(=O)OC,14193.15029,0.5214017045357322
cx_02174,plate_4,c_ceaed31fbe,C=CCCCCCC,11739.10098,0.46374273346508416
cx_02175,plate_4,c_82814db65b,C=CCNC(N)=O,16659.98399,0.5700756270363612
cx_02176,plate_4,c_b1494b3243,C=CCOCc1ccccc1,13923.87368,0.5155837852020481
cx_02177,plate_4,c_7b86821176,C=CCc1ccccc1,12681.90753,0.48720637036091324
cx_02178,plate_4,c_f6475d1c98,C=CCc1ccccc1C(=O)O,17220.65283,0.5801293032178657
cx_02179,plate_4,c_af7e3c7813,C=CCn1ccnc1,9115.14886,0.3869035052176319
cx_02180,plate_4,c_93f16fb6fe,C=C[C@H]1CN2CC[C@H]1C[C@@H]2[C@@H](O)c1ccnc2ccccc12,10197.52238,0.42098362418344243
cx_02181,plate_4,c_ed0a6feebf,C=Cc1ccc2ccccc2c1,11044.5559,0.4452189593782961
cx_02182,plate_4,c_adb4434739,C=Cc1ccccn1,12426.24901,0.4810207695753088
cx_02183,plate_4,c_929f506ac2,C=Cc1cnccn1,7928.00094,0.3445232331455201
cx_02184,plate_4,c_b12aaf9ddd,CC#Cc1ccccc1,11406.6632,0.45501729590513773
cx_02185,plate_4,c_46f6b24532,CC(=O)/C=C(/C)N1CCCC1,12616.76271,0.4856421250859223
cx_02186,plate_4,c_1ebcda584c,CC(=O)C(=O)N1CCCCC1,9874.10108,0.4111946663355743
cx_02187,plate_4,c_c87d3405c5,CC(=O)C(=O)c1ccccc1,5496.09859,0.23325510031568222
cx_02188,plate_4,c_7ce1ca87db,CC(=O)C(C(C)=O)c1ccccc1,0.0,-2.382691232711226
cx_02189,plate_4,c_52a72df913,CC(=O)C(C)(C)O,14163.85965,0.5207742330707297
cx_02190,plate_4,c_43be8d6ff7,CC(=O)C1CCCC1=O,5149.12626,0.2134504009151726
cx_02191,plate_4,c_6951433773,CC(=O)C1CCCCC1,11151.08969,0.44813463918322843
cx_02192,plate_4,c_97f73d8fe9,CC(=O)C1CCCCC1=O,7441.06995,0.3252717294245367
cx_02193,plate_4,c_4b732309c7,CC(=O)C1CCN(C)C1=O,0.0,-2.382691232711226
cx_02194,plate_4,c_5c20133624,CC(=O)CC(=O)N(C)C,6602.90046,0.2889762598435301
cx_02195,plate_4,c_1e9901be98,CC(=O)CC(=O)Nc1ccccc1,7088.48671,0.3105285619013537
cx_02196,plate_4,c_4cad1f331c,CC(=O)CC(=O)c1ccccc1,0.0,-2.382691232711226
cx_02197,plate_4,c_52824eb87e,CC(=O)CC(C)=O,13372.97841,0.5033223967300013
cx_02198,plate_4,c_34f0aedafb,CC(=O)CC(N)=O,5281.7429,0.22117318125140623
cx_02199,plate_4,c_e6aaeea210,CC(=O)CCC(C)=O,17205.09065,0.5798546922142787
cx_02200,plate_4,c_6e69826d33,CC(=O)CCc1nc2ccccc2[nH]1,16598.76572,0.5689574629518805
cx_02201,plate_4,c_7d9150a0e1,CC(=O)CN(C)C,12354.48011,0.4792614513416042
cx_02202,plate_4,c_dd4249697b,CC(=O)CNC(C)=O,16502.13965,0.5671841496698475
cx_02203,plate_4,c_6276436e7a,CC(=O)COCc1ccccc1,11544.9324,0.4586769160300053
cx_02204,plate_4,c_682d934cb3,CC(=O)CS(C)(=O)=O,5621.44238,0.24010352034192325
cx_02205,plate_4,c_3ce1dedc2d,CC(=O)Cc1ccco1,12617.51406,0.48566021235664525
cx_02206,plate_4,c_d78568401a,CC(=O)NC(C)C(=O)O,0.0,-2.382691232711226
cx_02207,plate_4,c_2a769e0f28,CC(=O)NC(C)C(C)=O,11988.23453,0.4701212344569882
cx_02208,plate_4,c_4c1a4a6c00,CC(=O)NCCO,16058.95034,0.5589152729949501
cx_02209,plate_4,c_76c6e0d2d9,CC(=O)NCc1ccccc1,13070.16626,0.4963657113686684
cx_02210,plate_4,c_9712985d2d,CC(=O)NNc1ccccc1,6762.28336,0.29622025942276226
cx_02211,plate_4,c_96d23cded0,CC(=O)Nc1cccc(C(=O)O)n1,1934.84882,-0.08376815264463076
cx_02212,plate_4,c_31dd3d42e6,CC(=O)Nc1ccccc1,13820.44271,0.5133191236607519
cx_02213,plate_4,c_0bad516436,CC(=O)Nc1ccccc1O,3210.00697,0.0699445490645063
cx_02214,plate_4,c_ce161772df,CC(=O)Nc1ccccn1,10808.60263,0.43865984893505217
cx_02215,plate_4,c_be1ea4b316,CC(=O)Nc1nc(C)cs1,8665.09694,0.3715246221719266
cx_02216,plate_4,c_4edea3bd72,CC(=O)Nc1nccs1,6450.13997,0.28186725723143136
cx_02217,plate_4,c_59bdb80415,CC(=O)OCCO,14155.18359,0.5205881232275811
cx_02218,plate_4,c_8366c46d7a,CC(=O)OCc1ccccn1,13516.77132,0.5065708646399566
cx_02219,plate_4,c_93b44a8a0a,CC(=O)Oc1ccccc1,13484.88736,0.5058535563049298
cx_02220,plate_4,c_1737d539be,CC(=O)Oc1ccccc1C(=O)O,12959.32377,0.4937788932137546
cx_02221,plate_4,c_035cbae044,CC(=O)c1[nH]c(=O)[nH]c1C,5398.51938,0.22781467050110318
cx_02222,plate_4,c_3bba640cdd,CC(=O)c1cc2ccccc2[nH]1,2362.03163,-0.023199199133834107
cx_02223,plate_4,c_268fc6138e,CC(=O)c1cc2ccccc2o1,10530.86482,0.4307532214483893
cx_02224,plate_4,c_605b7a25b7,CC(=O)c1ccc(C(C)=O)s1,3035.40335,0.05296123828887469
cx_02225,plate_4,c_3422d899ca,CC(=O)c1ccc(C)o1,13644.64007,0.5094306889027977
cx_02226,plate_4,c_6308e2b3b2,CC(=O)c1ccc(F)nc1,17754.8774,0.5894088020390411
cx_02227,plate_4,c_59bbb46a1c,CC(=O)c1ccc2ccccc2c1O,0.0,-2.382691232711226
cx_02228,plate_4,c_c8aa4dce88,CC(=O)c1ccc2ccccc2n1,3584.80195,0.1034785603279615
cx_02229,plate_4,c_90e5cd8d77,CC(=O)c1ccc[nH]1,13011.90805,0.4950088406830719
cx_02230,plate_4,c_c93c498286,CC(=O)c1cccc(C(C)=O)n1,12587.1807,0.4849291391685868
cx_02231,plate_4,c_e63cabc022,CC(=O)c1ccccc1,10225.82572,0.42182545443743263
cx_02232,plate_4,c_be76c12ab0,CC(=O)c1ccccc1-n1cccn1,14402.03406,0.5258392741169348
cx_02233,plate_4,c_e4f314f21f,CC(=O)c1ccccc1C(=O)O,13445.738005,0.5049704718152747
cx_02234,plate_4,c_a0a1c15f0a,CC(=O)c1ccccc1O,2258.10072,-0.03686174369996058
cx_02235,plate_4,c_7fb224bc2e,CC(=O)c1ccccc1[N+](=O)[O-],0.0,-2.382691232711226
cx_02236,plate_4,c_e4fe6b2157,CC(=O)c1ccccn1,11088.03111,0.446412196768393
cx_02237,plate_4,c_98bdb06c00,CC(=O)c1cccn1C,13479.96311,0.5057426219911504
cx_02238,plate_4,c_b617eb7502,CC(=O)c1ccco1,12359.72695,0.4793904163920328
cx_02239,plate_4,c_d8ec022a6a,CC(=O)c1cccs1,12765.9368,0.48921224167904087
cx_02240,plate_4,c_e4ab282de3,CC(=O)c1cnc(-c2ccccc2)s1,11262.87188,0.45116416648273927
cx_02241,plate_4,c_06106e42a0,CC(=O)c1cncs1,12358.86451,0.47936922175109326
cx_02242,plate_4,c_9e55a31f64,CC(=O)c1cocn1,9883.31991,0.411478104060563
cx_02243,plate_4,c_60cddfd79d,CC(=O)c1nc(-c2ccccc2)c[nH]1,1114.98846,-0.2510790400499823
cx_02244,plate_4,c_a4ab41b129,CC(=O)c1ncc[nH]1,7721.09744,0.33649159105448784
cx_02245,plate_4,c_e8fb9342f7,CC(=O)c1noc(C)n1,17628.21877,0.58723423755561
cx_02246,plate_4,c_f3b2f581f0,CC(C)(C)C(=O)CC(=O)C(C)(C)C,9910.25633,0.41230476615600253
cx_02247,plate_4,c_1b5b36c412,CC(C)(C)C(=O)Nc1ncccc1O,412.64936,-0.5525507388670974
cx_02248,plate_4,c_d7c2f72148,CC(C)(C)OC(=O)NC1CCCc2cn[nH]c21,13351.12581,0.5028256630753282
cx_02249,plate_4,c_5cdd46a2da,CC(C)(C)OC(=O)NCc1ncc[nH]1,18347.40952,0.5993800186671151
cx_02250,plate_4,c_41621916f8,CC(C)(C)[S@](=O)/N=C/c1cnc[nH]1,2234.37103,-0.04006929399574003
cx_02251,plate_4,c_84e92412d2,CC(C)(CO)C(=O)O,6569.95388,0.28745703710363135
cx_02252,plate_4,c_06431808b5,CC(C)(CO)CO,16698.53886,0.5707777329285291
cx_02253,plate_4,c_7a19cb154d,CC(C)(F)C(=O)O,12800.74311,0.4900392425666099
cx_02254,plate_4,c_973ef2b684,CC(C)(O)C(=O)c1ccccc1,14330.96108,0.5243366501461355
cx_02255,plate_4,c_9c3d46c93c,CC(C)(O)C(N)=O,6790.26719,0.2974744937393444
cx_02256,plate_4,c_6ab53edf85,CC(C)(O)CCO,13398.60817,0.5039039562225273
cx_02257,plate_4,c_1dbb4101c0,CC(C)(O)Cc1ccccc1,13400.1431,0.5039387496839416
cx_02258,plate_4,c_82764c1b3f,CC(C)(O)c1ccccc1,11388.01987,0.45452046574472066
cx_02259,plate_4,c_bdb082fca5,CC(C)(O)c1ccccc1O,4785.14652,0.19118635433813352
cx_02260,plate_4,c_a28d5f7c9d,CC(C)C(=O)CC(=O)C(C)C,11463.16346,0.45651803953514664
cx_02261,plate_4,c_aee78f3497,CC(C)NC(=S)NC(C)C,4225.39253,0.15340605219716652
cx_02262,plate_4,c_ce24af5234,CC(O)(c1cccnc1)C(C)(O)c1cccnc1,13244.22588,0.5003839344574108
cx_02263,plate_4,c_f0312506e3,CC(O)CCCO,14315.96131,0.5240185730642347
cx_02264,plate_4,c_e5d0a27750,CC(O)CN(C)C,12374.4033,0.47975086419437507
cx_02265,plate_4,c_c5794d188c,CC(O)COc1ccccc1,13410.55519,0.5041746635370005
cx_02266,plate_4,c_413719b0d7,CC(O)Cc1ccccc1,11996.91046,0.4703409665678994
cx_02267,plate_4,c_f7921528ba,CC(O)c1ccccc1,10708.99322,0.4358477837185188
cx_02268,plate_4,c_9aaec07d89,CC(O)c1ccccn1,12278.04367,0.47737644114342326
cx_02269,plate_4,c_b5f9633082,CC(O)c1ccco1,11028.01967,0.4447638662759143
cx_02270,plate_4,c_2a7ab32db3,CC(O)c1nc2ccccc2[nH]1,11190.84671,0.4492156016781158
cx_02271,plate_4,c_b7f2827ddf,CC(O)c1nc2ccccc2s1,9112.21009,0.3868055674422967
cx_02272,plate_4,c_90397aef27,CC/N=C/c1ccccc1,11325.56491,0.4528501439914389
cx_02273,plate_4,c_6ccca412f4,CC1(C)C(=O)Nc2ccccc21,15236.80061,0.5429530364738155
cx_02274,plate_4,c_8dfc074371,CC1(C)CCCC(C)(C)C1=O,12561.47751,0.4843082789230815
cx_02275,plate_4,c_9aa55497a4,CC1(C)COC(=O)N1,14232.32238,0.5222388381822957
cx_02276,plate_4,c_73ff78401a,CC1(C)NC(=O)NC1=O,39704.70476,0.8338656948703889
cx_02277,plate_4,c_430e63a573,CC1(C)O[C@@H](C(=O)O)[C@H](C(=O)O)O1,7957.14447,0.3456376631615653
cx_02278,plate_4,c_bc5f64c22a,CC1(C)O[C@H](CO)[C@@H](CO)O1,18115.89413,0.5955229098003397
cx_02279,plate_4,c_66b0b3c0cd,CC1(C)Oc2ccccc2NC1=O,15521.77146,0.5485813007872133
cx_02280,plate_4,c_7c56fc8dfb,CC1(O)CCCCC1,13695.36955,0.5105578513389717
cx_02281,plate_4,c_17fdb39ff1,CC1=CC(=O)CCC1,13253.07578,0.5005868241482243
cx_02282,plate_4,c_4bcc9d98ca,CC1C=NNC1=O,3026.87174,0.05210654869311046
cx_02283,plate_4,c_6f74356b85,CC1CC(=O)OC(=O)C1,11354.91016,0.4536361097820547
cx_02284,plate_4,c_dd942850a3,CC1CC(O)=CC(=O)O1,10405.91888,0.427128022187909
cx_02285,plate_4,c_734195979d,CC1CCC(=O)N1,13650.92693,0.5095706044212941
cx_02286,plate_4,c_83d5eed542,CC1CCC(=O)O1,12274.95085,0.4772999218703357
cx_02287,plate_4,c_55811899c5,CC1CCOC1=O,12782.97934,0.48961745521064653
cx_02288,plate_4,c_6f8770a612,CC1NC(=O)C(=O)OC1C,10240.50712,0.4222612081592427
cx_02289,plate_4,c_d2787d69ab,CCC(=O)N(C)C,13731.79372,0.5113645909655958
cx_02290,plate_4,c_ebfe67f041,CCC(=O)OC(C)(C)C,12518.9097,0.4832772546585412
cx_02291,plate_4,c_0a1e21b480,CCC(=O)c1ccc[nH]1,10004.89634,0.4151915005297447
cx_02292,plate_4,c_f23f9e14b0,CCC(O)c1ccco1,11070.17854,0.4459227753135856
cx_02293,plate_4,c_2ff06e6cfc,CCC/C(=N\O)C(C)=O,2496.21883,-0.006422023307986535
cx_02294,plate_4,c_6b92a7e320,CCCC#CCCC,11281.14746,0.4516566111270254
cx_02295,plate_4,c_c04dcd7886,CCCC(=O)OCC,11860.06136,0.4668563819605211
cx_02296,plate_4,c_b76d907e85,CCCC(C)(C)O,12383.47386,0.47997342140216454
cx_02297,plate_4,c_fef5c53640,CCCC(O)CO,15817.14922,0.5543070844017681
cx_02298,plate_4,c_23ae352fa4,CCCCC(=O)NC,13499.76049,0.5061883748507173
cx_02299,plate_4,c_dd372294a2,CCCCC(=O)c1ccccc1,12302.928,0.4779914023916285
cx_02300,plate_4,c_b28bb54ebb,CCCCC(N)=O,13645.2179,0.5094435513324755
cx_02301,plate_4,c_2cdc69b617,CCCCCC#N,11775.45463,0.46468187421449436
cx_02302,plate_4,c_6de8a92462,CCCCCC(C)=O,11604.43415,0.4602383013573575
cx_02303,plate_4,c_172c6fd294,CCCCCCC(C)=O,10183.51352,0.420566091935244
cx_02304,plate_4,c_0f2d576459,CCCCNC(C)=O,13103.80855,0.497146509841243
cx_02305,plate_4,c_eff78eb27b,CCCCNC=O,14303.14196,0.5237464685835835
cx_02306,plate_4,c_bf12fd35f4,CCCCOC(N)=O,15793.72022,0.5538568424649061
cx_02307,plate_4,c_626e6487fa,CCCCc1ccsc1,11994.76539,0.47028665395297525
cx_02308,plate_4,c_ca083b631e,CCCCn1ccnc1,8670.80915,0.3717247758450405
cx_02309,plate_4,c_5908e28d1d,CCCNC(N)=O,16949.84434,0.5753148088726008
cx_02310,plate_4,c_b7191c441b,CCCNS(C)(=O)=O,12540.94546,0.4838114141622019
cx_02311,plate_4,c_bb3e474201,CCCc1ncc[nH]1,15130.02245,0.5408169821611924
cx_02312,plate_4,c_88c40956c6,CCN(C(C)C)C(C)C,10487.06394,0.42948729563796145
cx_02313,plate_4,c_6ac5a906da,CCN(CC)C(=O)CO,11717.04327,0.46317148778622097
cx_02314,plate_4,c_964e18e698,CCN(CC)C(N)=O,13410.69728,0.5041778817005147
cx_02315,plate_4,c_f3b554dd17,CCN(CC)CCCO,2328.73285,-0.027510048847582284
cx_02316,plate_4,c_ef2a038ea9,CCN(CC)c1ccccc1,12112.32234,0.47324894007738627
cx_02317,plate_4,c_8aafc765a3,CCN1CCCC1=O,10219.61213,0.4216408425172111
cx_02318,plate_4,c_3544302468,CCN1CCNC(=O)C1=O,11086.44865,0.4463688460635343
cx_02319,plate_4,c_aeeb674c17,CCNC(=O)C(=O)NCC,13094.38735,0.49692805698199605
cx_02320,plate_4,c_5fc1675a77,CCNC(=O)OC,13170.74594,0.498694104869858
cx_02321,plate_4,c_1dea961cd0,CCNC(=O)OCC,13810.89416,0.5131092006036808
cx_02322,plate_4,c_db625c7961,CCOC(=N)C(=O)OCC,10142.3991,0.4193373575697559
cx_02323,plate_4,c_9fb550d789,CCOC(=N)CCOC,18138.53413,0.5959022662662149
cx_02324,plate_4,c_c6d3ed577b,CCOC(=O)/C(N)=N\O,3160.57793,0.06523226692411697
cx_02325,plate_4,c_14b4f5f16b,CCOC(=O)C(=O)C1CCCCC1,12215.31573,0.47582071127880915
cx_02326,plate_4,c_d6b350c8db,CCOC(=O)C(=O)N(C)C,15242.65001,0.5430696185337048
cx_02327,plate_4,c_31f2a52b8f,CCOC(=O)C(=O)Nc1ccccc1,12815.25074,0.4903832813712908
cx_02328,plate_4,c_3040f76883,CCOC(=O)C(=O)O,11234.19354,0.45038980133925693
cx_02329,plate_4,c_b2ccb54583,CCOC(=O)C(=O)OCC,12725.99654,0.48826047515193255
cx_02330,plate_4,c_3c72c1b068,CCOC(=O)C(C)=O,14903.42486,0.5362336065228963
cx_02331,plate_4,c_64b3f4f16b,CCOC(=O)C(N)=O,13275.31624,0.5010961036891854
cx_02332,plate_4,c_c6b58d9914,CCOC(=O)C1CCCCC1=O,16729.43888,0.5713392705093168
cx_02333,plate_4,c_c2e877cad6,CCOC(=O)C1CCNC1=O,16053.4004,0.5588102836621207
cx_02334,plate_4,c_fedb710df0,CCOC(=O)CC#N,3142.94166,0.06353307270443867
cx_02335,plate_4,c_e6d0463547,CCOC(=O)CC(=O)OCC,9645.66413,0.40408542722700674
cx_02336,plate_4,c_b3ed4506c5,CCOC(=O)CC(=O)c1ccccn1,0.0,-2.382691232711226
cx_02337,plate_4,c_64763fb818,CCOC(=O)CCCC(=O)CC,12785.63548,0.4896805605088309
cx_02338,plate_4,c_68c2a86217,CCOC(=O)CN(C)C,12545.9537,0.4839326858891777
cx_02339,plate_4,c_2212de4197,CCOC(=O)CNC(=O)CC,12891.0291,0.49217400873903716
cx_02340,plate_4,c_ee76894b5f,CCOC(=O)CNC(C)=O,11795.78081,0.46520570704153463
cx_02341,plate_4,c_b169a6c8c9,CCOC(=O)CNC=O,15137.8543,0.5409741666720437
cx_02342,plate_4,c_18e6ade498,CCOC(=O)CO,12737.98085,0.48854637159172504
cx_02343,plate_4,c_a84615054e,CCOC(=O)CSc1ccccc1,13634.4117,0.5092029163599713
cx_02344,plate_4,c_ae77b907b4,CCOC(=O)Cc1ccccn1,13445.81227,0.5049721494294112
cx_02345,plate_4,c_fbaf26268a,CCOC(=O)Cc1ccco1,6831.6903,0.29932162088314185
cx_02346,plate_4,c_7c21f60fbe,CCOC(=O)Cc1ncccn1,11724.59431,0.46336716390104576
cx_02347,plate_4,c_102050ed84,CCOC(=O)Cn1nnc(-c2ccccc2)n1,11622.61345,0.4607137480943233
cx_02348,plate_4,c_e30f8f0913,CCOC(=O)NC,12311.77244,0.47820967364778394
cx_02349,plate_4,c_9281238baf,CCOC(=O)OCC,12503.2618,0.48289736940031364
cx_02350,plate_4,c_108b53c136,CCOC(=O)[C@@H]1CCCC[C@H]1O,13757.74285,0.5119380203532072
cx_02351,plate_4,c_89cb2ae633,CCOC(=O)c1c[nH]cn1,13315.18956,0.5020070221230815
cx_02352,plate_4,c_e765e0e3bf,CCOC(=O)c1cc(C)on1,4152.55923,0.1481257906498883
cx_02353,plate_4,c_3c95bd22f1,CCOC(=O)c1ccccc1,12019.21381,0.4709051069220451
cx_02354,plate_4,c_31b01f4948,CCOC(=O)c1ccccn1,9982.95391,0.4145246455707078
cx_02355,plate_4,c_ee7d31e2cf,CCOC(=O)c1cccs1,10796.97458,0.4383329173434279
cx_02356,plate_4,c_ea585cb17d,CCOC(=O)c1cn(Cc2ccccc2)nn1,10344.48425,0.42532955652603893
cx_02357,plate_4,c_c30fa48ad6,CCOC(=O)c1cnoc1C,9908.2937,0.4122446101821241
cx_02358,plate_4,c_03dd82ea86,CCOC(=O)c1csc(-c2ccccn2)n1,0.0,-2.382691232711226
cx_02359,plate_4,c_c27d0ce9c3,CCOC(=O)c1nc2ccccc2s1,11930.73205,0.4686608583541862
cx_02360,plate_4,c_012155e2f9,CCOC(=O)c1ncc[nH]1,33098.59919,0.778589942608249
cx_02361,plate_4,c_baa848edde,CCOC(=O)c1nccn1C,14834.84307,0.5348326626407721
cx_02362,plate_4,c_ae96d3b59d,CCOC(=O)c1ncco1,11692.5658,0.46253631563057807
cx_02363,plate_4,c_4aff32e160,CCOCC(=O)OCC,13672.42749,0.5100486178391818
cx_02364,plate_4,c_6e082b9e99,CCOCC(C)O,15391.78479,0.5460269511536352
cx_02365,plate_4,c_1be76f70f6,CCOP(C)(=O)OCC,12816.76432,0.49041915247798135
cx_02366,plate_4,c_c40280aeac,CCOc1ccccc1C(N)=O,12788.7004,0.48975336142560866
cx_02367,plate_4,c_da09c99410,CCS(=O)(=O)CC,11209.44791,0.4497200359524114
cx_02368,plate_4,c_e098180e4b,CCSCCO,13856.00132,0.5140995993365916
cx_02369,plate_4,c_22809f8f3c,CCc1ccc[nH]1,10628.89985,0.4335676390764227
cx_02370,plate_4,c_440b7660ea,CCc1ncc[nH]1,13652.50678,0.5096057542170429
cx_02371,plate_4,c_2ea890a491,CN(C)/C=N/C(C)(C)C,9580.90898,0.40203952475300453
cx_02372,plate_4,c_af2a4b193e,CN(C)C(=N)N(C)C,11225.14533,0.45014507366390166
cx_02373,plate_4,c_317e995839,CN(C)C(=O)CC#N,14097.06326,0.5193384370140048
cx_02374,plate_4,c_f47df408d8,CN(C)C(C)(C)CO,0.0,-2.382691232711226
cx_02375,plate_4,c_914e19d17d,CN(C)CC(=O)O,5270.68324,0.22053658608067975
cx_02376,plate_4,c_6a4be64400,CN(C)CC(C)(C)CO,15666.81194,0.5514063426680355
cx_02377,plate_4,c_3811ccdd73,CN(C)CC(N)=O,2485.24303,-0.007760040759865459
cx_02378,plate_4,c_720d978b35,CN(C)CC(O)CN(C)C,2839.83477,0.032738395976165964
cx_02379,plate_4,c_3201900a92,CN(C)CCC#N,3581.0865,0.10316365772393492
cx_02380,plate_4,c_c33fc64fb0,CN(C)CCCCO,0.0,-2.382691232711226
cx_02381,plate_4,c_3f9a09ecec,CN(C)CCCO,2936.01016,0.042851726931147555
cx_02382,plate_4,c_bce0632f7d,CN(C)CCN(C)C,10699.17999,0.43556933331132525
cx_02383,plate_4,c_1e72e853da,CN(C)CCN(C)CCN(C)C,10136.53466,0.4191616887665038
cx_02384,plate_4,c_b157c6a334,CN(C)S(C)(=O)=O,9625.49486,0.40344966684036826
cx_02385,plate_4,c_9ff0dbf1d2,CN(C)[C@@H](Cc1ccccc1)C(=O)O,11792.164395,0.46511257323298333
cx_02386,plate_4,c_62bb1e62c0,CN(C)c1ccccc1C(=O)O,0.0,-2.382691232711226
cx_02387,plate_4,c_5ca5fe8757,CN(C)c1ccccc1C=O,2992.1186,0.04859994268693107
cx_02388,plate_4,c_050f7ea2f0,CN(C=O)c1ccccn1,14534.70729,0.5286245148432349
cx_02389,plate_4,c_c31c7b64e8,CN(CCO)CCO,0.0,-2.382691232711226
cx_02390,plate_4,c_85d4b1e052,CN1C(=O)CC(=O)NC1=O,1597.38251,-0.14195389809116016
cx_02391,plate_4,c_e103b699d9,CN1CC(=O)N=C1N,13329.17024,0.5023257693956286
cx_02392,plate_4,c_51f28a786b,CN1CC(=O)NC1=O,40115.2345,0.8369902069540425
cx_02393,plate_4,c_605547cb23,CN1CCCC1C(=O)O,0.0,-2.382691232711226
cx_02394,plate_4,c_d93dcf2897,CN1CCCC1CO,0.0,-2.382691232711226
cx_02395,plate_4,c_3b023dc050,CN1CCCCC1=O,11296.57884,0.45207179663883507
cx_02396,plate_4,c_6e40803544,CN1CCCN(C)C1=O,8714.2605,0.3732429927199971
cx_02397,plate_4,c_4957d7ca3b,CN1CCCN2CCCN=C12,4074.28401,0.14234676480007277
cx_02398,plate_4,c_09e1f17136,CN1Cc2ccccc2NC1=O,13616.782,0.5088099244505694
cx_02399,plate_4,c_997a594b7c,CNC(=O)C(=O)NC,12464.41802,0.4819522974089611
cx_02400,plate_4,c_f237db1c10,CNC(=O)C(=O)O,3579.70377,0.10304638117280705
cx_02401,plate_4,c_8cfb815e2a,CNC(=O)C(=O)c1ccccc1,15628.92705,0.5506709669115405
cx_02402,plate_4,c_b976e05e10,CNC(=O)CC#N,13240.82472,0.5003059245982437
cx_02403,plate_4,c_7470c636c0,CNC(=O)N(C)C,17559.04174,0.5860399515007024
cx_02404,plate_4,c_71498407e5,CNC(=O)c1ccccc1,12160.224,0.47444776575129427
cx_02405,plate_4,c_be036ba8b2,CNC(=O)c1ccccc1O,2890.12494,0.038068640693061324
cx_02406,plate_4,c_a817d4279f,CNC(=O)c1cn2ccccc2n1,5361.42906,0.22572090797503958
cx_02407,plate_4,c_58f29607c5,CNS(=O)(=O)N(C)C,7630.12553,0.3328918698328465
cx_02408,plate_4,c_668716921c,CNS(C)(=O)=O,13750.26077,0.5117727907954448
cx_02409,plate_4,c_c5cec6564f,COC(=N)c1cnccn1,0.0,-2.382691232711226
cx_02410,plate_4,c_9cca015370,COC(=O)C(=O)c1ccccc1,4565.73041,0.17693162376759017
cx_02411,plate_4,c_66cf14655d,COC(=O)C(C)=O,12533.99365,0.4836429996896701
cx_02412,plate_4,c_7e7ec024f1,COC(=O)C1CCCC1=O,0.0,-2.382691232711226
cx_02413,plate_4,c_45350345a9,COC(=O)C1CCCCC1,12545.93933,0.4839323379969265
cx_02414,plate_4,c_9282772425,COC(=O)C1CCCCO1,11645.66842,0.4613156408129626
cx_02415,plate_4,c_b782665c2f,COC(=O)CC#N,1922.55976,-0.08570259326986483
cx_02416,plate_4,c_e0cb160a12,COC(=O)CC(=O)CC(=O)OC,0.0,-2.382691232711226
cx_02417,plate_4,c_ca3d6b9daf,COC(=O)CC(N)=O,17066.47786,0.5773977079336357
cx_02418,plate_4,c_517c9535bb,COC(=O)CCC#N,17481.35632,0.5846931535690775
cx_02419,plate_4,c_7b104397da,COC(=O)CCC(=O)C(=O)OC,8232.35651,0.35596475829969576
cx_02420,plate_4,c_4e548184f2,COC(=O)CCO,17830.49198,0.5906996239880575
cx_02421,plate_4,c_07bf0d7ec8,COC(=O)CC[N+](=O)[O-],0.0,-2.382691232711226
cx_02422,plate_4,c_129629d843,COC(=O)CCc1c[nH]cn1,13066.31916,0.4962762966345886
cx_02423,plate_4,c_3a2a498940,COC(=O)CN(C)C,13277.94948,0.5011563451955977
cx_02424,plate_4,c_3d9c8a3bb9,COC(=O)CNC(=O)C(=O)OC,9632.48067,0.4036700188863941
cx_02425,plate_4,c_b426def58f,COC(=O)CS(C)(=O)=O,13076.7507,0.4965186866208061
cx_02426,plate_4,c_540e3bc020,COC(=O)C[C@@H](C)O,14456.95346,0.5269953095640229
cx_02427,plate_4,c_48c35cd69a,COC(=O)C[N+](=O)[O-],0.0,-2.382691232711226
cx_02428,plate_4,c_0d9a962d67,COC(=O)Cc1ccccn1,13141.62122,0.4980217090018338
cx_02429,plate_4,c_50553b4d76,COC(=O)Cc1nccs1,3720.04138,0.11472407056350907
cx_02430,plate_4,c_47cea63067,COC(=O)N1CCCCC1,12668.44945,0.4868838769580775
cx_02431,plate_4,c_a3b736771f,COC(=O)Nc1ccc(OC)cc1,10762.61125,0.4373647042737809
cx_02432,plate_4,c_55e233981d,COC(=O)Nc1ccccc1,13462.19814,0.5053420727601431
cx_02433,plate_4,c_33afb1bad6,COC(=O)Nc1nc2ccccc2[nH]1,3245.09723,0.07324603230111286
cx_02434,plate_4,c_fc28643351,COC(=O)[C@@H](O)[C@H](O)c1ccccc1,18132.59076,0.5958027248465648
cx_02435,plate_4,c_7757c24aa0,COC(=O)c1cc(C)ccc1O,8701.97372,0.3728144540100908
cx_02436,plate_4,c_88908e3511,COC(=O)c1cc(OC)ccc1O,2450.44669,-0.012041314422589393
cx_02437,plate_4,c_d95dac0f8b,COC(=O)c1ccc(OC)cc1,12345.37387,0.4790374938515701
cx_02438,plate_4,c_78bd4a1b1c,COC(=O)c1cccc(C(=O)O)n1,4493.64051,0.17209830200728415
cx_02439,plate_4,c_5d4233df2b,COC(=O)c1cccc(C(=O)OC)n1,14872.4114,0.5356008840351224
cx_02440,plate_4,c_32133c467c,COC(=O)c1cccc2c1NC(=O)C2,0.0,-2.382691232711226
cx_02441,plate_4,c_b88527c2c0,COC(=O)c1ccccc1,13975.65005,0.5167111389325899
cx_02442,plate_4,c_2c9263eeab,COC(=O)c1ccccc1-c1ccc[nH]1,5677.28558,0.2431056084996823
cx_02443,plate_4,c_9d06e34249,COC(=O)c1ccccc1C(=O)O,15404.26074,0.5462730482686297
cx_02444,plate_4,c_abddb327a9,COC(=O)c1ccccc1C(=O)OC,13279.36758,0.5011887825916735
cx_02445,plate_4,c_23cc32befa,COC(=O)c1ccccc1N(C)C,0.0,-2.382691232711226
cx_02446,plate_4,c_3ea13d6845,COC(=O)c1ccccc1OC,14821.29514,0.5345551484988278
cx_02447,plate_4,c_9a6c4bb451,COC(=O)c1ccccc1S,0.0,-2.382691232711226
cx_02448,plate_4,c_ba00589419,COC(=O)c1ccccc1SC,15182.67849,0.541872222472279
cx_02449,plate_4,c_574c9e5b84,COC(=O)c1ccccn1,13289.10516,0.5014114249566464
cx_02450,plate_4,c_6e63c3e267,COC(=O)c1cccnc1O,11179.79548,0.4489155131413927
cx_02451,plate_4,c_911c879c6a,COC(=O)c1cccs1,5978.61102,0.25881170904481976
cx_02452,plate_4,c_e9bd7c861a,COC(=O)c1ccn(C)n1,13173.94864,0.4987679541310365
cx_02453,plate_4,c_2e6c2b9adf,COC(=O)c1ccnn1C,12393.67897,0.48022362139355984
cx_02454,plate_4,c_0b3c286123,COC(=O)c1ccno1,0.0,-2.382691232711226
cx_02455,plate_4,c_8d3c85feee,COC(=O)c1cn(C)cn1,11004.14828,0.44410569753433493
cx_02456,plate_4,c_b4405b074e,COC(=O)c1cncs1,6070.47126,0.26344261504389355
cx_02457,plate_4,c_e881bf1346,COC(=O)c1nc[nH]n1,23352.11195,0.6726423215397604
cx_02458,plate_4,c_82dfd9102a,COC(C)C(N)=O,13793.67938,0.5127303699994996
cx_02459,plate_4,c_ffcbd24baf,COC(OC)c1ccccc1,13704.4174,0.5107584474699672
cx_02460,plate_4,c_55b6e33ac9,COC1CCCCC1=O,17552.0944,0.5859197513620132
cx_02461,plate_4,c_2c3cc76208,COCC(=O)OC,14231.98106,0.522231553901271
cx_02462,plate_4,c_50cb9c1c39,COCC(=O)c1ccccc1,16716.91998,0.5711118930515647
cx_02463,plate_4,c_3efe3c0883,COCC(C)(C)O,13264.43484,0.5008470395177546
cx_02464,plate_4,c_1bd8655a83,COCC/C(N)=N/O,15628.7107,0.5506667622698862
cx_02465,plate_4,c_b664a62821,COCCC(=O)OC,11911.77751,0.4681779319221468
cx_02466,plate_4,c_5b245e09c2,COCCCNS(N)(=O)=O,14609.12543,0.5301756845573443
cx_02467,plate_4,c_1784e79622,COCCNS(=O)(=O)N(C)C,12603.28549,0.4853175045146777
cx_02468,plate_4,c_080a543259,COCc1ccccc1C(=O)O,15753.23334,0.5530772177111202
cx_02469,plate_4,c_2473ca3d10,CON(C)C(C)=O,13903.25725,0.5151337257065449
cx_02470,plate_4,c_832308c6fa,CO[C@H]1CCCC[C@@H]1O,11866.24409,0.46701467783508477
cx_02471,plate_4,c_89df1ccc18,COc1cc[nH]n1,8125.19024,0.35198506970963955
cx_02472,plate_4,c_92b0cc8d55,COc1ccc(/C(N)=N\O)cc1,5026.43108,0.20612618709082337
cx_02473,plate_4,c_f1fb2e4fc4,COc1ccc(C(=N)N)cc1,14518.03591,0.5282759283246623
cx_02474,plate_4,c_c2e60c2140,COc1ccc(C(=O)O)c(O)c1,2725.70028,0.020282619067077207
cx_02475,plate_4,c_a61d5d7ad0,COc1ccc(C(=O)O)cc1,15784.4252,0.5536780322828132
cx_02476,plate_4,c_facc105394,COc1ccc(C(C)=O)cc1,13372.17179,0.5033040758006702
cx_02477,plate_4,c_dab4f27719,COc1ccc(C(N)=O)cc1,14947.65474,0.5371336903737703
cx_02478,plate_4,c_5b7c0e8a63,COc1ccc(C=O)cc1,15564.75683,0.5494212960031247
cx_02479,plate_4,c_6d38932327,COc1ccc(COCC(=N)N)cc1,17100.82739,0.5780084260830556
cx_02480,plate_4,c_b3f20d03a6,COc1ccc(N2CCNC2=O)cc1,2056.93509,-0.06519123631240535
cx_02481,plate_4,c_eba3569946,COc1ccc(O)c(C(=O)O)c1,0.0,-2.382691232711226
cx_02482,plate_4,c_7ebce15718,COc1ccc(O)c([N+](=O)[O-])c1,0.0,-2.382691232711226
cx_02483,plate_4,c_e325071ace,COc1ccc(S(N)(=O)=O)cc1,9043.20823,0.38449688171035296
cx_02484,plate_4,c_a2316e1cf9,COc1ccc2[nH]ccc2c1,11119.19291,0.4472646007427706
cx_02485,plate_4,c_a5c1854d6d,COc1ccc2c(c1)C(=O)C(=O)N2,0.0,-2.382691232711226
cx_02486,plate_4,c_3dae2cd838,COc1ccc2c(c1)CC(=O)N2,6825.92515,0.2990652148770504
cx_02487,plate_4,c_b781f68a2f,COc1ccc2c(c1)CCC(=O)N2,7439.26813,0.3251981771226236
cx_02488,plate_4,c_ace4fcf47b,COc1ccc2c(c1)CNC2=O,7870.00603,0.34229330648161577
cx_02489,plate_4,c_b528767be1,COc1ccc2c(c1)NC(=O)C2=O,0.0,-2.382691232711226
cx_02490,plate_4,c_51573e3907,COc1cccc2c1C(=O)CCC2,9299.30786,0.39297866042030977
cx_02491,plate_4,c_43c76f11fe,COc1cccc2c1NC(=O)C2,8534.89063,0.3669261059170034
cx_02492,plate_4,c_c3d6c577e6,COc1cccc2cc(C(=O)O)[nH]c12,4330.69442,0.16088150355440817
cx_02493,plate_4,c_0370f04d76,COc1cccc2cc[nH]c12,7131.35088,0.31235959438401195
cx_02494,plate_4,c_1d3126b76f,COc1ccccc1,12597.10452,0.4851685097714045
cx_02495,plate_4,c_cf12cd1548,COc1ccccc1/C(N)=N/O,3157.25037,0.06491239458534546
cx_02496,plate_4,c_52967f6e46,COc1ccccc1C(N)=S,0.0,-2.382691232711226
cx_02497,plate_4,c_0121a33d69,COc1ccccc1NC(C)=O,14705.38378,0.5321704128472344
cx_02498,plate_4,c_3bcd84af16,COc1ccccc1NC(N)=S,4622.22169,0.18066609972318096
cx_02499,plate_4,c_4bbf4ab9cd,COc1ccccc1O,8903.07469,0.37975354405365747
cx_02500,plate_4,c_e0c2d96ba7,COc1ccccc1OC,14491.37854,0.5277177094091116
cx_02501,plate_4,c_8effd290ef,COc1ccccc1OCC(N)=O,14572.07022,0.5294042968827225
cx_02502,plate_4,c_26ba1db84a,COc1ccccc1S,6044.51783,0.26214137703818957
cx_02503,plate_4,c_4c3388b95a,COc1ccnc(O)c1,12363.40976,0.4794809055704694
cx_02504,plate_4,c_d8bdf22a73,CS(=O)(=O)C/C(N)=N/O,3447.5326,0.09162191786831733
cx_02505,plate_4,c_67bfe0b34e,CS(=O)(=O)CC(=O)c1ccccc1,6053.26525,0.2625805731637736
cx_02506,plate_4,c_8bd8d0cb87,CS(=O)(=O)Nc1ccccn1,5390.65009,0.22737165069351645
cx_02507,plate_4,c_8cb0b88a18,CS(=O)(=O)c1ccccc1O,2835.64471,0.032290042256232346
cx_02508,plate_4,c_0b6a35acdb,CS(=O)(=O)c1nc2ccccc2[nH]1,8065.87304,0.34975966193061947
cx_02509,plate_4,c_21310858a4,CS(=O)(=O)c1nc2ccccc2s1,9686.60553,0.40537187333334956
cx_02510,plate_4,c_2f3b4ff2e4,CS(=O)(=O)c1nc[nH]n1,14423.77431,0.5262974255186386
cx_02511,plate_4,c_9d4ff6c5e5,CS(=O)c1ccccc1,12953.04777,0.49363176421070143
cx_02512,plate_4,c_95227c1d67,CS(C)(=O)=O,9153.92783,0.3881929086179365
cx_02513,plate_4,c_49a28e6491,CS(N)(=O)=O,8008.94677,0.3476085132473521
cx_02514,plate_4,c_73defb78b7,CSCC(=O)O,0.0,-2.382691232711226
cx_02515,plate_4,c_cbca343ced,CSCC(C)=O,15303.62074,0.5442821454002554
cx_02516,plate_4,c_bac17af9d0,CSCCCO,15618.41602,0.5504666235987187
cx_02517,plate_4,c_8624185335,CSc1ccccc1,10172.85629,0.4202480697561151
cx_02518,plate_4,c_2fab419e6e,CSc1ccccc1C(=O)O,0.0,-2.382691232711226
cx_02519,plate_4,c_b8a851f045,CSc1ccccc1O,10865.72364,0.44026076010089793
cx_02520,plate_4,c_01eedcff64,C[C@@H]1COC(=O)O1,13533.72988,0.50695170032342
cx_02521,plate_4,c_320b9e5157,C[S@@](=N)(=O)c1ccccc1,10753.27718,0.4371011758531566
cx_02522,plate_4,c_59b4333037,Cc1cc(C)[nH]n1,11262.17175,0.45114528524254743
cx_02523,plate_4,c_87912889b2,Cc1cc(C)on1,10640.13119,0.43388841303484016
cx_02524,plate_4,c_9d727a2000,Cc1cc(O)nc(O)c1,0.0,-2.382691232711226
cx_02525,plate_4,c_4a03388181,Cc1cc([N+](=O)[O-])c(O)c([N+](=O)[O-])c1,0.0,-2.382691232711226
cx_02526,plate_4,c_f51951df7f,Cc1ccc(-c2nnn[nH]2)cc1,19657.82414,0.6203341988708582
cx_02527,plate_4,c_d81fffbb97,Cc1ccc(C(=O)NN)cc1,0.0,-2.382691232711226
cx_02528,plate_4,c_9d1338716b,Cc1ccc(C(N)=O)cc1,12175.22739,0.47482228175992247
cx_02529,plate_4,c_9d98388c77,Cc1ccc(C(N)=S)cc1,0.0,-2.382691232711226
cx_02530,plate_4,c_8faae0d3f1,Cc1ccc(C=O)cc1,11387.7053,0.45451207572496133
cx_02531,plate_4,c_53139ac9e3,Cc1ccc(O)nc1,4723.57957,0.18725360685678974
cx_02532,plate_4,c_71a7ae8d89,Cc1cccc(C)c1C(=O)O,15548.30026,0.549099985598073
cx_02533,plate_4,c_a61c5b5942,Cc1cccc(C)c1O,11004.07387,0.44410364371182925
cx_02534,plate_4,c_9bcdd0a619,Cc1ccn(C(N)=O)n1,36906.01221,0.8116631041477252
cx_02535,plate_4,c_1e41fce493,Cc1cnc(C(=N)N)cn1,16830.28574,0.5731647436518934
cx_02536,plate_4,c_3fdbb50cfc,Cc1cnc(C(C)NC(=O)OC(C)(C)C)[nH]1,14955.30525,0.537289109048286
cx_02537,plate_4,c_3c6075a79a,Cc1cnc(O)nc1,13420.75874,0.5044056747370331
cx_02538,plate_4,c_6ecabb04fb,Cc1cscn1,13201.47106,0.49940183916161457
cx_02539,plate_4,c_f910f02aa3,Cc1nc(-c2ccccc2O)cs1,0.0,-2.382691232711226
cx_02540,plate_4,c_15039fcfe8,Cc1nc(=O)[nH]n1-c1ccccc1,3926.34436,0.13111475567686132
cx_02541,plate_4,c_d78acf8270,Cn1c(=O)[nH]c2ccccc2c1=O,7270.59294,0.3182325751643069
cx_02542,plate_4,c_66fd695106,Cn1cc(C(=O)O)nn1,7280.60924,0.3186506989359963
cx_02543,plate_4,c_8dd4a99511,Cn1cc[nH]c1=O,15693.85307,0.5519301457075223
cx_02544,plate_4,c_c3efae03b8,Cn1ccc(=O)[nH]c1=O,21519.80772,0.6478223576581364
cx_02545,plate_4,c_cc5e5aafc9,Cn1ccc(=O)n(C)c1=O,12987.33777,0.49443476109209855
cx_02546,plate_4,c_e4ebbce005,Cn1ccc(C(=O)O)n1,6990.47708,0.30629993457957566
cx_02547,plate_4,c_0bd53f1d2d,Cn1ccnc1[N+](=O)[O-],0.0,-2.382691232711226
cx_02548,plate_4,c_b7bee82cf3,Cn1cnc(C=O)c1,13040.24496,0.495669582407719
cx_02549,plate_4,c_f8463f8820,Cn1cnc(CO)c1,11897.96524,0.46782553674519123
cx_02550,plate_4,c_9bff495d26,Cn1cnc(S(N)(=O)=O)c1,10824.63127,0.4391099304632312
cx_02551,plate_4,c_72ec7d83a4,Cn1cnc2c(=O)[nH]c(=O)[nH]c21,13544.4345,0.5071918466850794
cx_02552,plate_4,c_cef4f2744a,Cn1cnc2c(=O)[nH]c(=O)n(C)c21,16289.34798,0.5632420360142701
cx_02553,plate_4,c_9d2aa053ee,Cn1cnc2ccccc21,11635.41256,0.4610480398369737
cx_02554,plate_4,c_595067f04a,Cn1cncc1C(=O)O,11032.81394,0.4448958794385679
cx_02555,plate_4,c_7756c7ee5a,Cn1cncc1CO,11622.66484,0.46071509105264014
cx_02556,plate_4,c_5915219f6b,Cn1nc(-c2ccccc2)cc1O,2902.49624,0.03936566160633864
cx_02557,plate_4,c_351d4cca32,Cn1nccc1C(=O)O,15306.140765,0.5443321572086872
cx_02558,plate_4,c_1976abf777,Cn1nccc1O,3875.19812,0.1271329124032489
cx_02559,plate_4,c_356df7336d,Cn1nncc1C(=O)O,14399.03963,0.5257761156817983
cx_02560,plate_4,c_eec3487744,FC(F)(F)c1c[nH]cn1,15913.00701,0.5561422919177706
cx_02561,plate_4,c_d8eb90ae3f,FC(F)(F)c1cn[nH]c1,5671.23533,0.24278178109572576
cx_02562,plate_4,c_bee2a42d3a,FC(F)(F)c1ncc[nH]1,17985.51981,0.5933290862050417
cx_02563,plate_4,c_5a943dbafe,Fc1ccc2[nH]ccc2c1,12776.77734,0.48947005533954346
cx_02564,plate_4,c_9dc9d5f12a,Fc1ccc2[nH]ncc2c1,5161.37439,0.21417194360716815
cx_02565,plate_4,c_10c829ce54,Fc1ccccn1,16575.01121,0.5685224711438346
cx_02566,plate_4,c_1122dc32c7,N#CC(C#N)c1ccccc1,0.0,-2.382691232711226
cx_02567,plate_4,c_8207f6ef25,N#CC1(O)CCCCC1,0.0,-2.382691232711226
cx_02568,plate_4,c_4f5275da86,N#CC1CCCCC1,12095.10162,0.4728168015849234
cx_02569,plate_4,c_207947d691,N#CC1CCCS1,11751.90461,0.46407382692803584
cx_02570,plate_4,c_fa5f88c96e,N#CCC(=O)Nc1ccccc1,10258.76862,0.4228023507361796
cx_02571,plate_4,c_b4b731c8f3,N#CCC1=CCCCC1,11895.76854,0.4677694542045684
cx_02572,plate_4,c_2988a9b721,N#CCCCc1ccccc1,13867.68192,0.5143555397989564
cx_02573,plate_4,c_d7c4f5d946,N#CCS(N)(=O)=O,17618.41463,0.5870652622419291
cx_02574,plate_4,c_52364a5acd,N#CCc1cccc2cccnc12,5577.46945,0.23771850988874565
cx_02575,plate_4,c_b32d2718d4,N#CCc1nccs1,0.0,-2.382691232711226
cx_02576,plate_4,c_aec7a03867,N#C[C@@H]1CC[C@H]1C#N,15202.09945,0.5422604998881868
cx_02577,plate_4,c_05efc363f3,N#Cc1cccc(C#N)n1,12041.76444,0.47147443874277756
cx_02578,plate_4,c_b666128acf,N#Cc1cccc2cc[nH]c12,13322.64875,0.5021771267497943
cx_02579,plate_4,c_27e26f2cce,N#Cc1cccc2cccnc12,3701.90105,0.11323961404189058
cx_02580,plate_4,c_a808b2f56c,N#Cc1ccccc1,14514.71543,0.5282064516874848
cx_02581,plate_4,c_1866122c8b,N#Cc1ccccc1C#N,14965.48998,0.5374958866082631
cx_02582,plate_4,c_01d4a82f7d,N#Cc1ccccc1O,0.0,-2.382691232711226
cx_02583,plate_4,c_8d9839b4d0,N#Cc1ccccc1[N+](=O)[O-],0.0,-2.382691232711226
cx_02584,plate_4,c_1d95ba9fe9,N#Cc1ccccn1,12261.67006,0.47697112336819525
cx_02585,plate_4,c_edfdb77be9,N#Cc1ncccn1,15136.7537,0.540952082642444
cx_02586,plate_4,c_0bb4d51e01,N#Cc1nccs1,14097.33801,0.5193443567187815
cx_02587,plate_4,c_34944443db,N#N,13135.11331,0.49787125867712934
cx_02588,plate_4,c_c82bd8a6db,N/C(=N\O)c1ccccc1,6028.95538,0.2613584341552943
cx_02589,plate_4,c_3020b8a6d2,N/C(=N\O)c1ccccn1,0.0,-2.382691232711226
cx_02590,plate_4,c_0f8d8f1c01,N/C(=N\O)c1cccs1,4688.50098,0.18498988920030107
cx_02591,plate_4,c_4c7550af08,N/C(=N\O)c1cnc2ccccc2n1,0.0,-2.382691232711226
cx_02592,plate_4,c_9c6d043c13,N/C(=N\O)c1nc2ccccc2s1,0.0,-2.382691232711226
cx_02593,plate_4,c_75b5754d9b,N/C(Cc1ccccc1)=N\O,4628.98526,0.18111015784832685
cx_02594,plate_4,c_1cd23482e2,N/N=C/c1ccccc1O,0.0,-2.382691232711226
cx_02595,plate_4,c_27e574117c,N=C(N)c1cc2ccccc2o1,14135.46278,0.5201646682153863
cx_02596,plate_4,c_b887ec8d99,N=C(N)c1nc2ccccc2s1,6325.44085,0.27593821463884816
cx_02597,plate_4,c_fee3985c8f,N=C(NO)C1CCCC1,6621.40051,0.2898260091410102
cx_02598,plate_4,c_af27308ee0,N=C(n1nnc2ccccc21)n1nnc2ccccc21,2312.72857,-0.02960393010193965
cx_02599,plate_4,c_9a9432eae0,N=C1NC(=O)c2ccccc21,13650.30256,0.5095567118050874
cx_02600,plate_4,c_1b0a5508f4,NC(=O)C(C(N)=O)c1ccccc1,7044.37178,0.3086325041140844
cx_02601,plate_4,c_622c025409,NC(=O)C(F)(F)F,18972.15609,0.6095504793771196
cx_02602,plate_4,c_efe021a9ac,NC(=O)C(c1ccccc1)c1ccccn1,8716.85976,0.37333357236837517
cx_02603,plate_4,c_9da6a40773,NC(=O)C1CCCCC1,9777.01557,0.4081935519606492
cx_02604,plate_4,c_03def00e5f,NC(=O)CC(=O)O,12653.31348,0.4865207670490851
cx_02605,plate_4,c_e2fb9f74ae,NC(=O)CC(N)=O,15216.19534,0.542542004260453
cx_02606,plate_4,c_e2adf3f704,NC(=O)CCC(N)=O,11705.15485,0.4628631580054183
cx_02607,plate_4,c_7629689636,NC(=O)CN1CCCC1=O,13136.65761,0.4979069666579466
cx_02608,plate_4,c_c64b4e9fdc,NC(=O)COCc1ccccc1,15164.9203,0.5415167533977662
cx_02609,plate_4,c_908abade01,NC(=O)Cc1cc2ccccc2s1,11257.58051,0.4510214387092408
cx_02610,plate_4,c_d9258226a5,NC(=O)Cc1ccccn1,13298.69658,0.5016305660672568
cx_02611,plate_4,c_c3457bd293,NC(=O)Cc1cccs1,12893.56281,0.49223370113201076
cx_02612,plate_4,c_967cb20253,NC(=O)Cc1cncs1,12165.82822,0.47458771284177337
cx_02613,plate_4,c_ecaa1ef6f8,NC(=O)Cc1nc2ccccc2[nH]1,8515.89938,0.3662495334565031
cx_02614,plate_4,c_086c90d1f2,NC(=O)Cn1nnc2ccccc21,9639.13673,0.4038798210882295
cx_02615,plate_4,c_4137adde12,NC(=O)NCc1ccccc1,16308.27875,0.5635948223295537
cx_02616,plate_4,c_2338973172,NC(=O)Nc1ccccc1,14357.87636,0.524906567438642
cx_02617,plate_4,c_8e22a1ea19,NC(=O)Nc1ccccn1,13137.21886,0.4979199430862773
cx_02618,plate_4,c_42031daf99,NC(=O)Oc1ccccc1,16239.34666,0.562308256150702
cx_02619,plate_4,c_c3ce8e4ac7,NC(=O)[C@@H]1CCCC[C@@H]1O,13553.38726,0.5073925463066206
cx_02620,plate_4,c_768fd1d9ef,NC(=O)[C@@H]1CCCC[C@H]1O,14875.434,0.535662607741433
cx_02621,plate_4,c_a5aec92e7b,NC(=O)[C@@H]1CCCO1,13252.10359,0.5005645426873007
cx_02622,plate_4,c_9f9a94e692,NC(=O)c1cc2ccccc2cc1O,0.0,-2.382691232711226
cx_02623,plate_4,c_cc981934d4,NC(=O)c1ccccc1C(N)=O,26579.75385,0.7119658180324008
cx_02624,plate_4,c_93b30f1e45,NC(=O)c1ccccc1O,0.0,-2.382691232711226
cx_02625,plate_4,c_9c4d885322,NC(=O)c1ccccc1OCC(=O)O,13527.41026,0.5068098374291081
cx_02626,plate_4,c_9aa7b63827,NC(=O)c1ccccc1[N+](=O)[O-],0.0,-2.382691232711226
cx_02627,plate_4,c_390b8b4606,NC(=O)c1ccccn1,10236.98492,0.42215672390040343
cx_02628,plate_4,c_c6b02e1350,NC(=O)c1cn2ccccc2n1,7835.72132,0.34096730550021187
cx_02629,plate_4,c_14f95a61fd,NC(=O)c1nccc2ccccc12,16490.14055,0.5669632138852806
cx_02630,plate_4,c_40206384a3,NC(=O)c1ncco1,10305.29606,0.424176755751299
cx_02631,plate_4,c_fb124362e3,NC(=O)n1nnc2ccccc21,2606.07988,0.006655658584269005
cx_02632,plate_4,c_82def56c69,NC(=S)N1CCCCC1,3019.38989,0.0513550388397861
cx_02633,plate_4,c_1cdbef5a61,NC(=S)NC1CCCCC1,9653.74311,0.4043397139085214
cx_02634,plate_4,c_0e48b29eed,NC(=S)Nc1ccccc1,3780.91167,0.11965284224207694
cx_02635,plate_4,c_09fe1871ed,NC(=S)Nc1ccccn1,0.0,-2.382691232711226
cx_02636,plate_4,c_aa012a7992,NC(=S)c1ccccn1,0.0,-2.382691232711226
cx_02637,plate_4,c_54c56e3779,NC(=S)c1ncccn1,0.0,-2.382691232711226
cx_02638,plate_4,c_496fc7e79e,NC1=NC(C(=O)O)CS1,7076.49386,0.31001428000444464
cx_02639,plate_4,c_a2f86a85f1,NC1=NCCS1,9078.4295,0.385677518237775
cx_02640,plate_4,c_5de71577f7,NNC(=O)c1ccccc1,7230.84137,0.31656747428169774
cx_02641,plate_4,c_6af55f0868,NNc1ncccn1,2340.03223,-0.026040366537780604
cx_02642,plate_4,c_ff3314219b,NS(=O)(=O)N1CCCC1,10556.20363,0.4314831579090896
cx_02643,plate_4,c_cc19c722a1,NS(=O)(=O)c1ccccc1,7668.09828,0.33439962625815733
cx_02644,plate_4,c_44888d1c8c,NS(=O)(=O)c1cccs1,11969.31281,0.4696414588949033
cx_02645,plate_4,c_c50b7cc6f4,NS(N)(=O)=O,11431.99941,0.4556911861340117
cx_02646,plate_4,c_f4af18a838,Nc1ncccn1,16473.92971,0.5666644731783922
cx_02647,plate_4,c_4956436e1f,O/N=C/c1ccccc1,0.0,-2.382691232711226
cx_02648,plate_4,c_28e8532b94,O/N=C/c1ccccn1,0.0,-2.382691232711226
cx_02649,plate_4,c_119633cfd9,O=C(C(=O)c1ccco1)c1ccco1,0.0,-2.382691232711226
cx_02650,plate_4,c_67862f3ad9,O=C(CC(=O)Nc1nccs1)Nc1nccs1,0.0,-2.382691232711226
cx_02651,plate_4,c_51fd30819f,O=C(CC(=O)c1ccccn1)c1ccccn1,0.0,-2.382691232711226
cx_02652,plate_4,c_4eda088deb,O=C(NO)c1ccccc1,0.0,-2.382691232711226
cx_02653,plate_4,c_248f41ba44,O=C(O)C(=O)c1ccccc1,0.0,-2.382691232711226
cx_02654,plate_4,c_882ada0895,O=C(O)C(O)CO,12347.42096,0.47908785406306414
cx_02655,plate_4,c_888ba1376c,O=C(O)C1CCCCC1,19350.84821,0.6155535606154272
cx_02656,plate_4,c_9e3de13ba9,O=C(O)C1CCCCO1,6375.38613,0.2783268636398201
cx_02657,plate_4,c_5f9dcbf3b6,O=C(O)C1CCCO1,0.0,-2.382691232711226
cx_02658,plate_4,c_2ac96ba268,O=C(O)C1CCCn2cnnc21,0.0,-2.382691232711226
cx_02659,plate_4,c_7902e1c611,O=C(O)C1Cc2ccccc2O1,0.0,-2.382691232711226
cx_02660,plate_4,c_dacfa5af31,O=C(O)CC1CCCO1,14850.88252,0.535160885343303
cx_02661,plate_4,c_6b23b64724,O=C(O)CCN1CCCC1=O,14786.26627,0.5338364439632972
cx_02662,plate_4,c_606c726d8b,O=C(O)CCOc1ccccc1,14210.325375,0.5217690315862916
cx_02663,plate_4,c_0f344ea8b4,O=C(O)CCc1ccccc1,11609.96634,0.4603830645786373
cx_02664,plate_4,c_0cc3b320aa,O=C(O)CNC(=O)c1ccccc1O,3721.88016,0.11487413715662884
cx_02665,plate_4,c_ee31cf9228,O=C(O)COCc1ccccc1,5514.31824,0.23426021082637183
cx_02666,plate_4,c_0b07e9dcaa,O=C(O)COc1ccccc1,4492.20858,0.1720015138883044
cx_02667,plate_4,c_9d207bb13e,O=C(O)COc1ccccc1O,3301.13451,0.07844503015324318
cx_02668,plate_4,c_cf594a234a,O=C(O)Cc1ccccc1O,0.0,-2.382691232711226
cx_02669,plate_4,c_b4d7f9c672,O=C(O)Cc1ccco1,3395.69522,0.08702126497504746
cx_02670,plate_4,c_c06203aa8d,O=C(O)Cc1ncccn1,5233.46022,0.21838417050570394
cx_02671,plate_4,c_dc2bc85597,O=C(O)Cc1nnn[nH]1,0.0,-2.382691232711226
cx_02672,plate_4,c_30f6dcfb87,O=C(O)Cn1c(=O)oc2ccccc21,12871.75111,0.4917194485263938
cx_02673,plate_4,c_9dfdf07e0c,O=C(O)Cn1cccc1,0.0,-2.382691232711226
cx_02674,plate_4,c_bf776335d3,O=C(O)Cn1cccn1,4646.62419,0.18226518635601913
cx_02675,plate_4,c_59d10fbbe6,O=C(O)Cn1ccnc1,14705.84457,0.5321799302046863
cx_02676,plate_4,c_c0bfce4d0d,O=C(O)Cn1ccnn1,17042.43131,0.5769694399753388
cx_02677,plate_4,c_1d92fc286a,O=C(O)Cn1cnnn1,14315.06241,0.5239995008903613
cx_02678,plate_4,c_757b7ab18c,O=C(O)[C@H]1CCCC[C@@H]1C(=O)O,2273.29538,-0.03482552239993884
cx_02679,plate_4,c_6060fcf2a2,O=C(O)[C@H]1CCCN1c1ncccn1,0.0,-2.382691232711226
cx_02680,plate_4,c_e144d08288,O=C(O)c1c[nH]nn1,11340.9273,0.453261854780912
cx_02681,plate_4,c_3fc48e58a4,O=C(O)c1cc(C(F)(F)F)ccn1,940.321795,-0.3027817157818446
cx_02682,plate_4,c_81abb34c56,O=C(O)c1cc2cccc(O)c2[nH]1,0.0,-2.382691232711226
cx_02683,plate_4,c_b7ffd17730,O=C(O)c1cc2ccccc2s1,8893.6942,0.3794333659478986
cx_02684,plate_4,c_9661924286,O=C(O)c1cc[nH]n1,4705.698085,0.18610177363011635
cx_02685,plate_4,c_be49277018,O=C(O)c1ccc(C(=O)O)s1,3143.19934,0.06355796783856855
cx_02686,plate_4,c_4f0a70584e,O=C(O)c1ccc2ccccc2n1,0.0,-2.382691232711226
cx_02687,plate_4,c_1f28c69c27,O=C(O)c1cccc2c1OCC2,4032.12435,0.13918796988193521
cx_02688,plate_4,c_94f23f39b7,O=C(O)c1cccc2cc[nH]c12,3385.42929,0.0861018218472948
cx_02689,plate_4,c_a7b8e1364a,O=C(O)c1cccc2ccc(=O)[nH]c12,14956.87894,0.5373210684066785
cx_02690,plate_4,c_9c4fc52abc,O=C(O)c1cccc2ccnn12,0.0,-2.382691232711226
cx_02691,plate_4,c_db59a1302a,O=C(O)c1cccc2cn[nH]c12,2741.10211,0.021993568888252428
cx_02692,plate_4,c_6f2cb5da40,O=C(O)c1cccc2ncsc12,12438.78847,0.48132711461462424
cx_02693,plate_4,c_74d82b3353,O=C(O)c1cccc[n+]1[O-],5919.78717,0.25580873540980664
cx_02694,plate_4,c_b29ef6f706,O=C(O)c1ccccc1,15964.74203,0.5571281766441989
cx_02695,plate_4,c_9d408f4c83,O=C(O)c1ccccc1-c1ncc[nH]1,11092.92394,0.44654619428953096
cx_02696,plate_4,c_a5e0704aac,O=C(O)c1ccccc1-c1nnn[nH]1,0.0,-2.382691232711226
cx_02697,plate_4,c_ad96e587ce,O=C(O)c1ccccc1-n1ccnn1,12562.86359,0.48434179205963673
cx_02698,plate_4,c_395c6fa93c,O=C(O)c1ccccc1-n1nccn1,15658.92066,0.5512533133900391
cx_02699,plate_4,c_aefbd54820,O=C(O)c1ccccc1-n1ncnn1,12641.41044,0.486234909494661
cx_02700,plate_4,c_fea380edf5,O=C(O)c1ccccn1,0.0,-2.382691232711226
cx_02701,plate_4,c_56c86a24aa,O=C(O)c1ccco1,14665.86673,0.5313530991088073
cx_02702,plate_4,c_c445b15351,O=C(O)c1cccs1,13372.418065,0.5033096696136138
cx_02703,plate_4,c_9262e300f2,O=C(O)c1ccno1,4548.14649,0.17575976893370268
cx_02704,plate_4,c_0f57f7c651,O=C(O)c1cnco1,11389.783045,0.45456748778700895
cx_02705,plate_4,c_f454594c2d,O=C(O)c1cocn1,12220.12935,0.4759403776274473
cx_02706,plate_4,c_a05f156441,O=C(O)c1n[nH]c2ccccc12,5445.72688,0.23045884622301316
cx_02707,plate_4,c_3cd37980eb,O=C(O)c1nc(=O)[nH]c2ccccc12,2514.538,-0.004201848764447557
cx_02708,plate_4,c_7d02fa78c8,O=C(O)c1nccc2ccccc12,0.0,-2.382691232711226
cx_02709,plate_4,c_d363455c1e,O=C(O)c1ncco1,9153.17003,0.3881677640785067
cx_02710,plate_4,c_8eb0f23cd8,O=C(c1ccccc1)c1ncco1,4509.83145,0.17319055208142928
cx_02711,plate_4,c_e6990e074b,O=C(c1ccccc1O)N1CCCC1,7204.41244,0.3154553546579265
cx_02712,plate_4,c_b89e4cbcbe,O=C(c1ccccn1)C(O)c1ccccn1,0.0,-2.382691232711226
cx_02713,plate_4,c_8606113a43,O=C(c1cccs1)c1cccs1,10222.57927,0.42172901318559886
cx_02714,plate_4,c_1a85aa79ac,O=C(c1ncc[nH]1)c1ccco1,4385.82185,0.16472288099777177
cx_02715,plate_4,c_5e5d221b74,O=C1C=C(c2ccccc2)C(=O)O1,0.0,-2.382691232711226
cx_02716,plate_4,c_8386e42b98,O=C1C=CC(=O)C=C1,0.0,-2.382691232711226
cx_02717,plate_4,c_4898b1c206,O=C1C=CC(=O)N1,39588.11515,0.832972448263276
cx_02718,plate_4,c_94bdae29e2,O=C1C=CC(=O)N1Cc1ccccc1,8096.54941,0.3509125849927361
cx_02719,plate_4,c_d285471031,O=C1C=CC(=O)c2ccccc21,0.0,-2.382691232711226
cx_02720,plate_4,c_26c4a1369f,O=C1C=CCCC1,13383.16003,0.5035535590468948
cx_02721,plate_4,c_2b804ab279,O=C1CC(=O)NC(=O)N1,3527.56744,0.0985910582200152
cx_02722,plate_4,c_c5e6d695e1,O=C1CCC(=O)N1,43347.68822,0.8605299447541147
cx_02723,plate_4,c_eba623eacb,O=C1CCCC(=O)N1,13261.66467,0.5007836005197036
cx_02724,plate_4,c_48b7dcf060,O=C1CCCCC1=O,2738.50451,0.021705682936839037
cx_02725,plate_4,c_964a67a3a6,O=C1CCCCC1O,11840.09917,0.46634472795047155
cx_02726,plate_4,c_ed6788b990,O=C1CCCCC1[N+](=O)[O-],0.0,-2.382691232711226
cx_02727,plate_4,c_776e933041,O=C1CCCCCCCCC1,13304.45548,0.5017620673013354
cx_02728,plate_4,c_e4b3a28177,O=C1CCCCCCCCCCCN1,10930.49288,0.44206587623080684
cx_02729,plate_4,c_01d8abb38c,O=C1CCCCCN1,13761.83384,0.5120283252166606
cx_02730,plate_4,c_70841d1e9d,O=C1CCCCN1,12281.68308,0.4774664588868003
cx_02731,plate_4,c_2b4350f455,O=C1CCCc2ccccc21,13154.39271,0.4983167447770905
cx_02732,plate_4,c_d8d0d01680,O=C1CCCc2cccnc21,0.0,-2.382691232711226
cx_02733,plate_4,c_83857aefa1,O=C1CCN(c2ccccc2)N1,0.0,-2.382691232711226
cx_02734,plate_4,c_3cf683e523,O=C1CCNC(=O)C1,8177.66305,0.35394019663059856
cx_02735,plate_4,c_3ae76af59a,O=C1CCNC(=O)N1,14716.22337,0.5323942194998296
cx_02736,plate_4,c_eb9f44e34f,O=C1CCOc2ccccc21,2309.74553,-0.029995809845817616
cx_02737,plate_4,c_bba7e906ef,O=C1CC[C@H](CO)N1,17119.12803,0.5783333020072194
cx_02738,plate_4,c_5e43df9c40,O=C1CCc2ccccc2N1,12644.46206,0.4863082213467604
cx_02739,plate_4,c_f265bd8a4a,O=C1CCc2ccccc2O1,14030.54147,0.5179017666380634
cx_02740,plate_4,c_395f85ed19,O=C1CNC(=O)N1,41346.50156,0.8461730474504006
cx_02741,plate_4,c_4d26678846,O=C1COC(=O)C1,0.0,-2.382691232711226
cx_02742,plate_4,c_c4daff2617,O=C1Cc2ccccc2C1=O,0.0,-2.382691232711226
cx_02743,plate_4,c_86c1b6e4df,O=C1Cc2ccccc2N1,8731.08608,0.3738288567304931
cx_02744,plate_4,c_3418c9d171,O=C1Cc2cccnc2N1,3084.09937,0.057794058191201945
cx_02745,plate_4,c_1aacb990df,O=C1NC(=O)/C(=C/c2ccccc2)N1,0.0,-2.382691232711226
cx_02746,plate_4,c_3b315ab725,O=C1NC(=O)C(Cc2ccccc2)N1,38706.0817,0.826128309739633
cx_02747,plate_4,c_2c9d9c49cd,O=C1NC(=O)c2ccccc21,49964.35102,0.9036796161713126
cx_02748,plate_4,c_f5e64f851b,O=C1NCC(C(=O)O)N1,3304.38408,0.078743804680473
cx_02749,plate_4,c_31820a5d5c,O=C1NCCCN1,13842.96547,0.5138137083326123
cx_02750,plate_4,c_3652e1f6b5,O=C1NCCN1c1ccccc1,8765.99049,0.3750406311371519
cx_02751,plate_4,c_6f10919a15,O=C1NCCNC1=O,12431.08091,0.4811388518076385
cx_02752,plate_4,c_75fbc134e4,O=C1NCc2ccccc21,11454.9693,0.45630084776781704
cx_02753,plate_4,c_e4f09afeca,O=C1Nc2c(C(=O)O)cccc2C1=O,0.0,-2.382691232711226
cx_02754,plate_4,c_439bdc95c8,O=C1OC(=O)c2ccccc21,10431.60593,0.42787685121208524
cx_02755,plate_4,c_9889afcb1b,O=C1OCCC1O,11955.17563,0.469282503980349
cx_02756,plate_4,c_56e010cae9,O=C1OCc2ccccc21,11247.00746,0.4507360434941889
cx_02757,plate_4,c_8108515e38,O=CC1CCCCC1,16215.47868,0.5618615049432756
cx_02758,plate_4,c_3f6ba513cd,O=CCCc1ccccc1,13511.046675,0.5064421993286635
cx_02759,plate_4,c_9d1ebd6cb3,O=CN1CCCC1,9617.2398,0.4031890728698055
cx_02760,plate_4,c_52256dd48a,O=CNc1ccccc1,12714.4716,0.4879852833491599
cx_02761,plate_4,c_40457af7dd,O=CNc1ccccn1,10139.32459,0.4192452735525611
cx_02762,plate_4,c_17a2ab2ff7,O=Cc1c[nH]cn1,7221.57751,0.3161781177753989
cx_02763,plate_4,c_c44be469e7,O=Cc1ccccc1O,2821.138325,0.030732667475077153
cx_02764,plate_4,c_516abefb3a,O=Cc1ccccn1,0.0,-2.382691232711226
cx_02765,plate_4,c_15824b7123,O=S(=O)(O)c1ccccc1,8576.03407,0.36838671241180143
cx_02766,plate_4,c_909d0987b1,O=S1(=O)CCCC1,9666.58733,0.40474354925114786
cx_02767,plate_4,c_c901b99a1f,O=S1(=O)CCCN1,11099.848855,0.44673574254311654
cx_02768,plate_4,c_56518fb061,O=[N+]([O-])CCc1ccccc1,0.0,-2.382691232711226
cx_02769,plate_4,c_7ae1ac405b,O=[N+]([O-])c1cccc2cc[nH]c12,0.0,-2.382691232711226
cx_02770,plate_4,c_6ec0082ccd,O=[N+]([O-])c1cccnc1O,0.0,-2.382691232711226
cx_02771,plate_4,c_5f8f1ce98b,O=[N+]([O-])c1cccs1,0.0,-2.382691232711226
cx_02772,plate_4,c_1d06906636,O=c1[nH][nH]c(=O)n1-c1ccccc1,2207.05298,-0.04380431836621261
cx_02773,plate_4,c_beeeab8dd0,O=c1[nH]c(=O)[nH]c(=O)[nH]1,30057.24146,0.7493125569130378
cx_02774,plate_4,c_6f58dfa652,O=c1[nH]c(=O)c2ccccc2[nH]1,26158.70034,0.7071156287967044
cx_02775,plate_4,c_e0a7fc550e,O=c1[nH]c(=O)c2nc[nH]c2[nH]1,10030.26696,0.4159607214813816
cx_02776,plate_4,c_b430fa68a1,O=c1[nH]c(=O)n(-c2ccccc2)[nH]1,1221.48294,-0.2233935915215265
cx_02777,plate_4,c_c25ce2cddb,O=c1[nH]c2ccccc2[nH]1,17122.07337,0.5783855557142833
cx_02778,plate_4,c_7c8885a0a5,O=c1[nH]c2ccccc2c(=O)o1,1838.73098,-0.09923743714321505
cx_02779,plate_4,c_6c7e7821df,O=c1[nH]c2ccccc2s1,20127.11211,0.6275001706658675
cx_02780,plate_4,c_d63d181f5e,O=c1ccc(-c2ccccc2)n[nH]1,20520.5676,0.6333805869884892
cx_02781,plate_4,c_4efc468ed2,O=c1ccc2ccccc2o1,7532.91914,0.3289977160438549
cx_02782,plate_4,c_6f3863faeb,O=c1ccccn1-c1ccccc1,7969.28012,0.3461005196250276
cx_02783,plate_4,c_4d87addeca,O=c1ccccn1Cc1ccccn1,11068.03954,0.4458640825010228
cx_02784,plate_4,c_640051a5be,O=c1ccoc2ccccc12,11190.85028,0.44921569857112154
cx_02785,plate_4,c_490b61b93b,OC1C=CCCC1,13061.59698,0.4961665071980662
cx_02786,plate_4,c_32a147b8af,OC1CCCCC1,11930.90305,0.4686652116235517
cx_02787,plate_4,c_1526b61919,OC1CCCc2ccccc21,11270.34101,0.45136552240100025
cx_02788,plate_4,c_63004bbb26,OC1CCCc2cccnc21,5142.03715,0.21303199391080962
cx_02789,plate_4,c_4a2a813339,OC1CCc2cccnc21,8463.90077,0.3643893088018998
cx_02790,plate_4,c_6628d6e362,OC1Cc2ccccc2C1O,13660.41704,0.5097816870138703
cx_02791,plate_4,c_f229b1b692,OCC(CO)CO,17477.91274,0.5846333153004124
cx_02792,plate_4,c_6e4a61a552,OCC(F)(F)F,13421.44883,0.5044212922248489
cx_02793,plate_4,c_4ba2033488,OCC(O)c1ccccc1,17866.05215,0.5913047829887678
cx_02794,plate_4,c_de757e153e,OCC1CCCCO1,14595.99024,0.5299024700552736
cx_02795,plate_4,c_c5b232e51c,OCC1CCCO1,16124.97756,0.5601615472313909
cx_02796,plate_4,c_b71a325cca,OCCCCCCO,15496.73126,0.5480909068573985
cx_02797,plate_4,c_ba193df60c,OCCCOc1ccccc1,11958.72985,0.4693727885455901
cx_02798,plate_4,c_d1d95f46b0,OCCCc1ccccc1,15320.40431,0.5446150729880631
cx_02799,plate_4,c_bfd5fb63d7,OCCOCCO,15780.90916,0.5536103660609333
cx_02800,plate_4,c_d0ea41ba92,OCCOCCOCCO,14918.5025,0.5365407381946355
cx_02801,plate_4,c_daddbfa80a,OCCOc1ccccc1O,11673.47191,0.46203991960235336
cx_02802,plate_4,c_1f7be9b726,OCCSc1ccccc1,14039.44617,0.5180944757158358
cx_02803,plate_4,c_c25c930202,OCCSc1ccccn1,6709.2747,0.2938301224041005
cx_02804,plate_4,c_3ec4052609,OCCc1ccccc1,13872.98646,0.51447169951272
cx_02805,plate_4,c_3ee25605d5,OCc1cccc(CO)n1,13372.1202,0.5033029039885755
cx_02806,plate_4,c_89def7f8d6,OCc1ccccc1CO,17839.73115,0.5908569711166215
cx_02807,plate_4,c_402fa3d576,OCc1ccccn1,12023.23891,0.47100680618651164
cx_02808,plate_4,c_70c4c4128b,OCc1ccon1,2511.14599,-0.004611717929393723
cx_02809,plate_4,c_aa4ba295c5,ONCc1ccccc1,2593.55732,0.005193111245215638
cx_02810,plate_4,c_7daab7e780,O[C@@H]1CCCC[C@H]1O,16999.00903,0.5761945582002839
cx_02811,plate_4,c_676f249f4a,O[C@H]1CCC[C@@H]1O,13378.10374,0.5034387836151025
cx_02812,plate_4,c_42ad70a4c2,Oc1ccc(C(F)(F)F)cc1,12407.807304999998,0.48056966779159943
cx_02813,plate_4,c_35e8acfa9d,Oc1ccc2cccc(O)c2n1,0.0,-2.382691232711226
cx_02814,plate_4,c_9c4de61080,Oc1ccc2ccccc2c1O,0.0,-2.382691232711226
cx_02815,plate_4,c_d0d89e269b,Oc1ccc2ccccc2n1,11065.18358,0.4457856990737597
cx_02816,plate_4,c_4ca468a890,Oc1cccc2[nH]cnc12,2670.44513,0.014063922286019404
cx_02817,plate_4,c_1070a948aa,Oc1cccc2[nH]nnc12,0.0,-2.382691232711226
cx_02818,plate_4,c_3abf0c4614,Oc1cccc2cccnc12,0.0,-2.382691232711226
cx_02819,plate_4,c_5ced65f7ce,Oc1cccc2cncnc12,0.0,-2.382691232711226
cx_02820,plate_4,c_4368e56577,Oc1ccccc1,11084.24384,0.4463084360730395
cx_02821,plate_4,c_7e0336a7c3,Oc1ccccc1-c1cc[nH]n1,1842.42778,-0.09862767326732934
cx_02822,plate_4,c_a31651ebf9,Oc1ccccc1-c1ccccc1O,0.0,-2.382691232711226
cx_02823,plate_4,c_8e81c4f509,Oc1ccccc1-c1ccccn1,0.0,-2.382691232711226
cx_02824,plate_4,c_d23afc45c1,Oc1ccccc1-c1nc2ccccc2o1,0.0,-2.382691232711226
cx_02825,plate_4,c_97bfbad7fa,Oc1ccccc1-c1nnco1,0.0,-2.382691232711226
cx_02826,plate_4,c_abf5b8da92,Oc1ccccc1-n1ccnc1,1859.64315,-0.0958041184502357
cx_02827,plate_4,c_5a215582ba,Oc1ccccc1C(=S)S,3929.75026,0.1313780677034979
cx_02828,plate_4,c_29e82a885d,Oc1ccccc1N1CCCC1,4680.7233,0.18448568104196308
cx_02829,plate_4,c_71cb667afd,Oc1ccccc1N1CCCCC1,9408.70463,0.396530811271916
cx_02830,plate_4,c_80fd4a8749,Oc1ccccc1O,1446.12524,-0.17215133270181374
cx_02831,plate_4,c_bcdfbf4106,Oc1ccccn1,10502.70512,0.42993996029204024
cx_02832,plate_4,c_3f59f378ec,Oc1cn(-c2ccccc2)nn1,2769.06579,0.02507556184283786
cx_02833,plate_4,c_fe3a209be9,Oc1nc(-c2ccccc2)cs1,2983.71121,0.04774551765444089
cx_02834,plate_4,c_3ce57af4b9,Oc1nc2ccccc2nc1O,3543.30868,0.09994312964935431
cx_02835,plate_4,c_b33c082db1,Oc1nccc2ccccc12,18625.7955,0.6039540696928264
cx_02836,plate_4,c_b906ae0e11,S=C1NCCCN1,12007.05931,0.4705978012295938
cx_02837,plate_4,c_57ac4d94d9,S=c1[nH]nc(Cc2ccccc2)[nH]1,5190.07105,0.21585579435822588
cx_02838,plate_4,c_2663c06586,Sc1ccc2ccccc2n1,4673.52832,0.18401850150312934
cx_02839,plate_4,c_9f84dcf6e3,Sc1ccccn1,0.0,-2.382691232711226
cx_02840,plate_4,c_7d3488d8da,Sc1nc(-c2ccccc2)cs1,0.0,-2.382691232711226
cx_02841,plate_4,c_2897915130,Sc1ncc[nH]1,3890.54488,0.12833318101255212
cx_02842,plate_4,c_cdbc60bc85,Sc1ncccn1,1964.08314,-0.07921524562147789
cx_02843,plate_4,c_c71bb16dff,[O-][n+]1c(-c2cscn2)[nH]c2ccccc21,0.0,-2.382691232711226
cx_02844,plate_4,c_c740f15981,[O-][n+]1cccc2cccc(O)c21,0.0,-2.382691232711226
cx_02845,plate_4,c_1937a4a6df,[O-][n+]1ccccc1O,0.0,-2.382691232711226
cx_02846,plate_4,c_0715fef7ea,c1c[nH]c(-c2cccs2)c1,4733.42531,0.18788595915338688
cx_02847,plate_4,c_6783ce8f72,c1c[nH]c(-c2ncc[nH]2)n1,8453.77447,0.3640257163586655
cx_02848,plate_4,c_39f41d1dfd,c1cc2[nH]cnc2cn1,16892.4798,0.5742851008051819
cx_02849,plate_4,c_66306b5adc,c1cc2[nH]ncc2cn1,5926.90097,0.2561734788283793
cx_02850,plate_4,c_a25be12765,c1ccc(-c2c[nH]cn2)cc1,20686.68928,0.635829593353248
cx_02851,plate_4,c_7284f4c2fe,c1ccc(-c2c[nH]nn2)cc1,5011.01162,0.20519311342885668
cx_02852,plate_4,c_8fcef4010a,c1ccc(-c2cc[nH]n2)cc1,21495.43388,0.6474781365696272
cx_02853,plate_4,c_a8d041b420,c1ccc(-c2cnco2)cc1,11747.97566,0.46397226523628715
cx_02854,plate_4,c_ba1c462932,c1ccc(-c2nc[nH]n2)cc1,23528.44747,0.6749273234524783
cx_02855,plate_4,c_4d96f19655,c1ccc(-c2ncc[nH]2)cc1,14316.37976,0.5240274510083812
cx_02856,plate_4,c_7e2e5f2c55,c1ccc(-c2nccs2)cc1,6423.55775,0.28061302741021465
cx_02857,plate_4,c_5d96cc9272,c1ccc(-c2nnn[nH]2)cc1,14776.26597,0.5336309504757266
cx_02858,plate_4,c_22bf013714,c1ccc(-n2ccnc2)cc1,12638.58829,0.4861670946580583
cx_02859,plate_4,c_d5a2b167a2,c1ccc(COc2cccc3cc[nH]c23)cc1,7884.31565,0.3428450400544634
cx_02860,plate_4,c_cb5266a2a0,c1ccc(CSc2nnn[nH]2)cc1,7406.66803,0.32386431921322645
cx_02861,plate_4,c_43cd43f048,c1ccc(Cc2nnn[nH]2)cc1,23036.42587,0.6685081474710656
cx_02862,plate_4,c_0006912abc,c1ccc(Cn2cccc2)cc1,15642.55233,0.5509356494499748
cx_02863,plate_4,c_9aae8488f8,c1ccc(Cn2ccnc2)cc1,8325.134,0.3593684970770566
cx_02864,plate_4,c_0d52ae10f2,c1ccc(N2CCCCC2)cc1,2904.92216,0.03961934957684389
cx_02865,plate_4,c_c0f29b4d69,c1ccc2[nH]c(-c3cscn3)nc2c1,0.0,-2.382691232711226
cx_02866,plate_4,c_6a5d1cc51f,c1ccc2[nH]ccc2c1,10940.02905,0.4423307452609427
cx_02867,plate_4,c_df44bbb29c,c1ccc2[nH]cnc2c1,23617.143855,0.6760702095541594
cx_02868,plate_4,c_255475d893,c1ccc2[nH]nnc2c1,3202.68216,0.0692508406408285
cx_02869,plate_4,c_d513062a1d,c1ccc2c(c1)CCO2,13686.76655,0.5103669948534137
cx_02870,plate_4,c_5b541b186a,c1ccc2c(c1)OCO2,13105.86882,0.4971942611584222
cx_02871,plate_4,c_68ce7aa54b,c1ccc2occc2c1,11732.47823,0.46357133177986737
cx_02872,plate_4,c_faf11eb1cd,c1ccc2oncc2c1,0.0,-2.382691232711226
cx_02873,plate_4,c_ab4961ad7d,c1ccc2sc(-c3cc[nH]n3)nc2c1,1783.2859,-0.10853272237552737
cx_02874,plate_4,c_23a8fee752,c1cnc2[nH]ccc2c1,14342.04697,0.524571517723427
cx_02875,plate_4,c_d40e1013f6,c1cnc2[nH]cnc2c1,19786.16931,0.6223108689740968
cx_02876,plate_4,c_12c9307384,c1cnc2[nH]ncc2c1,17273.457305,0.5810592475940692
cx_02877,plate_4,c_1e0c6f5e82,c1coc(-c2nc3ccccc3[nH]2)c1,4759.33752,0.18954393210742584
cx_02878,plate_4,c_4ba3f3d677,c1coc(-c2nnn[nH]2)c1,9883.10274,0.41147143009681236
cx_02879,plate_4,c_055e161c3f,c1csc(-c2cc[nH]n2)c1,15320.62839,0.5446195154874961
