experiment_id,reaction_id,substrate_id,plate_id,condition_id,well,row,col,date,yield,selectivity,replicate,is_anchor,reagent_lot,instrument_id,operator,quality_flag,source,catalyst,ligand,base,solvent,temperature_c,time_h,equiv
exp_000000,demo_cn_coupling,sub_00,plate_1,cond_0000,A01,0,0,2026-01-15,48.461238499610474,,1,1,lot_plate_1,lc_01,demo,ok,demo,PdA,L1,K2CO3,Tol,60.0,2.0,1.0
exp_000001,demo_cn_coupling,sub_00,plate_1,cond_0010,C02,2,1,2026-01-15,56.31245692879388,,1,0,lot_plate_1,lc_01,demo,ok,demo,PdA,L1,K2CO3,Diox,60.0,6.0,1.0
exp_000002,demo_cn_coupling,sub_00,plate_1,cond_0029,F04,5,3,2026-01-15,63.80669264842802,,1,0,lot_plate_1,lc_01,demo,ok,demo,PdA,L1,K2CO3,MeCN,60.0,12.0,1.0
exp_000003,demo_cn_coupling,sub_00,plate_1,cond_0051,D07,3,6,2026-01-15,71.85635124499356,,1,0,lot_plate_1,lc_01,demo,ok,demo,PdA,L1,Cs2CO3,Diox,100.0,2.0,1.0
exp_000004,demo_cn_coupling,sub_00,plate_1,cond_0061,F08,5,7,2026-01-15,70.44589597432233,,1,0,lot_plate_1,lc_01,demo,ok,demo,PdA,L1,Cs2CO3,DMF,100.0,6.0,1.0
exp_000005,demo_cn_coupling,sub_00,plate_1,cond_0076,E10,4,9,2026-01-15,75.54456151466012,,1,0,lot_plate_1,lc_01,demo,ok,demo,PdA,L1,NaOtBu,Tol,80.0,6.0,1.0
exp_000006,demo_cn_coupling,sub_00,plate_1,cond_0098,C01,2,0,2026-01-15,80.87154842098597,,1,0,lot_plate_1,lc_01,demo,ok,demo,PdA,L1,NaOtBu,DMF,100.0,12.0,1.0
exp_000007,demo_cn_coupling,sub_00,plate_1,cond_0109,F02,5,1,2026-01-15,70.31411416961566,,1,0,lot_plate_1,lc_01,demo,ok,demo,PdA,L2,K2CO3,Tol,60.0,6.0,1.0
exp_000008,demo_cn_coupling,sub_00,plate_1,cond_0111,H02,7,1,2026-01-15,71.8775607685373,,1,0,lot_plate_1,lc_01,demo,ok,demo,PdA,L2,K2CO3,Tol,80.0,2.0,1.0
exp_000009,demo_cn_coupling,sub_00,plate_1,cond_0118,G03,6,2,2026-01-15,71.67930232224116,,1,0,lot_plate_1,lc_01,demo,ok,demo,PdA,L2,K2CO3,Diox,60.0,6.0,1.0
exp_000010,demo_cn_coupling,sub_00,plate_1,cond_0121,B04,1,3,2026-01-15,73.31086964613833,,1,0,lot_plate_1,lc_01,demo,ok,demo,PdA,L2,K2CO3,Diox,80.0,6.0,1.0
exp_000011,demo_cn_coupling,sub_00,plate_1,cond_0146,C07,2,6,2026-01-15,86.24983222492251,,1,0,lot_plate_1,lc_01,demo,ok,demo,PdA,L2,Cs2CO3,Tol,60.0,12.0,1.0
exp_000012,demo_cn_coupling,sub_00,plate_1,cond_0161,B09,1,8,2026-01-15,86.27737132252076,,1,0,lot_plate_1,lc_01,demo,ok,demo,PdA,L2,Cs2CO3,Diox,100.0,12.0,1.0
exp_000013,demo_cn_coupling,sub_00,plate_1,cond_0182,G11,6,10,2026-01-15,89.29755511829616,,1,0,lot_plate_1,lc_01,demo,ok,demo,PdA,L2,NaOtBu,Tol,60.0,12.0,1.0
exp_000014,demo_cn_coupling,sub_00,plate_1,cond_0183,H11,7,10,2026-01-15,89.95652099056174,,1,0,lot_plate_1,lc_01,demo,ok,demo,PdA,L2,NaOtBu,Tol,80.0,2.0,1.0
exp_000015,demo_cn_coupling,sub_00,plate_1,cond_0187,D12,3,11,2026-01-15,90.54789167524108,,1,0,lot_plate_1,lc_01,demo,ok,demo,PdA,L2,NaOtBu,Tol,100.0,6.0,1.0
exp_000016,demo_cn_coupling,sub_00,plate_1,cond_0205,F02,5,1,2026-01-15,91.46122856143693,,1,0,lot_plate_1,lc_01,demo,ok,demo,PdA,L2,NaOtBu,DMF,100.0,6.0,1.0
exp_000017,demo_cn_coupling,sub_00,plate_1,cond_0221,F04,5,3,2026-01-15,87.08899233598795,,1,0,lot_plate_1,lc_01,demo,ok,demo,PdA,L3,K2CO3,Tol,80.0,12.0,1.0
exp_000018,demo_cn_coupling,sub_00,plate_1,cond_0249,B08,1,7,2026-01-15,85.47334645598029,,1,0,lot_plate_1,lc_01,demo,ok,demo,PdA,L3,K2CO3,MeCN,100.0,2.0,1.0
exp_000019,demo_cn_coupling,sub_00,plate_1,cond_0261,F09,5,8,2026-01-15,90.95065161553207,,1,0,lot_plate_1,lc_01,demo,ok,demo,PdA,L3,Cs2CO3,Diox,60.0,2.0,1.0
exp_000020,demo_cn_coupling,sub_00,plate_1,cond_0283,D12,3,11,2026-01-15,92.2913937695051,,1,0,lot_plate_1,lc_01,demo,ok,demo,PdA,L3,Cs2CO3,MeCN,80.0,6.0,1.0
exp_000021,demo_cn_coupling,sub_00,plate_1,cond_0288,A01,0,0,2026-01-15,90.56713984500284,,1,0,lot_plate_1,lc_01,demo,ok,demo,PdA,L3,NaOtBu,Tol,60.0,2.0,1.0
exp_000022,demo_cn_coupling,sub_00,plate_1,cond_0289,B01,1,0,2026-01-15,90.16174249439945,,1,0,lot_plate_1,lc_01,demo,ok,demo,PdA,L3,NaOtBu,Tol,60.0,6.0,1.0
exp_000023,demo_cn_coupling,sub_00,plate_1,cond_0290,C01,2,0,2026-01-15,89.55364646849436,,1,0,lot_plate_1,lc_01,demo,ok,demo,PdA,L3,NaOtBu,Tol,60.0,12.0,1.0
exp_000024,demo_cn_coupling,sub_00,plate_1,cond_0311,H03,7,2,2026-01-15,91.2997859730708,,1,0,lot_plate_1,lc_01,demo,ok,demo,PdA,L3,NaOtBu,DMF,80.0,12.0,1.0
exp_000025,demo_cn_coupling,sub_00,plate_1,cond_0333,F06,5,5,2026-01-15,91.25663095584233,,1,0,lot_plate_1,lc_01,demo,ok,demo,PdA,L4,K2CO3,Diox,60.0,2.0,1.0
exp_000026,demo_cn_coupling,sub_00,plate_1,cond_0346,C08,2,7,2026-01-15,92.26374932939821,,1,0,lot_plate_1,lc_01,demo,ok,demo,PdA,L4,K2CO3,DMF,80.0,6.0,1.0
exp_000027,demo_cn_coupling,sub_00,plate_1,cond_0361,B10,1,9,2026-01-15,90.4677218347097,,1,0,lot_plate_1,lc_01,demo,ok,demo,PdA,L4,Cs2CO3,Tol,60.0,6.0,1.0
exp_000028,demo_cn_coupling,sub_00,plate_1,cond_0363,D10,3,9,2026-01-15,91.95201112905522,,1,0,lot_plate_1,lc_01,demo,ok,demo,PdA,L4,Cs2CO3,Tol,80.0,2.0,1.0
exp_000029,demo_cn_coupling,sub_00,plate_1,cond_0375,H11,7,10,2026-01-15,93.3645268532145,,1,0,lot_plate_1,lc_01,demo,ok,demo,PdA,L4,Cs2CO3,Diox,100.0,2.0,1.0
exp_000030,demo_cn_coupling,sub_00,plate_1,cond_0384,A01,0,0,2026-01-15,93.69815063363166,,1,0,lot_plate_1,lc_01,demo,ok,demo,PdA,L4,Cs2CO3,DMF,100.0,2.0,1.0
exp_000031,demo_cn_coupling,sub_00,plate_1,cond_0402,C03,2,2,2026-01-15,92.98101508268527,,1,0,lot_plate_1,lc_01,demo,ok,demo,PdA,L4,NaOtBu,Tol,100.0,2.0,1.0
exp_000032,demo_cn_coupling,sub_00,plate_1,cond_0414,G04,6,3,2026-01-15,91.49047875603537,,1,0,lot_plate_1,lc_01,demo,ok,demo,PdA,L4,NaOtBu,DMF,60.0,2.0,1.0
exp_000033,demo_cn_coupling,sub_00,plate_1,cond_0426,C06,2,5,2026-01-15,92.90299448019465,,1,0,lot_plate_1,lc_01,demo,ok,demo,PdA,L4,NaOtBu,MeCN,80.0,2.0,1.0
exp_000034,demo_cn_coupling,sub_00,plate_1,cond_0429,F06,5,5,2026-01-15,93.98188642393676,,1,0,lot_plate_1,lc_01,demo,ok,demo,PdA,L4,NaOtBu,MeCN,100.0,2.0,1.0
exp_000035,demo_cn_coupling,sub_00,plate_1,cond_0436,E07,4,6,2026-01-15,91.85259311876209,,1,0,lot_plate_1,lc_01,demo,ok,demo,PdA,L5,K2CO3,Tol,80.0,6.0,1.0
exp_000036,demo_cn_coupling,sub_00,plate_1,cond_0459,D10,3,9,2026-01-15,92.17996986687486,,1,0,lot_plate_1,lc_01,demo,ok,demo,PdA,L5,K2CO3,MeCN,60.0,2.0,1.0
exp_000037,demo_cn_coupling,sub_00,plate_1,cond_0460,E10,4,9,2026-01-15,91.77457251627146,,1,0,lot_plate_1,lc_01,demo,ok,demo,PdA,L5,K2CO3,MeCN,60.0,6.0,1.0
exp_000038,demo_cn_coupling,sub_00,plate_1,cond_0472,A12,0,11,2026-01-15,91.80270512865003,,1,0,lot_plate_1,lc_01,demo,ok,demo,PdA,L5,Cs2CO3,Tol,80.0,6.0,1.0
exp_000039,demo_cn_coupling,sub_00,plate_1,cond_0480,A01,0,0,2026-01-15,92.54172625967058,,1,0,lot_plate_1,lc_01,demo,ok,demo,PdA,L5,Cs2CO3,Diox,80.0,2.0,1.0
exp_000040,demo_cn_coupling,sub_00,plate_1,cond_0482,C01,2,0,2026-01-15,91.5282328831621,,1,0,lot_plate_1,lc_01,demo,ok,demo,PdA,L5,Cs2CO3,Diox,80.0,12.0,1.0
exp_000041,demo_cn_coupling,sub_00,plate_1,cond_0490,C02,2,1,2026-01-15,92.46995268948436,,1,0,lot_plate_1,lc_01,demo,ok,demo,PdA,L5,Cs2CO3,DMF,80.0,6.0,1.0
exp_000042,demo_cn_coupling,sub_00,plate_1,cond_0528,A07,0,6,2026-01-15,93.90435399371779,,1,0,lot_plate_1,lc_01,demo,ok,demo,PdA,L5,NaOtBu,DMF,100.0,2.0,1.0
exp_000043,demo_cn_coupling,sub_00,plate_1,cond_0536,A08,0,7,2026-01-15,92.14559245388436,,1,0,lot_plate_1,lc_01,demo,ok,demo,PdA,L5,NaOtBu,MeCN,80.0,12.0,1.0
exp_000044,demo_cn_coupling,sub_00,plate_1,cond_0540,E08,4,7,2026-01-15,81.77756206429392,,1,1,lot_plate_1,lc_01,demo,ok,demo,PdB,L1,K2CO3,Tol,60.0,2.0,1.0
exp_000045,demo_cn_coupling,sub_00,plate_1,cond_0559,H10,7,9,2026-01-15,83.78158224871275,,1,0,lot_plate_1,lc_01,demo,ok,demo,PdB,L1,K2CO3,DMF,60.0,6.0,1.0
exp_000046,demo_cn_coupling,sub_00,plate_1,cond_0570,C12,2,11,2026-01-15,87.71148681335367,,1,0,lot_plate_1,lc_01,demo,ok,demo,PdB,L1,K2CO3,MeCN,80.0,2.0,1.0
exp_000047,demo_cn_coupling,sub_00,plate_1,cond_0572,E12,4,11,2026-01-15,85.59933738825269,,1,0,lot_plate_1,lc_01,demo,ok,demo,PdB,L1,K2CO3,MeCN,80.0,12.0,1.0
exp_000048,demo_cn_coupling,sub_00,plate_1,cond_0634,C08,2,7,2026-01-15,91.3013082359041,,1,0,lot_plate_1,lc_01,demo,ok,demo,PdB,L1,NaOtBu,DMF,80.0,6.0,1.0
exp_000049,demo_cn_coupling,sub_00,plate_1,cond_0640,A09,0,8,2026-01-15,90.55604007257917,,1,0,lot_plate_1,lc_01,demo,ok,demo,PdB,L1,NaOtBu,MeCN,60.0,6.0,1.0
exp_000050,demo_cn_coupling,sub_00,plate_1,cond_0646,G09,6,8,2026-01-15,92.7138239600634,,1,0,lot_plate_1,lc_01,demo,ok,demo,PdB,L1,NaOtBu,MeCN,100.0,6.0,1.0
exp_000051,demo_cn_coupling,sub_00,plate_1,cond_0649,B10,1,9,2026-01-15,89.91103606175,,1,0,lot_plate_1,lc_01,demo,ok,demo,PdB,L2,K2CO3,Tol,60.0,6.0,1.0
exp_000052,demo_cn_coupling,sub_00,plate_1,cond_0652,E10,4,9,2026-01-15,90.9899280054921,,1,0,lot_plate_1,lc_01,demo,ok,demo,PdB,L2,K2CO3,Tol,80.0,6.0,1.0
exp_000053,demo_cn_coupling,sub_00,plate_1,cond_0663,H11,7,10,2026-01-15,91.48089813146392,,1,0,lot_plate_1,lc_01,demo,ok,demo,PdB,L2,K2CO3,Diox,100.0,2.0,1.0
exp_000054,demo_cn_coupling,sub_00,plate_1,cond_0704,A05,0,4,2026-01-15,89.92029960656717,,1,0,lot_plate_1,lc_01,demo,ok,demo,PdB,L2,Cs2CO3,DMF,60.0,12.0,1.0
exp_000055,demo_cn_coupling,sub_00,plate_1,cond_0714,C06,2,5,2026-01-15,92.34630870723493,,1,0,lot_plate_1,lc_01,demo,ok,demo,PdB,L2,Cs2CO3,MeCN,80.0,2.0,1.0
exp_000056,demo_cn_coupling,sub_00,plate_1,cond_0724,E07,4,6,2026-01-15,90.89015202526798,,1,0,lot_plate_1,lc_01,demo,ok,demo,PdB,L2,NaOtBu,Tol,80.0,6.0,1.0
exp_000057,demo_cn_coupling,sub_00,plate_1,cond_0729,B08,1,7,2026-01-15,90.55028121254642,,1,0,lot_plate_1,lc_01,demo,ok,demo,PdB,L2,NaOtBu,Diox,60.0,2.0,1.0
exp_000058,demo_cn_coupling,sub_00,plate_1,cond_0755,D11,3,10,2026-01-15,92.3618192843565,,1,0,lot_plate_1,lc_01,demo,ok,demo,PdB,L2,NaOtBu,MeCN,100.0,12.0,1.0
exp_000059,demo_cn_coupling,sub_00,plate_1,cond_0756,E11,4,10,2026-01-15,90.57252476255158,,1,0,lot_plate_1,lc_01,demo,ok,demo,PdB,L3,K2CO3,Tol,60.0,2.0,1.0
exp_000060,demo_cn_coupling,sub_00,plate_1,cond_0758,G11,6,10,2026-01-15,89.5590313860431,,1,0,lot_plate_1,lc_01,demo,ok,demo,PdB,L3,K2CO3,Tol,60.0,12.0,1.0
exp_000061,demo_cn_coupling,sub_00,plate_1,cond_0794,C04,2,3,2026-01-15,89.50914339593105,,1,0,lot_plate_1,lc_01,demo,ok,demo,PdB,L3,Cs2CO3,Tol,60.0,12.0,1.0
exp_000062,demo_cn_coupling,sub_00,plate_1,cond_0826,C08,2,7,2026-01-15,93.27589465057186,,1,0,lot_plate_1,lc_01,demo,ok,demo,PdB,L3,Cs2CO3,MeCN,100.0,6.0,1.0
exp_000063,demo_cn_coupling,sub_00,plate_1,cond_0846,G10,6,9,2026-01-15,91.1399963431618,,1,0,lot_plate_1,lc_01,demo,ok,demo,PdB,L3,NaOtBu,DMF,60.0,2.0,1.0
exp_000064,demo_cn_coupling,sub_00,plate_1,cond_0850,C11,2,10,2026-01-15,91.81349093630051,,1,0,lot_plate_1,lc_01,demo,ok,demo,PdB,L3,NaOtBu,DMF,80.0,6.0,1.0
exp_000065,demo_cn_coupling,sub_00,plate_1,cond_0856,A12,0,11,2026-01-15,91.06822277297556,,1,0,lot_plate_1,lc_01,demo,ok,demo,PdB,L3,NaOtBu,MeCN,60.0,6.0,1.0
exp_000066,demo_cn_coupling,sub_00,plate_1,cond_0867,D01,3,0,2026-01-15,91.9075080564919,,1,0,lot_plate_1,lc_01,demo,ok,demo,PdB,L4,K2CO3,Tol,80.0,2.0,1.0
exp_000067,demo_cn_coupling,sub_00,plate_1,cond_0873,B02,1,1,2026-01-15,91.16223989316696,,1,0,lot_plate_1,lc_01,demo,ok,demo,PdB,L4,K2CO3,Diox,60.0,2.0,1.0
exp_000068,demo_cn_coupling,sub_00,plate_1,cond_0874,C02,2,1,2026-01-15,90.75684254256356,,1,0,lot_plate_1,lc_01,demo,ok,demo,PdB,L4,K2CO3,Diox,60.0,6.0,1.0
exp_000069,demo_cn_coupling,sub_00,plate_1,cond_0885,F03,5,2,2026-01-15,92.57475561732623,,1,0,lot_plate_1,lc_01,demo,ok,demo,PdB,L4,K2CO3,DMF,80.0,2.0,1.0
exp_000070,demo_cn_coupling,sub_00,plate_1,cond_0904,A06,0,5,2026-01-15,91.45222271577644,,1,0,lot_plate_1,lc_01,demo,ok,demo,PdB,L4,Cs2CO3,Tol,80.0,6.0,1.0
exp_000071,demo_cn_coupling,sub_00,plate_1,cond_0915,D07,3,6,2026-01-15,93.27013579053911,,1,0,lot_plate_1,lc_01,demo,ok,demo,PdB,L4,Cs2CO3,Diox,100.0,2.0,1.0
exp_000072,demo_cn_coupling,sub_00,plate_1,cond_0936,A10,0,9,2026-01-15,90.72884013252566,,1,0,lot_plate_1,lc_01,demo,ok,demo,PdB,L4,NaOtBu,Tol,60.0,2.0,1.0
exp_000073,demo_cn_coupling,sub_00,plate_1,cond_0944,A11,0,10,2026-01-15,91.87313064350141,,1,0,lot_plate_1,lc_01,demo,ok,demo,PdB,L4,NaOtBu,Tol,100.0,12.0,1.0
exp_000074,demo_cn_coupling,sub_00,plate_1,cond_0959,H12,7,11,2026-01-15,91.46148626059363,,1,0,lot_plate_1,lc_01,demo,ok,demo,PdB,L4,NaOtBu,DMF,80.0,12.0,1.0
exp_000075,demo_cn_coupling,sub_00,plate_1,cond_0965,F01,5,0,2026-01-15,90.71621809726868,,1,0,lot_plate_1,lc_01,demo,ok,demo,PdB,L4,NaOtBu,MeCN,60.0,12.0,1.0
exp_000076,demo_cn_coupling,sub_00,plate_1,cond_1009,B07,1,6,2026-01-15,90.62942212223254,,1,0,lot_plate_1,lc_01,demo,ok,demo,PdB,L5,Cs2CO3,Tol,60.0,6.0,1.0
exp_000077,demo_cn_coupling,sub_00,plate_1,cond_1011,D07,3,6,2026-01-15,92.11371141657804,,1,0,lot_plate_1,lc_01,demo,ok,demo,PdB,L5,Cs2CO3,Tol,80.0,2.0,1.0
exp_000078,demo_cn_coupling,sub_00,plate_1,cond_1057,B01,1,0,2026-01-15,91.99204985627975,,1,0,lot_plate_1,lc_01,demo,ok,demo,PdB,L5,NaOtBu,Diox,80.0,6.0,1.0
exp_000079,demo_cn_coupling,sub_00,plate_1,cond_1066,C02,2,1,2026-01-15,92.32567363669692,,1,0,lot_plate_1,lc_01,demo,ok,demo,PdB,L5,NaOtBu,DMF,80.0,6.0,1.0
exp_000080,demo_cn_coupling,sub_00,plate_1,cond_1068,E02,4,1,2026-01-15,93.80996293104242,,1,0,lot_plate_1,lc_01,demo,ok,demo,PdB,L5,NaOtBu,DMF,100.0,2.0,1.0
exp_000081,demo_cn_coupling,sub_00,plate_1,cond_1069,F02,5,1,2026-01-15,93.40456558043903,,1,0,lot_plate_1,lc_01,demo,ok,demo,PdB,L5,NaOtBu,DMF,100.0,6.0,1.0
exp_000082,demo_cn_coupling,sub_00,plate_1,cond_1080,A04,0,3,2026-01-15,89.9659509994798,,1,1,lot_plate_1,lc_01,demo,ok,demo,PdC,L1,K2CO3,Tol,60.0,2.0,1.0
exp_000083,demo_cn_coupling,sub_00,plate_1,cond_1087,H04,7,3,2026-01-15,91.71833753636065,,1,0,lot_plate_1,lc_01,demo,ok,demo,PdC,L1,K2CO3,Tol,100.0,6.0,1.0
exp_000084,demo_cn_coupling,sub_00,plate_1,cond_1090,C05,2,4,2026-01-15,89.89417742929358,,1,0,lot_plate_1,lc_01,demo,ok,demo,PdC,L1,K2CO3,Diox,60.0,6.0,1.0
exp_000085,demo_cn_coupling,sub_00,plate_1,cond_1100,E06,4,5,2026-01-15,89.61970518380565,,1,0,lot_plate_1,lc_01,demo,ok,demo,PdC,L1,K2CO3,DMF,60.0,12.0,1.0
exp_000086,demo_cn_coupling,sub_00,plate_1,cond_1104,A07,0,6,2026-01-15,92.79098244779836,,1,0,lot_plate_1,lc_01,demo,ok,demo,PdC,L1,K2CO3,DMF,100.0,2.0,1.0
exp_000087,demo_cn_coupling,sub_00,plate_1,cond_1107,D07,3,6,2026-01-15,90.9668223407313,,1,0,lot_plate_1,lc_01,demo,ok,demo,PdC,L1,K2CO3,MeCN,60.0,2.0,1.0
exp_000088,demo_cn_coupling,sub_00,plate_1,cond_1122,C09,2,8,2026-01-15,92.07384689685198,,1,0,lot_plate_1,lc_01,demo,ok,demo,PdC,L1,Cs2CO3,Tol,100.0,2.0,1.0
exp_000089,demo_cn_coupling,sub_00,plate_1,cond_1134,G10,6,9,2026-01-15,90.58331057020207,,1,0,lot_plate_1,lc_01,demo,ok,demo,PdC,L1,Cs2CO3,DMF,60.0,2.0,1.0
exp_000090,demo_cn_coupling,sub_00,plate_1,cond_1143,H11,7,10,2026-01-15,90.91693435061924,,1,0,lot_plate_1,lc_01,demo,ok,demo,PdC,L1,Cs2CO3,MeCN,60.0,2.0,1.0
exp_000091,demo_cn_coupling,sub_00,plate_1,cond_1145,B12,1,11,2026-01-15,89.90344097411077,,1,0,lot_plate_1,lc_01,demo,ok,demo,PdC,L1,Cs2CO3,MeCN,60.0,12.0,1.0
exp_000092,demo_cn_coupling,sub_00,plate_1,cond_1154,C01,2,0,2026-01-15,88.8526816427472,,1,0,lot_plate_1,lc_01,demo,ok,demo,PdC,L1,NaOtBu,Tol,60.0,12.0,1.0
exp_000093,demo_cn_coupling,sub_00,plate_1,cond_1170,C03,2,2,2026-01-15,90.53342258009002,,1,0,lot_plate_1,lc_01,demo,ok,demo,PdC,L1,NaOtBu,DMF,60.0,2.0,1.0
exp_000094,demo_cn_coupling,sub_00,plate_1,cond_1189,F05,5,4,2026-01-15,89.81664499907461,,1,0,lot_plate_1,lc_01,demo,ok,demo,PdC,L2,K2CO3,Tol,60.0,6.0,1.0
exp_000095,demo_cn_coupling,sub_00,plate_1,cond_1202,C07,2,6,2026-01-15,90.6210646973288,,1,0,lot_plate_1,lc_01,demo,ok,demo,PdC,L2,K2CO3,Diox,80.0,12.0,1.0
exp_000096,demo_cn_coupling,sub_00,plate_1,cond_1207,H07,7,6,2026-01-15,90.48389255990895,,1,0,lot_plate_1,lc_01,demo,ok,demo,PdC,L2,K2CO3,DMF,60.0,6.0,1.0
exp_000097,demo_cn_coupling,sub_00,plate_1,cond_1208,A08,0,7,2026-01-15,89.87579653400385,,1,0,lot_plate_1,lc_01,demo,ok,demo,PdC,L2,K2CO3,DMF,60.0,12.0,1.0
exp_000098,demo_cn_coupling,sub_00,plate_1,cond_1220,E09,4,8,2026-01-15,91.28831225816313,,1,0,lot_plate_1,lc_01,demo,ok,demo,PdC,L2,K2CO3,MeCN,80.0,12.0,1.0
exp_000099,demo_cn_coupling,sub_00,plate_1,cond_1229,F10,5,9,2026-01-15,90.23755292679958,,1,0,lot_plate_1,lc_01,demo,ok,demo,PdC,L2,Cs2CO3,Tol,80.0,12.0,1.0
exp_000100,demo_cn_coupling,sub_00,plate_1,cond_1286,G05,6,4,2026-01-15,91.93380444126396,,1,0,lot_plate_1,lc_01,demo,ok,demo,PdC,L2,NaOtBu,DMF,100.0,12.0,1.0
exp_000101,demo_cn_coupling,sub_00,plate_1,cond_1305,B08,1,7,2026-01-15,90.81175748029338,,1,0,lot_plate_1,lc_01,demo,ok,demo,PdC,L3,K2CO3,Diox,60.0,2.0,1.0
exp_000102,demo_cn_coupling,sub_00,plate_1,cond_1312,A09,0,8,2026-01-15,92.56414401717421,,1,0,lot_plate_1,lc_01,demo,ok,demo,PdC,L3,K2CO3,Diox,100.0,6.0,1.0
exp_000103,demo_cn_coupling,sub_00,plate_1,cond_1330,C11,2,10,2026-01-15,93.23139157800854,,1,0,lot_plate_1,lc_01,demo,ok,demo,PdC,L3,K2CO3,MeCN,100.0,6.0,1.0
exp_000104,demo_cn_coupling,sub_00,plate_1,cond_1332,E11,4,10,2026-01-15,90.42824570976416,,1,0,lot_plate_1,lc_01,demo,ok,demo,PdC,L3,Cs2CO3,Tol,60.0,2.0,1.0
exp_000105,demo_cn_coupling,sub_00,plate_1,cond_1340,E12,4,11,2026-01-15,91.57253622073989,,1,0,lot_plate_1,lc_01,demo,ok,demo,PdC,L3,Cs2CO3,Tol,100.0,12.0,1.0
exp_000106,demo_cn_coupling,sub_00,plate_1,cond_1349,F01,5,0,2026-01-15,91.90616000115706,,1,0,lot_plate_1,lc_01,demo,ok,demo,PdC,L3,Cs2CO3,Diox,100.0,12.0,1.0
exp_000107,demo_cn_coupling,sub_00,plate_1,cond_1395,D07,3,6,2026-01-15,91.37922906090358,,1,0,lot_plate_1,lc_01,demo,ok,demo,PdC,L3,NaOtBu,MeCN,60.0,2.0,1.0
exp_000108,demo_cn_coupling,sub_00,plate_1,cond_1401,B08,1,7,2026-01-15,93.53701294838781,,1,0,lot_plate_1,lc_01,demo,ok,demo,PdC,L3,NaOtBu,MeCN,100.0,2.0,1.0
exp_000109,demo_cn_coupling,sub_00,plate_1,cond_1437,F12,5,11,2026-01-15,93.89288027881014,,1,0,lot_plate_1,lc_01,demo,ok,demo,PdC,L4,K2CO3,MeCN,100.0,2.0,1.0
exp_000110,demo_cn_coupling,sub_00,plate_1,cond_1447,H01,7,0,2026-01-15,92.4367235968432,,1,0,lot_plate_1,lc_01,demo,ok,demo,PdC,L4,Cs2CO3,Tol,100.0,6.0,1.0
exp_000111,demo_cn_coupling,sub_00,plate_1,cond_1454,G02,6,1,2026-01-15,91.08335940761314,,1,0,lot_plate_1,lc_01,demo,ok,demo,PdC,L4,Cs2CO3,Diox,80.0,12.0,1.0
exp_000112,demo_cn_coupling,sub_00,plate_1,cond_1461,F03,5,2,2026-01-15,92.4304765645388,,1,0,lot_plate_1,lc_01,demo,ok,demo,PdC,L4,Cs2CO3,DMF,80.0,2.0,1.0
exp_000113,demo_cn_coupling,sub_00,plate_1,cond_1484,E06,4,5,2026-01-15,91.77873958082604,,1,0,lot_plate_1,lc_01,demo,ok,demo,PdC,L4,NaOtBu,Tol,100.0,12.0,1.0
exp_000114,demo_cn_coupling,sub_00,plate_1,cond_1498,C08,2,7,2026-01-15,91.97519122382334,,1,0,lot_plate_1,lc_01,demo,ok,demo,PdC,L4,NaOtBu,DMF,80.0,6.0,1.0
exp_000115,demo_cn_coupling,sub_00,plate_1,cond_1512,A10,0,9,2026-01-15,90.99031640027262,,1,0,lot_plate_1,lc_01,demo,ok,demo,PdC,L5,K2CO3,Tol,60.0,2.0,1.0
exp_000116,demo_cn_coupling,sub_00,plate_1,cond_1518,G10,6,9,2026-01-15,93.14810028775685,,1,0,lot_plate_1,lc_01,demo,ok,demo,PdC,L5,K2CO3,Tol,100.0,2.0,1.0
exp_000117,demo_cn_coupling,sub_00,plate_1,cond_1522,C11,2,10,2026-01-15,90.9185428300864,,1,0,lot_plate_1,lc_01,demo,ok,demo,PdC,L5,K2CO3,Diox,60.0,6.0,1.0
exp_000118,demo_cn_coupling,sub_00,plate_1,cond_1535,H12,7,11,2026-01-15,91.72296252834057,,1,0,lot_plate_1,lc_01,demo,ok,demo,PdC,L5,K2CO3,DMF,80.0,12.0,1.0
exp_000119,demo_cn_coupling,sub_00,plate_1,cond_1536,A01,0,0,2026-01-15,93.81534784859117,,1,0,lot_plate_1,lc_01,demo,ok,demo,PdC,L5,K2CO3,DMF,100.0,2.0,1.0
exp_000120,demo_cn_coupling,sub_00,plate_1,cond_1538,C01,2,0,2026-01-15,92.8018544720827,,1,0,lot_plate_1,lc_01,demo,ok,demo,PdC,L5,K2CO3,DMF,100.0,12.0,1.0
exp_000121,demo_cn_coupling,sub_00,plate_1,cond_1555,D03,3,2,2026-01-15,92.69281494704138,,1,0,lot_plate_1,lc_01,demo,ok,demo,PdC,L5,Cs2CO3,Tol,100.0,6.0,1.0
exp_000122,demo_cn_coupling,sub_00,plate_1,cond_1571,D05,3,4,2026-01-15,91.67307453822852,,1,0,lot_plate_1,lc_01,demo,ok,demo,PdC,L5,Cs2CO3,DMF,80.0,12.0,1.0
exp_000123,demo_cn_coupling,sub_00,plate_1,cond_1572,E05,4,4,2026-01-15,93.7654598584791,,1,0,lot_plate_1,lc_01,demo,ok,demo,PdC,L5,Cs2CO3,DMF,100.0,2.0,1.0
exp_000124,demo_cn_coupling,sub_00,plate_1,cond_1573,F05,5,4,2026-01-15,93.36006250787572,,1,0,lot_plate_1,lc_01,demo,ok,demo,PdC,L5,Cs2CO3,DMF,100.0,6.0,1.0
exp_000125,demo_cn_coupling,sub_00,plate_1,cond_1592,A08,0,7,2026-01-15,92.03483093102425,,1,0,lot_plate_1,lc_01,demo,ok,demo,PdC,L5,NaOtBu,Tol,100.0,12.0,1.0
exp_000126,demo_cn_coupling,sub_00,plate_1,cond_1620,E11,4,10,2026-01-15,89.87155993680443,,1,1,lot_plate_1,lc_01,demo,ok,demo,NiA,L1,K2CO3,Tol,60.0,2.0,1.0
exp_000127,demo_cn_coupling,sub_00,plate_1,cond_1623,H11,7,10,2026-01-15,90.95045188054655,,1,0,lot_plate_1,lc_01,demo,ok,demo,NiA,L1,K2CO3,Tol,80.0,2.0,1.0
exp_000128,demo_cn_coupling,sub_00,plate_1,cond_1624,A12,0,11,2026-01-15,90.54505452994316,,1,0,lot_plate_1,lc_01,demo,ok,demo,NiA,L1,K2CO3,Tol,80.0,6.0,1.0
exp_000129,demo_cn_coupling,sub_00,plate_1,cond_1632,A01,0,0,2026-01-15,91.28407566096371,,1,0,lot_plate_1,lc_01,demo,ok,demo,NiA,L1,K2CO3,Diox,80.0,2.0,1.0
exp_000130,demo_cn_coupling,sub_00,plate_1,cond_1649,B03,1,2,2026-01-15,89.85893790154745,,1,0,lot_plate_1,lc_01,demo,ok,demo,NiA,L1,K2CO3,MeCN,60.0,12.0,1.0
exp_000131,demo_cn_coupling,sub_00,plate_1,cond_1676,E06,4,5,2026-01-15,89.47542613101822,,1,0,lot_plate_1,lc_01,demo,ok,demo,NiA,L1,Cs2CO3,DMF,60.0,12.0,1.0
exp_000132,demo_cn_coupling,sub_00,plate_1,cond_1678,G06,6,5,2026-01-15,91.16241410066542,,1,0,lot_plate_1,lc_01,demo,ok,demo,NiA,L1,Cs2CO3,DMF,80.0,6.0,1.0
exp_000133,demo_cn_coupling,sub_00,plate_1,cond_1680,A07,0,6,2026-01-15,92.64670339501093,,1,0,lot_plate_1,lc_01,demo,ok,demo,NiA,L1,Cs2CO3,DMF,100.0,2.0,1.0
exp_000134,demo_cn_coupling,sub_00,plate_1,cond_1690,C08,2,7,2026-01-15,92.5749298248247,,1,0,lot_plate_1,lc_01,demo,ok,demo,NiA,L1,Cs2CO3,MeCN,100.0,6.0,1.0
exp_000135,demo_cn_coupling,sub_00,plate_1,cond_1723,D12,3,11,2026-01-15,91.44614989097052,,1,0,lot_plate_1,lc_01,demo,ok,demo,NiA,L1,NaOtBu,MeCN,80.0,6.0,1.0
exp_000136,demo_cn_coupling,sub_00,plate_1,cond_1754,C04,2,3,2026-01-15,91.93918935881271,,1,0,lot_plate_1,lc_01,demo,ok,demo,NiA,L2,K2CO3,DMF,100.0,12.0,1.0
exp_000137,demo_cn_coupling,sub_00,plate_1,cond_1756,E04,4,3,2026-01-15,90.72312527765074,,1,0,lot_plate_1,lc_01,demo,ok,demo,NiA,L2,K2CO3,MeCN,60.0,6.0,1.0
exp_000138,demo_cn_coupling,sub_00,plate_1,cond_1758,G04,6,3,2026-01-15,92.20741457199624,,1,0,lot_plate_1,lc_01,demo,ok,demo,NiA,L2,K2CO3,MeCN,80.0,2.0,1.0
exp_000139,demo_cn_coupling,sub_00,plate_1,cond_1761,B05,1,4,2026-01-15,93.28630651573836,,1,0,lot_plate_1,lc_01,demo,ok,demo,NiA,L2,K2CO3,MeCN,100.0,2.0,1.0
exp_000140,demo_cn_coupling,sub_00,plate_1,cond_1768,A06,0,5,2026-01-15,90.7512578900293,,1,0,lot_plate_1,lc_01,demo,ok,demo,NiA,L2,Cs2CO3,Tol,80.0,6.0,1.0
exp_000141,demo_cn_coupling,sub_00,plate_1,cond_1771,D06,3,5,2026-01-15,91.83014983377142,,1,0,lot_plate_1,lc_01,demo,ok,demo,NiA,L2,Cs2CO3,Tol,100.0,6.0,1.0
exp_000142,demo_cn_coupling,sub_00,plate_1,cond_1784,A08,0,7,2026-01-15,89.73151748121643,,1,0,lot_plate_1,lc_01,demo,ok,demo,NiA,L2,Cs2CO3,DMF,60.0,12.0,1.0
exp_000143,demo_cn_coupling,sub_00,plate_1,cond_1798,G09,6,8,2026-01-15,92.8310211750229,,1,0,lot_plate_1,lc_01,demo,ok,demo,NiA,L2,Cs2CO3,MeCN,100.0,6.0,1.0
exp_000144,demo_cn_coupling,sub_00,plate_1,cond_1799,H09,7,8,2026-01-15,92.22292514911781,,1,0,lot_plate_1,lc_01,demo,ok,demo,NiA,L2,Cs2CO3,MeCN,100.0,12.0,1.0
exp_000145,demo_cn_coupling,sub_00,plate_1,cond_1814,G11,6,10,2026-01-15,90.42689765442931,,1,0,lot_plate_1,lc_01,demo,ok,demo,NiA,L2,NaOtBu,Diox,80.0,12.0,1.0
exp_000146,demo_cn_coupling,sub_00,plate_1,cond_1817,B12,1,11,2026-01-15,91.50578959817142,,1,0,lot_plate_1,lc_01,demo,ok,demo,NiA,L2,NaOtBu,Diox,100.0,12.0,1.0
exp_000147,demo_cn_coupling,sub_00,plate_1,cond_1844,E03,4,2,2026-01-15,91.52803314817659,,1,0,lot_plate_1,lc_01,demo,ok,demo,NiA,L3,K2CO3,Tol,100.0,12.0,1.0
exp_000148,demo_cn_coupling,sub_00,plate_1,cond_1853,F04,5,3,2026-01-15,91.86165692859375,,1,0,lot_plate_1,lc_01,demo,ok,demo,NiA,L3,K2CO3,Diox,100.0,12.0,1.0
exp_000149,demo_cn_coupling,sub_00,plate_1,cond_1854,G04,6,3,2026-01-15,91.05099019803517,,1,0,lot_plate_1,lc_01,demo,ok,demo,NiA,L3,K2CO3,DMF,60.0,2.0,1.0
exp_000150,demo_cn_coupling,sub_00,plate_1,cond_1863,H05,7,4,2026-01-15,91.38461397845234,,1,0,lot_plate_1,lc_01,demo,ok,demo,NiA,L3,K2CO3,MeCN,60.0,2.0,1.0
exp_000151,demo_cn_coupling,sub_00,plate_1,cond_1871,H06,7,5,2026-01-15,92.52890448942807,,1,0,lot_plate_1,lc_01,demo,ok,demo,NiA,L3,K2CO3,MeCN,100.0,12.0,1.0
exp_000152,demo_cn_coupling,sub_00,plate_1,cond_1878,G07,6,6,2026-01-15,92.491638534573,,1,0,lot_plate_1,lc_01,demo,ok,demo,NiA,L3,Cs2CO3,Tol,100.0,2.0,1.0
exp_000153,demo_cn_coupling,sub_00,plate_1,cond_1895,H09,7,8,2026-01-15,91.06650077515674,,1,0,lot_plate_1,lc_01,demo,ok,demo,NiA,L3,Cs2CO3,DMF,80.0,12.0,1.0
exp_000154,demo_cn_coupling,sub_00,plate_1,cond_1899,D10,3,9,2026-01-15,91.33472598834027,,1,0,lot_plate_1,lc_01,demo,ok,demo,NiA,L3,Cs2CO3,MeCN,60.0,2.0,1.0
exp_000155,demo_cn_coupling,sub_00,plate_1,cond_1900,E10,4,9,2026-01-15,90.92932863773687,,1,0,lot_plate_1,lc_01,demo,ok,demo,NiA,L3,Cs2CO3,MeCN,60.0,6.0,1.0
exp_000156,demo_cn_coupling,sub_00,plate_1,cond_1912,A12,0,11,2026-01-15,90.95746125011543,,1,0,lot_plate_1,lc_01,demo,ok,demo,NiA,L3,NaOtBu,Tol,80.0,6.0,1.0
exp_000157,demo_cn_coupling,sub_00,plate_1,cond_1924,E01,4,0,2026-01-15,92.36997697427472,,1,0,lot_plate_1,lc_01,demo,ok,demo,NiA,L3,NaOtBu,Diox,100.0,6.0,1.0
exp_000158,demo_cn_coupling,sub_00,plate_1,cond_1943,H03,7,2,2026-01-15,92.42912850920395,,1,0,lot_plate_1,lc_01,demo,ok,demo,NiA,L3,NaOtBu,MeCN,100.0,12.0,1.0
exp_000159,demo_cn_coupling,sub_00,plate_1,cond_1955,D05,3,4,2026-01-15,89.95996439130772,,1,0,lot_plate_1,lc_01,demo,ok,demo,NiA,L4,K2CO3,Diox,60.0,12.0,1.0
exp_000160,demo_cn_coupling,sub_00,plate_1,cond_1961,B06,1,5,2026-01-15,92.11774827879195,,1,0,lot_plate_1,lc_01,demo,ok,demo,NiA,L4,K2CO3,Diox,100.0,12.0,1.0
exp_000161,demo_cn_coupling,sub_00,plate_1,cond_1969,B07,1,6,2026-01-15,93.0594680851142,,1,0,lot_plate_1,lc_01,demo,ok,demo,NiA,L4,K2CO3,DMF,100.0,6.0,1.0
exp_000162,demo_cn_coupling,sub_00,plate_1,cond_1975,H07,7,6,2026-01-15,92.31419992178925,,1,0,lot_plate_1,lc_01,demo,ok,demo,NiA,L4,K2CO3,MeCN,80.0,6.0,1.0
exp_000163,demo_cn_coupling,sub_00,plate_1,cond_1977,B08,1,7,2026-01-15,93.79848921613475,,1,0,lot_plate_1,lc_01,demo,ok,demo,NiA,L4,K2CO3,MeCN,100.0,2.0,1.0
exp_000164,demo_cn_coupling,sub_00,plate_1,cond_1981,F08,5,7,2026-01-15,90.18454864668358,,1,0,lot_plate_1,lc_01,demo,ok,demo,NiA,L4,Cs2CO3,Tol,60.0,6.0,1.0
exp_000165,demo_cn_coupling,sub_00,plate_1,cond_1985,B09,1,8,2026-01-15,90.65534456452062,,1,0,lot_plate_1,lc_01,demo,ok,demo,NiA,L4,Cs2CO3,Tol,80.0,12.0,1.0
exp_000166,demo_cn_coupling,sub_00,plate_1,cond_1987,D09,3,8,2026-01-15,92.34233253416781,,1,0,lot_plate_1,lc_01,demo,ok,demo,NiA,L4,Cs2CO3,Tol,100.0,6.0,1.0
exp_000167,demo_cn_coupling,sub_00,plate_1,cond_2003,D11,3,10,2026-01-15,91.32259212535494,,1,0,lot_plate_1,lc_01,demo,ok,demo,NiA,L4,Cs2CO3,DMF,80.0,12.0,1.0
exp_000168,demo_cn_coupling,sub_00,plate_1,cond_2005,F11,5,10,2026-01-15,93.00958009500214,,1,0,lot_plate_1,lc_01,demo,ok,demo,NiA,L4,Cs2CO3,DMF,100.0,6.0,1.0
exp_000169,demo_cn_coupling,sub_00,plate_1,cond_2006,G11,6,10,2026-01-15,92.40148406909705,,1,0,lot_plate_1,lc_01,demo,ok,demo,NiA,L4,Cs2CO3,DMF,100.0,12.0,1.0
exp_000170,demo_cn_coupling,sub_00,plate_1,cond_2013,F12,5,11,2026-01-15,93.7486012260227,,1,0,lot_plate_1,lc_01,demo,ok,demo,NiA,L4,Cs2CO3,MeCN,100.0,2.0,1.0
exp_000171,demo_cn_coupling,sub_00,plate_1,cond_2029,F02,5,1,2026-01-15,91.5471763807308,,1,0,lot_plate_1,lc_01,demo,ok,demo,NiA,L4,NaOtBu,Diox,80.0,6.0,1.0
exp_000172,demo_cn_coupling,sub_00,plate_1,cond_2050,C05,2,4,2026-01-15,93.29331588530724,,1,0,lot_plate_1,lc_01,demo,ok,demo,NiA,L4,NaOtBu,MeCN,100.0,6.0,1.0
exp_000173,demo_cn_coupling,sub_00,plate_1,cond_2057,B06,1,5,2026-01-15,90.96132390483088,,1,0,lot_plate_1,lc_01,demo,ok,demo,NiA,L5,K2CO3,Tol,80.0,12.0,1.0
exp_000174,demo_cn_coupling,sub_00,plate_1,cond_2066,C07,2,6,2026-01-15,91.29494768524805,,1,0,lot_plate_1,lc_01,demo,ok,demo,NiA,L5,K2CO3,Diox,80.0,12.0,1.0
exp_000175,demo_cn_coupling,sub_00,plate_1,cond_2070,G07,6,6,2026-01-15,91.56317289843157,,1,0,lot_plate_1,lc_01,demo,ok,demo,NiA,L5,K2CO3,DMF,60.0,2.0,1.0
exp_000176,demo_cn_coupling,sub_00,plate_1,cond_2084,E09,4,8,2026-01-15,91.96219524608237,,1,0,lot_plate_1,lc_01,demo,ok,demo,NiA,L5,K2CO3,MeCN,80.0,12.0,1.0
exp_000177,demo_cn_coupling,sub_00,plate_1,cond_2090,C10,2,9,2026-01-15,89.8325439709767,,1,0,lot_plate_1,lc_01,demo,ok,demo,NiA,L5,Cs2CO3,Tol,60.0,12.0,1.0
exp_000178,demo_cn_coupling,sub_00,plate_1,cond_2092,E10,4,9,2026-01-15,91.5195319406239,,1,0,lot_plate_1,lc_01,demo,ok,demo,NiA,L5,Cs2CO3,Tol,80.0,6.0,1.0
exp_000179,demo_cn_coupling,sub_00,plate_1,cond_2119,H01,7,0,2026-01-15,92.52040328187539,,1,0,lot_plate_1,lc_01,demo,ok,demo,NiA,L5,Cs2CO3,MeCN,80.0,6.0,1.0
exp_000180,demo_cn_coupling,sub_00,plate_1,cond_2131,D03,3,2,2026-01-15,92.54853589425396,,1,0,lot_plate_1,lc_01,demo,ok,demo,NiA,L5,NaOtBu,Tol,100.0,6.0,1.0
exp_000181,demo_cn_coupling,sub_00,plate_1,cond_2133,F03,5,2,2026-01-15,91.12977313779028,,1,0,lot_plate_1,lc_01,demo,ok,demo,NiA,L5,NaOtBu,Diox,60.0,2.0,1.0
exp_000182,demo_cn_coupling,sub_00,plate_1,cond_2147,D05,3,4,2026-01-15,91.52879548544108,,1,0,lot_plate_1,lc_01,demo,ok,demo,NiA,L5,NaOtBu,DMF,80.0,12.0,1.0
exp_000183,demo_cn_coupling,sub_00,plate_1,cond_2157,F06,5,5,2026-01-15,93.95480458610884,,1,0,lot_plate_1,lc_01,demo,ok,demo,NiA,L5,NaOtBu,MeCN,100.0,2.0,1.0
exp_000184,demo_cn_coupling,sub_00,plate_2,cond_0000,A01,0,0,2026-02-15,73.43881754599552,,1,1,lot_plate_2,lc_01,demo,ok,demo,PdA,L1,K2CO3,Tol,60.0,2.0,1.0
exp_000185,demo_cn_coupling,sub_00,plate_2,cond_0540,E08,4,7,2026-02-15,98.71838193935488,,1,1,lot_plate_2,lc_01,demo,ok,demo,PdB,L1,K2CO3,Tol,60.0,2.0,1.0
exp_000186,demo_cn_coupling,sub_00,plate_2,cond_1080,A04,0,3,2026-02-15,100.0,,1,1,lot_plate_2,lc_01,demo,ok,demo,PdC,L1,K2CO3,Tol,60.0,2.0,1.0
exp_000187,demo_cn_coupling,sub_00,plate_2,cond_1620,E11,4,10,2026-02-15,100.0,,1,1,lot_plate_2,lc_01,demo,ok,demo,NiA,L1,K2CO3,Tol,60.0,2.0,1.0
exp_000188,demo_cn_coupling,sub_00,plate_3,cond_0000,A01,0,0,2026-03-15,66.25430766919428,,1,1,lot_plate_3,lc_01,demo,ok,demo,PdA,L1,K2CO3,Tol,60.0,2.0,1.0
exp_000189,demo_cn_coupling,sub_00,plate_3,cond_0540,E08,4,7,2026-03-15,97.12974764241241,,1,1,lot_plate_3,lc_01,demo,ok,demo,PdB,L1,K2CO3,Tol,60.0,2.0,1.0
exp_000190,demo_cn_coupling,sub_00,plate_3,cond_1080,A04,0,3,2026-03-15,100.0,,1,1,lot_plate_3,lc_01,demo,ok,demo,PdC,L1,K2CO3,Tol,60.0,2.0,1.0
exp_000191,demo_cn_coupling,sub_00,plate_3,cond_1620,E11,4,10,2026-03-15,100.0,,1,1,lot_plate_3,lc_01,demo,ok,demo,NiA,L1,K2CO3,Tol,60.0,2.0,1.0
exp_000192,demo_cn_coupling,sub_01,plate_1,cond_0000,A01,0,0,2026-01-15,53.88957185461845,,1,1,lot_plate_1,lc_01,demo,ok,demo,PdA,L1,K2CO3,Tol,60.0,2.0,1.0
exp_000193,demo_cn_coupling,sub_01,plate_1,cond_0540,E08,4,7,2026-01-15,76.77890781586594,,1,1,lot_plate_1,lc_01,demo,ok,demo,PdB,L1,K2CO3,Tol,60.0,2.0,1.0
exp_000194,demo_cn_coupling,sub_01,plate_1,cond_1080,A04,0,3,2026-01-15,89.9659509994798,,1,1,lot_plate_1,lc_01,demo,ok,demo,PdC,L1,K2CO3,Tol,60.0,2.0,1.0
exp_000195,demo_cn_coupling,sub_01,plate_1,cond_1620,E11,4,10,2026-01-15,89.87155993680443,,1,1,lot_plate_1,lc_01,demo,ok,demo,NiA,L1,K2CO3,Tol,60.0,2.0,1.0
exp_000196,demo_cn_coupling,sub_01,plate_2,cond_0000,A01,0,0,2026-02-15,76.81353259508109,,1,1,lot_plate_2,lc_01,demo,ok,demo,PdA,L1,K2CO3,Tol,60.0,2.0,1.0
exp_000197,demo_cn_coupling,sub_01,plate_2,cond_0069,F09,5,8,2026-02-15,100.0,,1,0,lot_plate_2,lc_01,demo,ok,demo,PdA,L1,Cs2CO3,MeCN,100.0,2.0,1.0
exp_000198,demo_cn_coupling,sub_01,plate_2,cond_0075,D10,3,9,2026-02-15,100.0,,1,0,lot_plate_2,lc_01,demo,ok,demo,PdA,L1,NaOtBu,Tol,80.0,2.0,1.0
exp_000199,demo_cn_coupling,sub_01,plate_2,cond_0097,B01,1,0,2026-02-15,100.0,,1,0,lot_plate_2,lc_01,demo,ok,demo,PdA,L1,NaOtBu,DMF,100.0,6.0,1.0
exp_000200,demo_cn_coupling,sub_01,plate_2,cond_0119,H03,7,2,2026-02-15,87.30709708090235,,1,0,lot_plate_2,lc_01,demo,ok,demo,PdA,L2,K2CO3,Diox,60.0,12.0,1.0
exp_000201,demo_cn_coupling,sub_01,plate_2,cond_0124,E04,4,3,2026-02-15,86.82685658573682,,1,0,lot_plate_2,lc_01,demo,ok,demo,PdA,L2,K2CO3,Diox,100.0,6.0,1.0
exp_000202,demo_cn_coupling,sub_01,plate_2,cond_0132,E05,4,4,2026-02-15,93.69600785648565,,1,0,lot_plate_2,lc_01,demo,ok,demo,PdA,L2,K2CO3,DMF,100.0,2.0,1.0
exp_000203,demo_cn_coupling,sub_01,plate_2,cond_0144,A07,0,6,2026-02-15,100.0,,1,0,lot_plate_2,lc_01,demo,ok,demo,PdA,L2,Cs2CO3,Tol,60.0,2.0,1.0
exp_000204,demo_cn_coupling,sub_01,plate_2,cond_0152,A08,0,7,2026-02-15,100.0,,1,0,lot_plate_2,lc_01,demo,ok,demo,PdA,L2,Cs2CO3,Tol,100.0,12.0,1.0
exp_000205,demo_cn_coupling,sub_01,plate_2,cond_0157,F08,5,7,2026-02-15,100.0,,1,0,lot_plate_2,lc_01,demo,ok,demo,PdA,L2,Cs2CO3,Diox,80.0,6.0,1.0
exp_000206,demo_cn_coupling,sub_01,plate_2,cond_0163,D09,3,8,2026-02-15,100.0,,1,0,lot_plate_2,lc_01,demo,ok,demo,PdA,L2,Cs2CO3,DMF,60.0,6.0,1.0
exp_000207,demo_cn_coupling,sub_01,plate_2,cond_0179,D11,3,10,2026-02-15,100.0,,1,0,lot_plate_2,lc_01,demo,ok,demo,PdA,L2,Cs2CO3,MeCN,100.0,12.0,1.0
exp_000208,demo_cn_coupling,sub_01,plate_2,cond_0200,A02,0,1,2026-02-15,100.0,,1,0,lot_plate_2,lc_01,demo,ok,demo,PdA,L2,NaOtBu,DMF,60.0,12.0,1.0
exp_000209,demo_cn_coupling,sub_01,plate_2,cond_0228,E05,4,4,2026-02-15,100.0,,1,0,lot_plate_2,lc_01,demo,ok,demo,PdA,L3,K2CO3,Diox,80.0,2.0,1.0
exp_000210,demo_cn_coupling,sub_01,plate_2,cond_0271,H10,7,9,2026-02-15,100.0,,1,0,lot_plate_2,lc_01,demo,ok,demo,PdA,L3,Cs2CO3,DMF,60.0,6.0,1.0
exp_000211,demo_cn_coupling,sub_01,plate_2,cond_0295,H01,7,0,2026-02-15,100.0,,1,0,lot_plate_2,lc_01,demo,ok,demo,PdA,L3,NaOtBu,Tol,100.0,6.0,1.0
exp_000212,demo_cn_coupling,sub_01,plate_2,cond_0303,H02,7,1,2026-02-15,100.0,,1,0,lot_plate_2,lc_01,demo,ok,demo,PdA,L3,NaOtBu,Diox,100.0,2.0,1.0
exp_000213,demo_cn_coupling,sub_01,plate_2,cond_0305,B03,1,2,2026-02-15,100.0,,1,0,lot_plate_2,lc_01,demo,ok,demo,PdA,L3,NaOtBu,Diox,100.0,12.0,1.0
exp_000214,demo_cn_coupling,sub_01,plate_2,cond_0317,F04,5,3,2026-02-15,100.0,,1,0,lot_plate_2,lc_01,demo,ok,demo,PdA,L3,NaOtBu,MeCN,60.0,12.0,1.0
exp_000215,demo_cn_coupling,sub_01,plate_2,cond_0332,E06,4,5,2026-02-15,97.80278870203179,,1,0,lot_plate_2,lc_01,demo,ok,demo,PdA,L4,K2CO3,Tol,100.0,12.0,1.0
exp_000216,demo_cn_coupling,sub_01,plate_2,cond_0334,G06,6,5,2026-02-15,100.0,,1,0,lot_plate_2,lc_01,demo,ok,demo,PdA,L4,K2CO3,Diox,60.0,6.0,1.0
exp_000217,demo_cn_coupling,sub_01,plate_2,cond_0344,A08,0,7,2026-02-15,100.0,,1,0,lot_plate_2,lc_01,demo,ok,demo,PdA,L4,K2CO3,DMF,60.0,12.0,1.0
exp_000218,demo_cn_coupling,sub_01,plate_2,cond_0351,H08,7,7,2026-02-15,100.0,,1,0,lot_plate_2,lc_01,demo,ok,demo,PdA,L4,K2CO3,MeCN,60.0,2.0,1.0
exp_000219,demo_cn_coupling,sub_01,plate_2,cond_0374,G11,6,10,2026-02-15,100.0,,1,0,lot_plate_2,lc_01,demo,ok,demo,PdA,L4,Cs2CO3,Diox,80.0,12.0,1.0
exp_000220,demo_cn_coupling,sub_01,plate_2,cond_0380,E12,4,11,2026-02-15,100.0,,1,0,lot_plate_2,lc_01,demo,ok,demo,PdA,L4,Cs2CO3,DMF,60.0,12.0,1.0
exp_000221,demo_cn_coupling,sub_01,plate_2,cond_0406,G03,6,2,2026-02-15,100.0,,1,0,lot_plate_2,lc_01,demo,ok,demo,PdA,L4,NaOtBu,Diox,60.0,6.0,1.0
exp_000222,demo_cn_coupling,sub_01,plate_2,cond_0412,E04,4,3,2026-02-15,100.0,,1,0,lot_plate_2,lc_01,demo,ok,demo,PdA,L4,NaOtBu,Diox,100.0,6.0,1.0
exp_000223,demo_cn_coupling,sub_01,plate_2,cond_0421,F05,5,4,2026-02-15,100.0,,1,0,lot_plate_2,lc_01,demo,ok,demo,PdA,L4,NaOtBu,DMF,100.0,6.0,1.0
exp_000224,demo_cn_coupling,sub_01,plate_2,cond_0423,H05,7,4,2026-02-15,100.0,,1,0,lot_plate_2,lc_01,demo,ok,demo,PdA,L4,NaOtBu,MeCN,60.0,2.0,1.0
exp_000225,demo_cn_coupling,sub_01,plate_2,cond_0426,C06,2,5,2026-02-15,100.0,,1,0,lot_plate_2,lc_01,demo,ok,demo,PdA,L4,NaOtBu,MeCN,80.0,2.0,1.0
exp_000226,demo_cn_coupling,sub_01,plate_2,cond_0434,C07,2,6,2026-02-15,100.0,,1,0,lot_plate_2,lc_01,demo,ok,demo,PdA,L5,K2CO3,Tol,60.0,12.0,1.0
exp_000227,demo_cn_coupling,sub_01,plate_2,cond_0464,A11,0,10,2026-02-15,100.0,,1,0,lot_plate_2,lc_01,demo,ok,demo,PdA,L5,K2CO3,MeCN,80.0,12.0,1.0
exp_000228,demo_cn_coupling,sub_01,plate_2,cond_0471,H11,7,10,2026-02-15,100.0,,1,0,lot_plate_2,lc_01,demo,ok,demo,PdA,L5,Cs2CO3,Tol,80.0,2.0,1.0
exp_000229,demo_cn_coupling,sub_01,plate_2,cond_0498,C03,2,2,2026-02-15,100.0,,1,0,lot_plate_2,lc_01,demo,ok,demo,PdA,L5,Cs2CO3,MeCN,80.0,2.0,1.0
exp_000230,demo_cn_coupling,sub_01,plate_2,cond_0507,D04,3,3,2026-02-15,100.0,,1,0,lot_plate_2,lc_01,demo,ok,demo,PdA,L5,NaOtBu,Tol,80.0,2.0,1.0
exp_000231,demo_cn_coupling,sub_01,plate_2,cond_0509,F04,5,3,2026-02-15,100.0,,1,0,lot_plate_2,lc_01,demo,ok,demo,PdA,L5,NaOtBu,Tol,80.0,12.0,1.0
exp_000232,demo_cn_coupling,sub_01,plate_2,cond_0518,G05,6,4,2026-02-15,100.0,,1,0,lot_plate_2,lc_01,demo,ok,demo,PdA,L5,NaOtBu,Diox,80.0,12.0,1.0
exp_000233,demo_cn_coupling,sub_01,plate_2,cond_0522,C06,2,5,2026-02-15,100.0,,1,0,lot_plate_2,lc_01,demo,ok,demo,PdA,L5,NaOtBu,DMF,60.0,2.0,1.0
exp_000234,demo_cn_coupling,sub_01,plate_2,cond_0540,E08,4,7,2026-02-15,97.11514076630434,,1,1,lot_plate_2,lc_01,demo,ok,demo,PdB,L1,K2CO3,Tol,60.0,2.0,1.0
exp_000235,demo_cn_coupling,sub_01,plate_2,cond_0549,F09,5,8,2026-02-15,100.0,,1,0,lot_plate_2,lc_01,demo,ok,demo,PdB,L1,K2CO3,Diox,60.0,2.0,1.0
exp_000236,demo_cn_coupling,sub_01,plate_2,cond_0551,H09,7,8,2026-02-15,100.0,,1,0,lot_plate_2,lc_01,demo,ok,demo,PdB,L1,K2CO3,Diox,60.0,12.0,1.0
exp_000237,demo_cn_coupling,sub_01,plate_2,cond_0574,G12,6,11,2026-02-15,100.0,,1,0,lot_plate_2,lc_01,demo,ok,demo,PdB,L1,K2CO3,MeCN,100.0,6.0,1.0
exp_000238,demo_cn_coupling,sub_01,plate_2,cond_0579,D01,3,0,2026-02-15,100.0,,1,0,lot_plate_2,lc_01,demo,ok,demo,PdB,L1,Cs2CO3,Tol,80.0,2.0,1.0
exp_000239,demo_cn_coupling,sub_01,plate_2,cond_0580,E01,4,0,2026-02-15,100.0,,1,0,lot_plate_2,lc_01,demo,ok,demo,PdB,L1,Cs2CO3,Tol,80.0,6.0,1.0
exp_000240,demo_cn_coupling,sub_01,plate_2,cond_0581,F01,5,0,2026-02-15,100.0,,1,0,lot_plate_2,lc_01,demo,ok,demo,PdB,L1,Cs2CO3,Tol,80.0,12.0,1.0
exp_000241,demo_cn_coupling,sub_01,plate_2,cond_0598,G03,6,2,2026-02-15,100.0,,1,0,lot_plate_2,lc_01,demo,ok,demo,PdB,L1,Cs2CO3,DMF,80.0,6.0,1.0
exp_000242,demo_cn_coupling,sub_01,plate_2,cond_0599,H03,7,2,2026-02-15,100.0,,1,0,lot_plate_2,lc_01,demo,ok,demo,PdB,L1,Cs2CO3,DMF,80.0,12.0,1.0
exp_000243,demo_cn_coupling,sub_01,plate_2,cond_0619,D06,3,5,2026-02-15,100.0,,1,0,lot_plate_2,lc_01,demo,ok,demo,PdB,L1,NaOtBu,Tol,100.0,6.0,1.0
exp_000244,demo_cn_coupling,sub_01,plate_2,cond_0620,E06,4,5,2026-02-15,100.0,,1,0,lot_plate_2,lc_01,demo,ok,demo,PdB,L1,NaOtBu,Tol,100.0,12.0,1.0
exp_000245,demo_cn_coupling,sub_01,plate_2,cond_0633,B08,1,7,2026-02-15,100.0,,1,0,lot_plate_2,lc_01,demo,ok,demo,PdB,L1,NaOtBu,DMF,80.0,2.0,1.0
exp_000246,demo_cn_coupling,sub_01,plate_2,cond_0643,D09,3,8,2026-02-15,100.0,,1,0,lot_plate_2,lc_01,demo,ok,demo,PdB,L1,NaOtBu,MeCN,80.0,6.0,1.0
exp_000247,demo_cn_coupling,sub_01,plate_2,cond_0650,C10,2,9,2026-02-15,100.0,,1,0,lot_plate_2,lc_01,demo,ok,demo,PdB,L2,K2CO3,Tol,60.0,12.0,1.0
exp_000248,demo_cn_coupling,sub_01,plate_2,cond_0655,H10,7,9,2026-02-15,100.0,,1,0,lot_plate_2,lc_01,demo,ok,demo,PdB,L2,K2CO3,Tol,100.0,6.0,1.0
exp_000249,demo_cn_coupling,sub_01,plate_2,cond_0656,A11,0,10,2026-02-15,100.0,,1,0,lot_plate_2,lc_01,demo,ok,demo,PdB,L2,K2CO3,Tol,100.0,12.0,1.0
exp_000250,demo_cn_coupling,sub_01,plate_2,cond_0660,E11,4,10,2026-02-15,100.0,,1,0,lot_plate_2,lc_01,demo,ok,demo,PdB,L2,K2CO3,Diox,80.0,2.0,1.0
exp_000251,demo_cn_coupling,sub_01,plate_2,cond_0665,B12,1,11,2026-02-15,100.0,,1,0,lot_plate_2,lc_01,demo,ok,demo,PdB,L2,K2CO3,Diox,100.0,12.0,1.0
exp_000252,demo_cn_coupling,sub_01,plate_2,cond_0679,H01,7,0,2026-02-15,100.0,,1,0,lot_plate_2,lc_01,demo,ok,demo,PdB,L2,K2CO3,MeCN,80.0,6.0,1.0
exp_000253,demo_cn_coupling,sub_01,plate_2,cond_0692,E03,4,2,2026-02-15,100.0,,1,0,lot_plate_2,lc_01,demo,ok,demo,PdB,L2,Cs2CO3,Tol,100.0,12.0,1.0
exp_000254,demo_cn_coupling,sub_01,plate_2,cond_0693,F03,5,2,2026-02-15,100.0,,1,0,lot_plate_2,lc_01,demo,ok,demo,PdB,L2,Cs2CO3,Diox,60.0,2.0,1.0
exp_000255,demo_cn_coupling,sub_01,plate_2,cond_0701,F04,5,3,2026-02-15,100.0,,1,0,lot_plate_2,lc_01,demo,ok,demo,PdB,L2,Cs2CO3,Diox,100.0,12.0,1.0
exp_000256,demo_cn_coupling,sub_01,plate_2,cond_0723,D07,3,6,2026-02-15,100.0,,1,0,lot_plate_2,lc_01,demo,ok,demo,PdB,L2,NaOtBu,Tol,80.0,2.0,1.0
exp_000257,demo_cn_coupling,sub_01,plate_2,cond_0729,B08,1,7,2026-02-15,100.0,,1,0,lot_plate_2,lc_01,demo,ok,demo,PdB,L2,NaOtBu,Diox,60.0,2.0,1.0
exp_000258,demo_cn_coupling,sub_01,plate_2,cond_0740,E09,4,8,2026-02-15,100.0,,1,0,lot_plate_2,lc_01,demo,ok,demo,PdB,L2,NaOtBu,DMF,60.0,12.0,1.0
exp_000259,demo_cn_coupling,sub_01,plate_2,cond_0758,G11,6,10,2026-02-15,100.0,,1,0,lot_plate_2,lc_01,demo,ok,demo,PdB,L3,K2CO3,Tol,60.0,12.0,1.0
exp_000260,demo_cn_coupling,sub_01,plate_2,cond_0762,C12,2,11,2026-02-15,100.0,,1,0,lot_plate_2,lc_01,demo,ok,demo,PdB,L3,K2CO3,Tol,100.0,2.0,1.0
exp_000261,demo_cn_coupling,sub_01,plate_2,cond_0764,E12,4,11,2026-02-15,100.0,,1,0,lot_plate_2,lc_01,demo,ok,demo,PdB,L3,K2CO3,Tol,100.0,12.0,1.0
exp_000262,demo_cn_coupling,sub_01,plate_2,cond_0767,H12,7,11,2026-02-15,100.0,,1,0,lot_plate_2,lc_01,demo,ok,demo,PdB,L3,K2CO3,Diox,60.0,12.0,1.0
exp_000263,demo_cn_coupling,sub_01,plate_2,cond_0769,B01,1,0,2026-02-15,100.0,,1,0,lot_plate_2,lc_01,demo,ok,demo,PdB,L3,K2CO3,Diox,80.0,6.0,1.0
exp_000264,demo_cn_coupling,sub_01,plate_2,cond_0773,F01,5,0,2026-02-15,100.0,,1,0,lot_plate_2,lc_01,demo,ok,demo,PdB,L3,K2CO3,Diox,100.0,12.0,1.0
exp_000265,demo_cn_coupling,sub_01,plate_2,cond_0778,C02,2,1,2026-02-15,100.0,,1,0,lot_plate_2,lc_01,demo,ok,demo,PdB,L3,K2CO3,DMF,80.0,6.0,1.0
exp_000266,demo_cn_coupling,sub_01,plate_2,cond_0782,G02,6,1,2026-02-15,100.0,,1,0,lot_plate_2,lc_01,demo,ok,demo,PdB,L3,K2CO3,DMF,100.0,12.0,1.0
exp_000267,demo_cn_coupling,sub_01,plate_2,cond_0790,G03,6,2,2026-02-15,100.0,,1,0,lot_plate_2,lc_01,demo,ok,demo,PdB,L3,K2CO3,MeCN,100.0,6.0,1.0
exp_000268,demo_cn_coupling,sub_01,plate_2,cond_0791,H03,7,2,2026-02-15,100.0,,1,0,lot_plate_2,lc_01,demo,ok,demo,PdB,L3,K2CO3,MeCN,100.0,12.0,1.0
exp_000269,demo_cn_coupling,sub_01,plate_2,cond_0800,A05,0,4,2026-02-15,100.0,,1,0,lot_plate_2,lc_01,demo,ok,demo,PdB,L3,Cs2CO3,Tol,100.0,12.0,1.0
exp_000270,demo_cn_coupling,sub_01,plate_2,cond_0810,C06,2,5,2026-02-15,100.0,,1,0,lot_plate_2,lc_01,demo,ok,demo,PdB,L3,Cs2CO3,DMF,60.0,2.0,1.0
exp_000271,demo_cn_coupling,sub_01,plate_2,cond_0812,E06,4,5,2026-02-15,100.0,,1,0,lot_plate_2,lc_01,demo,ok,demo,PdB,L3,Cs2CO3,DMF,60.0,12.0,1.0
exp_000272,demo_cn_coupling,sub_01,plate_2,cond_0827,D08,3,7,2026-02-15,100.0,,1,0,lot_plate_2,lc_01,demo,ok,demo,PdB,L3,Cs2CO3,MeCN,100.0,12.0,1.0
exp_000273,demo_cn_coupling,sub_01,plate_2,cond_0831,H08,7,7,2026-02-15,100.0,,1,0,lot_plate_2,lc_01,demo,ok,demo,PdB,L3,NaOtBu,Tol,80.0,2.0,1.0
exp_000274,demo_cn_coupling,sub_01,plate_2,cond_0841,B10,1,9,2026-02-15,100.0,,1,0,lot_plate_2,lc_01,demo,ok,demo,PdB,L3,NaOtBu,Diox,80.0,6.0,1.0
exp_000275,demo_cn_coupling,sub_01,plate_2,cond_0849,B11,1,10,2026-02-15,100.0,,1,0,lot_plate_2,lc_01,demo,ok,demo,PdB,L3,NaOtBu,DMF,80.0,2.0,1.0
exp_000276,demo_cn_coupling,sub_01,plate_2,cond_0850,C11,2,10,2026-02-15,100.0,,1,0,lot_plate_2,lc_01,demo,ok,demo,PdB,L3,NaOtBu,DMF,80.0,6.0,1.0
exp_000277,demo_cn_coupling,sub_01,plate_2,cond_0858,C12,2,11,2026-02-15,100.0,,1,0,lot_plate_2,lc_01,demo,ok,demo,PdB,L3,NaOtBu,MeCN,80.0,2.0,1.0
exp_000278,demo_cn_coupling,sub_01,plate_2,cond_0876,E02,4,1,2026-02-15,100.0,,1,0,lot_plate_2,lc_01,demo,ok,demo,PdB,L4,K2CO3,Diox,80.0,2.0,1.0
exp_000279,demo_cn_coupling,sub_01,plate_2,cond_0882,C03,2,2,2026-02-15,100.0,,1,0,lot_plate_2,lc_01,demo,ok,demo,PdB,L4,K2CO3,DMF,60.0,2.0,1.0
exp_000280,demo_cn_coupling,sub_01,plate_2,cond_0903,H05,7,4,2026-02-15,100.0,,1,0,lot_plate_2,lc_01,demo,ok,demo,PdB,L4,Cs2CO3,Tol,80.0,2.0,1.0
exp_000281,demo_cn_coupling,sub_01,plate_2,cond_0908,E06,4,5,2026-02-15,100.0,,1,0,lot_plate_2,lc_01,demo,ok,demo,PdB,L4,Cs2CO3,Tol,100.0,12.0,1.0
exp_000282,demo_cn_coupling,sub_01,plate_2,cond_0919,H07,7,6,2026-02-15,100.0,,1,0,lot_plate_2,lc_01,demo,ok,demo,PdB,L4,Cs2CO3,DMF,60.0,6.0,1.0
exp_000283,demo_cn_coupling,sub_01,plate_2,cond_0924,E08,4,7,2026-02-15,100.0,,1,0,lot_plate_2,lc_01,demo,ok,demo,PdB,L4,Cs2CO3,DMF,100.0,2.0,1.0
exp_000284,demo_cn_coupling,sub_01,plate_2,cond_0935,H09,7,8,2026-02-15,100.0,,1,0,lot_plate_2,lc_01,demo,ok,demo,PdB,L4,Cs2CO3,MeCN,100.0,12.0,1.0
exp_000285,demo_cn_coupling,sub_01,plate_2,cond_0941,F10,5,9,2026-02-15,100.0,,1,0,lot_plate_2,lc_01,demo,ok,demo,PdB,L4,NaOtBu,Tol,80.0,12.0,1.0
exp_000286,demo_cn_coupling,sub_01,plate_2,cond_0959,H12,7,11,2026-02-15,100.0,,1,0,lot_plate_2,lc_01,demo,ok,demo,PdB,L4,NaOtBu,DMF,80.0,12.0,1.0
exp_000287,demo_cn_coupling,sub_01,plate_2,cond_0972,E02,4,1,2026-02-15,100.0,,1,0,lot_plate_2,lc_01,demo,ok,demo,PdB,L5,K2CO3,Tol,60.0,2.0,1.0
exp_000288,demo_cn_coupling,sub_01,plate_2,cond_0990,G04,6,3,2026-02-15,100.0,,1,0,lot_plate_2,lc_01,demo,ok,demo,PdB,L5,K2CO3,DMF,60.0,2.0,1.0
exp_000289,demo_cn_coupling,sub_01,plate_2,cond_1003,D06,3,5,2026-02-15,100.0,,1,0,lot_plate_2,lc_01,demo,ok,demo,PdB,L5,K2CO3,MeCN,80.0,6.0,1.0
exp_000290,demo_cn_coupling,sub_01,plate_2,cond_1011,D07,3,6,2026-02-15,100.0,,1,0,lot_plate_2,lc_01,demo,ok,demo,PdB,L5,Cs2CO3,Tol,80.0,2.0,1.0
exp_000291,demo_cn_coupling,sub_01,plate_2,cond_1015,H07,7,6,2026-02-15,100.0,,1,0,lot_plate_2,lc_01,demo,ok,demo,PdB,L5,Cs2CO3,Tol,100.0,6.0,1.0
exp_000292,demo_cn_coupling,sub_01,plate_2,cond_1022,G08,6,7,2026-02-15,100.0,,1,0,lot_plate_2,lc_01,demo,ok,demo,PdB,L5,Cs2CO3,Diox,80.0,12.0,1.0
exp_000293,demo_cn_coupling,sub_01,plate_2,cond_1029,F09,5,8,2026-02-15,100.0,,1,0,lot_plate_2,lc_01,demo,ok,demo,PdB,L5,Cs2CO3,DMF,80.0,2.0,1.0
exp_000294,demo_cn_coupling,sub_01,plate_2,cond_1037,F10,5,9,2026-02-15,100.0,,1,0,lot_plate_2,lc_01,demo,ok,demo,PdB,L5,Cs2CO3,MeCN,60.0,12.0,1.0
exp_000295,demo_cn_coupling,sub_01,plate_2,cond_1046,G11,6,10,2026-02-15,100.0,,1,0,lot_plate_2,lc_01,demo,ok,demo,PdB,L5,NaOtBu,Tol,60.0,12.0,1.0
exp_000296,demo_cn_coupling,sub_01,plate_2,cond_1075,D03,3,2,2026-02-15,100.0,,1,0,lot_plate_2,lc_01,demo,ok,demo,PdB,L5,NaOtBu,MeCN,80.0,6.0,1.0
exp_000297,demo_cn_coupling,sub_01,plate_2,cond_1080,A04,0,3,2026-02-15,100.0,,1,1,lot_plate_2,lc_01,demo,ok,demo,PdC,L1,K2CO3,Tol,60.0,2.0,1.0
exp_000298,demo_cn_coupling,sub_01,plate_2,cond_1087,H04,7,3,2026-02-15,100.0,,1,0,lot_plate_2,lc_01,demo,ok,demo,PdC,L1,K2CO3,Tol,100.0,6.0,1.0
exp_000299,demo_cn_coupling,sub_01,plate_2,cond_1114,C08,2,7,2026-02-15,100.0,,1,0,lot_plate_2,lc_01,demo,ok,demo,PdC,L1,K2CO3,MeCN,100.0,6.0,1.0
exp_000300,demo_cn_coupling,sub_01,plate_2,cond_1117,F08,5,7,2026-02-15,100.0,,1,0,lot_plate_2,lc_01,demo,ok,demo,PdC,L1,Cs2CO3,Tol,60.0,6.0,1.0
exp_000301,demo_cn_coupling,sub_01,plate_2,cond_1119,H08,7,7,2026-02-15,100.0,,1,0,lot_plate_2,lc_01,demo,ok,demo,PdC,L1,Cs2CO3,Tol,80.0,2.0,1.0
exp_000302,demo_cn_coupling,sub_01,plate_2,cond_1123,D09,3,8,2026-02-15,100.0,,1,0,lot_plate_2,lc_01,demo,ok,demo,PdC,L1,Cs2CO3,Tol,100.0,6.0,1.0
exp_000303,demo_cn_coupling,sub_01,plate_2,cond_1134,G10,6,9,2026-02-15,100.0,,1,0,lot_plate_2,lc_01,demo,ok,demo,PdC,L1,Cs2CO3,DMF,60.0,2.0,1.0
exp_000304,demo_cn_coupling,sub_01,plate_2,cond_1145,B12,1,11,2026-02-15,100.0,,1,0,lot_plate_2,lc_01,demo,ok,demo,PdC,L1,Cs2CO3,MeCN,60.0,12.0,1.0
exp_000305,demo_cn_coupling,sub_01,plate_2,cond_1164,E02,4,1,2026-02-15,100.0,,1,0,lot_plate_2,lc_01,demo,ok,demo,PdC,L1,NaOtBu,Diox,80.0,2.0,1.0
exp_000306,demo_cn_coupling,sub_01,plate_2,cond_1177,B04,1,3,2026-02-15,100.0,,1,0,lot_plate_2,lc_01,demo,ok,demo,PdC,L1,NaOtBu,DMF,100.0,6.0,1.0
exp_000307,demo_cn_coupling,sub_01,plate_2,cond_1189,F05,5,4,2026-02-15,100.0,,1,0,lot_plate_2,lc_01,demo,ok,demo,PdC,L2,K2CO3,Tol,60.0,6.0,1.0
exp_000308,demo_cn_coupling,sub_01,plate_2,cond_1197,F06,5,5,2026-02-15,100.0,,1,0,lot_plate_2,lc_01,demo,ok,demo,PdC,L2,K2CO3,Diox,60.0,2.0,1.0
exp_000309,demo_cn_coupling,sub_01,plate_2,cond_1228,E10,4,9,2026-02-15,100.0,,1,0,lot_plate_2,lc_01,demo,ok,demo,PdC,L2,Cs2CO3,Tol,80.0,6.0,1.0
exp_000310,demo_cn_coupling,sub_01,plate_2,cond_1232,A11,0,10,2026-02-15,100.0,,1,0,lot_plate_2,lc_01,demo,ok,demo,PdC,L2,Cs2CO3,Tol,100.0,12.0,1.0
exp_000311,demo_cn_coupling,sub_01,plate_2,cond_1257,B02,1,1,2026-02-15,100.0,,1,0,lot_plate_2,lc_01,demo,ok,demo,PdC,L2,Cs2CO3,MeCN,100.0,2.0,1.0
exp_000312,demo_cn_coupling,sub_01,plate_2,cond_1279,H04,7,3,2026-02-15,100.0,,1,0,lot_plate_2,lc_01,demo,ok,demo,PdC,L2,NaOtBu,DMF,60.0,6.0,1.0
exp_000313,demo_cn_coupling,sub_01,plate_2,cond_1301,F07,5,6,2026-02-15,100.0,,1,0,lot_plate_2,lc_01,demo,ok,demo,PdC,L3,K2CO3,Tol,80.0,12.0,1.0
exp_000314,demo_cn_coupling,sub_01,plate_2,cond_1302,G07,6,6,2026-02-15,100.0,,1,0,lot_plate_2,lc_01,demo,ok,demo,PdC,L3,K2CO3,Tol,100.0,2.0,1.0
exp_000315,demo_cn_coupling,sub_01,plate_2,cond_1347,D01,3,0,2026-02-15,100.0,,1,0,lot_plate_2,lc_01,demo,ok,demo,PdC,L3,Cs2CO3,Diox,100.0,2.0,1.0
exp_000316,demo_cn_coupling,sub_01,plate_2,cond_1350,G01,6,0,2026-02-15,100.0,,1,0,lot_plate_2,lc_01,demo,ok,demo,PdC,L3,Cs2CO3,DMF,60.0,2.0,1.0
exp_000317,demo_cn_coupling,sub_01,plate_2,cond_1352,A02,0,1,2026-02-15,100.0,,1,0,lot_plate_2,lc_01,demo,ok,demo,PdC,L3,Cs2CO3,DMF,60.0,12.0,1.0
exp_000318,demo_cn_coupling,sub_01,plate_2,cond_1355,D02,3,1,2026-02-15,100.0,,1,0,lot_plate_2,lc_01,demo,ok,demo,PdC,L3,Cs2CO3,DMF,80.0,12.0,1.0
exp_000319,demo_cn_coupling,sub_01,plate_2,cond_1365,F03,5,2,2026-02-15,100.0,,1,0,lot_plate_2,lc_01,demo,ok,demo,PdC,L3,Cs2CO3,MeCN,100.0,2.0,1.0
exp_000320,demo_cn_coupling,sub_01,plate_2,cond_1376,A05,0,4,2026-02-15,100.0,,1,0,lot_plate_2,lc_01,demo,ok,demo,PdC,L3,NaOtBu,Tol,100.0,12.0,1.0
exp_000321,demo_cn_coupling,sub_01,plate_2,cond_1380,E05,4,4,2026-02-15,100.0,,1,0,lot_plate_2,lc_01,demo,ok,demo,PdC,L3,NaOtBu,Diox,80.0,2.0,1.0
exp_000322,demo_cn_coupling,sub_01,plate_2,cond_1384,A06,0,5,2026-02-15,100.0,,1,0,lot_plate_2,lc_01,demo,ok,demo,PdC,L3,NaOtBu,Diox,100.0,6.0,1.0
exp_000323,demo_cn_coupling,sub_01,plate_2,cond_1417,B10,1,9,2026-02-15,100.0,,1,0,lot_plate_2,lc_01,demo,ok,demo,PdC,L4,K2CO3,Diox,80.0,6.0,1.0
exp_000324,demo_cn_coupling,sub_01,plate_2,cond_1421,F10,5,9,2026-02-15,100.0,,1,0,lot_plate_2,lc_01,demo,ok,demo,PdC,L4,K2CO3,Diox,100.0,12.0,1.0
exp_000325,demo_cn_coupling,sub_01,plate_2,cond_1429,F11,5,10,2026-02-15,100.0,,1,0,lot_plate_2,lc_01,demo,ok,demo,PdC,L4,K2CO3,DMF,100.0,6.0,1.0
exp_000326,demo_cn_coupling,sub_01,plate_2,cond_1442,C01,2,0,2026-02-15,100.0,,1,0,lot_plate_2,lc_01,demo,ok,demo,PdC,L4,Cs2CO3,Tol,60.0,12.0,1.0
exp_000327,demo_cn_coupling,sub_01,plate_2,cond_1447,H01,7,0,2026-02-15,100.0,,1,0,lot_plate_2,lc_01,demo,ok,demo,PdC,L4,Cs2CO3,Tol,100.0,6.0,1.0
exp_000328,demo_cn_coupling,sub_01,plate_2,cond_1487,H06,7,5,2026-02-15,100.0,,1,0,lot_plate_2,lc_01,demo,ok,demo,PdC,L4,NaOtBu,Diox,60.0,12.0,1.0
exp_000329,demo_cn_coupling,sub_01,plate_2,cond_1489,B07,1,6,2026-02-15,100.0,,1,0,lot_plate_2,lc_01,demo,ok,demo,PdC,L4,NaOtBu,Diox,80.0,6.0,1.0
exp_000330,demo_cn_coupling,sub_01,plate_2,cond_1516,E10,4,9,2026-02-15,100.0,,1,0,lot_plate_2,lc_01,demo,ok,demo,PdC,L5,K2CO3,Tol,80.0,6.0,1.0
exp_000331,demo_cn_coupling,sub_01,plate_2,cond_1525,F11,5,10,2026-02-15,100.0,,1,0,lot_plate_2,lc_01,demo,ok,demo,PdC,L5,K2CO3,Diox,80.0,6.0,1.0
exp_000332,demo_cn_coupling,sub_01,plate_2,cond_1527,H11,7,10,2026-02-15,100.0,,1,0,lot_plate_2,lc_01,demo,ok,demo,PdC,L5,K2CO3,Diox,100.0,2.0,1.0
exp_000333,demo_cn_coupling,sub_01,plate_2,cond_1539,D01,3,0,2026-02-15,100.0,,1,0,lot_plate_2,lc_01,demo,ok,demo,PdC,L5,K2CO3,MeCN,60.0,2.0,1.0
exp_000334,demo_cn_coupling,sub_01,plate_2,cond_1546,C02,2,1,2026-02-15,100.0,,1,0,lot_plate_2,lc_01,demo,ok,demo,PdC,L5,K2CO3,MeCN,100.0,6.0,1.0
exp_000335,demo_cn_coupling,sub_01,plate_2,cond_1585,B07,1,6,2026-02-15,100.0,,1,0,lot_plate_2,lc_01,demo,ok,demo,PdC,L5,NaOtBu,Tol,60.0,6.0,1.0
exp_000336,demo_cn_coupling,sub_01,plate_2,cond_1593,B08,1,7,2026-02-15,100.0,,1,0,lot_plate_2,lc_01,demo,ok,demo,PdC,L5,NaOtBu,Diox,60.0,2.0,1.0
exp_000337,demo_cn_coupling,sub_01,plate_2,cond_1600,A09,0,8,2026-02-15,100.0,,1,0,lot_plate_2,lc_01,demo,ok,demo,PdC,L5,NaOtBu,Diox,100.0,6.0,1.0
exp_000338,demo_cn_coupling,sub_01,plate_2,cond_1607,H09,7,8,2026-02-15,100.0,,1,0,lot_plate_2,lc_01,demo,ok,demo,PdC,L5,NaOtBu,DMF,80.0,12.0,1.0
exp_000339,demo_cn_coupling,sub_01,plate_2,cond_1611,D10,3,9,2026-02-15,100.0,,1,0,lot_plate_2,lc_01,demo,ok,demo,PdC,L5,NaOtBu,MeCN,60.0,2.0,1.0
exp_000340,demo_cn_coupling,sub_01,plate_2,cond_1620,E11,4,10,2026-02-15,100.0,,1,1,lot_plate_2,lc_01,demo,ok,demo,NiA,L1,K2CO3,Tol,60.0,2.0,1.0
exp_000341,demo_cn_coupling,sub_01,plate_2,cond_1623,H11,7,10,2026-02-15,100.0,,1,0,lot_plate_2,lc_01,demo,ok,demo,NiA,L1,K2CO3,Tol,80.0,2.0,1.0
exp_000342,demo_cn_coupling,sub_01,plate_2,cond_1628,E12,4,11,2026-02-15,100.0,,1,0,lot_plate_2,lc_01,demo,ok,demo,NiA,L1,K2CO3,Tol,100.0,12.0,1.0
exp_000343,demo_cn_coupling,sub_01,plate_2,cond_1639,H01,7,0,2026-02-15,100.0,,1,0,lot_plate_2,lc_01,demo,ok,demo,NiA,L1,K2CO3,DMF,60.0,6.0,1.0
exp_000344,demo_cn_coupling,sub_01,plate_2,cond_1660,E04,4,3,2026-02-15,100.0,,1,0,lot_plate_2,lc_01,demo,ok,demo,NiA,L1,Cs2CO3,Tol,80.0,6.0,1.0
exp_000345,demo_cn_coupling,sub_01,plate_2,cond_1664,A05,0,4,2026-02-15,100.0,,1,0,lot_plate_2,lc_01,demo,ok,demo,NiA,L1,Cs2CO3,Tol,100.0,12.0,1.0
exp_000346,demo_cn_coupling,sub_01,plate_2,cond_1689,B08,1,7,2026-02-15,100.0,,1,0,lot_plate_2,lc_01,demo,ok,demo,NiA,L1,Cs2CO3,MeCN,100.0,2.0,1.0
exp_000347,demo_cn_coupling,sub_01,plate_2,cond_1692,E08,4,7,2026-02-15,100.0,,1,0,lot_plate_2,lc_01,demo,ok,demo,NiA,L1,NaOtBu,Tol,60.0,2.0,1.0
exp_000348,demo_cn_coupling,sub_01,plate_2,cond_1694,G08,6,7,2026-02-15,100.0,,1,0,lot_plate_2,lc_01,demo,ok,demo,NiA,L1,NaOtBu,Tol,60.0,12.0,1.0
exp_000349,demo_cn_coupling,sub_01,plate_2,cond_1703,H09,7,8,2026-02-15,100.0,,1,0,lot_plate_2,lc_01,demo,ok,demo,NiA,L1,NaOtBu,Diox,60.0,12.0,1.0
exp_000350,demo_cn_coupling,sub_01,plate_2,cond_1714,C11,2,10,2026-02-15,100.0,,1,0,lot_plate_2,lc_01,demo,ok,demo,NiA,L1,NaOtBu,DMF,80.0,6.0,1.0
exp_000351,demo_cn_coupling,sub_01,plate_2,cond_1727,H12,7,11,2026-02-15,100.0,,1,0,lot_plate_2,lc_01,demo,ok,demo,NiA,L1,NaOtBu,MeCN,100.0,12.0,1.0
exp_000352,demo_cn_coupling,sub_01,plate_2,cond_1728,A01,0,0,2026-02-15,100.0,,1,0,lot_plate_2,lc_01,demo,ok,demo,NiA,L2,K2CO3,Tol,60.0,2.0,1.0
exp_000353,demo_cn_coupling,sub_01,plate_2,cond_1737,B02,1,1,2026-02-15,100.0,,1,0,lot_plate_2,lc_01,demo,ok,demo,NiA,L2,K2CO3,Diox,60.0,2.0,1.0
exp_000354,demo_cn_coupling,sub_01,plate_2,cond_1742,G02,6,1,2026-02-15,100.0,,1,0,lot_plate_2,lc_01,demo,ok,demo,NiA,L2,K2CO3,Diox,80.0,12.0,1.0
exp_000355,demo_cn_coupling,sub_01,plate_2,cond_1745,B03,1,2,2026-02-15,100.0,,1,0,lot_plate_2,lc_01,demo,ok,demo,NiA,L2,K2CO3,Diox,100.0,12.0,1.0
exp_000356,demo_cn_coupling,sub_01,plate_2,cond_1765,F05,5,4,2026-02-15,100.0,,1,0,lot_plate_2,lc_01,demo,ok,demo,NiA,L2,Cs2CO3,Tol,60.0,6.0,1.0
exp_000357,demo_cn_coupling,sub_01,plate_2,cond_1768,A06,0,5,2026-02-15,100.0,,1,0,lot_plate_2,lc_01,demo,ok,demo,NiA,L2,Cs2CO3,Tol,80.0,6.0,1.0
exp_000358,demo_cn_coupling,sub_01,plate_2,cond_1799,H09,7,8,2026-02-15,100.0,,1,0,lot_plate_2,lc_01,demo,ok,demo,NiA,L2,Cs2CO3,MeCN,100.0,12.0,1.0
exp_000359,demo_cn_coupling,sub_01,plate_2,cond_1814,G11,6,10,2026-02-15,100.0,,1,0,lot_plate_2,lc_01,demo,ok,demo,NiA,L2,NaOtBu,Diox,80.0,12.0,1.0
exp_000360,demo_cn_coupling,sub_01,plate_2,cond_1829,F01,5,0,2026-02-15,100.0,,1,0,lot_plate_2,lc_01,demo,ok,demo,NiA,L2,NaOtBu,MeCN,60.0,12.0,1.0
exp_000361,demo_cn_coupling,sub_01,plate_2,cond_1834,C02,2,1,2026-02-15,100.0,,1,0,lot_plate_2,lc_01,demo,ok,demo,NiA,L2,NaOtBu,MeCN,100.0,6.0,1.0
exp_000362,demo_cn_coupling,sub_01,plate_2,cond_1839,H02,7,1,2026-02-15,100.0,,1,0,lot_plate_2,lc_01,demo,ok,demo,NiA,L3,K2CO3,Tol,80.0,2.0,1.0
exp_000363,demo_cn_coupling,sub_01,plate_2,cond_1847,H03,7,2,2026-02-15,100.0,,1,0,lot_plate_2,lc_01,demo,ok,demo,NiA,L3,K2CO3,Diox,60.0,12.0,1.0
exp_000364,demo_cn_coupling,sub_01,plate_2,cond_1888,A09,0,8,2026-02-15,100.0,,1,0,lot_plate_2,lc_01,demo,ok,demo,NiA,L3,Cs2CO3,Diox,100.0,6.0,1.0
exp_000365,demo_cn_coupling,sub_01,plate_2,cond_1894,G09,6,8,2026-02-15,100.0,,1,0,lot_plate_2,lc_01,demo,ok,demo,NiA,L3,Cs2CO3,DMF,80.0,6.0,1.0
exp_000366,demo_cn_coupling,sub_01,plate_2,cond_1905,B11,1,10,2026-02-15,100.0,,1,0,lot_plate_2,lc_01,demo,ok,demo,NiA,L3,Cs2CO3,MeCN,100.0,2.0,1.0
exp_000367,demo_cn_coupling,sub_01,plate_2,cond_1936,A03,0,2,2026-02-15,100.0,,1,0,lot_plate_2,lc_01,demo,ok,demo,NiA,L3,NaOtBu,MeCN,60.0,6.0,1.0
exp_000368,demo_cn_coupling,sub_01,plate_2,cond_1944,A04,0,3,2026-02-15,100.0,,1,0,lot_plate_2,lc_01,demo,ok,demo,NiA,L4,K2CO3,Tol,60.0,2.0,1.0
exp_000369,demo_cn_coupling,sub_01,plate_2,cond_1953,B05,1,4,2026-02-15,100.0,,1,0,lot_plate_2,lc_01,demo,ok,demo,NiA,L4,K2CO3,Diox,60.0,2.0,1.0
exp_000370,demo_cn_coupling,sub_01,plate_2,cond_2049,B05,1,4,2026-02-15,100.0,,1,0,lot_plate_2,lc_01,demo,ok,demo,NiA,L4,NaOtBu,MeCN,100.0,2.0,1.0
exp_000371,demo_cn_coupling,sub_01,plate_2,cond_2057,B06,1,5,2026-02-15,100.0,,1,0,lot_plate_2,lc_01,demo,ok,demo,NiA,L5,K2CO3,Tol,80.0,12.0,1.0
exp_000372,demo_cn_coupling,sub_01,plate_2,cond_2072,A08,0,7,2026-02-15,100.0,,1,0,lot_plate_2,lc_01,demo,ok,demo,NiA,L5,K2CO3,DMF,60.0,12.0,1.0
exp_000373,demo_cn_coupling,sub_01,plate_2,cond_2085,F09,5,8,2026-02-15,100.0,,1,0,lot_plate_2,lc_01,demo,ok,demo,NiA,L5,K2CO3,MeCN,100.0,2.0,1.0
exp_000374,demo_cn_coupling,sub_01,plate_2,cond_2086,G09,6,8,2026-02-15,100.0,,1,0,lot_plate_2,lc_01,demo,ok,demo,NiA,L5,K2CO3,MeCN,100.0,6.0,1.0
exp_000375,demo_cn_coupling,sub_01,plate_2,cond_2088,A10,0,9,2026-02-15,100.0,,1,0,lot_plate_2,lc_01,demo,ok,demo,NiA,L5,Cs2CO3,Tol,60.0,2.0,1.0
exp_000376,demo_cn_coupling,sub_01,plate_2,cond_2112,A01,0,0,2026-02-15,100.0,,1,0,lot_plate_2,lc_01,demo,ok,demo,NiA,L5,Cs2CO3,DMF,100.0,2.0,1.0
exp_000377,demo_cn_coupling,sub_01,plate_2,cond_2138,C04,2,3,2026-02-15,100.0,,1,0,lot_plate_2,lc_01,demo,ok,demo,NiA,L5,NaOtBu,Diox,80.0,12.0,1.0
exp_000378,demo_cn_coupling,sub_01,plate_2,cond_2144,A05,0,4,2026-02-15,100.0,,1,0,lot_plate_2,lc_01,demo,ok,demo,NiA,L5,NaOtBu,DMF,60.0,12.0,1.0
exp_000379,demo_cn_coupling,sub_01,plate_2,cond_2146,C05,2,4,2026-02-15,100.0,,1,0,lot_plate_2,lc_01,demo,ok,demo,NiA,L5,NaOtBu,DMF,80.0,6.0,1.0
exp_000380,demo_cn_coupling,sub_01,plate_3,cond_0000,A01,0,0,2026-03-15,69.71110481303569,,1,1,lot_plate_3,lc_01,demo,ok,demo,PdA,L1,K2CO3,Tol,60.0,2.0,1.0
exp_000381,demo_cn_coupling,sub_01,plate_3,cond_0540,E08,4,7,2026-03-15,92.07097476677589,,1,1,lot_plate_3,lc_01,demo,ok,demo,PdB,L1,K2CO3,Tol,60.0,2.0,1.0
exp_000382,demo_cn_coupling,sub_01,plate_3,cond_1080,A04,0,3,2026-03-15,100.0,,1,1,lot_plate_3,lc_01,demo,ok,demo,PdC,L1,K2CO3,Tol,60.0,2.0,1.0
exp_000383,demo_cn_coupling,sub_01,plate_3,cond_1620,E11,4,10,2026-03-15,100.0,,1,1,lot_plate_3,lc_01,demo,ok,demo,NiA,L1,K2CO3,Tol,60.0,2.0,1.0
exp_000384,demo_cn_coupling,sub_02,plate_1,cond_0000,A01,0,0,2026-01-15,57.05019943657748,,1,1,lot_plate_1,lc_01,demo,ok,demo,PdA,L1,K2CO3,Tol,60.0,2.0,1.0
exp_000385,demo_cn_coupling,sub_02,plate_1,cond_0540,E08,4,7,2026-01-15,76.36041372709855,,1,1,lot_plate_1,lc_01,demo,ok,demo,PdB,L1,K2CO3,Tol,60.0,2.0,1.0
exp_000386,demo_cn_coupling,sub_02,plate_1,cond_1080,A04,0,3,2026-01-15,82.36762069632564,,1,1,lot_plate_1,lc_01,demo,ok,demo,PdC,L1,K2CO3,Tol,60.0,2.0,1.0
exp_000387,demo_cn_coupling,sub_02,plate_1,cond_1620,E11,4,10,2026-01-15,78.51723679974316,,1,1,lot_plate_1,lc_01,demo,ok,demo,NiA,L1,K2CO3,Tol,60.0,2.0,1.0
exp_000388,demo_cn_coupling,sub_02,plate_2,cond_0000,A01,0,0,2026-02-15,78.82250391177283,,1,1,lot_plate_2,lc_01,demo,ok,demo,PdA,L1,K2CO3,Tol,60.0,2.0,1.0
exp_000389,demo_cn_coupling,sub_02,plate_2,cond_0540,E08,4,7,2026-02-15,97.87495181709895,,1,1,lot_plate_2,lc_01,demo,ok,demo,PdB,L1,K2CO3,Tol,60.0,2.0,1.0
exp_000390,demo_cn_coupling,sub_02,plate_2,cond_1080,A04,0,3,2026-02-15,100.0,,1,1,lot_plate_2,lc_01,demo,ok,demo,PdC,L1,K2CO3,Tol,60.0,2.0,1.0
exp_000391,demo_cn_coupling,sub_02,plate_2,cond_1620,E11,4,10,2026-02-15,100.0,,1,1,lot_plate_2,lc_01,demo,ok,demo,NiA,L1,K2CO3,Tol,60.0,2.0,1.0
exp_000392,demo_cn_coupling,sub_02,plate_3,cond_0000,A01,0,0,2026-03-15,71.17617080467058,,1,1,lot_plate_3,lc_01,demo,ok,demo,PdA,L1,K2CO3,Tol,60.0,2.0,1.0
exp_000393,demo_cn_coupling,sub_02,plate_3,cond_0008,A02,0,1,2026-03-15,64.49912217805246,,1,0,lot_plate_3,lc_01,demo,ok,demo,PdA,L1,K2CO3,Tol,100.0,12.0,1.0
exp_000394,demo_cn_coupling,sub_02,plate_3,cond_0019,D03,3,2,2026-03-15,68.438652368624,,1,0,lot_plate_3,lc_01,demo,ok,demo,PdA,L1,K2CO3,DMF,60.0,6.0,1.0
exp_000395,demo_cn_coupling,sub_02,plate_3,cond_0032,A05,0,4,2026-03-15,67.34576233308712,,1,0,lot_plate_3,lc_01,demo,ok,demo,PdA,L1,K2CO3,MeCN,80.0,12.0,1.0
exp_000396,demo_cn_coupling,sub_02,plate_3,cond_0052,E07,4,6,2026-03-15,65.66601738527078,,1,0,lot_plate_3,lc_01,demo,ok,demo,PdA,L1,Cs2CO3,Diox,100.0,6.0,1.0
exp_000397,demo_cn_coupling,sub_02,plate_3,cond_0053,F07,5,6,2026-03-15,66.09217209945523,,1,0,lot_plate_3,lc_01,demo,ok,demo,PdA,L1,Cs2CO3,Diox,100.0,12.0,1.0
exp_000398,demo_cn_coupling,sub_02,plate_3,cond_0058,C08,2,7,2026-03-15,64.62793942187437,,1,0,lot_plate_3,lc_01,demo,ok,demo,PdA,L1,Cs2CO3,DMF,80.0,6.0,1.0
exp_000399,demo_cn_coupling,sub_02,plate_3,cond_0064,A09,0,8,2026-03-15,72.29394940991186,,1,0,lot_plate_3,lc_01,demo,ok,demo,PdA,L1,Cs2CO3,MeCN,60.0,6.0,1.0
exp_000400,demo_cn_coupling,sub_02,plate_3,cond_0068,E09,4,8,2026-03-15,66.14525358029927,,1,0,lot_plate_3,lc_01,demo,ok,demo,PdA,L1,Cs2CO3,MeCN,80.0,12.0,1.0
exp_000401,demo_cn_coupling,sub_02,plate_3,cond_0072,A10,0,9,2026-03-15,61.09227031829718,,1,0,lot_plate_3,lc_01,demo,ok,demo,PdA,L1,NaOtBu,Tol,60.0,2.0,1.0
exp_000402,demo_cn_coupling,sub_02,plate_3,cond_0086,G11,6,10,2026-03-15,60.123811343660954,,1,0,lot_plate_3,lc_01,demo,ok,demo,PdA,L1,NaOtBu,Diox,80.0,12.0,1.0
exp_000403,demo_cn_coupling,sub_02,plate_3,cond_0094,G12,6,11,2026-03-15,57.85352845774954,,1,0,lot_plate_3,lc_01,demo,ok,demo,PdA,L1,NaOtBu,DMF,80.0,6.0,1.0
exp_000404,demo_cn_coupling,sub_02,plate_3,cond_0143,H06,7,5,2026-03-15,81.63679364089191,,1,0,lot_plate_3,lc_01,demo,ok,demo,PdA,L2,K2CO3,MeCN,100.0,12.0,1.0
exp_000405,demo_cn_coupling,sub_02,plate_3,cond_0146,C07,2,6,2026-03-15,83.74446515183719,,1,0,lot_plate_3,lc_01,demo,ok,demo,PdA,L2,Cs2CO3,Tol,60.0,12.0,1.0
exp_000406,demo_cn_coupling,sub_02,plate_3,cond_0156,E08,4,7,2026-03-15,78.30291899278234,,1,0,lot_plate_3,lc_01,demo,ok,demo,PdA,L2,Cs2CO3,Diox,80.0,2.0,1.0
exp_000407,demo_cn_coupling,sub_02,plate_3,cond_0162,C09,2,8,2026-03-15,83.64327813310558,,1,0,lot_plate_3,lc_01,demo,ok,demo,PdA,L2,Cs2CO3,DMF,60.0,2.0,1.0
exp_000408,demo_cn_coupling,sub_02,plate_3,cond_0183,H11,7,10,2026-03-15,71.09600029113814,,1,0,lot_plate_3,lc_01,demo,ok,demo,PdA,L2,NaOtBu,Tol,80.0,2.0,1.0
exp_000409,demo_cn_coupling,sub_02,plate_3,cond_0195,D01,3,0,2026-03-15,70.43661737532204,,1,0,lot_plate_3,lc_01,demo,ok,demo,PdA,L2,NaOtBu,Diox,100.0,2.0,1.0
exp_000410,demo_cn_coupling,sub_02,plate_3,cond_0211,D03,3,2,2026-03-15,69.44635772236435,,1,0,lot_plate_3,lc_01,demo,ok,demo,PdA,L2,NaOtBu,MeCN,80.0,6.0,1.0
exp_000411,demo_cn_coupling,sub_02,plate_3,cond_0213,F03,5,2,2026-03-15,69.90332126423671,,1,0,lot_plate_3,lc_01,demo,ok,demo,PdA,L2,NaOtBu,MeCN,100.0,2.0,1.0
exp_000412,demo_cn_coupling,sub_02,plate_3,cond_0230,G05,6,4,2026-03-15,83.64474652375378,,1,0,lot_plate_3,lc_01,demo,ok,demo,PdA,L3,K2CO3,Diox,80.0,12.0,1.0
exp_000413,demo_cn_coupling,sub_02,plate_3,cond_0246,G07,6,6,2026-03-15,91.06528980992552,,1,0,lot_plate_3,lc_01,demo,ok,demo,PdA,L3,K2CO3,MeCN,80.0,2.0,1.0
exp_000414,demo_cn_coupling,sub_02,plate_3,cond_0263,H09,7,8,2026-03-15,87.46735876972747,,1,0,lot_plate_3,lc_01,demo,ok,demo,PdA,L3,Cs2CO3,Diox,60.0,12.0,1.0
exp_000415,demo_cn_coupling,sub_02,plate_3,cond_0265,B10,1,9,2026-03-15,91.48223383914782,,1,0,lot_plate_3,lc_01,demo,ok,demo,PdA,L3,Cs2CO3,Diox,80.0,6.0,1.0
exp_000416,demo_cn_coupling,sub_02,plate_3,cond_0277,F11,5,10,2026-03-15,88.96336681187991,,1,0,lot_plate_3,lc_01,demo,ok,demo,PdA,L3,Cs2CO3,DMF,100.0,6.0,1.0
exp_000417,demo_cn_coupling,sub_02,plate_3,cond_0300,E02,4,1,2026-03-15,80.02927590433661,,1,0,lot_plate_3,lc_01,demo,ok,demo,PdA,L3,NaOtBu,Diox,80.0,2.0,1.0
exp_000418,demo_cn_coupling,sub_02,plate_3,cond_0307,D03,3,2,2026-03-15,84.7298179385423,,1,0,lot_plate_3,lc_01,demo,ok,demo,PdA,L3,NaOtBu,DMF,60.0,6.0,1.0
exp_000419,demo_cn_coupling,sub_02,plate_3,cond_0312,A04,0,3,2026-03-15,82.87569433768354,,1,0,lot_plate_3,lc_01,demo,ok,demo,PdA,L3,NaOtBu,DMF,100.0,2.0,1.0
exp_000420,demo_cn_coupling,sub_02,plate_3,cond_0317,F04,5,3,2026-03-15,79.99755943688152,,1,0,lot_plate_3,lc_01,demo,ok,demo,PdA,L3,NaOtBu,MeCN,60.0,12.0,1.0
exp_000421,demo_cn_coupling,sub_02,plate_3,cond_0328,A06,0,5,2026-03-15,96.11651216346955,,1,0,lot_plate_3,lc_01,demo,ok,demo,PdA,L4,K2CO3,Tol,80.0,6.0,1.0
exp_000422,demo_cn_coupling,sub_02,plate_3,cond_0373,F11,5,10,2026-03-15,98.48854665269549,,1,0,lot_plate_3,lc_01,demo,ok,demo,PdA,L4,Cs2CO3,Diox,80.0,6.0,1.0
exp_000423,demo_cn_coupling,sub_02,plate_3,cond_0382,G12,6,11,2026-03-15,96.15915514525375,,1,0,lot_plate_3,lc_01,demo,ok,demo,PdA,L4,Cs2CO3,DMF,80.0,6.0,1.0
exp_000424,demo_cn_coupling,sub_02,plate_3,cond_0384,A01,0,0,2026-03-15,100.0,,1,0,lot_plate_3,lc_01,demo,ok,demo,PdA,L4,Cs2CO3,DMF,100.0,2.0,1.0
exp_000425,demo_cn_coupling,sub_02,plate_3,cond_0385,B01,1,0,2026-03-15,100.0,,1,0,lot_plate_3,lc_01,demo,ok,demo,PdA,L4,Cs2CO3,DMF,100.0,6.0,1.0
exp_000426,demo_cn_coupling,sub_02,plate_3,cond_0398,G02,6,1,2026-03-15,91.12756772796982,,1,0,lot_plate_3,lc_01,demo,ok,demo,PdA,L4,NaOtBu,Tol,60.0,12.0,1.0
exp_000427,demo_cn_coupling,sub_02,plate_3,cond_0408,A04,0,3,2026-03-15,94.24953775990247,,1,0,lot_plate_3,lc_01,demo,ok,demo,PdA,L4,NaOtBu,Diox,80.0,2.0,1.0
exp_000428,demo_cn_coupling,sub_02,plate_3,cond_0411,D04,3,3,2026-03-15,89.1709783456395,,1,0,lot_plate_3,lc_01,demo,ok,demo,PdA,L4,NaOtBu,Diox,100.0,2.0,1.0
exp_000429,demo_cn_coupling,sub_02,plate_3,cond_0419,D05,3,4,2026-03-15,90.53489500330683,,1,0,lot_plate_3,lc_01,demo,ok,demo,PdA,L4,NaOtBu,DMF,80.0,12.0,1.0
exp_000430,demo_cn_coupling,sub_02,plate_3,cond_0426,C06,2,5,2026-03-15,92.11187330153531,,1,0,lot_plate_3,lc_01,demo,ok,demo,PdA,L4,NaOtBu,MeCN,80.0,2.0,1.0
exp_000431,demo_cn_coupling,sub_02,plate_3,cond_0432,A07,0,6,2026-03-15,100.0,,1,0,lot_plate_3,lc_01,demo,ok,demo,PdA,L5,K2CO3,Tol,60.0,2.0,1.0
exp_000432,demo_cn_coupling,sub_02,plate_3,cond_0440,A08,0,7,2026-03-15,100.0,,1,0,lot_plate_3,lc_01,demo,ok,demo,PdA,L5,K2CO3,Tol,100.0,12.0,1.0
exp_000433,demo_cn_coupling,sub_02,plate_3,cond_0456,A10,0,9,2026-03-15,100.0,,1,0,lot_plate_3,lc_01,demo,ok,demo,PdA,L5,K2CO3,DMF,100.0,2.0,1.0
exp_000434,demo_cn_coupling,sub_02,plate_3,cond_0460,E10,4,9,2026-03-15,100.0,,1,0,lot_plate_3,lc_01,demo,ok,demo,PdA,L5,K2CO3,MeCN,60.0,6.0,1.0
exp_000435,demo_cn_coupling,sub_02,plate_3,cond_0462,G10,6,9,2026-03-15,100.0,,1,0,lot_plate_3,lc_01,demo,ok,demo,PdA,L5,K2CO3,MeCN,80.0,2.0,1.0
exp_000436,demo_cn_coupling,sub_02,plate_3,cond_0463,H10,7,9,2026-03-15,100.0,,1,0,lot_plate_3,lc_01,demo,ok,demo,PdA,L5,K2CO3,MeCN,80.0,6.0,1.0
exp_000437,demo_cn_coupling,sub_02,plate_3,cond_0464,A11,0,10,2026-03-15,100.0,,1,0,lot_plate_3,lc_01,demo,ok,demo,PdA,L5,K2CO3,MeCN,80.0,12.0,1.0
exp_000438,demo_cn_coupling,sub_02,plate_3,cond_0493,F02,5,1,2026-03-15,100.0,,1,0,lot_plate_3,lc_01,demo,ok,demo,PdA,L5,Cs2CO3,DMF,100.0,6.0,1.0
exp_000439,demo_cn_coupling,sub_02,plate_3,cond_0511,H04,7,3,2026-03-15,100.0,,1,0,lot_plate_3,lc_01,demo,ok,demo,PdA,L5,NaOtBu,Tol,100.0,6.0,1.0
exp_000440,demo_cn_coupling,sub_02,plate_3,cond_0516,E05,4,4,2026-03-15,100.0,,1,0,lot_plate_3,lc_01,demo,ok,demo,PdA,L5,NaOtBu,Diox,80.0,2.0,1.0
exp_000441,demo_cn_coupling,sub_02,plate_3,cond_0540,E08,4,7,2026-03-15,94.69477543314594,,1,1,lot_plate_3,lc_01,demo,ok,demo,PdB,L1,K2CO3,Tol,60.0,2.0,1.0
exp_000442,demo_cn_coupling,sub_02,plate_3,cond_0552,A10,0,9,2026-03-15,80.85715237856579,,1,0,lot_plate_3,lc_01,demo,ok,demo,PdB,L1,K2CO3,Diox,80.0,2.0,1.0
exp_000443,demo_cn_coupling,sub_02,plate_3,cond_0553,B10,1,9,2026-03-15,83.99905355690737,,1,0,lot_plate_3,lc_01,demo,ok,demo,PdB,L1,K2CO3,Diox,80.0,6.0,1.0
exp_000444,demo_cn_coupling,sub_02,plate_3,cond_0554,C10,2,9,2026-03-15,85.2360016286434,,1,0,lot_plate_3,lc_01,demo,ok,demo,PdB,L1,K2CO3,Diox,80.0,12.0,1.0
exp_000445,demo_cn_coupling,sub_02,plate_3,cond_0569,B12,1,11,2026-03-15,86.86678735865122,,1,0,lot_plate_3,lc_01,demo,ok,demo,PdB,L1,K2CO3,MeCN,60.0,12.0,1.0
exp_000446,demo_cn_coupling,sub_02,plate_3,cond_0573,F12,5,11,2026-03-15,84.40490966184757,,1,0,lot_plate_3,lc_01,demo,ok,demo,PdB,L1,K2CO3,MeCN,100.0,2.0,1.0
exp_000447,demo_cn_coupling,sub_02,plate_3,cond_0585,B02,1,1,2026-03-15,90.14977148645197,,1,0,lot_plate_3,lc_01,demo,ok,demo,PdB,L1,Cs2CO3,Diox,60.0,2.0,1.0
exp_000448,demo_cn_coupling,sub_02,plate_3,cond_0588,E02,4,1,2026-03-15,82.84448931680107,,1,0,lot_plate_3,lc_01,demo,ok,demo,PdB,L1,Cs2CO3,Diox,80.0,2.0,1.0
exp_000449,demo_cn_coupling,sub_02,plate_3,cond_0595,D03,3,2,2026-03-15,90.12424116997614,,1,0,lot_plate_3,lc_01,demo,ok,demo,PdB,L1,Cs2CO3,DMF,60.0,6.0,1.0
exp_000450,demo_cn_coupling,sub_02,plate_3,cond_0604,E04,4,3,2026-03-15,96.27545439471514,,1,0,lot_plate_3,lc_01,demo,ok,demo,PdB,L1,Cs2CO3,MeCN,60.0,6.0,1.0
exp_000451,demo_cn_coupling,sub_02,plate_3,cond_0614,G05,6,4,2026-03-15,80.75809065885522,,1,0,lot_plate_3,lc_01,demo,ok,demo,PdB,L1,NaOtBu,Tol,60.0,12.0,1.0
exp_000452,demo_cn_coupling,sub_02,plate_3,cond_0621,F06,5,5,2026-03-15,78.1292279693642,,1,0,lot_plate_3,lc_01,demo,ok,demo,PdB,L1,NaOtBu,Diox,60.0,2.0,1.0
exp_000453,demo_cn_coupling,sub_02,plate_3,cond_0630,G07,6,6,2026-03-15,78.91548080501849,,1,0,lot_plate_3,lc_01,demo,ok,demo,PdB,L1,NaOtBu,DMF,60.0,2.0,1.0
exp_000454,demo_cn_coupling,sub_02,plate_3,cond_0645,F09,5,8,2026-03-15,75.98590838507556,,1,0,lot_plate_3,lc_01,demo,ok,demo,PdB,L1,NaOtBu,MeCN,100.0,2.0,1.0
exp_000455,demo_cn_coupling,sub_02,plate_3,cond_0657,B11,1,10,2026-03-15,100.0,,1,0,lot_plate_3,lc_01,demo,ok,demo,PdB,L2,K2CO3,Diox,60.0,2.0,1.0
exp_000456,demo_cn_coupling,sub_02,plate_3,cond_0667,D12,3,11,2026-03-15,97.06654805751215,,1,0,lot_plate_3,lc_01,demo,ok,demo,PdB,L2,K2CO3,DMF,60.0,6.0,1.0
exp_000457,demo_cn_coupling,sub_02,plate_3,cond_0675,D01,3,0,2026-03-15,98.77969498337366,,1,0,lot_plate_3,lc_01,demo,ok,demo,PdB,L2,K2CO3,MeCN,60.0,2.0,1.0
exp_000458,demo_cn_coupling,sub_02,plate_3,cond_0690,C03,2,2,2026-03-15,98.41181834497553,,1,0,lot_plate_3,lc_01,demo,ok,demo,PdB,L2,Cs2CO3,Tol,100.0,2.0,1.0
exp_000459,demo_cn_coupling,sub_02,plate_3,cond_0691,D03,3,2,2026-03-15,97.164675610424,,1,0,lot_plate_3,lc_01,demo,ok,demo,PdB,L2,Cs2CO3,Tol,100.0,6.0,1.0
exp_000460,demo_cn_coupling,sub_02,plate_3,cond_0703,H04,7,3,2026-03-15,98.65440038171441,,1,0,lot_plate_3,lc_01,demo,ok,demo,PdB,L2,Cs2CO3,DMF,60.0,6.0,1.0
exp_000461,demo_cn_coupling,sub_02,plate_3,cond_0705,B05,1,4,2026-03-15,93.4964976100187,,1,0,lot_plate_3,lc_01,demo,ok,demo,PdB,L2,Cs2CO3,DMF,80.0,2.0,1.0
exp_000462,demo_cn_coupling,sub_02,plate_3,cond_0709,F05,5,4,2026-03-15,91.31482612428877,,1,0,lot_plate_3,lc_01,demo,ok,demo,PdB,L2,Cs2CO3,DMF,100.0,6.0,1.0
exp_000463,demo_cn_coupling,sub_02,plate_3,cond_0741,F09,5,8,2026-03-15,84.72167426563831,,1,0,lot_plate_3,lc_01,demo,ok,demo,PdB,L2,NaOtBu,DMF,80.0,2.0,1.0
exp_000464,demo_cn_coupling,sub_02,plate_3,cond_0746,C10,2,9,2026-03-15,77.91866864798607,,1,0,lot_plate_3,lc_01,demo,ok,demo,PdB,L2,NaOtBu,DMF,100.0,12.0,1.0
exp_000465,demo_cn_coupling,sub_02,plate_3,cond_0793,B04,1,3,2026-03-15,100.0,,1,0,lot_plate_3,lc_01,demo,ok,demo,PdB,L3,Cs2CO3,Tol,60.0,6.0,1.0
exp_000466,demo_cn_coupling,sub_02,plate_3,cond_0806,G05,6,4,2026-03-15,99.74472996941032,,1,0,lot_plate_3,lc_01,demo,ok,demo,PdB,L3,Cs2CO3,Diox,80.0,12.0,1.0
exp_000467,demo_cn_coupling,sub_02,plate_3,cond_0808,A06,0,5,2026-03-15,100.0,,1,0,lot_plate_3,lc_01,demo,ok,demo,PdB,L3,Cs2CO3,Diox,100.0,6.0,1.0
exp_000468,demo_cn_coupling,sub_02,plate_3,cond_0814,G06,6,5,2026-03-15,100.0,,1,0,lot_plate_3,lc_01,demo,ok,demo,PdB,L3,Cs2CO3,DMF,80.0,6.0,1.0
exp_000469,demo_cn_coupling,sub_02,plate_3,cond_0861,F12,5,11,2026-03-15,98.00401717541487,,1,0,lot_plate_3,lc_01,demo,ok,demo,PdB,L3,NaOtBu,MeCN,100.0,2.0,1.0
exp_000470,demo_cn_coupling,sub_02,plate_3,cond_0884,E03,4,2,2026-03-15,100.0,,1,0,lot_plate_3,lc_01,demo,ok,demo,PdB,L4,K2CO3,DMF,60.0,12.0,1.0
exp_000471,demo_cn_coupling,sub_02,plate_3,cond_0905,B06,1,5,2026-03-15,100.0,,1,0,lot_plate_3,lc_01,demo,ok,demo,PdB,L4,Cs2CO3,Tol,80.0,12.0,1.0
exp_000472,demo_cn_coupling,sub_02,plate_3,cond_0906,C06,2,5,2026-03-15,100.0,,1,0,lot_plate_3,lc_01,demo,ok,demo,PdB,L4,Cs2CO3,Tol,100.0,2.0,1.0
exp_000473,demo_cn_coupling,sub_02,plate_3,cond_0921,B08,1,7,2026-03-15,100.0,,1,0,lot_plate_3,lc_01,demo,ok,demo,PdB,L4,Cs2CO3,DMF,80.0,2.0,1.0
exp_000474,demo_cn_coupling,sub_02,plate_3,cond_0976,A03,0,2,2026-03-15,100.0,,1,0,lot_plate_3,lc_01,demo,ok,demo,PdB,L5,K2CO3,Tol,80.0,6.0,1.0
exp_000475,demo_cn_coupling,sub_02,plate_3,cond_0979,D03,3,2,2026-03-15,100.0,,1,0,lot_plate_3,lc_01,demo,ok,demo,PdB,L5,K2CO3,Tol,100.0,6.0,1.0
exp_000476,demo_cn_coupling,sub_02,plate_3,cond_0981,F03,5,2,2026-03-15,100.0,,1,0,lot_plate_3,lc_01,demo,ok,demo,PdB,L5,K2CO3,Diox,60.0,2.0,1.0
exp_000477,demo_cn_coupling,sub_02,plate_3,cond_0995,D05,3,4,2026-03-15,100.0,,1,0,lot_plate_3,lc_01,demo,ok,demo,PdB,L5,K2CO3,DMF,80.0,12.0,1.0
exp_000478,demo_cn_coupling,sub_02,plate_3,cond_0997,F05,5,4,2026-03-15,100.0,,1,0,lot_plate_3,lc_01,demo,ok,demo,PdB,L5,K2CO3,DMF,100.0,6.0,1.0
exp_000479,demo_cn_coupling,sub_02,plate_3,cond_0998,G05,6,4,2026-03-15,100.0,,1,0,lot_plate_3,lc_01,demo,ok,demo,PdB,L5,K2CO3,DMF,100.0,12.0,1.0
exp_000480,demo_cn_coupling,sub_02,plate_3,cond_1005,F06,5,5,2026-03-15,100.0,,1,0,lot_plate_3,lc_01,demo,ok,demo,PdB,L5,K2CO3,MeCN,100.0,2.0,1.0
exp_000481,demo_cn_coupling,sub_02,plate_3,cond_1041,B11,1,10,2026-03-15,100.0,,1,0,lot_plate_3,lc_01,demo,ok,demo,PdB,L5,Cs2CO3,MeCN,100.0,2.0,1.0
exp_000482,demo_cn_coupling,sub_02,plate_3,cond_1053,F12,5,11,2026-03-15,100.0,,1,0,lot_plate_3,lc_01,demo,ok,demo,PdB,L5,NaOtBu,Diox,60.0,2.0,1.0
exp_000483,demo_cn_coupling,sub_02,plate_3,cond_1069,F02,5,1,2026-03-15,100.0,,1,0,lot_plate_3,lc_01,demo,ok,demo,PdB,L5,NaOtBu,DMF,100.0,6.0,1.0
exp_000484,demo_cn_coupling,sub_02,plate_3,cond_1080,A04,0,3,2026-03-15,99.44405019956345,,1,1,lot_plate_3,lc_01,demo,ok,demo,PdC,L1,K2CO3,Tol,60.0,2.0,1.0
exp_000485,demo_cn_coupling,sub_02,plate_3,cond_1103,H06,7,5,2026-03-15,95.8493530535886,,1,0,lot_plate_3,lc_01,demo,ok,demo,PdC,L1,K2CO3,DMF,80.0,12.0,1.0
exp_000486,demo_cn_coupling,sub_02,plate_3,cond_1107,D07,3,6,2026-03-15,95.03110188596229,,1,0,lot_plate_3,lc_01,demo,ok,demo,PdC,L1,K2CO3,MeCN,60.0,2.0,1.0
exp_000487,demo_cn_coupling,sub_02,plate_3,cond_1111,H07,7,6,2026-03-15,94.89803246955688,,1,0,lot_plate_3,lc_01,demo,ok,demo,PdC,L1,K2CO3,MeCN,80.0,6.0,1.0
exp_000488,demo_cn_coupling,sub_02,plate_3,cond_1135,H10,7,9,2026-03-15,97.75664332232901,,1,0,lot_plate_3,lc_01,demo,ok,demo,PdC,L1,Cs2CO3,DMF,60.0,6.0,1.0
exp_000489,demo_cn_coupling,sub_02,plate_3,cond_1136,A11,0,10,2026-03-15,98.1422741967983,,1,0,lot_plate_3,lc_01,demo,ok,demo,PdC,L1,Cs2CO3,DMF,60.0,12.0,1.0
exp_000490,demo_cn_coupling,sub_02,plate_3,cond_1138,C11,2,10,2026-03-15,95.72257503713269,,1,0,lot_plate_3,lc_01,demo,ok,demo,PdC,L1,Cs2CO3,DMF,80.0,6.0,1.0
exp_000491,demo_cn_coupling,sub_02,plate_3,cond_1163,D02,3,1,2026-03-15,85.42409705060939,,1,0,lot_plate_3,lc_01,demo,ok,demo,PdC,L1,NaOtBu,Diox,60.0,12.0,1.0
exp_000492,demo_cn_coupling,sub_02,plate_3,cond_1165,F02,5,1,2026-03-15,83.47414693682325,,1,0,lot_plate_3,lc_01,demo,ok,demo,PdC,L1,NaOtBu,Diox,80.0,6.0,1.0
exp_000493,demo_cn_coupling,sub_02,plate_3,cond_1193,B06,1,5,2026-03-15,99.6237885478565,,1,0,lot_plate_3,lc_01,demo,ok,demo,PdC,L2,K2CO3,Tol,80.0,12.0,1.0
exp_000494,demo_cn_coupling,sub_02,plate_3,cond_1211,D08,3,7,2026-03-15,98.84317871388879,,1,0,lot_plate_3,lc_01,demo,ok,demo,PdC,L2,K2CO3,DMF,80.0,12.0,1.0
exp_000495,demo_cn_coupling,sub_02,plate_3,cond_1221,F09,5,8,2026-03-15,99.48931613197213,,1,0,lot_plate_3,lc_01,demo,ok,demo,PdC,L2,K2CO3,MeCN,100.0,2.0,1.0
exp_000496,demo_cn_coupling,sub_02,plate_3,cond_1222,G09,6,8,2026-03-15,100.0,,1,0,lot_plate_3,lc_01,demo,ok,demo,PdC,L2,K2CO3,MeCN,100.0,6.0,1.0
exp_000497,demo_cn_coupling,sub_02,plate_3,cond_1232,A11,0,10,2026-03-15,100.0,,1,0,lot_plate_3,lc_01,demo,ok,demo,PdC,L2,Cs2CO3,Tol,100.0,12.0,1.0
exp_000498,demo_cn_coupling,sub_02,plate_3,cond_1235,D11,3,10,2026-03-15,98.87995675726069,,1,0,lot_plate_3,lc_01,demo,ok,demo,PdC,L2,Cs2CO3,Diox,60.0,12.0,1.0
exp_000499,demo_cn_coupling,sub_02,plate_3,cond_1237,F11,5,10,2026-03-15,100.0,,1,0,lot_plate_3,lc_01,demo,ok,demo,PdC,L2,Cs2CO3,Diox,80.0,6.0,1.0
exp_000500,demo_cn_coupling,sub_02,plate_3,cond_1241,B12,1,11,2026-03-15,100.0,,1,0,lot_plate_3,lc_01,demo,ok,demo,PdC,L2,Cs2CO3,Diox,100.0,12.0,1.0
exp_000501,demo_cn_coupling,sub_02,plate_3,cond_1245,F12,5,11,2026-03-15,100.0,,1,0,lot_plate_3,lc_01,demo,ok,demo,PdC,L2,Cs2CO3,DMF,80.0,2.0,1.0
exp_000502,demo_cn_coupling,sub_02,plate_3,cond_1271,H03,7,2,2026-03-15,93.35817771979436,,1,0,lot_plate_3,lc_01,demo,ok,demo,PdC,L2,NaOtBu,Diox,60.0,12.0,1.0
exp_000503,demo_cn_coupling,sub_02,plate_3,cond_1278,G04,6,3,2026-03-15,95.42317590741992,,1,0,lot_plate_3,lc_01,demo,ok,demo,PdC,L2,NaOtBu,DMF,60.0,2.0,1.0
exp_000504,demo_cn_coupling,sub_02,plate_3,cond_1296,A07,0,6,2026-03-15,100.0,,1,0,lot_plate_3,lc_01,demo,ok,demo,PdC,L3,K2CO3,Tol,60.0,2.0,1.0
exp_000505,demo_cn_coupling,sub_02,plate_3,cond_1314,C09,2,8,2026-03-15,100.0,,1,0,lot_plate_3,lc_01,demo,ok,demo,PdC,L3,K2CO3,DMF,60.0,2.0,1.0
exp_000506,demo_cn_coupling,sub_02,plate_3,cond_1324,E10,4,9,2026-03-15,100.0,,1,0,lot_plate_3,lc_01,demo,ok,demo,PdC,L3,K2CO3,MeCN,60.0,6.0,1.0
exp_000507,demo_cn_coupling,sub_02,plate_3,cond_1331,D11,3,10,2026-03-15,100.0,,1,0,lot_plate_3,lc_01,demo,ok,demo,PdC,L3,K2CO3,MeCN,100.0,12.0,1.0
exp_000508,demo_cn_coupling,sub_02,plate_3,cond_1334,G11,6,10,2026-03-15,100.0,,1,0,lot_plate_3,lc_01,demo,ok,demo,PdC,L3,Cs2CO3,Tol,60.0,12.0,1.0
exp_000509,demo_cn_coupling,sub_02,plate_3,cond_1339,D12,3,11,2026-03-15,100.0,,1,0,lot_plate_3,lc_01,demo,ok,demo,PdC,L3,Cs2CO3,Tol,100.0,6.0,1.0
exp_000510,demo_cn_coupling,sub_02,plate_3,cond_1366,G03,6,2,2026-03-15,100.0,,1,0,lot_plate_3,lc_01,demo,ok,demo,PdC,L3,Cs2CO3,MeCN,100.0,6.0,1.0
exp_000511,demo_cn_coupling,sub_02,plate_3,cond_1371,D04,3,3,2026-03-15,94.14615210704467,,1,0,lot_plate_3,lc_01,demo,ok,demo,PdC,L3,NaOtBu,Tol,80.0,2.0,1.0
exp_000512,demo_cn_coupling,sub_02,plate_3,cond_1381,F05,5,4,2026-03-15,90.95858601578657,,1,0,lot_plate_3,lc_01,demo,ok,demo,PdC,L3,NaOtBu,Diox,80.0,6.0,1.0
exp_000513,demo_cn_coupling,sub_02,plate_3,cond_1397,F07,5,6,2026-03-15,95.80030425808772,,1,0,lot_plate_3,lc_01,demo,ok,demo,PdC,L3,NaOtBu,MeCN,60.0,12.0,1.0
exp_000514,demo_cn_coupling,sub_02,plate_3,cond_1398,G07,6,6,2026-03-15,97.4936240324989,,1,0,lot_plate_3,lc_01,demo,ok,demo,PdC,L3,NaOtBu,MeCN,80.0,2.0,1.0
exp_000515,demo_cn_coupling,sub_02,plate_3,cond_1429,F11,5,10,2026-03-15,100.0,,1,0,lot_plate_3,lc_01,demo,ok,demo,PdC,L4,K2CO3,DMF,100.0,6.0,1.0
exp_000516,demo_cn_coupling,sub_02,plate_3,cond_1432,A12,0,11,2026-03-15,100.0,,1,0,lot_plate_3,lc_01,demo,ok,demo,PdC,L4,K2CO3,MeCN,60.0,6.0,1.0
exp_000517,demo_cn_coupling,sub_02,plate_3,cond_1436,E12,4,11,2026-03-15,100.0,,1,0,lot_plate_3,lc_01,demo,ok,demo,PdC,L4,K2CO3,MeCN,80.0,12.0,1.0
exp_000518,demo_cn_coupling,sub_02,plate_3,cond_1444,E01,4,0,2026-03-15,100.0,,1,0,lot_plate_3,lc_01,demo,ok,demo,PdC,L4,Cs2CO3,Tol,80.0,6.0,1.0
exp_000519,demo_cn_coupling,sub_02,plate_3,cond_1475,D05,3,4,2026-03-15,100.0,,1,0,lot_plate_3,lc_01,demo,ok,demo,PdC,L4,Cs2CO3,MeCN,100.0,12.0,1.0
exp_000520,demo_cn_coupling,sub_02,plate_3,cond_1476,E05,4,4,2026-03-15,99.29333758512088,,1,0,lot_plate_3,lc_01,demo,ok,demo,PdC,L4,NaOtBu,Tol,60.0,2.0,1.0
exp_000521,demo_cn_coupling,sub_02,plate_3,cond_1485,F06,5,5,2026-03-15,100.0,,1,0,lot_plate_3,lc_01,demo,ok,demo,PdC,L4,NaOtBu,Diox,60.0,2.0,1.0
exp_000522,demo_cn_coupling,sub_02,plate_3,cond_1491,D07,3,6,2026-03-15,93.16139730354654,,1,0,lot_plate_3,lc_01,demo,ok,demo,PdC,L4,NaOtBu,Diox,100.0,2.0,1.0
exp_000523,demo_cn_coupling,sub_02,plate_3,cond_1492,E07,4,6,2026-03-15,98.20315774111191,,1,0,lot_plate_3,lc_01,demo,ok,demo,PdC,L4,NaOtBu,Diox,100.0,6.0,1.0
exp_000524,demo_cn_coupling,sub_02,plate_3,cond_1513,B10,1,9,2026-03-15,100.0,,1,0,lot_plate_3,lc_01,demo,ok,demo,PdC,L5,K2CO3,Tol,60.0,6.0,1.0
exp_000525,demo_cn_coupling,sub_02,plate_3,cond_1515,D10,3,9,2026-03-15,100.0,,1,0,lot_plate_3,lc_01,demo,ok,demo,PdC,L5,K2CO3,Tol,80.0,2.0,1.0
exp_000526,demo_cn_coupling,sub_02,plate_3,cond_1517,F10,5,9,2026-03-15,100.0,,1,0,lot_plate_3,lc_01,demo,ok,demo,PdC,L5,K2CO3,Tol,80.0,12.0,1.0
exp_000527,demo_cn_coupling,sub_02,plate_3,cond_1521,B11,1,10,2026-03-15,100.0,,1,0,lot_plate_3,lc_01,demo,ok,demo,PdC,L5,K2CO3,Diox,60.0,2.0,1.0
exp_000528,demo_cn_coupling,sub_02,plate_3,cond_1542,G01,6,0,2026-03-15,100.0,,1,0,lot_plate_3,lc_01,demo,ok,demo,PdC,L5,K2CO3,MeCN,80.0,2.0,1.0
exp_000529,demo_cn_coupling,sub_02,plate_3,cond_1546,C02,2,1,2026-03-15,100.0,,1,0,lot_plate_3,lc_01,demo,ok,demo,PdC,L5,K2CO3,MeCN,100.0,6.0,1.0
exp_000530,demo_cn_coupling,sub_02,plate_3,cond_1565,F04,5,3,2026-03-15,100.0,,1,0,lot_plate_3,lc_01,demo,ok,demo,PdC,L5,Cs2CO3,Diox,100.0,12.0,1.0
exp_000531,demo_cn_coupling,sub_02,plate_3,cond_1579,D06,3,5,2026-03-15,100.0,,1,0,lot_plate_3,lc_01,demo,ok,demo,PdC,L5,Cs2CO3,MeCN,80.0,6.0,1.0
exp_000532,demo_cn_coupling,sub_02,plate_3,cond_1589,F07,5,6,2026-03-15,86.73085631454266,,1,0,lot_plate_3,lc_01,demo,ok,demo,PdC,L5,NaOtBu,Tol,80.0,12.0,1.0
exp_000533,demo_cn_coupling,sub_02,plate_3,cond_1590,G07,6,6,2026-03-15,93.80929095306767,,1,0,lot_plate_3,lc_01,demo,ok,demo,PdC,L5,NaOtBu,Tol,100.0,2.0,1.0
exp_000534,demo_cn_coupling,sub_02,plate_3,cond_1619,D11,3,10,2026-03-15,88.07504591255118,,1,0,lot_plate_3,lc_01,demo,ok,demo,PdC,L5,NaOtBu,MeCN,100.0,12.0,1.0
exp_000535,demo_cn_coupling,sub_02,plate_3,cond_1620,E11,4,10,2026-03-15,96.51566115434801,,1,1,lot_plate_3,lc_01,demo,ok,demo,NiA,L1,K2CO3,Tol,60.0,2.0,1.0
exp_000536,demo_cn_coupling,sub_02,plate_3,cond_1641,B02,1,1,2026-03-15,95.26278729885549,,1,0,lot_plate_3,lc_01,demo,ok,demo,NiA,L1,K2CO3,DMF,80.0,2.0,1.0
exp_000537,demo_cn_coupling,sub_02,plate_3,cond_1688,A08,0,7,2026-03-15,91.83250086486373,,1,0,lot_plate_3,lc_01,demo,ok,demo,NiA,L1,Cs2CO3,MeCN,80.0,12.0,1.0
exp_000538,demo_cn_coupling,sub_02,plate_3,cond_1695,H08,7,7,2026-03-15,79.32241356789501,,1,0,lot_plate_3,lc_01,demo,ok,demo,NiA,L1,NaOtBu,Tol,80.0,2.0,1.0
exp_000539,demo_cn_coupling,sub_02,plate_3,cond_1734,G01,6,0,2026-03-15,90.70636634978462,,1,0,lot_plate_3,lc_01,demo,ok,demo,NiA,L2,K2CO3,Tol,100.0,2.0,1.0
exp_000540,demo_cn_coupling,sub_02,plate_3,cond_1735,H01,7,0,2026-03-15,96.04629953637983,,1,0,lot_plate_3,lc_01,demo,ok,demo,NiA,L2,K2CO3,Tol,100.0,6.0,1.0
exp_000541,demo_cn_coupling,sub_02,plate_3,cond_1743,H02,7,1,2026-03-15,93.66628580046759,,1,0,lot_plate_3,lc_01,demo,ok,demo,NiA,L2,K2CO3,Diox,100.0,2.0,1.0
exp_000542,demo_cn_coupling,sub_02,plate_3,cond_1747,D03,3,2,2026-03-15,96.1572636432213,,1,0,lot_plate_3,lc_01,demo,ok,demo,NiA,L2,K2CO3,DMF,60.0,6.0,1.0
exp_000543,demo_cn_coupling,sub_02,plate_3,cond_1749,F03,5,2,2026-03-15,95.618551498984,,1,0,lot_plate_3,lc_01,demo,ok,demo,NiA,L2,K2CO3,DMF,80.0,2.0,1.0
exp_000544,demo_cn_coupling,sub_02,plate_3,cond_1761,B05,1,4,2026-03-15,99.51589732473992,,1,0,lot_plate_3,lc_01,demo,ok,demo,NiA,L2,K2CO3,MeCN,100.0,2.0,1.0
exp_000545,demo_cn_coupling,sub_02,plate_3,cond_1810,C11,2,10,2026-03-15,89.885929996867,,1,0,lot_plate_3,lc_01,demo,ok,demo,NiA,L2,NaOtBu,Diox,60.0,6.0,1.0
exp_000546,demo_cn_coupling,sub_02,plate_3,cond_1831,H01,7,0,2026-03-15,82.8299542241366,,1,0,lot_plate_3,lc_01,demo,ok,demo,NiA,L2,NaOtBu,MeCN,80.0,6.0,1.0
exp_000547,demo_cn_coupling,sub_02,plate_3,cond_1845,F03,5,2,2026-03-15,97.24289960192495,,1,0,lot_plate_3,lc_01,demo,ok,demo,NiA,L3,K2CO3,Diox,60.0,2.0,1.0
exp_000548,demo_cn_coupling,sub_02,plate_3,cond_1856,A05,0,4,2026-03-15,95.10925814069924,,1,0,lot_plate_3,lc_01,demo,ok,demo,NiA,L3,K2CO3,DMF,60.0,12.0,1.0
exp_000549,demo_cn_coupling,sub_02,plate_3,cond_1877,F07,5,6,2026-03-15,87.5825197885138,,1,0,lot_plate_3,lc_01,demo,ok,demo,NiA,L3,Cs2CO3,Tol,80.0,12.0,1.0
exp_000550,demo_cn_coupling,sub_02,plate_3,cond_1888,A09,0,8,2026-03-15,88.53346136506597,,1,0,lot_plate_3,lc_01,demo,ok,demo,NiA,L3,Cs2CO3,Diox,100.0,6.0,1.0
exp_000551,demo_cn_coupling,sub_02,plate_3,cond_1890,C09,2,8,2026-03-15,97.08200942167471,,1,0,lot_plate_3,lc_01,demo,ok,demo,NiA,L3,Cs2CO3,DMF,60.0,2.0,1.0
exp_000552,demo_cn_coupling,sub_02,plate_3,cond_1908,E11,4,10,2026-03-15,84.29866386425995,,1,0,lot_plate_3,lc_01,demo,ok,demo,NiA,L3,NaOtBu,Tol,60.0,2.0,1.0
exp_000553,demo_cn_coupling,sub_02,plate_3,cond_1911,H11,7,10,2026-03-15,82.1370318343291,,1,0,lot_plate_3,lc_01,demo,ok,demo,NiA,L3,NaOtBu,Tol,80.0,2.0,1.0
exp_000554,demo_cn_coupling,sub_02,plate_3,cond_1926,G01,6,0,2026-03-15,87.34239826526861,,1,0,lot_plate_3,lc_01,demo,ok,demo,NiA,L3,NaOtBu,DMF,60.0,2.0,1.0
exp_000555,demo_cn_coupling,sub_02,plate_3,cond_1940,E03,4,2,2026-03-15,85.86812167231037,,1,0,lot_plate_3,lc_01,demo,ok,demo,NiA,L3,NaOtBu,MeCN,80.0,12.0,1.0
exp_000556,demo_cn_coupling,sub_02,plate_3,cond_1945,B04,1,3,2026-03-15,91.19695703818,,1,0,lot_plate_3,lc_01,demo,ok,demo,NiA,L4,K2CO3,Tol,60.0,6.0,1.0
exp_000557,demo_cn_coupling,sub_02,plate_3,cond_1961,B06,1,5,2026-03-15,87.14461539407225,,1,0,lot_plate_3,lc_01,demo,ok,demo,NiA,L4,K2CO3,Diox,100.0,12.0,1.0
exp_000558,demo_cn_coupling,sub_02,plate_3,cond_1970,C07,2,6,2026-03-15,87.21536019381645,,1,0,lot_plate_3,lc_01,demo,ok,demo,NiA,L4,K2CO3,DMF,100.0,12.0,1.0
exp_000559,demo_cn_coupling,sub_02,plate_3,cond_1986,C09,2,8,2026-03-15,91.82760317979258,,1,0,lot_plate_3,lc_01,demo,ok,demo,NiA,L4,Cs2CO3,Tol,100.0,2.0,1.0
exp_000560,demo_cn_coupling,sub_02,plate_3,cond_2007,H11,7,10,2026-03-15,98.250331604774,,1,0,lot_plate_3,lc_01,demo,ok,demo,NiA,L4,Cs2CO3,MeCN,60.0,2.0,1.0
exp_000561,demo_cn_coupling,sub_02,plate_3,cond_2017,B01,1,0,2026-03-15,82.70882125590977,,1,0,lot_plate_3,lc_01,demo,ok,demo,NiA,L4,NaOtBu,Tol,60.0,6.0,1.0
exp_000562,demo_cn_coupling,sub_02,plate_3,cond_2022,G01,6,0,2026-03-15,78.73827023524036,,1,0,lot_plate_3,lc_01,demo,ok,demo,NiA,L4,NaOtBu,Tol,100.0,2.0,1.0
exp_000563,demo_cn_coupling,sub_02,plate_3,cond_2026,C02,2,1,2026-03-15,79.9304323340307,,1,0,lot_plate_3,lc_01,demo,ok,demo,NiA,L4,NaOtBu,Diox,60.0,6.0,1.0
exp_000564,demo_cn_coupling,sub_02,plate_3,cond_2028,E02,4,1,2026-03-15,78.52380121181244,,1,0,lot_plate_3,lc_01,demo,ok,demo,NiA,L4,NaOtBu,Diox,80.0,2.0,1.0
exp_000565,demo_cn_coupling,sub_02,plate_3,cond_2032,A03,0,2,2026-03-15,81.21527301501295,,1,0,lot_plate_3,lc_01,demo,ok,demo,NiA,L4,NaOtBu,Diox,100.0,6.0,1.0
exp_000566,demo_cn_coupling,sub_02,plate_3,cond_2033,B03,1,2,2026-03-15,78.15973126887106,,1,0,lot_plate_3,lc_01,demo,ok,demo,NiA,L4,NaOtBu,Diox,100.0,12.0,1.0
exp_000567,demo_cn_coupling,sub_02,plate_3,cond_2065,B07,1,6,2026-03-15,84.72040027554387,,1,0,lot_plate_3,lc_01,demo,ok,demo,NiA,L5,K2CO3,Diox,80.0,6.0,1.0
exp_000568,demo_cn_coupling,sub_02,plate_3,cond_2077,F08,5,7,2026-03-15,86.67836212516357,,1,0,lot_plate_3,lc_01,demo,ok,demo,NiA,L5,K2CO3,DMF,100.0,6.0,1.0
exp_000569,demo_cn_coupling,sub_02,plate_3,cond_2084,E09,4,8,2026-03-15,85.98014609432903,,1,0,lot_plate_3,lc_01,demo,ok,demo,NiA,L5,K2CO3,MeCN,80.0,12.0,1.0
exp_000570,demo_cn_coupling,sub_02,plate_3,cond_2087,H09,7,8,2026-03-15,87.31957439225786,,1,0,lot_plate_3,lc_01,demo,ok,demo,NiA,L5,K2CO3,MeCN,100.0,12.0,1.0
exp_000571,demo_cn_coupling,sub_02,plate_3,cond_2099,D11,3,10,2026-03-15,88.88899958292977,,1,0,lot_plate_3,lc_01,demo,ok,demo,NiA,L5,Cs2CO3,Diox,60.0,12.0,1.0
exp_000572,demo_cn_coupling,sub_02,plate_3,cond_2126,G02,6,1,2026-03-15,79.73906889161488,,1,0,lot_plate_3,lc_01,demo,ok,demo,NiA,L5,NaOtBu,Tol,60.0,12.0,1.0
exp_000573,demo_cn_coupling,sub_02,plate_3,cond_2129,B03,1,2,2026-03-15,71.26619710772826,,1,0,lot_plate_3,lc_01,demo,ok,demo,NiA,L5,NaOtBu,Tol,80.0,12.0,1.0
exp_000574,demo_cn_coupling,sub_02,plate_3,cond_2134,G03,6,2,2026-03-15,79.3950309459706,,1,0,lot_plate_3,lc_01,demo,ok,demo,NiA,L5,NaOtBu,Diox,60.0,6.0,1.0
exp_000575,demo_cn_coupling,sub_02,plate_3,cond_2139,D04,3,3,2026-03-15,83.39786994782486,,1,0,lot_plate_3,lc_01,demo,ok,demo,NiA,L5,NaOtBu,Diox,100.0,2.0,1.0
exp_000576,demo_cn_coupling,sub_03,plate_1,cond_0000,A01,0,0,2026-01-15,53.39725276956633,,1,1,lot_plate_1,lc_01,demo,ok,demo,PdA,L1,K2CO3,Tol,60.0,2.0,1.0
exp_000577,demo_cn_coupling,sub_03,plate_1,cond_0001,B01,1,0,2026-01-15,53.52232868249503,,1,0,lot_plate_1,lc_01,demo,ok,demo,PdA,L1,K2CO3,Tol,60.0,6.0,1.0
exp_000578,demo_cn_coupling,sub_03,plate_1,cond_0018,C03,2,2,2026-01-15,49.63615730992753,,1,0,lot_plate_1,lc_01,demo,ok,demo,PdA,L1,K2CO3,DMF,60.0,2.0,1.0
exp_000579,demo_cn_coupling,sub_03,plate_1,cond_0034,C05,2,4,2026-01-15,40.92548394844377,,1,0,lot_plate_1,lc_01,demo,ok,demo,PdA,L1,K2CO3,MeCN,100.0,6.0,1.0
exp_000580,demo_cn_coupling,sub_03,plate_1,cond_0035,D05,3,4,2026-01-15,42.23960280108717,,1,0,lot_plate_1,lc_01,demo,ok,demo,PdA,L1,K2CO3,MeCN,100.0,12.0,1.0
exp_000581,demo_cn_coupling,sub_03,plate_1,cond_0056,A08,0,7,2026-01-15,19.255735434956033,,1,0,lot_plate_1,lc_01,demo,ok,demo,PdA,L1,Cs2CO3,DMF,60.0,12.0,1.0
exp_000582,demo_cn_coupling,sub_03,plate_1,cond_0066,C09,2,8,2026-01-15,19.331925777129328,,1,0,lot_plate_1,lc_01,demo,ok,demo,PdA,L1,Cs2CO3,MeCN,80.0,2.0,1.0
exp_000583,demo_cn_coupling,sub_03,plate_1,cond_0087,H11,7,10,2026-01-15,0.0,,1,0,lot_plate_1,lc_01,demo,ok,demo,PdA,L1,NaOtBu,Diox,100.0,2.0,1.0
exp_000584,demo_cn_coupling,sub_03,plate_1,cond_0094,G12,6,11,2026-01-15,0.0,,1,0,lot_plate_1,lc_01,demo,ok,demo,PdA,L1,NaOtBu,DMF,80.0,6.0,1.0
exp_000585,demo_cn_coupling,sub_03,plate_1,cond_0096,A01,0,0,2026-01-15,0.0,,1,0,lot_plate_1,lc_01,demo,ok,demo,PdA,L1,NaOtBu,DMF,100.0,2.0,1.0
exp_000586,demo_cn_coupling,sub_03,plate_1,cond_0103,H01,7,0,2026-01-15,0.0,,1,0,lot_plate_1,lc_01,demo,ok,demo,PdA,L1,NaOtBu,MeCN,80.0,6.0,1.0
exp_000587,demo_cn_coupling,sub_03,plate_1,cond_0104,A02,0,1,2026-01-15,0.0,,1,0,lot_plate_1,lc_01,demo,ok,demo,PdA,L1,NaOtBu,MeCN,80.0,12.0,1.0
exp_000588,demo_cn_coupling,sub_03,plate_1,cond_0119,H03,7,2,2026-01-15,49.49022629168079,,1,0,lot_plate_1,lc_01,demo,ok,demo,PdA,L2,K2CO3,Diox,60.0,12.0,1.0
exp_000589,demo_cn_coupling,sub_03,plate_1,cond_0128,A05,0,4,2026-01-15,45.39379509943625,,1,0,lot_plate_1,lc_01,demo,ok,demo,PdA,L2,K2CO3,DMF,60.0,12.0,1.0
exp_000590,demo_cn_coupling,sub_03,plate_1,cond_0158,G08,6,7,2026-01-15,24.424722744293337,,1,0,lot_plate_1,lc_01,demo,ok,demo,PdA,L2,Cs2CO3,Diox,80.0,12.0,1.0
exp_000591,demo_cn_coupling,sub_03,plate_1,cond_0189,F12,5,11,2026-01-15,0.0,,1,0,lot_plate_1,lc_01,demo,ok,demo,PdA,L2,NaOtBu,Diox,60.0,2.0,1.0
exp_000592,demo_cn_coupling,sub_03,plate_1,cond_0199,H01,7,0,2026-01-15,0.0,,1,0,lot_plate_1,lc_01,demo,ok,demo,PdA,L2,NaOtBu,DMF,60.0,6.0,1.0
exp_000593,demo_cn_coupling,sub_03,plate_1,cond_0201,B02,1,1,2026-01-15,0.0,,1,0,lot_plate_1,lc_01,demo,ok,demo,PdA,L2,NaOtBu,DMF,80.0,2.0,1.0
exp_000594,demo_cn_coupling,sub_03,plate_1,cond_0227,D05,3,4,2026-01-15,47.48085736725386,,1,0,lot_plate_1,lc_01,demo,ok,demo,PdA,L3,K2CO3,Diox,60.0,12.0,1.0
exp_000595,demo_cn_coupling,sub_03,plate_1,cond_0244,E07,4,6,2026-01-15,43.013116653387506,,1,0,lot_plate_1,lc_01,demo,ok,demo,PdA,L3,K2CO3,MeCN,60.0,6.0,1.0
exp_000596,demo_cn_coupling,sub_03,plate_1,cond_0256,A09,0,8,2026-01-15,33.916386616518786,,1,0,lot_plate_1,lc_01,demo,ok,demo,PdA,L3,Cs2CO3,Tol,80.0,6.0,1.0
exp_000597,demo_cn_coupling,sub_03,plate_1,cond_0258,C09,2,8,2026-01-15,27.001633494783345,,1,0,lot_plate_1,lc_01,demo,ok,demo,PdA,L3,Cs2CO3,Tol,100.0,2.0,1.0
exp_000598,demo_cn_coupling,sub_03,plate_1,cond_0260,E09,4,8,2026-01-15,29.445163168936542,,1,0,lot_plate_1,lc_01,demo,ok,demo,PdA,L3,Cs2CO3,Tol,100.0,12.0,1.0
exp_000599,demo_cn_coupling,sub_03,plate_1,cond_0276,E11,4,10,2026-01-15,24.117886944079782,,1,0,lot_plate_1,lc_01,demo,ok,demo,PdA,L3,Cs2CO3,DMF,100.0,2.0,1.0
exp_000600,demo_cn_coupling,sub_03,plate_1,cond_0293,F01,5,0,2026-01-15,0.0,,1,0,lot_plate_1,lc_01,demo,ok,demo,PdA,L3,NaOtBu,Tol,80.0,12.0,1.0
exp_000601,demo_cn_coupling,sub_03,plate_1,cond_0318,G04,6,3,2026-01-15,0.0,,1,0,lot_plate_1,lc_01,demo,ok,demo,PdA,L3,NaOtBu,MeCN,80.0,2.0,1.0
exp_000602,demo_cn_coupling,sub_03,plate_1,cond_0346,C08,2,7,2026-01-15,50.02038814174933,,1,0,lot_plate_1,lc_01,demo,ok,demo,PdA,L4,K2CO3,DMF,80.0,6.0,1.0
exp_000603,demo_cn_coupling,sub_03,plate_1,cond_0358,G09,6,8,2026-01-15,46.64227831605243,,1,0,lot_plate_1,lc_01,demo,ok,demo,PdA,L4,K2CO3,MeCN,100.0,6.0,1.0
exp_000604,demo_cn_coupling,sub_03,plate_1,cond_0369,B11,1,10,2026-01-15,26.293449578331952,,1,0,lot_plate_1,lc_01,demo,ok,demo,PdA,L4,Cs2CO3,Diox,60.0,2.0,1.0
exp_000605,demo_cn_coupling,sub_03,plate_1,cond_0372,E11,4,10,2026-01-15,23.1725391434008,,1,0,lot_plate_1,lc_01,demo,ok,demo,PdA,L4,Cs2CO3,Diox,80.0,2.0,1.0
exp_000606,demo_cn_coupling,sub_03,plate_1,cond_0380,E12,4,11,2026-01-15,23.68253545431363,,1,0,lot_plate_1,lc_01,demo,ok,demo,PdA,L4,Cs2CO3,DMF,60.0,12.0,1.0
exp_000607,demo_cn_coupling,sub_03,plate_1,cond_0385,B01,1,0,2026-01-15,19.456099858524766,,1,0,lot_plate_1,lc_01,demo,ok,demo,PdA,L4,Cs2CO3,DMF,100.0,6.0,1.0
exp_000608,demo_cn_coupling,sub_03,plate_1,cond_0397,F02,5,1,2026-01-15,0.0,,1,0,lot_plate_1,lc_01,demo,ok,demo,PdA,L4,NaOtBu,Tol,60.0,6.0,1.0
exp_000609,demo_cn_coupling,sub_03,plate_1,cond_0404,E03,4,2,2026-01-15,0.0,,1,0,lot_plate_1,lc_01,demo,ok,demo,PdA,L4,NaOtBu,Tol,100.0,12.0,1.0
exp_000610,demo_cn_coupling,sub_03,plate_1,cond_0410,C04,2,3,2026-01-15,0.0,,1,0,lot_plate_1,lc_01,demo,ok,demo,PdA,L4,NaOtBu,Diox,80.0,12.0,1.0
exp_000611,demo_cn_coupling,sub_03,plate_1,cond_0492,E02,4,1,2026-01-15,20.932775379826822,,1,0,lot_plate_1,lc_01,demo,ok,demo,PdA,L5,Cs2CO3,DMF,100.0,2.0,1.0
exp_000612,demo_cn_coupling,sub_03,plate_1,cond_0502,G03,6,2,2026-01-15,13.421461964607044,,1,0,lot_plate_1,lc_01,demo,ok,demo,PdA,L5,Cs2CO3,MeCN,100.0,6.0,1.0
exp_000613,demo_cn_coupling,sub_03,plate_1,cond_0507,D04,3,3,2026-01-15,0.0,,1,0,lot_plate_1,lc_01,demo,ok,demo,PdA,L5,NaOtBu,Tol,80.0,2.0,1.0
exp_000614,demo_cn_coupling,sub_03,plate_1,cond_0510,G04,6,3,2026-01-15,0.0,,1,0,lot_plate_1,lc_01,demo,ok,demo,PdA,L5,NaOtBu,Tol,100.0,2.0,1.0
exp_000615,demo_cn_coupling,sub_03,plate_1,cond_0518,G05,6,4,2026-01-15,0.0,,1,0,lot_plate_1,lc_01,demo,ok,demo,PdA,L5,NaOtBu,Diox,80.0,12.0,1.0
exp_000616,demo_cn_coupling,sub_03,plate_1,cond_0522,C06,2,5,2026-01-15,0.0,,1,0,lot_plate_1,lc_01,demo,ok,demo,PdA,L5,NaOtBu,DMF,60.0,2.0,1.0
exp_000617,demo_cn_coupling,sub_03,plate_1,cond_0529,B07,1,6,2026-01-15,0.0,,1,0,lot_plate_1,lc_01,demo,ok,demo,PdA,L5,NaOtBu,DMF,100.0,6.0,1.0
exp_000618,demo_cn_coupling,sub_03,plate_1,cond_0540,E08,4,7,2026-01-15,66.99334840765222,,1,1,lot_plate_1,lc_01,demo,ok,demo,PdB,L1,K2CO3,Tol,60.0,2.0,1.0
exp_000619,demo_cn_coupling,sub_03,plate_1,cond_0578,C01,2,0,2026-01-15,32.770130835921215,,1,0,lot_plate_1,lc_01,demo,ok,demo,PdB,L1,Cs2CO3,Tol,60.0,12.0,1.0
exp_000620,demo_cn_coupling,sub_03,plate_1,cond_0581,F01,5,0,2026-01-15,44.10300469863407,,1,0,lot_plate_1,lc_01,demo,ok,demo,PdB,L1,Cs2CO3,Tol,80.0,12.0,1.0
exp_000621,demo_cn_coupling,sub_03,plate_1,cond_0601,B04,1,3,2026-01-15,35.163102537139906,,1,0,lot_plate_1,lc_01,demo,ok,demo,PdB,L1,Cs2CO3,DMF,100.0,6.0,1.0
exp_000622,demo_cn_coupling,sub_03,plate_1,cond_0620,E06,4,5,2026-01-15,6.326689165473491,,1,0,lot_plate_1,lc_01,demo,ok,demo,PdB,L1,NaOtBu,Tol,100.0,12.0,1.0
exp_000623,demo_cn_coupling,sub_03,plate_1,cond_0628,E07,4,6,2026-01-15,0.0,,1,0,lot_plate_1,lc_01,demo,ok,demo,PdB,L1,NaOtBu,Diox,100.0,6.0,1.0
exp_000624,demo_cn_coupling,sub_03,plate_1,cond_0629,F07,5,6,2026-01-15,0.0,,1,0,lot_plate_1,lc_01,demo,ok,demo,PdB,L1,NaOtBu,Diox,100.0,12.0,1.0
exp_000625,demo_cn_coupling,sub_03,plate_1,cond_0665,B12,1,11,2026-01-15,59.76079990018273,,1,0,lot_plate_1,lc_01,demo,ok,demo,PdB,L2,K2CO3,Diox,100.0,12.0,1.0
exp_000626,demo_cn_coupling,sub_03,plate_1,cond_0668,E12,4,11,2026-01-15,47.02005654854522,,1,0,lot_plate_1,lc_01,demo,ok,demo,PdB,L2,K2CO3,DMF,60.0,12.0,1.0
exp_000627,demo_cn_coupling,sub_03,plate_1,cond_0683,D02,3,1,2026-01-15,48.12789116297548,,1,0,lot_plate_1,lc_01,demo,ok,demo,PdB,L2,K2CO3,MeCN,100.0,12.0,1.0
exp_000628,demo_cn_coupling,sub_03,plate_1,cond_0722,C07,2,6,2026-01-15,0.0,,1,0,lot_plate_1,lc_01,demo,ok,demo,PdB,L2,NaOtBu,Tol,60.0,12.0,1.0
exp_000629,demo_cn_coupling,sub_03,plate_1,cond_0730,C08,2,7,2026-01-15,0.0,,1,0,lot_plate_1,lc_01,demo,ok,demo,PdB,L2,NaOtBu,Diox,60.0,6.0,1.0
exp_000630,demo_cn_coupling,sub_03,plate_1,cond_0740,E09,4,8,2026-01-15,0.0,,1,0,lot_plate_1,lc_01,demo,ok,demo,PdB,L2,NaOtBu,DMF,60.0,12.0,1.0
exp_000631,demo_cn_coupling,sub_03,plate_1,cond_0742,G09,6,8,2026-01-15,0.0,,1,0,lot_plate_1,lc_01,demo,ok,demo,PdB,L2,NaOtBu,DMF,80.0,6.0,1.0
exp_000632,demo_cn_coupling,sub_03,plate_1,cond_0749,F10,5,9,2026-01-15,0.0,,1,0,lot_plate_1,lc_01,demo,ok,demo,PdB,L2,NaOtBu,MeCN,60.0,12.0,1.0
exp_000633,demo_cn_coupling,sub_03,plate_1,cond_0764,E12,4,11,2026-01-15,64.29717259838208,,1,0,lot_plate_1,lc_01,demo,ok,demo,PdB,L3,K2CO3,Tol,100.0,12.0,1.0
exp_000634,demo_cn_coupling,sub_03,plate_1,cond_0774,G01,6,0,2026-01-15,50.15006804299907,,1,0,lot_plate_1,lc_01,demo,ok,demo,PdB,L3,K2CO3,DMF,60.0,2.0,1.0
exp_000635,demo_cn_coupling,sub_03,plate_1,cond_0775,H01,7,0,2026-01-15,52.6911466148155,,1,0,lot_plate_1,lc_01,demo,ok,demo,PdB,L3,K2CO3,DMF,60.0,6.0,1.0
exp_000636,demo_cn_coupling,sub_03,plate_1,cond_0778,C02,2,1,2026-01-15,53.75944721338856,,1,0,lot_plate_1,lc_01,demo,ok,demo,PdB,L3,K2CO3,DMF,80.0,6.0,1.0
exp_000637,demo_cn_coupling,sub_03,plate_1,cond_0780,E02,4,1,2026-01-15,53.41966104916148,,1,0,lot_plate_1,lc_01,demo,ok,demo,PdB,L3,K2CO3,DMF,100.0,2.0,1.0
exp_000638,demo_cn_coupling,sub_03,plate_1,cond_0782,G02,6,1,2026-01-15,55.33701366122125,,1,0,lot_plate_1,lc_01,demo,ok,demo,PdB,L3,K2CO3,DMF,100.0,12.0,1.0
exp_000639,demo_cn_coupling,sub_03,plate_1,cond_0797,F04,5,3,2026-01-15,33.32077614070615,,1,0,lot_plate_1,lc_01,demo,ok,demo,PdB,L3,Cs2CO3,Tol,80.0,12.0,1.0
exp_000640,demo_cn_coupling,sub_03,plate_1,cond_0821,F07,5,6,2026-01-15,17.766848412406343,,1,0,lot_plate_1,lc_01,demo,ok,demo,PdB,L3,Cs2CO3,MeCN,60.0,12.0,1.0
exp_000641,demo_cn_coupling,sub_03,plate_1,cond_0834,C09,2,8,2026-01-15,0.0,,1,0,lot_plate_1,lc_01,demo,ok,demo,PdB,L3,NaOtBu,Tol,100.0,2.0,1.0
exp_000642,demo_cn_coupling,sub_03,plate_1,cond_0858,C12,2,11,2026-01-15,0.0,,1,0,lot_plate_1,lc_01,demo,ok,demo,PdB,L3,NaOtBu,MeCN,80.0,2.0,1.0
exp_000643,demo_cn_coupling,sub_03,plate_1,cond_0872,A02,0,1,2026-01-15,60.435847888381744,,1,0,lot_plate_1,lc_01,demo,ok,demo,PdB,L4,K2CO3,Tol,100.0,12.0,1.0
exp_000644,demo_cn_coupling,sub_03,plate_1,cond_0874,C02,2,1,2026-01-15,47.459151244434366,,1,0,lot_plate_1,lc_01,demo,ok,demo,PdB,L4,K2CO3,Diox,60.0,6.0,1.0
exp_000645,demo_cn_coupling,sub_03,plate_1,cond_0881,B03,1,2,2026-01-15,53.1052630501809,,1,0,lot_plate_1,lc_01,demo,ok,demo,PdB,L4,K2CO3,Diox,100.0,12.0,1.0
exp_000646,demo_cn_coupling,sub_03,plate_1,cond_0889,B04,1,3,2026-01-15,47.04887135762128,,1,0,lot_plate_1,lc_01,demo,ok,demo,PdB,L4,K2CO3,DMF,100.0,6.0,1.0
exp_000647,demo_cn_coupling,sub_03,plate_1,cond_0909,F06,5,5,2026-01-15,20.13581422921275,,1,0,lot_plate_1,lc_01,demo,ok,demo,PdB,L4,Cs2CO3,Diox,60.0,2.0,1.0
exp_000648,demo_cn_coupling,sub_03,plate_1,cond_0918,G07,6,6,2026-01-15,15.90813560605193,,1,0,lot_plate_1,lc_01,demo,ok,demo,PdB,L4,Cs2CO3,DMF,60.0,2.0,1.0
exp_000649,demo_cn_coupling,sub_03,plate_1,cond_0926,G08,6,7,2026-01-15,25.173671551049242,,1,0,lot_plate_1,lc_01,demo,ok,demo,PdB,L4,Cs2CO3,DMF,100.0,12.0,1.0
exp_000650,demo_cn_coupling,sub_03,plate_1,cond_0937,B10,1,9,2026-01-15,0.0,,1,0,lot_plate_1,lc_01,demo,ok,demo,PdB,L4,NaOtBu,Tol,60.0,6.0,1.0
exp_000651,demo_cn_coupling,sub_03,plate_1,cond_0944,A11,0,10,2026-01-15,0.0,,1,0,lot_plate_1,lc_01,demo,ok,demo,PdB,L4,NaOtBu,Tol,100.0,12.0,1.0
exp_000652,demo_cn_coupling,sub_03,plate_1,cond_0949,F11,5,10,2026-01-15,0.0,,1,0,lot_plate_1,lc_01,demo,ok,demo,PdB,L4,NaOtBu,Diox,80.0,6.0,1.0
exp_000653,demo_cn_coupling,sub_03,plate_1,cond_0973,F02,5,1,2026-01-15,48.49377896186229,,1,0,lot_plate_1,lc_01,demo,ok,demo,PdB,L5,K2CO3,Tol,60.0,6.0,1.0
exp_000654,demo_cn_coupling,sub_03,plate_1,cond_0985,B04,1,3,2026-01-15,47.768383521512256,,1,0,lot_plate_1,lc_01,demo,ok,demo,PdB,L5,K2CO3,Diox,80.0,6.0,1.0
exp_000655,demo_cn_coupling,sub_03,plate_1,cond_0994,C05,2,4,2026-01-15,46.41256628035761,,1,0,lot_plate_1,lc_01,demo,ok,demo,PdB,L5,K2CO3,DMF,80.0,6.0,1.0
exp_000656,demo_cn_coupling,sub_03,plate_1,cond_1025,B09,1,8,2026-01-15,20.049310945883164,,1,0,lot_plate_1,lc_01,demo,ok,demo,PdB,L5,Cs2CO3,Diox,100.0,12.0,1.0
exp_000657,demo_cn_coupling,sub_03,plate_1,cond_1032,A10,0,9,2026-01-15,17.011408427688302,,1,0,lot_plate_1,lc_01,demo,ok,demo,PdB,L5,Cs2CO3,DMF,100.0,2.0,1.0
exp_000658,demo_cn_coupling,sub_03,plate_1,cond_1039,H10,7,9,2026-01-15,15.13681034204761,,1,0,lot_plate_1,lc_01,demo,ok,demo,PdB,L5,Cs2CO3,MeCN,80.0,6.0,1.0
exp_000659,demo_cn_coupling,sub_03,plate_1,cond_1043,D11,3,10,2026-01-15,9.953859282103986,,1,0,lot_plate_1,lc_01,demo,ok,demo,PdB,L5,Cs2CO3,MeCN,100.0,12.0,1.0
exp_000660,demo_cn_coupling,sub_03,plate_1,cond_1046,G11,6,10,2026-01-15,0.0,,1,0,lot_plate_1,lc_01,demo,ok,demo,PdB,L5,NaOtBu,Tol,60.0,12.0,1.0
exp_000661,demo_cn_coupling,sub_03,plate_1,cond_1054,G12,6,11,2026-01-15,0.0,,1,0,lot_plate_1,lc_01,demo,ok,demo,PdB,L5,NaOtBu,Diox,60.0,6.0,1.0
exp_000662,demo_cn_coupling,sub_03,plate_1,cond_1059,D01,3,0,2026-01-15,0.0,,1,0,lot_plate_1,lc_01,demo,ok,demo,PdB,L5,NaOtBu,Diox,100.0,2.0,1.0
exp_000663,demo_cn_coupling,sub_03,plate_1,cond_1080,A04,0,3,2026-01-15,61.04283765095084,,1,1,lot_plate_1,lc_01,demo,ok,demo,PdC,L1,K2CO3,Tol,60.0,2.0,1.0
exp_000664,demo_cn_coupling,sub_03,plate_1,cond_1090,C05,2,4,2026-01-15,59.615170275213856,,1,0,lot_plate_1,lc_01,demo,ok,demo,PdC,L1,K2CO3,Diox,60.0,6.0,1.0
exp_000665,demo_cn_coupling,sub_03,plate_1,cond_1100,E06,4,5,2026-01-15,53.07170547918514,,1,0,lot_plate_1,lc_01,demo,ok,demo,PdC,L1,K2CO3,DMF,60.0,12.0,1.0
exp_000666,demo_cn_coupling,sub_03,plate_1,cond_1107,D07,3,6,2026-01-15,52.548761998170505,,1,0,lot_plate_1,lc_01,demo,ok,demo,PdC,L1,K2CO3,MeCN,60.0,2.0,1.0
exp_000667,demo_cn_coupling,sub_03,plate_1,cond_1111,H07,7,6,2026-01-15,58.71232457481022,,1,0,lot_plate_1,lc_01,demo,ok,demo,PdC,L1,K2CO3,MeCN,80.0,6.0,1.0
exp_000668,demo_cn_coupling,sub_03,plate_1,cond_1133,F10,5,9,2026-01-15,33.170863341656634,,1,0,lot_plate_1,lc_01,demo,ok,demo,PdC,L1,Cs2CO3,Diox,100.0,12.0,1.0
exp_000669,demo_cn_coupling,sub_03,plate_1,cond_1135,H10,7,9,2026-01-15,27.224354485524948,,1,0,lot_plate_1,lc_01,demo,ok,demo,PdC,L1,Cs2CO3,DMF,60.0,6.0,1.0
exp_000670,demo_cn_coupling,sub_03,plate_1,cond_1145,B12,1,11,2026-01-15,22.285805207574974,,1,0,lot_plate_1,lc_01,demo,ok,demo,PdC,L1,Cs2CO3,MeCN,60.0,12.0,1.0
exp_000671,demo_cn_coupling,sub_03,plate_1,cond_1210,C08,2,7,2026-01-15,57.6005688096332,,1,0,lot_plate_1,lc_01,demo,ok,demo,PdC,L2,K2CO3,DMF,80.0,6.0,1.0
exp_000672,demo_cn_coupling,sub_03,plate_1,cond_1229,F10,5,9,2026-01-15,40.50329180094369,,1,0,lot_plate_1,lc_01,demo,ok,demo,PdC,L2,Cs2CO3,Tol,80.0,12.0,1.0
exp_000673,demo_cn_coupling,sub_03,plate_1,cond_1245,F12,5,11,2026-01-15,31.458140284237558,,1,0,lot_plate_1,lc_01,demo,ok,demo,PdC,L2,Cs2CO3,DMF,80.0,2.0,1.0
exp_000674,demo_cn_coupling,sub_03,plate_1,cond_1252,E01,4,0,2026-01-15,18.463808905670255,,1,0,lot_plate_1,lc_01,demo,ok,demo,PdC,L2,Cs2CO3,MeCN,60.0,6.0,1.0
exp_000675,demo_cn_coupling,sub_03,plate_1,cond_1260,E02,4,1,2026-01-15,0.0,,1,0,lot_plate_1,lc_01,demo,ok,demo,PdC,L2,NaOtBu,Tol,60.0,2.0,1.0
exp_000676,demo_cn_coupling,sub_03,plate_1,cond_1274,C04,2,3,2026-01-15,0.0,,1,0,lot_plate_1,lc_01,demo,ok,demo,PdC,L2,NaOtBu,Diox,80.0,12.0,1.0
exp_000677,demo_cn_coupling,sub_03,plate_1,cond_1279,H04,7,3,2026-01-15,0.0,,1,0,lot_plate_1,lc_01,demo,ok,demo,PdC,L2,NaOtBu,DMF,60.0,6.0,1.0
exp_000678,demo_cn_coupling,sub_03,plate_1,cond_1295,H06,7,5,2026-01-15,0.0,,1,0,lot_plate_1,lc_01,demo,ok,demo,PdC,L2,NaOtBu,MeCN,100.0,12.0,1.0
exp_000679,demo_cn_coupling,sub_03,plate_1,cond_1299,D07,3,6,2026-01-15,50.20127634395695,,1,0,lot_plate_1,lc_01,demo,ok,demo,PdC,L3,K2CO3,Tol,80.0,2.0,1.0
exp_000680,demo_cn_coupling,sub_03,plate_1,cond_1303,H07,7,6,2026-01-15,60.7736011821753,,1,0,lot_plate_1,lc_01,demo,ok,demo,PdC,L3,K2CO3,Tol,100.0,6.0,1.0
exp_000681,demo_cn_coupling,sub_03,plate_1,cond_1315,D09,3,8,2026-01-15,46.2468633242347,,1,0,lot_plate_1,lc_01,demo,ok,demo,PdC,L3,K2CO3,DMF,60.0,6.0,1.0
exp_000682,demo_cn_coupling,sub_03,plate_1,cond_1334,G11,6,10,2026-01-15,20.760296809256058,,1,0,lot_plate_1,lc_01,demo,ok,demo,PdC,L3,Cs2CO3,Tol,60.0,12.0,1.0
exp_000683,demo_cn_coupling,sub_03,plate_1,cond_1362,C03,2,2,2026-01-15,18.263117378666777,,1,0,lot_plate_1,lc_01,demo,ok,demo,PdC,L3,Cs2CO3,MeCN,80.0,2.0,1.0
exp_000684,demo_cn_coupling,sub_03,plate_1,cond_1363,D03,3,2,2026-01-15,16.95644190444914,,1,0,lot_plate_1,lc_01,demo,ok,demo,PdC,L3,Cs2CO3,MeCN,80.0,6.0,1.0
exp_000685,demo_cn_coupling,sub_03,plate_1,cond_1377,B05,1,4,2026-01-15,0.0,,1,0,lot_plate_1,lc_01,demo,ok,demo,PdC,L3,NaOtBu,Diox,60.0,2.0,1.0
exp_000686,demo_cn_coupling,sub_03,plate_1,cond_1381,F05,5,4,2026-01-15,0.0,,1,0,lot_plate_1,lc_01,demo,ok,demo,PdC,L3,NaOtBu,Diox,80.0,6.0,1.0
exp_000687,demo_cn_coupling,sub_03,plate_1,cond_1408,A09,0,8,2026-01-15,45.568664176503766,,1,0,lot_plate_1,lc_01,demo,ok,demo,PdC,L4,K2CO3,Tol,80.0,6.0,1.0
exp_000688,demo_cn_coupling,sub_03,plate_1,cond_1411,D09,3,8,2026-01-15,46.484145463198836,,1,0,lot_plate_1,lc_01,demo,ok,demo,PdC,L4,K2CO3,Tol,100.0,6.0,1.0
exp_000689,demo_cn_coupling,sub_03,plate_1,cond_1415,H09,7,8,2026-01-15,37.3189136280932,,1,0,lot_plate_1,lc_01,demo,ok,demo,PdC,L4,K2CO3,Diox,60.0,12.0,1.0
exp_000690,demo_cn_coupling,sub_03,plate_1,cond_1437,F12,5,11,2026-01-15,36.533515511214624,,1,0,lot_plate_1,lc_01,demo,ok,demo,PdC,L4,K2CO3,MeCN,100.0,2.0,1.0
exp_000691,demo_cn_coupling,sub_03,plate_1,cond_1439,H12,7,11,2026-01-15,32.88912523292677,,1,0,lot_plate_1,lc_01,demo,ok,demo,PdC,L4,K2CO3,MeCN,100.0,12.0,1.0
exp_000692,demo_cn_coupling,sub_03,plate_1,cond_1442,C01,2,0,2026-01-15,19.546615497305396,,1,0,lot_plate_1,lc_01,demo,ok,demo,PdC,L4,Cs2CO3,Tol,60.0,12.0,1.0
exp_000693,demo_cn_coupling,sub_03,plate_1,cond_1460,E03,4,2,2026-01-15,4.2939737489683525,,1,0,lot_plate_1,lc_01,demo,ok,demo,PdC,L4,Cs2CO3,DMF,60.0,12.0,1.0
exp_000694,demo_cn_coupling,sub_03,plate_1,cond_1470,G04,6,3,2026-01-15,9.315806636880875,,1,0,lot_plate_1,lc_01,demo,ok,demo,PdC,L4,Cs2CO3,MeCN,80.0,2.0,1.0
exp_000695,demo_cn_coupling,sub_03,plate_1,cond_1490,C07,2,6,2026-01-15,0.0,,1,0,lot_plate_1,lc_01,demo,ok,demo,PdC,L4,NaOtBu,Diox,80.0,12.0,1.0
exp_000696,demo_cn_coupling,sub_03,plate_1,cond_1498,C08,2,7,2026-01-15,0.0,,1,0,lot_plate_1,lc_01,demo,ok,demo,PdC,L4,NaOtBu,DMF,80.0,6.0,1.0
exp_000697,demo_cn_coupling,sub_03,plate_1,cond_1507,D09,3,8,2026-01-15,0.0,,1,0,lot_plate_1,lc_01,demo,ok,demo,PdC,L4,NaOtBu,MeCN,80.0,6.0,1.0
exp_000698,demo_cn_coupling,sub_03,plate_1,cond_1509,F09,5,8,2026-01-15,0.0,,1,0,lot_plate_1,lc_01,demo,ok,demo,PdC,L4,NaOtBu,MeCN,100.0,2.0,1.0
exp_000699,demo_cn_coupling,sub_03,plate_1,cond_1522,C11,2,10,2026-01-15,28.164471207857414,,1,0,lot_plate_1,lc_01,demo,ok,demo,PdC,L5,K2CO3,Diox,60.0,6.0,1.0
exp_000700,demo_cn_coupling,sub_03,plate_1,cond_1524,E11,4,10,2026-01-15,32.91928488007045,,1,0,lot_plate_1,lc_01,demo,ok,demo,PdC,L5,K2CO3,Diox,80.0,2.0,1.0
exp_000701,demo_cn_coupling,sub_03,plate_1,cond_1528,A12,0,11,2026-01-15,28.41843087831606,,1,0,lot_plate_1,lc_01,demo,ok,demo,PdC,L5,K2CO3,Diox,100.0,6.0,1.0
exp_000702,demo_cn_coupling,sub_03,plate_1,cond_1542,G01,6,0,2026-01-15,24.196305944325943,,1,0,lot_plate_1,lc_01,demo,ok,demo,PdC,L5,K2CO3,MeCN,80.0,2.0,1.0
exp_000703,demo_cn_coupling,sub_03,plate_1,cond_1547,D02,3,1,2026-01-15,21.006893807915112,,1,0,lot_plate_1,lc_01,demo,ok,demo,PdC,L5,K2CO3,MeCN,100.0,12.0,1.0
exp_000704,demo_cn_coupling,sub_03,plate_1,cond_1560,A04,0,3,2026-01-15,5.124412063823038,,1,0,lot_plate_1,lc_01,demo,ok,demo,PdC,L5,Cs2CO3,Diox,80.0,2.0,1.0
exp_000705,demo_cn_coupling,sub_03,plate_1,cond_1590,G07,6,6,2026-01-15,0.0,,1,0,lot_plate_1,lc_01,demo,ok,demo,PdC,L5,NaOtBu,Tol,100.0,2.0,1.0
exp_000706,demo_cn_coupling,sub_03,plate_1,cond_1603,D09,3,8,2026-01-15,0.0,,1,0,lot_plate_1,lc_01,demo,ok,demo,PdC,L5,NaOtBu,DMF,60.0,6.0,1.0
exp_000707,demo_cn_coupling,sub_03,plate_1,cond_1611,D10,3,9,2026-01-15,0.0,,1,0,lot_plate_1,lc_01,demo,ok,demo,PdC,L5,NaOtBu,MeCN,60.0,2.0,1.0
exp_000708,demo_cn_coupling,sub_03,plate_1,cond_1616,A11,0,10,2026-01-15,0.0,,1,0,lot_plate_1,lc_01,demo,ok,demo,PdC,L5,NaOtBu,MeCN,80.0,12.0,1.0
exp_000709,demo_cn_coupling,sub_03,plate_1,cond_1620,E11,4,10,2026-01-15,54.697216332076934,,1,1,lot_plate_1,lc_01,demo,ok,demo,NiA,L1,K2CO3,Tol,60.0,2.0,1.0
exp_000710,demo_cn_coupling,sub_03,plate_1,cond_1636,E01,4,0,2026-01-15,53.324267842757976,,1,0,lot_plate_1,lc_01,demo,ok,demo,NiA,L1,K2CO3,Diox,100.0,6.0,1.0
exp_000711,demo_cn_coupling,sub_03,plate_1,cond_1638,G01,6,0,2026-01-15,48.40052449581156,,1,0,lot_plate_1,lc_01,demo,ok,demo,NiA,L1,K2CO3,DMF,60.0,2.0,1.0
exp_000712,demo_cn_coupling,sub_03,plate_1,cond_1644,E02,4,1,2026-01-15,56.18002161776605,,1,0,lot_plate_1,lc_01,demo,ok,demo,NiA,L1,K2CO3,DMF,100.0,2.0,1.0
exp_000713,demo_cn_coupling,sub_03,plate_1,cond_1684,E07,4,6,2026-01-15,16.7399679972512,,1,0,lot_plate_1,lc_01,demo,ok,demo,NiA,L1,Cs2CO3,MeCN,60.0,6.0,1.0
exp_000714,demo_cn_coupling,sub_03,plate_1,cond_1696,A09,0,8,2026-01-15,0.0,,1,0,lot_plate_1,lc_01,demo,ok,demo,NiA,L1,NaOtBu,Tol,80.0,6.0,1.0
exp_000715,demo_cn_coupling,sub_03,plate_1,cond_1711,H10,7,9,2026-01-15,0.0,,1,0,lot_plate_1,lc_01,demo,ok,demo,NiA,L1,NaOtBu,DMF,60.0,6.0,1.0
exp_000716,demo_cn_coupling,sub_03,plate_1,cond_1720,A12,0,11,2026-01-15,0.0,,1,0,lot_plate_1,lc_01,demo,ok,demo,NiA,L1,NaOtBu,MeCN,60.0,6.0,1.0
exp_000717,demo_cn_coupling,sub_03,plate_1,cond_1721,B12,1,11,2026-01-15,0.0,,1,0,lot_plate_1,lc_01,demo,ok,demo,NiA,L1,NaOtBu,MeCN,60.0,12.0,1.0
exp_000718,demo_cn_coupling,sub_03,plate_1,cond_1737,B02,1,1,2026-01-15,37.57035870603514,,1,0,lot_plate_1,lc_01,demo,ok,demo,NiA,L2,K2CO3,Diox,60.0,2.0,1.0
exp_000719,demo_cn_coupling,sub_03,plate_1,cond_1767,H05,7,4,2026-01-15,21.971296595440933,,1,0,lot_plate_1,lc_01,demo,ok,demo,NiA,L2,Cs2CO3,Tol,80.0,2.0,1.0
exp_000720,demo_cn_coupling,sub_03,plate_1,cond_1777,B07,1,6,2026-01-15,17.466282376799803,,1,0,lot_plate_1,lc_01,demo,ok,demo,NiA,L2,Cs2CO3,Diox,80.0,6.0,1.0
exp_000721,demo_cn_coupling,sub_03,plate_1,cond_1782,G07,6,6,2026-01-15,10.85675630899726,,1,0,lot_plate_1,lc_01,demo,ok,demo,NiA,L2,Cs2CO3,DMF,60.0,2.0,1.0
exp_000722,demo_cn_coupling,sub_03,plate_1,cond_1788,E08,4,7,2026-01-15,12.127116286486768,,1,0,lot_plate_1,lc_01,demo,ok,demo,NiA,L2,Cs2CO3,DMF,100.0,2.0,1.0
exp_000723,demo_cn_coupling,sub_03,plate_1,cond_1798,G09,6,8,2026-01-15,8.170513106717106,,1,0,lot_plate_1,lc_01,demo,ok,demo,NiA,L2,Cs2CO3,MeCN,100.0,6.0,1.0
exp_000724,demo_cn_coupling,sub_03,plate_1,cond_1804,E10,4,9,2026-01-15,0.0,,1,0,lot_plate_1,lc_01,demo,ok,demo,NiA,L2,NaOtBu,Tol,80.0,6.0,1.0
exp_000725,demo_cn_coupling,sub_03,plate_1,cond_1822,G12,6,11,2026-01-15,0.0,,1,0,lot_plate_1,lc_01,demo,ok,demo,NiA,L2,NaOtBu,DMF,80.0,6.0,1.0
exp_000726,demo_cn_coupling,sub_03,plate_1,cond_1823,H12,7,11,2026-01-15,0.0,,1,0,lot_plate_1,lc_01,demo,ok,demo,NiA,L2,NaOtBu,DMF,80.0,12.0,1.0
exp_000727,demo_cn_coupling,sub_03,plate_1,cond_1827,D01,3,0,2026-01-15,0.0,,1,0,lot_plate_1,lc_01,demo,ok,demo,NiA,L2,NaOtBu,MeCN,60.0,2.0,1.0
exp_000728,demo_cn_coupling,sub_03,plate_1,cond_1840,A03,0,2,2026-01-15,39.99006227004958,,1,0,lot_plate_1,lc_01,demo,ok,demo,NiA,L3,K2CO3,Tol,80.0,6.0,1.0
exp_000729,demo_cn_coupling,sub_03,plate_1,cond_1845,F03,5,2,2026-01-15,32.25690232087978,,1,0,lot_plate_1,lc_01,demo,ok,demo,NiA,L3,K2CO3,Diox,60.0,2.0,1.0
exp_000730,demo_cn_coupling,sub_03,plate_1,cond_1859,D05,3,4,2026-01-15,28.87551683581291,,1,0,lot_plate_1,lc_01,demo,ok,demo,NiA,L3,K2CO3,DMF,80.0,12.0,1.0
exp_000731,demo_cn_coupling,sub_03,plate_1,cond_1864,A06,0,5,2026-01-15,21.98639052689222,,1,0,lot_plate_1,lc_01,demo,ok,demo,NiA,L3,K2CO3,MeCN,60.0,6.0,1.0
exp_000732,demo_cn_coupling,sub_03,plate_1,cond_1867,D06,3,5,2026-01-15,32.40089649126308,,1,0,lot_plate_1,lc_01,demo,ok,demo,NiA,L3,K2CO3,MeCN,80.0,6.0,1.0
exp_000733,demo_cn_coupling,sub_03,plate_1,cond_1872,A07,0,6,2026-01-15,3.1108885686590306,,1,0,lot_plate_1,lc_01,demo,ok,demo,NiA,L3,Cs2CO3,Tol,60.0,2.0,1.0
exp_000734,demo_cn_coupling,sub_03,plate_1,cond_1874,C07,2,6,2026-01-15,7.737146533219821,,1,0,lot_plate_1,lc_01,demo,ok,demo,NiA,L3,Cs2CO3,Tol,60.0,12.0,1.0
exp_000735,demo_cn_coupling,sub_03,plate_1,cond_1893,F09,5,8,2026-01-15,7.668611113142045,,1,0,lot_plate_1,lc_01,demo,ok,demo,NiA,L3,Cs2CO3,DMF,80.0,2.0,1.0
exp_000736,demo_cn_coupling,sub_03,plate_1,cond_1907,D11,3,10,2026-01-15,0.0,,1,0,lot_plate_1,lc_01,demo,ok,demo,NiA,L3,Cs2CO3,MeCN,100.0,12.0,1.0
exp_000737,demo_cn_coupling,sub_03,plate_1,cond_1924,E01,4,0,2026-01-15,0.0,,1,0,lot_plate_1,lc_01,demo,ok,demo,NiA,L3,NaOtBu,Diox,100.0,6.0,1.0
exp_000738,demo_cn_coupling,sub_03,plate_1,cond_1926,G01,6,0,2026-01-15,0.0,,1,0,lot_plate_1,lc_01,demo,ok,demo,NiA,L3,NaOtBu,DMF,60.0,2.0,1.0
exp_000739,demo_cn_coupling,sub_03,plate_1,cond_1927,H01,7,0,2026-01-15,0.0,,1,0,lot_plate_1,lc_01,demo,ok,demo,NiA,L3,NaOtBu,DMF,60.0,6.0,1.0
exp_000740,demo_cn_coupling,sub_03,plate_1,cond_1929,B02,1,1,2026-01-15,0.0,,1,0,lot_plate_1,lc_01,demo,ok,demo,NiA,L3,NaOtBu,DMF,80.0,2.0,1.0
exp_000741,demo_cn_coupling,sub_03,plate_1,cond_1944,A04,0,3,2026-01-15,18.84770576415157,,1,0,lot_plate_1,lc_01,demo,ok,demo,NiA,L4,K2CO3,Tol,60.0,2.0,1.0
exp_000742,demo_cn_coupling,sub_03,plate_1,cond_1946,C04,2,3,2026-01-15,18.296610928507363,,1,0,lot_plate_1,lc_01,demo,ok,demo,NiA,L4,K2CO3,Tol,60.0,12.0,1.0
exp_000743,demo_cn_coupling,sub_03,plate_1,cond_1949,F04,5,3,2026-01-15,24.17859148477712,,1,0,lot_plate_1,lc_01,demo,ok,demo,NiA,L4,K2CO3,Tol,80.0,12.0,1.0
exp_000744,demo_cn_coupling,sub_03,plate_1,cond_1961,B06,1,5,2026-01-15,19.508371277738433,,1,0,lot_plate_1,lc_01,demo,ok,demo,NiA,L4,K2CO3,Diox,100.0,12.0,1.0
exp_000745,demo_cn_coupling,sub_03,plate_1,cond_1967,H06,7,5,2026-01-15,17.9650769465049,,1,0,lot_plate_1,lc_01,demo,ok,demo,NiA,L4,K2CO3,DMF,80.0,12.0,1.0
exp_000746,demo_cn_coupling,sub_03,plate_1,cond_1989,F09,5,8,2026-01-15,0.0,,1,0,lot_plate_1,lc_01,demo,ok,demo,NiA,L4,Cs2CO3,Diox,60.0,2.0,1.0
exp_000747,demo_cn_coupling,sub_03,plate_1,cond_1997,F10,5,9,2026-01-15,0.0,,1,0,lot_plate_1,lc_01,demo,ok,demo,NiA,L4,Cs2CO3,Diox,100.0,12.0,1.0
exp_000748,demo_cn_coupling,sub_03,plate_1,cond_2003,D11,3,10,2026-01-15,0.0,,1,0,lot_plate_1,lc_01,demo,ok,demo,NiA,L4,Cs2CO3,DMF,80.0,12.0,1.0
exp_000749,demo_cn_coupling,sub_03,plate_1,cond_2018,C01,2,0,2026-01-15,0.0,,1,0,lot_plate_1,lc_01,demo,ok,demo,NiA,L4,NaOtBu,Tol,60.0,12.0,1.0
exp_000750,demo_cn_coupling,sub_03,plate_1,cond_2033,B03,1,2,2026-01-15,0.0,,1,0,lot_plate_1,lc_01,demo,ok,demo,NiA,L4,NaOtBu,Diox,100.0,12.0,1.0
exp_000751,demo_cn_coupling,sub_03,plate_1,cond_2035,D03,3,2,2026-01-15,0.0,,1,0,lot_plate_1,lc_01,demo,ok,demo,NiA,L4,NaOtBu,DMF,60.0,6.0,1.0
exp_000752,demo_cn_coupling,sub_03,plate_1,cond_2037,F03,5,2,2026-01-15,0.0,,1,0,lot_plate_1,lc_01,demo,ok,demo,NiA,L4,NaOtBu,DMF,80.0,2.0,1.0
exp_000753,demo_cn_coupling,sub_03,plate_1,cond_2040,A04,0,3,2026-01-15,0.0,,1,0,lot_plate_1,lc_01,demo,ok,demo,NiA,L4,NaOtBu,DMF,100.0,2.0,1.0
exp_000754,demo_cn_coupling,sub_03,plate_1,cond_2051,D05,3,4,2026-01-15,0.0,,1,0,lot_plate_1,lc_01,demo,ok,demo,NiA,L4,NaOtBu,MeCN,100.0,12.0,1.0
exp_000755,demo_cn_coupling,sub_03,plate_1,cond_2055,H05,7,4,2026-01-15,10.579823976305473,,1,0,lot_plate_1,lc_01,demo,ok,demo,NiA,L5,K2CO3,Tol,80.0,2.0,1.0
exp_000756,demo_cn_coupling,sub_03,plate_1,cond_2078,G08,6,7,2026-01-15,5.559784120195733,,1,0,lot_plate_1,lc_01,demo,ok,demo,NiA,L5,K2CO3,DMF,100.0,12.0,1.0
exp_000757,demo_cn_coupling,sub_03,plate_1,cond_2100,E11,4,10,2026-01-15,0.0,,1,0,lot_plate_1,lc_01,demo,ok,demo,NiA,L5,Cs2CO3,Diox,80.0,2.0,1.0
exp_000758,demo_cn_coupling,sub_03,plate_1,cond_2125,F02,5,1,2026-01-15,0.0,,1,0,lot_plate_1,lc_01,demo,ok,demo,NiA,L5,NaOtBu,Tol,60.0,6.0,1.0
exp_000759,demo_cn_coupling,sub_03,plate_1,cond_2149,F05,5,4,2026-01-15,0.0,,1,0,lot_plate_1,lc_01,demo,ok,demo,NiA,L5,NaOtBu,DMF,100.0,6.0,1.0
exp_000760,demo_cn_coupling,sub_03,plate_2,cond_0000,A01,0,0,2026-02-15,73.61960360590678,,1,1,lot_plate_2,lc_01,demo,ok,demo,PdA,L1,K2CO3,Tol,60.0,2.0,1.0
exp_000761,demo_cn_coupling,sub_03,plate_2,cond_0540,E08,4,7,2026-02-15,82.99756624870523,,1,1,lot_plate_2,lc_01,demo,ok,demo,PdB,L1,K2CO3,Tol,60.0,2.0,1.0
exp_000762,demo_cn_coupling,sub_03,plate_2,cond_1080,A04,0,3,2026-02-15,88.79520225816292,,1,1,lot_plate_2,lc_01,demo,ok,demo,PdC,L1,K2CO3,Tol,60.0,2.0,1.0
exp_000763,demo_cn_coupling,sub_03,plate_2,cond_1620,E11,4,10,2026-02-15,71.36850836230292,,1,1,lot_plate_2,lc_01,demo,ok,demo,NiA,L1,K2CO3,Tol,60.0,2.0,1.0
exp_000764,demo_cn_coupling,sub_03,plate_3,cond_0000,A01,0,0,2026-03-15,67.18828612589064,,1,1,lot_plate_3,lc_01,demo,ok,demo,PdA,L1,K2CO3,Tol,60.0,2.0,1.0
exp_000765,demo_cn_coupling,sub_03,plate_3,cond_0540,E08,4,7,2026-03-15,81.84731430988283,,1,1,lot_plate_3,lc_01,demo,ok,demo,PdB,L1,K2CO3,Tol,60.0,2.0,1.0
exp_000766,demo_cn_coupling,sub_03,plate_3,cond_1080,A04,0,3,2026-03-15,79.83902942590747,,1,1,lot_plate_3,lc_01,demo,ok,demo,PdC,L1,K2CO3,Tol,60.0,2.0,1.0
exp_000767,demo_cn_coupling,sub_03,plate_3,cond_1620,E11,4,10,2026-03-15,68.47782395633168,,1,1,lot_plate_3,lc_01,demo,ok,demo,NiA,L1,K2CO3,Tol,60.0,2.0,1.0
exp_000768,demo_cn_coupling,sub_04,plate_1,cond_0000,A01,0,0,2026-01-15,53.77185684255454,,1,1,lot_plate_1,lc_01,demo,ok,demo,PdA,L1,K2CO3,Tol,60.0,2.0,1.0
exp_000769,demo_cn_coupling,sub_04,plate_1,cond_0540,E08,4,7,2026-01-15,56.953485176867716,,1,1,lot_plate_1,lc_01,demo,ok,demo,PdB,L1,K2CO3,Tol,60.0,2.0,1.0
exp_000770,demo_cn_coupling,sub_04,plate_1,cond_1080,A04,0,3,2026-01-15,46.377312821473964,,1,1,lot_plate_1,lc_01,demo,ok,demo,PdC,L1,K2CO3,Tol,60.0,2.0,1.0
exp_000771,demo_cn_coupling,sub_04,plate_1,cond_1620,E11,4,10,2026-01-15,34.56522225627566,,1,1,lot_plate_1,lc_01,demo,ok,demo,NiA,L1,K2CO3,Tol,60.0,2.0,1.0
exp_000772,demo_cn_coupling,sub_04,plate_2,cond_0000,A01,0,0,2026-02-15,74.279055239115,,1,1,lot_plate_2,lc_01,demo,ok,demo,PdA,L1,K2CO3,Tol,60.0,2.0,1.0
exp_000773,demo_cn_coupling,sub_04,plate_2,cond_0005,F01,5,0,2026-02-15,74.96117479346465,,1,0,lot_plate_2,lc_01,demo,ok,demo,PdA,L1,K2CO3,Tol,80.0,12.0,1.0
exp_000774,demo_cn_coupling,sub_04,plate_2,cond_0011,D02,3,1,2026-02-15,66.61771201648233,,1,0,lot_plate_2,lc_01,demo,ok,demo,PdA,L1,K2CO3,Diox,60.0,12.0,1.0
exp_000775,demo_cn_coupling,sub_04,plate_2,cond_0024,A04,0,3,2026-02-15,55.87641681349888,,1,0,lot_plate_2,lc_01,demo,ok,demo,PdA,L1,K2CO3,DMF,100.0,2.0,1.0
exp_000776,demo_cn_coupling,sub_04,plate_2,cond_0041,B06,1,5,2026-02-15,82.4179086384672,,1,0,lot_plate_2,lc_01,demo,ok,demo,PdA,L1,Cs2CO3,Tol,80.0,12.0,1.0
exp_000777,demo_cn_coupling,sub_04,plate_2,cond_0075,D10,3,9,2026-02-15,73.18545949597876,,1,0,lot_plate_2,lc_01,demo,ok,demo,PdA,L1,NaOtBu,Tol,80.0,2.0,1.0
exp_000778,demo_cn_coupling,sub_04,plate_2,cond_0083,D11,3,10,2026-02-15,66.25536181131548,,1,0,lot_plate_2,lc_01,demo,ok,demo,PdA,L1,NaOtBu,Diox,60.0,12.0,1.0
exp_000779,demo_cn_coupling,sub_04,plate_2,cond_0091,D12,3,11,2026-02-15,53.65433024352744,,1,0,lot_plate_2,lc_01,demo,ok,demo,PdA,L1,NaOtBu,DMF,60.0,6.0,1.0
exp_000780,demo_cn_coupling,sub_04,plate_2,cond_0124,E04,4,3,2026-02-15,66.9968969219888,,1,0,lot_plate_2,lc_01,demo,ok,demo,PdA,L2,K2CO3,Diox,100.0,6.0,1.0
exp_000781,demo_cn_coupling,sub_04,plate_2,cond_0129,B05,1,4,2026-02-15,62.20824802697963,,1,0,lot_plate_2,lc_01,demo,ok,demo,PdA,L2,K2CO3,DMF,80.0,2.0,1.0
exp_000782,demo_cn_coupling,sub_04,plate_2,cond_0133,F05,5,4,2026-02-15,61.31934332973551,,1,0,lot_plate_2,lc_01,demo,ok,demo,PdA,L2,K2CO3,DMF,100.0,6.0,1.0
exp_000783,demo_cn_coupling,sub_04,plate_2,cond_0146,C07,2,6,2026-02-15,71.45945794576221,,1,0,lot_plate_2,lc_01,demo,ok,demo,PdA,L2,Cs2CO3,Tol,60.0,12.0,1.0
exp_000784,demo_cn_coupling,sub_04,plate_2,cond_0159,H08,7,7,2026-02-15,67.68309827955773,,1,0,lot_plate_2,lc_01,demo,ok,demo,PdA,L2,Cs2CO3,Diox,100.0,2.0,1.0
exp_000785,demo_cn_coupling,sub_04,plate_2,cond_0178,C11,2,10,2026-02-15,62.81036179282028,,1,0,lot_plate_2,lc_01,demo,ok,demo,PdA,L2,Cs2CO3,MeCN,100.0,6.0,1.0
exp_000786,demo_cn_coupling,sub_04,plate_2,cond_0183,H11,7,10,2026-02-15,70.33187913332432,,1,0,lot_plate_2,lc_01,demo,ok,demo,PdA,L2,NaOtBu,Tol,80.0,2.0,1.0
exp_000787,demo_cn_coupling,sub_04,plate_2,cond_0206,G02,6,1,2026-02-15,55.02233974102432,,1,0,lot_plate_2,lc_01,demo,ok,demo,PdA,L2,NaOtBu,DMF,100.0,12.0,1.0
exp_000788,demo_cn_coupling,sub_04,plate_2,cond_0207,H02,7,1,2026-02-15,49.301956311342494,,1,0,lot_plate_2,lc_01,demo,ok,demo,PdA,L2,NaOtBu,MeCN,60.0,2.0,1.0
exp_000789,demo_cn_coupling,sub_04,plate_2,cond_0250,C08,2,7,2026-02-15,47.81463244557412,,1,0,lot_plate_2,lc_01,demo,ok,demo,PdA,L3,K2CO3,MeCN,100.0,6.0,1.0
exp_000790,demo_cn_coupling,sub_04,plate_2,cond_0251,D08,3,7,2026-02-15,53.19120804674918,,1,0,lot_plate_2,lc_01,demo,ok,demo,PdA,L3,K2CO3,MeCN,100.0,12.0,1.0
exp_000791,demo_cn_coupling,sub_04,plate_2,cond_0265,B10,1,9,2026-02-15,73.89287056365148,,1,0,lot_plate_2,lc_01,demo,ok,demo,PdA,L3,Cs2CO3,Diox,80.0,6.0,1.0
exp_000792,demo_cn_coupling,sub_04,plate_2,cond_0270,G10,6,9,2026-02-15,57.43059894631127,,1,0,lot_plate_2,lc_01,demo,ok,demo,PdA,L3,Cs2CO3,DMF,60.0,2.0,1.0
exp_000793,demo_cn_coupling,sub_04,plate_2,cond_0298,C02,2,1,2026-02-15,54.535761713650864,,1,0,lot_plate_2,lc_01,demo,ok,demo,PdA,L3,NaOtBu,Diox,60.0,6.0,1.0
exp_000794,demo_cn_coupling,sub_04,plate_2,cond_0313,B04,1,3,2026-02-15,56.966131564879,,1,0,lot_plate_2,lc_01,demo,ok,demo,PdA,L3,NaOtBu,DMF,100.0,6.0,1.0
exp_000795,demo_cn_coupling,sub_04,plate_2,cond_0319,H04,7,3,2026-02-15,54.23187763930489,,1,0,lot_plate_2,lc_01,demo,ok,demo,PdA,L3,NaOtBu,MeCN,80.0,6.0,1.0
exp_000796,demo_cn_coupling,sub_04,plate_2,cond_0326,G05,6,4,2026-02-15,65.11042342800889,,1,0,lot_plate_2,lc_01,demo,ok,demo,PdA,L4,K2CO3,Tol,60.0,12.0,1.0
exp_000797,demo_cn_coupling,sub_04,plate_2,cond_0327,H05,7,4,2026-02-15,70.76256271165326,,1,0,lot_plate_2,lc_01,demo,ok,demo,PdA,L4,K2CO3,Tol,80.0,2.0,1.0
exp_000798,demo_cn_coupling,sub_04,plate_2,cond_0363,D10,3,9,2026-02-15,69.54112159907972,,1,0,lot_plate_2,lc_01,demo,ok,demo,PdA,L4,Cs2CO3,Tol,80.0,2.0,1.0
exp_000799,demo_cn_coupling,sub_04,plate_2,cond_0407,H03,7,2,2026-02-15,54.33659173211509,,1,0,lot_plate_2,lc_01,demo,ok,demo,PdA,L4,NaOtBu,Diox,60.0,12.0,1.0
exp_000800,demo_cn_coupling,sub_04,plate_2,cond_0412,E04,4,3,2026-02-15,52.58813372851413,,1,0,lot_plate_2,lc_01,demo,ok,demo,PdA,L4,NaOtBu,Diox,100.0,6.0,1.0
exp_000801,demo_cn_coupling,sub_04,plate_2,cond_0427,D06,3,5,2026-02-15,43.961019889174445,,1,0,lot_plate_2,lc_01,demo,ok,demo,PdA,L4,NaOtBu,MeCN,80.0,6.0,1.0
exp_000802,demo_cn_coupling,sub_04,plate_2,cond_0439,H07,7,6,2026-02-15,61.4963048518075,,1,0,lot_plate_2,lc_01,demo,ok,demo,PdA,L5,K2CO3,Tol,100.0,6.0,1.0
exp_000803,demo_cn_coupling,sub_04,plate_2,cond_0450,C09,2,8,2026-02-15,44.40682964601969,,1,0,lot_plate_2,lc_01,demo,ok,demo,PdA,L5,K2CO3,DMF,60.0,2.0,1.0
exp_000804,demo_cn_coupling,sub_04,plate_2,cond_0451,D09,3,8,2026-02-15,51.69531589359237,,1,0,lot_plate_2,lc_01,demo,ok,demo,PdA,L5,K2CO3,DMF,60.0,6.0,1.0
exp_000805,demo_cn_coupling,sub_04,plate_2,cond_0455,H09,7,8,2026-02-15,50.50231435315305,,1,0,lot_plate_2,lc_01,demo,ok,demo,PdA,L5,K2CO3,DMF,80.0,12.0,1.0
exp_000806,demo_cn_coupling,sub_04,plate_2,cond_0463,H10,7,9,2026-02-15,42.91875328773068,,1,0,lot_plate_2,lc_01,demo,ok,demo,PdA,L5,K2CO3,MeCN,80.0,6.0,1.0
exp_000807,demo_cn_coupling,sub_04,plate_2,cond_0482,C01,2,0,2026-02-15,62.14279056573396,,1,0,lot_plate_2,lc_01,demo,ok,demo,PdA,L5,Cs2CO3,Diox,80.0,12.0,1.0
exp_000808,demo_cn_coupling,sub_04,plate_2,cond_0523,D06,3,5,2026-02-15,48.172836636266275,,1,0,lot_plate_2,lc_01,demo,ok,demo,PdA,L5,NaOtBu,DMF,60.0,6.0,1.0
exp_000809,demo_cn_coupling,sub_04,plate_2,cond_0530,C07,2,6,2026-02-15,45.82150341021007,,1,0,lot_plate_2,lc_01,demo,ok,demo,PdA,L5,NaOtBu,DMF,100.0,12.0,1.0
exp_000810,demo_cn_coupling,sub_04,plate_2,cond_0532,E07,4,6,2026-02-15,34.63173385215019,,1,0,lot_plate_2,lc_01,demo,ok,demo,PdA,L5,NaOtBu,MeCN,60.0,6.0,1.0
exp_000811,demo_cn_coupling,sub_04,plate_2,cond_0537,B08,1,7,2026-02-15,39.85993569115633,,1,0,lot_plate_2,lc_01,demo,ok,demo,PdA,L5,NaOtBu,MeCN,100.0,2.0,1.0
exp_000812,demo_cn_coupling,sub_04,plate_2,cond_0539,D08,3,7,2026-02-15,42.08648721117324,,1,0,lot_plate_2,lc_01,demo,ok,demo,PdA,L5,NaOtBu,MeCN,100.0,12.0,1.0
exp_000813,demo_cn_coupling,sub_04,plate_2,cond_0540,E08,4,7,2026-02-15,75.19251742161353,,1,1,lot_plate_2,lc_01,demo,ok,demo,PdB,L1,K2CO3,Tol,60.0,2.0,1.0
exp_000814,demo_cn_coupling,sub_04,plate_2,cond_0542,G08,6,7,2026-02-15,74.19460913823328,,1,0,lot_plate_2,lc_01,demo,ok,demo,PdB,L1,K2CO3,Tol,60.0,12.0,1.0
exp_000815,demo_cn_coupling,sub_04,plate_2,cond_0553,B10,1,9,2026-02-15,77.41371083629386,,1,0,lot_plate_2,lc_01,demo,ok,demo,PdB,L1,K2CO3,Diox,80.0,6.0,1.0
exp_000816,demo_cn_coupling,sub_04,plate_2,cond_0557,F10,5,9,2026-02-15,71.64549578069877,,1,0,lot_plate_2,lc_01,demo,ok,demo,PdB,L1,K2CO3,Diox,100.0,12.0,1.0
exp_000817,demo_cn_coupling,sub_04,plate_2,cond_0565,F11,5,10,2026-02-15,62.7372552349007,,1,0,lot_plate_2,lc_01,demo,ok,demo,PdB,L1,K2CO3,DMF,100.0,6.0,1.0
exp_000818,demo_cn_coupling,sub_04,plate_2,cond_0569,B12,1,11,2026-02-15,57.28210971767965,,1,0,lot_plate_2,lc_01,demo,ok,demo,PdB,L1,K2CO3,MeCN,60.0,12.0,1.0
exp_000819,demo_cn_coupling,sub_04,plate_2,cond_0582,G01,6,0,2026-02-15,79.51684429431343,,1,0,lot_plate_2,lc_01,demo,ok,demo,PdB,L1,Cs2CO3,Tol,100.0,2.0,1.0
exp_000820,demo_cn_coupling,sub_04,plate_2,cond_0583,H01,7,0,2026-02-15,82.03875284305417,,1,0,lot_plate_2,lc_01,demo,ok,demo,PdB,L1,Cs2CO3,Tol,100.0,6.0,1.0
exp_000821,demo_cn_coupling,sub_04,plate_2,cond_0587,D02,3,1,2026-02-15,74.30168775185992,,1,0,lot_plate_2,lc_01,demo,ok,demo,PdB,L1,Cs2CO3,Diox,60.0,12.0,1.0
exp_000822,demo_cn_coupling,sub_04,plate_2,cond_0633,B08,1,7,2026-02-15,69.57845452685554,,1,0,lot_plate_2,lc_01,demo,ok,demo,PdB,L1,NaOtBu,DMF,80.0,2.0,1.0
exp_000823,demo_cn_coupling,sub_04,plate_2,cond_0636,E08,4,7,2026-02-15,65.0801195943012,,1,0,lot_plate_2,lc_01,demo,ok,demo,PdB,L1,NaOtBu,DMF,100.0,2.0,1.0
exp_000824,demo_cn_coupling,sub_04,plate_2,cond_0649,B10,1,9,2026-02-15,67.57321834970789,,1,0,lot_plate_2,lc_01,demo,ok,demo,PdB,L2,K2CO3,Tol,60.0,6.0,1.0
exp_000825,demo_cn_coupling,sub_04,plate_2,cond_0675,D01,3,0,2026-02-15,54.73469499446095,,1,0,lot_plate_2,lc_01,demo,ok,demo,PdB,L2,K2CO3,MeCN,60.0,2.0,1.0
exp_000826,demo_cn_coupling,sub_04,plate_2,cond_0682,C02,2,1,2026-02-15,56.971716932040295,,1,0,lot_plate_2,lc_01,demo,ok,demo,PdB,L2,K2CO3,MeCN,100.0,6.0,1.0
exp_000827,demo_cn_coupling,sub_04,plate_2,cond_0701,F04,5,3,2026-02-15,71.47984115001877,,1,0,lot_plate_2,lc_01,demo,ok,demo,PdB,L2,Cs2CO3,Diox,100.0,12.0,1.0
exp_000828,demo_cn_coupling,sub_04,plate_2,cond_0728,A08,0,7,2026-02-15,72.70785474241322,,1,0,lot_plate_2,lc_01,demo,ok,demo,PdB,L2,NaOtBu,Tol,100.0,12.0,1.0
exp_000829,demo_cn_coupling,sub_04,plate_2,cond_0743,H09,7,8,2026-02-15,60.20238595528655,,1,0,lot_plate_2,lc_01,demo,ok,demo,PdB,L2,NaOtBu,DMF,80.0,12.0,1.0
exp_000830,demo_cn_coupling,sub_04,plate_2,cond_0744,A10,0,9,2026-02-15,56.09753107501935,,1,0,lot_plate_2,lc_01,demo,ok,demo,PdB,L2,NaOtBu,DMF,100.0,2.0,1.0
exp_000831,demo_cn_coupling,sub_04,plate_2,cond_0760,A12,0,11,2026-02-15,71.9369404323421,,1,0,lot_plate_2,lc_01,demo,ok,demo,PdB,L3,K2CO3,Tol,80.0,6.0,1.0
exp_000832,demo_cn_coupling,sub_04,plate_2,cond_0770,C01,2,0,2026-02-15,60.78597093010506,,1,0,lot_plate_2,lc_01,demo,ok,demo,PdB,L3,K2CO3,Diox,80.0,12.0,1.0
exp_000833,demo_cn_coupling,sub_04,plate_2,cond_0772,E01,4,0,2026-02-15,54.824900126142985,,1,0,lot_plate_2,lc_01,demo,ok,demo,PdB,L3,K2CO3,Diox,100.0,6.0,1.0
exp_000834,demo_cn_coupling,sub_04,plate_2,cond_0773,F01,5,0,2026-02-15,62.640082703964296,,1,0,lot_plate_2,lc_01,demo,ok,demo,PdB,L3,K2CO3,Diox,100.0,12.0,1.0
exp_000835,demo_cn_coupling,sub_04,plate_2,cond_0774,G01,6,0,2026-02-15,51.45207846668867,,1,0,lot_plate_2,lc_01,demo,ok,demo,PdB,L3,K2CO3,DMF,60.0,2.0,1.0
exp_000836,demo_cn_coupling,sub_04,plate_2,cond_0782,G02,6,1,2026-02-15,53.33229737186683,,1,0,lot_plate_2,lc_01,demo,ok,demo,PdB,L3,K2CO3,DMF,100.0,12.0,1.0
exp_000837,demo_cn_coupling,sub_04,plate_2,cond_0787,D03,3,2,2026-02-15,48.19422555651283,,1,0,lot_plate_2,lc_01,demo,ok,demo,PdB,L3,K2CO3,MeCN,80.0,6.0,1.0
exp_000838,demo_cn_coupling,sub_04,plate_2,cond_0789,F03,5,2,2026-02-15,45.101473143957506,,1,0,lot_plate_2,lc_01,demo,ok,demo,PdB,L3,K2CO3,MeCN,100.0,2.0,1.0
exp_000839,demo_cn_coupling,sub_04,plate_2,cond_0791,H03,7,2,2026-02-15,45.23109963209617,,1,0,lot_plate_2,lc_01,demo,ok,demo,PdB,L3,K2CO3,MeCN,100.0,12.0,1.0
exp_000840,demo_cn_coupling,sub_04,plate_2,cond_0803,D05,3,4,2026-02-15,61.89448085664672,,1,0,lot_plate_2,lc_01,demo,ok,demo,PdB,L3,Cs2CO3,Diox,60.0,12.0,1.0
exp_000841,demo_cn_coupling,sub_04,plate_2,cond_0807,H05,7,4,2026-02-15,65.14752425982536,,1,0,lot_plate_2,lc_01,demo,ok,demo,PdB,L3,Cs2CO3,Diox,100.0,2.0,1.0
exp_000842,demo_cn_coupling,sub_04,plate_2,cond_0824,A08,0,7,2026-02-15,49.617191589095206,,1,0,lot_plate_2,lc_01,demo,ok,demo,PdB,L3,Cs2CO3,MeCN,80.0,12.0,1.0
exp_000843,demo_cn_coupling,sub_04,plate_2,cond_0825,B08,1,7,2026-02-15,54.1725814377603,,1,0,lot_plate_2,lc_01,demo,ok,demo,PdB,L3,Cs2CO3,MeCN,100.0,2.0,1.0
exp_000844,demo_cn_coupling,sub_04,plate_2,cond_0829,F08,5,7,2026-02-15,59.79725037429268,,1,0,lot_plate_2,lc_01,demo,ok,demo,PdB,L3,NaOtBu,Tol,60.0,6.0,1.0
exp_000845,demo_cn_coupling,sub_04,plate_2,cond_0830,G08,6,7,2026-02-15,59.91096757518103,,1,0,lot_plate_2,lc_01,demo,ok,demo,PdB,L3,NaOtBu,Tol,60.0,12.0,1.0
exp_000846,demo_cn_coupling,sub_04,plate_2,cond_0855,H11,7,10,2026-02-15,46.681018734535215,,1,0,lot_plate_2,lc_01,demo,ok,demo,PdB,L3,NaOtBu,MeCN,60.0,2.0,1.0
exp_000847,demo_cn_coupling,sub_04,plate_2,cond_0870,G01,6,0,2026-02-15,57.921794110781946,,1,0,lot_plate_2,lc_01,demo,ok,demo,PdB,L4,K2CO3,Tol,100.0,2.0,1.0
exp_000848,demo_cn_coupling,sub_04,plate_2,cond_0882,C03,2,2,2026-02-15,41.19441918621742,,1,0,lot_plate_2,lc_01,demo,ok,demo,PdB,L4,K2CO3,DMF,60.0,2.0,1.0
exp_000849,demo_cn_coupling,sub_04,plate_2,cond_0902,G05,6,4,2026-02-15,65.17562550484598,,1,0,lot_plate_2,lc_01,demo,ok,demo,PdB,L4,Cs2CO3,Tol,60.0,12.0,1.0
exp_000850,demo_cn_coupling,sub_04,plate_2,cond_0910,G06,6,5,2026-02-15,52.59699943415359,,1,0,lot_plate_2,lc_01,demo,ok,demo,PdB,L4,Cs2CO3,Diox,60.0,6.0,1.0
exp_000851,demo_cn_coupling,sub_04,plate_2,cond_0915,D07,3,6,2026-02-15,56.620202300033434,,1,0,lot_plate_2,lc_01,demo,ok,demo,PdB,L4,Cs2CO3,Diox,100.0,2.0,1.0
exp_000852,demo_cn_coupling,sub_04,plate_2,cond_0918,G07,6,6,2026-02-15,49.408906150731454,,1,0,lot_plate_2,lc_01,demo,ok,demo,PdB,L4,Cs2CO3,DMF,60.0,2.0,1.0
exp_000853,demo_cn_coupling,sub_04,plate_2,cond_0919,H07,7,6,2026-02-15,52.33106456302695,,1,0,lot_plate_2,lc_01,demo,ok,demo,PdB,L4,Cs2CO3,DMF,60.0,6.0,1.0
exp_000854,demo_cn_coupling,sub_04,plate_2,cond_0929,B09,1,8,2026-02-15,41.50263908672921,,1,0,lot_plate_2,lc_01,demo,ok,demo,PdB,L4,Cs2CO3,MeCN,60.0,12.0,1.0
exp_000855,demo_cn_coupling,sub_04,plate_2,cond_0942,G10,6,9,2026-02-15,58.31643727190223,,1,0,lot_plate_2,lc_01,demo,ok,demo,PdB,L4,NaOtBu,Tol,100.0,2.0,1.0
exp_000856,demo_cn_coupling,sub_04,plate_2,cond_0943,H10,7,9,2026-02-15,53.807471440103754,,1,0,lot_plate_2,lc_01,demo,ok,demo,PdB,L4,NaOtBu,Tol,100.0,6.0,1.0
exp_000857,demo_cn_coupling,sub_04,plate_2,cond_0946,C11,2,10,2026-02-15,51.392589450852654,,1,0,lot_plate_2,lc_01,demo,ok,demo,PdB,L4,NaOtBu,Diox,60.0,6.0,1.0
exp_000858,demo_cn_coupling,sub_04,plate_2,cond_0969,B02,1,1,2026-02-15,35.97134800496347,,1,0,lot_plate_2,lc_01,demo,ok,demo,PdB,L4,NaOtBu,MeCN,100.0,2.0,1.0
exp_000859,demo_cn_coupling,sub_04,plate_2,cond_0975,H02,7,1,2026-02-15,50.48738690843269,,1,0,lot_plate_2,lc_01,demo,ok,demo,PdB,L5,K2CO3,Tol,80.0,2.0,1.0
exp_000860,demo_cn_coupling,sub_04,plate_2,cond_0976,A03,0,2,2026-02-15,56.036142282669026,,1,0,lot_plate_2,lc_01,demo,ok,demo,PdB,L5,K2CO3,Tol,80.0,6.0,1.0
exp_000861,demo_cn_coupling,sub_04,plate_2,cond_1002,C06,2,5,2026-02-15,34.29075761164674,,1,0,lot_plate_2,lc_01,demo,ok,demo,PdB,L5,K2CO3,MeCN,80.0,2.0,1.0
exp_000862,demo_cn_coupling,sub_04,plate_2,cond_1023,H08,7,7,2026-02-15,46.16996366021084,,1,0,lot_plate_2,lc_01,demo,ok,demo,PdB,L5,Cs2CO3,Diox,100.0,2.0,1.0
exp_000863,demo_cn_coupling,sub_04,plate_2,cond_1041,B11,1,10,2026-02-15,39.586612855191774,,1,0,lot_plate_2,lc_01,demo,ok,demo,PdB,L5,Cs2CO3,MeCN,100.0,2.0,1.0
exp_000864,demo_cn_coupling,sub_04,plate_2,cond_1042,C11,2,10,2026-02-15,34.74964600404972,,1,0,lot_plate_2,lc_01,demo,ok,demo,PdB,L5,Cs2CO3,MeCN,100.0,6.0,1.0
exp_000865,demo_cn_coupling,sub_04,plate_2,cond_1056,A01,0,0,2026-02-15,41.05911839725447,,1,0,lot_plate_2,lc_01,demo,ok,demo,PdB,L5,NaOtBu,Diox,80.0,2.0,1.0
exp_000866,demo_cn_coupling,sub_04,plate_2,cond_1059,D01,3,0,2026-02-15,41.55820205679852,,1,0,lot_plate_2,lc_01,demo,ok,demo,PdB,L5,NaOtBu,Diox,100.0,2.0,1.0
exp_000867,demo_cn_coupling,sub_04,plate_2,cond_1080,A04,0,3,2026-02-15,68.60789240235364,,1,1,lot_plate_2,lc_01,demo,ok,demo,PdC,L1,K2CO3,Tol,60.0,2.0,1.0
exp_000868,demo_cn_coupling,sub_04,plate_2,cond_1109,F07,5,6,2026-02-15,56.209201860202356,,1,0,lot_plate_2,lc_01,demo,ok,demo,PdC,L1,K2CO3,MeCN,60.0,12.0,1.0
exp_000869,demo_cn_coupling,sub_04,plate_2,cond_1111,H07,7,6,2026-02-15,61.09825039330441,,1,0,lot_plate_2,lc_01,demo,ok,demo,PdC,L1,K2CO3,MeCN,80.0,6.0,1.0
exp_000870,demo_cn_coupling,sub_04,plate_2,cond_1115,D08,3,7,2026-02-15,53.065487459590194,,1,0,lot_plate_2,lc_01,demo,ok,demo,PdC,L1,K2CO3,MeCN,100.0,12.0,1.0
exp_000871,demo_cn_coupling,sub_04,plate_2,cond_1127,H09,7,8,2026-02-15,67.59373897011129,,1,0,lot_plate_2,lc_01,demo,ok,demo,PdC,L1,Cs2CO3,Diox,60.0,12.0,1.0
exp_000872,demo_cn_coupling,sub_04,plate_2,cond_1131,D10,3,9,2026-02-15,71.03186234605467,,1,0,lot_plate_2,lc_01,demo,ok,demo,PdC,L1,Cs2CO3,Diox,100.0,2.0,1.0
exp_000873,demo_cn_coupling,sub_04,plate_2,cond_1140,E11,4,10,2026-02-15,64.65750844429715,,1,0,lot_plate_2,lc_01,demo,ok,demo,PdC,L1,Cs2CO3,DMF,100.0,2.0,1.0
exp_000874,demo_cn_coupling,sub_04,plate_2,cond_1158,G01,6,0,2026-02-15,67.92284628684162,,1,0,lot_plate_2,lc_01,demo,ok,demo,PdC,L1,NaOtBu,Tol,100.0,2.0,1.0
exp_000875,demo_cn_coupling,sub_04,plate_2,cond_1161,B02,1,1,2026-02-15,64.70939277093193,,1,0,lot_plate_2,lc_01,demo,ok,demo,PdC,L1,NaOtBu,Diox,60.0,2.0,1.0
exp_000876,demo_cn_coupling,sub_04,plate_2,cond_1173,F03,5,2,2026-02-15,56.71080009156426,,1,0,lot_plate_2,lc_01,demo,ok,demo,PdC,L1,NaOtBu,DMF,80.0,2.0,1.0
exp_000877,demo_cn_coupling,sub_04,plate_2,cond_1178,C04,2,3,2026-02-15,57.061759701832344,,1,0,lot_plate_2,lc_01,demo,ok,demo,PdC,L1,NaOtBu,DMF,100.0,12.0,1.0
exp_000878,demo_cn_coupling,sub_04,plate_2,cond_1187,D05,3,4,2026-02-15,51.16735637757179,,1,0,lot_plate_2,lc_01,demo,ok,demo,PdC,L1,NaOtBu,MeCN,100.0,12.0,1.0
exp_000879,demo_cn_coupling,sub_04,plate_2,cond_1217,B09,1,8,2026-02-15,43.215494828423104,,1,0,lot_plate_2,lc_01,demo,ok,demo,PdC,L2,K2CO3,MeCN,60.0,12.0,1.0
exp_000880,demo_cn_coupling,sub_04,plate_2,cond_1218,C09,2,8,2026-02-15,49.48401514274438,,1,0,lot_plate_2,lc_01,demo,ok,demo,PdC,L2,K2CO3,MeCN,80.0,2.0,1.0
exp_000881,demo_cn_coupling,sub_04,plate_2,cond_1227,D10,3,9,2026-02-15,67.390009563667,,1,0,lot_plate_2,lc_01,demo,ok,demo,PdC,L2,Cs2CO3,Tol,80.0,2.0,1.0
exp_000882,demo_cn_coupling,sub_04,plate_2,cond_1233,B11,1,10,2026-02-15,61.46370888126708,,1,0,lot_plate_2,lc_01,demo,ok,demo,PdC,L2,Cs2CO3,Diox,60.0,2.0,1.0
exp_000883,demo_cn_coupling,sub_04,plate_2,cond_1234,C11,2,10,2026-02-15,59.417158760890935,,1,0,lot_plate_2,lc_01,demo,ok,demo,PdC,L2,Cs2CO3,Diox,60.0,6.0,1.0
exp_000884,demo_cn_coupling,sub_04,plate_2,cond_1240,A12,0,11,2026-02-15,59.36294658674098,,1,0,lot_plate_2,lc_01,demo,ok,demo,PdC,L2,Cs2CO3,Diox,100.0,6.0,1.0
exp_000885,demo_cn_coupling,sub_04,plate_2,cond_1243,D12,3,11,2026-02-15,50.47245625167287,,1,0,lot_plate_2,lc_01,demo,ok,demo,PdC,L2,Cs2CO3,DMF,60.0,6.0,1.0
exp_000886,demo_cn_coupling,sub_04,plate_2,cond_1248,A01,0,0,2026-02-15,52.176498702154674,,1,0,lot_plate_2,lc_01,demo,ok,demo,PdC,L2,Cs2CO3,DMF,100.0,2.0,1.0
exp_000887,demo_cn_coupling,sub_04,plate_2,cond_1255,H01,7,0,2026-02-15,53.35704792182242,,1,0,lot_plate_2,lc_01,demo,ok,demo,PdC,L2,Cs2CO3,MeCN,80.0,6.0,1.0
exp_000888,demo_cn_coupling,sub_04,plate_2,cond_1271,H03,7,2,2026-02-15,51.09429037165003,,1,0,lot_plate_2,lc_01,demo,ok,demo,PdC,L2,NaOtBu,Diox,60.0,12.0,1.0
exp_000889,demo_cn_coupling,sub_04,plate_2,cond_1272,A04,0,3,2026-02-15,58.48587535726524,,1,0,lot_plate_2,lc_01,demo,ok,demo,PdC,L2,NaOtBu,Diox,80.0,2.0,1.0
exp_000890,demo_cn_coupling,sub_04,plate_2,cond_1326,G10,6,9,2026-02-15,40.04296806403291,,1,0,lot_plate_2,lc_01,demo,ok,demo,PdC,L3,K2CO3,MeCN,80.0,2.0,1.0
exp_000891,demo_cn_coupling,sub_04,plate_2,cond_1347,D01,3,0,2026-02-15,52.36851109714487,,1,0,lot_plate_2,lc_01,demo,ok,demo,PdC,L3,Cs2CO3,Diox,100.0,2.0,1.0
exp_000892,demo_cn_coupling,sub_04,plate_2,cond_1350,G01,6,0,2026-02-15,46.6005223498142,,1,0,lot_plate_2,lc_01,demo,ok,demo,PdC,L3,Cs2CO3,DMF,60.0,2.0,1.0
exp_000893,demo_cn_coupling,sub_04,plate_2,cond_1360,A03,0,2,2026-02-15,35.856815940787634,,1,0,lot_plate_2,lc_01,demo,ok,demo,PdC,L3,Cs2CO3,MeCN,60.0,6.0,1.0
exp_000894,demo_cn_coupling,sub_04,plate_2,cond_1366,G03,6,2,2026-02-15,35.002650224528935,,1,0,lot_plate_2,lc_01,demo,ok,demo,PdC,L3,Cs2CO3,MeCN,100.0,6.0,1.0
exp_000895,demo_cn_coupling,sub_04,plate_2,cond_1375,H04,7,3,2026-02-15,52.00760227804034,,1,0,lot_plate_2,lc_01,demo,ok,demo,PdC,L3,NaOtBu,Tol,100.0,6.0,1.0
exp_000896,demo_cn_coupling,sub_04,plate_2,cond_1388,E06,4,5,2026-02-15,36.98784053896832,,1,0,lot_plate_2,lc_01,demo,ok,demo,PdC,L3,NaOtBu,DMF,60.0,12.0,1.0
exp_000897,demo_cn_coupling,sub_04,plate_2,cond_1409,B09,1,8,2026-02-15,44.768720511682766,,1,0,lot_plate_2,lc_01,demo,ok,demo,PdC,L4,K2CO3,Tol,80.0,12.0,1.0
exp_000898,demo_cn_coupling,sub_04,plate_2,cond_1424,A11,0,10,2026-02-15,25.52458440873107,,1,0,lot_plate_2,lc_01,demo,ok,demo,PdC,L4,K2CO3,DMF,60.0,12.0,1.0
exp_000899,demo_cn_coupling,sub_04,plate_2,cond_1453,F02,5,1,2026-02-15,43.015737798476145,,1,0,lot_plate_2,lc_01,demo,ok,demo,PdC,L4,Cs2CO3,Diox,80.0,6.0,1.0
exp_000900,demo_cn_coupling,sub_04,plate_2,cond_1455,H02,7,1,2026-02-15,38.86478143857656,,1,0,lot_plate_2,lc_01,demo,ok,demo,PdC,L4,Cs2CO3,Diox,100.0,2.0,1.0
exp_000901,demo_cn_coupling,sub_04,plate_2,cond_1456,A03,0,2,2026-02-15,38.42093698646646,,1,0,lot_plate_2,lc_01,demo,ok,demo,PdC,L4,Cs2CO3,Diox,100.0,6.0,1.0
exp_000902,demo_cn_coupling,sub_04,plate_2,cond_1457,B03,1,2,2026-02-15,37.71013250214195,,1,0,lot_plate_2,lc_01,demo,ok,demo,PdC,L4,Cs2CO3,Diox,100.0,12.0,1.0
exp_000903,demo_cn_coupling,sub_04,plate_2,cond_1475,D05,3,4,2026-02-15,25.51064929976491,,1,0,lot_plate_2,lc_01,demo,ok,demo,PdC,L4,Cs2CO3,MeCN,100.0,12.0,1.0
exp_000904,demo_cn_coupling,sub_04,plate_2,cond_1479,H05,7,4,2026-02-15,40.50517797023613,,1,0,lot_plate_2,lc_01,demo,ok,demo,PdC,L4,NaOtBu,Tol,80.0,2.0,1.0
exp_000905,demo_cn_coupling,sub_04,plate_2,cond_1491,D07,3,6,2026-02-15,31.12804446976419,,1,0,lot_plate_2,lc_01,demo,ok,demo,PdC,L4,NaOtBu,Diox,100.0,2.0,1.0
exp_000906,demo_cn_coupling,sub_04,plate_2,cond_1497,B08,1,7,2026-02-15,30.471189678997437,,1,0,lot_plate_2,lc_01,demo,ok,demo,PdC,L4,NaOtBu,DMF,80.0,2.0,1.0
exp_000907,demo_cn_coupling,sub_04,plate_2,cond_1498,C08,2,7,2026-02-15,26.5840443764483,,1,0,lot_plate_2,lc_01,demo,ok,demo,PdC,L4,NaOtBu,DMF,80.0,6.0,1.0
exp_000908,demo_cn_coupling,sub_04,plate_2,cond_1504,A09,0,8,2026-02-15,21.739577692490723,,1,0,lot_plate_2,lc_01,demo,ok,demo,PdC,L4,NaOtBu,MeCN,60.0,6.0,1.0
exp_000909,demo_cn_coupling,sub_04,plate_2,cond_1520,A11,0,10,2026-02-15,23.836520452802702,,1,0,lot_plate_2,lc_01,demo,ok,demo,PdC,L5,K2CO3,Tol,100.0,12.0,1.0
exp_000910,demo_cn_coupling,sub_04,plate_2,cond_1533,F12,5,11,2026-02-15,18.32838064650485,,1,0,lot_plate_2,lc_01,demo,ok,demo,PdC,L5,K2CO3,DMF,80.0,2.0,1.0
exp_000911,demo_cn_coupling,sub_04,plate_2,cond_1539,D01,3,0,2026-02-15,9.729884731861313,,1,0,lot_plate_2,lc_01,demo,ok,demo,PdC,L5,K2CO3,MeCN,60.0,2.0,1.0
exp_000912,demo_cn_coupling,sub_04,plate_2,cond_1544,A02,0,1,2026-02-15,9.001114575277562,,1,0,lot_plate_2,lc_01,demo,ok,demo,PdC,L5,K2CO3,MeCN,80.0,12.0,1.0
exp_000913,demo_cn_coupling,sub_04,plate_2,cond_1556,E03,4,2,2026-02-15,33.060153087774225,,1,0,lot_plate_2,lc_01,demo,ok,demo,PdC,L5,Cs2CO3,Tol,100.0,12.0,1.0
exp_000914,demo_cn_coupling,sub_04,plate_2,cond_1564,E04,4,3,2026-02-15,21.393984093791662,,1,0,lot_plate_2,lc_01,demo,ok,demo,PdC,L5,Cs2CO3,Diox,100.0,6.0,1.0
exp_000915,demo_cn_coupling,sub_04,plate_2,cond_1568,A05,0,4,2026-02-15,11.696422109555678,,1,0,lot_plate_2,lc_01,demo,ok,demo,PdC,L5,Cs2CO3,DMF,60.0,12.0,1.0
exp_000916,demo_cn_coupling,sub_04,plate_2,cond_1576,A06,0,5,2026-02-15,9.707618456597988,,1,0,lot_plate_2,lc_01,demo,ok,demo,PdC,L5,Cs2CO3,MeCN,60.0,6.0,1.0
exp_000917,demo_cn_coupling,sub_04,plate_2,cond_1620,E11,4,10,2026-02-15,53.08932298227945,,1,1,lot_plate_2,lc_01,demo,ok,demo,NiA,L1,K2CO3,Tol,60.0,2.0,1.0
exp_000918,demo_cn_coupling,sub_04,plate_2,cond_1627,D12,3,11,2026-02-15,60.30100581306893,,1,0,lot_plate_2,lc_01,demo,ok,demo,NiA,L1,K2CO3,Tol,100.0,6.0,1.0
exp_000919,demo_cn_coupling,sub_04,plate_2,cond_1639,H01,7,0,2026-02-15,42.35250793598135,,1,0,lot_plate_2,lc_01,demo,ok,demo,NiA,L1,K2CO3,DMF,60.0,6.0,1.0
exp_000920,demo_cn_coupling,sub_04,plate_2,cond_1648,A03,0,2,2026-02-15,38.21221326571808,,1,0,lot_plate_2,lc_01,demo,ok,demo,NiA,L1,K2CO3,MeCN,60.0,6.0,1.0
exp_000921,demo_cn_coupling,sub_04,plate_2,cond_1667,D05,3,4,2026-02-15,48.968259078738335,,1,0,lot_plate_2,lc_01,demo,ok,demo,NiA,L1,Cs2CO3,Diox,60.0,12.0,1.0
exp_000922,demo_cn_coupling,sub_04,plate_2,cond_1682,C07,2,6,2026-02-15,47.52474606080543,,1,0,lot_plate_2,lc_01,demo,ok,demo,NiA,L1,Cs2CO3,DMF,100.0,12.0,1.0
exp_000923,demo_cn_coupling,sub_04,plate_2,cond_1694,G08,6,7,2026-02-15,52.953753169743116,,1,0,lot_plate_2,lc_01,demo,ok,demo,NiA,L1,NaOtBu,Tol,60.0,12.0,1.0
exp_000924,demo_cn_coupling,sub_04,plate_2,cond_1726,G12,6,11,2026-02-15,39.19064257869155,,1,0,lot_plate_2,lc_01,demo,ok,demo,NiA,L1,NaOtBu,MeCN,100.0,6.0,1.0
exp_000925,demo_cn_coupling,sub_04,plate_2,cond_1729,B01,1,0,2026-02-15,38.00094614726087,,1,0,lot_plate_2,lc_01,demo,ok,demo,NiA,L2,K2CO3,Tol,60.0,6.0,1.0
exp_000926,demo_cn_coupling,sub_04,plate_2,cond_1756,E04,4,3,2026-02-15,23.36154581598125,,1,0,lot_plate_2,lc_01,demo,ok,demo,NiA,L2,K2CO3,MeCN,60.0,6.0,1.0
exp_000927,demo_cn_coupling,sub_04,plate_2,cond_1757,F04,5,3,2026-02-15,22.42990276146611,,1,0,lot_plate_2,lc_01,demo,ok,demo,NiA,L2,K2CO3,MeCN,60.0,12.0,1.0
exp_000928,demo_cn_coupling,sub_04,plate_2,cond_1759,H04,7,3,2026-02-15,23.80099309939297,,1,0,lot_plate_2,lc_01,demo,ok,demo,NiA,L2,K2CO3,MeCN,80.0,6.0,1.0
exp_000929,demo_cn_coupling,sub_04,plate_2,cond_1763,D05,3,4,2026-02-15,22.747124223156256,,1,0,lot_plate_2,lc_01,demo,ok,demo,NiA,L2,K2CO3,MeCN,100.0,12.0,1.0
exp_000930,demo_cn_coupling,sub_04,plate_2,cond_1774,G06,6,5,2026-02-15,36.97750094734363,,1,0,lot_plate_2,lc_01,demo,ok,demo,NiA,L2,Cs2CO3,Diox,60.0,6.0,1.0
exp_000931,demo_cn_coupling,sub_04,plate_2,cond_1809,B11,1,10,2026-02-15,25.741532174022762,,1,0,lot_plate_2,lc_01,demo,ok,demo,NiA,L2,NaOtBu,Diox,60.0,2.0,1.0
exp_000932,demo_cn_coupling,sub_04,plate_2,cond_1822,G12,6,11,2026-02-15,31.511763776926813,,1,0,lot_plate_2,lc_01,demo,ok,demo,NiA,L2,NaOtBu,DMF,80.0,6.0,1.0
exp_000933,demo_cn_coupling,sub_04,plate_2,cond_1828,E01,4,0,2026-02-15,20.88059066031599,,1,0,lot_plate_2,lc_01,demo,ok,demo,NiA,L2,NaOtBu,MeCN,60.0,6.0,1.0
exp_000934,demo_cn_coupling,sub_04,plate_2,cond_1872,A07,0,6,2026-02-15,27.43640604901136,,1,0,lot_plate_2,lc_01,demo,ok,demo,NiA,L3,Cs2CO3,Tol,60.0,2.0,1.0
exp_000935,demo_cn_coupling,sub_04,plate_2,cond_1899,D10,3,9,2026-02-15,10.274386027879302,,1,0,lot_plate_2,lc_01,demo,ok,demo,NiA,L3,Cs2CO3,MeCN,60.0,2.0,1.0
exp_000936,demo_cn_coupling,sub_04,plate_2,cond_1924,E01,4,0,2026-02-15,21.11219850772252,,1,0,lot_plate_2,lc_01,demo,ok,demo,NiA,L3,NaOtBu,Diox,100.0,6.0,1.0
exp_000937,demo_cn_coupling,sub_04,plate_2,cond_2005,F11,5,10,2026-02-15,9.707572972165757,,1,0,lot_plate_2,lc_01,demo,ok,demo,NiA,L4,Cs2CO3,DMF,100.0,6.0,1.0
exp_000938,demo_cn_coupling,sub_04,plate_2,cond_2018,C01,2,0,2026-02-15,11.682594827665234,,1,0,lot_plate_2,lc_01,demo,ok,demo,NiA,L4,NaOtBu,Tol,60.0,12.0,1.0
exp_000939,demo_cn_coupling,sub_04,plate_2,cond_2020,E01,4,0,2026-02-15,14.391685350169514,,1,0,lot_plate_2,lc_01,demo,ok,demo,NiA,L4,NaOtBu,Tol,80.0,6.0,1.0
exp_000940,demo_cn_coupling,sub_04,plate_2,cond_2056,A06,0,5,2026-02-15,11.060052047771624,,1,0,lot_plate_2,lc_01,demo,ok,demo,NiA,L5,K2CO3,Tol,80.0,6.0,1.0
exp_000941,demo_cn_coupling,sub_04,plate_2,cond_2074,C08,2,7,2026-02-15,9.872857519921485,,1,0,lot_plate_2,lc_01,demo,ok,demo,NiA,L5,K2CO3,DMF,80.0,6.0,1.0
exp_000942,demo_cn_coupling,sub_04,plate_2,cond_2081,B09,1,8,2026-02-15,9.537160077849371,,1,0,lot_plate_2,lc_01,demo,ok,demo,NiA,L5,K2CO3,MeCN,60.0,12.0,1.0
exp_000943,demo_cn_coupling,sub_04,plate_2,cond_2082,C09,2,8,2026-02-15,9.396977839679112,,1,0,lot_plate_2,lc_01,demo,ok,demo,NiA,L5,K2CO3,MeCN,80.0,2.0,1.0
exp_000944,demo_cn_coupling,sub_04,plate_2,cond_2092,E10,4,9,2026-02-15,11.155503356190998,,1,0,lot_plate_2,lc_01,demo,ok,demo,NiA,L5,Cs2CO3,Tol,80.0,6.0,1.0
exp_000945,demo_cn_coupling,sub_04,plate_2,cond_2093,F10,5,9,2026-02-15,10.97892698066695,,1,0,lot_plate_2,lc_01,demo,ok,demo,NiA,L5,Cs2CO3,Tol,80.0,12.0,1.0
exp_000946,demo_cn_coupling,sub_04,plate_2,cond_2097,B11,1,10,2026-02-15,11.11409987332563,,1,0,lot_plate_2,lc_01,demo,ok,demo,NiA,L5,Cs2CO3,Diox,60.0,2.0,1.0
exp_000947,demo_cn_coupling,sub_04,plate_2,cond_2106,C12,2,11,2026-02-15,10.52050260940056,,1,0,lot_plate_2,lc_01,demo,ok,demo,NiA,L5,Cs2CO3,DMF,60.0,2.0,1.0
exp_000948,demo_cn_coupling,sub_04,plate_2,cond_2107,D12,3,11,2026-02-15,10.402785025717861,,1,0,lot_plate_2,lc_01,demo,ok,demo,NiA,L5,Cs2CO3,DMF,60.0,6.0,1.0
exp_000949,demo_cn_coupling,sub_04,plate_2,cond_2118,G01,6,0,2026-02-15,9.492429148098484,,1,0,lot_plate_2,lc_01,demo,ok,demo,NiA,L5,Cs2CO3,MeCN,80.0,2.0,1.0
exp_000950,demo_cn_coupling,sub_04,plate_2,cond_2119,H01,7,0,2026-02-15,9.374711564415787,,1,0,lot_plate_2,lc_01,demo,ok,demo,NiA,L5,Cs2CO3,MeCN,80.0,6.0,1.0
exp_000951,demo_cn_coupling,sub_04,plate_2,cond_2127,H02,7,1,2026-02-15,11.368672248293068,,1,0,lot_plate_2,lc_01,demo,ok,demo,NiA,L5,NaOtBu,Tol,80.0,2.0,1.0
exp_000952,demo_cn_coupling,sub_04,plate_2,cond_2129,B03,1,2,2026-02-15,11.074378289086322,,1,0,lot_plate_2,lc_01,demo,ok,demo,NiA,L5,NaOtBu,Tol,80.0,12.0,1.0
exp_000953,demo_cn_coupling,sub_04,plate_2,cond_2135,H03,7,2,2026-02-15,10.915257222538258,,1,0,lot_plate_2,lc_01,demo,ok,demo,NiA,L5,NaOtBu,Diox,60.0,12.0,1.0
exp_000954,demo_cn_coupling,sub_04,plate_2,cond_2151,H05,7,4,2026-02-15,10.022356653894864,,1,0,lot_plate_2,lc_01,demo,ok,demo,NiA,L5,NaOtBu,MeCN,60.0,2.0,1.0
exp_000955,demo_cn_coupling,sub_04,plate_2,cond_2153,B06,1,5,2026-02-15,9.728062694688118,,1,0,lot_plate_2,lc_01,demo,ok,demo,NiA,L5,NaOtBu,MeCN,60.0,12.0,1.0
exp_000956,demo_cn_coupling,sub_04,plate_3,cond_0000,A01,0,0,2026-03-15,65.16963987194526,,1,1,lot_plate_3,lc_01,demo,ok,demo,PdA,L1,K2CO3,Tol,60.0,2.0,1.0
exp_000957,demo_cn_coupling,sub_04,plate_3,cond_0540,E08,4,7,2026-03-15,76.1125863026334,,1,1,lot_plate_3,lc_01,demo,ok,demo,PdB,L1,K2CO3,Tol,60.0,2.0,1.0
exp_000958,demo_cn_coupling,sub_04,plate_3,cond_1080,A04,0,3,2026-03-15,69.74334923749862,,1,1,lot_plate_3,lc_01,demo,ok,demo,PdC,L1,K2CO3,Tol,60.0,2.0,1.0
exp_000959,demo_cn_coupling,sub_04,plate_3,cond_1620,E11,4,10,2026-03-15,49.69725684209151,,1,1,lot_plate_3,lc_01,demo,ok,demo,NiA,L1,K2CO3,Tol,60.0,2.0,1.0
exp_000960,demo_cn_coupling,sub_05,plate_1,cond_0000,A01,0,0,2026-01-15,57.482588393997496,,1,1,lot_plate_1,lc_01,demo,ok,demo,PdA,L1,K2CO3,Tol,60.0,2.0,1.0
exp_000961,demo_cn_coupling,sub_05,plate_1,cond_0540,E08,4,7,2026-01-15,60.3314011901652,,1,1,lot_plate_1,lc_01,demo,ok,demo,PdB,L1,K2CO3,Tol,60.0,2.0,1.0
exp_000962,demo_cn_coupling,sub_05,plate_1,cond_1080,A04,0,3,2026-01-15,58.26252035105878,,1,1,lot_plate_1,lc_01,demo,ok,demo,PdC,L1,K2CO3,Tol,60.0,2.0,1.0
exp_000963,demo_cn_coupling,sub_05,plate_1,cond_1620,E11,4,10,2026-01-15,52.54306686616382,,1,1,lot_plate_1,lc_01,demo,ok,demo,NiA,L1,K2CO3,Tol,60.0,2.0,1.0
exp_000964,demo_cn_coupling,sub_05,plate_2,cond_0000,A01,0,0,2026-02-15,71.88017205710143,,1,1,lot_plate_2,lc_01,demo,ok,demo,PdA,L1,K2CO3,Tol,60.0,2.0,1.0
exp_000965,demo_cn_coupling,sub_05,plate_2,cond_0540,E08,4,7,2026-02-15,87.3729092897158,,1,1,lot_plate_2,lc_01,demo,ok,demo,PdB,L1,K2CO3,Tol,60.0,2.0,1.0
exp_000966,demo_cn_coupling,sub_05,plate_2,cond_1080,A04,0,3,2026-02-15,83.4170636030979,,1,1,lot_plate_2,lc_01,demo,ok,demo,PdC,L1,K2CO3,Tol,60.0,2.0,1.0
exp_000967,demo_cn_coupling,sub_05,plate_2,cond_1620,E11,4,10,2026-02-15,73.10603113497972,,1,1,lot_plate_2,lc_01,demo,ok,demo,NiA,L1,K2CO3,Tol,60.0,2.0,1.0
exp_000968,demo_cn_coupling,sub_05,plate_3,cond_0000,A01,0,0,2026-03-15,67.8341023775716,,1,1,lot_plate_3,lc_01,demo,ok,demo,PdA,L1,K2CO3,Tol,60.0,2.0,1.0
exp_000969,demo_cn_coupling,sub_05,plate_3,cond_0029,F04,5,3,2026-03-15,56.95703270475977,,1,0,lot_plate_3,lc_01,demo,ok,demo,PdA,L1,K2CO3,MeCN,60.0,12.0,1.0
exp_000970,demo_cn_coupling,sub_05,plate_3,cond_0038,G05,6,4,2026-03-15,44.85316186908127,,1,0,lot_plate_3,lc_01,demo,ok,demo,PdA,L1,Cs2CO3,Tol,60.0,12.0,1.0
exp_000971,demo_cn_coupling,sub_05,plate_3,cond_0049,B07,1,6,2026-03-15,47.31886679976038,,1,0,lot_plate_3,lc_01,demo,ok,demo,PdA,L1,Cs2CO3,Diox,80.0,6.0,1.0
exp_000972,demo_cn_coupling,sub_05,plate_3,cond_0059,D08,3,7,2026-03-15,40.70392413747497,,1,0,lot_plate_3,lc_01,demo,ok,demo,PdA,L1,Cs2CO3,DMF,80.0,12.0,1.0
exp_000973,demo_cn_coupling,sub_05,plate_3,cond_0063,H08,7,7,2026-03-15,36.80039175296395,,1,0,lot_plate_3,lc_01,demo,ok,demo,PdA,L1,Cs2CO3,MeCN,60.0,2.0,1.0
exp_000974,demo_cn_coupling,sub_05,plate_3,cond_0084,E11,4,10,2026-03-15,17.44852096316889,,1,0,lot_plate_3,lc_01,demo,ok,demo,PdA,L1,NaOtBu,Diox,80.0,2.0,1.0
exp_000975,demo_cn_coupling,sub_05,plate_3,cond_0093,F12,5,11,2026-03-15,13.842099609708102,,1,0,lot_plate_3,lc_01,demo,ok,demo,PdA,L1,NaOtBu,DMF,80.0,2.0,1.0
exp_000976,demo_cn_coupling,sub_05,plate_3,cond_0128,A05,0,4,2026-03-15,56.15507713353179,,1,0,lot_plate_3,lc_01,demo,ok,demo,PdA,L2,K2CO3,DMF,60.0,12.0,1.0
exp_000977,demo_cn_coupling,sub_05,plate_3,cond_0135,H05,7,4,2026-03-15,61.140796317877296,,1,0,lot_plate_3,lc_01,demo,ok,demo,PdA,L2,K2CO3,MeCN,60.0,2.0,1.0
exp_000978,demo_cn_coupling,sub_05,plate_3,cond_0161,B09,1,8,2026-03-15,47.171168212703705,,1,0,lot_plate_3,lc_01,demo,ok,demo,PdA,L2,Cs2CO3,Diox,100.0,12.0,1.0
exp_000979,demo_cn_coupling,sub_05,plate_3,cond_0194,C01,2,0,2026-03-15,19.42622934811203,,1,0,lot_plate_3,lc_01,demo,ok,demo,PdA,L2,NaOtBu,Diox,80.0,12.0,1.0
exp_000980,demo_cn_coupling,sub_05,plate_3,cond_0199,H01,7,0,2026-03-15,15.864247489647235,,1,0,lot_plate_3,lc_01,demo,ok,demo,PdA,L2,NaOtBu,DMF,60.0,6.0,1.0
exp_000981,demo_cn_coupling,sub_05,plate_3,cond_0220,E04,4,3,2026-03-15,69.9719667584341,,1,0,lot_plate_3,lc_01,demo,ok,demo,PdA,L3,K2CO3,Tol,80.0,6.0,1.0
exp_000982,demo_cn_coupling,sub_05,plate_3,cond_0224,A05,0,4,2026-03-15,72.17890416318347,,1,0,lot_plate_3,lc_01,demo,ok,demo,PdA,L3,K2CO3,Tol,100.0,12.0,1.0
exp_000983,demo_cn_coupling,sub_05,plate_3,cond_0227,D05,3,4,2026-03-15,63.03807380085495,,1,0,lot_plate_3,lc_01,demo,ok,demo,PdA,L3,K2CO3,Diox,60.0,12.0,1.0
exp_000984,demo_cn_coupling,sub_05,plate_3,cond_0246,G07,6,6,2026-03-15,62.180677518926935,,1,0,lot_plate_3,lc_01,demo,ok,demo,PdA,L3,K2CO3,MeCN,80.0,2.0,1.0
exp_000985,demo_cn_coupling,sub_05,plate_3,cond_0253,F08,5,7,2026-03-15,52.5022402502378,,1,0,lot_plate_3,lc_01,demo,ok,demo,PdA,L3,Cs2CO3,Tol,60.0,6.0,1.0
exp_000986,demo_cn_coupling,sub_05,plate_3,cond_0255,H08,7,7,2026-03-15,53.84142676551368,,1,0,lot_plate_3,lc_01,demo,ok,demo,PdA,L3,Cs2CO3,Tol,80.0,2.0,1.0
exp_000987,demo_cn_coupling,sub_05,plate_3,cond_0262,G09,6,8,2026-03-15,49.66219373907971,,1,0,lot_plate_3,lc_01,demo,ok,demo,PdA,L3,Cs2CO3,Diox,60.0,6.0,1.0
exp_000988,demo_cn_coupling,sub_05,plate_3,cond_0284,E12,4,11,2026-03-15,38.23895801919807,,1,0,lot_plate_3,lc_01,demo,ok,demo,PdA,L3,Cs2CO3,MeCN,80.0,12.0,1.0
exp_000989,demo_cn_coupling,sub_05,plate_3,cond_0286,G12,6,11,2026-03-15,47.798829650392456,,1,0,lot_plate_3,lc_01,demo,ok,demo,PdA,L3,Cs2CO3,MeCN,100.0,6.0,1.0
exp_000990,demo_cn_coupling,sub_05,plate_3,cond_0288,A01,0,0,2026-03-15,19.160913477062785,,1,0,lot_plate_3,lc_01,demo,ok,demo,PdA,L3,NaOtBu,Tol,60.0,2.0,1.0
exp_000991,demo_cn_coupling,sub_05,plate_3,cond_0289,B01,1,0,2026-03-15,23.96349580991092,,1,0,lot_plate_3,lc_01,demo,ok,demo,PdA,L3,NaOtBu,Tol,60.0,6.0,1.0
exp_000992,demo_cn_coupling,sub_05,plate_3,cond_0311,H03,7,2,2026-03-15,14.95575896959804,,1,0,lot_plate_3,lc_01,demo,ok,demo,PdA,L3,NaOtBu,DMF,80.0,12.0,1.0
exp_000993,demo_cn_coupling,sub_05,plate_3,cond_0325,F05,5,4,2026-03-15,68.44372228484912,,1,0,lot_plate_3,lc_01,demo,ok,demo,PdA,L4,K2CO3,Tol,60.0,6.0,1.0
exp_000994,demo_cn_coupling,sub_05,plate_3,cond_0334,G06,6,5,2026-03-15,69.01950578204521,,1,0,lot_plate_3,lc_01,demo,ok,demo,PdA,L4,K2CO3,Diox,60.0,6.0,1.0
exp_000995,demo_cn_coupling,sub_05,plate_3,cond_0335,H06,7,5,2026-03-15,66.01740561560382,,1,0,lot_plate_3,lc_01,demo,ok,demo,PdA,L4,K2CO3,Diox,60.0,12.0,1.0
exp_000996,demo_cn_coupling,sub_05,plate_3,cond_0343,H07,7,6,2026-03-15,55.3072134696388,,1,0,lot_plate_3,lc_01,demo,ok,demo,PdA,L4,K2CO3,DMF,60.0,6.0,1.0
exp_000997,demo_cn_coupling,sub_05,plate_3,cond_0353,B09,1,8,2026-03-15,57.37993124180597,,1,0,lot_plate_3,lc_01,demo,ok,demo,PdA,L4,K2CO3,MeCN,60.0,12.0,1.0
exp_000998,demo_cn_coupling,sub_05,plate_3,cond_0356,E09,4,8,2026-03-15,54.8518656446079,,1,0,lot_plate_3,lc_01,demo,ok,demo,PdA,L4,K2CO3,MeCN,80.0,12.0,1.0
exp_000999,demo_cn_coupling,sub_05,plate_3,cond_0363,D10,3,9,2026-03-15,56.46526971469593,,1,0,lot_plate_3,lc_01,demo,ok,demo,PdA,L4,Cs2CO3,Tol,80.0,2.0,1.0
exp_001000,demo_cn_coupling,sub_05,plate_3,cond_0368,A11,0,10,2026-03-15,62.86478723458949,,1,0,lot_plate_3,lc_01,demo,ok,demo,PdA,L4,Cs2CO3,Tol,100.0,12.0,1.0
exp_001001,demo_cn_coupling,sub_05,plate_3,cond_0421,F05,5,4,2026-03-15,21.369096819476134,,1,0,lot_plate_3,lc_01,demo,ok,demo,PdA,L4,NaOtBu,DMF,100.0,6.0,1.0
exp_001002,demo_cn_coupling,sub_05,plate_3,cond_0449,B09,1,8,2026-03-15,70.67556823815433,,1,0,lot_plate_3,lc_01,demo,ok,demo,PdA,L5,K2CO3,Diox,100.0,12.0,1.0
exp_001003,demo_cn_coupling,sub_05,plate_3,cond_0451,D09,3,8,2026-03-15,61.104007678362464,,1,0,lot_plate_3,lc_01,demo,ok,demo,PdA,L5,K2CO3,DMF,60.0,6.0,1.0
exp_001004,demo_cn_coupling,sub_05,plate_3,cond_0455,H09,7,8,2026-03-15,62.17579612216711,,1,0,lot_plate_3,lc_01,demo,ok,demo,PdA,L5,K2CO3,DMF,80.0,12.0,1.0
exp_001005,demo_cn_coupling,sub_05,plate_3,cond_0463,H10,7,9,2026-03-15,61.243791659200355,,1,0,lot_plate_3,lc_01,demo,ok,demo,PdA,L5,K2CO3,MeCN,80.0,6.0,1.0
exp_001006,demo_cn_coupling,sub_05,plate_3,cond_0475,D12,3,11,2026-03-15,60.76508924313566,,1,0,lot_plate_3,lc_01,demo,ok,demo,PdA,L5,Cs2CO3,Tol,100.0,6.0,1.0
exp_001007,demo_cn_coupling,sub_05,plate_3,cond_0481,B01,1,0,2026-03-15,45.70431302764619,,1,0,lot_plate_3,lc_01,demo,ok,demo,PdA,L5,Cs2CO3,Diox,80.0,6.0,1.0
exp_001008,demo_cn_coupling,sub_05,plate_3,cond_0487,H01,7,0,2026-03-15,47.488764994843976,,1,0,lot_plate_3,lc_01,demo,ok,demo,PdA,L5,Cs2CO3,DMF,60.0,6.0,1.0
exp_001009,demo_cn_coupling,sub_05,plate_3,cond_0488,A02,0,1,2026-03-15,39.25727304902677,,1,0,lot_plate_3,lc_01,demo,ok,demo,PdA,L5,Cs2CO3,DMF,60.0,12.0,1.0
exp_001010,demo_cn_coupling,sub_05,plate_3,cond_0496,A03,0,2,2026-03-15,40.67838447470636,,1,0,lot_plate_3,lc_01,demo,ok,demo,PdA,L5,Cs2CO3,MeCN,60.0,6.0,1.0
exp_001011,demo_cn_coupling,sub_05,plate_3,cond_0516,E05,4,4,2026-03-15,23.827808994364137,,1,0,lot_plate_3,lc_01,demo,ok,demo,PdA,L5,NaOtBu,Diox,80.0,2.0,1.0
exp_001012,demo_cn_coupling,sub_05,plate_3,cond_0528,A07,0,6,2026-03-15,24.931135649703716,,1,0,lot_plate_3,lc_01,demo,ok,demo,PdA,L5,NaOtBu,DMF,100.0,2.0,1.0
exp_001013,demo_cn_coupling,sub_05,plate_3,cond_0534,G07,6,6,2026-03-15,11.472361695616359,,1,0,lot_plate_3,lc_01,demo,ok,demo,PdA,L5,NaOtBu,MeCN,80.0,2.0,1.0
exp_001014,demo_cn_coupling,sub_05,plate_3,cond_0540,E08,4,7,2026-03-15,75.4422428577383,,1,1,lot_plate_3,lc_01,demo,ok,demo,PdB,L1,K2CO3,Tol,60.0,2.0,1.0
exp_001015,demo_cn_coupling,sub_05,plate_3,cond_0542,G08,6,7,2026-03-15,73.06986629452749,,1,0,lot_plate_3,lc_01,demo,ok,demo,PdB,L1,K2CO3,Tol,60.0,12.0,1.0
exp_001016,demo_cn_coupling,sub_05,plate_3,cond_0560,A11,0,10,2026-03-15,67.1660167632398,,1,0,lot_plate_3,lc_01,demo,ok,demo,PdB,L1,K2CO3,DMF,60.0,12.0,1.0
exp_001017,demo_cn_coupling,sub_05,plate_3,cond_0564,E11,4,10,2026-03-15,80.28285889534371,,1,0,lot_plate_3,lc_01,demo,ok,demo,PdB,L1,K2CO3,DMF,100.0,2.0,1.0
exp_001018,demo_cn_coupling,sub_05,plate_3,cond_0578,C01,2,0,2026-03-15,52.633067977652495,,1,0,lot_plate_3,lc_01,demo,ok,demo,PdB,L1,Cs2CO3,Tol,60.0,12.0,1.0
exp_001019,demo_cn_coupling,sub_05,plate_3,cond_0615,H05,7,4,2026-03-15,32.87006154239025,,1,0,lot_plate_3,lc_01,demo,ok,demo,PdB,L1,NaOtBu,Tol,80.0,2.0,1.0
exp_001020,demo_cn_coupling,sub_05,plate_3,cond_0638,G08,6,7,2026-03-15,29.018117717637292,,1,0,lot_plate_3,lc_01,demo,ok,demo,PdB,L1,NaOtBu,DMF,100.0,12.0,1.0
exp_001021,demo_cn_coupling,sub_05,plate_3,cond_0646,G09,6,8,2026-03-15,27.197664234530535,,1,0,lot_plate_3,lc_01,demo,ok,demo,PdB,L1,NaOtBu,MeCN,100.0,6.0,1.0
exp_001022,demo_cn_coupling,sub_05,plate_3,cond_0649,B10,1,9,2026-03-15,76.96278522109766,,1,0,lot_plate_3,lc_01,demo,ok,demo,PdB,L2,K2CO3,Tol,60.0,6.0,1.0
exp_001023,demo_cn_coupling,sub_05,plate_3,cond_0671,H12,7,11,2026-03-15,72.23104444395162,,1,0,lot_plate_3,lc_01,demo,ok,demo,PdB,L2,K2CO3,DMF,80.0,12.0,1.0
exp_001024,demo_cn_coupling,sub_05,plate_3,cond_0704,A05,0,4,2026-03-15,49.96021689041681,,1,0,lot_plate_3,lc_01,demo,ok,demo,PdB,L2,Cs2CO3,DMF,60.0,12.0,1.0
exp_001025,demo_cn_coupling,sub_05,plate_3,cond_0732,E08,4,7,2026-03-15,30.104347857408833,,1,0,lot_plate_3,lc_01,demo,ok,demo,PdB,L2,NaOtBu,Diox,80.0,2.0,1.0
exp_001026,demo_cn_coupling,sub_05,plate_3,cond_0734,G08,6,7,2026-03-15,26.361035323232812,,1,0,lot_plate_3,lc_01,demo,ok,demo,PdB,L2,NaOtBu,Diox,80.0,12.0,1.0
exp_001027,demo_cn_coupling,sub_05,plate_3,cond_0737,B09,1,8,2026-03-15,35.25315924395607,,1,0,lot_plate_3,lc_01,demo,ok,demo,PdB,L2,NaOtBu,Diox,100.0,12.0,1.0
exp_001028,demo_cn_coupling,sub_05,plate_3,cond_0741,F09,5,8,2026-03-15,19.533016931142125,,1,0,lot_plate_3,lc_01,demo,ok,demo,PdB,L2,NaOtBu,DMF,80.0,2.0,1.0
exp_001029,demo_cn_coupling,sub_05,plate_3,cond_0751,H10,7,9,2026-03-15,23.041024053902323,,1,0,lot_plate_3,lc_01,demo,ok,demo,PdB,L2,NaOtBu,MeCN,80.0,6.0,1.0
exp_001030,demo_cn_coupling,sub_05,plate_3,cond_0758,G11,6,10,2026-03-15,71.37490349777217,,1,0,lot_plate_3,lc_01,demo,ok,demo,PdB,L3,K2CO3,Tol,60.0,12.0,1.0
exp_001031,demo_cn_coupling,sub_05,plate_3,cond_0765,F12,5,11,2026-03-15,70.83220253179643,,1,0,lot_plate_3,lc_01,demo,ok,demo,PdB,L3,K2CO3,Diox,60.0,2.0,1.0
exp_001032,demo_cn_coupling,sub_05,plate_3,cond_0792,A04,0,3,2026-03-15,54.23804619332293,,1,0,lot_plate_3,lc_01,demo,ok,demo,PdB,L3,Cs2CO3,Tol,60.0,2.0,1.0
exp_001033,demo_cn_coupling,sub_05,plate_3,cond_0793,B04,1,3,2026-03-15,50.72972625186444,,1,0,lot_plate_3,lc_01,demo,ok,demo,PdB,L3,Cs2CO3,Tol,60.0,6.0,1.0
exp_001034,demo_cn_coupling,sub_05,plate_3,cond_0806,G05,6,4,2026-03-15,50.596996164289486,,1,0,lot_plate_3,lc_01,demo,ok,demo,PdB,L3,Cs2CO3,Diox,80.0,12.0,1.0
exp_001035,demo_cn_coupling,sub_05,plate_3,cond_0817,B07,1,6,2026-03-15,53.85353980899797,,1,0,lot_plate_3,lc_01,demo,ok,demo,PdB,L3,Cs2CO3,DMF,100.0,6.0,1.0
exp_001036,demo_cn_coupling,sub_05,plate_3,cond_0834,C09,2,8,2026-03-15,36.457572376421794,,1,0,lot_plate_3,lc_01,demo,ok,demo,PdB,L3,NaOtBu,Tol,100.0,2.0,1.0
exp_001037,demo_cn_coupling,sub_05,plate_3,cond_0849,B11,1,10,2026-03-15,18.708762315184917,,1,0,lot_plate_3,lc_01,demo,ok,demo,PdB,L3,NaOtBu,DMF,80.0,2.0,1.0
exp_001038,demo_cn_coupling,sub_05,plate_3,cond_0850,C11,2,10,2026-03-15,24.98232893101653,,1,0,lot_plate_3,lc_01,demo,ok,demo,PdB,L3,NaOtBu,DMF,80.0,6.0,1.0
exp_001039,demo_cn_coupling,sub_05,plate_3,cond_0860,E12,4,11,2026-03-15,16.72565957855321,,1,0,lot_plate_3,lc_01,demo,ok,demo,PdB,L3,NaOtBu,MeCN,80.0,12.0,1.0
exp_001040,demo_cn_coupling,sub_05,plate_3,cond_0861,F12,5,11,2026-03-15,24.10679821811387,,1,0,lot_plate_3,lc_01,demo,ok,demo,PdB,L3,NaOtBu,MeCN,100.0,2.0,1.0
exp_001041,demo_cn_coupling,sub_05,plate_3,cond_0866,C01,2,0,2026-03-15,66.44407100005444,,1,0,lot_plate_3,lc_01,demo,ok,demo,PdB,L4,K2CO3,Tol,60.0,12.0,1.0
exp_001042,demo_cn_coupling,sub_05,plate_3,cond_0868,E01,4,0,2026-03-15,69.35414710337967,,1,0,lot_plate_3,lc_01,demo,ok,demo,PdB,L4,K2CO3,Tol,80.0,6.0,1.0
exp_001043,demo_cn_coupling,sub_05,plate_3,cond_0890,C04,2,3,2026-03-15,65.44723277743925,,1,0,lot_plate_3,lc_01,demo,ok,demo,PdB,L4,K2CO3,DMF,100.0,12.0,1.0
exp_001044,demo_cn_coupling,sub_05,plate_3,cond_0897,B05,1,4,2026-03-15,66.46170501339297,,1,0,lot_plate_3,lc_01,demo,ok,demo,PdB,L4,K2CO3,MeCN,100.0,2.0,1.0
exp_001045,demo_cn_coupling,sub_05,plate_3,cond_0901,F05,5,4,2026-03-15,51.77420611748822,,1,0,lot_plate_3,lc_01,demo,ok,demo,PdB,L4,Cs2CO3,Tol,60.0,6.0,1.0
exp_001046,demo_cn_coupling,sub_05,plate_3,cond_0902,G05,6,4,2026-03-15,49.50927204275282,,1,0,lot_plate_3,lc_01,demo,ok,demo,PdB,L4,Cs2CO3,Tol,60.0,12.0,1.0
exp_001047,demo_cn_coupling,sub_05,plate_3,cond_0910,G06,6,5,2026-03-15,44.639762859778266,,1,0,lot_plate_3,lc_01,demo,ok,demo,PdB,L4,Cs2CO3,Diox,60.0,6.0,1.0
exp_001048,demo_cn_coupling,sub_05,plate_3,cond_0911,H06,7,5,2026-03-15,45.80103664159841,,1,0,lot_plate_3,lc_01,demo,ok,demo,PdB,L4,Cs2CO3,Diox,60.0,12.0,1.0
exp_001049,demo_cn_coupling,sub_05,plate_3,cond_0922,C08,2,7,2026-03-15,43.81687251158852,,1,0,lot_plate_3,lc_01,demo,ok,demo,PdB,L4,Cs2CO3,DMF,80.0,6.0,1.0
exp_001050,demo_cn_coupling,sub_05,plate_3,cond_0947,D11,3,10,2026-03-15,18.304352879161055,,1,0,lot_plate_3,lc_01,demo,ok,demo,PdB,L4,NaOtBu,Diox,60.0,12.0,1.0
exp_001051,demo_cn_coupling,sub_05,plate_3,cond_0954,C12,2,11,2026-03-15,22.197100814461074,,1,0,lot_plate_3,lc_01,demo,ok,demo,PdB,L4,NaOtBu,DMF,60.0,2.0,1.0
exp_001052,demo_cn_coupling,sub_05,plate_3,cond_0970,C02,2,1,2026-03-15,21.37905753940533,,1,0,lot_plate_3,lc_01,demo,ok,demo,PdB,L4,NaOtBu,MeCN,100.0,6.0,1.0
exp_001053,demo_cn_coupling,sub_05,plate_3,cond_0986,C04,2,3,2026-03-15,59.58937525341564,,1,0,lot_plate_3,lc_01,demo,ok,demo,PdB,L5,K2CO3,Diox,80.0,12.0,1.0
exp_001054,demo_cn_coupling,sub_05,plate_3,cond_0990,G04,6,3,2026-03-15,54.406375792281324,,1,0,lot_plate_3,lc_01,demo,ok,demo,PdB,L5,K2CO3,DMF,60.0,2.0,1.0
exp_001055,demo_cn_coupling,sub_05,plate_3,cond_0994,C05,2,4,2026-03-15,55.068435332178865,,1,0,lot_plate_3,lc_01,demo,ok,demo,PdB,L5,K2CO3,DMF,80.0,6.0,1.0
exp_001056,demo_cn_coupling,sub_05,plate_3,cond_0996,E05,4,4,2026-03-15,61.29385562523354,,1,0,lot_plate_3,lc_01,demo,ok,demo,PdB,L5,K2CO3,DMF,100.0,2.0,1.0
exp_001057,demo_cn_coupling,sub_05,plate_3,cond_1002,C06,2,5,2026-03-15,58.28923720414517,,1,0,lot_plate_3,lc_01,demo,ok,demo,PdB,L5,K2CO3,MeCN,80.0,2.0,1.0
exp_001058,demo_cn_coupling,sub_05,plate_3,cond_1024,A09,0,8,2026-03-15,47.646370673988926,,1,0,lot_plate_3,lc_01,demo,ok,demo,PdB,L5,Cs2CO3,Diox,100.0,6.0,1.0
exp_001059,demo_cn_coupling,sub_05,plate_3,cond_1025,B09,1,8,2026-03-15,47.98203044644347,,1,0,lot_plate_3,lc_01,demo,ok,demo,PdB,L5,Cs2CO3,Diox,100.0,12.0,1.0
exp_001060,demo_cn_coupling,sub_05,plate_3,cond_1030,G09,6,8,2026-03-15,38.804051224680336,,1,0,lot_plate_3,lc_01,demo,ok,demo,PdB,L5,Cs2CO3,DMF,80.0,6.0,1.0
exp_001061,demo_cn_coupling,sub_05,plate_3,cond_1034,C10,2,9,2026-03-15,44.57488621894126,,1,0,lot_plate_3,lc_01,demo,ok,demo,PdB,L5,Cs2CO3,DMF,100.0,12.0,1.0
exp_001062,demo_cn_coupling,sub_05,plate_3,cond_1038,G10,6,9,2026-03-15,41.72391525971765,,1,0,lot_plate_3,lc_01,demo,ok,demo,PdB,L5,Cs2CO3,MeCN,80.0,2.0,1.0
exp_001063,demo_cn_coupling,sub_05,plate_3,cond_1071,H02,7,1,2026-03-15,6.448328510381639,,1,0,lot_plate_3,lc_01,demo,ok,demo,PdB,L5,NaOtBu,MeCN,60.0,2.0,1.0
exp_001064,demo_cn_coupling,sub_05,plate_3,cond_1080,A04,0,3,2026-03-15,78.45964158676584,,1,1,lot_plate_3,lc_01,demo,ok,demo,PdC,L1,K2CO3,Tol,60.0,2.0,1.0
exp_001065,demo_cn_coupling,sub_05,plate_3,cond_1088,A05,0,4,2026-03-15,81.32053042190668,,1,0,lot_plate_3,lc_01,demo,ok,demo,PdC,L1,K2CO3,Tol,100.0,12.0,1.0
exp_001066,demo_cn_coupling,sub_05,plate_3,cond_1095,H05,7,4,2026-03-15,85.15193185005775,,1,0,lot_plate_3,lc_01,demo,ok,demo,PdC,L1,K2CO3,Diox,100.0,2.0,1.0
exp_001067,demo_cn_coupling,sub_05,plate_3,cond_1127,H09,7,8,2026-03-15,51.9257461918751,,1,0,lot_plate_3,lc_01,demo,ok,demo,PdC,L1,Cs2CO3,Diox,60.0,12.0,1.0
exp_001068,demo_cn_coupling,sub_05,plate_3,cond_1158,G01,6,0,2026-03-15,36.57406502192173,,1,0,lot_plate_3,lc_01,demo,ok,demo,PdC,L1,NaOtBu,Tol,100.0,2.0,1.0
exp_001069,demo_cn_coupling,sub_05,plate_3,cond_1167,H02,7,1,2026-03-15,32.43831049480197,,1,0,lot_plate_3,lc_01,demo,ok,demo,PdC,L1,NaOtBu,Diox,100.0,2.0,1.0
exp_001070,demo_cn_coupling,sub_05,plate_3,cond_1177,B04,1,3,2026-03-15,27.708635767748856,,1,0,lot_plate_3,lc_01,demo,ok,demo,PdC,L1,NaOtBu,DMF,100.0,6.0,1.0
exp_001071,demo_cn_coupling,sub_05,plate_3,cond_1184,A05,0,4,2026-03-15,21.53908440603844,,1,0,lot_plate_3,lc_01,demo,ok,demo,PdC,L1,NaOtBu,MeCN,80.0,12.0,1.0
exp_001072,demo_cn_coupling,sub_05,plate_3,cond_1220,E09,4,8,2026-03-15,68.76466160168128,,1,0,lot_plate_3,lc_01,demo,ok,demo,PdC,L2,K2CO3,MeCN,80.0,12.0,1.0
exp_001073,demo_cn_coupling,sub_05,plate_3,cond_1251,D01,3,0,2026-03-15,42.96481901076745,,1,0,lot_plate_3,lc_01,demo,ok,demo,PdC,L2,Cs2CO3,MeCN,60.0,2.0,1.0
exp_001074,demo_cn_coupling,sub_05,plate_3,cond_1254,G01,6,0,2026-03-15,49.289435269706814,,1,0,lot_plate_3,lc_01,demo,ok,demo,PdC,L2,Cs2CO3,MeCN,80.0,2.0,1.0
exp_001075,demo_cn_coupling,sub_05,plate_3,cond_1255,H01,7,0,2026-03-15,46.29239447644642,,1,0,lot_plate_3,lc_01,demo,ok,demo,PdC,L2,Cs2CO3,MeCN,80.0,6.0,1.0
exp_001076,demo_cn_coupling,sub_05,plate_3,cond_1257,B02,1,1,2026-03-15,49.737053697871175,,1,0,lot_plate_3,lc_01,demo,ok,demo,PdC,L2,Cs2CO3,MeCN,100.0,2.0,1.0
exp_001077,demo_cn_coupling,sub_05,plate_3,cond_1271,H03,7,2,2026-03-15,20.19443291570314,,1,0,lot_plate_3,lc_01,demo,ok,demo,PdC,L2,NaOtBu,Diox,60.0,12.0,1.0
exp_001078,demo_cn_coupling,sub_05,plate_3,cond_1283,D05,3,4,2026-03-15,18.143314605749687,,1,0,lot_plate_3,lc_01,demo,ok,demo,PdC,L2,NaOtBu,DMF,80.0,12.0,1.0
exp_001079,demo_cn_coupling,sub_05,plate_3,cond_1285,F05,5,4,2026-03-15,24.488602715436425,,1,0,lot_plate_3,lc_01,demo,ok,demo,PdC,L2,NaOtBu,DMF,100.0,6.0,1.0
exp_001080,demo_cn_coupling,sub_05,plate_3,cond_1311,H08,7,7,2026-03-15,75.83096614302055,,1,0,lot_plate_3,lc_01,demo,ok,demo,PdC,L3,K2CO3,Diox,100.0,2.0,1.0
exp_001081,demo_cn_coupling,sub_05,plate_3,cond_1315,D09,3,8,2026-03-15,54.23988620402632,,1,0,lot_plate_3,lc_01,demo,ok,demo,PdC,L3,K2CO3,DMF,60.0,6.0,1.0
exp_001082,demo_cn_coupling,sub_05,plate_3,cond_1326,G10,6,9,2026-03-15,59.15437143590071,,1,0,lot_plate_3,lc_01,demo,ok,demo,PdC,L3,K2CO3,MeCN,80.0,2.0,1.0
exp_001083,demo_cn_coupling,sub_05,plate_3,cond_1334,G11,6,10,2026-03-15,46.86021412948612,,1,0,lot_plate_3,lc_01,demo,ok,demo,PdC,L3,Cs2CO3,Tol,60.0,12.0,1.0
exp_001084,demo_cn_coupling,sub_05,plate_3,cond_1349,F01,5,0,2026-03-15,48.08252346773999,,1,0,lot_plate_3,lc_01,demo,ok,demo,PdC,L3,Cs2CO3,Diox,100.0,12.0,1.0
exp_001085,demo_cn_coupling,sub_05,plate_3,cond_1351,H01,7,0,2026-03-15,41.22382398755801,,1,0,lot_plate_3,lc_01,demo,ok,demo,PdC,L3,Cs2CO3,DMF,60.0,6.0,1.0
exp_001086,demo_cn_coupling,sub_05,plate_3,cond_1359,H02,7,1,2026-03-15,40.81132089704366,,1,0,lot_plate_3,lc_01,demo,ok,demo,PdC,L3,Cs2CO3,MeCN,60.0,2.0,1.0
exp_001087,demo_cn_coupling,sub_05,plate_3,cond_1373,F04,5,3,2026-03-15,19.125669543501772,,1,0,lot_plate_3,lc_01,demo,ok,demo,PdC,L3,NaOtBu,Tol,80.0,12.0,1.0
exp_001088,demo_cn_coupling,sub_05,plate_3,cond_1383,H05,7,4,2026-03-15,25.043724995958474,,1,0,lot_plate_3,lc_01,demo,ok,demo,PdC,L3,NaOtBu,Diox,100.0,2.0,1.0
exp_001089,demo_cn_coupling,sub_05,plate_3,cond_1404,E08,4,7,2026-03-15,60.36675621825942,,1,0,lot_plate_3,lc_01,demo,ok,demo,PdC,L4,K2CO3,Tol,60.0,2.0,1.0
exp_001090,demo_cn_coupling,sub_05,plate_3,cond_1411,D09,3,8,2026-03-15,59.20898999574886,,1,0,lot_plate_3,lc_01,demo,ok,demo,PdC,L4,K2CO3,Tol,100.0,6.0,1.0
exp_001091,demo_cn_coupling,sub_05,plate_3,cond_1432,A12,0,11,2026-03-15,50.74950210465079,,1,0,lot_plate_3,lc_01,demo,ok,demo,PdC,L4,K2CO3,MeCN,60.0,6.0,1.0
exp_001092,demo_cn_coupling,sub_05,plate_3,cond_1449,B02,1,1,2026-03-15,42.6605219809674,,1,0,lot_plate_3,lc_01,demo,ok,demo,PdC,L4,Cs2CO3,Diox,60.0,2.0,1.0
exp_001093,demo_cn_coupling,sub_05,plate_3,cond_1451,D02,3,1,2026-03-15,36.33458752912686,,1,0,lot_plate_3,lc_01,demo,ok,demo,PdC,L4,Cs2CO3,Diox,60.0,12.0,1.0
exp_001094,demo_cn_coupling,sub_05,plate_3,cond_1471,H04,7,3,2026-03-15,32.56788075692956,,1,0,lot_plate_3,lc_01,demo,ok,demo,PdC,L4,Cs2CO3,MeCN,80.0,6.0,1.0
exp_001095,demo_cn_coupling,sub_05,plate_3,cond_1477,F05,5,4,2026-03-15,6.8719919584438935,,1,0,lot_plate_3,lc_01,demo,ok,demo,PdC,L4,NaOtBu,Tol,60.0,6.0,1.0
exp_001096,demo_cn_coupling,sub_05,plate_3,cond_1495,H07,7,6,2026-03-15,3.22812393666796,,1,0,lot_plate_3,lc_01,demo,ok,demo,PdC,L4,NaOtBu,DMF,60.0,6.0,1.0
exp_001097,demo_cn_coupling,sub_05,plate_3,cond_1505,B09,1,8,2026-03-15,0.5948119890258781,,1,0,lot_plate_3,lc_01,demo,ok,demo,PdC,L4,NaOtBu,MeCN,60.0,12.0,1.0
exp_001098,demo_cn_coupling,sub_05,plate_3,cond_1509,F09,5,8,2026-03-15,6.783711229451244,,1,0,lot_plate_3,lc_01,demo,ok,demo,PdC,L4,NaOtBu,MeCN,100.0,2.0,1.0
exp_001099,demo_cn_coupling,sub_05,plate_3,cond_1519,H10,7,9,2026-03-15,56.755940352082604,,1,0,lot_plate_3,lc_01,demo,ok,demo,PdC,L5,K2CO3,Tol,100.0,6.0,1.0
exp_001100,demo_cn_coupling,sub_05,plate_3,cond_1528,A12,0,11,2026-03-15,48.720240128966616,,1,0,lot_plate_3,lc_01,demo,ok,demo,PdC,L5,K2CO3,Diox,100.0,6.0,1.0
exp_001101,demo_cn_coupling,sub_05,plate_3,cond_1558,G03,6,2,2026-03-15,25.103469078350294,,1,0,lot_plate_3,lc_01,demo,ok,demo,PdC,L5,Cs2CO3,Diox,60.0,6.0,1.0
exp_001102,demo_cn_coupling,sub_05,plate_3,cond_1561,B04,1,3,2026-03-15,21.846031381354724,,1,0,lot_plate_3,lc_01,demo,ok,demo,PdC,L5,Cs2CO3,Diox,80.0,6.0,1.0
exp_001103,demo_cn_coupling,sub_05,plate_3,cond_1571,D05,3,4,2026-03-15,21.073690609662943,,1,0,lot_plate_3,lc_01,demo,ok,demo,PdC,L5,Cs2CO3,DMF,80.0,12.0,1.0
exp_001104,demo_cn_coupling,sub_05,plate_3,cond_1587,D07,3,6,2026-03-15,5.69004103399356,,1,0,lot_plate_3,lc_01,demo,ok,demo,PdC,L5,NaOtBu,Tol,80.0,2.0,1.0
exp_001105,demo_cn_coupling,sub_05,plate_3,cond_1593,B08,1,7,2026-03-15,4.807542284069969,,1,0,lot_plate_3,lc_01,demo,ok,demo,PdC,L5,NaOtBu,Diox,60.0,2.0,1.0
exp_001106,demo_cn_coupling,sub_05,plate_3,cond_1599,H08,7,7,2026-03-15,5.7778974179301015,,1,0,lot_plate_3,lc_01,demo,ok,demo,PdC,L5,NaOtBu,Diox,100.0,2.0,1.0
exp_001107,demo_cn_coupling,sub_05,plate_3,cond_1604,E09,4,8,2026-03-15,1.4215914248147024,,1,0,lot_plate_3,lc_01,demo,ok,demo,PdC,L5,NaOtBu,DMF,60.0,12.0,1.0
exp_001108,demo_cn_coupling,sub_05,plate_3,cond_1608,A10,0,9,2026-03-15,5.380576234936576,,1,0,lot_plate_3,lc_01,demo,ok,demo,PdC,L5,NaOtBu,DMF,100.0,2.0,1.0
exp_001109,demo_cn_coupling,sub_05,plate_3,cond_1620,E11,4,10,2026-03-15,65.57168206902524,,1,1,lot_plate_3,lc_01,demo,ok,demo,NiA,L1,K2CO3,Tol,60.0,2.0,1.0
exp_001110,demo_cn_coupling,sub_05,plate_3,cond_1622,G11,6,10,2026-03-15,63.204485310620555,,1,0,lot_plate_3,lc_01,demo,ok,demo,NiA,L1,K2CO3,Tol,60.0,12.0,1.0
exp_001111,demo_cn_coupling,sub_05,plate_3,cond_1623,H11,7,10,2026-03-15,72.67439022121032,,1,0,lot_plate_3,lc_01,demo,ok,demo,NiA,L1,K2CO3,Tol,80.0,2.0,1.0
exp_001112,demo_cn_coupling,sub_05,plate_3,cond_1625,B12,1,11,2026-03-15,72.00764299720879,,1,0,lot_plate_3,lc_01,demo,ok,demo,NiA,L1,K2CO3,Tol,80.0,12.0,1.0
exp_001113,demo_cn_coupling,sub_05,plate_3,cond_1627,D12,3,11,2026-03-15,74.9794307518702,,1,0,lot_plate_3,lc_01,demo,ok,demo,NiA,L1,K2CO3,Tol,100.0,6.0,1.0
exp_001114,demo_cn_coupling,sub_05,plate_3,cond_1637,F01,5,0,2026-03-15,67.00616792251975,,1,0,lot_plate_3,lc_01,demo,ok,demo,NiA,L1,K2CO3,Diox,100.0,12.0,1.0
exp_001115,demo_cn_coupling,sub_05,plate_3,cond_1644,E02,4,1,2026-03-15,67.25894053294586,,1,0,lot_plate_3,lc_01,demo,ok,demo,NiA,L1,K2CO3,DMF,100.0,2.0,1.0
exp_001116,demo_cn_coupling,sub_05,plate_3,cond_1678,G06,6,5,2026-03-15,45.86956600873883,,1,0,lot_plate_3,lc_01,demo,ok,demo,NiA,L1,Cs2CO3,DMF,80.0,6.0,1.0
exp_001117,demo_cn_coupling,sub_05,plate_3,cond_1683,D07,3,6,2026-03-15,37.1852226707147,,1,0,lot_plate_3,lc_01,demo,ok,demo,NiA,L1,Cs2CO3,MeCN,60.0,2.0,1.0
exp_001118,demo_cn_coupling,sub_05,plate_3,cond_1701,F09,5,8,2026-03-15,21.635416743316988,,1,0,lot_plate_3,lc_01,demo,ok,demo,NiA,L1,NaOtBu,Diox,60.0,2.0,1.0
exp_001119,demo_cn_coupling,sub_05,plate_3,cond_1703,H09,7,8,2026-03-15,18.5532442967577,,1,0,lot_plate_3,lc_01,demo,ok,demo,NiA,L1,NaOtBu,Diox,60.0,12.0,1.0
exp_001120,demo_cn_coupling,sub_05,plate_3,cond_1716,E11,4,10,2026-03-15,21.64473554651596,,1,0,lot_plate_3,lc_01,demo,ok,demo,NiA,L1,NaOtBu,DMF,100.0,2.0,1.0
exp_001121,demo_cn_coupling,sub_05,plate_3,cond_1718,G11,6,10,2026-03-15,20.137426779673717,,1,0,lot_plate_3,lc_01,demo,ok,demo,NiA,L1,NaOtBu,DMF,100.0,12.0,1.0
exp_001122,demo_cn_coupling,sub_05,plate_3,cond_1728,A01,0,0,2026-03-15,60.47970075418002,,1,0,lot_plate_3,lc_01,demo,ok,demo,NiA,L2,K2CO3,Tol,60.0,2.0,1.0
exp_001123,demo_cn_coupling,sub_05,plate_3,cond_1729,B01,1,0,2026-03-15,61.353400067784435,,1,0,lot_plate_3,lc_01,demo,ok,demo,NiA,L2,K2CO3,Tol,60.0,6.0,1.0
exp_001124,demo_cn_coupling,sub_05,plate_3,cond_1733,F01,5,0,2026-03-15,54.175200037834465,,1,0,lot_plate_3,lc_01,demo,ok,demo,NiA,L2,K2CO3,Tol,80.0,12.0,1.0
exp_001125,demo_cn_coupling,sub_05,plate_3,cond_1735,H01,7,0,2026-03-15,67.44053589223365,,1,0,lot_plate_3,lc_01,demo,ok,demo,NiA,L2,K2CO3,Tol,100.0,6.0,1.0
exp_001126,demo_cn_coupling,sub_05,plate_3,cond_1766,G05,6,4,2026-03-15,36.294238227506945,,1,0,lot_plate_3,lc_01,demo,ok,demo,NiA,L2,Cs2CO3,Tol,60.0,12.0,1.0
exp_001127,demo_cn_coupling,sub_05,plate_3,cond_1791,H08,7,7,2026-03-15,27.8311502436617,,1,0,lot_plate_3,lc_01,demo,ok,demo,NiA,L2,Cs2CO3,MeCN,60.0,2.0,1.0
exp_001128,demo_cn_coupling,sub_05,plate_3,cond_1806,G10,6,9,2026-03-15,18.966959373416074,,1,0,lot_plate_3,lc_01,demo,ok,demo,NiA,L2,NaOtBu,Tol,100.0,2.0,1.0
exp_001129,demo_cn_coupling,sub_05,plate_3,cond_1818,C12,2,11,2026-03-15,4.143634349629906,,1,0,lot_plate_3,lc_01,demo,ok,demo,NiA,L2,NaOtBu,DMF,60.0,2.0,1.0
exp_001130,demo_cn_coupling,sub_05,plate_3,cond_1819,D12,3,11,2026-03-15,2.375776408236053,,1,0,lot_plate_3,lc_01,demo,ok,demo,NiA,L2,NaOtBu,DMF,60.0,6.0,1.0
exp_001131,demo_cn_coupling,sub_05,plate_3,cond_1821,F12,5,11,2026-03-15,4.056405845670816,,1,0,lot_plate_3,lc_01,demo,ok,demo,NiA,L2,NaOtBu,DMF,80.0,2.0,1.0
exp_001132,demo_cn_coupling,sub_05,plate_3,cond_1881,B08,1,7,2026-03-15,23.4263285795747,,1,0,lot_plate_3,lc_01,demo,ok,demo,NiA,L3,Cs2CO3,Diox,60.0,2.0,1.0
exp_001133,demo_cn_coupling,sub_05,plate_3,cond_1884,E08,4,7,2026-03-15,30.902030533150892,,1,0,lot_plate_3,lc_01,demo,ok,demo,NiA,L3,Cs2CO3,Diox,80.0,2.0,1.0
exp_001134,demo_cn_coupling,sub_05,plate_3,cond_1899,D10,3,9,2026-03-15,23.935983132637677,,1,0,lot_plate_3,lc_01,demo,ok,demo,NiA,L3,Cs2CO3,MeCN,60.0,2.0,1.0
exp_001135,demo_cn_coupling,sub_05,plate_3,cond_1918,G12,6,11,2026-03-15,3.202555844024877,,1,0,lot_plate_3,lc_01,demo,ok,demo,NiA,L3,NaOtBu,Diox,60.0,6.0,1.0
exp_001136,demo_cn_coupling,sub_05,plate_3,cond_1920,A01,0,0,2026-03-15,4.883185281459641,,1,0,lot_plate_3,lc_01,demo,ok,demo,NiA,L3,NaOtBu,Diox,80.0,2.0,1.0
exp_001137,demo_cn_coupling,sub_05,plate_3,cond_1944,A04,0,3,2026-03-15,34.64860832239145,,1,0,lot_plate_3,lc_01,demo,ok,demo,NiA,L4,K2CO3,Tol,60.0,2.0,1.0
exp_001138,demo_cn_coupling,sub_05,plate_3,cond_1956,E05,4,4,2026-03-15,33.61577486441742,,1,0,lot_plate_3,lc_01,demo,ok,demo,NiA,L4,K2CO3,Diox,80.0,2.0,1.0
exp_001139,demo_cn_coupling,sub_05,plate_3,cond_1962,C06,2,5,2026-03-15,29.743849861654496,,1,0,lot_plate_3,lc_01,demo,ok,demo,NiA,L4,K2CO3,DMF,60.0,2.0,1.0
exp_001140,demo_cn_coupling,sub_05,plate_3,cond_1970,C07,2,6,2026-03-15,30.293292937287127,,1,0,lot_plate_3,lc_01,demo,ok,demo,NiA,L4,K2CO3,DMF,100.0,12.0,1.0
exp_001141,demo_cn_coupling,sub_05,plate_3,cond_1995,D10,3,9,2026-03-15,18.694264352308906,,1,0,lot_plate_3,lc_01,demo,ok,demo,NiA,L4,Cs2CO3,Diox,100.0,2.0,1.0
exp_001142,demo_cn_coupling,sub_05,plate_3,cond_2030,G02,6,1,2026-03-15,2.324013857993198,,1,0,lot_plate_3,lc_01,demo,ok,demo,NiA,L4,NaOtBu,Diox,80.0,12.0,1.0
exp_001143,demo_cn_coupling,sub_05,plate_3,cond_2044,E04,4,3,2026-03-15,2.8373717308331265,,1,0,lot_plate_3,lc_01,demo,ok,demo,NiA,L4,NaOtBu,MeCN,60.0,6.0,1.0
exp_001144,demo_cn_coupling,sub_05,plate_3,cond_2051,D05,3,4,2026-03-15,2.0145490589362147,,1,0,lot_plate_3,lc_01,demo,ok,demo,NiA,L4,NaOtBu,MeCN,100.0,12.0,1.0
exp_001145,demo_cn_coupling,sub_05,plate_3,cond_2053,F05,5,4,2026-03-15,23.896306361871318,,1,0,lot_plate_3,lc_01,demo,ok,demo,NiA,L5,K2CO3,Tol,60.0,6.0,1.0
exp_001146,demo_cn_coupling,sub_05,plate_3,cond_2091,D10,3,9,2026-03-15,7.132068814406955,,1,0,lot_plate_3,lc_01,demo,ok,demo,NiA,L5,Cs2CO3,Tol,80.0,2.0,1.0
exp_001147,demo_cn_coupling,sub_05,plate_3,cond_2093,F10,5,9,2026-03-15,6.749606814546654,,1,0,lot_plate_3,lc_01,demo,ok,demo,NiA,L5,Cs2CO3,Tol,80.0,12.0,1.0
exp_001148,demo_cn_coupling,sub_05,plate_3,cond_2128,A03,0,2,2026-03-15,4.943971099539067,,1,0,lot_plate_3,lc_01,demo,ok,demo,NiA,L5,NaOtBu,Tol,80.0,6.0,1.0
exp_001149,demo_cn_coupling,sub_05,plate_3,cond_2134,G03,6,2,2026-03-15,4.061472349615476,,1,0,lot_plate_3,lc_01,demo,ok,demo,NiA,L5,NaOtBu,Diox,60.0,6.0,1.0
exp_001150,demo_cn_coupling,sub_05,plate_3,cond_2138,C04,2,3,2026-03-15,2.7534721107884974,,1,0,lot_plate_3,lc_01,demo,ok,demo,NiA,L5,NaOtBu,Diox,80.0,12.0,1.0
exp_001151,demo_cn_coupling,sub_05,plate_3,cond_2157,F06,5,5,2026-03-15,5.432636987993256,,1,0,lot_plate_3,lc_01,demo,ok,demo,NiA,L5,NaOtBu,MeCN,100.0,2.0,1.0
