reaction_id,task_id,substrate_smiles,plate_id,screen_id,condition_id,cond_str,catalyst,catalyst_2,solvent,temp_c,time_h,yield,partner_smiles
RKB-03773982,hit_11,c1ccc2c(c1B1OC(C(O1)(C)C)(C)C)oc(n2)C,screen_SCRN_101,SCRN_101,c_14f5c30068,[Pd](Cl)Cl.P(C1CCCCC1)(C1CCCCC1)C1CCCCC1.P(C1CCCCC1)(C1CCCCC1)C1CCCCC1|MeCN,,Pd(P(Cy)3)2Cl2,MeCN,65.0,18.0,57,CI
RKB-03773983,hit_11,c1ccc2c(c1B1OC(C(O1)(C)C)(C)C)oc(n2)C,screen_SCRN_101,SCRN_101,c_4fdc95dfd7,[Pd](Cl)Cl.P(C(C)(C)C)(C(C)(C)C)c1ccc(N(C)C)cc1.P(C(C)(C)C)(C(C)(C)C)c1ccc(N(C)C)cc1|THF,,Pd-132,THF,65.0,18.0,57,CI
RKB-03773984,hit_11,c1ccc2c(c1B1OC(C(O1)(C)C)(C)C)oc(n2)C,screen_SCRN_101,SCRN_101,c_de1ab90c3c,[Pd](Cl)Cl.P(c1c(cccc1)C)(c1c(cccc1)C)c1c(cccc1)C.P(c1c(cccc1)C)(c1c(cccc1)C)c1c(cccc1)C|t-AmOH,,Pd(P(o-Tol)3)2Cl2,t-AmOH,65.0,18.0,57,CI
RKB-03773985,hit_11,c1ccc2c(c1B1OC(C(O1)(C)C)(C)C)oc(n2)C,screen_SCRN_101,SCRN_101,c_1c0256b33d,[Pd](Cl)Cl.P(C1CCCCC1)(C1CCCCC1)C1CCCCC1.P(C1CCCCC1)(C1CCCCC1)C1CCCCC1|t-AmOH,,Pd(P(Cy)3)2Cl2,t-AmOH,65.0,18.0,56,CI
RKB-03773986,hit_11,c1ccc2c(c1B1OC(C(O1)(C)C)(C)C)oc(n2)C,screen_SCRN_101,SCRN_101,c_493aa05fab,O1c2c(C(c3c1c(ccc3)P(c1ccccc1)c1ccccc1)(C)C)cccc2P(c1ccccc1)c1ccccc1.Cl[Pd]Cl|Toluene,,Pd(XanthPhos)Cl2,Toluene,65.0,18.0,56,CI
RKB-03773987,hit_11,c1ccc2c(c1B1OC(C(O1)(C)C)(C)C)oc(n2)C,screen_SCRN_101,SCRN_101,c_599a93c125,[Pd](Cl)Cl.P(c1c(cccc1)C)(c1c(cccc1)C)c1c(cccc1)C.P(c1c(cccc1)C)(c1c(cccc1)C)c1c(cccc1)C|Toluene,,Pd(P(o-Tol)3)2Cl2,Toluene,65.0,18.0,56,CI
RKB-03773988,hit_11,c1ccc2c(c1B1OC(C(O1)(C)C)(C)C)oc(n2)C,screen_SCRN_101,SCRN_101,c_3196604cd9,[Pd](Cl)Cl.P(C(C)(C)C)(C(C)(C)C)c1ccc(N(C)C)cc1.P(C(C)(C)C)(C(C)(C)C)c1ccc(N(C)C)cc1|MeCN,,Pd-132,MeCN,65.0,18.0,56,CI
RKB-03773989,hit_11,c1ccc2c(c1B1OC(C(O1)(C)C)(C)C)oc(n2)C,screen_SCRN_101,SCRN_101,c_04d73ea970,P(C1CCCC1)(C(C)(C)C)C(C)(C)C.P(C1CCCC1)(C(C)(C)C)C(C)(C)C.[Pd](Cl)Cl.[Fe]|THF,,Pd(dtbpf)Cl2,THF,65.0,18.0,55,CI
RKB-03773990,hit_11,c1ccc2c(c1B1OC(C(O1)(C)C)(C)C)oc(n2)C,screen_SCRN_101,SCRN_101,c_04d73ea970,P(C1CCCC1)(C(C)(C)C)C(C)(C)C.P(C1CCCC1)(C(C)(C)C)C(C)(C)C.[Pd](Cl)Cl.[Fe]|THF,,Pd(dtbpf)Cl2,THF,65.0,18.0,54,CI
RKB-03773991,hit_11,c1ccc2c(c1B1OC(C(O1)(C)C)(C)C)oc(n2)C,screen_SCRN_101,SCRN_101,c_b9c1c9f68d,P(C1CCCC1)(c1ccccc1)c1ccccc1.P(C1CCCC1)(c1ccccc1)c1ccccc1.C(Cl)Cl.[Pd](Cl)Cl.[Fe]|MeCN,,Pd(dppf)Cl2,MeCN,65.0,18.0,54,CI
RKB-03773992,hit_11,c1ccc2c(c1B1OC(C(O1)(C)C)(C)C)oc(n2)C,screen_SCRN_101,SCRN_101,c_aabcb49fef,|THF,,SPhos Pd G4,THF,65.0,18.0,53,CI
RKB-03773993,hit_11,c1ccc2c(c1B1OC(C(O1)(C)C)(C)C)oc(n2)C,screen_SCRN_101,SCRN_101,c_99aeac08ec,O1c2c(C(c3c1c(ccc3)P(c1ccccc1)c1ccccc1)(C)C)cccc2P(c1ccccc1)c1ccccc1.Cl[Pd]Cl|MeCN,,Pd(XanthPhos)Cl2,MeCN,65.0,18.0,51,CI
RKB-03773994,hit_11,c1ccc2c(c1B1OC(C(O1)(C)C)(C)C)oc(n2)C,screen_SCRN_101,SCRN_101,c_94f36c1396,[Pd](Cl)Cl.P(C(C)(C)C)(C(C)(C)C)c1ccc(N(C)C)cc1.P(C(C)(C)C)(C(C)(C)C)c1ccc(N(C)C)cc1|t-AmOH,,Pd-132,t-AmOH,65.0,18.0,51,CI
RKB-03773995,hit_11,c1ccc2c(c1B1OC(C(O1)(C)C)(C)C)oc(n2)C,screen_SCRN_101,SCRN_101,c_c3b27856cb,[Pd](Cl)Cl.P(c1c(cccc1)C)(c1c(cccc1)C)c1c(cccc1)C.P(c1c(cccc1)C)(c1c(cccc1)C)c1c(cccc1)C|MeCN,,Pd(P(o-Tol)3)2Cl2,MeCN,65.0,18.0,50,CI
RKB-03773996,hit_11,c1ccc2c(c1B1OC(C(O1)(C)C)(C)C)oc(n2)C,screen_SCRN_101,SCRN_101,c_ba67a9e214,|Toluene,,SPhos Pd G4,Toluene,65.0,18.0,50,CI
RKB-03773997,hit_11,c1ccc2c(c1B1OC(C(O1)(C)C)(C)C)oc(n2)C,screen_SCRN_101,SCRN_101,c_14f5c30068,[Pd](Cl)Cl.P(C1CCCCC1)(C1CCCCC1)C1CCCCC1.P(C1CCCCC1)(C1CCCCC1)C1CCCCC1|MeCN,,Pd(P(Cy)3)2Cl2,MeCN,65.0,18.0,49,CI
RKB-03773998,hit_11,c1ccc2c(c1B1OC(C(O1)(C)C)(C)C)oc(n2)C,screen_SCRN_101,SCRN_101,c_96da66f8fe,P(C1CCCC1)(c1ccccc1)c1ccccc1.P(C1CCCC1)(c1ccccc1)c1ccccc1.C(Cl)Cl.[Pd](Cl)Cl.[Fe]|THF,,Pd(dppf)Cl2,THF,65.0,18.0,48,CI
RKB-03773999,hit_11,c1ccc2c(c1B1OC(C(O1)(C)C)(C)C)oc(n2)C,screen_SCRN_101,SCRN_101,c_14f5c30068,[Pd](Cl)Cl.P(C1CCCCC1)(C1CCCCC1)C1CCCCC1.P(C1CCCCC1)(C1CCCCC1)C1CCCCC1|MeCN,,Pd(P(Cy)3)2Cl2,MeCN,65.0,18.0,47,CI
RKB-03774000,hit_11,c1ccc2c(c1B1OC(C(O1)(C)C)(C)C)oc(n2)C,screen_SCRN_101,SCRN_101,c_99aeac08ec,O1c2c(C(c3c1c(ccc3)P(c1ccccc1)c1ccccc1)(C)C)cccc2P(c1ccccc1)c1ccccc1.Cl[Pd]Cl|MeCN,,Pd(XanthPhos)Cl2,MeCN,65.0,18.0,47,CI
RKB-03774001,hit_11,c1ccc2c(c1B1OC(C(O1)(C)C)(C)C)oc(n2)C,screen_SCRN_101,SCRN_101,c_2532cb4bab,O1c2c(C(c3c1c(ccc3)P(c1ccccc1)c1ccccc1)(C)C)cccc2P(c1ccccc1)c1ccccc1.Cl[Pd]Cl|t-AmOH,,Pd(XanthPhos)Cl2,t-AmOH,65.0,18.0,46,CI
RKB-03774002,hit_11,c1ccc2c(c1B1OC(C(O1)(C)C)(C)C)oc(n2)C,screen_SCRN_101,SCRN_101,c_71e660ff6b,[Pd].C(P(C(C)(C)C)C(C)(C)C)(C)(C)C.C(P(C(C)(C)C)C(C)(C)C)(C)(C)C|t-AmOH,,Pd(P(tBu)3)2,t-AmOH,65.0,18.0,45,CI
RKB-03774003,hit_11,c1ccc2c(c1B1OC(C(O1)(C)C)(C)C)oc(n2)C,screen_SCRN_101,SCRN_101,c_e03a6b9172,P([C@]12C[C@@H]3C[C@H](C2)C[C@@H](C1)C3)([C@]12C[C@@H]3C[C@@H](C2)C[C@@H](C1)C3)CCCC|THF,Pd(OAc)2,Pd(OAc)2/CataCXium A,THF,65.0,18.0,45,CI
RKB-03774004,hit_11,c1ccc2c(c1B1OC(C(O1)(C)C)(C)C)oc(n2)C,screen_SCRN_101,SCRN_101,c_f7824c77b7,O1c2c(C(c3c1c(ccc3)P(c1ccccc1)c1ccccc1)(C)C)cccc2P(c1ccccc1)c1ccccc1.Cl[Pd]Cl|THF,,Pd(XanthPhos)Cl2,THF,65.0,18.0,44,CI
RKB-03774005,hit_11,c1ccc2c(c1B1OC(C(O1)(C)C)(C)C)oc(n2)C,screen_SCRN_101,SCRN_101,c_577ff4ada9,P([C@]12C[C@@H]3C[C@H](C2)C[C@@H](C1)C3)([C@]12C[C@@H]3C[C@@H](C2)C[C@@H](C1)C3)CCCC|Toluene,Pd(OAc)2,Pd(OAc)2/CataCXium A,Toluene,65.0,18.0,43,CI
RKB-03774006,hit_11,c1ccc2c(c1B1OC(C(O1)(C)C)(C)C)oc(n2)C,screen_SCRN_101,SCRN_101,c_ad8305297d,[Pd](Cl)Cl.P(c1c(cccc1)C)(c1c(cccc1)C)c1c(cccc1)C.P(c1c(cccc1)C)(c1c(cccc1)C)c1c(cccc1)C|THF,,Pd(P(o-Tol)3)2Cl2,THF,65.0,18.0,43,CI
RKB-03774007,hit_11,c1ccc2c(c1B1OC(C(O1)(C)C)(C)C)oc(n2)C,screen_SCRN_101,SCRN_101,c_9eca721d6f,|t-AmOH,,SPhos Pd G4,t-AmOH,65.0,18.0,42,CI
RKB-03774008,hit_11,c1ccc2c(c1B1OC(C(O1)(C)C)(C)C)oc(n2)C,screen_SCRN_101,SCRN_101,c_9eca721d6f,|t-AmOH,,SPhos Pd G4,t-AmOH,65.0,18.0,42,CI
RKB-03774009,hit_11,c1ccc2c(c1B1OC(C(O1)(C)C)(C)C)oc(n2)C,screen_SCRN_101,SCRN_101,c_1e7eb55c8b,P(C1CCCC1)(C(C)(C)C)C(C)(C)C.P(C1CCCC1)(C(C)(C)C)C(C)(C)C.[Pd](Cl)Cl.[Fe]|t-AmOH,,Pd(dtbpf)Cl2,t-AmOH,65.0,18.0,41,CI
RKB-03774010,hit_11,c1ccc2c(c1B1OC(C(O1)(C)C)(C)C)oc(n2)C,screen_SCRN_101,SCRN_101,c_adf3bba061,P(C1CCCC1)(C(C)(C)C)C(C)(C)C.P(C1CCCC1)(C(C)(C)C)C(C)(C)C.[Pd](Cl)Cl.[Fe]|MeCN,,Pd(dtbpf)Cl2,MeCN,65.0,18.0,38,CI
RKB-03774011,hit_11,c1ccc2c(c1B1OC(C(O1)(C)C)(C)C)oc(n2)C,screen_SCRN_101,SCRN_101,c_c87657789e,c1(c2c(P(C3CCCCC3)C3CCCCC3)cccc2)c(cc(cc1C(C)C)C(C)C)C(C)C|t-AmOH,Pd(OAc)2,Pd(OAc)2/XPhos,t-AmOH,65.0,18.0,37,CI
RKB-03774012,hit_11,c1ccc2c(c1B1OC(C(O1)(C)C)(C)C)oc(n2)C,screen_SCRN_101,SCRN_101,c_ad8305297d,[Pd](Cl)Cl.P(c1c(cccc1)C)(c1c(cccc1)C)c1c(cccc1)C.P(c1c(cccc1)C)(c1c(cccc1)C)c1c(cccc1)C|THF,,Pd(P(o-Tol)3)2Cl2,THF,65.0,18.0,35,CI
RKB-03774013,hit_11,c1ccc2c(c1B1OC(C(O1)(C)C)(C)C)oc(n2)C,screen_SCRN_101,SCRN_101,c_87611e347b,C1(C(C(C(C1c1ccccc1)c1ccccc1)c1ccccc1)c1ccccc1)c1ccccc1.P(C(C)(C)C)(C(C)(C)C)C1CCCC1.C1(C(C(C(C1c1ccccc1)c1ccccc1)c1ccccc1)c1ccccc1)c1ccccc1.P(C(C)(C)C)(C(C)(C)C)C1CCCC1.[Fe].[Fe].[Pd]|THF,,Pd(QPhos)2,THF,65.0,18.0,35,CI
RKB-03774014,hit_11,c1ccc2c(c1B1OC(C(O1)(C)C)(C)C)oc(n2)C,screen_SCRN_101,SCRN_101,c_3a6884c52d,C1(C(C(C(C1c1ccccc1)c1ccccc1)c1ccccc1)c1ccccc1)c1ccccc1.P(C(C)(C)C)(C(C)(C)C)C1CCCC1.C1(C(C(C(C1c1ccccc1)c1ccccc1)c1ccccc1)c1ccccc1)c1ccccc1.P(C(C)(C)C)(C(C)(C)C)C1CCCC1.[Fe].[Fe].[Pd]|t-AmOH,,Pd(QPhos)2,t-AmOH,65.0,18.0,34,CI
RKB-03774015,hit_11,c1ccc2c(c1B1OC(C(O1)(C)C)(C)C)oc(n2)C,screen_SCRN_101,SCRN_101,c_9eca721d6f,|t-AmOH,,SPhos Pd G4,t-AmOH,65.0,18.0,34,CI
RKB-03774016,hit_11,c1ccc2c(c1B1OC(C(O1)(C)C)(C)C)oc(n2)C,screen_SCRN_101,SCRN_101,c_9eca721d6f,|t-AmOH,,SPhos Pd G4,t-AmOH,65.0,18.0,34,CI
RKB-03774017,hit_11,c1ccc2c(c1B1OC(C(O1)(C)C)(C)C)oc(n2)C,screen_SCRN_101,SCRN_101,c_4957928872,|MeCN,,SPhos Pd G4,MeCN,65.0,18.0,32,CI
RKB-03774018,hit_11,c1ccc2c(c1B1OC(C(O1)(C)C)(C)C)oc(n2)C,screen_SCRN_101,SCRN_101,c_a86e283b14,c1(c2c(P(C3CCCCC3)C3CCCCC3)cccc2)c(cc(cc1C(C)C)C(C)C)C(C)C|MeCN,Pd(OAc)2,Pd(OAc)2/XPhos,MeCN,65.0,18.0,32,CI
RKB-03774019,hit_11,c1ccc2c(c1B1OC(C(O1)(C)C)(C)C)oc(n2)C,screen_SCRN_101,SCRN_101,c_4957928872,|MeCN,,SPhos Pd G4,MeCN,65.0,18.0,31,CI
RKB-03774020,hit_11,c1ccc2c(c1B1OC(C(O1)(C)C)(C)C)oc(n2)C,screen_SCRN_101,SCRN_101,c_4648614000,C1(C(C(C(C1c1ccccc1)c1ccccc1)c1ccccc1)c1ccccc1)c1ccccc1.P(C(C)(C)C)(C(C)(C)C)C1CCCC1.C1(C(C(C(C1c1ccccc1)c1ccccc1)c1ccccc1)c1ccccc1)c1ccccc1.P(C(C)(C)C)(C(C)(C)C)C1CCCC1.[Fe].[Fe].[Pd]|MeCN,,Pd(QPhos)2,MeCN,65.0,18.0,31,CI
RKB-03774021,hit_11,c1ccc2c(c1B1OC(C(O1)(C)C)(C)C)oc(n2)C,screen_SCRN_101,SCRN_101,c_de1ab90c3c,[Pd](Cl)Cl.P(c1c(cccc1)C)(c1c(cccc1)C)c1c(cccc1)C.P(c1c(cccc1)C)(c1c(cccc1)C)c1c(cccc1)C|t-AmOH,,Pd(P(o-Tol)3)2Cl2,t-AmOH,65.0,18.0,31,CI
RKB-03774022,hit_11,c1ccc2c(c1B1OC(C(O1)(C)C)(C)C)oc(n2)C,screen_SCRN_101,SCRN_101,c_94f36c1396,[Pd](Cl)Cl.P(C(C)(C)C)(C(C)(C)C)c1ccc(N(C)C)cc1.P(C(C)(C)C)(C(C)(C)C)c1ccc(N(C)C)cc1|t-AmOH,,Pd-132,t-AmOH,65.0,18.0,30,CI
RKB-03774023,hit_11,c1ccc2c(c1B1OC(C(O1)(C)C)(C)C)oc(n2)C,screen_SCRN_101,SCRN_101,c_efdcec6f77,[Pd].C(P(C(C)(C)C)C(C)(C)C)(C)(C)C.C(P(C(C)(C)C)C(C)(C)C)(C)(C)C|MeCN,,Pd(P(tBu)3)2,MeCN,65.0,18.0,29,CI
RKB-03774024,hit_11,c1ccc2c(c1B1OC(C(O1)(C)C)(C)C)oc(n2)C,screen_SCRN_101,SCRN_101,c_71e660ff6b,[Pd].C(P(C(C)(C)C)C(C)(C)C)(C)(C)C.C(P(C(C)(C)C)C(C)(C)C)(C)(C)C|t-AmOH,,Pd(P(tBu)3)2,t-AmOH,65.0,18.0,29,CI
RKB-03774025,hit_11,c1ccc2c(c1B1OC(C(O1)(C)C)(C)C)oc(n2)C,screen_SCRN_101,SCRN_101,c_4076342b87,[Pd].C(P(C(C)(C)C)C(C)(C)C)(C)(C)C.C(P(C(C)(C)C)C(C)(C)C)(C)(C)C|Toluene,,Pd(P(tBu)3)2,Toluene,65.0,18.0,29,CI
RKB-03774026,hit_11,c1ccc2c(c1B1OC(C(O1)(C)C)(C)C)oc(n2)C,screen_SCRN_101,SCRN_101,c_aabcb49fef,|THF,,SPhos Pd G4,THF,65.0,18.0,28,CI
RKB-03774027,hit_11,c1ccc2c(c1B1OC(C(O1)(C)C)(C)C)oc(n2)C,screen_SCRN_101,SCRN_101,c_c3b27856cb,[Pd](Cl)Cl.P(c1c(cccc1)C)(c1c(cccc1)C)c1c(cccc1)C.P(c1c(cccc1)C)(c1c(cccc1)C)c1c(cccc1)C|MeCN,,Pd(P(o-Tol)3)2Cl2,MeCN,65.0,18.0,28,CI
RKB-03774028,hit_11,c1ccc2c(c1B1OC(C(O1)(C)C)(C)C)oc(n2)C,screen_SCRN_101,SCRN_101,c_4957928872,|MeCN,,SPhos Pd G4,MeCN,65.0,18.0,27,CI
RKB-03774029,hit_11,c1ccc2c(c1B1OC(C(O1)(C)C)(C)C)oc(n2)C,screen_SCRN_101,SCRN_101,c_577ff4ada9,P([C@]12C[C@@H]3C[C@H](C2)C[C@@H](C1)C3)([C@]12C[C@@H]3C[C@@H](C2)C[C@@H](C1)C3)CCCC|Toluene,Pd(OAc)2,Pd(OAc)2/CataCXium A,Toluene,65.0,18.0,27,CI
RKB-03774030,hit_11,c1ccc2c(c1B1OC(C(O1)(C)C)(C)C)oc(n2)C,screen_SCRN_101,SCRN_101,c_87611e347b,C1(C(C(C(C1c1ccccc1)c1ccccc1)c1ccccc1)c1ccccc1)c1ccccc1.P(C(C)(C)C)(C(C)(C)C)C1CCCC1.C1(C(C(C(C1c1ccccc1)c1ccccc1)c1ccccc1)c1ccccc1)c1ccccc1.P(C(C)(C)C)(C(C)(C)C)C1CCCC1.[Fe].[Fe].[Pd]|THF,,Pd(QPhos)2,THF,65.0,18.0,27,CI
RKB-03774031,hit_11,c1ccc2c(c1B1OC(C(O1)(C)C)(C)C)oc(n2)C,screen_SCRN_101,SCRN_101,c_4648614000,C1(C(C(C(C1c1ccccc1)c1ccccc1)c1ccccc1)c1ccccc1)c1ccccc1.P(C(C)(C)C)(C(C)(C)C)C1CCCC1.C1(C(C(C(C1c1ccccc1)c1ccccc1)c1ccccc1)c1ccccc1)c1ccccc1.P(C(C)(C)C)(C(C)(C)C)C1CCCC1.[Fe].[Fe].[Pd]|MeCN,,Pd(QPhos)2,MeCN,65.0,18.0,26,CI
RKB-03774032,hit_11,c1ccc2c(c1B1OC(C(O1)(C)C)(C)C)oc(n2)C,screen_SCRN_101,SCRN_101,c_04d73ea970,P(C1CCCC1)(C(C)(C)C)C(C)(C)C.P(C1CCCC1)(C(C)(C)C)C(C)(C)C.[Pd](Cl)Cl.[Fe]|THF,,Pd(dtbpf)Cl2,THF,65.0,18.0,24,CI
RKB-03774033,hit_11,c1ccc2c(c1B1OC(C(O1)(C)C)(C)C)oc(n2)C,screen_SCRN_101,SCRN_101,c_aabcb49fef,|THF,,SPhos Pd G4,THF,65.0,18.0,23,CI
RKB-03774034,hit_11,c1ccc2c(c1B1OC(C(O1)(C)C)(C)C)oc(n2)C,screen_SCRN_101,SCRN_101,c_96da66f8fe,P(C1CCCC1)(c1ccccc1)c1ccccc1.P(C1CCCC1)(c1ccccc1)c1ccccc1.C(Cl)Cl.[Pd](Cl)Cl.[Fe]|THF,,Pd(dppf)Cl2,THF,65.0,18.0,21,CI
RKB-03774035,hit_11,c1ccc2c(c1B1OC(C(O1)(C)C)(C)C)oc(n2)C,screen_SCRN_101,SCRN_101,c_e564d7612a,[Pd].P(c1ccccc1)(c1ccccc1)c1ccccc1.P(c1ccccc1)(c1ccccc1)c1ccccc1.P(c1ccccc1)(c1ccccc1)c1ccccc1.P(c1ccccc1)(c1ccccc1)c1ccccc1|MeCN,,Pd(P(Ph)3)4),MeCN,65.0,18.0,21,CI
RKB-03774036,hit_11,c1ccc2c(c1B1OC(C(O1)(C)C)(C)C)oc(n2)C,screen_SCRN_101,SCRN_101,c_1f622dc39d,[Pd].C(P(C(C)(C)C)C(C)(C)C)(C)(C)C.C(P(C(C)(C)C)C(C)(C)C)(C)(C)C|THF,,Pd(P(tBu)3)2,THF,65.0,18.0,20,CI
RKB-03774037,hit_11,c1ccc2c(c1B1OC(C(O1)(C)C)(C)C)oc(n2)C,screen_SCRN_101,SCRN_101,c_40534c4f12,[Pd].P(c1ccccc1)(c1ccccc1)c1ccccc1.P(c1ccccc1)(c1ccccc1)c1ccccc1.P(c1ccccc1)(c1ccccc1)c1ccccc1.P(c1ccccc1)(c1ccccc1)c1ccccc1|Toluene,,Pd(P(Ph)3)4),Toluene,65.0,18.0,19,CI
RKB-03774038,hit_11,c1ccc2c(c1B1OC(C(O1)(C)C)(C)C)oc(n2)C,screen_SCRN_101,SCRN_101,c_71e660ff6b,[Pd].C(P(C(C)(C)C)C(C)(C)C)(C)(C)C.C(P(C(C)(C)C)C(C)(C)C)(C)(C)C|t-AmOH,,Pd(P(tBu)3)2,t-AmOH,65.0,18.0,18,CI
RKB-03774039,hit_11,c1ccc2c(c1B1OC(C(O1)(C)C)(C)C)oc(n2)C,screen_SCRN_101,SCRN_101,c_c87657789e,c1(c2c(P(C3CCCCC3)C3CCCCC3)cccc2)c(cc(cc1C(C)C)C(C)C)C(C)C|t-AmOH,Pd(OAc)2,Pd(OAc)2/XPhos,t-AmOH,65.0,18.0,18,CI
RKB-03774040,hit_11,c1ccc2c(c1B1OC(C(O1)(C)C)(C)C)oc(n2)C,screen_SCRN_101,SCRN_101,c_2db771aad0,c1(c2c(P(C3CCCCC3)C3CCCCC3)cccc2)c(cc(cc1C(C)C)C(C)C)C(C)C|THF,Pd(OAc)2,Pd(OAc)2/XPhos,THF,65.0,18.0,17,CI
RKB-03774041,hit_11,c1ccc2c(c1B1OC(C(O1)(C)C)(C)C)oc(n2)C,screen_SCRN_101,SCRN_101,c_2db771aad0,c1(c2c(P(C3CCCCC3)C3CCCCC3)cccc2)c(cc(cc1C(C)C)C(C)C)C(C)C|THF,Pd(OAc)2,Pd(OAc)2/XPhos,THF,65.0,18.0,17,CI
RKB-03774042,hit_11,c1ccc2c(c1B1OC(C(O1)(C)C)(C)C)oc(n2)C,screen_SCRN_101,SCRN_101,c_32f061b282,P(C1CCCC1)(C(C)(C)C)C(C)(C)C.P(C1CCCC1)(C(C)(C)C)C(C)(C)C.[Pd](Cl)Cl.[Fe]|Toluene,,Pd(dtbpf)Cl2,Toluene,65.0,18.0,17,CI
RKB-03774043,hit_11,c1ccc2c(c1B1OC(C(O1)(C)C)(C)C)oc(n2)C,screen_SCRN_101,SCRN_101,c_5e8279fbea,[Pd](Cl)Cl.P(C(C)(C)C)(C(C)(C)C)c1ccc(N(C)C)cc1.P(C(C)(C)C)(C(C)(C)C)c1ccc(N(C)C)cc1|Toluene,,Pd-132,Toluene,65.0,18.0,15,CI
RKB-03774044,hit_11,c1ccc2c(c1B1OC(C(O1)(C)C)(C)C)oc(n2)C,screen_SCRN_101,SCRN_101,c_5e8279fbea,[Pd](Cl)Cl.P(C(C)(C)C)(C(C)(C)C)c1ccc(N(C)C)cc1.P(C(C)(C)C)(C(C)(C)C)c1ccc(N(C)C)cc1|Toluene,,Pd-132,Toluene,65.0,18.0,14,CI
RKB-03774045,hit_11,c1ccc2c(c1B1OC(C(O1)(C)C)(C)C)oc(n2)C,screen_SCRN_101,SCRN_101,c_adf3bba061,P(C1CCCC1)(C(C)(C)C)C(C)(C)C.P(C1CCCC1)(C(C)(C)C)C(C)(C)C.[Pd](Cl)Cl.[Fe]|MeCN,,Pd(dtbpf)Cl2,MeCN,65.0,18.0,14,CI
RKB-03774046,hit_11,c1ccc2c(c1B1OC(C(O1)(C)C)(C)C)oc(n2)C,screen_SCRN_101,SCRN_101,c_3196604cd9,[Pd](Cl)Cl.P(C(C)(C)C)(C(C)(C)C)c1ccc(N(C)C)cc1.P(C(C)(C)C)(C(C)(C)C)c1ccc(N(C)C)cc1|MeCN,,Pd-132,MeCN,65.0,18.0,14,CI
RKB-03774047,hit_11,c1ccc2c(c1B1OC(C(O1)(C)C)(C)C)oc(n2)C,screen_SCRN_101,SCRN_101,c_4648614000,C1(C(C(C(C1c1ccccc1)c1ccccc1)c1ccccc1)c1ccccc1)c1ccccc1.P(C(C)(C)C)(C(C)(C)C)C1CCCC1.C1(C(C(C(C1c1ccccc1)c1ccccc1)c1ccccc1)c1ccccc1)c1ccccc1.P(C(C)(C)C)(C(C)(C)C)C1CCCC1.[Fe].[Fe].[Pd]|MeCN,,Pd(QPhos)2,MeCN,65.0,18.0,14,CI
RKB-03774048,hit_11,c1ccc2c(c1B1OC(C(O1)(C)C)(C)C)oc(n2)C,screen_SCRN_101,SCRN_101,c_c87657789e,c1(c2c(P(C3CCCCC3)C3CCCCC3)cccc2)c(cc(cc1C(C)C)C(C)C)C(C)C|t-AmOH,Pd(OAc)2,Pd(OAc)2/XPhos,t-AmOH,65.0,18.0,13,CI
RKB-03774049,hit_11,c1ccc2c(c1B1OC(C(O1)(C)C)(C)C)oc(n2)C,screen_SCRN_101,SCRN_101,c_efdcec6f77,[Pd].C(P(C(C)(C)C)C(C)(C)C)(C)(C)C.C(P(C(C)(C)C)C(C)(C)C)(C)(C)C|MeCN,,Pd(P(tBu)3)2,MeCN,65.0,18.0,12,CI
RKB-03774050,hit_11,c1ccc2c(c1B1OC(C(O1)(C)C)(C)C)oc(n2)C,screen_SCRN_101,SCRN_101,c_c3b27856cb,[Pd](Cl)Cl.P(c1c(cccc1)C)(c1c(cccc1)C)c1c(cccc1)C.P(c1c(cccc1)C)(c1c(cccc1)C)c1c(cccc1)C|MeCN,,Pd(P(o-Tol)3)2Cl2,MeCN,65.0,18.0,12,CI
RKB-03774051,hit_11,c1ccc2c(c1B1OC(C(O1)(C)C)(C)C)oc(n2)C,screen_SCRN_101,SCRN_101,c_9e3adb389c,P(C1CCCC1)(c1ccccc1)c1ccccc1.P(C1CCCC1)(c1ccccc1)c1ccccc1.C(Cl)Cl.[Pd](Cl)Cl.[Fe]|Toluene,,Pd(dppf)Cl2,Toluene,65.0,18.0,11,CI
RKB-03774052,hit_11,c1ccc2c(c1B1OC(C(O1)(C)C)(C)C)oc(n2)C,screen_SCRN_101,SCRN_101,c_32f061b282,P(C1CCCC1)(C(C)(C)C)C(C)(C)C.P(C1CCCC1)(C(C)(C)C)C(C)(C)C.[Pd](Cl)Cl.[Fe]|Toluene,,Pd(dtbpf)Cl2,Toluene,65.0,18.0,9,CI
RKB-03774053,hit_11,c1ccc2c(c1B1OC(C(O1)(C)C)(C)C)oc(n2)C,screen_SCRN_101,SCRN_101,c_23c32c1777,[Pd](Cl)Cl.P(C1CCCCC1)(C1CCCCC1)C1CCCCC1.P(C1CCCCC1)(C1CCCCC1)C1CCCCC1|Toluene,,Pd(P(Cy)3)2Cl2,Toluene,65.0,18.0,9,CI
RKB-03774054,hit_11,c1ccc2c(c1B1OC(C(O1)(C)C)(C)C)oc(n2)C,screen_SCRN_101,SCRN_101,c_3ee2d5105a,P([C@]12C[C@@H]3C[C@H](C2)C[C@@H](C1)C3)([C@]12C[C@@H]3C[C@@H](C2)C[C@@H](C1)C3)CCCC|MeCN,Pd(OAc)2,Pd(OAc)2/CataCXium A,MeCN,65.0,18.0,7,CI
RKB-03774055,hit_11,c1ccc2c(c1B1OC(C(O1)(C)C)(C)C)oc(n2)C,screen_SCRN_101,SCRN_101,c_ba67a9e214,|Toluene,,SPhos Pd G4,Toluene,65.0,18.0,0,CI
RKB-03774056,hit_11,c1ccc2c(c1B1OC(C(O1)(C)C)(C)C)oc(n2)C,screen_SCRN_101,SCRN_101,c_599a93c125,[Pd](Cl)Cl.P(c1c(cccc1)C)(c1c(cccc1)C)c1c(cccc1)C.P(c1c(cccc1)C)(c1c(cccc1)C)c1c(cccc1)C|Toluene,,Pd(P(o-Tol)3)2Cl2,Toluene,65.0,18.0,0,CI
RKB-03774057,hit_11,c1ccc2c(c1B1OC(C(O1)(C)C)(C)C)oc(n2)C,screen_SCRN_101,SCRN_101,c_a88c92ca46,C1(C(C(C(C1c1ccccc1)c1ccccc1)c1ccccc1)c1ccccc1)c1ccccc1.P(C(C)(C)C)(C(C)(C)C)C1CCCC1.C1(C(C(C(C1c1ccccc1)c1ccccc1)c1ccccc1)c1ccccc1)c1ccccc1.P(C(C)(C)C)(C(C)(C)C)C1CCCC1.[Fe].[Fe].[Pd]|Toluene,,Pd(QPhos)2,Toluene,65.0,18.0,0,CI
RKB-03774058,hit_11,c1ccc2c(c1B1OC(C(O1)(C)C)(C)C)oc(n2)C,screen_SCRN_101,SCRN_101,c_493aa05fab,O1c2c(C(c3c1c(ccc3)P(c1ccccc1)c1ccccc1)(C)C)cccc2P(c1ccccc1)c1ccccc1.Cl[Pd]Cl|Toluene,,Pd(XanthPhos)Cl2,Toluene,65.0,18.0,0,CI
RKB-03774059,hit_11,c1ccc2c(c1B1OC(C(O1)(C)C)(C)C)oc(n2)C,screen_SCRN_101,SCRN_101,c_23c32c1777,[Pd](Cl)Cl.P(C1CCCCC1)(C1CCCCC1)C1CCCCC1.P(C1CCCCC1)(C1CCCCC1)C1CCCCC1|Toluene,,Pd(P(Cy)3)2Cl2,Toluene,65.0,18.0,0,CI
RKB-03774060,hit_11,c1ccc2c(c1B1OC(C(O1)(C)C)(C)C)oc(n2)C,screen_SCRN_101,SCRN_101,c_599a93c125,[Pd](Cl)Cl.P(c1c(cccc1)C)(c1c(cccc1)C)c1c(cccc1)C.P(c1c(cccc1)C)(c1c(cccc1)C)c1c(cccc1)C|Toluene,,Pd(P(o-Tol)3)2Cl2,Toluene,65.0,18.0,0,CI
RKB-03774061,hit_11,c1ccc2c(c1B1OC(C(O1)(C)C)(C)C)oc(n2)C,screen_SCRN_101,SCRN_101,c_ba67a9e214,|Toluene,,SPhos Pd G4,Toluene,65.0,18.0,0,CI
RKB-03774062,hit_11,c1ccc2c(c1B1OC(C(O1)(C)C)(C)C)oc(n2)C,screen_SCRN_101,SCRN_101,c_577ff4ada9,P([C@]12C[C@@H]3C[C@H](C2)C[C@@H](C1)C3)([C@]12C[C@@H]3C[C@@H](C2)C[C@@H](C1)C3)CCCC|Toluene,Pd(OAc)2,Pd(OAc)2/CataCXium A,Toluene,65.0,18.0,0,CI
RKB-03774063,hit_11,c1ccc2c(c1B1OC(C(O1)(C)C)(C)C)oc(n2)C,screen_SCRN_101,SCRN_101,c_3c160df052,c1(c2c(P(C3CCCCC3)C3CCCCC3)cccc2)c(cc(cc1C(C)C)C(C)C)C(C)C|Toluene,Pd(OAc)2,Pd(OAc)2/XPhos,Toluene,65.0,18.0,0,CI
RKB-03774064,hit_11,c1ccc2c(c1B1OC(C(O1)(C)C)(C)C)oc(n2)C,screen_SCRN_101,SCRN_101,c_ba67a9e214,|Toluene,,SPhos Pd G4,Toluene,65.0,18.0,0,CI
RKB-03774065,hit_11,c1ccc2c(c1B1OC(C(O1)(C)C)(C)C)oc(n2)C,screen_SCRN_101,SCRN_101,c_599a93c125,[Pd](Cl)Cl.P(c1c(cccc1)C)(c1c(cccc1)C)c1c(cccc1)C.P(c1c(cccc1)C)(c1c(cccc1)C)c1c(cccc1)C|Toluene,,Pd(P(o-Tol)3)2Cl2,Toluene,65.0,18.0,0,CI
RKB-03774066,hit_11,c1ccc2c(c1B1OC(C(O1)(C)C)(C)C)oc(n2)C,screen_SCRN_101,SCRN_101,c_23c32c1777,[Pd](Cl)Cl.P(C1CCCCC1)(C1CCCCC1)C1CCCCC1.P(C1CCCCC1)(C1CCCCC1)C1CCCCC1|Toluene,,Pd(P(Cy)3)2Cl2,Toluene,65.0,18.0,0,CI
RKB-03774067,hit_11,c1ccc2c(c1B1OC(C(O1)(C)C)(C)C)oc(n2)C,screen_SCRN_101,SCRN_101,c_a88c92ca46,C1(C(C(C(C1c1ccccc1)c1ccccc1)c1ccccc1)c1ccccc1)c1ccccc1.P(C(C)(C)C)(C(C)(C)C)C1CCCC1.C1(C(C(C(C1c1ccccc1)c1ccccc1)c1ccccc1)c1ccccc1)c1ccccc1.P(C(C)(C)C)(C(C)(C)C)C1CCCC1.[Fe].[Fe].[Pd]|Toluene,,Pd(QPhos)2,Toluene,65.0,18.0,0,CI
RKB-03774068,hit_11,c1ccc2c(c1B1OC(C(O1)(C)C)(C)C)oc(n2)C,screen_SCRN_101,SCRN_101,c_493aa05fab,O1c2c(C(c3c1c(ccc3)P(c1ccccc1)c1ccccc1)(C)C)cccc2P(c1ccccc1)c1ccccc1.Cl[Pd]Cl|Toluene,,Pd(XanthPhos)Cl2,Toluene,65.0,18.0,0,CI
RKB-03774069,hit_11,c1ccc2c(c1B1OC(C(O1)(C)C)(C)C)oc(n2)C,screen_SCRN_101,SCRN_101,c_3c160df052,c1(c2c(P(C3CCCCC3)C3CCCCC3)cccc2)c(cc(cc1C(C)C)C(C)C)C(C)C|Toluene,Pd(OAc)2,Pd(OAc)2/XPhos,Toluene,65.0,18.0,0,CI
RKB-03774070,hit_11,c1ccc2c(c1B1OC(C(O1)(C)C)(C)C)oc(n2)C,screen_SCRN_101,SCRN_101,c_9e3adb389c,P(C1CCCC1)(c1ccccc1)c1ccccc1.P(C1CCCC1)(c1ccccc1)c1ccccc1.C(Cl)Cl.[Pd](Cl)Cl.[Fe]|Toluene,,Pd(dppf)Cl2,Toluene,65.0,18.0,0,CI
RKB-03774071,hit_11,c1ccc2c(c1B1OC(C(O1)(C)C)(C)C)oc(n2)C,screen_SCRN_101,SCRN_101,c_4076342b87,[Pd].C(P(C(C)(C)C)C(C)(C)C)(C)(C)C.C(P(C(C)(C)C)C(C)(C)C)(C)(C)C|Toluene,,Pd(P(tBu)3)2,Toluene,65.0,18.0,0,CI
RKB-03774072,hit_11,c1ccc2c(c1B1OC(C(O1)(C)C)(C)C)oc(n2)C,screen_SCRN_101,SCRN_101,c_40534c4f12,[Pd].P(c1ccccc1)(c1ccccc1)c1ccccc1.P(c1ccccc1)(c1ccccc1)c1ccccc1.P(c1ccccc1)(c1ccccc1)c1ccccc1.P(c1ccccc1)(c1ccccc1)c1ccccc1|Toluene,,Pd(P(Ph)3)4),Toluene,65.0,18.0,0,CI
RKB-03774073,hit_11,c1ccc2c(c1B1OC(C(O1)(C)C)(C)C)oc(n2)C,screen_SCRN_101,SCRN_101,c_32f061b282,P(C1CCCC1)(C(C)(C)C)C(C)(C)C.P(C1CCCC1)(C(C)(C)C)C(C)(C)C.[Pd](Cl)Cl.[Fe]|Toluene,,Pd(dtbpf)Cl2,Toluene,65.0,18.0,0,CI
RKB-03774074,hit_11,c1ccc2c(c1B1OC(C(O1)(C)C)(C)C)oc(n2)C,screen_SCRN_101,SCRN_101,c_5e8279fbea,[Pd](Cl)Cl.P(C(C)(C)C)(C(C)(C)C)c1ccc(N(C)C)cc1.P(C(C)(C)C)(C(C)(C)C)c1ccc(N(C)C)cc1|Toluene,,Pd-132,Toluene,65.0,18.0,0,CI
RKB-03774075,hit_11,c1ccc2c(c1B1OC(C(O1)(C)C)(C)C)oc(n2)C,screen_SCRN_101,SCRN_101,c_40534c4f12,[Pd].P(c1ccccc1)(c1ccccc1)c1ccccc1.P(c1ccccc1)(c1ccccc1)c1ccccc1.P(c1ccccc1)(c1ccccc1)c1ccccc1.P(c1ccccc1)(c1ccccc1)c1ccccc1|Toluene,,Pd(P(Ph)3)4),Toluene,65.0,18.0,0,CI
RKB-03774076,hit_11,c1ccc2c(c1B1OC(C(O1)(C)C)(C)C)oc(n2)C,screen_SCRN_101,SCRN_101,c_4076342b87,[Pd].C(P(C(C)(C)C)C(C)(C)C)(C)(C)C.C(P(C(C)(C)C)C(C)(C)C)(C)(C)C|Toluene,,Pd(P(tBu)3)2,Toluene,65.0,18.0,0,CI
RKB-03774077,hit_11,c1ccc2c(c1B1OC(C(O1)(C)C)(C)C)oc(n2)C,screen_SCRN_101,SCRN_101,c_9e3adb389c,P(C1CCCC1)(c1ccccc1)c1ccccc1.P(C1CCCC1)(c1ccccc1)c1ccccc1.C(Cl)Cl.[Pd](Cl)Cl.[Fe]|Toluene,,Pd(dppf)Cl2,Toluene,65.0,18.0,0,CI
RKB-03774078,hit_11,c1ccc2c(c1B1OC(C(O1)(C)C)(C)C)oc(n2)C,screen_SCRN_101,SCRN_101,c_3c160df052,c1(c2c(P(C3CCCCC3)C3CCCCC3)cccc2)c(cc(cc1C(C)C)C(C)C)C(C)C|Toluene,Pd(OAc)2,Pd(OAc)2/XPhos,Toluene,65.0,18.0,0,CI
RKB-03774079,hit_11,c1ccc2c(c1B1OC(C(O1)(C)C)(C)C)oc(n2)C,screen_SCRN_101,SCRN_101,c_493aa05fab,O1c2c(C(c3c1c(ccc3)P(c1ccccc1)c1ccccc1)(C)C)cccc2P(c1ccccc1)c1ccccc1.Cl[Pd]Cl|Toluene,,Pd(XanthPhos)Cl2,Toluene,65.0,18.0,0,CI
RKB-03774080,hit_11,c1ccc2c(c1B1OC(C(O1)(C)C)(C)C)oc(n2)C,screen_SCRN_101,SCRN_101,c_a88c92ca46,C1(C(C(C(C1c1ccccc1)c1ccccc1)c1ccccc1)c1ccccc1)c1ccccc1.P(C(C)(C)C)(C(C)(C)C)C1CCCC1.C1(C(C(C(C1c1ccccc1)c1ccccc1)c1ccccc1)c1ccccc1)c1ccccc1.P(C(C)(C)C)(C(C)(C)C)C1CCCC1.[Fe].[Fe].[Pd]|Toluene,,Pd(QPhos)2,Toluene,65.0,18.0,0,CI
RKB-03774081,hit_11,c1ccc2c(c1B1OC(C(O1)(C)C)(C)C)oc(n2)C,screen_SCRN_101,SCRN_101,c_efdcec6f77,[Pd].C(P(C(C)(C)C)C(C)(C)C)(C)(C)C.C(P(C(C)(C)C)C(C)(C)C)(C)(C)C|MeCN,,Pd(P(tBu)3)2,MeCN,65.0,18.0,0,CI
RKB-03774082,hit_11,c1ccc2c(c1B1OC(C(O1)(C)C)(C)C)oc(n2)C,screen_SCRN_101,SCRN_101,c_3a6884c52d,C1(C(C(C(C1c1ccccc1)c1ccccc1)c1ccccc1)c1ccccc1)c1ccccc1.P(C(C)(C)C)(C(C)(C)C)C1CCCC1.C1(C(C(C(C1c1ccccc1)c1ccccc1)c1ccccc1)c1ccccc1)c1ccccc1.P(C(C)(C)C)(C(C)(C)C)C1CCCC1.[Fe].[Fe].[Pd]|t-AmOH,,Pd(QPhos)2,t-AmOH,65.0,18.0,0,CI
RKB-03774083,hit_11,c1ccc2c(c1B1OC(C(O1)(C)C)(C)C)oc(n2)C,screen_SCRN_101,SCRN_101,c_a86e283b14,c1(c2c(P(C3CCCCC3)C3CCCCC3)cccc2)c(cc(cc1C(C)C)C(C)C)C(C)C|MeCN,Pd(OAc)2,Pd(OAc)2/XPhos,MeCN,65.0,18.0,0,CI
RKB-03774084,hit_11,c1ccc2c(c1B1OC(C(O1)(C)C)(C)C)oc(n2)C,screen_SCRN_101,SCRN_101,c_a86e283b14,c1(c2c(P(C3CCCCC3)C3CCCCC3)cccc2)c(cc(cc1C(C)C)C(C)C)C(C)C|MeCN,Pd(OAc)2,Pd(OAc)2/XPhos,MeCN,65.0,18.0,0,CI
RKB-03774085,hit_11,c1ccc2c(c1B1OC(C(O1)(C)C)(C)C)oc(n2)C,screen_SCRN_101,SCRN_101,c_b9c1c9f68d,P(C1CCCC1)(c1ccccc1)c1ccccc1.P(C1CCCC1)(c1ccccc1)c1ccccc1.C(Cl)Cl.[Pd](Cl)Cl.[Fe]|MeCN,,Pd(dppf)Cl2,MeCN,65.0,18.0,0,CI
RKB-03774086,hit_11,c1ccc2c(c1B1OC(C(O1)(C)C)(C)C)oc(n2)C,screen_SCRN_101,SCRN_101,c_efdcec6f77,[Pd].C(P(C(C)(C)C)C(C)(C)C)(C)(C)C.C(P(C(C)(C)C)C(C)(C)C)(C)(C)C|MeCN,,Pd(P(tBu)3)2,MeCN,65.0,18.0,0,CI
RKB-03774087,hit_11,c1ccc2c(c1B1OC(C(O1)(C)C)(C)C)oc(n2)C,screen_SCRN_101,SCRN_101,c_adf3bba061,P(C1CCCC1)(C(C)(C)C)C(C)(C)C.P(C1CCCC1)(C(C)(C)C)C(C)(C)C.[Pd](Cl)Cl.[Fe]|MeCN,,Pd(dtbpf)Cl2,MeCN,65.0,18.0,0,CI
RKB-03774088,hit_11,c1ccc2c(c1B1OC(C(O1)(C)C)(C)C)oc(n2)C,screen_SCRN_101,SCRN_101,c_4957928872,|MeCN,,SPhos Pd G4,MeCN,65.0,18.0,0,CI
RKB-03774089,hit_11,c1ccc2c(c1B1OC(C(O1)(C)C)(C)C)oc(n2)C,screen_SCRN_101,SCRN_101,c_14f5c30068,[Pd](Cl)Cl.P(C1CCCCC1)(C1CCCCC1)C1CCCCC1.P(C1CCCCC1)(C1CCCCC1)C1CCCCC1|MeCN,,Pd(P(Cy)3)2Cl2,MeCN,65.0,18.0,0,CI
RKB-03774090,hit_11,c1ccc2c(c1B1OC(C(O1)(C)C)(C)C)oc(n2)C,screen_SCRN_101,SCRN_101,c_4648614000,C1(C(C(C(C1c1ccccc1)c1ccccc1)c1ccccc1)c1ccccc1)c1ccccc1.P(C(C)(C)C)(C(C)(C)C)C1CCCC1.C1(C(C(C(C1c1ccccc1)c1ccccc1)c1ccccc1)c1ccccc1)c1ccccc1.P(C(C)(C)C)(C(C)(C)C)C1CCCC1.[Fe].[Fe].[Pd]|MeCN,,Pd(QPhos)2,MeCN,65.0,18.0,0,CI
RKB-03774091,hit_11,c1ccc2c(c1B1OC(C(O1)(C)C)(C)C)oc(n2)C,screen_SCRN_101,SCRN_101,c_99aeac08ec,O1c2c(C(c3c1c(ccc3)P(c1ccccc1)c1ccccc1)(C)C)cccc2P(c1ccccc1)c1ccccc1.Cl[Pd]Cl|MeCN,,Pd(XanthPhos)Cl2,MeCN,65.0,18.0,0,CI
RKB-03774092,hit_11,c1ccc2c(c1B1OC(C(O1)(C)C)(C)C)oc(n2)C,screen_SCRN_101,SCRN_101,c_a86e283b14,c1(c2c(P(C3CCCCC3)C3CCCCC3)cccc2)c(cc(cc1C(C)C)C(C)C)C(C)C|MeCN,Pd(OAc)2,Pd(OAc)2/XPhos,MeCN,65.0,18.0,0,CI
RKB-03774093,hit_11,c1ccc2c(c1B1OC(C(O1)(C)C)(C)C)oc(n2)C,screen_SCRN_101,SCRN_101,c_3a6884c52d,C1(C(C(C(C1c1ccccc1)c1ccccc1)c1ccccc1)c1ccccc1)c1ccccc1.P(C(C)(C)C)(C(C)(C)C)C1CCCC1.C1(C(C(C(C1c1ccccc1)c1ccccc1)c1ccccc1)c1ccccc1)c1ccccc1.P(C(C)(C)C)(C(C)(C)C)C1CCCC1.[Fe].[Fe].[Pd]|t-AmOH,,Pd(QPhos)2,t-AmOH,65.0,18.0,0,CI
RKB-03774094,hit_11,c1ccc2c(c1B1OC(C(O1)(C)C)(C)C)oc(n2)C,screen_SCRN_101,SCRN_101,c_fb0fd7c858,[Pd](Cl)Cl.P(C1CCCCC1)(C1CCCCC1)C1CCCCC1.P(C1CCCCC1)(C1CCCCC1)C1CCCCC1|THF,,Pd(P(Cy)3)2Cl2,THF,65.0,18.0,0,CI
RKB-03774095,hit_11,c1ccc2c(c1B1OC(C(O1)(C)C)(C)C)oc(n2)C,screen_SCRN_101,SCRN_101,c_3a6884c52d,C1(C(C(C(C1c1ccccc1)c1ccccc1)c1ccccc1)c1ccccc1)c1ccccc1.P(C(C)(C)C)(C(C)(C)C)C1CCCC1.C1(C(C(C(C1c1ccccc1)c1ccccc1)c1ccccc1)c1ccccc1)c1ccccc1.P(C(C)(C)C)(C(C)(C)C)C1CCCC1.[Fe].[Fe].[Pd]|t-AmOH,,Pd(QPhos)2,t-AmOH,65.0,18.0,0,CI
RKB-03774096,hit_11,c1ccc2c(c1B1OC(C(O1)(C)C)(C)C)oc(n2)C,screen_SCRN_101,SCRN_101,c_71e660ff6b,[Pd].C(P(C(C)(C)C)C(C)(C)C)(C)(C)C.C(P(C(C)(C)C)C(C)(C)C)(C)(C)C|t-AmOH,,Pd(P(tBu)3)2,t-AmOH,65.0,18.0,0,CI
RKB-03774097,hit_11,c1ccc2c(c1B1OC(C(O1)(C)C)(C)C)oc(n2)C,screen_SCRN_101,SCRN_101,c_1f622dc39d,[Pd].C(P(C(C)(C)C)C(C)(C)C)(C)(C)C.C(P(C(C)(C)C)C(C)(C)C)(C)(C)C|THF,,Pd(P(tBu)3)2,THF,65.0,18.0,0,CI
RKB-03774098,hit_11,c1ccc2c(c1B1OC(C(O1)(C)C)(C)C)oc(n2)C,screen_SCRN_101,SCRN_101,c_86f3e84f01,[Pd].P(c1ccccc1)(c1ccccc1)c1ccccc1.P(c1ccccc1)(c1ccccc1)c1ccccc1.P(c1ccccc1)(c1ccccc1)c1ccccc1.P(c1ccccc1)(c1ccccc1)c1ccccc1|THF,,Pd(P(Ph)3)4),THF,65.0,18.0,0,CI
RKB-03774099,hit_11,c1ccc2c(c1B1OC(C(O1)(C)C)(C)C)oc(n2)C,screen_SCRN_101,SCRN_101,c_f7824c77b7,O1c2c(C(c3c1c(ccc3)P(c1ccccc1)c1ccccc1)(C)C)cccc2P(c1ccccc1)c1ccccc1.Cl[Pd]Cl|THF,,Pd(XanthPhos)Cl2,THF,65.0,18.0,0,CI
RKB-03774100,hit_11,c1ccc2c(c1B1OC(C(O1)(C)C)(C)C)oc(n2)C,screen_SCRN_101,SCRN_101,c_1f622dc39d,[Pd].C(P(C(C)(C)C)C(C)(C)C)(C)(C)C.C(P(C(C)(C)C)C(C)(C)C)(C)(C)C|THF,,Pd(P(tBu)3)2,THF,65.0,18.0,0,CI
RKB-03774101,hit_11,c1ccc2c(c1B1OC(C(O1)(C)C)(C)C)oc(n2)C,screen_SCRN_101,SCRN_101,c_4fdc95dfd7,[Pd](Cl)Cl.P(C(C)(C)C)(C(C)(C)C)c1ccc(N(C)C)cc1.P(C(C)(C)C)(C(C)(C)C)c1ccc(N(C)C)cc1|THF,,Pd-132,THF,65.0,18.0,0,CI
RKB-03774102,hit_11,c1ccc2c(c1B1OC(C(O1)(C)C)(C)C)oc(n2)C,screen_SCRN_101,SCRN_101,c_aabcb49fef,|THF,,SPhos Pd G4,THF,65.0,18.0,0,CI
RKB-03774103,hit_11,c1ccc2c(c1B1OC(C(O1)(C)C)(C)C)oc(n2)C,screen_SCRN_101,SCRN_101,c_ad8305297d,[Pd](Cl)Cl.P(c1c(cccc1)C)(c1c(cccc1)C)c1c(cccc1)C.P(c1c(cccc1)C)(c1c(cccc1)C)c1c(cccc1)C|THF,,Pd(P(o-Tol)3)2Cl2,THF,65.0,18.0,0,CI
RKB-03774104,hit_11,c1ccc2c(c1B1OC(C(O1)(C)C)(C)C)oc(n2)C,screen_SCRN_101,SCRN_101,c_fb0fd7c858,[Pd](Cl)Cl.P(C1CCCCC1)(C1CCCCC1)C1CCCCC1.P(C1CCCCC1)(C1CCCCC1)C1CCCCC1|THF,,Pd(P(Cy)3)2Cl2,THF,65.0,18.0,0,CI
RKB-03774105,hit_11,c1ccc2c(c1B1OC(C(O1)(C)C)(C)C)oc(n2)C,screen_SCRN_101,SCRN_101,c_87611e347b,C1(C(C(C(C1c1ccccc1)c1ccccc1)c1ccccc1)c1ccccc1)c1ccccc1.P(C(C)(C)C)(C(C)(C)C)C1CCCC1.C1(C(C(C(C1c1ccccc1)c1ccccc1)c1ccccc1)c1ccccc1)c1ccccc1.P(C(C)(C)C)(C(C)(C)C)C1CCCC1.[Fe].[Fe].[Pd]|THF,,Pd(QPhos)2,THF,65.0,18.0,0,CI
RKB-03774106,hit_11,c1ccc2c(c1B1OC(C(O1)(C)C)(C)C)oc(n2)C,screen_SCRN_101,SCRN_101,c_f7824c77b7,O1c2c(C(c3c1c(ccc3)P(c1ccccc1)c1ccccc1)(C)C)cccc2P(c1ccccc1)c1ccccc1.Cl[Pd]Cl|THF,,Pd(XanthPhos)Cl2,THF,65.0,18.0,0,CI
RKB-03774107,hit_11,c1ccc2c(c1B1OC(C(O1)(C)C)(C)C)oc(n2)C,screen_SCRN_101,SCRN_101,c_2db771aad0,c1(c2c(P(C3CCCCC3)C3CCCCC3)cccc2)c(cc(cc1C(C)C)C(C)C)C(C)C|THF,Pd(OAc)2,Pd(OAc)2/XPhos,THF,65.0,18.0,0,CI
RKB-03774108,hit_11,c1ccc2c(c1B1OC(C(O1)(C)C)(C)C)oc(n2)C,screen_SCRN_101,SCRN_101,c_577ff4ada9,P([C@]12C[C@@H]3C[C@H](C2)C[C@@H](C1)C3)([C@]12C[C@@H]3C[C@@H](C2)C[C@@H](C1)C3)CCCC|Toluene,Pd(OAc)2,Pd(OAc)2/CataCXium A,Toluene,65.0,18.0,0,CI
RKB-03774109,hit_11,c1ccc2c(c1B1OC(C(O1)(C)C)(C)C)oc(n2)C,screen_SCRN_101,SCRN_101,c_23c32c1777,[Pd](Cl)Cl.P(C1CCCCC1)(C1CCCCC1)C1CCCCC1.P(C1CCCCC1)(C1CCCCC1)C1CCCCC1|Toluene,,Pd(P(Cy)3)2Cl2,Toluene,65.0,18.0,0,CI
RKB-03774110,hit_11,c1ccc2c(c1B1OC(C(O1)(C)C)(C)C)oc(n2)C,screen_SCRN_101,SCRN_101,c_a88c92ca46,C1(C(C(C(C1c1ccccc1)c1ccccc1)c1ccccc1)c1ccccc1)c1ccccc1.P(C(C)(C)C)(C(C)(C)C)C1CCCC1.C1(C(C(C(C1c1ccccc1)c1ccccc1)c1ccccc1)c1ccccc1)c1ccccc1.P(C(C)(C)C)(C(C)(C)C)C1CCCC1.[Fe].[Fe].[Pd]|Toluene,,Pd(QPhos)2,Toluene,65.0,18.0,0,CI
RKB-03774111,hit_11,c1ccc2c(c1B1OC(C(O1)(C)C)(C)C)oc(n2)C,screen_SCRN_101,SCRN_101,c_3c160df052,c1(c2c(P(C3CCCCC3)C3CCCCC3)cccc2)c(cc(cc1C(C)C)C(C)C)C(C)C|Toluene,Pd(OAc)2,Pd(OAc)2/XPhos,Toluene,65.0,18.0,0,CI
RKB-03774112,hit_11,c1ccc2c(c1B1OC(C(O1)(C)C)(C)C)oc(n2)C,screen_SCRN_101,SCRN_101,c_4076342b87,[Pd].C(P(C(C)(C)C)C(C)(C)C)(C)(C)C.C(P(C(C)(C)C)C(C)(C)C)(C)(C)C|Toluene,,Pd(P(tBu)3)2,Toluene,65.0,18.0,0,CI
RKB-03774113,hit_11,c1ccc2c(c1B1OC(C(O1)(C)C)(C)C)oc(n2)C,screen_SCRN_101,SCRN_101,c_04d73ea970,P(C1CCCC1)(C(C)(C)C)C(C)(C)C.P(C1CCCC1)(C(C)(C)C)C(C)(C)C.[Pd](Cl)Cl.[Fe]|THF,,Pd(dtbpf)Cl2,THF,65.0,18.0,82,CI
RKB-03774114,hit_11,c1ccc2c(c1B1OC(C(O1)(C)C)(C)C)oc(n2)C,screen_SCRN_101,SCRN_101,c_86f3e84f01,[Pd].P(c1ccccc1)(c1ccccc1)c1ccccc1.P(c1ccccc1)(c1ccccc1)c1ccccc1.P(c1ccccc1)(c1ccccc1)c1ccccc1.P(c1ccccc1)(c1ccccc1)c1ccccc1|THF,,Pd(P(Ph)3)4),THF,65.0,18.0,81,CI
RKB-03774115,hit_11,c1ccc2c(c1B1OC(C(O1)(C)C)(C)C)oc(n2)C,screen_SCRN_101,SCRN_101,c_3196604cd9,[Pd](Cl)Cl.P(C(C)(C)C)(C(C)(C)C)c1ccc(N(C)C)cc1.P(C(C)(C)C)(C(C)(C)C)c1ccc(N(C)C)cc1|MeCN,,Pd-132,MeCN,65.0,18.0,81,CI
RKB-03774116,hit_11,c1ccc2c(c1B1OC(C(O1)(C)C)(C)C)oc(n2)C,screen_SCRN_101,SCRN_101,c_4fdc95dfd7,[Pd](Cl)Cl.P(C(C)(C)C)(C(C)(C)C)c1ccc(N(C)C)cc1.P(C(C)(C)C)(C(C)(C)C)c1ccc(N(C)C)cc1|THF,,Pd-132,THF,65.0,18.0,80,CI
RKB-03774117,hit_11,c1ccc2c(c1B1OC(C(O1)(C)C)(C)C)oc(n2)C,screen_SCRN_101,SCRN_101,c_e564d7612a,[Pd].P(c1ccccc1)(c1ccccc1)c1ccccc1.P(c1ccccc1)(c1ccccc1)c1ccccc1.P(c1ccccc1)(c1ccccc1)c1ccccc1.P(c1ccccc1)(c1ccccc1)c1ccccc1|MeCN,,Pd(P(Ph)3)4),MeCN,65.0,18.0,80,CI
RKB-03774118,hit_11,c1ccc2c(c1B1OC(C(O1)(C)C)(C)C)oc(n2)C,screen_SCRN_101,SCRN_101,c_96da66f8fe,P(C1CCCC1)(c1ccccc1)c1ccccc1.P(C1CCCC1)(c1ccccc1)c1ccccc1.C(Cl)Cl.[Pd](Cl)Cl.[Fe]|THF,,Pd(dppf)Cl2,THF,65.0,18.0,79,CI
RKB-03774119,hit_11,c1ccc2c(c1B1OC(C(O1)(C)C)(C)C)oc(n2)C,screen_SCRN_101,SCRN_101,c_3b8ab51f06,P([C@]12C[C@@H]3C[C@H](C2)C[C@@H](C1)C3)([C@]12C[C@@H]3C[C@@H](C2)C[C@@H](C1)C3)CCCC|t-AmOH,Pd(OAc)2,Pd(OAc)2/CataCXium A,t-AmOH,65.0,18.0,77,CI
RKB-03774120,hit_11,c1ccc2c(c1B1OC(C(O1)(C)C)(C)C)oc(n2)C,screen_SCRN_101,SCRN_101,c_32f061b282,P(C1CCCC1)(C(C)(C)C)C(C)(C)C.P(C1CCCC1)(C(C)(C)C)C(C)(C)C.[Pd](Cl)Cl.[Fe]|Toluene,,Pd(dtbpf)Cl2,Toluene,65.0,18.0,77,CI
RKB-03774121,hit_11,c1ccc2c(c1B1OC(C(O1)(C)C)(C)C)oc(n2)C,screen_SCRN_101,SCRN_101,c_1e7eb55c8b,P(C1CCCC1)(C(C)(C)C)C(C)(C)C.P(C1CCCC1)(C(C)(C)C)C(C)(C)C.[Pd](Cl)Cl.[Fe]|t-AmOH,,Pd(dtbpf)Cl2,t-AmOH,65.0,18.0,77,CI
RKB-03774122,hit_11,c1ccc2c(c1B1OC(C(O1)(C)C)(C)C)oc(n2)C,screen_SCRN_101,SCRN_101,c_3ee2d5105a,P([C@]12C[C@@H]3C[C@H](C2)C[C@@H](C1)C3)([C@]12C[C@@H]3C[C@@H](C2)C[C@@H](C1)C3)CCCC|MeCN,Pd(OAc)2,Pd(OAc)2/CataCXium A,MeCN,65.0,18.0,77,CI
RKB-03774123,hit_11,c1ccc2c(c1B1OC(C(O1)(C)C)(C)C)oc(n2)C,screen_SCRN_101,SCRN_101,c_3ee2d5105a,P([C@]12C[C@@H]3C[C@H](C2)C[C@@H](C1)C3)([C@]12C[C@@H]3C[C@@H](C2)C[C@@H](C1)C3)CCCC|MeCN,Pd(OAc)2,Pd(OAc)2/CataCXium A,MeCN,65.0,18.0,76,CI
RKB-03774124,hit_11,c1ccc2c(c1B1OC(C(O1)(C)C)(C)C)oc(n2)C,screen_SCRN_101,SCRN_101,c_1e7eb55c8b,P(C1CCCC1)(C(C)(C)C)C(C)(C)C.P(C1CCCC1)(C(C)(C)C)C(C)(C)C.[Pd](Cl)Cl.[Fe]|t-AmOH,,Pd(dtbpf)Cl2,t-AmOH,65.0,18.0,76,CI
RKB-03774125,hit_11,c1ccc2c(c1B1OC(C(O1)(C)C)(C)C)oc(n2)C,screen_SCRN_101,SCRN_101,c_40534c4f12,[Pd].P(c1ccccc1)(c1ccccc1)c1ccccc1.P(c1ccccc1)(c1ccccc1)c1ccccc1.P(c1ccccc1)(c1ccccc1)c1ccccc1.P(c1ccccc1)(c1ccccc1)c1ccccc1|Toluene,,Pd(P(Ph)3)4),Toluene,65.0,18.0,76,CI
RKB-03774126,hit_11,c1ccc2c(c1B1OC(C(O1)(C)C)(C)C)oc(n2)C,screen_SCRN_101,SCRN_101,c_86f3e84f01,[Pd].P(c1ccccc1)(c1ccccc1)c1ccccc1.P(c1ccccc1)(c1ccccc1)c1ccccc1.P(c1ccccc1)(c1ccccc1)c1ccccc1.P(c1ccccc1)(c1ccccc1)c1ccccc1|THF,,Pd(P(Ph)3)4),THF,65.0,18.0,76,CI
RKB-03774127,hit_11,c1ccc2c(c1B1OC(C(O1)(C)C)(C)C)oc(n2)C,screen_SCRN_101,SCRN_101,c_5e8279fbea,[Pd](Cl)Cl.P(C(C)(C)C)(C(C)(C)C)c1ccc(N(C)C)cc1.P(C(C)(C)C)(C(C)(C)C)c1ccc(N(C)C)cc1|Toluene,,Pd-132,Toluene,65.0,18.0,76,CI
RKB-03774128,hit_11,c1ccc2c(c1B1OC(C(O1)(C)C)(C)C)oc(n2)C,screen_SCRN_101,SCRN_101,c_94f36c1396,[Pd](Cl)Cl.P(C(C)(C)C)(C(C)(C)C)c1ccc(N(C)C)cc1.P(C(C)(C)C)(C(C)(C)C)c1ccc(N(C)C)cc1|t-AmOH,,Pd-132,t-AmOH,65.0,18.0,75,CI
RKB-03774129,hit_11,c1ccc2c(c1B1OC(C(O1)(C)C)(C)C)oc(n2)C,screen_SCRN_101,SCRN_101,c_e564d7612a,[Pd].P(c1ccccc1)(c1ccccc1)c1ccccc1.P(c1ccccc1)(c1ccccc1)c1ccccc1.P(c1ccccc1)(c1ccccc1)c1ccccc1.P(c1ccccc1)(c1ccccc1)c1ccccc1|MeCN,,Pd(P(Ph)3)4),MeCN,65.0,18.0,75,CI
RKB-03774130,hit_11,c1ccc2c(c1B1OC(C(O1)(C)C)(C)C)oc(n2)C,screen_SCRN_101,SCRN_101,c_3b8ab51f06,P([C@]12C[C@@H]3C[C@H](C2)C[C@@H](C1)C3)([C@]12C[C@@H]3C[C@@H](C2)C[C@@H](C1)C3)CCCC|t-AmOH,Pd(OAc)2,Pd(OAc)2/CataCXium A,t-AmOH,65.0,18.0,75,CI
RKB-03774131,hit_11,c1ccc2c(c1B1OC(C(O1)(C)C)(C)C)oc(n2)C,screen_SCRN_101,SCRN_101,c_94f36c1396,[Pd](Cl)Cl.P(C(C)(C)C)(C(C)(C)C)c1ccc(N(C)C)cc1.P(C(C)(C)C)(C(C)(C)C)c1ccc(N(C)C)cc1|t-AmOH,,Pd-132,t-AmOH,65.0,18.0,75,CI
RKB-03774132,hit_11,c1ccc2c(c1B1OC(C(O1)(C)C)(C)C)oc(n2)C,screen_SCRN_101,SCRN_101,c_3b8ab51f06,P([C@]12C[C@@H]3C[C@H](C2)C[C@@H](C1)C3)([C@]12C[C@@H]3C[C@@H](C2)C[C@@H](C1)C3)CCCC|t-AmOH,Pd(OAc)2,Pd(OAc)2/CataCXium A,t-AmOH,65.0,18.0,75,CI
RKB-03774133,hit_11,c1ccc2c(c1B1OC(C(O1)(C)C)(C)C)oc(n2)C,screen_SCRN_101,SCRN_101,c_e03a6b9172,P([C@]12C[C@@H]3C[C@H](C2)C[C@@H](C1)C3)([C@]12C[C@@H]3C[C@@H](C2)C[C@@H](C1)C3)CCCC|THF,Pd(OAc)2,Pd(OAc)2/CataCXium A,THF,65.0,18.0,75,CI
RKB-03774134,hit_11,c1ccc2c(c1B1OC(C(O1)(C)C)(C)C)oc(n2)C,screen_SCRN_101,SCRN_101,c_b9c1c9f68d,P(C1CCCC1)(c1ccccc1)c1ccccc1.P(C1CCCC1)(c1ccccc1)c1ccccc1.C(Cl)Cl.[Pd](Cl)Cl.[Fe]|MeCN,,Pd(dppf)Cl2,MeCN,65.0,18.0,75,CI
RKB-03774135,hit_11,c1ccc2c(c1B1OC(C(O1)(C)C)(C)C)oc(n2)C,screen_SCRN_101,SCRN_101,c_1f622dc39d,[Pd].C(P(C(C)(C)C)C(C)(C)C)(C)(C)C.C(P(C(C)(C)C)C(C)(C)C)(C)(C)C|THF,,Pd(P(tBu)3)2,THF,65.0,18.0,75,CI
RKB-03774136,hit_11,c1ccc2c(c1B1OC(C(O1)(C)C)(C)C)oc(n2)C,screen_SCRN_101,SCRN_101,c_3196604cd9,[Pd](Cl)Cl.P(C(C)(C)C)(C(C)(C)C)c1ccc(N(C)C)cc1.P(C(C)(C)C)(C(C)(C)C)c1ccc(N(C)C)cc1|MeCN,,Pd-132,MeCN,65.0,18.0,74,CI
RKB-03774137,hit_11,c1ccc2c(c1B1OC(C(O1)(C)C)(C)C)oc(n2)C,screen_SCRN_101,SCRN_101,c_1c0256b33d,[Pd](Cl)Cl.P(C1CCCCC1)(C1CCCCC1)C1CCCCC1.P(C1CCCCC1)(C1CCCCC1)C1CCCCC1|t-AmOH,,Pd(P(Cy)3)2Cl2,t-AmOH,65.0,18.0,74,CI
RKB-03774138,hit_11,c1ccc2c(c1B1OC(C(O1)(C)C)(C)C)oc(n2)C,screen_SCRN_101,SCRN_101,c_e03a6b9172,P([C@]12C[C@@H]3C[C@H](C2)C[C@@H](C1)C3)([C@]12C[C@@H]3C[C@@H](C2)C[C@@H](C1)C3)CCCC|THF,Pd(OAc)2,Pd(OAc)2/CataCXium A,THF,65.0,18.0,73,CI
RKB-03774139,hit_11,c1ccc2c(c1B1OC(C(O1)(C)C)(C)C)oc(n2)C,screen_SCRN_101,SCRN_101,c_3ee2d5105a,P([C@]12C[C@@H]3C[C@H](C2)C[C@@H](C1)C3)([C@]12C[C@@H]3C[C@@H](C2)C[C@@H](C1)C3)CCCC|MeCN,Pd(OAc)2,Pd(OAc)2/CataCXium A,MeCN,65.0,18.0,72,CI
RKB-03774140,hit_11,c1ccc2c(c1B1OC(C(O1)(C)C)(C)C)oc(n2)C,screen_SCRN_101,SCRN_101,c_afb518137f,[Pd].P(c1ccccc1)(c1ccccc1)c1ccccc1.P(c1ccccc1)(c1ccccc1)c1ccccc1.P(c1ccccc1)(c1ccccc1)c1ccccc1.P(c1ccccc1)(c1ccccc1)c1ccccc1|t-AmOH,,Pd(P(Ph)3)4),t-AmOH,65.0,18.0,72,CI
RKB-03774141,hit_11,c1ccc2c(c1B1OC(C(O1)(C)C)(C)C)oc(n2)C,screen_SCRN_101,SCRN_101,c_e03a6b9172,P([C@]12C[C@@H]3C[C@H](C2)C[C@@H](C1)C3)([C@]12C[C@@H]3C[C@@H](C2)C[C@@H](C1)C3)CCCC|THF,Pd(OAc)2,Pd(OAc)2/CataCXium A,THF,65.0,18.0,71,CI
RKB-03774142,hit_11,c1ccc2c(c1B1OC(C(O1)(C)C)(C)C)oc(n2)C,screen_SCRN_101,SCRN_101,c_2db771aad0,c1(c2c(P(C3CCCCC3)C3CCCCC3)cccc2)c(cc(cc1C(C)C)C(C)C)C(C)C|THF,Pd(OAc)2,Pd(OAc)2/XPhos,THF,65.0,18.0,71,CI
RKB-03774143,hit_11,c1ccc2c(c1B1OC(C(O1)(C)C)(C)C)oc(n2)C,screen_SCRN_101,SCRN_101,c_afb518137f,[Pd].P(c1ccccc1)(c1ccccc1)c1ccccc1.P(c1ccccc1)(c1ccccc1)c1ccccc1.P(c1ccccc1)(c1ccccc1)c1ccccc1.P(c1ccccc1)(c1ccccc1)c1ccccc1|t-AmOH,,Pd(P(Ph)3)4),t-AmOH,65.0,18.0,71,CI
RKB-03774144,hit_11,c1ccc2c(c1B1OC(C(O1)(C)C)(C)C)oc(n2)C,screen_SCRN_101,SCRN_101,c_9e3adb389c,P(C1CCCC1)(c1ccccc1)c1ccccc1.P(C1CCCC1)(c1ccccc1)c1ccccc1.C(Cl)Cl.[Pd](Cl)Cl.[Fe]|Toluene,,Pd(dppf)Cl2,Toluene,65.0,18.0,71,CI
RKB-03774145,hit_11,c1ccc2c(c1B1OC(C(O1)(C)C)(C)C)oc(n2)C,screen_SCRN_101,SCRN_101,c_ec08770cef,P(C1CCCC1)(c1ccccc1)c1ccccc1.P(C1CCCC1)(c1ccccc1)c1ccccc1.C(Cl)Cl.[Pd](Cl)Cl.[Fe]|t-AmOH,,Pd(dppf)Cl2,t-AmOH,65.0,18.0,71,CI
RKB-03774146,hit_11,c1ccc2c(c1B1OC(C(O1)(C)C)(C)C)oc(n2)C,screen_SCRN_101,SCRN_101,c_afb518137f,[Pd].P(c1ccccc1)(c1ccccc1)c1ccccc1.P(c1ccccc1)(c1ccccc1)c1ccccc1.P(c1ccccc1)(c1ccccc1)c1ccccc1.P(c1ccccc1)(c1ccccc1)c1ccccc1|t-AmOH,,Pd(P(Ph)3)4),t-AmOH,65.0,18.0,70,CI
RKB-03774147,hit_11,c1ccc2c(c1B1OC(C(O1)(C)C)(C)C)oc(n2)C,screen_SCRN_101,SCRN_101,c_ad8305297d,[Pd](Cl)Cl.P(c1c(cccc1)C)(c1c(cccc1)C)c1c(cccc1)C.P(c1c(cccc1)C)(c1c(cccc1)C)c1c(cccc1)C|THF,,Pd(P(o-Tol)3)2Cl2,THF,65.0,18.0,69,CI
RKB-03774148,hit_11,c1ccc2c(c1B1OC(C(O1)(C)C)(C)C)oc(n2)C,screen_SCRN_101,SCRN_101,c_4fdc95dfd7,[Pd](Cl)Cl.P(C(C)(C)C)(C(C)(C)C)c1ccc(N(C)C)cc1.P(C(C)(C)C)(C(C)(C)C)c1ccc(N(C)C)cc1|THF,,Pd-132,THF,65.0,18.0,69,CI
RKB-03774149,hit_11,c1ccc2c(c1B1OC(C(O1)(C)C)(C)C)oc(n2)C,screen_SCRN_101,SCRN_101,c_afb518137f,[Pd].P(c1ccccc1)(c1ccccc1)c1ccccc1.P(c1ccccc1)(c1ccccc1)c1ccccc1.P(c1ccccc1)(c1ccccc1)c1ccccc1.P(c1ccccc1)(c1ccccc1)c1ccccc1|t-AmOH,,Pd(P(Ph)3)4),t-AmOH,65.0,18.0,68,CI
RKB-03774150,hit_11,c1ccc2c(c1B1OC(C(O1)(C)C)(C)C)oc(n2)C,screen_SCRN_101,SCRN_101,c_2532cb4bab,O1c2c(C(c3c1c(ccc3)P(c1ccccc1)c1ccccc1)(C)C)cccc2P(c1ccccc1)c1ccccc1.Cl[Pd]Cl|t-AmOH,,Pd(XanthPhos)Cl2,t-AmOH,65.0,18.0,68,CI
RKB-03774151,hit_11,c1ccc2c(c1B1OC(C(O1)(C)C)(C)C)oc(n2)C,screen_SCRN_101,SCRN_101,c_ec08770cef,P(C1CCCC1)(c1ccccc1)c1ccccc1.P(C1CCCC1)(c1ccccc1)c1ccccc1.C(Cl)Cl.[Pd](Cl)Cl.[Fe]|t-AmOH,,Pd(dppf)Cl2,t-AmOH,65.0,18.0,68,CI
RKB-03774152,hit_11,c1ccc2c(c1B1OC(C(O1)(C)C)(C)C)oc(n2)C,screen_SCRN_101,SCRN_101,c_86f3e84f01,[Pd].P(c1ccccc1)(c1ccccc1)c1ccccc1.P(c1ccccc1)(c1ccccc1)c1ccccc1.P(c1ccccc1)(c1ccccc1)c1ccccc1.P(c1ccccc1)(c1ccccc1)c1ccccc1|THF,,Pd(P(Ph)3)4),THF,65.0,18.0,68,CI
RKB-03774153,hit_11,c1ccc2c(c1B1OC(C(O1)(C)C)(C)C)oc(n2)C,screen_SCRN_101,SCRN_101,c_fb0fd7c858,[Pd](Cl)Cl.P(C1CCCCC1)(C1CCCCC1)C1CCCCC1.P(C1CCCCC1)(C1CCCCC1)C1CCCCC1|THF,,Pd(P(Cy)3)2Cl2,THF,65.0,18.0,68,CI
RKB-03774154,hit_11,c1ccc2c(c1B1OC(C(O1)(C)C)(C)C)oc(n2)C,screen_SCRN_101,SCRN_101,c_87611e347b,C1(C(C(C(C1c1ccccc1)c1ccccc1)c1ccccc1)c1ccccc1)c1ccccc1.P(C(C)(C)C)(C(C)(C)C)C1CCCC1.C1(C(C(C(C1c1ccccc1)c1ccccc1)c1ccccc1)c1ccccc1)c1ccccc1.P(C(C)(C)C)(C(C)(C)C)C1CCCC1.[Fe].[Fe].[Pd]|THF,,Pd(QPhos)2,THF,65.0,18.0,67,CI
RKB-03774155,hit_11,c1ccc2c(c1B1OC(C(O1)(C)C)(C)C)oc(n2)C,screen_SCRN_101,SCRN_101,c_e564d7612a,[Pd].P(c1ccccc1)(c1ccccc1)c1ccccc1.P(c1ccccc1)(c1ccccc1)c1ccccc1.P(c1ccccc1)(c1ccccc1)c1ccccc1.P(c1ccccc1)(c1ccccc1)c1ccccc1|MeCN,,Pd(P(Ph)3)4),MeCN,65.0,18.0,66,CI
RKB-03774156,hit_11,c1ccc2c(c1B1OC(C(O1)(C)C)(C)C)oc(n2)C,screen_SCRN_101,SCRN_101,c_96da66f8fe,P(C1CCCC1)(c1ccccc1)c1ccccc1.P(C1CCCC1)(c1ccccc1)c1ccccc1.C(Cl)Cl.[Pd](Cl)Cl.[Fe]|THF,,Pd(dppf)Cl2,THF,65.0,18.0,66,CI
RKB-03774157,hit_11,c1ccc2c(c1B1OC(C(O1)(C)C)(C)C)oc(n2)C,screen_SCRN_101,SCRN_101,c_fb0fd7c858,[Pd](Cl)Cl.P(C1CCCCC1)(C1CCCCC1)C1CCCCC1.P(C1CCCCC1)(C1CCCCC1)C1CCCCC1|THF,,Pd(P(Cy)3)2Cl2,THF,65.0,18.0,66,CI
RKB-03774158,hit_11,c1ccc2c(c1B1OC(C(O1)(C)C)(C)C)oc(n2)C,screen_SCRN_101,SCRN_101,c_f7824c77b7,O1c2c(C(c3c1c(ccc3)P(c1ccccc1)c1ccccc1)(C)C)cccc2P(c1ccccc1)c1ccccc1.Cl[Pd]Cl|THF,,Pd(XanthPhos)Cl2,THF,65.0,18.0,66,CI
RKB-03774159,hit_11,c1ccc2c(c1B1OC(C(O1)(C)C)(C)C)oc(n2)C,screen_SCRN_101,SCRN_101,c_3b8ab51f06,P([C@]12C[C@@H]3C[C@H](C2)C[C@@H](C1)C3)([C@]12C[C@@H]3C[C@@H](C2)C[C@@H](C1)C3)CCCC|t-AmOH,Pd(OAc)2,Pd(OAc)2/CataCXium A,t-AmOH,65.0,18.0,66,CI
RKB-03774160,hit_11,c1ccc2c(c1B1OC(C(O1)(C)C)(C)C)oc(n2)C,screen_SCRN_101,SCRN_101,c_1c0256b33d,[Pd](Cl)Cl.P(C1CCCCC1)(C1CCCCC1)C1CCCCC1.P(C1CCCCC1)(C1CCCCC1)C1CCCCC1|t-AmOH,,Pd(P(Cy)3)2Cl2,t-AmOH,65.0,18.0,64,CI
RKB-03774161,hit_11,c1ccc2c(c1B1OC(C(O1)(C)C)(C)C)oc(n2)C,screen_SCRN_101,SCRN_101,c_de1ab90c3c,[Pd](Cl)Cl.P(c1c(cccc1)C)(c1c(cccc1)C)c1c(cccc1)C.P(c1c(cccc1)C)(c1c(cccc1)C)c1c(cccc1)C|t-AmOH,,Pd(P(o-Tol)3)2Cl2,t-AmOH,65.0,18.0,64,CI
RKB-03774162,hit_11,c1ccc2c(c1B1OC(C(O1)(C)C)(C)C)oc(n2)C,screen_SCRN_101,SCRN_101,c_c87657789e,c1(c2c(P(C3CCCCC3)C3CCCCC3)cccc2)c(cc(cc1C(C)C)C(C)C)C(C)C|t-AmOH,Pd(OAc)2,Pd(OAc)2/XPhos,t-AmOH,65.0,18.0,63,CI
RKB-03774163,hit_11,c1ccc2c(c1B1OC(C(O1)(C)C)(C)C)oc(n2)C,screen_SCRN_101,SCRN_101,c_ec08770cef,P(C1CCCC1)(c1ccccc1)c1ccccc1.P(C1CCCC1)(c1ccccc1)c1ccccc1.C(Cl)Cl.[Pd](Cl)Cl.[Fe]|t-AmOH,,Pd(dppf)Cl2,t-AmOH,65.0,18.0,63,CI
RKB-03774164,hit_11,c1ccc2c(c1B1OC(C(O1)(C)C)(C)C)oc(n2)C,screen_SCRN_101,SCRN_101,c_de1ab90c3c,[Pd](Cl)Cl.P(c1c(cccc1)C)(c1c(cccc1)C)c1c(cccc1)C.P(c1c(cccc1)C)(c1c(cccc1)C)c1c(cccc1)C|t-AmOH,,Pd(P(o-Tol)3)2Cl2,t-AmOH,65.0,18.0,63,CI
RKB-03774165,hit_11,c1ccc2c(c1B1OC(C(O1)(C)C)(C)C)oc(n2)C,screen_SCRN_101,SCRN_101,c_ec08770cef,P(C1CCCC1)(c1ccccc1)c1ccccc1.P(C1CCCC1)(c1ccccc1)c1ccccc1.C(Cl)Cl.[Pd](Cl)Cl.[Fe]|t-AmOH,,Pd(dppf)Cl2,t-AmOH,65.0,18.0,63,CI
RKB-03774166,hit_11,c1ccc2c(c1B1OC(C(O1)(C)C)(C)C)oc(n2)C,screen_SCRN_101,SCRN_101,c_1c0256b33d,[Pd](Cl)Cl.P(C1CCCCC1)(C1CCCCC1)C1CCCCC1.P(C1CCCCC1)(C1CCCCC1)C1CCCCC1|t-AmOH,,Pd(P(Cy)3)2Cl2,t-AmOH,65.0,18.0,63,CI
RKB-03774167,hit_11,c1ccc2c(c1B1OC(C(O1)(C)C)(C)C)oc(n2)C,screen_SCRN_101,SCRN_101,c_b9c1c9f68d,P(C1CCCC1)(c1ccccc1)c1ccccc1.P(C1CCCC1)(c1ccccc1)c1ccccc1.C(Cl)Cl.[Pd](Cl)Cl.[Fe]|MeCN,,Pd(dppf)Cl2,MeCN,65.0,18.0,62,CI
RKB-03774168,hit_11,c1ccc2c(c1B1OC(C(O1)(C)C)(C)C)oc(n2)C,screen_SCRN_101,SCRN_101,c_c3b27856cb,[Pd](Cl)Cl.P(c1c(cccc1)C)(c1c(cccc1)C)c1c(cccc1)C.P(c1c(cccc1)C)(c1c(cccc1)C)c1c(cccc1)C|MeCN,,Pd(P(o-Tol)3)2Cl2,MeCN,65.0,18.0,61,CI
RKB-03774169,hit_11,c1ccc2c(c1B1OC(C(O1)(C)C)(C)C)oc(n2)C,screen_SCRN_101,SCRN_101,c_1e7eb55c8b,P(C1CCCC1)(C(C)(C)C)C(C)(C)C.P(C1CCCC1)(C(C)(C)C)C(C)(C)C.[Pd](Cl)Cl.[Fe]|t-AmOH,,Pd(dtbpf)Cl2,t-AmOH,65.0,18.0,61,CI
RKB-03774170,hit_11,c1ccc2c(c1B1OC(C(O1)(C)C)(C)C)oc(n2)C,screen_SCRN_101,SCRN_101,c_adf3bba061,P(C1CCCC1)(C(C)(C)C)C(C)(C)C.P(C1CCCC1)(C(C)(C)C)C(C)(C)C.[Pd](Cl)Cl.[Fe]|MeCN,,Pd(dtbpf)Cl2,MeCN,65.0,18.0,61,CI
RKB-03774171,hit_11,c1ccc2c(c1B1OC(C(O1)(C)C)(C)C)oc(n2)C,screen_SCRN_101,SCRN_101,c_2532cb4bab,O1c2c(C(c3c1c(ccc3)P(c1ccccc1)c1ccccc1)(C)C)cccc2P(c1ccccc1)c1ccccc1.Cl[Pd]Cl|t-AmOH,,Pd(XanthPhos)Cl2,t-AmOH,65.0,18.0,60,CI
RKB-03774172,hit_11,c1ccc2c(c1B1OC(C(O1)(C)C)(C)C)oc(n2)C,screen_SCRN_101,SCRN_101,c_2532cb4bab,O1c2c(C(c3c1c(ccc3)P(c1ccccc1)c1ccccc1)(C)C)cccc2P(c1ccccc1)c1ccccc1.Cl[Pd]Cl|t-AmOH,,Pd(XanthPhos)Cl2,t-AmOH,65.0,18.0,58,CI
RKB-03774173,hit_11,c1ccc2c(c1B1OC(C(O1)(C)C)(C)C)oc(n2)C,screen_SCRN_101,SCRN_101,c_99aeac08ec,O1c2c(C(c3c1c(ccc3)P(c1ccccc1)c1ccccc1)(C)C)cccc2P(c1ccccc1)c1ccccc1.Cl[Pd]Cl|MeCN,,Pd(XanthPhos)Cl2,MeCN,65.0,18.0,58,CI
RKB-03608403,hit_04,c1(c(ncc(n1)Br)N)O[C@@H](c1c(ccc(c1Cl)F)C(N(C)Cc1c(c(nn1c1c(ncn1C)C#N)C)Br)=O)C,screen_SCRN_131,SCRN_131,c_577ff4ada9,P([C@]12C[C@@H]3C[C@H](C2)C[C@@H](C1)C3)([C@]12C[C@@H]3C[C@@H](C2)C[C@@H](C1)C3)CCCC|Toluene,Pd(OAc)2,Pd(OAc)2/CataCXium A,Toluene,100.0,18.0,83,C1(C(OB(O1)B1OC(C(O1)(C)C)(C)C)(C)C)(C)C
RKB-03608404,hit_04,c1(c(ncc(n1)Br)N)O[C@@H](c1c(ccc(c1Cl)F)C(N(C)Cc1c(c(nn1c1c(ncn1C)C#N)C)Br)=O)C,screen_SCRN_131,SCRN_131,c_577ff4ada9,P([C@]12C[C@@H]3C[C@H](C2)C[C@@H](C1)C3)([C@]12C[C@@H]3C[C@@H](C2)C[C@@H](C1)C3)CCCC|Toluene,Pd(OAc)2,Pd(OAc)2/CataCXium A,Toluene,100.0,18.0,81,C1(C(OB(O1)B1OC(C(O1)(C)C)(C)C)(C)C)(C)C
RKB-03608405,hit_04,c1(c(ncc(n1)Br)N)O[C@@H](c1c(ccc(c1Cl)F)C(N(C)Cc1c(c(nn1c1c(ncn1C)C#N)C)Br)=O)C,screen_SCRN_131,SCRN_131,c_fb0fd7c858,[Pd](Cl)Cl.P(C1CCCCC1)(C1CCCCC1)C1CCCCC1.P(C1CCCCC1)(C1CCCCC1)C1CCCCC1|THF,,Pd(P(Cy)3)2Cl2,THF,100.0,18.0,79,C1(C(OB(O1)B1OC(C(O1)(C)C)(C)C)(C)C)(C)C
RKB-03608406,hit_04,c1(c(ncc(n1)Br)N)O[C@@H](c1c(ccc(c1Cl)F)C(N(C)Cc1c(c(nn1c1c(ncn1C)C#N)C)Br)=O)C,screen_SCRN_131,SCRN_131,c_4fdc95dfd7,[Pd](Cl)Cl.P(C(C)(C)C)(C(C)(C)C)c1ccc(N(C)C)cc1.P(C(C)(C)C)(C(C)(C)C)c1ccc(N(C)C)cc1|THF,,Pd-132,THF,100.0,18.0,77,C1(C(OB(O1)B1OC(C(O1)(C)C)(C)C)(C)C)(C)C
RKB-03608407,hit_04,c1(c(ncc(n1)Br)N)O[C@@H](c1c(ccc(c1Cl)F)C(N(C)Cc1c(c(nn1c1c(ncn1C)C#N)C)Br)=O)C,screen_SCRN_131,SCRN_131,c_e03a6b9172,P([C@]12C[C@@H]3C[C@H](C2)C[C@@H](C1)C3)([C@]12C[C@@H]3C[C@@H](C2)C[C@@H](C1)C3)CCCC|THF,,Pd(OAc)2/CataCXium A,THF,100.0,18.0,70,C1(C(OB(O1)B1OC(C(O1)(C)C)(C)C)(C)C)(C)C
RKB-03608408,hit_04,c1(c(ncc(n1)Br)N)O[C@@H](c1c(ccc(c1Cl)F)C(N(C)Cc1c(c(nn1c1c(ncn1C)C#N)C)Br)=O)C,screen_SCRN_131,SCRN_131,c_4fdc95dfd7,[Pd](Cl)Cl.P(C(C)(C)C)(C(C)(C)C)c1ccc(N(C)C)cc1.P(C(C)(C)C)(C(C)(C)C)c1ccc(N(C)C)cc1|THF,,Pd-132,THF,100.0,18.0,70,C1(C(OB(O1)B1OC(C(O1)(C)C)(C)C)(C)C)(C)C
RKB-03608409,hit_04,c1(c(ncc(n1)Br)N)O[C@@H](c1c(ccc(c1Cl)F)C(N(C)Cc1c(c(nn1c1c(ncn1C)C#N)C)Br)=O)C,screen_SCRN_131,SCRN_131,c_1f622dc39d,[Pd].C(P(C(C)(C)C)C(C)(C)C)(C)(C)C.C(P(C(C)(C)C)C(C)(C)C)(C)(C)C|THF,,Pd(P(tBu)3)2,THF,100.0,18.0,66,C1(C(OB(O1)B1OC(C(O1)(C)C)(C)C)(C)C)(C)C
RKB-03608410,hit_04,c1(c(ncc(n1)Br)N)O[C@@H](c1c(ccc(c1Cl)F)C(N(C)Cc1c(c(nn1c1c(ncn1C)C#N)C)Br)=O)C,screen_SCRN_131,SCRN_131,c_2db771aad0,c1(c2c(P(C3CCCCC3)C3CCCCC3)cccc2)c(cc(cc1C(C)C)C(C)C)C(C)C|THF,,Pd(OAc)2/XPhos,THF,100.0,18.0,63,C1(C(OB(O1)B1OC(C(O1)(C)C)(C)C)(C)C)(C)C
RKB-03608411,hit_04,c1(c(ncc(n1)Br)N)O[C@@H](c1c(ccc(c1Cl)F)C(N(C)Cc1c(c(nn1c1c(ncn1C)C#N)C)Br)=O)C,screen_SCRN_131,SCRN_131,c_a32f6953e7,c1(P(CC)CC)ccc(cc1)N(C)C|MeCN,Pd(OAc)2,Et Pd-132,MeCN,100.0,18.0,63,C1(C(OB(O1)B1OC(C(O1)(C)C)(C)C)(C)C)(C)C
RKB-03608412,hit_04,c1(c(ncc(n1)Br)N)O[C@@H](c1c(ccc(c1Cl)F)C(N(C)Cc1c(c(nn1c1c(ncn1C)C#N)C)Br)=O)C,screen_SCRN_131,SCRN_131,c_e564d7612a,[Pd].P(c1ccccc1)(c1ccccc1)c1ccccc1.P(c1ccccc1)(c1ccccc1)c1ccccc1.P(c1ccccc1)(c1ccccc1)c1ccccc1.P(c1ccccc1)(c1ccccc1)c1ccccc1|MeCN,,Pd(P(Ph)3)4),MeCN,100.0,18.0,62,C1(C(OB(O1)B1OC(C(O1)(C)C)(C)C)(C)C)(C)C
RKB-03608413,hit_04,c1(c(ncc(n1)Br)N)O[C@@H](c1c(ccc(c1Cl)F)C(N(C)Cc1c(c(nn1c1c(ncn1C)C#N)C)Br)=O)C,screen_SCRN_131,SCRN_131,c_3ee2d5105a,P([C@]12C[C@@H]3C[C@H](C2)C[C@@H](C1)C3)([C@]12C[C@@H]3C[C@@H](C2)C[C@@H](C1)C3)CCCC|MeCN,Pd(OAc)2,Pd(OAc)2/CataCXium A,MeCN,100.0,18.0,61,C1(C(OB(O1)B1OC(C(O1)(C)C)(C)C)(C)C)(C)C
RKB-03608414,hit_04,c1(c(ncc(n1)Br)N)O[C@@H](c1c(ccc(c1Cl)F)C(N(C)Cc1c(c(nn1c1c(ncn1C)C#N)C)Br)=O)C,screen_SCRN_131,SCRN_131,c_f25873d76b,c1(P(CC)CC)ccc(cc1)N(C)C|THF,,Et Pd-132,THF,100.0,18.0,61,C1(C(OB(O1)B1OC(C(O1)(C)C)(C)C)(C)C)(C)C
RKB-03608415,hit_04,c1(c(ncc(n1)Br)N)O[C@@H](c1c(ccc(c1Cl)F)C(N(C)Cc1c(c(nn1c1c(ncn1C)C#N)C)Br)=O)C,screen_SCRN_131,SCRN_131,c_5e8279fbea,[Pd](Cl)Cl.P(C(C)(C)C)(C(C)(C)C)c1ccc(N(C)C)cc1.P(C(C)(C)C)(C(C)(C)C)c1ccc(N(C)C)cc1|Toluene,,Pd-132,Toluene,100.0,18.0,60,C1(C(OB(O1)B1OC(C(O1)(C)C)(C)C)(C)C)(C)C
RKB-03608416,hit_04,c1(c(ncc(n1)Br)N)O[C@@H](c1c(ccc(c1Cl)F)C(N(C)Cc1c(c(nn1c1c(ncn1C)C#N)C)Br)=O)C,screen_SCRN_131,SCRN_131,c_f25873d76b,c1(P(CC)CC)ccc(cc1)N(C)C|THF,,Et Pd-132,THF,100.0,18.0,60,C1(C(OB(O1)B1OC(C(O1)(C)C)(C)C)(C)C)(C)C
RKB-03608417,hit_04,c1(c(ncc(n1)Br)N)O[C@@H](c1c(ccc(c1Cl)F)C(N(C)Cc1c(c(nn1c1c(ncn1C)C#N)C)Br)=O)C,screen_SCRN_131,SCRN_131,c_e03a6b9172,P([C@]12C[C@@H]3C[C@H](C2)C[C@@H](C1)C3)([C@]12C[C@@H]3C[C@@H](C2)C[C@@H](C1)C3)CCCC|THF,,Pd(OAc)2/CataCXium A,THF,100.0,18.0,57,C1(C(OB(O1)B1OC(C(O1)(C)C)(C)C)(C)C)(C)C
RKB-03608418,hit_04,c1(c(ncc(n1)Br)N)O[C@@H](c1c(ccc(c1Cl)F)C(N(C)Cc1c(c(nn1c1c(ncn1C)C#N)C)Br)=O)C,screen_SCRN_131,SCRN_131,c_86f3e84f01,[Pd].P(c1ccccc1)(c1ccccc1)c1ccccc1.P(c1ccccc1)(c1ccccc1)c1ccccc1.P(c1ccccc1)(c1ccccc1)c1ccccc1.P(c1ccccc1)(c1ccccc1)c1ccccc1|THF,Pd(OAc)2,Pd(P(Ph)3)4),THF,100.0,18.0,57,C1(C(OB(O1)B1OC(C(O1)(C)C)(C)C)(C)C)(C)C
RKB-03608419,hit_04,c1(c(ncc(n1)Br)N)O[C@@H](c1c(ccc(c1Cl)F)C(N(C)Cc1c(c(nn1c1c(ncn1C)C#N)C)Br)=O)C,screen_SCRN_131,SCRN_131,c_04d73ea970,P(C1CCCC1)(C(C)(C)C)C(C)(C)C.P(C1CCCC1)(C(C)(C)C)C(C)(C)C.[Pd](Cl)Cl.[Fe]|THF,,Pd(dtbpf)Cl2,THF,100.0,18.0,57,C1(C(OB(O1)B1OC(C(O1)(C)C)(C)C)(C)C)(C)C
RKB-03608420,hit_04,c1(c(ncc(n1)Br)N)O[C@@H](c1c(ccc(c1Cl)F)C(N(C)Cc1c(c(nn1c1c(ncn1C)C#N)C)Br)=O)C,screen_SCRN_131,SCRN_131,c_86f3e84f01,[Pd].P(c1ccccc1)(c1ccccc1)c1ccccc1.P(c1ccccc1)(c1ccccc1)c1ccccc1.P(c1ccccc1)(c1ccccc1)c1ccccc1.P(c1ccccc1)(c1ccccc1)c1ccccc1|THF,Pd(OAc)2,Pd(P(Ph)3)4),THF,100.0,18.0,56,C1(C(OB(O1)B1OC(C(O1)(C)C)(C)C)(C)C)(C)C
RKB-03608421,hit_04,c1(c(ncc(n1)Br)N)O[C@@H](c1c(ccc(c1Cl)F)C(N(C)Cc1c(c(nn1c1c(ncn1C)C#N)C)Br)=O)C,screen_SCRN_131,SCRN_131,c_2db771aad0,c1(c2c(P(C3CCCCC3)C3CCCCC3)cccc2)c(cc(cc1C(C)C)C(C)C)C(C)C|THF,,Pd(OAc)2/XPhos,THF,100.0,18.0,55,C1(C(OB(O1)B1OC(C(O1)(C)C)(C)C)(C)C)(C)C
RKB-03608422,hit_04,c1(c(ncc(n1)Br)N)O[C@@H](c1c(ccc(c1Cl)F)C(N(C)Cc1c(c(nn1c1c(ncn1C)C#N)C)Br)=O)C,screen_SCRN_131,SCRN_131,c_14f5c30068,[Pd](Cl)Cl.P(C1CCCCC1)(C1CCCCC1)C1CCCCC1.P(C1CCCCC1)(C1CCCCC1)C1CCCCC1|MeCN,,Pd(P(Cy)3)2Cl2,MeCN,100.0,18.0,54,C1(C(OB(O1)B1OC(C(O1)(C)C)(C)C)(C)C)(C)C
RKB-03608423,hit_04,c1(c(ncc(n1)Br)N)O[C@@H](c1c(ccc(c1Cl)F)C(N(C)Cc1c(c(nn1c1c(ncn1C)C#N)C)Br)=O)C,screen_SCRN_131,SCRN_131,c_3ee2d5105a,P([C@]12C[C@@H]3C[C@H](C2)C[C@@H](C1)C3)([C@]12C[C@@H]3C[C@@H](C2)C[C@@H](C1)C3)CCCC|MeCN,Pd(OAc)2,Pd(OAc)2/CataCXium A,MeCN,100.0,18.0,54,C1(C(OB(O1)B1OC(C(O1)(C)C)(C)C)(C)C)(C)C
RKB-03608424,hit_04,c1(c(ncc(n1)Br)N)O[C@@H](c1c(ccc(c1Cl)F)C(N(C)Cc1c(c(nn1c1c(ncn1C)C#N)C)Br)=O)C,screen_SCRN_131,SCRN_131,c_e03a6b9172,P([C@]12C[C@@H]3C[C@H](C2)C[C@@H](C1)C3)([C@]12C[C@@H]3C[C@@H](C2)C[C@@H](C1)C3)CCCC|THF,,Pd(OAc)2/CataCXium A,THF,100.0,18.0,53,C1(C(OB(O1)B1OC(C(O1)(C)C)(C)C)(C)C)(C)C
RKB-03608425,hit_04,c1(c(ncc(n1)Br)N)O[C@@H](c1c(ccc(c1Cl)F)C(N(C)Cc1c(c(nn1c1c(ncn1C)C#N)C)Br)=O)C,screen_SCRN_131,SCRN_131,c_3196604cd9,[Pd](Cl)Cl.P(C(C)(C)C)(C(C)(C)C)c1ccc(N(C)C)cc1.P(C(C)(C)C)(C(C)(C)C)c1ccc(N(C)C)cc1|MeCN,,Pd-132,MeCN,100.0,18.0,52,C1(C(OB(O1)B1OC(C(O1)(C)C)(C)C)(C)C)(C)C
RKB-03608426,hit_04,c1(c(ncc(n1)Br)N)O[C@@H](c1c(ccc(c1Cl)F)C(N(C)Cc1c(c(nn1c1c(ncn1C)C#N)C)Br)=O)C,screen_SCRN_131,SCRN_131,c_a32f6953e7,c1(P(CC)CC)ccc(cc1)N(C)C|MeCN,Pd(OAc)2,Et Pd-132,MeCN,100.0,18.0,50,C1(C(OB(O1)B1OC(C(O1)(C)C)(C)C)(C)C)(C)C
RKB-03608427,hit_04,c1(c(ncc(n1)Br)N)O[C@@H](c1c(ccc(c1Cl)F)C(N(C)Cc1c(c(nn1c1c(ncn1C)C#N)C)Br)=O)C,screen_SCRN_131,SCRN_131,c_3196604cd9,[Pd](Cl)Cl.P(C(C)(C)C)(C(C)(C)C)c1ccc(N(C)C)cc1.P(C(C)(C)C)(C(C)(C)C)c1ccc(N(C)C)cc1|MeCN,,Pd-132,MeCN,100.0,18.0,49,C1(C(OB(O1)B1OC(C(O1)(C)C)(C)C)(C)C)(C)C
RKB-03608428,hit_04,c1(c(ncc(n1)Br)N)O[C@@H](c1c(ccc(c1Cl)F)C(N(C)Cc1c(c(nn1c1c(ncn1C)C#N)C)Br)=O)C,screen_SCRN_131,SCRN_131,c_4076342b87,[Pd].C(P(C(C)(C)C)C(C)(C)C)(C)(C)C.C(P(C(C)(C)C)C(C)(C)C)(C)(C)C|Toluene,,Pd(P(tBu)3)2,Toluene,100.0,18.0,44,C1(C(OB(O1)B1OC(C(O1)(C)C)(C)C)(C)C)(C)C
RKB-03608429,hit_04,c1(c(ncc(n1)Br)N)O[C@@H](c1c(ccc(c1Cl)F)C(N(C)Cc1c(c(nn1c1c(ncn1C)C#N)C)Br)=O)C,screen_SCRN_131,SCRN_131,c_efdcec6f77,[Pd].C(P(C(C)(C)C)C(C)(C)C)(C)(C)C.C(P(C(C)(C)C)C(C)(C)C)(C)(C)C|MeCN,,Pd(P(tBu)3)2,MeCN,100.0,18.0,44,C1(C(OB(O1)B1OC(C(O1)(C)C)(C)C)(C)C)(C)C
RKB-03608430,hit_04,c1(c(ncc(n1)Br)N)O[C@@H](c1c(ccc(c1Cl)F)C(N(C)Cc1c(c(nn1c1c(ncn1C)C#N)C)Br)=O)C,screen_SCRN_131,SCRN_131,c_a86e283b14,c1(c2c(P(C3CCCCC3)C3CCCCC3)cccc2)c(cc(cc1C(C)C)C(C)C)C(C)C|MeCN,Pd(OAc)2,Pd(OAc)2/XPhos,MeCN,100.0,18.0,41,C1(C(OB(O1)B1OC(C(O1)(C)C)(C)C)(C)C)(C)C
RKB-03608431,hit_04,c1(c(ncc(n1)Br)N)O[C@@H](c1c(ccc(c1Cl)F)C(N(C)Cc1c(c(nn1c1c(ncn1C)C#N)C)Br)=O)C,screen_SCRN_131,SCRN_131,c_a86e283b14,c1(c2c(P(C3CCCCC3)C3CCCCC3)cccc2)c(cc(cc1C(C)C)C(C)C)C(C)C|MeCN,Pd(OAc)2,Pd(OAc)2/XPhos,MeCN,100.0,18.0,40,C1(C(OB(O1)B1OC(C(O1)(C)C)(C)C)(C)C)(C)C
RKB-03608432,hit_04,c1(c(ncc(n1)Br)N)O[C@@H](c1c(ccc(c1Cl)F)C(N(C)Cc1c(c(nn1c1c(ncn1C)C#N)C)Br)=O)C,screen_SCRN_131,SCRN_131,c_40534c4f12,[Pd].P(c1ccccc1)(c1ccccc1)c1ccccc1.P(c1ccccc1)(c1ccccc1)c1ccccc1.P(c1ccccc1)(c1ccccc1)c1ccccc1.P(c1ccccc1)(c1ccccc1)c1ccccc1|Toluene,,Pd(P(Ph)3)4),Toluene,100.0,18.0,40,C1(C(OB(O1)B1OC(C(O1)(C)C)(C)C)(C)C)(C)C
RKB-03608433,hit_04,c1(c(ncc(n1)Br)N)O[C@@H](c1c(ccc(c1Cl)F)C(N(C)Cc1c(c(nn1c1c(ncn1C)C#N)C)Br)=O)C,screen_SCRN_131,SCRN_131,c_efdcec6f77,[Pd].C(P(C(C)(C)C)C(C)(C)C)(C)(C)C.C(P(C(C)(C)C)C(C)(C)C)(C)(C)C|MeCN,,Pd(P(tBu)3)2,MeCN,100.0,18.0,39,C1(C(OB(O1)B1OC(C(O1)(C)C)(C)C)(C)C)(C)C
RKB-03608434,hit_04,c1(c(ncc(n1)Br)N)O[C@@H](c1c(ccc(c1Cl)F)C(N(C)Cc1c(c(nn1c1c(ncn1C)C#N)C)Br)=O)C,screen_SCRN_131,SCRN_131,c_3196604cd9,[Pd](Cl)Cl.P(C(C)(C)C)(C(C)(C)C)c1ccc(N(C)C)cc1.P(C(C)(C)C)(C(C)(C)C)c1ccc(N(C)C)cc1|MeCN,,Pd-132,MeCN,100.0,18.0,37,C1(C(OB(O1)B1OC(C(O1)(C)C)(C)C)(C)C)(C)C
RKB-03608435,hit_04,c1(c(ncc(n1)Br)N)O[C@@H](c1c(ccc(c1Cl)F)C(N(C)Cc1c(c(nn1c1c(ncn1C)C#N)C)Br)=O)C,screen_SCRN_131,SCRN_131,c_5e8279fbea,[Pd](Cl)Cl.P(C(C)(C)C)(C(C)(C)C)c1ccc(N(C)C)cc1.P(C(C)(C)C)(C(C)(C)C)c1ccc(N(C)C)cc1|Toluene,,Pd-132,Toluene,100.0,18.0,34,C1(C(OB(O1)B1OC(C(O1)(C)C)(C)C)(C)C)(C)C
RKB-03608436,hit_04,c1(c(ncc(n1)Br)N)O[C@@H](c1c(ccc(c1Cl)F)C(N(C)Cc1c(c(nn1c1c(ncn1C)C#N)C)Br)=O)C,screen_SCRN_131,SCRN_131,c_efdcec6f77,[Pd].C(P(C(C)(C)C)C(C)(C)C)(C)(C)C.C(P(C(C)(C)C)C(C)(C)C)(C)(C)C|MeCN,,Pd(P(tBu)3)2,MeCN,100.0,18.0,34,C1(C(OB(O1)B1OC(C(O1)(C)C)(C)C)(C)C)(C)C
RKB-03608437,hit_04,c1(c(ncc(n1)Br)N)O[C@@H](c1c(ccc(c1Cl)F)C(N(C)Cc1c(c(nn1c1c(ncn1C)C#N)C)Br)=O)C,screen_SCRN_131,SCRN_131,c_3ee2d5105a,P([C@]12C[C@@H]3C[C@H](C2)C[C@@H](C1)C3)([C@]12C[C@@H]3C[C@@H](C2)C[C@@H](C1)C3)CCCC|MeCN,Pd(OAc)2,Pd(OAc)2/CataCXium A,MeCN,100.0,18.0,34,C1(C(OB(O1)B1OC(C(O1)(C)C)(C)C)(C)C)(C)C
RKB-03608438,hit_04,c1(c(ncc(n1)Br)N)O[C@@H](c1c(ccc(c1Cl)F)C(N(C)Cc1c(c(nn1c1c(ncn1C)C#N)C)Br)=O)C,screen_SCRN_131,SCRN_131,c_fb0fd7c858,[Pd](Cl)Cl.P(C1CCCCC1)(C1CCCCC1)C1CCCCC1.P(C1CCCCC1)(C1CCCCC1)C1CCCCC1|THF,,Pd(P(Cy)3)2Cl2,THF,100.0,18.0,34,C1(C(OB(O1)B1OC(C(O1)(C)C)(C)C)(C)C)(C)C
RKB-03608439,hit_04,c1(c(ncc(n1)Br)N)O[C@@H](c1c(ccc(c1Cl)F)C(N(C)Cc1c(c(nn1c1c(ncn1C)C#N)C)Br)=O)C,screen_SCRN_131,SCRN_131,c_4076342b87,[Pd].C(P(C(C)(C)C)C(C)(C)C)(C)(C)C.C(P(C(C)(C)C)C(C)(C)C)(C)(C)C|Toluene,,Pd(P(tBu)3)2,Toluene,100.0,18.0,34,C1(C(OB(O1)B1OC(C(O1)(C)C)(C)C)(C)C)(C)C
RKB-03608440,hit_04,c1(c(ncc(n1)Br)N)O[C@@H](c1c(ccc(c1Cl)F)C(N(C)Cc1c(c(nn1c1c(ncn1C)C#N)C)Br)=O)C,screen_SCRN_131,SCRN_131,c_32f061b282,P(C1CCCC1)(C(C)(C)C)C(C)(C)C.P(C1CCCC1)(C(C)(C)C)C(C)(C)C.[Pd](Cl)Cl.[Fe]|Toluene,,Pd(dtbpf)Cl2,Toluene,100.0,18.0,33,C1(C(OB(O1)B1OC(C(O1)(C)C)(C)C)(C)C)(C)C
RKB-03608441,hit_04,c1(c(ncc(n1)Br)N)O[C@@H](c1c(ccc(c1Cl)F)C(N(C)Cc1c(c(nn1c1c(ncn1C)C#N)C)Br)=O)C,screen_SCRN_131,SCRN_131,c_e8d46c9e9a,[Pd].P(c1ccccc1)(c1ccccc1)c1ccccc1.P(c1ccccc1)(c1ccccc1)c1ccccc1.P(c1ccccc1)(c1ccccc1)c1ccccc1.P(c1ccccc1)(c1ccccc1)c1ccccc1|MeOH,,Pd(P(Ph)3)4),MeOH,100.0,18.0,32,C1(C(OB(O1)B1OC(C(O1)(C)C)(C)C)(C)C)(C)C
RKB-03608442,hit_04,c1(c(ncc(n1)Br)N)O[C@@H](c1c(ccc(c1Cl)F)C(N(C)Cc1c(c(nn1c1c(ncn1C)C#N)C)Br)=O)C,screen_SCRN_131,SCRN_131,c_577ff4ada9,P([C@]12C[C@@H]3C[C@H](C2)C[C@@H](C1)C3)([C@]12C[C@@H]3C[C@@H](C2)C[C@@H](C1)C3)CCCC|Toluene,Pd(OAc)2,Pd(OAc)2/CataCXium A,Toluene,100.0,18.0,31,C1(C(OB(O1)B1OC(C(O1)(C)C)(C)C)(C)C)(C)C
RKB-03608443,hit_04,c1(c(ncc(n1)Br)N)O[C@@H](c1c(ccc(c1Cl)F)C(N(C)Cc1c(c(nn1c1c(ncn1C)C#N)C)Br)=O)C,screen_SCRN_131,SCRN_131,c_04d73ea970,P(C1CCCC1)(C(C)(C)C)C(C)(C)C.P(C1CCCC1)(C(C)(C)C)C(C)(C)C.[Pd](Cl)Cl.[Fe]|THF,,Pd(dtbpf)Cl2,THF,100.0,18.0,31,C1(C(OB(O1)B1OC(C(O1)(C)C)(C)C)(C)C)(C)C
RKB-03608444,hit_04,c1(c(ncc(n1)Br)N)O[C@@H](c1c(ccc(c1Cl)F)C(N(C)Cc1c(c(nn1c1c(ncn1C)C#N)C)Br)=O)C,screen_SCRN_131,SCRN_131,c_14f5c30068,[Pd](Cl)Cl.P(C1CCCCC1)(C1CCCCC1)C1CCCCC1.P(C1CCCCC1)(C1CCCCC1)C1CCCCC1|MeCN,,Pd(P(Cy)3)2Cl2,MeCN,100.0,18.0,30,C1(C(OB(O1)B1OC(C(O1)(C)C)(C)C)(C)C)(C)C
RKB-03608445,hit_04,c1(c(ncc(n1)Br)N)O[C@@H](c1c(ccc(c1Cl)F)C(N(C)Cc1c(c(nn1c1c(ncn1C)C#N)C)Br)=O)C,screen_SCRN_131,SCRN_131,c_4076342b87,[Pd].C(P(C(C)(C)C)C(C)(C)C)(C)(C)C.C(P(C(C)(C)C)C(C)(C)C)(C)(C)C|Toluene,,Pd(P(tBu)3)2,Toluene,100.0,18.0,29,C1(C(OB(O1)B1OC(C(O1)(C)C)(C)C)(C)C)(C)C
RKB-03608446,hit_04,c1(c(ncc(n1)Br)N)O[C@@H](c1c(ccc(c1Cl)F)C(N(C)Cc1c(c(nn1c1c(ncn1C)C#N)C)Br)=O)C,screen_SCRN_131,SCRN_131,c_b4e663cbcf,P([C@]12C[C@@H]3C[C@H](C2)C[C@@H](C1)C3)([C@]12C[C@@H]3C[C@@H](C2)C[C@@H](C1)C3)CCCC|MeOH,Pd(OAc)2,Pd(OAc)2/CataCXium A,MeOH,100.0,18.0,29,C1(C(OB(O1)B1OC(C(O1)(C)C)(C)C)(C)C)(C)C
RKB-03608447,hit_04,c1(c(ncc(n1)Br)N)O[C@@H](c1c(ccc(c1Cl)F)C(N(C)Cc1c(c(nn1c1c(ncn1C)C#N)C)Br)=O)C,screen_SCRN_131,SCRN_131,c_e8d46c9e9a,[Pd].P(c1ccccc1)(c1ccccc1)c1ccccc1.P(c1ccccc1)(c1ccccc1)c1ccccc1.P(c1ccccc1)(c1ccccc1)c1ccccc1.P(c1ccccc1)(c1ccccc1)c1ccccc1|MeOH,,Pd(P(Ph)3)4),MeOH,100.0,18.0,29,C1(C(OB(O1)B1OC(C(O1)(C)C)(C)C)(C)C)(C)C
RKB-03608448,hit_04,c1(c(ncc(n1)Br)N)O[C@@H](c1c(ccc(c1Cl)F)C(N(C)Cc1c(c(nn1c1c(ncn1C)C#N)C)Br)=O)C,screen_SCRN_131,SCRN_131,c_3f90fc71ff,[Pd](Cl)Cl.P(C(C)(C)C)(C(C)(C)C)c1ccc(N(C)C)cc1.P(C(C)(C)C)(C(C)(C)C)c1ccc(N(C)C)cc1|MeOH,,Pd-132,MeOH,100.0,18.0,28,C1(C(OB(O1)B1OC(C(O1)(C)C)(C)C)(C)C)(C)C
RKB-03608449,hit_04,c1(c(ncc(n1)Br)N)O[C@@H](c1c(ccc(c1Cl)F)C(N(C)Cc1c(c(nn1c1c(ncn1C)C#N)C)Br)=O)C,screen_SCRN_131,SCRN_131,c_efdcec6f77,[Pd].C(P(C(C)(C)C)C(C)(C)C)(C)(C)C.C(P(C(C)(C)C)C(C)(C)C)(C)(C)C|MeCN,,Pd(P(tBu)3)2,MeCN,100.0,18.0,28,C1(C(OB(O1)B1OC(C(O1)(C)C)(C)C)(C)C)(C)C
RKB-03608450,hit_04,c1(c(ncc(n1)Br)N)O[C@@H](c1c(ccc(c1Cl)F)C(N(C)Cc1c(c(nn1c1c(ncn1C)C#N)C)Br)=O)C,screen_SCRN_131,SCRN_131,c_e8d46c9e9a,[Pd].P(c1ccccc1)(c1ccccc1)c1ccccc1.P(c1ccccc1)(c1ccccc1)c1ccccc1.P(c1ccccc1)(c1ccccc1)c1ccccc1.P(c1ccccc1)(c1ccccc1)c1ccccc1|MeOH,,Pd(P(Ph)3)4),MeOH,100.0,18.0,27,C1(C(OB(O1)B1OC(C(O1)(C)C)(C)C)(C)C)(C)C
RKB-03608451,hit_04,c1(c(ncc(n1)Br)N)O[C@@H](c1c(ccc(c1Cl)F)C(N(C)Cc1c(c(nn1c1c(ncn1C)C#N)C)Br)=O)C,screen_SCRN_131,SCRN_131,c_adf3bba061,P(C1CCCC1)(C(C)(C)C)C(C)(C)C.P(C1CCCC1)(C(C)(C)C)C(C)(C)C.[Pd](Cl)Cl.[Fe]|MeCN,,Pd(dtbpf)Cl2,MeCN,100.0,18.0,27,C1(C(OB(O1)B1OC(C(O1)(C)C)(C)C)(C)C)(C)C
RKB-03608452,hit_04,c1(c(ncc(n1)Br)N)O[C@@H](c1c(ccc(c1Cl)F)C(N(C)Cc1c(c(nn1c1c(ncn1C)C#N)C)Br)=O)C,screen_SCRN_131,SCRN_131,c_3f90fc71ff,[Pd](Cl)Cl.P(C(C)(C)C)(C(C)(C)C)c1ccc(N(C)C)cc1.P(C(C)(C)C)(C(C)(C)C)c1ccc(N(C)C)cc1|MeOH,,Pd-132,MeOH,100.0,18.0,25,C1(C(OB(O1)B1OC(C(O1)(C)C)(C)C)(C)C)(C)C
RKB-03608453,hit_04,c1(c(ncc(n1)Br)N)O[C@@H](c1c(ccc(c1Cl)F)C(N(C)Cc1c(c(nn1c1c(ncn1C)C#N)C)Br)=O)C,screen_SCRN_131,SCRN_131,c_3ee2d5105a,P([C@]12C[C@@H]3C[C@H](C2)C[C@@H](C1)C3)([C@]12C[C@@H]3C[C@@H](C2)C[C@@H](C1)C3)CCCC|MeCN,Pd(OAc)2,Pd(OAc)2/CataCXium A,MeCN,100.0,18.0,25,C1(C(OB(O1)B1OC(C(O1)(C)C)(C)C)(C)C)(C)C
RKB-03608454,hit_04,c1(c(ncc(n1)Br)N)O[C@@H](c1c(ccc(c1Cl)F)C(N(C)Cc1c(c(nn1c1c(ncn1C)C#N)C)Br)=O)C,screen_SCRN_131,SCRN_131,c_23c32c1777,[Pd](Cl)Cl.P(C1CCCCC1)(C1CCCCC1)C1CCCCC1.P(C1CCCCC1)(C1CCCCC1)C1CCCCC1|Toluene,,Pd(P(Cy)3)2Cl2,Toluene,100.0,18.0,25,C1(C(OB(O1)B1OC(C(O1)(C)C)(C)C)(C)C)(C)C
RKB-03608455,hit_04,c1(c(ncc(n1)Br)N)O[C@@H](c1c(ccc(c1Cl)F)C(N(C)Cc1c(c(nn1c1c(ncn1C)C#N)C)Br)=O)C,screen_SCRN_131,SCRN_131,c_ad8305297d,[Pd](Cl)Cl.P(c1c(cccc1)C)(c1c(cccc1)C)c1c(cccc1)C.P(c1c(cccc1)C)(c1c(cccc1)C)c1c(cccc1)C|THF,,Pd(P(o-Tol)3)2Cl2,THF,100.0,18.0,25,C1(C(OB(O1)B1OC(C(O1)(C)C)(C)C)(C)C)(C)C
RKB-03608456,hit_04,c1(c(ncc(n1)Br)N)O[C@@H](c1c(ccc(c1Cl)F)C(N(C)Cc1c(c(nn1c1c(ncn1C)C#N)C)Br)=O)C,screen_SCRN_131,SCRN_131,c_24a01a5b7d,[Pd](Cl)Cl.P(C1CCCCC1)(C1CCCCC1)C1CCCCC1.P(C1CCCCC1)(C1CCCCC1)C1CCCCC1|MeOH,,Pd(P(Cy)3)2Cl2,MeOH,100.0,18.0,25,C1(C(OB(O1)B1OC(C(O1)(C)C)(C)C)(C)C)(C)C
RKB-03608457,hit_04,c1(c(ncc(n1)Br)N)O[C@@H](c1c(ccc(c1Cl)F)C(N(C)Cc1c(c(nn1c1c(ncn1C)C#N)C)Br)=O)C,screen_SCRN_131,SCRN_131,c_adf3bba061,P(C1CCCC1)(C(C)(C)C)C(C)(C)C.P(C1CCCC1)(C(C)(C)C)C(C)(C)C.[Pd](Cl)Cl.[Fe]|MeCN,,Pd(dtbpf)Cl2,MeCN,100.0,18.0,24,C1(C(OB(O1)B1OC(C(O1)(C)C)(C)C)(C)C)(C)C
RKB-03608458,hit_04,c1(c(ncc(n1)Br)N)O[C@@H](c1c(ccc(c1Cl)F)C(N(C)Cc1c(c(nn1c1c(ncn1C)C#N)C)Br)=O)C,screen_SCRN_131,SCRN_131,c_f25873d76b,c1(P(CC)CC)ccc(cc1)N(C)C|THF,,Et Pd-132,THF,100.0,18.0,24,C1(C(OB(O1)B1OC(C(O1)(C)C)(C)C)(C)C)(C)C
RKB-03608459,hit_04,c1(c(ncc(n1)Br)N)O[C@@H](c1c(ccc(c1Cl)F)C(N(C)Cc1c(c(nn1c1c(ncn1C)C#N)C)Br)=O)C,screen_SCRN_131,SCRN_131,c_86f3e84f01,[Pd].P(c1ccccc1)(c1ccccc1)c1ccccc1.P(c1ccccc1)(c1ccccc1)c1ccccc1.P(c1ccccc1)(c1ccccc1)c1ccccc1.P(c1ccccc1)(c1ccccc1)c1ccccc1|THF,Pd(OAc)2,Pd(P(Ph)3)4),THF,100.0,18.0,24,C1(C(OB(O1)B1OC(C(O1)(C)C)(C)C)(C)C)(C)C
RKB-03608460,hit_04,c1(c(ncc(n1)Br)N)O[C@@H](c1c(ccc(c1Cl)F)C(N(C)Cc1c(c(nn1c1c(ncn1C)C#N)C)Br)=O)C,screen_SCRN_131,SCRN_131,c_3c160df052,c1(c2c(P(C3CCCCC3)C3CCCCC3)cccc2)c(cc(cc1C(C)C)C(C)C)C(C)C|Toluene,Pd(OAc)2,Pd(OAc)2/XPhos,Toluene,100.0,18.0,24,C1(C(OB(O1)B1OC(C(O1)(C)C)(C)C)(C)C)(C)C
RKB-03608461,hit_04,c1(c(ncc(n1)Br)N)O[C@@H](c1c(ccc(c1Cl)F)C(N(C)Cc1c(c(nn1c1c(ncn1C)C#N)C)Br)=O)C,screen_SCRN_131,SCRN_131,c_5570c5f42c,n1c(c(c(n1c1ccccc1)c1ccccc1)n1nccc1P(C(C)(C)C)(C(C)(C)C)[Pd](Cl)Cl)c1ccccc1|Toluene,,Pd(BiPyPhos)(Cl)2,Toluene,100.0,18.0,24,C1(C(OB(O1)B1OC(C(O1)(C)C)(C)C)(C)C)(C)C
RKB-03608462,hit_04,c1(c(ncc(n1)Br)N)O[C@@H](c1c(ccc(c1Cl)F)C(N(C)Cc1c(c(nn1c1c(ncn1C)C#N)C)Br)=O)C,screen_SCRN_131,SCRN_131,c_1f622dc39d,[Pd].C(P(C(C)(C)C)C(C)(C)C)(C)(C)C.C(P(C(C)(C)C)C(C)(C)C)(C)(C)C|THF,,Pd(P(tBu)3)2,THF,100.0,18.0,24,C1(C(OB(O1)B1OC(C(O1)(C)C)(C)C)(C)C)(C)C
RKB-03608463,hit_04,c1(c(ncc(n1)Br)N)O[C@@H](c1c(ccc(c1Cl)F)C(N(C)Cc1c(c(nn1c1c(ncn1C)C#N)C)Br)=O)C,screen_SCRN_131,SCRN_131,c_24a01a5b7d,[Pd](Cl)Cl.P(C1CCCCC1)(C1CCCCC1)C1CCCCC1.P(C1CCCCC1)(C1CCCCC1)C1CCCCC1|MeOH,,Pd(P(Cy)3)2Cl2,MeOH,100.0,18.0,24,C1(C(OB(O1)B1OC(C(O1)(C)C)(C)C)(C)C)(C)C
RKB-03608464,hit_04,c1(c(ncc(n1)Br)N)O[C@@H](c1c(ccc(c1Cl)F)C(N(C)Cc1c(c(nn1c1c(ncn1C)C#N)C)Br)=O)C,screen_SCRN_131,SCRN_131,c_23c32c1777,[Pd](Cl)Cl.P(C1CCCCC1)(C1CCCCC1)C1CCCCC1.P(C1CCCCC1)(C1CCCCC1)C1CCCCC1|Toluene,,Pd(P(Cy)3)2Cl2,Toluene,100.0,18.0,23,C1(C(OB(O1)B1OC(C(O1)(C)C)(C)C)(C)C)(C)C
RKB-03608465,hit_04,c1(c(ncc(n1)Br)N)O[C@@H](c1c(ccc(c1Cl)F)C(N(C)Cc1c(c(nn1c1c(ncn1C)C#N)C)Br)=O)C,screen_SCRN_131,SCRN_131,c_adf3bba061,P(C1CCCC1)(C(C)(C)C)C(C)(C)C.P(C1CCCC1)(C(C)(C)C)C(C)(C)C.[Pd](Cl)Cl.[Fe]|MeCN,,Pd(dtbpf)Cl2,MeCN,100.0,18.0,23,C1(C(OB(O1)B1OC(C(O1)(C)C)(C)C)(C)C)(C)C
RKB-03608466,hit_04,c1(c(ncc(n1)Br)N)O[C@@H](c1c(ccc(c1Cl)F)C(N(C)Cc1c(c(nn1c1c(ncn1C)C#N)C)Br)=O)C,screen_SCRN_131,SCRN_131,c_a32f6953e7,c1(P(CC)CC)ccc(cc1)N(C)C|MeCN,Pd(OAc)2,Et Pd-132,MeCN,100.0,18.0,23,C1(C(OB(O1)B1OC(C(O1)(C)C)(C)C)(C)C)(C)C
RKB-03608467,hit_04,c1(c(ncc(n1)Br)N)O[C@@H](c1c(ccc(c1Cl)F)C(N(C)Cc1c(c(nn1c1c(ncn1C)C#N)C)Br)=O)C,screen_SCRN_131,SCRN_131,c_04d73ea970,P(C1CCCC1)(C(C)(C)C)C(C)(C)C.P(C1CCCC1)(C(C)(C)C)C(C)(C)C.[Pd](Cl)Cl.[Fe]|THF,,Pd(dtbpf)Cl2,THF,100.0,18.0,22,C1(C(OB(O1)B1OC(C(O1)(C)C)(C)C)(C)C)(C)C
RKB-03608468,hit_04,c1(c(ncc(n1)Br)N)O[C@@H](c1c(ccc(c1Cl)F)C(N(C)Cc1c(c(nn1c1c(ncn1C)C#N)C)Br)=O)C,screen_SCRN_131,SCRN_131,c_87d08dc489,P(C1CCCC1)(C(C)(C)C)C(C)(C)C.P(C1CCCC1)(C(C)(C)C)C(C)(C)C.[Pd](Cl)Cl.[Fe]|MeOH,,Pd(dtbpf)Cl2,MeOH,100.0,18.0,21,C1(C(OB(O1)B1OC(C(O1)(C)C)(C)C)(C)C)(C)C
RKB-03608469,hit_04,c1(c(ncc(n1)Br)N)O[C@@H](c1c(ccc(c1Cl)F)C(N(C)Cc1c(c(nn1c1c(ncn1C)C#N)C)Br)=O)C,screen_SCRN_131,SCRN_131,c_435b3fc2a1,c1(P(CC)CC)ccc(cc1)N(C)C|Toluene,Pd(OAc)2,Et Pd-132,Toluene,100.0,18.0,21,C1(C(OB(O1)B1OC(C(O1)(C)C)(C)C)(C)C)(C)C
RKB-03608470,hit_04,c1(c(ncc(n1)Br)N)O[C@@H](c1c(ccc(c1Cl)F)C(N(C)Cc1c(c(nn1c1c(ncn1C)C#N)C)Br)=O)C,screen_SCRN_131,SCRN_131,c_b4e663cbcf,P([C@]12C[C@@H]3C[C@H](C2)C[C@@H](C1)C3)([C@]12C[C@@H]3C[C@@H](C2)C[C@@H](C1)C3)CCCC|MeOH,Pd(OAc)2,Pd(OAc)2/CataCXium A,MeOH,100.0,18.0,21,C1(C(OB(O1)B1OC(C(O1)(C)C)(C)C)(C)C)(C)C
RKB-03608471,hit_04,c1(c(ncc(n1)Br)N)O[C@@H](c1c(ccc(c1Cl)F)C(N(C)Cc1c(c(nn1c1c(ncn1C)C#N)C)Br)=O)C,screen_SCRN_131,SCRN_131,c_a86e283b14,c1(c2c(P(C3CCCCC3)C3CCCCC3)cccc2)c(cc(cc1C(C)C)C(C)C)C(C)C|MeCN,Pd(OAc)2,Pd(OAc)2/XPhos,MeCN,100.0,18.0,21,C1(C(OB(O1)B1OC(C(O1)(C)C)(C)C)(C)C)(C)C
RKB-03608472,hit_04,c1(c(ncc(n1)Br)N)O[C@@H](c1c(ccc(c1Cl)F)C(N(C)Cc1c(c(nn1c1c(ncn1C)C#N)C)Br)=O)C,screen_SCRN_131,SCRN_131,c_ad8305297d,[Pd](Cl)Cl.P(c1c(cccc1)C)(c1c(cccc1)C)c1c(cccc1)C.P(c1c(cccc1)C)(c1c(cccc1)C)c1c(cccc1)C|THF,,Pd(P(o-Tol)3)2Cl2,THF,100.0,18.0,20,C1(C(OB(O1)B1OC(C(O1)(C)C)(C)C)(C)C)(C)C
RKB-03608473,hit_04,c1(c(ncc(n1)Br)N)O[C@@H](c1c(ccc(c1Cl)F)C(N(C)Cc1c(c(nn1c1c(ncn1C)C#N)C)Br)=O)C,screen_SCRN_131,SCRN_131,c_40534c4f12,[Pd].P(c1ccccc1)(c1ccccc1)c1ccccc1.P(c1ccccc1)(c1ccccc1)c1ccccc1.P(c1ccccc1)(c1ccccc1)c1ccccc1.P(c1ccccc1)(c1ccccc1)c1ccccc1|Toluene,,Pd(P(Ph)3)4),Toluene,100.0,18.0,20,C1(C(OB(O1)B1OC(C(O1)(C)C)(C)C)(C)C)(C)C
RKB-03608474,hit_04,c1(c(ncc(n1)Br)N)O[C@@H](c1c(ccc(c1Cl)F)C(N(C)Cc1c(c(nn1c1c(ncn1C)C#N)C)Br)=O)C,screen_SCRN_131,SCRN_131,c_96da66f8fe,P(C1CCCC1)(c1ccccc1)c1ccccc1.P(C1CCCC1)(c1ccccc1)c1ccccc1.C(Cl)Cl.[Pd](Cl)Cl.[Fe]|THF,Pd(OAc)2,Pd(dppf)Cl2,THF,100.0,18.0,20,C1(C(OB(O1)B1OC(C(O1)(C)C)(C)C)(C)C)(C)C
RKB-03608475,hit_04,c1(c(ncc(n1)Br)N)O[C@@H](c1c(ccc(c1Cl)F)C(N(C)Cc1c(c(nn1c1c(ncn1C)C#N)C)Br)=O)C,screen_SCRN_131,SCRN_131,c_ba1fa7db09,O1c2c(C(c3c1c(ccc3)P(c1ccccc1)c1ccccc1)(C)C)cccc2P(c1ccccc1)c1ccccc1.Cl[Pd]Cl|MeOH,,Pd(XanthPhos)Cl2,MeOH,100.0,18.0,20,C1(C(OB(O1)B1OC(C(O1)(C)C)(C)C)(C)C)(C)C
RKB-03608476,hit_04,c1(c(ncc(n1)Br)N)O[C@@H](c1c(ccc(c1Cl)F)C(N(C)Cc1c(c(nn1c1c(ncn1C)C#N)C)Br)=O)C,screen_SCRN_131,SCRN_131,c_a32f6953e7,c1(P(CC)CC)ccc(cc1)N(C)C|MeCN,Pd(OAc)2,Et Pd-132,MeCN,100.0,18.0,20,C1(C(OB(O1)B1OC(C(O1)(C)C)(C)C)(C)C)(C)C
RKB-03608477,hit_04,c1(c(ncc(n1)Br)N)O[C@@H](c1c(ccc(c1Cl)F)C(N(C)Cc1c(c(nn1c1c(ncn1C)C#N)C)Br)=O)C,screen_SCRN_131,SCRN_131,c_32f061b282,P(C1CCCC1)(C(C)(C)C)C(C)(C)C.P(C1CCCC1)(C(C)(C)C)C(C)(C)C.[Pd](Cl)Cl.[Fe]|Toluene,,Pd(dtbpf)Cl2,Toluene,100.0,18.0,20,C1(C(OB(O1)B1OC(C(O1)(C)C)(C)C)(C)C)(C)C
RKB-03608478,hit_04,c1(c(ncc(n1)Br)N)O[C@@H](c1c(ccc(c1Cl)F)C(N(C)Cc1c(c(nn1c1c(ncn1C)C#N)C)Br)=O)C,screen_SCRN_131,SCRN_131,c_96da66f8fe,P(C1CCCC1)(c1ccccc1)c1ccccc1.P(C1CCCC1)(c1ccccc1)c1ccccc1.C(Cl)Cl.[Pd](Cl)Cl.[Fe]|THF,Pd(OAc)2,Pd(dppf)Cl2,THF,100.0,18.0,19,C1(C(OB(O1)B1OC(C(O1)(C)C)(C)C)(C)C)(C)C
RKB-03608479,hit_04,c1(c(ncc(n1)Br)N)O[C@@H](c1c(ccc(c1Cl)F)C(N(C)Cc1c(c(nn1c1c(ncn1C)C#N)C)Br)=O)C,screen_SCRN_131,SCRN_131,c_4fdc95dfd7,[Pd](Cl)Cl.P(C(C)(C)C)(C(C)(C)C)c1ccc(N(C)C)cc1.P(C(C)(C)C)(C(C)(C)C)c1ccc(N(C)C)cc1|THF,,Pd-132,THF,100.0,18.0,19,C1(C(OB(O1)B1OC(C(O1)(C)C)(C)C)(C)C)(C)C
RKB-03608480,hit_04,c1(c(ncc(n1)Br)N)O[C@@H](c1c(ccc(c1Cl)F)C(N(C)Cc1c(c(nn1c1c(ncn1C)C#N)C)Br)=O)C,screen_SCRN_131,SCRN_131,c_87d08dc489,P(C1CCCC1)(C(C)(C)C)C(C)(C)C.P(C1CCCC1)(C(C)(C)C)C(C)(C)C.[Pd](Cl)Cl.[Fe]|MeOH,,Pd(dtbpf)Cl2,MeOH,100.0,18.0,18,C1(C(OB(O1)B1OC(C(O1)(C)C)(C)C)(C)C)(C)C
RKB-03608481,hit_04,c1(c(ncc(n1)Br)N)O[C@@H](c1c(ccc(c1Cl)F)C(N(C)Cc1c(c(nn1c1c(ncn1C)C#N)C)Br)=O)C,screen_SCRN_131,SCRN_131,c_fb0fd7c858,[Pd](Cl)Cl.P(C1CCCCC1)(C1CCCCC1)C1CCCCC1.P(C1CCCCC1)(C1CCCCC1)C1CCCCC1|THF,,Pd(P(Cy)3)2Cl2,THF,100.0,18.0,18,C1(C(OB(O1)B1OC(C(O1)(C)C)(C)C)(C)C)(C)C
RKB-03608482,hit_04,c1(c(ncc(n1)Br)N)O[C@@H](c1c(ccc(c1Cl)F)C(N(C)Cc1c(c(nn1c1c(ncn1C)C#N)C)Br)=O)C,screen_SCRN_131,SCRN_131,c_87d08dc489,P(C1CCCC1)(C(C)(C)C)C(C)(C)C.P(C1CCCC1)(C(C)(C)C)C(C)(C)C.[Pd](Cl)Cl.[Fe]|MeOH,,Pd(dtbpf)Cl2,MeOH,100.0,18.0,18,C1(C(OB(O1)B1OC(C(O1)(C)C)(C)C)(C)C)(C)C
RKB-03608483,hit_04,c1(c(ncc(n1)Br)N)O[C@@H](c1c(ccc(c1Cl)F)C(N(C)Cc1c(c(nn1c1c(ncn1C)C#N)C)Br)=O)C,screen_SCRN_131,SCRN_131,c_e564d7612a,[Pd].P(c1ccccc1)(c1ccccc1)c1ccccc1.P(c1ccccc1)(c1ccccc1)c1ccccc1.P(c1ccccc1)(c1ccccc1)c1ccccc1.P(c1ccccc1)(c1ccccc1)c1ccccc1|MeCN,,Pd(P(Ph)3)4),MeCN,100.0,18.0,18,C1(C(OB(O1)B1OC(C(O1)(C)C)(C)C)(C)C)(C)C
RKB-03608484,hit_04,c1(c(ncc(n1)Br)N)O[C@@H](c1c(ccc(c1Cl)F)C(N(C)Cc1c(c(nn1c1c(ncn1C)C#N)C)Br)=O)C,screen_SCRN_131,SCRN_131,c_435b3fc2a1,c1(P(CC)CC)ccc(cc1)N(C)C|Toluene,Pd(OAc)2,Et Pd-132,Toluene,100.0,18.0,17,C1(C(OB(O1)B1OC(C(O1)(C)C)(C)C)(C)C)(C)C
RKB-03608485,hit_04,c1(c(ncc(n1)Br)N)O[C@@H](c1c(ccc(c1Cl)F)C(N(C)Cc1c(c(nn1c1c(ncn1C)C#N)C)Br)=O)C,screen_SCRN_131,SCRN_131,c_ba1fa7db09,O1c2c(C(c3c1c(ccc3)P(c1ccccc1)c1ccccc1)(C)C)cccc2P(c1ccccc1)c1ccccc1.Cl[Pd]Cl|MeOH,,Pd(XanthPhos)Cl2,MeOH,100.0,18.0,17,C1(C(OB(O1)B1OC(C(O1)(C)C)(C)C)(C)C)(C)C
RKB-03608486,hit_04,c1(c(ncc(n1)Br)N)O[C@@H](c1c(ccc(c1Cl)F)C(N(C)Cc1c(c(nn1c1c(ncn1C)C#N)C)Br)=O)C,screen_SCRN_131,SCRN_131,c_9e3adb389c,P(C1CCCC1)(c1ccccc1)c1ccccc1.P(C1CCCC1)(c1ccccc1)c1ccccc1.C(Cl)Cl.[Pd](Cl)Cl.[Fe]|Toluene,,Pd(dppf)Cl2,Toluene,100.0,18.0,17,C1(C(OB(O1)B1OC(C(O1)(C)C)(C)C)(C)C)(C)C
RKB-03608487,hit_04,c1(c(ncc(n1)Br)N)O[C@@H](c1c(ccc(c1Cl)F)C(N(C)Cc1c(c(nn1c1c(ncn1C)C#N)C)Br)=O)C,screen_SCRN_131,SCRN_131,c_40534c4f12,[Pd].P(c1ccccc1)(c1ccccc1)c1ccccc1.P(c1ccccc1)(c1ccccc1)c1ccccc1.P(c1ccccc1)(c1ccccc1)c1ccccc1.P(c1ccccc1)(c1ccccc1)c1ccccc1|Toluene,,Pd(P(Ph)3)4),Toluene,100.0,18.0,17,C1(C(OB(O1)B1OC(C(O1)(C)C)(C)C)(C)C)(C)C
RKB-03608488,hit_04,c1(c(ncc(n1)Br)N)O[C@@H](c1c(ccc(c1Cl)F)C(N(C)Cc1c(c(nn1c1c(ncn1C)C#N)C)Br)=O)C,screen_SCRN_131,SCRN_131,c_1f622dc39d,[Pd].C(P(C(C)(C)C)C(C)(C)C)(C)(C)C.C(P(C(C)(C)C)C(C)(C)C)(C)(C)C|THF,,Pd(P(tBu)3)2,THF,100.0,18.0,17,C1(C(OB(O1)B1OC(C(O1)(C)C)(C)C)(C)C)(C)C
RKB-03608489,hit_04,c1(c(ncc(n1)Br)N)O[C@@H](c1c(ccc(c1Cl)F)C(N(C)Cc1c(c(nn1c1c(ncn1C)C#N)C)Br)=O)C,screen_SCRN_131,SCRN_131,c_1d9e641278,[Pd](Cl)Cl.P(c1c(cccc1)C)(c1c(cccc1)C)c1c(cccc1)C.P(c1c(cccc1)C)(c1c(cccc1)C)c1c(cccc1)C|MeOH,,Pd(P(o-Tol)3)2Cl2,MeOH,100.0,18.0,17,C1(C(OB(O1)B1OC(C(O1)(C)C)(C)C)(C)C)(C)C
RKB-03608490,hit_04,c1(c(ncc(n1)Br)N)O[C@@H](c1c(ccc(c1Cl)F)C(N(C)Cc1c(c(nn1c1c(ncn1C)C#N)C)Br)=O)C,screen_SCRN_131,SCRN_131,c_493aa05fab,O1c2c(C(c3c1c(ccc3)P(c1ccccc1)c1ccccc1)(C)C)cccc2P(c1ccccc1)c1ccccc1.Cl[Pd]Cl|Toluene,,Pd(XanthPhos)Cl2,Toluene,100.0,18.0,16,C1(C(OB(O1)B1OC(C(O1)(C)C)(C)C)(C)C)(C)C
RKB-03608491,hit_04,c1(c(ncc(n1)Br)N)O[C@@H](c1c(ccc(c1Cl)F)C(N(C)Cc1c(c(nn1c1c(ncn1C)C#N)C)Br)=O)C,screen_SCRN_131,SCRN_131,c_dd752d0e98,n1c(c(c(n1c1ccccc1)c1ccccc1)n1nccc1P(C(C)(C)C)(C(C)(C)C)[Pd](Cl)Cl)c1ccccc1|MeOH,,Pd(BiPyPhos)(Cl)2,MeOH,100.0,18.0,16,C1(C(OB(O1)B1OC(C(O1)(C)C)(C)C)(C)C)(C)C
RKB-03608492,hit_04,c1(c(ncc(n1)Br)N)O[C@@H](c1c(ccc(c1Cl)F)C(N(C)Cc1c(c(nn1c1c(ncn1C)C#N)C)Br)=O)C,screen_SCRN_131,SCRN_131,c_aea74536ed,c1(P(CC)CC)ccc(cc1)N(C)C|MeOH,Pd(OAc)2,Et Pd-132,MeOH,100.0,18.0,16,C1(C(OB(O1)B1OC(C(O1)(C)C)(C)C)(C)C)(C)C
RKB-03608493,hit_04,c1(c(ncc(n1)Br)N)O[C@@H](c1c(ccc(c1Cl)F)C(N(C)Cc1c(c(nn1c1c(ncn1C)C#N)C)Br)=O)C,screen_SCRN_131,SCRN_131,c_b6552437bf,n1c(c(c(n1c1ccccc1)c1ccccc1)n1nccc1P(C(C)(C)C)(C(C)(C)C)[Pd](Cl)Cl)c1ccccc1|MeCN,,Pd(BiPyPhos)(Cl)2,MeCN,100.0,18.0,16,C1(C(OB(O1)B1OC(C(O1)(C)C)(C)C)(C)C)(C)C
RKB-03608494,hit_04,c1(c(ncc(n1)Br)N)O[C@@H](c1c(ccc(c1Cl)F)C(N(C)Cc1c(c(nn1c1c(ncn1C)C#N)C)Br)=O)C,screen_SCRN_131,SCRN_131,c_f7824c77b7,O1c2c(C(c3c1c(ccc3)P(c1ccccc1)c1ccccc1)(C)C)cccc2P(c1ccccc1)c1ccccc1.Cl[Pd]Cl|THF,,Pd(XanthPhos)Cl2,THF,100.0,18.0,16,C1(C(OB(O1)B1OC(C(O1)(C)C)(C)C)(C)C)(C)C
RKB-03608495,hit_04,c1(c(ncc(n1)Br)N)O[C@@H](c1c(ccc(c1Cl)F)C(N(C)Cc1c(c(nn1c1c(ncn1C)C#N)C)Br)=O)C,screen_SCRN_131,SCRN_131,c_3196604cd9,[Pd](Cl)Cl.P(C(C)(C)C)(C(C)(C)C)c1ccc(N(C)C)cc1.P(C(C)(C)C)(C(C)(C)C)c1ccc(N(C)C)cc1|MeCN,,Pd-132,MeCN,100.0,18.0,15,C1(C(OB(O1)B1OC(C(O1)(C)C)(C)C)(C)C)(C)C
RKB-03608496,hit_04,c1(c(ncc(n1)Br)N)O[C@@H](c1c(ccc(c1Cl)F)C(N(C)Cc1c(c(nn1c1c(ncn1C)C#N)C)Br)=O)C,screen_SCRN_131,SCRN_131,c_e564d7612a,[Pd].P(c1ccccc1)(c1ccccc1)c1ccccc1.P(c1ccccc1)(c1ccccc1)c1ccccc1.P(c1ccccc1)(c1ccccc1)c1ccccc1.P(c1ccccc1)(c1ccccc1)c1ccccc1|MeCN,,Pd(P(Ph)3)4),MeCN,100.0,18.0,15,C1(C(OB(O1)B1OC(C(O1)(C)C)(C)C)(C)C)(C)C
RKB-03608497,hit_04,c1(c(ncc(n1)Br)N)O[C@@H](c1c(ccc(c1Cl)F)C(N(C)Cc1c(c(nn1c1c(ncn1C)C#N)C)Br)=O)C,screen_SCRN_131,SCRN_131,c_599a93c125,[Pd](Cl)Cl.P(c1c(cccc1)C)(c1c(cccc1)C)c1c(cccc1)C.P(c1c(cccc1)C)(c1c(cccc1)C)c1c(cccc1)C|Toluene,,Pd(P(o-Tol)3)2Cl2,Toluene,100.0,18.0,14,C1(C(OB(O1)B1OC(C(O1)(C)C)(C)C)(C)C)(C)C
RKB-03608498,hit_04,c1(c(ncc(n1)Br)N)O[C@@H](c1c(ccc(c1Cl)F)C(N(C)Cc1c(c(nn1c1c(ncn1C)C#N)C)Br)=O)C,screen_SCRN_131,SCRN_131,c_b9c1c9f68d,P(C1CCCC1)(c1ccccc1)c1ccccc1.P(C1CCCC1)(c1ccccc1)c1ccccc1.C(Cl)Cl.[Pd](Cl)Cl.[Fe]|MeCN,,Pd(dppf)Cl2,MeCN,100.0,18.0,14,C1(C(OB(O1)B1OC(C(O1)(C)C)(C)C)(C)C)(C)C
RKB-03608499,hit_04,c1(c(ncc(n1)Br)N)O[C@@H](c1c(ccc(c1Cl)F)C(N(C)Cc1c(c(nn1c1c(ncn1C)C#N)C)Br)=O)C,screen_SCRN_131,SCRN_131,c_1d9e641278,[Pd](Cl)Cl.P(c1c(cccc1)C)(c1c(cccc1)C)c1c(cccc1)C.P(c1c(cccc1)C)(c1c(cccc1)C)c1c(cccc1)C|MeOH,,Pd(P(o-Tol)3)2Cl2,MeOH,100.0,18.0,14,C1(C(OB(O1)B1OC(C(O1)(C)C)(C)C)(C)C)(C)C
RKB-03608500,hit_04,c1(c(ncc(n1)Br)N)O[C@@H](c1c(ccc(c1Cl)F)C(N(C)Cc1c(c(nn1c1c(ncn1C)C#N)C)Br)=O)C,screen_SCRN_131,SCRN_131,c_e7bd21231d,P(C1CCCC1)(c1ccccc1)c1ccccc1.P(C1CCCC1)(c1ccccc1)c1ccccc1.C(Cl)Cl.[Pd](Cl)Cl.[Fe]|MeOH,,Pd(dppf)Cl2,MeOH,100.0,18.0,14,C1(C(OB(O1)B1OC(C(O1)(C)C)(C)C)(C)C)(C)C
RKB-03608501,hit_04,c1(c(ncc(n1)Br)N)O[C@@H](c1c(ccc(c1Cl)F)C(N(C)Cc1c(c(nn1c1c(ncn1C)C#N)C)Br)=O)C,screen_SCRN_131,SCRN_131,c_dd752d0e98,n1c(c(c(n1c1ccccc1)c1ccccc1)n1nccc1P(C(C)(C)C)(C(C)(C)C)[Pd](Cl)Cl)c1ccccc1|MeOH,,Pd(BiPyPhos)(Cl)2,MeOH,100.0,18.0,13,C1(C(OB(O1)B1OC(C(O1)(C)C)(C)C)(C)C)(C)C
RKB-03608502,hit_04,c1(c(ncc(n1)Br)N)O[C@@H](c1c(ccc(c1Cl)F)C(N(C)Cc1c(c(nn1c1c(ncn1C)C#N)C)Br)=O)C,screen_SCRN_131,SCRN_131,c_32f061b282,P(C1CCCC1)(C(C)(C)C)C(C)(C)C.P(C1CCCC1)(C(C)(C)C)C(C)(C)C.[Pd](Cl)Cl.[Fe]|Toluene,,Pd(dtbpf)Cl2,Toluene,100.0,18.0,13,C1(C(OB(O1)B1OC(C(O1)(C)C)(C)C)(C)C)(C)C
RKB-03608503,hit_04,c1(c(ncc(n1)Br)N)O[C@@H](c1c(ccc(c1Cl)F)C(N(C)Cc1c(c(nn1c1c(ncn1C)C#N)C)Br)=O)C,screen_SCRN_131,SCRN_131,c_c3b27856cb,[Pd](Cl)Cl.P(c1c(cccc1)C)(c1c(cccc1)C)c1c(cccc1)C.P(c1c(cccc1)C)(c1c(cccc1)C)c1c(cccc1)C|MeCN,,Pd(P(o-Tol)3)2Cl2,MeCN,100.0,18.0,12,C1(C(OB(O1)B1OC(C(O1)(C)C)(C)C)(C)C)(C)C
RKB-03608504,hit_04,c1(c(ncc(n1)Br)N)O[C@@H](c1c(ccc(c1Cl)F)C(N(C)Cc1c(c(nn1c1c(ncn1C)C#N)C)Br)=O)C,screen_SCRN_131,SCRN_131,c_e7bd21231d,P(C1CCCC1)(c1ccccc1)c1ccccc1.P(C1CCCC1)(c1ccccc1)c1ccccc1.C(Cl)Cl.[Pd](Cl)Cl.[Fe]|MeOH,,Pd(dppf)Cl2,MeOH,100.0,18.0,12,C1(C(OB(O1)B1OC(C(O1)(C)C)(C)C)(C)C)(C)C
RKB-03608505,hit_04,c1(c(ncc(n1)Br)N)O[C@@H](c1c(ccc(c1Cl)F)C(N(C)Cc1c(c(nn1c1c(ncn1C)C#N)C)Br)=O)C,screen_SCRN_131,SCRN_131,c_dd752d0e98,n1c(c(c(n1c1ccccc1)c1ccccc1)n1nccc1P(C(C)(C)C)(C(C)(C)C)[Pd](Cl)Cl)c1ccccc1|MeOH,,Pd(BiPyPhos)(Cl)2,MeOH,100.0,18.0,12,C1(C(OB(O1)B1OC(C(O1)(C)C)(C)C)(C)C)(C)C
RKB-03608506,hit_04,c1(c(ncc(n1)Br)N)O[C@@H](c1c(ccc(c1Cl)F)C(N(C)Cc1c(c(nn1c1c(ncn1C)C#N)C)Br)=O)C,screen_SCRN_131,SCRN_131,c_3f90fc71ff,[Pd](Cl)Cl.P(C(C)(C)C)(C(C)(C)C)c1ccc(N(C)C)cc1.P(C(C)(C)C)(C(C)(C)C)c1ccc(N(C)C)cc1|MeOH,,Pd-132,MeOH,100.0,18.0,11,C1(C(OB(O1)B1OC(C(O1)(C)C)(C)C)(C)C)(C)C
RKB-03608507,hit_04,c1(c(ncc(n1)Br)N)O[C@@H](c1c(ccc(c1Cl)F)C(N(C)Cc1c(c(nn1c1c(ncn1C)C#N)C)Br)=O)C,screen_SCRN_131,SCRN_131,c_30116215bd,[Pd].C(P(C(C)(C)C)C(C)(C)C)(C)(C)C.C(P(C(C)(C)C)C(C)(C)C)(C)(C)C|MeOH,,Pd(P(tBu)3)2,MeOH,100.0,18.0,11,C1(C(OB(O1)B1OC(C(O1)(C)C)(C)C)(C)C)(C)C
RKB-03608508,hit_04,c1(c(ncc(n1)Br)N)O[C@@H](c1c(ccc(c1Cl)F)C(N(C)Cc1c(c(nn1c1c(ncn1C)C#N)C)Br)=O)C,screen_SCRN_131,SCRN_131,c_a86e283b14,c1(c2c(P(C3CCCCC3)C3CCCCC3)cccc2)c(cc(cc1C(C)C)C(C)C)C(C)C|MeCN,Pd(OAc)2,Pd(OAc)2/XPhos,MeCN,100.0,18.0,11,C1(C(OB(O1)B1OC(C(O1)(C)C)(C)C)(C)C)(C)C
RKB-03608509,hit_04,c1(c(ncc(n1)Br)N)O[C@@H](c1c(ccc(c1Cl)F)C(N(C)Cc1c(c(nn1c1c(ncn1C)C#N)C)Br)=O)C,screen_SCRN_131,SCRN_131,c_96da66f8fe,P(C1CCCC1)(c1ccccc1)c1ccccc1.P(C1CCCC1)(c1ccccc1)c1ccccc1.C(Cl)Cl.[Pd](Cl)Cl.[Fe]|THF,Pd(OAc)2,Pd(dppf)Cl2,THF,100.0,18.0,11,C1(C(OB(O1)B1OC(C(O1)(C)C)(C)C)(C)C)(C)C
RKB-03608510,hit_04,c1(c(ncc(n1)Br)N)O[C@@H](c1c(ccc(c1Cl)F)C(N(C)Cc1c(c(nn1c1c(ncn1C)C#N)C)Br)=O)C,screen_SCRN_131,SCRN_131,c_23c32c1777,[Pd](Cl)Cl.P(C1CCCCC1)(C1CCCCC1)C1CCCCC1.P(C1CCCCC1)(C1CCCCC1)C1CCCCC1|Toluene,,Pd(P(Cy)3)2Cl2,Toluene,100.0,18.0,11,C1(C(OB(O1)B1OC(C(O1)(C)C)(C)C)(C)C)(C)C
RKB-03608511,hit_04,c1(c(ncc(n1)Br)N)O[C@@H](c1c(ccc(c1Cl)F)C(N(C)Cc1c(c(nn1c1c(ncn1C)C#N)C)Br)=O)C,screen_SCRN_131,SCRN_131,c_9e3adb389c,P(C1CCCC1)(c1ccccc1)c1ccccc1.P(C1CCCC1)(c1ccccc1)c1ccccc1.C(Cl)Cl.[Pd](Cl)Cl.[Fe]|Toluene,,Pd(dppf)Cl2,Toluene,100.0,18.0,11,C1(C(OB(O1)B1OC(C(O1)(C)C)(C)C)(C)C)(C)C
RKB-03608512,hit_04,c1(c(ncc(n1)Br)N)O[C@@H](c1c(ccc(c1Cl)F)C(N(C)Cc1c(c(nn1c1c(ncn1C)C#N)C)Br)=O)C,screen_SCRN_131,SCRN_131,c_26f340984c,n1c(c(c(n1c1ccccc1)c1ccccc1)n1nccc1P(C(C)(C)C)(C(C)(C)C)[Pd](Cl)Cl)c1ccccc1|THF,Pd(OAc)2,Pd(BiPyPhos)(Cl)2,THF,100.0,18.0,11,C1(C(OB(O1)B1OC(C(O1)(C)C)(C)C)(C)C)(C)C
RKB-03608513,hit_04,c1(c(ncc(n1)Br)N)O[C@@H](c1c(ccc(c1Cl)F)C(N(C)Cc1c(c(nn1c1c(ncn1C)C#N)C)Br)=O)C,screen_SCRN_131,SCRN_131,c_3c160df052,c1(c2c(P(C3CCCCC3)C3CCCCC3)cccc2)c(cc(cc1C(C)C)C(C)C)C(C)C|Toluene,Pd(OAc)2,Pd(OAc)2/XPhos,Toluene,100.0,18.0,10,C1(C(OB(O1)B1OC(C(O1)(C)C)(C)C)(C)C)(C)C
RKB-03608514,hit_04,c1(c(ncc(n1)Br)N)O[C@@H](c1c(ccc(c1Cl)F)C(N(C)Cc1c(c(nn1c1c(ncn1C)C#N)C)Br)=O)C,screen_SCRN_131,SCRN_131,c_493aa05fab,O1c2c(C(c3c1c(ccc3)P(c1ccccc1)c1ccccc1)(C)C)cccc2P(c1ccccc1)c1ccccc1.Cl[Pd]Cl|Toluene,,Pd(XanthPhos)Cl2,Toluene,100.0,18.0,10,C1(C(OB(O1)B1OC(C(O1)(C)C)(C)C)(C)C)(C)C
RKB-03608515,hit_04,c1(c(ncc(n1)Br)N)O[C@@H](c1c(ccc(c1Cl)F)C(N(C)Cc1c(c(nn1c1c(ncn1C)C#N)C)Br)=O)C,screen_SCRN_131,SCRN_131,c_9e3adb389c,P(C1CCCC1)(c1ccccc1)c1ccccc1.P(C1CCCC1)(c1ccccc1)c1ccccc1.C(Cl)Cl.[Pd](Cl)Cl.[Fe]|Toluene,,Pd(dppf)Cl2,Toluene,100.0,18.0,10,C1(C(OB(O1)B1OC(C(O1)(C)C)(C)C)(C)C)(C)C
RKB-03608516,hit_04,c1(c(ncc(n1)Br)N)O[C@@H](c1c(ccc(c1Cl)F)C(N(C)Cc1c(c(nn1c1c(ncn1C)C#N)C)Br)=O)C,screen_SCRN_131,SCRN_131,c_2db771aad0,c1(c2c(P(C3CCCCC3)C3CCCCC3)cccc2)c(cc(cc1C(C)C)C(C)C)C(C)C|THF,,Pd(OAc)2/XPhos,THF,100.0,18.0,10,C1(C(OB(O1)B1OC(C(O1)(C)C)(C)C)(C)C)(C)C
RKB-03608517,hit_04,c1(c(ncc(n1)Br)N)O[C@@H](c1c(ccc(c1Cl)F)C(N(C)Cc1c(c(nn1c1c(ncn1C)C#N)C)Br)=O)C,screen_SCRN_131,SCRN_131,c_5e8279fbea,[Pd](Cl)Cl.P(C(C)(C)C)(C(C)(C)C)c1ccc(N(C)C)cc1.P(C(C)(C)C)(C(C)(C)C)c1ccc(N(C)C)cc1|Toluene,,Pd-132,Toluene,100.0,18.0,10,C1(C(OB(O1)B1OC(C(O1)(C)C)(C)C)(C)C)(C)C
RKB-03608518,hit_04,c1(c(ncc(n1)Br)N)O[C@@H](c1c(ccc(c1Cl)F)C(N(C)Cc1c(c(nn1c1c(ncn1C)C#N)C)Br)=O)C,screen_SCRN_131,SCRN_131,c_599a93c125,[Pd](Cl)Cl.P(c1c(cccc1)C)(c1c(cccc1)C)c1c(cccc1)C.P(c1c(cccc1)C)(c1c(cccc1)C)c1c(cccc1)C|Toluene,,Pd(P(o-Tol)3)2Cl2,Toluene,100.0,18.0,10,C1(C(OB(O1)B1OC(C(O1)(C)C)(C)C)(C)C)(C)C
RKB-03608519,hit_04,c1(c(ncc(n1)Br)N)O[C@@H](c1c(ccc(c1Cl)F)C(N(C)Cc1c(c(nn1c1c(ncn1C)C#N)C)Br)=O)C,screen_SCRN_131,SCRN_131,c_99aeac08ec,O1c2c(C(c3c1c(ccc3)P(c1ccccc1)c1ccccc1)(C)C)cccc2P(c1ccccc1)c1ccccc1.Cl[Pd]Cl|MeCN,,Pd(XanthPhos)Cl2,MeCN,100.0,18.0,10,C1(C(OB(O1)B1OC(C(O1)(C)C)(C)C)(C)C)(C)C
RKB-03608520,hit_04,c1(c(ncc(n1)Br)N)O[C@@H](c1c(ccc(c1Cl)F)C(N(C)Cc1c(c(nn1c1c(ncn1C)C#N)C)Br)=O)C,screen_SCRN_131,SCRN_131,c_c4be4d3b3e,c1(c2c(P(C3CCCCC3)C3CCCCC3)cccc2)c(cc(cc1C(C)C)C(C)C)C(C)C|MeOH,Pd(OAc)2,Pd(OAc)2/XPhos,MeOH,100.0,18.0,10,C1(C(OB(O1)B1OC(C(O1)(C)C)(C)C)(C)C)(C)C
RKB-03608521,hit_04,c1(c(ncc(n1)Br)N)O[C@@H](c1c(ccc(c1Cl)F)C(N(C)Cc1c(c(nn1c1c(ncn1C)C#N)C)Br)=O)C,screen_SCRN_131,SCRN_131,c_e7bd21231d,P(C1CCCC1)(c1ccccc1)c1ccccc1.P(C1CCCC1)(c1ccccc1)c1ccccc1.C(Cl)Cl.[Pd](Cl)Cl.[Fe]|MeOH,,Pd(dppf)Cl2,MeOH,100.0,18.0,9,C1(C(OB(O1)B1OC(C(O1)(C)C)(C)C)(C)C)(C)C
RKB-03608522,hit_04,c1(c(ncc(n1)Br)N)O[C@@H](c1c(ccc(c1Cl)F)C(N(C)Cc1c(c(nn1c1c(ncn1C)C#N)C)Br)=O)C,screen_SCRN_131,SCRN_131,c_b6552437bf,n1c(c(c(n1c1ccccc1)c1ccccc1)n1nccc1P(C(C)(C)C)(C(C)(C)C)[Pd](Cl)Cl)c1ccccc1|MeCN,,Pd(BiPyPhos)(Cl)2,MeCN,100.0,18.0,9,C1(C(OB(O1)B1OC(C(O1)(C)C)(C)C)(C)C)(C)C
RKB-03608523,hit_04,c1(c(ncc(n1)Br)N)O[C@@H](c1c(ccc(c1Cl)F)C(N(C)Cc1c(c(nn1c1c(ncn1C)C#N)C)Br)=O)C,screen_SCRN_131,SCRN_131,c_ad8305297d,[Pd](Cl)Cl.P(c1c(cccc1)C)(c1c(cccc1)C)c1c(cccc1)C.P(c1c(cccc1)C)(c1c(cccc1)C)c1c(cccc1)C|THF,,Pd(P(o-Tol)3)2Cl2,THF,100.0,18.0,9,C1(C(OB(O1)B1OC(C(O1)(C)C)(C)C)(C)C)(C)C
RKB-03608524,hit_04,c1(c(ncc(n1)Br)N)O[C@@H](c1c(ccc(c1Cl)F)C(N(C)Cc1c(c(nn1c1c(ncn1C)C#N)C)Br)=O)C,screen_SCRN_131,SCRN_131,c_5570c5f42c,n1c(c(c(n1c1ccccc1)c1ccccc1)n1nccc1P(C(C)(C)C)(C(C)(C)C)[Pd](Cl)Cl)c1ccccc1|Toluene,,Pd(BiPyPhos)(Cl)2,Toluene,100.0,18.0,9,C1(C(OB(O1)B1OC(C(O1)(C)C)(C)C)(C)C)(C)C
RKB-03608525,hit_04,c1(c(ncc(n1)Br)N)O[C@@H](c1c(ccc(c1Cl)F)C(N(C)Cc1c(c(nn1c1c(ncn1C)C#N)C)Br)=O)C,screen_SCRN_131,SCRN_131,c_aea74536ed,c1(P(CC)CC)ccc(cc1)N(C)C|MeOH,Pd(OAc)2,Et Pd-132,MeOH,100.0,18.0,9,C1(C(OB(O1)B1OC(C(O1)(C)C)(C)C)(C)C)(C)C
RKB-03608526,hit_04,c1(c(ncc(n1)Br)N)O[C@@H](c1c(ccc(c1Cl)F)C(N(C)Cc1c(c(nn1c1c(ncn1C)C#N)C)Br)=O)C,screen_SCRN_131,SCRN_131,c_4076342b87,[Pd].C(P(C(C)(C)C)C(C)(C)C)(C)(C)C.C(P(C(C)(C)C)C(C)(C)C)(C)(C)C|Toluene,,Pd(P(tBu)3)2,Toluene,100.0,18.0,9,C1(C(OB(O1)B1OC(C(O1)(C)C)(C)C)(C)C)(C)C
RKB-03608527,hit_04,c1(c(ncc(n1)Br)N)O[C@@H](c1c(ccc(c1Cl)F)C(N(C)Cc1c(c(nn1c1c(ncn1C)C#N)C)Br)=O)C,screen_SCRN_131,SCRN_131,c_b4e663cbcf,P([C@]12C[C@@H]3C[C@H](C2)C[C@@H](C1)C3)([C@]12C[C@@H]3C[C@@H](C2)C[C@@H](C1)C3)CCCC|MeOH,Pd(OAc)2,Pd(OAc)2/CataCXium A,MeOH,100.0,18.0,9,C1(C(OB(O1)B1OC(C(O1)(C)C)(C)C)(C)C)(C)C
RKB-03608528,hit_04,c1(c(ncc(n1)Br)N)O[C@@H](c1c(ccc(c1Cl)F)C(N(C)Cc1c(c(nn1c1c(ncn1C)C#N)C)Br)=O)C,screen_SCRN_131,SCRN_131,c_5570c5f42c,n1c(c(c(n1c1ccccc1)c1ccccc1)n1nccc1P(C(C)(C)C)(C(C)(C)C)[Pd](Cl)Cl)c1ccccc1|Toluene,,Pd(BiPyPhos)(Cl)2,Toluene,100.0,18.0,8,C1(C(OB(O1)B1OC(C(O1)(C)C)(C)C)(C)C)(C)C
RKB-03608529,hit_04,c1(c(ncc(n1)Br)N)O[C@@H](c1c(ccc(c1Cl)F)C(N(C)Cc1c(c(nn1c1c(ncn1C)C#N)C)Br)=O)C,screen_SCRN_131,SCRN_131,c_b9c1c9f68d,P(C1CCCC1)(c1ccccc1)c1ccccc1.P(C1CCCC1)(c1ccccc1)c1ccccc1.C(Cl)Cl.[Pd](Cl)Cl.[Fe]|MeCN,,Pd(dppf)Cl2,MeCN,100.0,18.0,8,C1(C(OB(O1)B1OC(C(O1)(C)C)(C)C)(C)C)(C)C
RKB-03608530,hit_04,c1(c(ncc(n1)Br)N)O[C@@H](c1c(ccc(c1Cl)F)C(N(C)Cc1c(c(nn1c1c(ncn1C)C#N)C)Br)=O)C,screen_SCRN_131,SCRN_131,c_435b3fc2a1,c1(P(CC)CC)ccc(cc1)N(C)C|Toluene,Pd(OAc)2,Et Pd-132,Toluene,100.0,18.0,8,C1(C(OB(O1)B1OC(C(O1)(C)C)(C)C)(C)C)(C)C
RKB-03608531,hit_04,c1(c(ncc(n1)Br)N)O[C@@H](c1c(ccc(c1Cl)F)C(N(C)Cc1c(c(nn1c1c(ncn1C)C#N)C)Br)=O)C,screen_SCRN_131,SCRN_131,c_599a93c125,[Pd](Cl)Cl.P(c1c(cccc1)C)(c1c(cccc1)C)c1c(cccc1)C.P(c1c(cccc1)C)(c1c(cccc1)C)c1c(cccc1)C|Toluene,,Pd(P(o-Tol)3)2Cl2,Toluene,100.0,18.0,8,C1(C(OB(O1)B1OC(C(O1)(C)C)(C)C)(C)C)(C)C
RKB-03608532,hit_04,c1(c(ncc(n1)Br)N)O[C@@H](c1c(ccc(c1Cl)F)C(N(C)Cc1c(c(nn1c1c(ncn1C)C#N)C)Br)=O)C,screen_SCRN_131,SCRN_131,c_26f340984c,n1c(c(c(n1c1ccccc1)c1ccccc1)n1nccc1P(C(C)(C)C)(C(C)(C)C)[Pd](Cl)Cl)c1ccccc1|THF,Pd(OAc)2,Pd(BiPyPhos)(Cl)2,THF,100.0,18.0,8,C1(C(OB(O1)B1OC(C(O1)(C)C)(C)C)(C)C)(C)C
RKB-03608533,hit_04,c1(c(ncc(n1)Br)N)O[C@@H](c1c(ccc(c1Cl)F)C(N(C)Cc1c(c(nn1c1c(ncn1C)C#N)C)Br)=O)C,screen_SCRN_131,SCRN_131,c_f7824c77b7,O1c2c(C(c3c1c(ccc3)P(c1ccccc1)c1ccccc1)(C)C)cccc2P(c1ccccc1)c1ccccc1.Cl[Pd]Cl|THF,,Pd(XanthPhos)Cl2,THF,100.0,18.0,8,C1(C(OB(O1)B1OC(C(O1)(C)C)(C)C)(C)C)(C)C
RKB-03608534,hit_04,c1(c(ncc(n1)Br)N)O[C@@H](c1c(ccc(c1Cl)F)C(N(C)Cc1c(c(nn1c1c(ncn1C)C#N)C)Br)=O)C,screen_SCRN_131,SCRN_131,c_f25873d76b,c1(P(CC)CC)ccc(cc1)N(C)C|THF,,Et Pd-132,THF,100.0,18.0,8,C1(C(OB(O1)B1OC(C(O1)(C)C)(C)C)(C)C)(C)C
RKB-03608535,hit_04,c1(c(ncc(n1)Br)N)O[C@@H](c1c(ccc(c1Cl)F)C(N(C)Cc1c(c(nn1c1c(ncn1C)C#N)C)Br)=O)C,screen_SCRN_131,SCRN_131,c_5570c5f42c,n1c(c(c(n1c1ccccc1)c1ccccc1)n1nccc1P(C(C)(C)C)(C(C)(C)C)[Pd](Cl)Cl)c1ccccc1|Toluene,,Pd(BiPyPhos)(Cl)2,Toluene,100.0,18.0,7,C1(C(OB(O1)B1OC(C(O1)(C)C)(C)C)(C)C)(C)C
RKB-03608536,hit_04,c1(c(ncc(n1)Br)N)O[C@@H](c1c(ccc(c1Cl)F)C(N(C)Cc1c(c(nn1c1c(ncn1C)C#N)C)Br)=O)C,screen_SCRN_131,SCRN_131,c_e564d7612a,[Pd].P(c1ccccc1)(c1ccccc1)c1ccccc1.P(c1ccccc1)(c1ccccc1)c1ccccc1.P(c1ccccc1)(c1ccccc1)c1ccccc1.P(c1ccccc1)(c1ccccc1)c1ccccc1|MeCN,,Pd(P(Ph)3)4),MeCN,100.0,18.0,7,C1(C(OB(O1)B1OC(C(O1)(C)C)(C)C)(C)C)(C)C
RKB-03608537,hit_04,c1(c(ncc(n1)Br)N)O[C@@H](c1c(ccc(c1Cl)F)C(N(C)Cc1c(c(nn1c1c(ncn1C)C#N)C)Br)=O)C,screen_SCRN_131,SCRN_131,c_ad8305297d,[Pd](Cl)Cl.P(c1c(cccc1)C)(c1c(cccc1)C)c1c(cccc1)C.P(c1c(cccc1)C)(c1c(cccc1)C)c1c(cccc1)C|THF,,Pd(P(o-Tol)3)2Cl2,THF,100.0,18.0,7,C1(C(OB(O1)B1OC(C(O1)(C)C)(C)C)(C)C)(C)C
RKB-03608538,hit_04,c1(c(ncc(n1)Br)N)O[C@@H](c1c(ccc(c1Cl)F)C(N(C)Cc1c(c(nn1c1c(ncn1C)C#N)C)Br)=O)C,screen_SCRN_131,SCRN_131,c_3c160df052,c1(c2c(P(C3CCCCC3)C3CCCCC3)cccc2)c(cc(cc1C(C)C)C(C)C)C(C)C|Toluene,Pd(OAc)2,Pd(OAc)2/XPhos,Toluene,100.0,18.0,7,C1(C(OB(O1)B1OC(C(O1)(C)C)(C)C)(C)C)(C)C
RKB-03608539,hit_04,c1(c(ncc(n1)Br)N)O[C@@H](c1c(ccc(c1Cl)F)C(N(C)Cc1c(c(nn1c1c(ncn1C)C#N)C)Br)=O)C,screen_SCRN_131,SCRN_131,c_1d9e641278,[Pd](Cl)Cl.P(c1c(cccc1)C)(c1c(cccc1)C)c1c(cccc1)C.P(c1c(cccc1)C)(c1c(cccc1)C)c1c(cccc1)C|MeOH,,Pd(P(o-Tol)3)2Cl2,MeOH,100.0,18.0,7,C1(C(OB(O1)B1OC(C(O1)(C)C)(C)C)(C)C)(C)C
RKB-03608540,hit_04,c1(c(ncc(n1)Br)N)O[C@@H](c1c(ccc(c1Cl)F)C(N(C)Cc1c(c(nn1c1c(ncn1C)C#N)C)Br)=O)C,screen_SCRN_131,SCRN_131,c_99aeac08ec,O1c2c(C(c3c1c(ccc3)P(c1ccccc1)c1ccccc1)(C)C)cccc2P(c1ccccc1)c1ccccc1.Cl[Pd]Cl|MeCN,,Pd(XanthPhos)Cl2,MeCN,100.0,18.0,6,C1(C(OB(O1)B1OC(C(O1)(C)C)(C)C)(C)C)(C)C
RKB-03608541,hit_04,c1(c(ncc(n1)Br)N)O[C@@H](c1c(ccc(c1Cl)F)C(N(C)Cc1c(c(nn1c1c(ncn1C)C#N)C)Br)=O)C,screen_SCRN_131,SCRN_131,c_3f90fc71ff,[Pd](Cl)Cl.P(C(C)(C)C)(C(C)(C)C)c1ccc(N(C)C)cc1.P(C(C)(C)C)(C(C)(C)C)c1ccc(N(C)C)cc1|MeOH,,Pd-132,MeOH,100.0,18.0,6,C1(C(OB(O1)B1OC(C(O1)(C)C)(C)C)(C)C)(C)C
RKB-03608542,hit_04,c1(c(ncc(n1)Br)N)O[C@@H](c1c(ccc(c1Cl)F)C(N(C)Cc1c(c(nn1c1c(ncn1C)C#N)C)Br)=O)C,screen_SCRN_131,SCRN_131,c_b9c1c9f68d,P(C1CCCC1)(c1ccccc1)c1ccccc1.P(C1CCCC1)(c1ccccc1)c1ccccc1.C(Cl)Cl.[Pd](Cl)Cl.[Fe]|MeCN,,Pd(dppf)Cl2,MeCN,100.0,18.0,6,C1(C(OB(O1)B1OC(C(O1)(C)C)(C)C)(C)C)(C)C
RKB-03608543,hit_04,c1(c(ncc(n1)Br)N)O[C@@H](c1c(ccc(c1Cl)F)C(N(C)Cc1c(c(nn1c1c(ncn1C)C#N)C)Br)=O)C,screen_SCRN_131,SCRN_131,c_99aeac08ec,O1c2c(C(c3c1c(ccc3)P(c1ccccc1)c1ccccc1)(C)C)cccc2P(c1ccccc1)c1ccccc1.Cl[Pd]Cl|MeCN,,Pd(XanthPhos)Cl2,MeCN,100.0,18.0,6,C1(C(OB(O1)B1OC(C(O1)(C)C)(C)C)(C)C)(C)C
RKB-03608544,hit_04,c1(c(ncc(n1)Br)N)O[C@@H](c1c(ccc(c1Cl)F)C(N(C)Cc1c(c(nn1c1c(ncn1C)C#N)C)Br)=O)C,screen_SCRN_131,SCRN_131,c_c3b27856cb,[Pd](Cl)Cl.P(c1c(cccc1)C)(c1c(cccc1)C)c1c(cccc1)C.P(c1c(cccc1)C)(c1c(cccc1)C)c1c(cccc1)C|MeCN,,Pd(P(o-Tol)3)2Cl2,MeCN,100.0,18.0,6,C1(C(OB(O1)B1OC(C(O1)(C)C)(C)C)(C)C)(C)C
RKB-03608545,hit_04,c1(c(ncc(n1)Br)N)O[C@@H](c1c(ccc(c1Cl)F)C(N(C)Cc1c(c(nn1c1c(ncn1C)C#N)C)Br)=O)C,screen_SCRN_131,SCRN_131,c_adf3bba061,P(C1CCCC1)(C(C)(C)C)C(C)(C)C.P(C1CCCC1)(C(C)(C)C)C(C)(C)C.[Pd](Cl)Cl.[Fe]|MeCN,,Pd(dtbpf)Cl2,MeCN,100.0,18.0,6,C1(C(OB(O1)B1OC(C(O1)(C)C)(C)C)(C)C)(C)C
RKB-03608546,hit_04,c1(c(ncc(n1)Br)N)O[C@@H](c1c(ccc(c1Cl)F)C(N(C)Cc1c(c(nn1c1c(ncn1C)C#N)C)Br)=O)C,screen_SCRN_131,SCRN_131,c_99aeac08ec,O1c2c(C(c3c1c(ccc3)P(c1ccccc1)c1ccccc1)(C)C)cccc2P(c1ccccc1)c1ccccc1.Cl[Pd]Cl|MeCN,,Pd(XanthPhos)Cl2,MeCN,100.0,18.0,6,C1(C(OB(O1)B1OC(C(O1)(C)C)(C)C)(C)C)(C)C
RKB-03608547,hit_04,c1(c(ncc(n1)Br)N)O[C@@H](c1c(ccc(c1Cl)F)C(N(C)Cc1c(c(nn1c1c(ncn1C)C#N)C)Br)=O)C,screen_SCRN_131,SCRN_131,c_493aa05fab,O1c2c(C(c3c1c(ccc3)P(c1ccccc1)c1ccccc1)(C)C)cccc2P(c1ccccc1)c1ccccc1.Cl[Pd]Cl|Toluene,,Pd(XanthPhos)Cl2,Toluene,100.0,18.0,6,C1(C(OB(O1)B1OC(C(O1)(C)C)(C)C)(C)C)(C)C
RKB-03608548,hit_04,c1(c(ncc(n1)Br)N)O[C@@H](c1c(ccc(c1Cl)F)C(N(C)Cc1c(c(nn1c1c(ncn1C)C#N)C)Br)=O)C,screen_SCRN_131,SCRN_131,c_493aa05fab,O1c2c(C(c3c1c(ccc3)P(c1ccccc1)c1ccccc1)(C)C)cccc2P(c1ccccc1)c1ccccc1.Cl[Pd]Cl|Toluene,,Pd(XanthPhos)Cl2,Toluene,100.0,18.0,6,C1(C(OB(O1)B1OC(C(O1)(C)C)(C)C)(C)C)(C)C
RKB-03608549,hit_04,c1(c(ncc(n1)Br)N)O[C@@H](c1c(ccc(c1Cl)F)C(N(C)Cc1c(c(nn1c1c(ncn1C)C#N)C)Br)=O)C,screen_SCRN_131,SCRN_131,c_c3b27856cb,[Pd](Cl)Cl.P(c1c(cccc1)C)(c1c(cccc1)C)c1c(cccc1)C.P(c1c(cccc1)C)(c1c(cccc1)C)c1c(cccc1)C|MeCN,,Pd(P(o-Tol)3)2Cl2,MeCN,100.0,18.0,6,C1(C(OB(O1)B1OC(C(O1)(C)C)(C)C)(C)C)(C)C
RKB-03608550,hit_04,c1(c(ncc(n1)Br)N)O[C@@H](c1c(ccc(c1Cl)F)C(N(C)Cc1c(c(nn1c1c(ncn1C)C#N)C)Br)=O)C,screen_SCRN_131,SCRN_131,c_b6552437bf,n1c(c(c(n1c1ccccc1)c1ccccc1)n1nccc1P(C(C)(C)C)(C(C)(C)C)[Pd](Cl)Cl)c1ccccc1|MeCN,,Pd(BiPyPhos)(Cl)2,MeCN,100.0,18.0,6,C1(C(OB(O1)B1OC(C(O1)(C)C)(C)C)(C)C)(C)C
RKB-03608551,hit_04,c1(c(ncc(n1)Br)N)O[C@@H](c1c(ccc(c1Cl)F)C(N(C)Cc1c(c(nn1c1c(ncn1C)C#N)C)Br)=O)C,screen_SCRN_131,SCRN_131,c_b6552437bf,n1c(c(c(n1c1ccccc1)c1ccccc1)n1nccc1P(C(C)(C)C)(C(C)(C)C)[Pd](Cl)Cl)c1ccccc1|MeCN,,Pd(BiPyPhos)(Cl)2,MeCN,100.0,18.0,6,C1(C(OB(O1)B1OC(C(O1)(C)C)(C)C)(C)C)(C)C
RKB-03608552,hit_04,c1(c(ncc(n1)Br)N)O[C@@H](c1c(ccc(c1Cl)F)C(N(C)Cc1c(c(nn1c1c(ncn1C)C#N)C)Br)=O)C,screen_SCRN_131,SCRN_131,c_04d73ea970,P(C1CCCC1)(C(C)(C)C)C(C)(C)C.P(C1CCCC1)(C(C)(C)C)C(C)(C)C.[Pd](Cl)Cl.[Fe]|THF,,Pd(dtbpf)Cl2,THF,100.0,18.0,6,C1(C(OB(O1)B1OC(C(O1)(C)C)(C)C)(C)C)(C)C
RKB-03608553,hit_04,c1(c(ncc(n1)Br)N)O[C@@H](c1c(ccc(c1Cl)F)C(N(C)Cc1c(c(nn1c1c(ncn1C)C#N)C)Br)=O)C,screen_SCRN_131,SCRN_131,c_2db771aad0,c1(c2c(P(C3CCCCC3)C3CCCCC3)cccc2)c(cc(cc1C(C)C)C(C)C)C(C)C|THF,,Pd(OAc)2/XPhos,THF,100.0,18.0,6,C1(C(OB(O1)B1OC(C(O1)(C)C)(C)C)(C)C)(C)C
RKB-03608554,hit_04,c1(c(ncc(n1)Br)N)O[C@@H](c1c(ccc(c1Cl)F)C(N(C)Cc1c(c(nn1c1c(ncn1C)C#N)C)Br)=O)C,screen_SCRN_131,SCRN_131,c_1d9e641278,[Pd](Cl)Cl.P(c1c(cccc1)C)(c1c(cccc1)C)c1c(cccc1)C.P(c1c(cccc1)C)(c1c(cccc1)C)c1c(cccc1)C|MeOH,,Pd(P(o-Tol)3)2Cl2,MeOH,100.0,18.0,6,C1(C(OB(O1)B1OC(C(O1)(C)C)(C)C)(C)C)(C)C
RKB-03608555,hit_04,c1(c(ncc(n1)Br)N)O[C@@H](c1c(ccc(c1Cl)F)C(N(C)Cc1c(c(nn1c1c(ncn1C)C#N)C)Br)=O)C,screen_SCRN_131,SCRN_131,c_30116215bd,[Pd].C(P(C(C)(C)C)C(C)(C)C)(C)(C)C.C(P(C(C)(C)C)C(C)(C)C)(C)(C)C|MeOH,,Pd(P(tBu)3)2,MeOH,100.0,18.0,6,C1(C(OB(O1)B1OC(C(O1)(C)C)(C)C)(C)C)(C)C
RKB-03608556,hit_04,c1(c(ncc(n1)Br)N)O[C@@H](c1c(ccc(c1Cl)F)C(N(C)Cc1c(c(nn1c1c(ncn1C)C#N)C)Br)=O)C,screen_SCRN_131,SCRN_131,c_1f622dc39d,[Pd].C(P(C(C)(C)C)C(C)(C)C)(C)(C)C.C(P(C(C)(C)C)C(C)(C)C)(C)(C)C|THF,,Pd(P(tBu)3)2,THF,100.0,18.0,5,C1(C(OB(O1)B1OC(C(O1)(C)C)(C)C)(C)C)(C)C
RKB-03608557,hit_04,c1(c(ncc(n1)Br)N)O[C@@H](c1c(ccc(c1Cl)F)C(N(C)Cc1c(c(nn1c1c(ncn1C)C#N)C)Br)=O)C,screen_SCRN_131,SCRN_131,c_c4be4d3b3e,c1(c2c(P(C3CCCCC3)C3CCCCC3)cccc2)c(cc(cc1C(C)C)C(C)C)C(C)C|MeOH,Pd(OAc)2,Pd(OAc)2/XPhos,MeOH,100.0,18.0,5,C1(C(OB(O1)B1OC(C(O1)(C)C)(C)C)(C)C)(C)C
RKB-03608558,hit_04,c1(c(ncc(n1)Br)N)O[C@@H](c1c(ccc(c1Cl)F)C(N(C)Cc1c(c(nn1c1c(ncn1C)C#N)C)Br)=O)C,screen_SCRN_131,SCRN_131,c_599a93c125,[Pd](Cl)Cl.P(c1c(cccc1)C)(c1c(cccc1)C)c1c(cccc1)C.P(c1c(cccc1)C)(c1c(cccc1)C)c1c(cccc1)C|Toluene,,Pd(P(o-Tol)3)2Cl2,Toluene,100.0,18.0,5,C1(C(OB(O1)B1OC(C(O1)(C)C)(C)C)(C)C)(C)C
RKB-03608559,hit_04,c1(c(ncc(n1)Br)N)O[C@@H](c1c(ccc(c1Cl)F)C(N(C)Cc1c(c(nn1c1c(ncn1C)C#N)C)Br)=O)C,screen_SCRN_131,SCRN_131,c_435b3fc2a1,c1(P(CC)CC)ccc(cc1)N(C)C|Toluene,Pd(OAc)2,Et Pd-132,Toluene,100.0,18.0,5,C1(C(OB(O1)B1OC(C(O1)(C)C)(C)C)(C)C)(C)C
RKB-03608560,hit_04,c1(c(ncc(n1)Br)N)O[C@@H](c1c(ccc(c1Cl)F)C(N(C)Cc1c(c(nn1c1c(ncn1C)C#N)C)Br)=O)C,screen_SCRN_131,SCRN_131,c_30116215bd,[Pd].C(P(C(C)(C)C)C(C)(C)C)(C)(C)C.C(P(C(C)(C)C)C(C)(C)C)(C)(C)C|MeOH,,Pd(P(tBu)3)2,MeOH,100.0,18.0,5,C1(C(OB(O1)B1OC(C(O1)(C)C)(C)C)(C)C)(C)C
RKB-03608561,hit_04,c1(c(ncc(n1)Br)N)O[C@@H](c1c(ccc(c1Cl)F)C(N(C)Cc1c(c(nn1c1c(ncn1C)C#N)C)Br)=O)C,screen_SCRN_131,SCRN_131,c_b4e663cbcf,P([C@]12C[C@@H]3C[C@H](C2)C[C@@H](C1)C3)([C@]12C[C@@H]3C[C@@H](C2)C[C@@H](C1)C3)CCCC|MeOH,Pd(OAc)2,Pd(OAc)2/CataCXium A,MeOH,100.0,18.0,5,C1(C(OB(O1)B1OC(C(O1)(C)C)(C)C)(C)C)(C)C
RKB-03608562,hit_04,c1(c(ncc(n1)Br)N)O[C@@H](c1c(ccc(c1Cl)F)C(N(C)Cc1c(c(nn1c1c(ncn1C)C#N)C)Br)=O)C,screen_SCRN_131,SCRN_131,c_ba1fa7db09,O1c2c(C(c3c1c(ccc3)P(c1ccccc1)c1ccccc1)(C)C)cccc2P(c1ccccc1)c1ccccc1.Cl[Pd]Cl|MeOH,,Pd(XanthPhos)Cl2,MeOH,100.0,18.0,5,C1(C(OB(O1)B1OC(C(O1)(C)C)(C)C)(C)C)(C)C
RKB-03608563,hit_04,c1(c(ncc(n1)Br)N)O[C@@H](c1c(ccc(c1Cl)F)C(N(C)Cc1c(c(nn1c1c(ncn1C)C#N)C)Br)=O)C,screen_SCRN_131,SCRN_131,c_e8d46c9e9a,[Pd].P(c1ccccc1)(c1ccccc1)c1ccccc1.P(c1ccccc1)(c1ccccc1)c1ccccc1.P(c1ccccc1)(c1ccccc1)c1ccccc1.P(c1ccccc1)(c1ccccc1)c1ccccc1|MeOH,,Pd(P(Ph)3)4),MeOH,100.0,18.0,5,C1(C(OB(O1)B1OC(C(O1)(C)C)(C)C)(C)C)(C)C
RKB-03608564,hit_04,c1(c(ncc(n1)Br)N)O[C@@H](c1c(ccc(c1Cl)F)C(N(C)Cc1c(c(nn1c1c(ncn1C)C#N)C)Br)=O)C,screen_SCRN_131,SCRN_131,c_26f340984c,n1c(c(c(n1c1ccccc1)c1ccccc1)n1nccc1P(C(C)(C)C)(C(C)(C)C)[Pd](Cl)Cl)c1ccccc1|THF,Pd(OAc)2,Pd(BiPyPhos)(Cl)2,THF,100.0,18.0,4,C1(C(OB(O1)B1OC(C(O1)(C)C)(C)C)(C)C)(C)C
RKB-03608565,hit_04,c1(c(ncc(n1)Br)N)O[C@@H](c1c(ccc(c1Cl)F)C(N(C)Cc1c(c(nn1c1c(ncn1C)C#N)C)Br)=O)C,screen_SCRN_131,SCRN_131,c_c4be4d3b3e,c1(c2c(P(C3CCCCC3)C3CCCCC3)cccc2)c(cc(cc1C(C)C)C(C)C)C(C)C|MeOH,Pd(OAc)2,Pd(OAc)2/XPhos,MeOH,100.0,18.0,4,C1(C(OB(O1)B1OC(C(O1)(C)C)(C)C)(C)C)(C)C
RKB-03608566,hit_04,c1(c(ncc(n1)Br)N)O[C@@H](c1c(ccc(c1Cl)F)C(N(C)Cc1c(c(nn1c1c(ncn1C)C#N)C)Br)=O)C,screen_SCRN_131,SCRN_131,c_577ff4ada9,P([C@]12C[C@@H]3C[C@H](C2)C[C@@H](C1)C3)([C@]12C[C@@H]3C[C@@H](C2)C[C@@H](C1)C3)CCCC|Toluene,Pd(OAc)2,Pd(OAc)2/CataCXium A,Toluene,100.0,18.0,4,C1(C(OB(O1)B1OC(C(O1)(C)C)(C)C)(C)C)(C)C
RKB-03608567,hit_04,c1(c(ncc(n1)Br)N)O[C@@H](c1c(ccc(c1Cl)F)C(N(C)Cc1c(c(nn1c1c(ncn1C)C#N)C)Br)=O)C,screen_SCRN_131,SCRN_131,c_87d08dc489,P(C1CCCC1)(C(C)(C)C)C(C)(C)C.P(C1CCCC1)(C(C)(C)C)C(C)(C)C.[Pd](Cl)Cl.[Fe]|MeOH,,Pd(dtbpf)Cl2,MeOH,100.0,18.0,4,C1(C(OB(O1)B1OC(C(O1)(C)C)(C)C)(C)C)(C)C
RKB-03608568,hit_04,c1(c(ncc(n1)Br)N)O[C@@H](c1c(ccc(c1Cl)F)C(N(C)Cc1c(c(nn1c1c(ncn1C)C#N)C)Br)=O)C,screen_SCRN_131,SCRN_131,c_24a01a5b7d,[Pd](Cl)Cl.P(C1CCCCC1)(C1CCCCC1)C1CCCCC1.P(C1CCCCC1)(C1CCCCC1)C1CCCCC1|MeOH,,Pd(P(Cy)3)2Cl2,MeOH,100.0,18.0,4,C1(C(OB(O1)B1OC(C(O1)(C)C)(C)C)(C)C)(C)C
RKB-03608569,hit_04,c1(c(ncc(n1)Br)N)O[C@@H](c1c(ccc(c1Cl)F)C(N(C)Cc1c(c(nn1c1c(ncn1C)C#N)C)Br)=O)C,screen_SCRN_131,SCRN_131,c_24a01a5b7d,[Pd](Cl)Cl.P(C1CCCCC1)(C1CCCCC1)C1CCCCC1.P(C1CCCCC1)(C1CCCCC1)C1CCCCC1|MeOH,,Pd(P(Cy)3)2Cl2,MeOH,100.0,18.0,3,C1(C(OB(O1)B1OC(C(O1)(C)C)(C)C)(C)C)(C)C
RKB-03608570,hit_04,c1(c(ncc(n1)Br)N)O[C@@H](c1c(ccc(c1Cl)F)C(N(C)Cc1c(c(nn1c1c(ncn1C)C#N)C)Br)=O)C,screen_SCRN_131,SCRN_131,c_40534c4f12,[Pd].P(c1ccccc1)(c1ccccc1)c1ccccc1.P(c1ccccc1)(c1ccccc1)c1ccccc1.P(c1ccccc1)(c1ccccc1)c1ccccc1.P(c1ccccc1)(c1ccccc1)c1ccccc1|Toluene,,Pd(P(Ph)3)4),Toluene,100.0,18.0,3,C1(C(OB(O1)B1OC(C(O1)(C)C)(C)C)(C)C)(C)C
RKB-03608571,hit_04,c1(c(ncc(n1)Br)N)O[C@@H](c1c(ccc(c1Cl)F)C(N(C)Cc1c(c(nn1c1c(ncn1C)C#N)C)Br)=O)C,screen_SCRN_131,SCRN_131,c_96da66f8fe,P(C1CCCC1)(c1ccccc1)c1ccccc1.P(C1CCCC1)(c1ccccc1)c1ccccc1.C(Cl)Cl.[Pd](Cl)Cl.[Fe]|THF,Pd(OAc)2,Pd(dppf)Cl2,THF,100.0,18.0,3,C1(C(OB(O1)B1OC(C(O1)(C)C)(C)C)(C)C)(C)C
RKB-03608572,hit_04,c1(c(ncc(n1)Br)N)O[C@@H](c1c(ccc(c1Cl)F)C(N(C)Cc1c(c(nn1c1c(ncn1C)C#N)C)Br)=O)C,screen_SCRN_131,SCRN_131,c_26f340984c,n1c(c(c(n1c1ccccc1)c1ccccc1)n1nccc1P(C(C)(C)C)(C(C)(C)C)[Pd](Cl)Cl)c1ccccc1|THF,Pd(OAc)2,Pd(BiPyPhos)(Cl)2,THF,100.0,18.0,3,C1(C(OB(O1)B1OC(C(O1)(C)C)(C)C)(C)C)(C)C
RKB-03608573,hit_04,c1(c(ncc(n1)Br)N)O[C@@H](c1c(ccc(c1Cl)F)C(N(C)Cc1c(c(nn1c1c(ncn1C)C#N)C)Br)=O)C,screen_SCRN_131,SCRN_131,c_f7824c77b7,O1c2c(C(c3c1c(ccc3)P(c1ccccc1)c1ccccc1)(C)C)cccc2P(c1ccccc1)c1ccccc1.Cl[Pd]Cl|THF,,Pd(XanthPhos)Cl2,THF,100.0,18.0,3,C1(C(OB(O1)B1OC(C(O1)(C)C)(C)C)(C)C)(C)C
RKB-03608574,hit_04,c1(c(ncc(n1)Br)N)O[C@@H](c1c(ccc(c1Cl)F)C(N(C)Cc1c(c(nn1c1c(ncn1C)C#N)C)Br)=O)C,screen_SCRN_131,SCRN_131,c_f7824c77b7,O1c2c(C(c3c1c(ccc3)P(c1ccccc1)c1ccccc1)(C)C)cccc2P(c1ccccc1)c1ccccc1.Cl[Pd]Cl|THF,,Pd(XanthPhos)Cl2,THF,100.0,18.0,3,C1(C(OB(O1)B1OC(C(O1)(C)C)(C)C)(C)C)(C)C
RKB-03608575,hit_04,c1(c(ncc(n1)Br)N)O[C@@H](c1c(ccc(c1Cl)F)C(N(C)Cc1c(c(nn1c1c(ncn1C)C#N)C)Br)=O)C,screen_SCRN_131,SCRN_131,c_86f3e84f01,[Pd].P(c1ccccc1)(c1ccccc1)c1ccccc1.P(c1ccccc1)(c1ccccc1)c1ccccc1.P(c1ccccc1)(c1ccccc1)c1ccccc1.P(c1ccccc1)(c1ccccc1)c1ccccc1|THF,Pd(OAc)2,Pd(P(Ph)3)4),THF,100.0,18.0,3,C1(C(OB(O1)B1OC(C(O1)(C)C)(C)C)(C)C)(C)C
RKB-03608576,hit_04,c1(c(ncc(n1)Br)N)O[C@@H](c1c(ccc(c1Cl)F)C(N(C)Cc1c(c(nn1c1c(ncn1C)C#N)C)Br)=O)C,screen_SCRN_131,SCRN_131,c_c3b27856cb,[Pd](Cl)Cl.P(c1c(cccc1)C)(c1c(cccc1)C)c1c(cccc1)C.P(c1c(cccc1)C)(c1c(cccc1)C)c1c(cccc1)C|MeCN,,Pd(P(o-Tol)3)2Cl2,MeCN,100.0,18.0,3,C1(C(OB(O1)B1OC(C(O1)(C)C)(C)C)(C)C)(C)C
RKB-03608577,hit_04,c1(c(ncc(n1)Br)N)O[C@@H](c1c(ccc(c1Cl)F)C(N(C)Cc1c(c(nn1c1c(ncn1C)C#N)C)Br)=O)C,screen_SCRN_131,SCRN_131,c_e7bd21231d,P(C1CCCC1)(c1ccccc1)c1ccccc1.P(C1CCCC1)(c1ccccc1)c1ccccc1.C(Cl)Cl.[Pd](Cl)Cl.[Fe]|MeOH,,Pd(dppf)Cl2,MeOH,100.0,18.0,2,C1(C(OB(O1)B1OC(C(O1)(C)C)(C)C)(C)C)(C)C
RKB-03608578,hit_04,c1(c(ncc(n1)Br)N)O[C@@H](c1c(ccc(c1Cl)F)C(N(C)Cc1c(c(nn1c1c(ncn1C)C#N)C)Br)=O)C,screen_SCRN_131,SCRN_131,c_14f5c30068,[Pd](Cl)Cl.P(C1CCCCC1)(C1CCCCC1)C1CCCCC1.P(C1CCCCC1)(C1CCCCC1)C1CCCCC1|MeCN,,Pd(P(Cy)3)2Cl2,MeCN,100.0,18.0,2,C1(C(OB(O1)B1OC(C(O1)(C)C)(C)C)(C)C)(C)C
RKB-03608579,hit_04,c1(c(ncc(n1)Br)N)O[C@@H](c1c(ccc(c1Cl)F)C(N(C)Cc1c(c(nn1c1c(ncn1C)C#N)C)Br)=O)C,screen_SCRN_131,SCRN_131,c_30116215bd,[Pd].C(P(C(C)(C)C)C(C)(C)C)(C)(C)C.C(P(C(C)(C)C)C(C)(C)C)(C)(C)C|MeOH,,Pd(P(tBu)3)2,MeOH,100.0,18.0,2,C1(C(OB(O1)B1OC(C(O1)(C)C)(C)C)(C)C)(C)C
RKB-03608580,hit_04,c1(c(ncc(n1)Br)N)O[C@@H](c1c(ccc(c1Cl)F)C(N(C)Cc1c(c(nn1c1c(ncn1C)C#N)C)Br)=O)C,screen_SCRN_131,SCRN_131,c_32f061b282,P(C1CCCC1)(C(C)(C)C)C(C)(C)C.P(C1CCCC1)(C(C)(C)C)C(C)(C)C.[Pd](Cl)Cl.[Fe]|Toluene,,Pd(dtbpf)Cl2,Toluene,100.0,18.0,2,C1(C(OB(O1)B1OC(C(O1)(C)C)(C)C)(C)C)(C)C
RKB-03608581,hit_04,c1(c(ncc(n1)Br)N)O[C@@H](c1c(ccc(c1Cl)F)C(N(C)Cc1c(c(nn1c1c(ncn1C)C#N)C)Br)=O)C,screen_SCRN_131,SCRN_131,c_fb0fd7c858,[Pd](Cl)Cl.P(C1CCCCC1)(C1CCCCC1)C1CCCCC1.P(C1CCCCC1)(C1CCCCC1)C1CCCCC1|THF,,Pd(P(Cy)3)2Cl2,THF,100.0,18.0,2,C1(C(OB(O1)B1OC(C(O1)(C)C)(C)C)(C)C)(C)C
RKB-03608582,hit_04,c1(c(ncc(n1)Br)N)O[C@@H](c1c(ccc(c1Cl)F)C(N(C)Cc1c(c(nn1c1c(ncn1C)C#N)C)Br)=O)C,screen_SCRN_131,SCRN_131,c_c4be4d3b3e,c1(c2c(P(C3CCCCC3)C3CCCCC3)cccc2)c(cc(cc1C(C)C)C(C)C)C(C)C|MeOH,Pd(OAc)2,Pd(OAc)2/XPhos,MeOH,100.0,18.0,2,C1(C(OB(O1)B1OC(C(O1)(C)C)(C)C)(C)C)(C)C
RKB-03608583,hit_04,c1(c(ncc(n1)Br)N)O[C@@H](c1c(ccc(c1Cl)F)C(N(C)Cc1c(c(nn1c1c(ncn1C)C#N)C)Br)=O)C,screen_SCRN_131,SCRN_131,c_5e8279fbea,[Pd](Cl)Cl.P(C(C)(C)C)(C(C)(C)C)c1ccc(N(C)C)cc1.P(C(C)(C)C)(C(C)(C)C)c1ccc(N(C)C)cc1|Toluene,,Pd-132,Toluene,100.0,18.0,2,C1(C(OB(O1)B1OC(C(O1)(C)C)(C)C)(C)C)(C)C
RKB-03608584,hit_04,c1(c(ncc(n1)Br)N)O[C@@H](c1c(ccc(c1Cl)F)C(N(C)Cc1c(c(nn1c1c(ncn1C)C#N)C)Br)=O)C,screen_SCRN_131,SCRN_131,c_b9c1c9f68d,P(C1CCCC1)(c1ccccc1)c1ccccc1.P(C1CCCC1)(c1ccccc1)c1ccccc1.C(Cl)Cl.[Pd](Cl)Cl.[Fe]|MeCN,,Pd(dppf)Cl2,MeCN,100.0,18.0,2,C1(C(OB(O1)B1OC(C(O1)(C)C)(C)C)(C)C)(C)C
RKB-03608585,hit_04,c1(c(ncc(n1)Br)N)O[C@@H](c1c(ccc(c1Cl)F)C(N(C)Cc1c(c(nn1c1c(ncn1C)C#N)C)Br)=O)C,screen_SCRN_131,SCRN_131,c_aea74536ed,c1(P(CC)CC)ccc(cc1)N(C)C|MeOH,Pd(OAc)2,Et Pd-132,MeOH,100.0,18.0,1,C1(C(OB(O1)B1OC(C(O1)(C)C)(C)C)(C)C)(C)C
RKB-03608586,hit_04,c1(c(ncc(n1)Br)N)O[C@@H](c1c(ccc(c1Cl)F)C(N(C)Cc1c(c(nn1c1c(ncn1C)C#N)C)Br)=O)C,screen_SCRN_131,SCRN_131,c_aea74536ed,c1(P(CC)CC)ccc(cc1)N(C)C|MeOH,Pd(OAc)2,Et Pd-132,MeOH,100.0,18.0,1,C1(C(OB(O1)B1OC(C(O1)(C)C)(C)C)(C)C)(C)C
RKB-03608587,hit_04,c1(c(ncc(n1)Br)N)O[C@@H](c1c(ccc(c1Cl)F)C(N(C)Cc1c(c(nn1c1c(ncn1C)C#N)C)Br)=O)C,screen_SCRN_131,SCRN_131,c_9e3adb389c,P(C1CCCC1)(c1ccccc1)c1ccccc1.P(C1CCCC1)(c1ccccc1)c1ccccc1.C(Cl)Cl.[Pd](Cl)Cl.[Fe]|Toluene,,Pd(dppf)Cl2,Toluene,100.0,18.0,1,C1(C(OB(O1)B1OC(C(O1)(C)C)(C)C)(C)C)(C)C
RKB-03608588,hit_04,c1(c(ncc(n1)Br)N)O[C@@H](c1c(ccc(c1Cl)F)C(N(C)Cc1c(c(nn1c1c(ncn1C)C#N)C)Br)=O)C,screen_SCRN_131,SCRN_131,c_dd752d0e98,n1c(c(c(n1c1ccccc1)c1ccccc1)n1nccc1P(C(C)(C)C)(C(C)(C)C)[Pd](Cl)Cl)c1ccccc1|MeOH,,Pd(BiPyPhos)(Cl)2,MeOH,100.0,18.0,1,C1(C(OB(O1)B1OC(C(O1)(C)C)(C)C)(C)C)(C)C
RKB-03608589,hit_04,c1(c(ncc(n1)Br)N)O[C@@H](c1c(ccc(c1Cl)F)C(N(C)Cc1c(c(nn1c1c(ncn1C)C#N)C)Br)=O)C,screen_SCRN_131,SCRN_131,c_3c160df052,c1(c2c(P(C3CCCCC3)C3CCCCC3)cccc2)c(cc(cc1C(C)C)C(C)C)C(C)C|Toluene,Pd(OAc)2,Pd(OAc)2/XPhos,Toluene,100.0,18.0,1,C1(C(OB(O1)B1OC(C(O1)(C)C)(C)C)(C)C)(C)C
RKB-03608590,hit_04,c1(c(ncc(n1)Br)N)O[C@@H](c1c(ccc(c1Cl)F)C(N(C)Cc1c(c(nn1c1c(ncn1C)C#N)C)Br)=O)C,screen_SCRN_131,SCRN_131,c_ba1fa7db09,O1c2c(C(c3c1c(ccc3)P(c1ccccc1)c1ccccc1)(C)C)cccc2P(c1ccccc1)c1ccccc1.Cl[Pd]Cl|MeOH,,Pd(XanthPhos)Cl2,MeOH,100.0,18.0,0,C1(C(OB(O1)B1OC(C(O1)(C)C)(C)C)(C)C)(C)C
RKB-03608591,hit_04,c1(c(ncc(n1)Br)N)O[C@@H](c1c(ccc(c1Cl)F)C(N(C)Cc1c(c(nn1c1c(ncn1C)C#N)C)Br)=O)C,screen_SCRN_131,SCRN_131,c_23c32c1777,[Pd](Cl)Cl.P(C1CCCCC1)(C1CCCCC1)C1CCCCC1.P(C1CCCCC1)(C1CCCCC1)C1CCCCC1|Toluene,,Pd(P(Cy)3)2Cl2,Toluene,100.0,18.0,0,C1(C(OB(O1)B1OC(C(O1)(C)C)(C)C)(C)C)(C)C
RKB-03586697,hit_01,C1CN(CCO1)c1nc(c(c(n1)Cl)CCCl)Cl,screen_SCRN_156,SCRN_156,c_d71bc0fdfd,P(C1CCCC1)(c1ccccc1)c1ccccc1.P(C1CCCC1)(c1ccccc1)c1ccccc1.C(Cl)Cl.[Pd](Cl)Cl.[Fe]|Dioxane,,Pd(dppf)Cl2,Dioxane,60.0,18.0,67,c1(ncc(cn1)B1OC(C(O1)(C)C)(C)C)N
RKB-03586698,hit_01,C1CN(CCO1)c1nc(c(c(n1)Cl)CCCl)Cl,screen_SCRN_156,SCRN_156,c_c3b27856cb,[Pd](Cl)Cl.P(c1c(cccc1)C)(c1c(cccc1)C)c1c(cccc1)C.P(c1c(cccc1)C)(c1c(cccc1)C)c1c(cccc1)C|MeCN,,Pd(P(o-Tol)3)2Cl2,MeCN,60.0,18.0,63,c1(ncc(cn1)B1OC(C(O1)(C)C)(C)C)N
RKB-03586699,hit_01,C1CN(CCO1)c1nc(c(c(n1)Cl)CCCl)Cl,screen_SCRN_156,SCRN_156,c_c3b27856cb,[Pd](Cl)Cl.P(c1c(cccc1)C)(c1c(cccc1)C)c1c(cccc1)C.P(c1c(cccc1)C)(c1c(cccc1)C)c1c(cccc1)C|MeCN,,Pd(P(o-Tol)3)2Cl2,MeCN,60.0,18.0,61,c1(ncc(cn1)B1OC(C(O1)(C)C)(C)C)N
RKB-03586700,hit_01,C1CN(CCO1)c1nc(c(c(n1)Cl)CCCl)Cl,screen_SCRN_156,SCRN_156,c_8871d0b6cb,[Pd].P(c1ccccc1)(c1ccccc1)c1ccccc1.P(c1ccccc1)(c1ccccc1)c1ccccc1.P(c1ccccc1)(c1ccccc1)c1ccccc1.P(c1ccccc1)(c1ccccc1)c1ccccc1|Dioxane,,Pd(P(Ph)3)4),Dioxane,60.0,18.0,58,c1(ncc(cn1)B1OC(C(O1)(C)C)(C)C)N
RKB-03586701,hit_01,C1CN(CCO1)c1nc(c(c(n1)Cl)CCCl)Cl,screen_SCRN_156,SCRN_156,c_32f061b282,P(C1CCCC1)(C(C)(C)C)C(C)(C)C.P(C1CCCC1)(C(C)(C)C)C(C)(C)C.[Pd](Cl)Cl.[Fe]|Toluene,,Pd(dtbpf)Cl2,Toluene,60.0,18.0,57,c1(ncc(cn1)B1OC(C(O1)(C)C)(C)C)N
RKB-03586702,hit_01,C1CN(CCO1)c1nc(c(c(n1)Cl)CCCl)Cl,screen_SCRN_156,SCRN_156,c_40534c4f12,[Pd].P(c1ccccc1)(c1ccccc1)c1ccccc1.P(c1ccccc1)(c1ccccc1)c1ccccc1.P(c1ccccc1)(c1ccccc1)c1ccccc1.P(c1ccccc1)(c1ccccc1)c1ccccc1|Toluene,,Pd(P(Ph)3)4),Toluene,60.0,18.0,57,c1(ncc(cn1)B1OC(C(O1)(C)C)(C)C)N
RKB-03586703,hit_01,C1CN(CCO1)c1nc(c(c(n1)Cl)CCCl)Cl,screen_SCRN_156,SCRN_156,c_577ff4ada9,P([C@]12C[C@@H]3C[C@H](C2)C[C@@H](C1)C3)([C@]12C[C@@H]3C[C@@H](C2)C[C@@H](C1)C3)CCCC|Toluene,Pd(OAc)2,Pd(OAc)2/CataCXium A,Toluene,60.0,18.0,56,c1(ncc(cn1)B1OC(C(O1)(C)C)(C)C)N
RKB-03586704,hit_01,C1CN(CCO1)c1nc(c(c(n1)Cl)CCCl)Cl,screen_SCRN_156,SCRN_156,c_8871d0b6cb,[Pd].P(c1ccccc1)(c1ccccc1)c1ccccc1.P(c1ccccc1)(c1ccccc1)c1ccccc1.P(c1ccccc1)(c1ccccc1)c1ccccc1.P(c1ccccc1)(c1ccccc1)c1ccccc1|Dioxane,,Pd(P(Ph)3)4),Dioxane,60.0,18.0,70,c1(ncc(cn1)B1OC(C(O1)(C)C)(C)C)N
RKB-03586705,hit_01,C1CN(CCO1)c1nc(c(c(n1)Cl)CCCl)Cl,screen_SCRN_156,SCRN_156,c_e564d7612a,[Pd].P(c1ccccc1)(c1ccccc1)c1ccccc1.P(c1ccccc1)(c1ccccc1)c1ccccc1.P(c1ccccc1)(c1ccccc1)c1ccccc1.P(c1ccccc1)(c1ccccc1)c1ccccc1|MeCN,,Pd(P(Ph)3)4),MeCN,60.0,18.0,70,c1(ncc(cn1)B1OC(C(O1)(C)C)(C)C)N
RKB-03586706,hit_01,C1CN(CCO1)c1nc(c(c(n1)Cl)CCCl)Cl,screen_SCRN_156,SCRN_156,c_d71bc0fdfd,P(C1CCCC1)(c1ccccc1)c1ccccc1.P(C1CCCC1)(c1ccccc1)c1ccccc1.C(Cl)Cl.[Pd](Cl)Cl.[Fe]|Dioxane,,Pd(dppf)Cl2,Dioxane,60.0,18.0,68,c1(ncc(cn1)B1OC(C(O1)(C)C)(C)C)N
RKB-03586707,hit_01,C1CN(CCO1)c1nc(c(c(n1)Cl)CCCl)Cl,screen_SCRN_156,SCRN_156,c_c4be4d3b3e,c1(c2c(P(C3CCCCC3)C3CCCCC3)cccc2)c(cc(cc1C(C)C)C(C)C)C(C)C|MeOH,Pd(OAc)2,Pd(OAc)2 / XPhos,MeOH,60.0,18.0,0,c1(ncc(cn1)B1OC(C(O1)(C)C)(C)C)N
RKB-03586708,hit_01,C1CN(CCO1)c1nc(c(c(n1)Cl)CCCl)Cl,screen_SCRN_156,SCRN_156,c_dd752d0e98,n1c(c(c(n1c1ccccc1)c1ccccc1)n1nccc1P(C(C)(C)C)(C(C)(C)C)[Pd](Cl)Cl)c1ccccc1|MeOH,,Pd(BiPyPhos)(Cl)2,MeOH,60.0,18.0,0,c1(ncc(cn1)B1OC(C(O1)(C)C)(C)C)N
RKB-03586709,hit_01,C1CN(CCO1)c1nc(c(c(n1)Cl)CCCl)Cl,screen_SCRN_156,SCRN_156,c_c4be4d3b3e,c1(c2c(P(C3CCCCC3)C3CCCCC3)cccc2)c(cc(cc1C(C)C)C(C)C)C(C)C|MeOH,Pd(OAc)2,Pd(OAc)2 / XPhos,MeOH,60.0,18.0,0,c1(ncc(cn1)B1OC(C(O1)(C)C)(C)C)N
RKB-03586710,hit_01,C1CN(CCO1)c1nc(c(c(n1)Cl)CCCl)Cl,screen_SCRN_156,SCRN_156,c_9ffedf54ae,[Pd](Cl)Cl.P(c1c(cccc1)C)(c1c(cccc1)C)c1c(cccc1)C.P(c1c(cccc1)C)(c1c(cccc1)C)c1c(cccc1)C|Dioxane,,Pd(P(o-Tol)3)2Cl2,Dioxane,60.0,18.0,55,c1(ncc(cn1)B1OC(C(O1)(C)C)(C)C)N
RKB-03586711,hit_01,C1CN(CCO1)c1nc(c(c(n1)Cl)CCCl)Cl,screen_SCRN_156,SCRN_156,c_9e3adb389c,P(C1CCCC1)(c1ccccc1)c1ccccc1.P(C1CCCC1)(c1ccccc1)c1ccccc1.C(Cl)Cl.[Pd](Cl)Cl.[Fe]|Toluene,,Pd(dppf)Cl2,Toluene,60.0,18.0,54,c1(ncc(cn1)B1OC(C(O1)(C)C)(C)C)N
RKB-03586712,hit_01,C1CN(CCO1)c1nc(c(c(n1)Cl)CCCl)Cl,screen_SCRN_156,SCRN_156,c_e564d7612a,[Pd].P(c1ccccc1)(c1ccccc1)c1ccccc1.P(c1ccccc1)(c1ccccc1)c1ccccc1.P(c1ccccc1)(c1ccccc1)c1ccccc1.P(c1ccccc1)(c1ccccc1)c1ccccc1|MeCN,,Pd(P(Ph)3)4),MeCN,60.0,18.0,54,c1(ncc(cn1)B1OC(C(O1)(C)C)(C)C)N
RKB-03586713,hit_01,C1CN(CCO1)c1nc(c(c(n1)Cl)CCCl)Cl,screen_SCRN_156,SCRN_156,c_577ff4ada9,P([C@]12C[C@@H]3C[C@H](C2)C[C@@H](C1)C3)([C@]12C[C@@H]3C[C@@H](C2)C[C@@H](C1)C3)CCCC|Toluene,Pd(OAc)2,Pd(OAc)2/CataCXium A,Toluene,60.0,18.0,53,c1(ncc(cn1)B1OC(C(O1)(C)C)(C)C)N
RKB-03586714,hit_01,C1CN(CCO1)c1nc(c(c(n1)Cl)CCCl)Cl,screen_SCRN_156,SCRN_156,c_5e8279fbea,[Pd](Cl)Cl.P(C(C)(C)C)(C(C)(C)C)c1ccc(N(C)C)cc1.P(C(C)(C)C)(C(C)(C)C)c1ccc(N(C)C)cc1|Toluene,,Pd-132,Toluene,60.0,18.0,53,c1(ncc(cn1)B1OC(C(O1)(C)C)(C)C)N
RKB-03586715,hit_01,C1CN(CCO1)c1nc(c(c(n1)Cl)CCCl)Cl,screen_SCRN_156,SCRN_156,c_9ffedf54ae,[Pd](Cl)Cl.P(c1c(cccc1)C)(c1c(cccc1)C)c1c(cccc1)C.P(c1c(cccc1)C)(c1c(cccc1)C)c1c(cccc1)C|Dioxane,,Pd(P(o-Tol)3)2Cl2,Dioxane,60.0,18.0,52,c1(ncc(cn1)B1OC(C(O1)(C)C)(C)C)N
RKB-03586716,hit_01,C1CN(CCO1)c1nc(c(c(n1)Cl)CCCl)Cl,screen_SCRN_156,SCRN_156,c_9ffedf54ae,[Pd](Cl)Cl.P(c1c(cccc1)C)(c1c(cccc1)C)c1c(cccc1)C.P(c1c(cccc1)C)(c1c(cccc1)C)c1c(cccc1)C|Dioxane,,Pd(P(o-Tol)3)2Cl2,Dioxane,60.0,18.0,51,c1(ncc(cn1)B1OC(C(O1)(C)C)(C)C)N
RKB-03586717,hit_01,C1CN(CCO1)c1nc(c(c(n1)Cl)CCCl)Cl,screen_SCRN_156,SCRN_156,c_32f061b282,P(C1CCCC1)(C(C)(C)C)C(C)(C)C.P(C1CCCC1)(C(C)(C)C)C(C)(C)C.[Pd](Cl)Cl.[Fe]|Toluene,,Pd(dtbpf)Cl2,Toluene,60.0,18.0,50,c1(ncc(cn1)B1OC(C(O1)(C)C)(C)C)N
RKB-03586718,hit_01,C1CN(CCO1)c1nc(c(c(n1)Cl)CCCl)Cl,screen_SCRN_156,SCRN_156,c_4076342b87,[Pd].C(P(C(C)(C)C)C(C)(C)C)(C)(C)C.C(P(C(C)(C)C)C(C)(C)C)(C)(C)C|Toluene,,Pd(P(tBu)3)2,Toluene,60.0,18.0,48,c1(ncc(cn1)B1OC(C(O1)(C)C)(C)C)N
RKB-03586719,hit_01,C1CN(CCO1)c1nc(c(c(n1)Cl)CCCl)Cl,screen_SCRN_156,SCRN_156,c_14f5c30068,[Pd](Cl)Cl.P(C1CCCCC1)(C1CCCCC1)C1CCCCC1.P(C1CCCCC1)(C1CCCCC1)C1CCCCC1|MeCN,,Pd(P(Cy)3)2Cl2,MeCN,60.0,18.0,47,c1(ncc(cn1)B1OC(C(O1)(C)C)(C)C)N
RKB-03586720,hit_01,C1CN(CCO1)c1nc(c(c(n1)Cl)CCCl)Cl,screen_SCRN_156,SCRN_156,c_e8d46c9e9a,[Pd].P(c1ccccc1)(c1ccccc1)c1ccccc1.P(c1ccccc1)(c1ccccc1)c1ccccc1.P(c1ccccc1)(c1ccccc1)c1ccccc1.P(c1ccccc1)(c1ccccc1)c1ccccc1|MeOH,,Pd(P(Ph)3)4),MeOH,60.0,18.0,47,c1(ncc(cn1)B1OC(C(O1)(C)C)(C)C)N
RKB-03586721,hit_01,C1CN(CCO1)c1nc(c(c(n1)Cl)CCCl)Cl,screen_SCRN_156,SCRN_156,c_5e8279fbea,[Pd](Cl)Cl.P(C(C)(C)C)(C(C)(C)C)c1ccc(N(C)C)cc1.P(C(C)(C)C)(C(C)(C)C)c1ccc(N(C)C)cc1|Toluene,,Pd-132,Toluene,60.0,18.0,45,c1(ncc(cn1)B1OC(C(O1)(C)C)(C)C)N
RKB-03586722,hit_01,C1CN(CCO1)c1nc(c(c(n1)Cl)CCCl)Cl,screen_SCRN_156,SCRN_156,c_4648614000,C1(C(C(C(C1c1ccccc1)c1ccccc1)c1ccccc1)c1ccccc1)c1ccccc1.P(C(C)(C)C)(C(C)(C)C)C1CCCC1.C1(C(C(C(C1c1ccccc1)c1ccccc1)c1ccccc1)c1ccccc1)c1ccccc1.P(C(C)(C)C)(C(C)(C)C)C1CCCC1.[Fe].[Fe].[Pd]|MeCN,,Pd(Qhos)2,MeCN,60.0,18.0,45,c1(ncc(cn1)B1OC(C(O1)(C)C)(C)C)N
RKB-03586723,hit_01,C1CN(CCO1)c1nc(c(c(n1)Cl)CCCl)Cl,screen_SCRN_156,SCRN_156,c_4076342b87,[Pd].C(P(C(C)(C)C)C(C)(C)C)(C)(C)C.C(P(C(C)(C)C)C(C)(C)C)(C)(C)C|Toluene,,Pd(P(tBu)3)2,Toluene,60.0,18.0,44,c1(ncc(cn1)B1OC(C(O1)(C)C)(C)C)N
RKB-03586724,hit_01,C1CN(CCO1)c1nc(c(c(n1)Cl)CCCl)Cl,screen_SCRN_156,SCRN_156,c_1d9e641278,[Pd](Cl)Cl.P(c1c(cccc1)C)(c1c(cccc1)C)c1c(cccc1)C.P(c1c(cccc1)C)(c1c(cccc1)C)c1c(cccc1)C|MeOH,,Pd(P(o-Tol)3)2Cl2,MeOH,60.0,18.0,37,c1(ncc(cn1)B1OC(C(O1)(C)C)(C)C)N
RKB-03586725,hit_01,C1CN(CCO1)c1nc(c(c(n1)Cl)CCCl)Cl,screen_SCRN_156,SCRN_156,c_c139ee6e43,[Pd](Cl)Cl.P(C1CCCCC1)(C1CCCCC1)C1CCCCC1.P(C1CCCCC1)(C1CCCCC1)C1CCCCC1|Dioxane,,Pd(P(Cy)3)2Cl2,Dioxane,60.0,18.0,35,c1(ncc(cn1)B1OC(C(O1)(C)C)(C)C)N
RKB-03586726,hit_01,C1CN(CCO1)c1nc(c(c(n1)Cl)CCCl)Cl,screen_SCRN_156,SCRN_156,c_e7bd21231d,P(C1CCCC1)(c1ccccc1)c1ccccc1.P(C1CCCC1)(c1ccccc1)c1ccccc1.C(Cl)Cl.[Pd](Cl)Cl.[Fe]|MeOH,,Pd(dppf)Cl2,MeOH,60.0,18.0,32,c1(ncc(cn1)B1OC(C(O1)(C)C)(C)C)N
RKB-03586727,hit_01,C1CN(CCO1)c1nc(c(c(n1)Cl)CCCl)Cl,screen_SCRN_156,SCRN_156,c_87d08dc489,P(C1CCCC1)(C(C)(C)C)C(C)(C)C.P(C1CCCC1)(C(C)(C)C)C(C)(C)C.[Pd](Cl)Cl.[Fe]|MeOH,,Pd(dtbpf)Cl2,MeOH,60.0,18.0,31,c1(ncc(cn1)B1OC(C(O1)(C)C)(C)C)N
RKB-03586728,hit_01,C1CN(CCO1)c1nc(c(c(n1)Cl)CCCl)Cl,screen_SCRN_156,SCRN_156,c_1d9e641278,[Pd](Cl)Cl.P(c1c(cccc1)C)(c1c(cccc1)C)c1c(cccc1)C.P(c1c(cccc1)C)(c1c(cccc1)C)c1c(cccc1)C|MeOH,,Pd(P(o-Tol)3)2Cl2,MeOH,60.0,18.0,30,c1(ncc(cn1)B1OC(C(O1)(C)C)(C)C)N
RKB-03586729,hit_01,C1CN(CCO1)c1nc(c(c(n1)Cl)CCCl)Cl,screen_SCRN_156,SCRN_156,c_3196604cd9,[Pd](Cl)Cl.P(C(C)(C)C)(C(C)(C)C)c1ccc(N(C)C)cc1.P(C(C)(C)C)(C(C)(C)C)c1ccc(N(C)C)cc1|MeCN,,Pd-132,MeCN,60.0,18.0,30,c1(ncc(cn1)B1OC(C(O1)(C)C)(C)C)N
RKB-03586730,hit_01,C1CN(CCO1)c1nc(c(c(n1)Cl)CCCl)Cl,screen_SCRN_156,SCRN_156,c_b6552437bf,n1c(c(c(n1c1ccccc1)c1ccccc1)n1nccc1P(C(C)(C)C)(C(C)(C)C)[Pd](Cl)Cl)c1ccccc1|MeCN,,Pd(BiPyPhos)(Cl)2,MeCN,60.0,18.0,29,c1(ncc(cn1)B1OC(C(O1)(C)C)(C)C)N
RKB-03586731,hit_01,C1CN(CCO1)c1nc(c(c(n1)Cl)CCCl)Cl,screen_SCRN_156,SCRN_156,c_3ee2d5105a,P([C@]12C[C@@H]3C[C@H](C2)C[C@@H](C1)C3)([C@]12C[C@@H]3C[C@@H](C2)C[C@@H](C1)C3)CCCC|MeCN,Pd(OAc)2,Pd(OAc)2/CataCXium A,MeCN,60.0,18.0,29,c1(ncc(cn1)B1OC(C(O1)(C)C)(C)C)N
RKB-03586732,hit_01,C1CN(CCO1)c1nc(c(c(n1)Cl)CCCl)Cl,screen_SCRN_156,SCRN_156,c_3ee2d5105a,P([C@]12C[C@@H]3C[C@H](C2)C[C@@H](C1)C3)([C@]12C[C@@H]3C[C@@H](C2)C[C@@H](C1)C3)CCCC|MeCN,Pd(OAc)2,Pd(OAc)2/CataCXium A,MeCN,60.0,18.0,28,c1(ncc(cn1)B1OC(C(O1)(C)C)(C)C)N
RKB-03586733,hit_01,C1CN(CCO1)c1nc(c(c(n1)Cl)CCCl)Cl,screen_SCRN_156,SCRN_156,c_599a93c125,[Pd](Cl)Cl.P(c1c(cccc1)C)(c1c(cccc1)C)c1c(cccc1)C.P(c1c(cccc1)C)(c1c(cccc1)C)c1c(cccc1)C|Toluene,,Pd(P(o-Tol)3)2Cl2,Toluene,60.0,18.0,27,c1(ncc(cn1)B1OC(C(O1)(C)C)(C)C)N
RKB-03586734,hit_01,C1CN(CCO1)c1nc(c(c(n1)Cl)CCCl)Cl,screen_SCRN_156,SCRN_156,c_a88c92ca46,C1(C(C(C(C1c1ccccc1)c1ccccc1)c1ccccc1)c1ccccc1)c1ccccc1.P(C(C)(C)C)(C(C)(C)C)C1CCCC1.C1(C(C(C(C1c1ccccc1)c1ccccc1)c1ccccc1)c1ccccc1)c1ccccc1.P(C(C)(C)C)(C(C)(C)C)C1CCCC1.[Fe].[Fe].[Pd]|Toluene,,Pd(Qhos)2,Toluene,60.0,18.0,27,c1(ncc(cn1)B1OC(C(O1)(C)C)(C)C)N
RKB-03586735,hit_01,C1CN(CCO1)c1nc(c(c(n1)Cl)CCCl)Cl,screen_SCRN_156,SCRN_156,c_3ee2d5105a,P([C@]12C[C@@H]3C[C@H](C2)C[C@@H](C1)C3)([C@]12C[C@@H]3C[C@@H](C2)C[C@@H](C1)C3)CCCC|MeCN,Pd(OAc)2,Pd(OAc)2/CataCXium A,MeCN,60.0,18.0,27,c1(ncc(cn1)B1OC(C(O1)(C)C)(C)C)N
RKB-03586736,hit_01,C1CN(CCO1)c1nc(c(c(n1)Cl)CCCl)Cl,screen_SCRN_156,SCRN_156,c_3196604cd9,[Pd](Cl)Cl.P(C(C)(C)C)(C(C)(C)C)c1ccc(N(C)C)cc1.P(C(C)(C)C)(C(C)(C)C)c1ccc(N(C)C)cc1|MeCN,,Pd-132,MeCN,60.0,18.0,25,c1(ncc(cn1)B1OC(C(O1)(C)C)(C)C)N
RKB-03586737,hit_01,C1CN(CCO1)c1nc(c(c(n1)Cl)CCCl)Cl,screen_SCRN_156,SCRN_156,c_efdcec6f77,[Pd].C(P(C(C)(C)C)C(C)(C)C)(C)(C)C.C(P(C(C)(C)C)C(C)(C)C)(C)(C)C|MeCN,,Pd(P(tBu)3)2,MeCN,60.0,18.0,24,c1(ncc(cn1)B1OC(C(O1)(C)C)(C)C)N
RKB-03586738,hit_01,C1CN(CCO1)c1nc(c(c(n1)Cl)CCCl)Cl,screen_SCRN_156,SCRN_156,c_0511e92d37,P([C@]12C[C@@H]3C[C@H](C2)C[C@@H](C1)C3)([C@]12C[C@@H]3C[C@@H](C2)C[C@@H](C1)C3)CCCC|Dioxane,Pd(OAc)2,Pd(OAc)2/CataCXium A,Dioxane,60.0,18.0,23,c1(ncc(cn1)B1OC(C(O1)(C)C)(C)C)N
RKB-03586739,hit_01,C1CN(CCO1)c1nc(c(c(n1)Cl)CCCl)Cl,screen_SCRN_156,SCRN_156,c_14766a3f2b,[Pd](Cl)Cl.P(C(C)(C)C)(C(C)(C)C)c1ccc(N(C)C)cc1.P(C(C)(C)C)(C(C)(C)C)c1ccc(N(C)C)cc1|Dioxane,,Pd-132,Dioxane,60.0,18.0,22,c1(ncc(cn1)B1OC(C(O1)(C)C)(C)C)N
RKB-03586740,hit_01,C1CN(CCO1)c1nc(c(c(n1)Cl)CCCl)Cl,screen_SCRN_156,SCRN_156,c_466dd475bc,[Pd].C(P(C(C)(C)C)C(C)(C)C)(C)(C)C.C(P(C(C)(C)C)C(C)(C)C)(C)(C)C|Dioxane,,Pd(P(tBu)3)2,Dioxane,60.0,18.0,22,c1(ncc(cn1)B1OC(C(O1)(C)C)(C)C)N
RKB-03586741,hit_01,C1CN(CCO1)c1nc(c(c(n1)Cl)CCCl)Cl,screen_SCRN_156,SCRN_156,c_5e8279fbea,[Pd](Cl)Cl.P(C(C)(C)C)(C(C)(C)C)c1ccc(N(C)C)cc1.P(C(C)(C)C)(C(C)(C)C)c1ccc(N(C)C)cc1|Toluene,,Pd-132,Toluene,60.0,18.0,22,c1(ncc(cn1)B1OC(C(O1)(C)C)(C)C)N
RKB-03586742,hit_01,C1CN(CCO1)c1nc(c(c(n1)Cl)CCCl)Cl,screen_SCRN_156,SCRN_156,c_3196604cd9,[Pd](Cl)Cl.P(C(C)(C)C)(C(C)(C)C)c1ccc(N(C)C)cc1.P(C(C)(C)C)(C(C)(C)C)c1ccc(N(C)C)cc1|MeCN,,Pd-132,MeCN,60.0,18.0,21,c1(ncc(cn1)B1OC(C(O1)(C)C)(C)C)N
RKB-03586743,hit_01,C1CN(CCO1)c1nc(c(c(n1)Cl)CCCl)Cl,screen_SCRN_156,SCRN_156,c_bb059feb70,|Dioxane,,3G OMs XanthPhos,Dioxane,60.0,18.0,20,c1(ncc(cn1)B1OC(C(O1)(C)C)(C)C)N
RKB-03586744,hit_01,C1CN(CCO1)c1nc(c(c(n1)Cl)CCCl)Cl,screen_SCRN_156,SCRN_156,c_b6552437bf,n1c(c(c(n1c1ccccc1)c1ccccc1)n1nccc1P(C(C)(C)C)(C(C)(C)C)[Pd](Cl)Cl)c1ccccc1|MeCN,,Pd(BiPyPhos)(Cl)2,MeCN,60.0,18.0,20,c1(ncc(cn1)B1OC(C(O1)(C)C)(C)C)N
RKB-03586745,hit_01,C1CN(CCO1)c1nc(c(c(n1)Cl)CCCl)Cl,screen_SCRN_156,SCRN_156,c_24a01a5b7d,[Pd](Cl)Cl.P(C1CCCCC1)(C1CCCCC1)C1CCCCC1.P(C1CCCCC1)(C1CCCCC1)C1CCCCC1|MeOH,,Pd(P(Cy)3)2Cl2,MeOH,60.0,18.0,20,c1(ncc(cn1)B1OC(C(O1)(C)C)(C)C)N
RKB-03586746,hit_01,C1CN(CCO1)c1nc(c(c(n1)Cl)CCCl)Cl,screen_SCRN_156,SCRN_156,c_adf3bba061,P(C1CCCC1)(C(C)(C)C)C(C)(C)C.P(C1CCCC1)(C(C)(C)C)C(C)(C)C.[Pd](Cl)Cl.[Fe]|MeCN,,Pd(dtbpf)Cl2,MeCN,60.0,18.0,20,c1(ncc(cn1)B1OC(C(O1)(C)C)(C)C)N
RKB-03586747,hit_01,C1CN(CCO1)c1nc(c(c(n1)Cl)CCCl)Cl,screen_SCRN_156,SCRN_156,c_599a93c125,[Pd](Cl)Cl.P(c1c(cccc1)C)(c1c(cccc1)C)c1c(cccc1)C.P(c1c(cccc1)C)(c1c(cccc1)C)c1c(cccc1)C|Toluene,,Pd(P(o-Tol)3)2Cl2,Toluene,60.0,18.0,19,c1(ncc(cn1)B1OC(C(O1)(C)C)(C)C)N
RKB-03586748,hit_01,C1CN(CCO1)c1nc(c(c(n1)Cl)CCCl)Cl,screen_SCRN_156,SCRN_156,c_a88c92ca46,C1(C(C(C(C1c1ccccc1)c1ccccc1)c1ccccc1)c1ccccc1)c1ccccc1.P(C(C)(C)C)(C(C)(C)C)C1CCCC1.C1(C(C(C(C1c1ccccc1)c1ccccc1)c1ccccc1)c1ccccc1)c1ccccc1.P(C(C)(C)C)(C(C)(C)C)C1CCCC1.[Fe].[Fe].[Pd]|Toluene,,Pd(Qhos)2,Toluene,60.0,18.0,19,c1(ncc(cn1)B1OC(C(O1)(C)C)(C)C)N
RKB-03586749,hit_01,C1CN(CCO1)c1nc(c(c(n1)Cl)CCCl)Cl,screen_SCRN_156,SCRN_156,c_e8d46c9e9a,[Pd].P(c1ccccc1)(c1ccccc1)c1ccccc1.P(c1ccccc1)(c1ccccc1)c1ccccc1.P(c1ccccc1)(c1ccccc1)c1ccccc1.P(c1ccccc1)(c1ccccc1)c1ccccc1|MeOH,,Pd(P(Ph)3)4),MeOH,60.0,18.0,19,c1(ncc(cn1)B1OC(C(O1)(C)C)(C)C)N
RKB-03586750,hit_01,C1CN(CCO1)c1nc(c(c(n1)Cl)CCCl)Cl,screen_SCRN_156,SCRN_156,c_e7bd21231d,P(C1CCCC1)(c1ccccc1)c1ccccc1.P(C1CCCC1)(c1ccccc1)c1ccccc1.C(Cl)Cl.[Pd](Cl)Cl.[Fe]|MeOH,,Pd(dppf)Cl2,MeOH,60.0,18.0,18,c1(ncc(cn1)B1OC(C(O1)(C)C)(C)C)N
RKB-03586751,hit_01,C1CN(CCO1)c1nc(c(c(n1)Cl)CCCl)Cl,screen_SCRN_156,SCRN_156,c_4076342b87,[Pd].C(P(C(C)(C)C)C(C)(C)C)(C)(C)C.C(P(C(C)(C)C)C(C)(C)C)(C)(C)C|Toluene,,Pd(P(tBu)3)2,Toluene,60.0,18.0,18,c1(ncc(cn1)B1OC(C(O1)(C)C)(C)C)N
RKB-03586752,hit_01,C1CN(CCO1)c1nc(c(c(n1)Cl)CCCl)Cl,screen_SCRN_156,SCRN_156,c_efdcec6f77,[Pd].C(P(C(C)(C)C)C(C)(C)C)(C)(C)C.C(P(C(C)(C)C)C(C)(C)C)(C)(C)C|MeCN,,Pd(P(tBu)3)2,MeCN,60.0,18.0,18,c1(ncc(cn1)B1OC(C(O1)(C)C)(C)C)N
RKB-03586753,hit_01,C1CN(CCO1)c1nc(c(c(n1)Cl)CCCl)Cl,screen_SCRN_156,SCRN_156,c_3c160df052,c1(c2c(P(C3CCCCC3)C3CCCCC3)cccc2)c(cc(cc1C(C)C)C(C)C)C(C)C|Toluene,Pd(OAc)2,Pd(OAc)2 / XPhos,Toluene,60.0,18.0,18,c1(ncc(cn1)B1OC(C(O1)(C)C)(C)C)N
RKB-03586754,hit_01,C1CN(CCO1)c1nc(c(c(n1)Cl)CCCl)Cl,screen_SCRN_156,SCRN_156,c_e8d46c9e9a,[Pd].P(c1ccccc1)(c1ccccc1)c1ccccc1.P(c1ccccc1)(c1ccccc1)c1ccccc1.P(c1ccccc1)(c1ccccc1)c1ccccc1.P(c1ccccc1)(c1ccccc1)c1ccccc1|MeOH,,Pd(P(Ph)3)4),MeOH,60.0,18.0,17,c1(ncc(cn1)B1OC(C(O1)(C)C)(C)C)N
RKB-03586755,hit_01,C1CN(CCO1)c1nc(c(c(n1)Cl)CCCl)Cl,screen_SCRN_156,SCRN_156,c_8871d0b6cb,[Pd].P(c1ccccc1)(c1ccccc1)c1ccccc1.P(c1ccccc1)(c1ccccc1)c1ccccc1.P(c1ccccc1)(c1ccccc1)c1ccccc1.P(c1ccccc1)(c1ccccc1)c1ccccc1|Dioxane,,Pd(P(Ph)3)4),Dioxane,60.0,18.0,17,c1(ncc(cn1)B1OC(C(O1)(C)C)(C)C)N
RKB-03586756,hit_01,C1CN(CCO1)c1nc(c(c(n1)Cl)CCCl)Cl,screen_SCRN_156,SCRN_156,c_efdcec6f77,[Pd].C(P(C(C)(C)C)C(C)(C)C)(C)(C)C.C(P(C(C)(C)C)C(C)(C)C)(C)(C)C|MeCN,,Pd(P(tBu)3)2,MeCN,60.0,18.0,17,c1(ncc(cn1)B1OC(C(O1)(C)C)(C)C)N
RKB-03586757,hit_01,C1CN(CCO1)c1nc(c(c(n1)Cl)CCCl)Cl,screen_SCRN_156,SCRN_156,c_23c32c1777,[Pd](Cl)Cl.P(C1CCCCC1)(C1CCCCC1)C1CCCCC1.P(C1CCCCC1)(C1CCCCC1)C1CCCCC1|Toluene,,Pd(P(Cy)3)2Cl2,Toluene,60.0,18.0,17,c1(ncc(cn1)B1OC(C(O1)(C)C)(C)C)N
RKB-03586758,hit_01,C1CN(CCO1)c1nc(c(c(n1)Cl)CCCl)Cl,screen_SCRN_156,SCRN_156,c_14f5c30068,[Pd](Cl)Cl.P(C1CCCCC1)(C1CCCCC1)C1CCCCC1.P(C1CCCCC1)(C1CCCCC1)C1CCCCC1|MeCN,,Pd(P(Cy)3)2Cl2,MeCN,60.0,18.0,17,c1(ncc(cn1)B1OC(C(O1)(C)C)(C)C)N
RKB-03586759,hit_01,C1CN(CCO1)c1nc(c(c(n1)Cl)CCCl)Cl,screen_SCRN_156,SCRN_156,c_9e3adb389c,P(C1CCCC1)(c1ccccc1)c1ccccc1.P(C1CCCC1)(c1ccccc1)c1ccccc1.C(Cl)Cl.[Pd](Cl)Cl.[Fe]|Toluene,,Pd(dppf)Cl2,Toluene,60.0,18.0,16,c1(ncc(cn1)B1OC(C(O1)(C)C)(C)C)N
RKB-03586760,hit_01,C1CN(CCO1)c1nc(c(c(n1)Cl)CCCl)Cl,screen_SCRN_156,SCRN_156,c_0511e92d37,P([C@]12C[C@@H]3C[C@H](C2)C[C@@H](C1)C3)([C@]12C[C@@H]3C[C@@H](C2)C[C@@H](C1)C3)CCCC|Dioxane,Pd(OAc)2,Pd(OAc)2/CataCXium A,Dioxane,60.0,18.0,15,c1(ncc(cn1)B1OC(C(O1)(C)C)(C)C)N
RKB-03586761,hit_01,C1CN(CCO1)c1nc(c(c(n1)Cl)CCCl)Cl,screen_SCRN_156,SCRN_156,c_5570c5f42c,n1c(c(c(n1c1ccccc1)c1ccccc1)n1nccc1P(C(C)(C)C)(C(C)(C)C)[Pd](Cl)Cl)c1ccccc1|Toluene,,Pd(BiPyPhos)(Cl)2,Toluene,60.0,18.0,14,c1(ncc(cn1)B1OC(C(O1)(C)C)(C)C)N
RKB-03586762,hit_01,C1CN(CCO1)c1nc(c(c(n1)Cl)CCCl)Cl,screen_SCRN_156,SCRN_156,c_577ff4ada9,P([C@]12C[C@@H]3C[C@H](C2)C[C@@H](C1)C3)([C@]12C[C@@H]3C[C@@H](C2)C[C@@H](C1)C3)CCCC|Toluene,Pd(OAc)2,Pd(OAc)2/CataCXium A,Toluene,60.0,18.0,14,c1(ncc(cn1)B1OC(C(O1)(C)C)(C)C)N
RKB-03586763,hit_01,C1CN(CCO1)c1nc(c(c(n1)Cl)CCCl)Cl,screen_SCRN_156,SCRN_156,c_1d9e641278,[Pd](Cl)Cl.P(c1c(cccc1)C)(c1c(cccc1)C)c1c(cccc1)C.P(c1c(cccc1)C)(c1c(cccc1)C)c1c(cccc1)C|MeOH,,Pd(P(o-Tol)3)2Cl2,MeOH,60.0,18.0,14,c1(ncc(cn1)B1OC(C(O1)(C)C)(C)C)N
RKB-03586764,hit_01,C1CN(CCO1)c1nc(c(c(n1)Cl)CCCl)Cl,screen_SCRN_156,SCRN_156,c_0511e92d37,P([C@]12C[C@@H]3C[C@H](C2)C[C@@H](C1)C3)([C@]12C[C@@H]3C[C@@H](C2)C[C@@H](C1)C3)CCCC|Dioxane,Pd(OAc)2,Pd(OAc)2/CataCXium A,Dioxane,60.0,18.0,14,c1(ncc(cn1)B1OC(C(O1)(C)C)(C)C)N
RKB-03586765,hit_01,C1CN(CCO1)c1nc(c(c(n1)Cl)CCCl)Cl,screen_SCRN_156,SCRN_156,c_e2b4f2be96,P(C1CCCC1)(C(C)(C)C)C(C)(C)C.P(C1CCCC1)(C(C)(C)C)C(C)(C)C.[Pd](Cl)Cl.[Fe]|Dioxane,,Pd(dtbpf)Cl2,Dioxane,60.0,18.0,14,c1(ncc(cn1)B1OC(C(O1)(C)C)(C)C)N
RKB-03586766,hit_01,C1CN(CCO1)c1nc(c(c(n1)Cl)CCCl)Cl,screen_SCRN_156,SCRN_156,c_40534c4f12,[Pd].P(c1ccccc1)(c1ccccc1)c1ccccc1.P(c1ccccc1)(c1ccccc1)c1ccccc1.P(c1ccccc1)(c1ccccc1)c1ccccc1.P(c1ccccc1)(c1ccccc1)c1ccccc1|Toluene,,Pd(P(Ph)3)4),Toluene,60.0,18.0,14,c1(ncc(cn1)B1OC(C(O1)(C)C)(C)C)N
RKB-03586767,hit_01,C1CN(CCO1)c1nc(c(c(n1)Cl)CCCl)Cl,screen_SCRN_156,SCRN_156,c_e8d46c9e9a,[Pd].P(c1ccccc1)(c1ccccc1)c1ccccc1.P(c1ccccc1)(c1ccccc1)c1ccccc1.P(c1ccccc1)(c1ccccc1)c1ccccc1.P(c1ccccc1)(c1ccccc1)c1ccccc1|MeOH,,Pd(P(Ph)3)4),MeOH,60.0,18.0,13,c1(ncc(cn1)B1OC(C(O1)(C)C)(C)C)N
RKB-03586768,hit_01,C1CN(CCO1)c1nc(c(c(n1)Cl)CCCl)Cl,screen_SCRN_156,SCRN_156,c_87d08dc489,P(C1CCCC1)(C(C)(C)C)C(C)(C)C.P(C1CCCC1)(C(C)(C)C)C(C)(C)C.[Pd](Cl)Cl.[Fe]|MeOH,,Pd(dtbpf)Cl2,MeOH,60.0,18.0,13,c1(ncc(cn1)B1OC(C(O1)(C)C)(C)C)N
RKB-03586769,hit_01,C1CN(CCO1)c1nc(c(c(n1)Cl)CCCl)Cl,screen_SCRN_156,SCRN_156,c_a86e283b14,c1(c2c(P(C3CCCCC3)C3CCCCC3)cccc2)c(cc(cc1C(C)C)C(C)C)C(C)C|MeCN,Pd(OAc)2,Pd(OAc)2 / XPhos,MeCN,60.0,18.0,12,c1(ncc(cn1)B1OC(C(O1)(C)C)(C)C)N
RKB-03586770,hit_01,C1CN(CCO1)c1nc(c(c(n1)Cl)CCCl)Cl,screen_SCRN_156,SCRN_156,c_e2b4f2be96,P(C1CCCC1)(C(C)(C)C)C(C)(C)C.P(C1CCCC1)(C(C)(C)C)C(C)(C)C.[Pd](Cl)Cl.[Fe]|Dioxane,,Pd(dtbpf)Cl2,Dioxane,60.0,18.0,12,c1(ncc(cn1)B1OC(C(O1)(C)C)(C)C)N
RKB-03586771,hit_01,C1CN(CCO1)c1nc(c(c(n1)Cl)CCCl)Cl,screen_SCRN_156,SCRN_156,c_4648614000,C1(C(C(C(C1c1ccccc1)c1ccccc1)c1ccccc1)c1ccccc1)c1ccccc1.P(C(C)(C)C)(C(C)(C)C)C1CCCC1.C1(C(C(C(C1c1ccccc1)c1ccccc1)c1ccccc1)c1ccccc1)c1ccccc1.P(C(C)(C)C)(C(C)(C)C)C1CCCC1.[Fe].[Fe].[Pd]|MeCN,,Pd(Qhos)2,MeCN,60.0,18.0,11,c1(ncc(cn1)B1OC(C(O1)(C)C)(C)C)N
RKB-03586772,hit_01,C1CN(CCO1)c1nc(c(c(n1)Cl)CCCl)Cl,screen_SCRN_156,SCRN_156,c_3f90fc71ff,[Pd](Cl)Cl.P(C(C)(C)C)(C(C)(C)C)c1ccc(N(C)C)cc1.P(C(C)(C)C)(C(C)(C)C)c1ccc(N(C)C)cc1|MeOH,,Pd-132,MeOH,60.0,18.0,11,c1(ncc(cn1)B1OC(C(O1)(C)C)(C)C)N
RKB-03586773,hit_01,C1CN(CCO1)c1nc(c(c(n1)Cl)CCCl)Cl,screen_SCRN_156,SCRN_156,c_e7bd21231d,P(C1CCCC1)(c1ccccc1)c1ccccc1.P(C1CCCC1)(c1ccccc1)c1ccccc1.C(Cl)Cl.[Pd](Cl)Cl.[Fe]|MeOH,,Pd(dppf)Cl2,MeOH,60.0,18.0,11,c1(ncc(cn1)B1OC(C(O1)(C)C)(C)C)N
RKB-03586774,hit_01,C1CN(CCO1)c1nc(c(c(n1)Cl)CCCl)Cl,screen_SCRN_156,SCRN_156,c_24a01a5b7d,[Pd](Cl)Cl.P(C1CCCCC1)(C1CCCCC1)C1CCCCC1.P(C1CCCCC1)(C1CCCCC1)C1CCCCC1|MeOH,,Pd(P(Cy)3)2Cl2,MeOH,60.0,18.0,10,c1(ncc(cn1)B1OC(C(O1)(C)C)(C)C)N
RKB-03586775,hit_01,C1CN(CCO1)c1nc(c(c(n1)Cl)CCCl)Cl,screen_SCRN_156,SCRN_156,c_a86e283b14,c1(c2c(P(C3CCCCC3)C3CCCCC3)cccc2)c(cc(cc1C(C)C)C(C)C)C(C)C|MeCN,Pd(OAc)2,Pd(OAc)2 / XPhos,MeCN,60.0,18.0,9,c1(ncc(cn1)B1OC(C(O1)(C)C)(C)C)N
RKB-03586776,hit_01,C1CN(CCO1)c1nc(c(c(n1)Cl)CCCl)Cl,screen_SCRN_156,SCRN_156,c_c4be4d3b3e,c1(c2c(P(C3CCCCC3)C3CCCCC3)cccc2)c(cc(cc1C(C)C)C(C)C)C(C)C|MeOH,Pd(OAc)2,Pd(OAc)2 / XPhos,MeOH,60.0,18.0,9,c1(ncc(cn1)B1OC(C(O1)(C)C)(C)C)N
RKB-03586777,hit_01,C1CN(CCO1)c1nc(c(c(n1)Cl)CCCl)Cl,screen_SCRN_156,SCRN_156,c_14766a3f2b,[Pd](Cl)Cl.P(C(C)(C)C)(C(C)(C)C)c1ccc(N(C)C)cc1.P(C(C)(C)C)(C(C)(C)C)c1ccc(N(C)C)cc1|Dioxane,,Pd-132,Dioxane,60.0,18.0,9,c1(ncc(cn1)B1OC(C(O1)(C)C)(C)C)N
RKB-03586778,hit_01,C1CN(CCO1)c1nc(c(c(n1)Cl)CCCl)Cl,screen_SCRN_156,SCRN_156,c_5570c5f42c,n1c(c(c(n1c1ccccc1)c1ccccc1)n1nccc1P(C(C)(C)C)(C(C)(C)C)[Pd](Cl)Cl)c1ccccc1|Toluene,,Pd(BiPyPhos)(Cl)2,Toluene,60.0,18.0,8,c1(ncc(cn1)B1OC(C(O1)(C)C)(C)C)N
RKB-03586779,hit_01,C1CN(CCO1)c1nc(c(c(n1)Cl)CCCl)Cl,screen_SCRN_156,SCRN_156,c_e34fd39dff,|MeOH,,3G OMs XanthPhos,MeOH,60.0,18.0,8,c1(ncc(cn1)B1OC(C(O1)(C)C)(C)C)N
RKB-03586780,hit_01,C1CN(CCO1)c1nc(c(c(n1)Cl)CCCl)Cl,screen_SCRN_156,SCRN_156,c_466dd475bc,[Pd].C(P(C(C)(C)C)C(C)(C)C)(C)(C)C.C(P(C(C)(C)C)C(C)(C)C)(C)(C)C|Dioxane,,Pd(P(tBu)3)2,Dioxane,60.0,18.0,8,c1(ncc(cn1)B1OC(C(O1)(C)C)(C)C)N
RKB-03586781,hit_01,C1CN(CCO1)c1nc(c(c(n1)Cl)CCCl)Cl,screen_SCRN_156,SCRN_156,c_ef091d2ff2,c1(c2c(P(C3CCCCC3)C3CCCCC3)cccc2)c(cc(cc1C(C)C)C(C)C)C(C)C|Dioxane,Pd(OAc)2,Pd(OAc)2 / XPhos,Dioxane,60.0,18.0,8,c1(ncc(cn1)B1OC(C(O1)(C)C)(C)C)N
RKB-03586782,hit_01,C1CN(CCO1)c1nc(c(c(n1)Cl)CCCl)Cl,screen_SCRN_156,SCRN_156,c_c3b27856cb,[Pd](Cl)Cl.P(c1c(cccc1)C)(c1c(cccc1)C)c1c(cccc1)C.P(c1c(cccc1)C)(c1c(cccc1)C)c1c(cccc1)C|MeCN,,Pd(P(o-Tol)3)2Cl2,MeCN,60.0,18.0,8,c1(ncc(cn1)B1OC(C(O1)(C)C)(C)C)N
RKB-03586783,hit_01,C1CN(CCO1)c1nc(c(c(n1)Cl)CCCl)Cl,screen_SCRN_156,SCRN_156,c_4957928872,|MeCN,,3G OMs XanthPhos,MeCN,60.0,18.0,7,c1(ncc(cn1)B1OC(C(O1)(C)C)(C)C)N
RKB-03586784,hit_01,C1CN(CCO1)c1nc(c(c(n1)Cl)CCCl)Cl,screen_SCRN_156,SCRN_156,c_87d08dc489,P(C1CCCC1)(C(C)(C)C)C(C)(C)C.P(C1CCCC1)(C(C)(C)C)C(C)(C)C.[Pd](Cl)Cl.[Fe]|MeOH,,Pd(dtbpf)Cl2,MeOH,60.0,18.0,7,c1(ncc(cn1)B1OC(C(O1)(C)C)(C)C)N
RKB-03586785,hit_01,C1CN(CCO1)c1nc(c(c(n1)Cl)CCCl)Cl,screen_SCRN_156,SCRN_156,c_dc49028cb5,n1c(c(c(n1c1ccccc1)c1ccccc1)n1nccc1P(C(C)(C)C)(C(C)(C)C)[Pd](Cl)Cl)c1ccccc1|Dioxane,,Pd(BiPyPhos)(Cl)2,Dioxane,60.0,18.0,6,c1(ncc(cn1)B1OC(C(O1)(C)C)(C)C)N
RKB-03586786,hit_01,C1CN(CCO1)c1nc(c(c(n1)Cl)CCCl)Cl,screen_SCRN_156,SCRN_156,c_7dc2ed3bef,C1(C(C(C(C1c1ccccc1)c1ccccc1)c1ccccc1)c1ccccc1)c1ccccc1.P(C(C)(C)C)(C(C)(C)C)C1CCCC1.C1(C(C(C(C1c1ccccc1)c1ccccc1)c1ccccc1)c1ccccc1)c1ccccc1.P(C(C)(C)C)(C(C)(C)C)C1CCCC1.[Fe].[Fe].[Pd]|MeOH,,Pd(Qhos)2,MeOH,60.0,18.0,6,c1(ncc(cn1)B1OC(C(O1)(C)C)(C)C)N
RKB-03586787,hit_01,C1CN(CCO1)c1nc(c(c(n1)Cl)CCCl)Cl,screen_SCRN_156,SCRN_156,c_ba67a9e214,|Toluene,,3G OMs XanthPhos,Toluene,60.0,18.0,6,c1(ncc(cn1)B1OC(C(O1)(C)C)(C)C)N
RKB-03586788,hit_01,C1CN(CCO1)c1nc(c(c(n1)Cl)CCCl)Cl,screen_SCRN_156,SCRN_156,c_466dd475bc,[Pd].C(P(C(C)(C)C)C(C)(C)C)(C)(C)C.C(P(C(C)(C)C)C(C)(C)C)(C)(C)C|Dioxane,,Pd(P(tBu)3)2,Dioxane,60.0,18.0,6,c1(ncc(cn1)B1OC(C(O1)(C)C)(C)C)N
RKB-03586789,hit_01,C1CN(CCO1)c1nc(c(c(n1)Cl)CCCl)Cl,screen_SCRN_156,SCRN_156,c_dc49028cb5,n1c(c(c(n1c1ccccc1)c1ccccc1)n1nccc1P(C(C)(C)C)(C(C)(C)C)[Pd](Cl)Cl)c1ccccc1|Dioxane,,Pd(BiPyPhos)(Cl)2,Dioxane,60.0,18.0,6,c1(ncc(cn1)B1OC(C(O1)(C)C)(C)C)N
RKB-03586790,hit_01,C1CN(CCO1)c1nc(c(c(n1)Cl)CCCl)Cl,screen_SCRN_156,SCRN_156,c_dc49028cb5,n1c(c(c(n1c1ccccc1)c1ccccc1)n1nccc1P(C(C)(C)C)(C(C)(C)C)[Pd](Cl)Cl)c1ccccc1|Dioxane,,Pd(BiPyPhos)(Cl)2,Dioxane,60.0,18.0,5,c1(ncc(cn1)B1OC(C(O1)(C)C)(C)C)N
RKB-03586791,hit_01,C1CN(CCO1)c1nc(c(c(n1)Cl)CCCl)Cl,screen_SCRN_156,SCRN_156,c_b6552437bf,n1c(c(c(n1c1ccccc1)c1ccccc1)n1nccc1P(C(C)(C)C)(C(C)(C)C)[Pd](Cl)Cl)c1ccccc1|MeCN,,Pd(BiPyPhos)(Cl)2,MeCN,60.0,18.0,5,c1(ncc(cn1)B1OC(C(O1)(C)C)(C)C)N
RKB-03586792,hit_01,C1CN(CCO1)c1nc(c(c(n1)Cl)CCCl)Cl,screen_SCRN_156,SCRN_156,c_24a01a5b7d,[Pd](Cl)Cl.P(C1CCCCC1)(C1CCCCC1)C1CCCCC1.P(C1CCCCC1)(C1CCCCC1)C1CCCCC1|MeOH,,Pd(P(Cy)3)2Cl2,MeOH,60.0,18.0,5,c1(ncc(cn1)B1OC(C(O1)(C)C)(C)C)N
RKB-03586793,hit_01,C1CN(CCO1)c1nc(c(c(n1)Cl)CCCl)Cl,screen_SCRN_156,SCRN_156,c_efdcec6f77,[Pd].C(P(C(C)(C)C)C(C)(C)C)(C)(C)C.C(P(C(C)(C)C)C(C)(C)C)(C)(C)C|MeCN,,Pd(P(tBu)3)2,MeCN,60.0,18.0,5,c1(ncc(cn1)B1OC(C(O1)(C)C)(C)C)N
RKB-03586794,hit_01,C1CN(CCO1)c1nc(c(c(n1)Cl)CCCl)Cl,screen_SCRN_156,SCRN_156,c_c4be4d3b3e,c1(c2c(P(C3CCCCC3)C3CCCCC3)cccc2)c(cc(cc1C(C)C)C(C)C)C(C)C|MeOH,Pd(OAc)2,Pd(OAc)2 / XPhos,MeOH,60.0,18.0,5,c1(ncc(cn1)B1OC(C(O1)(C)C)(C)C)N
RKB-03586795,hit_01,C1CN(CCO1)c1nc(c(c(n1)Cl)CCCl)Cl,screen_SCRN_156,SCRN_156,c_c7181b1329,C1(C(C(C(C1c1ccccc1)c1ccccc1)c1ccccc1)c1ccccc1)c1ccccc1.P(C(C)(C)C)(C(C)(C)C)C1CCCC1.C1(C(C(C(C1c1ccccc1)c1ccccc1)c1ccccc1)c1ccccc1)c1ccccc1.P(C(C)(C)C)(C(C)(C)C)C1CCCC1.[Fe].[Fe].[Pd]|Dioxane,,Pd(Qhos)2,Dioxane,60.0,18.0,5,c1(ncc(cn1)B1OC(C(O1)(C)C)(C)C)N
RKB-03586796,hit_01,C1CN(CCO1)c1nc(c(c(n1)Cl)CCCl)Cl,screen_SCRN_156,SCRN_156,c_e34fd39dff,|MeOH,,3G OMs XanthPhos,MeOH,60.0,18.0,4,c1(ncc(cn1)B1OC(C(O1)(C)C)(C)C)N
RKB-03586797,hit_01,C1CN(CCO1)c1nc(c(c(n1)Cl)CCCl)Cl,screen_SCRN_156,SCRN_156,c_ba67a9e214,|Toluene,,3G OMs XanthPhos,Toluene,60.0,18.0,4,c1(ncc(cn1)B1OC(C(O1)(C)C)(C)C)N
RKB-03586798,hit_01,C1CN(CCO1)c1nc(c(c(n1)Cl)CCCl)Cl,screen_SCRN_156,SCRN_156,c_d71bc0fdfd,P(C1CCCC1)(c1ccccc1)c1ccccc1.P(C1CCCC1)(c1ccccc1)c1ccccc1.C(Cl)Cl.[Pd](Cl)Cl.[Fe]|Dioxane,,Pd(dppf)Cl2,Dioxane,60.0,18.0,4,c1(ncc(cn1)B1OC(C(O1)(C)C)(C)C)N
RKB-03586799,hit_01,C1CN(CCO1)c1nc(c(c(n1)Cl)CCCl)Cl,screen_SCRN_156,SCRN_156,c_b4e663cbcf,P([C@]12C[C@@H]3C[C@H](C2)C[C@@H](C1)C3)([C@]12C[C@@H]3C[C@@H](C2)C[C@@H](C1)C3)CCCC|MeOH,Pd(OAc)2,Pd(OAc)2/CataCXium A,MeOH,60.0,18.0,4,c1(ncc(cn1)B1OC(C(O1)(C)C)(C)C)N
RKB-03586800,hit_01,C1CN(CCO1)c1nc(c(c(n1)Cl)CCCl)Cl,screen_SCRN_156,SCRN_156,c_b4e663cbcf,P([C@]12C[C@@H]3C[C@H](C2)C[C@@H](C1)C3)([C@]12C[C@@H]3C[C@@H](C2)C[C@@H](C1)C3)CCCC|MeOH,Pd(OAc)2,Pd(OAc)2/CataCXium A,MeOH,60.0,18.0,4,c1(ncc(cn1)B1OC(C(O1)(C)C)(C)C)N
RKB-03586801,hit_01,C1CN(CCO1)c1nc(c(c(n1)Cl)CCCl)Cl,screen_SCRN_156,SCRN_156,c_0511e92d37,P([C@]12C[C@@H]3C[C@H](C2)C[C@@H](C1)C3)([C@]12C[C@@H]3C[C@@H](C2)C[C@@H](C1)C3)CCCC|Dioxane,Pd(OAc)2,Pd(OAc)2/CataCXium A,Dioxane,60.0,18.0,4,c1(ncc(cn1)B1OC(C(O1)(C)C)(C)C)N
RKB-03586802,hit_01,C1CN(CCO1)c1nc(c(c(n1)Cl)CCCl)Cl,screen_SCRN_156,SCRN_156,c_30116215bd,[Pd].C(P(C(C)(C)C)C(C)(C)C)(C)(C)C.C(P(C(C)(C)C)C(C)(C)C)(C)(C)C|MeOH,,Pd(P(tBu)3)2,MeOH,60.0,18.0,4,c1(ncc(cn1)B1OC(C(O1)(C)C)(C)C)N
RKB-03586803,hit_01,C1CN(CCO1)c1nc(c(c(n1)Cl)CCCl)Cl,screen_SCRN_156,SCRN_156,c_b9c1c9f68d,P(C1CCCC1)(c1ccccc1)c1ccccc1.P(C1CCCC1)(c1ccccc1)c1ccccc1.C(Cl)Cl.[Pd](Cl)Cl.[Fe]|MeCN,,Pd(dppf)Cl2,MeCN,60.0,18.0,3,c1(ncc(cn1)B1OC(C(O1)(C)C)(C)C)N
RKB-03586804,hit_01,C1CN(CCO1)c1nc(c(c(n1)Cl)CCCl)Cl,screen_SCRN_156,SCRN_156,c_ef091d2ff2,c1(c2c(P(C3CCCCC3)C3CCCCC3)cccc2)c(cc(cc1C(C)C)C(C)C)C(C)C|Dioxane,Pd(OAc)2,Pd(OAc)2 / XPhos,Dioxane,60.0,18.0,3,c1(ncc(cn1)B1OC(C(O1)(C)C)(C)C)N
RKB-03586805,hit_01,C1CN(CCO1)c1nc(c(c(n1)Cl)CCCl)Cl,screen_SCRN_156,SCRN_156,c_3f90fc71ff,[Pd](Cl)Cl.P(C(C)(C)C)(C(C)(C)C)c1ccc(N(C)C)cc1.P(C(C)(C)C)(C(C)(C)C)c1ccc(N(C)C)cc1|MeOH,,Pd-132,MeOH,60.0,18.0,3,c1(ncc(cn1)B1OC(C(O1)(C)C)(C)C)N
RKB-03586806,hit_01,C1CN(CCO1)c1nc(c(c(n1)Cl)CCCl)Cl,screen_SCRN_156,SCRN_156,c_bb059feb70,|Dioxane,,3G OMs XanthPhos,Dioxane,60.0,18.0,3,c1(ncc(cn1)B1OC(C(O1)(C)C)(C)C)N
RKB-03586807,hit_01,C1CN(CCO1)c1nc(c(c(n1)Cl)CCCl)Cl,screen_SCRN_156,SCRN_156,c_e34fd39dff,|MeOH,,3G OMs XanthPhos,MeOH,60.0,18.0,3,c1(ncc(cn1)B1OC(C(O1)(C)C)(C)C)N
RKB-03586808,hit_01,C1CN(CCO1)c1nc(c(c(n1)Cl)CCCl)Cl,screen_SCRN_156,SCRN_156,c_c7181b1329,C1(C(C(C(C1c1ccccc1)c1ccccc1)c1ccccc1)c1ccccc1)c1ccccc1.P(C(C)(C)C)(C(C)(C)C)C1CCCC1.C1(C(C(C(C1c1ccccc1)c1ccccc1)c1ccccc1)c1ccccc1)c1ccccc1.P(C(C)(C)C)(C(C)(C)C)C1CCCC1.[Fe].[Fe].[Pd]|Dioxane,,Pd(Qhos)2,Dioxane,60.0,18.0,3,c1(ncc(cn1)B1OC(C(O1)(C)C)(C)C)N
RKB-03586809,hit_01,C1CN(CCO1)c1nc(c(c(n1)Cl)CCCl)Cl,screen_SCRN_156,SCRN_156,c_dd752d0e98,n1c(c(c(n1c1ccccc1)c1ccccc1)n1nccc1P(C(C)(C)C)(C(C)(C)C)[Pd](Cl)Cl)c1ccccc1|MeOH,,Pd(BiPyPhos)(Cl)2,MeOH,60.0,18.0,3,c1(ncc(cn1)B1OC(C(O1)(C)C)(C)C)N
RKB-03586810,hit_01,C1CN(CCO1)c1nc(c(c(n1)Cl)CCCl)Cl,screen_SCRN_156,SCRN_156,c_3f90fc71ff,[Pd](Cl)Cl.P(C(C)(C)C)(C(C)(C)C)c1ccc(N(C)C)cc1.P(C(C)(C)C)(C(C)(C)C)c1ccc(N(C)C)cc1|MeOH,,Pd-132,MeOH,60.0,18.0,3,c1(ncc(cn1)B1OC(C(O1)(C)C)(C)C)N
RKB-03586811,hit_01,C1CN(CCO1)c1nc(c(c(n1)Cl)CCCl)Cl,screen_SCRN_156,SCRN_156,c_bb059feb70,|Dioxane,,3G OMs XanthPhos,Dioxane,60.0,18.0,3,c1(ncc(cn1)B1OC(C(O1)(C)C)(C)C)N
RKB-03586812,hit_01,C1CN(CCO1)c1nc(c(c(n1)Cl)CCCl)Cl,screen_SCRN_156,SCRN_156,c_dd752d0e98,n1c(c(c(n1c1ccccc1)c1ccccc1)n1nccc1P(C(C)(C)C)(C(C)(C)C)[Pd](Cl)Cl)c1ccccc1|MeOH,,Pd(BiPyPhos)(Cl)2,MeOH,60.0,18.0,2,c1(ncc(cn1)B1OC(C(O1)(C)C)(C)C)N
RKB-03586813,hit_01,C1CN(CCO1)c1nc(c(c(n1)Cl)CCCl)Cl,screen_SCRN_156,SCRN_156,c_b9c1c9f68d,P(C1CCCC1)(c1ccccc1)c1ccccc1.P(C1CCCC1)(c1ccccc1)c1ccccc1.C(Cl)Cl.[Pd](Cl)Cl.[Fe]|MeCN,,Pd(dppf)Cl2,MeCN,60.0,18.0,2,c1(ncc(cn1)B1OC(C(O1)(C)C)(C)C)N
RKB-03586814,hit_01,C1CN(CCO1)c1nc(c(c(n1)Cl)CCCl)Cl,screen_SCRN_156,SCRN_156,c_bb059feb70,|Dioxane,,3G OMs XanthPhos,Dioxane,60.0,18.0,2,c1(ncc(cn1)B1OC(C(O1)(C)C)(C)C)N
RKB-03586815,hit_01,C1CN(CCO1)c1nc(c(c(n1)Cl)CCCl)Cl,screen_SCRN_156,SCRN_156,c_9ffedf54ae,[Pd](Cl)Cl.P(c1c(cccc1)C)(c1c(cccc1)C)c1c(cccc1)C.P(c1c(cccc1)C)(c1c(cccc1)C)c1c(cccc1)C|Dioxane,,Pd(P(o-Tol)3)2Cl2,Dioxane,60.0,18.0,2,c1(ncc(cn1)B1OC(C(O1)(C)C)(C)C)N
RKB-03586816,hit_01,C1CN(CCO1)c1nc(c(c(n1)Cl)CCCl)Cl,screen_SCRN_156,SCRN_156,c_7dc2ed3bef,C1(C(C(C(C1c1ccccc1)c1ccccc1)c1ccccc1)c1ccccc1)c1ccccc1.P(C(C)(C)C)(C(C)(C)C)C1CCCC1.C1(C(C(C(C1c1ccccc1)c1ccccc1)c1ccccc1)c1ccccc1)c1ccccc1.P(C(C)(C)C)(C(C)(C)C)C1CCCC1.[Fe].[Fe].[Pd]|MeOH,,Pd(Qhos)2,MeOH,60.0,18.0,2,c1(ncc(cn1)B1OC(C(O1)(C)C)(C)C)N
RKB-03586817,hit_01,C1CN(CCO1)c1nc(c(c(n1)Cl)CCCl)Cl,screen_SCRN_156,SCRN_156,c_14766a3f2b,[Pd](Cl)Cl.P(C(C)(C)C)(C(C)(C)C)c1ccc(N(C)C)cc1.P(C(C)(C)C)(C(C)(C)C)c1ccc(N(C)C)cc1|Dioxane,,Pd-132,Dioxane,60.0,18.0,2,c1(ncc(cn1)B1OC(C(O1)(C)C)(C)C)N
RKB-03586818,hit_01,C1CN(CCO1)c1nc(c(c(n1)Cl)CCCl)Cl,screen_SCRN_156,SCRN_156,c_c7181b1329,C1(C(C(C(C1c1ccccc1)c1ccccc1)c1ccccc1)c1ccccc1)c1ccccc1.P(C(C)(C)C)(C(C)(C)C)C1CCCC1.C1(C(C(C(C1c1ccccc1)c1ccccc1)c1ccccc1)c1ccccc1)c1ccccc1.P(C(C)(C)C)(C(C)(C)C)C1CCCC1.[Fe].[Fe].[Pd]|Dioxane,,Pd(Qhos)2,Dioxane,60.0,18.0,2,c1(ncc(cn1)B1OC(C(O1)(C)C)(C)C)N
RKB-03586819,hit_01,C1CN(CCO1)c1nc(c(c(n1)Cl)CCCl)Cl,screen_SCRN_156,SCRN_156,c_a86e283b14,c1(c2c(P(C3CCCCC3)C3CCCCC3)cccc2)c(cc(cc1C(C)C)C(C)C)C(C)C|MeCN,Pd(OAc)2,Pd(OAc)2 / XPhos,MeCN,60.0,18.0,2,c1(ncc(cn1)B1OC(C(O1)(C)C)(C)C)N
RKB-03586820,hit_01,C1CN(CCO1)c1nc(c(c(n1)Cl)CCCl)Cl,screen_SCRN_156,SCRN_156,c_14766a3f2b,[Pd](Cl)Cl.P(C(C)(C)C)(C(C)(C)C)c1ccc(N(C)C)cc1.P(C(C)(C)C)(C(C)(C)C)c1ccc(N(C)C)cc1|Dioxane,,Pd-132,Dioxane,60.0,18.0,2,c1(ncc(cn1)B1OC(C(O1)(C)C)(C)C)N
RKB-03586821,hit_01,C1CN(CCO1)c1nc(c(c(n1)Cl)CCCl)Cl,screen_SCRN_156,SCRN_156,c_30116215bd,[Pd].C(P(C(C)(C)C)C(C)(C)C)(C)(C)C.C(P(C(C)(C)C)C(C)(C)C)(C)(C)C|MeOH,,Pd(P(tBu)3)2,MeOH,60.0,18.0,2,c1(ncc(cn1)B1OC(C(O1)(C)C)(C)C)N
RKB-03586822,hit_01,C1CN(CCO1)c1nc(c(c(n1)Cl)CCCl)Cl,screen_SCRN_156,SCRN_156,c_ef091d2ff2,c1(c2c(P(C3CCCCC3)C3CCCCC3)cccc2)c(cc(cc1C(C)C)C(C)C)C(C)C|Dioxane,Pd(OAc)2,Pd(OAc)2 / XPhos,Dioxane,60.0,18.0,2,c1(ncc(cn1)B1OC(C(O1)(C)C)(C)C)N
RKB-03586823,hit_01,C1CN(CCO1)c1nc(c(c(n1)Cl)CCCl)Cl,screen_SCRN_156,SCRN_156,c_4957928872,|MeCN,,3G OMs XanthPhos,MeCN,60.0,18.0,1,c1(ncc(cn1)B1OC(C(O1)(C)C)(C)C)N
RKB-03586824,hit_01,C1CN(CCO1)c1nc(c(c(n1)Cl)CCCl)Cl,screen_SCRN_156,SCRN_156,c_e2b4f2be96,P(C1CCCC1)(C(C)(C)C)C(C)(C)C.P(C1CCCC1)(C(C)(C)C)C(C)(C)C.[Pd](Cl)Cl.[Fe]|Dioxane,,Pd(dtbpf)Cl2,Dioxane,60.0,18.0,1,c1(ncc(cn1)B1OC(C(O1)(C)C)(C)C)N
RKB-03586825,hit_01,C1CN(CCO1)c1nc(c(c(n1)Cl)CCCl)Cl,screen_SCRN_156,SCRN_156,c_e564d7612a,[Pd].P(c1ccccc1)(c1ccccc1)c1ccccc1.P(c1ccccc1)(c1ccccc1)c1ccccc1.P(c1ccccc1)(c1ccccc1)c1ccccc1.P(c1ccccc1)(c1ccccc1)c1ccccc1|MeCN,,Pd(P(Ph)3)4),MeCN,60.0,18.0,1,c1(ncc(cn1)B1OC(C(O1)(C)C)(C)C)N
RKB-03586826,hit_01,C1CN(CCO1)c1nc(c(c(n1)Cl)CCCl)Cl,screen_SCRN_156,SCRN_156,c_3196604cd9,[Pd](Cl)Cl.P(C(C)(C)C)(C(C)(C)C)c1ccc(N(C)C)cc1.P(C(C)(C)C)(C(C)(C)C)c1ccc(N(C)C)cc1|MeCN,,Pd-132,MeCN,60.0,18.0,1,c1(ncc(cn1)B1OC(C(O1)(C)C)(C)C)N
RKB-03586827,hit_01,C1CN(CCO1)c1nc(c(c(n1)Cl)CCCl)Cl,screen_SCRN_156,SCRN_156,c_3ee2d5105a,P([C@]12C[C@@H]3C[C@H](C2)C[C@@H](C1)C3)([C@]12C[C@@H]3C[C@@H](C2)C[C@@H](C1)C3)CCCC|MeCN,Pd(OAc)2,Pd(OAc)2/CataCXium A,MeCN,60.0,18.0,1,c1(ncc(cn1)B1OC(C(O1)(C)C)(C)C)N
RKB-03586828,hit_01,C1CN(CCO1)c1nc(c(c(n1)Cl)CCCl)Cl,screen_SCRN_156,SCRN_156,c_e34fd39dff,|MeOH,,3G OMs XanthPhos,MeOH,60.0,18.0,1,c1(ncc(cn1)B1OC(C(O1)(C)C)(C)C)N
RKB-03586829,hit_01,C1CN(CCO1)c1nc(c(c(n1)Cl)CCCl)Cl,screen_SCRN_156,SCRN_156,c_c7181b1329,C1(C(C(C(C1c1ccccc1)c1ccccc1)c1ccccc1)c1ccccc1)c1ccccc1.P(C(C)(C)C)(C(C)(C)C)C1CCCC1.C1(C(C(C(C1c1ccccc1)c1ccccc1)c1ccccc1)c1ccccc1)c1ccccc1.P(C(C)(C)C)(C(C)(C)C)C1CCCC1.[Fe].[Fe].[Pd]|Dioxane,,Pd(Qhos)2,Dioxane,60.0,18.0,1,c1(ncc(cn1)B1OC(C(O1)(C)C)(C)C)N
RKB-03586830,hit_01,C1CN(CCO1)c1nc(c(c(n1)Cl)CCCl)Cl,screen_SCRN_156,SCRN_156,c_dd752d0e98,n1c(c(c(n1c1ccccc1)c1ccccc1)n1nccc1P(C(C)(C)C)(C(C)(C)C)[Pd](Cl)Cl)c1ccccc1|MeOH,,Pd(BiPyPhos)(Cl)2,MeOH,60.0,18.0,1,c1(ncc(cn1)B1OC(C(O1)(C)C)(C)C)N
RKB-03586831,hit_01,C1CN(CCO1)c1nc(c(c(n1)Cl)CCCl)Cl,screen_SCRN_156,SCRN_156,c_4648614000,C1(C(C(C(C1c1ccccc1)c1ccccc1)c1ccccc1)c1ccccc1)c1ccccc1.P(C(C)(C)C)(C(C)(C)C)C1CCCC1.C1(C(C(C(C1c1ccccc1)c1ccccc1)c1ccccc1)c1ccccc1)c1ccccc1.P(C(C)(C)C)(C(C)(C)C)C1CCCC1.[Fe].[Fe].[Pd]|MeCN,,Pd(Qhos)2,MeCN,60.0,18.0,1,c1(ncc(cn1)B1OC(C(O1)(C)C)(C)C)N
RKB-03586832,hit_01,C1CN(CCO1)c1nc(c(c(n1)Cl)CCCl)Cl,screen_SCRN_156,SCRN_156,c_466dd475bc,[Pd].C(P(C(C)(C)C)C(C)(C)C)(C)(C)C.C(P(C(C)(C)C)C(C)(C)C)(C)(C)C|Dioxane,,Pd(P(tBu)3)2,Dioxane,60.0,18.0,1,c1(ncc(cn1)B1OC(C(O1)(C)C)(C)C)N
RKB-03586833,hit_01,C1CN(CCO1)c1nc(c(c(n1)Cl)CCCl)Cl,screen_SCRN_156,SCRN_156,c_dc49028cb5,n1c(c(c(n1c1ccccc1)c1ccccc1)n1nccc1P(C(C)(C)C)(C(C)(C)C)[Pd](Cl)Cl)c1ccccc1|Dioxane,,Pd(BiPyPhos)(Cl)2,Dioxane,60.0,18.0,1,c1(ncc(cn1)B1OC(C(O1)(C)C)(C)C)N
RKB-03586834,hit_01,C1CN(CCO1)c1nc(c(c(n1)Cl)CCCl)Cl,screen_SCRN_156,SCRN_156,c_23c32c1777,[Pd](Cl)Cl.P(C1CCCCC1)(C1CCCCC1)C1CCCCC1.P(C1CCCCC1)(C1CCCCC1)C1CCCCC1|Toluene,,Pd(P(Cy)3)2Cl2,Toluene,60.0,18.0,0,c1(ncc(cn1)B1OC(C(O1)(C)C)(C)C)N
RKB-03586835,hit_01,C1CN(CCO1)c1nc(c(c(n1)Cl)CCCl)Cl,screen_SCRN_156,SCRN_156,c_a88c92ca46,C1(C(C(C(C1c1ccccc1)c1ccccc1)c1ccccc1)c1ccccc1)c1ccccc1.P(C(C)(C)C)(C(C)(C)C)C1CCCC1.C1(C(C(C(C1c1ccccc1)c1ccccc1)c1ccccc1)c1ccccc1)c1ccccc1.P(C(C)(C)C)(C(C)(C)C)C1CCCC1.[Fe].[Fe].[Pd]|Toluene,,Pd(Qhos)2,Toluene,60.0,18.0,0,c1(ncc(cn1)B1OC(C(O1)(C)C)(C)C)N
RKB-03586836,hit_01,C1CN(CCO1)c1nc(c(c(n1)Cl)CCCl)Cl,screen_SCRN_156,SCRN_156,c_ba67a9e214,|Toluene,,3G OMs XanthPhos,Toluene,60.0,18.0,0,c1(ncc(cn1)B1OC(C(O1)(C)C)(C)C)N
RKB-03586837,hit_01,C1CN(CCO1)c1nc(c(c(n1)Cl)CCCl)Cl,screen_SCRN_156,SCRN_156,c_3c160df052,c1(c2c(P(C3CCCCC3)C3CCCCC3)cccc2)c(cc(cc1C(C)C)C(C)C)C(C)C|Toluene,Pd(OAc)2,Pd(OAc)2 / XPhos,Toluene,60.0,18.0,0,c1(ncc(cn1)B1OC(C(O1)(C)C)(C)C)N
RKB-03586838,hit_01,C1CN(CCO1)c1nc(c(c(n1)Cl)CCCl)Cl,screen_SCRN_156,SCRN_156,c_23c32c1777,[Pd](Cl)Cl.P(C1CCCCC1)(C1CCCCC1)C1CCCCC1.P(C1CCCCC1)(C1CCCCC1)C1CCCCC1|Toluene,,Pd(P(Cy)3)2Cl2,Toluene,60.0,18.0,0,c1(ncc(cn1)B1OC(C(O1)(C)C)(C)C)N
RKB-03586839,hit_01,C1CN(CCO1)c1nc(c(c(n1)Cl)CCCl)Cl,screen_SCRN_156,SCRN_156,c_3c160df052,c1(c2c(P(C3CCCCC3)C3CCCCC3)cccc2)c(cc(cc1C(C)C)C(C)C)C(C)C|Toluene,Pd(OAc)2,Pd(OAc)2 / XPhos,Toluene,60.0,18.0,0,c1(ncc(cn1)B1OC(C(O1)(C)C)(C)C)N
RKB-03586840,hit_01,C1CN(CCO1)c1nc(c(c(n1)Cl)CCCl)Cl,screen_SCRN_156,SCRN_156,c_4076342b87,[Pd].C(P(C(C)(C)C)C(C)(C)C)(C)(C)C.C(P(C(C)(C)C)C(C)(C)C)(C)(C)C|Toluene,,Pd(P(tBu)3)2,Toluene,60.0,18.0,0,c1(ncc(cn1)B1OC(C(O1)(C)C)(C)C)N
RKB-03586841,hit_01,C1CN(CCO1)c1nc(c(c(n1)Cl)CCCl)Cl,screen_SCRN_156,SCRN_156,c_32f061b282,P(C1CCCC1)(C(C)(C)C)C(C)(C)C.P(C1CCCC1)(C(C)(C)C)C(C)(C)C.[Pd](Cl)Cl.[Fe]|Toluene,,Pd(dtbpf)Cl2,Toluene,60.0,18.0,0,c1(ncc(cn1)B1OC(C(O1)(C)C)(C)C)N
RKB-03586842,hit_01,C1CN(CCO1)c1nc(c(c(n1)Cl)CCCl)Cl,screen_SCRN_156,SCRN_156,c_5e8279fbea,[Pd](Cl)Cl.P(C(C)(C)C)(C(C)(C)C)c1ccc(N(C)C)cc1.P(C(C)(C)C)(C(C)(C)C)c1ccc(N(C)C)cc1|Toluene,,Pd-132,Toluene,60.0,18.0,0,c1(ncc(cn1)B1OC(C(O1)(C)C)(C)C)N
RKB-03586843,hit_01,C1CN(CCO1)c1nc(c(c(n1)Cl)CCCl)Cl,screen_SCRN_156,SCRN_156,c_577ff4ada9,P([C@]12C[C@@H]3C[C@H](C2)C[C@@H](C1)C3)([C@]12C[C@@H]3C[C@@H](C2)C[C@@H](C1)C3)CCCC|Toluene,Pd(OAc)2,Pd(OAc)2/CataCXium A,Toluene,60.0,18.0,0,c1(ncc(cn1)B1OC(C(O1)(C)C)(C)C)N
RKB-03586844,hit_01,C1CN(CCO1)c1nc(c(c(n1)Cl)CCCl)Cl,screen_SCRN_156,SCRN_156,c_5570c5f42c,n1c(c(c(n1c1ccccc1)c1ccccc1)n1nccc1P(C(C)(C)C)(C(C)(C)C)[Pd](Cl)Cl)c1ccccc1|Toluene,,Pd(BiPyPhos)(Cl)2,Toluene,60.0,18.0,0,c1(ncc(cn1)B1OC(C(O1)(C)C)(C)C)N
RKB-03586845,hit_01,C1CN(CCO1)c1nc(c(c(n1)Cl)CCCl)Cl,screen_SCRN_156,SCRN_156,c_23c32c1777,[Pd](Cl)Cl.P(C1CCCCC1)(C1CCCCC1)C1CCCCC1.P(C1CCCCC1)(C1CCCCC1)C1CCCCC1|Toluene,,Pd(P(Cy)3)2Cl2,Toluene,60.0,18.0,0,c1(ncc(cn1)B1OC(C(O1)(C)C)(C)C)N
RKB-03586846,hit_01,C1CN(CCO1)c1nc(c(c(n1)Cl)CCCl)Cl,screen_SCRN_156,SCRN_156,c_a88c92ca46,C1(C(C(C(C1c1ccccc1)c1ccccc1)c1ccccc1)c1ccccc1)c1ccccc1.P(C(C)(C)C)(C(C)(C)C)C1CCCC1.C1(C(C(C(C1c1ccccc1)c1ccccc1)c1ccccc1)c1ccccc1)c1ccccc1.P(C(C)(C)C)(C(C)(C)C)C1CCCC1.[Fe].[Fe].[Pd]|Toluene,,Pd(Qhos)2,Toluene,60.0,18.0,0,c1(ncc(cn1)B1OC(C(O1)(C)C)(C)C)N
RKB-03586847,hit_01,C1CN(CCO1)c1nc(c(c(n1)Cl)CCCl)Cl,screen_SCRN_156,SCRN_156,c_ba67a9e214,|Toluene,,3G OMs XanthPhos,Toluene,60.0,18.0,0,c1(ncc(cn1)B1OC(C(O1)(C)C)(C)C)N
RKB-03586848,hit_01,C1CN(CCO1)c1nc(c(c(n1)Cl)CCCl)Cl,screen_SCRN_156,SCRN_156,c_3c160df052,c1(c2c(P(C3CCCCC3)C3CCCCC3)cccc2)c(cc(cc1C(C)C)C(C)C)C(C)C|Toluene,Pd(OAc)2,Pd(OAc)2 / XPhos,Toluene,60.0,18.0,0,c1(ncc(cn1)B1OC(C(O1)(C)C)(C)C)N
RKB-03586849,hit_01,C1CN(CCO1)c1nc(c(c(n1)Cl)CCCl)Cl,screen_SCRN_156,SCRN_156,c_599a93c125,[Pd](Cl)Cl.P(c1c(cccc1)C)(c1c(cccc1)C)c1c(cccc1)C.P(c1c(cccc1)C)(c1c(cccc1)C)c1c(cccc1)C|Toluene,,Pd(P(o-Tol)3)2Cl2,Toluene,60.0,18.0,0,c1(ncc(cn1)B1OC(C(O1)(C)C)(C)C)N
RKB-03586850,hit_01,C1CN(CCO1)c1nc(c(c(n1)Cl)CCCl)Cl,screen_SCRN_156,SCRN_156,c_5570c5f42c,n1c(c(c(n1c1ccccc1)c1ccccc1)n1nccc1P(C(C)(C)C)(C(C)(C)C)[Pd](Cl)Cl)c1ccccc1|Toluene,,Pd(BiPyPhos)(Cl)2,Toluene,60.0,18.0,0,c1(ncc(cn1)B1OC(C(O1)(C)C)(C)C)N
RKB-03586851,hit_01,C1CN(CCO1)c1nc(c(c(n1)Cl)CCCl)Cl,screen_SCRN_156,SCRN_156,c_32f061b282,P(C1CCCC1)(C(C)(C)C)C(C)(C)C.P(C1CCCC1)(C(C)(C)C)C(C)(C)C.[Pd](Cl)Cl.[Fe]|Toluene,,Pd(dtbpf)Cl2,Toluene,60.0,18.0,0,c1(ncc(cn1)B1OC(C(O1)(C)C)(C)C)N
RKB-03586852,hit_01,C1CN(CCO1)c1nc(c(c(n1)Cl)CCCl)Cl,screen_SCRN_156,SCRN_156,c_ef091d2ff2,c1(c2c(P(C3CCCCC3)C3CCCCC3)cccc2)c(cc(cc1C(C)C)C(C)C)C(C)C|Dioxane,Pd(OAc)2,Pd(OAc)2 / XPhos,Dioxane,60.0,18.0,0,c1(ncc(cn1)B1OC(C(O1)(C)C)(C)C)N
RKB-03586853,hit_01,C1CN(CCO1)c1nc(c(c(n1)Cl)CCCl)Cl,screen_SCRN_156,SCRN_156,c_c139ee6e43,[Pd](Cl)Cl.P(C1CCCCC1)(C1CCCCC1)C1CCCCC1.P(C1CCCCC1)(C1CCCCC1)C1CCCCC1|Dioxane,,Pd(P(Cy)3)2Cl2,Dioxane,60.0,18.0,0,c1(ncc(cn1)B1OC(C(O1)(C)C)(C)C)N
RKB-03586854,hit_01,C1CN(CCO1)c1nc(c(c(n1)Cl)CCCl)Cl,screen_SCRN_156,SCRN_156,c_a86e283b14,c1(c2c(P(C3CCCCC3)C3CCCCC3)cccc2)c(cc(cc1C(C)C)C(C)C)C(C)C|MeCN,Pd(OAc)2,Pd(OAc)2 / XPhos,MeCN,60.0,18.0,0,c1(ncc(cn1)B1OC(C(O1)(C)C)(C)C)N
RKB-03586855,hit_01,C1CN(CCO1)c1nc(c(c(n1)Cl)CCCl)Cl,screen_SCRN_156,SCRN_156,c_4957928872,|MeCN,,3G OMs XanthPhos,MeCN,60.0,18.0,0,c1(ncc(cn1)B1OC(C(O1)(C)C)(C)C)N
RKB-03586856,hit_01,C1CN(CCO1)c1nc(c(c(n1)Cl)CCCl)Cl,screen_SCRN_156,SCRN_156,c_14f5c30068,[Pd](Cl)Cl.P(C1CCCCC1)(C1CCCCC1)C1CCCCC1.P(C1CCCCC1)(C1CCCCC1)C1CCCCC1|MeCN,,Pd(P(Cy)3)2Cl2,MeCN,60.0,18.0,0,c1(ncc(cn1)B1OC(C(O1)(C)C)(C)C)N
RKB-03586857,hit_01,C1CN(CCO1)c1nc(c(c(n1)Cl)CCCl)Cl,screen_SCRN_156,SCRN_156,c_c3b27856cb,[Pd](Cl)Cl.P(c1c(cccc1)C)(c1c(cccc1)C)c1c(cccc1)C.P(c1c(cccc1)C)(c1c(cccc1)C)c1c(cccc1)C|MeCN,,Pd(P(o-Tol)3)2Cl2,MeCN,60.0,18.0,0,c1(ncc(cn1)B1OC(C(O1)(C)C)(C)C)N
RKB-03586858,hit_01,C1CN(CCO1)c1nc(c(c(n1)Cl)CCCl)Cl,screen_SCRN_156,SCRN_156,c_b6552437bf,n1c(c(c(n1c1ccccc1)c1ccccc1)n1nccc1P(C(C)(C)C)(C(C)(C)C)[Pd](Cl)Cl)c1ccccc1|MeCN,,Pd(BiPyPhos)(Cl)2,MeCN,60.0,18.0,0,c1(ncc(cn1)B1OC(C(O1)(C)C)(C)C)N
RKB-03586859,hit_01,C1CN(CCO1)c1nc(c(c(n1)Cl)CCCl)Cl,screen_SCRN_156,SCRN_156,c_adf3bba061,P(C1CCCC1)(C(C)(C)C)C(C)(C)C.P(C1CCCC1)(C(C)(C)C)C(C)(C)C.[Pd](Cl)Cl.[Fe]|MeCN,,Pd(dtbpf)Cl2,MeCN,60.0,18.0,0,c1(ncc(cn1)B1OC(C(O1)(C)C)(C)C)N
RKB-03586860,hit_01,C1CN(CCO1)c1nc(c(c(n1)Cl)CCCl)Cl,screen_SCRN_156,SCRN_156,c_b4e663cbcf,P([C@]12C[C@@H]3C[C@H](C2)C[C@@H](C1)C3)([C@]12C[C@@H]3C[C@@H](C2)C[C@@H](C1)C3)CCCC|MeOH,Pd(OAc)2,Pd(OAc)2/CataCXium A,MeOH,60.0,18.0,0,c1(ncc(cn1)B1OC(C(O1)(C)C)(C)C)N
RKB-03551871,hit_03,O(c1cc(cnc1N)B1OC(C(O1)(C)C)(C)C)CC1CCN(CC1)C(=O)OC(C)(C)C,screen_SCRN_57,SCRN_57,c_4648614000,C1(C(C(C(C1c1ccccc1)c1ccccc1)c1ccccc1)c1ccccc1)c1ccccc1.P(C(C)(C)C)(C(C)(C)C)C1CCCC1.C1(C(C(C(C1c1ccccc1)c1ccccc1)c1ccccc1)c1ccccc1)c1ccccc1.P(C(C)(C)C)(C(C)(C)C)C1CCCC1.[Fe].[Fe].[Pd]|MeCN,,Pd(Qhos)2,MeCN,100.0,18.0,43,n1(cc(nc1)I)C
RKB-03551872,hit_03,O(c1cc(cnc1N)B1OC(C(O1)(C)C)(C)C)CC1CCN(CC1)C(=O)OC(C)(C)C,screen_SCRN_57,SCRN_57,c_5570c5f42c,n1c(c(c(n1c1ccccc1)c1ccccc1)n1nccc1P(C(C)(C)C)(C(C)(C)C)[Pd](Cl)Cl)c1ccccc1|Toluene,,Pd(BiPyPhos)(Cl)2,Toluene,100.0,18.0,49,n1(cc(nc1)I)C
RKB-03551873,hit_03,O(c1cc(cnc1N)B1OC(C(O1)(C)C)(C)C)CC1CCN(CC1)C(=O)OC(C)(C)C,screen_SCRN_57,SCRN_57,c_04d73ea970,P(C1CCCC1)(C(C)(C)C)C(C)(C)C.P(C1CCCC1)(C(C)(C)C)C(C)(C)C.[Pd](Cl)Cl.[Fe]|THF,,Pd(dtbpf)Cl2,THF,100.0,18.0,48,n1(cc(nc1)I)C
RKB-03551874,hit_03,O(c1cc(cnc1N)B1OC(C(O1)(C)C)(C)C)CC1CCN(CC1)C(=O)OC(C)(C)C,screen_SCRN_57,SCRN_57,c_4076342b87,[Pd].C(P(C(C)(C)C)C(C)(C)C)(C)(C)C.C(P(C(C)(C)C)C(C)(C)C)(C)(C)C|Toluene,,Pd(P(tBu)3)2,Toluene,100.0,18.0,48,n1(cc(nc1)I)C
RKB-03551875,hit_03,O(c1cc(cnc1N)B1OC(C(O1)(C)C)(C)C)CC1CCN(CC1)C(=O)OC(C)(C)C,screen_SCRN_57,SCRN_57,c_e03a6b9172,P([C@]12C[C@@H]3C[C@H](C2)C[C@@H](C1)C3)([C@]12C[C@@H]3C[C@@H](C2)C[C@@H](C1)C3)CCCC|THF,Pd(OAc)2,Pd(OAc)2/CataCXium A,THF,100.0,18.0,47,n1(cc(nc1)I)C
RKB-03551876,hit_03,O(c1cc(cnc1N)B1OC(C(O1)(C)C)(C)C)CC1CCN(CC1)C(=O)OC(C)(C)C,screen_SCRN_57,SCRN_57,c_04d73ea970,P(C1CCCC1)(C(C)(C)C)C(C)(C)C.P(C1CCCC1)(C(C)(C)C)C(C)(C)C.[Pd](Cl)Cl.[Fe]|THF,,Pd(dtbpf)Cl2,THF,100.0,18.0,47,n1(cc(nc1)I)C
RKB-03551877,hit_03,O(c1cc(cnc1N)B1OC(C(O1)(C)C)(C)C)CC1CCN(CC1)C(=O)OC(C)(C)C,screen_SCRN_57,SCRN_57,c_23c32c1777,[Pd](Cl)Cl.P(C1CCCCC1)(C1CCCCC1)C1CCCCC1.P(C1CCCCC1)(C1CCCCC1)C1CCCCC1|Toluene,,Pd(P(Cy)3)2Cl2,Toluene,100.0,18.0,46,n1(cc(nc1)I)C
RKB-03551878,hit_03,O(c1cc(cnc1N)B1OC(C(O1)(C)C)(C)C)CC1CCN(CC1)C(=O)OC(C)(C)C,screen_SCRN_57,SCRN_57,c_a86e283b14,c1(c2c(P(C3CCCCC3)C3CCCCC3)cccc2)c(cc(cc1C(C)C)C(C)C)C(C)C|MeCN,Pd(OAc)2,Pd(OAc)2 / XPhos,MeCN,100.0,18.0,44,n1(cc(nc1)I)C
RKB-03551879,hit_03,O(c1cc(cnc1N)B1OC(C(O1)(C)C)(C)C)CC1CCN(CC1)C(=O)OC(C)(C)C,screen_SCRN_57,SCRN_57,c_e564d7612a,[Pd].P(c1ccccc1)(c1ccccc1)c1ccccc1.P(c1ccccc1)(c1ccccc1)c1ccccc1.P(c1ccccc1)(c1ccccc1)c1ccccc1.P(c1ccccc1)(c1ccccc1)c1ccccc1|MeCN,,Pd(P(Ph)3)4),MeCN,100.0,18.0,44,n1(cc(nc1)I)C
RKB-03551880,hit_03,O(c1cc(cnc1N)B1OC(C(O1)(C)C)(C)C)CC1CCN(CC1)C(=O)OC(C)(C)C,screen_SCRN_57,SCRN_57,c_ad8305297d,[Pd](Cl)Cl.P(c1c(cccc1)C)(c1c(cccc1)C)c1c(cccc1)C.P(c1c(cccc1)C)(c1c(cccc1)C)c1c(cccc1)C|THF,,Pd(P(o-Tol)3)2Cl2,THF,100.0,18.0,43,n1(cc(nc1)I)C
RKB-03551881,hit_03,O(c1cc(cnc1N)B1OC(C(O1)(C)C)(C)C)CC1CCN(CC1)C(=O)OC(C)(C)C,screen_SCRN_57,SCRN_57,c_c3b27856cb,[Pd](Cl)Cl.P(c1c(cccc1)C)(c1c(cccc1)C)c1c(cccc1)C.P(c1c(cccc1)C)(c1c(cccc1)C)c1c(cccc1)C|MeCN,,Pd(P(o-Tol)3)2Cl2,MeCN,100.0,18.0,43,n1(cc(nc1)I)C
RKB-03551882,hit_03,O(c1cc(cnc1N)B1OC(C(O1)(C)C)(C)C)CC1CCN(CC1)C(=O)OC(C)(C)C,screen_SCRN_57,SCRN_57,c_2db771aad0,c1(c2c(P(C3CCCCC3)C3CCCCC3)cccc2)c(cc(cc1C(C)C)C(C)C)C(C)C|THF,Pd(OAc)2,Pd(OAc)2 / XPhos,THF,100.0,18.0,42,n1(cc(nc1)I)C
RKB-03551883,hit_03,O(c1cc(cnc1N)B1OC(C(O1)(C)C)(C)C)CC1CCN(CC1)C(=O)OC(C)(C)C,screen_SCRN_57,SCRN_57,c_3196604cd9,[Pd](Cl)Cl.P(C(C)(C)C)(C(C)(C)C)c1ccc(N(C)C)cc1.P(C(C)(C)C)(C(C)(C)C)c1ccc(N(C)C)cc1|MeCN,,Pd-132,MeCN,100.0,18.0,42,n1(cc(nc1)I)C
RKB-03551884,hit_03,O(c1cc(cnc1N)B1OC(C(O1)(C)C)(C)C)CC1CCN(CC1)C(=O)OC(C)(C)C,screen_SCRN_57,SCRN_57,c_87611e347b,C1(C(C(C(C1c1ccccc1)c1ccccc1)c1ccccc1)c1ccccc1)c1ccccc1.P(C(C)(C)C)(C(C)(C)C)C1CCCC1.C1(C(C(C(C1c1ccccc1)c1ccccc1)c1ccccc1)c1ccccc1)c1ccccc1.P(C(C)(C)C)(C(C)(C)C)C1CCCC1.[Fe].[Fe].[Pd]|THF,,Pd(Qhos)2,THF,100.0,18.0,42,n1(cc(nc1)I)C
RKB-03551885,hit_03,O(c1cc(cnc1N)B1OC(C(O1)(C)C)(C)C)CC1CCN(CC1)C(=O)OC(C)(C)C,screen_SCRN_57,SCRN_57,c_ad8305297d,[Pd](Cl)Cl.P(c1c(cccc1)C)(c1c(cccc1)C)c1c(cccc1)C.P(c1c(cccc1)C)(c1c(cccc1)C)c1c(cccc1)C|THF,,Pd(P(o-Tol)3)2Cl2,THF,100.0,18.0,41,n1(cc(nc1)I)C
RKB-03551886,hit_03,O(c1cc(cnc1N)B1OC(C(O1)(C)C)(C)C)CC1CCN(CC1)C(=O)OC(C)(C)C,screen_SCRN_57,SCRN_57,c_86f3e84f01,[Pd].P(c1ccccc1)(c1ccccc1)c1ccccc1.P(c1ccccc1)(c1ccccc1)c1ccccc1.P(c1ccccc1)(c1ccccc1)c1ccccc1.P(c1ccccc1)(c1ccccc1)c1ccccc1|THF,,Pd(P(Ph)3)4),THF,100.0,18.0,41,n1(cc(nc1)I)C
RKB-03551887,hit_03,O(c1cc(cnc1N)B1OC(C(O1)(C)C)(C)C)CC1CCN(CC1)C(=O)OC(C)(C)C,screen_SCRN_57,SCRN_57,c_a88c92ca46,C1(C(C(C(C1c1ccccc1)c1ccccc1)c1ccccc1)c1ccccc1)c1ccccc1.P(C(C)(C)C)(C(C)(C)C)C1CCCC1.C1(C(C(C(C1c1ccccc1)c1ccccc1)c1ccccc1)c1ccccc1)c1ccccc1.P(C(C)(C)C)(C(C)(C)C)C1CCCC1.[Fe].[Fe].[Pd]|Toluene,,Pd(Qhos)2,Toluene,100.0,18.0,41,n1(cc(nc1)I)C
RKB-03551888,hit_03,O(c1cc(cnc1N)B1OC(C(O1)(C)C)(C)C)CC1CCN(CC1)C(=O)OC(C)(C)C,screen_SCRN_57,SCRN_57,c_e564d7612a,[Pd].P(c1ccccc1)(c1ccccc1)c1ccccc1.P(c1ccccc1)(c1ccccc1)c1ccccc1.P(c1ccccc1)(c1ccccc1)c1ccccc1.P(c1ccccc1)(c1ccccc1)c1ccccc1|MeCN,,Pd(P(Ph)3)4),MeCN,100.0,18.0,40,n1(cc(nc1)I)C
RKB-03551889,hit_03,O(c1cc(cnc1N)B1OC(C(O1)(C)C)(C)C)CC1CCN(CC1)C(=O)OC(C)(C)C,screen_SCRN_57,SCRN_57,c_32f061b282,P(C1CCCC1)(C(C)(C)C)C(C)(C)C.P(C1CCCC1)(C(C)(C)C)C(C)(C)C.[Pd](Cl)Cl.[Fe]|Toluene,,Pd(dtbpf)Cl2,Toluene,100.0,18.0,35,n1(cc(nc1)I)C
RKB-03551890,hit_03,O(c1cc(cnc1N)B1OC(C(O1)(C)C)(C)C)CC1CCN(CC1)C(=O)OC(C)(C)C,screen_SCRN_57,SCRN_57,c_3c160df052,c1(c2c(P(C3CCCCC3)C3CCCCC3)cccc2)c(cc(cc1C(C)C)C(C)C)C(C)C|Toluene,Pd(OAc)2,Pd(OAc)2 / XPhos,Toluene,100.0,18.0,40,n1(cc(nc1)I)C
RKB-03551891,hit_03,O(c1cc(cnc1N)B1OC(C(O1)(C)C)(C)C)CC1CCN(CC1)C(=O)OC(C)(C)C,screen_SCRN_57,SCRN_57,c_aabcb49fef,|THF,,3G OMs XanthPhos,THF,100.0,18.0,39,n1(cc(nc1)I)C
RKB-03551892,hit_03,O(c1cc(cnc1N)B1OC(C(O1)(C)C)(C)C)CC1CCN(CC1)C(=O)OC(C)(C)C,screen_SCRN_57,SCRN_57,c_32f061b282,P(C1CCCC1)(C(C)(C)C)C(C)(C)C.P(C1CCCC1)(C(C)(C)C)C(C)(C)C.[Pd](Cl)Cl.[Fe]|Toluene,,Pd(dtbpf)Cl2,Toluene,100.0,18.0,39,n1(cc(nc1)I)C
RKB-03551893,hit_03,O(c1cc(cnc1N)B1OC(C(O1)(C)C)(C)C)CC1CCN(CC1)C(=O)OC(C)(C)C,screen_SCRN_57,SCRN_57,c_577ff4ada9,P([C@]12C[C@@H]3C[C@H](C2)C[C@@H](C1)C3)([C@]12C[C@@H]3C[C@@H](C2)C[C@@H](C1)C3)CCCC|Toluene,Pd(OAc)2,Pd(OAc)2/CataCXium A,Toluene,100.0,18.0,37,n1(cc(nc1)I)C
RKB-03551894,hit_03,O(c1cc(cnc1N)B1OC(C(O1)(C)C)(C)C)CC1CCN(CC1)C(=O)OC(C)(C)C,screen_SCRN_57,SCRN_57,c_e8d46c9e9a,[Pd].P(c1ccccc1)(c1ccccc1)c1ccccc1.P(c1ccccc1)(c1ccccc1)c1ccccc1.P(c1ccccc1)(c1ccccc1)c1ccccc1.P(c1ccccc1)(c1ccccc1)c1ccccc1|MeOH,,Pd(P(Ph)3)4),MeOH,100.0,18.0,36,n1(cc(nc1)I)C
RKB-03551895,hit_03,O(c1cc(cnc1N)B1OC(C(O1)(C)C)(C)C)CC1CCN(CC1)C(=O)OC(C)(C)C,screen_SCRN_57,SCRN_57,c_4957928872,|MeCN,,3G OMs XanthPhos,MeCN,100.0,18.0,35,n1(cc(nc1)I)C
RKB-03551896,hit_03,O(c1cc(cnc1N)B1OC(C(O1)(C)C)(C)C)CC1CCN(CC1)C(=O)OC(C)(C)C,screen_SCRN_57,SCRN_57,c_96da66f8fe,P(C1CCCC1)(c1ccccc1)c1ccccc1.P(C1CCCC1)(c1ccccc1)c1ccccc1.C(Cl)Cl.[Pd](Cl)Cl.[Fe]|THF,,Pd(dppf)Cl2,THF,100.0,18.0,35,n1(cc(nc1)I)C
RKB-03551897,hit_03,O(c1cc(cnc1N)B1OC(C(O1)(C)C)(C)C)CC1CCN(CC1)C(=O)OC(C)(C)C,screen_SCRN_57,SCRN_57,c_599a93c125,[Pd](Cl)Cl.P(c1c(cccc1)C)(c1c(cccc1)C)c1c(cccc1)C.P(c1c(cccc1)C)(c1c(cccc1)C)c1c(cccc1)C|Toluene,,Pd(P(o-Tol)3)2Cl2,Toluene,100.0,18.0,35,n1(cc(nc1)I)C
RKB-03551898,hit_03,O(c1cc(cnc1N)B1OC(C(O1)(C)C)(C)C)CC1CCN(CC1)C(=O)OC(C)(C)C,screen_SCRN_57,SCRN_57,c_fb0fd7c858,[Pd](Cl)Cl.P(C1CCCCC1)(C1CCCCC1)C1CCCCC1.P(C1CCCCC1)(C1CCCCC1)C1CCCCC1|THF,,Pd(P(Cy)3)2Cl2,THF,100.0,18.0,35,n1(cc(nc1)I)C
RKB-03551899,hit_03,O(c1cc(cnc1N)B1OC(C(O1)(C)C)(C)C)CC1CCN(CC1)C(=O)OC(C)(C)C,screen_SCRN_57,SCRN_57,c_86f3e84f01,[Pd].P(c1ccccc1)(c1ccccc1)c1ccccc1.P(c1ccccc1)(c1ccccc1)c1ccccc1.P(c1ccccc1)(c1ccccc1)c1ccccc1.P(c1ccccc1)(c1ccccc1)c1ccccc1|THF,,Pd(P(Ph)3)4),THF,100.0,18.0,34,n1(cc(nc1)I)C
RKB-03551900,hit_03,O(c1cc(cnc1N)B1OC(C(O1)(C)C)(C)C)CC1CCN(CC1)C(=O)OC(C)(C)C,screen_SCRN_57,SCRN_57,c_ba67a9e214,|Toluene,,3G OMs XanthPhos,Toluene,100.0,18.0,34,n1(cc(nc1)I)C
RKB-03551901,hit_03,O(c1cc(cnc1N)B1OC(C(O1)(C)C)(C)C)CC1CCN(CC1)C(=O)OC(C)(C)C,screen_SCRN_57,SCRN_57,c_3196604cd9,[Pd](Cl)Cl.P(C(C)(C)C)(C(C)(C)C)c1ccc(N(C)C)cc1.P(C(C)(C)C)(C(C)(C)C)c1ccc(N(C)C)cc1|MeCN,,Pd-132,MeCN,100.0,18.0,34,n1(cc(nc1)I)C
RKB-03551902,hit_03,O(c1cc(cnc1N)B1OC(C(O1)(C)C)(C)C)CC1CCN(CC1)C(=O)OC(C)(C)C,screen_SCRN_57,SCRN_57,c_96da66f8fe,P(C1CCCC1)(c1ccccc1)c1ccccc1.P(C1CCCC1)(c1ccccc1)c1ccccc1.C(Cl)Cl.[Pd](Cl)Cl.[Fe]|THF,,Pd(dppf)Cl2,THF,100.0,18.0,34,n1(cc(nc1)I)C
RKB-03551903,hit_03,O(c1cc(cnc1N)B1OC(C(O1)(C)C)(C)C)CC1CCN(CC1)C(=O)OC(C)(C)C,screen_SCRN_57,SCRN_57,c_3196604cd9,[Pd](Cl)Cl.P(C(C)(C)C)(C(C)(C)C)c1ccc(N(C)C)cc1.P(C(C)(C)C)(C(C)(C)C)c1ccc(N(C)C)cc1|MeCN,,Pd-132,MeCN,100.0,18.0,33,n1(cc(nc1)I)C
RKB-03551904,hit_03,O(c1cc(cnc1N)B1OC(C(O1)(C)C)(C)C)CC1CCN(CC1)C(=O)OC(C)(C)C,screen_SCRN_57,SCRN_57,c_b9c1c9f68d,P(C1CCCC1)(c1ccccc1)c1ccccc1.P(C1CCCC1)(c1ccccc1)c1ccccc1.C(Cl)Cl.[Pd](Cl)Cl.[Fe]|MeCN,,Pd(dppf)Cl2,MeCN,100.0,18.0,33,n1(cc(nc1)I)C
RKB-03551905,hit_03,O(c1cc(cnc1N)B1OC(C(O1)(C)C)(C)C)CC1CCN(CC1)C(=O)OC(C)(C)C,screen_SCRN_57,SCRN_57,c_b9c1c9f68d,P(C1CCCC1)(c1ccccc1)c1ccccc1.P(C1CCCC1)(c1ccccc1)c1ccccc1.C(Cl)Cl.[Pd](Cl)Cl.[Fe]|MeCN,,Pd(dppf)Cl2,MeCN,100.0,18.0,32,n1(cc(nc1)I)C
RKB-03551906,hit_03,O(c1cc(cnc1N)B1OC(C(O1)(C)C)(C)C)CC1CCN(CC1)C(=O)OC(C)(C)C,screen_SCRN_57,SCRN_57,c_26f340984c,n1c(c(c(n1c1ccccc1)c1ccccc1)n1nccc1P(C(C)(C)C)(C(C)(C)C)[Pd](Cl)Cl)c1ccccc1|THF,,Pd(BiPyPhos)(Cl)2,THF,100.0,18.0,32,n1(cc(nc1)I)C
RKB-03551907,hit_03,O(c1cc(cnc1N)B1OC(C(O1)(C)C)(C)C)CC1CCN(CC1)C(=O)OC(C)(C)C,screen_SCRN_57,SCRN_57,c_adf3bba061,P(C1CCCC1)(C(C)(C)C)C(C)(C)C.P(C1CCCC1)(C(C)(C)C)C(C)(C)C.[Pd](Cl)Cl.[Fe]|MeCN,,Pd(dtbpf)Cl2,MeCN,100.0,18.0,32,n1(cc(nc1)I)C
RKB-03551908,hit_03,O(c1cc(cnc1N)B1OC(C(O1)(C)C)(C)C)CC1CCN(CC1)C(=O)OC(C)(C)C,screen_SCRN_57,SCRN_57,c_9e3adb389c,P(C1CCCC1)(c1ccccc1)c1ccccc1.P(C1CCCC1)(c1ccccc1)c1ccccc1.C(Cl)Cl.[Pd](Cl)Cl.[Fe]|Toluene,,Pd(dppf)Cl2,Toluene,100.0,18.0,28,n1(cc(nc1)I)C
RKB-03551909,hit_03,O(c1cc(cnc1N)B1OC(C(O1)(C)C)(C)C)CC1CCN(CC1)C(=O)OC(C)(C)C,screen_SCRN_57,SCRN_57,c_fb0fd7c858,[Pd](Cl)Cl.P(C1CCCCC1)(C1CCCCC1)C1CCCCC1.P(C1CCCCC1)(C1CCCCC1)C1CCCCC1|THF,,Pd(P(Cy)3)2Cl2,THF,100.0,18.0,32,n1(cc(nc1)I)C
RKB-03551910,hit_03,O(c1cc(cnc1N)B1OC(C(O1)(C)C)(C)C)CC1CCN(CC1)C(=O)OC(C)(C)C,screen_SCRN_57,SCRN_57,c_577ff4ada9,P([C@]12C[C@@H]3C[C@H](C2)C[C@@H](C1)C3)([C@]12C[C@@H]3C[C@@H](C2)C[C@@H](C1)C3)CCCC|Toluene,Pd(OAc)2,Pd(OAc)2/CataCXium A,Toluene,100.0,18.0,31,n1(cc(nc1)I)C
RKB-03551911,hit_03,O(c1cc(cnc1N)B1OC(C(O1)(C)C)(C)C)CC1CCN(CC1)C(=O)OC(C)(C)C,screen_SCRN_57,SCRN_57,c_1f622dc39d,[Pd].C(P(C(C)(C)C)C(C)(C)C)(C)(C)C.C(P(C(C)(C)C)C(C)(C)C)(C)(C)C|THF,,Pd(P(tBu)3)2,THF,100.0,18.0,30,n1(cc(nc1)I)C
RKB-03551912,hit_03,O(c1cc(cnc1N)B1OC(C(O1)(C)C)(C)C)CC1CCN(CC1)C(=O)OC(C)(C)C,screen_SCRN_57,SCRN_57,c_adf3bba061,P(C1CCCC1)(C(C)(C)C)C(C)(C)C.P(C1CCCC1)(C(C)(C)C)C(C)(C)C.[Pd](Cl)Cl.[Fe]|MeCN,,Pd(dtbpf)Cl2,MeCN,100.0,18.0,30,n1(cc(nc1)I)C
RKB-03551913,hit_03,O(c1cc(cnc1N)B1OC(C(O1)(C)C)(C)C)CC1CCN(CC1)C(=O)OC(C)(C)C,screen_SCRN_57,SCRN_57,c_a86e283b14,c1(c2c(P(C3CCCCC3)C3CCCCC3)cccc2)c(cc(cc1C(C)C)C(C)C)C(C)C|MeCN,Pd(OAc)2,Pd(OAc)2 / XPhos,MeCN,100.0,18.0,30,n1(cc(nc1)I)C
RKB-03551914,hit_03,O(c1cc(cnc1N)B1OC(C(O1)(C)C)(C)C)CC1CCN(CC1)C(=O)OC(C)(C)C,screen_SCRN_57,SCRN_57,c_599a93c125,[Pd](Cl)Cl.P(c1c(cccc1)C)(c1c(cccc1)C)c1c(cccc1)C.P(c1c(cccc1)C)(c1c(cccc1)C)c1c(cccc1)C|Toluene,,Pd(P(o-Tol)3)2Cl2,Toluene,100.0,18.0,30,n1(cc(nc1)I)C
RKB-03551915,hit_03,O(c1cc(cnc1N)B1OC(C(O1)(C)C)(C)C)CC1CCN(CC1)C(=O)OC(C)(C)C,screen_SCRN_57,SCRN_57,c_1f622dc39d,[Pd].C(P(C(C)(C)C)C(C)(C)C)(C)(C)C.C(P(C(C)(C)C)C(C)(C)C)(C)(C)C|THF,,Pd(P(tBu)3)2,THF,100.0,18.0,29,n1(cc(nc1)I)C
RKB-03551916,hit_03,O(c1cc(cnc1N)B1OC(C(O1)(C)C)(C)C)CC1CCN(CC1)C(=O)OC(C)(C)C,screen_SCRN_57,SCRN_57,c_3f90fc71ff,[Pd](Cl)Cl.P(C(C)(C)C)(C(C)(C)C)c1ccc(N(C)C)cc1.P(C(C)(C)C)(C(C)(C)C)c1ccc(N(C)C)cc1|MeOH,,Pd-132,MeOH,100.0,18.0,28,n1(cc(nc1)I)C
RKB-03551917,hit_03,O(c1cc(cnc1N)B1OC(C(O1)(C)C)(C)C)CC1CCN(CC1)C(=O)OC(C)(C)C,screen_SCRN_57,SCRN_57,c_9e3adb389c,P(C1CCCC1)(c1ccccc1)c1ccccc1.P(C1CCCC1)(c1ccccc1)c1ccccc1.C(Cl)Cl.[Pd](Cl)Cl.[Fe]|Toluene,,Pd(dppf)Cl2,Toluene,100.0,18.0,28,n1(cc(nc1)I)C
RKB-03551918,hit_03,O(c1cc(cnc1N)B1OC(C(O1)(C)C)(C)C)CC1CCN(CC1)C(=O)OC(C)(C)C,screen_SCRN_57,SCRN_57,c_3c160df052,c1(c2c(P(C3CCCCC3)C3CCCCC3)cccc2)c(cc(cc1C(C)C)C(C)C)C(C)C|Toluene,Pd(OAc)2,Pd(OAc)2 / XPhos,Toluene,100.0,18.0,27,n1(cc(nc1)I)C
RKB-03551919,hit_03,O(c1cc(cnc1N)B1OC(C(O1)(C)C)(C)C)CC1CCN(CC1)C(=O)OC(C)(C)C,screen_SCRN_57,SCRN_57,c_5e8279fbea,[Pd](Cl)Cl.P(C(C)(C)C)(C(C)(C)C)c1ccc(N(C)C)cc1.P(C(C)(C)C)(C(C)(C)C)c1ccc(N(C)C)cc1|Toluene,,Pd-132,Toluene,100.0,18.0,27,n1(cc(nc1)I)C
RKB-03551920,hit_03,O(c1cc(cnc1N)B1OC(C(O1)(C)C)(C)C)CC1CCN(CC1)C(=O)OC(C)(C)C,screen_SCRN_57,SCRN_57,c_4076342b87,[Pd].C(P(C(C)(C)C)C(C)(C)C)(C)(C)C.C(P(C(C)(C)C)C(C)(C)C)(C)(C)C|Toluene,,Pd(P(tBu)3)2,Toluene,100.0,18.0,27,n1(cc(nc1)I)C
RKB-03551921,hit_03,O(c1cc(cnc1N)B1OC(C(O1)(C)C)(C)C)CC1CCN(CC1)C(=O)OC(C)(C)C,screen_SCRN_57,SCRN_57,c_87611e347b,C1(C(C(C(C1c1ccccc1)c1ccccc1)c1ccccc1)c1ccccc1)c1ccccc1.P(C(C)(C)C)(C(C)(C)C)C1CCCC1.C1(C(C(C(C1c1ccccc1)c1ccccc1)c1ccccc1)c1ccccc1)c1ccccc1.P(C(C)(C)C)(C(C)(C)C)C1CCCC1.[Fe].[Fe].[Pd]|THF,,Pd(Qhos)2,THF,100.0,18.0,26,n1(cc(nc1)I)C
RKB-03551922,hit_03,O(c1cc(cnc1N)B1OC(C(O1)(C)C)(C)C)CC1CCN(CC1)C(=O)OC(C)(C)C,screen_SCRN_57,SCRN_57,c_3c160df052,c1(c2c(P(C3CCCCC3)C3CCCCC3)cccc2)c(cc(cc1C(C)C)C(C)C)C(C)C|Toluene,Pd(OAc)2,Pd(OAc)2 / XPhos,Toluene,100.0,18.0,26,n1(cc(nc1)I)C
RKB-03551923,hit_03,O(c1cc(cnc1N)B1OC(C(O1)(C)C)(C)C)CC1CCN(CC1)C(=O)OC(C)(C)C,screen_SCRN_57,SCRN_57,c_87611e347b,C1(C(C(C(C1c1ccccc1)c1ccccc1)c1ccccc1)c1ccccc1)c1ccccc1.P(C(C)(C)C)(C(C)(C)C)C1CCCC1.C1(C(C(C(C1c1ccccc1)c1ccccc1)c1ccccc1)c1ccccc1)c1ccccc1.P(C(C)(C)C)(C(C)(C)C)C1CCCC1.[Fe].[Fe].[Pd]|THF,,Pd(Qhos)2,THF,100.0,18.0,26,n1(cc(nc1)I)C
RKB-03551924,hit_03,O(c1cc(cnc1N)B1OC(C(O1)(C)C)(C)C)CC1CCN(CC1)C(=O)OC(C)(C)C,screen_SCRN_57,SCRN_57,c_599a93c125,[Pd](Cl)Cl.P(c1c(cccc1)C)(c1c(cccc1)C)c1c(cccc1)C.P(c1c(cccc1)C)(c1c(cccc1)C)c1c(cccc1)C|Toluene,,Pd(P(o-Tol)3)2Cl2,Toluene,100.0,18.0,26,n1(cc(nc1)I)C
RKB-03551925,hit_03,O(c1cc(cnc1N)B1OC(C(O1)(C)C)(C)C)CC1CCN(CC1)C(=O)OC(C)(C)C,screen_SCRN_57,SCRN_57,c_2db771aad0,c1(c2c(P(C3CCCCC3)C3CCCCC3)cccc2)c(cc(cc1C(C)C)C(C)C)C(C)C|THF,Pd(OAc)2,Pd(OAc)2 / XPhos,THF,100.0,18.0,25,n1(cc(nc1)I)C
RKB-03551926,hit_03,O(c1cc(cnc1N)B1OC(C(O1)(C)C)(C)C)CC1CCN(CC1)C(=O)OC(C)(C)C,screen_SCRN_57,SCRN_57,c_5e8279fbea,[Pd](Cl)Cl.P(C(C)(C)C)(C(C)(C)C)c1ccc(N(C)C)cc1.P(C(C)(C)C)(C(C)(C)C)c1ccc(N(C)C)cc1|Toluene,,Pd-132,Toluene,100.0,18.0,25,n1(cc(nc1)I)C
RKB-03551927,hit_03,O(c1cc(cnc1N)B1OC(C(O1)(C)C)(C)C)CC1CCN(CC1)C(=O)OC(C)(C)C,screen_SCRN_57,SCRN_57,c_b6552437bf,n1c(c(c(n1c1ccccc1)c1ccccc1)n1nccc1P(C(C)(C)C)(C(C)(C)C)[Pd](Cl)Cl)c1ccccc1|MeCN,,Pd(BiPyPhos)(Cl)2,MeCN,100.0,18.0,25,n1(cc(nc1)I)C
RKB-03551928,hit_03,O(c1cc(cnc1N)B1OC(C(O1)(C)C)(C)C)CC1CCN(CC1)C(=O)OC(C)(C)C,screen_SCRN_57,SCRN_57,c_efdcec6f77,[Pd].C(P(C(C)(C)C)C(C)(C)C)(C)(C)C.C(P(C(C)(C)C)C(C)(C)C)(C)(C)C|MeCN,,Pd(P(tBu)3)2,MeCN,100.0,18.0,24,n1(cc(nc1)I)C
RKB-03551929,hit_03,O(c1cc(cnc1N)B1OC(C(O1)(C)C)(C)C)CC1CCN(CC1)C(=O)OC(C)(C)C,screen_SCRN_57,SCRN_57,c_2db771aad0,c1(c2c(P(C3CCCCC3)C3CCCCC3)cccc2)c(cc(cc1C(C)C)C(C)C)C(C)C|THF,Pd(OAc)2,Pd(OAc)2 / XPhos,THF,100.0,18.0,24,n1(cc(nc1)I)C
RKB-03551930,hit_03,O(c1cc(cnc1N)B1OC(C(O1)(C)C)(C)C)CC1CCN(CC1)C(=O)OC(C)(C)C,screen_SCRN_57,SCRN_57,c_4648614000,C1(C(C(C(C1c1ccccc1)c1ccccc1)c1ccccc1)c1ccccc1)c1ccccc1.P(C(C)(C)C)(C(C)(C)C)C1CCCC1.C1(C(C(C(C1c1ccccc1)c1ccccc1)c1ccccc1)c1ccccc1)c1ccccc1.P(C(C)(C)C)(C(C)(C)C)C1CCCC1.[Fe].[Fe].[Pd]|MeCN,,Pd(Qhos)2,MeCN,100.0,18.0,24,n1(cc(nc1)I)C
RKB-03551931,hit_03,O(c1cc(cnc1N)B1OC(C(O1)(C)C)(C)C)CC1CCN(CC1)C(=O)OC(C)(C)C,screen_SCRN_57,SCRN_57,c_4648614000,C1(C(C(C(C1c1ccccc1)c1ccccc1)c1ccccc1)c1ccccc1)c1ccccc1.P(C(C)(C)C)(C(C)(C)C)C1CCCC1.C1(C(C(C(C1c1ccccc1)c1ccccc1)c1ccccc1)c1ccccc1)c1ccccc1.P(C(C)(C)C)(C(C)(C)C)C1CCCC1.[Fe].[Fe].[Pd]|MeCN,,Pd(Qhos)2,MeCN,100.0,18.0,24,n1(cc(nc1)I)C
RKB-03551932,hit_03,O(c1cc(cnc1N)B1OC(C(O1)(C)C)(C)C)CC1CCN(CC1)C(=O)OC(C)(C)C,screen_SCRN_57,SCRN_57,c_4957928872,|MeCN,,3G OMs XanthPhos,MeCN,100.0,18.0,23,n1(cc(nc1)I)C
RKB-03551933,hit_03,O(c1cc(cnc1N)B1OC(C(O1)(C)C)(C)C)CC1CCN(CC1)C(=O)OC(C)(C)C,screen_SCRN_57,SCRN_57,c_efdcec6f77,[Pd].C(P(C(C)(C)C)C(C)(C)C)(C)(C)C.C(P(C(C)(C)C)C(C)(C)C)(C)(C)C|MeCN,,Pd(P(tBu)3)2,MeCN,100.0,18.0,23,n1(cc(nc1)I)C
RKB-03551934,hit_03,O(c1cc(cnc1N)B1OC(C(O1)(C)C)(C)C)CC1CCN(CC1)C(=O)OC(C)(C)C,screen_SCRN_57,SCRN_57,c_26f340984c,n1c(c(c(n1c1ccccc1)c1ccccc1)n1nccc1P(C(C)(C)C)(C(C)(C)C)[Pd](Cl)Cl)c1ccccc1|THF,,Pd(BiPyPhos)(Cl)2,THF,100.0,18.0,23,n1(cc(nc1)I)C
RKB-03551935,hit_03,O(c1cc(cnc1N)B1OC(C(O1)(C)C)(C)C)CC1CCN(CC1)C(=O)OC(C)(C)C,screen_SCRN_57,SCRN_57,c_14f5c30068,[Pd](Cl)Cl.P(C1CCCCC1)(C1CCCCC1)C1CCCCC1.P(C1CCCCC1)(C1CCCCC1)C1CCCCC1|MeCN,,Pd(P(Cy)3)2Cl2,MeCN,100.0,18.0,23,n1(cc(nc1)I)C
RKB-03551936,hit_03,O(c1cc(cnc1N)B1OC(C(O1)(C)C)(C)C)CC1CCN(CC1)C(=O)OC(C)(C)C,screen_SCRN_57,SCRN_57,c_e03a6b9172,P([C@]12C[C@@H]3C[C@H](C2)C[C@@H](C1)C3)([C@]12C[C@@H]3C[C@@H](C2)C[C@@H](C1)C3)CCCC|THF,Pd(OAc)2,Pd(OAc)2/CataCXium A,THF,100.0,18.0,22,n1(cc(nc1)I)C
RKB-03551937,hit_03,O(c1cc(cnc1N)B1OC(C(O1)(C)C)(C)C)CC1CCN(CC1)C(=O)OC(C)(C)C,screen_SCRN_57,SCRN_57,c_5570c5f42c,n1c(c(c(n1c1ccccc1)c1ccccc1)n1nccc1P(C(C)(C)C)(C(C)(C)C)[Pd](Cl)Cl)c1ccccc1|Toluene,,Pd(BiPyPhos)(Cl)2,Toluene,100.0,18.0,22,n1(cc(nc1)I)C
RKB-03551938,hit_03,O(c1cc(cnc1N)B1OC(C(O1)(C)C)(C)C)CC1CCN(CC1)C(=O)OC(C)(C)C,screen_SCRN_57,SCRN_57,c_577ff4ada9,P([C@]12C[C@@H]3C[C@H](C2)C[C@@H](C1)C3)([C@]12C[C@@H]3C[C@@H](C2)C[C@@H](C1)C3)CCCC|Toluene,Pd(OAc)2,Pd(OAc)2/CataCXium A,Toluene,100.0,18.0,22,n1(cc(nc1)I)C
RKB-03551939,hit_03,O(c1cc(cnc1N)B1OC(C(O1)(C)C)(C)C)CC1CCN(CC1)C(=O)OC(C)(C)C,screen_SCRN_57,SCRN_57,c_ad8305297d,[Pd](Cl)Cl.P(c1c(cccc1)C)(c1c(cccc1)C)c1c(cccc1)C.P(c1c(cccc1)C)(c1c(cccc1)C)c1c(cccc1)C|THF,,Pd(P(o-Tol)3)2Cl2,THF,100.0,18.0,22,n1(cc(nc1)I)C
RKB-03551940,hit_03,O(c1cc(cnc1N)B1OC(C(O1)(C)C)(C)C)CC1CCN(CC1)C(=O)OC(C)(C)C,screen_SCRN_57,SCRN_57,c_4076342b87,[Pd].C(P(C(C)(C)C)C(C)(C)C)(C)(C)C.C(P(C(C)(C)C)C(C)(C)C)(C)(C)C|Toluene,,Pd(P(tBu)3)2,Toluene,100.0,18.0,22,n1(cc(nc1)I)C
RKB-03551941,hit_03,O(c1cc(cnc1N)B1OC(C(O1)(C)C)(C)C)CC1CCN(CC1)C(=O)OC(C)(C)C,screen_SCRN_57,SCRN_57,c_3ee2d5105a,P([C@]12C[C@@H]3C[C@H](C2)C[C@@H](C1)C3)([C@]12C[C@@H]3C[C@@H](C2)C[C@@H](C1)C3)CCCC|MeCN,Pd(OAc)2,Pd(OAc)2/CataCXium A,MeCN,100.0,18.0,22,n1(cc(nc1)I)C
RKB-03551942,hit_03,O(c1cc(cnc1N)B1OC(C(O1)(C)C)(C)C)CC1CCN(CC1)C(=O)OC(C)(C)C,screen_SCRN_57,SCRN_57,c_ba67a9e214,|Toluene,,3G OMs XanthPhos,Toluene,100.0,18.0,22,n1(cc(nc1)I)C
RKB-03551943,hit_03,O(c1cc(cnc1N)B1OC(C(O1)(C)C)(C)C)CC1CCN(CC1)C(=O)OC(C)(C)C,screen_SCRN_57,SCRN_57,c_14f5c30068,[Pd](Cl)Cl.P(C1CCCCC1)(C1CCCCC1)C1CCCCC1.P(C1CCCCC1)(C1CCCCC1)C1CCCCC1|MeCN,,Pd(P(Cy)3)2Cl2,MeCN,100.0,18.0,22,n1(cc(nc1)I)C
RKB-03551944,hit_03,O(c1cc(cnc1N)B1OC(C(O1)(C)C)(C)C)CC1CCN(CC1)C(=O)OC(C)(C)C,screen_SCRN_57,SCRN_57,c_40534c4f12,[Pd].P(c1ccccc1)(c1ccccc1)c1ccccc1.P(c1ccccc1)(c1ccccc1)c1ccccc1.P(c1ccccc1)(c1ccccc1)c1ccccc1.P(c1ccccc1)(c1ccccc1)c1ccccc1|Toluene,,Pd(P(Ph)3)4),Toluene,100.0,18.0,21,n1(cc(nc1)I)C
RKB-03551945,hit_03,O(c1cc(cnc1N)B1OC(C(O1)(C)C)(C)C)CC1CCN(CC1)C(=O)OC(C)(C)C,screen_SCRN_57,SCRN_57,c_a88c92ca46,C1(C(C(C(C1c1ccccc1)c1ccccc1)c1ccccc1)c1ccccc1)c1ccccc1.P(C(C)(C)C)(C(C)(C)C)C1CCCC1.C1(C(C(C(C1c1ccccc1)c1ccccc1)c1ccccc1)c1ccccc1)c1ccccc1.P(C(C)(C)C)(C(C)(C)C)C1CCCC1.[Fe].[Fe].[Pd]|Toluene,,Pd(Qhos)2,Toluene,100.0,18.0,21,n1(cc(nc1)I)C
RKB-03551946,hit_03,O(c1cc(cnc1N)B1OC(C(O1)(C)C)(C)C)CC1CCN(CC1)C(=O)OC(C)(C)C,screen_SCRN_57,SCRN_57,c_4957928872,|MeCN,,3G OMs XanthPhos,MeCN,100.0,18.0,21,n1(cc(nc1)I)C
RKB-03551947,hit_03,O(c1cc(cnc1N)B1OC(C(O1)(C)C)(C)C)CC1CCN(CC1)C(=O)OC(C)(C)C,screen_SCRN_57,SCRN_57,c_b6552437bf,n1c(c(c(n1c1ccccc1)c1ccccc1)n1nccc1P(C(C)(C)C)(C(C)(C)C)[Pd](Cl)Cl)c1ccccc1|MeCN,,Pd(BiPyPhos)(Cl)2,MeCN,100.0,18.0,21,n1(cc(nc1)I)C
RKB-03551948,hit_03,O(c1cc(cnc1N)B1OC(C(O1)(C)C)(C)C)CC1CCN(CC1)C(=O)OC(C)(C)C,screen_SCRN_57,SCRN_57,c_23c32c1777,[Pd](Cl)Cl.P(C1CCCCC1)(C1CCCCC1)C1CCCCC1.P(C1CCCCC1)(C1CCCCC1)C1CCCCC1|Toluene,,Pd(P(Cy)3)2Cl2,Toluene,100.0,18.0,20,n1(cc(nc1)I)C
RKB-03551949,hit_03,O(c1cc(cnc1N)B1OC(C(O1)(C)C)(C)C)CC1CCN(CC1)C(=O)OC(C)(C)C,screen_SCRN_57,SCRN_57,c_23c32c1777,[Pd](Cl)Cl.P(C1CCCCC1)(C1CCCCC1)C1CCCCC1.P(C1CCCCC1)(C1CCCCC1)C1CCCCC1|Toluene,,Pd(P(Cy)3)2Cl2,Toluene,100.0,18.0,20,n1(cc(nc1)I)C
RKB-03551950,hit_03,O(c1cc(cnc1N)B1OC(C(O1)(C)C)(C)C)CC1CCN(CC1)C(=O)OC(C)(C)C,screen_SCRN_57,SCRN_57,c_a88c92ca46,C1(C(C(C(C1c1ccccc1)c1ccccc1)c1ccccc1)c1ccccc1)c1ccccc1.P(C(C)(C)C)(C(C)(C)C)C1CCCC1.C1(C(C(C(C1c1ccccc1)c1ccccc1)c1ccccc1)c1ccccc1)c1ccccc1.P(C(C)(C)C)(C(C)(C)C)C1CCCC1.[Fe].[Fe].[Pd]|Toluene,,Pd(Qhos)2,Toluene,100.0,18.0,20,n1(cc(nc1)I)C
RKB-03551951,hit_03,O(c1cc(cnc1N)B1OC(C(O1)(C)C)(C)C)CC1CCN(CC1)C(=O)OC(C)(C)C,screen_SCRN_57,SCRN_57,c_a86e283b14,c1(c2c(P(C3CCCCC3)C3CCCCC3)cccc2)c(cc(cc1C(C)C)C(C)C)C(C)C|MeCN,Pd(OAc)2,Pd(OAc)2 / XPhos,MeCN,100.0,18.0,20,n1(cc(nc1)I)C
RKB-03551952,hit_03,O(c1cc(cnc1N)B1OC(C(O1)(C)C)(C)C)CC1CCN(CC1)C(=O)OC(C)(C)C,screen_SCRN_57,SCRN_57,c_5570c5f42c,n1c(c(c(n1c1ccccc1)c1ccccc1)n1nccc1P(C(C)(C)C)(C(C)(C)C)[Pd](Cl)Cl)c1ccccc1|Toluene,,Pd(BiPyPhos)(Cl)2,Toluene,100.0,18.0,20,n1(cc(nc1)I)C
RKB-03551953,hit_03,O(c1cc(cnc1N)B1OC(C(O1)(C)C)(C)C)CC1CCN(CC1)C(=O)OC(C)(C)C,screen_SCRN_57,SCRN_57,c_3ee2d5105a,P([C@]12C[C@@H]3C[C@H](C2)C[C@@H](C1)C3)([C@]12C[C@@H]3C[C@@H](C2)C[C@@H](C1)C3)CCCC|MeCN,Pd(OAc)2,Pd(OAc)2/CataCXium A,MeCN,100.0,18.0,19,n1(cc(nc1)I)C
RKB-03551954,hit_03,O(c1cc(cnc1N)B1OC(C(O1)(C)C)(C)C)CC1CCN(CC1)C(=O)OC(C)(C)C,screen_SCRN_57,SCRN_57,c_e03a6b9172,P([C@]12C[C@@H]3C[C@H](C2)C[C@@H](C1)C3)([C@]12C[C@@H]3C[C@@H](C2)C[C@@H](C1)C3)CCCC|THF,Pd(OAc)2,Pd(OAc)2/CataCXium A,THF,100.0,18.0,19,n1(cc(nc1)I)C
RKB-03551955,hit_03,O(c1cc(cnc1N)B1OC(C(O1)(C)C)(C)C)CC1CCN(CC1)C(=O)OC(C)(C)C,screen_SCRN_57,SCRN_57,c_26f340984c,n1c(c(c(n1c1ccccc1)c1ccccc1)n1nccc1P(C(C)(C)C)(C(C)(C)C)[Pd](Cl)Cl)c1ccccc1|THF,,Pd(BiPyPhos)(Cl)2,THF,100.0,18.0,19,n1(cc(nc1)I)C
RKB-03551956,hit_03,O(c1cc(cnc1N)B1OC(C(O1)(C)C)(C)C)CC1CCN(CC1)C(=O)OC(C)(C)C,screen_SCRN_57,SCRN_57,c_aabcb49fef,|THF,,3G OMs XanthPhos,THF,100.0,18.0,19,n1(cc(nc1)I)C
RKB-03551957,hit_03,O(c1cc(cnc1N)B1OC(C(O1)(C)C)(C)C)CC1CCN(CC1)C(=O)OC(C)(C)C,screen_SCRN_57,SCRN_57,c_5570c5f42c,n1c(c(c(n1c1ccccc1)c1ccccc1)n1nccc1P(C(C)(C)C)(C(C)(C)C)[Pd](Cl)Cl)c1ccccc1|Toluene,,Pd(BiPyPhos)(Cl)2,Toluene,100.0,18.0,18,n1(cc(nc1)I)C
RKB-03551958,hit_03,O(c1cc(cnc1N)B1OC(C(O1)(C)C)(C)C)CC1CCN(CC1)C(=O)OC(C)(C)C,screen_SCRN_57,SCRN_57,c_ba67a9e214,|Toluene,,3G OMs XanthPhos,Toluene,100.0,18.0,18,n1(cc(nc1)I)C
RKB-03551959,hit_03,O(c1cc(cnc1N)B1OC(C(O1)(C)C)(C)C)CC1CCN(CC1)C(=O)OC(C)(C)C,screen_SCRN_57,SCRN_57,c_a86e283b14,c1(c2c(P(C3CCCCC3)C3CCCCC3)cccc2)c(cc(cc1C(C)C)C(C)C)C(C)C|MeCN,Pd(OAc)2,Pd(OAc)2 / XPhos,MeCN,100.0,18.0,16,n1(cc(nc1)I)C
RKB-03551960,hit_03,O(c1cc(cnc1N)B1OC(C(O1)(C)C)(C)C)CC1CCN(CC1)C(=O)OC(C)(C)C,screen_SCRN_57,SCRN_57,c_c3b27856cb,[Pd](Cl)Cl.P(c1c(cccc1)C)(c1c(cccc1)C)c1c(cccc1)C.P(c1c(cccc1)C)(c1c(cccc1)C)c1c(cccc1)C|MeCN,,Pd(P(o-Tol)3)2Cl2,MeCN,100.0,18.0,15,n1(cc(nc1)I)C
RKB-03551961,hit_03,O(c1cc(cnc1N)B1OC(C(O1)(C)C)(C)C)CC1CCN(CC1)C(=O)OC(C)(C)C,screen_SCRN_57,SCRN_57,c_4fdc95dfd7,[Pd](Cl)Cl.P(C(C)(C)C)(C(C)(C)C)c1ccc(N(C)C)cc1.P(C(C)(C)C)(C(C)(C)C)c1ccc(N(C)C)cc1|THF,,Pd-132,THF,100.0,18.0,15,n1(cc(nc1)I)C
RKB-03551962,hit_03,O(c1cc(cnc1N)B1OC(C(O1)(C)C)(C)C)CC1CCN(CC1)C(=O)OC(C)(C)C,screen_SCRN_57,SCRN_57,c_40534c4f12,[Pd].P(c1ccccc1)(c1ccccc1)c1ccccc1.P(c1ccccc1)(c1ccccc1)c1ccccc1.P(c1ccccc1)(c1ccccc1)c1ccccc1.P(c1ccccc1)(c1ccccc1)c1ccccc1|Toluene,,Pd(P(Ph)3)4),Toluene,100.0,18.0,15,n1(cc(nc1)I)C
RKB-03551963,hit_03,O(c1cc(cnc1N)B1OC(C(O1)(C)C)(C)C)CC1CCN(CC1)C(=O)OC(C)(C)C,screen_SCRN_57,SCRN_57,c_c3b27856cb,[Pd](Cl)Cl.P(c1c(cccc1)C)(c1c(cccc1)C)c1c(cccc1)C.P(c1c(cccc1)C)(c1c(cccc1)C)c1c(cccc1)C|MeCN,,Pd(P(o-Tol)3)2Cl2,MeCN,100.0,18.0,14,n1(cc(nc1)I)C
RKB-03551964,hit_03,O(c1cc(cnc1N)B1OC(C(O1)(C)C)(C)C)CC1CCN(CC1)C(=O)OC(C)(C)C,screen_SCRN_57,SCRN_57,c_5e8279fbea,[Pd](Cl)Cl.P(C(C)(C)C)(C(C)(C)C)c1ccc(N(C)C)cc1.P(C(C)(C)C)(C(C)(C)C)c1ccc(N(C)C)cc1|Toluene,,Pd-132,Toluene,100.0,18.0,13,n1(cc(nc1)I)C
RKB-03551965,hit_03,O(c1cc(cnc1N)B1OC(C(O1)(C)C)(C)C)CC1CCN(CC1)C(=O)OC(C)(C)C,screen_SCRN_57,SCRN_57,c_4fdc95dfd7,[Pd](Cl)Cl.P(C(C)(C)C)(C(C)(C)C)c1ccc(N(C)C)cc1.P(C(C)(C)C)(C(C)(C)C)c1ccc(N(C)C)cc1|THF,,Pd-132,THF,100.0,18.0,11,n1(cc(nc1)I)C
RKB-03551966,hit_03,O(c1cc(cnc1N)B1OC(C(O1)(C)C)(C)C)CC1CCN(CC1)C(=O)OC(C)(C)C,screen_SCRN_57,SCRN_57,c_3196604cd9,[Pd](Cl)Cl.P(C(C)(C)C)(C(C)(C)C)c1ccc(N(C)C)cc1.P(C(C)(C)C)(C(C)(C)C)c1ccc(N(C)C)cc1|MeCN,,Pd-132,MeCN,100.0,18.0,10,n1(cc(nc1)I)C
RKB-03551967,hit_03,O(c1cc(cnc1N)B1OC(C(O1)(C)C)(C)C)CC1CCN(CC1)C(=O)OC(C)(C)C,screen_SCRN_57,SCRN_57,c_ad8305297d,[Pd](Cl)Cl.P(c1c(cccc1)C)(c1c(cccc1)C)c1c(cccc1)C.P(c1c(cccc1)C)(c1c(cccc1)C)c1c(cccc1)C|THF,,Pd(P(o-Tol)3)2Cl2,THF,100.0,18.0,0,n1(cc(nc1)I)C
RKB-03551968,hit_03,O(c1cc(cnc1N)B1OC(C(O1)(C)C)(C)C)CC1CCN(CC1)C(=O)OC(C)(C)C,screen_SCRN_57,SCRN_57,c_aabcb49fef,|THF,,3G OMs XanthPhos,THF,100.0,18.0,0,n1(cc(nc1)I)C
RKB-03551969,hit_03,O(c1cc(cnc1N)B1OC(C(O1)(C)C)(C)C)CC1CCN(CC1)C(=O)OC(C)(C)C,screen_SCRN_57,SCRN_57,c_3f90fc71ff,[Pd](Cl)Cl.P(C(C)(C)C)(C(C)(C)C)c1ccc(N(C)C)cc1.P(C(C)(C)C)(C(C)(C)C)c1ccc(N(C)C)cc1|MeOH,,Pd-132,MeOH,100.0,18.0,0,n1(cc(nc1)I)C
RKB-03551970,hit_03,O(c1cc(cnc1N)B1OC(C(O1)(C)C)(C)C)CC1CCN(CC1)C(=O)OC(C)(C)C,screen_SCRN_57,SCRN_57,c_e34fd39dff,|MeOH,,3G OMs XanthPhos,MeOH,100.0,18.0,97,n1(cc(nc1)I)C
RKB-03551971,hit_03,O(c1cc(cnc1N)B1OC(C(O1)(C)C)(C)C)CC1CCN(CC1)C(=O)OC(C)(C)C,screen_SCRN_57,SCRN_57,c_3f90fc71ff,[Pd](Cl)Cl.P(C(C)(C)C)(C(C)(C)C)c1ccc(N(C)C)cc1.P(C(C)(C)C)(C(C)(C)C)c1ccc(N(C)C)cc1|MeOH,,Pd-132,MeOH,100.0,18.0,90,n1(cc(nc1)I)C
RKB-03551972,hit_03,O(c1cc(cnc1N)B1OC(C(O1)(C)C)(C)C)CC1CCN(CC1)C(=O)OC(C)(C)C,screen_SCRN_57,SCRN_57,c_3f90fc71ff,[Pd](Cl)Cl.P(C(C)(C)C)(C(C)(C)C)c1ccc(N(C)C)cc1.P(C(C)(C)C)(C(C)(C)C)c1ccc(N(C)C)cc1|MeOH,,Pd-132,MeOH,100.0,18.0,90,n1(cc(nc1)I)C
RKB-03551973,hit_03,O(c1cc(cnc1N)B1OC(C(O1)(C)C)(C)C)CC1CCN(CC1)C(=O)OC(C)(C)C,screen_SCRN_57,SCRN_57,c_b4e663cbcf,P([C@]12C[C@@H]3C[C@H](C2)C[C@@H](C1)C3)([C@]12C[C@@H]3C[C@@H](C2)C[C@@H](C1)C3)CCCC|MeOH,Pd(OAc)2,Pd(OAc)2/CataCXium A,MeOH,100.0,18.0,88,n1(cc(nc1)I)C
RKB-03551974,hit_03,O(c1cc(cnc1N)B1OC(C(O1)(C)C)(C)C)CC1CCN(CC1)C(=O)OC(C)(C)C,screen_SCRN_57,SCRN_57,c_c4be4d3b3e,c1(c2c(P(C3CCCCC3)C3CCCCC3)cccc2)c(cc(cc1C(C)C)C(C)C)C(C)C|MeOH,Pd(OAc)2,Pd(OAc)2 / XPhos,MeOH,100.0,18.0,88,n1(cc(nc1)I)C
RKB-03551975,hit_03,O(c1cc(cnc1N)B1OC(C(O1)(C)C)(C)C)CC1CCN(CC1)C(=O)OC(C)(C)C,screen_SCRN_57,SCRN_57,c_b4e663cbcf,P([C@]12C[C@@H]3C[C@H](C2)C[C@@H](C1)C3)([C@]12C[C@@H]3C[C@@H](C2)C[C@@H](C1)C3)CCCC|MeOH,Pd(OAc)2,Pd(OAc)2/CataCXium A,MeOH,100.0,18.0,87,n1(cc(nc1)I)C
RKB-03551976,hit_03,O(c1cc(cnc1N)B1OC(C(O1)(C)C)(C)C)CC1CCN(CC1)C(=O)OC(C)(C)C,screen_SCRN_57,SCRN_57,c_24a01a5b7d,[Pd](Cl)Cl.P(C1CCCCC1)(C1CCCCC1)C1CCCCC1.P(C1CCCCC1)(C1CCCCC1)C1CCCCC1|MeOH,,Pd(P(Cy)3)2Cl2,MeOH,100.0,18.0,86,n1(cc(nc1)I)C
RKB-03551977,hit_03,O(c1cc(cnc1N)B1OC(C(O1)(C)C)(C)C)CC1CCN(CC1)C(=O)OC(C)(C)C,screen_SCRN_57,SCRN_57,c_30116215bd,[Pd].C(P(C(C)(C)C)C(C)(C)C)(C)(C)C.C(P(C(C)(C)C)C(C)(C)C)(C)(C)C|MeOH,,Pd(P(tBu)3)2,MeOH,100.0,18.0,86,n1(cc(nc1)I)C
RKB-03551978,hit_03,O(c1cc(cnc1N)B1OC(C(O1)(C)C)(C)C)CC1CCN(CC1)C(=O)OC(C)(C)C,screen_SCRN_57,SCRN_57,c_dd752d0e98,n1c(c(c(n1c1ccccc1)c1ccccc1)n1nccc1P(C(C)(C)C)(C(C)(C)C)[Pd](Cl)Cl)c1ccccc1|MeOH,,Pd(BiPyPhos)(Cl)2,MeOH,100.0,18.0,85,n1(cc(nc1)I)C
RKB-03551979,hit_03,O(c1cc(cnc1N)B1OC(C(O1)(C)C)(C)C)CC1CCN(CC1)C(=O)OC(C)(C)C,screen_SCRN_57,SCRN_57,c_e8d46c9e9a,[Pd].P(c1ccccc1)(c1ccccc1)c1ccccc1.P(c1ccccc1)(c1ccccc1)c1ccccc1.P(c1ccccc1)(c1ccccc1)c1ccccc1.P(c1ccccc1)(c1ccccc1)c1ccccc1|MeOH,,Pd(P(Ph)3)4),MeOH,100.0,18.0,85,n1(cc(nc1)I)C
RKB-03551980,hit_03,O(c1cc(cnc1N)B1OC(C(O1)(C)C)(C)C)CC1CCN(CC1)C(=O)OC(C)(C)C,screen_SCRN_57,SCRN_57,c_24a01a5b7d,[Pd](Cl)Cl.P(C1CCCCC1)(C1CCCCC1)C1CCCCC1.P(C1CCCCC1)(C1CCCCC1)C1CCCCC1|MeOH,,Pd(P(Cy)3)2Cl2,MeOH,100.0,18.0,84,n1(cc(nc1)I)C
RKB-03551981,hit_03,O(c1cc(cnc1N)B1OC(C(O1)(C)C)(C)C)CC1CCN(CC1)C(=O)OC(C)(C)C,screen_SCRN_57,SCRN_57,c_30116215bd,[Pd].C(P(C(C)(C)C)C(C)(C)C)(C)(C)C.C(P(C(C)(C)C)C(C)(C)C)(C)(C)C|MeOH,,Pd(P(tBu)3)2,MeOH,100.0,18.0,84,n1(cc(nc1)I)C
RKB-03551982,hit_03,O(c1cc(cnc1N)B1OC(C(O1)(C)C)(C)C)CC1CCN(CC1)C(=O)OC(C)(C)C,screen_SCRN_57,SCRN_57,c_1d9e641278,[Pd](Cl)Cl.P(c1c(cccc1)C)(c1c(cccc1)C)c1c(cccc1)C.P(c1c(cccc1)C)(c1c(cccc1)C)c1c(cccc1)C|MeOH,,Pd(P(o-Tol)3)2Cl2,MeOH,100.0,18.0,84,n1(cc(nc1)I)C
RKB-03551983,hit_03,O(c1cc(cnc1N)B1OC(C(O1)(C)C)(C)C)CC1CCN(CC1)C(=O)OC(C)(C)C,screen_SCRN_57,SCRN_57,c_e7bd21231d,P(C1CCCC1)(c1ccccc1)c1ccccc1.P(C1CCCC1)(c1ccccc1)c1ccccc1.C(Cl)Cl.[Pd](Cl)Cl.[Fe]|MeOH,,Pd(dppf)Cl2,MeOH,100.0,18.0,83,n1(cc(nc1)I)C
RKB-03551984,hit_03,O(c1cc(cnc1N)B1OC(C(O1)(C)C)(C)C)CC1CCN(CC1)C(=O)OC(C)(C)C,screen_SCRN_57,SCRN_57,c_e7bd21231d,P(C1CCCC1)(c1ccccc1)c1ccccc1.P(C1CCCC1)(c1ccccc1)c1ccccc1.C(Cl)Cl.[Pd](Cl)Cl.[Fe]|MeOH,,Pd(dppf)Cl2,MeOH,100.0,18.0,83,n1(cc(nc1)I)C
RKB-03551985,hit_03,O(c1cc(cnc1N)B1OC(C(O1)(C)C)(C)C)CC1CCN(CC1)C(=O)OC(C)(C)C,screen_SCRN_57,SCRN_57,c_1d9e641278,[Pd](Cl)Cl.P(c1c(cccc1)C)(c1c(cccc1)C)c1c(cccc1)C.P(c1c(cccc1)C)(c1c(cccc1)C)c1c(cccc1)C|MeOH,,Pd(P(o-Tol)3)2Cl2,MeOH,100.0,18.0,83,n1(cc(nc1)I)C
RKB-03551986,hit_03,O(c1cc(cnc1N)B1OC(C(O1)(C)C)(C)C)CC1CCN(CC1)C(=O)OC(C)(C)C,screen_SCRN_57,SCRN_57,c_87d08dc489,P(C1CCCC1)(C(C)(C)C)C(C)(C)C.P(C1CCCC1)(C(C)(C)C)C(C)(C)C.[Pd](Cl)Cl.[Fe]|MeOH,,Pd(dtbpf)Cl2,MeOH,100.0,18.0,83,n1(cc(nc1)I)C
RKB-03551987,hit_03,O(c1cc(cnc1N)B1OC(C(O1)(C)C)(C)C)CC1CCN(CC1)C(=O)OC(C)(C)C,screen_SCRN_57,SCRN_57,c_c4be4d3b3e,c1(c2c(P(C3CCCCC3)C3CCCCC3)cccc2)c(cc(cc1C(C)C)C(C)C)C(C)C|MeOH,Pd(OAc)2,Pd(OAc)2 / XPhos,MeOH,100.0,18.0,82,n1(cc(nc1)I)C
RKB-03551988,hit_03,O(c1cc(cnc1N)B1OC(C(O1)(C)C)(C)C)CC1CCN(CC1)C(=O)OC(C)(C)C,screen_SCRN_57,SCRN_57,c_7dc2ed3bef,C1(C(C(C(C1c1ccccc1)c1ccccc1)c1ccccc1)c1ccccc1)c1ccccc1.P(C(C)(C)C)(C(C)(C)C)C1CCCC1.C1(C(C(C(C1c1ccccc1)c1ccccc1)c1ccccc1)c1ccccc1)c1ccccc1.P(C(C)(C)C)(C(C)(C)C)C1CCCC1.[Fe].[Fe].[Pd]|MeOH,,Pd(Qhos)2,MeOH,100.0,18.0,82,n1(cc(nc1)I)C
RKB-03551989,hit_03,O(c1cc(cnc1N)B1OC(C(O1)(C)C)(C)C)CC1CCN(CC1)C(=O)OC(C)(C)C,screen_SCRN_57,SCRN_57,c_dd752d0e98,n1c(c(c(n1c1ccccc1)c1ccccc1)n1nccc1P(C(C)(C)C)(C(C)(C)C)[Pd](Cl)Cl)c1ccccc1|MeOH,,Pd(BiPyPhos)(Cl)2,MeOH,100.0,18.0,82,n1(cc(nc1)I)C
RKB-03551990,hit_03,O(c1cc(cnc1N)B1OC(C(O1)(C)C)(C)C)CC1CCN(CC1)C(=O)OC(C)(C)C,screen_SCRN_57,SCRN_57,c_e34fd39dff,|MeOH,,3G OMs XanthPhos,MeOH,100.0,18.0,82,n1(cc(nc1)I)C
RKB-03551991,hit_03,O(c1cc(cnc1N)B1OC(C(O1)(C)C)(C)C)CC1CCN(CC1)C(=O)OC(C)(C)C,screen_SCRN_57,SCRN_57,c_e8d46c9e9a,[Pd].P(c1ccccc1)(c1ccccc1)c1ccccc1.P(c1ccccc1)(c1ccccc1)c1ccccc1.P(c1ccccc1)(c1ccccc1)c1ccccc1.P(c1ccccc1)(c1ccccc1)c1ccccc1|MeOH,,Pd(P(Ph)3)4),MeOH,100.0,18.0,81,n1(cc(nc1)I)C
RKB-03551992,hit_03,O(c1cc(cnc1N)B1OC(C(O1)(C)C)(C)C)CC1CCN(CC1)C(=O)OC(C)(C)C,screen_SCRN_57,SCRN_57,c_87d08dc489,P(C1CCCC1)(C(C)(C)C)C(C)(C)C.P(C1CCCC1)(C(C)(C)C)C(C)(C)C.[Pd](Cl)Cl.[Fe]|MeOH,,Pd(dtbpf)Cl2,MeOH,100.0,18.0,79,n1(cc(nc1)I)C
RKB-03551993,hit_03,O(c1cc(cnc1N)B1OC(C(O1)(C)C)(C)C)CC1CCN(CC1)C(=O)OC(C)(C)C,screen_SCRN_57,SCRN_57,c_e7bd21231d,P(C1CCCC1)(c1ccccc1)c1ccccc1.P(C1CCCC1)(c1ccccc1)c1ccccc1.C(Cl)Cl.[Pd](Cl)Cl.[Fe]|MeOH,,Pd(dppf)Cl2,MeOH,100.0,18.0,74,n1(cc(nc1)I)C
RKB-03551994,hit_03,O(c1cc(cnc1N)B1OC(C(O1)(C)C)(C)C)CC1CCN(CC1)C(=O)OC(C)(C)C,screen_SCRN_57,SCRN_57,c_30116215bd,[Pd].C(P(C(C)(C)C)C(C)(C)C)(C)(C)C.C(P(C(C)(C)C)C(C)(C)C)(C)(C)C|MeOH,,Pd(P(tBu)3)2,MeOH,100.0,18.0,74,n1(cc(nc1)I)C
RKB-03551995,hit_03,O(c1cc(cnc1N)B1OC(C(O1)(C)C)(C)C)CC1CCN(CC1)C(=O)OC(C)(C)C,screen_SCRN_57,SCRN_57,c_86f3e84f01,[Pd].P(c1ccccc1)(c1ccccc1)c1ccccc1.P(c1ccccc1)(c1ccccc1)c1ccccc1.P(c1ccccc1)(c1ccccc1)c1ccccc1.P(c1ccccc1)(c1ccccc1)c1ccccc1|THF,,Pd(P(Ph)3)4),THF,100.0,18.0,73,n1(cc(nc1)I)C
RKB-03551996,hit_03,O(c1cc(cnc1N)B1OC(C(O1)(C)C)(C)C)CC1CCN(CC1)C(=O)OC(C)(C)C,screen_SCRN_57,SCRN_57,c_32f061b282,P(C1CCCC1)(C(C)(C)C)C(C)(C)C.P(C1CCCC1)(C(C)(C)C)C(C)(C)C.[Pd](Cl)Cl.[Fe]|Toluene,,Pd(dtbpf)Cl2,Toluene,100.0,18.0,73,n1(cc(nc1)I)C
RKB-03551997,hit_03,O(c1cc(cnc1N)B1OC(C(O1)(C)C)(C)C)CC1CCN(CC1)C(=O)OC(C)(C)C,screen_SCRN_57,SCRN_57,c_e7bd21231d,P(C1CCCC1)(c1ccccc1)c1ccccc1.P(C1CCCC1)(c1ccccc1)c1ccccc1.C(Cl)Cl.[Pd](Cl)Cl.[Fe]|MeOH,,Pd(dppf)Cl2,MeOH,100.0,18.0,73,n1(cc(nc1)I)C
RKB-03551998,hit_03,O(c1cc(cnc1N)B1OC(C(O1)(C)C)(C)C)CC1CCN(CC1)C(=O)OC(C)(C)C,screen_SCRN_57,SCRN_57,c_40534c4f12,[Pd].P(c1ccccc1)(c1ccccc1)c1ccccc1.P(c1ccccc1)(c1ccccc1)c1ccccc1.P(c1ccccc1)(c1ccccc1)c1ccccc1.P(c1ccccc1)(c1ccccc1)c1ccccc1|Toluene,,Pd(P(Ph)3)4),Toluene,100.0,18.0,73,n1(cc(nc1)I)C
RKB-03551999,hit_03,O(c1cc(cnc1N)B1OC(C(O1)(C)C)(C)C)CC1CCN(CC1)C(=O)OC(C)(C)C,screen_SCRN_57,SCRN_57,c_24a01a5b7d,[Pd](Cl)Cl.P(C1CCCCC1)(C1CCCCC1)C1CCCCC1.P(C1CCCCC1)(C1CCCCC1)C1CCCCC1|MeOH,,Pd(P(Cy)3)2Cl2,MeOH,100.0,18.0,72,n1(cc(nc1)I)C
RKB-03552000,hit_03,O(c1cc(cnc1N)B1OC(C(O1)(C)C)(C)C)CC1CCN(CC1)C(=O)OC(C)(C)C,screen_SCRN_57,SCRN_57,c_4076342b87,[Pd].C(P(C(C)(C)C)C(C)(C)C)(C)(C)C.C(P(C(C)(C)C)C(C)(C)C)(C)(C)C|Toluene,,Pd(P(tBu)3)2,Toluene,100.0,18.0,72,n1(cc(nc1)I)C
RKB-03552001,hit_03,O(c1cc(cnc1N)B1OC(C(O1)(C)C)(C)C)CC1CCN(CC1)C(=O)OC(C)(C)C,screen_SCRN_57,SCRN_57,c_24a01a5b7d,[Pd](Cl)Cl.P(C1CCCCC1)(C1CCCCC1)C1CCCCC1.P(C1CCCCC1)(C1CCCCC1)C1CCCCC1|MeOH,,Pd(P(Cy)3)2Cl2,MeOH,100.0,18.0,72,n1(cc(nc1)I)C
RKB-03552002,hit_03,O(c1cc(cnc1N)B1OC(C(O1)(C)C)(C)C)CC1CCN(CC1)C(=O)OC(C)(C)C,screen_SCRN_57,SCRN_57,c_30116215bd,[Pd].C(P(C(C)(C)C)C(C)(C)C)(C)(C)C.C(P(C(C)(C)C)C(C)(C)C)(C)(C)C|MeOH,,Pd(P(tBu)3)2,MeOH,100.0,18.0,72,n1(cc(nc1)I)C
RKB-03552003,hit_03,O(c1cc(cnc1N)B1OC(C(O1)(C)C)(C)C)CC1CCN(CC1)C(=O)OC(C)(C)C,screen_SCRN_57,SCRN_57,c_4fdc95dfd7,[Pd](Cl)Cl.P(C(C)(C)C)(C(C)(C)C)c1ccc(N(C)C)cc1.P(C(C)(C)C)(C(C)(C)C)c1ccc(N(C)C)cc1|THF,,Pd-132,THF,100.0,18.0,72,n1(cc(nc1)I)C
RKB-03552004,hit_03,O(c1cc(cnc1N)B1OC(C(O1)(C)C)(C)C)CC1CCN(CC1)C(=O)OC(C)(C)C,screen_SCRN_57,SCRN_57,c_87d08dc489,P(C1CCCC1)(C(C)(C)C)C(C)(C)C.P(C1CCCC1)(C(C)(C)C)C(C)(C)C.[Pd](Cl)Cl.[Fe]|MeOH,,Pd(dtbpf)Cl2,MeOH,100.0,18.0,72,n1(cc(nc1)I)C
RKB-03552005,hit_03,O(c1cc(cnc1N)B1OC(C(O1)(C)C)(C)C)CC1CCN(CC1)C(=O)OC(C)(C)C,screen_SCRN_57,SCRN_57,c_b4e663cbcf,P([C@]12C[C@@H]3C[C@H](C2)C[C@@H](C1)C3)([C@]12C[C@@H]3C[C@@H](C2)C[C@@H](C1)C3)CCCC|MeOH,Pd(OAc)2,Pd(OAc)2/CataCXium A,MeOH,100.0,18.0,71,n1(cc(nc1)I)C
RKB-03552006,hit_03,O(c1cc(cnc1N)B1OC(C(O1)(C)C)(C)C)CC1CCN(CC1)C(=O)OC(C)(C)C,screen_SCRN_57,SCRN_57,c_1f622dc39d,[Pd].C(P(C(C)(C)C)C(C)(C)C)(C)(C)C.C(P(C(C)(C)C)C(C)(C)C)(C)(C)C|THF,,Pd(P(tBu)3)2,THF,100.0,18.0,70,n1(cc(nc1)I)C
RKB-03552007,hit_03,O(c1cc(cnc1N)B1OC(C(O1)(C)C)(C)C)CC1CCN(CC1)C(=O)OC(C)(C)C,screen_SCRN_57,SCRN_57,c_23c32c1777,[Pd](Cl)Cl.P(C1CCCCC1)(C1CCCCC1)C1CCCCC1.P(C1CCCCC1)(C1CCCCC1)C1CCCCC1|Toluene,,Pd(P(Cy)3)2Cl2,Toluene,100.0,18.0,69,n1(cc(nc1)I)C
RKB-03552008,hit_03,O(c1cc(cnc1N)B1OC(C(O1)(C)C)(C)C)CC1CCN(CC1)C(=O)OC(C)(C)C,screen_SCRN_57,SCRN_57,c_7dc2ed3bef,C1(C(C(C(C1c1ccccc1)c1ccccc1)c1ccccc1)c1ccccc1)c1ccccc1.P(C(C)(C)C)(C(C)(C)C)C1CCCC1.C1(C(C(C(C1c1ccccc1)c1ccccc1)c1ccccc1)c1ccccc1)c1ccccc1.P(C(C)(C)C)(C(C)(C)C)C1CCCC1.[Fe].[Fe].[Pd]|MeOH,,Pd(Qhos)2,MeOH,100.0,18.0,69,n1(cc(nc1)I)C
RKB-03552009,hit_03,O(c1cc(cnc1N)B1OC(C(O1)(C)C)(C)C)CC1CCN(CC1)C(=O)OC(C)(C)C,screen_SCRN_57,SCRN_57,c_e8d46c9e9a,[Pd].P(c1ccccc1)(c1ccccc1)c1ccccc1.P(c1ccccc1)(c1ccccc1)c1ccccc1.P(c1ccccc1)(c1ccccc1)c1ccccc1.P(c1ccccc1)(c1ccccc1)c1ccccc1|MeOH,,Pd(P(Ph)3)4),MeOH,100.0,18.0,69,n1(cc(nc1)I)C
RKB-03552010,hit_03,O(c1cc(cnc1N)B1OC(C(O1)(C)C)(C)C)CC1CCN(CC1)C(=O)OC(C)(C)C,screen_SCRN_57,SCRN_57,c_87d08dc489,P(C1CCCC1)(C(C)(C)C)C(C)(C)C.P(C1CCCC1)(C(C)(C)C)C(C)(C)C.[Pd](Cl)Cl.[Fe]|MeOH,,Pd(dtbpf)Cl2,MeOH,100.0,18.0,68,n1(cc(nc1)I)C
RKB-03552011,hit_03,O(c1cc(cnc1N)B1OC(C(O1)(C)C)(C)C)CC1CCN(CC1)C(=O)OC(C)(C)C,screen_SCRN_57,SCRN_57,c_9e3adb389c,P(C1CCCC1)(c1ccccc1)c1ccccc1.P(C1CCCC1)(c1ccccc1)c1ccccc1.C(Cl)Cl.[Pd](Cl)Cl.[Fe]|Toluene,,Pd(dppf)Cl2,Toluene,100.0,18.0,68,n1(cc(nc1)I)C
RKB-03552012,hit_03,O(c1cc(cnc1N)B1OC(C(O1)(C)C)(C)C)CC1CCN(CC1)C(=O)OC(C)(C)C,screen_SCRN_57,SCRN_57,c_96da66f8fe,P(C1CCCC1)(c1ccccc1)c1ccccc1.P(C1CCCC1)(c1ccccc1)c1ccccc1.C(Cl)Cl.[Pd](Cl)Cl.[Fe]|THF,,Pd(dppf)Cl2,THF,100.0,18.0,68,n1(cc(nc1)I)C
RKB-03552013,hit_03,O(c1cc(cnc1N)B1OC(C(O1)(C)C)(C)C)CC1CCN(CC1)C(=O)OC(C)(C)C,screen_SCRN_57,SCRN_57,c_04d73ea970,P(C1CCCC1)(C(C)(C)C)C(C)(C)C.P(C1CCCC1)(C(C)(C)C)C(C)(C)C.[Pd](Cl)Cl.[Fe]|THF,,Pd(dtbpf)Cl2,THF,100.0,18.0,68,n1(cc(nc1)I)C
RKB-03552014,hit_03,O(c1cc(cnc1N)B1OC(C(O1)(C)C)(C)C)CC1CCN(CC1)C(=O)OC(C)(C)C,screen_SCRN_57,SCRN_57,c_adf3bba061,P(C1CCCC1)(C(C)(C)C)C(C)(C)C.P(C1CCCC1)(C(C)(C)C)C(C)(C)C.[Pd](Cl)Cl.[Fe]|MeCN,,Pd(dtbpf)Cl2,MeCN,100.0,18.0,67,n1(cc(nc1)I)C
RKB-03552015,hit_03,O(c1cc(cnc1N)B1OC(C(O1)(C)C)(C)C)CC1CCN(CC1)C(=O)OC(C)(C)C,screen_SCRN_57,SCRN_57,c_aabcb49fef,|THF,,3G OMs XanthPhos,THF,100.0,18.0,67,n1(cc(nc1)I)C
RKB-03552016,hit_03,O(c1cc(cnc1N)B1OC(C(O1)(C)C)(C)C)CC1CCN(CC1)C(=O)OC(C)(C)C,screen_SCRN_57,SCRN_57,c_3c160df052,c1(c2c(P(C3CCCCC3)C3CCCCC3)cccc2)c(cc(cc1C(C)C)C(C)C)C(C)C|Toluene,Pd(OAc)2,Pd(OAc)2 / XPhos,Toluene,100.0,18.0,67,n1(cc(nc1)I)C
RKB-03552017,hit_03,O(c1cc(cnc1N)B1OC(C(O1)(C)C)(C)C)CC1CCN(CC1)C(=O)OC(C)(C)C,screen_SCRN_57,SCRN_57,c_87611e347b,C1(C(C(C(C1c1ccccc1)c1ccccc1)c1ccccc1)c1ccccc1)c1ccccc1.P(C(C)(C)C)(C(C)(C)C)C1CCCC1.C1(C(C(C(C1c1ccccc1)c1ccccc1)c1ccccc1)c1ccccc1)c1ccccc1.P(C(C)(C)C)(C(C)(C)C)C1CCCC1.[Fe].[Fe].[Pd]|THF,,Pd(Qhos)2,THF,100.0,18.0,66,n1(cc(nc1)I)C
RKB-03552018,hit_03,O(c1cc(cnc1N)B1OC(C(O1)(C)C)(C)C)CC1CCN(CC1)C(=O)OC(C)(C)C,screen_SCRN_57,SCRN_57,c_7dc2ed3bef,C1(C(C(C(C1c1ccccc1)c1ccccc1)c1ccccc1)c1ccccc1)c1ccccc1.P(C(C)(C)C)(C(C)(C)C)C1CCCC1.C1(C(C(C(C1c1ccccc1)c1ccccc1)c1ccccc1)c1ccccc1)c1ccccc1.P(C(C)(C)C)(C(C)(C)C)C1CCCC1.[Fe].[Fe].[Pd]|MeOH,,Pd(Qhos)2,MeOH,100.0,18.0,66,n1(cc(nc1)I)C
RKB-03552019,hit_03,O(c1cc(cnc1N)B1OC(C(O1)(C)C)(C)C)CC1CCN(CC1)C(=O)OC(C)(C)C,screen_SCRN_57,SCRN_57,c_1d9e641278,[Pd](Cl)Cl.P(c1c(cccc1)C)(c1c(cccc1)C)c1c(cccc1)C.P(c1c(cccc1)C)(c1c(cccc1)C)c1c(cccc1)C|MeOH,,Pd(P(o-Tol)3)2Cl2,MeOH,100.0,18.0,65,n1(cc(nc1)I)C
RKB-03552020,hit_03,O(c1cc(cnc1N)B1OC(C(O1)(C)C)(C)C)CC1CCN(CC1)C(=O)OC(C)(C)C,screen_SCRN_57,SCRN_57,c_dd752d0e98,n1c(c(c(n1c1ccccc1)c1ccccc1)n1nccc1P(C(C)(C)C)(C(C)(C)C)[Pd](Cl)Cl)c1ccccc1|MeOH,,Pd(BiPyPhos)(Cl)2,MeOH,100.0,18.0,65,n1(cc(nc1)I)C
RKB-03552021,hit_03,O(c1cc(cnc1N)B1OC(C(O1)(C)C)(C)C)CC1CCN(CC1)C(=O)OC(C)(C)C,screen_SCRN_57,SCRN_57,c_b4e663cbcf,P([C@]12C[C@@H]3C[C@H](C2)C[C@@H](C1)C3)([C@]12C[C@@H]3C[C@@H](C2)C[C@@H](C1)C3)CCCC|MeOH,Pd(OAc)2,Pd(OAc)2/CataCXium A,MeOH,100.0,18.0,64,n1(cc(nc1)I)C
RKB-03552022,hit_03,O(c1cc(cnc1N)B1OC(C(O1)(C)C)(C)C)CC1CCN(CC1)C(=O)OC(C)(C)C,screen_SCRN_57,SCRN_57,c_e564d7612a,[Pd].P(c1ccccc1)(c1ccccc1)c1ccccc1.P(c1ccccc1)(c1ccccc1)c1ccccc1.P(c1ccccc1)(c1ccccc1)c1ccccc1.P(c1ccccc1)(c1ccccc1)c1ccccc1|MeCN,,Pd(P(Ph)3)4),MeCN,100.0,18.0,63,n1(cc(nc1)I)C
RKB-03552023,hit_03,O(c1cc(cnc1N)B1OC(C(O1)(C)C)(C)C)CC1CCN(CC1)C(=O)OC(C)(C)C,screen_SCRN_57,SCRN_57,c_dd752d0e98,n1c(c(c(n1c1ccccc1)c1ccccc1)n1nccc1P(C(C)(C)C)(C(C)(C)C)[Pd](Cl)Cl)c1ccccc1|MeOH,,Pd(BiPyPhos)(Cl)2,MeOH,100.0,18.0,63,n1(cc(nc1)I)C
RKB-03552024,hit_03,O(c1cc(cnc1N)B1OC(C(O1)(C)C)(C)C)CC1CCN(CC1)C(=O)OC(C)(C)C,screen_SCRN_57,SCRN_57,c_1d9e641278,[Pd](Cl)Cl.P(c1c(cccc1)C)(c1c(cccc1)C)c1c(cccc1)C.P(c1c(cccc1)C)(c1c(cccc1)C)c1c(cccc1)C|MeOH,,Pd(P(o-Tol)3)2Cl2,MeOH,100.0,18.0,63,n1(cc(nc1)I)C
RKB-03552025,hit_03,O(c1cc(cnc1N)B1OC(C(O1)(C)C)(C)C)CC1CCN(CC1)C(=O)OC(C)(C)C,screen_SCRN_57,SCRN_57,c_2db771aad0,c1(c2c(P(C3CCCCC3)C3CCCCC3)cccc2)c(cc(cc1C(C)C)C(C)C)C(C)C|THF,Pd(OAc)2,Pd(OAc)2 / XPhos,THF,100.0,18.0,62,n1(cc(nc1)I)C
RKB-03552026,hit_03,O(c1cc(cnc1N)B1OC(C(O1)(C)C)(C)C)CC1CCN(CC1)C(=O)OC(C)(C)C,screen_SCRN_57,SCRN_57,c_e34fd39dff,|MeOH,,3G OMs XanthPhos,MeOH,100.0,18.0,62,n1(cc(nc1)I)C
RKB-03552027,hit_03,O(c1cc(cnc1N)B1OC(C(O1)(C)C)(C)C)CC1CCN(CC1)C(=O)OC(C)(C)C,screen_SCRN_57,SCRN_57,c_86f3e84f01,[Pd].P(c1ccccc1)(c1ccccc1)c1ccccc1.P(c1ccccc1)(c1ccccc1)c1ccccc1.P(c1ccccc1)(c1ccccc1)c1ccccc1.P(c1ccccc1)(c1ccccc1)c1ccccc1|THF,,Pd(P(Ph)3)4),THF,100.0,18.0,62,n1(cc(nc1)I)C
RKB-03552028,hit_03,O(c1cc(cnc1N)B1OC(C(O1)(C)C)(C)C)CC1CCN(CC1)C(=O)OC(C)(C)C,screen_SCRN_57,SCRN_57,c_577ff4ada9,P([C@]12C[C@@H]3C[C@H](C2)C[C@@H](C1)C3)([C@]12C[C@@H]3C[C@@H](C2)C[C@@H](C1)C3)CCCC|Toluene,Pd(OAc)2,Pd(OAc)2/CataCXium A,Toluene,100.0,18.0,61,n1(cc(nc1)I)C
RKB-03552029,hit_03,O(c1cc(cnc1N)B1OC(C(O1)(C)C)(C)C)CC1CCN(CC1)C(=O)OC(C)(C)C,screen_SCRN_57,SCRN_57,c_e564d7612a,[Pd].P(c1ccccc1)(c1ccccc1)c1ccccc1.P(c1ccccc1)(c1ccccc1)c1ccccc1.P(c1ccccc1)(c1ccccc1)c1ccccc1.P(c1ccccc1)(c1ccccc1)c1ccccc1|MeCN,,Pd(P(Ph)3)4),MeCN,100.0,18.0,61,n1(cc(nc1)I)C
RKB-03552030,hit_03,O(c1cc(cnc1N)B1OC(C(O1)(C)C)(C)C)CC1CCN(CC1)C(=O)OC(C)(C)C,screen_SCRN_57,SCRN_57,c_e34fd39dff,|MeOH,,3G OMs XanthPhos,MeOH,100.0,18.0,60,n1(cc(nc1)I)C
RKB-03552031,hit_03,O(c1cc(cnc1N)B1OC(C(O1)(C)C)(C)C)CC1CCN(CC1)C(=O)OC(C)(C)C,screen_SCRN_57,SCRN_57,c_599a93c125,[Pd](Cl)Cl.P(c1c(cccc1)C)(c1c(cccc1)C)c1c(cccc1)C.P(c1c(cccc1)C)(c1c(cccc1)C)c1c(cccc1)C|Toluene,,Pd(P(o-Tol)3)2Cl2,Toluene,100.0,18.0,59,n1(cc(nc1)I)C
RKB-03552032,hit_03,O(c1cc(cnc1N)B1OC(C(O1)(C)C)(C)C)CC1CCN(CC1)C(=O)OC(C)(C)C,screen_SCRN_57,SCRN_57,c_c4be4d3b3e,c1(c2c(P(C3CCCCC3)C3CCCCC3)cccc2)c(cc(cc1C(C)C)C(C)C)C(C)C|MeOH,Pd(OAc)2,Pd(OAc)2 / XPhos,MeOH,100.0,18.0,59,n1(cc(nc1)I)C
RKB-03552033,hit_03,O(c1cc(cnc1N)B1OC(C(O1)(C)C)(C)C)CC1CCN(CC1)C(=O)OC(C)(C)C,screen_SCRN_57,SCRN_57,c_efdcec6f77,[Pd].C(P(C(C)(C)C)C(C)(C)C)(C)(C)C.C(P(C(C)(C)C)C(C)(C)C)(C)(C)C|MeCN,,Pd(P(tBu)3)2,MeCN,100.0,18.0,59,n1(cc(nc1)I)C
RKB-03552034,hit_03,O(c1cc(cnc1N)B1OC(C(O1)(C)C)(C)C)CC1CCN(CC1)C(=O)OC(C)(C)C,screen_SCRN_57,SCRN_57,c_14f5c30068,[Pd](Cl)Cl.P(C1CCCCC1)(C1CCCCC1)C1CCCCC1.P(C1CCCCC1)(C1CCCCC1)C1CCCCC1|MeCN,,Pd(P(Cy)3)2Cl2,MeCN,100.0,18.0,58,n1(cc(nc1)I)C
RKB-03552035,hit_03,O(c1cc(cnc1N)B1OC(C(O1)(C)C)(C)C)CC1CCN(CC1)C(=O)OC(C)(C)C,screen_SCRN_57,SCRN_57,c_a88c92ca46,C1(C(C(C(C1c1ccccc1)c1ccccc1)c1ccccc1)c1ccccc1)c1ccccc1.P(C(C)(C)C)(C(C)(C)C)C1CCCC1.C1(C(C(C(C1c1ccccc1)c1ccccc1)c1ccccc1)c1ccccc1)c1ccccc1.P(C(C)(C)C)(C(C)(C)C)C1CCCC1.[Fe].[Fe].[Pd]|Toluene,,Pd(Qhos)2,Toluene,100.0,18.0,58,n1(cc(nc1)I)C
RKB-03552036,hit_03,O(c1cc(cnc1N)B1OC(C(O1)(C)C)(C)C)CC1CCN(CC1)C(=O)OC(C)(C)C,screen_SCRN_57,SCRN_57,c_e03a6b9172,P([C@]12C[C@@H]3C[C@H](C2)C[C@@H](C1)C3)([C@]12C[C@@H]3C[C@@H](C2)C[C@@H](C1)C3)CCCC|THF,Pd(OAc)2,Pd(OAc)2/CataCXium A,THF,100.0,18.0,58,n1(cc(nc1)I)C
RKB-03552037,hit_03,O(c1cc(cnc1N)B1OC(C(O1)(C)C)(C)C)CC1CCN(CC1)C(=O)OC(C)(C)C,screen_SCRN_57,SCRN_57,c_efdcec6f77,[Pd].C(P(C(C)(C)C)C(C)(C)C)(C)(C)C.C(P(C(C)(C)C)C(C)(C)C)(C)(C)C|MeCN,,Pd(P(tBu)3)2,MeCN,100.0,18.0,57,n1(cc(nc1)I)C
RKB-03552038,hit_03,O(c1cc(cnc1N)B1OC(C(O1)(C)C)(C)C)CC1CCN(CC1)C(=O)OC(C)(C)C,screen_SCRN_57,SCRN_57,c_adf3bba061,P(C1CCCC1)(C(C)(C)C)C(C)(C)C.P(C1CCCC1)(C(C)(C)C)C(C)(C)C.[Pd](Cl)Cl.[Fe]|MeCN,,Pd(dtbpf)Cl2,MeCN,100.0,18.0,57,n1(cc(nc1)I)C
RKB-03552039,hit_03,O(c1cc(cnc1N)B1OC(C(O1)(C)C)(C)C)CC1CCN(CC1)C(=O)OC(C)(C)C,screen_SCRN_57,SCRN_57,c_c4be4d3b3e,c1(c2c(P(C3CCCCC3)C3CCCCC3)cccc2)c(cc(cc1C(C)C)C(C)C)C(C)C|MeOH,Pd(OAc)2,Pd(OAc)2 / XPhos,MeOH,100.0,18.0,55,n1(cc(nc1)I)C
RKB-03552040,hit_03,O(c1cc(cnc1N)B1OC(C(O1)(C)C)(C)C)CC1CCN(CC1)C(=O)OC(C)(C)C,screen_SCRN_57,SCRN_57,c_40534c4f12,[Pd].P(c1ccccc1)(c1ccccc1)c1ccccc1.P(c1ccccc1)(c1ccccc1)c1ccccc1.P(c1ccccc1)(c1ccccc1)c1ccccc1.P(c1ccccc1)(c1ccccc1)c1ccccc1|Toluene,,Pd(P(Ph)3)4),Toluene,100.0,18.0,55,n1(cc(nc1)I)C
RKB-03552041,hit_03,O(c1cc(cnc1N)B1OC(C(O1)(C)C)(C)C)CC1CCN(CC1)C(=O)OC(C)(C)C,screen_SCRN_57,SCRN_57,c_7dc2ed3bef,C1(C(C(C(C1c1ccccc1)c1ccccc1)c1ccccc1)c1ccccc1)c1ccccc1.P(C(C)(C)C)(C(C)(C)C)C1CCCC1.C1(C(C(C(C1c1ccccc1)c1ccccc1)c1ccccc1)c1ccccc1)c1ccccc1.P(C(C)(C)C)(C(C)(C)C)C1CCCC1.[Fe].[Fe].[Pd]|MeOH,,Pd(Qhos)2,MeOH,100.0,18.0,54,n1(cc(nc1)I)C
RKB-03552042,hit_03,O(c1cc(cnc1N)B1OC(C(O1)(C)C)(C)C)CC1CCN(CC1)C(=O)OC(C)(C)C,screen_SCRN_57,SCRN_57,c_b9c1c9f68d,P(C1CCCC1)(c1ccccc1)c1ccccc1.P(C1CCCC1)(c1ccccc1)c1ccccc1.C(Cl)Cl.[Pd](Cl)Cl.[Fe]|MeCN,,Pd(dppf)Cl2,MeCN,100.0,18.0,54,n1(cc(nc1)I)C
RKB-03552043,hit_03,O(c1cc(cnc1N)B1OC(C(O1)(C)C)(C)C)CC1CCN(CC1)C(=O)OC(C)(C)C,screen_SCRN_57,SCRN_57,c_b9c1c9f68d,P(C1CCCC1)(c1ccccc1)c1ccccc1.P(C1CCCC1)(c1ccccc1)c1ccccc1.C(Cl)Cl.[Pd](Cl)Cl.[Fe]|MeCN,,Pd(dppf)Cl2,MeCN,100.0,18.0,54,n1(cc(nc1)I)C
RKB-03552044,hit_03,O(c1cc(cnc1N)B1OC(C(O1)(C)C)(C)C)CC1CCN(CC1)C(=O)OC(C)(C)C,screen_SCRN_57,SCRN_57,c_3ee2d5105a,P([C@]12C[C@@H]3C[C@H](C2)C[C@@H](C1)C3)([C@]12C[C@@H]3C[C@@H](C2)C[C@@H](C1)C3)CCCC|MeCN,Pd(OAc)2,Pd(OAc)2/CataCXium A,MeCN,100.0,18.0,53,n1(cc(nc1)I)C
RKB-03552045,hit_03,O(c1cc(cnc1N)B1OC(C(O1)(C)C)(C)C)CC1CCN(CC1)C(=O)OC(C)(C)C,screen_SCRN_57,SCRN_57,c_9e3adb389c,P(C1CCCC1)(c1ccccc1)c1ccccc1.P(C1CCCC1)(c1ccccc1)c1ccccc1.C(Cl)Cl.[Pd](Cl)Cl.[Fe]|Toluene,,Pd(dppf)Cl2,Toluene,100.0,18.0,53,n1(cc(nc1)I)C
RKB-03552046,hit_03,O(c1cc(cnc1N)B1OC(C(O1)(C)C)(C)C)CC1CCN(CC1)C(=O)OC(C)(C)C,screen_SCRN_57,SCRN_57,c_fb0fd7c858,[Pd](Cl)Cl.P(C1CCCCC1)(C1CCCCC1)C1CCCCC1.P(C1CCCCC1)(C1CCCCC1)C1CCCCC1|THF,,Pd(P(Cy)3)2Cl2,THF,100.0,18.0,53,n1(cc(nc1)I)C
RKB-03552047,hit_03,O(c1cc(cnc1N)B1OC(C(O1)(C)C)(C)C)CC1CCN(CC1)C(=O)OC(C)(C)C,screen_SCRN_57,SCRN_57,c_14f5c30068,[Pd](Cl)Cl.P(C1CCCCC1)(C1CCCCC1)C1CCCCC1.P(C1CCCCC1)(C1CCCCC1)C1CCCCC1|MeCN,,Pd(P(Cy)3)2Cl2,MeCN,100.0,18.0,53,n1(cc(nc1)I)C
RKB-03552048,hit_03,O(c1cc(cnc1N)B1OC(C(O1)(C)C)(C)C)CC1CCN(CC1)C(=O)OC(C)(C)C,screen_SCRN_57,SCRN_57,c_b6552437bf,n1c(c(c(n1c1ccccc1)c1ccccc1)n1nccc1P(C(C)(C)C)(C(C)(C)C)[Pd](Cl)Cl)c1ccccc1|MeCN,,Pd(BiPyPhos)(Cl)2,MeCN,100.0,18.0,53,n1(cc(nc1)I)C
RKB-03552049,hit_03,O(c1cc(cnc1N)B1OC(C(O1)(C)C)(C)C)CC1CCN(CC1)C(=O)OC(C)(C)C,screen_SCRN_57,SCRN_57,c_96da66f8fe,P(C1CCCC1)(c1ccccc1)c1ccccc1.P(C1CCCC1)(c1ccccc1)c1ccccc1.C(Cl)Cl.[Pd](Cl)Cl.[Fe]|THF,,Pd(dppf)Cl2,THF,100.0,18.0,52,n1(cc(nc1)I)C
RKB-03552050,hit_03,O(c1cc(cnc1N)B1OC(C(O1)(C)C)(C)C)CC1CCN(CC1)C(=O)OC(C)(C)C,screen_SCRN_57,SCRN_57,c_4fdc95dfd7,[Pd](Cl)Cl.P(C(C)(C)C)(C(C)(C)C)c1ccc(N(C)C)cc1.P(C(C)(C)C)(C(C)(C)C)c1ccc(N(C)C)cc1|THF,,Pd-132,THF,100.0,18.0,51,n1(cc(nc1)I)C
RKB-03552051,hit_03,O(c1cc(cnc1N)B1OC(C(O1)(C)C)(C)C)CC1CCN(CC1)C(=O)OC(C)(C)C,screen_SCRN_57,SCRN_57,c_04d73ea970,P(C1CCCC1)(C(C)(C)C)C(C)(C)C.P(C1CCCC1)(C(C)(C)C)C(C)(C)C.[Pd](Cl)Cl.[Fe]|THF,,Pd(dtbpf)Cl2,THF,100.0,18.0,51,n1(cc(nc1)I)C
RKB-03552052,hit_03,O(c1cc(cnc1N)B1OC(C(O1)(C)C)(C)C)CC1CCN(CC1)C(=O)OC(C)(C)C,screen_SCRN_57,SCRN_57,c_4957928872,|MeCN,,3G OMs XanthPhos,MeCN,100.0,18.0,51,n1(cc(nc1)I)C
RKB-03552053,hit_03,O(c1cc(cnc1N)B1OC(C(O1)(C)C)(C)C)CC1CCN(CC1)C(=O)OC(C)(C)C,screen_SCRN_57,SCRN_57,c_ba67a9e214,|Toluene,,3G OMs XanthPhos,Toluene,100.0,18.0,51,n1(cc(nc1)I)C
RKB-03552054,hit_03,O(c1cc(cnc1N)B1OC(C(O1)(C)C)(C)C)CC1CCN(CC1)C(=O)OC(C)(C)C,screen_SCRN_57,SCRN_57,c_4648614000,C1(C(C(C(C1c1ccccc1)c1ccccc1)c1ccccc1)c1ccccc1)c1ccccc1.P(C(C)(C)C)(C(C)(C)C)C1CCCC1.C1(C(C(C(C1c1ccccc1)c1ccccc1)c1ccccc1)c1ccccc1)c1ccccc1.P(C(C)(C)C)(C(C)(C)C)C1CCCC1.[Fe].[Fe].[Pd]|MeCN,,Pd(Qhos)2,MeCN,100.0,18.0,51,n1(cc(nc1)I)C
RKB-03552055,hit_03,O(c1cc(cnc1N)B1OC(C(O1)(C)C)(C)C)CC1CCN(CC1)C(=O)OC(C)(C)C,screen_SCRN_57,SCRN_57,c_5e8279fbea,[Pd](Cl)Cl.P(C(C)(C)C)(C(C)(C)C)c1ccc(N(C)C)cc1.P(C(C)(C)C)(C(C)(C)C)c1ccc(N(C)C)cc1|Toluene,,Pd-132,Toluene,100.0,18.0,51,n1(cc(nc1)I)C
RKB-03552056,hit_03,O(c1cc(cnc1N)B1OC(C(O1)(C)C)(C)C)CC1CCN(CC1)C(=O)OC(C)(C)C,screen_SCRN_57,SCRN_57,c_26f340984c,n1c(c(c(n1c1ccccc1)c1ccccc1)n1nccc1P(C(C)(C)C)(C(C)(C)C)[Pd](Cl)Cl)c1ccccc1|THF,,Pd(BiPyPhos)(Cl)2,THF,100.0,18.0,51,n1(cc(nc1)I)C
RKB-03552057,hit_03,O(c1cc(cnc1N)B1OC(C(O1)(C)C)(C)C)CC1CCN(CC1)C(=O)OC(C)(C)C,screen_SCRN_57,SCRN_57,c_32f061b282,P(C1CCCC1)(C(C)(C)C)C(C)(C)C.P(C1CCCC1)(C(C)(C)C)C(C)(C)C.[Pd](Cl)Cl.[Fe]|Toluene,,Pd(dtbpf)Cl2,Toluene,100.0,18.0,50,n1(cc(nc1)I)C
RKB-03552058,hit_03,O(c1cc(cnc1N)B1OC(C(O1)(C)C)(C)C)CC1CCN(CC1)C(=O)OC(C)(C)C,screen_SCRN_57,SCRN_57,c_1f622dc39d,[Pd].C(P(C(C)(C)C)C(C)(C)C)(C)(C)C.C(P(C(C)(C)C)C(C)(C)C)(C)(C)C|THF,,Pd(P(tBu)3)2,THF,100.0,18.0,50,n1(cc(nc1)I)C
RKB-03552059,hit_03,O(c1cc(cnc1N)B1OC(C(O1)(C)C)(C)C)CC1CCN(CC1)C(=O)OC(C)(C)C,screen_SCRN_57,SCRN_57,c_fb0fd7c858,[Pd](Cl)Cl.P(C1CCCCC1)(C1CCCCC1)C1CCCCC1.P(C1CCCCC1)(C1CCCCC1)C1CCCCC1|THF,,Pd(P(Cy)3)2Cl2,THF,100.0,18.0,50,n1(cc(nc1)I)C
RKB-03552060,hit_03,O(c1cc(cnc1N)B1OC(C(O1)(C)C)(C)C)CC1CCN(CC1)C(=O)OC(C)(C)C,screen_SCRN_57,SCRN_57,c_b6552437bf,n1c(c(c(n1c1ccccc1)c1ccccc1)n1nccc1P(C(C)(C)C)(C(C)(C)C)[Pd](Cl)Cl)c1ccccc1|MeCN,,Pd(BiPyPhos)(Cl)2,MeCN,100.0,18.0,49,n1(cc(nc1)I)C
RKB-03552061,hit_03,O(c1cc(cnc1N)B1OC(C(O1)(C)C)(C)C)CC1CCN(CC1)C(=O)OC(C)(C)C,screen_SCRN_57,SCRN_57,c_3ee2d5105a,P([C@]12C[C@@H]3C[C@H](C2)C[C@@H](C1)C3)([C@]12C[C@@H]3C[C@@H](C2)C[C@@H](C1)C3)CCCC|MeCN,Pd(OAc)2,Pd(OAc)2/CataCXium A,MeCN,100.0,18.0,49,n1(cc(nc1)I)C
RKB-03552062,hit_03,O(c1cc(cnc1N)B1OC(C(O1)(C)C)(C)C)CC1CCN(CC1)C(=O)OC(C)(C)C,screen_SCRN_57,SCRN_57,c_c3b27856cb,[Pd](Cl)Cl.P(c1c(cccc1)C)(c1c(cccc1)C)c1c(cccc1)C.P(c1c(cccc1)C)(c1c(cccc1)C)c1c(cccc1)C|MeCN,,Pd(P(o-Tol)3)2Cl2,MeCN,100.0,18.0,49,n1(cc(nc1)I)C
RKB-03552159,hit_09,c1c(c(cc(n1)C(OCC)=O)B1OC(C(O1)(C)C)(C)C)C,screen_SCRN_59,SCRN_59,c_efdcec6f77,[Pd].C(P(C(C)(C)C)C(C)(C)C)(C)(C)C.C(P(C(C)(C)C)C(C)(C)C)(C)(C)C|MeCN,,Pd(P(tBu)3)2,MeCN,100.0,18.0,7,C(c1ccc(cc1)c1cscn1)Br
RKB-03552160,hit_09,c1c(c(cc(n1)C(OCC)=O)B1OC(C(O1)(C)C)(C)C)C,screen_SCRN_59,SCRN_59,c_1f622dc39d,[Pd].C(P(C(C)(C)C)C(C)(C)C)(C)(C)C.C(P(C(C)(C)C)C(C)(C)C)(C)(C)C|THF,,Pd(P(tBu)3)2,THF,100.0,18.0,7,C(c1ccc(cc1)c1cscn1)Br
RKB-03552161,hit_09,c1c(c(cc(n1)C(OCC)=O)B1OC(C(O1)(C)C)(C)C)C,screen_SCRN_59,SCRN_59,c_adf3bba061,P(C1CCCC1)(C(C)(C)C)C(C)(C)C.P(C1CCCC1)(C(C)(C)C)C(C)(C)C.[Pd](Cl)Cl.[Fe]|MeCN,,Pd(dtbpf)Cl2,MeCN,100.0,18.0,7,C(c1ccc(cc1)c1cscn1)Br
RKB-03552162,hit_09,c1c(c(cc(n1)C(OCC)=O)B1OC(C(O1)(C)C)(C)C)C,screen_SCRN_59,SCRN_59,c_b9c1c9f68d,P(C1CCCC1)(c1ccccc1)c1ccccc1.P(C1CCCC1)(c1ccccc1)c1ccccc1.C(Cl)Cl.[Pd](Cl)Cl.[Fe]|MeCN,,Pd(dppf)Cl2,MeCN,100.0,18.0,7,C(c1ccc(cc1)c1cscn1)Br
RKB-03552164,hit_09,c1c(c(cc(n1)C(OCC)=O)B1OC(C(O1)(C)C)(C)C)C,screen_SCRN_59,SCRN_59,c_86f3e84f01,[Pd].P(c1ccccc1)(c1ccccc1)c1ccccc1.P(c1ccccc1)(c1ccccc1)c1ccccc1.P(c1ccccc1)(c1ccccc1)c1ccccc1.P(c1ccccc1)(c1ccccc1)c1ccccc1|THF,,Pd(P(Ph)3)4),THF,100.0,18.0,6,C(c1ccc(cc1)c1cscn1)Br
RKB-03552165,hit_09,c1c(c(cc(n1)C(OCC)=O)B1OC(C(O1)(C)C)(C)C)C,screen_SCRN_59,SCRN_59,c_87d08dc489,P(C1CCCC1)(C(C)(C)C)C(C)(C)C.P(C1CCCC1)(C(C)(C)C)C(C)(C)C.[Pd](Cl)Cl.[Fe]|MeOH,,Pd(dtbpf)Cl2,MeOH,100.0,18.0,6,C(c1ccc(cc1)c1cscn1)Br
RKB-03552166,hit_09,c1c(c(cc(n1)C(OCC)=O)B1OC(C(O1)(C)C)(C)C)C,screen_SCRN_59,SCRN_59,c_7dc2ed3bef,C1(C(C(C(C1c1ccccc1)c1ccccc1)c1ccccc1)c1ccccc1)c1ccccc1.P(C(C)(C)C)(C(C)(C)C)C1CCCC1.C1(C(C(C(C1c1ccccc1)c1ccccc1)c1ccccc1)c1ccccc1)c1ccccc1.P(C(C)(C)C)(C(C)(C)C)C1CCCC1.[Fe].[Fe].[Pd]|MeOH,,Pd(QPhos)2,MeOH,100.0,18.0,6,C(c1ccc(cc1)c1cscn1)Br
RKB-03552167,hit_09,c1c(c(cc(n1)C(OCC)=O)B1OC(C(O1)(C)C)(C)C)C,screen_SCRN_59,SCRN_59,c_e564d7612a,[Pd].P(c1ccccc1)(c1ccccc1)c1ccccc1.P(c1ccccc1)(c1ccccc1)c1ccccc1.P(c1ccccc1)(c1ccccc1)c1ccccc1.P(c1ccccc1)(c1ccccc1)c1ccccc1|MeCN,,Pd(P(Ph)3)4),MeCN,100.0,18.0,6,C(c1ccc(cc1)c1cscn1)Br
RKB-03552168,hit_09,c1c(c(cc(n1)C(OCC)=O)B1OC(C(O1)(C)C)(C)C)C,screen_SCRN_59,SCRN_59,c_2db771aad0,c1(c2c(P(C3CCCCC3)C3CCCCC3)cccc2)c(cc(cc1C(C)C)C(C)C)C(C)C|THF,Pd(OAc)2,Pd(OAc)2/XPhos,THF,100.0,18.0,6,C(c1ccc(cc1)c1cscn1)Br
RKB-03552169,hit_09,c1c(c(cc(n1)C(OCC)=O)B1OC(C(O1)(C)C)(C)C)C,screen_SCRN_59,SCRN_59,c_b4e663cbcf,P([C@]12C[C@@H]3C[C@H](C2)C[C@@H](C1)C3)([C@]12C[C@@H]3C[C@@H](C2)C[C@@H](C1)C3)CCCC|MeOH,Pd(OAc)2,Pd(OAc)2/CataCXium A,MeOH,100.0,18.0,6,C(c1ccc(cc1)c1cscn1)Br
RKB-03552171,hit_09,c1c(c(cc(n1)C(OCC)=O)B1OC(C(O1)(C)C)(C)C)C,screen_SCRN_59,SCRN_59,c_87611e347b,C1(C(C(C(C1c1ccccc1)c1ccccc1)c1ccccc1)c1ccccc1)c1ccccc1.P(C(C)(C)C)(C(C)(C)C)C1CCCC1.C1(C(C(C(C1c1ccccc1)c1ccccc1)c1ccccc1)c1ccccc1)c1ccccc1.P(C(C)(C)C)(C(C)(C)C)C1CCCC1.[Fe].[Fe].[Pd]|THF,,Pd(QPhos)2,THF,100.0,18.0,6,C(c1ccc(cc1)c1cscn1)Br
RKB-03552172,hit_09,c1c(c(cc(n1)C(OCC)=O)B1OC(C(O1)(C)C)(C)C)C,screen_SCRN_59,SCRN_59,c_b9c1c9f68d,P(C1CCCC1)(c1ccccc1)c1ccccc1.P(C1CCCC1)(c1ccccc1)c1ccccc1.C(Cl)Cl.[Pd](Cl)Cl.[Fe]|MeCN,,Pd(dppf)Cl2,MeCN,100.0,18.0,5,C(c1ccc(cc1)c1cscn1)Br
RKB-03552173,hit_09,c1c(c(cc(n1)C(OCC)=O)B1OC(C(O1)(C)C)(C)C)C,screen_SCRN_59,SCRN_59,c_e7bd21231d,P(C1CCCC1)(c1ccccc1)c1ccccc1.P(C1CCCC1)(c1ccccc1)c1ccccc1.C(Cl)Cl.[Pd](Cl)Cl.[Fe]|MeOH,,Pd(dppf)Cl2,MeOH,100.0,18.0,5,C(c1ccc(cc1)c1cscn1)Br
RKB-03552174,hit_09,c1c(c(cc(n1)C(OCC)=O)B1OC(C(O1)(C)C)(C)C)C,screen_SCRN_59,SCRN_59,c_1f622dc39d,[Pd].C(P(C(C)(C)C)C(C)(C)C)(C)(C)C.C(P(C(C)(C)C)C(C)(C)C)(C)(C)C|THF,,Pd(P(tBu)3)2,THF,100.0,18.0,5,C(c1ccc(cc1)c1cscn1)Br
RKB-03552175,hit_09,c1c(c(cc(n1)C(OCC)=O)B1OC(C(O1)(C)C)(C)C)C,screen_SCRN_59,SCRN_59,c_86f3e84f01,[Pd].P(c1ccccc1)(c1ccccc1)c1ccccc1.P(c1ccccc1)(c1ccccc1)c1ccccc1.P(c1ccccc1)(c1ccccc1)c1ccccc1.P(c1ccccc1)(c1ccccc1)c1ccccc1|THF,,Pd(P(Ph)3)4),THF,100.0,18.0,5,C(c1ccc(cc1)c1cscn1)Br
RKB-03552176,hit_09,c1c(c(cc(n1)C(OCC)=O)B1OC(C(O1)(C)C)(C)C)C,screen_SCRN_59,SCRN_59,c_f7824c77b7,O1c2c(C(c3c1c(ccc3)P(c1ccccc1)c1ccccc1)(C)C)cccc2P(c1ccccc1)c1ccccc1.Cl[Pd]Cl|THF,,Pd(XanthPhos)Cl2,THF,100.0,18.0,4,C(c1ccc(cc1)c1cscn1)Br
RKB-03552177,hit_09,c1c(c(cc(n1)C(OCC)=O)B1OC(C(O1)(C)C)(C)C)C,screen_SCRN_59,SCRN_59,c_efdcec6f77,[Pd].C(P(C(C)(C)C)C(C)(C)C)(C)(C)C.C(P(C(C)(C)C)C(C)(C)C)(C)(C)C|MeCN,,Pd(P(tBu)3)2,MeCN,100.0,18.0,4,C(c1ccc(cc1)c1cscn1)Br
RKB-03552178,hit_09,c1c(c(cc(n1)C(OCC)=O)B1OC(C(O1)(C)C)(C)C)C,screen_SCRN_59,SCRN_59,c_87611e347b,C1(C(C(C(C1c1ccccc1)c1ccccc1)c1ccccc1)c1ccccc1)c1ccccc1.P(C(C)(C)C)(C(C)(C)C)C1CCCC1.C1(C(C(C(C1c1ccccc1)c1ccccc1)c1ccccc1)c1ccccc1)c1ccccc1.P(C(C)(C)C)(C(C)(C)C)C1CCCC1.[Fe].[Fe].[Pd]|THF,,Pd(QPhos)2,THF,100.0,18.0,4,C(c1ccc(cc1)c1cscn1)Br
RKB-03552179,hit_09,c1c(c(cc(n1)C(OCC)=O)B1OC(C(O1)(C)C)(C)C)C,screen_SCRN_59,SCRN_59,c_4fdc95dfd7,[Pd](Cl)Cl.P(C(C)(C)C)(C(C)(C)C)c1ccc(N(C)C)cc1.P(C(C)(C)C)(C(C)(C)C)c1ccc(N(C)C)cc1|THF,,Pd-132,THF,100.0,18.0,4,C(c1ccc(cc1)c1cscn1)Br
RKB-03552181,hit_09,c1c(c(cc(n1)C(OCC)=O)B1OC(C(O1)(C)C)(C)C)C,screen_SCRN_59,SCRN_59,c_24a01a5b7d,[Pd](Cl)Cl.P(C1CCCCC1)(C1CCCCC1)C1CCCCC1.P(C1CCCCC1)(C1CCCCC1)C1CCCCC1|MeOH,,Pd(P(Cy)3)2Cl2,MeOH,100.0,18.0,4,C(c1ccc(cc1)c1cscn1)Br
RKB-03552182,hit_09,c1c(c(cc(n1)C(OCC)=O)B1OC(C(O1)(C)C)(C)C)C,screen_SCRN_59,SCRN_59,c_96da66f8fe,P(C1CCCC1)(c1ccccc1)c1ccccc1.P(C1CCCC1)(c1ccccc1)c1ccccc1.C(Cl)Cl.[Pd](Cl)Cl.[Fe]|THF,,Pd(dppf)Cl2,THF,100.0,18.0,4,C(c1ccc(cc1)c1cscn1)Br
RKB-03552185,hit_09,c1c(c(cc(n1)C(OCC)=O)B1OC(C(O1)(C)C)(C)C)C,screen_SCRN_59,SCRN_59,c_fb0fd7c858,[Pd](Cl)Cl.P(C1CCCCC1)(C1CCCCC1)C1CCCCC1.P(C1CCCCC1)(C1CCCCC1)C1CCCCC1|THF,,Pd(P(Cy)3)2Cl2,THF,100.0,18.0,3,C(c1ccc(cc1)c1cscn1)Br
RKB-03552186,hit_09,c1c(c(cc(n1)C(OCC)=O)B1OC(C(O1)(C)C)(C)C)C,screen_SCRN_59,SCRN_59,c_ad8305297d,[Pd](Cl)Cl.P(c1c(cccc1)C)(c1c(cccc1)C)c1c(cccc1)C.P(c1c(cccc1)C)(c1c(cccc1)C)c1c(cccc1)C|THF,,Pd(P(o-Tol)3)2Cl2,THF,100.0,18.0,3,C(c1ccc(cc1)c1cscn1)Br
RKB-03552187,hit_09,c1c(c(cc(n1)C(OCC)=O)B1OC(C(O1)(C)C)(C)C)C,screen_SCRN_59,SCRN_59,c_e8d46c9e9a,[Pd].P(c1ccccc1)(c1ccccc1)c1ccccc1.P(c1ccccc1)(c1ccccc1)c1ccccc1.P(c1ccccc1)(c1ccccc1)c1ccccc1.P(c1ccccc1)(c1ccccc1)c1ccccc1|MeOH,,Pd(P(Ph)3)4),MeOH,100.0,18.0,3,C(c1ccc(cc1)c1cscn1)Br
RKB-03552188,hit_09,c1c(c(cc(n1)C(OCC)=O)B1OC(C(O1)(C)C)(C)C)C,screen_SCRN_59,SCRN_59,c_e8d46c9e9a,[Pd].P(c1ccccc1)(c1ccccc1)c1ccccc1.P(c1ccccc1)(c1ccccc1)c1ccccc1.P(c1ccccc1)(c1ccccc1)c1ccccc1.P(c1ccccc1)(c1ccccc1)c1ccccc1|MeOH,,Pd(P(Ph)3)4),MeOH,100.0,18.0,3,C(c1ccc(cc1)c1cscn1)Br
RKB-03552189,hit_09,c1c(c(cc(n1)C(OCC)=O)B1OC(C(O1)(C)C)(C)C)C,screen_SCRN_59,SCRN_59,c_efdcec6f77,[Pd].C(P(C(C)(C)C)C(C)(C)C)(C)(C)C.C(P(C(C)(C)C)C(C)(C)C)(C)(C)C|MeCN,,Pd(P(tBu)3)2,MeCN,100.0,18.0,3,C(c1ccc(cc1)c1cscn1)Br
RKB-03552190,hit_09,c1c(c(cc(n1)C(OCC)=O)B1OC(C(O1)(C)C)(C)C)C,screen_SCRN_59,SCRN_59,c_e564d7612a,[Pd].P(c1ccccc1)(c1ccccc1)c1ccccc1.P(c1ccccc1)(c1ccccc1)c1ccccc1.P(c1ccccc1)(c1ccccc1)c1ccccc1.P(c1ccccc1)(c1ccccc1)c1ccccc1|MeCN,,Pd(P(Ph)3)4),MeCN,100.0,18.0,3,C(c1ccc(cc1)c1cscn1)Br
RKB-03552191,hit_09,c1c(c(cc(n1)C(OCC)=O)B1OC(C(O1)(C)C)(C)C)C,screen_SCRN_59,SCRN_59,c_40534c4f12,[Pd].P(c1ccccc1)(c1ccccc1)c1ccccc1.P(c1ccccc1)(c1ccccc1)c1ccccc1.P(c1ccccc1)(c1ccccc1)c1ccccc1.P(c1ccccc1)(c1ccccc1)c1ccccc1|Toluene,,Pd(P(Ph)3)4),Toluene,100.0,18.0,3,C(c1ccc(cc1)c1cscn1)Br
RKB-03552192,hit_09,c1c(c(cc(n1)C(OCC)=O)B1OC(C(O1)(C)C)(C)C)C,screen_SCRN_59,SCRN_59,c_b6552437bf,n1c(c(c(n1c1ccccc1)c1ccccc1)n1nccc1P(C(C)(C)C)(C(C)(C)C)[Pd](Cl)Cl)c1ccccc1|MeCN,,Pd(BiPyPhos)(Cl)2,MeCN,100.0,18.0,2,C(c1ccc(cc1)c1cscn1)Br
RKB-03552193,hit_09,c1c(c(cc(n1)C(OCC)=O)B1OC(C(O1)(C)C)(C)C)C,screen_SCRN_59,SCRN_59,c_40534c4f12,[Pd].P(c1ccccc1)(c1ccccc1)c1ccccc1.P(c1ccccc1)(c1ccccc1)c1ccccc1.P(c1ccccc1)(c1ccccc1)c1ccccc1.P(c1ccccc1)(c1ccccc1)c1ccccc1|Toluene,,Pd(P(Ph)3)4),Toluene,100.0,18.0,2,C(c1ccc(cc1)c1cscn1)Br
RKB-03552194,hit_09,c1c(c(cc(n1)C(OCC)=O)B1OC(C(O1)(C)C)(C)C)C,screen_SCRN_59,SCRN_59,c_26f340984c,n1c(c(c(n1c1ccccc1)c1ccccc1)n1nccc1P(C(C)(C)C)(C(C)(C)C)[Pd](Cl)Cl)c1ccccc1|THF,,Pd(BiPyPhos)(Cl)2,THF,100.0,18.0,2,C(c1ccc(cc1)c1cscn1)Br
RKB-03552195,hit_09,c1c(c(cc(n1)C(OCC)=O)B1OC(C(O1)(C)C)(C)C)C,screen_SCRN_59,SCRN_59,c_e03a6b9172,P([C@]12C[C@@H]3C[C@H](C2)C[C@@H](C1)C3)([C@]12C[C@@H]3C[C@@H](C2)C[C@@H](C1)C3)CCCC|THF,Pd(OAc)2,Pd(OAc)2/CataCXium A,THF,100.0,18.0,2,C(c1ccc(cc1)c1cscn1)Br
RKB-03552196,hit_09,c1c(c(cc(n1)C(OCC)=O)B1OC(C(O1)(C)C)(C)C)C,screen_SCRN_59,SCRN_59,c_1f622dc39d,[Pd].C(P(C(C)(C)C)C(C)(C)C)(C)(C)C.C(P(C(C)(C)C)C(C)(C)C)(C)(C)C|THF,,Pd(P(tBu)3)2,THF,100.0,18.0,2,C(c1ccc(cc1)c1cscn1)Br
RKB-03552197,hit_09,c1c(c(cc(n1)C(OCC)=O)B1OC(C(O1)(C)C)(C)C)C,screen_SCRN_59,SCRN_59,c_3196604cd9,[Pd](Cl)Cl.P(C(C)(C)C)(C(C)(C)C)c1ccc(N(C)C)cc1.P(C(C)(C)C)(C(C)(C)C)c1ccc(N(C)C)cc1|MeCN,,Pd-132,MeCN,100.0,18.0,2,C(c1ccc(cc1)c1cscn1)Br
RKB-03552198,hit_09,c1c(c(cc(n1)C(OCC)=O)B1OC(C(O1)(C)C)(C)C)C,screen_SCRN_59,SCRN_59,c_96da66f8fe,P(C1CCCC1)(c1ccccc1)c1ccccc1.P(C1CCCC1)(c1ccccc1)c1ccccc1.C(Cl)Cl.[Pd](Cl)Cl.[Fe]|THF,,Pd(dppf)Cl2,THF,100.0,18.0,2,C(c1ccc(cc1)c1cscn1)Br
RKB-03552199,hit_09,c1c(c(cc(n1)C(OCC)=O)B1OC(C(O1)(C)C)(C)C)C,screen_SCRN_59,SCRN_59,c_3ee2d5105a,P([C@]12C[C@@H]3C[C@H](C2)C[C@@H](C1)C3)([C@]12C[C@@H]3C[C@@H](C2)C[C@@H](C1)C3)CCCC|MeCN,Pd(OAc)2,Pd(OAc)2/CataCXium A,MeCN,100.0,18.0,2,C(c1ccc(cc1)c1cscn1)Br
RKB-03552200,hit_09,c1c(c(cc(n1)C(OCC)=O)B1OC(C(O1)(C)C)(C)C)C,screen_SCRN_59,SCRN_59,c_a86e283b14,c1(c2c(P(C3CCCCC3)C3CCCCC3)cccc2)c(cc(cc1C(C)C)C(C)C)C(C)C|MeCN,Pd(OAc)2,Pd(OAc)2/XPhos,MeCN,100.0,18.0,2,C(c1ccc(cc1)c1cscn1)Br
RKB-03552201,hit_09,c1c(c(cc(n1)C(OCC)=O)B1OC(C(O1)(C)C)(C)C)C,screen_SCRN_59,SCRN_59,c_adf3bba061,P(C1CCCC1)(C(C)(C)C)C(C)(C)C.P(C1CCCC1)(C(C)(C)C)C(C)(C)C.[Pd](Cl)Cl.[Fe]|MeCN,,Pd(dtbpf)Cl2,MeCN,100.0,18.0,1,C(c1ccc(cc1)c1cscn1)Br
RKB-03552202,hit_09,c1c(c(cc(n1)C(OCC)=O)B1OC(C(O1)(C)C)(C)C)C,screen_SCRN_59,SCRN_59,c_f7824c77b7,O1c2c(C(c3c1c(ccc3)P(c1ccccc1)c1ccccc1)(C)C)cccc2P(c1ccccc1)c1ccccc1.Cl[Pd]Cl|THF,,Pd(XanthPhos)Cl2,THF,100.0,18.0,1,C(c1ccc(cc1)c1cscn1)Br
RKB-03552203,hit_09,c1c(c(cc(n1)C(OCC)=O)B1OC(C(O1)(C)C)(C)C)C,screen_SCRN_59,SCRN_59,c_4648614000,C1(C(C(C(C1c1ccccc1)c1ccccc1)c1ccccc1)c1ccccc1)c1ccccc1.P(C(C)(C)C)(C(C)(C)C)C1CCCC1.C1(C(C(C(C1c1ccccc1)c1ccccc1)c1ccccc1)c1ccccc1)c1ccccc1.P(C(C)(C)C)(C(C)(C)C)C1CCCC1.[Fe].[Fe].[Pd]|MeCN,,Pd(QPhos)2,MeCN,100.0,18.0,1,C(c1ccc(cc1)c1cscn1)Br
RKB-03552205,hit_09,c1c(c(cc(n1)C(OCC)=O)B1OC(C(O1)(C)C)(C)C)C,screen_SCRN_59,SCRN_59,c_4076342b87,[Pd].C(P(C(C)(C)C)C(C)(C)C)(C)(C)C.C(P(C(C)(C)C)C(C)(C)C)(C)(C)C|Toluene,,Pd(P(tBu)3)2,Toluene,100.0,18.0,0,C(c1ccc(cc1)c1cscn1)Br
RKB-03552206,hit_09,c1c(c(cc(n1)C(OCC)=O)B1OC(C(O1)(C)C)(C)C)C,screen_SCRN_59,SCRN_59,c_9e3adb389c,P(C1CCCC1)(c1ccccc1)c1ccccc1.P(C1CCCC1)(c1ccccc1)c1ccccc1.C(Cl)Cl.[Pd](Cl)Cl.[Fe]|Toluene,,Pd(dppf)Cl2,Toluene,100.0,18.0,0,C(c1ccc(cc1)c1cscn1)Br
RKB-03552207,hit_09,c1c(c(cc(n1)C(OCC)=O)B1OC(C(O1)(C)C)(C)C)C,screen_SCRN_59,SCRN_59,c_ad8305297d,[Pd](Cl)Cl.P(c1c(cccc1)C)(c1c(cccc1)C)c1c(cccc1)C.P(c1c(cccc1)C)(c1c(cccc1)C)c1c(cccc1)C|THF,,Pd(P(o-Tol)3)2Cl2,THF,100.0,18.0,0,C(c1ccc(cc1)c1cscn1)Br
RKB-03552208,hit_09,c1c(c(cc(n1)C(OCC)=O)B1OC(C(O1)(C)C)(C)C)C,screen_SCRN_59,SCRN_59,c_f7824c77b7,O1c2c(C(c3c1c(ccc3)P(c1ccccc1)c1ccccc1)(C)C)cccc2P(c1ccccc1)c1ccccc1.Cl[Pd]Cl|THF,,Pd(XanthPhos)Cl2,THF,100.0,18.0,0,C(c1ccc(cc1)c1cscn1)Br
RKB-03552209,hit_09,c1c(c(cc(n1)C(OCC)=O)B1OC(C(O1)(C)C)(C)C)C,screen_SCRN_59,SCRN_59,c_26f340984c,n1c(c(c(n1c1ccccc1)c1ccccc1)n1nccc1P(C(C)(C)C)(C(C)(C)C)[Pd](Cl)Cl)c1ccccc1|THF,,Pd(BiPyPhos)(Cl)2,THF,100.0,18.0,0,C(c1ccc(cc1)c1cscn1)Br
RKB-03552210,hit_09,c1c(c(cc(n1)C(OCC)=O)B1OC(C(O1)(C)C)(C)C)C,screen_SCRN_59,SCRN_59,c_e03a6b9172,P([C@]12C[C@@H]3C[C@H](C2)C[C@@H](C1)C3)([C@]12C[C@@H]3C[C@@H](C2)C[C@@H](C1)C3)CCCC|THF,Pd(OAc)2,Pd(OAc)2/CataCXium A,THF,100.0,18.0,0,C(c1ccc(cc1)c1cscn1)Br
RKB-03552211,hit_09,c1c(c(cc(n1)C(OCC)=O)B1OC(C(O1)(C)C)(C)C)C,screen_SCRN_59,SCRN_59,c_4fdc95dfd7,[Pd](Cl)Cl.P(C(C)(C)C)(C(C)(C)C)c1ccc(N(C)C)cc1.P(C(C)(C)C)(C(C)(C)C)c1ccc(N(C)C)cc1|THF,,Pd-132,THF,100.0,18.0,0,C(c1ccc(cc1)c1cscn1)Br
RKB-03552212,hit_09,c1c(c(cc(n1)C(OCC)=O)B1OC(C(O1)(C)C)(C)C)C,screen_SCRN_59,SCRN_59,c_2db771aad0,c1(c2c(P(C3CCCCC3)C3CCCCC3)cccc2)c(cc(cc1C(C)C)C(C)C)C(C)C|THF,Pd(OAc)2,Pd(OAc)2/XPhos,THF,100.0,18.0,0,C(c1ccc(cc1)c1cscn1)Br
RKB-03552239,hit_09,c1c(c(cc(n1)C(OCC)=O)B1OC(C(O1)(C)C)(C)C)C,screen_SCRN_59,SCRN_59,c_4fdc95dfd7,[Pd](Cl)Cl.P(C(C)(C)C)(C(C)(C)C)c1ccc(N(C)C)cc1.P(C(C)(C)C)(C(C)(C)C)c1ccc(N(C)C)cc1|THF,,Pd-132,THF,100.0,18.0,0,C(c1ccc(cc1)c1cscn1)Br
RKB-03552240,hit_09,c1c(c(cc(n1)C(OCC)=O)B1OC(C(O1)(C)C)(C)C)C,screen_SCRN_59,SCRN_59,c_04d73ea970,P(C1CCCC1)(C(C)(C)C)C(C)(C)C.P(C1CCCC1)(C(C)(C)C)C(C)(C)C.[Pd](Cl)Cl.[Fe]|THF,,Pd(dtbpf)Cl2,THF,100.0,18.0,0,C(c1ccc(cc1)c1cscn1)Br
RKB-03552241,hit_09,c1c(c(cc(n1)C(OCC)=O)B1OC(C(O1)(C)C)(C)C)C,screen_SCRN_59,SCRN_59,c_26f340984c,n1c(c(c(n1c1ccccc1)c1ccccc1)n1nccc1P(C(C)(C)C)(C(C)(C)C)[Pd](Cl)Cl)c1ccccc1|THF,,Pd(BiPyPhos)(Cl)2,THF,100.0,18.0,0,C(c1ccc(cc1)c1cscn1)Br
RKB-03552242,hit_09,c1c(c(cc(n1)C(OCC)=O)B1OC(C(O1)(C)C)(C)C)C,screen_SCRN_59,SCRN_59,c_e03a6b9172,P([C@]12C[C@@H]3C[C@H](C2)C[C@@H](C1)C3)([C@]12C[C@@H]3C[C@@H](C2)C[C@@H](C1)C3)CCCC|THF,Pd(OAc)2,Pd(OAc)2/CataCXium A,THF,100.0,18.0,0,C(c1ccc(cc1)c1cscn1)Br
RKB-03552243,hit_09,c1c(c(cc(n1)C(OCC)=O)B1OC(C(O1)(C)C)(C)C)C,screen_SCRN_59,SCRN_59,c_4fdc95dfd7,[Pd](Cl)Cl.P(C(C)(C)C)(C(C)(C)C)c1ccc(N(C)C)cc1.P(C(C)(C)C)(C(C)(C)C)c1ccc(N(C)C)cc1|THF,,Pd-132,THF,100.0,18.0,0,C(c1ccc(cc1)c1cscn1)Br
RKB-03552244,hit_09,c1c(c(cc(n1)C(OCC)=O)B1OC(C(O1)(C)C)(C)C)C,screen_SCRN_59,SCRN_59,c_04d73ea970,P(C1CCCC1)(C(C)(C)C)C(C)(C)C.P(C1CCCC1)(C(C)(C)C)C(C)(C)C.[Pd](Cl)Cl.[Fe]|THF,,Pd(dtbpf)Cl2,THF,100.0,18.0,0,C(c1ccc(cc1)c1cscn1)Br
RKB-03552245,hit_09,c1c(c(cc(n1)C(OCC)=O)B1OC(C(O1)(C)C)(C)C)C,screen_SCRN_59,SCRN_59,c_86f3e84f01,[Pd].P(c1ccccc1)(c1ccccc1)c1ccccc1.P(c1ccccc1)(c1ccccc1)c1ccccc1.P(c1ccccc1)(c1ccccc1)c1ccccc1.P(c1ccccc1)(c1ccccc1)c1ccccc1|THF,,Pd(P(Ph)3)4),THF,100.0,18.0,0,C(c1ccc(cc1)c1cscn1)Br
RKB-03552246,hit_09,c1c(c(cc(n1)C(OCC)=O)B1OC(C(O1)(C)C)(C)C)C,screen_SCRN_59,SCRN_59,c_3f90fc71ff,[Pd](Cl)Cl.P(C(C)(C)C)(C(C)(C)C)c1ccc(N(C)C)cc1.P(C(C)(C)C)(C(C)(C)C)c1ccc(N(C)C)cc1|MeOH,,Pd-132,MeOH,100.0,18.0,0,C(c1ccc(cc1)c1cscn1)Br
RKB-03552247,hit_09,c1c(c(cc(n1)C(OCC)=O)B1OC(C(O1)(C)C)(C)C)C,screen_SCRN_59,SCRN_59,c_c3b27856cb,[Pd](Cl)Cl.P(c1c(cccc1)C)(c1c(cccc1)C)c1c(cccc1)C.P(c1c(cccc1)C)(c1c(cccc1)C)c1c(cccc1)C|MeCN,,Pd(P(o-Tol)3)2Cl2,MeCN,100.0,18.0,0,C(c1ccc(cc1)c1cscn1)Br
RKB-03552248,hit_09,c1c(c(cc(n1)C(OCC)=O)B1OC(C(O1)(C)C)(C)C)C,screen_SCRN_59,SCRN_59,c_3ee2d5105a,P([C@]12C[C@@H]3C[C@H](C2)C[C@@H](C1)C3)([C@]12C[C@@H]3C[C@@H](C2)C[C@@H](C1)C3)CCCC|MeCN,Pd(OAc)2,Pd(OAc)2/CataCXium A,MeCN,100.0,18.0,0,C(c1ccc(cc1)c1cscn1)Br
RKB-03552250,hit_09,c1c(c(cc(n1)C(OCC)=O)B1OC(C(O1)(C)C)(C)C)C,screen_SCRN_59,SCRN_59,c_c4be4d3b3e,c1(c2c(P(C3CCCCC3)C3CCCCC3)cccc2)c(cc(cc1C(C)C)C(C)C)C(C)C|MeOH,Pd(OAc)2,Pd(OAc)2/XPhos,MeOH,100.0,18.0,0,C(c1ccc(cc1)c1cscn1)Br
RKB-03552251,hit_09,c1c(c(cc(n1)C(OCC)=O)B1OC(C(O1)(C)C)(C)C)C,screen_SCRN_59,SCRN_59,c_ba1fa7db09,O1c2c(C(c3c1c(ccc3)P(c1ccccc1)c1ccccc1)(C)C)cccc2P(c1ccccc1)c1ccccc1.Cl[Pd]Cl|MeOH,,Pd(XanthPhos)Cl2,MeOH,100.0,18.0,0,C(c1ccc(cc1)c1cscn1)Br
RKB-03552252,hit_09,c1c(c(cc(n1)C(OCC)=O)B1OC(C(O1)(C)C)(C)C)C,screen_SCRN_59,SCRN_59,c_7dc2ed3bef,C1(C(C(C(C1c1ccccc1)c1ccccc1)c1ccccc1)c1ccccc1)c1ccccc1.P(C(C)(C)C)(C(C)(C)C)C1CCCC1.C1(C(C(C(C1c1ccccc1)c1ccccc1)c1ccccc1)c1ccccc1)c1ccccc1.P(C(C)(C)C)(C(C)(C)C)C1CCCC1.[Fe].[Fe].[Pd]|MeOH,,Pd(QPhos)2,MeOH,100.0,18.0,0,C(c1ccc(cc1)c1cscn1)Br
RKB-03552253,hit_09,c1c(c(cc(n1)C(OCC)=O)B1OC(C(O1)(C)C)(C)C)C,screen_SCRN_59,SCRN_59,c_24a01a5b7d,[Pd](Cl)Cl.P(C1CCCCC1)(C1CCCCC1)C1CCCCC1.P(C1CCCCC1)(C1CCCCC1)C1CCCCC1|MeOH,,Pd(P(Cy)3)2Cl2,MeOH,100.0,18.0,0,C(c1ccc(cc1)c1cscn1)Br
RKB-03552254,hit_09,c1c(c(cc(n1)C(OCC)=O)B1OC(C(O1)(C)C)(C)C)C,screen_SCRN_59,SCRN_59,c_1d9e641278,[Pd](Cl)Cl.P(c1c(cccc1)C)(c1c(cccc1)C)c1c(cccc1)C.P(c1c(cccc1)C)(c1c(cccc1)C)c1c(cccc1)C|MeOH,,Pd(P(o-Tol)3)2Cl2,MeOH,100.0,18.0,0,C(c1ccc(cc1)c1cscn1)Br
RKB-03552255,hit_09,c1c(c(cc(n1)C(OCC)=O)B1OC(C(O1)(C)C)(C)C)C,screen_SCRN_59,SCRN_59,c_14f5c30068,[Pd](Cl)Cl.P(C1CCCCC1)(C1CCCCC1)C1CCCCC1.P(C1CCCCC1)(C1CCCCC1)C1CCCCC1|MeCN,,Pd(P(Cy)3)2Cl2,MeCN,100.0,18.0,0,C(c1ccc(cc1)c1cscn1)Br
RKB-03552256,hit_09,c1c(c(cc(n1)C(OCC)=O)B1OC(C(O1)(C)C)(C)C)C,screen_SCRN_59,SCRN_59,c_dd752d0e98,n1c(c(c(n1c1ccccc1)c1ccccc1)n1nccc1P(C(C)(C)C)(C(C)(C)C)[Pd](Cl)Cl)c1ccccc1|MeOH,,Pd(BiPyPhos)(Cl)2,MeOH,100.0,18.0,0,C(c1ccc(cc1)c1cscn1)Br
RKB-03552257,hit_09,c1c(c(cc(n1)C(OCC)=O)B1OC(C(O1)(C)C)(C)C)C,screen_SCRN_59,SCRN_59,c_adf3bba061,P(C1CCCC1)(C(C)(C)C)C(C)(C)C.P(C1CCCC1)(C(C)(C)C)C(C)(C)C.[Pd](Cl)Cl.[Fe]|MeCN,,Pd(dtbpf)Cl2,MeCN,100.0,18.0,0,C(c1ccc(cc1)c1cscn1)Br
RKB-03552258,hit_09,c1c(c(cc(n1)C(OCC)=O)B1OC(C(O1)(C)C)(C)C)C,screen_SCRN_59,SCRN_59,c_b4e663cbcf,P([C@]12C[C@@H]3C[C@H](C2)C[C@@H](C1)C3)([C@]12C[C@@H]3C[C@@H](C2)C[C@@H](C1)C3)CCCC|MeOH,Pd(OAc)2,Pd(OAc)2/CataCXium A,MeOH,100.0,18.0,0,C(c1ccc(cc1)c1cscn1)Br
RKB-03552259,hit_09,c1c(c(cc(n1)C(OCC)=O)B1OC(C(O1)(C)C)(C)C)C,screen_SCRN_59,SCRN_59,c_3f90fc71ff,[Pd](Cl)Cl.P(C(C)(C)C)(C(C)(C)C)c1ccc(N(C)C)cc1.P(C(C)(C)C)(C(C)(C)C)c1ccc(N(C)C)cc1|MeOH,,Pd-132,MeOH,100.0,18.0,0,C(c1ccc(cc1)c1cscn1)Br
RKB-03552260,hit_09,c1c(c(cc(n1)C(OCC)=O)B1OC(C(O1)(C)C)(C)C)C,screen_SCRN_59,SCRN_59,c_a86e283b14,c1(c2c(P(C3CCCCC3)C3CCCCC3)cccc2)c(cc(cc1C(C)C)C(C)C)C(C)C|MeCN,Pd(OAc)2,Pd(OAc)2/XPhos,MeCN,100.0,18.0,0,C(c1ccc(cc1)c1cscn1)Br
RKB-03552261,hit_09,c1c(c(cc(n1)C(OCC)=O)B1OC(C(O1)(C)C)(C)C)C,screen_SCRN_59,SCRN_59,c_87d08dc489,P(C1CCCC1)(C(C)(C)C)C(C)(C)C.P(C1CCCC1)(C(C)(C)C)C(C)(C)C.[Pd](Cl)Cl.[Fe]|MeOH,,Pd(dtbpf)Cl2,MeOH,100.0,18.0,0,C(c1ccc(cc1)c1cscn1)Br
RKB-03552262,hit_09,c1c(c(cc(n1)C(OCC)=O)B1OC(C(O1)(C)C)(C)C)C,screen_SCRN_59,SCRN_59,c_30116215bd,[Pd].C(P(C(C)(C)C)C(C)(C)C)(C)(C)C.C(P(C(C)(C)C)C(C)(C)C)(C)(C)C|MeOH,,Pd(P(tBu)3)2,MeOH,100.0,18.0,0,C(c1ccc(cc1)c1cscn1)Br
RKB-03552263,hit_09,c1c(c(cc(n1)C(OCC)=O)B1OC(C(O1)(C)C)(C)C)C,screen_SCRN_59,SCRN_59,c_99aeac08ec,O1c2c(C(c3c1c(ccc3)P(c1ccccc1)c1ccccc1)(C)C)cccc2P(c1ccccc1)c1ccccc1.Cl[Pd]Cl|MeCN,,Pd(XanthPhos)Cl2,MeCN,100.0,18.0,0,C(c1ccc(cc1)c1cscn1)Br
RKB-03552265,hit_09,c1c(c(cc(n1)C(OCC)=O)B1OC(C(O1)(C)C)(C)C)C,screen_SCRN_59,SCRN_59,c_e8d46c9e9a,[Pd].P(c1ccccc1)(c1ccccc1)c1ccccc1.P(c1ccccc1)(c1ccccc1)c1ccccc1.P(c1ccccc1)(c1ccccc1)c1ccccc1.P(c1ccccc1)(c1ccccc1)c1ccccc1|MeOH,,Pd(P(Ph)3)4),MeOH,100.0,18.0,0,C(c1ccc(cc1)c1cscn1)Br
RKB-03552266,hit_09,c1c(c(cc(n1)C(OCC)=O)B1OC(C(O1)(C)C)(C)C)C,screen_SCRN_59,SCRN_59,c_fb0fd7c858,[Pd](Cl)Cl.P(C1CCCCC1)(C1CCCCC1)C1CCCCC1.P(C1CCCCC1)(C1CCCCC1)C1CCCCC1|THF,,Pd(P(Cy)3)2Cl2,THF,100.0,18.0,0,C(c1ccc(cc1)c1cscn1)Br
RKB-03552267,hit_09,c1c(c(cc(n1)C(OCC)=O)B1OC(C(O1)(C)C)(C)C)C,screen_SCRN_59,SCRN_59,c_c4be4d3b3e,c1(c2c(P(C3CCCCC3)C3CCCCC3)cccc2)c(cc(cc1C(C)C)C(C)C)C(C)C|MeOH,Pd(OAc)2,Pd(OAc)2/XPhos,MeOH,100.0,18.0,0,C(c1ccc(cc1)c1cscn1)Br
RKB-03552268,hit_09,c1c(c(cc(n1)C(OCC)=O)B1OC(C(O1)(C)C)(C)C)C,screen_SCRN_59,SCRN_59,c_ba1fa7db09,O1c2c(C(c3c1c(ccc3)P(c1ccccc1)c1ccccc1)(C)C)cccc2P(c1ccccc1)c1ccccc1.Cl[Pd]Cl|MeOH,,Pd(XanthPhos)Cl2,MeOH,100.0,18.0,0,C(c1ccc(cc1)c1cscn1)Br
RKB-03552269,hit_09,c1c(c(cc(n1)C(OCC)=O)B1OC(C(O1)(C)C)(C)C)C,screen_SCRN_59,SCRN_59,c_7dc2ed3bef,C1(C(C(C(C1c1ccccc1)c1ccccc1)c1ccccc1)c1ccccc1)c1ccccc1.P(C(C)(C)C)(C(C)(C)C)C1CCCC1.C1(C(C(C(C1c1ccccc1)c1ccccc1)c1ccccc1)c1ccccc1)c1ccccc1.P(C(C)(C)C)(C(C)(C)C)C1CCCC1.[Fe].[Fe].[Pd]|MeOH,,Pd(QPhos)2,MeOH,100.0,18.0,0,C(c1ccc(cc1)c1cscn1)Br
RKB-03552270,hit_09,c1c(c(cc(n1)C(OCC)=O)B1OC(C(O1)(C)C)(C)C)C,screen_SCRN_59,SCRN_59,c_24a01a5b7d,[Pd](Cl)Cl.P(C1CCCCC1)(C1CCCCC1)C1CCCCC1.P(C1CCCCC1)(C1CCCCC1)C1CCCCC1|MeOH,,Pd(P(Cy)3)2Cl2,MeOH,100.0,18.0,0,C(c1ccc(cc1)c1cscn1)Br
RKB-03552287,hit_09,c1c(c(cc(n1)C(OCC)=O)B1OC(C(O1)(C)C)(C)C)C,screen_SCRN_59,SCRN_59,c_1d9e641278,[Pd](Cl)Cl.P(c1c(cccc1)C)(c1c(cccc1)C)c1c(cccc1)C.P(c1c(cccc1)C)(c1c(cccc1)C)c1c(cccc1)C|MeOH,,Pd(P(o-Tol)3)2Cl2,MeOH,100.0,18.0,0,C(c1ccc(cc1)c1cscn1)Br
RKB-03552288,hit_09,c1c(c(cc(n1)C(OCC)=O)B1OC(C(O1)(C)C)(C)C)C,screen_SCRN_59,SCRN_59,c_dd752d0e98,n1c(c(c(n1c1ccccc1)c1ccccc1)n1nccc1P(C(C)(C)C)(C(C)(C)C)[Pd](Cl)Cl)c1ccccc1|MeOH,,Pd(BiPyPhos)(Cl)2,MeOH,100.0,18.0,0,C(c1ccc(cc1)c1cscn1)Br
RKB-03552289,hit_09,c1c(c(cc(n1)C(OCC)=O)B1OC(C(O1)(C)C)(C)C)C,screen_SCRN_59,SCRN_59,c_b4e663cbcf,P([C@]12C[C@@H]3C[C@H](C2)C[C@@H](C1)C3)([C@]12C[C@@H]3C[C@@H](C2)C[C@@H](C1)C3)CCCC|MeOH,Pd(OAc)2,Pd(OAc)2/CataCXium A,MeOH,100.0,18.0,0,C(c1ccc(cc1)c1cscn1)Br
RKB-03552290,hit_09,c1c(c(cc(n1)C(OCC)=O)B1OC(C(O1)(C)C)(C)C)C,screen_SCRN_59,SCRN_59,c_fb0fd7c858,[Pd](Cl)Cl.P(C1CCCCC1)(C1CCCCC1)C1CCCCC1.P(C1CCCCC1)(C1CCCCC1)C1CCCCC1|THF,,Pd(P(Cy)3)2Cl2,THF,100.0,18.0,0,C(c1ccc(cc1)c1cscn1)Br
RKB-03552291,hit_09,c1c(c(cc(n1)C(OCC)=O)B1OC(C(O1)(C)C)(C)C)C,screen_SCRN_59,SCRN_59,c_87d08dc489,P(C1CCCC1)(C(C)(C)C)C(C)(C)C.P(C1CCCC1)(C(C)(C)C)C(C)(C)C.[Pd](Cl)Cl.[Fe]|MeOH,,Pd(dtbpf)Cl2,MeOH,100.0,18.0,0,C(c1ccc(cc1)c1cscn1)Br
RKB-03552293,hit_09,c1c(c(cc(n1)C(OCC)=O)B1OC(C(O1)(C)C)(C)C)C,screen_SCRN_59,SCRN_59,c_ad8305297d,[Pd](Cl)Cl.P(c1c(cccc1)C)(c1c(cccc1)C)c1c(cccc1)C.P(c1c(cccc1)C)(c1c(cccc1)C)c1c(cccc1)C|THF,,Pd(P(o-Tol)3)2Cl2,THF,100.0,18.0,0,C(c1ccc(cc1)c1cscn1)Br
RKB-03552317,hit_09,c1c(c(cc(n1)C(OCC)=O)B1OC(C(O1)(C)C)(C)C)C,screen_SCRN_59,SCRN_59,c_e7bd21231d,P(C1CCCC1)(c1ccccc1)c1ccccc1.P(C1CCCC1)(c1ccccc1)c1ccccc1.C(Cl)Cl.[Pd](Cl)Cl.[Fe]|MeOH,,Pd(dppf)Cl2,MeOH,100.0,18.0,66,C(c1ccc(cc1)c1cscn1)Br
RKB-03552319,hit_09,c1c(c(cc(n1)C(OCC)=O)B1OC(C(O1)(C)C)(C)C)C,screen_SCRN_59,SCRN_59,c_30116215bd,[Pd].C(P(C(C)(C)C)C(C)(C)C)(C)(C)C.C(P(C(C)(C)C)C(C)(C)C)(C)(C)C|MeOH,,Pd(P(tBu)3)2,MeOH,100.0,18.0,0,C(c1ccc(cc1)c1cscn1)Br
RKB-03552320,hit_09,c1c(c(cc(n1)C(OCC)=O)B1OC(C(O1)(C)C)(C)C)C,screen_SCRN_59,SCRN_59,c_a88c92ca46,C1(C(C(C(C1c1ccccc1)c1ccccc1)c1ccccc1)c1ccccc1)c1ccccc1.P(C(C)(C)C)(C(C)(C)C)C1CCCC1.C1(C(C(C(C1c1ccccc1)c1ccccc1)c1ccccc1)c1ccccc1)c1ccccc1.P(C(C)(C)C)(C(C)(C)C)C1CCCC1.[Fe].[Fe].[Pd]|Toluene,,Pd(QPhos)2,Toluene,100.0,18.0,0,C(c1ccc(cc1)c1cscn1)Br
RKB-03552321,hit_09,c1c(c(cc(n1)C(OCC)=O)B1OC(C(O1)(C)C)(C)C)C,screen_SCRN_59,SCRN_59,c_493aa05fab,O1c2c(C(c3c1c(ccc3)P(c1ccccc1)c1ccccc1)(C)C)cccc2P(c1ccccc1)c1ccccc1.Cl[Pd]Cl|Toluene,,Pd(XanthPhos)Cl2,Toluene,100.0,18.0,0,C(c1ccc(cc1)c1cscn1)Br
RKB-03552322,hit_09,c1c(c(cc(n1)C(OCC)=O)B1OC(C(O1)(C)C)(C)C)C,screen_SCRN_59,SCRN_59,c_3c160df052,c1(c2c(P(C3CCCCC3)C3CCCCC3)cccc2)c(cc(cc1C(C)C)C(C)C)C(C)C|Toluene,Pd(OAc)2,Pd(OAc)2/XPhos,Toluene,100.0,18.0,0,C(c1ccc(cc1)c1cscn1)Br
RKB-03552323,hit_09,c1c(c(cc(n1)C(OCC)=O)B1OC(C(O1)(C)C)(C)C)C,screen_SCRN_59,SCRN_59,c_9e3adb389c,P(C1CCCC1)(c1ccccc1)c1ccccc1.P(C1CCCC1)(c1ccccc1)c1ccccc1.C(Cl)Cl.[Pd](Cl)Cl.[Fe]|Toluene,,Pd(dppf)Cl2,Toluene,100.0,18.0,0,C(c1ccc(cc1)c1cscn1)Br
RKB-03552324,hit_09,c1c(c(cc(n1)C(OCC)=O)B1OC(C(O1)(C)C)(C)C)C,screen_SCRN_59,SCRN_59,c_32f061b282,P(C1CCCC1)(C(C)(C)C)C(C)(C)C.P(C1CCCC1)(C(C)(C)C)C(C)(C)C.[Pd](Cl)Cl.[Fe]|Toluene,,Pd(dtbpf)Cl2,Toluene,100.0,18.0,0,C(c1ccc(cc1)c1cscn1)Br
RKB-03552325,hit_09,c1c(c(cc(n1)C(OCC)=O)B1OC(C(O1)(C)C)(C)C)C,screen_SCRN_59,SCRN_59,c_5e8279fbea,[Pd](Cl)Cl.P(C(C)(C)C)(C(C)(C)C)c1ccc(N(C)C)cc1.P(C(C)(C)C)(C(C)(C)C)c1ccc(N(C)C)cc1|Toluene,,Pd-132,Toluene,100.0,18.0,0,C(c1ccc(cc1)c1cscn1)Br
RKB-03552326,hit_09,c1c(c(cc(n1)C(OCC)=O)B1OC(C(O1)(C)C)(C)C)C,screen_SCRN_59,SCRN_59,c_577ff4ada9,P([C@]12C[C@@H]3C[C@H](C2)C[C@@H](C1)C3)([C@]12C[C@@H]3C[C@@H](C2)C[C@@H](C1)C3)CCCC|Toluene,Pd(OAc)2,Pd(OAc)2/CataCXium A,Toluene,100.0,18.0,0,C(c1ccc(cc1)c1cscn1)Br
RKB-03552327,hit_09,c1c(c(cc(n1)C(OCC)=O)B1OC(C(O1)(C)C)(C)C)C,screen_SCRN_59,SCRN_59,c_5570c5f42c,n1c(c(c(n1c1ccccc1)c1ccccc1)n1nccc1P(C(C)(C)C)(C(C)(C)C)[Pd](Cl)Cl)c1ccccc1|Toluene,,Pd(BiPyPhos)(Cl)2,Toluene,100.0,18.0,0,C(c1ccc(cc1)c1cscn1)Br
RKB-03552328,hit_09,c1c(c(cc(n1)C(OCC)=O)B1OC(C(O1)(C)C)(C)C)C,screen_SCRN_59,SCRN_59,c_599a93c125,[Pd](Cl)Cl.P(c1c(cccc1)C)(c1c(cccc1)C)c1c(cccc1)C.P(c1c(cccc1)C)(c1c(cccc1)C)c1c(cccc1)C|Toluene,,Pd(P(o-Tol)3)2Cl2,Toluene,100.0,18.0,0,C(c1ccc(cc1)c1cscn1)Br
RKB-03552329,hit_09,c1c(c(cc(n1)C(OCC)=O)B1OC(C(O1)(C)C)(C)C)C,screen_SCRN_59,SCRN_59,c_23c32c1777,[Pd](Cl)Cl.P(C1CCCCC1)(C1CCCCC1)C1CCCCC1.P(C1CCCCC1)(C1CCCCC1)C1CCCCC1|Toluene,,Pd(P(Cy)3)2Cl2,Toluene,100.0,18.0,0,C(c1ccc(cc1)c1cscn1)Br
RKB-03552330,hit_09,c1c(c(cc(n1)C(OCC)=O)B1OC(C(O1)(C)C)(C)C)C,screen_SCRN_59,SCRN_59,c_a88c92ca46,C1(C(C(C(C1c1ccccc1)c1ccccc1)c1ccccc1)c1ccccc1)c1ccccc1.P(C(C)(C)C)(C(C)(C)C)C1CCCC1.C1(C(C(C(C1c1ccccc1)c1ccccc1)c1ccccc1)c1ccccc1)c1ccccc1.P(C(C)(C)C)(C(C)(C)C)C1CCCC1.[Fe].[Fe].[Pd]|Toluene,,Pd(QPhos)2,Toluene,100.0,18.0,0,C(c1ccc(cc1)c1cscn1)Br
RKB-03552331,hit_09,c1c(c(cc(n1)C(OCC)=O)B1OC(C(O1)(C)C)(C)C)C,screen_SCRN_59,SCRN_59,c_493aa05fab,O1c2c(C(c3c1c(ccc3)P(c1ccccc1)c1ccccc1)(C)C)cccc2P(c1ccccc1)c1ccccc1.Cl[Pd]Cl|Toluene,,Pd(XanthPhos)Cl2,Toluene,100.0,18.0,0,C(c1ccc(cc1)c1cscn1)Br
RKB-03552332,hit_09,c1c(c(cc(n1)C(OCC)=O)B1OC(C(O1)(C)C)(C)C)C,screen_SCRN_59,SCRN_59,c_3c160df052,c1(c2c(P(C3CCCCC3)C3CCCCC3)cccc2)c(cc(cc1C(C)C)C(C)C)C(C)C|Toluene,Pd(OAc)2,Pd(OAc)2/XPhos,Toluene,100.0,18.0,0,C(c1ccc(cc1)c1cscn1)Br
RKB-03552333,hit_09,c1c(c(cc(n1)C(OCC)=O)B1OC(C(O1)(C)C)(C)C)C,screen_SCRN_59,SCRN_59,c_14f5c30068,[Pd](Cl)Cl.P(C1CCCCC1)(C1CCCCC1)C1CCCCC1.P(C1CCCCC1)(C1CCCCC1)C1CCCCC1|MeCN,,Pd(P(Cy)3)2Cl2,MeCN,100.0,18.0,0,C(c1ccc(cc1)c1cscn1)Br
RKB-03552334,hit_09,c1c(c(cc(n1)C(OCC)=O)B1OC(C(O1)(C)C)(C)C)C,screen_SCRN_59,SCRN_59,c_c3b27856cb,[Pd](Cl)Cl.P(c1c(cccc1)C)(c1c(cccc1)C)c1c(cccc1)C.P(c1c(cccc1)C)(c1c(cccc1)C)c1c(cccc1)C|MeCN,,Pd(P(o-Tol)3)2Cl2,MeCN,100.0,18.0,0,C(c1ccc(cc1)c1cscn1)Br
RKB-03552351,hit_09,c1c(c(cc(n1)C(OCC)=O)B1OC(C(O1)(C)C)(C)C)C,screen_SCRN_59,SCRN_59,c_32f061b282,P(C1CCCC1)(C(C)(C)C)C(C)(C)C.P(C1CCCC1)(C(C)(C)C)C(C)(C)C.[Pd](Cl)Cl.[Fe]|Toluene,,Pd(dtbpf)Cl2,Toluene,100.0,18.0,0,C(c1ccc(cc1)c1cscn1)Br
RKB-03552352,hit_09,c1c(c(cc(n1)C(OCC)=O)B1OC(C(O1)(C)C)(C)C)C,screen_SCRN_59,SCRN_59,c_40534c4f12,[Pd].P(c1ccccc1)(c1ccccc1)c1ccccc1.P(c1ccccc1)(c1ccccc1)c1ccccc1.P(c1ccccc1)(c1ccccc1)c1ccccc1.P(c1ccccc1)(c1ccccc1)c1ccccc1|Toluene,,Pd(P(Ph)3)4),Toluene,100.0,18.0,0,C(c1ccc(cc1)c1cscn1)Br
RKB-03552353,hit_09,c1c(c(cc(n1)C(OCC)=O)B1OC(C(O1)(C)C)(C)C)C,screen_SCRN_59,SCRN_59,c_b6552437bf,n1c(c(c(n1c1ccccc1)c1ccccc1)n1nccc1P(C(C)(C)C)(C(C)(C)C)[Pd](Cl)Cl)c1ccccc1|MeCN,,Pd(BiPyPhos)(Cl)2,MeCN,100.0,18.0,0,C(c1ccc(cc1)c1cscn1)Br
RKB-03552354,hit_09,c1c(c(cc(n1)C(OCC)=O)B1OC(C(O1)(C)C)(C)C)C,screen_SCRN_59,SCRN_59,c_4076342b87,[Pd].C(P(C(C)(C)C)C(C)(C)C)(C)(C)C.C(P(C(C)(C)C)C(C)(C)C)(C)(C)C|Toluene,,Pd(P(tBu)3)2,Toluene,100.0,18.0,0,C(c1ccc(cc1)c1cscn1)Br
RKB-03552356,hit_09,c1c(c(cc(n1)C(OCC)=O)B1OC(C(O1)(C)C)(C)C)C,screen_SCRN_59,SCRN_59,c_3ee2d5105a,P([C@]12C[C@@H]3C[C@H](C2)C[C@@H](C1)C3)([C@]12C[C@@H]3C[C@@H](C2)C[C@@H](C1)C3)CCCC|MeCN,Pd(OAc)2,Pd(OAc)2/CataCXium A,MeCN,100.0,18.0,0,C(c1ccc(cc1)c1cscn1)Br
RKB-03552357,hit_09,c1c(c(cc(n1)C(OCC)=O)B1OC(C(O1)(C)C)(C)C)C,screen_SCRN_59,SCRN_59,c_3196604cd9,[Pd](Cl)Cl.P(C(C)(C)C)(C(C)(C)C)c1ccc(N(C)C)cc1.P(C(C)(C)C)(C(C)(C)C)c1ccc(N(C)C)cc1|MeCN,,Pd-132,MeCN,100.0,18.0,0,C(c1ccc(cc1)c1cscn1)Br
RKB-03552358,hit_09,c1c(c(cc(n1)C(OCC)=O)B1OC(C(O1)(C)C)(C)C)C,screen_SCRN_59,SCRN_59,c_2db771aad0,c1(c2c(P(C3CCCCC3)C3CCCCC3)cccc2)c(cc(cc1C(C)C)C(C)C)C(C)C|THF,Pd(OAc)2,Pd(OAc)2/XPhos,THF,100.0,18.0,0,C(c1ccc(cc1)c1cscn1)Br
RKB-03552363,hit_09,c1c(c(cc(n1)C(OCC)=O)B1OC(C(O1)(C)C)(C)C)C,screen_SCRN_59,SCRN_59,c_5e8279fbea,[Pd](Cl)Cl.P(C(C)(C)C)(C(C)(C)C)c1ccc(N(C)C)cc1.P(C(C)(C)C)(C(C)(C)C)c1ccc(N(C)C)cc1|Toluene,,Pd-132,Toluene,100.0,18.0,0,C(c1ccc(cc1)c1cscn1)Br
RKB-03552364,hit_09,c1c(c(cc(n1)C(OCC)=O)B1OC(C(O1)(C)C)(C)C)C,screen_SCRN_59,SCRN_59,c_577ff4ada9,P([C@]12C[C@@H]3C[C@H](C2)C[C@@H](C1)C3)([C@]12C[C@@H]3C[C@@H](C2)C[C@@H](C1)C3)CCCC|Toluene,Pd(OAc)2,Pd(OAc)2/CataCXium A,Toluene,100.0,18.0,0,C(c1ccc(cc1)c1cscn1)Br
RKB-03552365,hit_09,c1c(c(cc(n1)C(OCC)=O)B1OC(C(O1)(C)C)(C)C)C,screen_SCRN_59,SCRN_59,c_5570c5f42c,n1c(c(c(n1c1ccccc1)c1ccccc1)n1nccc1P(C(C)(C)C)(C(C)(C)C)[Pd](Cl)Cl)c1ccccc1|Toluene,,Pd(BiPyPhos)(Cl)2,Toluene,100.0,18.0,0,C(c1ccc(cc1)c1cscn1)Br
RKB-03552366,hit_09,c1c(c(cc(n1)C(OCC)=O)B1OC(C(O1)(C)C)(C)C)C,screen_SCRN_59,SCRN_59,c_599a93c125,[Pd](Cl)Cl.P(c1c(cccc1)C)(c1c(cccc1)C)c1c(cccc1)C.P(c1c(cccc1)C)(c1c(cccc1)C)c1c(cccc1)C|Toluene,,Pd(P(o-Tol)3)2Cl2,Toluene,100.0,18.0,0,C(c1ccc(cc1)c1cscn1)Br
RKB-03552371,hit_09,c1c(c(cc(n1)C(OCC)=O)B1OC(C(O1)(C)C)(C)C)C,screen_SCRN_59,SCRN_59,c_ba1fa7db09,O1c2c(C(c3c1c(ccc3)P(c1ccccc1)c1ccccc1)(C)C)cccc2P(c1ccccc1)c1ccccc1.Cl[Pd]Cl|MeOH,,Pd(XanthPhos)Cl2,MeOH,100.0,18.0,51,C(c1ccc(cc1)c1cscn1)Br
RKB-03552376,hit_09,c1c(c(cc(n1)C(OCC)=O)B1OC(C(O1)(C)C)(C)C)C,screen_SCRN_59,SCRN_59,c_e8d46c9e9a,[Pd].P(c1ccccc1)(c1ccccc1)c1ccccc1.P(c1ccccc1)(c1ccccc1)c1ccccc1.P(c1ccccc1)(c1ccccc1)c1ccccc1.P(c1ccccc1)(c1ccccc1)c1ccccc1|MeOH,,Pd(P(Ph)3)4),MeOH,100.0,18.0,48,C(c1ccc(cc1)c1cscn1)Br
RKB-03552382,hit_09,c1c(c(cc(n1)C(OCC)=O)B1OC(C(O1)(C)C)(C)C)C,screen_SCRN_59,SCRN_59,c_96da66f8fe,P(C1CCCC1)(c1ccccc1)c1ccccc1.P(C1CCCC1)(c1ccccc1)c1ccccc1.C(Cl)Cl.[Pd](Cl)Cl.[Fe]|THF,,Pd(dppf)Cl2,THF,100.0,18.0,41,C(c1ccc(cc1)c1cscn1)Br
RKB-03552383,hit_09,c1c(c(cc(n1)C(OCC)=O)B1OC(C(O1)(C)C)(C)C)C,screen_SCRN_59,SCRN_59,c_23c32c1777,[Pd](Cl)Cl.P(C1CCCCC1)(C1CCCCC1)C1CCCCC1.P(C1CCCCC1)(C1CCCCC1)C1CCCCC1|Toluene,,Pd(P(Cy)3)2Cl2,Toluene,100.0,18.0,0,C(c1ccc(cc1)c1cscn1)Br
RKB-03552384,hit_09,c1c(c(cc(n1)C(OCC)=O)B1OC(C(O1)(C)C)(C)C)C,screen_SCRN_59,SCRN_59,c_a88c92ca46,C1(C(C(C(C1c1ccccc1)c1ccccc1)c1ccccc1)c1ccccc1)c1ccccc1.P(C(C)(C)C)(C(C)(C)C)C1CCCC1.C1(C(C(C(C1c1ccccc1)c1ccccc1)c1ccccc1)c1ccccc1)c1ccccc1.P(C(C)(C)C)(C(C)(C)C)C1CCCC1.[Fe].[Fe].[Pd]|Toluene,,Pd(QPhos)2,Toluene,100.0,18.0,0,C(c1ccc(cc1)c1cscn1)Br
RKB-03552385,hit_09,c1c(c(cc(n1)C(OCC)=O)B1OC(C(O1)(C)C)(C)C)C,screen_SCRN_59,SCRN_59,c_493aa05fab,O1c2c(C(c3c1c(ccc3)P(c1ccccc1)c1ccccc1)(C)C)cccc2P(c1ccccc1)c1ccccc1.Cl[Pd]Cl|Toluene,,Pd(XanthPhos)Cl2,Toluene,100.0,18.0,0,C(c1ccc(cc1)c1cscn1)Br
RKB-03552386,hit_09,c1c(c(cc(n1)C(OCC)=O)B1OC(C(O1)(C)C)(C)C)C,screen_SCRN_59,SCRN_59,c_3c160df052,c1(c2c(P(C3CCCCC3)C3CCCCC3)cccc2)c(cc(cc1C(C)C)C(C)C)C(C)C|Toluene,Pd(OAc)2,Pd(OAc)2/XPhos,Toluene,100.0,18.0,0,C(c1ccc(cc1)c1cscn1)Br
RKB-03552387,hit_09,c1c(c(cc(n1)C(OCC)=O)B1OC(C(O1)(C)C)(C)C)C,screen_SCRN_59,SCRN_59,c_9e3adb389c,P(C1CCCC1)(c1ccccc1)c1ccccc1.P(C1CCCC1)(c1ccccc1)c1ccccc1.C(Cl)Cl.[Pd](Cl)Cl.[Fe]|Toluene,,Pd(dppf)Cl2,Toluene,100.0,18.0,0,C(c1ccc(cc1)c1cscn1)Br
RKB-03552388,hit_09,c1c(c(cc(n1)C(OCC)=O)B1OC(C(O1)(C)C)(C)C)C,screen_SCRN_59,SCRN_59,c_4076342b87,[Pd].C(P(C(C)(C)C)C(C)(C)C)(C)(C)C.C(P(C(C)(C)C)C(C)(C)C)(C)(C)C|Toluene,,Pd(P(tBu)3)2,Toluene,100.0,18.0,0,C(c1ccc(cc1)c1cscn1)Br
RKB-03552389,hit_09,c1c(c(cc(n1)C(OCC)=O)B1OC(C(O1)(C)C)(C)C)C,screen_SCRN_59,SCRN_59,c_40534c4f12,[Pd].P(c1ccccc1)(c1ccccc1)c1ccccc1.P(c1ccccc1)(c1ccccc1)c1ccccc1.P(c1ccccc1)(c1ccccc1)c1ccccc1.P(c1ccccc1)(c1ccccc1)c1ccccc1|Toluene,,Pd(P(Ph)3)4),Toluene,100.0,18.0,0,C(c1ccc(cc1)c1cscn1)Br
RKB-03552390,hit_09,c1c(c(cc(n1)C(OCC)=O)B1OC(C(O1)(C)C)(C)C)C,screen_SCRN_59,SCRN_59,c_32f061b282,P(C1CCCC1)(C(C)(C)C)C(C)(C)C.P(C1CCCC1)(C(C)(C)C)C(C)(C)C.[Pd](Cl)Cl.[Fe]|Toluene,,Pd(dtbpf)Cl2,Toluene,100.0,18.0,0,C(c1ccc(cc1)c1cscn1)Br
RKB-03552391,hit_09,c1c(c(cc(n1)C(OCC)=O)B1OC(C(O1)(C)C)(C)C)C,screen_SCRN_59,SCRN_59,c_5e8279fbea,[Pd](Cl)Cl.P(C(C)(C)C)(C(C)(C)C)c1ccc(N(C)C)cc1.P(C(C)(C)C)(C(C)(C)C)c1ccc(N(C)C)cc1|Toluene,,Pd-132,Toluene,100.0,18.0,0,C(c1ccc(cc1)c1cscn1)Br
RKB-03552392,hit_09,c1c(c(cc(n1)C(OCC)=O)B1OC(C(O1)(C)C)(C)C)C,screen_SCRN_59,SCRN_59,c_577ff4ada9,P([C@]12C[C@@H]3C[C@H](C2)C[C@@H](C1)C3)([C@]12C[C@@H]3C[C@@H](C2)C[C@@H](C1)C3)CCCC|Toluene,Pd(OAc)2,Pd(OAc)2/CataCXium A,Toluene,100.0,18.0,0,C(c1ccc(cc1)c1cscn1)Br
RKB-03552393,hit_09,c1c(c(cc(n1)C(OCC)=O)B1OC(C(O1)(C)C)(C)C)C,screen_SCRN_59,SCRN_59,c_5570c5f42c,n1c(c(c(n1c1ccccc1)c1ccccc1)n1nccc1P(C(C)(C)C)(C(C)(C)C)[Pd](Cl)Cl)c1ccccc1|Toluene,,Pd(BiPyPhos)(Cl)2,Toluene,100.0,18.0,0,C(c1ccc(cc1)c1cscn1)Br
RKB-03552394,hit_09,c1c(c(cc(n1)C(OCC)=O)B1OC(C(O1)(C)C)(C)C)C,screen_SCRN_59,SCRN_59,c_599a93c125,[Pd](Cl)Cl.P(c1c(cccc1)C)(c1c(cccc1)C)c1c(cccc1)C.P(c1c(cccc1)C)(c1c(cccc1)C)c1c(cccc1)C|Toluene,,Pd(P(o-Tol)3)2Cl2,Toluene,100.0,18.0,0,C(c1ccc(cc1)c1cscn1)Br
RKB-03552395,hit_09,c1c(c(cc(n1)C(OCC)=O)B1OC(C(O1)(C)C)(C)C)C,screen_SCRN_59,SCRN_59,c_23c32c1777,[Pd](Cl)Cl.P(C1CCCCC1)(C1CCCCC1)C1CCCCC1.P(C1CCCCC1)(C1CCCCC1)C1CCCCC1|Toluene,,Pd(P(Cy)3)2Cl2,Toluene,100.0,18.0,0,C(c1ccc(cc1)c1cscn1)Br
RKB-03552396,hit_09,c1c(c(cc(n1)C(OCC)=O)B1OC(C(O1)(C)C)(C)C)C,screen_SCRN_59,SCRN_59,c_a88c92ca46,C1(C(C(C(C1c1ccccc1)c1ccccc1)c1ccccc1)c1ccccc1)c1ccccc1.P(C(C)(C)C)(C(C)(C)C)C1CCCC1.C1(C(C(C(C1c1ccccc1)c1ccccc1)c1ccccc1)c1ccccc1)c1ccccc1.P(C(C)(C)C)(C(C)(C)C)C1CCCC1.[Fe].[Fe].[Pd]|Toluene,,Pd(QPhos)2,Toluene,100.0,18.0,0,C(c1ccc(cc1)c1cscn1)Br
RKB-03552397,hit_09,c1c(c(cc(n1)C(OCC)=O)B1OC(C(O1)(C)C)(C)C)C,screen_SCRN_59,SCRN_59,c_493aa05fab,O1c2c(C(c3c1c(ccc3)P(c1ccccc1)c1ccccc1)(C)C)cccc2P(c1ccccc1)c1ccccc1.Cl[Pd]Cl|Toluene,,Pd(XanthPhos)Cl2,Toluene,100.0,18.0,0,C(c1ccc(cc1)c1cscn1)Br
RKB-03552398,hit_09,c1c(c(cc(n1)C(OCC)=O)B1OC(C(O1)(C)C)(C)C)C,screen_SCRN_59,SCRN_59,c_3c160df052,c1(c2c(P(C3CCCCC3)C3CCCCC3)cccc2)c(cc(cc1C(C)C)C(C)C)C(C)C|Toluene,Pd(OAc)2,Pd(OAc)2/XPhos,Toluene,100.0,18.0,0,C(c1ccc(cc1)c1cscn1)Br
RKB-03552402,hit_09,c1c(c(cc(n1)C(OCC)=O)B1OC(C(O1)(C)C)(C)C)C,screen_SCRN_59,SCRN_59,c_e7bd21231d,P(C1CCCC1)(c1ccccc1)c1ccccc1.P(C1CCCC1)(c1ccccc1)c1ccccc1.C(Cl)Cl.[Pd](Cl)Cl.[Fe]|MeOH,,Pd(dppf)Cl2,MeOH,100.0,18.0,39,C(c1ccc(cc1)c1cscn1)Br
RKB-03552409,hit_09,c1c(c(cc(n1)C(OCC)=O)B1OC(C(O1)(C)C)(C)C)C,screen_SCRN_59,SCRN_59,c_87611e347b,C1(C(C(C(C1c1ccccc1)c1ccccc1)c1ccccc1)c1ccccc1)c1ccccc1.P(C(C)(C)C)(C(C)(C)C)C1CCCC1.C1(C(C(C(C1c1ccccc1)c1ccccc1)c1ccccc1)c1ccccc1)c1ccccc1.P(C(C)(C)C)(C(C)(C)C)C1CCCC1.[Fe].[Fe].[Pd]|THF,,Pd(QPhos)2,THF,100.0,18.0,36,C(c1ccc(cc1)c1cscn1)Br
RKB-03552412,hit_09,c1c(c(cc(n1)C(OCC)=O)B1OC(C(O1)(C)C)(C)C)C,screen_SCRN_59,SCRN_59,c_99aeac08ec,O1c2c(C(c3c1c(ccc3)P(c1ccccc1)c1ccccc1)(C)C)cccc2P(c1ccccc1)c1ccccc1.Cl[Pd]Cl|MeCN,,Pd(XanthPhos)Cl2,MeCN,100.0,18.0,35,C(c1ccc(cc1)c1cscn1)Br
RKB-03552413,hit_09,c1c(c(cc(n1)C(OCC)=O)B1OC(C(O1)(C)C)(C)C)C,screen_SCRN_59,SCRN_59,c_dd752d0e98,n1c(c(c(n1c1ccccc1)c1ccccc1)n1nccc1P(C(C)(C)C)(C(C)(C)C)[Pd](Cl)Cl)c1ccccc1|MeOH,,Pd(BiPyPhos)(Cl)2,MeOH,100.0,18.0,33,C(c1ccc(cc1)c1cscn1)Br
RKB-03552415,hit_09,c1c(c(cc(n1)C(OCC)=O)B1OC(C(O1)(C)C)(C)C)C,screen_SCRN_59,SCRN_59,c_9e3adb389c,P(C1CCCC1)(c1ccccc1)c1ccccc1.P(C1CCCC1)(c1ccccc1)c1ccccc1.C(Cl)Cl.[Pd](Cl)Cl.[Fe]|Toluene,,Pd(dppf)Cl2,Toluene,100.0,18.0,0,C(c1ccc(cc1)c1cscn1)Br
RKB-03552416,hit_09,c1c(c(cc(n1)C(OCC)=O)B1OC(C(O1)(C)C)(C)C)C,screen_SCRN_59,SCRN_59,c_4076342b87,[Pd].C(P(C(C)(C)C)C(C)(C)C)(C)(C)C.C(P(C(C)(C)C)C(C)(C)C)(C)(C)C|Toluene,,Pd(P(tBu)3)2,Toluene,100.0,18.0,0,C(c1ccc(cc1)c1cscn1)Br
RKB-03552417,hit_09,c1c(c(cc(n1)C(OCC)=O)B1OC(C(O1)(C)C)(C)C)C,screen_SCRN_59,SCRN_59,c_32f061b282,P(C1CCCC1)(C(C)(C)C)C(C)(C)C.P(C1CCCC1)(C(C)(C)C)C(C)(C)C.[Pd](Cl)Cl.[Fe]|Toluene,,Pd(dtbpf)Cl2,Toluene,100.0,18.0,0,C(c1ccc(cc1)c1cscn1)Br
RKB-03552418,hit_09,c1c(c(cc(n1)C(OCC)=O)B1OC(C(O1)(C)C)(C)C)C,screen_SCRN_59,SCRN_59,c_5e8279fbea,[Pd](Cl)Cl.P(C(C)(C)C)(C(C)(C)C)c1ccc(N(C)C)cc1.P(C(C)(C)C)(C(C)(C)C)c1ccc(N(C)C)cc1|Toluene,,Pd-132,Toluene,100.0,18.0,0,C(c1ccc(cc1)c1cscn1)Br
RKB-03552419,hit_09,c1c(c(cc(n1)C(OCC)=O)B1OC(C(O1)(C)C)(C)C)C,screen_SCRN_59,SCRN_59,c_577ff4ada9,P([C@]12C[C@@H]3C[C@H](C2)C[C@@H](C1)C3)([C@]12C[C@@H]3C[C@@H](C2)C[C@@H](C1)C3)CCCC|Toluene,Pd(OAc)2,Pd(OAc)2/CataCXium A,Toluene,100.0,18.0,0,C(c1ccc(cc1)c1cscn1)Br
RKB-03552420,hit_09,c1c(c(cc(n1)C(OCC)=O)B1OC(C(O1)(C)C)(C)C)C,screen_SCRN_59,SCRN_59,c_5570c5f42c,n1c(c(c(n1c1ccccc1)c1ccccc1)n1nccc1P(C(C)(C)C)(C(C)(C)C)[Pd](Cl)Cl)c1ccccc1|Toluene,,Pd(BiPyPhos)(Cl)2,Toluene,100.0,18.0,0,C(c1ccc(cc1)c1cscn1)Br
RKB-03552421,hit_09,c1c(c(cc(n1)C(OCC)=O)B1OC(C(O1)(C)C)(C)C)C,screen_SCRN_59,SCRN_59,c_599a93c125,[Pd](Cl)Cl.P(c1c(cccc1)C)(c1c(cccc1)C)c1c(cccc1)C.P(c1c(cccc1)C)(c1c(cccc1)C)c1c(cccc1)C|Toluene,,Pd(P(o-Tol)3)2Cl2,Toluene,100.0,18.0,0,C(c1ccc(cc1)c1cscn1)Br
RKB-03552422,hit_09,c1c(c(cc(n1)C(OCC)=O)B1OC(C(O1)(C)C)(C)C)C,screen_SCRN_59,SCRN_59,c_23c32c1777,[Pd](Cl)Cl.P(C1CCCCC1)(C1CCCCC1)C1CCCCC1.P(C1CCCCC1)(C1CCCCC1)C1CCCCC1|Toluene,,Pd(P(Cy)3)2Cl2,Toluene,100.0,18.0,0,C(c1ccc(cc1)c1cscn1)Br
RKB-03552433,hit_09,c1c(c(cc(n1)C(OCC)=O)B1OC(C(O1)(C)C)(C)C)C,screen_SCRN_59,SCRN_59,c_30116215bd,[Pd].C(P(C(C)(C)C)C(C)(C)C)(C)(C)C.C(P(C(C)(C)C)C(C)(C)C)(C)(C)C|MeOH,,Pd(P(tBu)3)2,MeOH,100.0,18.0,32,C(c1ccc(cc1)c1cscn1)Br
RKB-03552438,hit_09,c1c(c(cc(n1)C(OCC)=O)B1OC(C(O1)(C)C)(C)C)C,screen_SCRN_59,SCRN_59,c_30116215bd,[Pd].C(P(C(C)(C)C)C(C)(C)C)(C)(C)C.C(P(C(C)(C)C)C(C)(C)C)(C)(C)C|MeOH,,Pd(P(tBu)3)2,MeOH,100.0,18.0,26,C(c1ccc(cc1)c1cscn1)Br
RKB-03552439,hit_09,c1c(c(cc(n1)C(OCC)=O)B1OC(C(O1)(C)C)(C)C)C,screen_SCRN_59,SCRN_59,c_04d73ea970,P(C1CCCC1)(C(C)(C)C)C(C)(C)C.P(C1CCCC1)(C(C)(C)C)C(C)(C)C.[Pd](Cl)Cl.[Fe]|THF,,Pd(dtbpf)Cl2,THF,100.0,18.0,26,C(c1ccc(cc1)c1cscn1)Br
RKB-03552441,hit_09,c1c(c(cc(n1)C(OCC)=O)B1OC(C(O1)(C)C)(C)C)C,screen_SCRN_59,SCRN_59,c_dd752d0e98,n1c(c(c(n1c1ccccc1)c1ccccc1)n1nccc1P(C(C)(C)C)(C(C)(C)C)[Pd](Cl)Cl)c1ccccc1|MeOH,,Pd(BiPyPhos)(Cl)2,MeOH,100.0,18.0,26,C(c1ccc(cc1)c1cscn1)Br
RKB-03552442,hit_09,c1c(c(cc(n1)C(OCC)=O)B1OC(C(O1)(C)C)(C)C)C,screen_SCRN_59,SCRN_59,c_c4be4d3b3e,c1(c2c(P(C3CCCCC3)C3CCCCC3)cccc2)c(cc(cc1C(C)C)C(C)C)C(C)C|MeOH,Pd(OAc)2,Pd(OAc)2/XPhos,MeOH,100.0,18.0,24,C(c1ccc(cc1)c1cscn1)Br
RKB-03552443,hit_09,c1c(c(cc(n1)C(OCC)=O)B1OC(C(O1)(C)C)(C)C)C,screen_SCRN_59,SCRN_59,c_1d9e641278,[Pd](Cl)Cl.P(c1c(cccc1)C)(c1c(cccc1)C)c1c(cccc1)C.P(c1c(cccc1)C)(c1c(cccc1)C)c1c(cccc1)C|MeOH,,Pd(P(o-Tol)3)2Cl2,MeOH,100.0,18.0,23,C(c1ccc(cc1)c1cscn1)Br
RKB-03552445,hit_09,c1c(c(cc(n1)C(OCC)=O)B1OC(C(O1)(C)C)(C)C)C,screen_SCRN_59,SCRN_59,c_04d73ea970,P(C1CCCC1)(C(C)(C)C)C(C)(C)C.P(C1CCCC1)(C(C)(C)C)C(C)(C)C.[Pd](Cl)Cl.[Fe]|THF,,Pd(dtbpf)Cl2,THF,100.0,18.0,22,C(c1ccc(cc1)c1cscn1)Br
RKB-03552464,hit_09,c1c(c(cc(n1)C(OCC)=O)B1OC(C(O1)(C)C)(C)C)C,screen_SCRN_59,SCRN_59,c_1f622dc39d,[Pd].C(P(C(C)(C)C)C(C)(C)C)(C)(C)C.C(P(C(C)(C)C)C(C)(C)C)(C)(C)C|THF,,Pd(P(tBu)3)2,THF,100.0,18.0,22,C(c1ccc(cc1)c1cscn1)Br
RKB-03552465,hit_09,c1c(c(cc(n1)C(OCC)=O)B1OC(C(O1)(C)C)(C)C)C,screen_SCRN_59,SCRN_59,c_e564d7612a,[Pd].P(c1ccccc1)(c1ccccc1)c1ccccc1.P(c1ccccc1)(c1ccccc1)c1ccccc1.P(c1ccccc1)(c1ccccc1)c1ccccc1.P(c1ccccc1)(c1ccccc1)c1ccccc1|MeCN,,Pd(P(Ph)3)4),MeCN,100.0,18.0,21,C(c1ccc(cc1)c1cscn1)Br
RKB-03552466,hit_09,c1c(c(cc(n1)C(OCC)=O)B1OC(C(O1)(C)C)(C)C)C,screen_SCRN_59,SCRN_59,c_e564d7612a,[Pd].P(c1ccccc1)(c1ccccc1)c1ccccc1.P(c1ccccc1)(c1ccccc1)c1ccccc1.P(c1ccccc1)(c1ccccc1)c1ccccc1.P(c1ccccc1)(c1ccccc1)c1ccccc1|MeCN,,Pd(P(Ph)3)4),MeCN,100.0,18.0,21,C(c1ccc(cc1)c1cscn1)Br
RKB-03552467,hit_09,c1c(c(cc(n1)C(OCC)=O)B1OC(C(O1)(C)C)(C)C)C,screen_SCRN_59,SCRN_59,c_99aeac08ec,O1c2c(C(c3c1c(ccc3)P(c1ccccc1)c1ccccc1)(C)C)cccc2P(c1ccccc1)c1ccccc1.Cl[Pd]Cl|MeCN,,Pd(XanthPhos)Cl2,MeCN,100.0,18.0,18,C(c1ccc(cc1)c1cscn1)Br
RKB-03552469,hit_09,c1c(c(cc(n1)C(OCC)=O)B1OC(C(O1)(C)C)(C)C)C,screen_SCRN_59,SCRN_59,c_87d08dc489,P(C1CCCC1)(C(C)(C)C)C(C)(C)C.P(C1CCCC1)(C(C)(C)C)C(C)(C)C.[Pd](Cl)Cl.[Fe]|MeOH,,Pd(dtbpf)Cl2,MeOH,100.0,18.0,17,C(c1ccc(cc1)c1cscn1)Br
RKB-03552471,hit_09,c1c(c(cc(n1)C(OCC)=O)B1OC(C(O1)(C)C)(C)C)C,screen_SCRN_59,SCRN_59,c_2db771aad0,c1(c2c(P(C3CCCCC3)C3CCCCC3)cccc2)c(cc(cc1C(C)C)C(C)C)C(C)C|THF,Pd(OAc)2,Pd(OAc)2/XPhos,THF,100.0,18.0,17,C(c1ccc(cc1)c1cscn1)Br
RKB-03552472,hit_09,c1c(c(cc(n1)C(OCC)=O)B1OC(C(O1)(C)C)(C)C)C,screen_SCRN_59,SCRN_59,c_b9c1c9f68d,P(C1CCCC1)(c1ccccc1)c1ccccc1.P(C1CCCC1)(c1ccccc1)c1ccccc1.C(Cl)Cl.[Pd](Cl)Cl.[Fe]|MeCN,,Pd(dppf)Cl2,MeCN,100.0,18.0,17,C(c1ccc(cc1)c1cscn1)Br
RKB-03552473,hit_09,c1c(c(cc(n1)C(OCC)=O)B1OC(C(O1)(C)C)(C)C)C,screen_SCRN_59,SCRN_59,c_b4e663cbcf,P([C@]12C[C@@H]3C[C@H](C2)C[C@@H](C1)C3)([C@]12C[C@@H]3C[C@@H](C2)C[C@@H](C1)C3)CCCC|MeOH,Pd(OAc)2,Pd(OAc)2/CataCXium A,MeOH,100.0,18.0,17,C(c1ccc(cc1)c1cscn1)Br
RKB-03552478,hit_09,c1c(c(cc(n1)C(OCC)=O)B1OC(C(O1)(C)C)(C)C)C,screen_SCRN_59,SCRN_59,c_b6552437bf,n1c(c(c(n1c1ccccc1)c1ccccc1)n1nccc1P(C(C)(C)C)(C(C)(C)C)[Pd](Cl)Cl)c1ccccc1|MeCN,,Pd(BiPyPhos)(Cl)2,MeCN,100.0,18.0,14,C(c1ccc(cc1)c1cscn1)Br
RKB-03552481,hit_09,c1c(c(cc(n1)C(OCC)=O)B1OC(C(O1)(C)C)(C)C)C,screen_SCRN_59,SCRN_59,c_e03a6b9172,P([C@]12C[C@@H]3C[C@H](C2)C[C@@H](C1)C3)([C@]12C[C@@H]3C[C@@H](C2)C[C@@H](C1)C3)CCCC|THF,Pd(OAc)2,Pd(OAc)2/CataCXium A,THF,100.0,18.0,0,C(c1ccc(cc1)c1cscn1)Br
RKB-03552486,hit_09,c1c(c(cc(n1)C(OCC)=O)B1OC(C(O1)(C)C)(C)C)C,screen_SCRN_59,SCRN_59,c_87611e347b,C1(C(C(C(C1c1ccccc1)c1ccccc1)c1ccccc1)c1ccccc1)c1ccccc1.P(C(C)(C)C)(C(C)(C)C)C1CCCC1.C1(C(C(C(C1c1ccccc1)c1ccccc1)c1ccccc1)c1ccccc1)c1ccccc1.P(C(C)(C)C)(C(C)(C)C)C1CCCC1.[Fe].[Fe].[Pd]|THF,,Pd(QPhos)2,THF,100.0,18.0,0,C(c1ccc(cc1)c1cscn1)Br
RKB-03552489,hit_09,c1c(c(cc(n1)C(OCC)=O)B1OC(C(O1)(C)C)(C)C)C,screen_SCRN_59,SCRN_59,c_3f90fc71ff,[Pd](Cl)Cl.P(C(C)(C)C)(C(C)(C)C)c1ccc(N(C)C)cc1.P(C(C)(C)C)(C(C)(C)C)c1ccc(N(C)C)cc1|MeOH,,Pd-132,MeOH,100.0,18.0,0,C(c1ccc(cc1)c1cscn1)Br
RKB-03552490,hit_09,c1c(c(cc(n1)C(OCC)=O)B1OC(C(O1)(C)C)(C)C)C,screen_SCRN_59,SCRN_59,c_4648614000,C1(C(C(C(C1c1ccccc1)c1ccccc1)c1ccccc1)c1ccccc1)c1ccccc1.P(C(C)(C)C)(C(C)(C)C)C1CCCC1.C1(C(C(C(C1c1ccccc1)c1ccccc1)c1ccccc1)c1ccccc1)c1ccccc1.P(C(C)(C)C)(C(C)(C)C)C1CCCC1.[Fe].[Fe].[Pd]|MeCN,,Pd(QPhos)2,MeCN,100.0,18.0,0,C(c1ccc(cc1)c1cscn1)Br
RKB-03552491,hit_09,c1c(c(cc(n1)C(OCC)=O)B1OC(C(O1)(C)C)(C)C)C,screen_SCRN_59,SCRN_59,c_14f5c30068,[Pd](Cl)Cl.P(C1CCCCC1)(C1CCCCC1)C1CCCCC1.P(C1CCCCC1)(C1CCCCC1)C1CCCCC1|MeCN,,Pd(P(Cy)3)2Cl2,MeCN,100.0,18.0,0,C(c1ccc(cc1)c1cscn1)Br
RKB-03552492,hit_09,c1c(c(cc(n1)C(OCC)=O)B1OC(C(O1)(C)C)(C)C)C,screen_SCRN_59,SCRN_59,c_c3b27856cb,[Pd](Cl)Cl.P(c1c(cccc1)C)(c1c(cccc1)C)c1c(cccc1)C.P(c1c(cccc1)C)(c1c(cccc1)C)c1c(cccc1)C|MeCN,,Pd(P(o-Tol)3)2Cl2,MeCN,100.0,18.0,0,C(c1ccc(cc1)c1cscn1)Br
RKB-03552493,hit_09,c1c(c(cc(n1)C(OCC)=O)B1OC(C(O1)(C)C)(C)C)C,screen_SCRN_59,SCRN_59,c_ad8305297d,[Pd](Cl)Cl.P(c1c(cccc1)C)(c1c(cccc1)C)c1c(cccc1)C.P(c1c(cccc1)C)(c1c(cccc1)C)c1c(cccc1)C|THF,,Pd(P(o-Tol)3)2Cl2,THF,100.0,18.0,0,C(c1ccc(cc1)c1cscn1)Br
RKB-03552494,hit_09,c1c(c(cc(n1)C(OCC)=O)B1OC(C(O1)(C)C)(C)C)C,screen_SCRN_59,SCRN_59,c_26f340984c,n1c(c(c(n1c1ccccc1)c1ccccc1)n1nccc1P(C(C)(C)C)(C(C)(C)C)[Pd](Cl)Cl)c1ccccc1|THF,,Pd(BiPyPhos)(Cl)2,THF,100.0,18.0,0,C(c1ccc(cc1)c1cscn1)Br
RKB-03552496,hit_09,c1c(c(cc(n1)C(OCC)=O)B1OC(C(O1)(C)C)(C)C)C,screen_SCRN_59,SCRN_59,c_7dc2ed3bef,C1(C(C(C(C1c1ccccc1)c1ccccc1)c1ccccc1)c1ccccc1)c1ccccc1.P(C(C)(C)C)(C(C)(C)C)C1CCCC1.C1(C(C(C(C1c1ccccc1)c1ccccc1)c1ccccc1)c1ccccc1)c1ccccc1.P(C(C)(C)C)(C(C)(C)C)C1CCCC1.[Fe].[Fe].[Pd]|MeOH,,Pd(QPhos)2,MeOH,100.0,18.0,11,C(c1ccc(cc1)c1cscn1)Br
RKB-03552497,hit_09,c1c(c(cc(n1)C(OCC)=O)B1OC(C(O1)(C)C)(C)C)C,screen_SCRN_59,SCRN_59,c_efdcec6f77,[Pd].C(P(C(C)(C)C)C(C)(C)C)(C)(C)C.C(P(C(C)(C)C)C(C)(C)C)(C)(C)C|MeCN,,Pd(P(tBu)3)2,MeCN,100.0,18.0,10,C(c1ccc(cc1)c1cscn1)Br
RKB-03552500,hit_09,c1c(c(cc(n1)C(OCC)=O)B1OC(C(O1)(C)C)(C)C)C,screen_SCRN_59,SCRN_59,c_ba1fa7db09,O1c2c(C(c3c1c(ccc3)P(c1ccccc1)c1ccccc1)(C)C)cccc2P(c1ccccc1)c1ccccc1.Cl[Pd]Cl|MeOH,,Pd(XanthPhos)Cl2,MeOH,100.0,18.0,14,C(c1ccc(cc1)c1cscn1)Br
RKB-03552501,hit_09,c1c(c(cc(n1)C(OCC)=O)B1OC(C(O1)(C)C)(C)C)C,screen_SCRN_59,SCRN_59,c_adf3bba061,P(C1CCCC1)(C(C)(C)C)C(C)(C)C.P(C1CCCC1)(C(C)(C)C)C(C)(C)C.[Pd](Cl)Cl.[Fe]|MeCN,,Pd(dtbpf)Cl2,MeCN,100.0,18.0,14,C(c1ccc(cc1)c1cscn1)Br
RKB-03552502,hit_09,c1c(c(cc(n1)C(OCC)=O)B1OC(C(O1)(C)C)(C)C)C,screen_SCRN_59,SCRN_59,c_1d9e641278,[Pd](Cl)Cl.P(c1c(cccc1)C)(c1c(cccc1)C)c1c(cccc1)C.P(c1c(cccc1)C)(c1c(cccc1)C)c1c(cccc1)C|MeOH,,Pd(P(o-Tol)3)2Cl2,MeOH,100.0,18.0,13,C(c1ccc(cc1)c1cscn1)Br
RKB-03552503,hit_09,c1c(c(cc(n1)C(OCC)=O)B1OC(C(O1)(C)C)(C)C)C,screen_SCRN_59,SCRN_59,c_c4be4d3b3e,c1(c2c(P(C3CCCCC3)C3CCCCC3)cccc2)c(cc(cc1C(C)C)C(C)C)C(C)C|MeOH,Pd(OAc)2,Pd(OAc)2/XPhos,MeOH,100.0,18.0,13,C(c1ccc(cc1)c1cscn1)Br
RKB-03552504,hit_09,c1c(c(cc(n1)C(OCC)=O)B1OC(C(O1)(C)C)(C)C)C,screen_SCRN_59,SCRN_59,c_e7bd21231d,P(C1CCCC1)(c1ccccc1)c1ccccc1.P(C1CCCC1)(c1ccccc1)c1ccccc1.C(Cl)Cl.[Pd](Cl)Cl.[Fe]|MeOH,,Pd(dppf)Cl2,MeOH,100.0,18.0,13,C(c1ccc(cc1)c1cscn1)Br
RKB-03552505,hit_09,c1c(c(cc(n1)C(OCC)=O)B1OC(C(O1)(C)C)(C)C)C,screen_SCRN_59,SCRN_59,c_b6552437bf,n1c(c(c(n1c1ccccc1)c1ccccc1)n1nccc1P(C(C)(C)C)(C(C)(C)C)[Pd](Cl)Cl)c1ccccc1|MeCN,,Pd(BiPyPhos)(Cl)2,MeCN,100.0,18.0,13,C(c1ccc(cc1)c1cscn1)Br
RKB-03552506,hit_09,c1c(c(cc(n1)C(OCC)=O)B1OC(C(O1)(C)C)(C)C)C,screen_SCRN_59,SCRN_59,c_a86e283b14,c1(c2c(P(C3CCCCC3)C3CCCCC3)cccc2)c(cc(cc1C(C)C)C(C)C)C(C)C|MeCN,Pd(OAc)2,Pd(OAc)2/XPhos,MeCN,100.0,18.0,12,C(c1ccc(cc1)c1cscn1)Br
RKB-03552507,hit_09,c1c(c(cc(n1)C(OCC)=O)B1OC(C(O1)(C)C)(C)C)C,screen_SCRN_59,SCRN_59,c_86f3e84f01,[Pd].P(c1ccccc1)(c1ccccc1)c1ccccc1.P(c1ccccc1)(c1ccccc1)c1ccccc1.P(c1ccccc1)(c1ccccc1)c1ccccc1.P(c1ccccc1)(c1ccccc1)c1ccccc1|THF,,Pd(P(Ph)3)4),THF,100.0,18.0,11,C(c1ccc(cc1)c1cscn1)Br
RKB-03552508,hit_09,c1c(c(cc(n1)C(OCC)=O)B1OC(C(O1)(C)C)(C)C)C,screen_SCRN_59,SCRN_59,c_3ee2d5105a,P([C@]12C[C@@H]3C[C@H](C2)C[C@@H](C1)C3)([C@]12C[C@@H]3C[C@@H](C2)C[C@@H](C1)C3)CCCC|MeCN,Pd(OAc)2,Pd(OAc)2/CataCXium A,MeCN,100.0,18.0,11,C(c1ccc(cc1)c1cscn1)Br
RKB-03552509,hit_09,c1c(c(cc(n1)C(OCC)=O)B1OC(C(O1)(C)C)(C)C)C,screen_SCRN_59,SCRN_59,c_a86e283b14,c1(c2c(P(C3CCCCC3)C3CCCCC3)cccc2)c(cc(cc1C(C)C)C(C)C)C(C)C|MeCN,Pd(OAc)2,Pd(OAc)2/XPhos,MeCN,100.0,18.0,11,C(c1ccc(cc1)c1cscn1)Br
RKB-03552510,hit_09,c1c(c(cc(n1)C(OCC)=O)B1OC(C(O1)(C)C)(C)C)C,screen_SCRN_59,SCRN_59,c_b9c1c9f68d,P(C1CCCC1)(c1ccccc1)c1ccccc1.P(C1CCCC1)(c1ccccc1)c1ccccc1.C(Cl)Cl.[Pd](Cl)Cl.[Fe]|MeCN,,Pd(dppf)Cl2,MeCN,100.0,18.0,11,C(c1ccc(cc1)c1cscn1)Br
RKB-03552527,hit_09,c1c(c(cc(n1)C(OCC)=O)B1OC(C(O1)(C)C)(C)C)C,screen_SCRN_59,SCRN_59,c_14f5c30068,[Pd](Cl)Cl.P(C1CCCCC1)(C1CCCCC1)C1CCCCC1.P(C1CCCCC1)(C1CCCCC1)C1CCCCC1|MeCN,,Pd(P(Cy)3)2Cl2,MeCN,100.0,18.0,10,C(c1ccc(cc1)c1cscn1)Br
RKB-03552528,hit_09,c1c(c(cc(n1)C(OCC)=O)B1OC(C(O1)(C)C)(C)C)C,screen_SCRN_59,SCRN_59,c_c3b27856cb,[Pd](Cl)Cl.P(c1c(cccc1)C)(c1c(cccc1)C)c1c(cccc1)C.P(c1c(cccc1)C)(c1c(cccc1)C)c1c(cccc1)C|MeCN,,Pd(P(o-Tol)3)2Cl2,MeCN,100.0,18.0,9,C(c1ccc(cc1)c1cscn1)Br
RKB-03552529,hit_09,c1c(c(cc(n1)C(OCC)=O)B1OC(C(O1)(C)C)(C)C)C,screen_SCRN_59,SCRN_59,c_99aeac08ec,O1c2c(C(c3c1c(ccc3)P(c1ccccc1)c1ccccc1)(C)C)cccc2P(c1ccccc1)c1ccccc1.Cl[Pd]Cl|MeCN,,Pd(XanthPhos)Cl2,MeCN,100.0,18.0,9,C(c1ccc(cc1)c1cscn1)Br
RKB-03552531,hit_09,c1c(c(cc(n1)C(OCC)=O)B1OC(C(O1)(C)C)(C)C)C,screen_SCRN_59,SCRN_59,c_3196604cd9,[Pd](Cl)Cl.P(C(C)(C)C)(C(C)(C)C)c1ccc(N(C)C)cc1.P(C(C)(C)C)(C(C)(C)C)c1ccc(N(C)C)cc1|MeCN,,Pd-132,MeCN,100.0,18.0,9,C(c1ccc(cc1)c1cscn1)Br
RKB-03552532,hit_09,c1c(c(cc(n1)C(OCC)=O)B1OC(C(O1)(C)C)(C)C)C,screen_SCRN_59,SCRN_59,c_4648614000,C1(C(C(C(C1c1ccccc1)c1ccccc1)c1ccccc1)c1ccccc1)c1ccccc1.P(C(C)(C)C)(C(C)(C)C)C1CCCC1.C1(C(C(C(C1c1ccccc1)c1ccccc1)c1ccccc1)c1ccccc1)c1ccccc1.P(C(C)(C)C)(C(C)(C)C)C1CCCC1.[Fe].[Fe].[Pd]|MeCN,,Pd(QPhos)2,MeCN,100.0,18.0,9,C(c1ccc(cc1)c1cscn1)Br
RKB-03552533,hit_09,c1c(c(cc(n1)C(OCC)=O)B1OC(C(O1)(C)C)(C)C)C,screen_SCRN_59,SCRN_59,c_f7824c77b7,O1c2c(C(c3c1c(ccc3)P(c1ccccc1)c1ccccc1)(C)C)cccc2P(c1ccccc1)c1ccccc1.Cl[Pd]Cl|THF,,Pd(XanthPhos)Cl2,THF,100.0,18.0,9,C(c1ccc(cc1)c1cscn1)Br
RKB-03552534,hit_09,c1c(c(cc(n1)C(OCC)=O)B1OC(C(O1)(C)C)(C)C)C,screen_SCRN_59,SCRN_59,c_3f90fc71ff,[Pd](Cl)Cl.P(C(C)(C)C)(C(C)(C)C)c1ccc(N(C)C)cc1.P(C(C)(C)C)(C(C)(C)C)c1ccc(N(C)C)cc1|MeOH,,Pd-132,MeOH,100.0,18.0,9,C(c1ccc(cc1)c1cscn1)Br
RKB-03552535,hit_09,c1c(c(cc(n1)C(OCC)=O)B1OC(C(O1)(C)C)(C)C)C,screen_SCRN_59,SCRN_59,c_24a01a5b7d,[Pd](Cl)Cl.P(C1CCCCC1)(C1CCCCC1)C1CCCCC1.P(C1CCCCC1)(C1CCCCC1)C1CCCCC1|MeOH,,Pd(P(Cy)3)2Cl2,MeOH,100.0,18.0,8,C(c1ccc(cc1)c1cscn1)Br
RKB-03552538,hit_09,c1c(c(cc(n1)C(OCC)=O)B1OC(C(O1)(C)C)(C)C)C,screen_SCRN_59,SCRN_59,c_4648614000,C1(C(C(C(C1c1ccccc1)c1ccccc1)c1ccccc1)c1ccccc1)c1ccccc1.P(C(C)(C)C)(C(C)(C)C)C1CCCC1.C1(C(C(C(C1c1ccccc1)c1ccccc1)c1ccccc1)c1ccccc1)c1ccccc1.P(C(C)(C)C)(C(C)(C)C)C1CCCC1.[Fe].[Fe].[Pd]|MeCN,,Pd(QPhos)2,MeCN,100.0,18.0,8,C(c1ccc(cc1)c1cscn1)Br
RKB-03552539,hit_09,c1c(c(cc(n1)C(OCC)=O)B1OC(C(O1)(C)C)(C)C)C,screen_SCRN_59,SCRN_59,c_96da66f8fe,P(C1CCCC1)(c1ccccc1)c1ccccc1.P(C1CCCC1)(c1ccccc1)c1ccccc1.C(Cl)Cl.[Pd](Cl)Cl.[Fe]|THF,,Pd(dppf)Cl2,THF,100.0,18.0,8,C(c1ccc(cc1)c1cscn1)Br
RKB-03552540,hit_09,c1c(c(cc(n1)C(OCC)=O)B1OC(C(O1)(C)C)(C)C)C,screen_SCRN_59,SCRN_59,c_3196604cd9,[Pd](Cl)Cl.P(C(C)(C)C)(C(C)(C)C)c1ccc(N(C)C)cc1.P(C(C)(C)C)(C(C)(C)C)c1ccc(N(C)C)cc1|MeCN,,Pd-132,MeCN,100.0,18.0,8,C(c1ccc(cc1)c1cscn1)Br
RKB-03552542,hit_09,c1c(c(cc(n1)C(OCC)=O)B1OC(C(O1)(C)C)(C)C)C,screen_SCRN_59,SCRN_59,c_fb0fd7c858,[Pd](Cl)Cl.P(C1CCCCC1)(C1CCCCC1)C1CCCCC1.P(C1CCCCC1)(C1CCCCC1)C1CCCCC1|THF,,Pd(P(Cy)3)2Cl2,THF,100.0,18.0,7,C(c1ccc(cc1)c1cscn1)Br
RKB-03617453,hit_06,c1(ccc(cc1)c1c(c(on1)C(F)(F)F)Cl)OC,screen_SCRN_66,SCRN_66,c_1d9e641278,[Pd](Cl)Cl.P(c1c(cccc1)C)(c1c(cccc1)C)c1c(cccc1)C.P(c1c(cccc1)C)(c1c(cccc1)C)c1c(cccc1)C|MeOH,,Pd(P(o-Tol)3)2Cl2,MeOH,100.0,18.0,2,c1(OCc2ccccc2)ccc(cc1)B(O)O
RKB-03617454,hit_06,c1(ccc(cc1)c1c(c(on1)C(F)(F)F)Cl)OC,screen_SCRN_66,SCRN_66,c_ef091d2ff2,c1(c2c(P(C3CCCCC3)C3CCCCC3)cccc2)c(cc(cc1C(C)C)C(C)C)C(C)C|Dioxane,Pd(OAc)2,Pd(OAc)2 / XPhos,Dioxane,100.0,18.0,2,c1(OCc2ccccc2)ccc(cc1)B(O)O
RKB-03617455,hit_06,c1(ccc(cc1)c1c(c(on1)C(F)(F)F)Cl)OC,screen_SCRN_66,SCRN_66,c_1d9e641278,[Pd](Cl)Cl.P(c1c(cccc1)C)(c1c(cccc1)C)c1c(cccc1)C.P(c1c(cccc1)C)(c1c(cccc1)C)c1c(cccc1)C|MeOH,,Pd(P(o-Tol)3)2Cl2,MeOH,100.0,18.0,3,c1(OCc2ccccc2)ccc(cc1)B(O)O
RKB-03617456,hit_06,c1(ccc(cc1)c1c(c(on1)C(F)(F)F)Cl)OC,screen_SCRN_66,SCRN_66,c_ef091d2ff2,c1(c2c(P(C3CCCCC3)C3CCCCC3)cccc2)c(cc(cc1C(C)C)C(C)C)C(C)C|Dioxane,Pd(OAc)2,Pd(OAc)2 / XPhos,Dioxane,100.0,18.0,3,c1(OCc2ccccc2)ccc(cc1)B(O)O
RKB-03617457,hit_06,c1(ccc(cc1)c1c(c(on1)C(F)(F)F)Cl)OC,screen_SCRN_66,SCRN_66,c_e7bd21231d,P(C1CCCC1)(c1ccccc1)c1ccccc1.P(C1CCCC1)(c1ccccc1)c1ccccc1.C(Cl)Cl.[Pd](Cl)Cl.[Fe]|MeOH,,Pd(dppf)Cl2,MeOH,100.0,18.0,3,c1(OCc2ccccc2)ccc(cc1)B(O)O
RKB-03617458,hit_06,c1(ccc(cc1)c1c(c(on1)C(F)(F)F)Cl)OC,screen_SCRN_66,SCRN_66,c_7dc2ed3bef,C1(C(C(C(C1c1ccccc1)c1ccccc1)c1ccccc1)c1ccccc1)c1ccccc1.P(C(C)(C)C)(C(C)(C)C)C1CCCC1.C1(C(C(C(C1c1ccccc1)c1ccccc1)c1ccccc1)c1ccccc1)c1ccccc1.P(C(C)(C)C)(C(C)(C)C)C1CCCC1.[Fe].[Fe].[Pd]|MeOH,,Pd(Qhos)2,MeOH,100.0,18.0,2,c1(OCc2ccccc2)ccc(cc1)B(O)O
RKB-03617459,hit_06,c1(ccc(cc1)c1c(c(on1)C(F)(F)F)Cl)OC,screen_SCRN_66,SCRN_66,c_8871d0b6cb,[Pd].P(c1ccccc1)(c1ccccc1)c1ccccc1.P(c1ccccc1)(c1ccccc1)c1ccccc1.P(c1ccccc1)(c1ccccc1)c1ccccc1.P(c1ccccc1)(c1ccccc1)c1ccccc1|Dioxane,,Pd(P(Ph)3)4),Dioxane,100.0,18.0,2,c1(OCc2ccccc2)ccc(cc1)B(O)O
RKB-03617460,hit_06,c1(ccc(cc1)c1c(c(on1)C(F)(F)F)Cl)OC,screen_SCRN_66,SCRN_66,c_b9c1c9f68d,P(C1CCCC1)(c1ccccc1)c1ccccc1.P(C1CCCC1)(c1ccccc1)c1ccccc1.C(Cl)Cl.[Pd](Cl)Cl.[Fe]|MeCN,,Pd(dppf)Cl2,MeCN,100.0,18.0,2,c1(OCc2ccccc2)ccc(cc1)B(O)O
RKB-03617461,hit_06,c1(ccc(cc1)c1c(c(on1)C(F)(F)F)Cl)OC,screen_SCRN_66,SCRN_66,c_e564d7612a,[Pd].P(c1ccccc1)(c1ccccc1)c1ccccc1.P(c1ccccc1)(c1ccccc1)c1ccccc1.P(c1ccccc1)(c1ccccc1)c1ccccc1.P(c1ccccc1)(c1ccccc1)c1ccccc1|MeCN,,Pd(P(Ph)3)4),MeCN,100.0,18.0,1,c1(OCc2ccccc2)ccc(cc1)B(O)O
RKB-03617462,hit_06,c1(ccc(cc1)c1c(c(on1)C(F)(F)F)Cl)OC,screen_SCRN_66,SCRN_66,c_23c32c1777,[Pd](Cl)Cl.P(C1CCCCC1)(C1CCCCC1)C1CCCCC1.P(C1CCCCC1)(C1CCCCC1)C1CCCCC1|Toluene,,Pd(P(Cy)3)2Cl2,Toluene,100.0,18.0,0,c1(OCc2ccccc2)ccc(cc1)B(O)O
RKB-03617463,hit_06,c1(ccc(cc1)c1c(c(on1)C(F)(F)F)Cl)OC,screen_SCRN_66,SCRN_66,c_599a93c125,[Pd](Cl)Cl.P(c1c(cccc1)C)(c1c(cccc1)C)c1c(cccc1)C.P(c1c(cccc1)C)(c1c(cccc1)C)c1c(cccc1)C|Toluene,,Pd(P(o-Tol)3)2Cl2,Toluene,100.0,18.0,0,c1(OCc2ccccc2)ccc(cc1)B(O)O
RKB-03617464,hit_06,c1(ccc(cc1)c1c(c(on1)C(F)(F)F)Cl)OC,screen_SCRN_66,SCRN_66,c_5570c5f42c,n1c(c(c(n1c1ccccc1)c1ccccc1)n1nccc1P(C(C)(C)C)(C(C)(C)C)[Pd](Cl)Cl)c1ccccc1|Toluene,,Pd(BiPyPhos)(Cl)2,Toluene,100.0,18.0,0,c1(OCc2ccccc2)ccc(cc1)B(O)O
RKB-03617465,hit_06,c1(ccc(cc1)c1c(c(on1)C(F)(F)F)Cl)OC,screen_SCRN_66,SCRN_66,c_32f061b282,P(C1CCCC1)(C(C)(C)C)C(C)(C)C.P(C1CCCC1)(C(C)(C)C)C(C)(C)C.[Pd](Cl)Cl.[Fe]|Toluene,,Pd(dtbpf)Cl2,Toluene,100.0,18.0,0,c1(OCc2ccccc2)ccc(cc1)B(O)O
RKB-03617466,hit_06,c1(ccc(cc1)c1c(c(on1)C(F)(F)F)Cl)OC,screen_SCRN_66,SCRN_66,c_40534c4f12,[Pd].P(c1ccccc1)(c1ccccc1)c1ccccc1.P(c1ccccc1)(c1ccccc1)c1ccccc1.P(c1ccccc1)(c1ccccc1)c1ccccc1.P(c1ccccc1)(c1ccccc1)c1ccccc1|Toluene,,Pd(P(Ph)3)4),Toluene,100.0,18.0,0,c1(OCc2ccccc2)ccc(cc1)B(O)O
RKB-03617467,hit_06,c1(ccc(cc1)c1c(c(on1)C(F)(F)F)Cl)OC,screen_SCRN_66,SCRN_66,c_4076342b87,[Pd].C(P(C(C)(C)C)C(C)(C)C)(C)(C)C.C(P(C(C)(C)C)C(C)(C)C)(C)(C)C|Toluene,,Pd(P(tBu)3)2,Toluene,100.0,18.0,0,c1(OCc2ccccc2)ccc(cc1)B(O)O
RKB-03617468,hit_06,c1(ccc(cc1)c1c(c(on1)C(F)(F)F)Cl)OC,screen_SCRN_66,SCRN_66,c_9e3adb389c,P(C1CCCC1)(c1ccccc1)c1ccccc1.P(C1CCCC1)(c1ccccc1)c1ccccc1.C(Cl)Cl.[Pd](Cl)Cl.[Fe]|Toluene,,Pd(dppf)Cl2,Toluene,100.0,18.0,0,c1(OCc2ccccc2)ccc(cc1)B(O)O
RKB-03617469,hit_06,c1(ccc(cc1)c1c(c(on1)C(F)(F)F)Cl)OC,screen_SCRN_66,SCRN_66,c_3c160df052,c1(c2c(P(C3CCCCC3)C3CCCCC3)cccc2)c(cc(cc1C(C)C)C(C)C)C(C)C|Toluene,Pd(OAc)2,Pd(OAc)2 / XPhos,Toluene,100.0,18.0,0,c1(OCc2ccccc2)ccc(cc1)B(O)O
RKB-03617470,hit_06,c1(ccc(cc1)c1c(c(on1)C(F)(F)F)Cl)OC,screen_SCRN_66,SCRN_66,c_ba67a9e214,|Toluene,,3G OMs XanthPhos,Toluene,100.0,18.0,0,c1(OCc2ccccc2)ccc(cc1)B(O)O
RKB-03617471,hit_06,c1(ccc(cc1)c1c(c(on1)C(F)(F)F)Cl)OC,screen_SCRN_66,SCRN_66,c_a88c92ca46,C1(C(C(C(C1c1ccccc1)c1ccccc1)c1ccccc1)c1ccccc1)c1ccccc1.P(C(C)(C)C)(C(C)(C)C)C1CCCC1.C1(C(C(C(C1c1ccccc1)c1ccccc1)c1ccccc1)c1ccccc1)c1ccccc1.P(C(C)(C)C)(C(C)(C)C)C1CCCC1.[Fe].[Fe].[Pd]|Toluene,,Pd(Qhos)2,Toluene,100.0,18.0,0,c1(OCc2ccccc2)ccc(cc1)B(O)O
RKB-03617472,hit_06,c1(ccc(cc1)c1c(c(on1)C(F)(F)F)Cl)OC,screen_SCRN_66,SCRN_66,c_23c32c1777,[Pd](Cl)Cl.P(C1CCCCC1)(C1CCCCC1)C1CCCCC1.P(C1CCCCC1)(C1CCCCC1)C1CCCCC1|Toluene,,Pd(P(Cy)3)2Cl2,Toluene,100.0,18.0,0,c1(OCc2ccccc2)ccc(cc1)B(O)O
RKB-03617473,hit_06,c1(ccc(cc1)c1c(c(on1)C(F)(F)F)Cl)OC,screen_SCRN_66,SCRN_66,c_599a93c125,[Pd](Cl)Cl.P(c1c(cccc1)C)(c1c(cccc1)C)c1c(cccc1)C.P(c1c(cccc1)C)(c1c(cccc1)C)c1c(cccc1)C|Toluene,,Pd(P(o-Tol)3)2Cl2,Toluene,100.0,18.0,0,c1(OCc2ccccc2)ccc(cc1)B(O)O
RKB-03617474,hit_06,c1(ccc(cc1)c1c(c(on1)C(F)(F)F)Cl)OC,screen_SCRN_66,SCRN_66,c_5570c5f42c,n1c(c(c(n1c1ccccc1)c1ccccc1)n1nccc1P(C(C)(C)C)(C(C)(C)C)[Pd](Cl)Cl)c1ccccc1|Toluene,,Pd(BiPyPhos)(Cl)2,Toluene,100.0,18.0,0,c1(OCc2ccccc2)ccc(cc1)B(O)O
RKB-03617475,hit_06,c1(ccc(cc1)c1c(c(on1)C(F)(F)F)Cl)OC,screen_SCRN_66,SCRN_66,c_40534c4f12,[Pd].P(c1ccccc1)(c1ccccc1)c1ccccc1.P(c1ccccc1)(c1ccccc1)c1ccccc1.P(c1ccccc1)(c1ccccc1)c1ccccc1.P(c1ccccc1)(c1ccccc1)c1ccccc1|Toluene,,Pd(P(Ph)3)4),Toluene,100.0,18.0,0,c1(OCc2ccccc2)ccc(cc1)B(O)O
RKB-03617476,hit_06,c1(ccc(cc1)c1c(c(on1)C(F)(F)F)Cl)OC,screen_SCRN_66,SCRN_66,c_4076342b87,[Pd].C(P(C(C)(C)C)C(C)(C)C)(C)(C)C.C(P(C(C)(C)C)C(C)(C)C)(C)(C)C|Toluene,,Pd(P(tBu)3)2,Toluene,100.0,18.0,0,c1(OCc2ccccc2)ccc(cc1)B(O)O
RKB-03617477,hit_06,c1(ccc(cc1)c1c(c(on1)C(F)(F)F)Cl)OC,screen_SCRN_66,SCRN_66,c_9e3adb389c,P(C1CCCC1)(c1ccccc1)c1ccccc1.P(C1CCCC1)(c1ccccc1)c1ccccc1.C(Cl)Cl.[Pd](Cl)Cl.[Fe]|Toluene,,Pd(dppf)Cl2,Toluene,100.0,18.0,0,c1(OCc2ccccc2)ccc(cc1)B(O)O
RKB-03617478,hit_06,c1(ccc(cc1)c1c(c(on1)C(F)(F)F)Cl)OC,screen_SCRN_66,SCRN_66,c_ef091d2ff2,c1(c2c(P(C3CCCCC3)C3CCCCC3)cccc2)c(cc(cc1C(C)C)C(C)C)C(C)C|Dioxane,Pd(OAc)2,Pd(OAc)2 / XPhos,Dioxane,100.0,18.0,0,c1(OCc2ccccc2)ccc(cc1)B(O)O
RKB-03617479,hit_06,c1(ccc(cc1)c1c(c(on1)C(F)(F)F)Cl)OC,screen_SCRN_66,SCRN_66,c_d71bc0fdfd,P(C1CCCC1)(c1ccccc1)c1ccccc1.P(C1CCCC1)(c1ccccc1)c1ccccc1.C(Cl)Cl.[Pd](Cl)Cl.[Fe]|Dioxane,,Pd(dppf)Cl2,Dioxane,100.0,18.0,0,c1(OCc2ccccc2)ccc(cc1)B(O)O
RKB-03617480,hit_06,c1(ccc(cc1)c1c(c(on1)C(F)(F)F)Cl)OC,screen_SCRN_66,SCRN_66,c_ef091d2ff2,c1(c2c(P(C3CCCCC3)C3CCCCC3)cccc2)c(cc(cc1C(C)C)C(C)C)C(C)C|Dioxane,Pd(OAc)2,Pd(OAc)2 / XPhos,Dioxane,100.0,18.0,0,c1(OCc2ccccc2)ccc(cc1)B(O)O
RKB-03617481,hit_06,c1(ccc(cc1)c1c(c(on1)C(F)(F)F)Cl)OC,screen_SCRN_66,SCRN_66,c_3c160df052,c1(c2c(P(C3CCCCC3)C3CCCCC3)cccc2)c(cc(cc1C(C)C)C(C)C)C(C)C|Toluene,Pd(OAc)2,Pd(OAc)2 / XPhos,Toluene,100.0,18.0,0,c1(OCc2ccccc2)ccc(cc1)B(O)O
RKB-03617482,hit_06,c1(ccc(cc1)c1c(c(on1)C(F)(F)F)Cl)OC,screen_SCRN_66,SCRN_66,c_ba67a9e214,|Toluene,,3G OMs XanthPhos,Toluene,100.0,18.0,0,c1(OCc2ccccc2)ccc(cc1)B(O)O
RKB-03617483,hit_06,c1(ccc(cc1)c1c(c(on1)C(F)(F)F)Cl)OC,screen_SCRN_66,SCRN_66,c_23c32c1777,[Pd](Cl)Cl.P(C1CCCCC1)(C1CCCCC1)C1CCCCC1.P(C1CCCCC1)(C1CCCCC1)C1CCCCC1|Toluene,,Pd(P(Cy)3)2Cl2,Toluene,100.0,18.0,0,c1(OCc2ccccc2)ccc(cc1)B(O)O
RKB-03617484,hit_06,c1(ccc(cc1)c1c(c(on1)C(F)(F)F)Cl)OC,screen_SCRN_66,SCRN_66,c_599a93c125,[Pd](Cl)Cl.P(c1c(cccc1)C)(c1c(cccc1)C)c1c(cccc1)C.P(c1c(cccc1)C)(c1c(cccc1)C)c1c(cccc1)C|Toluene,,Pd(P(o-Tol)3)2Cl2,Toluene,100.0,18.0,0,c1(OCc2ccccc2)ccc(cc1)B(O)O
RKB-03617485,hit_06,c1(ccc(cc1)c1c(c(on1)C(F)(F)F)Cl)OC,screen_SCRN_66,SCRN_66,c_40534c4f12,[Pd].P(c1ccccc1)(c1ccccc1)c1ccccc1.P(c1ccccc1)(c1ccccc1)c1ccccc1.P(c1ccccc1)(c1ccccc1)c1ccccc1.P(c1ccccc1)(c1ccccc1)c1ccccc1|Toluene,,Pd(P(Ph)3)4),Toluene,100.0,18.0,0,c1(OCc2ccccc2)ccc(cc1)B(O)O
RKB-03617486,hit_06,c1(ccc(cc1)c1c(c(on1)C(F)(F)F)Cl)OC,screen_SCRN_66,SCRN_66,c_4076342b87,[Pd].C(P(C(C)(C)C)C(C)(C)C)(C)(C)C.C(P(C(C)(C)C)C(C)(C)C)(C)(C)C|Toluene,,Pd(P(tBu)3)2,Toluene,100.0,18.0,0,c1(OCc2ccccc2)ccc(cc1)B(O)O
RKB-03617487,hit_06,c1(ccc(cc1)c1c(c(on1)C(F)(F)F)Cl)OC,screen_SCRN_66,SCRN_66,c_9e3adb389c,P(C1CCCC1)(c1ccccc1)c1ccccc1.P(C1CCCC1)(c1ccccc1)c1ccccc1.C(Cl)Cl.[Pd](Cl)Cl.[Fe]|Toluene,,Pd(dppf)Cl2,Toluene,100.0,18.0,0,c1(OCc2ccccc2)ccc(cc1)B(O)O
RKB-03617488,hit_06,c1(ccc(cc1)c1c(c(on1)C(F)(F)F)Cl)OC,screen_SCRN_66,SCRN_66,c_3c160df052,c1(c2c(P(C3CCCCC3)C3CCCCC3)cccc2)c(cc(cc1C(C)C)C(C)C)C(C)C|Toluene,Pd(OAc)2,Pd(OAc)2 / XPhos,Toluene,100.0,18.0,0,c1(OCc2ccccc2)ccc(cc1)B(O)O
RKB-03617489,hit_06,c1(ccc(cc1)c1c(c(on1)C(F)(F)F)Cl)OC,screen_SCRN_66,SCRN_66,c_ba67a9e214,|Toluene,,3G OMs XanthPhos,Toluene,100.0,18.0,0,c1(OCc2ccccc2)ccc(cc1)B(O)O
RKB-03617490,hit_06,c1(ccc(cc1)c1c(c(on1)C(F)(F)F)Cl)OC,screen_SCRN_66,SCRN_66,c_a88c92ca46,C1(C(C(C(C1c1ccccc1)c1ccccc1)c1ccccc1)c1ccccc1)c1ccccc1.P(C(C)(C)C)(C(C)(C)C)C1CCCC1.C1(C(C(C(C1c1ccccc1)c1ccccc1)c1ccccc1)c1ccccc1)c1ccccc1.P(C(C)(C)C)(C(C)(C)C)C1CCCC1.[Fe].[Fe].[Pd]|Toluene,,Pd(Qhos)2,Toluene,100.0,18.0,0,c1(OCc2ccccc2)ccc(cc1)B(O)O
RKB-03617491,hit_06,c1(ccc(cc1)c1c(c(on1)C(F)(F)F)Cl)OC,screen_SCRN_66,SCRN_66,c_23c32c1777,[Pd](Cl)Cl.P(C1CCCCC1)(C1CCCCC1)C1CCCCC1.P(C1CCCCC1)(C1CCCCC1)C1CCCCC1|Toluene,,Pd(P(Cy)3)2Cl2,Toluene,100.0,18.0,0,c1(OCc2ccccc2)ccc(cc1)B(O)O
RKB-03617492,hit_06,c1(ccc(cc1)c1c(c(on1)C(F)(F)F)Cl)OC,screen_SCRN_66,SCRN_66,c_599a93c125,[Pd](Cl)Cl.P(c1c(cccc1)C)(c1c(cccc1)C)c1c(cccc1)C.P(c1c(cccc1)C)(c1c(cccc1)C)c1c(cccc1)C|Toluene,,Pd(P(o-Tol)3)2Cl2,Toluene,100.0,18.0,0,c1(OCc2ccccc2)ccc(cc1)B(O)O
RKB-03617493,hit_06,c1(ccc(cc1)c1c(c(on1)C(F)(F)F)Cl)OC,screen_SCRN_66,SCRN_66,c_5570c5f42c,n1c(c(c(n1c1ccccc1)c1ccccc1)n1nccc1P(C(C)(C)C)(C(C)(C)C)[Pd](Cl)Cl)c1ccccc1|Toluene,,Pd(BiPyPhos)(Cl)2,Toluene,100.0,18.0,0,c1(OCc2ccccc2)ccc(cc1)B(O)O
RKB-03617494,hit_06,c1(ccc(cc1)c1c(c(on1)C(F)(F)F)Cl)OC,screen_SCRN_66,SCRN_66,c_40534c4f12,[Pd].P(c1ccccc1)(c1ccccc1)c1ccccc1.P(c1ccccc1)(c1ccccc1)c1ccccc1.P(c1ccccc1)(c1ccccc1)c1ccccc1.P(c1ccccc1)(c1ccccc1)c1ccccc1|Toluene,,Pd(P(Ph)3)4),Toluene,100.0,18.0,0,c1(OCc2ccccc2)ccc(cc1)B(O)O
RKB-03617495,hit_06,c1(ccc(cc1)c1c(c(on1)C(F)(F)F)Cl)OC,screen_SCRN_66,SCRN_66,c_4076342b87,[Pd].C(P(C(C)(C)C)C(C)(C)C)(C)(C)C.C(P(C(C)(C)C)C(C)(C)C)(C)(C)C|Toluene,,Pd(P(tBu)3)2,Toluene,100.0,18.0,0,c1(OCc2ccccc2)ccc(cc1)B(O)O
RKB-03617496,hit_06,c1(ccc(cc1)c1c(c(on1)C(F)(F)F)Cl)OC,screen_SCRN_66,SCRN_66,c_9e3adb389c,P(C1CCCC1)(c1ccccc1)c1ccccc1.P(C1CCCC1)(c1ccccc1)c1ccccc1.C(Cl)Cl.[Pd](Cl)Cl.[Fe]|Toluene,,Pd(dppf)Cl2,Toluene,100.0,18.0,0,c1(OCc2ccccc2)ccc(cc1)B(O)O
RKB-03617497,hit_06,c1(ccc(cc1)c1c(c(on1)C(F)(F)F)Cl)OC,screen_SCRN_66,SCRN_66,c_3c160df052,c1(c2c(P(C3CCCCC3)C3CCCCC3)cccc2)c(cc(cc1C(C)C)C(C)C)C(C)C|Toluene,Pd(OAc)2,Pd(OAc)2 / XPhos,Toluene,100.0,18.0,0,c1(OCc2ccccc2)ccc(cc1)B(O)O
RKB-03617498,hit_06,c1(ccc(cc1)c1c(c(on1)C(F)(F)F)Cl)OC,screen_SCRN_66,SCRN_66,c_ba67a9e214,|Toluene,,3G OMs XanthPhos,Toluene,100.0,18.0,0,c1(OCc2ccccc2)ccc(cc1)B(O)O
RKB-03617499,hit_06,c1(ccc(cc1)c1c(c(on1)C(F)(F)F)Cl)OC,screen_SCRN_66,SCRN_66,c_a88c92ca46,C1(C(C(C(C1c1ccccc1)c1ccccc1)c1ccccc1)c1ccccc1)c1ccccc1.P(C(C)(C)C)(C(C)(C)C)C1CCCC1.C1(C(C(C(C1c1ccccc1)c1ccccc1)c1ccccc1)c1ccccc1)c1ccccc1.P(C(C)(C)C)(C(C)(C)C)C1CCCC1.[Fe].[Fe].[Pd]|Toluene,,Pd(Qhos)2,Toluene,100.0,18.0,0,c1(OCc2ccccc2)ccc(cc1)B(O)O
RKB-03617500,hit_06,c1(ccc(cc1)c1c(c(on1)C(F)(F)F)Cl)OC,screen_SCRN_66,SCRN_66,c_e34fd39dff,|MeOH,,3G OMs XanthPhos,MeOH,100.0,18.0,0,c1(OCc2ccccc2)ccc(cc1)B(O)O
RKB-03617501,hit_06,c1(ccc(cc1)c1c(c(on1)C(F)(F)F)Cl)OC,screen_SCRN_66,SCRN_66,c_7dc2ed3bef,C1(C(C(C(C1c1ccccc1)c1ccccc1)c1ccccc1)c1ccccc1)c1ccccc1.P(C(C)(C)C)(C(C)(C)C)C1CCCC1.C1(C(C(C(C1c1ccccc1)c1ccccc1)c1ccccc1)c1ccccc1)c1ccccc1.P(C(C)(C)C)(C(C)(C)C)C1CCCC1.[Fe].[Fe].[Pd]|MeOH,,Pd(Qhos)2,MeOH,100.0,18.0,0,c1(OCc2ccccc2)ccc(cc1)B(O)O
RKB-03617502,hit_06,c1(ccc(cc1)c1c(c(on1)C(F)(F)F)Cl)OC,screen_SCRN_66,SCRN_66,c_1d9e641278,[Pd](Cl)Cl.P(c1c(cccc1)C)(c1c(cccc1)C)c1c(cccc1)C.P(c1c(cccc1)C)(c1c(cccc1)C)c1c(cccc1)C|MeOH,,Pd(P(o-Tol)3)2Cl2,MeOH,100.0,18.0,0,c1(OCc2ccccc2)ccc(cc1)B(O)O
RKB-03617503,hit_06,c1(ccc(cc1)c1c(c(on1)C(F)(F)F)Cl)OC,screen_SCRN_66,SCRN_66,c_dd752d0e98,n1c(c(c(n1c1ccccc1)c1ccccc1)n1nccc1P(C(C)(C)C)(C(C)(C)C)[Pd](Cl)Cl)c1ccccc1|MeOH,,Pd(BiPyPhos)(Cl)2,MeOH,100.0,18.0,0,c1(OCc2ccccc2)ccc(cc1)B(O)O
RKB-03617504,hit_06,c1(ccc(cc1)c1c(c(on1)C(F)(F)F)Cl)OC,screen_SCRN_66,SCRN_66,c_3f90fc71ff,[Pd](Cl)Cl.P(C(C)(C)C)(C(C)(C)C)c1ccc(N(C)C)cc1.P(C(C)(C)C)(C(C)(C)C)c1ccc(N(C)C)cc1|MeOH,,Pd-132,MeOH,100.0,18.0,0,c1(OCc2ccccc2)ccc(cc1)B(O)O
RKB-03617505,hit_06,c1(ccc(cc1)c1c(c(on1)C(F)(F)F)Cl)OC,screen_SCRN_66,SCRN_66,c_87d08dc489,P(C1CCCC1)(C(C)(C)C)C(C)(C)C.P(C1CCCC1)(C(C)(C)C)C(C)(C)C.[Pd](Cl)Cl.[Fe]|MeOH,,Pd(dtbpf)Cl2,MeOH,100.0,18.0,0,c1(OCc2ccccc2)ccc(cc1)B(O)O
RKB-03617506,hit_06,c1(ccc(cc1)c1c(c(on1)C(F)(F)F)Cl)OC,screen_SCRN_66,SCRN_66,c_e8d46c9e9a,[Pd].P(c1ccccc1)(c1ccccc1)c1ccccc1.P(c1ccccc1)(c1ccccc1)c1ccccc1.P(c1ccccc1)(c1ccccc1)c1ccccc1.P(c1ccccc1)(c1ccccc1)c1ccccc1|MeOH,,Pd(P(Ph)3)4),MeOH,100.0,18.0,0,c1(OCc2ccccc2)ccc(cc1)B(O)O
RKB-03617507,hit_06,c1(ccc(cc1)c1c(c(on1)C(F)(F)F)Cl)OC,screen_SCRN_66,SCRN_66,c_30116215bd,[Pd].C(P(C(C)(C)C)C(C)(C)C)(C)(C)C.C(P(C(C)(C)C)C(C)(C)C)(C)(C)C|MeOH,,Pd(P(tBu)3)2,MeOH,100.0,18.0,0,c1(OCc2ccccc2)ccc(cc1)B(O)O
RKB-03617508,hit_06,c1(ccc(cc1)c1c(c(on1)C(F)(F)F)Cl)OC,screen_SCRN_66,SCRN_66,c_e34fd39dff,|MeOH,,3G OMs XanthPhos,MeOH,100.0,18.0,0,c1(OCc2ccccc2)ccc(cc1)B(O)O
RKB-03617509,hit_06,c1(ccc(cc1)c1c(c(on1)C(F)(F)F)Cl)OC,screen_SCRN_66,SCRN_66,c_e7bd21231d,P(C1CCCC1)(c1ccccc1)c1ccccc1.P(C1CCCC1)(c1ccccc1)c1ccccc1.C(Cl)Cl.[Pd](Cl)Cl.[Fe]|MeOH,,Pd(dppf)Cl2,MeOH,100.0,18.0,0,c1(OCc2ccccc2)ccc(cc1)B(O)O
RKB-03617510,hit_06,c1(ccc(cc1)c1c(c(on1)C(F)(F)F)Cl)OC,screen_SCRN_66,SCRN_66,c_c4be4d3b3e,c1(c2c(P(C3CCCCC3)C3CCCCC3)cccc2)c(cc(cc1C(C)C)C(C)C)C(C)C|MeOH,Pd(OAc)2,Pd(OAc)2 / XPhos,MeOH,100.0,18.0,0,c1(OCc2ccccc2)ccc(cc1)B(O)O
RKB-03617511,hit_06,c1(ccc(cc1)c1c(c(on1)C(F)(F)F)Cl)OC,screen_SCRN_66,SCRN_66,c_e8d46c9e9a,[Pd].P(c1ccccc1)(c1ccccc1)c1ccccc1.P(c1ccccc1)(c1ccccc1)c1ccccc1.P(c1ccccc1)(c1ccccc1)c1ccccc1.P(c1ccccc1)(c1ccccc1)c1ccccc1|MeOH,,Pd(P(Ph)3)4),MeOH,100.0,18.0,0,c1(OCc2ccccc2)ccc(cc1)B(O)O
RKB-03617512,hit_06,c1(ccc(cc1)c1c(c(on1)C(F)(F)F)Cl)OC,screen_SCRN_66,SCRN_66,c_30116215bd,[Pd].C(P(C(C)(C)C)C(C)(C)C)(C)(C)C.C(P(C(C)(C)C)C(C)(C)C)(C)(C)C|MeOH,,Pd(P(tBu)3)2,MeOH,100.0,18.0,0,c1(OCc2ccccc2)ccc(cc1)B(O)O
RKB-03617513,hit_06,c1(ccc(cc1)c1c(c(on1)C(F)(F)F)Cl)OC,screen_SCRN_66,SCRN_66,c_c4be4d3b3e,c1(c2c(P(C3CCCCC3)C3CCCCC3)cccc2)c(cc(cc1C(C)C)C(C)C)C(C)C|MeOH,Pd(OAc)2,Pd(OAc)2 / XPhos,MeOH,100.0,18.0,0,c1(OCc2ccccc2)ccc(cc1)B(O)O
RKB-03617514,hit_06,c1(ccc(cc1)c1c(c(on1)C(F)(F)F)Cl)OC,screen_SCRN_66,SCRN_66,c_7dc2ed3bef,C1(C(C(C(C1c1ccccc1)c1ccccc1)c1ccccc1)c1ccccc1)c1ccccc1.P(C(C)(C)C)(C(C)(C)C)C1CCCC1.C1(C(C(C(C1c1ccccc1)c1ccccc1)c1ccccc1)c1ccccc1)c1ccccc1.P(C(C)(C)C)(C(C)(C)C)C1CCCC1.[Fe].[Fe].[Pd]|MeOH,,Pd(Qhos)2,MeOH,100.0,18.0,0,c1(OCc2ccccc2)ccc(cc1)B(O)O
RKB-03617515,hit_06,c1(ccc(cc1)c1c(c(on1)C(F)(F)F)Cl)OC,screen_SCRN_66,SCRN_66,c_dd752d0e98,n1c(c(c(n1c1ccccc1)c1ccccc1)n1nccc1P(C(C)(C)C)(C(C)(C)C)[Pd](Cl)Cl)c1ccccc1|MeOH,,Pd(BiPyPhos)(Cl)2,MeOH,100.0,18.0,0,c1(OCc2ccccc2)ccc(cc1)B(O)O
RKB-03617516,hit_06,c1(ccc(cc1)c1c(c(on1)C(F)(F)F)Cl)OC,screen_SCRN_66,SCRN_66,c_e8d46c9e9a,[Pd].P(c1ccccc1)(c1ccccc1)c1ccccc1.P(c1ccccc1)(c1ccccc1)c1ccccc1.P(c1ccccc1)(c1ccccc1)c1ccccc1.P(c1ccccc1)(c1ccccc1)c1ccccc1|MeOH,,Pd(P(Ph)3)4),MeOH,100.0,18.0,0,c1(OCc2ccccc2)ccc(cc1)B(O)O
RKB-03617517,hit_06,c1(ccc(cc1)c1c(c(on1)C(F)(F)F)Cl)OC,screen_SCRN_66,SCRN_66,c_30116215bd,[Pd].C(P(C(C)(C)C)C(C)(C)C)(C)(C)C.C(P(C(C)(C)C)C(C)(C)C)(C)(C)C|MeOH,,Pd(P(tBu)3)2,MeOH,100.0,18.0,0,c1(OCc2ccccc2)ccc(cc1)B(O)O
RKB-03617518,hit_06,c1(ccc(cc1)c1c(c(on1)C(F)(F)F)Cl)OC,screen_SCRN_66,SCRN_66,c_e7bd21231d,P(C1CCCC1)(c1ccccc1)c1ccccc1.P(C1CCCC1)(c1ccccc1)c1ccccc1.C(Cl)Cl.[Pd](Cl)Cl.[Fe]|MeOH,,Pd(dppf)Cl2,MeOH,100.0,18.0,0,c1(OCc2ccccc2)ccc(cc1)B(O)O
RKB-03617519,hit_06,c1(ccc(cc1)c1c(c(on1)C(F)(F)F)Cl)OC,screen_SCRN_66,SCRN_66,c_d71bc0fdfd,P(C1CCCC1)(c1ccccc1)c1ccccc1.P(C1CCCC1)(c1ccccc1)c1ccccc1.C(Cl)Cl.[Pd](Cl)Cl.[Fe]|Dioxane,,Pd(dppf)Cl2,Dioxane,100.0,18.0,0,c1(OCc2ccccc2)ccc(cc1)B(O)O
RKB-03617520,hit_06,c1(ccc(cc1)c1c(c(on1)C(F)(F)F)Cl)OC,screen_SCRN_66,SCRN_66,c_bb059feb70,|Dioxane,,3G OMs XanthPhos,Dioxane,100.0,18.0,0,c1(OCc2ccccc2)ccc(cc1)B(O)O
RKB-03617521,hit_06,c1(ccc(cc1)c1c(c(on1)C(F)(F)F)Cl)OC,screen_SCRN_66,SCRN_66,c_c7181b1329,C1(C(C(C(C1c1ccccc1)c1ccccc1)c1ccccc1)c1ccccc1)c1ccccc1.P(C(C)(C)C)(C(C)(C)C)C1CCCC1.C1(C(C(C(C1c1ccccc1)c1ccccc1)c1ccccc1)c1ccccc1)c1ccccc1.P(C(C)(C)C)(C(C)(C)C)C1CCCC1.[Fe].[Fe].[Pd]|Dioxane,,Pd(Qhos)2,Dioxane,100.0,18.0,0,c1(OCc2ccccc2)ccc(cc1)B(O)O
RKB-03617522,hit_06,c1(ccc(cc1)c1c(c(on1)C(F)(F)F)Cl)OC,screen_SCRN_66,SCRN_66,c_c139ee6e43,[Pd](Cl)Cl.P(C1CCCCC1)(C1CCCCC1)C1CCCCC1.P(C1CCCCC1)(C1CCCCC1)C1CCCCC1|Dioxane,,Pd(P(Cy)3)2Cl2,Dioxane,100.0,18.0,0,c1(OCc2ccccc2)ccc(cc1)B(O)O
RKB-03617523,hit_06,c1(ccc(cc1)c1c(c(on1)C(F)(F)F)Cl)OC,screen_SCRN_66,SCRN_66,c_9ffedf54ae,[Pd](Cl)Cl.P(c1c(cccc1)C)(c1c(cccc1)C)c1c(cccc1)C.P(c1c(cccc1)C)(c1c(cccc1)C)c1c(cccc1)C|Dioxane,,Pd(P(o-Tol)3)2Cl2,Dioxane,100.0,18.0,0,c1(OCc2ccccc2)ccc(cc1)B(O)O
RKB-03617524,hit_06,c1(ccc(cc1)c1c(c(on1)C(F)(F)F)Cl)OC,screen_SCRN_66,SCRN_66,c_8871d0b6cb,[Pd].P(c1ccccc1)(c1ccccc1)c1ccccc1.P(c1ccccc1)(c1ccccc1)c1ccccc1.P(c1ccccc1)(c1ccccc1)c1ccccc1.P(c1ccccc1)(c1ccccc1)c1ccccc1|Dioxane,,Pd(P(Ph)3)4),Dioxane,100.0,18.0,0,c1(OCc2ccccc2)ccc(cc1)B(O)O
RKB-03617525,hit_06,c1(ccc(cc1)c1c(c(on1)C(F)(F)F)Cl)OC,screen_SCRN_66,SCRN_66,c_d71bc0fdfd,P(C1CCCC1)(c1ccccc1)c1ccccc1.P(C1CCCC1)(c1ccccc1)c1ccccc1.C(Cl)Cl.[Pd](Cl)Cl.[Fe]|Dioxane,,Pd(dppf)Cl2,Dioxane,100.0,18.0,0,c1(OCc2ccccc2)ccc(cc1)B(O)O
RKB-03617526,hit_06,c1(ccc(cc1)c1c(c(on1)C(F)(F)F)Cl)OC,screen_SCRN_66,SCRN_66,c_c3b27856cb,[Pd](Cl)Cl.P(c1c(cccc1)C)(c1c(cccc1)C)c1c(cccc1)C.P(c1c(cccc1)C)(c1c(cccc1)C)c1c(cccc1)C|MeCN,,Pd(P(o-Tol)3)2Cl2,MeCN,100.0,18.0,0,c1(OCc2ccccc2)ccc(cc1)B(O)O
RKB-03617527,hit_06,c1(ccc(cc1)c1c(c(on1)C(F)(F)F)Cl)OC,screen_SCRN_66,SCRN_66,c_a86e283b14,c1(c2c(P(C3CCCCC3)C3CCCCC3)cccc2)c(cc(cc1C(C)C)C(C)C)C(C)C|MeCN,Pd(OAc)2,Pd(OAc)2 / XPhos,MeCN,100.0,18.0,0,c1(OCc2ccccc2)ccc(cc1)B(O)O
RKB-03617528,hit_06,c1(ccc(cc1)c1c(c(on1)C(F)(F)F)Cl)OC,screen_SCRN_66,SCRN_66,c_4957928872,|MeCN,,3G OMs XanthPhos,MeCN,100.0,18.0,0,c1(OCc2ccccc2)ccc(cc1)B(O)O
RKB-03617529,hit_06,c1(ccc(cc1)c1c(c(on1)C(F)(F)F)Cl)OC,screen_SCRN_66,SCRN_66,c_4648614000,C1(C(C(C(C1c1ccccc1)c1ccccc1)c1ccccc1)c1ccccc1)c1ccccc1.P(C(C)(C)C)(C(C)(C)C)C1CCCC1.C1(C(C(C(C1c1ccccc1)c1ccccc1)c1ccccc1)c1ccccc1)c1ccccc1.P(C(C)(C)C)(C(C)(C)C)C1CCCC1.[Fe].[Fe].[Pd]|MeCN,,Pd(Qhos)2,MeCN,100.0,18.0,0,c1(OCc2ccccc2)ccc(cc1)B(O)O
RKB-03617530,hit_06,c1(ccc(cc1)c1c(c(on1)C(F)(F)F)Cl)OC,screen_SCRN_66,SCRN_66,c_c3b27856cb,[Pd](Cl)Cl.P(c1c(cccc1)C)(c1c(cccc1)C)c1c(cccc1)C.P(c1c(cccc1)C)(c1c(cccc1)C)c1c(cccc1)C|MeCN,,Pd(P(o-Tol)3)2Cl2,MeCN,100.0,18.0,0,c1(OCc2ccccc2)ccc(cc1)B(O)O
RKB-03617531,hit_06,c1(ccc(cc1)c1c(c(on1)C(F)(F)F)Cl)OC,screen_SCRN_66,SCRN_66,c_e564d7612a,[Pd].P(c1ccccc1)(c1ccccc1)c1ccccc1.P(c1ccccc1)(c1ccccc1)c1ccccc1.P(c1ccccc1)(c1ccccc1)c1ccccc1.P(c1ccccc1)(c1ccccc1)c1ccccc1|MeCN,,Pd(P(Ph)3)4),MeCN,100.0,18.0,0,c1(OCc2ccccc2)ccc(cc1)B(O)O
RKB-03617532,hit_06,c1(ccc(cc1)c1c(c(on1)C(F)(F)F)Cl)OC,screen_SCRN_66,SCRN_66,c_a86e283b14,c1(c2c(P(C3CCCCC3)C3CCCCC3)cccc2)c(cc(cc1C(C)C)C(C)C)C(C)C|MeCN,Pd(OAc)2,Pd(OAc)2 / XPhos,MeCN,100.0,18.0,0,c1(OCc2ccccc2)ccc(cc1)B(O)O
RKB-03617533,hit_06,c1(ccc(cc1)c1c(c(on1)C(F)(F)F)Cl)OC,screen_SCRN_66,SCRN_66,c_4957928872,|MeCN,,3G OMs XanthPhos,MeCN,100.0,18.0,0,c1(OCc2ccccc2)ccc(cc1)B(O)O
RKB-03617534,hit_06,c1(ccc(cc1)c1c(c(on1)C(F)(F)F)Cl)OC,screen_SCRN_66,SCRN_66,c_4648614000,C1(C(C(C(C1c1ccccc1)c1ccccc1)c1ccccc1)c1ccccc1)c1ccccc1.P(C(C)(C)C)(C(C)(C)C)C1CCCC1.C1(C(C(C(C1c1ccccc1)c1ccccc1)c1ccccc1)c1ccccc1)c1ccccc1.P(C(C)(C)C)(C(C)(C)C)C1CCCC1.[Fe].[Fe].[Pd]|MeCN,,Pd(Qhos)2,MeCN,100.0,18.0,0,c1(OCc2ccccc2)ccc(cc1)B(O)O
RKB-03617535,hit_06,c1(ccc(cc1)c1c(c(on1)C(F)(F)F)Cl)OC,screen_SCRN_66,SCRN_66,c_14f5c30068,[Pd](Cl)Cl.P(C1CCCCC1)(C1CCCCC1)C1CCCCC1.P(C1CCCCC1)(C1CCCCC1)C1CCCCC1|MeCN,,Pd(P(Cy)3)2Cl2,MeCN,100.0,18.0,0,c1(OCc2ccccc2)ccc(cc1)B(O)O
RKB-03617536,hit_06,c1(ccc(cc1)c1c(c(on1)C(F)(F)F)Cl)OC,screen_SCRN_66,SCRN_66,c_c3b27856cb,[Pd](Cl)Cl.P(c1c(cccc1)C)(c1c(cccc1)C)c1c(cccc1)C.P(c1c(cccc1)C)(c1c(cccc1)C)c1c(cccc1)C|MeCN,,Pd(P(o-Tol)3)2Cl2,MeCN,100.0,18.0,0,c1(OCc2ccccc2)ccc(cc1)B(O)O
RKB-03617537,hit_06,c1(ccc(cc1)c1c(c(on1)C(F)(F)F)Cl)OC,screen_SCRN_66,SCRN_66,c_b6552437bf,n1c(c(c(n1c1ccccc1)c1ccccc1)n1nccc1P(C(C)(C)C)(C(C)(C)C)[Pd](Cl)Cl)c1ccccc1|MeCN,,Pd(BiPyPhos)(Cl)2,MeCN,100.0,18.0,0,c1(OCc2ccccc2)ccc(cc1)B(O)O
RKB-03617538,hit_06,c1(ccc(cc1)c1c(c(on1)C(F)(F)F)Cl)OC,screen_SCRN_66,SCRN_66,c_c4be4d3b3e,c1(c2c(P(C3CCCCC3)C3CCCCC3)cccc2)c(cc(cc1C(C)C)C(C)C)C(C)C|MeOH,Pd(OAc)2,Pd(OAc)2 / XPhos,MeOH,100.0,18.0,0,c1(OCc2ccccc2)ccc(cc1)B(O)O
RKB-03617539,hit_06,c1(ccc(cc1)c1c(c(on1)C(F)(F)F)Cl)OC,screen_SCRN_66,SCRN_66,c_b4e663cbcf,P([C@]12C[C@@H]3C[C@H](C2)C[C@@H](C1)C3)([C@]12C[C@@H]3C[C@@H](C2)C[C@@H](C1)C3)CCCC|MeOH,Pd(OAc)2,Pd(OAc)2/CataCXium A,MeOH,100.0,18.0,57,c1(OCc2ccccc2)ccc(cc1)B(O)O
RKB-03617540,hit_06,c1(ccc(cc1)c1c(c(on1)C(F)(F)F)Cl)OC,screen_SCRN_66,SCRN_66,c_0511e92d37,P([C@]12C[C@@H]3C[C@H](C2)C[C@@H](C1)C3)([C@]12C[C@@H]3C[C@@H](C2)C[C@@H](C1)C3)CCCC|Dioxane,Pd(OAc)2,Pd(OAc)2/CataCXium A,Dioxane,100.0,18.0,53,c1(OCc2ccccc2)ccc(cc1)B(O)O
RKB-03617541,hit_06,c1(ccc(cc1)c1c(c(on1)C(F)(F)F)Cl)OC,screen_SCRN_66,SCRN_66,c_c139ee6e43,[Pd](Cl)Cl.P(C1CCCCC1)(C1CCCCC1)C1CCCCC1.P(C1CCCCC1)(C1CCCCC1)C1CCCCC1|Dioxane,,Pd(P(Cy)3)2Cl2,Dioxane,100.0,18.0,50,c1(OCc2ccccc2)ccc(cc1)B(O)O
RKB-03617542,hit_06,c1(ccc(cc1)c1c(c(on1)C(F)(F)F)Cl)OC,screen_SCRN_66,SCRN_66,c_14766a3f2b,[Pd](Cl)Cl.P(C(C)(C)C)(C(C)(C)C)c1ccc(N(C)C)cc1.P(C(C)(C)C)(C(C)(C)C)c1ccc(N(C)C)cc1|Dioxane,,Pd-132,Dioxane,100.0,18.0,50,c1(OCc2ccccc2)ccc(cc1)B(O)O
RKB-03617543,hit_06,c1(ccc(cc1)c1c(c(on1)C(F)(F)F)Cl)OC,screen_SCRN_66,SCRN_66,c_3f90fc71ff,[Pd](Cl)Cl.P(C(C)(C)C)(C(C)(C)C)c1ccc(N(C)C)cc1.P(C(C)(C)C)(C(C)(C)C)c1ccc(N(C)C)cc1|MeOH,,Pd-132,MeOH,100.0,18.0,49,c1(OCc2ccccc2)ccc(cc1)B(O)O
RKB-03617544,hit_06,c1(ccc(cc1)c1c(c(on1)C(F)(F)F)Cl)OC,screen_SCRN_66,SCRN_66,c_0511e92d37,P([C@]12C[C@@H]3C[C@H](C2)C[C@@H](C1)C3)([C@]12C[C@@H]3C[C@@H](C2)C[C@@H](C1)C3)CCCC|Dioxane,Pd(OAc)2,Pd(OAc)2/CataCXium A,Dioxane,100.0,18.0,44,c1(OCc2ccccc2)ccc(cc1)B(O)O
RKB-03617545,hit_06,c1(ccc(cc1)c1c(c(on1)C(F)(F)F)Cl)OC,screen_SCRN_66,SCRN_66,c_24a01a5b7d,[Pd](Cl)Cl.P(C1CCCCC1)(C1CCCCC1)C1CCCCC1.P(C1CCCCC1)(C1CCCCC1)C1CCCCC1|MeOH,,Pd(P(Cy)3)2Cl2,MeOH,100.0,18.0,42,c1(OCc2ccccc2)ccc(cc1)B(O)O
RKB-03617546,hit_06,c1(ccc(cc1)c1c(c(on1)C(F)(F)F)Cl)OC,screen_SCRN_66,SCRN_66,c_14766a3f2b,[Pd](Cl)Cl.P(C(C)(C)C)(C(C)(C)C)c1ccc(N(C)C)cc1.P(C(C)(C)C)(C(C)(C)C)c1ccc(N(C)C)cc1|Dioxane,,Pd-132,Dioxane,100.0,18.0,39,c1(OCc2ccccc2)ccc(cc1)B(O)O
RKB-03617547,hit_06,c1(ccc(cc1)c1c(c(on1)C(F)(F)F)Cl)OC,screen_SCRN_66,SCRN_66,c_3196604cd9,[Pd](Cl)Cl.P(C(C)(C)C)(C(C)(C)C)c1ccc(N(C)C)cc1.P(C(C)(C)C)(C(C)(C)C)c1ccc(N(C)C)cc1|MeCN,,Pd-132,MeCN,100.0,18.0,39,c1(OCc2ccccc2)ccc(cc1)B(O)O
RKB-03617548,hit_06,c1(ccc(cc1)c1c(c(on1)C(F)(F)F)Cl)OC,screen_SCRN_66,SCRN_66,c_14766a3f2b,[Pd](Cl)Cl.P(C(C)(C)C)(C(C)(C)C)c1ccc(N(C)C)cc1.P(C(C)(C)C)(C(C)(C)C)c1ccc(N(C)C)cc1|Dioxane,,Pd-132,Dioxane,100.0,18.0,39,c1(OCc2ccccc2)ccc(cc1)B(O)O
RKB-03617549,hit_06,c1(ccc(cc1)c1c(c(on1)C(F)(F)F)Cl)OC,screen_SCRN_66,SCRN_66,c_e2b4f2be96,P(C1CCCC1)(C(C)(C)C)C(C)(C)C.P(C1CCCC1)(C(C)(C)C)C(C)(C)C.[Pd](Cl)Cl.[Fe]|Dioxane,,Pd(dtbpf)Cl2,Dioxane,100.0,18.0,38,c1(OCc2ccccc2)ccc(cc1)B(O)O
RKB-03617550,hit_06,c1(ccc(cc1)c1c(c(on1)C(F)(F)F)Cl)OC,screen_SCRN_66,SCRN_66,c_3ee2d5105a,P([C@]12C[C@@H]3C[C@H](C2)C[C@@H](C1)C3)([C@]12C[C@@H]3C[C@@H](C2)C[C@@H](C1)C3)CCCC|MeCN,Pd(OAc)2,Pd(OAc)2/CataCXium A,MeCN,100.0,18.0,37,c1(OCc2ccccc2)ccc(cc1)B(O)O
RKB-03617551,hit_06,c1(ccc(cc1)c1c(c(on1)C(F)(F)F)Cl)OC,screen_SCRN_66,SCRN_66,c_577ff4ada9,P([C@]12C[C@@H]3C[C@H](C2)C[C@@H](C1)C3)([C@]12C[C@@H]3C[C@@H](C2)C[C@@H](C1)C3)CCCC|Toluene,Pd(OAc)2,Pd(OAc)2/CataCXium A,Toluene,100.0,18.0,36,c1(OCc2ccccc2)ccc(cc1)B(O)O
RKB-03617552,hit_06,c1(ccc(cc1)c1c(c(on1)C(F)(F)F)Cl)OC,screen_SCRN_66,SCRN_66,c_3ee2d5105a,P([C@]12C[C@@H]3C[C@H](C2)C[C@@H](C1)C3)([C@]12C[C@@H]3C[C@@H](C2)C[C@@H](C1)C3)CCCC|MeCN,Pd(OAc)2,Pd(OAc)2/CataCXium A,MeCN,100.0,18.0,34,c1(OCc2ccccc2)ccc(cc1)B(O)O
RKB-03617553,hit_06,c1(ccc(cc1)c1c(c(on1)C(F)(F)F)Cl)OC,screen_SCRN_66,SCRN_66,c_3ee2d5105a,P([C@]12C[C@@H]3C[C@H](C2)C[C@@H](C1)C3)([C@]12C[C@@H]3C[C@@H](C2)C[C@@H](C1)C3)CCCC|MeCN,Pd(OAc)2,Pd(OAc)2/CataCXium A,MeCN,100.0,18.0,33,c1(OCc2ccccc2)ccc(cc1)B(O)O
RKB-03617554,hit_06,c1(ccc(cc1)c1c(c(on1)C(F)(F)F)Cl)OC,screen_SCRN_66,SCRN_66,c_b4e663cbcf,P([C@]12C[C@@H]3C[C@H](C2)C[C@@H](C1)C3)([C@]12C[C@@H]3C[C@@H](C2)C[C@@H](C1)C3)CCCC|MeOH,Pd(OAc)2,Pd(OAc)2/CataCXium A,MeOH,100.0,18.0,31,c1(OCc2ccccc2)ccc(cc1)B(O)O
RKB-03617555,hit_06,c1(ccc(cc1)c1c(c(on1)C(F)(F)F)Cl)OC,screen_SCRN_66,SCRN_66,c_577ff4ada9,P([C@]12C[C@@H]3C[C@H](C2)C[C@@H](C1)C3)([C@]12C[C@@H]3C[C@@H](C2)C[C@@H](C1)C3)CCCC|Toluene,Pd(OAc)2,Pd(OAc)2/CataCXium A,Toluene,100.0,18.0,31,c1(OCc2ccccc2)ccc(cc1)B(O)O
RKB-03617556,hit_06,c1(ccc(cc1)c1c(c(on1)C(F)(F)F)Cl)OC,screen_SCRN_66,SCRN_66,c_c139ee6e43,[Pd](Cl)Cl.P(C1CCCCC1)(C1CCCCC1)C1CCCCC1.P(C1CCCCC1)(C1CCCCC1)C1CCCCC1|Dioxane,,Pd(P(Cy)3)2Cl2,Dioxane,100.0,18.0,31,c1(OCc2ccccc2)ccc(cc1)B(O)O
RKB-03617557,hit_06,c1(ccc(cc1)c1c(c(on1)C(F)(F)F)Cl)OC,screen_SCRN_66,SCRN_66,c_5e8279fbea,[Pd](Cl)Cl.P(C(C)(C)C)(C(C)(C)C)c1ccc(N(C)C)cc1.P(C(C)(C)C)(C(C)(C)C)c1ccc(N(C)C)cc1|Toluene,,Pd-132,Toluene,100.0,18.0,31,c1(OCc2ccccc2)ccc(cc1)B(O)O
RKB-03617558,hit_06,c1(ccc(cc1)c1c(c(on1)C(F)(F)F)Cl)OC,screen_SCRN_66,SCRN_66,c_0511e92d37,P([C@]12C[C@@H]3C[C@H](C2)C[C@@H](C1)C3)([C@]12C[C@@H]3C[C@@H](C2)C[C@@H](C1)C3)CCCC|Dioxane,Pd(OAc)2,Pd(OAc)2/CataCXium A,Dioxane,100.0,18.0,30,c1(OCc2ccccc2)ccc(cc1)B(O)O
RKB-03617559,hit_06,c1(ccc(cc1)c1c(c(on1)C(F)(F)F)Cl)OC,screen_SCRN_66,SCRN_66,c_5e8279fbea,[Pd](Cl)Cl.P(C(C)(C)C)(C(C)(C)C)c1ccc(N(C)C)cc1.P(C(C)(C)C)(C(C)(C)C)c1ccc(N(C)C)cc1|Toluene,,Pd-132,Toluene,100.0,18.0,29,c1(OCc2ccccc2)ccc(cc1)B(O)O
RKB-03617560,hit_06,c1(ccc(cc1)c1c(c(on1)C(F)(F)F)Cl)OC,screen_SCRN_66,SCRN_66,c_14766a3f2b,[Pd](Cl)Cl.P(C(C)(C)C)(C(C)(C)C)c1ccc(N(C)C)cc1.P(C(C)(C)C)(C(C)(C)C)c1ccc(N(C)C)cc1|Dioxane,,Pd-132,Dioxane,100.0,18.0,28,c1(OCc2ccccc2)ccc(cc1)B(O)O
RKB-03617561,hit_06,c1(ccc(cc1)c1c(c(on1)C(F)(F)F)Cl)OC,screen_SCRN_66,SCRN_66,c_466dd475bc,[Pd].C(P(C(C)(C)C)C(C)(C)C)(C)(C)C.C(P(C(C)(C)C)C(C)(C)C)(C)(C)C|Dioxane,,Pd(P(tBu)3)2,Dioxane,100.0,18.0,28,c1(OCc2ccccc2)ccc(cc1)B(O)O
RKB-03617562,hit_06,c1(ccc(cc1)c1c(c(on1)C(F)(F)F)Cl)OC,screen_SCRN_66,SCRN_66,c_32f061b282,P(C1CCCC1)(C(C)(C)C)C(C)(C)C.P(C1CCCC1)(C(C)(C)C)C(C)(C)C.[Pd](Cl)Cl.[Fe]|Toluene,,Pd(dtbpf)Cl2,Toluene,100.0,18.0,29,c1(OCc2ccccc2)ccc(cc1)B(O)O
RKB-03617563,hit_06,c1(ccc(cc1)c1c(c(on1)C(F)(F)F)Cl)OC,screen_SCRN_66,SCRN_66,c_e2b4f2be96,P(C1CCCC1)(C(C)(C)C)C(C)(C)C.P(C1CCCC1)(C(C)(C)C)C(C)(C)C.[Pd](Cl)Cl.[Fe]|Dioxane,,Pd(dtbpf)Cl2,Dioxane,100.0,18.0,29,c1(OCc2ccccc2)ccc(cc1)B(O)O
RKB-03617564,hit_06,c1(ccc(cc1)c1c(c(on1)C(F)(F)F)Cl)OC,screen_SCRN_66,SCRN_66,c_efdcec6f77,[Pd].C(P(C(C)(C)C)C(C)(C)C)(C)(C)C.C(P(C(C)(C)C)C(C)(C)C)(C)(C)C|MeCN,,Pd(P(tBu)3)2,MeCN,100.0,18.0,28,c1(OCc2ccccc2)ccc(cc1)B(O)O
RKB-03617565,hit_06,c1(ccc(cc1)c1c(c(on1)C(F)(F)F)Cl)OC,screen_SCRN_66,SCRN_66,c_3196604cd9,[Pd](Cl)Cl.P(C(C)(C)C)(C(C)(C)C)c1ccc(N(C)C)cc1.P(C(C)(C)C)(C(C)(C)C)c1ccc(N(C)C)cc1|MeCN,,Pd-132,MeCN,100.0,18.0,28,c1(OCc2ccccc2)ccc(cc1)B(O)O
RKB-03617566,hit_06,c1(ccc(cc1)c1c(c(on1)C(F)(F)F)Cl)OC,screen_SCRN_66,SCRN_66,c_3f90fc71ff,[Pd](Cl)Cl.P(C(C)(C)C)(C(C)(C)C)c1ccc(N(C)C)cc1.P(C(C)(C)C)(C(C)(C)C)c1ccc(N(C)C)cc1|MeOH,,Pd-132,MeOH,100.0,18.0,26,c1(OCc2ccccc2)ccc(cc1)B(O)O
RKB-03617567,hit_06,c1(ccc(cc1)c1c(c(on1)C(F)(F)F)Cl)OC,screen_SCRN_66,SCRN_66,c_0511e92d37,P([C@]12C[C@@H]3C[C@H](C2)C[C@@H](C1)C3)([C@]12C[C@@H]3C[C@@H](C2)C[C@@H](C1)C3)CCCC|Dioxane,Pd(OAc)2,Pd(OAc)2/CataCXium A,Dioxane,100.0,18.0,25,c1(OCc2ccccc2)ccc(cc1)B(O)O
RKB-03617568,hit_06,c1(ccc(cc1)c1c(c(on1)C(F)(F)F)Cl)OC,screen_SCRN_66,SCRN_66,c_adf3bba061,P(C1CCCC1)(C(C)(C)C)C(C)(C)C.P(C1CCCC1)(C(C)(C)C)C(C)(C)C.[Pd](Cl)Cl.[Fe]|MeCN,,Pd(dtbpf)Cl2,MeCN,100.0,18.0,25,c1(OCc2ccccc2)ccc(cc1)B(O)O
RKB-03617569,hit_06,c1(ccc(cc1)c1c(c(on1)C(F)(F)F)Cl)OC,screen_SCRN_66,SCRN_66,c_5e8279fbea,[Pd](Cl)Cl.P(C(C)(C)C)(C(C)(C)C)c1ccc(N(C)C)cc1.P(C(C)(C)C)(C(C)(C)C)c1ccc(N(C)C)cc1|Toluene,,Pd-132,Toluene,100.0,18.0,24,c1(OCc2ccccc2)ccc(cc1)B(O)O
RKB-03617570,hit_06,c1(ccc(cc1)c1c(c(on1)C(F)(F)F)Cl)OC,screen_SCRN_66,SCRN_66,c_3ee2d5105a,P([C@]12C[C@@H]3C[C@H](C2)C[C@@H](C1)C3)([C@]12C[C@@H]3C[C@@H](C2)C[C@@H](C1)C3)CCCC|MeCN,Pd(OAc)2,Pd(OAc)2/CataCXium A,MeCN,100.0,18.0,24,c1(OCc2ccccc2)ccc(cc1)B(O)O
RKB-03617571,hit_06,c1(ccc(cc1)c1c(c(on1)C(F)(F)F)Cl)OC,screen_SCRN_66,SCRN_66,c_14f5c30068,[Pd](Cl)Cl.P(C1CCCCC1)(C1CCCCC1)C1CCCCC1.P(C1CCCCC1)(C1CCCCC1)C1CCCCC1|MeCN,,Pd(P(Cy)3)2Cl2,MeCN,100.0,18.0,23,c1(OCc2ccccc2)ccc(cc1)B(O)O
RKB-03617572,hit_06,c1(ccc(cc1)c1c(c(on1)C(F)(F)F)Cl)OC,screen_SCRN_66,SCRN_66,c_466dd475bc,[Pd].C(P(C(C)(C)C)C(C)(C)C)(C)(C)C.C(P(C(C)(C)C)C(C)(C)C)(C)(C)C|Dioxane,,Pd(P(tBu)3)2,Dioxane,100.0,18.0,22,c1(OCc2ccccc2)ccc(cc1)B(O)O
RKB-03617573,hit_06,c1(ccc(cc1)c1c(c(on1)C(F)(F)F)Cl)OC,screen_SCRN_66,SCRN_66,c_24a01a5b7d,[Pd](Cl)Cl.P(C1CCCCC1)(C1CCCCC1)C1CCCCC1.P(C1CCCCC1)(C1CCCCC1)C1CCCCC1|MeOH,,Pd(P(Cy)3)2Cl2,MeOH,100.0,18.0,22,c1(OCc2ccccc2)ccc(cc1)B(O)O
RKB-03617574,hit_06,c1(ccc(cc1)c1c(c(on1)C(F)(F)F)Cl)OC,screen_SCRN_66,SCRN_66,c_adf3bba061,P(C1CCCC1)(C(C)(C)C)C(C)(C)C.P(C1CCCC1)(C(C)(C)C)C(C)(C)C.[Pd](Cl)Cl.[Fe]|MeCN,,Pd(dtbpf)Cl2,MeCN,100.0,18.0,22,c1(OCc2ccccc2)ccc(cc1)B(O)O
RKB-03617575,hit_06,c1(ccc(cc1)c1c(c(on1)C(F)(F)F)Cl)OC,screen_SCRN_66,SCRN_66,c_c7181b1329,C1(C(C(C(C1c1ccccc1)c1ccccc1)c1ccccc1)c1ccccc1)c1ccccc1.P(C(C)(C)C)(C(C)(C)C)C1CCCC1.C1(C(C(C(C1c1ccccc1)c1ccccc1)c1ccccc1)c1ccccc1)c1ccccc1.P(C(C)(C)C)(C(C)(C)C)C1CCCC1.[Fe].[Fe].[Pd]|Dioxane,,Pd(Qhos)2,Dioxane,100.0,18.0,22,c1(OCc2ccccc2)ccc(cc1)B(O)O
RKB-03617576,hit_06,c1(ccc(cc1)c1c(c(on1)C(F)(F)F)Cl)OC,screen_SCRN_66,SCRN_66,c_e2b4f2be96,P(C1CCCC1)(C(C)(C)C)C(C)(C)C.P(C1CCCC1)(C(C)(C)C)C(C)(C)C.[Pd](Cl)Cl.[Fe]|Dioxane,,Pd(dtbpf)Cl2,Dioxane,100.0,18.0,22,c1(OCc2ccccc2)ccc(cc1)B(O)O
RKB-03617577,hit_06,c1(ccc(cc1)c1c(c(on1)C(F)(F)F)Cl)OC,screen_SCRN_66,SCRN_66,c_c7181b1329,C1(C(C(C(C1c1ccccc1)c1ccccc1)c1ccccc1)c1ccccc1)c1ccccc1.P(C(C)(C)C)(C(C)(C)C)C1CCCC1.C1(C(C(C(C1c1ccccc1)c1ccccc1)c1ccccc1)c1ccccc1)c1ccccc1.P(C(C)(C)C)(C(C)(C)C)C1CCCC1.[Fe].[Fe].[Pd]|Dioxane,,Pd(Qhos)2,Dioxane,100.0,18.0,21,c1(OCc2ccccc2)ccc(cc1)B(O)O
RKB-03617578,hit_06,c1(ccc(cc1)c1c(c(on1)C(F)(F)F)Cl)OC,screen_SCRN_66,SCRN_66,c_b4e663cbcf,P([C@]12C[C@@H]3C[C@H](C2)C[C@@H](C1)C3)([C@]12C[C@@H]3C[C@@H](C2)C[C@@H](C1)C3)CCCC|MeOH,Pd(OAc)2,Pd(OAc)2/CataCXium A,MeOH,100.0,18.0,21,c1(OCc2ccccc2)ccc(cc1)B(O)O
RKB-03617579,hit_06,c1(ccc(cc1)c1c(c(on1)C(F)(F)F)Cl)OC,screen_SCRN_66,SCRN_66,c_efdcec6f77,[Pd].C(P(C(C)(C)C)C(C)(C)C)(C)(C)C.C(P(C(C)(C)C)C(C)(C)C)(C)(C)C|MeCN,,Pd(P(tBu)3)2,MeCN,100.0,18.0,21,c1(OCc2ccccc2)ccc(cc1)B(O)O
RKB-03617580,hit_06,c1(ccc(cc1)c1c(c(on1)C(F)(F)F)Cl)OC,screen_SCRN_66,SCRN_66,c_24a01a5b7d,[Pd](Cl)Cl.P(C1CCCCC1)(C1CCCCC1)C1CCCCC1.P(C1CCCCC1)(C1CCCCC1)C1CCCCC1|MeOH,,Pd(P(Cy)3)2Cl2,MeOH,100.0,18.0,19,c1(OCc2ccccc2)ccc(cc1)B(O)O
RKB-03617581,hit_06,c1(ccc(cc1)c1c(c(on1)C(F)(F)F)Cl)OC,screen_SCRN_66,SCRN_66,c_14f5c30068,[Pd](Cl)Cl.P(C1CCCCC1)(C1CCCCC1)C1CCCCC1.P(C1CCCCC1)(C1CCCCC1)C1CCCCC1|MeCN,,Pd(P(Cy)3)2Cl2,MeCN,100.0,18.0,19,c1(OCc2ccccc2)ccc(cc1)B(O)O
RKB-03617582,hit_06,c1(ccc(cc1)c1c(c(on1)C(F)(F)F)Cl)OC,screen_SCRN_66,SCRN_66,c_577ff4ada9,P([C@]12C[C@@H]3C[C@H](C2)C[C@@H](C1)C3)([C@]12C[C@@H]3C[C@@H](C2)C[C@@H](C1)C3)CCCC|Toluene,Pd(OAc)2,Pd(OAc)2/CataCXium A,Toluene,100.0,18.0,18,c1(OCc2ccccc2)ccc(cc1)B(O)O
RKB-03617583,hit_06,c1(ccc(cc1)c1c(c(on1)C(F)(F)F)Cl)OC,screen_SCRN_66,SCRN_66,c_3196604cd9,[Pd](Cl)Cl.P(C(C)(C)C)(C(C)(C)C)c1ccc(N(C)C)cc1.P(C(C)(C)C)(C(C)(C)C)c1ccc(N(C)C)cc1|MeCN,,Pd-132,MeCN,100.0,18.0,18,c1(OCc2ccccc2)ccc(cc1)B(O)O
RKB-03617584,hit_06,c1(ccc(cc1)c1c(c(on1)C(F)(F)F)Cl)OC,screen_SCRN_66,SCRN_66,c_dd752d0e98,n1c(c(c(n1c1ccccc1)c1ccccc1)n1nccc1P(C(C)(C)C)(C(C)(C)C)[Pd](Cl)Cl)c1ccccc1|MeOH,,Pd(BiPyPhos)(Cl)2,MeOH,100.0,18.0,17,c1(OCc2ccccc2)ccc(cc1)B(O)O
RKB-03617585,hit_06,c1(ccc(cc1)c1c(c(on1)C(F)(F)F)Cl)OC,screen_SCRN_66,SCRN_66,c_e2b4f2be96,P(C1CCCC1)(C(C)(C)C)C(C)(C)C.P(C1CCCC1)(C(C)(C)C)C(C)(C)C.[Pd](Cl)Cl.[Fe]|Dioxane,,Pd(dtbpf)Cl2,Dioxane,100.0,18.0,17,c1(OCc2ccccc2)ccc(cc1)B(O)O
RKB-03617586,hit_06,c1(ccc(cc1)c1c(c(on1)C(F)(F)F)Cl)OC,screen_SCRN_66,SCRN_66,c_9ffedf54ae,[Pd](Cl)Cl.P(c1c(cccc1)C)(c1c(cccc1)C)c1c(cccc1)C.P(c1c(cccc1)C)(c1c(cccc1)C)c1c(cccc1)C|Dioxane,,Pd(P(o-Tol)3)2Cl2,Dioxane,100.0,18.0,17,c1(OCc2ccccc2)ccc(cc1)B(O)O
RKB-03617587,hit_06,c1(ccc(cc1)c1c(c(on1)C(F)(F)F)Cl)OC,screen_SCRN_66,SCRN_66,c_efdcec6f77,[Pd].C(P(C(C)(C)C)C(C)(C)C)(C)(C)C.C(P(C(C)(C)C)C(C)(C)C)(C)(C)C|MeCN,,Pd(P(tBu)3)2,MeCN,100.0,18.0,16,c1(OCc2ccccc2)ccc(cc1)B(O)O
RKB-03617588,hit_06,c1(ccc(cc1)c1c(c(on1)C(F)(F)F)Cl)OC,screen_SCRN_66,SCRN_66,c_5570c5f42c,n1c(c(c(n1c1ccccc1)c1ccccc1)n1nccc1P(C(C)(C)C)(C(C)(C)C)[Pd](Cl)Cl)c1ccccc1|Toluene,,Pd(BiPyPhos)(Cl)2,Toluene,100.0,18.0,16,c1(OCc2ccccc2)ccc(cc1)B(O)O
RKB-03617589,hit_06,c1(ccc(cc1)c1c(c(on1)C(F)(F)F)Cl)OC,screen_SCRN_66,SCRN_66,c_dc49028cb5,n1c(c(c(n1c1ccccc1)c1ccccc1)n1nccc1P(C(C)(C)C)(C(C)(C)C)[Pd](Cl)Cl)c1ccccc1|Dioxane,,Pd(BiPyPhos)(Cl)2,Dioxane,100.0,18.0,16,c1(OCc2ccccc2)ccc(cc1)B(O)O
RKB-03617590,hit_06,c1(ccc(cc1)c1c(c(on1)C(F)(F)F)Cl)OC,screen_SCRN_66,SCRN_66,c_577ff4ada9,P([C@]12C[C@@H]3C[C@H](C2)C[C@@H](C1)C3)([C@]12C[C@@H]3C[C@@H](C2)C[C@@H](C1)C3)CCCC|Toluene,Pd(OAc)2,Pd(OAc)2/CataCXium A,Toluene,100.0,18.0,16,c1(OCc2ccccc2)ccc(cc1)B(O)O
RKB-03617591,hit_06,c1(ccc(cc1)c1c(c(on1)C(F)(F)F)Cl)OC,screen_SCRN_66,SCRN_66,c_32f061b282,P(C1CCCC1)(C(C)(C)C)C(C)(C)C.P(C1CCCC1)(C(C)(C)C)C(C)(C)C.[Pd](Cl)Cl.[Fe]|Toluene,,Pd(dtbpf)Cl2,Toluene,100.0,18.0,16,c1(OCc2ccccc2)ccc(cc1)B(O)O
RKB-03617592,hit_06,c1(ccc(cc1)c1c(c(on1)C(F)(F)F)Cl)OC,screen_SCRN_66,SCRN_66,c_b4e663cbcf,P([C@]12C[C@@H]3C[C@H](C2)C[C@@H](C1)C3)([C@]12C[C@@H]3C[C@@H](C2)C[C@@H](C1)C3)CCCC|MeOH,Pd(OAc)2,Pd(OAc)2/CataCXium A,MeOH,100.0,18.0,15,c1(OCc2ccccc2)ccc(cc1)B(O)O
RKB-03617593,hit_06,c1(ccc(cc1)c1c(c(on1)C(F)(F)F)Cl)OC,screen_SCRN_66,SCRN_66,c_adf3bba061,P(C1CCCC1)(C(C)(C)C)C(C)(C)C.P(C1CCCC1)(C(C)(C)C)C(C)(C)C.[Pd](Cl)Cl.[Fe]|MeCN,,Pd(dtbpf)Cl2,MeCN,100.0,18.0,15,c1(OCc2ccccc2)ccc(cc1)B(O)O
RKB-03617594,hit_06,c1(ccc(cc1)c1c(c(on1)C(F)(F)F)Cl)OC,screen_SCRN_66,SCRN_66,c_87d08dc489,P(C1CCCC1)(C(C)(C)C)C(C)(C)C.P(C1CCCC1)(C(C)(C)C)C(C)(C)C.[Pd](Cl)Cl.[Fe]|MeOH,,Pd(dtbpf)Cl2,MeOH,100.0,18.0,14,c1(OCc2ccccc2)ccc(cc1)B(O)O
RKB-03617595,hit_06,c1(ccc(cc1)c1c(c(on1)C(F)(F)F)Cl)OC,screen_SCRN_66,SCRN_66,c_c4be4d3b3e,c1(c2c(P(C3CCCCC3)C3CCCCC3)cccc2)c(cc(cc1C(C)C)C(C)C)C(C)C|MeOH,Pd(OAc)2,Pd(OAc)2 / XPhos,MeOH,100.0,18.0,13,c1(OCc2ccccc2)ccc(cc1)B(O)O
RKB-03617596,hit_06,c1(ccc(cc1)c1c(c(on1)C(F)(F)F)Cl)OC,screen_SCRN_66,SCRN_66,c_5e8279fbea,[Pd](Cl)Cl.P(C(C)(C)C)(C(C)(C)C)c1ccc(N(C)C)cc1.P(C(C)(C)C)(C(C)(C)C)c1ccc(N(C)C)cc1|Toluene,,Pd-132,Toluene,100.0,18.0,15,c1(OCc2ccccc2)ccc(cc1)B(O)O
RKB-03617597,hit_06,c1(ccc(cc1)c1c(c(on1)C(F)(F)F)Cl)OC,screen_SCRN_66,SCRN_66,c_30116215bd,[Pd].C(P(C(C)(C)C)C(C)(C)C)(C)(C)C.C(P(C(C)(C)C)C(C)(C)C)(C)(C)C|MeOH,,Pd(P(tBu)3)2,MeOH,100.0,18.0,15,c1(OCc2ccccc2)ccc(cc1)B(O)O
RKB-03617598,hit_06,c1(ccc(cc1)c1c(c(on1)C(F)(F)F)Cl)OC,screen_SCRN_66,SCRN_66,c_dc49028cb5,n1c(c(c(n1c1ccccc1)c1ccccc1)n1nccc1P(C(C)(C)C)(C(C)(C)C)[Pd](Cl)Cl)c1ccccc1|Dioxane,,Pd(BiPyPhos)(Cl)2,Dioxane,100.0,18.0,14,c1(OCc2ccccc2)ccc(cc1)B(O)O
RKB-03617599,hit_06,c1(ccc(cc1)c1c(c(on1)C(F)(F)F)Cl)OC,screen_SCRN_66,SCRN_66,c_3196604cd9,[Pd](Cl)Cl.P(C(C)(C)C)(C(C)(C)C)c1ccc(N(C)C)cc1.P(C(C)(C)C)(C(C)(C)C)c1ccc(N(C)C)cc1|MeCN,,Pd-132,MeCN,100.0,18.0,14,c1(OCc2ccccc2)ccc(cc1)B(O)O
RKB-03617600,hit_06,c1(ccc(cc1)c1c(c(on1)C(F)(F)F)Cl)OC,screen_SCRN_66,SCRN_66,c_32f061b282,P(C1CCCC1)(C(C)(C)C)C(C)(C)C.P(C1CCCC1)(C(C)(C)C)C(C)(C)C.[Pd](Cl)Cl.[Fe]|Toluene,,Pd(dtbpf)Cl2,Toluene,100.0,18.0,13,c1(OCc2ccccc2)ccc(cc1)B(O)O
RKB-03617601,hit_06,c1(ccc(cc1)c1c(c(on1)C(F)(F)F)Cl)OC,screen_SCRN_66,SCRN_66,c_a88c92ca46,C1(C(C(C(C1c1ccccc1)c1ccccc1)c1ccccc1)c1ccccc1)c1ccccc1.P(C(C)(C)C)(C(C)(C)C)C1CCCC1.C1(C(C(C(C1c1ccccc1)c1ccccc1)c1ccccc1)c1ccccc1)c1ccccc1.P(C(C)(C)C)(C(C)(C)C)C1CCCC1.[Fe].[Fe].[Pd]|Toluene,,Pd(Qhos)2,Toluene,100.0,18.0,12,c1(OCc2ccccc2)ccc(cc1)B(O)O
RKB-03617602,hit_06,c1(ccc(cc1)c1c(c(on1)C(F)(F)F)Cl)OC,screen_SCRN_66,SCRN_66,c_dc49028cb5,n1c(c(c(n1c1ccccc1)c1ccccc1)n1nccc1P(C(C)(C)C)(C(C)(C)C)[Pd](Cl)Cl)c1ccccc1|Dioxane,,Pd(BiPyPhos)(Cl)2,Dioxane,100.0,18.0,12,c1(OCc2ccccc2)ccc(cc1)B(O)O
RKB-03617603,hit_06,c1(ccc(cc1)c1c(c(on1)C(F)(F)F)Cl)OC,screen_SCRN_66,SCRN_66,c_9ffedf54ae,[Pd](Cl)Cl.P(c1c(cccc1)C)(c1c(cccc1)C)c1c(cccc1)C.P(c1c(cccc1)C)(c1c(cccc1)C)c1c(cccc1)C|Dioxane,,Pd(P(o-Tol)3)2Cl2,Dioxane,100.0,18.0,12,c1(OCc2ccccc2)ccc(cc1)B(O)O
RKB-03617604,hit_06,c1(ccc(cc1)c1c(c(on1)C(F)(F)F)Cl)OC,screen_SCRN_66,SCRN_66,c_c7181b1329,C1(C(C(C(C1c1ccccc1)c1ccccc1)c1ccccc1)c1ccccc1)c1ccccc1.P(C(C)(C)C)(C(C)(C)C)C1CCCC1.C1(C(C(C(C1c1ccccc1)c1ccccc1)c1ccccc1)c1ccccc1)c1ccccc1.P(C(C)(C)C)(C(C)(C)C)C1CCCC1.[Fe].[Fe].[Pd]|Dioxane,,Pd(Qhos)2,Dioxane,100.0,18.0,12,c1(OCc2ccccc2)ccc(cc1)B(O)O
RKB-03617605,hit_06,c1(ccc(cc1)c1c(c(on1)C(F)(F)F)Cl)OC,screen_SCRN_66,SCRN_66,c_adf3bba061,P(C1CCCC1)(C(C)(C)C)C(C)(C)C.P(C1CCCC1)(C(C)(C)C)C(C)(C)C.[Pd](Cl)Cl.[Fe]|MeCN,,Pd(dtbpf)Cl2,MeCN,100.0,18.0,11,c1(OCc2ccccc2)ccc(cc1)B(O)O
RKB-03617606,hit_06,c1(ccc(cc1)c1c(c(on1)C(F)(F)F)Cl)OC,screen_SCRN_66,SCRN_66,c_24a01a5b7d,[Pd](Cl)Cl.P(C1CCCCC1)(C1CCCCC1)C1CCCCC1.P(C1CCCCC1)(C1CCCCC1)C1CCCCC1|MeOH,,Pd(P(Cy)3)2Cl2,MeOH,100.0,18.0,11,c1(OCc2ccccc2)ccc(cc1)B(O)O
RKB-03617607,hit_06,c1(ccc(cc1)c1c(c(on1)C(F)(F)F)Cl)OC,screen_SCRN_66,SCRN_66,c_87d08dc489,P(C1CCCC1)(C(C)(C)C)C(C)(C)C.P(C1CCCC1)(C(C)(C)C)C(C)(C)C.[Pd](Cl)Cl.[Fe]|MeOH,,Pd(dtbpf)Cl2,MeOH,100.0,18.0,11,c1(OCc2ccccc2)ccc(cc1)B(O)O
RKB-03617608,hit_06,c1(ccc(cc1)c1c(c(on1)C(F)(F)F)Cl)OC,screen_SCRN_66,SCRN_66,c_466dd475bc,[Pd].C(P(C(C)(C)C)C(C)(C)C)(C)(C)C.C(P(C(C)(C)C)C(C)(C)C)(C)(C)C|Dioxane,,Pd(P(tBu)3)2,Dioxane,100.0,18.0,10,c1(OCc2ccccc2)ccc(cc1)B(O)O
RKB-03617609,hit_06,c1(ccc(cc1)c1c(c(on1)C(F)(F)F)Cl)OC,screen_SCRN_66,SCRN_66,c_bb059feb70,|Dioxane,,3G OMs XanthPhos,Dioxane,100.0,18.0,10,c1(OCc2ccccc2)ccc(cc1)B(O)O
RKB-03617610,hit_06,c1(ccc(cc1)c1c(c(on1)C(F)(F)F)Cl)OC,screen_SCRN_66,SCRN_66,c_dd752d0e98,n1c(c(c(n1c1ccccc1)c1ccccc1)n1nccc1P(C(C)(C)C)(C(C)(C)C)[Pd](Cl)Cl)c1ccccc1|MeOH,,Pd(BiPyPhos)(Cl)2,MeOH,100.0,18.0,10,c1(OCc2ccccc2)ccc(cc1)B(O)O
RKB-03617611,hit_06,c1(ccc(cc1)c1c(c(on1)C(F)(F)F)Cl)OC,screen_SCRN_66,SCRN_66,c_b6552437bf,n1c(c(c(n1c1ccccc1)c1ccccc1)n1nccc1P(C(C)(C)C)(C(C)(C)C)[Pd](Cl)Cl)c1ccccc1|MeCN,,Pd(BiPyPhos)(Cl)2,MeCN,100.0,18.0,10,c1(OCc2ccccc2)ccc(cc1)B(O)O
RKB-03617612,hit_06,c1(ccc(cc1)c1c(c(on1)C(F)(F)F)Cl)OC,screen_SCRN_66,SCRN_66,c_9ffedf54ae,[Pd](Cl)Cl.P(c1c(cccc1)C)(c1c(cccc1)C)c1c(cccc1)C.P(c1c(cccc1)C)(c1c(cccc1)C)c1c(cccc1)C|Dioxane,,Pd(P(o-Tol)3)2Cl2,Dioxane,100.0,18.0,10,c1(OCc2ccccc2)ccc(cc1)B(O)O
RKB-03617613,hit_06,c1(ccc(cc1)c1c(c(on1)C(F)(F)F)Cl)OC,screen_SCRN_66,SCRN_66,c_3f90fc71ff,[Pd](Cl)Cl.P(C(C)(C)C)(C(C)(C)C)c1ccc(N(C)C)cc1.P(C(C)(C)C)(C(C)(C)C)c1ccc(N(C)C)cc1|MeOH,,Pd-132,MeOH,100.0,18.0,9,c1(OCc2ccccc2)ccc(cc1)B(O)O
RKB-03617614,hit_06,c1(ccc(cc1)c1c(c(on1)C(F)(F)F)Cl)OC,screen_SCRN_66,SCRN_66,c_7dc2ed3bef,C1(C(C(C(C1c1ccccc1)c1ccccc1)c1ccccc1)c1ccccc1)c1ccccc1.P(C(C)(C)C)(C(C)(C)C)C1CCCC1.C1(C(C(C(C1c1ccccc1)c1ccccc1)c1ccccc1)c1ccccc1)c1ccccc1.P(C(C)(C)C)(C(C)(C)C)C1CCCC1.[Fe].[Fe].[Pd]|MeOH,,Pd(Qhos)2,MeOH,100.0,18.0,9,c1(OCc2ccccc2)ccc(cc1)B(O)O
RKB-03617615,hit_06,c1(ccc(cc1)c1c(c(on1)C(F)(F)F)Cl)OC,screen_SCRN_66,SCRN_66,c_bb059feb70,|Dioxane,,3G OMs XanthPhos,Dioxane,100.0,18.0,9,c1(OCc2ccccc2)ccc(cc1)B(O)O
RKB-03617616,hit_06,c1(ccc(cc1)c1c(c(on1)C(F)(F)F)Cl)OC,screen_SCRN_66,SCRN_66,c_c139ee6e43,[Pd](Cl)Cl.P(C1CCCCC1)(C1CCCCC1)C1CCCCC1.P(C1CCCCC1)(C1CCCCC1)C1CCCCC1|Dioxane,,Pd(P(Cy)3)2Cl2,Dioxane,100.0,18.0,8,c1(OCc2ccccc2)ccc(cc1)B(O)O
RKB-03617617,hit_06,c1(ccc(cc1)c1c(c(on1)C(F)(F)F)Cl)OC,screen_SCRN_66,SCRN_66,c_4648614000,C1(C(C(C(C1c1ccccc1)c1ccccc1)c1ccccc1)c1ccccc1)c1ccccc1.P(C(C)(C)C)(C(C)(C)C)C1CCCC1.C1(C(C(C(C1c1ccccc1)c1ccccc1)c1ccccc1)c1ccccc1)c1ccccc1.P(C(C)(C)C)(C(C)(C)C)C1CCCC1.[Fe].[Fe].[Pd]|MeCN,,Pd(Qhos)2,MeCN,100.0,18.0,8,c1(OCc2ccccc2)ccc(cc1)B(O)O
RKB-03617618,hit_06,c1(ccc(cc1)c1c(c(on1)C(F)(F)F)Cl)OC,screen_SCRN_66,SCRN_66,c_1d9e641278,[Pd](Cl)Cl.P(c1c(cccc1)C)(c1c(cccc1)C)c1c(cccc1)C.P(c1c(cccc1)C)(c1c(cccc1)C)c1c(cccc1)C|MeOH,,Pd(P(o-Tol)3)2Cl2,MeOH,100.0,18.0,8,c1(OCc2ccccc2)ccc(cc1)B(O)O
RKB-03617619,hit_06,c1(ccc(cc1)c1c(c(on1)C(F)(F)F)Cl)OC,screen_SCRN_66,SCRN_66,c_a86e283b14,c1(c2c(P(C3CCCCC3)C3CCCCC3)cccc2)c(cc(cc1C(C)C)C(C)C)C(C)C|MeCN,Pd(OAc)2,Pd(OAc)2 / XPhos,MeCN,100.0,18.0,8,c1(OCc2ccccc2)ccc(cc1)B(O)O
RKB-03617620,hit_06,c1(ccc(cc1)c1c(c(on1)C(F)(F)F)Cl)OC,screen_SCRN_66,SCRN_66,c_dc49028cb5,n1c(c(c(n1c1ccccc1)c1ccccc1)n1nccc1P(C(C)(C)C)(C(C)(C)C)[Pd](Cl)Cl)c1ccccc1|Dioxane,,Pd(BiPyPhos)(Cl)2,Dioxane,100.0,18.0,8,c1(OCc2ccccc2)ccc(cc1)B(O)O
RKB-03617621,hit_06,c1(ccc(cc1)c1c(c(on1)C(F)(F)F)Cl)OC,screen_SCRN_66,SCRN_66,c_8871d0b6cb,[Pd].P(c1ccccc1)(c1ccccc1)c1ccccc1.P(c1ccccc1)(c1ccccc1)c1ccccc1.P(c1ccccc1)(c1ccccc1)c1ccccc1.P(c1ccccc1)(c1ccccc1)c1ccccc1|Dioxane,,Pd(P(Ph)3)4),Dioxane,100.0,18.0,7,c1(OCc2ccccc2)ccc(cc1)B(O)O
RKB-03617622,hit_06,c1(ccc(cc1)c1c(c(on1)C(F)(F)F)Cl)OC,screen_SCRN_66,SCRN_66,c_14f5c30068,[Pd](Cl)Cl.P(C1CCCCC1)(C1CCCCC1)C1CCCCC1.P(C1CCCCC1)(C1CCCCC1)C1CCCCC1|MeCN,,Pd(P(Cy)3)2Cl2,MeCN,100.0,18.0,7,c1(OCc2ccccc2)ccc(cc1)B(O)O
RKB-03617623,hit_06,c1(ccc(cc1)c1c(c(on1)C(F)(F)F)Cl)OC,screen_SCRN_66,SCRN_66,c_b9c1c9f68d,P(C1CCCC1)(c1ccccc1)c1ccccc1.P(C1CCCC1)(c1ccccc1)c1ccccc1.C(Cl)Cl.[Pd](Cl)Cl.[Fe]|MeCN,,Pd(dppf)Cl2,MeCN,100.0,18.0,7,c1(OCc2ccccc2)ccc(cc1)B(O)O
RKB-03617624,hit_06,c1(ccc(cc1)c1c(c(on1)C(F)(F)F)Cl)OC,screen_SCRN_66,SCRN_66,c_466dd475bc,[Pd].C(P(C(C)(C)C)C(C)(C)C)(C)(C)C.C(P(C(C)(C)C)C(C)(C)C)(C)(C)C|Dioxane,,Pd(P(tBu)3)2,Dioxane,100.0,18.0,7,c1(OCc2ccccc2)ccc(cc1)B(O)O
RKB-03617625,hit_06,c1(ccc(cc1)c1c(c(on1)C(F)(F)F)Cl)OC,screen_SCRN_66,SCRN_66,c_a86e283b14,c1(c2c(P(C3CCCCC3)C3CCCCC3)cccc2)c(cc(cc1C(C)C)C(C)C)C(C)C|MeCN,Pd(OAc)2,Pd(OAc)2 / XPhos,MeCN,100.0,18.0,7,c1(OCc2ccccc2)ccc(cc1)B(O)O
RKB-03617626,hit_06,c1(ccc(cc1)c1c(c(on1)C(F)(F)F)Cl)OC,screen_SCRN_66,SCRN_66,c_87d08dc489,P(C1CCCC1)(C(C)(C)C)C(C)(C)C.P(C1CCCC1)(C(C)(C)C)C(C)(C)C.[Pd](Cl)Cl.[Fe]|MeOH,,Pd(dtbpf)Cl2,MeOH,100.0,18.0,7,c1(OCc2ccccc2)ccc(cc1)B(O)O
RKB-03617627,hit_06,c1(ccc(cc1)c1c(c(on1)C(F)(F)F)Cl)OC,screen_SCRN_66,SCRN_66,c_b6552437bf,n1c(c(c(n1c1ccccc1)c1ccccc1)n1nccc1P(C(C)(C)C)(C(C)(C)C)[Pd](Cl)Cl)c1ccccc1|MeCN,,Pd(BiPyPhos)(Cl)2,MeCN,100.0,18.0,7,c1(OCc2ccccc2)ccc(cc1)B(O)O
RKB-03617628,hit_06,c1(ccc(cc1)c1c(c(on1)C(F)(F)F)Cl)OC,screen_SCRN_66,SCRN_66,c_a0a0aa87c3,c1(P(c2ccccc2)c2ccccc2)c2Oc3c(C(C)(C)c2ccc1)cccc3P(c1ccccc1)c1ccccc1.[O-]S(C)(=O)=O.[Pd+]c1c(cccc1)c1ccccc1N.C(Cl)Cl|MeOH,,3G OMs XanthPhos,MeOH,100.0,18.0,6,c1(OCc2ccccc2)ccc(cc1)B(O)O
RKB-03617629,hit_06,c1(ccc(cc1)c1c(c(on1)C(F)(F)F)Cl)OC,screen_SCRN_66,SCRN_66,c_e564d7612a,[Pd].P(c1ccccc1)(c1ccccc1)c1ccccc1.P(c1ccccc1)(c1ccccc1)c1ccccc1.P(c1ccccc1)(c1ccccc1)c1ccccc1.P(c1ccccc1)(c1ccccc1)c1ccccc1|MeCN,,Pd(P(Ph)3)4),MeCN,100.0,18.0,6,c1(OCc2ccccc2)ccc(cc1)B(O)O
RKB-03617630,hit_06,c1(ccc(cc1)c1c(c(on1)C(F)(F)F)Cl)OC,screen_SCRN_66,SCRN_66,c_e564d7612a,[Pd].P(c1ccccc1)(c1ccccc1)c1ccccc1.P(c1ccccc1)(c1ccccc1)c1ccccc1.P(c1ccccc1)(c1ccccc1)c1ccccc1.P(c1ccccc1)(c1ccccc1)c1ccccc1|MeCN,,Pd(P(Ph)3)4),MeCN,100.0,18.0,6,c1(OCc2ccccc2)ccc(cc1)B(O)O
RKB-03617631,hit_06,c1(ccc(cc1)c1c(c(on1)C(F)(F)F)Cl)OC,screen_SCRN_66,SCRN_66,c_4957928872,|MeCN,,3G OMs XanthPhos,MeCN,100.0,18.0,6,c1(OCc2ccccc2)ccc(cc1)B(O)O
RKB-03617632,hit_06,c1(ccc(cc1)c1c(c(on1)C(F)(F)F)Cl)OC,screen_SCRN_66,SCRN_66,c_e7bd21231d,P(C1CCCC1)(c1ccccc1)c1ccccc1.P(C1CCCC1)(c1ccccc1)c1ccccc1.C(Cl)Cl.[Pd](Cl)Cl.[Fe]|MeOH,,Pd(dppf)Cl2,MeOH,100.0,18.0,6,c1(OCc2ccccc2)ccc(cc1)B(O)O
RKB-03617633,hit_06,c1(ccc(cc1)c1c(c(on1)C(F)(F)F)Cl)OC,screen_SCRN_66,SCRN_66,c_4957928872,|MeCN,,3G OMs XanthPhos,MeCN,100.0,18.0,6,c1(OCc2ccccc2)ccc(cc1)B(O)O
RKB-03617634,hit_06,c1(ccc(cc1)c1c(c(on1)C(F)(F)F)Cl)OC,screen_SCRN_66,SCRN_66,c_d71bc0fdfd,P(C1CCCC1)(c1ccccc1)c1ccccc1.P(C1CCCC1)(c1ccccc1)c1ccccc1.C(Cl)Cl.[Pd](Cl)Cl.[Fe]|Dioxane,,Pd(dppf)Cl2,Dioxane,100.0,18.0,5,c1(OCc2ccccc2)ccc(cc1)B(O)O
RKB-03617635,hit_06,c1(ccc(cc1)c1c(c(on1)C(F)(F)F)Cl)OC,screen_SCRN_66,SCRN_66,c_8871d0b6cb,[Pd].P(c1ccccc1)(c1ccccc1)c1ccccc1.P(c1ccccc1)(c1ccccc1)c1ccccc1.P(c1ccccc1)(c1ccccc1)c1ccccc1.P(c1ccccc1)(c1ccccc1)c1ccccc1|Dioxane,,Pd(P(Ph)3)4),Dioxane,100.0,18.0,5,c1(OCc2ccccc2)ccc(cc1)B(O)O
RKB-03617636,hit_06,c1(ccc(cc1)c1c(c(on1)C(F)(F)F)Cl)OC,screen_SCRN_66,SCRN_66,c_c3b27856cb,[Pd](Cl)Cl.P(c1c(cccc1)C)(c1c(cccc1)C)c1c(cccc1)C.P(c1c(cccc1)C)(c1c(cccc1)C)c1c(cccc1)C|MeCN,,Pd(P(o-Tol)3)2Cl2,MeCN,100.0,18.0,5,c1(OCc2ccccc2)ccc(cc1)B(O)O
RKB-03617637,hit_06,c1(ccc(cc1)c1c(c(on1)C(F)(F)F)Cl)OC,screen_SCRN_66,SCRN_66,c_4648614000,C1(C(C(C(C1c1ccccc1)c1ccccc1)c1ccccc1)c1ccccc1)c1ccccc1.P(C(C)(C)C)(C(C)(C)C)C1CCCC1.C1(C(C(C(C1c1ccccc1)c1ccccc1)c1ccccc1)c1ccccc1)c1ccccc1.P(C(C)(C)C)(C(C)(C)C)C1CCCC1.[Fe].[Fe].[Pd]|MeCN,,Pd(Qhos)2,MeCN,100.0,18.0,5,c1(OCc2ccccc2)ccc(cc1)B(O)O
RKB-03617638,hit_06,c1(ccc(cc1)c1c(c(on1)C(F)(F)F)Cl)OC,screen_SCRN_66,SCRN_66,c_bb059feb70,|Dioxane,,3G OMs XanthPhos,Dioxane,100.0,18.0,5,c1(OCc2ccccc2)ccc(cc1)B(O)O
RKB-03617639,hit_06,c1(ccc(cc1)c1c(c(on1)C(F)(F)F)Cl)OC,screen_SCRN_66,SCRN_66,c_b6552437bf,n1c(c(c(n1c1ccccc1)c1ccccc1)n1nccc1P(C(C)(C)C)(C(C)(C)C)[Pd](Cl)Cl)c1ccccc1|MeCN,,Pd(BiPyPhos)(Cl)2,MeCN,100.0,18.0,4,c1(OCc2ccccc2)ccc(cc1)B(O)O
RKB-03617640,hit_06,c1(ccc(cc1)c1c(c(on1)C(F)(F)F)Cl)OC,screen_SCRN_66,SCRN_66,c_b9c1c9f68d,P(C1CCCC1)(c1ccccc1)c1ccccc1.P(C1CCCC1)(c1ccccc1)c1ccccc1.C(Cl)Cl.[Pd](Cl)Cl.[Fe]|MeCN,,Pd(dppf)Cl2,MeCN,100.0,18.0,4,c1(OCc2ccccc2)ccc(cc1)B(O)O
RKB-03617641,hit_06,c1(ccc(cc1)c1c(c(on1)C(F)(F)F)Cl)OC,screen_SCRN_66,SCRN_66,c_efdcec6f77,[Pd].C(P(C(C)(C)C)C(C)(C)C)(C)(C)C.C(P(C(C)(C)C)C(C)(C)C)(C)(C)C|MeCN,,Pd(P(tBu)3)2,MeCN,100.0,18.0,4,c1(OCc2ccccc2)ccc(cc1)B(O)O
RKB-03617642,hit_06,c1(ccc(cc1)c1c(c(on1)C(F)(F)F)Cl)OC,screen_SCRN_66,SCRN_66,c_e8d46c9e9a,[Pd].P(c1ccccc1)(c1ccccc1)c1ccccc1.P(c1ccccc1)(c1ccccc1)c1ccccc1.P(c1ccccc1)(c1ccccc1)c1ccccc1.P(c1ccccc1)(c1ccccc1)c1ccccc1|MeOH,,Pd(P(Ph)3)4),MeOH,100.0,18.0,4,c1(OCc2ccccc2)ccc(cc1)B(O)O
RKB-03617643,hit_06,c1(ccc(cc1)c1c(c(on1)C(F)(F)F)Cl)OC,screen_SCRN_66,SCRN_66,c_e34fd39dff,|MeOH,,3G OMs XanthPhos,MeOH,100.0,18.0,4,c1(OCc2ccccc2)ccc(cc1)B(O)O
RKB-03617644,hit_06,c1(ccc(cc1)c1c(c(on1)C(F)(F)F)Cl)OC,screen_SCRN_66,SCRN_66,c_b9c1c9f68d,P(C1CCCC1)(c1ccccc1)c1ccccc1.P(C1CCCC1)(c1ccccc1)c1ccccc1.C(Cl)Cl.[Pd](Cl)Cl.[Fe]|MeCN,,Pd(dppf)Cl2,MeCN,100.0,18.0,4,c1(OCc2ccccc2)ccc(cc1)B(O)O
RKB-03617933,hit_07,c1(ccc(cc1)c1c(c(on1)C(F)(F)F)I)OC,screen_SCRN_67,SCRN_67,c_40534c4f12,[Pd].P(c1ccccc1)(c1ccccc1)c1ccccc1.P(c1ccccc1)(c1ccccc1)c1ccccc1.P(c1ccccc1)(c1ccccc1)c1ccccc1.P(c1ccccc1)(c1ccccc1)c1ccccc1|Toluene,,Pd(P(Ph)3)4),Toluene,100.0,18.0,23,c1(OCc2ccccc2)ccc(cc1)B(O)O
RKB-03617934,hit_07,c1(ccc(cc1)c1c(c(on1)C(F)(F)F)I)OC,screen_SCRN_67,SCRN_67,c_3f90fc71ff,[Pd](Cl)Cl.P(C(C)(C)C)(C(C)(C)C)c1ccc(N(C)C)cc1.P(C(C)(C)C)(C(C)(C)C)c1ccc(N(C)C)cc1|MeOH,,Pd-132,MeOH,100.0,18.0,23,c1(OCc2ccccc2)ccc(cc1)B(O)O
RKB-03617935,hit_07,c1(ccc(cc1)c1c(c(on1)C(F)(F)F)I)OC,screen_SCRN_67,SCRN_67,c_24a01a5b7d,[Pd](Cl)Cl.P(C1CCCCC1)(C1CCCCC1)C1CCCCC1.P(C1CCCCC1)(C1CCCCC1)C1CCCCC1|MeOH,,Pd(P(Cy)3)2Cl2,MeOH,100.0,18.0,22,c1(OCc2ccccc2)ccc(cc1)B(O)O
RKB-03617936,hit_07,c1(ccc(cc1)c1c(c(on1)C(F)(F)F)I)OC,screen_SCRN_67,SCRN_67,c_1d9e641278,[Pd](Cl)Cl.P(c1c(cccc1)C)(c1c(cccc1)C)c1c(cccc1)C.P(c1c(cccc1)C)(c1c(cccc1)C)c1c(cccc1)C|MeOH,,Pd(P(o-Tol)3)2Cl2,MeOH,100.0,18.0,22,c1(OCc2ccccc2)ccc(cc1)B(O)O
RKB-03617937,hit_07,c1(ccc(cc1)c1c(c(on1)C(F)(F)F)I)OC,screen_SCRN_67,SCRN_67,c_7dc2ed3bef,C1(C(C(C(C1c1ccccc1)c1ccccc1)c1ccccc1)c1ccccc1)c1ccccc1.P(C(C)(C)C)(C(C)(C)C)C1CCCC1.C1(C(C(C(C1c1ccccc1)c1ccccc1)c1ccccc1)c1ccccc1)c1ccccc1.P(C(C)(C)C)(C(C)(C)C)C1CCCC1.[Fe].[Fe].[Pd]|MeOH,,Pd(Qhos)2,MeOH,100.0,18.0,21,c1(OCc2ccccc2)ccc(cc1)B(O)O
RKB-03617938,hit_07,c1(ccc(cc1)c1c(c(on1)C(F)(F)F)I)OC,screen_SCRN_67,SCRN_67,c_e8d46c9e9a,[Pd].P(c1ccccc1)(c1ccccc1)c1ccccc1.P(c1ccccc1)(c1ccccc1)c1ccccc1.P(c1ccccc1)(c1ccccc1)c1ccccc1.P(c1ccccc1)(c1ccccc1)c1ccccc1|MeOH,,Pd(P(Ph)3)4),MeOH,100.0,18.0,21,c1(OCc2ccccc2)ccc(cc1)B(O)O
RKB-03617939,hit_07,c1(ccc(cc1)c1c(c(on1)C(F)(F)F)I)OC,screen_SCRN_67,SCRN_67,c_40534c4f12,[Pd].P(c1ccccc1)(c1ccccc1)c1ccccc1.P(c1ccccc1)(c1ccccc1)c1ccccc1.P(c1ccccc1)(c1ccccc1)c1ccccc1.P(c1ccccc1)(c1ccccc1)c1ccccc1|Toluene,,Pd(P(Ph)3)4),Toluene,100.0,18.0,21,c1(OCc2ccccc2)ccc(cc1)B(O)O
RKB-03617940,hit_07,c1(ccc(cc1)c1c(c(on1)C(F)(F)F)I)OC,screen_SCRN_67,SCRN_67,c_24a01a5b7d,[Pd](Cl)Cl.P(C1CCCCC1)(C1CCCCC1)C1CCCCC1.P(C1CCCCC1)(C1CCCCC1)C1CCCCC1|MeOH,,Pd(P(Cy)3)2Cl2,MeOH,100.0,18.0,20,c1(OCc2ccccc2)ccc(cc1)B(O)O
RKB-03617941,hit_07,c1(ccc(cc1)c1c(c(on1)C(F)(F)F)I)OC,screen_SCRN_67,SCRN_67,c_e564d7612a,[Pd].P(c1ccccc1)(c1ccccc1)c1ccccc1.P(c1ccccc1)(c1ccccc1)c1ccccc1.P(c1ccccc1)(c1ccccc1)c1ccccc1.P(c1ccccc1)(c1ccccc1)c1ccccc1|MeCN,,Pd(P(Ph)3)4),MeCN,100.0,18.0,20,c1(OCc2ccccc2)ccc(cc1)B(O)O
RKB-03617942,hit_07,c1(ccc(cc1)c1c(c(on1)C(F)(F)F)I)OC,screen_SCRN_67,SCRN_67,c_8871d0b6cb,[Pd].P(c1ccccc1)(c1ccccc1)c1ccccc1.P(c1ccccc1)(c1ccccc1)c1ccccc1.P(c1ccccc1)(c1ccccc1)c1ccccc1.P(c1ccccc1)(c1ccccc1)c1ccccc1|Dioxane,,Pd(P(Ph)3)4),Dioxane,100.0,18.0,20,c1(OCc2ccccc2)ccc(cc1)B(O)O
RKB-03617943,hit_07,c1(ccc(cc1)c1c(c(on1)C(F)(F)F)I)OC,screen_SCRN_67,SCRN_67,c_7dc2ed3bef,C1(C(C(C(C1c1ccccc1)c1ccccc1)c1ccccc1)c1ccccc1)c1ccccc1.P(C(C)(C)C)(C(C)(C)C)C1CCCC1.C1(C(C(C(C1c1ccccc1)c1ccccc1)c1ccccc1)c1ccccc1)c1ccccc1.P(C(C)(C)C)(C(C)(C)C)C1CCCC1.[Fe].[Fe].[Pd]|MeOH,,Pd(Qhos)2,MeOH,100.0,18.0,19,c1(OCc2ccccc2)ccc(cc1)B(O)O
RKB-03617944,hit_07,c1(ccc(cc1)c1c(c(on1)C(F)(F)F)I)OC,screen_SCRN_67,SCRN_67,c_e8d46c9e9a,[Pd].P(c1ccccc1)(c1ccccc1)c1ccccc1.P(c1ccccc1)(c1ccccc1)c1ccccc1.P(c1ccccc1)(c1ccccc1)c1ccccc1.P(c1ccccc1)(c1ccccc1)c1ccccc1|MeOH,,Pd(P(Ph)3)4),MeOH,100.0,18.0,18,c1(OCc2ccccc2)ccc(cc1)B(O)O
RKB-03617945,hit_07,c1(ccc(cc1)c1c(c(on1)C(F)(F)F)I)OC,screen_SCRN_67,SCRN_67,c_30116215bd,[Pd].C(P(C(C)(C)C)C(C)(C)C)(C)(C)C.C(P(C(C)(C)C)C(C)(C)C)(C)(C)C|MeOH,,Pd(P(tBu)3)2,MeOH,100.0,18.0,17,c1(OCc2ccccc2)ccc(cc1)B(O)O
RKB-03617946,hit_07,c1(ccc(cc1)c1c(c(on1)C(F)(F)F)I)OC,screen_SCRN_67,SCRN_67,c_4076342b87,[Pd].C(P(C(C)(C)C)C(C)(C)C)(C)(C)C.C(P(C(C)(C)C)C(C)(C)C)(C)(C)C|Toluene,,Pd(P(tBu)3)2,Toluene,100.0,18.0,15,c1(OCc2ccccc2)ccc(cc1)B(O)O
RKB-03617947,hit_07,c1(ccc(cc1)c1c(c(on1)C(F)(F)F)I)OC,screen_SCRN_67,SCRN_67,c_3f90fc71ff,[Pd](Cl)Cl.P(C(C)(C)C)(C(C)(C)C)c1ccc(N(C)C)cc1.P(C(C)(C)C)(C(C)(C)C)c1ccc(N(C)C)cc1|MeOH,,Pd-132,MeOH,100.0,18.0,15,c1(OCc2ccccc2)ccc(cc1)B(O)O
RKB-03617948,hit_07,c1(ccc(cc1)c1c(c(on1)C(F)(F)F)I)OC,screen_SCRN_67,SCRN_67,c_ba1fa7db09,O1c2c(C(c3c1c(ccc3)P(c1ccccc1)c1ccccc1)(C)C)cccc2P(c1ccccc1)c1ccccc1.Cl[Pd]Cl|MeOH,,Pd(XanthPhos)Cl2,MeOH,100.0,18.0,14,c1(OCc2ccccc2)ccc(cc1)B(O)O
RKB-03617949,hit_07,c1(ccc(cc1)c1c(c(on1)C(F)(F)F)I)OC,screen_SCRN_67,SCRN_67,c_c4be4d3b3e,c1(c2c(P(C3CCCCC3)C3CCCCC3)cccc2)c(cc(cc1C(C)C)C(C)C)C(C)C|MeOH,Pd(OAc)2,Pd(OAc)2 / XPhos,MeOH,100.0,18.0,14,c1(OCc2ccccc2)ccc(cc1)B(O)O
RKB-03617950,hit_07,c1(ccc(cc1)c1c(c(on1)C(F)(F)F)I)OC,screen_SCRN_67,SCRN_67,c_87d08dc489,P(C1CCCC1)(C(C)(C)C)C(C)(C)C.P(C1CCCC1)(C(C)(C)C)C(C)(C)C.[Pd](Cl)Cl.[Fe]|MeOH,,Pd(dtbpf)Cl2,MeOH,100.0,18.0,13,c1(OCc2ccccc2)ccc(cc1)B(O)O
RKB-03617951,hit_07,c1(ccc(cc1)c1c(c(on1)C(F)(F)F)I)OC,screen_SCRN_67,SCRN_67,c_b4e663cbcf,P([C@]12C[C@@H]3C[C@H](C2)C[C@@H](C1)C3)([C@]12C[C@@H]3C[C@@H](C2)C[C@@H](C1)C3)CCCC|MeOH,Pd(OAc)2,Pd(OAc)2/CataCXium A,MeOH,100.0,18.0,11,c1(OCc2ccccc2)ccc(cc1)B(O)O
RKB-03617952,hit_07,c1(ccc(cc1)c1c(c(on1)C(F)(F)F)I)OC,screen_SCRN_67,SCRN_67,c_c4be4d3b3e,c1(c2c(P(C3CCCCC3)C3CCCCC3)cccc2)c(cc(cc1C(C)C)C(C)C)C(C)C|MeOH,Pd(OAc)2,Pd(OAc)2 / XPhos,MeOH,100.0,18.0,11,c1(OCc2ccccc2)ccc(cc1)B(O)O
RKB-03617953,hit_07,c1(ccc(cc1)c1c(c(on1)C(F)(F)F)I)OC,screen_SCRN_67,SCRN_67,c_30116215bd,[Pd].C(P(C(C)(C)C)C(C)(C)C)(C)(C)C.C(P(C(C)(C)C)C(C)(C)C)(C)(C)C|MeOH,,Pd(P(tBu)3)2,MeOH,100.0,18.0,11,c1(OCc2ccccc2)ccc(cc1)B(O)O
RKB-03617954,hit_07,c1(ccc(cc1)c1c(c(on1)C(F)(F)F)I)OC,screen_SCRN_67,SCRN_67,c_30116215bd,[Pd].C(P(C(C)(C)C)C(C)(C)C)(C)(C)C.C(P(C(C)(C)C)C(C)(C)C)(C)(C)C|MeOH,,Pd(P(tBu)3)2,MeOH,100.0,18.0,11,c1(OCc2ccccc2)ccc(cc1)B(O)O
RKB-03617955,hit_07,c1(ccc(cc1)c1c(c(on1)C(F)(F)F)I)OC,screen_SCRN_67,SCRN_67,c_dd752d0e98,n1c(c(c(n1c1ccccc1)c1ccccc1)n1nccc1P(C(C)(C)C)(C(C)(C)C)[Pd](Cl)Cl)c1ccccc1|MeOH,,Pd(BiPyPhos)(Cl)2,MeOH,100.0,18.0,10,c1(OCc2ccccc2)ccc(cc1)B(O)O
RKB-03617956,hit_07,c1(ccc(cc1)c1c(c(on1)C(F)(F)F)I)OC,screen_SCRN_67,SCRN_67,c_30116215bd,[Pd].C(P(C(C)(C)C)C(C)(C)C)(C)(C)C.C(P(C(C)(C)C)C(C)(C)C)(C)(C)C|MeOH,,Pd(P(tBu)3)2,MeOH,100.0,18.0,10,c1(OCc2ccccc2)ccc(cc1)B(O)O
RKB-03617957,hit_07,c1(ccc(cc1)c1c(c(on1)C(F)(F)F)I)OC,screen_SCRN_67,SCRN_67,c_ba1fa7db09,O1c2c(C(c3c1c(ccc3)P(c1ccccc1)c1ccccc1)(C)C)cccc2P(c1ccccc1)c1ccccc1.Cl[Pd]Cl|MeOH,,Pd(XanthPhos)Cl2,MeOH,100.0,18.0,9,c1(OCc2ccccc2)ccc(cc1)B(O)O
RKB-03617958,hit_07,c1(ccc(cc1)c1c(c(on1)C(F)(F)F)I)OC,screen_SCRN_67,SCRN_67,c_7dc2ed3bef,C1(C(C(C(C1c1ccccc1)c1ccccc1)c1ccccc1)c1ccccc1)c1ccccc1.P(C(C)(C)C)(C(C)(C)C)C1CCCC1.C1(C(C(C(C1c1ccccc1)c1ccccc1)c1ccccc1)c1ccccc1)c1ccccc1.P(C(C)(C)C)(C(C)(C)C)C1CCCC1.[Fe].[Fe].[Pd]|MeOH,,Pd(Qhos)2,MeOH,100.0,18.0,9,c1(OCc2ccccc2)ccc(cc1)B(O)O
RKB-03617959,hit_07,c1(ccc(cc1)c1c(c(on1)C(F)(F)F)I)OC,screen_SCRN_67,SCRN_67,c_dd752d0e98,n1c(c(c(n1c1ccccc1)c1ccccc1)n1nccc1P(C(C)(C)C)(C(C)(C)C)[Pd](Cl)Cl)c1ccccc1|MeOH,,Pd(BiPyPhos)(Cl)2,MeOH,100.0,18.0,8,c1(OCc2ccccc2)ccc(cc1)B(O)O
RKB-03617960,hit_07,c1(ccc(cc1)c1c(c(on1)C(F)(F)F)I)OC,screen_SCRN_67,SCRN_67,c_c4be4d3b3e,c1(c2c(P(C3CCCCC3)C3CCCCC3)cccc2)c(cc(cc1C(C)C)C(C)C)C(C)C|MeOH,Pd(OAc)2,Pd(OAc)2 / XPhos,MeOH,100.0,18.0,8,c1(OCc2ccccc2)ccc(cc1)B(O)O
RKB-03617961,hit_07,c1(ccc(cc1)c1c(c(on1)C(F)(F)F)I)OC,screen_SCRN_67,SCRN_67,c_87d08dc489,P(C1CCCC1)(C(C)(C)C)C(C)(C)C.P(C1CCCC1)(C(C)(C)C)C(C)(C)C.[Pd](Cl)Cl.[Fe]|MeOH,,Pd(dtbpf)Cl2,MeOH,100.0,18.0,7,c1(OCc2ccccc2)ccc(cc1)B(O)O
RKB-03617962,hit_07,c1(ccc(cc1)c1c(c(on1)C(F)(F)F)I)OC,screen_SCRN_67,SCRN_67,c_87d08dc489,P(C1CCCC1)(C(C)(C)C)C(C)(C)C.P(C1CCCC1)(C(C)(C)C)C(C)(C)C.[Pd](Cl)Cl.[Fe]|MeOH,,Pd(dtbpf)Cl2,MeOH,100.0,18.0,7,c1(OCc2ccccc2)ccc(cc1)B(O)O
RKB-03617963,hit_07,c1(ccc(cc1)c1c(c(on1)C(F)(F)F)I)OC,screen_SCRN_67,SCRN_67,c_87d08dc489,P(C1CCCC1)(C(C)(C)C)C(C)(C)C.P(C1CCCC1)(C(C)(C)C)C(C)(C)C.[Pd](Cl)Cl.[Fe]|MeOH,,Pd(dtbpf)Cl2,MeOH,100.0,18.0,7,c1(OCc2ccccc2)ccc(cc1)B(O)O
RKB-03617964,hit_07,c1(ccc(cc1)c1c(c(on1)C(F)(F)F)I)OC,screen_SCRN_67,SCRN_67,c_24a01a5b7d,[Pd](Cl)Cl.P(C1CCCCC1)(C1CCCCC1)C1CCCCC1.P(C1CCCCC1)(C1CCCCC1)C1CCCCC1|MeOH,,Pd(P(Cy)3)2Cl2,MeOH,100.0,18.0,5,c1(OCc2ccccc2)ccc(cc1)B(O)O
RKB-03617965,hit_07,c1(ccc(cc1)c1c(c(on1)C(F)(F)F)I)OC,screen_SCRN_67,SCRN_67,c_9e3adb389c,P(C1CCCC1)(c1ccccc1)c1ccccc1.P(C1CCCC1)(c1ccccc1)c1ccccc1.C(Cl)Cl.[Pd](Cl)Cl.[Fe]|Toluene,,Pd(dppf)Cl2,Toluene,100.0,18.0,82,c1(OCc2ccccc2)ccc(cc1)B(O)O
RKB-03617966,hit_07,c1(ccc(cc1)c1c(c(on1)C(F)(F)F)I)OC,screen_SCRN_67,SCRN_67,c_3ee2d5105a,P([C@]12C[C@@H]3C[C@H](C2)C[C@@H](C1)C3)([C@]12C[C@@H]3C[C@@H](C2)C[C@@H](C1)C3)CCCC|MeCN,Pd(OAc)2,Pd(OAc)2/CataCXium A,MeCN,100.0,18.0,73,c1(OCc2ccccc2)ccc(cc1)B(O)O
RKB-03617967,hit_07,c1(ccc(cc1)c1c(c(on1)C(F)(F)F)I)OC,screen_SCRN_67,SCRN_67,c_3c160df052,c1(c2c(P(C3CCCCC3)C3CCCCC3)cccc2)c(cc(cc1C(C)C)C(C)C)C(C)C|Toluene,Pd(OAc)2,Pd(OAc)2 / XPhos,Toluene,100.0,18.0,73,c1(OCc2ccccc2)ccc(cc1)B(O)O
RKB-03617968,hit_07,c1(ccc(cc1)c1c(c(on1)C(F)(F)F)I)OC,screen_SCRN_67,SCRN_67,c_577ff4ada9,P([C@]12C[C@@H]3C[C@H](C2)C[C@@H](C1)C3)([C@]12C[C@@H]3C[C@@H](C2)C[C@@H](C1)C3)CCCC|Toluene,Pd(OAc)2,Pd(OAc)2/CataCXium A,Toluene,100.0,18.0,71,c1(OCc2ccccc2)ccc(cc1)B(O)O
RKB-03617969,hit_07,c1(ccc(cc1)c1c(c(on1)C(F)(F)F)I)OC,screen_SCRN_67,SCRN_67,c_493aa05fab,O1c2c(C(c3c1c(ccc3)P(c1ccccc1)c1ccccc1)(C)C)cccc2P(c1ccccc1)c1ccccc1.Cl[Pd]Cl|Toluene,,Pd(XanthPhos)Cl2,Toluene,100.0,18.0,71,c1(OCc2ccccc2)ccc(cc1)B(O)O
RKB-03617970,hit_07,c1(ccc(cc1)c1c(c(on1)C(F)(F)F)I)OC,screen_SCRN_67,SCRN_67,c_a86e283b14,c1(c2c(P(C3CCCCC3)C3CCCCC3)cccc2)c(cc(cc1C(C)C)C(C)C)C(C)C|MeCN,Pd(OAc)2,Pd(OAc)2 / XPhos,MeCN,100.0,18.0,71,c1(OCc2ccccc2)ccc(cc1)B(O)O
RKB-03617971,hit_07,c1(ccc(cc1)c1c(c(on1)C(F)(F)F)I)OC,screen_SCRN_67,SCRN_67,c_4648614000,C1(C(C(C(C1c1ccccc1)c1ccccc1)c1ccccc1)c1ccccc1)c1ccccc1.P(C(C)(C)C)(C(C)(C)C)C1CCCC1.C1(C(C(C(C1c1ccccc1)c1ccccc1)c1ccccc1)c1ccccc1)c1ccccc1.P(C(C)(C)C)(C(C)(C)C)C1CCCC1.[Fe].[Fe].[Pd]|MeCN,,Pd(Qhos)2,MeCN,100.0,18.0,70,c1(OCc2ccccc2)ccc(cc1)B(O)O
RKB-03617972,hit_07,c1(ccc(cc1)c1c(c(on1)C(F)(F)F)I)OC,screen_SCRN_67,SCRN_67,c_32f061b282,P(C1CCCC1)(C(C)(C)C)C(C)(C)C.P(C1CCCC1)(C(C)(C)C)C(C)(C)C.[Pd](Cl)Cl.[Fe]|Toluene,,Pd(dtbpf)Cl2,Toluene,100.0,18.0,70,c1(OCc2ccccc2)ccc(cc1)B(O)O
RKB-03617973,hit_07,c1(ccc(cc1)c1c(c(on1)C(F)(F)F)I)OC,screen_SCRN_67,SCRN_67,c_4648614000,C1(C(C(C(C1c1ccccc1)c1ccccc1)c1ccccc1)c1ccccc1)c1ccccc1.P(C(C)(C)C)(C(C)(C)C)C1CCCC1.C1(C(C(C(C1c1ccccc1)c1ccccc1)c1ccccc1)c1ccccc1)c1ccccc1.P(C(C)(C)C)(C(C)(C)C)C1CCCC1.[Fe].[Fe].[Pd]|MeCN,,Pd(Qhos)2,MeCN,100.0,18.0,70,c1(OCc2ccccc2)ccc(cc1)B(O)O
RKB-03617974,hit_07,c1(ccc(cc1)c1c(c(on1)C(F)(F)F)I)OC,screen_SCRN_67,SCRN_67,c_23c32c1777,[Pd](Cl)Cl.P(C1CCCCC1)(C1CCCCC1)C1CCCCC1.P(C1CCCCC1)(C1CCCCC1)C1CCCCC1|Toluene,,Pd(P(Cy)3)2Cl2,Toluene,100.0,18.0,70,c1(OCc2ccccc2)ccc(cc1)B(O)O
RKB-03617975,hit_07,c1(ccc(cc1)c1c(c(on1)C(F)(F)F)I)OC,screen_SCRN_67,SCRN_67,c_3196604cd9,[Pd](Cl)Cl.P(C(C)(C)C)(C(C)(C)C)c1ccc(N(C)C)cc1.P(C(C)(C)C)(C(C)(C)C)c1ccc(N(C)C)cc1|MeCN,,Pd-132,MeCN,100.0,18.0,70,c1(OCc2ccccc2)ccc(cc1)B(O)O
RKB-03617976,hit_07,c1(ccc(cc1)c1c(c(on1)C(F)(F)F)I)OC,screen_SCRN_67,SCRN_67,c_d71bc0fdfd,P(C1CCCC1)(c1ccccc1)c1ccccc1.P(C1CCCC1)(c1ccccc1)c1ccccc1.C(Cl)Cl.[Pd](Cl)Cl.[Fe]|Dioxane,,Pd(dppf)Cl2,Dioxane,100.0,18.0,69,c1(OCc2ccccc2)ccc(cc1)B(O)O
RKB-03617977,hit_07,c1(ccc(cc1)c1c(c(on1)C(F)(F)F)I)OC,screen_SCRN_67,SCRN_67,c_577ff4ada9,P([C@]12C[C@@H]3C[C@H](C2)C[C@@H](C1)C3)([C@]12C[C@@H]3C[C@@H](C2)C[C@@H](C1)C3)CCCC|Toluene,Pd(OAc)2,Pd(OAc)2/CataCXium A,Toluene,100.0,18.0,69,c1(OCc2ccccc2)ccc(cc1)B(O)O
RKB-03617978,hit_07,c1(ccc(cc1)c1c(c(on1)C(F)(F)F)I)OC,screen_SCRN_67,SCRN_67,c_c3b27856cb,[Pd](Cl)Cl.P(c1c(cccc1)C)(c1c(cccc1)C)c1c(cccc1)C.P(c1c(cccc1)C)(c1c(cccc1)C)c1c(cccc1)C|MeCN,,Pd(P(o-Tol)3)2Cl2,MeCN,100.0,18.0,68,c1(OCc2ccccc2)ccc(cc1)B(O)O
RKB-03617979,hit_07,c1(ccc(cc1)c1c(c(on1)C(F)(F)F)I)OC,screen_SCRN_67,SCRN_67,c_3c160df052,c1(c2c(P(C3CCCCC3)C3CCCCC3)cccc2)c(cc(cc1C(C)C)C(C)C)C(C)C|Toluene,Pd(OAc)2,Pd(OAc)2 / XPhos,Toluene,100.0,18.0,68,c1(OCc2ccccc2)ccc(cc1)B(O)O
RKB-03617980,hit_07,c1(ccc(cc1)c1c(c(on1)C(F)(F)F)I)OC,screen_SCRN_67,SCRN_67,c_5e8279fbea,[Pd](Cl)Cl.P(C(C)(C)C)(C(C)(C)C)c1ccc(N(C)C)cc1.P(C(C)(C)C)(C(C)(C)C)c1ccc(N(C)C)cc1|Toluene,,Pd-132,Toluene,100.0,18.0,68,c1(OCc2ccccc2)ccc(cc1)B(O)O
RKB-03617981,hit_07,c1(ccc(cc1)c1c(c(on1)C(F)(F)F)I)OC,screen_SCRN_67,SCRN_67,c_c3b27856cb,[Pd](Cl)Cl.P(c1c(cccc1)C)(c1c(cccc1)C)c1c(cccc1)C.P(c1c(cccc1)C)(c1c(cccc1)C)c1c(cccc1)C|MeCN,,Pd(P(o-Tol)3)2Cl2,MeCN,100.0,18.0,68,c1(OCc2ccccc2)ccc(cc1)B(O)O
RKB-03617982,hit_07,c1(ccc(cc1)c1c(c(on1)C(F)(F)F)I)OC,screen_SCRN_67,SCRN_67,c_5570c5f42c,n1c(c(c(n1c1ccccc1)c1ccccc1)n1nccc1P(C(C)(C)C)(C(C)(C)C)[Pd](Cl)Cl)c1ccccc1|Toluene,,Pd(BiPyPhos)(Cl)2,Toluene,100.0,18.0,68,c1(OCc2ccccc2)ccc(cc1)B(O)O
RKB-03617983,hit_07,c1(ccc(cc1)c1c(c(on1)C(F)(F)F)I)OC,screen_SCRN_67,SCRN_67,c_1d9e641278,[Pd](Cl)Cl.P(c1c(cccc1)C)(c1c(cccc1)C)c1c(cccc1)C.P(c1c(cccc1)C)(c1c(cccc1)C)c1c(cccc1)C|MeOH,,Pd(P(o-Tol)3)2Cl2,MeOH,100.0,18.0,67,c1(OCc2ccccc2)ccc(cc1)B(O)O
RKB-03617984,hit_07,c1(ccc(cc1)c1c(c(on1)C(F)(F)F)I)OC,screen_SCRN_67,SCRN_67,c_a88c92ca46,C1(C(C(C(C1c1ccccc1)c1ccccc1)c1ccccc1)c1ccccc1)c1ccccc1.P(C(C)(C)C)(C(C)(C)C)C1CCCC1.C1(C(C(C(C1c1ccccc1)c1ccccc1)c1ccccc1)c1ccccc1)c1ccccc1.P(C(C)(C)C)(C(C)(C)C)C1CCCC1.[Fe].[Fe].[Pd]|Toluene,,Pd(Qhos)2,Toluene,100.0,18.0,67,c1(OCc2ccccc2)ccc(cc1)B(O)O
RKB-03617985,hit_07,c1(ccc(cc1)c1c(c(on1)C(F)(F)F)I)OC,screen_SCRN_67,SCRN_67,c_c7181b1329,C1(C(C(C(C1c1ccccc1)c1ccccc1)c1ccccc1)c1ccccc1)c1ccccc1.P(C(C)(C)C)(C(C)(C)C)C1CCCC1.C1(C(C(C(C1c1ccccc1)c1ccccc1)c1ccccc1)c1ccccc1)c1ccccc1.P(C(C)(C)C)(C(C)(C)C)C1CCCC1.[Fe].[Fe].[Pd]|Dioxane,,Pd(Qhos)2,Dioxane,100.0,18.0,67,c1(OCc2ccccc2)ccc(cc1)B(O)O
RKB-03617986,hit_07,c1(ccc(cc1)c1c(c(on1)C(F)(F)F)I)OC,screen_SCRN_67,SCRN_67,c_3ee2d5105a,P([C@]12C[C@@H]3C[C@H](C2)C[C@@H](C1)C3)([C@]12C[C@@H]3C[C@@H](C2)C[C@@H](C1)C3)CCCC|MeCN,Pd(OAc)2,Pd(OAc)2/CataCXium A,MeCN,100.0,18.0,67,c1(OCc2ccccc2)ccc(cc1)B(O)O
RKB-03617987,hit_07,c1(ccc(cc1)c1c(c(on1)C(F)(F)F)I)OC,screen_SCRN_67,SCRN_67,c_23c32c1777,[Pd](Cl)Cl.P(C1CCCCC1)(C1CCCCC1)C1CCCCC1.P(C1CCCCC1)(C1CCCCC1)C1CCCCC1|Toluene,,Pd(P(Cy)3)2Cl2,Toluene,100.0,18.0,67,c1(OCc2ccccc2)ccc(cc1)B(O)O
RKB-03617988,hit_07,c1(ccc(cc1)c1c(c(on1)C(F)(F)F)I)OC,screen_SCRN_67,SCRN_67,c_3c160df052,c1(c2c(P(C3CCCCC3)C3CCCCC3)cccc2)c(cc(cc1C(C)C)C(C)C)C(C)C|Toluene,Pd(OAc)2,Pd(OAc)2 / XPhos,Toluene,100.0,18.0,67,c1(OCc2ccccc2)ccc(cc1)B(O)O
RKB-03617989,hit_07,c1(ccc(cc1)c1c(c(on1)C(F)(F)F)I)OC,screen_SCRN_67,SCRN_67,c_c139ee6e43,[Pd](Cl)Cl.P(C1CCCCC1)(C1CCCCC1)C1CCCCC1.P(C1CCCCC1)(C1CCCCC1)C1CCCCC1|Dioxane,,Pd(P(Cy)3)2Cl2,Dioxane,100.0,18.0,66,c1(OCc2ccccc2)ccc(cc1)B(O)O
RKB-03617990,hit_07,c1(ccc(cc1)c1c(c(on1)C(F)(F)F)I)OC,screen_SCRN_67,SCRN_67,c_32f061b282,P(C1CCCC1)(C(C)(C)C)C(C)(C)C.P(C1CCCC1)(C(C)(C)C)C(C)(C)C.[Pd](Cl)Cl.[Fe]|Toluene,,Pd(dtbpf)Cl2,Toluene,100.0,18.0,66,c1(OCc2ccccc2)ccc(cc1)B(O)O
RKB-03617991,hit_07,c1(ccc(cc1)c1c(c(on1)C(F)(F)F)I)OC,screen_SCRN_67,SCRN_67,c_5e8279fbea,[Pd](Cl)Cl.P(C(C)(C)C)(C(C)(C)C)c1ccc(N(C)C)cc1.P(C(C)(C)C)(C(C)(C)C)c1ccc(N(C)C)cc1|Toluene,,Pd-132,Toluene,100.0,18.0,66,c1(OCc2ccccc2)ccc(cc1)B(O)O
RKB-03617992,hit_07,c1(ccc(cc1)c1c(c(on1)C(F)(F)F)I)OC,screen_SCRN_67,SCRN_67,c_b9c1c9f68d,P(C1CCCC1)(c1ccccc1)c1ccccc1.P(C1CCCC1)(c1ccccc1)c1ccccc1.C(Cl)Cl.[Pd](Cl)Cl.[Fe]|MeCN,,Pd(dppf)Cl2,MeCN,100.0,18.0,66,c1(OCc2ccccc2)ccc(cc1)B(O)O
RKB-03617993,hit_07,c1(ccc(cc1)c1c(c(on1)C(F)(F)F)I)OC,screen_SCRN_67,SCRN_67,c_c3b27856cb,[Pd](Cl)Cl.P(c1c(cccc1)C)(c1c(cccc1)C)c1c(cccc1)C.P(c1c(cccc1)C)(c1c(cccc1)C)c1c(cccc1)C|MeCN,,Pd(P(o-Tol)3)2Cl2,MeCN,100.0,18.0,66,c1(OCc2ccccc2)ccc(cc1)B(O)O
RKB-03617994,hit_07,c1(ccc(cc1)c1c(c(on1)C(F)(F)F)I)OC,screen_SCRN_67,SCRN_67,c_c139ee6e43,[Pd](Cl)Cl.P(C1CCCCC1)(C1CCCCC1)C1CCCCC1.P(C1CCCCC1)(C1CCCCC1)C1CCCCC1|Dioxane,,Pd(P(Cy)3)2Cl2,Dioxane,100.0,18.0,65,c1(OCc2ccccc2)ccc(cc1)B(O)O
RKB-03617995,hit_07,c1(ccc(cc1)c1c(c(on1)C(F)(F)F)I)OC,screen_SCRN_67,SCRN_67,c_577ff4ada9,P([C@]12C[C@@H]3C[C@H](C2)C[C@@H](C1)C3)([C@]12C[C@@H]3C[C@@H](C2)C[C@@H](C1)C3)CCCC|Toluene,Pd(OAc)2,Pd(OAc)2/CataCXium A,Toluene,100.0,18.0,65,c1(OCc2ccccc2)ccc(cc1)B(O)O
RKB-03617996,hit_07,c1(ccc(cc1)c1c(c(on1)C(F)(F)F)I)OC,screen_SCRN_67,SCRN_67,c_14f5c30068,[Pd](Cl)Cl.P(C1CCCCC1)(C1CCCCC1)C1CCCCC1.P(C1CCCCC1)(C1CCCCC1)C1CCCCC1|MeCN,,Pd(P(Cy)3)2Cl2,MeCN,100.0,18.0,65,c1(OCc2ccccc2)ccc(cc1)B(O)O
RKB-03617997,hit_07,c1(ccc(cc1)c1c(c(on1)C(F)(F)F)I)OC,screen_SCRN_67,SCRN_67,c_577ff4ada9,P([C@]12C[C@@H]3C[C@H](C2)C[C@@H](C1)C3)([C@]12C[C@@H]3C[C@@H](C2)C[C@@H](C1)C3)CCCC|Toluene,Pd(OAc)2,Pd(OAc)2/CataCXium A,Toluene,100.0,18.0,65,c1(OCc2ccccc2)ccc(cc1)B(O)O
RKB-03617998,hit_07,c1(ccc(cc1)c1c(c(on1)C(F)(F)F)I)OC,screen_SCRN_67,SCRN_67,c_0511e92d37,P([C@]12C[C@@H]3C[C@H](C2)C[C@@H](C1)C3)([C@]12C[C@@H]3C[C@@H](C2)C[C@@H](C1)C3)CCCC|Dioxane,Pd(OAc)2,Pd(OAc)2/CataCXium A,Dioxane,100.0,18.0,65,c1(OCc2ccccc2)ccc(cc1)B(O)O
RKB-03617999,hit_07,c1(ccc(cc1)c1c(c(on1)C(F)(F)F)I)OC,screen_SCRN_67,SCRN_67,c_40534c4f12,[Pd].P(c1ccccc1)(c1ccccc1)c1ccccc1.P(c1ccccc1)(c1ccccc1)c1ccccc1.P(c1ccccc1)(c1ccccc1)c1ccccc1.P(c1ccccc1)(c1ccccc1)c1ccccc1|Toluene,,Pd(P(Ph)3)4),Toluene,100.0,18.0,65,c1(OCc2ccccc2)ccc(cc1)B(O)O
RKB-03618000,hit_07,c1(ccc(cc1)c1c(c(on1)C(F)(F)F)I)OC,screen_SCRN_67,SCRN_67,c_9ffedf54ae,[Pd](Cl)Cl.P(c1c(cccc1)C)(c1c(cccc1)C)c1c(cccc1)C.P(c1c(cccc1)C)(c1c(cccc1)C)c1c(cccc1)C|Dioxane,,Pd(P(o-Tol)3)2Cl2,Dioxane,100.0,18.0,65,c1(OCc2ccccc2)ccc(cc1)B(O)O
RKB-03618001,hit_07,c1(ccc(cc1)c1c(c(on1)C(F)(F)F)I)OC,screen_SCRN_67,SCRN_67,c_efdcec6f77,[Pd].C(P(C(C)(C)C)C(C)(C)C)(C)(C)C.C(P(C(C)(C)C)C(C)(C)C)(C)(C)C|MeCN,,Pd(P(tBu)3)2,MeCN,100.0,18.0,64,c1(OCc2ccccc2)ccc(cc1)B(O)O
RKB-03618002,hit_07,c1(ccc(cc1)c1c(c(on1)C(F)(F)F)I)OC,screen_SCRN_67,SCRN_67,c_a86e283b14,c1(c2c(P(C3CCCCC3)C3CCCCC3)cccc2)c(cc(cc1C(C)C)C(C)C)C(C)C|MeCN,Pd(OAc)2,Pd(OAc)2 / XPhos,MeCN,100.0,18.0,64,c1(OCc2ccccc2)ccc(cc1)B(O)O
RKB-03618003,hit_07,c1(ccc(cc1)c1c(c(on1)C(F)(F)F)I)OC,screen_SCRN_67,SCRN_67,c_14f5c30068,[Pd](Cl)Cl.P(C1CCCCC1)(C1CCCCC1)C1CCCCC1.P(C1CCCCC1)(C1CCCCC1)C1CCCCC1|MeCN,,Pd(P(Cy)3)2Cl2,MeCN,100.0,18.0,64,c1(OCc2ccccc2)ccc(cc1)B(O)O
RKB-03618004,hit_07,c1(ccc(cc1)c1c(c(on1)C(F)(F)F)I)OC,screen_SCRN_67,SCRN_67,c_a86e283b14,c1(c2c(P(C3CCCCC3)C3CCCCC3)cccc2)c(cc(cc1C(C)C)C(C)C)C(C)C|MeCN,Pd(OAc)2,Pd(OAc)2 / XPhos,MeCN,100.0,18.0,64,c1(OCc2ccccc2)ccc(cc1)B(O)O
RKB-03618005,hit_07,c1(ccc(cc1)c1c(c(on1)C(F)(F)F)I)OC,screen_SCRN_67,SCRN_67,c_ef091d2ff2,c1(c2c(P(C3CCCCC3)C3CCCCC3)cccc2)c(cc(cc1C(C)C)C(C)C)C(C)C|Dioxane,Pd(OAc)2,Pd(OAc)2 / XPhos,Dioxane,100.0,18.0,63,c1(OCc2ccccc2)ccc(cc1)B(O)O
RKB-03618006,hit_07,c1(ccc(cc1)c1c(c(on1)C(F)(F)F)I)OC,screen_SCRN_67,SCRN_67,c_adf3bba061,P(C1CCCC1)(C(C)(C)C)C(C)(C)C.P(C1CCCC1)(C(C)(C)C)C(C)(C)C.[Pd](Cl)Cl.[Fe]|MeCN,,Pd(dtbpf)Cl2,MeCN,100.0,18.0,63,c1(OCc2ccccc2)ccc(cc1)B(O)O
RKB-03618007,hit_07,c1(ccc(cc1)c1c(c(on1)C(F)(F)F)I)OC,screen_SCRN_67,SCRN_67,c_c139ee6e43,[Pd](Cl)Cl.P(C1CCCCC1)(C1CCCCC1)C1CCCCC1.P(C1CCCCC1)(C1CCCCC1)C1CCCCC1|Dioxane,,Pd(P(Cy)3)2Cl2,Dioxane,100.0,18.0,63,c1(OCc2ccccc2)ccc(cc1)B(O)O
RKB-03618008,hit_07,c1(ccc(cc1)c1c(c(on1)C(F)(F)F)I)OC,screen_SCRN_67,SCRN_67,c_5e8279fbea,[Pd](Cl)Cl.P(C(C)(C)C)(C(C)(C)C)c1ccc(N(C)C)cc1.P(C(C)(C)C)(C(C)(C)C)c1ccc(N(C)C)cc1|Toluene,,Pd-132,Toluene,100.0,18.0,62,c1(OCc2ccccc2)ccc(cc1)B(O)O
RKB-03618009,hit_07,c1(ccc(cc1)c1c(c(on1)C(F)(F)F)I)OC,screen_SCRN_67,SCRN_67,c_9e3adb389c,P(C1CCCC1)(c1ccccc1)c1ccccc1.P(C1CCCC1)(c1ccccc1)c1ccccc1.C(Cl)Cl.[Pd](Cl)Cl.[Fe]|Toluene,,Pd(dppf)Cl2,Toluene,100.0,18.0,62,c1(OCc2ccccc2)ccc(cc1)B(O)O
RKB-03618010,hit_07,c1(ccc(cc1)c1c(c(on1)C(F)(F)F)I)OC,screen_SCRN_67,SCRN_67,c_9ffedf54ae,[Pd](Cl)Cl.P(c1c(cccc1)C)(c1c(cccc1)C)c1c(cccc1)C.P(c1c(cccc1)C)(c1c(cccc1)C)c1c(cccc1)C|Dioxane,,Pd(P(o-Tol)3)2Cl2,Dioxane,100.0,18.0,63,c1(OCc2ccccc2)ccc(cc1)B(O)O
RKB-03618011,hit_07,c1(ccc(cc1)c1c(c(on1)C(F)(F)F)I)OC,screen_SCRN_67,SCRN_67,c_efdcec6f77,[Pd].C(P(C(C)(C)C)C(C)(C)C)(C)(C)C.C(P(C(C)(C)C)C(C)(C)C)(C)(C)C|MeCN,,Pd(P(tBu)3)2,MeCN,100.0,18.0,63,c1(OCc2ccccc2)ccc(cc1)B(O)O
RKB-03618012,hit_07,c1(ccc(cc1)c1c(c(on1)C(F)(F)F)I)OC,screen_SCRN_67,SCRN_67,c_b6552437bf,n1c(c(c(n1c1ccccc1)c1ccccc1)n1nccc1P(C(C)(C)C)(C(C)(C)C)[Pd](Cl)Cl)c1ccccc1|MeCN,,Pd(BiPyPhos)(Cl)2,MeCN,100.0,18.0,63,c1(OCc2ccccc2)ccc(cc1)B(O)O
RKB-03618013,hit_07,c1(ccc(cc1)c1c(c(on1)C(F)(F)F)I)OC,screen_SCRN_67,SCRN_67,c_b6552437bf,n1c(c(c(n1c1ccccc1)c1ccccc1)n1nccc1P(C(C)(C)C)(C(C)(C)C)[Pd](Cl)Cl)c1ccccc1|MeCN,,Pd(BiPyPhos)(Cl)2,MeCN,100.0,18.0,62,c1(OCc2ccccc2)ccc(cc1)B(O)O
RKB-03618014,hit_07,c1(ccc(cc1)c1c(c(on1)C(F)(F)F)I)OC,screen_SCRN_67,SCRN_67,c_c7181b1329,C1(C(C(C(C1c1ccccc1)c1ccccc1)c1ccccc1)c1ccccc1)c1ccccc1.P(C(C)(C)C)(C(C)(C)C)C1CCCC1.C1(C(C(C(C1c1ccccc1)c1ccccc1)c1ccccc1)c1ccccc1)c1ccccc1.P(C(C)(C)C)(C(C)(C)C)C1CCCC1.[Fe].[Fe].[Pd]|Dioxane,,Pd(Qhos)2,Dioxane,100.0,18.0,62,c1(OCc2ccccc2)ccc(cc1)B(O)O
RKB-03618015,hit_07,c1(ccc(cc1)c1c(c(on1)C(F)(F)F)I)OC,screen_SCRN_67,SCRN_67,c_3196604cd9,[Pd](Cl)Cl.P(C(C)(C)C)(C(C)(C)C)c1ccc(N(C)C)cc1.P(C(C)(C)C)(C(C)(C)C)c1ccc(N(C)C)cc1|MeCN,,Pd-132,MeCN,100.0,18.0,62,c1(OCc2ccccc2)ccc(cc1)B(O)O
RKB-03618016,hit_07,c1(ccc(cc1)c1c(c(on1)C(F)(F)F)I)OC,screen_SCRN_67,SCRN_67,c_c7181b1329,C1(C(C(C(C1c1ccccc1)c1ccccc1)c1ccccc1)c1ccccc1)c1ccccc1.P(C(C)(C)C)(C(C)(C)C)C1CCCC1.C1(C(C(C(C1c1ccccc1)c1ccccc1)c1ccccc1)c1ccccc1)c1ccccc1.P(C(C)(C)C)(C(C)(C)C)C1CCCC1.[Fe].[Fe].[Pd]|Dioxane,,Pd(Qhos)2,Dioxane,100.0,18.0,62,c1(OCc2ccccc2)ccc(cc1)B(O)O
RKB-03618017,hit_07,c1(ccc(cc1)c1c(c(on1)C(F)(F)F)I)OC,screen_SCRN_67,SCRN_67,c_4648614000,C1(C(C(C(C1c1ccccc1)c1ccccc1)c1ccccc1)c1ccccc1)c1ccccc1.P(C(C)(C)C)(C(C)(C)C)C1CCCC1.C1(C(C(C(C1c1ccccc1)c1ccccc1)c1ccccc1)c1ccccc1)c1ccccc1.P(C(C)(C)C)(C(C)(C)C)C1CCCC1.[Fe].[Fe].[Pd]|MeCN,,Pd(Qhos)2,MeCN,100.0,18.0,62,c1(OCc2ccccc2)ccc(cc1)B(O)O
RKB-03618018,hit_07,c1(ccc(cc1)c1c(c(on1)C(F)(F)F)I)OC,screen_SCRN_67,SCRN_67,c_9e3adb389c,P(C1CCCC1)(c1ccccc1)c1ccccc1.P(C1CCCC1)(c1ccccc1)c1ccccc1.C(Cl)Cl.[Pd](Cl)Cl.[Fe]|Toluene,,Pd(dppf)Cl2,Toluene,100.0,18.0,62,c1(OCc2ccccc2)ccc(cc1)B(O)O
RKB-03618019,hit_07,c1(ccc(cc1)c1c(c(on1)C(F)(F)F)I)OC,screen_SCRN_67,SCRN_67,c_3ee2d5105a,P([C@]12C[C@@H]3C[C@H](C2)C[C@@H](C1)C3)([C@]12C[C@@H]3C[C@@H](C2)C[C@@H](C1)C3)CCCC|MeCN,Pd(OAc)2,Pd(OAc)2/CataCXium A,MeCN,100.0,18.0,61,c1(OCc2ccccc2)ccc(cc1)B(O)O
RKB-03618020,hit_07,c1(ccc(cc1)c1c(c(on1)C(F)(F)F)I)OC,screen_SCRN_67,SCRN_67,c_23c32c1777,[Pd](Cl)Cl.P(C1CCCCC1)(C1CCCCC1)C1CCCCC1.P(C1CCCCC1)(C1CCCCC1)C1CCCCC1|Toluene,,Pd(P(Cy)3)2Cl2,Toluene,100.0,18.0,61,c1(OCc2ccccc2)ccc(cc1)B(O)O
RKB-03618021,hit_07,c1(ccc(cc1)c1c(c(on1)C(F)(F)F)I)OC,screen_SCRN_67,SCRN_67,c_8871d0b6cb,[Pd].P(c1ccccc1)(c1ccccc1)c1ccccc1.P(c1ccccc1)(c1ccccc1)c1ccccc1.P(c1ccccc1)(c1ccccc1)c1ccccc1.P(c1ccccc1)(c1ccccc1)c1ccccc1|Dioxane,,Pd(P(Ph)3)4),Dioxane,100.0,18.0,61,c1(OCc2ccccc2)ccc(cc1)B(O)O
RKB-03618022,hit_07,c1(ccc(cc1)c1c(c(on1)C(F)(F)F)I)OC,screen_SCRN_67,SCRN_67,c_c3b27856cb,[Pd](Cl)Cl.P(c1c(cccc1)C)(c1c(cccc1)C)c1c(cccc1)C.P(c1c(cccc1)C)(c1c(cccc1)C)c1c(cccc1)C|MeCN,,Pd(P(o-Tol)3)2Cl2,MeCN,100.0,18.0,61,c1(OCc2ccccc2)ccc(cc1)B(O)O
RKB-03618023,hit_07,c1(ccc(cc1)c1c(c(on1)C(F)(F)F)I)OC,screen_SCRN_67,SCRN_67,c_d71bc0fdfd,P(C1CCCC1)(c1ccccc1)c1ccccc1.P(C1CCCC1)(c1ccccc1)c1ccccc1.C(Cl)Cl.[Pd](Cl)Cl.[Fe]|Dioxane,,Pd(dppf)Cl2,Dioxane,100.0,18.0,61,c1(OCc2ccccc2)ccc(cc1)B(O)O
RKB-03618024,hit_07,c1(ccc(cc1)c1c(c(on1)C(F)(F)F)I)OC,screen_SCRN_67,SCRN_67,c_32f061b282,P(C1CCCC1)(C(C)(C)C)C(C)(C)C.P(C1CCCC1)(C(C)(C)C)C(C)(C)C.[Pd](Cl)Cl.[Fe]|Toluene,,Pd(dtbpf)Cl2,Toluene,100.0,18.0,60,c1(OCc2ccccc2)ccc(cc1)B(O)O
RKB-03618025,hit_07,c1(ccc(cc1)c1c(c(on1)C(F)(F)F)I)OC,screen_SCRN_67,SCRN_67,c_0511e92d37,P([C@]12C[C@@H]3C[C@H](C2)C[C@@H](C1)C3)([C@]12C[C@@H]3C[C@@H](C2)C[C@@H](C1)C3)CCCC|Dioxane,Pd(OAc)2,Pd(OAc)2/CataCXium A,Dioxane,100.0,18.0,60,c1(OCc2ccccc2)ccc(cc1)B(O)O
RKB-03618026,hit_07,c1(ccc(cc1)c1c(c(on1)C(F)(F)F)I)OC,screen_SCRN_67,SCRN_67,c_ef091d2ff2,c1(c2c(P(C3CCCCC3)C3CCCCC3)cccc2)c(cc(cc1C(C)C)C(C)C)C(C)C|Dioxane,Pd(OAc)2,Pd(OAc)2 / XPhos,Dioxane,100.0,18.0,60,c1(OCc2ccccc2)ccc(cc1)B(O)O
RKB-03618027,hit_07,c1(ccc(cc1)c1c(c(on1)C(F)(F)F)I)OC,screen_SCRN_67,SCRN_67,c_1d9e641278,[Pd](Cl)Cl.P(c1c(cccc1)C)(c1c(cccc1)C)c1c(cccc1)C.P(c1c(cccc1)C)(c1c(cccc1)C)c1c(cccc1)C|MeOH,,Pd(P(o-Tol)3)2Cl2,MeOH,100.0,18.0,60,c1(OCc2ccccc2)ccc(cc1)B(O)O
RKB-03618028,hit_07,c1(ccc(cc1)c1c(c(on1)C(F)(F)F)I)OC,screen_SCRN_67,SCRN_67,c_c7181b1329,C1(C(C(C(C1c1ccccc1)c1ccccc1)c1ccccc1)c1ccccc1)c1ccccc1.P(C(C)(C)C)(C(C)(C)C)C1CCCC1.C1(C(C(C(C1c1ccccc1)c1ccccc1)c1ccccc1)c1ccccc1)c1ccccc1.P(C(C)(C)C)(C(C)(C)C)C1CCCC1.[Fe].[Fe].[Pd]|Dioxane,,Pd(Qhos)2,Dioxane,100.0,18.0,60,c1(OCc2ccccc2)ccc(cc1)B(O)O
RKB-03618029,hit_07,c1(ccc(cc1)c1c(c(on1)C(F)(F)F)I)OC,screen_SCRN_67,SCRN_67,c_dc49028cb5,n1c(c(c(n1c1ccccc1)c1ccccc1)n1nccc1P(C(C)(C)C)(C(C)(C)C)[Pd](Cl)Cl)c1ccccc1|Dioxane,,Pd(BiPyPhos)(Cl)2,Dioxane,100.0,18.0,60,c1(OCc2ccccc2)ccc(cc1)B(O)O
RKB-03618030,hit_07,c1(ccc(cc1)c1c(c(on1)C(F)(F)F)I)OC,screen_SCRN_67,SCRN_67,c_e2b4f2be96,P(C1CCCC1)(C(C)(C)C)C(C)(C)C.P(C1CCCC1)(C(C)(C)C)C(C)(C)C.[Pd](Cl)Cl.[Fe]|Dioxane,,Pd(dtbpf)Cl2,Dioxane,100.0,18.0,59,c1(OCc2ccccc2)ccc(cc1)B(O)O
RKB-03618031,hit_07,c1(ccc(cc1)c1c(c(on1)C(F)(F)F)I)OC,screen_SCRN_67,SCRN_67,c_14766a3f2b,[Pd](Cl)Cl.P(C(C)(C)C)(C(C)(C)C)c1ccc(N(C)C)cc1.P(C(C)(C)C)(C(C)(C)C)c1ccc(N(C)C)cc1|Dioxane,,Pd-132,Dioxane,100.0,18.0,59,c1(OCc2ccccc2)ccc(cc1)B(O)O
RKB-03618032,hit_07,c1(ccc(cc1)c1c(c(on1)C(F)(F)F)I)OC,screen_SCRN_67,SCRN_67,c_9ffedf54ae,[Pd](Cl)Cl.P(c1c(cccc1)C)(c1c(cccc1)C)c1c(cccc1)C.P(c1c(cccc1)C)(c1c(cccc1)C)c1c(cccc1)C|Dioxane,,Pd(P(o-Tol)3)2Cl2,Dioxane,100.0,18.0,59,c1(OCc2ccccc2)ccc(cc1)B(O)O
RKB-03618033,hit_07,c1(ccc(cc1)c1c(c(on1)C(F)(F)F)I)OC,screen_SCRN_67,SCRN_67,c_0511e92d37,P([C@]12C[C@@H]3C[C@H](C2)C[C@@H](C1)C3)([C@]12C[C@@H]3C[C@@H](C2)C[C@@H](C1)C3)CCCC|Dioxane,Pd(OAc)2,Pd(OAc)2/CataCXium A,Dioxane,100.0,18.0,59,c1(OCc2ccccc2)ccc(cc1)B(O)O
RKB-03618034,hit_07,c1(ccc(cc1)c1c(c(on1)C(F)(F)F)I)OC,screen_SCRN_67,SCRN_67,c_99aeac08ec,O1c2c(C(c3c1c(ccc3)P(c1ccccc1)c1ccccc1)(C)C)cccc2P(c1ccccc1)c1ccccc1.Cl[Pd]Cl|MeCN,,Pd(XanthPhos)Cl2,MeCN,100.0,18.0,59,c1(OCc2ccccc2)ccc(cc1)B(O)O
RKB-03618035,hit_07,c1(ccc(cc1)c1c(c(on1)C(F)(F)F)I)OC,screen_SCRN_67,SCRN_67,c_3196604cd9,[Pd](Cl)Cl.P(C(C)(C)C)(C(C)(C)C)c1ccc(N(C)C)cc1.P(C(C)(C)C)(C(C)(C)C)c1ccc(N(C)C)cc1|MeCN,,Pd-132,MeCN,100.0,18.0,58,c1(OCc2ccccc2)ccc(cc1)B(O)O
RKB-03618036,hit_07,c1(ccc(cc1)c1c(c(on1)C(F)(F)F)I)OC,screen_SCRN_67,SCRN_67,c_466dd475bc,[Pd].C(P(C(C)(C)C)C(C)(C)C)(C)(C)C.C(P(C(C)(C)C)C(C)(C)C)(C)(C)C|Dioxane,,Pd(P(tBu)3)2,Dioxane,100.0,18.0,58,c1(OCc2ccccc2)ccc(cc1)B(O)O
RKB-03618037,hit_07,c1(ccc(cc1)c1c(c(on1)C(F)(F)F)I)OC,screen_SCRN_67,SCRN_67,c_493aa05fab,O1c2c(C(c3c1c(ccc3)P(c1ccccc1)c1ccccc1)(C)C)cccc2P(c1ccccc1)c1ccccc1.Cl[Pd]Cl|Toluene,,Pd(XanthPhos)Cl2,Toluene,100.0,18.0,58,c1(OCc2ccccc2)ccc(cc1)B(O)O
RKB-03618038,hit_07,c1(ccc(cc1)c1c(c(on1)C(F)(F)F)I)OC,screen_SCRN_67,SCRN_67,c_23c32c1777,[Pd](Cl)Cl.P(C1CCCCC1)(C1CCCCC1)C1CCCCC1.P(C1CCCCC1)(C1CCCCC1)C1CCCCC1|Toluene,,Pd(P(Cy)3)2Cl2,Toluene,100.0,18.0,58,c1(OCc2ccccc2)ccc(cc1)B(O)O
RKB-03618039,hit_07,c1(ccc(cc1)c1c(c(on1)C(F)(F)F)I)OC,screen_SCRN_67,SCRN_67,c_14766a3f2b,[Pd](Cl)Cl.P(C(C)(C)C)(C(C)(C)C)c1ccc(N(C)C)cc1.P(C(C)(C)C)(C(C)(C)C)c1ccc(N(C)C)cc1|Dioxane,,Pd-132,Dioxane,100.0,18.0,58,c1(OCc2ccccc2)ccc(cc1)B(O)O
RKB-03618040,hit_07,c1(ccc(cc1)c1c(c(on1)C(F)(F)F)I)OC,screen_SCRN_67,SCRN_67,c_3196604cd9,[Pd](Cl)Cl.P(C(C)(C)C)(C(C)(C)C)c1ccc(N(C)C)cc1.P(C(C)(C)C)(C(C)(C)C)c1ccc(N(C)C)cc1|MeCN,,Pd-132,MeCN,100.0,18.0,58,c1(OCc2ccccc2)ccc(cc1)B(O)O
RKB-03618041,hit_07,c1(ccc(cc1)c1c(c(on1)C(F)(F)F)I)OC,screen_SCRN_67,SCRN_67,c_ef091d2ff2,c1(c2c(P(C3CCCCC3)C3CCCCC3)cccc2)c(cc(cc1C(C)C)C(C)C)C(C)C|Dioxane,Pd(OAc)2,Pd(OAc)2 / XPhos,Dioxane,100.0,18.0,58,c1(OCc2ccccc2)ccc(cc1)B(O)O
RKB-03618042,hit_07,c1(ccc(cc1)c1c(c(on1)C(F)(F)F)I)OC,screen_SCRN_67,SCRN_67,c_14766a3f2b,[Pd](Cl)Cl.P(C(C)(C)C)(C(C)(C)C)c1ccc(N(C)C)cc1.P(C(C)(C)C)(C(C)(C)C)c1ccc(N(C)C)cc1|Dioxane,,Pd-132,Dioxane,100.0,18.0,57,c1(OCc2ccccc2)ccc(cc1)B(O)O
RKB-03618043,hit_07,c1(ccc(cc1)c1c(c(on1)C(F)(F)F)I)OC,screen_SCRN_67,SCRN_67,c_b6552437bf,n1c(c(c(n1c1ccccc1)c1ccccc1)n1nccc1P(C(C)(C)C)(C(C)(C)C)[Pd](Cl)Cl)c1ccccc1|MeCN,,Pd(BiPyPhos)(Cl)2,MeCN,100.0,18.0,57,c1(OCc2ccccc2)ccc(cc1)B(O)O
RKB-03618044,hit_07,c1(ccc(cc1)c1c(c(on1)C(F)(F)F)I)OC,screen_SCRN_67,SCRN_67,c_8871d0b6cb,[Pd].P(c1ccccc1)(c1ccccc1)c1ccccc1.P(c1ccccc1)(c1ccccc1)c1ccccc1.P(c1ccccc1)(c1ccccc1)c1ccccc1.P(c1ccccc1)(c1ccccc1)c1ccccc1|Dioxane,,Pd(P(Ph)3)4),Dioxane,100.0,18.0,57,c1(OCc2ccccc2)ccc(cc1)B(O)O
RKB-03618045,hit_07,c1(ccc(cc1)c1c(c(on1)C(F)(F)F)I)OC,screen_SCRN_67,SCRN_67,c_3f514d9a96,O1c2c(C(c3c1c(ccc3)P(c1ccccc1)c1ccccc1)(C)C)cccc2P(c1ccccc1)c1ccccc1.Cl[Pd]Cl|Dioxane,,Pd(XanthPhos)Cl2,Dioxane,100.0,18.0,57,c1(OCc2ccccc2)ccc(cc1)B(O)O
RKB-03618046,hit_07,c1(ccc(cc1)c1c(c(on1)C(F)(F)F)I)OC,screen_SCRN_67,SCRN_67,c_dc49028cb5,n1c(c(c(n1c1ccccc1)c1ccccc1)n1nccc1P(C(C)(C)C)(C(C)(C)C)[Pd](Cl)Cl)c1ccccc1|Dioxane,,Pd(BiPyPhos)(Cl)2,Dioxane,100.0,18.0,57,c1(OCc2ccccc2)ccc(cc1)B(O)O
RKB-03618047,hit_07,c1(ccc(cc1)c1c(c(on1)C(F)(F)F)I)OC,screen_SCRN_67,SCRN_67,c_0511e92d37,P([C@]12C[C@@H]3C[C@H](C2)C[C@@H](C1)C3)([C@]12C[C@@H]3C[C@@H](C2)C[C@@H](C1)C3)CCCC|Dioxane,Pd(OAc)2,Pd(OAc)2/CataCXium A,Dioxane,100.0,18.0,57,c1(OCc2ccccc2)ccc(cc1)B(O)O
RKB-03618048,hit_07,c1(ccc(cc1)c1c(c(on1)C(F)(F)F)I)OC,screen_SCRN_67,SCRN_67,c_9e3adb389c,P(C1CCCC1)(c1ccccc1)c1ccccc1.P(C1CCCC1)(c1ccccc1)c1ccccc1.C(Cl)Cl.[Pd](Cl)Cl.[Fe]|Toluene,,Pd(dppf)Cl2,Toluene,100.0,18.0,56,c1(OCc2ccccc2)ccc(cc1)B(O)O
RKB-03618049,hit_07,c1(ccc(cc1)c1c(c(on1)C(F)(F)F)I)OC,screen_SCRN_67,SCRN_67,c_7dc2ed3bef,C1(C(C(C(C1c1ccccc1)c1ccccc1)c1ccccc1)c1ccccc1)c1ccccc1.P(C(C)(C)C)(C(C)(C)C)C1CCCC1.C1(C(C(C(C1c1ccccc1)c1ccccc1)c1ccccc1)c1ccccc1)c1ccccc1.P(C(C)(C)C)(C(C)(C)C)C1CCCC1.[Fe].[Fe].[Pd]|MeOH,,Pd(Qhos)2,MeOH,100.0,18.0,56,c1(OCc2ccccc2)ccc(cc1)B(O)O
RKB-03618050,hit_07,c1(ccc(cc1)c1c(c(on1)C(F)(F)F)I)OC,screen_SCRN_67,SCRN_67,c_466dd475bc,[Pd].C(P(C(C)(C)C)C(C)(C)C)(C)(C)C.C(P(C(C)(C)C)C(C)(C)C)(C)(C)C|Dioxane,,Pd(P(tBu)3)2,Dioxane,100.0,18.0,56,c1(OCc2ccccc2)ccc(cc1)B(O)O
RKB-03618051,hit_07,c1(ccc(cc1)c1c(c(on1)C(F)(F)F)I)OC,screen_SCRN_67,SCRN_67,c_3f514d9a96,O1c2c(C(c3c1c(ccc3)P(c1ccccc1)c1ccccc1)(C)C)cccc2P(c1ccccc1)c1ccccc1.Cl[Pd]Cl|Dioxane,,Pd(XanthPhos)Cl2,Dioxane,100.0,18.0,56,c1(OCc2ccccc2)ccc(cc1)B(O)O
RKB-03618052,hit_07,c1(ccc(cc1)c1c(c(on1)C(F)(F)F)I)OC,screen_SCRN_67,SCRN_67,c_a88c92ca46,C1(C(C(C(C1c1ccccc1)c1ccccc1)c1ccccc1)c1ccccc1)c1ccccc1.P(C(C)(C)C)(C(C)(C)C)C1CCCC1.C1(C(C(C(C1c1ccccc1)c1ccccc1)c1ccccc1)c1ccccc1)c1ccccc1.P(C(C)(C)C)(C(C)(C)C)C1CCCC1.[Fe].[Fe].[Pd]|Toluene,,Pd(Qhos)2,Toluene,100.0,18.0,56,c1(OCc2ccccc2)ccc(cc1)B(O)O
RKB-03618053,hit_07,c1(ccc(cc1)c1c(c(on1)C(F)(F)F)I)OC,screen_SCRN_67,SCRN_67,c_14766a3f2b,[Pd](Cl)Cl.P(C(C)(C)C)(C(C)(C)C)c1ccc(N(C)C)cc1.P(C(C)(C)C)(C(C)(C)C)c1ccc(N(C)C)cc1|Dioxane,,Pd-132,Dioxane,100.0,18.0,56,c1(OCc2ccccc2)ccc(cc1)B(O)O
RKB-03618054,hit_07,c1(ccc(cc1)c1c(c(on1)C(F)(F)F)I)OC,screen_SCRN_67,SCRN_67,c_4648614000,C1(C(C(C(C1c1ccccc1)c1ccccc1)c1ccccc1)c1ccccc1)c1ccccc1.P(C(C)(C)C)(C(C)(C)C)C1CCCC1.C1(C(C(C(C1c1ccccc1)c1ccccc1)c1ccccc1)c1ccccc1)c1ccccc1.P(C(C)(C)C)(C(C)(C)C)C1CCCC1.[Fe].[Fe].[Pd]|MeCN,,Pd(Qhos)2,MeCN,100.0,18.0,56,c1(OCc2ccccc2)ccc(cc1)B(O)O
RKB-03618055,hit_07,c1(ccc(cc1)c1c(c(on1)C(F)(F)F)I)OC,screen_SCRN_67,SCRN_67,c_e2b4f2be96,P(C1CCCC1)(C(C)(C)C)C(C)(C)C.P(C1CCCC1)(C(C)(C)C)C(C)(C)C.[Pd](Cl)Cl.[Fe]|Dioxane,,Pd(dtbpf)Cl2,Dioxane,100.0,18.0,55,c1(OCc2ccccc2)ccc(cc1)B(O)O
RKB-03618056,hit_07,c1(ccc(cc1)c1c(c(on1)C(F)(F)F)I)OC,screen_SCRN_67,SCRN_67,c_dd752d0e98,n1c(c(c(n1c1ccccc1)c1ccccc1)n1nccc1P(C(C)(C)C)(C(C)(C)C)[Pd](Cl)Cl)c1ccccc1|MeOH,,Pd(BiPyPhos)(Cl)2,MeOH,100.0,18.0,55,c1(OCc2ccccc2)ccc(cc1)B(O)O
RKB-03618057,hit_07,c1(ccc(cc1)c1c(c(on1)C(F)(F)F)I)OC,screen_SCRN_67,SCRN_67,c_dc49028cb5,n1c(c(c(n1c1ccccc1)c1ccccc1)n1nccc1P(C(C)(C)C)(C(C)(C)C)[Pd](Cl)Cl)c1ccccc1|Dioxane,,Pd(BiPyPhos)(Cl)2,Dioxane,100.0,18.0,54,c1(OCc2ccccc2)ccc(cc1)B(O)O
RKB-03618058,hit_07,c1(ccc(cc1)c1c(c(on1)C(F)(F)F)I)OC,screen_SCRN_67,SCRN_67,c_b4e663cbcf,P([C@]12C[C@@H]3C[C@H](C2)C[C@@H](C1)C3)([C@]12C[C@@H]3C[C@@H](C2)C[C@@H](C1)C3)CCCC|MeOH,Pd(OAc)2,Pd(OAc)2/CataCXium A,MeOH,100.0,18.0,54,c1(OCc2ccccc2)ccc(cc1)B(O)O
RKB-03618059,hit_07,c1(ccc(cc1)c1c(c(on1)C(F)(F)F)I)OC,screen_SCRN_67,SCRN_67,c_e7bd21231d,P(C1CCCC1)(c1ccccc1)c1ccccc1.P(C1CCCC1)(c1ccccc1)c1ccccc1.C(Cl)Cl.[Pd](Cl)Cl.[Fe]|MeOH,,Pd(dppf)Cl2,MeOH,100.0,18.0,54,c1(OCc2ccccc2)ccc(cc1)B(O)O
RKB-03618060,hit_07,c1(ccc(cc1)c1c(c(on1)C(F)(F)F)I)OC,screen_SCRN_67,SCRN_67,c_3c160df052,c1(c2c(P(C3CCCCC3)C3CCCCC3)cccc2)c(cc(cc1C(C)C)C(C)C)C(C)C|Toluene,Pd(OAc)2,Pd(OAc)2 / XPhos,Toluene,100.0,18.0,54,c1(OCc2ccccc2)ccc(cc1)B(O)O
RKB-03618061,hit_07,c1(ccc(cc1)c1c(c(on1)C(F)(F)F)I)OC,screen_SCRN_67,SCRN_67,c_e564d7612a,[Pd].P(c1ccccc1)(c1ccccc1)c1ccccc1.P(c1ccccc1)(c1ccccc1)c1ccccc1.P(c1ccccc1)(c1ccccc1)c1ccccc1.P(c1ccccc1)(c1ccccc1)c1ccccc1|MeCN,,Pd(P(Ph)3)4),MeCN,100.0,18.0,54,c1(OCc2ccccc2)ccc(cc1)B(O)O
RKB-03618062,hit_07,c1(ccc(cc1)c1c(c(on1)C(F)(F)F)I)OC,screen_SCRN_67,SCRN_67,c_a88c92ca46,C1(C(C(C(C1c1ccccc1)c1ccccc1)c1ccccc1)c1ccccc1)c1ccccc1.P(C(C)(C)C)(C(C)(C)C)C1CCCC1.C1(C(C(C(C1c1ccccc1)c1ccccc1)c1ccccc1)c1ccccc1)c1ccccc1.P(C(C)(C)C)(C(C)(C)C)C1CCCC1.[Fe].[Fe].[Pd]|Toluene,,Pd(Qhos)2,Toluene,100.0,18.0,54,c1(OCc2ccccc2)ccc(cc1)B(O)O
RKB-03618063,hit_07,c1(ccc(cc1)c1c(c(on1)C(F)(F)F)I)OC,screen_SCRN_67,SCRN_67,c_5e8279fbea,[Pd](Cl)Cl.P(C(C)(C)C)(C(C)(C)C)c1ccc(N(C)C)cc1.P(C(C)(C)C)(C(C)(C)C)c1ccc(N(C)C)cc1|Toluene,,Pd-132,Toluene,100.0,18.0,54,c1(OCc2ccccc2)ccc(cc1)B(O)O
RKB-03618064,hit_07,c1(ccc(cc1)c1c(c(on1)C(F)(F)F)I)OC,screen_SCRN_67,SCRN_67,c_24a01a5b7d,[Pd](Cl)Cl.P(C1CCCCC1)(C1CCCCC1)C1CCCCC1.P(C1CCCCC1)(C1CCCCC1)C1CCCCC1|MeOH,,Pd(P(Cy)3)2Cl2,MeOH,100.0,18.0,53,c1(OCc2ccccc2)ccc(cc1)B(O)O
RKB-03618065,hit_07,c1(ccc(cc1)c1c(c(on1)C(F)(F)F)I)OC,screen_SCRN_67,SCRN_67,c_b9c1c9f68d,P(C1CCCC1)(c1ccccc1)c1ccccc1.P(C1CCCC1)(c1ccccc1)c1ccccc1.C(Cl)Cl.[Pd](Cl)Cl.[Fe]|MeCN,,Pd(dppf)Cl2,MeCN,100.0,18.0,53,c1(OCc2ccccc2)ccc(cc1)B(O)O
RKB-03618066,hit_07,c1(ccc(cc1)c1c(c(on1)C(F)(F)F)I)OC,screen_SCRN_67,SCRN_67,c_9ffedf54ae,[Pd](Cl)Cl.P(c1c(cccc1)C)(c1c(cccc1)C)c1c(cccc1)C.P(c1c(cccc1)C)(c1c(cccc1)C)c1c(cccc1)C|Dioxane,,Pd(P(o-Tol)3)2Cl2,Dioxane,100.0,18.0,52,c1(OCc2ccccc2)ccc(cc1)B(O)O
RKB-03618067,hit_07,c1(ccc(cc1)c1c(c(on1)C(F)(F)F)I)OC,screen_SCRN_67,SCRN_67,c_d71bc0fdfd,P(C1CCCC1)(c1ccccc1)c1ccccc1.P(C1CCCC1)(c1ccccc1)c1ccccc1.C(Cl)Cl.[Pd](Cl)Cl.[Fe]|Dioxane,,Pd(dppf)Cl2,Dioxane,100.0,18.0,52,c1(OCc2ccccc2)ccc(cc1)B(O)O
RKB-03618068,hit_07,c1(ccc(cc1)c1c(c(on1)C(F)(F)F)I)OC,screen_SCRN_67,SCRN_67,c_b6552437bf,n1c(c(c(n1c1ccccc1)c1ccccc1)n1nccc1P(C(C)(C)C)(C(C)(C)C)[Pd](Cl)Cl)c1ccccc1|MeCN,,Pd(BiPyPhos)(Cl)2,MeCN,100.0,18.0,51,c1(OCc2ccccc2)ccc(cc1)B(O)O
RKB-03618069,hit_07,c1(ccc(cc1)c1c(c(on1)C(F)(F)F)I)OC,screen_SCRN_67,SCRN_67,c_d71bc0fdfd,P(C1CCCC1)(c1ccccc1)c1ccccc1.P(C1CCCC1)(c1ccccc1)c1ccccc1.C(Cl)Cl.[Pd](Cl)Cl.[Fe]|Dioxane,,Pd(dppf)Cl2,Dioxane,100.0,18.0,51,c1(OCc2ccccc2)ccc(cc1)B(O)O
RKB-03618070,hit_07,c1(ccc(cc1)c1c(c(on1)C(F)(F)F)I)OC,screen_SCRN_67,SCRN_67,c_b9c1c9f68d,P(C1CCCC1)(c1ccccc1)c1ccccc1.P(C1CCCC1)(c1ccccc1)c1ccccc1.C(Cl)Cl.[Pd](Cl)Cl.[Fe]|MeCN,,Pd(dppf)Cl2,MeCN,100.0,18.0,51,c1(OCc2ccccc2)ccc(cc1)B(O)O
RKB-03618071,hit_07,c1(ccc(cc1)c1c(c(on1)C(F)(F)F)I)OC,screen_SCRN_67,SCRN_67,c_599a93c125,[Pd](Cl)Cl.P(c1c(cccc1)C)(c1c(cccc1)C)c1c(cccc1)C.P(c1c(cccc1)C)(c1c(cccc1)C)c1c(cccc1)C|Toluene,,Pd(P(o-Tol)3)2Cl2,Toluene,100.0,18.0,51,c1(OCc2ccccc2)ccc(cc1)B(O)O
RKB-03618072,hit_07,c1(ccc(cc1)c1c(c(on1)C(F)(F)F)I)OC,screen_SCRN_67,SCRN_67,c_32f061b282,P(C1CCCC1)(C(C)(C)C)C(C)(C)C.P(C1CCCC1)(C(C)(C)C)C(C)(C)C.[Pd](Cl)Cl.[Fe]|Toluene,,Pd(dtbpf)Cl2,Toluene,100.0,18.0,51,c1(OCc2ccccc2)ccc(cc1)B(O)O
RKB-03618073,hit_07,c1(ccc(cc1)c1c(c(on1)C(F)(F)F)I)OC,screen_SCRN_67,SCRN_67,c_b4e663cbcf,P([C@]12C[C@@H]3C[C@H](C2)C[C@@H](C1)C3)([C@]12C[C@@H]3C[C@@H](C2)C[C@@H](C1)C3)CCCC|MeOH,Pd(OAc)2,Pd(OAc)2/CataCXium A,MeOH,100.0,18.0,50,c1(OCc2ccccc2)ccc(cc1)B(O)O
RKB-03618074,hit_07,c1(ccc(cc1)c1c(c(on1)C(F)(F)F)I)OC,screen_SCRN_67,SCRN_67,c_99aeac08ec,O1c2c(C(c3c1c(ccc3)P(c1ccccc1)c1ccccc1)(C)C)cccc2P(c1ccccc1)c1ccccc1.Cl[Pd]Cl|MeCN,,Pd(XanthPhos)Cl2,MeCN,100.0,18.0,50,c1(OCc2ccccc2)ccc(cc1)B(O)O
RKB-03618075,hit_07,c1(ccc(cc1)c1c(c(on1)C(F)(F)F)I)OC,screen_SCRN_67,SCRN_67,c_4076342b87,[Pd].C(P(C(C)(C)C)C(C)(C)C)(C)(C)C.C(P(C(C)(C)C)C(C)(C)C)(C)(C)C|Toluene,,Pd(P(tBu)3)2,Toluene,100.0,18.0,49,c1(OCc2ccccc2)ccc(cc1)B(O)O
RKB-03618076,hit_07,c1(ccc(cc1)c1c(c(on1)C(F)(F)F)I)OC,screen_SCRN_67,SCRN_67,c_adf3bba061,P(C1CCCC1)(C(C)(C)C)C(C)(C)C.P(C1CCCC1)(C(C)(C)C)C(C)(C)C.[Pd](Cl)Cl.[Fe]|MeCN,,Pd(dtbpf)Cl2,MeCN,100.0,18.0,49,c1(OCc2ccccc2)ccc(cc1)B(O)O
RKB-03618077,hit_07,c1(ccc(cc1)c1c(c(on1)C(F)(F)F)I)OC,screen_SCRN_67,SCRN_67,c_99aeac08ec,O1c2c(C(c3c1c(ccc3)P(c1ccccc1)c1ccccc1)(C)C)cccc2P(c1ccccc1)c1ccccc1.Cl[Pd]Cl|MeCN,,Pd(XanthPhos)Cl2,MeCN,100.0,18.0,49,c1(OCc2ccccc2)ccc(cc1)B(O)O
RKB-03618078,hit_07,c1(ccc(cc1)c1c(c(on1)C(F)(F)F)I)OC,screen_SCRN_67,SCRN_67,c_e564d7612a,[Pd].P(c1ccccc1)(c1ccccc1)c1ccccc1.P(c1ccccc1)(c1ccccc1)c1ccccc1.P(c1ccccc1)(c1ccccc1)c1ccccc1.P(c1ccccc1)(c1ccccc1)c1ccccc1|MeCN,,Pd(P(Ph)3)4),MeCN,100.0,18.0,48,c1(OCc2ccccc2)ccc(cc1)B(O)O
RKB-03618079,hit_07,c1(ccc(cc1)c1c(c(on1)C(F)(F)F)I)OC,screen_SCRN_67,SCRN_67,c_3ee2d5105a,P([C@]12C[C@@H]3C[C@H](C2)C[C@@H](C1)C3)([C@]12C[C@@H]3C[C@@H](C2)C[C@@H](C1)C3)CCCC|MeCN,Pd(OAc)2,Pd(OAc)2/CataCXium A,MeCN,100.0,18.0,48,c1(OCc2ccccc2)ccc(cc1)B(O)O
RKB-03618080,hit_07,c1(ccc(cc1)c1c(c(on1)C(F)(F)F)I)OC,screen_SCRN_67,SCRN_67,c_a86e283b14,c1(c2c(P(C3CCCCC3)C3CCCCC3)cccc2)c(cc(cc1C(C)C)C(C)C)C(C)C|MeCN,Pd(OAc)2,Pd(OAc)2 / XPhos,MeCN,100.0,18.0,48,c1(OCc2ccccc2)ccc(cc1)B(O)O
RKB-03618081,hit_07,c1(ccc(cc1)c1c(c(on1)C(F)(F)F)I)OC,screen_SCRN_67,SCRN_67,c_c139ee6e43,[Pd](Cl)Cl.P(C1CCCCC1)(C1CCCCC1)C1CCCCC1.P(C1CCCCC1)(C1CCCCC1)C1CCCCC1|Dioxane,,Pd(P(Cy)3)2Cl2,Dioxane,100.0,18.0,48,c1(OCc2ccccc2)ccc(cc1)B(O)O
RKB-03618082,hit_07,c1(ccc(cc1)c1c(c(on1)C(F)(F)F)I)OC,screen_SCRN_67,SCRN_67,c_e2b4f2be96,P(C1CCCC1)(C(C)(C)C)C(C)(C)C.P(C1CCCC1)(C(C)(C)C)C(C)(C)C.[Pd](Cl)Cl.[Fe]|Dioxane,,Pd(dtbpf)Cl2,Dioxane,100.0,18.0,47,c1(OCc2ccccc2)ccc(cc1)B(O)O
RKB-03618083,hit_07,c1(ccc(cc1)c1c(c(on1)C(F)(F)F)I)OC,screen_SCRN_67,SCRN_67,c_ba1fa7db09,O1c2c(C(c3c1c(ccc3)P(c1ccccc1)c1ccccc1)(C)C)cccc2P(c1ccccc1)c1ccccc1.Cl[Pd]Cl|MeOH,,Pd(XanthPhos)Cl2,MeOH,100.0,18.0,47,c1(OCc2ccccc2)ccc(cc1)B(O)O
RKB-03618084,hit_07,c1(ccc(cc1)c1c(c(on1)C(F)(F)F)I)OC,screen_SCRN_67,SCRN_67,c_a88c92ca46,C1(C(C(C(C1c1ccccc1)c1ccccc1)c1ccccc1)c1ccccc1)c1ccccc1.P(C(C)(C)C)(C(C)(C)C)C1CCCC1.C1(C(C(C(C1c1ccccc1)c1ccccc1)c1ccccc1)c1ccccc1)c1ccccc1.P(C(C)(C)C)(C(C)(C)C)C1CCCC1.[Fe].[Fe].[Pd]|Toluene,,Pd(Qhos)2,Toluene,100.0,18.0,47,c1(OCc2ccccc2)ccc(cc1)B(O)O
RKB-03618085,hit_07,c1(ccc(cc1)c1c(c(on1)C(F)(F)F)I)OC,screen_SCRN_67,SCRN_67,c_599a93c125,[Pd](Cl)Cl.P(c1c(cccc1)C)(c1c(cccc1)C)c1c(cccc1)C.P(c1c(cccc1)C)(c1c(cccc1)C)c1c(cccc1)C|Toluene,,Pd(P(o-Tol)3)2Cl2,Toluene,100.0,18.0,46,c1(OCc2ccccc2)ccc(cc1)B(O)O
RKB-03618086,hit_07,c1(ccc(cc1)c1c(c(on1)C(F)(F)F)I)OC,screen_SCRN_67,SCRN_67,c_40534c4f12,[Pd].P(c1ccccc1)(c1ccccc1)c1ccccc1.P(c1ccccc1)(c1ccccc1)c1ccccc1.P(c1ccccc1)(c1ccccc1)c1ccccc1.P(c1ccccc1)(c1ccccc1)c1ccccc1|Toluene,,Pd(P(Ph)3)4),Toluene,100.0,18.0,46,c1(OCc2ccccc2)ccc(cc1)B(O)O
RKB-03618087,hit_07,c1(ccc(cc1)c1c(c(on1)C(F)(F)F)I)OC,screen_SCRN_67,SCRN_67,c_e564d7612a,[Pd].P(c1ccccc1)(c1ccccc1)c1ccccc1.P(c1ccccc1)(c1ccccc1)c1ccccc1.P(c1ccccc1)(c1ccccc1)c1ccccc1.P(c1ccccc1)(c1ccccc1)c1ccccc1|MeCN,,Pd(P(Ph)3)4),MeCN,100.0,18.0,46,c1(OCc2ccccc2)ccc(cc1)B(O)O
RKB-03618088,hit_07,c1(ccc(cc1)c1c(c(on1)C(F)(F)F)I)OC,screen_SCRN_67,SCRN_67,c_adf3bba061,P(C1CCCC1)(C(C)(C)C)C(C)(C)C.P(C1CCCC1)(C(C)(C)C)C(C)(C)C.[Pd](Cl)Cl.[Fe]|MeCN,,Pd(dtbpf)Cl2,MeCN,100.0,18.0,46,c1(OCc2ccccc2)ccc(cc1)B(O)O
RKB-03618089,hit_07,c1(ccc(cc1)c1c(c(on1)C(F)(F)F)I)OC,screen_SCRN_67,SCRN_67,c_e7bd21231d,P(C1CCCC1)(c1ccccc1)c1ccccc1.P(C1CCCC1)(c1ccccc1)c1ccccc1.C(Cl)Cl.[Pd](Cl)Cl.[Fe]|MeOH,,Pd(dppf)Cl2,MeOH,100.0,18.0,46,c1(OCc2ccccc2)ccc(cc1)B(O)O
RKB-03618090,hit_07,c1(ccc(cc1)c1c(c(on1)C(F)(F)F)I)OC,screen_SCRN_67,SCRN_67,c_4076342b87,[Pd].C(P(C(C)(C)C)C(C)(C)C)(C)(C)C.C(P(C(C)(C)C)C(C)(C)C)(C)(C)C|Toluene,,Pd(P(tBu)3)2,Toluene,100.0,18.0,46,c1(OCc2ccccc2)ccc(cc1)B(O)O
RKB-03618091,hit_07,c1(ccc(cc1)c1c(c(on1)C(F)(F)F)I)OC,screen_SCRN_67,SCRN_67,c_b9c1c9f68d,P(C1CCCC1)(c1ccccc1)c1ccccc1.P(C1CCCC1)(c1ccccc1)c1ccccc1.C(Cl)Cl.[Pd](Cl)Cl.[Fe]|MeCN,,Pd(dppf)Cl2,MeCN,100.0,18.0,46,c1(OCc2ccccc2)ccc(cc1)B(O)O
RKB-03618092,hit_07,c1(ccc(cc1)c1c(c(on1)C(F)(F)F)I)OC,screen_SCRN_67,SCRN_67,c_e7bd21231d,P(C1CCCC1)(c1ccccc1)c1ccccc1.P(C1CCCC1)(c1ccccc1)c1ccccc1.C(Cl)Cl.[Pd](Cl)Cl.[Fe]|MeOH,,Pd(dppf)Cl2,MeOH,100.0,18.0,45,c1(OCc2ccccc2)ccc(cc1)B(O)O
RKB-03618093,hit_07,c1(ccc(cc1)c1c(c(on1)C(F)(F)F)I)OC,screen_SCRN_67,SCRN_67,c_8871d0b6cb,[Pd].P(c1ccccc1)(c1ccccc1)c1ccccc1.P(c1ccccc1)(c1ccccc1)c1ccccc1.P(c1ccccc1)(c1ccccc1)c1ccccc1.P(c1ccccc1)(c1ccccc1)c1ccccc1|Dioxane,,Pd(P(Ph)3)4),Dioxane,100.0,18.0,44,c1(OCc2ccccc2)ccc(cc1)B(O)O
RKB-03618094,hit_07,c1(ccc(cc1)c1c(c(on1)C(F)(F)F)I)OC,screen_SCRN_67,SCRN_67,c_e2b4f2be96,P(C1CCCC1)(C(C)(C)C)C(C)(C)C.P(C1CCCC1)(C(C)(C)C)C(C)(C)C.[Pd](Cl)Cl.[Fe]|Dioxane,,Pd(dtbpf)Cl2,Dioxane,100.0,18.0,44,c1(OCc2ccccc2)ccc(cc1)B(O)O
RKB-03618095,hit_07,c1(ccc(cc1)c1c(c(on1)C(F)(F)F)I)OC,screen_SCRN_67,SCRN_67,c_493aa05fab,O1c2c(C(c3c1c(ccc3)P(c1ccccc1)c1ccccc1)(C)C)cccc2P(c1ccccc1)c1ccccc1.Cl[Pd]Cl|Toluene,,Pd(XanthPhos)Cl2,Toluene,100.0,18.0,43,c1(OCc2ccccc2)ccc(cc1)B(O)O
RKB-03618096,hit_07,c1(ccc(cc1)c1c(c(on1)C(F)(F)F)I)OC,screen_SCRN_67,SCRN_67,c_3f514d9a96,O1c2c(C(c3c1c(ccc3)P(c1ccccc1)c1ccccc1)(C)C)cccc2P(c1ccccc1)c1ccccc1.Cl[Pd]Cl|Dioxane,,Pd(XanthPhos)Cl2,Dioxane,100.0,18.0,43,c1(OCc2ccccc2)ccc(cc1)B(O)O
RKB-03618097,hit_07,c1(ccc(cc1)c1c(c(on1)C(F)(F)F)I)OC,screen_SCRN_67,SCRN_67,c_599a93c125,[Pd](Cl)Cl.P(c1c(cccc1)C)(c1c(cccc1)C)c1c(cccc1)C.P(c1c(cccc1)C)(c1c(cccc1)C)c1c(cccc1)C|Toluene,,Pd(P(o-Tol)3)2Cl2,Toluene,100.0,18.0,42,c1(OCc2ccccc2)ccc(cc1)B(O)O
RKB-03618098,hit_07,c1(ccc(cc1)c1c(c(on1)C(F)(F)F)I)OC,screen_SCRN_67,SCRN_67,c_5570c5f42c,n1c(c(c(n1c1ccccc1)c1ccccc1)n1nccc1P(C(C)(C)C)(C(C)(C)C)[Pd](Cl)Cl)c1ccccc1|Toluene,,Pd(BiPyPhos)(Cl)2,Toluene,100.0,18.0,42,c1(OCc2ccccc2)ccc(cc1)B(O)O
RKB-03618099,hit_07,c1(ccc(cc1)c1c(c(on1)C(F)(F)F)I)OC,screen_SCRN_67,SCRN_67,c_466dd475bc,[Pd].C(P(C(C)(C)C)C(C)(C)C)(C)(C)C.C(P(C(C)(C)C)C(C)(C)C)(C)(C)C|Dioxane,,Pd(P(tBu)3)2,Dioxane,100.0,18.0,42,c1(OCc2ccccc2)ccc(cc1)B(O)O
RKB-03618100,hit_07,c1(ccc(cc1)c1c(c(on1)C(F)(F)F)I)OC,screen_SCRN_67,SCRN_67,c_e8d46c9e9a,[Pd].P(c1ccccc1)(c1ccccc1)c1ccccc1.P(c1ccccc1)(c1ccccc1)c1ccccc1.P(c1ccccc1)(c1ccccc1)c1ccccc1.P(c1ccccc1)(c1ccccc1)c1ccccc1|MeOH,,Pd(P(Ph)3)4),MeOH,100.0,18.0,41,c1(OCc2ccccc2)ccc(cc1)B(O)O
RKB-03618101,hit_07,c1(ccc(cc1)c1c(c(on1)C(F)(F)F)I)OC,screen_SCRN_67,SCRN_67,c_dc49028cb5,n1c(c(c(n1c1ccccc1)c1ccccc1)n1nccc1P(C(C)(C)C)(C(C)(C)C)[Pd](Cl)Cl)c1ccccc1|Dioxane,,Pd(BiPyPhos)(Cl)2,Dioxane,100.0,18.0,41,c1(OCc2ccccc2)ccc(cc1)B(O)O
RKB-03618102,hit_07,c1(ccc(cc1)c1c(c(on1)C(F)(F)F)I)OC,screen_SCRN_67,SCRN_67,c_3f514d9a96,O1c2c(C(c3c1c(ccc3)P(c1ccccc1)c1ccccc1)(C)C)cccc2P(c1ccccc1)c1ccccc1.Cl[Pd]Cl|Dioxane,,Pd(XanthPhos)Cl2,Dioxane,100.0,18.0,41,c1(OCc2ccccc2)ccc(cc1)B(O)O
RKB-03618103,hit_07,c1(ccc(cc1)c1c(c(on1)C(F)(F)F)I)OC,screen_SCRN_67,SCRN_67,c_466dd475bc,[Pd].C(P(C(C)(C)C)C(C)(C)C)(C)(C)C.C(P(C(C)(C)C)C(C)(C)C)(C)(C)C|Dioxane,,Pd(P(tBu)3)2,Dioxane,100.0,18.0,41,c1(OCc2ccccc2)ccc(cc1)B(O)O
RKB-03618104,hit_07,c1(ccc(cc1)c1c(c(on1)C(F)(F)F)I)OC,screen_SCRN_67,SCRN_67,c_dd752d0e98,n1c(c(c(n1c1ccccc1)c1ccccc1)n1nccc1P(C(C)(C)C)(C(C)(C)C)[Pd](Cl)Cl)c1ccccc1|MeOH,,Pd(BiPyPhos)(Cl)2,MeOH,100.0,18.0,40,c1(OCc2ccccc2)ccc(cc1)B(O)O
RKB-03618105,hit_07,c1(ccc(cc1)c1c(c(on1)C(F)(F)F)I)OC,screen_SCRN_67,SCRN_67,c_99aeac08ec,O1c2c(C(c3c1c(ccc3)P(c1ccccc1)c1ccccc1)(C)C)cccc2P(c1ccccc1)c1ccccc1.Cl[Pd]Cl|MeCN,,Pd(XanthPhos)Cl2,MeCN,100.0,18.0,40,c1(OCc2ccccc2)ccc(cc1)B(O)O
RKB-03618106,hit_07,c1(ccc(cc1)c1c(c(on1)C(F)(F)F)I)OC,screen_SCRN_67,SCRN_67,c_4076342b87,[Pd].C(P(C(C)(C)C)C(C)(C)C)(C)(C)C.C(P(C(C)(C)C)C(C)(C)C)(C)(C)C|Toluene,,Pd(P(tBu)3)2,Toluene,100.0,18.0,39,c1(OCc2ccccc2)ccc(cc1)B(O)O
RKB-03618107,hit_07,c1(ccc(cc1)c1c(c(on1)C(F)(F)F)I)OC,screen_SCRN_67,SCRN_67,c_14f5c30068,[Pd](Cl)Cl.P(C1CCCCC1)(C1CCCCC1)C1CCCCC1.P(C1CCCCC1)(C1CCCCC1)C1CCCCC1|MeCN,,Pd(P(Cy)3)2Cl2,MeCN,100.0,18.0,38,c1(OCc2ccccc2)ccc(cc1)B(O)O
RKB-03618108,hit_07,c1(ccc(cc1)c1c(c(on1)C(F)(F)F)I)OC,screen_SCRN_67,SCRN_67,c_e8d46c9e9a,[Pd].P(c1ccccc1)(c1ccccc1)c1ccccc1.P(c1ccccc1)(c1ccccc1)c1ccccc1.P(c1ccccc1)(c1ccccc1)c1ccccc1.P(c1ccccc1)(c1ccccc1)c1ccccc1|MeOH,,Pd(P(Ph)3)4),MeOH,100.0,18.0,36,c1(OCc2ccccc2)ccc(cc1)B(O)O
RKB-03618109,hit_07,c1(ccc(cc1)c1c(c(on1)C(F)(F)F)I)OC,screen_SCRN_67,SCRN_67,c_adf3bba061,P(C1CCCC1)(C(C)(C)C)C(C)(C)C.P(C1CCCC1)(C(C)(C)C)C(C)(C)C.[Pd](Cl)Cl.[Fe]|MeCN,,Pd(dtbpf)Cl2,MeCN,100.0,18.0,36,c1(OCc2ccccc2)ccc(cc1)B(O)O
RKB-03618110,hit_07,c1(ccc(cc1)c1c(c(on1)C(F)(F)F)I)OC,screen_SCRN_67,SCRN_67,c_493aa05fab,O1c2c(C(c3c1c(ccc3)P(c1ccccc1)c1ccccc1)(C)C)cccc2P(c1ccccc1)c1ccccc1.Cl[Pd]Cl|Toluene,,Pd(XanthPhos)Cl2,Toluene,100.0,18.0,34,c1(OCc2ccccc2)ccc(cc1)B(O)O
RKB-03618111,hit_07,c1(ccc(cc1)c1c(c(on1)C(F)(F)F)I)OC,screen_SCRN_67,SCRN_67,c_14f5c30068,[Pd](Cl)Cl.P(C1CCCCC1)(C1CCCCC1)C1CCCCC1.P(C1CCCCC1)(C1CCCCC1)C1CCCCC1|MeCN,,Pd(P(Cy)3)2Cl2,MeCN,100.0,18.0,34,c1(OCc2ccccc2)ccc(cc1)B(O)O
RKB-03618112,hit_07,c1(ccc(cc1)c1c(c(on1)C(F)(F)F)I)OC,screen_SCRN_67,SCRN_67,c_599a93c125,[Pd](Cl)Cl.P(c1c(cccc1)C)(c1c(cccc1)C)c1c(cccc1)C.P(c1c(cccc1)C)(c1c(cccc1)C)c1c(cccc1)C|Toluene,,Pd(P(o-Tol)3)2Cl2,Toluene,100.0,18.0,34,c1(OCc2ccccc2)ccc(cc1)B(O)O
RKB-03618113,hit_07,c1(ccc(cc1)c1c(c(on1)C(F)(F)F)I)OC,screen_SCRN_67,SCRN_67,c_ef091d2ff2,c1(c2c(P(C3CCCCC3)C3CCCCC3)cccc2)c(cc(cc1C(C)C)C(C)C)C(C)C|Dioxane,Pd(OAc)2,Pd(OAc)2 / XPhos,Dioxane,100.0,18.0,33,c1(OCc2ccccc2)ccc(cc1)B(O)O
RKB-03618114,hit_07,c1(ccc(cc1)c1c(c(on1)C(F)(F)F)I)OC,screen_SCRN_67,SCRN_67,c_3f90fc71ff,[Pd](Cl)Cl.P(C(C)(C)C)(C(C)(C)C)c1ccc(N(C)C)cc1.P(C(C)(C)C)(C(C)(C)C)c1ccc(N(C)C)cc1|MeOH,,Pd-132,MeOH,100.0,18.0,32,c1(OCc2ccccc2)ccc(cc1)B(O)O
RKB-03618115,hit_07,c1(ccc(cc1)c1c(c(on1)C(F)(F)F)I)OC,screen_SCRN_67,SCRN_67,c_5570c5f42c,n1c(c(c(n1c1ccccc1)c1ccccc1)n1nccc1P(C(C)(C)C)(C(C)(C)C)[Pd](Cl)Cl)c1ccccc1|Toluene,,Pd(BiPyPhos)(Cl)2,Toluene,100.0,18.0,32,c1(OCc2ccccc2)ccc(cc1)B(O)O
RKB-03618116,hit_07,c1(ccc(cc1)c1c(c(on1)C(F)(F)F)I)OC,screen_SCRN_67,SCRN_67,c_e7bd21231d,P(C1CCCC1)(c1ccccc1)c1ccccc1.P(C1CCCC1)(c1ccccc1)c1ccccc1.C(Cl)Cl.[Pd](Cl)Cl.[Fe]|MeOH,,Pd(dppf)Cl2,MeOH,100.0,18.0,32,c1(OCc2ccccc2)ccc(cc1)B(O)O
RKB-03618117,hit_07,c1(ccc(cc1)c1c(c(on1)C(F)(F)F)I)OC,screen_SCRN_67,SCRN_67,c_efdcec6f77,[Pd].C(P(C(C)(C)C)C(C)(C)C)(C)(C)C.C(P(C(C)(C)C)C(C)(C)C)(C)(C)C|MeCN,,Pd(P(tBu)3)2,MeCN,100.0,18.0,32,c1(OCc2ccccc2)ccc(cc1)B(O)O
RKB-03618118,hit_07,c1(ccc(cc1)c1c(c(on1)C(F)(F)F)I)OC,screen_SCRN_67,SCRN_67,c_ba1fa7db09,O1c2c(C(c3c1c(ccc3)P(c1ccccc1)c1ccccc1)(C)C)cccc2P(c1ccccc1)c1ccccc1.Cl[Pd]Cl|MeOH,,Pd(XanthPhos)Cl2,MeOH,100.0,18.0,31,c1(OCc2ccccc2)ccc(cc1)B(O)O
RKB-03618119,hit_07,c1(ccc(cc1)c1c(c(on1)C(F)(F)F)I)OC,screen_SCRN_67,SCRN_67,c_3f90fc71ff,[Pd](Cl)Cl.P(C(C)(C)C)(C(C)(C)C)c1ccc(N(C)C)cc1.P(C(C)(C)C)(C(C)(C)C)c1ccc(N(C)C)cc1|MeOH,,Pd-132,MeOH,100.0,18.0,30,c1(OCc2ccccc2)ccc(cc1)B(O)O
RKB-03618120,hit_07,c1(ccc(cc1)c1c(c(on1)C(F)(F)F)I)OC,screen_SCRN_67,SCRN_67,c_1d9e641278,[Pd](Cl)Cl.P(c1c(cccc1)C)(c1c(cccc1)C)c1c(cccc1)C.P(c1c(cccc1)C)(c1c(cccc1)C)c1c(cccc1)C|MeOH,,Pd(P(o-Tol)3)2Cl2,MeOH,100.0,18.0,29,c1(OCc2ccccc2)ccc(cc1)B(O)O
RKB-03618121,hit_07,c1(ccc(cc1)c1c(c(on1)C(F)(F)F)I)OC,screen_SCRN_67,SCRN_67,c_5570c5f42c,n1c(c(c(n1c1ccccc1)c1ccccc1)n1nccc1P(C(C)(C)C)(C(C)(C)C)[Pd](Cl)Cl)c1ccccc1|Toluene,,Pd(BiPyPhos)(Cl)2,Toluene,100.0,18.0,28,c1(OCc2ccccc2)ccc(cc1)B(O)O
RKB-03618122,hit_07,c1(ccc(cc1)c1c(c(on1)C(F)(F)F)I)OC,screen_SCRN_67,SCRN_67,c_b4e663cbcf,P([C@]12C[C@@H]3C[C@H](C2)C[C@@H](C1)C3)([C@]12C[C@@H]3C[C@@H](C2)C[C@@H](C1)C3)CCCC|MeOH,Pd(OAc)2,Pd(OAc)2/CataCXium A,MeOH,100.0,18.0,27,c1(OCc2ccccc2)ccc(cc1)B(O)O
RKB-03618123,hit_07,c1(ccc(cc1)c1c(c(on1)C(F)(F)F)I)OC,screen_SCRN_67,SCRN_67,c_c4be4d3b3e,c1(c2c(P(C3CCCCC3)C3CCCCC3)cccc2)c(cc(cc1C(C)C)C(C)C)C(C)C|MeOH,Pd(OAc)2,Pd(OAc)2 / XPhos,MeOH,100.0,18.0,24,c1(OCc2ccccc2)ccc(cc1)B(O)O
RKB-03618124,hit_07,c1(ccc(cc1)c1c(c(on1)C(F)(F)F)I)OC,screen_SCRN_67,SCRN_67,c_efdcec6f77,[Pd].C(P(C(C)(C)C)C(C)(C)C)(C)(C)C.C(P(C(C)(C)C)C(C)(C)C)(C)(C)C|MeCN,,Pd(P(tBu)3)2,MeCN,100.0,18.0,24,c1(OCc2ccccc2)ccc(cc1)B(O)O
RKB-03633305,hit_02,C1[C@@H]([C@H](CCO1)N1C(c2cc(c(cc2CC1)C)B1OC(C(O1)(C)C)(C)C)=O)O,screen_SCRN_68,SCRN_68,c_99aeac08ec,O1c2c(C(c3c1c(ccc3)P(c1ccccc1)c1ccccc1)(C)C)cccc2P(c1ccccc1)c1ccccc1.Cl[Pd]Cl|MeCN,,Pd(XanthPhos)Cl2,MeCN,100.0,18.0,88,c1(ccc(cc1)c1coc(n1)C)CCl
RKB-03633306,hit_02,C1[C@@H]([C@H](CCO1)N1C(c2cc(c(cc2CC1)C)B1OC(C(O1)(C)C)(C)C)=O)O,screen_SCRN_68,SCRN_68,c_3f514d9a96,O1c2c(C(c3c1c(ccc3)P(c1ccccc1)c1ccccc1)(C)C)cccc2P(c1ccccc1)c1ccccc1.Cl[Pd]Cl|Dioxane,,Pd(XanthPhos)Cl2,Dioxane,100.0,18.0,88,c1(ccc(cc1)c1coc(n1)C)CCl
RKB-03633307,hit_02,C1[C@@H]([C@H](CCO1)N1C(c2cc(c(cc2CC1)C)B1OC(C(O1)(C)C)(C)C)=O)O,screen_SCRN_68,SCRN_68,c_4957928872,|MeCN,,SPhos Pd G4,MeCN,100.0,18.0,87,c1(ccc(cc1)c1coc(n1)C)CCl
RKB-03633308,hit_02,C1[C@@H]([C@H](CCO1)N1C(c2cc(c(cc2CC1)C)B1OC(C(O1)(C)C)(C)C)=O)O,screen_SCRN_68,SCRN_68,c_e8d46c9e9a,[Pd].P(c1ccccc1)(c1ccccc1)c1ccccc1.P(c1ccccc1)(c1ccccc1)c1ccccc1.P(c1ccccc1)(c1ccccc1)c1ccccc1.P(c1ccccc1)(c1ccccc1)c1ccccc1|MeOH,,Pd(P(Ph)3)4),MeOH,100.0,18.0,86,c1(ccc(cc1)c1coc(n1)C)CCl
RKB-03633309,hit_02,C1[C@@H]([C@H](CCO1)N1C(c2cc(c(cc2CC1)C)B1OC(C(O1)(C)C)(C)C)=O)O,screen_SCRN_68,SCRN_68,c_03f60af5bf,C1(C(C(C(C1c1ccccc1)c1ccccc1)c1ccccc1)c1ccccc1)c1ccccc1.P(C(C)(C)C)(C(C)(C)C)C1CCCC1.C1(C(C(C(C1c1ccccc1)c1ccccc1)c1ccccc1)c1ccccc1)c1ccccc1.P(C(C)(C)C)(C(C)(C)C)C1CCCC1.[Fe].[Fe].[Pd]|DMF,,Pd(QPhos)2,DMF,100.0,18.0,85,c1(ccc(cc1)c1coc(n1)C)CCl
RKB-03633310,hit_02,C1[C@@H]([C@H](CCO1)N1C(c2cc(c(cc2CC1)C)B1OC(C(O1)(C)C)(C)C)=O)O,screen_SCRN_68,SCRN_68,c_c3b27856cb,[Pd](Cl)Cl.P(c1c(cccc1)C)(c1c(cccc1)C)c1c(cccc1)C.P(c1c(cccc1)C)(c1c(cccc1)C)c1c(cccc1)C|MeCN,,Pd(P(o-Tol)3)2Cl2,MeCN,100.0,18.0,85,c1(ccc(cc1)c1coc(n1)C)CCl
RKB-03633311,hit_02,C1[C@@H]([C@H](CCO1)N1C(c2cc(c(cc2CC1)C)B1OC(C(O1)(C)C)(C)C)=O)O,screen_SCRN_68,SCRN_68,c_bb059feb70,|Dioxane,,SPhos Pd G4,Dioxane,100.0,18.0,85,c1(ccc(cc1)c1coc(n1)C)CCl
RKB-03633312,hit_02,C1[C@@H]([C@H](CCO1)N1C(c2cc(c(cc2CC1)C)B1OC(C(O1)(C)C)(C)C)=O)O,screen_SCRN_68,SCRN_68,c_bb059feb70,|Dioxane,,SPhos Pd G4,Dioxane,100.0,18.0,85,c1(ccc(cc1)c1coc(n1)C)CCl
RKB-03633313,hit_02,C1[C@@H]([C@H](CCO1)N1C(c2cc(c(cc2CC1)C)B1OC(C(O1)(C)C)(C)C)=O)O,screen_SCRN_68,SCRN_68,c_5fa9973231,c1(c2c(P(C3CCCCC3)C3CCCCC3)cccc2)c(cc(cc1C(C)C)C(C)C)C(C)C|DMF,Pd(OAc)2,Pd(OAc)2/XPhos,DMF,100.0,18.0,85,c1(ccc(cc1)c1coc(n1)C)CCl
RKB-03633314,hit_02,C1[C@@H]([C@H](CCO1)N1C(c2cc(c(cc2CC1)C)B1OC(C(O1)(C)C)(C)C)=O)O,screen_SCRN_68,SCRN_68,c_ba1fa7db09,O1c2c(C(c3c1c(ccc3)P(c1ccccc1)c1ccccc1)(C)C)cccc2P(c1ccccc1)c1ccccc1.Cl[Pd]Cl|MeOH,,Pd(XanthPhos)Cl2,MeOH,100.0,18.0,84,c1(ccc(cc1)c1coc(n1)C)CCl
RKB-03633315,hit_02,C1[C@@H]([C@H](CCO1)N1C(c2cc(c(cc2CC1)C)B1OC(C(O1)(C)C)(C)C)=O)O,screen_SCRN_68,SCRN_68,c_4957928872,|MeCN,,SPhos Pd G4,MeCN,100.0,18.0,84,c1(ccc(cc1)c1coc(n1)C)CCl
RKB-03633316,hit_02,C1[C@@H]([C@H](CCO1)N1C(c2cc(c(cc2CC1)C)B1OC(C(O1)(C)C)(C)C)=O)O,screen_SCRN_68,SCRN_68,c_d8023cb0fa,[Pd](Cl)Cl.P(c1c(cccc1)C)(c1c(cccc1)C)c1c(cccc1)C.P(c1c(cccc1)C)(c1c(cccc1)C)c1c(cccc1)C|DMF,,Pd(P(o-Tol)3)2Cl2,DMF,100.0,18.0,84,c1(ccc(cc1)c1coc(n1)C)CCl
RKB-03633317,hit_02,C1[C@@H]([C@H](CCO1)N1C(c2cc(c(cc2CC1)C)B1OC(C(O1)(C)C)(C)C)=O)O,screen_SCRN_68,SCRN_68,c_a86e283b14,c1(c2c(P(C3CCCCC3)C3CCCCC3)cccc2)c(cc(cc1C(C)C)C(C)C)C(C)C|MeCN,Pd(OAc)2,Pd(OAc)2/XPhos,MeCN,100.0,18.0,84,c1(ccc(cc1)c1coc(n1)C)CCl
RKB-03633318,hit_02,C1[C@@H]([C@H](CCO1)N1C(c2cc(c(cc2CC1)C)B1OC(C(O1)(C)C)(C)C)=O)O,screen_SCRN_68,SCRN_68,c_bb059feb70,|Dioxane,,SPhos Pd G4,Dioxane,100.0,18.0,83,c1(ccc(cc1)c1coc(n1)C)CCl
RKB-03633319,hit_02,C1[C@@H]([C@H](CCO1)N1C(c2cc(c(cc2CC1)C)B1OC(C(O1)(C)C)(C)C)=O)O,screen_SCRN_68,SCRN_68,c_d8c161e683,[Pd](Cl)Cl.P(C1CCCCC1)(C1CCCCC1)C1CCCCC1.P(C1CCCCC1)(C1CCCCC1)C1CCCCC1|DMF,,Pd(P(Cy)3)2Cl2,DMF,100.0,18.0,82,c1(ccc(cc1)c1coc(n1)C)CCl
RKB-03633320,hit_02,C1[C@@H]([C@H](CCO1)N1C(c2cc(c(cc2CC1)C)B1OC(C(O1)(C)C)(C)C)=O)O,screen_SCRN_68,SCRN_68,c_6ee8a0ef9a,|DMF,,SPhos Pd G4,DMF,100.0,18.0,82,c1(ccc(cc1)c1coc(n1)C)CCl
RKB-03633321,hit_02,C1[C@@H]([C@H](CCO1)N1C(c2cc(c(cc2CC1)C)B1OC(C(O1)(C)C)(C)C)=O)O,screen_SCRN_68,SCRN_68,c_c3b27856cb,[Pd](Cl)Cl.P(c1c(cccc1)C)(c1c(cccc1)C)c1c(cccc1)C.P(c1c(cccc1)C)(c1c(cccc1)C)c1c(cccc1)C|MeCN,,Pd(P(o-Tol)3)2Cl2,MeCN,100.0,18.0,82,c1(ccc(cc1)c1coc(n1)C)CCl
RKB-03633322,hit_02,C1[C@@H]([C@H](CCO1)N1C(c2cc(c(cc2CC1)C)B1OC(C(O1)(C)C)(C)C)=O)O,screen_SCRN_68,SCRN_68,c_a86e283b14,c1(c2c(P(C3CCCCC3)C3CCCCC3)cccc2)c(cc(cc1C(C)C)C(C)C)C(C)C|MeCN,Pd(OAc)2,Pd(OAc)2/XPhos,MeCN,100.0,18.0,80,c1(ccc(cc1)c1coc(n1)C)CCl
RKB-03633323,hit_02,C1[C@@H]([C@H](CCO1)N1C(c2cc(c(cc2CC1)C)B1OC(C(O1)(C)C)(C)C)=O)O,screen_SCRN_68,SCRN_68,c_efdcec6f77,[Pd].C(P(C(C)(C)C)C(C)(C)C)(C)(C)C.C(P(C(C)(C)C)C(C)(C)C)(C)(C)C|MeCN,,Pd(P(tBu)3)2,MeCN,100.0,18.0,80,c1(ccc(cc1)c1coc(n1)C)CCl
RKB-03633324,hit_02,C1[C@@H]([C@H](CCO1)N1C(c2cc(c(cc2CC1)C)B1OC(C(O1)(C)C)(C)C)=O)O,screen_SCRN_68,SCRN_68,c_14f5c30068,[Pd](Cl)Cl.P(C1CCCCC1)(C1CCCCC1)C1CCCCC1.P(C1CCCCC1)(C1CCCCC1)C1CCCCC1|MeCN,,Pd(P(Cy)3)2Cl2,MeCN,100.0,18.0,80,c1(ccc(cc1)c1coc(n1)C)CCl
RKB-03633325,hit_02,C1[C@@H]([C@H](CCO1)N1C(c2cc(c(cc2CC1)C)B1OC(C(O1)(C)C)(C)C)=O)O,screen_SCRN_68,SCRN_68,c_ef091d2ff2,c1(c2c(P(C3CCCCC3)C3CCCCC3)cccc2)c(cc(cc1C(C)C)C(C)C)C(C)C|Dioxane,Pd(OAc)2,Pd(OAc)2/XPhos,Dioxane,100.0,18.0,80,c1(ccc(cc1)c1coc(n1)C)CCl
RKB-03633326,hit_02,C1[C@@H]([C@H](CCO1)N1C(c2cc(c(cc2CC1)C)B1OC(C(O1)(C)C)(C)C)=O)O,screen_SCRN_68,SCRN_68,c_03f60af5bf,C1(C(C(C(C1c1ccccc1)c1ccccc1)c1ccccc1)c1ccccc1)c1ccccc1.P(C(C)(C)C)(C(C)(C)C)C1CCCC1.C1(C(C(C(C1c1ccccc1)c1ccccc1)c1ccccc1)c1ccccc1)c1ccccc1.P(C(C)(C)C)(C(C)(C)C)C1CCCC1.[Fe].[Fe].[Pd]|DMF,,Pd(QPhos)2,DMF,100.0,18.0,79,c1(ccc(cc1)c1coc(n1)C)CCl
RKB-03633327,hit_02,C1[C@@H]([C@H](CCO1)N1C(c2cc(c(cc2CC1)C)B1OC(C(O1)(C)C)(C)C)=O)O,screen_SCRN_68,SCRN_68,c_b9c1c9f68d,P(C1CCCC1)(c1ccccc1)c1ccccc1.P(C1CCCC1)(c1ccccc1)c1ccccc1.C(Cl)Cl.[Pd](Cl)Cl.[Fe]|MeCN,,Pd(dppf)Cl2,MeCN,100.0,18.0,79,c1(ccc(cc1)c1coc(n1)C)CCl
RKB-03633328,hit_02,C1[C@@H]([C@H](CCO1)N1C(c2cc(c(cc2CC1)C)B1OC(C(O1)(C)C)(C)C)=O)O,screen_SCRN_68,SCRN_68,c_e8d46c9e9a,[Pd].P(c1ccccc1)(c1ccccc1)c1ccccc1.P(c1ccccc1)(c1ccccc1)c1ccccc1.P(c1ccccc1)(c1ccccc1)c1ccccc1.P(c1ccccc1)(c1ccccc1)c1ccccc1|MeOH,,Pd(P(Ph)3)4),MeOH,100.0,18.0,79,c1(ccc(cc1)c1coc(n1)C)CCl
RKB-03633329,hit_02,C1[C@@H]([C@H](CCO1)N1C(c2cc(c(cc2CC1)C)B1OC(C(O1)(C)C)(C)C)=O)O,screen_SCRN_68,SCRN_68,c_c7181b1329,C1(C(C(C(C1c1ccccc1)c1ccccc1)c1ccccc1)c1ccccc1)c1ccccc1.P(C(C)(C)C)(C(C)(C)C)C1CCCC1.C1(C(C(C(C1c1ccccc1)c1ccccc1)c1ccccc1)c1ccccc1)c1ccccc1.P(C(C)(C)C)(C(C)(C)C)C1CCCC1.[Fe].[Fe].[Pd]|Dioxane,,Pd(QPhos)2,Dioxane,100.0,18.0,78,c1(ccc(cc1)c1coc(n1)C)CCl
RKB-03633330,hit_02,C1[C@@H]([C@H](CCO1)N1C(c2cc(c(cc2CC1)C)B1OC(C(O1)(C)C)(C)C)=O)O,screen_SCRN_68,SCRN_68,c_14f5c30068,[Pd](Cl)Cl.P(C1CCCCC1)(C1CCCCC1)C1CCCCC1.P(C1CCCCC1)(C1CCCCC1)C1CCCCC1|MeCN,,Pd(P(Cy)3)2Cl2,MeCN,100.0,18.0,78,c1(ccc(cc1)c1coc(n1)C)CCl
RKB-03633331,hit_02,C1[C@@H]([C@H](CCO1)N1C(c2cc(c(cc2CC1)C)B1OC(C(O1)(C)C)(C)C)=O)O,screen_SCRN_68,SCRN_68,c_4648614000,C1(C(C(C(C1c1ccccc1)c1ccccc1)c1ccccc1)c1ccccc1)c1ccccc1.P(C(C)(C)C)(C(C)(C)C)C1CCCC1.C1(C(C(C(C1c1ccccc1)c1ccccc1)c1ccccc1)c1ccccc1)c1ccccc1.P(C(C)(C)C)(C(C)(C)C)C1CCCC1.[Fe].[Fe].[Pd]|MeCN,,Pd(QPhos)2,MeCN,100.0,18.0,78,c1(ccc(cc1)c1coc(n1)C)CCl
RKB-03633332,hit_02,C1[C@@H]([C@H](CCO1)N1C(c2cc(c(cc2CC1)C)B1OC(C(O1)(C)C)(C)C)=O)O,screen_SCRN_68,SCRN_68,c_ba1fa7db09,O1c2c(C(c3c1c(ccc3)P(c1ccccc1)c1ccccc1)(C)C)cccc2P(c1ccccc1)c1ccccc1.Cl[Pd]Cl|MeOH,,Pd(XanthPhos)Cl2,MeOH,100.0,18.0,77,c1(ccc(cc1)c1coc(n1)C)CCl
RKB-03633333,hit_02,C1[C@@H]([C@H](CCO1)N1C(c2cc(c(cc2CC1)C)B1OC(C(O1)(C)C)(C)C)=O)O,screen_SCRN_68,SCRN_68,c_3fb86761ab,P([C@]12C[C@@H]3C[C@H](C2)C[C@@H](C1)C3)([C@]12C[C@@H]3C[C@@H](C2)C[C@@H](C1)C3)CCCC|DMF,Pd(OAc)2,Pd(OAc)2/CataCXium A,DMF,100.0,18.0,77,c1(ccc(cc1)c1coc(n1)C)CCl
RKB-03633334,hit_02,C1[C@@H]([C@H](CCO1)N1C(c2cc(c(cc2CC1)C)B1OC(C(O1)(C)C)(C)C)=O)O,screen_SCRN_68,SCRN_68,c_14f5c30068,[Pd](Cl)Cl.P(C1CCCCC1)(C1CCCCC1)C1CCCCC1.P(C1CCCCC1)(C1CCCCC1)C1CCCCC1|MeCN,,Pd(P(Cy)3)2Cl2,MeCN,100.0,18.0,77,c1(ccc(cc1)c1coc(n1)C)CCl
RKB-03633335,hit_02,C1[C@@H]([C@H](CCO1)N1C(c2cc(c(cc2CC1)C)B1OC(C(O1)(C)C)(C)C)=O)O,screen_SCRN_68,SCRN_68,c_4957928872,|MeCN,,SPhos Pd G4,MeCN,100.0,18.0,76,c1(ccc(cc1)c1coc(n1)C)CCl
RKB-03633336,hit_02,C1[C@@H]([C@H](CCO1)N1C(c2cc(c(cc2CC1)C)B1OC(C(O1)(C)C)(C)C)=O)O,screen_SCRN_68,SCRN_68,c_5fa9973231,c1(c2c(P(C3CCCCC3)C3CCCCC3)cccc2)c(cc(cc1C(C)C)C(C)C)C(C)C|DMF,Pd(OAc)2,Pd(OAc)2/XPhos,DMF,100.0,18.0,76,c1(ccc(cc1)c1coc(n1)C)CCl
RKB-03633337,hit_02,C1[C@@H]([C@H](CCO1)N1C(c2cc(c(cc2CC1)C)B1OC(C(O1)(C)C)(C)C)=O)O,screen_SCRN_68,SCRN_68,c_e8d46c9e9a,[Pd].P(c1ccccc1)(c1ccccc1)c1ccccc1.P(c1ccccc1)(c1ccccc1)c1ccccc1.P(c1ccccc1)(c1ccccc1)c1ccccc1.P(c1ccccc1)(c1ccccc1)c1ccccc1|MeOH,,Pd(P(Ph)3)4),MeOH,100.0,18.0,75,c1(ccc(cc1)c1coc(n1)C)CCl
RKB-03633338,hit_02,C1[C@@H]([C@H](CCO1)N1C(c2cc(c(cc2CC1)C)B1OC(C(O1)(C)C)(C)C)=O)O,screen_SCRN_68,SCRN_68,c_4648614000,C1(C(C(C(C1c1ccccc1)c1ccccc1)c1ccccc1)c1ccccc1)c1ccccc1.P(C(C)(C)C)(C(C)(C)C)C1CCCC1.C1(C(C(C(C1c1ccccc1)c1ccccc1)c1ccccc1)c1ccccc1)c1ccccc1.P(C(C)(C)C)(C(C)(C)C)C1CCCC1.[Fe].[Fe].[Pd]|MeCN,,Pd(QPhos)2,MeCN,100.0,18.0,74,c1(ccc(cc1)c1coc(n1)C)CCl
RKB-03633339,hit_02,C1[C@@H]([C@H](CCO1)N1C(c2cc(c(cc2CC1)C)B1OC(C(O1)(C)C)(C)C)=O)O,screen_SCRN_68,SCRN_68,c_bb059feb70,|Dioxane,,SPhos Pd G4,Dioxane,100.0,18.0,74,c1(ccc(cc1)c1coc(n1)C)CCl
RKB-03633340,hit_02,C1[C@@H]([C@H](CCO1)N1C(c2cc(c(cc2CC1)C)B1OC(C(O1)(C)C)(C)C)=O)O,screen_SCRN_68,SCRN_68,c_4957928872,|MeCN,,SPhos Pd G4,MeCN,100.0,18.0,74,c1(ccc(cc1)c1coc(n1)C)CCl
RKB-03633341,hit_02,C1[C@@H]([C@H](CCO1)N1C(c2cc(c(cc2CC1)C)B1OC(C(O1)(C)C)(C)C)=O)O,screen_SCRN_68,SCRN_68,c_a86e283b14,c1(c2c(P(C3CCCCC3)C3CCCCC3)cccc2)c(cc(cc1C(C)C)C(C)C)C(C)C|MeCN,Pd(OAc)2,Pd(OAc)2/XPhos,MeCN,100.0,18.0,74,c1(ccc(cc1)c1coc(n1)C)CCl
RKB-03633342,hit_02,C1[C@@H]([C@H](CCO1)N1C(c2cc(c(cc2CC1)C)B1OC(C(O1)(C)C)(C)C)=O)O,screen_SCRN_68,SCRN_68,c_ef091d2ff2,c1(c2c(P(C3CCCCC3)C3CCCCC3)cccc2)c(cc(cc1C(C)C)C(C)C)C(C)C|Dioxane,Pd(OAc)2,Pd(OAc)2/XPhos,Dioxane,100.0,18.0,74,c1(ccc(cc1)c1coc(n1)C)CCl
RKB-03633343,hit_02,C1[C@@H]([C@H](CCO1)N1C(c2cc(c(cc2CC1)C)B1OC(C(O1)(C)C)(C)C)=O)O,screen_SCRN_68,SCRN_68,c_e2b4f2be96,P(C1CCCC1)(C(C)(C)C)C(C)(C)C.P(C1CCCC1)(C(C)(C)C)C(C)(C)C.[Pd](Cl)Cl.[Fe]|Dioxane,,Pd(dtbpf)Cl2,Dioxane,100.0,18.0,73,c1(ccc(cc1)c1coc(n1)C)CCl
RKB-03633344,hit_02,C1[C@@H]([C@H](CCO1)N1C(c2cc(c(cc2CC1)C)B1OC(C(O1)(C)C)(C)C)=O)O,screen_SCRN_68,SCRN_68,c_e8d46c9e9a,[Pd].P(c1ccccc1)(c1ccccc1)c1ccccc1.P(c1ccccc1)(c1ccccc1)c1ccccc1.P(c1ccccc1)(c1ccccc1)c1ccccc1.P(c1ccccc1)(c1ccccc1)c1ccccc1|MeOH,,Pd(P(Ph)3)4),MeOH,100.0,18.0,73,c1(ccc(cc1)c1coc(n1)C)CCl
RKB-03633345,hit_02,C1[C@@H]([C@H](CCO1)N1C(c2cc(c(cc2CC1)C)B1OC(C(O1)(C)C)(C)C)=O)O,screen_SCRN_68,SCRN_68,c_ef091d2ff2,c1(c2c(P(C3CCCCC3)C3CCCCC3)cccc2)c(cc(cc1C(C)C)C(C)C)C(C)C|Dioxane,Pd(OAc)2,Pd(OAc)2/XPhos,Dioxane,100.0,18.0,73,c1(ccc(cc1)c1coc(n1)C)CCl
RKB-03633346,hit_02,C1[C@@H]([C@H](CCO1)N1C(c2cc(c(cc2CC1)C)B1OC(C(O1)(C)C)(C)C)=O)O,screen_SCRN_68,SCRN_68,c_c3b27856cb,[Pd](Cl)Cl.P(c1c(cccc1)C)(c1c(cccc1)C)c1c(cccc1)C.P(c1c(cccc1)C)(c1c(cccc1)C)c1c(cccc1)C|MeCN,,Pd(P(o-Tol)3)2Cl2,MeCN,100.0,18.0,72,c1(ccc(cc1)c1coc(n1)C)CCl
RKB-03633347,hit_02,C1[C@@H]([C@H](CCO1)N1C(c2cc(c(cc2CC1)C)B1OC(C(O1)(C)C)(C)C)=O)O,screen_SCRN_68,SCRN_68,c_c7181b1329,C1(C(C(C(C1c1ccccc1)c1ccccc1)c1ccccc1)c1ccccc1)c1ccccc1.P(C(C)(C)C)(C(C)(C)C)C1CCCC1.C1(C(C(C(C1c1ccccc1)c1ccccc1)c1ccccc1)c1ccccc1)c1ccccc1.P(C(C)(C)C)(C(C)(C)C)C1CCCC1.[Fe].[Fe].[Pd]|Dioxane,,Pd(QPhos)2,Dioxane,100.0,18.0,72,c1(ccc(cc1)c1coc(n1)C)CCl
RKB-03633348,hit_02,C1[C@@H]([C@H](CCO1)N1C(c2cc(c(cc2CC1)C)B1OC(C(O1)(C)C)(C)C)=O)O,screen_SCRN_68,SCRN_68,c_d8c161e683,[Pd](Cl)Cl.P(C1CCCCC1)(C1CCCCC1)C1CCCCC1.P(C1CCCCC1)(C1CCCCC1)C1CCCCC1|DMF,,Pd(P(Cy)3)2Cl2,DMF,100.0,18.0,72,c1(ccc(cc1)c1coc(n1)C)CCl
RKB-03633349,hit_02,C1[C@@H]([C@H](CCO1)N1C(c2cc(c(cc2CC1)C)B1OC(C(O1)(C)C)(C)C)=O)O,screen_SCRN_68,SCRN_68,c_3fb86761ab,P([C@]12C[C@@H]3C[C@H](C2)C[C@@H](C1)C3)([C@]12C[C@@H]3C[C@@H](C2)C[C@@H](C1)C3)CCCC|DMF,Pd(OAc)2,Pd(OAc)2/CataCXium A,DMF,100.0,18.0,71,c1(ccc(cc1)c1coc(n1)C)CCl
RKB-03633350,hit_02,C1[C@@H]([C@H](CCO1)N1C(c2cc(c(cc2CC1)C)B1OC(C(O1)(C)C)(C)C)=O)O,screen_SCRN_68,SCRN_68,c_efdcec6f77,[Pd].C(P(C(C)(C)C)C(C)(C)C)(C)(C)C.C(P(C(C)(C)C)C(C)(C)C)(C)(C)C|MeCN,,Pd(P(tBu)3)2,MeCN,100.0,18.0,71,c1(ccc(cc1)c1coc(n1)C)CCl
RKB-03633351,hit_02,C1[C@@H]([C@H](CCO1)N1C(c2cc(c(cc2CC1)C)B1OC(C(O1)(C)C)(C)C)=O)O,screen_SCRN_68,SCRN_68,c_a86e283b14,c1(c2c(P(C3CCCCC3)C3CCCCC3)cccc2)c(cc(cc1C(C)C)C(C)C)C(C)C|MeCN,Pd(OAc)2,Pd(OAc)2/XPhos,MeCN,100.0,18.0,71,c1(ccc(cc1)c1coc(n1)C)CCl
RKB-03633352,hit_02,C1[C@@H]([C@H](CCO1)N1C(c2cc(c(cc2CC1)C)B1OC(C(O1)(C)C)(C)C)=O)O,screen_SCRN_68,SCRN_68,c_921da46937,P(C1CCCC1)(C(C)(C)C)C(C)(C)C.P(C1CCCC1)(C(C)(C)C)C(C)(C)C.[Pd](Cl)Cl.[Fe]|DMF,,Pd(dtbpf)Cl2,DMF,100.0,18.0,70,c1(ccc(cc1)c1coc(n1)C)CCl
RKB-03633353,hit_02,C1[C@@H]([C@H](CCO1)N1C(c2cc(c(cc2CC1)C)B1OC(C(O1)(C)C)(C)C)=O)O,screen_SCRN_68,SCRN_68,c_adf3bba061,P(C1CCCC1)(C(C)(C)C)C(C)(C)C.P(C1CCCC1)(C(C)(C)C)C(C)(C)C.[Pd](Cl)Cl.[Fe]|MeCN,,Pd(dtbpf)Cl2,MeCN,100.0,18.0,70,c1(ccc(cc1)c1coc(n1)C)CCl
RKB-03633354,hit_02,C1[C@@H]([C@H](CCO1)N1C(c2cc(c(cc2CC1)C)B1OC(C(O1)(C)C)(C)C)=O)O,screen_SCRN_68,SCRN_68,c_24a01a5b7d,[Pd](Cl)Cl.P(C1CCCCC1)(C1CCCCC1)C1CCCCC1.P(C1CCCCC1)(C1CCCCC1)C1CCCCC1|MeOH,,Pd(P(Cy)3)2Cl2,MeOH,100.0,18.0,70,c1(ccc(cc1)c1coc(n1)C)CCl
RKB-03633355,hit_02,C1[C@@H]([C@H](CCO1)N1C(c2cc(c(cc2CC1)C)B1OC(C(O1)(C)C)(C)C)=O)O,screen_SCRN_68,SCRN_68,c_03f60af5bf,C1(C(C(C(C1c1ccccc1)c1ccccc1)c1ccccc1)c1ccccc1)c1ccccc1.P(C(C)(C)C)(C(C)(C)C)C1CCCC1.C1(C(C(C(C1c1ccccc1)c1ccccc1)c1ccccc1)c1ccccc1)c1ccccc1.P(C(C)(C)C)(C(C)(C)C)C1CCCC1.[Fe].[Fe].[Pd]|DMF,,Pd(QPhos)2,DMF,100.0,18.0,69,c1(ccc(cc1)c1coc(n1)C)CCl
RKB-03633356,hit_02,C1[C@@H]([C@H](CCO1)N1C(c2cc(c(cc2CC1)C)B1OC(C(O1)(C)C)(C)C)=O)O,screen_SCRN_68,SCRN_68,c_3196604cd9,[Pd](Cl)Cl.P(C(C)(C)C)(C(C)(C)C)c1ccc(N(C)C)cc1.P(C(C)(C)C)(C(C)(C)C)c1ccc(N(C)C)cc1|MeCN,,Pd-132,MeCN,100.0,18.0,68,c1(ccc(cc1)c1coc(n1)C)CCl
RKB-03633357,hit_02,C1[C@@H]([C@H](CCO1)N1C(c2cc(c(cc2CC1)C)B1OC(C(O1)(C)C)(C)C)=O)O,screen_SCRN_68,SCRN_68,c_9ffedf54ae,[Pd](Cl)Cl.P(c1c(cccc1)C)(c1c(cccc1)C)c1c(cccc1)C.P(c1c(cccc1)C)(c1c(cccc1)C)c1c(cccc1)C|Dioxane,,Pd(P(o-Tol)3)2Cl2,Dioxane,100.0,18.0,68,c1(ccc(cc1)c1coc(n1)C)CCl
RKB-03633358,hit_02,C1[C@@H]([C@H](CCO1)N1C(c2cc(c(cc2CC1)C)B1OC(C(O1)(C)C)(C)C)=O)O,screen_SCRN_68,SCRN_68,c_5fa9973231,c1(c2c(P(C3CCCCC3)C3CCCCC3)cccc2)c(cc(cc1C(C)C)C(C)C)C(C)C|DMF,Pd(OAc)2,Pd(OAc)2/XPhos,DMF,100.0,18.0,67,c1(ccc(cc1)c1coc(n1)C)CCl
RKB-03633359,hit_02,C1[C@@H]([C@H](CCO1)N1C(c2cc(c(cc2CC1)C)B1OC(C(O1)(C)C)(C)C)=O)O,screen_SCRN_68,SCRN_68,c_d8023cb0fa,[Pd](Cl)Cl.P(c1c(cccc1)C)(c1c(cccc1)C)c1c(cccc1)C.P(c1c(cccc1)C)(c1c(cccc1)C)c1c(cccc1)C|DMF,,Pd(P(o-Tol)3)2Cl2,DMF,100.0,18.0,67,c1(ccc(cc1)c1coc(n1)C)CCl
RKB-03633360,hit_02,C1[C@@H]([C@H](CCO1)N1C(c2cc(c(cc2CC1)C)B1OC(C(O1)(C)C)(C)C)=O)O,screen_SCRN_68,SCRN_68,c_4648614000,C1(C(C(C(C1c1ccccc1)c1ccccc1)c1ccccc1)c1ccccc1)c1ccccc1.P(C(C)(C)C)(C(C)(C)C)C1CCCC1.C1(C(C(C(C1c1ccccc1)c1ccccc1)c1ccccc1)c1ccccc1)c1ccccc1.P(C(C)(C)C)(C(C)(C)C)C1CCCC1.[Fe].[Fe].[Pd]|MeCN,,Pd(QPhos)2,MeCN,100.0,18.0,66,c1(ccc(cc1)c1coc(n1)C)CCl
RKB-03633361,hit_02,C1[C@@H]([C@H](CCO1)N1C(c2cc(c(cc2CC1)C)B1OC(C(O1)(C)C)(C)C)=O)O,screen_SCRN_68,SCRN_68,c_9ffedf54ae,[Pd](Cl)Cl.P(c1c(cccc1)C)(c1c(cccc1)C)c1c(cccc1)C.P(c1c(cccc1)C)(c1c(cccc1)C)c1c(cccc1)C|Dioxane,,Pd(P(o-Tol)3)2Cl2,Dioxane,100.0,18.0,64,c1(ccc(cc1)c1coc(n1)C)CCl
RKB-03633362,hit_02,C1[C@@H]([C@H](CCO1)N1C(c2cc(c(cc2CC1)C)B1OC(C(O1)(C)C)(C)C)=O)O,screen_SCRN_68,SCRN_68,c_efdcec6f77,[Pd].C(P(C(C)(C)C)C(C)(C)C)(C)(C)C.C(P(C(C)(C)C)C(C)(C)C)(C)(C)C|MeCN,,Pd(P(tBu)3)2,MeCN,100.0,18.0,64,c1(ccc(cc1)c1coc(n1)C)CCl
RKB-03633363,hit_02,C1[C@@H]([C@H](CCO1)N1C(c2cc(c(cc2CC1)C)B1OC(C(O1)(C)C)(C)C)=O)O,screen_SCRN_68,SCRN_68,c_adf3bba061,P(C1CCCC1)(C(C)(C)C)C(C)(C)C.P(C1CCCC1)(C(C)(C)C)C(C)(C)C.[Pd](Cl)Cl.[Fe]|MeCN,,Pd(dtbpf)Cl2,MeCN,100.0,18.0,63,c1(ccc(cc1)c1coc(n1)C)CCl
RKB-03633364,hit_02,C1[C@@H]([C@H](CCO1)N1C(c2cc(c(cc2CC1)C)B1OC(C(O1)(C)C)(C)C)=O)O,screen_SCRN_68,SCRN_68,c_1d9e641278,[Pd](Cl)Cl.P(c1c(cccc1)C)(c1c(cccc1)C)c1c(cccc1)C.P(c1c(cccc1)C)(c1c(cccc1)C)c1c(cccc1)C|MeOH,,Pd(P(o-Tol)3)2Cl2,MeOH,100.0,18.0,62,c1(ccc(cc1)c1coc(n1)C)CCl
RKB-03633365,hit_02,C1[C@@H]([C@H](CCO1)N1C(c2cc(c(cc2CC1)C)B1OC(C(O1)(C)C)(C)C)=O)O,screen_SCRN_68,SCRN_68,c_efdcec6f77,[Pd].C(P(C(C)(C)C)C(C)(C)C)(C)(C)C.C(P(C(C)(C)C)C(C)(C)C)(C)(C)C|MeCN,,Pd(P(tBu)3)2,MeCN,100.0,18.0,62,c1(ccc(cc1)c1coc(n1)C)CCl
RKB-03633366,hit_02,C1[C@@H]([C@H](CCO1)N1C(c2cc(c(cc2CC1)C)B1OC(C(O1)(C)C)(C)C)=O)O,screen_SCRN_68,SCRN_68,c_3ee2d5105a,P([C@]12C[C@@H]3C[C@H](C2)C[C@@H](C1)C3)([C@]12C[C@@H]3C[C@@H](C2)C[C@@H](C1)C3)CCCC|MeCN,Pd(OAc)2,Pd(OAc)2/CataCXium A,MeCN,100.0,18.0,62,c1(ccc(cc1)c1coc(n1)C)CCl
RKB-03633367,hit_02,C1[C@@H]([C@H](CCO1)N1C(c2cc(c(cc2CC1)C)B1OC(C(O1)(C)C)(C)C)=O)O,screen_SCRN_68,SCRN_68,c_b4e663cbcf,P([C@]12C[C@@H]3C[C@H](C2)C[C@@H](C1)C3)([C@]12C[C@@H]3C[C@@H](C2)C[C@@H](C1)C3)CCCC|MeOH,Pd(OAc)2,Pd(OAc)2/CataCXium A,MeOH,100.0,18.0,61,c1(ccc(cc1)c1coc(n1)C)CCl
RKB-03633368,hit_02,C1[C@@H]([C@H](CCO1)N1C(c2cc(c(cc2CC1)C)B1OC(C(O1)(C)C)(C)C)=O)O,screen_SCRN_68,SCRN_68,c_adf3bba061,P(C1CCCC1)(C(C)(C)C)C(C)(C)C.P(C1CCCC1)(C(C)(C)C)C(C)(C)C.[Pd](Cl)Cl.[Fe]|MeCN,,Pd(dtbpf)Cl2,MeCN,100.0,18.0,61,c1(ccc(cc1)c1coc(n1)C)CCl
RKB-03633369,hit_02,C1[C@@H]([C@H](CCO1)N1C(c2cc(c(cc2CC1)C)B1OC(C(O1)(C)C)(C)C)=O)O,screen_SCRN_68,SCRN_68,c_e34fd39dff,|MeOH,,SPhos Pd G4,MeOH,100.0,18.0,61,c1(ccc(cc1)c1coc(n1)C)CCl
RKB-03633370,hit_02,C1[C@@H]([C@H](CCO1)N1C(c2cc(c(cc2CC1)C)B1OC(C(O1)(C)C)(C)C)=O)O,screen_SCRN_68,SCRN_68,c_c4be4d3b3e,c1(c2c(P(C3CCCCC3)C3CCCCC3)cccc2)c(cc(cc1C(C)C)C(C)C)C(C)C|MeOH,Pd(OAc)2,Pd(OAc)2/XPhos,MeOH,100.0,18.0,60,c1(ccc(cc1)c1coc(n1)C)CCl
RKB-03633371,hit_02,C1[C@@H]([C@H](CCO1)N1C(c2cc(c(cc2CC1)C)B1OC(C(O1)(C)C)(C)C)=O)O,screen_SCRN_68,SCRN_68,c_d1fec4a9e9,[Pd](Cl)Cl.P(C(C)(C)C)(C(C)(C)C)c1ccc(N(C)C)cc1.P(C(C)(C)C)(C(C)(C)C)c1ccc(N(C)C)cc1|DMF,,Pd-132,DMF,100.0,18.0,59,c1(ccc(cc1)c1coc(n1)C)CCl
RKB-03633372,hit_02,C1[C@@H]([C@H](CCO1)N1C(c2cc(c(cc2CC1)C)B1OC(C(O1)(C)C)(C)C)=O)O,screen_SCRN_68,SCRN_68,c_3ee2d5105a,P([C@]12C[C@@H]3C[C@H](C2)C[C@@H](C1)C3)([C@]12C[C@@H]3C[C@@H](C2)C[C@@H](C1)C3)CCCC|MeCN,Pd(OAc)2,Pd(OAc)2/CataCXium A,MeCN,100.0,18.0,59,c1(ccc(cc1)c1coc(n1)C)CCl
RKB-03633373,hit_02,C1[C@@H]([C@H](CCO1)N1C(c2cc(c(cc2CC1)C)B1OC(C(O1)(C)C)(C)C)=O)O,screen_SCRN_68,SCRN_68,c_1d9e641278,[Pd](Cl)Cl.P(c1c(cccc1)C)(c1c(cccc1)C)c1c(cccc1)C.P(c1c(cccc1)C)(c1c(cccc1)C)c1c(cccc1)C|MeOH,,Pd(P(o-Tol)3)2Cl2,MeOH,100.0,18.0,59,c1(ccc(cc1)c1coc(n1)C)CCl
RKB-03633374,hit_02,C1[C@@H]([C@H](CCO1)N1C(c2cc(c(cc2CC1)C)B1OC(C(O1)(C)C)(C)C)=O)O,screen_SCRN_68,SCRN_68,c_99aeac08ec,O1c2c(C(c3c1c(ccc3)P(c1ccccc1)c1ccccc1)(C)C)cccc2P(c1ccccc1)c1ccccc1.Cl[Pd]Cl|MeCN,,Pd(XanthPhos)Cl2,MeCN,100.0,18.0,59,c1(ccc(cc1)c1coc(n1)C)CCl
RKB-03633375,hit_02,C1[C@@H]([C@H](CCO1)N1C(c2cc(c(cc2CC1)C)B1OC(C(O1)(C)C)(C)C)=O)O,screen_SCRN_68,SCRN_68,c_b4e663cbcf,P([C@]12C[C@@H]3C[C@H](C2)C[C@@H](C1)C3)([C@]12C[C@@H]3C[C@@H](C2)C[C@@H](C1)C3)CCCC|MeOH,Pd(OAc)2,Pd(OAc)2/CataCXium A,MeOH,100.0,18.0,58,c1(ccc(cc1)c1coc(n1)C)CCl
RKB-03633376,hit_02,C1[C@@H]([C@H](CCO1)N1C(c2cc(c(cc2CC1)C)B1OC(C(O1)(C)C)(C)C)=O)O,screen_SCRN_68,SCRN_68,c_ef091d2ff2,c1(c2c(P(C3CCCCC3)C3CCCCC3)cccc2)c(cc(cc1C(C)C)C(C)C)C(C)C|Dioxane,Pd(OAc)2,Pd(OAc)2/XPhos,Dioxane,100.0,18.0,58,c1(ccc(cc1)c1coc(n1)C)CCl
RKB-03633377,hit_02,C1[C@@H]([C@H](CCO1)N1C(c2cc(c(cc2CC1)C)B1OC(C(O1)(C)C)(C)C)=O)O,screen_SCRN_68,SCRN_68,c_d1fec4a9e9,[Pd](Cl)Cl.P(C(C)(C)C)(C(C)(C)C)c1ccc(N(C)C)cc1.P(C(C)(C)C)(C(C)(C)C)c1ccc(N(C)C)cc1|DMF,,Pd-132,DMF,100.0,18.0,57,c1(ccc(cc1)c1coc(n1)C)CCl
RKB-03633378,hit_02,C1[C@@H]([C@H](CCO1)N1C(c2cc(c(cc2CC1)C)B1OC(C(O1)(C)C)(C)C)=O)O,screen_SCRN_68,SCRN_68,c_9ffedf54ae,[Pd](Cl)Cl.P(c1c(cccc1)C)(c1c(cccc1)C)c1c(cccc1)C.P(c1c(cccc1)C)(c1c(cccc1)C)c1c(cccc1)C|Dioxane,,Pd(P(o-Tol)3)2Cl2,Dioxane,100.0,18.0,56,c1(ccc(cc1)c1coc(n1)C)CCl
RKB-03633379,hit_02,C1[C@@H]([C@H](CCO1)N1C(c2cc(c(cc2CC1)C)B1OC(C(O1)(C)C)(C)C)=O)O,screen_SCRN_68,SCRN_68,c_3ee2d5105a,P([C@]12C[C@@H]3C[C@H](C2)C[C@@H](C1)C3)([C@]12C[C@@H]3C[C@@H](C2)C[C@@H](C1)C3)CCCC|MeCN,Pd(OAc)2,Pd(OAc)2/CataCXium A,MeCN,100.0,18.0,55,c1(ccc(cc1)c1coc(n1)C)CCl
RKB-03633380,hit_02,C1[C@@H]([C@H](CCO1)N1C(c2cc(c(cc2CC1)C)B1OC(C(O1)(C)C)(C)C)=O)O,screen_SCRN_68,SCRN_68,c_c7181b1329,C1(C(C(C(C1c1ccccc1)c1ccccc1)c1ccccc1)c1ccccc1)c1ccccc1.P(C(C)(C)C)(C(C)(C)C)C1CCCC1.C1(C(C(C(C1c1ccccc1)c1ccccc1)c1ccccc1)c1ccccc1)c1ccccc1.P(C(C)(C)C)(C(C)(C)C)C1CCCC1.[Fe].[Fe].[Pd]|Dioxane,,Pd(QPhos)2,Dioxane,100.0,18.0,55,c1(ccc(cc1)c1coc(n1)C)CCl
RKB-03633381,hit_02,C1[C@@H]([C@H](CCO1)N1C(c2cc(c(cc2CC1)C)B1OC(C(O1)(C)C)(C)C)=O)O,screen_SCRN_68,SCRN_68,c_14766a3f2b,[Pd](Cl)Cl.P(C(C)(C)C)(C(C)(C)C)c1ccc(N(C)C)cc1.P(C(C)(C)C)(C(C)(C)C)c1ccc(N(C)C)cc1|Dioxane,,Pd-132,Dioxane,100.0,18.0,55,c1(ccc(cc1)c1coc(n1)C)CCl
RKB-03633382,hit_02,C1[C@@H]([C@H](CCO1)N1C(c2cc(c(cc2CC1)C)B1OC(C(O1)(C)C)(C)C)=O)O,screen_SCRN_68,SCRN_68,c_466dd475bc,[Pd].C(P(C(C)(C)C)C(C)(C)C)(C)(C)C.C(P(C(C)(C)C)C(C)(C)C)(C)(C)C|Dioxane,,Pd(P(tBu)3)2,Dioxane,100.0,18.0,53,c1(ccc(cc1)c1coc(n1)C)CCl
RKB-03633383,hit_02,C1[C@@H]([C@H](CCO1)N1C(c2cc(c(cc2CC1)C)B1OC(C(O1)(C)C)(C)C)=O)O,screen_SCRN_68,SCRN_68,c_e34fd39dff,|MeOH,,SPhos Pd G4,MeOH,100.0,18.0,53,c1(ccc(cc1)c1coc(n1)C)CCl
RKB-03633384,hit_02,C1[C@@H]([C@H](CCO1)N1C(c2cc(c(cc2CC1)C)B1OC(C(O1)(C)C)(C)C)=O)O,screen_SCRN_68,SCRN_68,c_c4be4d3b3e,c1(c2c(P(C3CCCCC3)C3CCCCC3)cccc2)c(cc(cc1C(C)C)C(C)C)C(C)C|MeOH,Pd(OAc)2,Pd(OAc)2/XPhos,MeOH,100.0,18.0,52,c1(ccc(cc1)c1coc(n1)C)CCl
RKB-03633385,hit_02,C1[C@@H]([C@H](CCO1)N1C(c2cc(c(cc2CC1)C)B1OC(C(O1)(C)C)(C)C)=O)O,screen_SCRN_68,SCRN_68,c_0511e92d37,P([C@]12C[C@@H]3C[C@H](C2)C[C@@H](C1)C3)([C@]12C[C@@H]3C[C@@H](C2)C[C@@H](C1)C3)CCCC|Dioxane,Pd(OAc)2,Pd(OAc)2/CataCXium A,Dioxane,100.0,18.0,51,c1(ccc(cc1)c1coc(n1)C)CCl
RKB-03633386,hit_02,C1[C@@H]([C@H](CCO1)N1C(c2cc(c(cc2CC1)C)B1OC(C(O1)(C)C)(C)C)=O)O,screen_SCRN_68,SCRN_68,c_0511e92d37,P([C@]12C[C@@H]3C[C@H](C2)C[C@@H](C1)C3)([C@]12C[C@@H]3C[C@@H](C2)C[C@@H](C1)C3)CCCC|Dioxane,Pd(OAc)2,Pd(OAc)2/CataCXium A,Dioxane,100.0,18.0,50,c1(ccc(cc1)c1coc(n1)C)CCl
RKB-03633387,hit_02,C1[C@@H]([C@H](CCO1)N1C(c2cc(c(cc2CC1)C)B1OC(C(O1)(C)C)(C)C)=O)O,screen_SCRN_68,SCRN_68,c_7dc2ed3bef,C1(C(C(C(C1c1ccccc1)c1ccccc1)c1ccccc1)c1ccccc1)c1ccccc1.P(C(C)(C)C)(C(C)(C)C)C1CCCC1.C1(C(C(C(C1c1ccccc1)c1ccccc1)c1ccccc1)c1ccccc1)c1ccccc1.P(C(C)(C)C)(C(C)(C)C)C1CCCC1.[Fe].[Fe].[Pd]|MeOH,,Pd(QPhos)2,MeOH,100.0,18.0,50,c1(ccc(cc1)c1coc(n1)C)CCl
RKB-03633388,hit_02,C1[C@@H]([C@H](CCO1)N1C(c2cc(c(cc2CC1)C)B1OC(C(O1)(C)C)(C)C)=O)O,screen_SCRN_68,SCRN_68,c_3196604cd9,[Pd](Cl)Cl.P(C(C)(C)C)(C(C)(C)C)c1ccc(N(C)C)cc1.P(C(C)(C)C)(C(C)(C)C)c1ccc(N(C)C)cc1|MeCN,,Pd-132,MeCN,100.0,18.0,50,c1(ccc(cc1)c1coc(n1)C)CCl
RKB-03633389,hit_02,C1[C@@H]([C@H](CCO1)N1C(c2cc(c(cc2CC1)C)B1OC(C(O1)(C)C)(C)C)=O)O,screen_SCRN_68,SCRN_68,c_14f5c30068,[Pd](Cl)Cl.P(C1CCCCC1)(C1CCCCC1)C1CCCCC1.P(C1CCCCC1)(C1CCCCC1)C1CCCCC1|MeCN,,Pd(P(Cy)3)2Cl2,MeCN,100.0,18.0,49,c1(ccc(cc1)c1coc(n1)C)CCl
RKB-03633390,hit_02,C1[C@@H]([C@H](CCO1)N1C(c2cc(c(cc2CC1)C)B1OC(C(O1)(C)C)(C)C)=O)O,screen_SCRN_68,SCRN_68,c_3196604cd9,[Pd](Cl)Cl.P(C(C)(C)C)(C(C)(C)C)c1ccc(N(C)C)cc1.P(C(C)(C)C)(C(C)(C)C)c1ccc(N(C)C)cc1|MeCN,,Pd-132,MeCN,100.0,18.0,49,c1(ccc(cc1)c1coc(n1)C)CCl
RKB-03633391,hit_02,C1[C@@H]([C@H](CCO1)N1C(c2cc(c(cc2CC1)C)B1OC(C(O1)(C)C)(C)C)=O)O,screen_SCRN_68,SCRN_68,c_24a01a5b7d,[Pd](Cl)Cl.P(C1CCCCC1)(C1CCCCC1)C1CCCCC1.P(C1CCCCC1)(C1CCCCC1)C1CCCCC1|MeOH,,Pd(P(Cy)3)2Cl2,MeOH,100.0,18.0,49,c1(ccc(cc1)c1coc(n1)C)CCl
RKB-03633392,hit_02,C1[C@@H]([C@H](CCO1)N1C(c2cc(c(cc2CC1)C)B1OC(C(O1)(C)C)(C)C)=O)O,screen_SCRN_68,SCRN_68,c_466dd475bc,[Pd].C(P(C(C)(C)C)C(C)(C)C)(C)(C)C.C(P(C(C)(C)C)C(C)(C)C)(C)(C)C|Dioxane,,Pd(P(tBu)3)2,Dioxane,100.0,18.0,48,c1(ccc(cc1)c1coc(n1)C)CCl
RKB-03633393,hit_02,C1[C@@H]([C@H](CCO1)N1C(c2cc(c(cc2CC1)C)B1OC(C(O1)(C)C)(C)C)=O)O,screen_SCRN_68,SCRN_68,c_14766a3f2b,[Pd](Cl)Cl.P(C(C)(C)C)(C(C)(C)C)c1ccc(N(C)C)cc1.P(C(C)(C)C)(C(C)(C)C)c1ccc(N(C)C)cc1|Dioxane,,Pd-132,Dioxane,100.0,18.0,48,c1(ccc(cc1)c1coc(n1)C)CCl
RKB-03633394,hit_02,C1[C@@H]([C@H](CCO1)N1C(c2cc(c(cc2CC1)C)B1OC(C(O1)(C)C)(C)C)=O)O,screen_SCRN_68,SCRN_68,c_e7bd21231d,P(C1CCCC1)(c1ccccc1)c1ccccc1.P(C1CCCC1)(c1ccccc1)c1ccccc1.C(Cl)Cl.[Pd](Cl)Cl.[Fe]|MeOH,,Pd(dppf)Cl2,MeOH,100.0,18.0,48,c1(ccc(cc1)c1coc(n1)C)CCl
RKB-03633395,hit_02,C1[C@@H]([C@H](CCO1)N1C(c2cc(c(cc2CC1)C)B1OC(C(O1)(C)C)(C)C)=O)O,screen_SCRN_68,SCRN_68,c_e2b4f2be96,P(C1CCCC1)(C(C)(C)C)C(C)(C)C.P(C1CCCC1)(C(C)(C)C)C(C)(C)C.[Pd](Cl)Cl.[Fe]|Dioxane,,Pd(dtbpf)Cl2,Dioxane,100.0,18.0,48,c1(ccc(cc1)c1coc(n1)C)CCl
RKB-03633396,hit_02,C1[C@@H]([C@H](CCO1)N1C(c2cc(c(cc2CC1)C)B1OC(C(O1)(C)C)(C)C)=O)O,screen_SCRN_68,SCRN_68,c_0511e92d37,P([C@]12C[C@@H]3C[C@H](C2)C[C@@H](C1)C3)([C@]12C[C@@H]3C[C@@H](C2)C[C@@H](C1)C3)CCCC|Dioxane,Pd(OAc)2,Pd(OAc)2/CataCXium A,Dioxane,100.0,18.0,48,c1(ccc(cc1)c1coc(n1)C)CCl
RKB-03633397,hit_02,C1[C@@H]([C@H](CCO1)N1C(c2cc(c(cc2CC1)C)B1OC(C(O1)(C)C)(C)C)=O)O,screen_SCRN_68,SCRN_68,c_16b6166e76,P(C1CCCC1)(c1ccccc1)c1ccccc1.P(C1CCCC1)(c1ccccc1)c1ccccc1.C(Cl)Cl.[Pd](Cl)Cl.[Fe]|DMF,,Pd(dppf)Cl2,DMF,100.0,18.0,48,c1(ccc(cc1)c1coc(n1)C)CCl
RKB-03633398,hit_02,C1[C@@H]([C@H](CCO1)N1C(c2cc(c(cc2CC1)C)B1OC(C(O1)(C)C)(C)C)=O)O,screen_SCRN_68,SCRN_68,c_466dd475bc,[Pd].C(P(C(C)(C)C)C(C)(C)C)(C)(C)C.C(P(C(C)(C)C)C(C)(C)C)(C)(C)C|Dioxane,,Pd(P(tBu)3)2,Dioxane,100.0,18.0,47,c1(ccc(cc1)c1coc(n1)C)CCl
RKB-03633399,hit_02,C1[C@@H]([C@H](CCO1)N1C(c2cc(c(cc2CC1)C)B1OC(C(O1)(C)C)(C)C)=O)O,screen_SCRN_68,SCRN_68,c_3fb86761ab,P([C@]12C[C@@H]3C[C@H](C2)C[C@@H](C1)C3)([C@]12C[C@@H]3C[C@@H](C2)C[C@@H](C1)C3)CCCC|DMF,Pd(OAc)2,Pd(OAc)2/CataCXium A,DMF,100.0,18.0,47,c1(ccc(cc1)c1coc(n1)C)CCl
RKB-03633400,hit_02,C1[C@@H]([C@H](CCO1)N1C(c2cc(c(cc2CC1)C)B1OC(C(O1)(C)C)(C)C)=O)O,screen_SCRN_68,SCRN_68,c_d1fec4a9e9,[Pd](Cl)Cl.P(C(C)(C)C)(C(C)(C)C)c1ccc(N(C)C)cc1.P(C(C)(C)C)(C(C)(C)C)c1ccc(N(C)C)cc1|DMF,,Pd-132,DMF,100.0,18.0,45,c1(ccc(cc1)c1coc(n1)C)CCl
RKB-03633401,hit_02,C1[C@@H]([C@H](CCO1)N1C(c2cc(c(cc2CC1)C)B1OC(C(O1)(C)C)(C)C)=O)O,screen_SCRN_68,SCRN_68,c_3f90fc71ff,[Pd](Cl)Cl.P(C(C)(C)C)(C(C)(C)C)c1ccc(N(C)C)cc1.P(C(C)(C)C)(C(C)(C)C)c1ccc(N(C)C)cc1|MeOH,,Pd-132,MeOH,100.0,18.0,45,c1(ccc(cc1)c1coc(n1)C)CCl
RKB-03633402,hit_02,C1[C@@H]([C@H](CCO1)N1C(c2cc(c(cc2CC1)C)B1OC(C(O1)(C)C)(C)C)=O)O,screen_SCRN_68,SCRN_68,c_c139ee6e43,[Pd](Cl)Cl.P(C1CCCCC1)(C1CCCCC1)C1CCCCC1.P(C1CCCCC1)(C1CCCCC1)C1CCCCC1|Dioxane,,Pd(P(Cy)3)2Cl2,Dioxane,100.0,18.0,43,c1(ccc(cc1)c1coc(n1)C)CCl
RKB-03633403,hit_02,C1[C@@H]([C@H](CCO1)N1C(c2cc(c(cc2CC1)C)B1OC(C(O1)(C)C)(C)C)=O)O,screen_SCRN_68,SCRN_68,c_9ffedf54ae,[Pd](Cl)Cl.P(c1c(cccc1)C)(c1c(cccc1)C)c1c(cccc1)C.P(c1c(cccc1)C)(c1c(cccc1)C)c1c(cccc1)C|Dioxane,,Pd(P(o-Tol)3)2Cl2,Dioxane,100.0,18.0,43,c1(ccc(cc1)c1coc(n1)C)CCl
RKB-03633404,hit_02,C1[C@@H]([C@H](CCO1)N1C(c2cc(c(cc2CC1)C)B1OC(C(O1)(C)C)(C)C)=O)O,screen_SCRN_68,SCRN_68,c_d8c161e683,[Pd](Cl)Cl.P(C1CCCCC1)(C1CCCCC1)C1CCCCC1.P(C1CCCCC1)(C1CCCCC1)C1CCCCC1|DMF,,Pd(P(Cy)3)2Cl2,DMF,100.0,18.0,42,c1(ccc(cc1)c1coc(n1)C)CCl
RKB-03633405,hit_02,C1[C@@H]([C@H](CCO1)N1C(c2cc(c(cc2CC1)C)B1OC(C(O1)(C)C)(C)C)=O)O,screen_SCRN_68,SCRN_68,c_14766a3f2b,[Pd](Cl)Cl.P(C(C)(C)C)(C(C)(C)C)c1ccc(N(C)C)cc1.P(C(C)(C)C)(C(C)(C)C)c1ccc(N(C)C)cc1|Dioxane,,Pd-132,Dioxane,100.0,18.0,42,c1(ccc(cc1)c1coc(n1)C)CCl
RKB-03633406,hit_02,C1[C@@H]([C@H](CCO1)N1C(c2cc(c(cc2CC1)C)B1OC(C(O1)(C)C)(C)C)=O)O,screen_SCRN_68,SCRN_68,c_c7181b1329,C1(C(C(C(C1c1ccccc1)c1ccccc1)c1ccccc1)c1ccccc1)c1ccccc1.P(C(C)(C)C)(C(C)(C)C)C1CCCC1.C1(C(C(C(C1c1ccccc1)c1ccccc1)c1ccccc1)c1ccccc1)c1ccccc1.P(C(C)(C)C)(C(C)(C)C)C1CCCC1.[Fe].[Fe].[Pd]|Dioxane,,Pd(QPhos)2,Dioxane,100.0,18.0,40,c1(ccc(cc1)c1coc(n1)C)CCl
RKB-03633407,hit_02,C1[C@@H]([C@H](CCO1)N1C(c2cc(c(cc2CC1)C)B1OC(C(O1)(C)C)(C)C)=O)O,screen_SCRN_68,SCRN_68,c_b4e663cbcf,P([C@]12C[C@@H]3C[C@H](C2)C[C@@H](C1)C3)([C@]12C[C@@H]3C[C@@H](C2)C[C@@H](C1)C3)CCCC|MeOH,Pd(OAc)2,Pd(OAc)2/CataCXium A,MeOH,100.0,18.0,39,c1(ccc(cc1)c1coc(n1)C)CCl
RKB-03633408,hit_02,C1[C@@H]([C@H](CCO1)N1C(c2cc(c(cc2CC1)C)B1OC(C(O1)(C)C)(C)C)=O)O,screen_SCRN_68,SCRN_68,c_3ee2d5105a,P([C@]12C[C@@H]3C[C@H](C2)C[C@@H](C1)C3)([C@]12C[C@@H]3C[C@@H](C2)C[C@@H](C1)C3)CCCC|MeCN,Pd(OAc)2,Pd(OAc)2/CataCXium A,MeCN,100.0,18.0,38,c1(ccc(cc1)c1coc(n1)C)CCl
RKB-03633409,hit_02,C1[C@@H]([C@H](CCO1)N1C(c2cc(c(cc2CC1)C)B1OC(C(O1)(C)C)(C)C)=O)O,screen_SCRN_68,SCRN_68,c_7dc2ed3bef,C1(C(C(C(C1c1ccccc1)c1ccccc1)c1ccccc1)c1ccccc1)c1ccccc1.P(C(C)(C)C)(C(C)(C)C)C1CCCC1.C1(C(C(C(C1c1ccccc1)c1ccccc1)c1ccccc1)c1ccccc1)c1ccccc1.P(C(C)(C)C)(C(C)(C)C)C1CCCC1.[Fe].[Fe].[Pd]|MeOH,,Pd(QPhos)2,MeOH,100.0,18.0,38,c1(ccc(cc1)c1coc(n1)C)CCl
RKB-03633410,hit_02,C1[C@@H]([C@H](CCO1)N1C(c2cc(c(cc2CC1)C)B1OC(C(O1)(C)C)(C)C)=O)O,screen_SCRN_68,SCRN_68,c_87d08dc489,P(C1CCCC1)(C(C)(C)C)C(C)(C)C.P(C1CCCC1)(C(C)(C)C)C(C)(C)C.[Pd](Cl)Cl.[Fe]|MeOH,,Pd(dtbpf)Cl2,MeOH,100.0,18.0,38,c1(ccc(cc1)c1coc(n1)C)CCl
RKB-03633411,hit_02,C1[C@@H]([C@H](CCO1)N1C(c2cc(c(cc2CC1)C)B1OC(C(O1)(C)C)(C)C)=O)O,screen_SCRN_68,SCRN_68,c_1d9e641278,[Pd](Cl)Cl.P(c1c(cccc1)C)(c1c(cccc1)C)c1c(cccc1)C.P(c1c(cccc1)C)(c1c(cccc1)C)c1c(cccc1)C|MeOH,,Pd(P(o-Tol)3)2Cl2,MeOH,100.0,18.0,37,c1(ccc(cc1)c1coc(n1)C)CCl
RKB-03633412,hit_02,C1[C@@H]([C@H](CCO1)N1C(c2cc(c(cc2CC1)C)B1OC(C(O1)(C)C)(C)C)=O)O,screen_SCRN_68,SCRN_68,c_3886e525f1,[Pd].P(c1ccccc1)(c1ccccc1)c1ccccc1.P(c1ccccc1)(c1ccccc1)c1ccccc1.P(c1ccccc1)(c1ccccc1)c1ccccc1.P(c1ccccc1)(c1ccccc1)c1ccccc1|DMF,,Pd(P(Ph)3)4),DMF,100.0,18.0,36,c1(ccc(cc1)c1coc(n1)C)CCl
RKB-03633413,hit_02,C1[C@@H]([C@H](CCO1)N1C(c2cc(c(cc2CC1)C)B1OC(C(O1)(C)C)(C)C)=O)O,screen_SCRN_68,SCRN_68,c_3f90fc71ff,[Pd](Cl)Cl.P(C(C)(C)C)(C(C)(C)C)c1ccc(N(C)C)cc1.P(C(C)(C)C)(C(C)(C)C)c1ccc(N(C)C)cc1|MeOH,,Pd-132,MeOH,100.0,18.0,36,c1(ccc(cc1)c1coc(n1)C)CCl
RKB-03633414,hit_02,C1[C@@H]([C@H](CCO1)N1C(c2cc(c(cc2CC1)C)B1OC(C(O1)(C)C)(C)C)=O)O,screen_SCRN_68,SCRN_68,c_c139ee6e43,[Pd](Cl)Cl.P(C1CCCCC1)(C1CCCCC1)C1CCCCC1.P(C1CCCCC1)(C1CCCCC1)C1CCCCC1|Dioxane,,Pd(P(Cy)3)2Cl2,Dioxane,100.0,18.0,35,c1(ccc(cc1)c1coc(n1)C)CCl
RKB-03633415,hit_02,C1[C@@H]([C@H](CCO1)N1C(c2cc(c(cc2CC1)C)B1OC(C(O1)(C)C)(C)C)=O)O,screen_SCRN_68,SCRN_68,c_c139ee6e43,[Pd](Cl)Cl.P(C1CCCCC1)(C1CCCCC1)C1CCCCC1.P(C1CCCCC1)(C1CCCCC1)C1CCCCC1|Dioxane,,Pd(P(Cy)3)2Cl2,Dioxane,100.0,18.0,35,c1(ccc(cc1)c1coc(n1)C)CCl
RKB-03633416,hit_02,C1[C@@H]([C@H](CCO1)N1C(c2cc(c(cc2CC1)C)B1OC(C(O1)(C)C)(C)C)=O)O,screen_SCRN_68,SCRN_68,c_87d08dc489,P(C1CCCC1)(C(C)(C)C)C(C)(C)C.P(C1CCCC1)(C(C)(C)C)C(C)(C)C.[Pd](Cl)Cl.[Fe]|MeOH,,Pd(dtbpf)Cl2,MeOH,100.0,18.0,34,c1(ccc(cc1)c1coc(n1)C)CCl
RKB-03633417,hit_02,C1[C@@H]([C@H](CCO1)N1C(c2cc(c(cc2CC1)C)B1OC(C(O1)(C)C)(C)C)=O)O,screen_SCRN_68,SCRN_68,c_30116215bd,[Pd].C(P(C(C)(C)C)C(C)(C)C)(C)(C)C.C(P(C(C)(C)C)C(C)(C)C)(C)(C)C|MeOH,,Pd(P(tBu)3)2,MeOH,100.0,18.0,33,c1(ccc(cc1)c1coc(n1)C)CCl
RKB-03633418,hit_02,C1[C@@H]([C@H](CCO1)N1C(c2cc(c(cc2CC1)C)B1OC(C(O1)(C)C)(C)C)=O)O,screen_SCRN_68,SCRN_68,c_921da46937,P(C1CCCC1)(C(C)(C)C)C(C)(C)C.P(C1CCCC1)(C(C)(C)C)C(C)(C)C.[Pd](Cl)Cl.[Fe]|DMF,,Pd(dtbpf)Cl2,DMF,100.0,18.0,33,c1(ccc(cc1)c1coc(n1)C)CCl
RKB-03633419,hit_02,C1[C@@H]([C@H](CCO1)N1C(c2cc(c(cc2CC1)C)B1OC(C(O1)(C)C)(C)C)=O)O,screen_SCRN_68,SCRN_68,c_c4be4d3b3e,c1(c2c(P(C3CCCCC3)C3CCCCC3)cccc2)c(cc(cc1C(C)C)C(C)C)C(C)C|MeOH,Pd(OAc)2,Pd(OAc)2/XPhos,MeOH,100.0,18.0,32,c1(ccc(cc1)c1coc(n1)C)CCl
RKB-03633420,hit_02,C1[C@@H]([C@H](CCO1)N1C(c2cc(c(cc2CC1)C)B1OC(C(O1)(C)C)(C)C)=O)O,screen_SCRN_68,SCRN_68,c_e34fd39dff,|MeOH,,SPhos Pd G4,MeOH,100.0,18.0,32,c1(ccc(cc1)c1coc(n1)C)CCl
RKB-03633421,hit_02,C1[C@@H]([C@H](CCO1)N1C(c2cc(c(cc2CC1)C)B1OC(C(O1)(C)C)(C)C)=O)O,screen_SCRN_68,SCRN_68,c_14766a3f2b,[Pd](Cl)Cl.P(C(C)(C)C)(C(C)(C)C)c1ccc(N(C)C)cc1.P(C(C)(C)C)(C(C)(C)C)c1ccc(N(C)C)cc1|Dioxane,,Pd-132,Dioxane,100.0,18.0,31,c1(ccc(cc1)c1coc(n1)C)CCl
RKB-03633422,hit_02,C1[C@@H]([C@H](CCO1)N1C(c2cc(c(cc2CC1)C)B1OC(C(O1)(C)C)(C)C)=O)O,screen_SCRN_68,SCRN_68,c_0511e92d37,P([C@]12C[C@@H]3C[C@H](C2)C[C@@H](C1)C3)([C@]12C[C@@H]3C[C@@H](C2)C[C@@H](C1)C3)CCCC|Dioxane,Pd(OAc)2,Pd(OAc)2/CataCXium A,Dioxane,100.0,18.0,30,c1(ccc(cc1)c1coc(n1)C)CCl
RKB-03633423,hit_02,C1[C@@H]([C@H](CCO1)N1C(c2cc(c(cc2CC1)C)B1OC(C(O1)(C)C)(C)C)=O)O,screen_SCRN_68,SCRN_68,c_251ec7bde1,O1c2c(C(c3c1c(ccc3)P(c1ccccc1)c1ccccc1)(C)C)cccc2P(c1ccccc1)c1ccccc1.Cl[Pd]Cl|DMF,,Pd(XanthPhos)Cl2,DMF,100.0,18.0,30,c1(ccc(cc1)c1coc(n1)C)CCl
RKB-03633424,hit_02,C1[C@@H]([C@H](CCO1)N1C(c2cc(c(cc2CC1)C)B1OC(C(O1)(C)C)(C)C)=O)O,screen_SCRN_68,SCRN_68,c_466dd475bc,[Pd].C(P(C(C)(C)C)C(C)(C)C)(C)(C)C.C(P(C(C)(C)C)C(C)(C)C)(C)(C)C|Dioxane,,Pd(P(tBu)3)2,Dioxane,100.0,18.0,29,c1(ccc(cc1)c1coc(n1)C)CCl
RKB-03633425,hit_02,C1[C@@H]([C@H](CCO1)N1C(c2cc(c(cc2CC1)C)B1OC(C(O1)(C)C)(C)C)=O)O,screen_SCRN_68,SCRN_68,c_ebf384b84e,[Pd].C(P(C(C)(C)C)C(C)(C)C)(C)(C)C.C(P(C(C)(C)C)C(C)(C)C)(C)(C)C|DMF,,Pd(P(tBu)3)2,DMF,100.0,18.0,28,c1(ccc(cc1)c1coc(n1)C)CCl
RKB-03633426,hit_02,C1[C@@H]([C@H](CCO1)N1C(c2cc(c(cc2CC1)C)B1OC(C(O1)(C)C)(C)C)=O)O,screen_SCRN_68,SCRN_68,c_7dc2ed3bef,C1(C(C(C(C1c1ccccc1)c1ccccc1)c1ccccc1)c1ccccc1)c1ccccc1.P(C(C)(C)C)(C(C)(C)C)C1CCCC1.C1(C(C(C(C1c1ccccc1)c1ccccc1)c1ccccc1)c1ccccc1)c1ccccc1.P(C(C)(C)C)(C(C)(C)C)C1CCCC1.[Fe].[Fe].[Pd]|MeOH,,Pd(QPhos)2,MeOH,100.0,18.0,28,c1(ccc(cc1)c1coc(n1)C)CCl
RKB-03633427,hit_02,C1[C@@H]([C@H](CCO1)N1C(c2cc(c(cc2CC1)C)B1OC(C(O1)(C)C)(C)C)=O)O,screen_SCRN_68,SCRN_68,c_87d08dc489,P(C1CCCC1)(C(C)(C)C)C(C)(C)C.P(C1CCCC1)(C(C)(C)C)C(C)(C)C.[Pd](Cl)Cl.[Fe]|MeOH,,Pd(dtbpf)Cl2,MeOH,100.0,18.0,27,c1(ccc(cc1)c1coc(n1)C)CCl
RKB-03633428,hit_02,C1[C@@H]([C@H](CCO1)N1C(c2cc(c(cc2CC1)C)B1OC(C(O1)(C)C)(C)C)=O)O,screen_SCRN_68,SCRN_68,c_c139ee6e43,[Pd](Cl)Cl.P(C1CCCCC1)(C1CCCCC1)C1CCCCC1.P(C1CCCCC1)(C1CCCCC1)C1CCCCC1|Dioxane,,Pd(P(Cy)3)2Cl2,Dioxane,100.0,18.0,26,c1(ccc(cc1)c1coc(n1)C)CCl
RKB-03633429,hit_02,C1[C@@H]([C@H](CCO1)N1C(c2cc(c(cc2CC1)C)B1OC(C(O1)(C)C)(C)C)=O)O,screen_SCRN_68,SCRN_68,c_87d08dc489,P(C1CCCC1)(C(C)(C)C)C(C)(C)C.P(C1CCCC1)(C(C)(C)C)C(C)(C)C.[Pd](Cl)Cl.[Fe]|MeOH,,Pd(dtbpf)Cl2,MeOH,100.0,18.0,25,c1(ccc(cc1)c1coc(n1)C)CCl
RKB-03633430,hit_02,C1[C@@H]([C@H](CCO1)N1C(c2cc(c(cc2CC1)C)B1OC(C(O1)(C)C)(C)C)=O)O,screen_SCRN_68,SCRN_68,c_30116215bd,[Pd].C(P(C(C)(C)C)C(C)(C)C)(C)(C)C.C(P(C(C)(C)C)C(C)(C)C)(C)(C)C|MeOH,,Pd(P(tBu)3)2,MeOH,100.0,18.0,25,c1(ccc(cc1)c1coc(n1)C)CCl
RKB-03633431,hit_02,C1[C@@H]([C@H](CCO1)N1C(c2cc(c(cc2CC1)C)B1OC(C(O1)(C)C)(C)C)=O)O,screen_SCRN_68,SCRN_68,c_3196604cd9,[Pd](Cl)Cl.P(C(C)(C)C)(C(C)(C)C)c1ccc(N(C)C)cc1.P(C(C)(C)C)(C(C)(C)C)c1ccc(N(C)C)cc1|MeCN,,Pd-132,MeCN,100.0,18.0,24,c1(ccc(cc1)c1coc(n1)C)CCl
RKB-03633432,hit_02,C1[C@@H]([C@H](CCO1)N1C(c2cc(c(cc2CC1)C)B1OC(C(O1)(C)C)(C)C)=O)O,screen_SCRN_68,SCRN_68,c_c4be4d3b3e,c1(c2c(P(C3CCCCC3)C3CCCCC3)cccc2)c(cc(cc1C(C)C)C(C)C)C(C)C|MeOH,Pd(OAc)2,Pd(OAc)2/XPhos,MeOH,100.0,18.0,23,c1(ccc(cc1)c1coc(n1)C)CCl
RKB-03633433,hit_02,C1[C@@H]([C@H](CCO1)N1C(c2cc(c(cc2CC1)C)B1OC(C(O1)(C)C)(C)C)=O)O,screen_SCRN_68,SCRN_68,c_6ee8a0ef9a,|DMF,,SPhos Pd G4,DMF,100.0,18.0,21,c1(ccc(cc1)c1coc(n1)C)CCl
RKB-03633434,hit_02,C1[C@@H]([C@H](CCO1)N1C(c2cc(c(cc2CC1)C)B1OC(C(O1)(C)C)(C)C)=O)O,screen_SCRN_68,SCRN_68,c_7dc2ed3bef,C1(C(C(C(C1c1ccccc1)c1ccccc1)c1ccccc1)c1ccccc1)c1ccccc1.P(C(C)(C)C)(C(C)(C)C)C1CCCC1.C1(C(C(C(C1c1ccccc1)c1ccccc1)c1ccccc1)c1ccccc1)c1ccccc1.P(C(C)(C)C)(C(C)(C)C)C1CCCC1.[Fe].[Fe].[Pd]|MeOH,,Pd(QPhos)2,MeOH,100.0,18.0,20,c1(ccc(cc1)c1coc(n1)C)CCl
RKB-03633435,hit_02,C1[C@@H]([C@H](CCO1)N1C(c2cc(c(cc2CC1)C)B1OC(C(O1)(C)C)(C)C)=O)O,screen_SCRN_68,SCRN_68,c_3f90fc71ff,[Pd](Cl)Cl.P(C(C)(C)C)(C(C)(C)C)c1ccc(N(C)C)cc1.P(C(C)(C)C)(C(C)(C)C)c1ccc(N(C)C)cc1|MeOH,,Pd-132,MeOH,100.0,18.0,20,c1(ccc(cc1)c1coc(n1)C)CCl
RKB-03633436,hit_02,C1[C@@H]([C@H](CCO1)N1C(c2cc(c(cc2CC1)C)B1OC(C(O1)(C)C)(C)C)=O)O,screen_SCRN_68,SCRN_68,c_ebf384b84e,[Pd].C(P(C(C)(C)C)C(C)(C)C)(C)(C)C.C(P(C(C)(C)C)C(C)(C)C)(C)(C)C|DMF,,Pd(P(tBu)3)2,DMF,100.0,18.0,19,c1(ccc(cc1)c1coc(n1)C)CCl
RKB-03633437,hit_02,C1[C@@H]([C@H](CCO1)N1C(c2cc(c(cc2CC1)C)B1OC(C(O1)(C)C)(C)C)=O)O,screen_SCRN_68,SCRN_68,c_3f90fc71ff,[Pd](Cl)Cl.P(C(C)(C)C)(C(C)(C)C)c1ccc(N(C)C)cc1.P(C(C)(C)C)(C(C)(C)C)c1ccc(N(C)C)cc1|MeOH,,Pd-132,MeOH,100.0,18.0,17,c1(ccc(cc1)c1coc(n1)C)CCl
RKB-03633438,hit_02,C1[C@@H]([C@H](CCO1)N1C(c2cc(c(cc2CC1)C)B1OC(C(O1)(C)C)(C)C)=O)O,screen_SCRN_68,SCRN_68,c_b4e663cbcf,P([C@]12C[C@@H]3C[C@H](C2)C[C@@H](C1)C3)([C@]12C[C@@H]3C[C@@H](C2)C[C@@H](C1)C3)CCCC|MeOH,Pd(OAc)2,Pd(OAc)2/CataCXium A,MeOH,100.0,18.0,17,c1(ccc(cc1)c1coc(n1)C)CCl
RKB-03633439,hit_02,C1[C@@H]([C@H](CCO1)N1C(c2cc(c(cc2CC1)C)B1OC(C(O1)(C)C)(C)C)=O)O,screen_SCRN_68,SCRN_68,c_24a01a5b7d,[Pd](Cl)Cl.P(C1CCCCC1)(C1CCCCC1)C1CCCCC1.P(C1CCCCC1)(C1CCCCC1)C1CCCCC1|MeOH,,Pd(P(Cy)3)2Cl2,MeOH,100.0,18.0,17,c1(ccc(cc1)c1coc(n1)C)CCl
RKB-03633440,hit_02,C1[C@@H]([C@H](CCO1)N1C(c2cc(c(cc2CC1)C)B1OC(C(O1)(C)C)(C)C)=O)O,screen_SCRN_68,SCRN_68,c_d8023cb0fa,[Pd](Cl)Cl.P(c1c(cccc1)C)(c1c(cccc1)C)c1c(cccc1)C.P(c1c(cccc1)C)(c1c(cccc1)C)c1c(cccc1)C|DMF,,Pd(P(o-Tol)3)2Cl2,DMF,100.0,18.0,16,c1(ccc(cc1)c1coc(n1)C)CCl
RKB-03633441,hit_02,C1[C@@H]([C@H](CCO1)N1C(c2cc(c(cc2CC1)C)B1OC(C(O1)(C)C)(C)C)=O)O,screen_SCRN_68,SCRN_68,c_30116215bd,[Pd].C(P(C(C)(C)C)C(C)(C)C)(C)(C)C.C(P(C(C)(C)C)C(C)(C)C)(C)(C)C|MeOH,,Pd(P(tBu)3)2,MeOH,100.0,18.0,16,c1(ccc(cc1)c1coc(n1)C)CCl
RKB-03633442,hit_02,C1[C@@H]([C@H](CCO1)N1C(c2cc(c(cc2CC1)C)B1OC(C(O1)(C)C)(C)C)=O)O,screen_SCRN_68,SCRN_68,c_5fa9973231,c1(c2c(P(C3CCCCC3)C3CCCCC3)cccc2)c(cc(cc1C(C)C)C(C)C)C(C)C|DMF,Pd(OAc)2,Pd(OAc)2/XPhos,DMF,100.0,18.0,14,c1(ccc(cc1)c1coc(n1)C)CCl
RKB-03633443,hit_02,C1[C@@H]([C@H](CCO1)N1C(c2cc(c(cc2CC1)C)B1OC(C(O1)(C)C)(C)C)=O)O,screen_SCRN_68,SCRN_68,c_ebf384b84e,[Pd].C(P(C(C)(C)C)C(C)(C)C)(C)(C)C.C(P(C(C)(C)C)C(C)(C)C)(C)(C)C|DMF,,Pd(P(tBu)3)2,DMF,100.0,18.0,14,c1(ccc(cc1)c1coc(n1)C)CCl
RKB-03633444,hit_02,C1[C@@H]([C@H](CCO1)N1C(c2cc(c(cc2CC1)C)B1OC(C(O1)(C)C)(C)C)=O)O,screen_SCRN_68,SCRN_68,c_30116215bd,[Pd].C(P(C(C)(C)C)C(C)(C)C)(C)(C)C.C(P(C(C)(C)C)C(C)(C)C)(C)(C)C|MeOH,,Pd(P(tBu)3)2,MeOH,100.0,18.0,10,c1(ccc(cc1)c1coc(n1)C)CCl
RKB-03633445,hit_02,C1[C@@H]([C@H](CCO1)N1C(c2cc(c(cc2CC1)C)B1OC(C(O1)(C)C)(C)C)=O)O,screen_SCRN_68,SCRN_68,c_ebf384b84e,[Pd].C(P(C(C)(C)C)C(C)(C)C)(C)(C)C.C(P(C(C)(C)C)C(C)(C)C)(C)(C)C|DMF,,Pd(P(tBu)3)2,DMF,100.0,18.0,0,c1(ccc(cc1)c1coc(n1)C)CCl
RKB-03633446,hit_02,C1[C@@H]([C@H](CCO1)N1C(c2cc(c(cc2CC1)C)B1OC(C(O1)(C)C)(C)C)=O)O,screen_SCRN_68,SCRN_68,c_03f60af5bf,C1(C(C(C(C1c1ccccc1)c1ccccc1)c1ccccc1)c1ccccc1)c1ccccc1.P(C(C)(C)C)(C(C)(C)C)C1CCCC1.C1(C(C(C(C1c1ccccc1)c1ccccc1)c1ccccc1)c1ccccc1)c1ccccc1.P(C(C)(C)C)(C(C)(C)C)C1CCCC1.[Fe].[Fe].[Pd]|DMF,,Pd(QPhos)2,DMF,100.0,18.0,0,c1(ccc(cc1)c1coc(n1)C)CCl
RKB-03633447,hit_02,C1[C@@H]([C@H](CCO1)N1C(c2cc(c(cc2CC1)C)B1OC(C(O1)(C)C)(C)C)=O)O,screen_SCRN_68,SCRN_68,c_d8c161e683,[Pd](Cl)Cl.P(C1CCCCC1)(C1CCCCC1)C1CCCCC1.P(C1CCCCC1)(C1CCCCC1)C1CCCCC1|DMF,,Pd(P(Cy)3)2Cl2,DMF,100.0,18.0,0,c1(ccc(cc1)c1coc(n1)C)CCl
RKB-03633448,hit_02,C1[C@@H]([C@H](CCO1)N1C(c2cc(c(cc2CC1)C)B1OC(C(O1)(C)C)(C)C)=O)O,screen_SCRN_68,SCRN_68,c_3fb86761ab,P([C@]12C[C@@H]3C[C@H](C2)C[C@@H](C1)C3)([C@]12C[C@@H]3C[C@@H](C2)C[C@@H](C1)C3)CCCC|DMF,Pd(OAc)2,Pd(OAc)2/CataCXium A,DMF,100.0,18.0,0,c1(ccc(cc1)c1coc(n1)C)CCl
RKB-03633449,hit_02,C1[C@@H]([C@H](CCO1)N1C(c2cc(c(cc2CC1)C)B1OC(C(O1)(C)C)(C)C)=O)O,screen_SCRN_68,SCRN_68,c_d1fec4a9e9,[Pd](Cl)Cl.P(C(C)(C)C)(C(C)(C)C)c1ccc(N(C)C)cc1.P(C(C)(C)C)(C(C)(C)C)c1ccc(N(C)C)cc1|DMF,,Pd-132,DMF,100.0,18.0,0,c1(ccc(cc1)c1coc(n1)C)CCl
RKB-03633450,hit_02,C1[C@@H]([C@H](CCO1)N1C(c2cc(c(cc2CC1)C)B1OC(C(O1)(C)C)(C)C)=O)O,screen_SCRN_68,SCRN_68,c_3f514d9a96,O1c2c(C(c3c1c(ccc3)P(c1ccccc1)c1ccccc1)(C)C)cccc2P(c1ccccc1)c1ccccc1.Cl[Pd]Cl|Dioxane,,Pd(XanthPhos)Cl2,Dioxane,100.0,18.0,0,c1(ccc(cc1)c1coc(n1)C)CCl
RKB-03633451,hit_02,C1[C@@H]([C@H](CCO1)N1C(c2cc(c(cc2CC1)C)B1OC(C(O1)(C)C)(C)C)=O)O,screen_SCRN_68,SCRN_68,c_d71bc0fdfd,P(C1CCCC1)(c1ccccc1)c1ccccc1.P(C1CCCC1)(c1ccccc1)c1ccccc1.C(Cl)Cl.[Pd](Cl)Cl.[Fe]|Dioxane,,Pd(dppf)Cl2,Dioxane,100.0,18.0,0,c1(ccc(cc1)c1coc(n1)C)CCl
RKB-03633452,hit_02,C1[C@@H]([C@H](CCO1)N1C(c2cc(c(cc2CC1)C)B1OC(C(O1)(C)C)(C)C)=O)O,screen_SCRN_68,SCRN_68,c_c3b27856cb,[Pd](Cl)Cl.P(c1c(cccc1)C)(c1c(cccc1)C)c1c(cccc1)C.P(c1c(cccc1)C)(c1c(cccc1)C)c1c(cccc1)C|MeCN,,Pd(P(o-Tol)3)2Cl2,MeCN,100.0,18.0,0,c1(ccc(cc1)c1coc(n1)C)CCl
RKB-03633453,hit_02,C1[C@@H]([C@H](CCO1)N1C(c2cc(c(cc2CC1)C)B1OC(C(O1)(C)C)(C)C)=O)O,screen_SCRN_68,SCRN_68,c_ba1fa7db09,O1c2c(C(c3c1c(ccc3)P(c1ccccc1)c1ccccc1)(C)C)cccc2P(c1ccccc1)c1ccccc1.Cl[Pd]Cl|MeOH,,Pd(XanthPhos)Cl2,MeOH,100.0,18.0,0,c1(ccc(cc1)c1coc(n1)C)CCl
RKB-03633454,hit_02,C1[C@@H]([C@H](CCO1)N1C(c2cc(c(cc2CC1)C)B1OC(C(O1)(C)C)(C)C)=O)O,screen_SCRN_68,SCRN_68,c_24a01a5b7d,[Pd](Cl)Cl.P(C1CCCCC1)(C1CCCCC1)C1CCCCC1.P(C1CCCCC1)(C1CCCCC1)C1CCCCC1|MeOH,,Pd(P(Cy)3)2Cl2,MeOH,100.0,18.0,0,c1(ccc(cc1)c1coc(n1)C)CCl
RKB-03633455,hit_02,C1[C@@H]([C@H](CCO1)N1C(c2cc(c(cc2CC1)C)B1OC(C(O1)(C)C)(C)C)=O)O,screen_SCRN_68,SCRN_68,c_1d9e641278,[Pd](Cl)Cl.P(c1c(cccc1)C)(c1c(cccc1)C)c1c(cccc1)C.P(c1c(cccc1)C)(c1c(cccc1)C)c1c(cccc1)C|MeOH,,Pd(P(o-Tol)3)2Cl2,MeOH,100.0,18.0,0,c1(ccc(cc1)c1coc(n1)C)CCl
RKB-03633456,hit_02,C1[C@@H]([C@H](CCO1)N1C(c2cc(c(cc2CC1)C)B1OC(C(O1)(C)C)(C)C)=O)O,screen_SCRN_68,SCRN_68,c_e34fd39dff,|MeOH,,SPhos Pd G4,MeOH,100.0,18.0,0,c1(ccc(cc1)c1coc(n1)C)CCl
RKB-03633457,hit_02,C1[C@@H]([C@H](CCO1)N1C(c2cc(c(cc2CC1)C)B1OC(C(O1)(C)C)(C)C)=O)O,screen_SCRN_68,SCRN_68,c_d71bc0fdfd,P(C1CCCC1)(c1ccccc1)c1ccccc1.P(C1CCCC1)(c1ccccc1)c1ccccc1.C(Cl)Cl.[Pd](Cl)Cl.[Fe]|Dioxane,,Pd(dppf)Cl2,Dioxane,100.0,18.0,100,c1(ccc(cc1)c1coc(n1)C)CCl
RKB-03633458,hit_02,C1[C@@H]([C@H](CCO1)N1C(c2cc(c(cc2CC1)C)B1OC(C(O1)(C)C)(C)C)=O)O,screen_SCRN_68,SCRN_68,c_3886e525f1,[Pd].P(c1ccccc1)(c1ccccc1)c1ccccc1.P(c1ccccc1)(c1ccccc1)c1ccccc1.P(c1ccccc1)(c1ccccc1)c1ccccc1.P(c1ccccc1)(c1ccccc1)c1ccccc1|DMF,,Pd(P(Ph)3)4),DMF,100.0,18.0,97,c1(ccc(cc1)c1coc(n1)C)CCl
RKB-03633459,hit_02,C1[C@@H]([C@H](CCO1)N1C(c2cc(c(cc2CC1)C)B1OC(C(O1)(C)C)(C)C)=O)O,screen_SCRN_68,SCRN_68,c_16b6166e76,P(C1CCCC1)(c1ccccc1)c1ccccc1.P(C1CCCC1)(c1ccccc1)c1ccccc1.C(Cl)Cl.[Pd](Cl)Cl.[Fe]|DMF,,Pd(dppf)Cl2,DMF,100.0,18.0,97,c1(ccc(cc1)c1coc(n1)C)CCl
RKB-03633460,hit_02,C1[C@@H]([C@H](CCO1)N1C(c2cc(c(cc2CC1)C)B1OC(C(O1)(C)C)(C)C)=O)O,screen_SCRN_68,SCRN_68,c_d71bc0fdfd,P(C1CCCC1)(c1ccccc1)c1ccccc1.P(C1CCCC1)(c1ccccc1)c1ccccc1.C(Cl)Cl.[Pd](Cl)Cl.[Fe]|Dioxane,,Pd(dppf)Cl2,Dioxane,100.0,18.0,97,c1(ccc(cc1)c1coc(n1)C)CCl
RKB-03633461,hit_02,C1[C@@H]([C@H](CCO1)N1C(c2cc(c(cc2CC1)C)B1OC(C(O1)(C)C)(C)C)=O)O,screen_SCRN_68,SCRN_68,c_251ec7bde1,O1c2c(C(c3c1c(ccc3)P(c1ccccc1)c1ccccc1)(C)C)cccc2P(c1ccccc1)c1ccccc1.Cl[Pd]Cl|DMF,,Pd(XanthPhos)Cl2,DMF,100.0,18.0,96,c1(ccc(cc1)c1coc(n1)C)CCl
RKB-03633462,hit_02,C1[C@@H]([C@H](CCO1)N1C(c2cc(c(cc2CC1)C)B1OC(C(O1)(C)C)(C)C)=O)O,screen_SCRN_68,SCRN_68,c_251ec7bde1,O1c2c(C(c3c1c(ccc3)P(c1ccccc1)c1ccccc1)(C)C)cccc2P(c1ccccc1)c1ccccc1.Cl[Pd]Cl|DMF,,Pd(XanthPhos)Cl2,DMF,100.0,18.0,96,c1(ccc(cc1)c1coc(n1)C)CCl
RKB-03633463,hit_02,C1[C@@H]([C@H](CCO1)N1C(c2cc(c(cc2CC1)C)B1OC(C(O1)(C)C)(C)C)=O)O,screen_SCRN_68,SCRN_68,c_adf3bba061,P(C1CCCC1)(C(C)(C)C)C(C)(C)C.P(C1CCCC1)(C(C)(C)C)C(C)(C)C.[Pd](Cl)Cl.[Fe]|MeCN,,Pd(dtbpf)Cl2,MeCN,100.0,18.0,96,c1(ccc(cc1)c1coc(n1)C)CCl
RKB-03633464,hit_02,C1[C@@H]([C@H](CCO1)N1C(c2cc(c(cc2CC1)C)B1OC(C(O1)(C)C)(C)C)=O)O,screen_SCRN_68,SCRN_68,c_921da46937,P(C1CCCC1)(C(C)(C)C)C(C)(C)C.P(C1CCCC1)(C(C)(C)C)C(C)(C)C.[Pd](Cl)Cl.[Fe]|DMF,,Pd(dtbpf)Cl2,DMF,100.0,18.0,95,c1(ccc(cc1)c1coc(n1)C)CCl
RKB-03633465,hit_02,C1[C@@H]([C@H](CCO1)N1C(c2cc(c(cc2CC1)C)B1OC(C(O1)(C)C)(C)C)=O)O,screen_SCRN_68,SCRN_68,c_16b6166e76,P(C1CCCC1)(c1ccccc1)c1ccccc1.P(C1CCCC1)(c1ccccc1)c1ccccc1.C(Cl)Cl.[Pd](Cl)Cl.[Fe]|DMF,,Pd(dppf)Cl2,DMF,100.0,18.0,95,c1(ccc(cc1)c1coc(n1)C)CCl
RKB-03633466,hit_02,C1[C@@H]([C@H](CCO1)N1C(c2cc(c(cc2CC1)C)B1OC(C(O1)(C)C)(C)C)=O)O,screen_SCRN_68,SCRN_68,c_3886e525f1,[Pd].P(c1ccccc1)(c1ccccc1)c1ccccc1.P(c1ccccc1)(c1ccccc1)c1ccccc1.P(c1ccccc1)(c1ccccc1)c1ccccc1.P(c1ccccc1)(c1ccccc1)c1ccccc1|DMF,,Pd(P(Ph)3)4),DMF,100.0,18.0,95,c1(ccc(cc1)c1coc(n1)C)CCl
RKB-03633467,hit_02,C1[C@@H]([C@H](CCO1)N1C(c2cc(c(cc2CC1)C)B1OC(C(O1)(C)C)(C)C)=O)O,screen_SCRN_68,SCRN_68,c_8871d0b6cb,[Pd].P(c1ccccc1)(c1ccccc1)c1ccccc1.P(c1ccccc1)(c1ccccc1)c1ccccc1.P(c1ccccc1)(c1ccccc1)c1ccccc1.P(c1ccccc1)(c1ccccc1)c1ccccc1|Dioxane,,Pd(P(Ph)3)4),Dioxane,100.0,18.0,95,c1(ccc(cc1)c1coc(n1)C)CCl
RKB-03633468,hit_02,C1[C@@H]([C@H](CCO1)N1C(c2cc(c(cc2CC1)C)B1OC(C(O1)(C)C)(C)C)=O)O,screen_SCRN_68,SCRN_68,c_3886e525f1,[Pd].P(c1ccccc1)(c1ccccc1)c1ccccc1.P(c1ccccc1)(c1ccccc1)c1ccccc1.P(c1ccccc1)(c1ccccc1)c1ccccc1.P(c1ccccc1)(c1ccccc1)c1ccccc1|DMF,,Pd(P(Ph)3)4),DMF,100.0,18.0,95,c1(ccc(cc1)c1coc(n1)C)CCl
RKB-03633469,hit_02,C1[C@@H]([C@H](CCO1)N1C(c2cc(c(cc2CC1)C)B1OC(C(O1)(C)C)(C)C)=O)O,screen_SCRN_68,SCRN_68,c_16b6166e76,P(C1CCCC1)(c1ccccc1)c1ccccc1.P(C1CCCC1)(c1ccccc1)c1ccccc1.C(Cl)Cl.[Pd](Cl)Cl.[Fe]|DMF,,Pd(dppf)Cl2,DMF,100.0,18.0,95,c1(ccc(cc1)c1coc(n1)C)CCl
RKB-03633470,hit_02,C1[C@@H]([C@H](CCO1)N1C(c2cc(c(cc2CC1)C)B1OC(C(O1)(C)C)(C)C)=O)O,screen_SCRN_68,SCRN_68,c_8871d0b6cb,[Pd].P(c1ccccc1)(c1ccccc1)c1ccccc1.P(c1ccccc1)(c1ccccc1)c1ccccc1.P(c1ccccc1)(c1ccccc1)c1ccccc1.P(c1ccccc1)(c1ccccc1)c1ccccc1|Dioxane,,Pd(P(Ph)3)4),Dioxane,100.0,18.0,94,c1(ccc(cc1)c1coc(n1)C)CCl
RKB-03633471,hit_02,C1[C@@H]([C@H](CCO1)N1C(c2cc(c(cc2CC1)C)B1OC(C(O1)(C)C)(C)C)=O)O,screen_SCRN_68,SCRN_68,c_8871d0b6cb,[Pd].P(c1ccccc1)(c1ccccc1)c1ccccc1.P(c1ccccc1)(c1ccccc1)c1ccccc1.P(c1ccccc1)(c1ccccc1)c1ccccc1.P(c1ccccc1)(c1ccccc1)c1ccccc1|Dioxane,,Pd(P(Ph)3)4),Dioxane,100.0,18.0,94,c1(ccc(cc1)c1coc(n1)C)CCl
RKB-03633472,hit_02,C1[C@@H]([C@H](CCO1)N1C(c2cc(c(cc2CC1)C)B1OC(C(O1)(C)C)(C)C)=O)O,screen_SCRN_68,SCRN_68,c_e564d7612a,[Pd].P(c1ccccc1)(c1ccccc1)c1ccccc1.P(c1ccccc1)(c1ccccc1)c1ccccc1.P(c1ccccc1)(c1ccccc1)c1ccccc1.P(c1ccccc1)(c1ccccc1)c1ccccc1|MeCN,,Pd(P(Ph)3)4),MeCN,100.0,18.0,94,c1(ccc(cc1)c1coc(n1)C)CCl
RKB-03633473,hit_02,C1[C@@H]([C@H](CCO1)N1C(c2cc(c(cc2CC1)C)B1OC(C(O1)(C)C)(C)C)=O)O,screen_SCRN_68,SCRN_68,c_b9c1c9f68d,P(C1CCCC1)(c1ccccc1)c1ccccc1.P(C1CCCC1)(c1ccccc1)c1ccccc1.C(Cl)Cl.[Pd](Cl)Cl.[Fe]|MeCN,,Pd(dppf)Cl2,MeCN,100.0,18.0,93,c1(ccc(cc1)c1coc(n1)C)CCl
RKB-03633474,hit_02,C1[C@@H]([C@H](CCO1)N1C(c2cc(c(cc2CC1)C)B1OC(C(O1)(C)C)(C)C)=O)O,screen_SCRN_68,SCRN_68,c_4648614000,C1(C(C(C(C1c1ccccc1)c1ccccc1)c1ccccc1)c1ccccc1)c1ccccc1.P(C(C)(C)C)(C(C)(C)C)C1CCCC1.C1(C(C(C(C1c1ccccc1)c1ccccc1)c1ccccc1)c1ccccc1)c1ccccc1.P(C(C)(C)C)(C(C)(C)C)C1CCCC1.[Fe].[Fe].[Pd]|MeCN,,Pd(QPhos)2,MeCN,100.0,18.0,93,c1(ccc(cc1)c1coc(n1)C)CCl
RKB-03633475,hit_02,C1[C@@H]([C@H](CCO1)N1C(c2cc(c(cc2CC1)C)B1OC(C(O1)(C)C)(C)C)=O)O,screen_SCRN_68,SCRN_68,c_d71bc0fdfd,P(C1CCCC1)(c1ccccc1)c1ccccc1.P(C1CCCC1)(c1ccccc1)c1ccccc1.C(Cl)Cl.[Pd](Cl)Cl.[Fe]|Dioxane,,Pd(dppf)Cl2,Dioxane,100.0,18.0,93,c1(ccc(cc1)c1coc(n1)C)CCl
RKB-03633476,hit_02,C1[C@@H]([C@H](CCO1)N1C(c2cc(c(cc2CC1)C)B1OC(C(O1)(C)C)(C)C)=O)O,screen_SCRN_68,SCRN_68,c_251ec7bde1,O1c2c(C(c3c1c(ccc3)P(c1ccccc1)c1ccccc1)(C)C)cccc2P(c1ccccc1)c1ccccc1.Cl[Pd]Cl|DMF,,Pd(XanthPhos)Cl2,DMF,100.0,18.0,92,c1(ccc(cc1)c1coc(n1)C)CCl
RKB-03633477,hit_02,C1[C@@H]([C@H](CCO1)N1C(c2cc(c(cc2CC1)C)B1OC(C(O1)(C)C)(C)C)=O)O,screen_SCRN_68,SCRN_68,c_ba1fa7db09,O1c2c(C(c3c1c(ccc3)P(c1ccccc1)c1ccccc1)(C)C)cccc2P(c1ccccc1)c1ccccc1.Cl[Pd]Cl|MeOH,,Pd(XanthPhos)Cl2,MeOH,100.0,18.0,92,c1(ccc(cc1)c1coc(n1)C)CCl
RKB-03633478,hit_02,C1[C@@H]([C@H](CCO1)N1C(c2cc(c(cc2CC1)C)B1OC(C(O1)(C)C)(C)C)=O)O,screen_SCRN_68,SCRN_68,c_921da46937,P(C1CCCC1)(C(C)(C)C)C(C)(C)C.P(C1CCCC1)(C(C)(C)C)C(C)(C)C.[Pd](Cl)Cl.[Fe]|DMF,,Pd(dtbpf)Cl2,DMF,100.0,18.0,92,c1(ccc(cc1)c1coc(n1)C)CCl
RKB-03633479,hit_02,C1[C@@H]([C@H](CCO1)N1C(c2cc(c(cc2CC1)C)B1OC(C(O1)(C)C)(C)C)=O)O,screen_SCRN_68,SCRN_68,c_3f514d9a96,O1c2c(C(c3c1c(ccc3)P(c1ccccc1)c1ccccc1)(C)C)cccc2P(c1ccccc1)c1ccccc1.Cl[Pd]Cl|Dioxane,,Pd(XanthPhos)Cl2,Dioxane,100.0,18.0,92,c1(ccc(cc1)c1coc(n1)C)CCl
RKB-03633480,hit_02,C1[C@@H]([C@H](CCO1)N1C(c2cc(c(cc2CC1)C)B1OC(C(O1)(C)C)(C)C)=O)O,screen_SCRN_68,SCRN_68,c_e564d7612a,[Pd].P(c1ccccc1)(c1ccccc1)c1ccccc1.P(c1ccccc1)(c1ccccc1)c1ccccc1.P(c1ccccc1)(c1ccccc1)c1ccccc1.P(c1ccccc1)(c1ccccc1)c1ccccc1|MeCN,,Pd(P(Ph)3)4),MeCN,100.0,18.0,92,c1(ccc(cc1)c1coc(n1)C)CCl
RKB-03633481,hit_02,C1[C@@H]([C@H](CCO1)N1C(c2cc(c(cc2CC1)C)B1OC(C(O1)(C)C)(C)C)=O)O,screen_SCRN_68,SCRN_68,c_99aeac08ec,O1c2c(C(c3c1c(ccc3)P(c1ccccc1)c1ccccc1)(C)C)cccc2P(c1ccccc1)c1ccccc1.Cl[Pd]Cl|MeCN,,Pd(XanthPhos)Cl2,MeCN,100.0,18.0,92,c1(ccc(cc1)c1coc(n1)C)CCl
RKB-03633482,hit_02,C1[C@@H]([C@H](CCO1)N1C(c2cc(c(cc2CC1)C)B1OC(C(O1)(C)C)(C)C)=O)O,screen_SCRN_68,SCRN_68,c_e564d7612a,[Pd].P(c1ccccc1)(c1ccccc1)c1ccccc1.P(c1ccccc1)(c1ccccc1)c1ccccc1.P(c1ccccc1)(c1ccccc1)c1ccccc1.P(c1ccccc1)(c1ccccc1)c1ccccc1|MeCN,,Pd(P(Ph)3)4),MeCN,100.0,18.0,92,c1(ccc(cc1)c1coc(n1)C)CCl
RKB-03633483,hit_02,C1[C@@H]([C@H](CCO1)N1C(c2cc(c(cc2CC1)C)B1OC(C(O1)(C)C)(C)C)=O)O,screen_SCRN_68,SCRN_68,c_e7bd21231d,P(C1CCCC1)(c1ccccc1)c1ccccc1.P(C1CCCC1)(c1ccccc1)c1ccccc1.C(Cl)Cl.[Pd](Cl)Cl.[Fe]|MeOH,,Pd(dppf)Cl2,MeOH,100.0,18.0,91,c1(ccc(cc1)c1coc(n1)C)CCl
RKB-03633484,hit_02,C1[C@@H]([C@H](CCO1)N1C(c2cc(c(cc2CC1)C)B1OC(C(O1)(C)C)(C)C)=O)O,screen_SCRN_68,SCRN_68,c_3f514d9a96,O1c2c(C(c3c1c(ccc3)P(c1ccccc1)c1ccccc1)(C)C)cccc2P(c1ccccc1)c1ccccc1.Cl[Pd]Cl|Dioxane,,Pd(XanthPhos)Cl2,Dioxane,100.0,18.0,90,c1(ccc(cc1)c1coc(n1)C)CCl
RKB-03633485,hit_02,C1[C@@H]([C@H](CCO1)N1C(c2cc(c(cc2CC1)C)B1OC(C(O1)(C)C)(C)C)=O)O,screen_SCRN_68,SCRN_68,c_8871d0b6cb,[Pd].P(c1ccccc1)(c1ccccc1)c1ccccc1.P(c1ccccc1)(c1ccccc1)c1ccccc1.P(c1ccccc1)(c1ccccc1)c1ccccc1.P(c1ccccc1)(c1ccccc1)c1ccccc1|Dioxane,,Pd(P(Ph)3)4),Dioxane,100.0,18.0,90,c1(ccc(cc1)c1coc(n1)C)CCl
RKB-03633486,hit_02,C1[C@@H]([C@H](CCO1)N1C(c2cc(c(cc2CC1)C)B1OC(C(O1)(C)C)(C)C)=O)O,screen_SCRN_68,SCRN_68,c_e7bd21231d,P(C1CCCC1)(c1ccccc1)c1ccccc1.P(C1CCCC1)(c1ccccc1)c1ccccc1.C(Cl)Cl.[Pd](Cl)Cl.[Fe]|MeOH,,Pd(dppf)Cl2,MeOH,100.0,18.0,90,c1(ccc(cc1)c1coc(n1)C)CCl
RKB-03633487,hit_02,C1[C@@H]([C@H](CCO1)N1C(c2cc(c(cc2CC1)C)B1OC(C(O1)(C)C)(C)C)=O)O,screen_SCRN_68,SCRN_68,c_d8023cb0fa,[Pd](Cl)Cl.P(c1c(cccc1)C)(c1c(cccc1)C)c1c(cccc1)C.P(c1c(cccc1)C)(c1c(cccc1)C)c1c(cccc1)C|DMF,,Pd(P(o-Tol)3)2Cl2,DMF,100.0,18.0,90,c1(ccc(cc1)c1coc(n1)C)CCl
RKB-03633488,hit_02,C1[C@@H]([C@H](CCO1)N1C(c2cc(c(cc2CC1)C)B1OC(C(O1)(C)C)(C)C)=O)O,screen_SCRN_68,SCRN_68,c_b9c1c9f68d,P(C1CCCC1)(c1ccccc1)c1ccccc1.P(C1CCCC1)(c1ccccc1)c1ccccc1.C(Cl)Cl.[Pd](Cl)Cl.[Fe]|MeCN,,Pd(dppf)Cl2,MeCN,100.0,18.0,90,c1(ccc(cc1)c1coc(n1)C)CCl
RKB-03633489,hit_02,C1[C@@H]([C@H](CCO1)N1C(c2cc(c(cc2CC1)C)B1OC(C(O1)(C)C)(C)C)=O)O,screen_SCRN_68,SCRN_68,c_e2b4f2be96,P(C1CCCC1)(C(C)(C)C)C(C)(C)C.P(C1CCCC1)(C(C)(C)C)C(C)(C)C.[Pd](Cl)Cl.[Fe]|Dioxane,,Pd(dtbpf)Cl2,Dioxane,100.0,18.0,90,c1(ccc(cc1)c1coc(n1)C)CCl
RKB-03633490,hit_02,C1[C@@H]([C@H](CCO1)N1C(c2cc(c(cc2CC1)C)B1OC(C(O1)(C)C)(C)C)=O)O,screen_SCRN_68,SCRN_68,c_e564d7612a,[Pd].P(c1ccccc1)(c1ccccc1)c1ccccc1.P(c1ccccc1)(c1ccccc1)c1ccccc1.P(c1ccccc1)(c1ccccc1)c1ccccc1.P(c1ccccc1)(c1ccccc1)c1ccccc1|MeCN,,Pd(P(Ph)3)4),MeCN,100.0,18.0,89,c1(ccc(cc1)c1coc(n1)C)CCl
RKB-03633491,hit_02,C1[C@@H]([C@H](CCO1)N1C(c2cc(c(cc2CC1)C)B1OC(C(O1)(C)C)(C)C)=O)O,screen_SCRN_68,SCRN_68,c_e2b4f2be96,P(C1CCCC1)(C(C)(C)C)C(C)(C)C.P(C1CCCC1)(C(C)(C)C)C(C)(C)C.[Pd](Cl)Cl.[Fe]|Dioxane,,Pd(dtbpf)Cl2,Dioxane,100.0,18.0,89,c1(ccc(cc1)c1coc(n1)C)CCl
RKB-03633492,hit_02,C1[C@@H]([C@H](CCO1)N1C(c2cc(c(cc2CC1)C)B1OC(C(O1)(C)C)(C)C)=O)O,screen_SCRN_68,SCRN_68,c_6ee8a0ef9a,|DMF,,SPhos Pd G4,DMF,100.0,18.0,89,c1(ccc(cc1)c1coc(n1)C)CCl
RKB-03633493,hit_02,C1[C@@H]([C@H](CCO1)N1C(c2cc(c(cc2CC1)C)B1OC(C(O1)(C)C)(C)C)=O)O,screen_SCRN_68,SCRN_68,c_b9c1c9f68d,P(C1CCCC1)(c1ccccc1)c1ccccc1.P(C1CCCC1)(c1ccccc1)c1ccccc1.C(Cl)Cl.[Pd](Cl)Cl.[Fe]|MeCN,,Pd(dppf)Cl2,MeCN,100.0,18.0,89,c1(ccc(cc1)c1coc(n1)C)CCl
RKB-03633494,hit_02,C1[C@@H]([C@H](CCO1)N1C(c2cc(c(cc2CC1)C)B1OC(C(O1)(C)C)(C)C)=O)O,screen_SCRN_68,SCRN_68,c_99aeac08ec,O1c2c(C(c3c1c(ccc3)P(c1ccccc1)c1ccccc1)(C)C)cccc2P(c1ccccc1)c1ccccc1.Cl[Pd]Cl|MeCN,,Pd(XanthPhos)Cl2,MeCN,100.0,18.0,89,c1(ccc(cc1)c1coc(n1)C)CCl
RKB-03633495,hit_02,C1[C@@H]([C@H](CCO1)N1C(c2cc(c(cc2CC1)C)B1OC(C(O1)(C)C)(C)C)=O)O,screen_SCRN_68,SCRN_68,c_e7bd21231d,P(C1CCCC1)(c1ccccc1)c1ccccc1.P(C1CCCC1)(c1ccccc1)c1ccccc1.C(Cl)Cl.[Pd](Cl)Cl.[Fe]|MeOH,,Pd(dppf)Cl2,MeOH,100.0,18.0,89,c1(ccc(cc1)c1coc(n1)C)CCl
RKB-03633496,hit_02,C1[C@@H]([C@H](CCO1)N1C(c2cc(c(cc2CC1)C)B1OC(C(O1)(C)C)(C)C)=O)O,screen_SCRN_68,SCRN_68,c_6ee8a0ef9a,|DMF,,SPhos Pd G4,DMF,100.0,18.0,88,c1(ccc(cc1)c1coc(n1)C)CCl
RKB-03664676,hit_05,c1(cc2c(cc1)S(N[C@H]2C(=O)OC)(=O)=O)Br,screen_SCRN_78,SCRN_78,c_fb0fd7c858,[Pd](Cl)Cl.P(C1CCCCC1)(C1CCCCC1)C1CCCCC1.P(C1CCCCC1)(C1CCCCC1)C1CCCCC1|THF,,Pd(P(Cy)3)2Cl2,THF,70.0,18.0,36,c1c(cc2c(c1)c(cn2C(=O)OC(C)(C)C)B1OC(C(O1)(C)C)(C)C)F
RKB-03664677,hit_05,c1(cc2c(cc1)S(N[C@H]2C(=O)OC)(=O)=O)Br,screen_SCRN_78,SCRN_78,c_e34fd39dff,|MeOH,,SPhos Pd G4,MeOH,70.0,18.0,35,c1c(cc2c(c1)c(cn2C(=O)OC(C)(C)C)B1OC(C(O1)(C)C)(C)C)F
RKB-03664678,hit_05,c1(cc2c(cc1)S(N[C@H]2C(=O)OC)(=O)=O)Br,screen_SCRN_78,SCRN_78,c_4957928872,|MeCN,,SPhos Pd G4,MeCN,70.0,18.0,35,c1c(cc2c(c1)c(cn2C(=O)OC(C)(C)C)B1OC(C(O1)(C)C)(C)C)F
RKB-03664679,hit_05,c1(cc2c(cc1)S(N[C@H]2C(=O)OC)(=O)=O)Br,screen_SCRN_78,SCRN_78,c_fb0fd7c858,[Pd](Cl)Cl.P(C1CCCCC1)(C1CCCCC1)C1CCCCC1.P(C1CCCCC1)(C1CCCCC1)C1CCCCC1|THF,,Pd(P(Cy)3)2Cl2,THF,70.0,18.0,34,c1c(cc2c(c1)c(cn2C(=O)OC(C)(C)C)B1OC(C(O1)(C)C)(C)C)F
RKB-03664680,hit_05,c1(cc2c(cc1)S(N[C@H]2C(=O)OC)(=O)=O)Br,screen_SCRN_78,SCRN_78,c_87611e347b,C1(C(C(C(C1c1ccccc1)c1ccccc1)c1ccccc1)c1ccccc1)c1ccccc1.P(C(C)(C)C)(C(C)(C)C)C1CCCC1.C1(C(C(C(C1c1ccccc1)c1ccccc1)c1ccccc1)c1ccccc1)c1ccccc1.P(C(C)(C)C)(C(C)(C)C)C1CCCC1.[Fe].[Fe].[Pd]|THF,,Pd(QPhos)2,THF,70.0,18.0,33,c1c(cc2c(c1)c(cn2C(=O)OC(C)(C)C)B1OC(C(O1)(C)C)(C)C)F
RKB-03664681,hit_05,c1(cc2c(cc1)S(N[C@H]2C(=O)OC)(=O)=O)Br,screen_SCRN_78,SCRN_78,c_04d73ea970,P(C1CCCC1)(C(C)(C)C)C(C)(C)C.P(C1CCCC1)(C(C)(C)C)C(C)(C)C.[Pd](Cl)Cl.[Fe]|THF,,Pd(dtbpf)Cl2,THF,70.0,18.0,33,c1c(cc2c(c1)c(cn2C(=O)OC(C)(C)C)B1OC(C(O1)(C)C)(C)C)F
RKB-03664682,hit_05,c1(cc2c(cc1)S(N[C@H]2C(=O)OC)(=O)=O)Br,screen_SCRN_78,SCRN_78,c_ba67a9e214,|Toluene,,SPhos Pd G4,Toluene,70.0,18.0,33,c1c(cc2c(c1)c(cn2C(=O)OC(C)(C)C)B1OC(C(O1)(C)C)(C)C)F
RKB-03664683,hit_05,c1(cc2c(cc1)S(N[C@H]2C(=O)OC)(=O)=O)Br,screen_SCRN_78,SCRN_78,c_a88c92ca46,C1(C(C(C(C1c1ccccc1)c1ccccc1)c1ccccc1)c1ccccc1)c1ccccc1.P(C(C)(C)C)(C(C)(C)C)C1CCCC1.C1(C(C(C(C1c1ccccc1)c1ccccc1)c1ccccc1)c1ccccc1)c1ccccc1.P(C(C)(C)C)(C(C)(C)C)C1CCCC1.[Fe].[Fe].[Pd]|Toluene,,Pd(QPhos)2,Toluene,70.0,18.0,33,c1c(cc2c(c1)c(cn2C(=O)OC(C)(C)C)B1OC(C(O1)(C)C)(C)C)F
RKB-03664684,hit_05,c1(cc2c(cc1)S(N[C@H]2C(=O)OC)(=O)=O)Br,screen_SCRN_78,SCRN_78,c_96da66f8fe,P(C1CCCC1)(c1ccccc1)c1ccccc1.P(C1CCCC1)(c1ccccc1)c1ccccc1.C(Cl)Cl.[Pd](Cl)Cl.[Fe]|THF,,Pd(dppf)Cl2,THF,70.0,18.0,33,c1c(cc2c(c1)c(cn2C(=O)OC(C)(C)C)B1OC(C(O1)(C)C)(C)C)F
RKB-03664685,hit_05,c1(cc2c(cc1)S(N[C@H]2C(=O)OC)(=O)=O)Br,screen_SCRN_78,SCRN_78,c_b4e663cbcf,P([C@]12C[C@@H]3C[C@H](C2)C[C@@H](C1)C3)([C@]12C[C@@H]3C[C@@H](C2)C[C@@H](C1)C3)CCCC|MeOH,Pd(OAc)2,Pd(OAc)2/CataCXium A,MeOH,70.0,18.0,31,c1c(cc2c(c1)c(cn2C(=O)OC(C)(C)C)B1OC(C(O1)(C)C)(C)C)F
RKB-03664686,hit_05,c1(cc2c(cc1)S(N[C@H]2C(=O)OC)(=O)=O)Br,screen_SCRN_78,SCRN_78,c_ba1fa7db09,O1c2c(C(c3c1c(ccc3)P(c1ccccc1)c1ccccc1)(C)C)cccc2P(c1ccccc1)c1ccccc1.Cl[Pd]Cl|MeOH,,Pd(XanthPhos)Cl2,MeOH,70.0,18.0,31,c1c(cc2c(c1)c(cn2C(=O)OC(C)(C)C)B1OC(C(O1)(C)C)(C)C)F
RKB-03664687,hit_05,c1(cc2c(cc1)S(N[C@H]2C(=O)OC)(=O)=O)Br,screen_SCRN_78,SCRN_78,c_24a01a5b7d,[Pd](Cl)Cl.P(C1CCCCC1)(C1CCCCC1)C1CCCCC1.P(C1CCCCC1)(C1CCCCC1)C1CCCCC1|MeOH,,Pd(P(Cy)3)2Cl2,MeOH,70.0,18.0,31,c1c(cc2c(c1)c(cn2C(=O)OC(C)(C)C)B1OC(C(O1)(C)C)(C)C)F
RKB-03664688,hit_05,c1(cc2c(cc1)S(N[C@H]2C(=O)OC)(=O)=O)Br,screen_SCRN_78,SCRN_78,c_3ee2d5105a,P([C@]12C[C@@H]3C[C@H](C2)C[C@@H](C1)C3)([C@]12C[C@@H]3C[C@@H](C2)C[C@@H](C1)C3)CCCC|MeCN,Pd(OAc)2,Pd(OAc)2/CataCXium A,MeCN,70.0,18.0,30,c1c(cc2c(c1)c(cn2C(=O)OC(C)(C)C)B1OC(C(O1)(C)C)(C)C)F
RKB-03664689,hit_05,c1(cc2c(cc1)S(N[C@H]2C(=O)OC)(=O)=O)Br,screen_SCRN_78,SCRN_78,c_7dc2ed3bef,C1(C(C(C(C1c1ccccc1)c1ccccc1)c1ccccc1)c1ccccc1)c1ccccc1.P(C(C)(C)C)(C(C)(C)C)C1CCCC1.C1(C(C(C(C1c1ccccc1)c1ccccc1)c1ccccc1)c1ccccc1)c1ccccc1.P(C(C)(C)C)(C(C)(C)C)C1CCCC1.[Fe].[Fe].[Pd]|MeOH,,Pd(QPhos)2,MeOH,70.0,18.0,30,c1c(cc2c(c1)c(cn2C(=O)OC(C)(C)C)B1OC(C(O1)(C)C)(C)C)F
RKB-03664690,hit_05,c1(cc2c(cc1)S(N[C@H]2C(=O)OC)(=O)=O)Br,screen_SCRN_78,SCRN_78,c_3ee2d5105a,P([C@]12C[C@@H]3C[C@H](C2)C[C@@H](C1)C3)([C@]12C[C@@H]3C[C@@H](C2)C[C@@H](C1)C3)CCCC|MeCN,Pd(OAc)2,Pd(OAc)2/CataCXium A,MeCN,70.0,18.0,30,c1c(cc2c(c1)c(cn2C(=O)OC(C)(C)C)B1OC(C(O1)(C)C)(C)C)F
RKB-03664691,hit_05,c1(cc2c(cc1)S(N[C@H]2C(=O)OC)(=O)=O)Br,screen_SCRN_78,SCRN_78,c_14f5c30068,[Pd](Cl)Cl.P(C1CCCCC1)(C1CCCCC1)C1CCCCC1.P(C1CCCCC1)(C1CCCCC1)C1CCCCC1|MeCN,,Pd(P(Cy)3)2Cl2,MeCN,70.0,18.0,30,c1c(cc2c(c1)c(cn2C(=O)OC(C)(C)C)B1OC(C(O1)(C)C)(C)C)F
RKB-03664692,hit_05,c1(cc2c(cc1)S(N[C@H]2C(=O)OC)(=O)=O)Br,screen_SCRN_78,SCRN_78,c_c3b27856cb,[Pd](Cl)Cl.P(c1c(cccc1)C)(c1c(cccc1)C)c1c(cccc1)C.P(c1c(cccc1)C)(c1c(cccc1)C)c1c(cccc1)C|MeCN,,Pd(P(o-Tol)3)2Cl2,MeCN,70.0,18.0,30,c1c(cc2c(c1)c(cn2C(=O)OC(C)(C)C)B1OC(C(O1)(C)C)(C)C)F
RKB-03664693,hit_05,c1(cc2c(cc1)S(N[C@H]2C(=O)OC)(=O)=O)Br,screen_SCRN_78,SCRN_78,c_1d9e641278,[Pd](Cl)Cl.P(c1c(cccc1)C)(c1c(cccc1)C)c1c(cccc1)C.P(c1c(cccc1)C)(c1c(cccc1)C)c1c(cccc1)C|MeOH,,Pd(P(o-Tol)3)2Cl2,MeOH,70.0,18.0,28,c1c(cc2c(c1)c(cn2C(=O)OC(C)(C)C)B1OC(C(O1)(C)C)(C)C)F
RKB-03664694,hit_05,c1(cc2c(cc1)S(N[C@H]2C(=O)OC)(=O)=O)Br,screen_SCRN_78,SCRN_78,c_4076342b87,[Pd].C(P(C(C)(C)C)C(C)(C)C)(C)(C)C.C(P(C(C)(C)C)C(C)(C)C)(C)(C)C|Toluene,,Pd(P(tBu)3)2,Toluene,70.0,18.0,28,c1c(cc2c(c1)c(cn2C(=O)OC(C)(C)C)B1OC(C(O1)(C)C)(C)C)F
RKB-03664695,hit_05,c1(cc2c(cc1)S(N[C@H]2C(=O)OC)(=O)=O)Br,screen_SCRN_78,SCRN_78,c_c3b27856cb,[Pd](Cl)Cl.P(c1c(cccc1)C)(c1c(cccc1)C)c1c(cccc1)C.P(c1c(cccc1)C)(c1c(cccc1)C)c1c(cccc1)C|MeCN,,Pd(P(o-Tol)3)2Cl2,MeCN,70.0,18.0,27,c1c(cc2c(c1)c(cn2C(=O)OC(C)(C)C)B1OC(C(O1)(C)C)(C)C)F
RKB-03664696,hit_05,c1(cc2c(cc1)S(N[C@H]2C(=O)OC)(=O)=O)Br,screen_SCRN_78,SCRN_78,c_99aeac08ec,O1c2c(C(c3c1c(ccc3)P(c1ccccc1)c1ccccc1)(C)C)cccc2P(c1ccccc1)c1ccccc1.Cl[Pd]Cl|MeCN,,Pd(XanthPhos)Cl2,MeCN,70.0,18.0,27,c1c(cc2c(c1)c(cn2C(=O)OC(C)(C)C)B1OC(C(O1)(C)C)(C)C)F
RKB-03664697,hit_05,c1(cc2c(cc1)S(N[C@H]2C(=O)OC)(=O)=O)Br,screen_SCRN_78,SCRN_78,c_9e3adb389c,P(C1CCCC1)(c1ccccc1)c1ccccc1.P(C1CCCC1)(c1ccccc1)c1ccccc1.C(Cl)Cl.[Pd](Cl)Cl.[Fe]|Toluene,,Pd(dppf)Cl2,Toluene,70.0,18.0,26,c1c(cc2c(c1)c(cn2C(=O)OC(C)(C)C)B1OC(C(O1)(C)C)(C)C)F
RKB-03664698,hit_05,c1(cc2c(cc1)S(N[C@H]2C(=O)OC)(=O)=O)Br,screen_SCRN_78,SCRN_78,c_4648614000,C1(C(C(C(C1c1ccccc1)c1ccccc1)c1ccccc1)c1ccccc1)c1ccccc1.P(C(C)(C)C)(C(C)(C)C)C1CCCC1.C1(C(C(C(C1c1ccccc1)c1ccccc1)c1ccccc1)c1ccccc1)c1ccccc1.P(C(C)(C)C)(C(C)(C)C)C1CCCC1.[Fe].[Fe].[Pd]|MeCN,,Pd(QPhos)2,MeCN,70.0,18.0,26,c1c(cc2c(c1)c(cn2C(=O)OC(C)(C)C)B1OC(C(O1)(C)C)(C)C)F
RKB-03664699,hit_05,c1(cc2c(cc1)S(N[C@H]2C(=O)OC)(=O)=O)Br,screen_SCRN_78,SCRN_78,c_efdcec6f77,[Pd].C(P(C(C)(C)C)C(C)(C)C)(C)(C)C.C(P(C(C)(C)C)C(C)(C)C)(C)(C)C|MeCN,,Pd(P(tBu)3)2,MeCN,70.0,18.0,26,c1c(cc2c(c1)c(cn2C(=O)OC(C)(C)C)B1OC(C(O1)(C)C)(C)C)F
RKB-03664700,hit_05,c1(cc2c(cc1)S(N[C@H]2C(=O)OC)(=O)=O)Br,screen_SCRN_78,SCRN_78,c_ba1fa7db09,O1c2c(C(c3c1c(ccc3)P(c1ccccc1)c1ccccc1)(C)C)cccc2P(c1ccccc1)c1ccccc1.Cl[Pd]Cl|MeOH,,Pd(XanthPhos)Cl2,MeOH,70.0,18.0,26,c1c(cc2c(c1)c(cn2C(=O)OC(C)(C)C)B1OC(C(O1)(C)C)(C)C)F
RKB-03664701,hit_05,c1(cc2c(cc1)S(N[C@H]2C(=O)OC)(=O)=O)Br,screen_SCRN_78,SCRN_78,c_24a01a5b7d,[Pd](Cl)Cl.P(C1CCCCC1)(C1CCCCC1)C1CCCCC1.P(C1CCCCC1)(C1CCCCC1)C1CCCCC1|MeOH,,Pd(P(Cy)3)2Cl2,MeOH,70.0,18.0,25,c1c(cc2c(c1)c(cn2C(=O)OC(C)(C)C)B1OC(C(O1)(C)C)(C)C)F
RKB-03664702,hit_05,c1(cc2c(cc1)S(N[C@H]2C(=O)OC)(=O)=O)Br,screen_SCRN_78,SCRN_78,c_4648614000,C1(C(C(C(C1c1ccccc1)c1ccccc1)c1ccccc1)c1ccccc1)c1ccccc1.P(C(C)(C)C)(C(C)(C)C)C1CCCC1.C1(C(C(C(C1c1ccccc1)c1ccccc1)c1ccccc1)c1ccccc1)c1ccccc1.P(C(C)(C)C)(C(C)(C)C)C1CCCC1.[Fe].[Fe].[Pd]|MeCN,,Pd(QPhos)2,MeCN,70.0,18.0,25,c1c(cc2c(c1)c(cn2C(=O)OC(C)(C)C)B1OC(C(O1)(C)C)(C)C)F
RKB-03664703,hit_05,c1(cc2c(cc1)S(N[C@H]2C(=O)OC)(=O)=O)Br,screen_SCRN_78,SCRN_78,c_493aa05fab,O1c2c(C(c3c1c(ccc3)P(c1ccccc1)c1ccccc1)(C)C)cccc2P(c1ccccc1)c1ccccc1.Cl[Pd]Cl|Toluene,,Pd(XanthPhos)Cl2,Toluene,70.0,18.0,25,c1c(cc2c(c1)c(cn2C(=O)OC(C)(C)C)B1OC(C(O1)(C)C)(C)C)F
RKB-03664704,hit_05,c1(cc2c(cc1)S(N[C@H]2C(=O)OC)(=O)=O)Br,screen_SCRN_78,SCRN_78,c_40534c4f12,[Pd].P(c1ccccc1)(c1ccccc1)c1ccccc1.P(c1ccccc1)(c1ccccc1)c1ccccc1.P(c1ccccc1)(c1ccccc1)c1ccccc1.P(c1ccccc1)(c1ccccc1)c1ccccc1|Toluene,,Pd(P(Ph)3)4),Toluene,70.0,18.0,25,c1c(cc2c(c1)c(cn2C(=O)OC(C)(C)C)B1OC(C(O1)(C)C)(C)C)F
RKB-03664705,hit_05,c1(cc2c(cc1)S(N[C@H]2C(=O)OC)(=O)=O)Br,screen_SCRN_78,SCRN_78,c_3196604cd9,[Pd](Cl)Cl.P(C(C)(C)C)(C(C)(C)C)c1ccc(N(C)C)cc1.P(C(C)(C)C)(C(C)(C)C)c1ccc(N(C)C)cc1|MeCN,,Pd-132,MeCN,70.0,18.0,24,c1c(cc2c(c1)c(cn2C(=O)OC(C)(C)C)B1OC(C(O1)(C)C)(C)C)F
RKB-03664706,hit_05,c1(cc2c(cc1)S(N[C@H]2C(=O)OC)(=O)=O)Br,screen_SCRN_78,SCRN_78,c_b9c1c9f68d,P(C1CCCC1)(c1ccccc1)c1ccccc1.P(C1CCCC1)(c1ccccc1)c1ccccc1.C(Cl)Cl.[Pd](Cl)Cl.[Fe]|MeCN,,Pd(dppf)Cl2,MeCN,70.0,18.0,24,c1c(cc2c(c1)c(cn2C(=O)OC(C)(C)C)B1OC(C(O1)(C)C)(C)C)F
RKB-03664707,hit_05,c1(cc2c(cc1)S(N[C@H]2C(=O)OC)(=O)=O)Br,screen_SCRN_78,SCRN_78,c_3c160df052,c1(c2c(P(C3CCCCC3)C3CCCCC3)cccc2)c(cc(cc1C(C)C)C(C)C)C(C)C|Toluene,Pd(OAc)2,Pd(OAc)2/XPhos,Toluene,70.0,18.0,24,c1c(cc2c(c1)c(cn2C(=O)OC(C)(C)C)B1OC(C(O1)(C)C)(C)C)F
RKB-03664708,hit_05,c1(cc2c(cc1)S(N[C@H]2C(=O)OC)(=O)=O)Br,screen_SCRN_78,SCRN_78,c_1d9e641278,[Pd](Cl)Cl.P(c1c(cccc1)C)(c1c(cccc1)C)c1c(cccc1)C.P(c1c(cccc1)C)(c1c(cccc1)C)c1c(cccc1)C|MeOH,,Pd(P(o-Tol)3)2Cl2,MeOH,70.0,18.0,24,c1c(cc2c(c1)c(cn2C(=O)OC(C)(C)C)B1OC(C(O1)(C)C)(C)C)F
RKB-03664709,hit_05,c1(cc2c(cc1)S(N[C@H]2C(=O)OC)(=O)=O)Br,screen_SCRN_78,SCRN_78,c_30116215bd,[Pd].C(P(C(C)(C)C)C(C)(C)C)(C)(C)C.C(P(C(C)(C)C)C(C)(C)C)(C)(C)C|MeOH,,Pd(P(tBu)3)2,MeOH,70.0,18.0,24,c1c(cc2c(c1)c(cn2C(=O)OC(C)(C)C)B1OC(C(O1)(C)C)(C)C)F
RKB-03664710,hit_05,c1(cc2c(cc1)S(N[C@H]2C(=O)OC)(=O)=O)Br,screen_SCRN_78,SCRN_78,c_ba67a9e214,|Toluene,,SPhos Pd G4,Toluene,70.0,18.0,24,c1c(cc2c(c1)c(cn2C(=O)OC(C)(C)C)B1OC(C(O1)(C)C)(C)C)F
RKB-03664711,hit_05,c1(cc2c(cc1)S(N[C@H]2C(=O)OC)(=O)=O)Br,screen_SCRN_78,SCRN_78,c_96da66f8fe,P(C1CCCC1)(c1ccccc1)c1ccccc1.P(C1CCCC1)(c1ccccc1)c1ccccc1.C(Cl)Cl.[Pd](Cl)Cl.[Fe]|THF,,Pd(dppf)Cl2,THF,70.0,18.0,23,c1c(cc2c(c1)c(cn2C(=O)OC(C)(C)C)B1OC(C(O1)(C)C)(C)C)F
RKB-03664712,hit_05,c1(cc2c(cc1)S(N[C@H]2C(=O)OC)(=O)=O)Br,screen_SCRN_78,SCRN_78,c_e8d46c9e9a,[Pd].P(c1ccccc1)(c1ccccc1)c1ccccc1.P(c1ccccc1)(c1ccccc1)c1ccccc1.P(c1ccccc1)(c1ccccc1)c1ccccc1.P(c1ccccc1)(c1ccccc1)c1ccccc1|MeOH,,Pd(P(Ph)3)4),MeOH,70.0,18.0,22,c1c(cc2c(c1)c(cn2C(=O)OC(C)(C)C)B1OC(C(O1)(C)C)(C)C)F
RKB-03664713,hit_05,c1(cc2c(cc1)S(N[C@H]2C(=O)OC)(=O)=O)Br,screen_SCRN_78,SCRN_78,c_577ff4ada9,P([C@]12C[C@@H]3C[C@H](C2)C[C@@H](C1)C3)([C@]12C[C@@H]3C[C@@H](C2)C[C@@H](C1)C3)CCCC|Toluene,Pd(OAc)2,Pd(OAc)2/CataCXium A,Toluene,70.0,18.0,21,c1c(cc2c(c1)c(cn2C(=O)OC(C)(C)C)B1OC(C(O1)(C)C)(C)C)F
RKB-03664714,hit_05,c1(cc2c(cc1)S(N[C@H]2C(=O)OC)(=O)=O)Br,screen_SCRN_78,SCRN_78,c_b9c1c9f68d,P(C1CCCC1)(c1ccccc1)c1ccccc1.P(C1CCCC1)(c1ccccc1)c1ccccc1.C(Cl)Cl.[Pd](Cl)Cl.[Fe]|MeCN,,Pd(dppf)Cl2,MeCN,70.0,18.0,21,c1c(cc2c(c1)c(cn2C(=O)OC(C)(C)C)B1OC(C(O1)(C)C)(C)C)F
RKB-03664715,hit_05,c1(cc2c(cc1)S(N[C@H]2C(=O)OC)(=O)=O)Br,screen_SCRN_78,SCRN_78,c_c3b27856cb,[Pd](Cl)Cl.P(c1c(cccc1)C)(c1c(cccc1)C)c1c(cccc1)C.P(c1c(cccc1)C)(c1c(cccc1)C)c1c(cccc1)C|MeCN,,Pd(P(o-Tol)3)2Cl2,MeCN,70.0,18.0,21,c1c(cc2c(c1)c(cn2C(=O)OC(C)(C)C)B1OC(C(O1)(C)C)(C)C)F
RKB-03664716,hit_05,c1(cc2c(cc1)S(N[C@H]2C(=O)OC)(=O)=O)Br,screen_SCRN_78,SCRN_78,c_86f3e84f01,[Pd].P(c1ccccc1)(c1ccccc1)c1ccccc1.P(c1ccccc1)(c1ccccc1)c1ccccc1.P(c1ccccc1)(c1ccccc1)c1ccccc1.P(c1ccccc1)(c1ccccc1)c1ccccc1|THF,,Pd(P(Ph)3)4),THF,70.0,18.0,20,c1c(cc2c(c1)c(cn2C(=O)OC(C)(C)C)B1OC(C(O1)(C)C)(C)C)F
RKB-03664717,hit_05,c1(cc2c(cc1)S(N[C@H]2C(=O)OC)(=O)=O)Br,screen_SCRN_78,SCRN_78,c_23c32c1777,[Pd](Cl)Cl.P(C1CCCCC1)(C1CCCCC1)C1CCCCC1.P(C1CCCCC1)(C1CCCCC1)C1CCCCC1|Toluene,,Pd(P(Cy)3)2Cl2,Toluene,70.0,18.0,19,c1c(cc2c(c1)c(cn2C(=O)OC(C)(C)C)B1OC(C(O1)(C)C)(C)C)F
RKB-03664718,hit_05,c1(cc2c(cc1)S(N[C@H]2C(=O)OC)(=O)=O)Br,screen_SCRN_78,SCRN_78,c_b9c1c9f68d,P(C1CCCC1)(c1ccccc1)c1ccccc1.P(C1CCCC1)(c1ccccc1)c1ccccc1.C(Cl)Cl.[Pd](Cl)Cl.[Fe]|MeCN,,Pd(dppf)Cl2,MeCN,70.0,18.0,19,c1c(cc2c(c1)c(cn2C(=O)OC(C)(C)C)B1OC(C(O1)(C)C)(C)C)F
RKB-03664719,hit_05,c1(cc2c(cc1)S(N[C@H]2C(=O)OC)(=O)=O)Br,screen_SCRN_78,SCRN_78,c_adf3bba061,P(C1CCCC1)(C(C)(C)C)C(C)(C)C.P(C1CCCC1)(C(C)(C)C)C(C)(C)C.[Pd](Cl)Cl.[Fe]|MeCN,,Pd(dtbpf)Cl2,MeCN,70.0,18.0,19,c1c(cc2c(c1)c(cn2C(=O)OC(C)(C)C)B1OC(C(O1)(C)C)(C)C)F
RKB-03664720,hit_05,c1(cc2c(cc1)S(N[C@H]2C(=O)OC)(=O)=O)Br,screen_SCRN_78,SCRN_78,c_599a93c125,[Pd](Cl)Cl.P(c1c(cccc1)C)(c1c(cccc1)C)c1c(cccc1)C.P(c1c(cccc1)C)(c1c(cccc1)C)c1c(cccc1)C|Toluene,,Pd(P(o-Tol)3)2Cl2,Toluene,70.0,18.0,19,c1c(cc2c(c1)c(cn2C(=O)OC(C)(C)C)B1OC(C(O1)(C)C)(C)C)F
RKB-03664721,hit_05,c1(cc2c(cc1)S(N[C@H]2C(=O)OC)(=O)=O)Br,screen_SCRN_78,SCRN_78,c_99aeac08ec,O1c2c(C(c3c1c(ccc3)P(c1ccccc1)c1ccccc1)(C)C)cccc2P(c1ccccc1)c1ccccc1.Cl[Pd]Cl|MeCN,,Pd(XanthPhos)Cl2,MeCN,70.0,18.0,19,c1c(cc2c(c1)c(cn2C(=O)OC(C)(C)C)B1OC(C(O1)(C)C)(C)C)F
RKB-03664722,hit_05,c1(cc2c(cc1)S(N[C@H]2C(=O)OC)(=O)=O)Br,screen_SCRN_78,SCRN_78,c_a86e283b14,c1(c2c(P(C3CCCCC3)C3CCCCC3)cccc2)c(cc(cc1C(C)C)C(C)C)C(C)C|MeCN,Pd(OAc)2,Pd(OAc)2/XPhos,MeCN,70.0,18.0,18,c1c(cc2c(c1)c(cn2C(=O)OC(C)(C)C)B1OC(C(O1)(C)C)(C)C)F
RKB-03664723,hit_05,c1(cc2c(cc1)S(N[C@H]2C(=O)OC)(=O)=O)Br,screen_SCRN_78,SCRN_78,c_efdcec6f77,[Pd].C(P(C(C)(C)C)C(C)(C)C)(C)(C)C.C(P(C(C)(C)C)C(C)(C)C)(C)(C)C|MeCN,,Pd(P(tBu)3)2,MeCN,70.0,18.0,18,c1c(cc2c(c1)c(cn2C(=O)OC(C)(C)C)B1OC(C(O1)(C)C)(C)C)F
RKB-03664724,hit_05,c1(cc2c(cc1)S(N[C@H]2C(=O)OC)(=O)=O)Br,screen_SCRN_78,SCRN_78,c_23c32c1777,[Pd](Cl)Cl.P(C1CCCCC1)(C1CCCCC1)C1CCCCC1.P(C1CCCCC1)(C1CCCCC1)C1CCCCC1|Toluene,,Pd(P(Cy)3)2Cl2,Toluene,70.0,18.0,17,c1c(cc2c(c1)c(cn2C(=O)OC(C)(C)C)B1OC(C(O1)(C)C)(C)C)F
RKB-03664725,hit_05,c1(cc2c(cc1)S(N[C@H]2C(=O)OC)(=O)=O)Br,screen_SCRN_78,SCRN_78,c_32f061b282,P(C1CCCC1)(C(C)(C)C)C(C)(C)C.P(C1CCCC1)(C(C)(C)C)C(C)(C)C.[Pd](Cl)Cl.[Fe]|Toluene,,Pd(dtbpf)Cl2,Toluene,70.0,18.0,17,c1c(cc2c(c1)c(cn2C(=O)OC(C)(C)C)B1OC(C(O1)(C)C)(C)C)F
RKB-03664726,hit_05,c1(cc2c(cc1)S(N[C@H]2C(=O)OC)(=O)=O)Br,screen_SCRN_78,SCRN_78,c_87d08dc489,P(C1CCCC1)(C(C)(C)C)C(C)(C)C.P(C1CCCC1)(C(C)(C)C)C(C)(C)C.[Pd](Cl)Cl.[Fe]|MeOH,,Pd(dtbpf)Cl2,MeOH,70.0,18.0,17,c1c(cc2c(c1)c(cn2C(=O)OC(C)(C)C)B1OC(C(O1)(C)C)(C)C)F
RKB-03664727,hit_05,c1(cc2c(cc1)S(N[C@H]2C(=O)OC)(=O)=O)Br,screen_SCRN_78,SCRN_78,c_599a93c125,[Pd](Cl)Cl.P(c1c(cccc1)C)(c1c(cccc1)C)c1c(cccc1)C.P(c1c(cccc1)C)(c1c(cccc1)C)c1c(cccc1)C|Toluene,,Pd(P(o-Tol)3)2Cl2,Toluene,70.0,18.0,16,c1c(cc2c(c1)c(cn2C(=O)OC(C)(C)C)B1OC(C(O1)(C)C)(C)C)F
RKB-03664728,hit_05,c1(cc2c(cc1)S(N[C@H]2C(=O)OC)(=O)=O)Br,screen_SCRN_78,SCRN_78,c_c4be4d3b3e,c1(c2c(P(C3CCCCC3)C3CCCCC3)cccc2)c(cc(cc1C(C)C)C(C)C)C(C)C|MeOH,Pd(OAc)2,Pd(OAc)2/XPhos,MeOH,70.0,18.0,16,c1c(cc2c(c1)c(cn2C(=O)OC(C)(C)C)B1OC(C(O1)(C)C)(C)C)F
RKB-03664729,hit_05,c1(cc2c(cc1)S(N[C@H]2C(=O)OC)(=O)=O)Br,screen_SCRN_78,SCRN_78,c_40534c4f12,[Pd].P(c1ccccc1)(c1ccccc1)c1ccccc1.P(c1ccccc1)(c1ccccc1)c1ccccc1.P(c1ccccc1)(c1ccccc1)c1ccccc1.P(c1ccccc1)(c1ccccc1)c1ccccc1|Toluene,,Pd(P(Ph)3)4),Toluene,70.0,18.0,15,c1c(cc2c(c1)c(cn2C(=O)OC(C)(C)C)B1OC(C(O1)(C)C)(C)C)F
RKB-03664730,hit_05,c1(cc2c(cc1)S(N[C@H]2C(=O)OC)(=O)=O)Br,screen_SCRN_78,SCRN_78,c_e7bd21231d,P(C1CCCC1)(c1ccccc1)c1ccccc1.P(C1CCCC1)(c1ccccc1)c1ccccc1.C(Cl)Cl.[Pd](Cl)Cl.[Fe]|MeOH,,Pd(dppf)Cl2,MeOH,70.0,18.0,14,c1c(cc2c(c1)c(cn2C(=O)OC(C)(C)C)B1OC(C(O1)(C)C)(C)C)F
RKB-03664731,hit_05,c1(cc2c(cc1)S(N[C@H]2C(=O)OC)(=O)=O)Br,screen_SCRN_78,SCRN_78,c_86f3e84f01,[Pd].P(c1ccccc1)(c1ccccc1)c1ccccc1.P(c1ccccc1)(c1ccccc1)c1ccccc1.P(c1ccccc1)(c1ccccc1)c1ccccc1.P(c1ccccc1)(c1ccccc1)c1ccccc1|THF,,Pd(P(Ph)3)4),THF,70.0,18.0,14,c1c(cc2c(c1)c(cn2C(=O)OC(C)(C)C)B1OC(C(O1)(C)C)(C)C)F
RKB-03664732,hit_05,c1(cc2c(cc1)S(N[C@H]2C(=O)OC)(=O)=O)Br,screen_SCRN_78,SCRN_78,c_5e8279fbea,[Pd](Cl)Cl.P(C(C)(C)C)(C(C)(C)C)c1ccc(N(C)C)cc1.P(C(C)(C)C)(C(C)(C)C)c1ccc(N(C)C)cc1|Toluene,,Pd-132,Toluene,70.0,18.0,13,c1c(cc2c(c1)c(cn2C(=O)OC(C)(C)C)B1OC(C(O1)(C)C)(C)C)F
RKB-03664733,hit_05,c1(cc2c(cc1)S(N[C@H]2C(=O)OC)(=O)=O)Br,screen_SCRN_78,SCRN_78,c_9e3adb389c,P(C1CCCC1)(c1ccccc1)c1ccccc1.P(C1CCCC1)(c1ccccc1)c1ccccc1.C(Cl)Cl.[Pd](Cl)Cl.[Fe]|Toluene,,Pd(dppf)Cl2,Toluene,70.0,18.0,13,c1c(cc2c(c1)c(cn2C(=O)OC(C)(C)C)B1OC(C(O1)(C)C)(C)C)F
RKB-03664734,hit_05,c1(cc2c(cc1)S(N[C@H]2C(=O)OC)(=O)=O)Br,screen_SCRN_78,SCRN_78,c_e7bd21231d,P(C1CCCC1)(c1ccccc1)c1ccccc1.P(C1CCCC1)(c1ccccc1)c1ccccc1.C(Cl)Cl.[Pd](Cl)Cl.[Fe]|MeOH,,Pd(dppf)Cl2,MeOH,70.0,18.0,12,c1c(cc2c(c1)c(cn2C(=O)OC(C)(C)C)B1OC(C(O1)(C)C)(C)C)F
RKB-03664735,hit_05,c1(cc2c(cc1)S(N[C@H]2C(=O)OC)(=O)=O)Br,screen_SCRN_78,SCRN_78,c_a86e283b14,c1(c2c(P(C3CCCCC3)C3CCCCC3)cccc2)c(cc(cc1C(C)C)C(C)C)C(C)C|MeCN,Pd(OAc)2,Pd(OAc)2/XPhos,MeCN,70.0,18.0,11,c1c(cc2c(c1)c(cn2C(=O)OC(C)(C)C)B1OC(C(O1)(C)C)(C)C)F
RKB-03664736,hit_05,c1(cc2c(cc1)S(N[C@H]2C(=O)OC)(=O)=O)Br,screen_SCRN_78,SCRN_78,c_ad8305297d,[Pd](Cl)Cl.P(c1c(cccc1)C)(c1c(cccc1)C)c1c(cccc1)C.P(c1c(cccc1)C)(c1c(cccc1)C)c1c(cccc1)C|THF,,Pd(P(o-Tol)3)2Cl2,THF,70.0,18.0,11,c1c(cc2c(c1)c(cn2C(=O)OC(C)(C)C)B1OC(C(O1)(C)C)(C)C)F
RKB-03664737,hit_05,c1(cc2c(cc1)S(N[C@H]2C(=O)OC)(=O)=O)Br,screen_SCRN_78,SCRN_78,c_577ff4ada9,P([C@]12C[C@@H]3C[C@H](C2)C[C@@H](C1)C3)([C@]12C[C@@H]3C[C@@H](C2)C[C@@H](C1)C3)CCCC|Toluene,Pd(OAc)2,Pd(OAc)2/CataCXium A,Toluene,70.0,18.0,11,c1c(cc2c(c1)c(cn2C(=O)OC(C)(C)C)B1OC(C(O1)(C)C)(C)C)F
RKB-03664738,hit_05,c1(cc2c(cc1)S(N[C@H]2C(=O)OC)(=O)=O)Br,screen_SCRN_78,SCRN_78,c_b9c1c9f68d,P(C1CCCC1)(c1ccccc1)c1ccccc1.P(C1CCCC1)(c1ccccc1)c1ccccc1.C(Cl)Cl.[Pd](Cl)Cl.[Fe]|MeCN,,Pd(dppf)Cl2,MeCN,70.0,18.0,11,c1c(cc2c(c1)c(cn2C(=O)OC(C)(C)C)B1OC(C(O1)(C)C)(C)C)F
RKB-03664739,hit_05,c1(cc2c(cc1)S(N[C@H]2C(=O)OC)(=O)=O)Br,screen_SCRN_78,SCRN_78,c_493aa05fab,O1c2c(C(c3c1c(ccc3)P(c1ccccc1)c1ccccc1)(C)C)cccc2P(c1ccccc1)c1ccccc1.Cl[Pd]Cl|Toluene,,Pd(XanthPhos)Cl2,Toluene,70.0,18.0,10,c1c(cc2c(c1)c(cn2C(=O)OC(C)(C)C)B1OC(C(O1)(C)C)(C)C)F
RKB-03664740,hit_05,c1(cc2c(cc1)S(N[C@H]2C(=O)OC)(=O)=O)Br,screen_SCRN_78,SCRN_78,c_5e8279fbea,[Pd](Cl)Cl.P(C(C)(C)C)(C(C)(C)C)c1ccc(N(C)C)cc1.P(C(C)(C)C)(C(C)(C)C)c1ccc(N(C)C)cc1|Toluene,,Pd-132,Toluene,70.0,18.0,10,c1c(cc2c(c1)c(cn2C(=O)OC(C)(C)C)B1OC(C(O1)(C)C)(C)C)F
RKB-03664741,hit_05,c1(cc2c(cc1)S(N[C@H]2C(=O)OC)(=O)=O)Br,screen_SCRN_78,SCRN_78,c_7dc2ed3bef,C1(C(C(C(C1c1ccccc1)c1ccccc1)c1ccccc1)c1ccccc1)c1ccccc1.P(C(C)(C)C)(C(C)(C)C)C1CCCC1.C1(C(C(C(C1c1ccccc1)c1ccccc1)c1ccccc1)c1ccccc1)c1ccccc1.P(C(C)(C)C)(C(C)(C)C)C1CCCC1.[Fe].[Fe].[Pd]|MeOH,,Pd(QPhos)2,MeOH,70.0,18.0,10,c1c(cc2c(c1)c(cn2C(=O)OC(C)(C)C)B1OC(C(O1)(C)C)(C)C)F
RKB-03664742,hit_05,c1(cc2c(cc1)S(N[C@H]2C(=O)OC)(=O)=O)Br,screen_SCRN_78,SCRN_78,c_96da66f8fe,P(C1CCCC1)(c1ccccc1)c1ccccc1.P(C1CCCC1)(c1ccccc1)c1ccccc1.C(Cl)Cl.[Pd](Cl)Cl.[Fe]|THF,,Pd(dppf)Cl2,THF,70.0,18.0,10,c1c(cc2c(c1)c(cn2C(=O)OC(C)(C)C)B1OC(C(O1)(C)C)(C)C)F
RKB-03664743,hit_05,c1(cc2c(cc1)S(N[C@H]2C(=O)OC)(=O)=O)Br,screen_SCRN_78,SCRN_78,c_4fdc95dfd7,[Pd](Cl)Cl.P(C(C)(C)C)(C(C)(C)C)c1ccc(N(C)C)cc1.P(C(C)(C)C)(C(C)(C)C)c1ccc(N(C)C)cc1|THF,,Pd-132,THF,70.0,18.0,10,c1c(cc2c(c1)c(cn2C(=O)OC(C)(C)C)B1OC(C(O1)(C)C)(C)C)F
RKB-03664744,hit_05,c1(cc2c(cc1)S(N[C@H]2C(=O)OC)(=O)=O)Br,screen_SCRN_78,SCRN_78,c_c4be4d3b3e,c1(c2c(P(C3CCCCC3)C3CCCCC3)cccc2)c(cc(cc1C(C)C)C(C)C)C(C)C|MeOH,Pd(OAc)2,Pd(OAc)2/XPhos,MeOH,70.0,18.0,9,c1c(cc2c(c1)c(cn2C(=O)OC(C)(C)C)B1OC(C(O1)(C)C)(C)C)F
RKB-03664745,hit_05,c1(cc2c(cc1)S(N[C@H]2C(=O)OC)(=O)=O)Br,screen_SCRN_78,SCRN_78,c_1f622dc39d,[Pd].C(P(C(C)(C)C)C(C)(C)C)(C)(C)C.C(P(C(C)(C)C)C(C)(C)C)(C)(C)C|THF,,Pd(P(tBu)3)2,THF,70.0,18.0,9,c1c(cc2c(c1)c(cn2C(=O)OC(C)(C)C)B1OC(C(O1)(C)C)(C)C)F
RKB-03664746,hit_05,c1(cc2c(cc1)S(N[C@H]2C(=O)OC)(=O)=O)Br,screen_SCRN_78,SCRN_78,c_32f061b282,P(C1CCCC1)(C(C)(C)C)C(C)(C)C.P(C1CCCC1)(C(C)(C)C)C(C)(C)C.[Pd](Cl)Cl.[Fe]|Toluene,,Pd(dtbpf)Cl2,Toluene,70.0,18.0,9,c1c(cc2c(c1)c(cn2C(=O)OC(C)(C)C)B1OC(C(O1)(C)C)(C)C)F
RKB-03664747,hit_05,c1(cc2c(cc1)S(N[C@H]2C(=O)OC)(=O)=O)Br,screen_SCRN_78,SCRN_78,c_a88c92ca46,C1(C(C(C(C1c1ccccc1)c1ccccc1)c1ccccc1)c1ccccc1)c1ccccc1.P(C(C)(C)C)(C(C)(C)C)C1CCCC1.C1(C(C(C(C1c1ccccc1)c1ccccc1)c1ccccc1)c1ccccc1)c1ccccc1.P(C(C)(C)C)(C(C)(C)C)C1CCCC1.[Fe].[Fe].[Pd]|Toluene,,Pd(QPhos)2,Toluene,70.0,18.0,8,c1c(cc2c(c1)c(cn2C(=O)OC(C)(C)C)B1OC(C(O1)(C)C)(C)C)F
RKB-03664748,hit_05,c1(cc2c(cc1)S(N[C@H]2C(=O)OC)(=O)=O)Br,screen_SCRN_78,SCRN_78,c_adf3bba061,P(C1CCCC1)(C(C)(C)C)C(C)(C)C.P(C1CCCC1)(C(C)(C)C)C(C)(C)C.[Pd](Cl)Cl.[Fe]|MeCN,,Pd(dtbpf)Cl2,MeCN,70.0,18.0,8,c1c(cc2c(c1)c(cn2C(=O)OC(C)(C)C)B1OC(C(O1)(C)C)(C)C)F
RKB-03664749,hit_05,c1(cc2c(cc1)S(N[C@H]2C(=O)OC)(=O)=O)Br,screen_SCRN_78,SCRN_78,c_ba1fa7db09,O1c2c(C(c3c1c(ccc3)P(c1ccccc1)c1ccccc1)(C)C)cccc2P(c1ccccc1)c1ccccc1.Cl[Pd]Cl|MeOH,,Pd(XanthPhos)Cl2,MeOH,70.0,18.0,8,c1c(cc2c(c1)c(cn2C(=O)OC(C)(C)C)B1OC(C(O1)(C)C)(C)C)F
RKB-03664750,hit_05,c1(cc2c(cc1)S(N[C@H]2C(=O)OC)(=O)=O)Br,screen_SCRN_78,SCRN_78,c_9e3adb389c,P(C1CCCC1)(c1ccccc1)c1ccccc1.P(C1CCCC1)(c1ccccc1)c1ccccc1.C(Cl)Cl.[Pd](Cl)Cl.[Fe]|Toluene,,Pd(dppf)Cl2,Toluene,70.0,18.0,7,c1c(cc2c(c1)c(cn2C(=O)OC(C)(C)C)B1OC(C(O1)(C)C)(C)C)F
RKB-03664751,hit_05,c1(cc2c(cc1)S(N[C@H]2C(=O)OC)(=O)=O)Br,screen_SCRN_78,SCRN_78,c_23c32c1777,[Pd](Cl)Cl.P(C1CCCCC1)(C1CCCCC1)C1CCCCC1.P(C1CCCCC1)(C1CCCCC1)C1CCCCC1|Toluene,,Pd(P(Cy)3)2Cl2,Toluene,70.0,18.0,7,c1c(cc2c(c1)c(cn2C(=O)OC(C)(C)C)B1OC(C(O1)(C)C)(C)C)F
RKB-03664752,hit_05,c1(cc2c(cc1)S(N[C@H]2C(=O)OC)(=O)=O)Br,screen_SCRN_78,SCRN_78,c_9e3adb389c,P(C1CCCC1)(c1ccccc1)c1ccccc1.P(C1CCCC1)(c1ccccc1)c1ccccc1.C(Cl)Cl.[Pd](Cl)Cl.[Fe]|Toluene,,Pd(dppf)Cl2,Toluene,70.0,18.0,7,c1c(cc2c(c1)c(cn2C(=O)OC(C)(C)C)B1OC(C(O1)(C)C)(C)C)F
RKB-03664753,hit_05,c1(cc2c(cc1)S(N[C@H]2C(=O)OC)(=O)=O)Br,screen_SCRN_78,SCRN_78,c_40534c4f12,[Pd].P(c1ccccc1)(c1ccccc1)c1ccccc1.P(c1ccccc1)(c1ccccc1)c1ccccc1.P(c1ccccc1)(c1ccccc1)c1ccccc1.P(c1ccccc1)(c1ccccc1)c1ccccc1|Toluene,,Pd(P(Ph)3)4),Toluene,70.0,18.0,7,c1c(cc2c(c1)c(cn2C(=O)OC(C)(C)C)B1OC(C(O1)(C)C)(C)C)F
RKB-03664754,hit_05,c1(cc2c(cc1)S(N[C@H]2C(=O)OC)(=O)=O)Br,screen_SCRN_78,SCRN_78,c_24a01a5b7d,[Pd](Cl)Cl.P(C1CCCCC1)(C1CCCCC1)C1CCCCC1.P(C1CCCCC1)(C1CCCCC1)C1CCCCC1|MeOH,,Pd(P(Cy)3)2Cl2,MeOH,70.0,18.0,6,c1c(cc2c(c1)c(cn2C(=O)OC(C)(C)C)B1OC(C(O1)(C)C)(C)C)F
RKB-03664755,hit_05,c1(cc2c(cc1)S(N[C@H]2C(=O)OC)(=O)=O)Br,screen_SCRN_78,SCRN_78,c_14f5c30068,[Pd](Cl)Cl.P(C1CCCCC1)(C1CCCCC1)C1CCCCC1.P(C1CCCCC1)(C1CCCCC1)C1CCCCC1|MeCN,,Pd(P(Cy)3)2Cl2,MeCN,70.0,18.0,6,c1c(cc2c(c1)c(cn2C(=O)OC(C)(C)C)B1OC(C(O1)(C)C)(C)C)F
RKB-03664756,hit_05,c1(cc2c(cc1)S(N[C@H]2C(=O)OC)(=O)=O)Br,screen_SCRN_78,SCRN_78,c_3f90fc71ff,[Pd](Cl)Cl.P(C(C)(C)C)(C(C)(C)C)c1ccc(N(C)C)cc1.P(C(C)(C)C)(C(C)(C)C)c1ccc(N(C)C)cc1|MeOH,,Pd-132,MeOH,70.0,18.0,6,c1c(cc2c(c1)c(cn2C(=O)OC(C)(C)C)B1OC(C(O1)(C)C)(C)C)F
RKB-03664757,hit_05,c1(cc2c(cc1)S(N[C@H]2C(=O)OC)(=O)=O)Br,screen_SCRN_78,SCRN_78,c_ba67a9e214,|Toluene,,SPhos Pd G4,Toluene,70.0,18.0,6,c1c(cc2c(c1)c(cn2C(=O)OC(C)(C)C)B1OC(C(O1)(C)C)(C)C)F
RKB-03664758,hit_05,c1(cc2c(cc1)S(N[C@H]2C(=O)OC)(=O)=O)Br,screen_SCRN_78,SCRN_78,c_493aa05fab,O1c2c(C(c3c1c(ccc3)P(c1ccccc1)c1ccccc1)(C)C)cccc2P(c1ccccc1)c1ccccc1.Cl[Pd]Cl|Toluene,,Pd(XanthPhos)Cl2,Toluene,70.0,18.0,6,c1c(cc2c(c1)c(cn2C(=O)OC(C)(C)C)B1OC(C(O1)(C)C)(C)C)F
RKB-03664759,hit_05,c1(cc2c(cc1)S(N[C@H]2C(=O)OC)(=O)=O)Br,screen_SCRN_78,SCRN_78,c_32f061b282,P(C1CCCC1)(C(C)(C)C)C(C)(C)C.P(C1CCCC1)(C(C)(C)C)C(C)(C)C.[Pd](Cl)Cl.[Fe]|Toluene,,Pd(dtbpf)Cl2,Toluene,70.0,18.0,6,c1c(cc2c(c1)c(cn2C(=O)OC(C)(C)C)B1OC(C(O1)(C)C)(C)C)F
RKB-03664760,hit_05,c1(cc2c(cc1)S(N[C@H]2C(=O)OC)(=O)=O)Br,screen_SCRN_78,SCRN_78,c_4076342b87,[Pd].C(P(C(C)(C)C)C(C)(C)C)(C)(C)C.C(P(C(C)(C)C)C(C)(C)C)(C)(C)C|Toluene,,Pd(P(tBu)3)2,Toluene,70.0,18.0,6,c1c(cc2c(c1)c(cn2C(=O)OC(C)(C)C)B1OC(C(O1)(C)C)(C)C)F
RKB-03664761,hit_05,c1(cc2c(cc1)S(N[C@H]2C(=O)OC)(=O)=O)Br,screen_SCRN_78,SCRN_78,c_3196604cd9,[Pd](Cl)Cl.P(C(C)(C)C)(C(C)(C)C)c1ccc(N(C)C)cc1.P(C(C)(C)C)(C(C)(C)C)c1ccc(N(C)C)cc1|MeCN,,Pd-132,MeCN,70.0,18.0,6,c1c(cc2c(c1)c(cn2C(=O)OC(C)(C)C)B1OC(C(O1)(C)C)(C)C)F
RKB-03664762,hit_05,c1(cc2c(cc1)S(N[C@H]2C(=O)OC)(=O)=O)Br,screen_SCRN_78,SCRN_78,c_ba67a9e214,|Toluene,,SPhos Pd G4,Toluene,70.0,18.0,6,c1c(cc2c(c1)c(cn2C(=O)OC(C)(C)C)B1OC(C(O1)(C)C)(C)C)F
RKB-03664763,hit_05,c1(cc2c(cc1)S(N[C@H]2C(=O)OC)(=O)=O)Br,screen_SCRN_78,SCRN_78,c_577ff4ada9,P([C@]12C[C@@H]3C[C@H](C2)C[C@@H](C1)C3)([C@]12C[C@@H]3C[C@@H](C2)C[C@@H](C1)C3)CCCC|Toluene,Pd(OAc)2,Pd(OAc)2/CataCXium A,Toluene,70.0,18.0,6,c1c(cc2c(c1)c(cn2C(=O)OC(C)(C)C)B1OC(C(O1)(C)C)(C)C)F
RKB-03664764,hit_05,c1(cc2c(cc1)S(N[C@H]2C(=O)OC)(=O)=O)Br,screen_SCRN_78,SCRN_78,c_32f061b282,P(C1CCCC1)(C(C)(C)C)C(C)(C)C.P(C1CCCC1)(C(C)(C)C)C(C)(C)C.[Pd](Cl)Cl.[Fe]|Toluene,,Pd(dtbpf)Cl2,Toluene,70.0,18.0,6,c1c(cc2c(c1)c(cn2C(=O)OC(C)(C)C)B1OC(C(O1)(C)C)(C)C)F
RKB-03664765,hit_05,c1(cc2c(cc1)S(N[C@H]2C(=O)OC)(=O)=O)Br,screen_SCRN_78,SCRN_78,c_aabcb49fef,|THF,,SPhos Pd G4,THF,70.0,18.0,5,c1c(cc2c(c1)c(cn2C(=O)OC(C)(C)C)B1OC(C(O1)(C)C)(C)C)F
RKB-03664766,hit_05,c1(cc2c(cc1)S(N[C@H]2C(=O)OC)(=O)=O)Br,screen_SCRN_78,SCRN_78,c_e03a6b9172,P([C@]12C[C@@H]3C[C@H](C2)C[C@@H](C1)C3)([C@]12C[C@@H]3C[C@@H](C2)C[C@@H](C1)C3)CCCC|THF,Pd(OAc)2,Pd(OAc)2/CataCXium A,THF,70.0,18.0,5,c1c(cc2c(c1)c(cn2C(=O)OC(C)(C)C)B1OC(C(O1)(C)C)(C)C)F
RKB-03664767,hit_05,c1(cc2c(cc1)S(N[C@H]2C(=O)OC)(=O)=O)Br,screen_SCRN_78,SCRN_78,c_e34fd39dff,|MeOH,,SPhos Pd G4,MeOH,70.0,18.0,5,c1c(cc2c(c1)c(cn2C(=O)OC(C)(C)C)B1OC(C(O1)(C)C)(C)C)F
RKB-03664768,hit_05,c1(cc2c(cc1)S(N[C@H]2C(=O)OC)(=O)=O)Br,screen_SCRN_78,SCRN_78,c_23c32c1777,[Pd](Cl)Cl.P(C1CCCCC1)(C1CCCCC1)C1CCCCC1.P(C1CCCCC1)(C1CCCCC1)C1CCCCC1|Toluene,,Pd(P(Cy)3)2Cl2,Toluene,70.0,18.0,5,c1c(cc2c(c1)c(cn2C(=O)OC(C)(C)C)B1OC(C(O1)(C)C)(C)C)F
RKB-03664769,hit_05,c1(cc2c(cc1)S(N[C@H]2C(=O)OC)(=O)=O)Br,screen_SCRN_78,SCRN_78,c_e8d46c9e9a,[Pd].P(c1ccccc1)(c1ccccc1)c1ccccc1.P(c1ccccc1)(c1ccccc1)c1ccccc1.P(c1ccccc1)(c1ccccc1)c1ccccc1.P(c1ccccc1)(c1ccccc1)c1ccccc1|MeOH,,Pd(P(Ph)3)4),MeOH,70.0,18.0,5,c1c(cc2c(c1)c(cn2C(=O)OC(C)(C)C)B1OC(C(O1)(C)C)(C)C)F
RKB-03664770,hit_05,c1(cc2c(cc1)S(N[C@H]2C(=O)OC)(=O)=O)Br,screen_SCRN_78,SCRN_78,c_4648614000,C1(C(C(C(C1c1ccccc1)c1ccccc1)c1ccccc1)c1ccccc1)c1ccccc1.P(C(C)(C)C)(C(C)(C)C)C1CCCC1.C1(C(C(C(C1c1ccccc1)c1ccccc1)c1ccccc1)c1ccccc1)c1ccccc1.P(C(C)(C)C)(C(C)(C)C)C1CCCC1.[Fe].[Fe].[Pd]|MeCN,,Pd(QPhos)2,MeCN,70.0,18.0,5,c1c(cc2c(c1)c(cn2C(=O)OC(C)(C)C)B1OC(C(O1)(C)C)(C)C)F
RKB-03664771,hit_05,c1(cc2c(cc1)S(N[C@H]2C(=O)OC)(=O)=O)Br,screen_SCRN_78,SCRN_78,c_b4e663cbcf,P([C@]12C[C@@H]3C[C@H](C2)C[C@@H](C1)C3)([C@]12C[C@@H]3C[C@@H](C2)C[C@@H](C1)C3)CCCC|MeOH,Pd(OAc)2,Pd(OAc)2/CataCXium A,MeOH,70.0,18.0,4,c1c(cc2c(c1)c(cn2C(=O)OC(C)(C)C)B1OC(C(O1)(C)C)(C)C)F
RKB-03664772,hit_05,c1(cc2c(cc1)S(N[C@H]2C(=O)OC)(=O)=O)Br,screen_SCRN_78,SCRN_78,c_40534c4f12,[Pd].P(c1ccccc1)(c1ccccc1)c1ccccc1.P(c1ccccc1)(c1ccccc1)c1ccccc1.P(c1ccccc1)(c1ccccc1)c1ccccc1.P(c1ccccc1)(c1ccccc1)c1ccccc1|Toluene,,Pd(P(Ph)3)4),Toluene,70.0,18.0,4,c1c(cc2c(c1)c(cn2C(=O)OC(C)(C)C)B1OC(C(O1)(C)C)(C)C)F
RKB-03664773,hit_05,c1(cc2c(cc1)S(N[C@H]2C(=O)OC)(=O)=O)Br,screen_SCRN_78,SCRN_78,c_3f90fc71ff,[Pd](Cl)Cl.P(C(C)(C)C)(C(C)(C)C)c1ccc(N(C)C)cc1.P(C(C)(C)C)(C(C)(C)C)c1ccc(N(C)C)cc1|MeOH,,Pd-132,MeOH,70.0,18.0,4,c1c(cc2c(c1)c(cn2C(=O)OC(C)(C)C)B1OC(C(O1)(C)C)(C)C)F
RKB-03664774,hit_05,c1(cc2c(cc1)S(N[C@H]2C(=O)OC)(=O)=O)Br,screen_SCRN_78,SCRN_78,c_fb0fd7c858,[Pd](Cl)Cl.P(C1CCCCC1)(C1CCCCC1)C1CCCCC1.P(C1CCCCC1)(C1CCCCC1)C1CCCCC1|THF,,Pd(P(Cy)3)2Cl2,THF,70.0,18.0,4,c1c(cc2c(c1)c(cn2C(=O)OC(C)(C)C)B1OC(C(O1)(C)C)(C)C)F
RKB-03664775,hit_05,c1(cc2c(cc1)S(N[C@H]2C(=O)OC)(=O)=O)Br,screen_SCRN_78,SCRN_78,c_3ee2d5105a,P([C@]12C[C@@H]3C[C@H](C2)C[C@@H](C1)C3)([C@]12C[C@@H]3C[C@@H](C2)C[C@@H](C1)C3)CCCC|MeCN,Pd(OAc)2,Pd(OAc)2/CataCXium A,MeCN,70.0,18.0,4,c1c(cc2c(c1)c(cn2C(=O)OC(C)(C)C)B1OC(C(O1)(C)C)(C)C)F
RKB-03664776,hit_05,c1(cc2c(cc1)S(N[C@H]2C(=O)OC)(=O)=O)Br,screen_SCRN_78,SCRN_78,c_7dc2ed3bef,C1(C(C(C(C1c1ccccc1)c1ccccc1)c1ccccc1)c1ccccc1)c1ccccc1.P(C(C)(C)C)(C(C)(C)C)C1CCCC1.C1(C(C(C(C1c1ccccc1)c1ccccc1)c1ccccc1)c1ccccc1)c1ccccc1.P(C(C)(C)C)(C(C)(C)C)C1CCCC1.[Fe].[Fe].[Pd]|MeOH,,Pd(QPhos)2,MeOH,70.0,18.0,4,c1c(cc2c(c1)c(cn2C(=O)OC(C)(C)C)B1OC(C(O1)(C)C)(C)C)F
RKB-03664777,hit_05,c1(cc2c(cc1)S(N[C@H]2C(=O)OC)(=O)=O)Br,screen_SCRN_78,SCRN_78,c_e564d7612a,[Pd].P(c1ccccc1)(c1ccccc1)c1ccccc1.P(c1ccccc1)(c1ccccc1)c1ccccc1.P(c1ccccc1)(c1ccccc1)c1ccccc1.P(c1ccccc1)(c1ccccc1)c1ccccc1|MeCN,,Pd(P(Ph)3)4),MeCN,70.0,18.0,4,c1c(cc2c(c1)c(cn2C(=O)OC(C)(C)C)B1OC(C(O1)(C)C)(C)C)F
RKB-03664778,hit_05,c1(cc2c(cc1)S(N[C@H]2C(=O)OC)(=O)=O)Br,screen_SCRN_78,SCRN_78,c_3c160df052,c1(c2c(P(C3CCCCC3)C3CCCCC3)cccc2)c(cc(cc1C(C)C)C(C)C)C(C)C|Toluene,Pd(OAc)2,Pd(OAc)2/XPhos,Toluene,70.0,18.0,4,c1c(cc2c(c1)c(cn2C(=O)OC(C)(C)C)B1OC(C(O1)(C)C)(C)C)F
RKB-03664779,hit_05,c1(cc2c(cc1)S(N[C@H]2C(=O)OC)(=O)=O)Br,screen_SCRN_78,SCRN_78,c_04d73ea970,P(C1CCCC1)(C(C)(C)C)C(C)(C)C.P(C1CCCC1)(C(C)(C)C)C(C)(C)C.[Pd](Cl)Cl.[Fe]|THF,,Pd(dtbpf)Cl2,THF,70.0,18.0,4,c1c(cc2c(c1)c(cn2C(=O)OC(C)(C)C)B1OC(C(O1)(C)C)(C)C)F
RKB-03664780,hit_05,c1(cc2c(cc1)S(N[C@H]2C(=O)OC)(=O)=O)Br,screen_SCRN_78,SCRN_78,c_599a93c125,[Pd](Cl)Cl.P(c1c(cccc1)C)(c1c(cccc1)C)c1c(cccc1)C.P(c1c(cccc1)C)(c1c(cccc1)C)c1c(cccc1)C|Toluene,,Pd(P(o-Tol)3)2Cl2,Toluene,70.0,18.0,4,c1c(cc2c(c1)c(cn2C(=O)OC(C)(C)C)B1OC(C(O1)(C)C)(C)C)F
RKB-03664781,hit_05,c1(cc2c(cc1)S(N[C@H]2C(=O)OC)(=O)=O)Br,screen_SCRN_78,SCRN_78,c_e8d46c9e9a,[Pd].P(c1ccccc1)(c1ccccc1)c1ccccc1.P(c1ccccc1)(c1ccccc1)c1ccccc1.P(c1ccccc1)(c1ccccc1)c1ccccc1.P(c1ccccc1)(c1ccccc1)c1ccccc1|MeOH,,Pd(P(Ph)3)4),MeOH,70.0,18.0,3,c1c(cc2c(c1)c(cn2C(=O)OC(C)(C)C)B1OC(C(O1)(C)C)(C)C)F
RKB-03664782,hit_05,c1(cc2c(cc1)S(N[C@H]2C(=O)OC)(=O)=O)Br,screen_SCRN_78,SCRN_78,c_b4e663cbcf,P([C@]12C[C@@H]3C[C@H](C2)C[C@@H](C1)C3)([C@]12C[C@@H]3C[C@@H](C2)C[C@@H](C1)C3)CCCC|MeOH,Pd(OAc)2,Pd(OAc)2/CataCXium A,MeOH,70.0,18.0,3,c1c(cc2c(c1)c(cn2C(=O)OC(C)(C)C)B1OC(C(O1)(C)C)(C)C)F
RKB-03664783,hit_05,c1(cc2c(cc1)S(N[C@H]2C(=O)OC)(=O)=O)Br,screen_SCRN_78,SCRN_78,c_99aeac08ec,O1c2c(C(c3c1c(ccc3)P(c1ccccc1)c1ccccc1)(C)C)cccc2P(c1ccccc1)c1ccccc1.Cl[Pd]Cl|MeCN,,Pd(XanthPhos)Cl2,MeCN,70.0,18.0,3,c1c(cc2c(c1)c(cn2C(=O)OC(C)(C)C)B1OC(C(O1)(C)C)(C)C)F
RKB-03664784,hit_05,c1(cc2c(cc1)S(N[C@H]2C(=O)OC)(=O)=O)Br,screen_SCRN_78,SCRN_78,c_30116215bd,[Pd].C(P(C(C)(C)C)C(C)(C)C)(C)(C)C.C(P(C(C)(C)C)C(C)(C)C)(C)(C)C|MeOH,,Pd(P(tBu)3)2,MeOH,70.0,18.0,3,c1c(cc2c(c1)c(cn2C(=O)OC(C)(C)C)B1OC(C(O1)(C)C)(C)C)F
RKB-03664785,hit_05,c1(cc2c(cc1)S(N[C@H]2C(=O)OC)(=O)=O)Br,screen_SCRN_78,SCRN_78,c_87d08dc489,P(C1CCCC1)(C(C)(C)C)C(C)(C)C.P(C1CCCC1)(C(C)(C)C)C(C)(C)C.[Pd](Cl)Cl.[Fe]|MeOH,,Pd(dtbpf)Cl2,MeOH,70.0,18.0,3,c1c(cc2c(c1)c(cn2C(=O)OC(C)(C)C)B1OC(C(O1)(C)C)(C)C)F
RKB-03664786,hit_05,c1(cc2c(cc1)S(N[C@H]2C(=O)OC)(=O)=O)Br,screen_SCRN_78,SCRN_78,c_1d9e641278,[Pd](Cl)Cl.P(c1c(cccc1)C)(c1c(cccc1)C)c1c(cccc1)C.P(c1c(cccc1)C)(c1c(cccc1)C)c1c(cccc1)C|MeOH,,Pd(P(o-Tol)3)2Cl2,MeOH,70.0,18.0,3,c1c(cc2c(c1)c(cn2C(=O)OC(C)(C)C)B1OC(C(O1)(C)C)(C)C)F
RKB-03664787,hit_05,c1(cc2c(cc1)S(N[C@H]2C(=O)OC)(=O)=O)Br,screen_SCRN_78,SCRN_78,c_c4be4d3b3e,c1(c2c(P(C3CCCCC3)C3CCCCC3)cccc2)c(cc(cc1C(C)C)C(C)C)C(C)C|MeOH,Pd(OAc)2,Pd(OAc)2/XPhos,MeOH,70.0,18.0,3,c1c(cc2c(c1)c(cn2C(=O)OC(C)(C)C)B1OC(C(O1)(C)C)(C)C)F
RKB-03664788,hit_05,c1(cc2c(cc1)S(N[C@H]2C(=O)OC)(=O)=O)Br,screen_SCRN_78,SCRN_78,c_f7824c77b7,O1c2c(C(c3c1c(ccc3)P(c1ccccc1)c1ccccc1)(C)C)cccc2P(c1ccccc1)c1ccccc1.Cl[Pd]Cl|THF,,Pd(XanthPhos)Cl2,THF,70.0,18.0,3,c1c(cc2c(c1)c(cn2C(=O)OC(C)(C)C)B1OC(C(O1)(C)C)(C)C)F
RKB-03664789,hit_05,c1(cc2c(cc1)S(N[C@H]2C(=O)OC)(=O)=O)Br,screen_SCRN_78,SCRN_78,c_3c160df052,c1(c2c(P(C3CCCCC3)C3CCCCC3)cccc2)c(cc(cc1C(C)C)C(C)C)C(C)C|Toluene,Pd(OAc)2,Pd(OAc)2/XPhos,Toluene,70.0,18.0,2,c1c(cc2c(c1)c(cn2C(=O)OC(C)(C)C)B1OC(C(O1)(C)C)(C)C)F
RKB-03664790,hit_05,c1(cc2c(cc1)S(N[C@H]2C(=O)OC)(=O)=O)Br,screen_SCRN_78,SCRN_78,c_2db771aad0,c1(c2c(P(C3CCCCC3)C3CCCCC3)cccc2)c(cc(cc1C(C)C)C(C)C)C(C)C|THF,Pd(OAc)2,Pd(OAc)2/XPhos,THF,70.0,18.0,2,c1c(cc2c(c1)c(cn2C(=O)OC(C)(C)C)B1OC(C(O1)(C)C)(C)C)F
RKB-03664791,hit_05,c1(cc2c(cc1)S(N[C@H]2C(=O)OC)(=O)=O)Br,screen_SCRN_78,SCRN_78,c_e7bd21231d,P(C1CCCC1)(c1ccccc1)c1ccccc1.P(C1CCCC1)(c1ccccc1)c1ccccc1.C(Cl)Cl.[Pd](Cl)Cl.[Fe]|MeOH,,Pd(dppf)Cl2,MeOH,70.0,18.0,2,c1c(cc2c(c1)c(cn2C(=O)OC(C)(C)C)B1OC(C(O1)(C)C)(C)C)F
RKB-03664792,hit_05,c1(cc2c(cc1)S(N[C@H]2C(=O)OC)(=O)=O)Br,screen_SCRN_78,SCRN_78,c_4957928872,|MeCN,,SPhos Pd G4,MeCN,70.0,18.0,2,c1c(cc2c(c1)c(cn2C(=O)OC(C)(C)C)B1OC(C(O1)(C)C)(C)C)F
RKB-03664793,hit_05,c1(cc2c(cc1)S(N[C@H]2C(=O)OC)(=O)=O)Br,screen_SCRN_78,SCRN_78,c_b4e663cbcf,P([C@]12C[C@@H]3C[C@H](C2)C[C@@H](C1)C3)([C@]12C[C@@H]3C[C@@H](C2)C[C@@H](C1)C3)CCCC|MeOH,Pd(OAc)2,Pd(OAc)2/CataCXium A,MeOH,70.0,18.0,2,c1c(cc2c(c1)c(cn2C(=O)OC(C)(C)C)B1OC(C(O1)(C)C)(C)C)F
RKB-03664794,hit_05,c1(cc2c(cc1)S(N[C@H]2C(=O)OC)(=O)=O)Br,screen_SCRN_78,SCRN_78,c_a88c92ca46,C1(C(C(C(C1c1ccccc1)c1ccccc1)c1ccccc1)c1ccccc1)c1ccccc1.P(C(C)(C)C)(C(C)(C)C)C1CCCC1.C1(C(C(C(C1c1ccccc1)c1ccccc1)c1ccccc1)c1ccccc1)c1ccccc1.P(C(C)(C)C)(C(C)(C)C)C1CCCC1.[Fe].[Fe].[Pd]|Toluene,,Pd(QPhos)2,Toluene,70.0,18.0,2,c1c(cc2c(c1)c(cn2C(=O)OC(C)(C)C)B1OC(C(O1)(C)C)(C)C)F
RKB-03664795,hit_05,c1(cc2c(cc1)S(N[C@H]2C(=O)OC)(=O)=O)Br,screen_SCRN_78,SCRN_78,c_e7bd21231d,P(C1CCCC1)(c1ccccc1)c1ccccc1.P(C1CCCC1)(c1ccccc1)c1ccccc1.C(Cl)Cl.[Pd](Cl)Cl.[Fe]|MeOH,,Pd(dppf)Cl2,MeOH,70.0,18.0,2,c1c(cc2c(c1)c(cn2C(=O)OC(C)(C)C)B1OC(C(O1)(C)C)(C)C)F
RKB-03664796,hit_05,c1(cc2c(cc1)S(N[C@H]2C(=O)OC)(=O)=O)Br,screen_SCRN_78,SCRN_78,c_e34fd39dff,|MeOH,,SPhos Pd G4,MeOH,70.0,18.0,1,c1c(cc2c(c1)c(cn2C(=O)OC(C)(C)C)B1OC(C(O1)(C)C)(C)C)F
RKB-03664797,hit_05,c1(cc2c(cc1)S(N[C@H]2C(=O)OC)(=O)=O)Br,screen_SCRN_78,SCRN_78,c_87611e347b,C1(C(C(C(C1c1ccccc1)c1ccccc1)c1ccccc1)c1ccccc1)c1ccccc1.P(C(C)(C)C)(C(C)(C)C)C1CCCC1.C1(C(C(C(C1c1ccccc1)c1ccccc1)c1ccccc1)c1ccccc1)c1ccccc1.P(C(C)(C)C)(C(C)(C)C)C1CCCC1.[Fe].[Fe].[Pd]|THF,,Pd(QPhos)2,THF,70.0,18.0,1,c1c(cc2c(c1)c(cn2C(=O)OC(C)(C)C)B1OC(C(O1)(C)C)(C)C)F
RKB-03664798,hit_05,c1(cc2c(cc1)S(N[C@H]2C(=O)OC)(=O)=O)Br,screen_SCRN_78,SCRN_78,c_4076342b87,[Pd].C(P(C(C)(C)C)C(C)(C)C)(C)(C)C.C(P(C(C)(C)C)C(C)(C)C)(C)(C)C|Toluene,,Pd(P(tBu)3)2,Toluene,70.0,18.0,1,c1c(cc2c(c1)c(cn2C(=O)OC(C)(C)C)B1OC(C(O1)(C)C)(C)C)F
RKB-03664799,hit_05,c1(cc2c(cc1)S(N[C@H]2C(=O)OC)(=O)=O)Br,screen_SCRN_78,SCRN_78,c_a86e283b14,c1(c2c(P(C3CCCCC3)C3CCCCC3)cccc2)c(cc(cc1C(C)C)C(C)C)C(C)C|MeCN,Pd(OAc)2,Pd(OAc)2/XPhos,MeCN,70.0,18.0,1,c1c(cc2c(c1)c(cn2C(=O)OC(C)(C)C)B1OC(C(O1)(C)C)(C)C)F
RKB-03664800,hit_05,c1(cc2c(cc1)S(N[C@H]2C(=O)OC)(=O)=O)Br,screen_SCRN_78,SCRN_78,c_c3b27856cb,[Pd](Cl)Cl.P(c1c(cccc1)C)(c1c(cccc1)C)c1c(cccc1)C.P(c1c(cccc1)C)(c1c(cccc1)C)c1c(cccc1)C|MeCN,,Pd(P(o-Tol)3)2Cl2,MeCN,70.0,18.0,1,c1c(cc2c(c1)c(cn2C(=O)OC(C)(C)C)B1OC(C(O1)(C)C)(C)C)F
RKB-03664801,hit_05,c1(cc2c(cc1)S(N[C@H]2C(=O)OC)(=O)=O)Br,screen_SCRN_78,SCRN_78,c_3f90fc71ff,[Pd](Cl)Cl.P(C(C)(C)C)(C(C)(C)C)c1ccc(N(C)C)cc1.P(C(C)(C)C)(C(C)(C)C)c1ccc(N(C)C)cc1|MeOH,,Pd-132,MeOH,70.0,18.0,1,c1c(cc2c(c1)c(cn2C(=O)OC(C)(C)C)B1OC(C(O1)(C)C)(C)C)F
RKB-03664802,hit_05,c1(cc2c(cc1)S(N[C@H]2C(=O)OC)(=O)=O)Br,screen_SCRN_78,SCRN_78,c_e34fd39dff,|MeOH,,SPhos Pd G4,MeOH,70.0,18.0,1,c1c(cc2c(c1)c(cn2C(=O)OC(C)(C)C)B1OC(C(O1)(C)C)(C)C)F
RKB-03664803,hit_05,c1(cc2c(cc1)S(N[C@H]2C(=O)OC)(=O)=O)Br,screen_SCRN_78,SCRN_78,c_30116215bd,[Pd].C(P(C(C)(C)C)C(C)(C)C)(C)(C)C.C(P(C(C)(C)C)C(C)(C)C)(C)(C)C|MeOH,,Pd(P(tBu)3)2,MeOH,70.0,18.0,0,c1c(cc2c(c1)c(cn2C(=O)OC(C)(C)C)B1OC(C(O1)(C)C)(C)C)F
RKB-03664804,hit_05,c1(cc2c(cc1)S(N[C@H]2C(=O)OC)(=O)=O)Br,screen_SCRN_78,SCRN_78,c_1d9e641278,[Pd](Cl)Cl.P(c1c(cccc1)C)(c1c(cccc1)C)c1c(cccc1)C.P(c1c(cccc1)C)(c1c(cccc1)C)c1c(cccc1)C|MeOH,,Pd(P(o-Tol)3)2Cl2,MeOH,70.0,18.0,0,c1c(cc2c(c1)c(cn2C(=O)OC(C)(C)C)B1OC(C(O1)(C)C)(C)C)F
RKB-03664805,hit_05,c1(cc2c(cc1)S(N[C@H]2C(=O)OC)(=O)=O)Br,screen_SCRN_78,SCRN_78,c_e8d46c9e9a,[Pd].P(c1ccccc1)(c1ccccc1)c1ccccc1.P(c1ccccc1)(c1ccccc1)c1ccccc1.P(c1ccccc1)(c1ccccc1)c1ccccc1.P(c1ccccc1)(c1ccccc1)c1ccccc1|MeOH,,Pd(P(Ph)3)4),MeOH,70.0,18.0,0,c1c(cc2c(c1)c(cn2C(=O)OC(C)(C)C)B1OC(C(O1)(C)C)(C)C)F
RKB-03664806,hit_05,c1(cc2c(cc1)S(N[C@H]2C(=O)OC)(=O)=O)Br,screen_SCRN_78,SCRN_78,c_c4be4d3b3e,c1(c2c(P(C3CCCCC3)C3CCCCC3)cccc2)c(cc(cc1C(C)C)C(C)C)C(C)C|MeOH,Pd(OAc)2,Pd(OAc)2/XPhos,MeOH,70.0,18.0,0,c1c(cc2c(c1)c(cn2C(=O)OC(C)(C)C)B1OC(C(O1)(C)C)(C)C)F
RKB-03664807,hit_05,c1(cc2c(cc1)S(N[C@H]2C(=O)OC)(=O)=O)Br,screen_SCRN_78,SCRN_78,c_ba1fa7db09,O1c2c(C(c3c1c(ccc3)P(c1ccccc1)c1ccccc1)(C)C)cccc2P(c1ccccc1)c1ccccc1.Cl[Pd]Cl|MeOH,,Pd(XanthPhos)Cl2,MeOH,70.0,18.0,0,c1c(cc2c(c1)c(cn2C(=O)OC(C)(C)C)B1OC(C(O1)(C)C)(C)C)F
RKB-03664808,hit_05,c1(cc2c(cc1)S(N[C@H]2C(=O)OC)(=O)=O)Br,screen_SCRN_78,SCRN_78,c_24a01a5b7d,[Pd](Cl)Cl.P(C1CCCCC1)(C1CCCCC1)C1CCCCC1.P(C1CCCCC1)(C1CCCCC1)C1CCCCC1|MeOH,,Pd(P(Cy)3)2Cl2,MeOH,70.0,18.0,0,c1c(cc2c(c1)c(cn2C(=O)OC(C)(C)C)B1OC(C(O1)(C)C)(C)C)F
RKB-03664809,hit_05,c1(cc2c(cc1)S(N[C@H]2C(=O)OC)(=O)=O)Br,screen_SCRN_78,SCRN_78,c_599a93c125,[Pd](Cl)Cl.P(c1c(cccc1)C)(c1c(cccc1)C)c1c(cccc1)C.P(c1c(cccc1)C)(c1c(cccc1)C)c1c(cccc1)C|Toluene,,Pd(P(o-Tol)3)2Cl2,Toluene,70.0,18.0,0,c1c(cc2c(c1)c(cn2C(=O)OC(C)(C)C)B1OC(C(O1)(C)C)(C)C)F
RKB-03664810,hit_05,c1(cc2c(cc1)S(N[C@H]2C(=O)OC)(=O)=O)Br,screen_SCRN_78,SCRN_78,c_87d08dc489,P(C1CCCC1)(C(C)(C)C)C(C)(C)C.P(C1CCCC1)(C(C)(C)C)C(C)(C)C.[Pd](Cl)Cl.[Fe]|MeOH,,Pd(dtbpf)Cl2,MeOH,70.0,18.0,0,c1c(cc2c(c1)c(cn2C(=O)OC(C)(C)C)B1OC(C(O1)(C)C)(C)C)F
RKB-03664811,hit_05,c1(cc2c(cc1)S(N[C@H]2C(=O)OC)(=O)=O)Br,screen_SCRN_78,SCRN_78,c_87611e347b,C1(C(C(C(C1c1ccccc1)c1ccccc1)c1ccccc1)c1ccccc1)c1ccccc1.P(C(C)(C)C)(C(C)(C)C)C1CCCC1.C1(C(C(C(C1c1ccccc1)c1ccccc1)c1ccccc1)c1ccccc1)c1ccccc1.P(C(C)(C)C)(C(C)(C)C)C1CCCC1.[Fe].[Fe].[Pd]|THF,,Pd(QPhos)2,THF,70.0,18.0,67,c1c(cc2c(c1)c(cn2C(=O)OC(C)(C)C)B1OC(C(O1)(C)C)(C)C)F
RKB-03664812,hit_05,c1(cc2c(cc1)S(N[C@H]2C(=O)OC)(=O)=O)Br,screen_SCRN_78,SCRN_78,c_e03a6b9172,P([C@]12C[C@@H]3C[C@H](C2)C[C@@H](C1)C3)([C@]12C[C@@H]3C[C@@H](C2)C[C@@H](C1)C3)CCCC|THF,Pd(OAc)2,Pd(OAc)2/CataCXium A,THF,70.0,18.0,66,c1c(cc2c(c1)c(cn2C(=O)OC(C)(C)C)B1OC(C(O1)(C)C)(C)C)F
RKB-03664813,hit_05,c1(cc2c(cc1)S(N[C@H]2C(=O)OC)(=O)=O)Br,screen_SCRN_78,SCRN_78,c_ad8305297d,[Pd](Cl)Cl.P(c1c(cccc1)C)(c1c(cccc1)C)c1c(cccc1)C.P(c1c(cccc1)C)(c1c(cccc1)C)c1c(cccc1)C|THF,,Pd(P(o-Tol)3)2Cl2,THF,70.0,18.0,65,c1c(cc2c(c1)c(cn2C(=O)OC(C)(C)C)B1OC(C(O1)(C)C)(C)C)F
RKB-03664814,hit_05,c1(cc2c(cc1)S(N[C@H]2C(=O)OC)(=O)=O)Br,screen_SCRN_78,SCRN_78,c_aabcb49fef,|THF,,SPhos Pd G4,THF,70.0,18.0,64,c1c(cc2c(c1)c(cn2C(=O)OC(C)(C)C)B1OC(C(O1)(C)C)(C)C)F
RKB-03664815,hit_05,c1(cc2c(cc1)S(N[C@H]2C(=O)OC)(=O)=O)Br,screen_SCRN_78,SCRN_78,c_efdcec6f77,[Pd].C(P(C(C)(C)C)C(C)(C)C)(C)(C)C.C(P(C(C)(C)C)C(C)(C)C)(C)(C)C|MeCN,,Pd(P(tBu)3)2,MeCN,70.0,18.0,62,c1c(cc2c(c1)c(cn2C(=O)OC(C)(C)C)B1OC(C(O1)(C)C)(C)C)F
RKB-03664816,hit_05,c1(cc2c(cc1)S(N[C@H]2C(=O)OC)(=O)=O)Br,screen_SCRN_78,SCRN_78,c_e03a6b9172,P([C@]12C[C@@H]3C[C@H](C2)C[C@@H](C1)C3)([C@]12C[C@@H]3C[C@@H](C2)C[C@@H](C1)C3)CCCC|THF,Pd(OAc)2,Pd(OAc)2/CataCXium A,THF,70.0,18.0,61,c1c(cc2c(c1)c(cn2C(=O)OC(C)(C)C)B1OC(C(O1)(C)C)(C)C)F
RKB-03664817,hit_05,c1(cc2c(cc1)S(N[C@H]2C(=O)OC)(=O)=O)Br,screen_SCRN_78,SCRN_78,c_4fdc95dfd7,[Pd](Cl)Cl.P(C(C)(C)C)(C(C)(C)C)c1ccc(N(C)C)cc1.P(C(C)(C)C)(C(C)(C)C)c1ccc(N(C)C)cc1|THF,,Pd-132,THF,70.0,18.0,60,c1c(cc2c(c1)c(cn2C(=O)OC(C)(C)C)B1OC(C(O1)(C)C)(C)C)F
RKB-03664818,hit_05,c1(cc2c(cc1)S(N[C@H]2C(=O)OC)(=O)=O)Br,screen_SCRN_78,SCRN_78,c_04d73ea970,P(C1CCCC1)(C(C)(C)C)C(C)(C)C.P(C1CCCC1)(C(C)(C)C)C(C)(C)C.[Pd](Cl)Cl.[Fe]|THF,,Pd(dtbpf)Cl2,THF,70.0,18.0,60,c1c(cc2c(c1)c(cn2C(=O)OC(C)(C)C)B1OC(C(O1)(C)C)(C)C)F
RKB-03664819,hit_05,c1(cc2c(cc1)S(N[C@H]2C(=O)OC)(=O)=O)Br,screen_SCRN_78,SCRN_78,c_1f622dc39d,[Pd].C(P(C(C)(C)C)C(C)(C)C)(C)(C)C.C(P(C(C)(C)C)C(C)(C)C)(C)(C)C|THF,,Pd(P(tBu)3)2,THF,70.0,18.0,57,c1c(cc2c(c1)c(cn2C(=O)OC(C)(C)C)B1OC(C(O1)(C)C)(C)C)F
RKB-03664820,hit_05,c1(cc2c(cc1)S(N[C@H]2C(=O)OC)(=O)=O)Br,screen_SCRN_78,SCRN_78,c_4fdc95dfd7,[Pd](Cl)Cl.P(C(C)(C)C)(C(C)(C)C)c1ccc(N(C)C)cc1.P(C(C)(C)C)(C(C)(C)C)c1ccc(N(C)C)cc1|THF,,Pd-132,THF,70.0,18.0,57,c1c(cc2c(c1)c(cn2C(=O)OC(C)(C)C)B1OC(C(O1)(C)C)(C)C)F
RKB-03664821,hit_05,c1(cc2c(cc1)S(N[C@H]2C(=O)OC)(=O)=O)Br,screen_SCRN_78,SCRN_78,c_5e8279fbea,[Pd](Cl)Cl.P(C(C)(C)C)(C(C)(C)C)c1ccc(N(C)C)cc1.P(C(C)(C)C)(C(C)(C)C)c1ccc(N(C)C)cc1|Toluene,,Pd-132,Toluene,70.0,18.0,56,c1c(cc2c(c1)c(cn2C(=O)OC(C)(C)C)B1OC(C(O1)(C)C)(C)C)F
RKB-03664822,hit_05,c1(cc2c(cc1)S(N[C@H]2C(=O)OC)(=O)=O)Br,screen_SCRN_78,SCRN_78,c_3196604cd9,[Pd](Cl)Cl.P(C(C)(C)C)(C(C)(C)C)c1ccc(N(C)C)cc1.P(C(C)(C)C)(C(C)(C)C)c1ccc(N(C)C)cc1|MeCN,,Pd-132,MeCN,70.0,18.0,55,c1c(cc2c(c1)c(cn2C(=O)OC(C)(C)C)B1OC(C(O1)(C)C)(C)C)F
RKB-03664823,hit_05,c1(cc2c(cc1)S(N[C@H]2C(=O)OC)(=O)=O)Br,screen_SCRN_78,SCRN_78,c_3ee2d5105a,P([C@]12C[C@@H]3C[C@H](C2)C[C@@H](C1)C3)([C@]12C[C@@H]3C[C@@H](C2)C[C@@H](C1)C3)CCCC|MeCN,Pd(OAc)2,Pd(OAc)2/CataCXium A,MeCN,70.0,18.0,53,c1c(cc2c(c1)c(cn2C(=O)OC(C)(C)C)B1OC(C(O1)(C)C)(C)C)F
RKB-03664824,hit_05,c1(cc2c(cc1)S(N[C@H]2C(=O)OC)(=O)=O)Br,screen_SCRN_78,SCRN_78,c_2db771aad0,c1(c2c(P(C3CCCCC3)C3CCCCC3)cccc2)c(cc(cc1C(C)C)C(C)C)C(C)C|THF,Pd(OAc)2,Pd(OAc)2/XPhos,THF,70.0,18.0,52,c1c(cc2c(c1)c(cn2C(=O)OC(C)(C)C)B1OC(C(O1)(C)C)(C)C)F
RKB-03664825,hit_05,c1(cc2c(cc1)S(N[C@H]2C(=O)OC)(=O)=O)Br,screen_SCRN_78,SCRN_78,c_e03a6b9172,P([C@]12C[C@@H]3C[C@H](C2)C[C@@H](C1)C3)([C@]12C[C@@H]3C[C@@H](C2)C[C@@H](C1)C3)CCCC|THF,Pd(OAc)2,Pd(OAc)2/CataCXium A,THF,70.0,18.0,52,c1c(cc2c(c1)c(cn2C(=O)OC(C)(C)C)B1OC(C(O1)(C)C)(C)C)F
RKB-03664826,hit_05,c1(cc2c(cc1)S(N[C@H]2C(=O)OC)(=O)=O)Br,screen_SCRN_78,SCRN_78,c_4957928872,|MeCN,,SPhos Pd G4,MeCN,70.0,18.0,50,c1c(cc2c(c1)c(cn2C(=O)OC(C)(C)C)B1OC(C(O1)(C)C)(C)C)F
RKB-03664827,hit_05,c1(cc2c(cc1)S(N[C@H]2C(=O)OC)(=O)=O)Br,screen_SCRN_78,SCRN_78,c_2db771aad0,c1(c2c(P(C3CCCCC3)C3CCCCC3)cccc2)c(cc(cc1C(C)C)C(C)C)C(C)C|THF,Pd(OAc)2,Pd(OAc)2/XPhos,THF,70.0,18.0,49,c1c(cc2c(c1)c(cn2C(=O)OC(C)(C)C)B1OC(C(O1)(C)C)(C)C)F
RKB-03664828,hit_05,c1(cc2c(cc1)S(N[C@H]2C(=O)OC)(=O)=O)Br,screen_SCRN_78,SCRN_78,c_a88c92ca46,C1(C(C(C(C1c1ccccc1)c1ccccc1)c1ccccc1)c1ccccc1)c1ccccc1.P(C(C)(C)C)(C(C)(C)C)C1CCCC1.C1(C(C(C(C1c1ccccc1)c1ccccc1)c1ccccc1)c1ccccc1)c1ccccc1.P(C(C)(C)C)(C(C)(C)C)C1CCCC1.[Fe].[Fe].[Pd]|Toluene,,Pd(QPhos)2,Toluene,70.0,18.0,49,c1c(cc2c(c1)c(cn2C(=O)OC(C)(C)C)B1OC(C(O1)(C)C)(C)C)F
RKB-03664829,hit_05,c1(cc2c(cc1)S(N[C@H]2C(=O)OC)(=O)=O)Br,screen_SCRN_78,SCRN_78,c_86f3e84f01,[Pd].P(c1ccccc1)(c1ccccc1)c1ccccc1.P(c1ccccc1)(c1ccccc1)c1ccccc1.P(c1ccccc1)(c1ccccc1)c1ccccc1.P(c1ccccc1)(c1ccccc1)c1ccccc1|THF,,Pd(P(Ph)3)4),THF,70.0,18.0,48,c1c(cc2c(c1)c(cn2C(=O)OC(C)(C)C)B1OC(C(O1)(C)C)(C)C)F
RKB-03664830,hit_05,c1(cc2c(cc1)S(N[C@H]2C(=O)OC)(=O)=O)Br,screen_SCRN_78,SCRN_78,c_e564d7612a,[Pd].P(c1ccccc1)(c1ccccc1)c1ccccc1.P(c1ccccc1)(c1ccccc1)c1ccccc1.P(c1ccccc1)(c1ccccc1)c1ccccc1.P(c1ccccc1)(c1ccccc1)c1ccccc1|MeCN,,Pd(P(Ph)3)4),MeCN,70.0,18.0,48,c1c(cc2c(c1)c(cn2C(=O)OC(C)(C)C)B1OC(C(O1)(C)C)(C)C)F
RKB-03664831,hit_05,c1(cc2c(cc1)S(N[C@H]2C(=O)OC)(=O)=O)Br,screen_SCRN_78,SCRN_78,c_86f3e84f01,[Pd].P(c1ccccc1)(c1ccccc1)c1ccccc1.P(c1ccccc1)(c1ccccc1)c1ccccc1.P(c1ccccc1)(c1ccccc1)c1ccccc1.P(c1ccccc1)(c1ccccc1)c1ccccc1|THF,,Pd(P(Ph)3)4),THF,70.0,18.0,48,c1c(cc2c(c1)c(cn2C(=O)OC(C)(C)C)B1OC(C(O1)(C)C)(C)C)F
RKB-03664832,hit_05,c1(cc2c(cc1)S(N[C@H]2C(=O)OC)(=O)=O)Br,screen_SCRN_78,SCRN_78,c_2db771aad0,c1(c2c(P(C3CCCCC3)C3CCCCC3)cccc2)c(cc(cc1C(C)C)C(C)C)C(C)C|THF,Pd(OAc)2,Pd(OAc)2/XPhos,THF,70.0,18.0,48,c1c(cc2c(c1)c(cn2C(=O)OC(C)(C)C)B1OC(C(O1)(C)C)(C)C)F
RKB-03664833,hit_05,c1(cc2c(cc1)S(N[C@H]2C(=O)OC)(=O)=O)Br,screen_SCRN_78,SCRN_78,c_30116215bd,[Pd].C(P(C(C)(C)C)C(C)(C)C)(C)(C)C.C(P(C(C)(C)C)C(C)(C)C)(C)(C)C|MeOH,,Pd(P(tBu)3)2,MeOH,70.0,18.0,48,c1c(cc2c(c1)c(cn2C(=O)OC(C)(C)C)B1OC(C(O1)(C)C)(C)C)F
RKB-03664834,hit_05,c1(cc2c(cc1)S(N[C@H]2C(=O)OC)(=O)=O)Br,screen_SCRN_78,SCRN_78,c_4076342b87,[Pd].C(P(C(C)(C)C)C(C)(C)C)(C)(C)C.C(P(C(C)(C)C)C(C)(C)C)(C)(C)C|Toluene,,Pd(P(tBu)3)2,Toluene,70.0,18.0,47,c1c(cc2c(c1)c(cn2C(=O)OC(C)(C)C)B1OC(C(O1)(C)C)(C)C)F
RKB-03664835,hit_05,c1(cc2c(cc1)S(N[C@H]2C(=O)OC)(=O)=O)Br,screen_SCRN_78,SCRN_78,c_f7824c77b7,O1c2c(C(c3c1c(ccc3)P(c1ccccc1)c1ccccc1)(C)C)cccc2P(c1ccccc1)c1ccccc1.Cl[Pd]Cl|THF,,Pd(XanthPhos)Cl2,THF,70.0,18.0,45,c1c(cc2c(c1)c(cn2C(=O)OC(C)(C)C)B1OC(C(O1)(C)C)(C)C)F
RKB-03664836,hit_05,c1(cc2c(cc1)S(N[C@H]2C(=O)OC)(=O)=O)Br,screen_SCRN_78,SCRN_78,c_493aa05fab,O1c2c(C(c3c1c(ccc3)P(c1ccccc1)c1ccccc1)(C)C)cccc2P(c1ccccc1)c1ccccc1.Cl[Pd]Cl|Toluene,,Pd(XanthPhos)Cl2,Toluene,70.0,18.0,44,c1c(cc2c(c1)c(cn2C(=O)OC(C)(C)C)B1OC(C(O1)(C)C)(C)C)F
RKB-03664837,hit_05,c1(cc2c(cc1)S(N[C@H]2C(=O)OC)(=O)=O)Br,screen_SCRN_78,SCRN_78,c_adf3bba061,P(C1CCCC1)(C(C)(C)C)C(C)(C)C.P(C1CCCC1)(C(C)(C)C)C(C)(C)C.[Pd](Cl)Cl.[Fe]|MeCN,,Pd(dtbpf)Cl2,MeCN,70.0,18.0,29,c1c(cc2c(c1)c(cn2C(=O)OC(C)(C)C)B1OC(C(O1)(C)C)(C)C)F
RKB-03664838,hit_05,c1(cc2c(cc1)S(N[C@H]2C(=O)OC)(=O)=O)Br,screen_SCRN_78,SCRN_78,c_efdcec6f77,[Pd].C(P(C(C)(C)C)C(C)(C)C)(C)(C)C.C(P(C(C)(C)C)C(C)(C)C)(C)(C)C|MeCN,,Pd(P(tBu)3)2,MeCN,70.0,18.0,29,c1c(cc2c(c1)c(cn2C(=O)OC(C)(C)C)B1OC(C(O1)(C)C)(C)C)F
RKB-03664839,hit_05,c1(cc2c(cc1)S(N[C@H]2C(=O)OC)(=O)=O)Br,screen_SCRN_78,SCRN_78,c_adf3bba061,P(C1CCCC1)(C(C)(C)C)C(C)(C)C.P(C1CCCC1)(C(C)(C)C)C(C)(C)C.[Pd](Cl)Cl.[Fe]|MeCN,,Pd(dtbpf)Cl2,MeCN,70.0,18.0,29,c1c(cc2c(c1)c(cn2C(=O)OC(C)(C)C)B1OC(C(O1)(C)C)(C)C)F
RKB-03664840,hit_05,c1(cc2c(cc1)S(N[C@H]2C(=O)OC)(=O)=O)Br,screen_SCRN_78,SCRN_78,c_e564d7612a,[Pd].P(c1ccccc1)(c1ccccc1)c1ccccc1.P(c1ccccc1)(c1ccccc1)c1ccccc1.P(c1ccccc1)(c1ccccc1)c1ccccc1.P(c1ccccc1)(c1ccccc1)c1ccccc1|MeCN,,Pd(P(Ph)3)4),MeCN,70.0,18.0,29,c1c(cc2c(c1)c(cn2C(=O)OC(C)(C)C)B1OC(C(O1)(C)C)(C)C)F
RKB-03664841,hit_05,c1(cc2c(cc1)S(N[C@H]2C(=O)OC)(=O)=O)Br,screen_SCRN_78,SCRN_78,c_1f622dc39d,[Pd].C(P(C(C)(C)C)C(C)(C)C)(C)(C)C.C(P(C(C)(C)C)C(C)(C)C)(C)(C)C|THF,,Pd(P(tBu)3)2,THF,70.0,18.0,29,c1c(cc2c(c1)c(cn2C(=O)OC(C)(C)C)B1OC(C(O1)(C)C)(C)C)F
RKB-03664842,hit_05,c1(cc2c(cc1)S(N[C@H]2C(=O)OC)(=O)=O)Br,screen_SCRN_78,SCRN_78,c_4648614000,C1(C(C(C(C1c1ccccc1)c1ccccc1)c1ccccc1)c1ccccc1)c1ccccc1.P(C(C)(C)C)(C(C)(C)C)C1CCCC1.C1(C(C(C(C1c1ccccc1)c1ccccc1)c1ccccc1)c1ccccc1)c1ccccc1.P(C(C)(C)C)(C(C)(C)C)C1CCCC1.[Fe].[Fe].[Pd]|MeCN,,Pd(QPhos)2,MeCN,70.0,18.0,29,c1c(cc2c(c1)c(cn2C(=O)OC(C)(C)C)B1OC(C(O1)(C)C)(C)C)F
RKB-03664843,hit_05,c1(cc2c(cc1)S(N[C@H]2C(=O)OC)(=O)=O)Br,screen_SCRN_78,SCRN_78,c_e564d7612a,[Pd].P(c1ccccc1)(c1ccccc1)c1ccccc1.P(c1ccccc1)(c1ccccc1)c1ccccc1.P(c1ccccc1)(c1ccccc1)c1ccccc1.P(c1ccccc1)(c1ccccc1)c1ccccc1|MeCN,,Pd(P(Ph)3)4),MeCN,70.0,18.0,28,c1c(cc2c(c1)c(cn2C(=O)OC(C)(C)C)B1OC(C(O1)(C)C)(C)C)F
RKB-03664844,hit_05,c1(cc2c(cc1)S(N[C@H]2C(=O)OC)(=O)=O)Br,screen_SCRN_78,SCRN_78,c_99aeac08ec,O1c2c(C(c3c1c(ccc3)P(c1ccccc1)c1ccccc1)(C)C)cccc2P(c1ccccc1)c1ccccc1.Cl[Pd]Cl|MeCN,,Pd(XanthPhos)Cl2,MeCN,70.0,18.0,28,c1c(cc2c(c1)c(cn2C(=O)OC(C)(C)C)B1OC(C(O1)(C)C)(C)C)F
RKB-03664845,hit_05,c1(cc2c(cc1)S(N[C@H]2C(=O)OC)(=O)=O)Br,screen_SCRN_78,SCRN_78,c_14f5c30068,[Pd](Cl)Cl.P(C1CCCCC1)(C1CCCCC1)C1CCCCC1.P(C1CCCCC1)(C1CCCCC1)C1CCCCC1|MeCN,,Pd(P(Cy)3)2Cl2,MeCN,70.0,18.0,28,c1c(cc2c(c1)c(cn2C(=O)OC(C)(C)C)B1OC(C(O1)(C)C)(C)C)F
RKB-03664846,hit_05,c1(cc2c(cc1)S(N[C@H]2C(=O)OC)(=O)=O)Br,screen_SCRN_78,SCRN_78,c_ad8305297d,[Pd](Cl)Cl.P(c1c(cccc1)C)(c1c(cccc1)C)c1c(cccc1)C.P(c1c(cccc1)C)(c1c(cccc1)C)c1c(cccc1)C|THF,,Pd(P(o-Tol)3)2Cl2,THF,70.0,18.0,28,c1c(cc2c(c1)c(cn2C(=O)OC(C)(C)C)B1OC(C(O1)(C)C)(C)C)F
RKB-03664847,hit_05,c1(cc2c(cc1)S(N[C@H]2C(=O)OC)(=O)=O)Br,screen_SCRN_78,SCRN_78,c_96da66f8fe,P(C1CCCC1)(c1ccccc1)c1ccccc1.P(C1CCCC1)(c1ccccc1)c1ccccc1.C(Cl)Cl.[Pd](Cl)Cl.[Fe]|THF,,Pd(dppf)Cl2,THF,70.0,18.0,28,c1c(cc2c(c1)c(cn2C(=O)OC(C)(C)C)B1OC(C(O1)(C)C)(C)C)F
RKB-03664848,hit_05,c1(cc2c(cc1)S(N[C@H]2C(=O)OC)(=O)=O)Br,screen_SCRN_78,SCRN_78,c_14f5c30068,[Pd](Cl)Cl.P(C1CCCCC1)(C1CCCCC1)C1CCCCC1.P(C1CCCCC1)(C1CCCCC1)C1CCCCC1|MeCN,,Pd(P(Cy)3)2Cl2,MeCN,70.0,18.0,28,c1c(cc2c(c1)c(cn2C(=O)OC(C)(C)C)B1OC(C(O1)(C)C)(C)C)F
RKB-03664849,hit_05,c1(cc2c(cc1)S(N[C@H]2C(=O)OC)(=O)=O)Br,screen_SCRN_78,SCRN_78,c_7dc2ed3bef,C1(C(C(C(C1c1ccccc1)c1ccccc1)c1ccccc1)c1ccccc1)c1ccccc1.P(C(C)(C)C)(C(C)(C)C)C1CCCC1.C1(C(C(C(C1c1ccccc1)c1ccccc1)c1ccccc1)c1ccccc1)c1ccccc1.P(C(C)(C)C)(C(C)(C)C)C1CCCC1.[Fe].[Fe].[Pd]|MeOH,,Pd(QPhos)2,MeOH,70.0,18.0,28,c1c(cc2c(c1)c(cn2C(=O)OC(C)(C)C)B1OC(C(O1)(C)C)(C)C)F
RKB-03664850,hit_05,c1(cc2c(cc1)S(N[C@H]2C(=O)OC)(=O)=O)Br,screen_SCRN_78,SCRN_78,c_f7824c77b7,O1c2c(C(c3c1c(ccc3)P(c1ccccc1)c1ccccc1)(C)C)cccc2P(c1ccccc1)c1ccccc1.Cl[Pd]Cl|THF,,Pd(XanthPhos)Cl2,THF,70.0,18.0,44,c1c(cc2c(c1)c(cn2C(=O)OC(C)(C)C)B1OC(C(O1)(C)C)(C)C)F
RKB-03664851,hit_05,c1(cc2c(cc1)S(N[C@H]2C(=O)OC)(=O)=O)Br,screen_SCRN_78,SCRN_78,c_aabcb49fef,|THF,,SPhos Pd G4,THF,70.0,18.0,43,c1c(cc2c(c1)c(cn2C(=O)OC(C)(C)C)B1OC(C(O1)(C)C)(C)C)F
RKB-03664852,hit_05,c1(cc2c(cc1)S(N[C@H]2C(=O)OC)(=O)=O)Br,screen_SCRN_78,SCRN_78,c_577ff4ada9,P([C@]12C[C@@H]3C[C@H](C2)C[C@@H](C1)C3)([C@]12C[C@@H]3C[C@@H](C2)C[C@@H](C1)C3)CCCC|Toluene,Pd(OAc)2,Pd(OAc)2/CataCXium A,Toluene,70.0,18.0,42,c1c(cc2c(c1)c(cn2C(=O)OC(C)(C)C)B1OC(C(O1)(C)C)(C)C)F
RKB-03664853,hit_05,c1(cc2c(cc1)S(N[C@H]2C(=O)OC)(=O)=O)Br,screen_SCRN_78,SCRN_78,c_3c160df052,c1(c2c(P(C3CCCCC3)C3CCCCC3)cccc2)c(cc(cc1C(C)C)C(C)C)C(C)C|Toluene,Pd(OAc)2,Pd(OAc)2/XPhos,Toluene,70.0,18.0,41,c1c(cc2c(c1)c(cn2C(=O)OC(C)(C)C)B1OC(C(O1)(C)C)(C)C)F
RKB-03664854,hit_05,c1(cc2c(cc1)S(N[C@H]2C(=O)OC)(=O)=O)Br,screen_SCRN_78,SCRN_78,c_3f90fc71ff,[Pd](Cl)Cl.P(C(C)(C)C)(C(C)(C)C)c1ccc(N(C)C)cc1.P(C(C)(C)C)(C(C)(C)C)c1ccc(N(C)C)cc1|MeOH,,Pd-132,MeOH,70.0,18.0,41,c1c(cc2c(c1)c(cn2C(=O)OC(C)(C)C)B1OC(C(O1)(C)C)(C)C)F
RKB-03664855,hit_05,c1(cc2c(cc1)S(N[C@H]2C(=O)OC)(=O)=O)Br,screen_SCRN_78,SCRN_78,c_f7824c77b7,O1c2c(C(c3c1c(ccc3)P(c1ccccc1)c1ccccc1)(C)C)cccc2P(c1ccccc1)c1ccccc1.Cl[Pd]Cl|THF,,Pd(XanthPhos)Cl2,THF,70.0,18.0,41,c1c(cc2c(c1)c(cn2C(=O)OC(C)(C)C)B1OC(C(O1)(C)C)(C)C)F
RKB-03664856,hit_05,c1(cc2c(cc1)S(N[C@H]2C(=O)OC)(=O)=O)Br,screen_SCRN_78,SCRN_78,c_a86e283b14,c1(c2c(P(C3CCCCC3)C3CCCCC3)cccc2)c(cc(cc1C(C)C)C(C)C)C(C)C|MeCN,Pd(OAc)2,Pd(OAc)2/XPhos,MeCN,70.0,18.0,40,c1c(cc2c(c1)c(cn2C(=O)OC(C)(C)C)B1OC(C(O1)(C)C)(C)C)F
RKB-03664857,hit_05,c1(cc2c(cc1)S(N[C@H]2C(=O)OC)(=O)=O)Br,screen_SCRN_78,SCRN_78,c_1f622dc39d,[Pd].C(P(C(C)(C)C)C(C)(C)C)(C)(C)C.C(P(C(C)(C)C)C(C)(C)C)(C)(C)C|THF,,Pd(P(tBu)3)2,THF,70.0,18.0,40,c1c(cc2c(c1)c(cn2C(=O)OC(C)(C)C)B1OC(C(O1)(C)C)(C)C)F
RKB-03664858,hit_05,c1(cc2c(cc1)S(N[C@H]2C(=O)OC)(=O)=O)Br,screen_SCRN_78,SCRN_78,c_fb0fd7c858,[Pd](Cl)Cl.P(C1CCCCC1)(C1CCCCC1)C1CCCCC1.P(C1CCCCC1)(C1CCCCC1)C1CCCCC1|THF,,Pd(P(Cy)3)2Cl2,THF,70.0,18.0,40,c1c(cc2c(c1)c(cn2C(=O)OC(C)(C)C)B1OC(C(O1)(C)C)(C)C)F
RKB-03664859,hit_05,c1(cc2c(cc1)S(N[C@H]2C(=O)OC)(=O)=O)Br,screen_SCRN_78,SCRN_78,c_04d73ea970,P(C1CCCC1)(C(C)(C)C)C(C)(C)C.P(C1CCCC1)(C(C)(C)C)C(C)(C)C.[Pd](Cl)Cl.[Fe]|THF,,Pd(dtbpf)Cl2,THF,70.0,18.0,39,c1c(cc2c(c1)c(cn2C(=O)OC(C)(C)C)B1OC(C(O1)(C)C)(C)C)F
RKB-03664860,hit_05,c1(cc2c(cc1)S(N[C@H]2C(=O)OC)(=O)=O)Br,screen_SCRN_78,SCRN_78,c_ad8305297d,[Pd](Cl)Cl.P(c1c(cccc1)C)(c1c(cccc1)C)c1c(cccc1)C.P(c1c(cccc1)C)(c1c(cccc1)C)c1c(cccc1)C|THF,,Pd(P(o-Tol)3)2Cl2,THF,70.0,18.0,39,c1c(cc2c(c1)c(cn2C(=O)OC(C)(C)C)B1OC(C(O1)(C)C)(C)C)F
RKB-03664861,hit_05,c1(cc2c(cc1)S(N[C@H]2C(=O)OC)(=O)=O)Br,screen_SCRN_78,SCRN_78,c_87d08dc489,P(C1CCCC1)(C(C)(C)C)C(C)(C)C.P(C1CCCC1)(C(C)(C)C)C(C)(C)C.[Pd](Cl)Cl.[Fe]|MeOH,,Pd(dtbpf)Cl2,MeOH,70.0,18.0,38,c1c(cc2c(c1)c(cn2C(=O)OC(C)(C)C)B1OC(C(O1)(C)C)(C)C)F
RKB-03664862,hit_05,c1(cc2c(cc1)S(N[C@H]2C(=O)OC)(=O)=O)Br,screen_SCRN_78,SCRN_78,c_4fdc95dfd7,[Pd](Cl)Cl.P(C(C)(C)C)(C(C)(C)C)c1ccc(N(C)C)cc1.P(C(C)(C)C)(C(C)(C)C)c1ccc(N(C)C)cc1|THF,,Pd-132,THF,70.0,18.0,38,c1c(cc2c(c1)c(cn2C(=O)OC(C)(C)C)B1OC(C(O1)(C)C)(C)C)F
RKB-03664863,hit_05,c1(cc2c(cc1)S(N[C@H]2C(=O)OC)(=O)=O)Br,screen_SCRN_78,SCRN_78,c_aabcb49fef,|THF,,SPhos Pd G4,THF,70.0,18.0,38,c1c(cc2c(c1)c(cn2C(=O)OC(C)(C)C)B1OC(C(O1)(C)C)(C)C)F
RKB-03664864,hit_05,c1(cc2c(cc1)S(N[C@H]2C(=O)OC)(=O)=O)Br,screen_SCRN_78,SCRN_78,c_4957928872,|MeCN,,SPhos Pd G4,MeCN,70.0,18.0,38,c1c(cc2c(c1)c(cn2C(=O)OC(C)(C)C)B1OC(C(O1)(C)C)(C)C)F
RKB-03664865,hit_05,c1(cc2c(cc1)S(N[C@H]2C(=O)OC)(=O)=O)Br,screen_SCRN_78,SCRN_78,c_5e8279fbea,[Pd](Cl)Cl.P(C(C)(C)C)(C(C)(C)C)c1ccc(N(C)C)cc1.P(C(C)(C)C)(C(C)(C)C)c1ccc(N(C)C)cc1|Toluene,,Pd-132,Toluene,70.0,18.0,37,c1c(cc2c(c1)c(cn2C(=O)OC(C)(C)C)B1OC(C(O1)(C)C)(C)C)F
RKB-03664866,hit_05,c1(cc2c(cc1)S(N[C@H]2C(=O)OC)(=O)=O)Br,screen_SCRN_78,SCRN_78,c_87611e347b,C1(C(C(C(C1c1ccccc1)c1ccccc1)c1ccccc1)c1ccccc1)c1ccccc1.P(C(C)(C)C)(C(C)(C)C)C1CCCC1.C1(C(C(C(C1c1ccccc1)c1ccccc1)c1ccccc1)c1ccccc1)c1ccccc1.P(C(C)(C)C)(C(C)(C)C)C1CCCC1.[Fe].[Fe].[Pd]|THF,,Pd(QPhos)2,THF,70.0,18.0,37,c1c(cc2c(c1)c(cn2C(=O)OC(C)(C)C)B1OC(C(O1)(C)C)(C)C)F
RKB-03664867,hit_05,c1(cc2c(cc1)S(N[C@H]2C(=O)OC)(=O)=O)Br,screen_SCRN_78,SCRN_78,c_3196604cd9,[Pd](Cl)Cl.P(C(C)(C)C)(C(C)(C)C)c1ccc(N(C)C)cc1.P(C(C)(C)C)(C(C)(C)C)c1ccc(N(C)C)cc1|MeCN,,Pd-132,MeCN,70.0,18.0,36,c1c(cc2c(c1)c(cn2C(=O)OC(C)(C)C)B1OC(C(O1)(C)C)(C)C)F
RKB-03670106,hit_08,c1(n2c(nc(c1)Cl)nnn2)Cl,screen_SCRN_81,SCRN_81,c_a88c92ca46,C1(C(C(C(C1c1ccccc1)c1ccccc1)c1ccccc1)c1ccccc1)c1ccccc1.P(C(C)(C)C)(C(C)(C)C)C1CCCC1.C1(C(C(C(C1c1ccccc1)c1ccccc1)c1ccccc1)c1ccccc1)c1ccccc1.P(C(C)(C)C)(C(C)(C)C)C1CCCC1.[Fe].[Fe].[Pd]|Toluene,,Pd(QPhos)2,Toluene,90.0,18.0,50,
RKB-03670107,hit_08,c1(n2c(nc(c1)Cl)nnn2)Cl,screen_SCRN_81,SCRN_81,c_a88c92ca46,C1(C(C(C(C1c1ccccc1)c1ccccc1)c1ccccc1)c1ccccc1)c1ccccc1.P(C(C)(C)C)(C(C)(C)C)C1CCCC1.C1(C(C(C(C1c1ccccc1)c1ccccc1)c1ccccc1)c1ccccc1)c1ccccc1.P(C(C)(C)C)(C(C)(C)C)C1CCCC1.[Fe].[Fe].[Pd]|Toluene,,Pd(QPhos)2,Toluene,90.0,18.0,50,
RKB-03670108,hit_08,c1(n2c(nc(c1)Cl)nnn2)Cl,screen_SCRN_81,SCRN_81,c_a88c92ca46,C1(C(C(C(C1c1ccccc1)c1ccccc1)c1ccccc1)c1ccccc1)c1ccccc1.P(C(C)(C)C)(C(C)(C)C)C1CCCC1.C1(C(C(C(C1c1ccccc1)c1ccccc1)c1ccccc1)c1ccccc1)c1ccccc1.P(C(C)(C)C)(C(C)(C)C)C1CCCC1.[Fe].[Fe].[Pd]|Toluene,,Pd(QPhos)2,Toluene,90.0,18.0,49,
RKB-03670109,hit_08,c1(n2c(nc(c1)Cl)nnn2)Cl,screen_SCRN_81,SCRN_81,c_40534c4f12,[Pd].P(c1ccccc1)(c1ccccc1)c1ccccc1.P(c1ccccc1)(c1ccccc1)c1ccccc1.P(c1ccccc1)(c1ccccc1)c1ccccc1.P(c1ccccc1)(c1ccccc1)c1ccccc1|Toluene,,Pd(P(Ph)3)4),Toluene,90.0,18.0,48,
RKB-03670110,hit_08,c1(n2c(nc(c1)Cl)nnn2)Cl,screen_SCRN_81,SCRN_81,c_9e3adb389c,P(C1CCCC1)(c1ccccc1)c1ccccc1.P(C1CCCC1)(c1ccccc1)c1ccccc1.C(Cl)Cl.[Pd](Cl)Cl.[Fe]|Toluene,,Pd(dppf)Cl2,Toluene,90.0,18.0,47,
RKB-03670111,hit_08,c1(n2c(nc(c1)Cl)nnn2)Cl,screen_SCRN_81,SCRN_81,c_9e3adb389c,P(C1CCCC1)(c1ccccc1)c1ccccc1.P(C1CCCC1)(c1ccccc1)c1ccccc1.C(Cl)Cl.[Pd](Cl)Cl.[Fe]|Toluene,,Pd(dppf)Cl2,Toluene,90.0,18.0,47,
RKB-03670112,hit_08,c1(n2c(nc(c1)Cl)nnn2)Cl,screen_SCRN_81,SCRN_81,c_9e3adb389c,P(C1CCCC1)(c1ccccc1)c1ccccc1.P(C1CCCC1)(c1ccccc1)c1ccccc1.C(Cl)Cl.[Pd](Cl)Cl.[Fe]|Toluene,,Pd(dppf)Cl2,Toluene,90.0,18.0,46,
RKB-03670113,hit_08,c1(n2c(nc(c1)Cl)nnn2)Cl,screen_SCRN_81,SCRN_81,c_40534c4f12,[Pd].P(c1ccccc1)(c1ccccc1)c1ccccc1.P(c1ccccc1)(c1ccccc1)c1ccccc1.P(c1ccccc1)(c1ccccc1)c1ccccc1.P(c1ccccc1)(c1ccccc1)c1ccccc1|Toluene,,Pd(P(Ph)3)4),Toluene,90.0,18.0,43,
RKB-03670114,hit_08,c1(n2c(nc(c1)Cl)nnn2)Cl,screen_SCRN_81,SCRN_81,c_e564d7612a,[Pd].P(c1ccccc1)(c1ccccc1)c1ccccc1.P(c1ccccc1)(c1ccccc1)c1ccccc1.P(c1ccccc1)(c1ccccc1)c1ccccc1.P(c1ccccc1)(c1ccccc1)c1ccccc1|MeCN,,Pd(P(Ph)3)4),MeCN,90.0,18.0,42,
RKB-03670115,hit_08,c1(n2c(nc(c1)Cl)nnn2)Cl,screen_SCRN_81,SCRN_81,c_599a93c125,[Pd](Cl)Cl.P(c1c(cccc1)C)(c1c(cccc1)C)c1c(cccc1)C.P(c1c(cccc1)C)(c1c(cccc1)C)c1c(cccc1)C|Toluene,,Pd(P(o-Tol)3)2Cl2,Toluene,90.0,18.0,42,
RKB-03670116,hit_08,c1(n2c(nc(c1)Cl)nnn2)Cl,screen_SCRN_81,SCRN_81,c_f7824c77b7,O1c2c(C(c3c1c(ccc3)P(c1ccccc1)c1ccccc1)(C)C)cccc2P(c1ccccc1)c1ccccc1.Cl[Pd]Cl|THF,,Pd(XanthPhos)Cl2,THF,90.0,18.0,42,
RKB-03670117,hit_08,c1(n2c(nc(c1)Cl)nnn2)Cl,screen_SCRN_81,SCRN_81,c_40534c4f12,[Pd].P(c1ccccc1)(c1ccccc1)c1ccccc1.P(c1ccccc1)(c1ccccc1)c1ccccc1.P(c1ccccc1)(c1ccccc1)c1ccccc1.P(c1ccccc1)(c1ccccc1)c1ccccc1|Toluene,,Pd(P(Ph)3)4),Toluene,90.0,18.0,39,
RKB-03670118,hit_08,c1(n2c(nc(c1)Cl)nnn2)Cl,screen_SCRN_81,SCRN_81,c_ba67a9e214,|Toluene,,SPhos Pd G4,Toluene,90.0,18.0,38,
RKB-03670119,hit_08,c1(n2c(nc(c1)Cl)nnn2)Cl,screen_SCRN_81,SCRN_81,c_9e3adb389c,P(C1CCCC1)(c1ccccc1)c1ccccc1.P(C1CCCC1)(c1ccccc1)c1ccccc1.C(Cl)Cl.[Pd](Cl)Cl.[Fe]|Toluene,,Pd(dppf)Cl2,Toluene,90.0,18.0,38,
RKB-03670120,hit_08,c1(n2c(nc(c1)Cl)nnn2)Cl,screen_SCRN_81,SCRN_81,c_4648614000,C1(C(C(C(C1c1ccccc1)c1ccccc1)c1ccccc1)c1ccccc1)c1ccccc1.P(C(C)(C)C)(C(C)(C)C)C1CCCC1.C1(C(C(C(C1c1ccccc1)c1ccccc1)c1ccccc1)c1ccccc1)c1ccccc1.P(C(C)(C)C)(C(C)(C)C)C1CCCC1.[Fe].[Fe].[Pd]|MeCN,,Pd(QPhos)2,MeCN,90.0,18.0,36,
RKB-03670121,hit_08,c1(n2c(nc(c1)Cl)nnn2)Cl,screen_SCRN_81,SCRN_81,c_14f5c30068,[Pd](Cl)Cl.P(C1CCCCC1)(C1CCCCC1)C1CCCCC1.P(C1CCCCC1)(C1CCCCC1)C1CCCCC1|MeCN,,Pd(P(Cy)3)2Cl2,MeCN,90.0,18.0,35,
RKB-03670122,hit_08,c1(n2c(nc(c1)Cl)nnn2)Cl,screen_SCRN_81,SCRN_81,c_4957928872,|MeCN,,SPhos Pd G4,MeCN,90.0,18.0,34,
RKB-03670123,hit_08,c1(n2c(nc(c1)Cl)nnn2)Cl,screen_SCRN_81,SCRN_81,c_23c32c1777,[Pd](Cl)Cl.P(C1CCCCC1)(C1CCCCC1)C1CCCCC1.P(C1CCCCC1)(C1CCCCC1)C1CCCCC1|Toluene,,Pd(P(Cy)3)2Cl2,Toluene,90.0,18.0,32,
RKB-03670124,hit_08,c1(n2c(nc(c1)Cl)nnn2)Cl,screen_SCRN_81,SCRN_81,c_87611e347b,C1(C(C(C(C1c1ccccc1)c1ccccc1)c1ccccc1)c1ccccc1)c1ccccc1.P(C(C)(C)C)(C(C)(C)C)C1CCCC1.C1(C(C(C(C1c1ccccc1)c1ccccc1)c1ccccc1)c1ccccc1)c1ccccc1.P(C(C)(C)C)(C(C)(C)C)C1CCCC1.[Fe].[Fe].[Pd]|THF,,Pd(QPhos)2,THF,90.0,18.0,31,
RKB-03670125,hit_08,c1(n2c(nc(c1)Cl)nnn2)Cl,screen_SCRN_81,SCRN_81,c_599a93c125,[Pd](Cl)Cl.P(c1c(cccc1)C)(c1c(cccc1)C)c1c(cccc1)C.P(c1c(cccc1)C)(c1c(cccc1)C)c1c(cccc1)C|Toluene,,Pd(P(o-Tol)3)2Cl2,Toluene,90.0,18.0,31,
RKB-03670126,hit_08,c1(n2c(nc(c1)Cl)nnn2)Cl,screen_SCRN_81,SCRN_81,c_2db771aad0,c1(c2c(P(C3CCCCC3)C3CCCCC3)cccc2)c(cc(cc1C(C)C)C(C)C)C(C)C|THF,Pd(OAc)2,Pd(OAc)2/XPhos,THF,90.0,18.0,31,
RKB-03670127,hit_08,c1(n2c(nc(c1)Cl)nnn2)Cl,screen_SCRN_81,SCRN_81,c_96da66f8fe,P(C1CCCC1)(c1ccccc1)c1ccccc1.P(C1CCCC1)(c1ccccc1)c1ccccc1.C(Cl)Cl.[Pd](Cl)Cl.[Fe]|THF,,Pd(dppf)Cl2,THF,90.0,18.0,30,
RKB-03670128,hit_08,c1(n2c(nc(c1)Cl)nnn2)Cl,screen_SCRN_81,SCRN_81,c_3c160df052,c1(c2c(P(C3CCCCC3)C3CCCCC3)cccc2)c(cc(cc1C(C)C)C(C)C)C(C)C|Toluene,Pd(OAc)2,Pd(OAc)2/XPhos,Toluene,90.0,18.0,29,
RKB-03670129,hit_08,c1(n2c(nc(c1)Cl)nnn2)Cl,screen_SCRN_81,SCRN_81,c_23c32c1777,[Pd](Cl)Cl.P(C1CCCCC1)(C1CCCCC1)C1CCCCC1.P(C1CCCCC1)(C1CCCCC1)C1CCCCC1|Toluene,,Pd(P(Cy)3)2Cl2,Toluene,90.0,18.0,29,
RKB-03670130,hit_08,c1(n2c(nc(c1)Cl)nnn2)Cl,screen_SCRN_81,SCRN_81,c_23c32c1777,[Pd](Cl)Cl.P(C1CCCCC1)(C1CCCCC1)C1CCCCC1.P(C1CCCCC1)(C1CCCCC1)C1CCCCC1|Toluene,,Pd(P(Cy)3)2Cl2,Toluene,90.0,18.0,28,
RKB-03670131,hit_08,c1(n2c(nc(c1)Cl)nnn2)Cl,screen_SCRN_81,SCRN_81,c_c3b27856cb,[Pd](Cl)Cl.P(c1c(cccc1)C)(c1c(cccc1)C)c1c(cccc1)C.P(c1c(cccc1)C)(c1c(cccc1)C)c1c(cccc1)C|MeCN,,Pd(P(o-Tol)3)2Cl2,MeCN,90.0,18.0,28,
RKB-03670132,hit_08,c1(n2c(nc(c1)Cl)nnn2)Cl,screen_SCRN_81,SCRN_81,c_3c160df052,c1(c2c(P(C3CCCCC3)C3CCCCC3)cccc2)c(cc(cc1C(C)C)C(C)C)C(C)C|Toluene,Pd(OAc)2,Pd(OAc)2/XPhos,Toluene,90.0,18.0,27,
RKB-03670133,hit_08,c1(n2c(nc(c1)Cl)nnn2)Cl,screen_SCRN_81,SCRN_81,c_ba67a9e214,|Toluene,,SPhos Pd G4,Toluene,90.0,18.0,26,
RKB-03670134,hit_08,c1(n2c(nc(c1)Cl)nnn2)Cl,screen_SCRN_81,SCRN_81,c_87611e347b,C1(C(C(C(C1c1ccccc1)c1ccccc1)c1ccccc1)c1ccccc1)c1ccccc1.P(C(C)(C)C)(C(C)(C)C)C1CCCC1.C1(C(C(C(C1c1ccccc1)c1ccccc1)c1ccccc1)c1ccccc1)c1ccccc1.P(C(C)(C)C)(C(C)(C)C)C1CCCC1.[Fe].[Fe].[Pd]|THF,,Pd(QPhos)2,THF,90.0,18.0,26,
RKB-03670135,hit_08,c1(n2c(nc(c1)Cl)nnn2)Cl,screen_SCRN_81,SCRN_81,c_ba67a9e214,|Toluene,,SPhos Pd G4,Toluene,90.0,18.0,26,
RKB-03670136,hit_08,c1(n2c(nc(c1)Cl)nnn2)Cl,screen_SCRN_81,SCRN_81,c_96da66f8fe,P(C1CCCC1)(c1ccccc1)c1ccccc1.P(C1CCCC1)(c1ccccc1)c1ccccc1.C(Cl)Cl.[Pd](Cl)Cl.[Fe]|THF,,Pd(dppf)Cl2,THF,90.0,18.0,26,
RKB-03670137,hit_08,c1(n2c(nc(c1)Cl)nnn2)Cl,screen_SCRN_81,SCRN_81,c_87611e347b,C1(C(C(C(C1c1ccccc1)c1ccccc1)c1ccccc1)c1ccccc1)c1ccccc1.P(C(C)(C)C)(C(C)(C)C)C1CCCC1.C1(C(C(C(C1c1ccccc1)c1ccccc1)c1ccccc1)c1ccccc1)c1ccccc1.P(C(C)(C)C)(C(C)(C)C)C1CCCC1.[Fe].[Fe].[Pd]|THF,,Pd(QPhos)2,THF,90.0,18.0,25,
RKB-03670138,hit_08,c1(n2c(nc(c1)Cl)nnn2)Cl,screen_SCRN_81,SCRN_81,c_adf3bba061,P(C1CCCC1)(C(C)(C)C)C(C)(C)C.P(C1CCCC1)(C(C)(C)C)C(C)(C)C.[Pd](Cl)Cl.[Fe]|MeCN,,Pd(dtbpf)Cl2,MeCN,90.0,18.0,25,
RKB-03670139,hit_08,c1(n2c(nc(c1)Cl)nnn2)Cl,screen_SCRN_81,SCRN_81,c_23c32c1777,[Pd](Cl)Cl.P(C1CCCCC1)(C1CCCCC1)C1CCCCC1.P(C1CCCCC1)(C1CCCCC1)C1CCCCC1|Toluene,,Pd(P(Cy)3)2Cl2,Toluene,90.0,18.0,23,
RKB-03670140,hit_08,c1(n2c(nc(c1)Cl)nnn2)Cl,screen_SCRN_81,SCRN_81,c_86f3e84f01,[Pd].P(c1ccccc1)(c1ccccc1)c1ccccc1.P(c1ccccc1)(c1ccccc1)c1ccccc1.P(c1ccccc1)(c1ccccc1)c1ccccc1.P(c1ccccc1)(c1ccccc1)c1ccccc1|THF,,Pd(P(Ph)3)4),THF,90.0,18.0,23,
RKB-03670141,hit_08,c1(n2c(nc(c1)Cl)nnn2)Cl,screen_SCRN_81,SCRN_81,c_f7824c77b7,O1c2c(C(c3c1c(ccc3)P(c1ccccc1)c1ccccc1)(C)C)cccc2P(c1ccccc1)c1ccccc1.Cl[Pd]Cl|THF,,Pd(XanthPhos)Cl2,THF,90.0,18.0,23,
RKB-03670142,hit_08,c1(n2c(nc(c1)Cl)nnn2)Cl,screen_SCRN_81,SCRN_81,c_3196604cd9,[Pd](Cl)Cl.P(C(C)(C)C)(C(C)(C)C)c1ccc(N(C)C)cc1.P(C(C)(C)C)(C(C)(C)C)c1ccc(N(C)C)cc1|MeCN,,Pd-132,MeCN,90.0,18.0,22,
RKB-03670143,hit_08,c1(n2c(nc(c1)Cl)nnn2)Cl,screen_SCRN_81,SCRN_81,c_2db771aad0,c1(c2c(P(C3CCCCC3)C3CCCCC3)cccc2)c(cc(cc1C(C)C)C(C)C)C(C)C|THF,Pd(OAc)2,Pd(OAc)2/XPhos,THF,90.0,18.0,22,
RKB-03670144,hit_08,c1(n2c(nc(c1)Cl)nnn2)Cl,screen_SCRN_81,SCRN_81,c_a86e283b14,c1(c2c(P(C3CCCCC3)C3CCCCC3)cccc2)c(cc(cc1C(C)C)C(C)C)C(C)C|MeCN,Pd(OAc)2,Pd(OAc)2/XPhos,MeCN,90.0,18.0,22,
RKB-03670145,hit_08,c1(n2c(nc(c1)Cl)nnn2)Cl,screen_SCRN_81,SCRN_81,c_aabcb49fef,|THF,,SPhos Pd G4,THF,90.0,18.0,21,
RKB-03670146,hit_08,c1(n2c(nc(c1)Cl)nnn2)Cl,screen_SCRN_81,SCRN_81,c_40534c4f12,[Pd].P(c1ccccc1)(c1ccccc1)c1ccccc1.P(c1ccccc1)(c1ccccc1)c1ccccc1.P(c1ccccc1)(c1ccccc1)c1ccccc1.P(c1ccccc1)(c1ccccc1)c1ccccc1|Toluene,,Pd(P(Ph)3)4),Toluene,90.0,18.0,21,
RKB-03670147,hit_08,c1(n2c(nc(c1)Cl)nnn2)Cl,screen_SCRN_81,SCRN_81,c_f7824c77b7,O1c2c(C(c3c1c(ccc3)P(c1ccccc1)c1ccccc1)(C)C)cccc2P(c1ccccc1)c1ccccc1.Cl[Pd]Cl|THF,,Pd(XanthPhos)Cl2,THF,90.0,18.0,20,
RKB-03670148,hit_08,c1(n2c(nc(c1)Cl)nnn2)Cl,screen_SCRN_81,SCRN_81,c_493aa05fab,O1c2c(C(c3c1c(ccc3)P(c1ccccc1)c1ccccc1)(C)C)cccc2P(c1ccccc1)c1ccccc1.Cl[Pd]Cl|Toluene,,Pd(XanthPhos)Cl2,Toluene,90.0,18.0,19,
RKB-03670149,hit_08,c1(n2c(nc(c1)Cl)nnn2)Cl,screen_SCRN_81,SCRN_81,c_577ff4ada9,P([C@]12C[C@@H]3C[C@H](C2)C[C@@H](C1)C3)([C@]12C[C@@H]3C[C@@H](C2)C[C@@H](C1)C3)CCCC|Toluene,Pd(OAc)2,Pd(OAc)2/CataCXium A,Toluene,90.0,18.0,19,
RKB-03670150,hit_08,c1(n2c(nc(c1)Cl)nnn2)Cl,screen_SCRN_81,SCRN_81,c_aabcb49fef,|THF,,SPhos Pd G4,THF,90.0,18.0,17,
RKB-03670151,hit_08,c1(n2c(nc(c1)Cl)nnn2)Cl,screen_SCRN_81,SCRN_81,c_577ff4ada9,P([C@]12C[C@@H]3C[C@H](C2)C[C@@H](C1)C3)([C@]12C[C@@H]3C[C@@H](C2)C[C@@H](C1)C3)CCCC|Toluene,Pd(OAc)2,Pd(OAc)2/CataCXium A,Toluene,90.0,18.0,17,
RKB-03670152,hit_08,c1(n2c(nc(c1)Cl)nnn2)Cl,screen_SCRN_81,SCRN_81,c_577ff4ada9,P([C@]12C[C@@H]3C[C@H](C2)C[C@@H](C1)C3)([C@]12C[C@@H]3C[C@@H](C2)C[C@@H](C1)C3)CCCC|Toluene,Pd(OAc)2,Pd(OAc)2/CataCXium A,Toluene,90.0,18.0,17,
RKB-03670153,hit_08,c1(n2c(nc(c1)Cl)nnn2)Cl,screen_SCRN_81,SCRN_81,c_493aa05fab,O1c2c(C(c3c1c(ccc3)P(c1ccccc1)c1ccccc1)(C)C)cccc2P(c1ccccc1)c1ccccc1.Cl[Pd]Cl|Toluene,,Pd(XanthPhos)Cl2,Toluene,90.0,18.0,16,
RKB-03670154,hit_08,c1(n2c(nc(c1)Cl)nnn2)Cl,screen_SCRN_81,SCRN_81,c_86f3e84f01,[Pd].P(c1ccccc1)(c1ccccc1)c1ccccc1.P(c1ccccc1)(c1ccccc1)c1ccccc1.P(c1ccccc1)(c1ccccc1)c1ccccc1.P(c1ccccc1)(c1ccccc1)c1ccccc1|THF,,Pd(P(Ph)3)4),THF,90.0,18.0,14,
RKB-03670155,hit_08,c1(n2c(nc(c1)Cl)nnn2)Cl,screen_SCRN_81,SCRN_81,c_5e8279fbea,[Pd](Cl)Cl.P(C(C)(C)C)(C(C)(C)C)c1ccc(N(C)C)cc1.P(C(C)(C)C)(C(C)(C)C)c1ccc(N(C)C)cc1|Toluene,,Pd-132,Toluene,90.0,18.0,11,
RKB-03670156,hit_08,c1(n2c(nc(c1)Cl)nnn2)Cl,screen_SCRN_81,SCRN_81,c_86f3e84f01,[Pd].P(c1ccccc1)(c1ccccc1)c1ccccc1.P(c1ccccc1)(c1ccccc1)c1ccccc1.P(c1ccccc1)(c1ccccc1)c1ccccc1.P(c1ccccc1)(c1ccccc1)c1ccccc1|THF,,Pd(P(Ph)3)4),THF,90.0,18.0,11,
RKB-03670157,hit_08,c1(n2c(nc(c1)Cl)nnn2)Cl,screen_SCRN_81,SCRN_81,c_e8d46c9e9a,[Pd].P(c1ccccc1)(c1ccccc1)c1ccccc1.P(c1ccccc1)(c1ccccc1)c1ccccc1.P(c1ccccc1)(c1ccccc1)c1ccccc1.P(c1ccccc1)(c1ccccc1)c1ccccc1|MeOH,,Pd(P(Ph)3)4),MeOH,90.0,18.0,2,
RKB-03670158,hit_08,c1(n2c(nc(c1)Cl)nnn2)Cl,screen_SCRN_81,SCRN_81,c_fb0fd7c858,[Pd](Cl)Cl.P(C1CCCCC1)(C1CCCCC1)C1CCCCC1.P(C1CCCCC1)(C1CCCCC1)C1CCCCC1|THF,,Pd(P(Cy)3)2Cl2,THF,90.0,18.0,0,
RKB-03670159,hit_08,c1(n2c(nc(c1)Cl)nnn2)Cl,screen_SCRN_81,SCRN_81,c_ad8305297d,[Pd](Cl)Cl.P(c1c(cccc1)C)(c1c(cccc1)C)c1c(cccc1)C.P(c1c(cccc1)C)(c1c(cccc1)C)c1c(cccc1)C|THF,,Pd(P(o-Tol)3)2Cl2,THF,90.0,18.0,0,
RKB-03670160,hit_08,c1(n2c(nc(c1)Cl)nnn2)Cl,screen_SCRN_81,SCRN_81,c_e03a6b9172,P([C@]12C[C@@H]3C[C@H](C2)C[C@@H](C1)C3)([C@]12C[C@@H]3C[C@@H](C2)C[C@@H](C1)C3)CCCC|THF,Pd(OAc)2,Pd(OAc)2/CataCXium A,THF,90.0,18.0,0,
RKB-03670161,hit_08,c1(n2c(nc(c1)Cl)nnn2)Cl,screen_SCRN_81,SCRN_81,c_aabcb49fef,|THF,,SPhos Pd G4,THF,90.0,18.0,0,
RKB-03670162,hit_08,c1(n2c(nc(c1)Cl)nnn2)Cl,screen_SCRN_81,SCRN_81,c_ad8305297d,[Pd](Cl)Cl.P(c1c(cccc1)C)(c1c(cccc1)C)c1c(cccc1)C.P(c1c(cccc1)C)(c1c(cccc1)C)c1c(cccc1)C|THF,,Pd(P(o-Tol)3)2Cl2,THF,90.0,18.0,0,
RKB-03670163,hit_08,c1(n2c(nc(c1)Cl)nnn2)Cl,screen_SCRN_81,SCRN_81,c_fb0fd7c858,[Pd](Cl)Cl.P(C1CCCCC1)(C1CCCCC1)C1CCCCC1.P(C1CCCCC1)(C1CCCCC1)C1CCCCC1|THF,,Pd(P(Cy)3)2Cl2,THF,90.0,18.0,0,
RKB-03670164,hit_08,c1(n2c(nc(c1)Cl)nnn2)Cl,screen_SCRN_81,SCRN_81,c_87611e347b,C1(C(C(C(C1c1ccccc1)c1ccccc1)c1ccccc1)c1ccccc1)c1ccccc1.P(C(C)(C)C)(C(C)(C)C)C1CCCC1.C1(C(C(C(C1c1ccccc1)c1ccccc1)c1ccccc1)c1ccccc1)c1ccccc1.P(C(C)(C)C)(C(C)(C)C)C1CCCC1.[Fe].[Fe].[Pd]|THF,,Pd(QPhos)2,THF,90.0,18.0,0,
RKB-03670165,hit_08,c1(n2c(nc(c1)Cl)nnn2)Cl,screen_SCRN_81,SCRN_81,c_2db771aad0,c1(c2c(P(C3CCCCC3)C3CCCCC3)cccc2)c(cc(cc1C(C)C)C(C)C)C(C)C|THF,Pd(OAc)2,Pd(OAc)2/XPhos,THF,90.0,18.0,0,
RKB-03670166,hit_08,c1(n2c(nc(c1)Cl)nnn2)Cl,screen_SCRN_81,SCRN_81,c_96da66f8fe,P(C1CCCC1)(c1ccccc1)c1ccccc1.P(C1CCCC1)(c1ccccc1)c1ccccc1.C(Cl)Cl.[Pd](Cl)Cl.[Fe]|THF,,Pd(dppf)Cl2,THF,90.0,18.0,0,
RKB-03670167,hit_08,c1(n2c(nc(c1)Cl)nnn2)Cl,screen_SCRN_81,SCRN_81,c_1f622dc39d,[Pd].C(P(C(C)(C)C)C(C)(C)C)(C)(C)C.C(P(C(C)(C)C)C(C)(C)C)(C)(C)C|THF,,Pd(P(tBu)3)2,THF,90.0,18.0,0,
RKB-03670168,hit_08,c1(n2c(nc(c1)Cl)nnn2)Cl,screen_SCRN_81,SCRN_81,c_04d73ea970,P(C1CCCC1)(C(C)(C)C)C(C)(C)C.P(C1CCCC1)(C(C)(C)C)C(C)(C)C.[Pd](Cl)Cl.[Fe]|THF,,Pd(dtbpf)Cl2,THF,90.0,18.0,0,
RKB-03670169,hit_08,c1(n2c(nc(c1)Cl)nnn2)Cl,screen_SCRN_81,SCRN_81,c_4fdc95dfd7,[Pd](Cl)Cl.P(C(C)(C)C)(C(C)(C)C)c1ccc(N(C)C)cc1.P(C(C)(C)C)(C(C)(C)C)c1ccc(N(C)C)cc1|THF,,Pd-132,THF,90.0,18.0,0,
RKB-03670170,hit_08,c1(n2c(nc(c1)Cl)nnn2)Cl,screen_SCRN_81,SCRN_81,c_e03a6b9172,P([C@]12C[C@@H]3C[C@H](C2)C[C@@H](C1)C3)([C@]12C[C@@H]3C[C@@H](C2)C[C@@H](C1)C3)CCCC|THF,Pd(OAc)2,Pd(OAc)2/CataCXium A,THF,90.0,18.0,0,
RKB-03670171,hit_08,c1(n2c(nc(c1)Cl)nnn2)Cl,screen_SCRN_81,SCRN_81,c_ad8305297d,[Pd](Cl)Cl.P(c1c(cccc1)C)(c1c(cccc1)C)c1c(cccc1)C.P(c1c(cccc1)C)(c1c(cccc1)C)c1c(cccc1)C|THF,,Pd(P(o-Tol)3)2Cl2,THF,90.0,18.0,0,
RKB-03670172,hit_08,c1(n2c(nc(c1)Cl)nnn2)Cl,screen_SCRN_81,SCRN_81,c_fb0fd7c858,[Pd](Cl)Cl.P(C1CCCCC1)(C1CCCCC1)C1CCCCC1.P(C1CCCCC1)(C1CCCCC1)C1CCCCC1|THF,,Pd(P(Cy)3)2Cl2,THF,90.0,18.0,0,
RKB-03670173,hit_08,c1(n2c(nc(c1)Cl)nnn2)Cl,screen_SCRN_81,SCRN_81,c_1f622dc39d,[Pd].C(P(C(C)(C)C)C(C)(C)C)(C)(C)C.C(P(C(C)(C)C)C(C)(C)C)(C)(C)C|THF,,Pd(P(tBu)3)2,THF,90.0,18.0,0,
RKB-03670174,hit_08,c1(n2c(nc(c1)Cl)nnn2)Cl,screen_SCRN_81,SCRN_81,c_04d73ea970,P(C1CCCC1)(C(C)(C)C)C(C)(C)C.P(C1CCCC1)(C(C)(C)C)C(C)(C)C.[Pd](Cl)Cl.[Fe]|THF,,Pd(dtbpf)Cl2,THF,90.0,18.0,0,
RKB-03670175,hit_08,c1(n2c(nc(c1)Cl)nnn2)Cl,screen_SCRN_81,SCRN_81,c_4fdc95dfd7,[Pd](Cl)Cl.P(C(C)(C)C)(C(C)(C)C)c1ccc(N(C)C)cc1.P(C(C)(C)C)(C(C)(C)C)c1ccc(N(C)C)cc1|THF,,Pd-132,THF,90.0,18.0,0,
RKB-03670176,hit_08,c1(n2c(nc(c1)Cl)nnn2)Cl,screen_SCRN_81,SCRN_81,c_e03a6b9172,P([C@]12C[C@@H]3C[C@H](C2)C[C@@H](C1)C3)([C@]12C[C@@H]3C[C@@H](C2)C[C@@H](C1)C3)CCCC|THF,Pd(OAc)2,Pd(OAc)2/CataCXium A,THF,90.0,18.0,0,
RKB-03670177,hit_08,c1(n2c(nc(c1)Cl)nnn2)Cl,screen_SCRN_81,SCRN_81,c_3c160df052,c1(c2c(P(C3CCCCC3)C3CCCCC3)cccc2)c(cc(cc1C(C)C)C(C)C)C(C)C|Toluene,Pd(OAc)2,Pd(OAc)2/XPhos,Toluene,90.0,18.0,0,
RKB-03670178,hit_08,c1(n2c(nc(c1)Cl)nnn2)Cl,screen_SCRN_81,SCRN_81,c_599a93c125,[Pd](Cl)Cl.P(c1c(cccc1)C)(c1c(cccc1)C)c1c(cccc1)C.P(c1c(cccc1)C)(c1c(cccc1)C)c1c(cccc1)C|Toluene,,Pd(P(o-Tol)3)2Cl2,Toluene,90.0,18.0,0,
RKB-03670179,hit_08,c1(n2c(nc(c1)Cl)nnn2)Cl,screen_SCRN_81,SCRN_81,c_5e8279fbea,[Pd](Cl)Cl.P(C(C)(C)C)(C(C)(C)C)c1ccc(N(C)C)cc1.P(C(C)(C)C)(C(C)(C)C)c1ccc(N(C)C)cc1|Toluene,,Pd-132,Toluene,90.0,18.0,0,
RKB-03670180,hit_08,c1(n2c(nc(c1)Cl)nnn2)Cl,screen_SCRN_81,SCRN_81,c_32f061b282,P(C1CCCC1)(C(C)(C)C)C(C)(C)C.P(C1CCCC1)(C(C)(C)C)C(C)(C)C.[Pd](Cl)Cl.[Fe]|Toluene,,Pd(dtbpf)Cl2,Toluene,90.0,18.0,0,
RKB-03670181,hit_08,c1(n2c(nc(c1)Cl)nnn2)Cl,screen_SCRN_81,SCRN_81,c_4076342b87,[Pd].C(P(C(C)(C)C)C(C)(C)C)(C)(C)C.C(P(C(C)(C)C)C(C)(C)C)(C)(C)C|Toluene,,Pd(P(tBu)3)2,Toluene,90.0,18.0,0,
RKB-03670182,hit_08,c1(n2c(nc(c1)Cl)nnn2)Cl,screen_SCRN_81,SCRN_81,c_493aa05fab,O1c2c(C(c3c1c(ccc3)P(c1ccccc1)c1ccccc1)(C)C)cccc2P(c1ccccc1)c1ccccc1.Cl[Pd]Cl|Toluene,,Pd(XanthPhos)Cl2,Toluene,90.0,18.0,0,
RKB-03670183,hit_08,c1(n2c(nc(c1)Cl)nnn2)Cl,screen_SCRN_81,SCRN_81,c_5e8279fbea,[Pd](Cl)Cl.P(C(C)(C)C)(C(C)(C)C)c1ccc(N(C)C)cc1.P(C(C)(C)C)(C(C)(C)C)c1ccc(N(C)C)cc1|Toluene,,Pd-132,Toluene,90.0,18.0,0,
RKB-03670184,hit_08,c1(n2c(nc(c1)Cl)nnn2)Cl,screen_SCRN_81,SCRN_81,c_32f061b282,P(C1CCCC1)(C(C)(C)C)C(C)(C)C.P(C1CCCC1)(C(C)(C)C)C(C)(C)C.[Pd](Cl)Cl.[Fe]|Toluene,,Pd(dtbpf)Cl2,Toluene,90.0,18.0,0,
RKB-03670185,hit_08,c1(n2c(nc(c1)Cl)nnn2)Cl,screen_SCRN_81,SCRN_81,c_4076342b87,[Pd].C(P(C(C)(C)C)C(C)(C)C)(C)(C)C.C(P(C(C)(C)C)C(C)(C)C)(C)(C)C|Toluene,,Pd(P(tBu)3)2,Toluene,90.0,18.0,0,
RKB-03670186,hit_08,c1(n2c(nc(c1)Cl)nnn2)Cl,screen_SCRN_81,SCRN_81,c_32f061b282,P(C1CCCC1)(C(C)(C)C)C(C)(C)C.P(C1CCCC1)(C(C)(C)C)C(C)(C)C.[Pd](Cl)Cl.[Fe]|Toluene,,Pd(dtbpf)Cl2,Toluene,90.0,18.0,0,
RKB-03670187,hit_08,c1(n2c(nc(c1)Cl)nnn2)Cl,screen_SCRN_81,SCRN_81,c_4076342b87,[Pd].C(P(C(C)(C)C)C(C)(C)C)(C)(C)C.C(P(C(C)(C)C)C(C)(C)C)(C)(C)C|Toluene,,Pd(P(tBu)3)2,Toluene,90.0,18.0,0,
RKB-03670188,hit_08,c1(n2c(nc(c1)Cl)nnn2)Cl,screen_SCRN_81,SCRN_81,c_3c160df052,c1(c2c(P(C3CCCCC3)C3CCCCC3)cccc2)c(cc(cc1C(C)C)C(C)C)C(C)C|Toluene,Pd(OAc)2,Pd(OAc)2/XPhos,Toluene,90.0,18.0,0,
RKB-03670189,hit_08,c1(n2c(nc(c1)Cl)nnn2)Cl,screen_SCRN_81,SCRN_81,c_493aa05fab,O1c2c(C(c3c1c(ccc3)P(c1ccccc1)c1ccccc1)(C)C)cccc2P(c1ccccc1)c1ccccc1.Cl[Pd]Cl|Toluene,,Pd(XanthPhos)Cl2,Toluene,90.0,18.0,0,
RKB-03670190,hit_08,c1(n2c(nc(c1)Cl)nnn2)Cl,screen_SCRN_81,SCRN_81,c_a88c92ca46,C1(C(C(C(C1c1ccccc1)c1ccccc1)c1ccccc1)c1ccccc1)c1ccccc1.P(C(C)(C)C)(C(C)(C)C)C1CCCC1.C1(C(C(C(C1c1ccccc1)c1ccccc1)c1ccccc1)c1ccccc1)c1ccccc1.P(C(C)(C)C)(C(C)(C)C)C1CCCC1.[Fe].[Fe].[Pd]|Toluene,,Pd(QPhos)2,Toluene,90.0,18.0,0,
RKB-03670191,hit_08,c1(n2c(nc(c1)Cl)nnn2)Cl,screen_SCRN_81,SCRN_81,c_599a93c125,[Pd](Cl)Cl.P(c1c(cccc1)C)(c1c(cccc1)C)c1c(cccc1)C.P(c1c(cccc1)C)(c1c(cccc1)C)c1c(cccc1)C|Toluene,,Pd(P(o-Tol)3)2Cl2,Toluene,90.0,18.0,0,
RKB-03670192,hit_08,c1(n2c(nc(c1)Cl)nnn2)Cl,screen_SCRN_81,SCRN_81,c_ba67a9e214,|Toluene,,SPhos Pd G4,Toluene,90.0,18.0,0,
RKB-03670193,hit_08,c1(n2c(nc(c1)Cl)nnn2)Cl,screen_SCRN_81,SCRN_81,c_577ff4ada9,P([C@]12C[C@@H]3C[C@H](C2)C[C@@H](C1)C3)([C@]12C[C@@H]3C[C@@H](C2)C[C@@H](C1)C3)CCCC|Toluene,Pd(OAc)2,Pd(OAc)2/CataCXium A,Toluene,90.0,18.0,0,
RKB-03670194,hit_08,c1(n2c(nc(c1)Cl)nnn2)Cl,screen_SCRN_81,SCRN_81,c_5e8279fbea,[Pd](Cl)Cl.P(C(C)(C)C)(C(C)(C)C)c1ccc(N(C)C)cc1.P(C(C)(C)C)(C(C)(C)C)c1ccc(N(C)C)cc1|Toluene,,Pd-132,Toluene,90.0,18.0,0,
RKB-03670195,hit_08,c1(n2c(nc(c1)Cl)nnn2)Cl,screen_SCRN_81,SCRN_81,c_32f061b282,P(C1CCCC1)(C(C)(C)C)C(C)(C)C.P(C1CCCC1)(C(C)(C)C)C(C)(C)C.[Pd](Cl)Cl.[Fe]|Toluene,,Pd(dtbpf)Cl2,Toluene,90.0,18.0,0,
RKB-03670196,hit_08,c1(n2c(nc(c1)Cl)nnn2)Cl,screen_SCRN_81,SCRN_81,c_4076342b87,[Pd].C(P(C(C)(C)C)C(C)(C)C)(C)(C)C.C(P(C(C)(C)C)C(C)(C)C)(C)(C)C|Toluene,,Pd(P(tBu)3)2,Toluene,90.0,18.0,0,
RKB-03670197,hit_08,c1(n2c(nc(c1)Cl)nnn2)Cl,screen_SCRN_81,SCRN_81,c_2db771aad0,c1(c2c(P(C3CCCCC3)C3CCCCC3)cccc2)c(cc(cc1C(C)C)C(C)C)C(C)C|THF,Pd(OAc)2,Pd(OAc)2/XPhos,THF,90.0,18.0,0,
RKB-03670198,hit_08,c1(n2c(nc(c1)Cl)nnn2)Cl,screen_SCRN_81,SCRN_81,c_f7824c77b7,O1c2c(C(c3c1c(ccc3)P(c1ccccc1)c1ccccc1)(C)C)cccc2P(c1ccccc1)c1ccccc1.Cl[Pd]Cl|THF,,Pd(XanthPhos)Cl2,THF,90.0,18.0,0,
RKB-03670199,hit_08,c1(n2c(nc(c1)Cl)nnn2)Cl,screen_SCRN_81,SCRN_81,c_fb0fd7c858,[Pd](Cl)Cl.P(C1CCCCC1)(C1CCCCC1)C1CCCCC1.P(C1CCCCC1)(C1CCCCC1)C1CCCCC1|THF,,Pd(P(Cy)3)2Cl2,THF,90.0,18.0,0,
RKB-03670200,hit_08,c1(n2c(nc(c1)Cl)nnn2)Cl,screen_SCRN_81,SCRN_81,c_ad8305297d,[Pd](Cl)Cl.P(c1c(cccc1)C)(c1c(cccc1)C)c1c(cccc1)C.P(c1c(cccc1)C)(c1c(cccc1)C)c1c(cccc1)C|THF,,Pd(P(o-Tol)3)2Cl2,THF,90.0,18.0,0,
RKB-03670201,hit_08,c1(n2c(nc(c1)Cl)nnn2)Cl,screen_SCRN_81,SCRN_81,c_aabcb49fef,|THF,,SPhos Pd G4,THF,90.0,18.0,0,
RKB-03670202,hit_08,c1(n2c(nc(c1)Cl)nnn2)Cl,screen_SCRN_81,SCRN_81,c_e03a6b9172,P([C@]12C[C@@H]3C[C@H](C2)C[C@@H](C1)C3)([C@]12C[C@@H]3C[C@@H](C2)C[C@@H](C1)C3)CCCC|THF,Pd(OAc)2,Pd(OAc)2/CataCXium A,THF,90.0,18.0,0,
RKB-03670203,hit_08,c1(n2c(nc(c1)Cl)nnn2)Cl,screen_SCRN_81,SCRN_81,c_4fdc95dfd7,[Pd](Cl)Cl.P(C(C)(C)C)(C(C)(C)C)c1ccc(N(C)C)cc1.P(C(C)(C)C)(C(C)(C)C)c1ccc(N(C)C)cc1|THF,,Pd-132,THF,90.0,18.0,0,
RKB-03670204,hit_08,c1(n2c(nc(c1)Cl)nnn2)Cl,screen_SCRN_81,SCRN_81,c_04d73ea970,P(C1CCCC1)(C(C)(C)C)C(C)(C)C.P(C1CCCC1)(C(C)(C)C)C(C)(C)C.[Pd](Cl)Cl.[Fe]|THF,,Pd(dtbpf)Cl2,THF,90.0,18.0,0,
RKB-03670205,hit_08,c1(n2c(nc(c1)Cl)nnn2)Cl,screen_SCRN_81,SCRN_81,c_1f622dc39d,[Pd].C(P(C(C)(C)C)C(C)(C)C)(C)(C)C.C(P(C(C)(C)C)C(C)(C)C)(C)(C)C|THF,,Pd(P(tBu)3)2,THF,90.0,18.0,0,
RKB-03670206,hit_08,c1(n2c(nc(c1)Cl)nnn2)Cl,screen_SCRN_81,SCRN_81,c_c4be4d3b3e,c1(c2c(P(C3CCCCC3)C3CCCCC3)cccc2)c(cc(cc1C(C)C)C(C)C)C(C)C|MeOH,Pd(OAc)2,Pd(OAc)2/XPhos,MeOH,90.0,18.0,0,
RKB-03670207,hit_08,c1(n2c(nc(c1)Cl)nnn2)Cl,screen_SCRN_81,SCRN_81,c_e7bd21231d,P(C1CCCC1)(c1ccccc1)c1ccccc1.P(C1CCCC1)(c1ccccc1)c1ccccc1.C(Cl)Cl.[Pd](Cl)Cl.[Fe]|MeOH,,Pd(dppf)Cl2,MeOH,90.0,18.0,0,
RKB-03670208,hit_08,c1(n2c(nc(c1)Cl)nnn2)Cl,screen_SCRN_81,SCRN_81,c_30116215bd,[Pd].C(P(C(C)(C)C)C(C)(C)C)(C)(C)C.C(P(C(C)(C)C)C(C)(C)C)(C)(C)C|MeOH,,Pd(P(tBu)3)2,MeOH,90.0,18.0,0,
RKB-03670209,hit_08,c1(n2c(nc(c1)Cl)nnn2)Cl,screen_SCRN_81,SCRN_81,c_87d08dc489,P(C1CCCC1)(C(C)(C)C)C(C)(C)C.P(C1CCCC1)(C(C)(C)C)C(C)(C)C.[Pd](Cl)Cl.[Fe]|MeOH,,Pd(dtbpf)Cl2,MeOH,90.0,18.0,0,
RKB-03670210,hit_08,c1(n2c(nc(c1)Cl)nnn2)Cl,screen_SCRN_81,SCRN_81,c_3f90fc71ff,[Pd](Cl)Cl.P(C(C)(C)C)(C(C)(C)C)c1ccc(N(C)C)cc1.P(C(C)(C)C)(C(C)(C)C)c1ccc(N(C)C)cc1|MeOH,,Pd-132,MeOH,90.0,18.0,0,
RKB-03670211,hit_08,c1(n2c(nc(c1)Cl)nnn2)Cl,screen_SCRN_81,SCRN_81,c_b4e663cbcf,P([C@]12C[C@@H]3C[C@H](C2)C[C@@H](C1)C3)([C@]12C[C@@H]3C[C@@H](C2)C[C@@H](C1)C3)CCCC|MeOH,Pd(OAc)2,Pd(OAc)2/CataCXium A,MeOH,90.0,18.0,0,
RKB-03670212,hit_08,c1(n2c(nc(c1)Cl)nnn2)Cl,screen_SCRN_81,SCRN_81,c_e34fd39dff,|MeOH,,SPhos Pd G4,MeOH,90.0,18.0,0,
RKB-03670213,hit_08,c1(n2c(nc(c1)Cl)nnn2)Cl,screen_SCRN_81,SCRN_81,c_1d9e641278,[Pd](Cl)Cl.P(c1c(cccc1)C)(c1c(cccc1)C)c1c(cccc1)C.P(c1c(cccc1)C)(c1c(cccc1)C)c1c(cccc1)C|MeOH,,Pd(P(o-Tol)3)2Cl2,MeOH,90.0,18.0,0,
RKB-03670214,hit_08,c1(n2c(nc(c1)Cl)nnn2)Cl,screen_SCRN_81,SCRN_81,c_24a01a5b7d,[Pd](Cl)Cl.P(C1CCCCC1)(C1CCCCC1)C1CCCCC1.P(C1CCCCC1)(C1CCCCC1)C1CCCCC1|MeOH,,Pd(P(Cy)3)2Cl2,MeOH,90.0,18.0,0,
RKB-03670215,hit_08,c1(n2c(nc(c1)Cl)nnn2)Cl,screen_SCRN_81,SCRN_81,c_7dc2ed3bef,C1(C(C(C(C1c1ccccc1)c1ccccc1)c1ccccc1)c1ccccc1)c1ccccc1.P(C(C)(C)C)(C(C)(C)C)C1CCCC1.C1(C(C(C(C1c1ccccc1)c1ccccc1)c1ccccc1)c1ccccc1)c1ccccc1.P(C(C)(C)C)(C(C)(C)C)C1CCCC1.[Fe].[Fe].[Pd]|MeOH,,Pd(QPhos)2,MeOH,90.0,18.0,0,
RKB-03670216,hit_08,c1(n2c(nc(c1)Cl)nnn2)Cl,screen_SCRN_81,SCRN_81,c_ba1fa7db09,O1c2c(C(c3c1c(ccc3)P(c1ccccc1)c1ccccc1)(C)C)cccc2P(c1ccccc1)c1ccccc1.Cl[Pd]Cl|MeOH,,Pd(XanthPhos)Cl2,MeOH,90.0,18.0,0,
RKB-03670217,hit_08,c1(n2c(nc(c1)Cl)nnn2)Cl,screen_SCRN_81,SCRN_81,c_c4be4d3b3e,c1(c2c(P(C3CCCCC3)C3CCCCC3)cccc2)c(cc(cc1C(C)C)C(C)C)C(C)C|MeOH,Pd(OAc)2,Pd(OAc)2/XPhos,MeOH,90.0,18.0,0,
RKB-03670218,hit_08,c1(n2c(nc(c1)Cl)nnn2)Cl,screen_SCRN_81,SCRN_81,c_e7bd21231d,P(C1CCCC1)(c1ccccc1)c1ccccc1.P(C1CCCC1)(c1ccccc1)c1ccccc1.C(Cl)Cl.[Pd](Cl)Cl.[Fe]|MeOH,,Pd(dppf)Cl2,MeOH,90.0,18.0,0,
RKB-03670219,hit_08,c1(n2c(nc(c1)Cl)nnn2)Cl,screen_SCRN_81,SCRN_81,c_30116215bd,[Pd].C(P(C(C)(C)C)C(C)(C)C)(C)(C)C.C(P(C(C)(C)C)C(C)(C)C)(C)(C)C|MeOH,,Pd(P(tBu)3)2,MeOH,90.0,18.0,0,
RKB-03670220,hit_08,c1(n2c(nc(c1)Cl)nnn2)Cl,screen_SCRN_81,SCRN_81,c_e8d46c9e9a,[Pd].P(c1ccccc1)(c1ccccc1)c1ccccc1.P(c1ccccc1)(c1ccccc1)c1ccccc1.P(c1ccccc1)(c1ccccc1)c1ccccc1.P(c1ccccc1)(c1ccccc1)c1ccccc1|MeOH,,Pd(P(Ph)3)4),MeOH,90.0,18.0,0,
RKB-03670221,hit_08,c1(n2c(nc(c1)Cl)nnn2)Cl,screen_SCRN_81,SCRN_81,c_87d08dc489,P(C1CCCC1)(C(C)(C)C)C(C)(C)C.P(C1CCCC1)(C(C)(C)C)C(C)(C)C.[Pd](Cl)Cl.[Fe]|MeOH,,Pd(dtbpf)Cl2,MeOH,90.0,18.0,0,
RKB-03670222,hit_08,c1(n2c(nc(c1)Cl)nnn2)Cl,screen_SCRN_81,SCRN_81,c_e34fd39dff,|MeOH,,SPhos Pd G4,MeOH,90.0,18.0,0,
RKB-03670223,hit_08,c1(n2c(nc(c1)Cl)nnn2)Cl,screen_SCRN_81,SCRN_81,c_b4e663cbcf,P([C@]12C[C@@H]3C[C@H](C2)C[C@@H](C1)C3)([C@]12C[C@@H]3C[C@@H](C2)C[C@@H](C1)C3)CCCC|MeOH,Pd(OAc)2,Pd(OAc)2/CataCXium A,MeOH,90.0,18.0,0,
RKB-03670224,hit_08,c1(n2c(nc(c1)Cl)nnn2)Cl,screen_SCRN_81,SCRN_81,c_3f90fc71ff,[Pd](Cl)Cl.P(C(C)(C)C)(C(C)(C)C)c1ccc(N(C)C)cc1.P(C(C)(C)C)(C(C)(C)C)c1ccc(N(C)C)cc1|MeOH,,Pd-132,MeOH,90.0,18.0,0,
RKB-03670225,hit_08,c1(n2c(nc(c1)Cl)nnn2)Cl,screen_SCRN_81,SCRN_81,c_1d9e641278,[Pd](Cl)Cl.P(c1c(cccc1)C)(c1c(cccc1)C)c1c(cccc1)C.P(c1c(cccc1)C)(c1c(cccc1)C)c1c(cccc1)C|MeOH,,Pd(P(o-Tol)3)2Cl2,MeOH,90.0,18.0,0,
RKB-03670226,hit_08,c1(n2c(nc(c1)Cl)nnn2)Cl,screen_SCRN_81,SCRN_81,c_24a01a5b7d,[Pd](Cl)Cl.P(C1CCCCC1)(C1CCCCC1)C1CCCCC1.P(C1CCCCC1)(C1CCCCC1)C1CCCCC1|MeOH,,Pd(P(Cy)3)2Cl2,MeOH,90.0,18.0,0,
RKB-03670227,hit_08,c1(n2c(nc(c1)Cl)nnn2)Cl,screen_SCRN_81,SCRN_81,c_7dc2ed3bef,C1(C(C(C(C1c1ccccc1)c1ccccc1)c1ccccc1)c1ccccc1)c1ccccc1.P(C(C)(C)C)(C(C)(C)C)C1CCCC1.C1(C(C(C(C1c1ccccc1)c1ccccc1)c1ccccc1)c1ccccc1)c1ccccc1.P(C(C)(C)C)(C(C)(C)C)C1CCCC1.[Fe].[Fe].[Pd]|MeOH,,Pd(QPhos)2,MeOH,90.0,18.0,0,
RKB-03670228,hit_08,c1(n2c(nc(c1)Cl)nnn2)Cl,screen_SCRN_81,SCRN_81,c_ba1fa7db09,O1c2c(C(c3c1c(ccc3)P(c1ccccc1)c1ccccc1)(C)C)cccc2P(c1ccccc1)c1ccccc1.Cl[Pd]Cl|MeOH,,Pd(XanthPhos)Cl2,MeOH,90.0,18.0,0,
RKB-03670229,hit_08,c1(n2c(nc(c1)Cl)nnn2)Cl,screen_SCRN_81,SCRN_81,c_e7bd21231d,P(C1CCCC1)(c1ccccc1)c1ccccc1.P(C1CCCC1)(c1ccccc1)c1ccccc1.C(Cl)Cl.[Pd](Cl)Cl.[Fe]|MeOH,,Pd(dppf)Cl2,MeOH,90.0,18.0,0,
RKB-03670230,hit_08,c1(n2c(nc(c1)Cl)nnn2)Cl,screen_SCRN_81,SCRN_81,c_30116215bd,[Pd].C(P(C(C)(C)C)C(C)(C)C)(C)(C)C.C(P(C(C)(C)C)C(C)(C)C)(C)(C)C|MeOH,,Pd(P(tBu)3)2,MeOH,90.0,18.0,0,
RKB-03670231,hit_08,c1(n2c(nc(c1)Cl)nnn2)Cl,screen_SCRN_81,SCRN_81,c_e8d46c9e9a,[Pd].P(c1ccccc1)(c1ccccc1)c1ccccc1.P(c1ccccc1)(c1ccccc1)c1ccccc1.P(c1ccccc1)(c1ccccc1)c1ccccc1.P(c1ccccc1)(c1ccccc1)c1ccccc1|MeOH,,Pd(P(Ph)3)4),MeOH,90.0,18.0,0,
RKB-03670232,hit_08,c1(n2c(nc(c1)Cl)nnn2)Cl,screen_SCRN_81,SCRN_81,c_87d08dc489,P(C1CCCC1)(C(C)(C)C)C(C)(C)C.P(C1CCCC1)(C(C)(C)C)C(C)(C)C.[Pd](Cl)Cl.[Fe]|MeOH,,Pd(dtbpf)Cl2,MeOH,90.0,18.0,0,
RKB-03670233,hit_08,c1(n2c(nc(c1)Cl)nnn2)Cl,screen_SCRN_81,SCRN_81,c_3f90fc71ff,[Pd](Cl)Cl.P(C(C)(C)C)(C(C)(C)C)c1ccc(N(C)C)cc1.P(C(C)(C)C)(C(C)(C)C)c1ccc(N(C)C)cc1|MeOH,,Pd-132,MeOH,90.0,18.0,0,
RKB-03670234,hit_08,c1(n2c(nc(c1)Cl)nnn2)Cl,screen_SCRN_81,SCRN_81,c_b4e663cbcf,P([C@]12C[C@@H]3C[C@H](C2)C[C@@H](C1)C3)([C@]12C[C@@H]3C[C@@H](C2)C[C@@H](C1)C3)CCCC|MeOH,Pd(OAc)2,Pd(OAc)2/CataCXium A,MeOH,90.0,18.0,0,
RKB-03670235,hit_08,c1(n2c(nc(c1)Cl)nnn2)Cl,screen_SCRN_81,SCRN_81,c_e34fd39dff,|MeOH,,SPhos Pd G4,MeOH,90.0,18.0,0,
RKB-03670236,hit_08,c1(n2c(nc(c1)Cl)nnn2)Cl,screen_SCRN_81,SCRN_81,c_1d9e641278,[Pd](Cl)Cl.P(c1c(cccc1)C)(c1c(cccc1)C)c1c(cccc1)C.P(c1c(cccc1)C)(c1c(cccc1)C)c1c(cccc1)C|MeOH,,Pd(P(o-Tol)3)2Cl2,MeOH,90.0,18.0,0,
RKB-03670237,hit_08,c1(n2c(nc(c1)Cl)nnn2)Cl,screen_SCRN_81,SCRN_81,c_24a01a5b7d,[Pd](Cl)Cl.P(C1CCCCC1)(C1CCCCC1)C1CCCCC1.P(C1CCCCC1)(C1CCCCC1)C1CCCCC1|MeOH,,Pd(P(Cy)3)2Cl2,MeOH,90.0,18.0,0,
RKB-03670238,hit_08,c1(n2c(nc(c1)Cl)nnn2)Cl,screen_SCRN_81,SCRN_81,c_7dc2ed3bef,C1(C(C(C(C1c1ccccc1)c1ccccc1)c1ccccc1)c1ccccc1)c1ccccc1.P(C(C)(C)C)(C(C)(C)C)C1CCCC1.C1(C(C(C(C1c1ccccc1)c1ccccc1)c1ccccc1)c1ccccc1)c1ccccc1.P(C(C)(C)C)(C(C)(C)C)C1CCCC1.[Fe].[Fe].[Pd]|MeOH,,Pd(QPhos)2,MeOH,90.0,18.0,0,
RKB-03670239,hit_08,c1(n2c(nc(c1)Cl)nnn2)Cl,screen_SCRN_81,SCRN_81,c_ba1fa7db09,O1c2c(C(c3c1c(ccc3)P(c1ccccc1)c1ccccc1)(C)C)cccc2P(c1ccccc1)c1ccccc1.Cl[Pd]Cl|MeOH,,Pd(XanthPhos)Cl2,MeOH,90.0,18.0,0,
RKB-03670240,hit_08,c1(n2c(nc(c1)Cl)nnn2)Cl,screen_SCRN_81,SCRN_81,c_c4be4d3b3e,c1(c2c(P(C3CCCCC3)C3CCCCC3)cccc2)c(cc(cc1C(C)C)C(C)C)C(C)C|MeOH,Pd(OAc)2,Pd(OAc)2/XPhos,MeOH,90.0,18.0,0,
RKB-03670241,hit_08,c1(n2c(nc(c1)Cl)nnn2)Cl,screen_SCRN_81,SCRN_81,c_e7bd21231d,P(C1CCCC1)(c1ccccc1)c1ccccc1.P(C1CCCC1)(c1ccccc1)c1ccccc1.C(Cl)Cl.[Pd](Cl)Cl.[Fe]|MeOH,,Pd(dppf)Cl2,MeOH,90.0,18.0,0,
RKB-03670242,hit_08,c1(n2c(nc(c1)Cl)nnn2)Cl,screen_SCRN_81,SCRN_81,c_30116215bd,[Pd].C(P(C(C)(C)C)C(C)(C)C)(C)(C)C.C(P(C(C)(C)C)C(C)(C)C)(C)(C)C|MeOH,,Pd(P(tBu)3)2,MeOH,90.0,18.0,0,
RKB-03670243,hit_08,c1(n2c(nc(c1)Cl)nnn2)Cl,screen_SCRN_81,SCRN_81,c_e8d46c9e9a,[Pd].P(c1ccccc1)(c1ccccc1)c1ccccc1.P(c1ccccc1)(c1ccccc1)c1ccccc1.P(c1ccccc1)(c1ccccc1)c1ccccc1.P(c1ccccc1)(c1ccccc1)c1ccccc1|MeOH,,Pd(P(Ph)3)4),MeOH,90.0,18.0,0,
RKB-03670244,hit_08,c1(n2c(nc(c1)Cl)nnn2)Cl,screen_SCRN_81,SCRN_81,c_87d08dc489,P(C1CCCC1)(C(C)(C)C)C(C)(C)C.P(C1CCCC1)(C(C)(C)C)C(C)(C)C.[Pd](Cl)Cl.[Fe]|MeOH,,Pd(dtbpf)Cl2,MeOH,90.0,18.0,0,
RKB-03670245,hit_08,c1(n2c(nc(c1)Cl)nnn2)Cl,screen_SCRN_81,SCRN_81,c_3f90fc71ff,[Pd](Cl)Cl.P(C(C)(C)C)(C(C)(C)C)c1ccc(N(C)C)cc1.P(C(C)(C)C)(C(C)(C)C)c1ccc(N(C)C)cc1|MeOH,,Pd-132,MeOH,90.0,18.0,0,
RKB-03670246,hit_08,c1(n2c(nc(c1)Cl)nnn2)Cl,screen_SCRN_81,SCRN_81,c_b4e663cbcf,P([C@]12C[C@@H]3C[C@H](C2)C[C@@H](C1)C3)([C@]12C[C@@H]3C[C@@H](C2)C[C@@H](C1)C3)CCCC|MeOH,Pd(OAc)2,Pd(OAc)2/CataCXium A,MeOH,90.0,18.0,0,
RKB-03670247,hit_08,c1(n2c(nc(c1)Cl)nnn2)Cl,screen_SCRN_81,SCRN_81,c_e34fd39dff,|MeOH,,SPhos Pd G4,MeOH,90.0,18.0,0,
RKB-03670248,hit_08,c1(n2c(nc(c1)Cl)nnn2)Cl,screen_SCRN_81,SCRN_81,c_1d9e641278,[Pd](Cl)Cl.P(c1c(cccc1)C)(c1c(cccc1)C)c1c(cccc1)C.P(c1c(cccc1)C)(c1c(cccc1)C)c1c(cccc1)C|MeOH,,Pd(P(o-Tol)3)2Cl2,MeOH,90.0,18.0,0,
RKB-03670249,hit_08,c1(n2c(nc(c1)Cl)nnn2)Cl,screen_SCRN_81,SCRN_81,c_24a01a5b7d,[Pd](Cl)Cl.P(C1CCCCC1)(C1CCCCC1)C1CCCCC1.P(C1CCCCC1)(C1CCCCC1)C1CCCCC1|MeOH,,Pd(P(Cy)3)2Cl2,MeOH,90.0,18.0,0,
RKB-03670250,hit_08,c1(n2c(nc(c1)Cl)nnn2)Cl,screen_SCRN_81,SCRN_81,c_7dc2ed3bef,C1(C(C(C(C1c1ccccc1)c1ccccc1)c1ccccc1)c1ccccc1)c1ccccc1.P(C(C)(C)C)(C(C)(C)C)C1CCCC1.C1(C(C(C(C1c1ccccc1)c1ccccc1)c1ccccc1)c1ccccc1)c1ccccc1.P(C(C)(C)C)(C(C)(C)C)C1CCCC1.[Fe].[Fe].[Pd]|MeOH,,Pd(QPhos)2,MeOH,90.0,18.0,0,
RKB-03670251,hit_08,c1(n2c(nc(c1)Cl)nnn2)Cl,screen_SCRN_81,SCRN_81,c_ba1fa7db09,O1c2c(C(c3c1c(ccc3)P(c1ccccc1)c1ccccc1)(C)C)cccc2P(c1ccccc1)c1ccccc1.Cl[Pd]Cl|MeOH,,Pd(XanthPhos)Cl2,MeOH,90.0,18.0,0,
RKB-03670252,hit_08,c1(n2c(nc(c1)Cl)nnn2)Cl,screen_SCRN_81,SCRN_81,c_4957928872,|MeCN,,SPhos Pd G4,MeCN,90.0,18.0,0,
RKB-03670253,hit_08,c1(n2c(nc(c1)Cl)nnn2)Cl,screen_SCRN_81,SCRN_81,c_c3b27856cb,[Pd](Cl)Cl.P(c1c(cccc1)C)(c1c(cccc1)C)c1c(cccc1)C.P(c1c(cccc1)C)(c1c(cccc1)C)c1c(cccc1)C|MeCN,,Pd(P(o-Tol)3)2Cl2,MeCN,90.0,18.0,0,
RKB-03670254,hit_08,c1(n2c(nc(c1)Cl)nnn2)Cl,screen_SCRN_81,SCRN_81,c_14f5c30068,[Pd](Cl)Cl.P(C1CCCCC1)(C1CCCCC1)C1CCCCC1.P(C1CCCCC1)(C1CCCCC1)C1CCCCC1|MeCN,,Pd(P(Cy)3)2Cl2,MeCN,90.0,18.0,0,
RKB-03670255,hit_08,c1(n2c(nc(c1)Cl)nnn2)Cl,screen_SCRN_81,SCRN_81,c_4648614000,C1(C(C(C(C1c1ccccc1)c1ccccc1)c1ccccc1)c1ccccc1)c1ccccc1.P(C(C)(C)C)(C(C)(C)C)C1CCCC1.C1(C(C(C(C1c1ccccc1)c1ccccc1)c1ccccc1)c1ccccc1)c1ccccc1.P(C(C)(C)C)(C(C)(C)C)C1CCCC1.[Fe].[Fe].[Pd]|MeCN,,Pd(QPhos)2,MeCN,90.0,18.0,0,
RKB-03670256,hit_08,c1(n2c(nc(c1)Cl)nnn2)Cl,screen_SCRN_81,SCRN_81,c_99aeac08ec,O1c2c(C(c3c1c(ccc3)P(c1ccccc1)c1ccccc1)(C)C)cccc2P(c1ccccc1)c1ccccc1.Cl[Pd]Cl|MeCN,,Pd(XanthPhos)Cl2,MeCN,90.0,18.0,0,
RKB-03670257,hit_08,c1(n2c(nc(c1)Cl)nnn2)Cl,screen_SCRN_81,SCRN_81,c_a86e283b14,c1(c2c(P(C3CCCCC3)C3CCCCC3)cccc2)c(cc(cc1C(C)C)C(C)C)C(C)C|MeCN,Pd(OAc)2,Pd(OAc)2/XPhos,MeCN,90.0,18.0,0,
RKB-03670258,hit_08,c1(n2c(nc(c1)Cl)nnn2)Cl,screen_SCRN_81,SCRN_81,c_b9c1c9f68d,P(C1CCCC1)(c1ccccc1)c1ccccc1.P(C1CCCC1)(c1ccccc1)c1ccccc1.C(Cl)Cl.[Pd](Cl)Cl.[Fe]|MeCN,,Pd(dppf)Cl2,MeCN,90.0,18.0,0,
RKB-03670259,hit_08,c1(n2c(nc(c1)Cl)nnn2)Cl,screen_SCRN_81,SCRN_81,c_efdcec6f77,[Pd].C(P(C(C)(C)C)C(C)(C)C)(C)(C)C.C(P(C(C)(C)C)C(C)(C)C)(C)(C)C|MeCN,,Pd(P(tBu)3)2,MeCN,90.0,18.0,0,
RKB-03670260,hit_08,c1(n2c(nc(c1)Cl)nnn2)Cl,screen_SCRN_81,SCRN_81,c_e564d7612a,[Pd].P(c1ccccc1)(c1ccccc1)c1ccccc1.P(c1ccccc1)(c1ccccc1)c1ccccc1.P(c1ccccc1)(c1ccccc1)c1ccccc1.P(c1ccccc1)(c1ccccc1)c1ccccc1|MeCN,,Pd(P(Ph)3)4),MeCN,90.0,18.0,0,
RKB-03670261,hit_08,c1(n2c(nc(c1)Cl)nnn2)Cl,screen_SCRN_81,SCRN_81,c_adf3bba061,P(C1CCCC1)(C(C)(C)C)C(C)(C)C.P(C1CCCC1)(C(C)(C)C)C(C)(C)C.[Pd](Cl)Cl.[Fe]|MeCN,,Pd(dtbpf)Cl2,MeCN,90.0,18.0,0,
RKB-03670262,hit_08,c1(n2c(nc(c1)Cl)nnn2)Cl,screen_SCRN_81,SCRN_81,c_3196604cd9,[Pd](Cl)Cl.P(C(C)(C)C)(C(C)(C)C)c1ccc(N(C)C)cc1.P(C(C)(C)C)(C(C)(C)C)c1ccc(N(C)C)cc1|MeCN,,Pd-132,MeCN,90.0,18.0,0,
RKB-03670263,hit_08,c1(n2c(nc(c1)Cl)nnn2)Cl,screen_SCRN_81,SCRN_81,c_3ee2d5105a,P([C@]12C[C@@H]3C[C@H](C2)C[C@@H](C1)C3)([C@]12C[C@@H]3C[C@@H](C2)C[C@@H](C1)C3)CCCC|MeCN,Pd(OAc)2,Pd(OAc)2/CataCXium A,MeCN,90.0,18.0,0,
RKB-03670264,hit_08,c1(n2c(nc(c1)Cl)nnn2)Cl,screen_SCRN_81,SCRN_81,c_4957928872,|MeCN,,SPhos Pd G4,MeCN,90.0,18.0,0,
RKB-03670265,hit_08,c1(n2c(nc(c1)Cl)nnn2)Cl,screen_SCRN_81,SCRN_81,c_c3b27856cb,[Pd](Cl)Cl.P(c1c(cccc1)C)(c1c(cccc1)C)c1c(cccc1)C.P(c1c(cccc1)C)(c1c(cccc1)C)c1c(cccc1)C|MeCN,,Pd(P(o-Tol)3)2Cl2,MeCN,90.0,18.0,0,
RKB-03670266,hit_08,c1(n2c(nc(c1)Cl)nnn2)Cl,screen_SCRN_81,SCRN_81,c_14f5c30068,[Pd](Cl)Cl.P(C1CCCCC1)(C1CCCCC1)C1CCCCC1.P(C1CCCCC1)(C1CCCCC1)C1CCCCC1|MeCN,,Pd(P(Cy)3)2Cl2,MeCN,90.0,18.0,0,
RKB-03670267,hit_08,c1(n2c(nc(c1)Cl)nnn2)Cl,screen_SCRN_81,SCRN_81,c_4648614000,C1(C(C(C(C1c1ccccc1)c1ccccc1)c1ccccc1)c1ccccc1)c1ccccc1.P(C(C)(C)C)(C(C)(C)C)C1CCCC1.C1(C(C(C(C1c1ccccc1)c1ccccc1)c1ccccc1)c1ccccc1)c1ccccc1.P(C(C)(C)C)(C(C)(C)C)C1CCCC1.[Fe].[Fe].[Pd]|MeCN,,Pd(QPhos)2,MeCN,90.0,18.0,0,
RKB-03670268,hit_08,c1(n2c(nc(c1)Cl)nnn2)Cl,screen_SCRN_81,SCRN_81,c_99aeac08ec,O1c2c(C(c3c1c(ccc3)P(c1ccccc1)c1ccccc1)(C)C)cccc2P(c1ccccc1)c1ccccc1.Cl[Pd]Cl|MeCN,,Pd(XanthPhos)Cl2,MeCN,90.0,18.0,0,
RKB-03670269,hit_08,c1(n2c(nc(c1)Cl)nnn2)Cl,screen_SCRN_81,SCRN_81,c_a86e283b14,c1(c2c(P(C3CCCCC3)C3CCCCC3)cccc2)c(cc(cc1C(C)C)C(C)C)C(C)C|MeCN,Pd(OAc)2,Pd(OAc)2/XPhos,MeCN,90.0,18.0,0,
RKB-03670270,hit_08,c1(n2c(nc(c1)Cl)nnn2)Cl,screen_SCRN_81,SCRN_81,c_96da66f8fe,P(C1CCCC1)(c1ccccc1)c1ccccc1.P(C1CCCC1)(c1ccccc1)c1ccccc1.C(Cl)Cl.[Pd](Cl)Cl.[Fe]|THF,,Pd(dppf)Cl2,THF,90.0,18.0,0,
RKB-03670271,hit_08,c1(n2c(nc(c1)Cl)nnn2)Cl,screen_SCRN_81,SCRN_81,c_1f622dc39d,[Pd].C(P(C(C)(C)C)C(C)(C)C)(C)(C)C.C(P(C(C)(C)C)C(C)(C)C)(C)(C)C|THF,,Pd(P(tBu)3)2,THF,90.0,18.0,0,
RKB-03670272,hit_08,c1(n2c(nc(c1)Cl)nnn2)Cl,screen_SCRN_81,SCRN_81,c_86f3e84f01,[Pd].P(c1ccccc1)(c1ccccc1)c1ccccc1.P(c1ccccc1)(c1ccccc1)c1ccccc1.P(c1ccccc1)(c1ccccc1)c1ccccc1.P(c1ccccc1)(c1ccccc1)c1ccccc1|THF,,Pd(P(Ph)3)4),THF,90.0,18.0,0,
RKB-03670273,hit_08,c1(n2c(nc(c1)Cl)nnn2)Cl,screen_SCRN_81,SCRN_81,c_04d73ea970,P(C1CCCC1)(C(C)(C)C)C(C)(C)C.P(C1CCCC1)(C(C)(C)C)C(C)(C)C.[Pd](Cl)Cl.[Fe]|THF,,Pd(dtbpf)Cl2,THF,90.0,18.0,0,
RKB-03670274,hit_08,c1(n2c(nc(c1)Cl)nnn2)Cl,screen_SCRN_81,SCRN_81,c_4fdc95dfd7,[Pd](Cl)Cl.P(C(C)(C)C)(C(C)(C)C)c1ccc(N(C)C)cc1.P(C(C)(C)C)(C(C)(C)C)c1ccc(N(C)C)cc1|THF,,Pd-132,THF,90.0,18.0,0,
RKB-03670275,hit_08,c1(n2c(nc(c1)Cl)nnn2)Cl,screen_SCRN_81,SCRN_81,c_c4be4d3b3e,c1(c2c(P(C3CCCCC3)C3CCCCC3)cccc2)c(cc(cc1C(C)C)C(C)C)C(C)C|MeOH,Pd(OAc)2,Pd(OAc)2/XPhos,MeOH,90.0,18.0,0,
RKB-03670276,hit_08,c1(n2c(nc(c1)Cl)nnn2)Cl,screen_SCRN_81,SCRN_81,c_b9c1c9f68d,P(C1CCCC1)(c1ccccc1)c1ccccc1.P(C1CCCC1)(c1ccccc1)c1ccccc1.C(Cl)Cl.[Pd](Cl)Cl.[Fe]|MeCN,,Pd(dppf)Cl2,MeCN,90.0,18.0,0,
RKB-03670277,hit_08,c1(n2c(nc(c1)Cl)nnn2)Cl,screen_SCRN_81,SCRN_81,c_efdcec6f77,[Pd].C(P(C(C)(C)C)C(C)(C)C)(C)(C)C.C(P(C(C)(C)C)C(C)(C)C)(C)(C)C|MeCN,,Pd(P(tBu)3)2,MeCN,90.0,18.0,0,
RKB-03670278,hit_08,c1(n2c(nc(c1)Cl)nnn2)Cl,screen_SCRN_81,SCRN_81,c_e564d7612a,[Pd].P(c1ccccc1)(c1ccccc1)c1ccccc1.P(c1ccccc1)(c1ccccc1)c1ccccc1.P(c1ccccc1)(c1ccccc1)c1ccccc1.P(c1ccccc1)(c1ccccc1)c1ccccc1|MeCN,,Pd(P(Ph)3)4),MeCN,90.0,18.0,0,
RKB-03670279,hit_08,c1(n2c(nc(c1)Cl)nnn2)Cl,screen_SCRN_81,SCRN_81,c_adf3bba061,P(C1CCCC1)(C(C)(C)C)C(C)(C)C.P(C1CCCC1)(C(C)(C)C)C(C)(C)C.[Pd](Cl)Cl.[Fe]|MeCN,,Pd(dtbpf)Cl2,MeCN,90.0,18.0,0,
RKB-03670280,hit_08,c1(n2c(nc(c1)Cl)nnn2)Cl,screen_SCRN_81,SCRN_81,c_3196604cd9,[Pd](Cl)Cl.P(C(C)(C)C)(C(C)(C)C)c1ccc(N(C)C)cc1.P(C(C)(C)C)(C(C)(C)C)c1ccc(N(C)C)cc1|MeCN,,Pd-132,MeCN,90.0,18.0,0,
RKB-03670281,hit_08,c1(n2c(nc(c1)Cl)nnn2)Cl,screen_SCRN_81,SCRN_81,c_3ee2d5105a,P([C@]12C[C@@H]3C[C@H](C2)C[C@@H](C1)C3)([C@]12C[C@@H]3C[C@@H](C2)C[C@@H](C1)C3)CCCC|MeCN,Pd(OAc)2,Pd(OAc)2/CataCXium A,MeCN,90.0,18.0,0,
RKB-03670282,hit_08,c1(n2c(nc(c1)Cl)nnn2)Cl,screen_SCRN_81,SCRN_81,c_4957928872,|MeCN,,SPhos Pd G4,MeCN,90.0,18.0,0,
RKB-03670283,hit_08,c1(n2c(nc(c1)Cl)nnn2)Cl,screen_SCRN_81,SCRN_81,c_c3b27856cb,[Pd](Cl)Cl.P(c1c(cccc1)C)(c1c(cccc1)C)c1c(cccc1)C.P(c1c(cccc1)C)(c1c(cccc1)C)c1c(cccc1)C|MeCN,,Pd(P(o-Tol)3)2Cl2,MeCN,90.0,18.0,0,
RKB-03670284,hit_08,c1(n2c(nc(c1)Cl)nnn2)Cl,screen_SCRN_81,SCRN_81,c_14f5c30068,[Pd](Cl)Cl.P(C1CCCCC1)(C1CCCCC1)C1CCCCC1.P(C1CCCCC1)(C1CCCCC1)C1CCCCC1|MeCN,,Pd(P(Cy)3)2Cl2,MeCN,90.0,18.0,0,
RKB-03670285,hit_08,c1(n2c(nc(c1)Cl)nnn2)Cl,screen_SCRN_81,SCRN_81,c_4648614000,C1(C(C(C(C1c1ccccc1)c1ccccc1)c1ccccc1)c1ccccc1)c1ccccc1.P(C(C)(C)C)(C(C)(C)C)C1CCCC1.C1(C(C(C(C1c1ccccc1)c1ccccc1)c1ccccc1)c1ccccc1)c1ccccc1.P(C(C)(C)C)(C(C)(C)C)C1CCCC1.[Fe].[Fe].[Pd]|MeCN,,Pd(QPhos)2,MeCN,90.0,18.0,0,
RKB-03670286,hit_08,c1(n2c(nc(c1)Cl)nnn2)Cl,screen_SCRN_81,SCRN_81,c_99aeac08ec,O1c2c(C(c3c1c(ccc3)P(c1ccccc1)c1ccccc1)(C)C)cccc2P(c1ccccc1)c1ccccc1.Cl[Pd]Cl|MeCN,,Pd(XanthPhos)Cl2,MeCN,90.0,18.0,0,
RKB-03670287,hit_08,c1(n2c(nc(c1)Cl)nnn2)Cl,screen_SCRN_81,SCRN_81,c_a86e283b14,c1(c2c(P(C3CCCCC3)C3CCCCC3)cccc2)c(cc(cc1C(C)C)C(C)C)C(C)C|MeCN,Pd(OAc)2,Pd(OAc)2/XPhos,MeCN,90.0,18.0,0,
RKB-03670288,hit_08,c1(n2c(nc(c1)Cl)nnn2)Cl,screen_SCRN_81,SCRN_81,c_b9c1c9f68d,P(C1CCCC1)(c1ccccc1)c1ccccc1.P(C1CCCC1)(c1ccccc1)c1ccccc1.C(Cl)Cl.[Pd](Cl)Cl.[Fe]|MeCN,,Pd(dppf)Cl2,MeCN,90.0,18.0,0,
RKB-03670289,hit_08,c1(n2c(nc(c1)Cl)nnn2)Cl,screen_SCRN_81,SCRN_81,c_efdcec6f77,[Pd].C(P(C(C)(C)C)C(C)(C)C)(C)(C)C.C(P(C(C)(C)C)C(C)(C)C)(C)(C)C|MeCN,,Pd(P(tBu)3)2,MeCN,90.0,18.0,0,
RKB-03670290,hit_08,c1(n2c(nc(c1)Cl)nnn2)Cl,screen_SCRN_81,SCRN_81,c_3ee2d5105a,P([C@]12C[C@@H]3C[C@H](C2)C[C@@H](C1)C3)([C@]12C[C@@H]3C[C@@H](C2)C[C@@H](C1)C3)CCCC|MeCN,Pd(OAc)2,Pd(OAc)2/CataCXium A,MeCN,90.0,18.0,0,
RKB-03670291,hit_08,c1(n2c(nc(c1)Cl)nnn2)Cl,screen_SCRN_81,SCRN_81,c_99aeac08ec,O1c2c(C(c3c1c(ccc3)P(c1ccccc1)c1ccccc1)(C)C)cccc2P(c1ccccc1)c1ccccc1.Cl[Pd]Cl|MeCN,,Pd(XanthPhos)Cl2,MeCN,90.0,18.0,0,
RKB-03670292,hit_08,c1(n2c(nc(c1)Cl)nnn2)Cl,screen_SCRN_81,SCRN_81,c_b9c1c9f68d,P(C1CCCC1)(c1ccccc1)c1ccccc1.P(C1CCCC1)(c1ccccc1)c1ccccc1.C(Cl)Cl.[Pd](Cl)Cl.[Fe]|MeCN,,Pd(dppf)Cl2,MeCN,90.0,18.0,0,
RKB-03670293,hit_08,c1(n2c(nc(c1)Cl)nnn2)Cl,screen_SCRN_81,SCRN_81,c_efdcec6f77,[Pd].C(P(C(C)(C)C)C(C)(C)C)(C)(C)C.C(P(C(C)(C)C)C(C)(C)C)(C)(C)C|MeCN,,Pd(P(tBu)3)2,MeCN,90.0,18.0,0,
RKB-03670294,hit_08,c1(n2c(nc(c1)Cl)nnn2)Cl,screen_SCRN_81,SCRN_81,c_e564d7612a,[Pd].P(c1ccccc1)(c1ccccc1)c1ccccc1.P(c1ccccc1)(c1ccccc1)c1ccccc1.P(c1ccccc1)(c1ccccc1)c1ccccc1.P(c1ccccc1)(c1ccccc1)c1ccccc1|MeCN,,Pd(P(Ph)3)4),MeCN,90.0,18.0,0,
RKB-03670295,hit_08,c1(n2c(nc(c1)Cl)nnn2)Cl,screen_SCRN_81,SCRN_81,c_adf3bba061,P(C1CCCC1)(C(C)(C)C)C(C)(C)C.P(C1CCCC1)(C(C)(C)C)C(C)(C)C.[Pd](Cl)Cl.[Fe]|MeCN,,Pd(dtbpf)Cl2,MeCN,90.0,18.0,0,
RKB-03670296,hit_08,c1(n2c(nc(c1)Cl)nnn2)Cl,screen_SCRN_81,SCRN_81,c_3196604cd9,[Pd](Cl)Cl.P(C(C)(C)C)(C(C)(C)C)c1ccc(N(C)C)cc1.P(C(C)(C)C)(C(C)(C)C)c1ccc(N(C)C)cc1|MeCN,,Pd-132,MeCN,90.0,18.0,0,
RKB-03670297,hit_08,c1(n2c(nc(c1)Cl)nnn2)Cl,screen_SCRN_81,SCRN_81,c_3ee2d5105a,P([C@]12C[C@@H]3C[C@H](C2)C[C@@H](C1)C3)([C@]12C[C@@H]3C[C@@H](C2)C[C@@H](C1)C3)CCCC|MeCN,Pd(OAc)2,Pd(OAc)2/CataCXium A,MeCN,90.0,18.0,0,
RKB-03695991,hit_10,c1c(n(nc1N)C)B1OC(C(O1)(C)C)(C)C,screen_SCRN_90,SCRN_90,c_adf3bba061,P(C1CCCC1)(C(C)(C)C)C(C)(C)C.P(C1CCCC1)(C(C)(C)C)C(C)(C)C.[Pd](Cl)Cl.[Fe]|MeCN,,Pd(dtbpf)Cl2,MeCN,80.0,18.0,90,c12c(ccc(c1)Br)nccc2
RKB-03695992,hit_10,c1c(n(nc1N)C)B1OC(C(O1)(C)C)(C)C,screen_SCRN_90,SCRN_90,c_87d08dc489,P(C1CCCC1)(C(C)(C)C)C(C)(C)C.P(C1CCCC1)(C(C)(C)C)C(C)(C)C.[Pd](Cl)Cl.[Fe]|MeOH,,Pd(dtbpf)Cl2,MeOH,80.0,18.0,89,c12c(ccc(c1)Br)nccc2
RKB-03695993,hit_10,c1c(n(nc1N)C)B1OC(C(O1)(C)C)(C)C,screen_SCRN_90,SCRN_90,c_e564d7612a,[Pd].P(c1ccccc1)(c1ccccc1)c1ccccc1.P(c1ccccc1)(c1ccccc1)c1ccccc1.P(c1ccccc1)(c1ccccc1)c1ccccc1.P(c1ccccc1)(c1ccccc1)c1ccccc1|MeCN,,Pd(P(Ph)3)4),MeCN,80.0,18.0,89,c12c(ccc(c1)Br)nccc2
RKB-03695994,hit_10,c1c(n(nc1N)C)B1OC(C(O1)(C)C)(C)C,screen_SCRN_90,SCRN_90,c_adf3bba061,P(C1CCCC1)(C(C)(C)C)C(C)(C)C.P(C1CCCC1)(C(C)(C)C)C(C)(C)C.[Pd](Cl)Cl.[Fe]|MeCN,,Pd(dtbpf)Cl2,MeCN,80.0,18.0,89,c12c(ccc(c1)Br)nccc2
RKB-03695995,hit_10,c1c(n(nc1N)C)B1OC(C(O1)(C)C)(C)C,screen_SCRN_90,SCRN_90,c_e8d46c9e9a,[Pd].P(c1ccccc1)(c1ccccc1)c1ccccc1.P(c1ccccc1)(c1ccccc1)c1ccccc1.P(c1ccccc1)(c1ccccc1)c1ccccc1.P(c1ccccc1)(c1ccccc1)c1ccccc1|MeOH,,Pd(P(Ph)3)4),MeOH,80.0,18.0,87,c12c(ccc(c1)Br)nccc2
RKB-03695996,hit_10,c1c(n(nc1N)C)B1OC(C(O1)(C)C)(C)C,screen_SCRN_90,SCRN_90,c_e7bd21231d,P(C1CCCC1)(c1ccccc1)c1ccccc1.P(C1CCCC1)(c1ccccc1)c1ccccc1.C(Cl)Cl.[Pd](Cl)Cl.[Fe]|MeOH,,Pd(dppf)Cl2,MeOH,80.0,18.0,86,c12c(ccc(c1)Br)nccc2
RKB-03695997,hit_10,c1c(n(nc1N)C)B1OC(C(O1)(C)C)(C)C,screen_SCRN_90,SCRN_90,c_e564d7612a,[Pd].P(c1ccccc1)(c1ccccc1)c1ccccc1.P(c1ccccc1)(c1ccccc1)c1ccccc1.P(c1ccccc1)(c1ccccc1)c1ccccc1.P(c1ccccc1)(c1ccccc1)c1ccccc1|MeCN,,Pd(P(Ph)3)4),MeCN,80.0,18.0,86,c12c(ccc(c1)Br)nccc2
RKB-03695998,hit_10,c1c(n(nc1N)C)B1OC(C(O1)(C)C)(C)C,screen_SCRN_90,SCRN_90,c_adf3bba061,P(C1CCCC1)(C(C)(C)C)C(C)(C)C.P(C1CCCC1)(C(C)(C)C)C(C)(C)C.[Pd](Cl)Cl.[Fe]|MeCN,,Pd(dtbpf)Cl2,MeCN,80.0,18.0,86,c12c(ccc(c1)Br)nccc2
RKB-03695999,hit_10,c1c(n(nc1N)C)B1OC(C(O1)(C)C)(C)C,screen_SCRN_90,SCRN_90,c_efdcec6f77,[Pd].C(P(C(C)(C)C)C(C)(C)C)(C)(C)C.C(P(C(C)(C)C)C(C)(C)C)(C)(C)C|MeCN,,Pd(P(tBu)3)2,MeCN,80.0,18.0,86,c12c(ccc(c1)Br)nccc2
RKB-03696000,hit_10,c1c(n(nc1N)C)B1OC(C(O1)(C)C)(C)C,screen_SCRN_90,SCRN_90,c_b4e663cbcf,P([C@]12C[C@@H]3C[C@H](C2)C[C@@H](C1)C3)([C@]12C[C@@H]3C[C@@H](C2)C[C@@H](C1)C3)CCCC|MeOH,Pd(OAc)2,Pd(OAc)2/CataCXium A,MeOH,80.0,18.0,85,c12c(ccc(c1)Br)nccc2
RKB-03696001,hit_10,c1c(n(nc1N)C)B1OC(C(O1)(C)C)(C)C,screen_SCRN_90,SCRN_90,c_4957928872,|MeCN,,SPhos Pd G4,MeCN,80.0,18.0,83,c12c(ccc(c1)Br)nccc2
RKB-03696002,hit_10,c1c(n(nc1N)C)B1OC(C(O1)(C)C)(C)C,screen_SCRN_90,SCRN_90,c_e564d7612a,[Pd].P(c1ccccc1)(c1ccccc1)c1ccccc1.P(c1ccccc1)(c1ccccc1)c1ccccc1.P(c1ccccc1)(c1ccccc1)c1ccccc1.P(c1ccccc1)(c1ccccc1)c1ccccc1|MeCN,,Pd(P(Ph)3)4),MeCN,80.0,18.0,85,c12c(ccc(c1)Br)nccc2
RKB-03696003,hit_10,c1c(n(nc1N)C)B1OC(C(O1)(C)C)(C)C,screen_SCRN_90,SCRN_90,c_30116215bd,[Pd].C(P(C(C)(C)C)C(C)(C)C)(C)(C)C.C(P(C(C)(C)C)C(C)(C)C)(C)(C)C|MeOH,,Pd(P(tBu)3)2,MeOH,80.0,18.0,85,c12c(ccc(c1)Br)nccc2
RKB-03696004,hit_10,c1c(n(nc1N)C)B1OC(C(O1)(C)C)(C)C,screen_SCRN_90,SCRN_90,c_e564d7612a,[Pd].P(c1ccccc1)(c1ccccc1)c1ccccc1.P(c1ccccc1)(c1ccccc1)c1ccccc1.P(c1ccccc1)(c1ccccc1)c1ccccc1.P(c1ccccc1)(c1ccccc1)c1ccccc1|MeCN,,Pd(P(Ph)3)4),MeCN,80.0,18.0,84,c12c(ccc(c1)Br)nccc2
RKB-03696005,hit_10,c1c(n(nc1N)C)B1OC(C(O1)(C)C)(C)C,screen_SCRN_90,SCRN_90,c_99aeac08ec,O1c2c(C(c3c1c(ccc3)P(c1ccccc1)c1ccccc1)(C)C)cccc2P(c1ccccc1)c1ccccc1.Cl[Pd]Cl|MeCN,,Pd(XanthPhos)Cl2,MeCN,80.0,18.0,84,c12c(ccc(c1)Br)nccc2
RKB-03696006,hit_10,c1c(n(nc1N)C)B1OC(C(O1)(C)C)(C)C,screen_SCRN_90,SCRN_90,c_7dc2ed3bef,C1(C(C(C(C1c1ccccc1)c1ccccc1)c1ccccc1)c1ccccc1)c1ccccc1.P(C(C)(C)C)(C(C)(C)C)C1CCCC1.C1(C(C(C(C1c1ccccc1)c1ccccc1)c1ccccc1)c1ccccc1)c1ccccc1.P(C(C)(C)C)(C(C)(C)C)C1CCCC1.[Fe].[Fe].[Pd]|MeOH,,Pd(QPhos)2,MeOH,80.0,18.0,84,c12c(ccc(c1)Br)nccc2
RKB-03696007,hit_10,c1c(n(nc1N)C)B1OC(C(O1)(C)C)(C)C,screen_SCRN_90,SCRN_90,c_e8d46c9e9a,[Pd].P(c1ccccc1)(c1ccccc1)c1ccccc1.P(c1ccccc1)(c1ccccc1)c1ccccc1.P(c1ccccc1)(c1ccccc1)c1ccccc1.P(c1ccccc1)(c1ccccc1)c1ccccc1|MeOH,,Pd(P(Ph)3)4),MeOH,80.0,18.0,84,c12c(ccc(c1)Br)nccc2
RKB-03696008,hit_10,c1c(n(nc1N)C)B1OC(C(O1)(C)C)(C)C,screen_SCRN_90,SCRN_90,c_30116215bd,[Pd].C(P(C(C)(C)C)C(C)(C)C)(C)(C)C.C(P(C(C)(C)C)C(C)(C)C)(C)(C)C|MeOH,,Pd(P(tBu)3)2,MeOH,80.0,18.0,83,c12c(ccc(c1)Br)nccc2
RKB-03696009,hit_10,c1c(n(nc1N)C)B1OC(C(O1)(C)C)(C)C,screen_SCRN_90,SCRN_90,c_30116215bd,[Pd].C(P(C(C)(C)C)C(C)(C)C)(C)(C)C.C(P(C(C)(C)C)C(C)(C)C)(C)(C)C|MeOH,,Pd(P(tBu)3)2,MeOH,80.0,18.0,83,c12c(ccc(c1)Br)nccc2
RKB-03696010,hit_10,c1c(n(nc1N)C)B1OC(C(O1)(C)C)(C)C,screen_SCRN_90,SCRN_90,c_04d73ea970,P(C1CCCC1)(C(C)(C)C)C(C)(C)C.P(C1CCCC1)(C(C)(C)C)C(C)(C)C.[Pd](Cl)Cl.[Fe]|THF,,Pd(dtbpf)Cl2,THF,80.0,18.0,82,c12c(ccc(c1)Br)nccc2
RKB-03696011,hit_10,c1c(n(nc1N)C)B1OC(C(O1)(C)C)(C)C,screen_SCRN_90,SCRN_90,c_e7bd21231d,P(C1CCCC1)(c1ccccc1)c1ccccc1.P(C1CCCC1)(c1ccccc1)c1ccccc1.C(Cl)Cl.[Pd](Cl)Cl.[Fe]|MeOH,,Pd(dppf)Cl2,MeOH,80.0,18.0,82,c12c(ccc(c1)Br)nccc2
RKB-03696012,hit_10,c1c(n(nc1N)C)B1OC(C(O1)(C)C)(C)C,screen_SCRN_90,SCRN_90,c_04d73ea970,P(C1CCCC1)(C(C)(C)C)C(C)(C)C.P(C1CCCC1)(C(C)(C)C)C(C)(C)C.[Pd](Cl)Cl.[Fe]|THF,,Pd(dtbpf)Cl2,THF,80.0,18.0,82,c12c(ccc(c1)Br)nccc2
RKB-03696013,hit_10,c1c(n(nc1N)C)B1OC(C(O1)(C)C)(C)C,screen_SCRN_90,SCRN_90,c_e7bd21231d,P(C1CCCC1)(c1ccccc1)c1ccccc1.P(C1CCCC1)(c1ccccc1)c1ccccc1.C(Cl)Cl.[Pd](Cl)Cl.[Fe]|MeOH,,Pd(dppf)Cl2,MeOH,80.0,18.0,81,c12c(ccc(c1)Br)nccc2
RKB-03696014,hit_10,c1c(n(nc1N)C)B1OC(C(O1)(C)C)(C)C,screen_SCRN_90,SCRN_90,c_ba1fa7db09,O1c2c(C(c3c1c(ccc3)P(c1ccccc1)c1ccccc1)(C)C)cccc2P(c1ccccc1)c1ccccc1.Cl[Pd]Cl|MeOH,,Pd(XanthPhos)Cl2,MeOH,80.0,18.0,81,c12c(ccc(c1)Br)nccc2
RKB-03696015,hit_10,c1c(n(nc1N)C)B1OC(C(O1)(C)C)(C)C,screen_SCRN_90,SCRN_90,c_4648614000,C1(C(C(C(C1c1ccccc1)c1ccccc1)c1ccccc1)c1ccccc1)c1ccccc1.P(C(C)(C)C)(C(C)(C)C)C1CCCC1.C1(C(C(C(C1c1ccccc1)c1ccccc1)c1ccccc1)c1ccccc1)c1ccccc1.P(C(C)(C)C)(C(C)(C)C)C1CCCC1.[Fe].[Fe].[Pd]|MeCN,,Pd(QPhos)2,MeCN,80.0,18.0,80,c12c(ccc(c1)Br)nccc2
RKB-03696016,hit_10,c1c(n(nc1N)C)B1OC(C(O1)(C)C)(C)C,screen_SCRN_90,SCRN_90,c_86f3e84f01,[Pd].P(c1ccccc1)(c1ccccc1)c1ccccc1.P(c1ccccc1)(c1ccccc1)c1ccccc1.P(c1ccccc1)(c1ccccc1)c1ccccc1.P(c1ccccc1)(c1ccccc1)c1ccccc1|THF,,Pd(P(Ph)3)4),THF,80.0,18.0,80,c12c(ccc(c1)Br)nccc2
RKB-03696017,hit_10,c1c(n(nc1N)C)B1OC(C(O1)(C)C)(C)C,screen_SCRN_90,SCRN_90,c_96da66f8fe,P(C1CCCC1)(c1ccccc1)c1ccccc1.P(C1CCCC1)(c1ccccc1)c1ccccc1.C(Cl)Cl.[Pd](Cl)Cl.[Fe]|THF,,Pd(dppf)Cl2,THF,80.0,18.0,80,c12c(ccc(c1)Br)nccc2
RKB-03696018,hit_10,c1c(n(nc1N)C)B1OC(C(O1)(C)C)(C)C,screen_SCRN_90,SCRN_90,c_1f622dc39d,[Pd].C(P(C(C)(C)C)C(C)(C)C)(C)(C)C.C(P(C(C)(C)C)C(C)(C)C)(C)(C)C|THF,,Pd(P(tBu)3)2,THF,80.0,18.0,80,c12c(ccc(c1)Br)nccc2
RKB-03696019,hit_10,c1c(n(nc1N)C)B1OC(C(O1)(C)C)(C)C,screen_SCRN_90,SCRN_90,c_87d08dc489,P(C1CCCC1)(C(C)(C)C)C(C)(C)C.P(C1CCCC1)(C(C)(C)C)C(C)(C)C.[Pd](Cl)Cl.[Fe]|MeOH,,Pd(dtbpf)Cl2,MeOH,80.0,18.0,77,c12c(ccc(c1)Br)nccc2
RKB-03696020,hit_10,c1c(n(nc1N)C)B1OC(C(O1)(C)C)(C)C,screen_SCRN_90,SCRN_90,c_f7824c77b7,O1c2c(C(c3c1c(ccc3)P(c1ccccc1)c1ccccc1)(C)C)cccc2P(c1ccccc1)c1ccccc1.Cl[Pd]Cl|THF,,Pd(XanthPhos)Cl2,THF,80.0,18.0,79,c12c(ccc(c1)Br)nccc2
RKB-03696021,hit_10,c1c(n(nc1N)C)B1OC(C(O1)(C)C)(C)C,screen_SCRN_90,SCRN_90,c_3196604cd9,[Pd](Cl)Cl.P(C(C)(C)C)(C(C)(C)C)c1ccc(N(C)C)cc1.P(C(C)(C)C)(C(C)(C)C)c1ccc(N(C)C)cc1|MeCN,,Pd-132,MeCN,80.0,18.0,79,c12c(ccc(c1)Br)nccc2
RKB-03696022,hit_10,c1c(n(nc1N)C)B1OC(C(O1)(C)C)(C)C,screen_SCRN_90,SCRN_90,c_adf3bba061,P(C1CCCC1)(C(C)(C)C)C(C)(C)C.P(C1CCCC1)(C(C)(C)C)C(C)(C)C.[Pd](Cl)Cl.[Fe]|MeCN,,Pd(dtbpf)Cl2,MeCN,80.0,18.0,79,c12c(ccc(c1)Br)nccc2
RKB-03696023,hit_10,c1c(n(nc1N)C)B1OC(C(O1)(C)C)(C)C,screen_SCRN_90,SCRN_90,c_87d08dc489,P(C1CCCC1)(C(C)(C)C)C(C)(C)C.P(C1CCCC1)(C(C)(C)C)C(C)(C)C.[Pd](Cl)Cl.[Fe]|MeOH,,Pd(dtbpf)Cl2,MeOH,80.0,18.0,79,c12c(ccc(c1)Br)nccc2
RKB-03696024,hit_10,c1c(n(nc1N)C)B1OC(C(O1)(C)C)(C)C,screen_SCRN_90,SCRN_90,c_3c160df052,c1(c2c(P(C3CCCCC3)C3CCCCC3)cccc2)c(cc(cc1C(C)C)C(C)C)C(C)C|Toluene,Pd(OAc)2,Pd(OAc)2/XPhos,Toluene,80.0,18.0,78,c12c(ccc(c1)Br)nccc2
RKB-03696025,hit_10,c1c(n(nc1N)C)B1OC(C(O1)(C)C)(C)C,screen_SCRN_90,SCRN_90,c_86f3e84f01,[Pd].P(c1ccccc1)(c1ccccc1)c1ccccc1.P(c1ccccc1)(c1ccccc1)c1ccccc1.P(c1ccccc1)(c1ccccc1)c1ccccc1.P(c1ccccc1)(c1ccccc1)c1ccccc1|THF,,Pd(P(Ph)3)4),THF,80.0,18.0,78,c12c(ccc(c1)Br)nccc2
RKB-03696026,hit_10,c1c(n(nc1N)C)B1OC(C(O1)(C)C)(C)C,screen_SCRN_90,SCRN_90,c_b4e663cbcf,P([C@]12C[C@@H]3C[C@H](C2)C[C@@H](C1)C3)([C@]12C[C@@H]3C[C@@H](C2)C[C@@H](C1)C3)CCCC|MeOH,Pd(OAc)2,Pd(OAc)2/CataCXium A,MeOH,80.0,18.0,77,c12c(ccc(c1)Br)nccc2
RKB-03696027,hit_10,c1c(n(nc1N)C)B1OC(C(O1)(C)C)(C)C,screen_SCRN_90,SCRN_90,c_ba1fa7db09,O1c2c(C(c3c1c(ccc3)P(c1ccccc1)c1ccccc1)(C)C)cccc2P(c1ccccc1)c1ccccc1.Cl[Pd]Cl|MeOH,,Pd(XanthPhos)Cl2,MeOH,80.0,18.0,77,c12c(ccc(c1)Br)nccc2
RKB-03696028,hit_10,c1c(n(nc1N)C)B1OC(C(O1)(C)C)(C)C,screen_SCRN_90,SCRN_90,c_aabcb49fef,|THF,,SPhos Pd G4,THF,80.0,18.0,76,c12c(ccc(c1)Br)nccc2
RKB-03696029,hit_10,c1c(n(nc1N)C)B1OC(C(O1)(C)C)(C)C,screen_SCRN_90,SCRN_90,c_87d08dc489,P(C1CCCC1)(C(C)(C)C)C(C)(C)C.P(C1CCCC1)(C(C)(C)C)C(C)(C)C.[Pd](Cl)Cl.[Fe]|MeOH,,Pd(dtbpf)Cl2,MeOH,80.0,18.0,76,c12c(ccc(c1)Br)nccc2
RKB-03696030,hit_10,c1c(n(nc1N)C)B1OC(C(O1)(C)C)(C)C,screen_SCRN_90,SCRN_90,c_14f5c30068,[Pd](Cl)Cl.P(C1CCCCC1)(C1CCCCC1)C1CCCCC1.P(C1CCCCC1)(C1CCCCC1)C1CCCCC1|MeCN,,Pd(P(Cy)3)2Cl2,MeCN,80.0,18.0,76,c12c(ccc(c1)Br)nccc2
RKB-03696031,hit_10,c1c(n(nc1N)C)B1OC(C(O1)(C)C)(C)C,screen_SCRN_90,SCRN_90,c_96da66f8fe,P(C1CCCC1)(c1ccccc1)c1ccccc1.P(C1CCCC1)(c1ccccc1)c1ccccc1.C(Cl)Cl.[Pd](Cl)Cl.[Fe]|THF,,Pd(dppf)Cl2,THF,80.0,18.0,76,c12c(ccc(c1)Br)nccc2
RKB-03696032,hit_10,c1c(n(nc1N)C)B1OC(C(O1)(C)C)(C)C,screen_SCRN_90,SCRN_90,c_e34fd39dff,|MeOH,,SPhos Pd G4,MeOH,80.0,18.0,76,c12c(ccc(c1)Br)nccc2
RKB-03696033,hit_10,c1c(n(nc1N)C)B1OC(C(O1)(C)C)(C)C,screen_SCRN_90,SCRN_90,c_3ee2d5105a,P([C@]12C[C@@H]3C[C@H](C2)C[C@@H](C1)C3)([C@]12C[C@@H]3C[C@@H](C2)C[C@@H](C1)C3)CCCC|MeCN,Pd(OAc)2,Pd(OAc)2/CataCXium A,MeCN,80.0,18.0,76,c12c(ccc(c1)Br)nccc2
RKB-03696034,hit_10,c1c(n(nc1N)C)B1OC(C(O1)(C)C)(C)C,screen_SCRN_90,SCRN_90,c_24a01a5b7d,[Pd](Cl)Cl.P(C1CCCCC1)(C1CCCCC1)C1CCCCC1.P(C1CCCCC1)(C1CCCCC1)C1CCCCC1|MeOH,,Pd(P(Cy)3)2Cl2,MeOH,80.0,18.0,76,c12c(ccc(c1)Br)nccc2
RKB-03696035,hit_10,c1c(n(nc1N)C)B1OC(C(O1)(C)C)(C)C,screen_SCRN_90,SCRN_90,c_e34fd39dff,|MeOH,,SPhos Pd G4,MeOH,80.0,18.0,75,c12c(ccc(c1)Br)nccc2
RKB-03696036,hit_10,c1c(n(nc1N)C)B1OC(C(O1)(C)C)(C)C,screen_SCRN_90,SCRN_90,c_1f622dc39d,[Pd].C(P(C(C)(C)C)C(C)(C)C)(C)(C)C.C(P(C(C)(C)C)C(C)(C)C)(C)(C)C|THF,,Pd(P(tBu)3)2,THF,80.0,18.0,74,c12c(ccc(c1)Br)nccc2
RKB-03696037,hit_10,c1c(n(nc1N)C)B1OC(C(O1)(C)C)(C)C,screen_SCRN_90,SCRN_90,c_ba1fa7db09,O1c2c(C(c3c1c(ccc3)P(c1ccccc1)c1ccccc1)(C)C)cccc2P(c1ccccc1)c1ccccc1.Cl[Pd]Cl|MeOH,,Pd(XanthPhos)Cl2,MeOH,80.0,18.0,72,c12c(ccc(c1)Br)nccc2
RKB-03696038,hit_10,c1c(n(nc1N)C)B1OC(C(O1)(C)C)(C)C,screen_SCRN_90,SCRN_90,c_04d73ea970,P(C1CCCC1)(C(C)(C)C)C(C)(C)C.P(C1CCCC1)(C(C)(C)C)C(C)(C)C.[Pd](Cl)Cl.[Fe]|THF,,Pd(dtbpf)Cl2,THF,80.0,18.0,74,c12c(ccc(c1)Br)nccc2
RKB-03696039,hit_10,c1c(n(nc1N)C)B1OC(C(O1)(C)C)(C)C,screen_SCRN_90,SCRN_90,c_e8d46c9e9a,[Pd].P(c1ccccc1)(c1ccccc1)c1ccccc1.P(c1ccccc1)(c1ccccc1)c1ccccc1.P(c1ccccc1)(c1ccccc1)c1ccccc1.P(c1ccccc1)(c1ccccc1)c1ccccc1|MeOH,,Pd(P(Ph)3)4),MeOH,80.0,18.0,74,c12c(ccc(c1)Br)nccc2
RKB-03696040,hit_10,c1c(n(nc1N)C)B1OC(C(O1)(C)C)(C)C,screen_SCRN_90,SCRN_90,c_04d73ea970,P(C1CCCC1)(C(C)(C)C)C(C)(C)C.P(C1CCCC1)(C(C)(C)C)C(C)(C)C.[Pd](Cl)Cl.[Fe]|THF,,Pd(dtbpf)Cl2,THF,80.0,18.0,74,c12c(ccc(c1)Br)nccc2
RKB-03696041,hit_10,c1c(n(nc1N)C)B1OC(C(O1)(C)C)(C)C,screen_SCRN_90,SCRN_90,c_e8d46c9e9a,[Pd].P(c1ccccc1)(c1ccccc1)c1ccccc1.P(c1ccccc1)(c1ccccc1)c1ccccc1.P(c1ccccc1)(c1ccccc1)c1ccccc1.P(c1ccccc1)(c1ccccc1)c1ccccc1|MeOH,,Pd(P(Ph)3)4),MeOH,80.0,18.0,73,c12c(ccc(c1)Br)nccc2
RKB-03696042,hit_10,c1c(n(nc1N)C)B1OC(C(O1)(C)C)(C)C,screen_SCRN_90,SCRN_90,c_b9c1c9f68d,P(C1CCCC1)(c1ccccc1)c1ccccc1.P(C1CCCC1)(c1ccccc1)c1ccccc1.C(Cl)Cl.[Pd](Cl)Cl.[Fe]|MeCN,,Pd(dppf)Cl2,MeCN,80.0,18.0,73,c12c(ccc(c1)Br)nccc2
RKB-03696043,hit_10,c1c(n(nc1N)C)B1OC(C(O1)(C)C)(C)C,screen_SCRN_90,SCRN_90,c_ba1fa7db09,O1c2c(C(c3c1c(ccc3)P(c1ccccc1)c1ccccc1)(C)C)cccc2P(c1ccccc1)c1ccccc1.Cl[Pd]Cl|MeOH,,Pd(XanthPhos)Cl2,MeOH,80.0,18.0,73,c12c(ccc(c1)Br)nccc2
RKB-03696044,hit_10,c1c(n(nc1N)C)B1OC(C(O1)(C)C)(C)C,screen_SCRN_90,SCRN_90,c_86f3e84f01,[Pd].P(c1ccccc1)(c1ccccc1)c1ccccc1.P(c1ccccc1)(c1ccccc1)c1ccccc1.P(c1ccccc1)(c1ccccc1)c1ccccc1.P(c1ccccc1)(c1ccccc1)c1ccccc1|THF,,Pd(P(Ph)3)4),THF,80.0,18.0,73,c12c(ccc(c1)Br)nccc2
RKB-03696045,hit_10,c1c(n(nc1N)C)B1OC(C(O1)(C)C)(C)C,screen_SCRN_90,SCRN_90,c_3ee2d5105a,P([C@]12C[C@@H]3C[C@H](C2)C[C@@H](C1)C3)([C@]12C[C@@H]3C[C@@H](C2)C[C@@H](C1)C3)CCCC|MeCN,Pd(OAc)2,Pd(OAc)2/CataCXium A,MeCN,80.0,18.0,73,c12c(ccc(c1)Br)nccc2
RKB-03696046,hit_10,c1c(n(nc1N)C)B1OC(C(O1)(C)C)(C)C,screen_SCRN_90,SCRN_90,c_86f3e84f01,[Pd].P(c1ccccc1)(c1ccccc1)c1ccccc1.P(c1ccccc1)(c1ccccc1)c1ccccc1.P(c1ccccc1)(c1ccccc1)c1ccccc1.P(c1ccccc1)(c1ccccc1)c1ccccc1|THF,,Pd(P(Ph)3)4),THF,80.0,18.0,72,c12c(ccc(c1)Br)nccc2
RKB-03696047,hit_10,c1c(n(nc1N)C)B1OC(C(O1)(C)C)(C)C,screen_SCRN_90,SCRN_90,c_b4e663cbcf,P([C@]12C[C@@H]3C[C@H](C2)C[C@@H](C1)C3)([C@]12C[C@@H]3C[C@@H](C2)C[C@@H](C1)C3)CCCC|MeOH,Pd(OAc)2,Pd(OAc)2/CataCXium A,MeOH,80.0,18.0,72,c12c(ccc(c1)Br)nccc2
RKB-03696048,hit_10,c1c(n(nc1N)C)B1OC(C(O1)(C)C)(C)C,screen_SCRN_90,SCRN_90,c_f7824c77b7,O1c2c(C(c3c1c(ccc3)P(c1ccccc1)c1ccccc1)(C)C)cccc2P(c1ccccc1)c1ccccc1.Cl[Pd]Cl|THF,,Pd(XanthPhos)Cl2,THF,80.0,18.0,72,c12c(ccc(c1)Br)nccc2
RKB-03696049,hit_10,c1c(n(nc1N)C)B1OC(C(O1)(C)C)(C)C,screen_SCRN_90,SCRN_90,c_efdcec6f77,[Pd].C(P(C(C)(C)C)C(C)(C)C)(C)(C)C.C(P(C(C)(C)C)C(C)(C)C)(C)(C)C|MeCN,,Pd(P(tBu)3)2,MeCN,80.0,18.0,72,c12c(ccc(c1)Br)nccc2
RKB-03696050,hit_10,c1c(n(nc1N)C)B1OC(C(O1)(C)C)(C)C,screen_SCRN_90,SCRN_90,c_24a01a5b7d,[Pd](Cl)Cl.P(C1CCCCC1)(C1CCCCC1)C1CCCCC1.P(C1CCCCC1)(C1CCCCC1)C1CCCCC1|MeOH,,Pd(P(Cy)3)2Cl2,MeOH,80.0,18.0,72,c12c(ccc(c1)Br)nccc2
RKB-03696051,hit_10,c1c(n(nc1N)C)B1OC(C(O1)(C)C)(C)C,screen_SCRN_90,SCRN_90,c_b9c1c9f68d,P(C1CCCC1)(c1ccccc1)c1ccccc1.P(C1CCCC1)(c1ccccc1)c1ccccc1.C(Cl)Cl.[Pd](Cl)Cl.[Fe]|MeCN,,Pd(dppf)Cl2,MeCN,80.0,18.0,71,c12c(ccc(c1)Br)nccc2
RKB-03696052,hit_10,c1c(n(nc1N)C)B1OC(C(O1)(C)C)(C)C,screen_SCRN_90,SCRN_90,c_87611e347b,C1(C(C(C(C1c1ccccc1)c1ccccc1)c1ccccc1)c1ccccc1)c1ccccc1.P(C(C)(C)C)(C(C)(C)C)C1CCCC1.C1(C(C(C(C1c1ccccc1)c1ccccc1)c1ccccc1)c1ccccc1)c1ccccc1.P(C(C)(C)C)(C(C)(C)C)C1CCCC1.[Fe].[Fe].[Pd]|THF,,Pd(QPhos)2,THF,80.0,18.0,70,c12c(ccc(c1)Br)nccc2
RKB-03696053,hit_10,c1c(n(nc1N)C)B1OC(C(O1)(C)C)(C)C,screen_SCRN_90,SCRN_90,c_b9c1c9f68d,P(C1CCCC1)(c1ccccc1)c1ccccc1.P(C1CCCC1)(c1ccccc1)c1ccccc1.C(Cl)Cl.[Pd](Cl)Cl.[Fe]|MeCN,,Pd(dppf)Cl2,MeCN,80.0,18.0,70,c12c(ccc(c1)Br)nccc2
RKB-03696054,hit_10,c1c(n(nc1N)C)B1OC(C(O1)(C)C)(C)C,screen_SCRN_90,SCRN_90,c_96da66f8fe,P(C1CCCC1)(c1ccccc1)c1ccccc1.P(C1CCCC1)(c1ccccc1)c1ccccc1.C(Cl)Cl.[Pd](Cl)Cl.[Fe]|THF,,Pd(dppf)Cl2,THF,80.0,18.0,70,c12c(ccc(c1)Br)nccc2
RKB-03696055,hit_10,c1c(n(nc1N)C)B1OC(C(O1)(C)C)(C)C,screen_SCRN_90,SCRN_90,c_4fdc95dfd7,[Pd](Cl)Cl.P(C(C)(C)C)(C(C)(C)C)c1ccc(N(C)C)cc1.P(C(C)(C)C)(C(C)(C)C)c1ccc(N(C)C)cc1|THF,,Pd-132,THF,80.0,18.0,68,c12c(ccc(c1)Br)nccc2
RKB-03696056,hit_10,c1c(n(nc1N)C)B1OC(C(O1)(C)C)(C)C,screen_SCRN_90,SCRN_90,c_30116215bd,[Pd].C(P(C(C)(C)C)C(C)(C)C)(C)(C)C.C(P(C(C)(C)C)C(C)(C)C)(C)(C)C|MeOH,,Pd(P(tBu)3)2,MeOH,80.0,18.0,70,c12c(ccc(c1)Br)nccc2
RKB-03696057,hit_10,c1c(n(nc1N)C)B1OC(C(O1)(C)C)(C)C,screen_SCRN_90,SCRN_90,c_3f90fc71ff,[Pd](Cl)Cl.P(C(C)(C)C)(C(C)(C)C)c1ccc(N(C)C)cc1.P(C(C)(C)C)(C(C)(C)C)c1ccc(N(C)C)cc1|MeOH,,Pd-132,MeOH,80.0,18.0,70,c12c(ccc(c1)Br)nccc2
RKB-03696058,hit_10,c1c(n(nc1N)C)B1OC(C(O1)(C)C)(C)C,screen_SCRN_90,SCRN_90,c_e34fd39dff,|MeOH,,SPhos Pd G4,MeOH,80.0,18.0,70,c12c(ccc(c1)Br)nccc2
RKB-03696059,hit_10,c1c(n(nc1N)C)B1OC(C(O1)(C)C)(C)C,screen_SCRN_90,SCRN_90,c_96da66f8fe,P(C1CCCC1)(c1ccccc1)c1ccccc1.P(C1CCCC1)(c1ccccc1)c1ccccc1.C(Cl)Cl.[Pd](Cl)Cl.[Fe]|THF,,Pd(dppf)Cl2,THF,80.0,18.0,70,c12c(ccc(c1)Br)nccc2
RKB-03696060,hit_10,c1c(n(nc1N)C)B1OC(C(O1)(C)C)(C)C,screen_SCRN_90,SCRN_90,c_e34fd39dff,|MeOH,,SPhos Pd G4,MeOH,80.0,18.0,69,c12c(ccc(c1)Br)nccc2
RKB-03696061,hit_10,c1c(n(nc1N)C)B1OC(C(O1)(C)C)(C)C,screen_SCRN_90,SCRN_90,c_7dc2ed3bef,C1(C(C(C(C1c1ccccc1)c1ccccc1)c1ccccc1)c1ccccc1)c1ccccc1.P(C(C)(C)C)(C(C)(C)C)C1CCCC1.C1(C(C(C(C1c1ccccc1)c1ccccc1)c1ccccc1)c1ccccc1)c1ccccc1.P(C(C)(C)C)(C(C)(C)C)C1CCCC1.[Fe].[Fe].[Pd]|MeOH,,Pd(QPhos)2,MeOH,80.0,18.0,69,c12c(ccc(c1)Br)nccc2
RKB-03696062,hit_10,c1c(n(nc1N)C)B1OC(C(O1)(C)C)(C)C,screen_SCRN_90,SCRN_90,c_24a01a5b7d,[Pd](Cl)Cl.P(C1CCCCC1)(C1CCCCC1)C1CCCCC1.P(C1CCCCC1)(C1CCCCC1)C1CCCCC1|MeOH,,Pd(P(Cy)3)2Cl2,MeOH,80.0,18.0,69,c12c(ccc(c1)Br)nccc2
RKB-03696063,hit_10,c1c(n(nc1N)C)B1OC(C(O1)(C)C)(C)C,screen_SCRN_90,SCRN_90,c_1d9e641278,[Pd](Cl)Cl.P(c1c(cccc1)C)(c1c(cccc1)C)c1c(cccc1)C.P(c1c(cccc1)C)(c1c(cccc1)C)c1c(cccc1)C|MeOH,,Pd(P(o-Tol)3)2Cl2,MeOH,80.0,18.0,68,c12c(ccc(c1)Br)nccc2
RKB-03696064,hit_10,c1c(n(nc1N)C)B1OC(C(O1)(C)C)(C)C,screen_SCRN_90,SCRN_90,c_e03a6b9172,P([C@]12C[C@@H]3C[C@H](C2)C[C@@H](C1)C3)([C@]12C[C@@H]3C[C@@H](C2)C[C@@H](C1)C3)CCCC|THF,Pd(OAc)2,Pd(OAc)2/CataCXium A,THF,80.0,18.0,68,c12c(ccc(c1)Br)nccc2
RKB-03696065,hit_10,c1c(n(nc1N)C)B1OC(C(O1)(C)C)(C)C,screen_SCRN_90,SCRN_90,c_e7bd21231d,P(C1CCCC1)(c1ccccc1)c1ccccc1.P(C1CCCC1)(c1ccccc1)c1ccccc1.C(Cl)Cl.[Pd](Cl)Cl.[Fe]|MeOH,,Pd(dppf)Cl2,MeOH,80.0,18.0,67,c12c(ccc(c1)Br)nccc2
RKB-03696066,hit_10,c1c(n(nc1N)C)B1OC(C(O1)(C)C)(C)C,screen_SCRN_90,SCRN_90,c_3ee2d5105a,P([C@]12C[C@@H]3C[C@H](C2)C[C@@H](C1)C3)([C@]12C[C@@H]3C[C@@H](C2)C[C@@H](C1)C3)CCCC|MeCN,Pd(OAc)2,Pd(OAc)2/CataCXium A,MeCN,80.0,18.0,67,c12c(ccc(c1)Br)nccc2
RKB-03696067,hit_10,c1c(n(nc1N)C)B1OC(C(O1)(C)C)(C)C,screen_SCRN_90,SCRN_90,c_87611e347b,C1(C(C(C(C1c1ccccc1)c1ccccc1)c1ccccc1)c1ccccc1)c1ccccc1.P(C(C)(C)C)(C(C)(C)C)C1CCCC1.C1(C(C(C(C1c1ccccc1)c1ccccc1)c1ccccc1)c1ccccc1)c1ccccc1.P(C(C)(C)C)(C(C)(C)C)C1CCCC1.[Fe].[Fe].[Pd]|THF,,Pd(QPhos)2,THF,80.0,18.0,67,c12c(ccc(c1)Br)nccc2
RKB-03696068,hit_10,c1c(n(nc1N)C)B1OC(C(O1)(C)C)(C)C,screen_SCRN_90,SCRN_90,c_b4e663cbcf,P([C@]12C[C@@H]3C[C@H](C2)C[C@@H](C1)C3)([C@]12C[C@@H]3C[C@@H](C2)C[C@@H](C1)C3)CCCC|MeOH,Pd(OAc)2,Pd(OAc)2/CataCXium A,MeOH,80.0,18.0,66,c12c(ccc(c1)Br)nccc2
RKB-03696069,hit_10,c1c(n(nc1N)C)B1OC(C(O1)(C)C)(C)C,screen_SCRN_90,SCRN_90,c_1f622dc39d,[Pd].C(P(C(C)(C)C)C(C)(C)C)(C)(C)C.C(P(C(C)(C)C)C(C)(C)C)(C)(C)C|THF,,Pd(P(tBu)3)2,THF,80.0,18.0,65,c12c(ccc(c1)Br)nccc2
RKB-03696070,hit_10,c1c(n(nc1N)C)B1OC(C(O1)(C)C)(C)C,screen_SCRN_90,SCRN_90,c_e03a6b9172,P([C@]12C[C@@H]3C[C@H](C2)C[C@@H](C1)C3)([C@]12C[C@@H]3C[C@@H](C2)C[C@@H](C1)C3)CCCC|THF,Pd(OAc)2,Pd(OAc)2/CataCXium A,THF,80.0,18.0,65,c12c(ccc(c1)Br)nccc2
RKB-03696071,hit_10,c1c(n(nc1N)C)B1OC(C(O1)(C)C)(C)C,screen_SCRN_90,SCRN_90,c_3c160df052,c1(c2c(P(C3CCCCC3)C3CCCCC3)cccc2)c(cc(cc1C(C)C)C(C)C)C(C)C|Toluene,Pd(OAc)2,Pd(OAc)2/XPhos,Toluene,80.0,18.0,65,c12c(ccc(c1)Br)nccc2
RKB-03696072,hit_10,c1c(n(nc1N)C)B1OC(C(O1)(C)C)(C)C,screen_SCRN_90,SCRN_90,c_7dc2ed3bef,C1(C(C(C(C1c1ccccc1)c1ccccc1)c1ccccc1)c1ccccc1)c1ccccc1.P(C(C)(C)C)(C(C)(C)C)C1CCCC1.C1(C(C(C(C1c1ccccc1)c1ccccc1)c1ccccc1)c1ccccc1)c1ccccc1.P(C(C)(C)C)(C(C)(C)C)C1CCCC1.[Fe].[Fe].[Pd]|MeOH,,Pd(QPhos)2,MeOH,80.0,18.0,65,c12c(ccc(c1)Br)nccc2
RKB-03696073,hit_10,c1c(n(nc1N)C)B1OC(C(O1)(C)C)(C)C,screen_SCRN_90,SCRN_90,c_4648614000,C1(C(C(C(C1c1ccccc1)c1ccccc1)c1ccccc1)c1ccccc1)c1ccccc1.P(C(C)(C)C)(C(C)(C)C)C1CCCC1.C1(C(C(C(C1c1ccccc1)c1ccccc1)c1ccccc1)c1ccccc1)c1ccccc1.P(C(C)(C)C)(C(C)(C)C)C1CCCC1.[Fe].[Fe].[Pd]|MeCN,,Pd(QPhos)2,MeCN,80.0,18.0,61,c12c(ccc(c1)Br)nccc2
RKB-03696074,hit_10,c1c(n(nc1N)C)B1OC(C(O1)(C)C)(C)C,screen_SCRN_90,SCRN_90,c_3f90fc71ff,[Pd](Cl)Cl.P(C(C)(C)C)(C(C)(C)C)c1ccc(N(C)C)cc1.P(C(C)(C)C)(C(C)(C)C)c1ccc(N(C)C)cc1|MeOH,,Pd-132,MeOH,80.0,18.0,64,c12c(ccc(c1)Br)nccc2
RKB-03696075,hit_10,c1c(n(nc1N)C)B1OC(C(O1)(C)C)(C)C,screen_SCRN_90,SCRN_90,c_99aeac08ec,O1c2c(C(c3c1c(ccc3)P(c1ccccc1)c1ccccc1)(C)C)cccc2P(c1ccccc1)c1ccccc1.Cl[Pd]Cl|MeCN,,Pd(XanthPhos)Cl2,MeCN,80.0,18.0,63,c12c(ccc(c1)Br)nccc2
RKB-03696076,hit_10,c1c(n(nc1N)C)B1OC(C(O1)(C)C)(C)C,screen_SCRN_90,SCRN_90,c_4648614000,C1(C(C(C(C1c1ccccc1)c1ccccc1)c1ccccc1)c1ccccc1)c1ccccc1.P(C(C)(C)C)(C(C)(C)C)C1CCCC1.C1(C(C(C(C1c1ccccc1)c1ccccc1)c1ccccc1)c1ccccc1)c1ccccc1.P(C(C)(C)C)(C(C)(C)C)C1CCCC1.[Fe].[Fe].[Pd]|MeCN,,Pd(QPhos)2,MeCN,80.0,18.0,63,c12c(ccc(c1)Br)nccc2
RKB-03696077,hit_10,c1c(n(nc1N)C)B1OC(C(O1)(C)C)(C)C,screen_SCRN_90,SCRN_90,c_4648614000,C1(C(C(C(C1c1ccccc1)c1ccccc1)c1ccccc1)c1ccccc1)c1ccccc1.P(C(C)(C)C)(C(C)(C)C)C1CCCC1.C1(C(C(C(C1c1ccccc1)c1ccccc1)c1ccccc1)c1ccccc1)c1ccccc1.P(C(C)(C)C)(C(C)(C)C)C1CCCC1.[Fe].[Fe].[Pd]|MeCN,,Pd(QPhos)2,MeCN,80.0,18.0,62,c12c(ccc(c1)Br)nccc2
RKB-03696078,hit_10,c1c(n(nc1N)C)B1OC(C(O1)(C)C)(C)C,screen_SCRN_90,SCRN_90,c_1d9e641278,[Pd](Cl)Cl.P(c1c(cccc1)C)(c1c(cccc1)C)c1c(cccc1)C.P(c1c(cccc1)C)(c1c(cccc1)C)c1c(cccc1)C|MeOH,,Pd(P(o-Tol)3)2Cl2,MeOH,80.0,18.0,62,c12c(ccc(c1)Br)nccc2
RKB-03696079,hit_10,c1c(n(nc1N)C)B1OC(C(O1)(C)C)(C)C,screen_SCRN_90,SCRN_90,c_efdcec6f77,[Pd].C(P(C(C)(C)C)C(C)(C)C)(C)(C)C.C(P(C(C)(C)C)C(C)(C)C)(C)(C)C|MeCN,,Pd(P(tBu)3)2,MeCN,80.0,18.0,62,c12c(ccc(c1)Br)nccc2
RKB-03696080,hit_10,c1c(n(nc1N)C)B1OC(C(O1)(C)C)(C)C,screen_SCRN_90,SCRN_90,c_24a01a5b7d,[Pd](Cl)Cl.P(C1CCCCC1)(C1CCCCC1)C1CCCCC1.P(C1CCCCC1)(C1CCCCC1)C1CCCCC1|MeOH,,Pd(P(Cy)3)2Cl2,MeOH,80.0,18.0,62,c12c(ccc(c1)Br)nccc2
RKB-03696081,hit_10,c1c(n(nc1N)C)B1OC(C(O1)(C)C)(C)C,screen_SCRN_90,SCRN_90,c_3ee2d5105a,P([C@]12C[C@@H]3C[C@H](C2)C[C@@H](C1)C3)([C@]12C[C@@H]3C[C@@H](C2)C[C@@H](C1)C3)CCCC|MeCN,Pd(OAc)2,Pd(OAc)2/CataCXium A,MeCN,80.0,18.0,62,c12c(ccc(c1)Br)nccc2
RKB-03696082,hit_10,c1c(n(nc1N)C)B1OC(C(O1)(C)C)(C)C,screen_SCRN_90,SCRN_90,c_efdcec6f77,[Pd].C(P(C(C)(C)C)C(C)(C)C)(C)(C)C.C(P(C(C)(C)C)C(C)(C)C)(C)(C)C|MeCN,,Pd(P(tBu)3)2,MeCN,80.0,18.0,60,c12c(ccc(c1)Br)nccc2
RKB-03696083,hit_10,c1c(n(nc1N)C)B1OC(C(O1)(C)C)(C)C,screen_SCRN_90,SCRN_90,c_b9c1c9f68d,P(C1CCCC1)(c1ccccc1)c1ccccc1.P(C1CCCC1)(c1ccccc1)c1ccccc1.C(Cl)Cl.[Pd](Cl)Cl.[Fe]|MeCN,,Pd(dppf)Cl2,MeCN,80.0,18.0,60,c12c(ccc(c1)Br)nccc2
RKB-03696084,hit_10,c1c(n(nc1N)C)B1OC(C(O1)(C)C)(C)C,screen_SCRN_90,SCRN_90,c_3f90fc71ff,[Pd](Cl)Cl.P(C(C)(C)C)(C(C)(C)C)c1ccc(N(C)C)cc1.P(C(C)(C)C)(C(C)(C)C)c1ccc(N(C)C)cc1|MeOH,,Pd-132,MeOH,80.0,18.0,60,c12c(ccc(c1)Br)nccc2
RKB-03696085,hit_10,c1c(n(nc1N)C)B1OC(C(O1)(C)C)(C)C,screen_SCRN_90,SCRN_90,c_99aeac08ec,O1c2c(C(c3c1c(ccc3)P(c1ccccc1)c1ccccc1)(C)C)cccc2P(c1ccccc1)c1ccccc1.Cl[Pd]Cl|MeCN,,Pd(XanthPhos)Cl2,MeCN,80.0,18.0,59,c12c(ccc(c1)Br)nccc2
RKB-03696086,hit_10,c1c(n(nc1N)C)B1OC(C(O1)(C)C)(C)C,screen_SCRN_90,SCRN_90,c_a86e283b14,c1(c2c(P(C3CCCCC3)C3CCCCC3)cccc2)c(cc(cc1C(C)C)C(C)C)C(C)C|MeCN,Pd(OAc)2,Pd(OAc)2/XPhos,MeCN,80.0,18.0,59,c12c(ccc(c1)Br)nccc2
RKB-03696087,hit_10,c1c(n(nc1N)C)B1OC(C(O1)(C)C)(C)C,screen_SCRN_90,SCRN_90,c_aabcb49fef,|THF,,SPhos Pd G4,THF,80.0,18.0,59,c12c(ccc(c1)Br)nccc2
RKB-03696088,hit_10,c1c(n(nc1N)C)B1OC(C(O1)(C)C)(C)C,screen_SCRN_90,SCRN_90,c_4076342b87,[Pd].C(P(C(C)(C)C)C(C)(C)C)(C)(C)C.C(P(C(C)(C)C)C(C)(C)C)(C)(C)C|Toluene,,Pd(P(tBu)3)2,Toluene,80.0,18.0,59,c12c(ccc(c1)Br)nccc2
RKB-03696089,hit_10,c1c(n(nc1N)C)B1OC(C(O1)(C)C)(C)C,screen_SCRN_90,SCRN_90,c_1d9e641278,[Pd](Cl)Cl.P(c1c(cccc1)C)(c1c(cccc1)C)c1c(cccc1)C.P(c1c(cccc1)C)(c1c(cccc1)C)c1c(cccc1)C|MeOH,,Pd(P(o-Tol)3)2Cl2,MeOH,80.0,18.0,58,c12c(ccc(c1)Br)nccc2
RKB-03696090,hit_10,c1c(n(nc1N)C)B1OC(C(O1)(C)C)(C)C,screen_SCRN_90,SCRN_90,c_4fdc95dfd7,[Pd](Cl)Cl.P(C(C)(C)C)(C(C)(C)C)c1ccc(N(C)C)cc1.P(C(C)(C)C)(C(C)(C)C)c1ccc(N(C)C)cc1|THF,,Pd-132,THF,80.0,18.0,58,c12c(ccc(c1)Br)nccc2
RKB-03696091,hit_10,c1c(n(nc1N)C)B1OC(C(O1)(C)C)(C)C,screen_SCRN_90,SCRN_90,c_87611e347b,C1(C(C(C(C1c1ccccc1)c1ccccc1)c1ccccc1)c1ccccc1)c1ccccc1.P(C(C)(C)C)(C(C)(C)C)C1CCCC1.C1(C(C(C(C1c1ccccc1)c1ccccc1)c1ccccc1)c1ccccc1)c1ccccc1.P(C(C)(C)C)(C(C)(C)C)C1CCCC1.[Fe].[Fe].[Pd]|THF,,Pd(QPhos)2,THF,80.0,18.0,54,c12c(ccc(c1)Br)nccc2
RKB-03696092,hit_10,c1c(n(nc1N)C)B1OC(C(O1)(C)C)(C)C,screen_SCRN_90,SCRN_90,c_4957928872,|MeCN,,SPhos Pd G4,MeCN,80.0,18.0,57,c12c(ccc(c1)Br)nccc2
RKB-03696093,hit_10,c1c(n(nc1N)C)B1OC(C(O1)(C)C)(C)C,screen_SCRN_90,SCRN_90,c_14f5c30068,[Pd](Cl)Cl.P(C1CCCCC1)(C1CCCCC1)C1CCCCC1.P(C1CCCCC1)(C1CCCCC1)C1CCCCC1|MeCN,,Pd(P(Cy)3)2Cl2,MeCN,80.0,18.0,57,c12c(ccc(c1)Br)nccc2
RKB-03696094,hit_10,c1c(n(nc1N)C)B1OC(C(O1)(C)C)(C)C,screen_SCRN_90,SCRN_90,c_c3b27856cb,[Pd](Cl)Cl.P(c1c(cccc1)C)(c1c(cccc1)C)c1c(cccc1)C.P(c1c(cccc1)C)(c1c(cccc1)C)c1c(cccc1)C|MeCN,,Pd(P(o-Tol)3)2Cl2,MeCN,80.0,18.0,57,c12c(ccc(c1)Br)nccc2
RKB-03696095,hit_10,c1c(n(nc1N)C)B1OC(C(O1)(C)C)(C)C,screen_SCRN_90,SCRN_90,c_493aa05fab,O1c2c(C(c3c1c(ccc3)P(c1ccccc1)c1ccccc1)(C)C)cccc2P(c1ccccc1)c1ccccc1.Cl[Pd]Cl|Toluene,,Pd(XanthPhos)Cl2,Toluene,80.0,18.0,56,c12c(ccc(c1)Br)nccc2
RKB-03696096,hit_10,c1c(n(nc1N)C)B1OC(C(O1)(C)C)(C)C,screen_SCRN_90,SCRN_90,c_c4be4d3b3e,c1(c2c(P(C3CCCCC3)C3CCCCC3)cccc2)c(cc(cc1C(C)C)C(C)C)C(C)C|MeOH,Pd(OAc)2,Pd(OAc)2/XPhos,MeOH,80.0,18.0,55,c12c(ccc(c1)Br)nccc2
RKB-03696097,hit_10,c1c(n(nc1N)C)B1OC(C(O1)(C)C)(C)C,screen_SCRN_90,SCRN_90,c_e03a6b9172,P([C@]12C[C@@H]3C[C@H](C2)C[C@@H](C1)C3)([C@]12C[C@@H]3C[C@@H](C2)C[C@@H](C1)C3)CCCC|THF,Pd(OAc)2,Pd(OAc)2/CataCXium A,THF,80.0,18.0,55,c12c(ccc(c1)Br)nccc2
RKB-03696098,hit_10,c1c(n(nc1N)C)B1OC(C(O1)(C)C)(C)C,screen_SCRN_90,SCRN_90,c_c4be4d3b3e,c1(c2c(P(C3CCCCC3)C3CCCCC3)cccc2)c(cc(cc1C(C)C)C(C)C)C(C)C|MeOH,Pd(OAc)2,Pd(OAc)2/XPhos,MeOH,80.0,18.0,55,c12c(ccc(c1)Br)nccc2
RKB-03696099,hit_10,c1c(n(nc1N)C)B1OC(C(O1)(C)C)(C)C,screen_SCRN_90,SCRN_90,c_4957928872,|MeCN,,SPhos Pd G4,MeCN,80.0,18.0,54,c12c(ccc(c1)Br)nccc2
RKB-03696100,hit_10,c1c(n(nc1N)C)B1OC(C(O1)(C)C)(C)C,screen_SCRN_90,SCRN_90,c_87611e347b,C1(C(C(C(C1c1ccccc1)c1ccccc1)c1ccccc1)c1ccccc1)c1ccccc1.P(C(C)(C)C)(C(C)(C)C)C1CCCC1.C1(C(C(C(C1c1ccccc1)c1ccccc1)c1ccccc1)c1ccccc1)c1ccccc1.P(C(C)(C)C)(C(C)(C)C)C1CCCC1.[Fe].[Fe].[Pd]|THF,,Pd(QPhos)2,THF,80.0,18.0,53,c12c(ccc(c1)Br)nccc2
RKB-03696101,hit_10,c1c(n(nc1N)C)B1OC(C(O1)(C)C)(C)C,screen_SCRN_90,SCRN_90,c_c4be4d3b3e,c1(c2c(P(C3CCCCC3)C3CCCCC3)cccc2)c(cc(cc1C(C)C)C(C)C)C(C)C|MeOH,Pd(OAc)2,Pd(OAc)2/XPhos,MeOH,80.0,18.0,53,c12c(ccc(c1)Br)nccc2
RKB-03696102,hit_10,c1c(n(nc1N)C)B1OC(C(O1)(C)C)(C)C,screen_SCRN_90,SCRN_90,c_fb0fd7c858,[Pd](Cl)Cl.P(C1CCCCC1)(C1CCCCC1)C1CCCCC1.P(C1CCCCC1)(C1CCCCC1)C1CCCCC1|THF,,Pd(P(Cy)3)2Cl2,THF,80.0,18.0,53,c12c(ccc(c1)Br)nccc2
RKB-03696103,hit_10,c1c(n(nc1N)C)B1OC(C(O1)(C)C)(C)C,screen_SCRN_90,SCRN_90,c_99aeac08ec,O1c2c(C(c3c1c(ccc3)P(c1ccccc1)c1ccccc1)(C)C)cccc2P(c1ccccc1)c1ccccc1.Cl[Pd]Cl|MeCN,,Pd(XanthPhos)Cl2,MeCN,80.0,18.0,53,c12c(ccc(c1)Br)nccc2
RKB-03696104,hit_10,c1c(n(nc1N)C)B1OC(C(O1)(C)C)(C)C,screen_SCRN_90,SCRN_90,c_4fdc95dfd7,[Pd](Cl)Cl.P(C(C)(C)C)(C(C)(C)C)c1ccc(N(C)C)cc1.P(C(C)(C)C)(C(C)(C)C)c1ccc(N(C)C)cc1|THF,,Pd-132,THF,80.0,18.0,52,c12c(ccc(c1)Br)nccc2
RKB-03696105,hit_10,c1c(n(nc1N)C)B1OC(C(O1)(C)C)(C)C,screen_SCRN_90,SCRN_90,c_ba67a9e214,|Toluene,,SPhos Pd G4,Toluene,80.0,18.0,51,c12c(ccc(c1)Br)nccc2
RKB-03696106,hit_10,c1c(n(nc1N)C)B1OC(C(O1)(C)C)(C)C,screen_SCRN_90,SCRN_90,c_f7824c77b7,O1c2c(C(c3c1c(ccc3)P(c1ccccc1)c1ccccc1)(C)C)cccc2P(c1ccccc1)c1ccccc1.Cl[Pd]Cl|THF,,Pd(XanthPhos)Cl2,THF,80.0,18.0,51,c12c(ccc(c1)Br)nccc2
RKB-03696107,hit_10,c1c(n(nc1N)C)B1OC(C(O1)(C)C)(C)C,screen_SCRN_90,SCRN_90,c_c3b27856cb,[Pd](Cl)Cl.P(c1c(cccc1)C)(c1c(cccc1)C)c1c(cccc1)C.P(c1c(cccc1)C)(c1c(cccc1)C)c1c(cccc1)C|MeCN,,Pd(P(o-Tol)3)2Cl2,MeCN,80.0,18.0,51,c12c(ccc(c1)Br)nccc2
RKB-03696108,hit_10,c1c(n(nc1N)C)B1OC(C(O1)(C)C)(C)C,screen_SCRN_90,SCRN_90,c_c3b27856cb,[Pd](Cl)Cl.P(c1c(cccc1)C)(c1c(cccc1)C)c1c(cccc1)C.P(c1c(cccc1)C)(c1c(cccc1)C)c1c(cccc1)C|MeCN,,Pd(P(o-Tol)3)2Cl2,MeCN,80.0,18.0,50,c12c(ccc(c1)Br)nccc2
RKB-03696109,hit_10,c1c(n(nc1N)C)B1OC(C(O1)(C)C)(C)C,screen_SCRN_90,SCRN_90,c_3f90fc71ff,[Pd](Cl)Cl.P(C(C)(C)C)(C(C)(C)C)c1ccc(N(C)C)cc1.P(C(C)(C)C)(C(C)(C)C)c1ccc(N(C)C)cc1|MeOH,,Pd-132,MeOH,80.0,18.0,50,c12c(ccc(c1)Br)nccc2
RKB-03696110,hit_10,c1c(n(nc1N)C)B1OC(C(O1)(C)C)(C)C,screen_SCRN_90,SCRN_90,c_c4be4d3b3e,c1(c2c(P(C3CCCCC3)C3CCCCC3)cccc2)c(cc(cc1C(C)C)C(C)C)C(C)C|MeOH,Pd(OAc)2,Pd(OAc)2/XPhos,MeOH,80.0,18.0,49,c12c(ccc(c1)Br)nccc2
RKB-03696111,hit_10,c1c(n(nc1N)C)B1OC(C(O1)(C)C)(C)C,screen_SCRN_90,SCRN_90,c_1d9e641278,[Pd](Cl)Cl.P(c1c(cccc1)C)(c1c(cccc1)C)c1c(cccc1)C.P(c1c(cccc1)C)(c1c(cccc1)C)c1c(cccc1)C|MeOH,,Pd(P(o-Tol)3)2Cl2,MeOH,80.0,18.0,50,c12c(ccc(c1)Br)nccc2
RKB-03696112,hit_10,c1c(n(nc1N)C)B1OC(C(O1)(C)C)(C)C,screen_SCRN_90,SCRN_90,c_14f5c30068,[Pd](Cl)Cl.P(C1CCCCC1)(C1CCCCC1)C1CCCCC1.P(C1CCCCC1)(C1CCCCC1)C1CCCCC1|MeCN,,Pd(P(Cy)3)2Cl2,MeCN,80.0,18.0,50,c12c(ccc(c1)Br)nccc2
RKB-03696113,hit_10,c1c(n(nc1N)C)B1OC(C(O1)(C)C)(C)C,screen_SCRN_90,SCRN_90,c_ba67a9e214,|Toluene,,SPhos Pd G4,Toluene,80.0,18.0,50,c12c(ccc(c1)Br)nccc2
RKB-03696114,hit_10,c1c(n(nc1N)C)B1OC(C(O1)(C)C)(C)C,screen_SCRN_90,SCRN_90,c_32f061b282,P(C1CCCC1)(C(C)(C)C)C(C)(C)C.P(C1CCCC1)(C(C)(C)C)C(C)(C)C.[Pd](Cl)Cl.[Fe]|Toluene,,Pd(dtbpf)Cl2,Toluene,80.0,18.0,49,c12c(ccc(c1)Br)nccc2
RKB-03696115,hit_10,c1c(n(nc1N)C)B1OC(C(O1)(C)C)(C)C,screen_SCRN_90,SCRN_90,c_14f5c30068,[Pd](Cl)Cl.P(C1CCCCC1)(C1CCCCC1)C1CCCCC1.P(C1CCCCC1)(C1CCCCC1)C1CCCCC1|MeCN,,Pd(P(Cy)3)2Cl2,MeCN,80.0,18.0,49,c12c(ccc(c1)Br)nccc2
RKB-03696116,hit_10,c1c(n(nc1N)C)B1OC(C(O1)(C)C)(C)C,screen_SCRN_90,SCRN_90,c_4076342b87,[Pd].C(P(C(C)(C)C)C(C)(C)C)(C)(C)C.C(P(C(C)(C)C)C(C)(C)C)(C)(C)C|Toluene,,Pd(P(tBu)3)2,Toluene,80.0,18.0,49,c12c(ccc(c1)Br)nccc2
RKB-03696117,hit_10,c1c(n(nc1N)C)B1OC(C(O1)(C)C)(C)C,screen_SCRN_90,SCRN_90,c_3196604cd9,[Pd](Cl)Cl.P(C(C)(C)C)(C(C)(C)C)c1ccc(N(C)C)cc1.P(C(C)(C)C)(C(C)(C)C)c1ccc(N(C)C)cc1|MeCN,,Pd-132,MeCN,80.0,18.0,49,c12c(ccc(c1)Br)nccc2
RKB-03696118,hit_10,c1c(n(nc1N)C)B1OC(C(O1)(C)C)(C)C,screen_SCRN_90,SCRN_90,c_ad8305297d,[Pd](Cl)Cl.P(c1c(cccc1)C)(c1c(cccc1)C)c1c(cccc1)C.P(c1c(cccc1)C)(c1c(cccc1)C)c1c(cccc1)C|THF,,Pd(P(o-Tol)3)2Cl2,THF,80.0,18.0,48,c12c(ccc(c1)Br)nccc2
RKB-03696119,hit_10,c1c(n(nc1N)C)B1OC(C(O1)(C)C)(C)C,screen_SCRN_90,SCRN_90,c_c3b27856cb,[Pd](Cl)Cl.P(c1c(cccc1)C)(c1c(cccc1)C)c1c(cccc1)C.P(c1c(cccc1)C)(c1c(cccc1)C)c1c(cccc1)C|MeCN,,Pd(P(o-Tol)3)2Cl2,MeCN,80.0,18.0,48,c12c(ccc(c1)Br)nccc2
RKB-03696120,hit_10,c1c(n(nc1N)C)B1OC(C(O1)(C)C)(C)C,screen_SCRN_90,SCRN_90,c_4957928872,|MeCN,,SPhos Pd G4,MeCN,80.0,18.0,48,c12c(ccc(c1)Br)nccc2
RKB-03696121,hit_10,c1c(n(nc1N)C)B1OC(C(O1)(C)C)(C)C,screen_SCRN_90,SCRN_90,c_3196604cd9,[Pd](Cl)Cl.P(C(C)(C)C)(C(C)(C)C)c1ccc(N(C)C)cc1.P(C(C)(C)C)(C(C)(C)C)c1ccc(N(C)C)cc1|MeCN,,Pd-132,MeCN,80.0,18.0,47,c12c(ccc(c1)Br)nccc2
RKB-03696122,hit_10,c1c(n(nc1N)C)B1OC(C(O1)(C)C)(C)C,screen_SCRN_90,SCRN_90,c_f7824c77b7,O1c2c(C(c3c1c(ccc3)P(c1ccccc1)c1ccccc1)(C)C)cccc2P(c1ccccc1)c1ccccc1.Cl[Pd]Cl|THF,,Pd(XanthPhos)Cl2,THF,80.0,18.0,46,c12c(ccc(c1)Br)nccc2
RKB-03696123,hit_10,c1c(n(nc1N)C)B1OC(C(O1)(C)C)(C)C,screen_SCRN_90,SCRN_90,c_1f622dc39d,[Pd].C(P(C(C)(C)C)C(C)(C)C)(C)(C)C.C(P(C(C)(C)C)C(C)(C)C)(C)(C)C|THF,,Pd(P(tBu)3)2,THF,80.0,18.0,46,c12c(ccc(c1)Br)nccc2
RKB-03696124,hit_10,c1c(n(nc1N)C)B1OC(C(O1)(C)C)(C)C,screen_SCRN_90,SCRN_90,c_32f061b282,P(C1CCCC1)(C(C)(C)C)C(C)(C)C.P(C1CCCC1)(C(C)(C)C)C(C)(C)C.[Pd](Cl)Cl.[Fe]|Toluene,,Pd(dtbpf)Cl2,Toluene,80.0,18.0,46,c12c(ccc(c1)Br)nccc2
RKB-03696125,hit_10,c1c(n(nc1N)C)B1OC(C(O1)(C)C)(C)C,screen_SCRN_90,SCRN_90,c_3c160df052,c1(c2c(P(C3CCCCC3)C3CCCCC3)cccc2)c(cc(cc1C(C)C)C(C)C)C(C)C|Toluene,Pd(OAc)2,Pd(OAc)2/XPhos,Toluene,80.0,18.0,46,c12c(ccc(c1)Br)nccc2
RKB-03696126,hit_10,c1c(n(nc1N)C)B1OC(C(O1)(C)C)(C)C,screen_SCRN_90,SCRN_90,c_9e3adb389c,P(C1CCCC1)(c1ccccc1)c1ccccc1.P(C1CCCC1)(c1ccccc1)c1ccccc1.C(Cl)Cl.[Pd](Cl)Cl.[Fe]|Toluene,,Pd(dppf)Cl2,Toluene,80.0,18.0,46,c12c(ccc(c1)Br)nccc2
RKB-03696127,hit_10,c1c(n(nc1N)C)B1OC(C(O1)(C)C)(C)C,screen_SCRN_90,SCRN_90,c_4fdc95dfd7,[Pd](Cl)Cl.P(C(C)(C)C)(C(C)(C)C)c1ccc(N(C)C)cc1.P(C(C)(C)C)(C(C)(C)C)c1ccc(N(C)C)cc1|THF,,Pd-132,THF,80.0,18.0,41,c12c(ccc(c1)Br)nccc2
RKB-03696128,hit_10,c1c(n(nc1N)C)B1OC(C(O1)(C)C)(C)C,screen_SCRN_90,SCRN_90,c_32f061b282,P(C1CCCC1)(C(C)(C)C)C(C)(C)C.P(C1CCCC1)(C(C)(C)C)C(C)(C)C.[Pd](Cl)Cl.[Fe]|Toluene,,Pd(dtbpf)Cl2,Toluene,80.0,18.0,46,c12c(ccc(c1)Br)nccc2
RKB-03696129,hit_10,c1c(n(nc1N)C)B1OC(C(O1)(C)C)(C)C,screen_SCRN_90,SCRN_90,c_ba67a9e214,|Toluene,,SPhos Pd G4,Toluene,80.0,18.0,46,c12c(ccc(c1)Br)nccc2
RKB-03696130,hit_10,c1c(n(nc1N)C)B1OC(C(O1)(C)C)(C)C,screen_SCRN_90,SCRN_90,c_4076342b87,[Pd].C(P(C(C)(C)C)C(C)(C)C)(C)(C)C.C(P(C(C)(C)C)C(C)(C)C)(C)(C)C|Toluene,,Pd(P(tBu)3)2,Toluene,80.0,18.0,44,c12c(ccc(c1)Br)nccc2
RKB-03696131,hit_10,c1c(n(nc1N)C)B1OC(C(O1)(C)C)(C)C,screen_SCRN_90,SCRN_90,c_3196604cd9,[Pd](Cl)Cl.P(C(C)(C)C)(C(C)(C)C)c1ccc(N(C)C)cc1.P(C(C)(C)C)(C(C)(C)C)c1ccc(N(C)C)cc1|MeCN,,Pd-132,MeCN,80.0,18.0,43,c12c(ccc(c1)Br)nccc2
RKB-03696132,hit_10,c1c(n(nc1N)C)B1OC(C(O1)(C)C)(C)C,screen_SCRN_90,SCRN_90,c_aabcb49fef,|THF,,SPhos Pd G4,THF,80.0,18.0,43,c12c(ccc(c1)Br)nccc2
RKB-03696133,hit_10,c1c(n(nc1N)C)B1OC(C(O1)(C)C)(C)C,screen_SCRN_90,SCRN_90,c_aabcb49fef,|THF,,SPhos Pd G4,THF,80.0,18.0,42,c12c(ccc(c1)Br)nccc2
RKB-03696134,hit_10,c1c(n(nc1N)C)B1OC(C(O1)(C)C)(C)C,screen_SCRN_90,SCRN_90,c_2db771aad0,c1(c2c(P(C3CCCCC3)C3CCCCC3)cccc2)c(cc(cc1C(C)C)C(C)C)C(C)C|THF,Pd(OAc)2,Pd(OAc)2/XPhos,THF,80.0,18.0,41,c12c(ccc(c1)Br)nccc2
RKB-03696135,hit_10,c1c(n(nc1N)C)B1OC(C(O1)(C)C)(C)C,screen_SCRN_90,SCRN_90,c_fb0fd7c858,[Pd](Cl)Cl.P(C1CCCCC1)(C1CCCCC1)C1CCCCC1.P(C1CCCCC1)(C1CCCCC1)C1CCCCC1|THF,,Pd(P(Cy)3)2Cl2,THF,80.0,18.0,41,c12c(ccc(c1)Br)nccc2
RKB-03696136,hit_10,c1c(n(nc1N)C)B1OC(C(O1)(C)C)(C)C,screen_SCRN_90,SCRN_90,c_ad8305297d,[Pd](Cl)Cl.P(c1c(cccc1)C)(c1c(cccc1)C)c1c(cccc1)C.P(c1c(cccc1)C)(c1c(cccc1)C)c1c(cccc1)C|THF,,Pd(P(o-Tol)3)2Cl2,THF,80.0,18.0,41,c12c(ccc(c1)Br)nccc2
RKB-03696137,hit_10,c1c(n(nc1N)C)B1OC(C(O1)(C)C)(C)C,screen_SCRN_90,SCRN_90,c_32f061b282,P(C1CCCC1)(C(C)(C)C)C(C)(C)C.P(C1CCCC1)(C(C)(C)C)C(C)(C)C.[Pd](Cl)Cl.[Fe]|Toluene,,Pd(dtbpf)Cl2,Toluene,80.0,18.0,40,c12c(ccc(c1)Br)nccc2
RKB-03696138,hit_10,c1c(n(nc1N)C)B1OC(C(O1)(C)C)(C)C,screen_SCRN_90,SCRN_90,c_5e8279fbea,[Pd](Cl)Cl.P(C(C)(C)C)(C(C)(C)C)c1ccc(N(C)C)cc1.P(C(C)(C)C)(C(C)(C)C)c1ccc(N(C)C)cc1|Toluene,,Pd-132,Toluene,80.0,18.0,40,c12c(ccc(c1)Br)nccc2
RKB-03696139,hit_10,c1c(n(nc1N)C)B1OC(C(O1)(C)C)(C)C,screen_SCRN_90,SCRN_90,c_2db771aad0,c1(c2c(P(C3CCCCC3)C3CCCCC3)cccc2)c(cc(cc1C(C)C)C(C)C)C(C)C|THF,Pd(OAc)2,Pd(OAc)2/XPhos,THF,80.0,18.0,38,c12c(ccc(c1)Br)nccc2
RKB-03696140,hit_10,c1c(n(nc1N)C)B1OC(C(O1)(C)C)(C)C,screen_SCRN_90,SCRN_90,c_2db771aad0,c1(c2c(P(C3CCCCC3)C3CCCCC3)cccc2)c(cc(cc1C(C)C)C(C)C)C(C)C|THF,Pd(OAc)2,Pd(OAc)2/XPhos,THF,80.0,18.0,38,c12c(ccc(c1)Br)nccc2
RKB-03696141,hit_10,c1c(n(nc1N)C)B1OC(C(O1)(C)C)(C)C,screen_SCRN_90,SCRN_90,c_ad8305297d,[Pd](Cl)Cl.P(c1c(cccc1)C)(c1c(cccc1)C)c1c(cccc1)C.P(c1c(cccc1)C)(c1c(cccc1)C)c1c(cccc1)C|THF,,Pd(P(o-Tol)3)2Cl2,THF,80.0,18.0,38,c12c(ccc(c1)Br)nccc2
RKB-03696142,hit_10,c1c(n(nc1N)C)B1OC(C(O1)(C)C)(C)C,screen_SCRN_90,SCRN_90,c_493aa05fab,O1c2c(C(c3c1c(ccc3)P(c1ccccc1)c1ccccc1)(C)C)cccc2P(c1ccccc1)c1ccccc1.Cl[Pd]Cl|Toluene,,Pd(XanthPhos)Cl2,Toluene,80.0,18.0,37,c12c(ccc(c1)Br)nccc2
RKB-03696143,hit_10,c1c(n(nc1N)C)B1OC(C(O1)(C)C)(C)C,screen_SCRN_90,SCRN_90,c_a86e283b14,c1(c2c(P(C3CCCCC3)C3CCCCC3)cccc2)c(cc(cc1C(C)C)C(C)C)C(C)C|MeCN,Pd(OAc)2,Pd(OAc)2/XPhos,MeCN,80.0,18.0,37,c12c(ccc(c1)Br)nccc2
RKB-03696144,hit_10,c1c(n(nc1N)C)B1OC(C(O1)(C)C)(C)C,screen_SCRN_90,SCRN_90,c_ad8305297d,[Pd](Cl)Cl.P(c1c(cccc1)C)(c1c(cccc1)C)c1c(cccc1)C.P(c1c(cccc1)C)(c1c(cccc1)C)c1c(cccc1)C|THF,,Pd(P(o-Tol)3)2Cl2,THF,80.0,18.0,36,c12c(ccc(c1)Br)nccc2
RKB-03696145,hit_10,c1c(n(nc1N)C)B1OC(C(O1)(C)C)(C)C,screen_SCRN_90,SCRN_90,c_a86e283b14,c1(c2c(P(C3CCCCC3)C3CCCCC3)cccc2)c(cc(cc1C(C)C)C(C)C)C(C)C|MeCN,Pd(OAc)2,Pd(OAc)2/XPhos,MeCN,80.0,18.0,33,c12c(ccc(c1)Br)nccc2
RKB-03696146,hit_10,c1c(n(nc1N)C)B1OC(C(O1)(C)C)(C)C,screen_SCRN_90,SCRN_90,c_fb0fd7c858,[Pd](Cl)Cl.P(C1CCCCC1)(C1CCCCC1)C1CCCCC1.P(C1CCCCC1)(C1CCCCC1)C1CCCCC1|THF,,Pd(P(Cy)3)2Cl2,THF,80.0,18.0,36,c12c(ccc(c1)Br)nccc2
RKB-03696147,hit_10,c1c(n(nc1N)C)B1OC(C(O1)(C)C)(C)C,screen_SCRN_90,SCRN_90,c_7dc2ed3bef,C1(C(C(C(C1c1ccccc1)c1ccccc1)c1ccccc1)c1ccccc1)c1ccccc1.P(C(C)(C)C)(C(C)(C)C)C1CCCC1.C1(C(C(C(C1c1ccccc1)c1ccccc1)c1ccccc1)c1ccccc1)c1ccccc1.P(C(C)(C)C)(C(C)(C)C)C1CCCC1.[Fe].[Fe].[Pd]|MeOH,,Pd(QPhos)2,MeOH,80.0,18.0,36,c12c(ccc(c1)Br)nccc2
RKB-03696148,hit_10,c1c(n(nc1N)C)B1OC(C(O1)(C)C)(C)C,screen_SCRN_90,SCRN_90,c_493aa05fab,O1c2c(C(c3c1c(ccc3)P(c1ccccc1)c1ccccc1)(C)C)cccc2P(c1ccccc1)c1ccccc1.Cl[Pd]Cl|Toluene,,Pd(XanthPhos)Cl2,Toluene,80.0,18.0,36,c12c(ccc(c1)Br)nccc2
RKB-03696149,hit_10,c1c(n(nc1N)C)B1OC(C(O1)(C)C)(C)C,screen_SCRN_90,SCRN_90,c_9e3adb389c,P(C1CCCC1)(c1ccccc1)c1ccccc1.P(C1CCCC1)(c1ccccc1)c1ccccc1.C(Cl)Cl.[Pd](Cl)Cl.[Fe]|Toluene,,Pd(dppf)Cl2,Toluene,80.0,18.0,35,c12c(ccc(c1)Br)nccc2
RKB-03696150,hit_10,c1c(n(nc1N)C)B1OC(C(O1)(C)C)(C)C,screen_SCRN_90,SCRN_90,c_fb0fd7c858,[Pd](Cl)Cl.P(C1CCCCC1)(C1CCCCC1)C1CCCCC1.P(C1CCCCC1)(C1CCCCC1)C1CCCCC1|THF,,Pd(P(Cy)3)2Cl2,THF,80.0,18.0,35,c12c(ccc(c1)Br)nccc2
RKB-03696151,hit_10,c1c(n(nc1N)C)B1OC(C(O1)(C)C)(C)C,screen_SCRN_90,SCRN_90,c_493aa05fab,O1c2c(C(c3c1c(ccc3)P(c1ccccc1)c1ccccc1)(C)C)cccc2P(c1ccccc1)c1ccccc1.Cl[Pd]Cl|Toluene,,Pd(XanthPhos)Cl2,Toluene,80.0,18.0,34,c12c(ccc(c1)Br)nccc2
RKB-03696152,hit_10,c1c(n(nc1N)C)B1OC(C(O1)(C)C)(C)C,screen_SCRN_90,SCRN_90,c_9e3adb389c,P(C1CCCC1)(c1ccccc1)c1ccccc1.P(C1CCCC1)(c1ccccc1)c1ccccc1.C(Cl)Cl.[Pd](Cl)Cl.[Fe]|Toluene,,Pd(dppf)Cl2,Toluene,80.0,18.0,33,c12c(ccc(c1)Br)nccc2
RKB-03696153,hit_10,c1c(n(nc1N)C)B1OC(C(O1)(C)C)(C)C,screen_SCRN_90,SCRN_90,c_4076342b87,[Pd].C(P(C(C)(C)C)C(C)(C)C)(C)(C)C.C(P(C(C)(C)C)C(C)(C)C)(C)(C)C|Toluene,,Pd(P(tBu)3)2,Toluene,80.0,18.0,33,c12c(ccc(c1)Br)nccc2
RKB-03696154,hit_10,c1c(n(nc1N)C)B1OC(C(O1)(C)C)(C)C,screen_SCRN_90,SCRN_90,c_e03a6b9172,P([C@]12C[C@@H]3C[C@H](C2)C[C@@H](C1)C3)([C@]12C[C@@H]3C[C@@H](C2)C[C@@H](C1)C3)CCCC|THF,Pd(OAc)2,Pd(OAc)2/CataCXium A,THF,80.0,18.0,32,c12c(ccc(c1)Br)nccc2
RKB-03696155,hit_10,c1c(n(nc1N)C)B1OC(C(O1)(C)C)(C)C,screen_SCRN_90,SCRN_90,c_40534c4f12,[Pd].P(c1ccccc1)(c1ccccc1)c1ccccc1.P(c1ccccc1)(c1ccccc1)c1ccccc1.P(c1ccccc1)(c1ccccc1)c1ccccc1.P(c1ccccc1)(c1ccccc1)c1ccccc1|Toluene,,Pd(P(Ph)3)4),Toluene,80.0,18.0,32,c12c(ccc(c1)Br)nccc2
RKB-03696156,hit_10,c1c(n(nc1N)C)B1OC(C(O1)(C)C)(C)C,screen_SCRN_90,SCRN_90,c_a88c92ca46,C1(C(C(C(C1c1ccccc1)c1ccccc1)c1ccccc1)c1ccccc1)c1ccccc1.P(C(C)(C)C)(C(C)(C)C)C1CCCC1.C1(C(C(C(C1c1ccccc1)c1ccccc1)c1ccccc1)c1ccccc1)c1ccccc1.P(C(C)(C)C)(C(C)(C)C)C1CCCC1.[Fe].[Fe].[Pd]|Toluene,,Pd(QPhos)2,Toluene,80.0,18.0,31,c12c(ccc(c1)Br)nccc2
RKB-03696157,hit_10,c1c(n(nc1N)C)B1OC(C(O1)(C)C)(C)C,screen_SCRN_90,SCRN_90,c_5e8279fbea,[Pd](Cl)Cl.P(C(C)(C)C)(C(C)(C)C)c1ccc(N(C)C)cc1.P(C(C)(C)C)(C(C)(C)C)c1ccc(N(C)C)cc1|Toluene,,Pd-132,Toluene,80.0,18.0,31,c12c(ccc(c1)Br)nccc2
RKB-03696158,hit_10,c1c(n(nc1N)C)B1OC(C(O1)(C)C)(C)C,screen_SCRN_90,SCRN_90,c_40534c4f12,[Pd].P(c1ccccc1)(c1ccccc1)c1ccccc1.P(c1ccccc1)(c1ccccc1)c1ccccc1.P(c1ccccc1)(c1ccccc1)c1ccccc1.P(c1ccccc1)(c1ccccc1)c1ccccc1|Toluene,,Pd(P(Ph)3)4),Toluene,80.0,18.0,30,c12c(ccc(c1)Br)nccc2
RKB-03696159,hit_10,c1c(n(nc1N)C)B1OC(C(O1)(C)C)(C)C,screen_SCRN_90,SCRN_90,c_ba67a9e214,|Toluene,,SPhos Pd G4,Toluene,80.0,18.0,30,c12c(ccc(c1)Br)nccc2
RKB-03696160,hit_10,c1c(n(nc1N)C)B1OC(C(O1)(C)C)(C)C,screen_SCRN_90,SCRN_90,c_a88c92ca46,C1(C(C(C(C1c1ccccc1)c1ccccc1)c1ccccc1)c1ccccc1)c1ccccc1.P(C(C)(C)C)(C(C)(C)C)C1CCCC1.C1(C(C(C(C1c1ccccc1)c1ccccc1)c1ccccc1)c1ccccc1)c1ccccc1.P(C(C)(C)C)(C(C)(C)C)C1CCCC1.[Fe].[Fe].[Pd]|Toluene,,Pd(QPhos)2,Toluene,80.0,18.0,30,c12c(ccc(c1)Br)nccc2
RKB-03696161,hit_10,c1c(n(nc1N)C)B1OC(C(O1)(C)C)(C)C,screen_SCRN_90,SCRN_90,c_40534c4f12,[Pd].P(c1ccccc1)(c1ccccc1)c1ccccc1.P(c1ccccc1)(c1ccccc1)c1ccccc1.P(c1ccccc1)(c1ccccc1)c1ccccc1.P(c1ccccc1)(c1ccccc1)c1ccccc1|Toluene,,Pd(P(Ph)3)4),Toluene,80.0,18.0,29,c12c(ccc(c1)Br)nccc2
RKB-03696162,hit_10,c1c(n(nc1N)C)B1OC(C(O1)(C)C)(C)C,screen_SCRN_90,SCRN_90,c_577ff4ada9,P([C@]12C[C@@H]3C[C@H](C2)C[C@@H](C1)C3)([C@]12C[C@@H]3C[C@@H](C2)C[C@@H](C1)C3)CCCC|Toluene,Pd(OAc)2,Pd(OAc)2/CataCXium A,Toluene,80.0,18.0,28,c12c(ccc(c1)Br)nccc2
RKB-03696163,hit_10,c1c(n(nc1N)C)B1OC(C(O1)(C)C)(C)C,screen_SCRN_90,SCRN_90,c_577ff4ada9,P([C@]12C[C@@H]3C[C@H](C2)C[C@@H](C1)C3)([C@]12C[C@@H]3C[C@@H](C2)C[C@@H](C1)C3)CCCC|Toluene,Pd(OAc)2,Pd(OAc)2/CataCXium A,Toluene,80.0,18.0,13,c12c(ccc(c1)Br)nccc2
RKB-03696164,hit_10,c1c(n(nc1N)C)B1OC(C(O1)(C)C)(C)C,screen_SCRN_90,SCRN_90,c_5e8279fbea,[Pd](Cl)Cl.P(C(C)(C)C)(C(C)(C)C)c1ccc(N(C)C)cc1.P(C(C)(C)C)(C(C)(C)C)c1ccc(N(C)C)cc1|Toluene,,Pd-132,Toluene,80.0,18.0,27,c12c(ccc(c1)Br)nccc2
RKB-03696165,hit_10,c1c(n(nc1N)C)B1OC(C(O1)(C)C)(C)C,screen_SCRN_90,SCRN_90,c_2db771aad0,c1(c2c(P(C3CCCCC3)C3CCCCC3)cccc2)c(cc(cc1C(C)C)C(C)C)C(C)C|THF,Pd(OAc)2,Pd(OAc)2/XPhos,THF,80.0,18.0,27,c12c(ccc(c1)Br)nccc2
RKB-03696166,hit_10,c1c(n(nc1N)C)B1OC(C(O1)(C)C)(C)C,screen_SCRN_90,SCRN_90,c_577ff4ada9,P([C@]12C[C@@H]3C[C@H](C2)C[C@@H](C1)C3)([C@]12C[C@@H]3C[C@@H](C2)C[C@@H](C1)C3)CCCC|Toluene,Pd(OAc)2,Pd(OAc)2/CataCXium A,Toluene,80.0,18.0,26,c12c(ccc(c1)Br)nccc2
RKB-03696167,hit_10,c1c(n(nc1N)C)B1OC(C(O1)(C)C)(C)C,screen_SCRN_90,SCRN_90,c_5e8279fbea,[Pd](Cl)Cl.P(C(C)(C)C)(C(C)(C)C)c1ccc(N(C)C)cc1.P(C(C)(C)C)(C(C)(C)C)c1ccc(N(C)C)cc1|Toluene,,Pd-132,Toluene,80.0,18.0,25,c12c(ccc(c1)Br)nccc2
RKB-03696168,hit_10,c1c(n(nc1N)C)B1OC(C(O1)(C)C)(C)C,screen_SCRN_90,SCRN_90,c_a88c92ca46,C1(C(C(C(C1c1ccccc1)c1ccccc1)c1ccccc1)c1ccccc1)c1ccccc1.P(C(C)(C)C)(C(C)(C)C)C1CCCC1.C1(C(C(C(C1c1ccccc1)c1ccccc1)c1ccccc1)c1ccccc1)c1ccccc1.P(C(C)(C)C)(C(C)(C)C)C1CCCC1.[Fe].[Fe].[Pd]|Toluene,,Pd(QPhos)2,Toluene,80.0,18.0,25,c12c(ccc(c1)Br)nccc2
RKB-03696169,hit_10,c1c(n(nc1N)C)B1OC(C(O1)(C)C)(C)C,screen_SCRN_90,SCRN_90,c_9e3adb389c,P(C1CCCC1)(c1ccccc1)c1ccccc1.P(C1CCCC1)(c1ccccc1)c1ccccc1.C(Cl)Cl.[Pd](Cl)Cl.[Fe]|Toluene,,Pd(dppf)Cl2,Toluene,80.0,18.0,22,c12c(ccc(c1)Br)nccc2
RKB-03696170,hit_10,c1c(n(nc1N)C)B1OC(C(O1)(C)C)(C)C,screen_SCRN_90,SCRN_90,c_a88c92ca46,C1(C(C(C(C1c1ccccc1)c1ccccc1)c1ccccc1)c1ccccc1)c1ccccc1.P(C(C)(C)C)(C(C)(C)C)C1CCCC1.C1(C(C(C(C1c1ccccc1)c1ccccc1)c1ccccc1)c1ccccc1)c1ccccc1.P(C(C)(C)C)(C(C)(C)C)C1CCCC1.[Fe].[Fe].[Pd]|Toluene,,Pd(QPhos)2,Toluene,80.0,18.0,22,c12c(ccc(c1)Br)nccc2
RKB-03696171,hit_10,c1c(n(nc1N)C)B1OC(C(O1)(C)C)(C)C,screen_SCRN_90,SCRN_90,c_40534c4f12,[Pd].P(c1ccccc1)(c1ccccc1)c1ccccc1.P(c1ccccc1)(c1ccccc1)c1ccccc1.P(c1ccccc1)(c1ccccc1)c1ccccc1.P(c1ccccc1)(c1ccccc1)c1ccccc1|Toluene,,Pd(P(Ph)3)4),Toluene,80.0,18.0,21,c12c(ccc(c1)Br)nccc2
RKB-03696172,hit_10,c1c(n(nc1N)C)B1OC(C(O1)(C)C)(C)C,screen_SCRN_90,SCRN_90,c_3c160df052,c1(c2c(P(C3CCCCC3)C3CCCCC3)cccc2)c(cc(cc1C(C)C)C(C)C)C(C)C|Toluene,Pd(OAc)2,Pd(OAc)2/XPhos,Toluene,80.0,18.0,8,c12c(ccc(c1)Br)nccc2
RKB-03696173,hit_10,c1c(n(nc1N)C)B1OC(C(O1)(C)C)(C)C,screen_SCRN_90,SCRN_90,c_577ff4ada9,P([C@]12C[C@@H]3C[C@H](C2)C[C@@H](C1)C3)([C@]12C[C@@H]3C[C@@H](C2)C[C@@H](C1)C3)CCCC|Toluene,Pd(OAc)2,Pd(OAc)2/CataCXium A,Toluene,80.0,18.0,8,c12c(ccc(c1)Br)nccc2
RKB-03696174,hit_10,c1c(n(nc1N)C)B1OC(C(O1)(C)C)(C)C,screen_SCRN_90,SCRN_90,c_599a93c125,[Pd](Cl)Cl.P(c1c(cccc1)C)(c1c(cccc1)C)c1c(cccc1)C.P(c1c(cccc1)C)(c1c(cccc1)C)c1c(cccc1)C|Toluene,,Pd(P(o-Tol)3)2Cl2,Toluene,80.0,18.0,6,c12c(ccc(c1)Br)nccc2
RKB-03696175,hit_10,c1c(n(nc1N)C)B1OC(C(O1)(C)C)(C)C,screen_SCRN_90,SCRN_90,c_599a93c125,[Pd](Cl)Cl.P(c1c(cccc1)C)(c1c(cccc1)C)c1c(cccc1)C.P(c1c(cccc1)C)(c1c(cccc1)C)c1c(cccc1)C|Toluene,,Pd(P(o-Tol)3)2Cl2,Toluene,80.0,18.0,4,c12c(ccc(c1)Br)nccc2
RKB-03696176,hit_10,c1c(n(nc1N)C)B1OC(C(O1)(C)C)(C)C,screen_SCRN_90,SCRN_90,c_23c32c1777,[Pd](Cl)Cl.P(C1CCCCC1)(C1CCCCC1)C1CCCCC1.P(C1CCCCC1)(C1CCCCC1)C1CCCCC1|Toluene,,Pd(P(Cy)3)2Cl2,Toluene,80.0,18.0,0,c12c(ccc(c1)Br)nccc2
RKB-03696177,hit_10,c1c(n(nc1N)C)B1OC(C(O1)(C)C)(C)C,screen_SCRN_90,SCRN_90,c_599a93c125,[Pd](Cl)Cl.P(c1c(cccc1)C)(c1c(cccc1)C)c1c(cccc1)C.P(c1c(cccc1)C)(c1c(cccc1)C)c1c(cccc1)C|Toluene,,Pd(P(o-Tol)3)2Cl2,Toluene,80.0,18.0,0,c12c(ccc(c1)Br)nccc2
RKB-03696178,hit_10,c1c(n(nc1N)C)B1OC(C(O1)(C)C)(C)C,screen_SCRN_90,SCRN_90,c_23c32c1777,[Pd](Cl)Cl.P(C1CCCCC1)(C1CCCCC1)C1CCCCC1.P(C1CCCCC1)(C1CCCCC1)C1CCCCC1|Toluene,,Pd(P(Cy)3)2Cl2,Toluene,80.0,18.0,0,c12c(ccc(c1)Br)nccc2
RKB-03696179,hit_10,c1c(n(nc1N)C)B1OC(C(O1)(C)C)(C)C,screen_SCRN_90,SCRN_90,c_23c32c1777,[Pd](Cl)Cl.P(C1CCCCC1)(C1CCCCC1)C1CCCCC1.P(C1CCCCC1)(C1CCCCC1)C1CCCCC1|Toluene,,Pd(P(Cy)3)2Cl2,Toluene,80.0,18.0,0,c12c(ccc(c1)Br)nccc2
RKB-03696180,hit_10,c1c(n(nc1N)C)B1OC(C(O1)(C)C)(C)C,screen_SCRN_90,SCRN_90,c_23c32c1777,[Pd](Cl)Cl.P(C1CCCCC1)(C1CCCCC1)C1CCCCC1.P(C1CCCCC1)(C1CCCCC1)C1CCCCC1|Toluene,,Pd(P(Cy)3)2Cl2,Toluene,80.0,18.0,0,c12c(ccc(c1)Br)nccc2
RKB-03696181,hit_10,c1c(n(nc1N)C)B1OC(C(O1)(C)C)(C)C,screen_SCRN_90,SCRN_90,c_599a93c125,[Pd](Cl)Cl.P(c1c(cccc1)C)(c1c(cccc1)C)c1c(cccc1)C.P(c1c(cccc1)C)(c1c(cccc1)C)c1c(cccc1)C|Toluene,,Pd(P(o-Tol)3)2Cl2,Toluene,80.0,18.0,0,c12c(ccc(c1)Br)nccc2
RKB-03696182,hit_10,c1c(n(nc1N)C)B1OC(C(O1)(C)C)(C)C,screen_SCRN_90,SCRN_90,c_a86e283b14,c1(c2c(P(C3CCCCC3)C3CCCCC3)cccc2)c(cc(cc1C(C)C)C(C)C)C(C)C|MeCN,Pd(OAc)2,Pd(OAc)2/XPhos,MeCN,80.0,18.0,0,c12c(ccc(c1)Br)nccc2
RKB-03774366,hit_11,c1ccc2c(c1B1OC(C(O1)(C)C)(C)C)oc(n2)C,screen_SCRN_99,SCRN_99,c_4fdc95dfd7,[Pd](Cl)Cl.P(C(C)(C)C)(C(C)(C)C)c1ccc(N(C)C)cc1.P(C(C)(C)C)(C(C)(C)C)c1ccc(N(C)C)cc1|THF,,Pd-132,THF,65.0,18.0,100,CI
RKB-03774367,hit_11,c1ccc2c(c1B1OC(C(O1)(C)C)(C)C)oc(n2)C,screen_SCRN_99,SCRN_99,c_e564d7612a,[Pd].P(c1ccccc1)(c1ccccc1)c1ccccc1.P(c1ccccc1)(c1ccccc1)c1ccccc1.P(c1ccccc1)(c1ccccc1)c1ccccc1.P(c1ccccc1)(c1ccccc1)c1ccccc1|MeCN,,Pd(P(Ph)3)4),MeCN,65.0,18.0,100,CI
RKB-03774368,hit_11,c1ccc2c(c1B1OC(C(O1)(C)C)(C)C)oc(n2)C,screen_SCRN_99,SCRN_99,c_94f36c1396,[Pd](Cl)Cl.P(C(C)(C)C)(C(C)(C)C)c1ccc(N(C)C)cc1.P(C(C)(C)C)(C(C)(C)C)c1ccc(N(C)C)cc1|t-AmOH,,Pd-132,t-AmOH,65.0,18.0,100,CI
RKB-03774369,hit_11,c1ccc2c(c1B1OC(C(O1)(C)C)(C)C)oc(n2)C,screen_SCRN_99,SCRN_99,c_c3b27856cb,[Pd](Cl)Cl.P(c1c(cccc1)C)(c1c(cccc1)C)c1c(cccc1)C.P(c1c(cccc1)C)(c1c(cccc1)C)c1c(cccc1)C|MeCN,,Pd(P(o-Tol)3)2Cl2,MeCN,65.0,18.0,99,CI
RKB-03774370,hit_11,c1ccc2c(c1B1OC(C(O1)(C)C)(C)C)oc(n2)C,screen_SCRN_99,SCRN_99,c_99aeac08ec,O1c2c(C(c3c1c(ccc3)P(c1ccccc1)c1ccccc1)(C)C)cccc2P(c1ccccc1)c1ccccc1.Cl[Pd]Cl|MeCN,,Pd(XanthPhos)Cl2,MeCN,65.0,18.0,99,CI
RKB-03774371,hit_11,c1ccc2c(c1B1OC(C(O1)(C)C)(C)C)oc(n2)C,screen_SCRN_99,SCRN_99,c_c3b27856cb,[Pd](Cl)Cl.P(c1c(cccc1)C)(c1c(cccc1)C)c1c(cccc1)C.P(c1c(cccc1)C)(c1c(cccc1)C)c1c(cccc1)C|MeCN,,Pd(P(o-Tol)3)2Cl2,MeCN,65.0,18.0,99,CI
RKB-03774372,hit_11,c1ccc2c(c1B1OC(C(O1)(C)C)(C)C)oc(n2)C,screen_SCRN_99,SCRN_99,c_3196604cd9,[Pd](Cl)Cl.P(C(C)(C)C)(C(C)(C)C)c1ccc(N(C)C)cc1.P(C(C)(C)C)(C(C)(C)C)c1ccc(N(C)C)cc1|MeCN,,Pd-132,MeCN,65.0,18.0,99,CI
RKB-03774373,hit_11,c1ccc2c(c1B1OC(C(O1)(C)C)(C)C)oc(n2)C,screen_SCRN_99,SCRN_99,c_ec08770cef,P(C1CCCC1)(c1ccccc1)c1ccccc1.P(C1CCCC1)(c1ccccc1)c1ccccc1.C(Cl)Cl.[Pd](Cl)Cl.[Fe]|t-AmOH,,Pd(dppf)Cl2,t-AmOH,65.0,18.0,99,CI
RKB-03774374,hit_11,c1ccc2c(c1B1OC(C(O1)(C)C)(C)C)oc(n2)C,screen_SCRN_99,SCRN_99,c_3196604cd9,[Pd](Cl)Cl.P(C(C)(C)C)(C(C)(C)C)c1ccc(N(C)C)cc1.P(C(C)(C)C)(C(C)(C)C)c1ccc(N(C)C)cc1|MeCN,,Pd-132,MeCN,65.0,18.0,99,CI
RKB-03774375,hit_11,c1ccc2c(c1B1OC(C(O1)(C)C)(C)C)oc(n2)C,screen_SCRN_99,SCRN_99,c_87611e347b,C1(C(C(C(C1c1ccccc1)c1ccccc1)c1ccccc1)c1ccccc1)c1ccccc1.P(C(C)(C)C)(C(C)(C)C)C1CCCC1.C1(C(C(C(C1c1ccccc1)c1ccccc1)c1ccccc1)c1ccccc1)c1ccccc1.P(C(C)(C)C)(C(C)(C)C)C1CCCC1.[Fe].[Fe].[Pd]|THF,,Pd(QPhos)2,THF,65.0,18.0,99,CI
RKB-03774376,hit_11,c1ccc2c(c1B1OC(C(O1)(C)C)(C)C)oc(n2)C,screen_SCRN_99,SCRN_99,c_1c0256b33d,[Pd](Cl)Cl.P(C1CCCCC1)(C1CCCCC1)C1CCCCC1.P(C1CCCCC1)(C1CCCCC1)C1CCCCC1|t-AmOH,,Pd(P(Cy)3)2Cl2,t-AmOH,65.0,18.0,99,CI
RKB-03774377,hit_11,c1ccc2c(c1B1OC(C(O1)(C)C)(C)C)oc(n2)C,screen_SCRN_99,SCRN_99,c_3196604cd9,[Pd](Cl)Cl.P(C(C)(C)C)(C(C)(C)C)c1ccc(N(C)C)cc1.P(C(C)(C)C)(C(C)(C)C)c1ccc(N(C)C)cc1|MeCN,,Pd-132,MeCN,65.0,18.0,99,CI
RKB-03774378,hit_11,c1ccc2c(c1B1OC(C(O1)(C)C)(C)C)oc(n2)C,screen_SCRN_99,SCRN_99,c_e564d7612a,[Pd].P(c1ccccc1)(c1ccccc1)c1ccccc1.P(c1ccccc1)(c1ccccc1)c1ccccc1.P(c1ccccc1)(c1ccccc1)c1ccccc1.P(c1ccccc1)(c1ccccc1)c1ccccc1|MeCN,,Pd(P(Ph)3)4),MeCN,65.0,18.0,98,CI
RKB-03774379,hit_11,c1ccc2c(c1B1OC(C(O1)(C)C)(C)C)oc(n2)C,screen_SCRN_99,SCRN_99,c_3a6884c52d,C1(C(C(C(C1c1ccccc1)c1ccccc1)c1ccccc1)c1ccccc1)c1ccccc1.P(C(C)(C)C)(C(C)(C)C)C1CCCC1.C1(C(C(C(C1c1ccccc1)c1ccccc1)c1ccccc1)c1ccccc1)c1ccccc1.P(C(C)(C)C)(C(C)(C)C)C1CCCC1.[Fe].[Fe].[Pd]|t-AmOH,,Pd(QPhos)2,t-AmOH,65.0,18.0,98,CI
RKB-03774380,hit_11,c1ccc2c(c1B1OC(C(O1)(C)C)(C)C)oc(n2)C,screen_SCRN_99,SCRN_99,c_4957928872,|MeCN,,SPhos Pd G4,MeCN,65.0,18.0,98,CI
RKB-03774381,hit_11,c1ccc2c(c1B1OC(C(O1)(C)C)(C)C)oc(n2)C,screen_SCRN_99,SCRN_99,c_3b8ab51f06,P([C@]12C[C@@H]3C[C@H](C2)C[C@@H](C1)C3)([C@]12C[C@@H]3C[C@@H](C2)C[C@@H](C1)C3)CCCC|t-AmOH,Pd(OAc)2,Pd(OAc)2/CataCXium A,t-AmOH,65.0,18.0,98,CI
RKB-03774382,hit_11,c1ccc2c(c1B1OC(C(O1)(C)C)(C)C)oc(n2)C,screen_SCRN_99,SCRN_99,c_b9c1c9f68d,P(C1CCCC1)(c1ccccc1)c1ccccc1.P(C1CCCC1)(c1ccccc1)c1ccccc1.C(Cl)Cl.[Pd](Cl)Cl.[Fe]|MeCN,,Pd(dppf)Cl2,MeCN,65.0,18.0,98,CI
RKB-03774383,hit_11,c1ccc2c(c1B1OC(C(O1)(C)C)(C)C)oc(n2)C,screen_SCRN_99,SCRN_99,c_3196604cd9,[Pd](Cl)Cl.P(C(C)(C)C)(C(C)(C)C)c1ccc(N(C)C)cc1.P(C(C)(C)C)(C(C)(C)C)c1ccc(N(C)C)cc1|MeCN,,Pd-132,MeCN,65.0,18.0,98,CI
RKB-03774384,hit_11,c1ccc2c(c1B1OC(C(O1)(C)C)(C)C)oc(n2)C,screen_SCRN_99,SCRN_99,c_4648614000,C1(C(C(C(C1c1ccccc1)c1ccccc1)c1ccccc1)c1ccccc1)c1ccccc1.P(C(C)(C)C)(C(C)(C)C)C1CCCC1.C1(C(C(C(C1c1ccccc1)c1ccccc1)c1ccccc1)c1ccccc1)c1ccccc1.P(C(C)(C)C)(C(C)(C)C)C1CCCC1.[Fe].[Fe].[Pd]|MeCN,,Pd(QPhos)2,MeCN,65.0,18.0,98,CI
RKB-03774385,hit_11,c1ccc2c(c1B1OC(C(O1)(C)C)(C)C)oc(n2)C,screen_SCRN_99,SCRN_99,c_ec08770cef,P(C1CCCC1)(c1ccccc1)c1ccccc1.P(C1CCCC1)(c1ccccc1)c1ccccc1.C(Cl)Cl.[Pd](Cl)Cl.[Fe]|t-AmOH,,Pd(dppf)Cl2,t-AmOH,65.0,18.0,98,CI
RKB-03774386,hit_11,c1ccc2c(c1B1OC(C(O1)(C)C)(C)C)oc(n2)C,screen_SCRN_99,SCRN_99,c_b9c1c9f68d,P(C1CCCC1)(c1ccccc1)c1ccccc1.P(C1CCCC1)(c1ccccc1)c1ccccc1.C(Cl)Cl.[Pd](Cl)Cl.[Fe]|MeCN,,Pd(dppf)Cl2,MeCN,65.0,18.0,98,CI
RKB-03774387,hit_11,c1ccc2c(c1B1OC(C(O1)(C)C)(C)C)oc(n2)C,screen_SCRN_99,SCRN_99,c_a86e283b14,c1(c2c(P(C3CCCCC3)C3CCCCC3)cccc2)c(cc(cc1C(C)C)C(C)C)C(C)C|MeCN,Pd(OAc)2,Pd(OAc)2/XPhos,MeCN,65.0,18.0,98,CI
RKB-03774388,hit_11,c1ccc2c(c1B1OC(C(O1)(C)C)(C)C)oc(n2)C,screen_SCRN_99,SCRN_99,c_adf3bba061,P(C1CCCC1)(C(C)(C)C)C(C)(C)C.P(C1CCCC1)(C(C)(C)C)C(C)(C)C.[Pd](Cl)Cl.[Fe]|MeCN,,Pd(dtbpf)Cl2,MeCN,65.0,18.0,98,CI
RKB-03774389,hit_11,c1ccc2c(c1B1OC(C(O1)(C)C)(C)C)oc(n2)C,screen_SCRN_99,SCRN_99,c_94f36c1396,[Pd](Cl)Cl.P(C(C)(C)C)(C(C)(C)C)c1ccc(N(C)C)cc1.P(C(C)(C)C)(C(C)(C)C)c1ccc(N(C)C)cc1|t-AmOH,,Pd-132,t-AmOH,65.0,18.0,98,CI
RKB-03774390,hit_11,c1ccc2c(c1B1OC(C(O1)(C)C)(C)C)oc(n2)C,screen_SCRN_99,SCRN_99,c_99aeac08ec,O1c2c(C(c3c1c(ccc3)P(c1ccccc1)c1ccccc1)(C)C)cccc2P(c1ccccc1)c1ccccc1.Cl[Pd]Cl|MeCN,,Pd(XanthPhos)Cl2,MeCN,65.0,18.0,97,CI
RKB-03774391,hit_11,c1ccc2c(c1B1OC(C(O1)(C)C)(C)C)oc(n2)C,screen_SCRN_99,SCRN_99,c_4957928872,|MeCN,,SPhos Pd G4,MeCN,65.0,18.0,97,CI
RKB-03774392,hit_11,c1ccc2c(c1B1OC(C(O1)(C)C)(C)C)oc(n2)C,screen_SCRN_99,SCRN_99,c_afb518137f,[Pd].P(c1ccccc1)(c1ccccc1)c1ccccc1.P(c1ccccc1)(c1ccccc1)c1ccccc1.P(c1ccccc1)(c1ccccc1)c1ccccc1.P(c1ccccc1)(c1ccccc1)c1ccccc1|t-AmOH,,Pd(P(Ph)3)4),t-AmOH,65.0,18.0,97,CI
RKB-03774393,hit_11,c1ccc2c(c1B1OC(C(O1)(C)C)(C)C)oc(n2)C,screen_SCRN_99,SCRN_99,c_ec08770cef,P(C1CCCC1)(c1ccccc1)c1ccccc1.P(C1CCCC1)(c1ccccc1)c1ccccc1.C(Cl)Cl.[Pd](Cl)Cl.[Fe]|t-AmOH,,Pd(dppf)Cl2,t-AmOH,65.0,18.0,97,CI
RKB-03774394,hit_11,c1ccc2c(c1B1OC(C(O1)(C)C)(C)C)oc(n2)C,screen_SCRN_99,SCRN_99,c_04d73ea970,P(C1CCCC1)(C(C)(C)C)C(C)(C)C.P(C1CCCC1)(C(C)(C)C)C(C)(C)C.[Pd](Cl)Cl.[Fe]|THF,,Pd(dtbpf)Cl2,THF,65.0,18.0,97,CI
RKB-03774395,hit_11,c1ccc2c(c1B1OC(C(O1)(C)C)(C)C)oc(n2)C,screen_SCRN_99,SCRN_99,c_94f36c1396,[Pd](Cl)Cl.P(C(C)(C)C)(C(C)(C)C)c1ccc(N(C)C)cc1.P(C(C)(C)C)(C(C)(C)C)c1ccc(N(C)C)cc1|t-AmOH,,Pd-132,t-AmOH,65.0,18.0,97,CI
RKB-03774396,hit_11,c1ccc2c(c1B1OC(C(O1)(C)C)(C)C)oc(n2)C,screen_SCRN_99,SCRN_99,c_aabcb49fef,|THF,,SPhos Pd G4,THF,65.0,18.0,97,CI
RKB-03774397,hit_11,c1ccc2c(c1B1OC(C(O1)(C)C)(C)C)oc(n2)C,screen_SCRN_99,SCRN_99,c_1e7eb55c8b,P(C1CCCC1)(C(C)(C)C)C(C)(C)C.P(C1CCCC1)(C(C)(C)C)C(C)(C)C.[Pd](Cl)Cl.[Fe]|t-AmOH,,Pd(dtbpf)Cl2,t-AmOH,65.0,18.0,97,CI
RKB-03774398,hit_11,c1ccc2c(c1B1OC(C(O1)(C)C)(C)C)oc(n2)C,screen_SCRN_99,SCRN_99,c_3ee2d5105a,P([C@]12C[C@@H]3C[C@H](C2)C[C@@H](C1)C3)([C@]12C[C@@H]3C[C@@H](C2)C[C@@H](C1)C3)CCCC|MeCN,Pd(OAc)2,Pd(OAc)2/CataCXium A,MeCN,65.0,18.0,97,CI
RKB-03774399,hit_11,c1ccc2c(c1B1OC(C(O1)(C)C)(C)C)oc(n2)C,screen_SCRN_99,SCRN_99,c_adf3bba061,P(C1CCCC1)(C(C)(C)C)C(C)(C)C.P(C1CCCC1)(C(C)(C)C)C(C)(C)C.[Pd](Cl)Cl.[Fe]|MeCN,,Pd(dtbpf)Cl2,MeCN,65.0,18.0,97,CI
RKB-03774400,hit_11,c1ccc2c(c1B1OC(C(O1)(C)C)(C)C)oc(n2)C,screen_SCRN_99,SCRN_99,c_86f3e84f01,[Pd].P(c1ccccc1)(c1ccccc1)c1ccccc1.P(c1ccccc1)(c1ccccc1)c1ccccc1.P(c1ccccc1)(c1ccccc1)c1ccccc1.P(c1ccccc1)(c1ccccc1)c1ccccc1|THF,,Pd(P(Ph)3)4),THF,65.0,18.0,97,CI
RKB-03774401,hit_11,c1ccc2c(c1B1OC(C(O1)(C)C)(C)C)oc(n2)C,screen_SCRN_99,SCRN_99,c_3ee2d5105a,P([C@]12C[C@@H]3C[C@H](C2)C[C@@H](C1)C3)([C@]12C[C@@H]3C[C@@H](C2)C[C@@H](C1)C3)CCCC|MeCN,Pd(OAc)2,Pd(OAc)2/CataCXium A,MeCN,65.0,18.0,97,CI
RKB-03774402,hit_11,c1ccc2c(c1B1OC(C(O1)(C)C)(C)C)oc(n2)C,screen_SCRN_99,SCRN_99,c_14f5c30068,[Pd](Cl)Cl.P(C1CCCCC1)(C1CCCCC1)C1CCCCC1.P(C1CCCCC1)(C1CCCCC1)C1CCCCC1|MeCN,,Pd(P(Cy)3)2Cl2,MeCN,65.0,18.0,97,CI
RKB-03774403,hit_11,c1ccc2c(c1B1OC(C(O1)(C)C)(C)C)oc(n2)C,screen_SCRN_99,SCRN_99,c_e564d7612a,[Pd].P(c1ccccc1)(c1ccccc1)c1ccccc1.P(c1ccccc1)(c1ccccc1)c1ccccc1.P(c1ccccc1)(c1ccccc1)c1ccccc1.P(c1ccccc1)(c1ccccc1)c1ccccc1|MeCN,,Pd(P(Ph)3)4),MeCN,65.0,18.0,97,CI
RKB-03774404,hit_11,c1ccc2c(c1B1OC(C(O1)(C)C)(C)C)oc(n2)C,screen_SCRN_99,SCRN_99,c_b9c1c9f68d,P(C1CCCC1)(c1ccccc1)c1ccccc1.P(C1CCCC1)(c1ccccc1)c1ccccc1.C(Cl)Cl.[Pd](Cl)Cl.[Fe]|MeCN,,Pd(dppf)Cl2,MeCN,65.0,18.0,96,CI
RKB-03774405,hit_11,c1ccc2c(c1B1OC(C(O1)(C)C)(C)C)oc(n2)C,screen_SCRN_99,SCRN_99,c_afb518137f,[Pd].P(c1ccccc1)(c1ccccc1)c1ccccc1.P(c1ccccc1)(c1ccccc1)c1ccccc1.P(c1ccccc1)(c1ccccc1)c1ccccc1.P(c1ccccc1)(c1ccccc1)c1ccccc1|t-AmOH,,Pd(P(Ph)3)4),t-AmOH,65.0,18.0,96,CI
RKB-03774406,hit_11,c1ccc2c(c1B1OC(C(O1)(C)C)(C)C)oc(n2)C,screen_SCRN_99,SCRN_99,c_71e660ff6b,[Pd].C(P(C(C)(C)C)C(C)(C)C)(C)(C)C.C(P(C(C)(C)C)C(C)(C)C)(C)(C)C|t-AmOH,,Pd(P(tBu)3)2,t-AmOH,65.0,18.0,96,CI
RKB-03774407,hit_11,c1ccc2c(c1B1OC(C(O1)(C)C)(C)C)oc(n2)C,screen_SCRN_99,SCRN_99,c_c87657789e,c1(c2c(P(C3CCCCC3)C3CCCCC3)cccc2)c(cc(cc1C(C)C)C(C)C)C(C)C|t-AmOH,Pd(OAc)2,Pd(OAc)2/XPhos,t-AmOH,65.0,18.0,96,CI
RKB-03774408,hit_11,c1ccc2c(c1B1OC(C(O1)(C)C)(C)C)oc(n2)C,screen_SCRN_99,SCRN_99,c_fb0fd7c858,[Pd](Cl)Cl.P(C1CCCCC1)(C1CCCCC1)C1CCCCC1.P(C1CCCCC1)(C1CCCCC1)C1CCCCC1|THF,,Pd(P(Cy)3)2Cl2,THF,65.0,18.0,96,CI
RKB-03774409,hit_11,c1ccc2c(c1B1OC(C(O1)(C)C)(C)C)oc(n2)C,screen_SCRN_99,SCRN_99,c_71e660ff6b,[Pd].C(P(C(C)(C)C)C(C)(C)C)(C)(C)C.C(P(C(C)(C)C)C(C)(C)C)(C)(C)C|t-AmOH,,Pd(P(tBu)3)2,t-AmOH,65.0,18.0,96,CI
RKB-03774410,hit_11,c1ccc2c(c1B1OC(C(O1)(C)C)(C)C)oc(n2)C,screen_SCRN_99,SCRN_99,c_4648614000,C1(C(C(C(C1c1ccccc1)c1ccccc1)c1ccccc1)c1ccccc1)c1ccccc1.P(C(C)(C)C)(C(C)(C)C)C1CCCC1.C1(C(C(C(C1c1ccccc1)c1ccccc1)c1ccccc1)c1ccccc1)c1ccccc1.P(C(C)(C)C)(C(C)(C)C)C1CCCC1.[Fe].[Fe].[Pd]|MeCN,,Pd(QPhos)2,MeCN,65.0,18.0,96,CI
RKB-03774411,hit_11,c1ccc2c(c1B1OC(C(O1)(C)C)(C)C)oc(n2)C,screen_SCRN_99,SCRN_99,c_f7824c77b7,O1c2c(C(c3c1c(ccc3)P(c1ccccc1)c1ccccc1)(C)C)cccc2P(c1ccccc1)c1ccccc1.Cl[Pd]Cl|THF,,Pd(XanthPhos)Cl2,THF,65.0,18.0,96,CI
RKB-03774412,hit_11,c1ccc2c(c1B1OC(C(O1)(C)C)(C)C)oc(n2)C,screen_SCRN_99,SCRN_99,c_b9c1c9f68d,P(C1CCCC1)(c1ccccc1)c1ccccc1.P(C1CCCC1)(c1ccccc1)c1ccccc1.C(Cl)Cl.[Pd](Cl)Cl.[Fe]|MeCN,,Pd(dppf)Cl2,MeCN,65.0,18.0,95,CI
RKB-03774413,hit_11,c1ccc2c(c1B1OC(C(O1)(C)C)(C)C)oc(n2)C,screen_SCRN_99,SCRN_99,c_c87657789e,c1(c2c(P(C3CCCCC3)C3CCCCC3)cccc2)c(cc(cc1C(C)C)C(C)C)C(C)C|t-AmOH,Pd(OAc)2,Pd(OAc)2/XPhos,t-AmOH,65.0,18.0,95,CI
RKB-03774414,hit_11,c1ccc2c(c1B1OC(C(O1)(C)C)(C)C)oc(n2)C,screen_SCRN_99,SCRN_99,c_e03a6b9172,P([C@]12C[C@@H]3C[C@H](C2)C[C@@H](C1)C3)([C@]12C[C@@H]3C[C@@H](C2)C[C@@H](C1)C3)CCCC|THF,Pd(OAc)2,Pd(OAc)2/CataCXium A,THF,65.0,18.0,95,CI
RKB-03774415,hit_11,c1ccc2c(c1B1OC(C(O1)(C)C)(C)C)oc(n2)C,screen_SCRN_99,SCRN_99,c_de1ab90c3c,[Pd](Cl)Cl.P(c1c(cccc1)C)(c1c(cccc1)C)c1c(cccc1)C.P(c1c(cccc1)C)(c1c(cccc1)C)c1c(cccc1)C|t-AmOH,,Pd(P(o-Tol)3)2Cl2,t-AmOH,65.0,18.0,95,CI
RKB-03774416,hit_11,c1ccc2c(c1B1OC(C(O1)(C)C)(C)C)oc(n2)C,screen_SCRN_99,SCRN_99,c_1e7eb55c8b,P(C1CCCC1)(C(C)(C)C)C(C)(C)C.P(C1CCCC1)(C(C)(C)C)C(C)(C)C.[Pd](Cl)Cl.[Fe]|t-AmOH,,Pd(dtbpf)Cl2,t-AmOH,65.0,18.0,95,CI
RKB-03774417,hit_11,c1ccc2c(c1B1OC(C(O1)(C)C)(C)C)oc(n2)C,screen_SCRN_99,SCRN_99,c_2532cb4bab,O1c2c(C(c3c1c(ccc3)P(c1ccccc1)c1ccccc1)(C)C)cccc2P(c1ccccc1)c1ccccc1.Cl[Pd]Cl|t-AmOH,,Pd(XanthPhos)Cl2,t-AmOH,65.0,18.0,95,CI
RKB-03774418,hit_11,c1ccc2c(c1B1OC(C(O1)(C)C)(C)C)oc(n2)C,screen_SCRN_99,SCRN_99,c_2db771aad0,c1(c2c(P(C3CCCCC3)C3CCCCC3)cccc2)c(cc(cc1C(C)C)C(C)C)C(C)C|THF,Pd(OAc)2,Pd(OAc)2/XPhos,THF,65.0,18.0,95,CI
RKB-03774419,hit_11,c1ccc2c(c1B1OC(C(O1)(C)C)(C)C)oc(n2)C,screen_SCRN_99,SCRN_99,c_577ff4ada9,P([C@]12C[C@@H]3C[C@H](C2)C[C@@H](C1)C3)([C@]12C[C@@H]3C[C@@H](C2)C[C@@H](C1)C3)CCCC|Toluene,Pd(OAc)2,Pd(OAc)2/CataCXium A,Toluene,65.0,18.0,95,CI
RKB-03774420,hit_11,c1ccc2c(c1B1OC(C(O1)(C)C)(C)C)oc(n2)C,screen_SCRN_99,SCRN_99,c_99aeac08ec,O1c2c(C(c3c1c(ccc3)P(c1ccccc1)c1ccccc1)(C)C)cccc2P(c1ccccc1)c1ccccc1.Cl[Pd]Cl|MeCN,,Pd(XanthPhos)Cl2,MeCN,65.0,18.0,94,CI
RKB-03774421,hit_11,c1ccc2c(c1B1OC(C(O1)(C)C)(C)C)oc(n2)C,screen_SCRN_99,SCRN_99,c_3b8ab51f06,P([C@]12C[C@@H]3C[C@H](C2)C[C@@H](C1)C3)([C@]12C[C@@H]3C[C@@H](C2)C[C@@H](C1)C3)CCCC|t-AmOH,Pd(OAc)2,Pd(OAc)2/CataCXium A,t-AmOH,65.0,18.0,94,CI
RKB-03774422,hit_11,c1ccc2c(c1B1OC(C(O1)(C)C)(C)C)oc(n2)C,screen_SCRN_99,SCRN_99,c_3a6884c52d,C1(C(C(C(C1c1ccccc1)c1ccccc1)c1ccccc1)c1ccccc1)c1ccccc1.P(C(C)(C)C)(C(C)(C)C)C1CCCC1.C1(C(C(C(C1c1ccccc1)c1ccccc1)c1ccccc1)c1ccccc1)c1ccccc1.P(C(C)(C)C)(C(C)(C)C)C1CCCC1.[Fe].[Fe].[Pd]|t-AmOH,,Pd(QPhos)2,t-AmOH,65.0,18.0,94,CI
RKB-03774423,hit_11,c1ccc2c(c1B1OC(C(O1)(C)C)(C)C)oc(n2)C,screen_SCRN_99,SCRN_99,c_1c0256b33d,[Pd](Cl)Cl.P(C1CCCCC1)(C1CCCCC1)C1CCCCC1.P(C1CCCCC1)(C1CCCCC1)C1CCCCC1|t-AmOH,,Pd(P(Cy)3)2Cl2,t-AmOH,65.0,18.0,94,CI
RKB-03774424,hit_11,c1ccc2c(c1B1OC(C(O1)(C)C)(C)C)oc(n2)C,screen_SCRN_99,SCRN_99,c_ad8305297d,[Pd](Cl)Cl.P(c1c(cccc1)C)(c1c(cccc1)C)c1c(cccc1)C.P(c1c(cccc1)C)(c1c(cccc1)C)c1c(cccc1)C|THF,,Pd(P(o-Tol)3)2Cl2,THF,65.0,18.0,94,CI
RKB-03774425,hit_11,c1ccc2c(c1B1OC(C(O1)(C)C)(C)C)oc(n2)C,screen_SCRN_99,SCRN_99,c_fb0fd7c858,[Pd](Cl)Cl.P(C1CCCCC1)(C1CCCCC1)C1CCCCC1.P(C1CCCCC1)(C1CCCCC1)C1CCCCC1|THF,,Pd(P(Cy)3)2Cl2,THF,65.0,18.0,94,CI
RKB-03774426,hit_11,c1ccc2c(c1B1OC(C(O1)(C)C)(C)C)oc(n2)C,screen_SCRN_99,SCRN_99,c_9eca721d6f,|t-AmOH,,SPhos Pd G4,t-AmOH,65.0,18.0,93,CI
RKB-03774427,hit_11,c1ccc2c(c1B1OC(C(O1)(C)C)(C)C)oc(n2)C,screen_SCRN_99,SCRN_99,c_efdcec6f77,[Pd].C(P(C(C)(C)C)C(C)(C)C)(C)(C)C.C(P(C(C)(C)C)C(C)(C)C)(C)(C)C|MeCN,,Pd(P(tBu)3)2,MeCN,65.0,18.0,93,CI
RKB-03774428,hit_11,c1ccc2c(c1B1OC(C(O1)(C)C)(C)C)oc(n2)C,screen_SCRN_99,SCRN_99,c_2532cb4bab,O1c2c(C(c3c1c(ccc3)P(c1ccccc1)c1ccccc1)(C)C)cccc2P(c1ccccc1)c1ccccc1.Cl[Pd]Cl|t-AmOH,,Pd(XanthPhos)Cl2,t-AmOH,65.0,18.0,93,CI
RKB-03774429,hit_11,c1ccc2c(c1B1OC(C(O1)(C)C)(C)C)oc(n2)C,screen_SCRN_99,SCRN_99,c_e03a6b9172,P([C@]12C[C@@H]3C[C@H](C2)C[C@@H](C1)C3)([C@]12C[C@@H]3C[C@@H](C2)C[C@@H](C1)C3)CCCC|THF,Pd(OAc)2,Pd(OAc)2/CataCXium A,THF,65.0,18.0,93,CI
RKB-03774430,hit_11,c1ccc2c(c1B1OC(C(O1)(C)C)(C)C)oc(n2)C,screen_SCRN_99,SCRN_99,c_e03a6b9172,P([C@]12C[C@@H]3C[C@H](C2)C[C@@H](C1)C3)([C@]12C[C@@H]3C[C@@H](C2)C[C@@H](C1)C3)CCCC|THF,Pd(OAc)2,Pd(OAc)2/CataCXium A,THF,65.0,18.0,93,CI
RKB-03774431,hit_11,c1ccc2c(c1B1OC(C(O1)(C)C)(C)C)oc(n2)C,screen_SCRN_99,SCRN_99,c_efdcec6f77,[Pd].C(P(C(C)(C)C)C(C)(C)C)(C)(C)C.C(P(C(C)(C)C)C(C)(C)C)(C)(C)C|MeCN,,Pd(P(tBu)3)2,MeCN,65.0,18.0,93,CI
RKB-03774432,hit_11,c1ccc2c(c1B1OC(C(O1)(C)C)(C)C)oc(n2)C,screen_SCRN_99,SCRN_99,c_3ee2d5105a,P([C@]12C[C@@H]3C[C@H](C2)C[C@@H](C1)C3)([C@]12C[C@@H]3C[C@@H](C2)C[C@@H](C1)C3)CCCC|MeCN,Pd(OAc)2,Pd(OAc)2/CataCXium A,MeCN,65.0,18.0,92,CI
RKB-03774433,hit_11,c1ccc2c(c1B1OC(C(O1)(C)C)(C)C)oc(n2)C,screen_SCRN_99,SCRN_99,c_1e7eb55c8b,P(C1CCCC1)(C(C)(C)C)C(C)(C)C.P(C1CCCC1)(C(C)(C)C)C(C)(C)C.[Pd](Cl)Cl.[Fe]|t-AmOH,,Pd(dtbpf)Cl2,t-AmOH,65.0,18.0,92,CI
RKB-03774434,hit_11,c1ccc2c(c1B1OC(C(O1)(C)C)(C)C)oc(n2)C,screen_SCRN_99,SCRN_99,c_e03a6b9172,P([C@]12C[C@@H]3C[C@H](C2)C[C@@H](C1)C3)([C@]12C[C@@H]3C[C@@H](C2)C[C@@H](C1)C3)CCCC|THF,Pd(OAc)2,Pd(OAc)2/CataCXium A,THF,65.0,18.0,93,CI
RKB-03774435,hit_11,c1ccc2c(c1B1OC(C(O1)(C)C)(C)C)oc(n2)C,screen_SCRN_99,SCRN_99,c_3b8ab51f06,P([C@]12C[C@@H]3C[C@H](C2)C[C@@H](C1)C3)([C@]12C[C@@H]3C[C@@H](C2)C[C@@H](C1)C3)CCCC|t-AmOH,Pd(OAc)2,Pd(OAc)2/CataCXium A,t-AmOH,65.0,18.0,92,CI
RKB-03774436,hit_11,c1ccc2c(c1B1OC(C(O1)(C)C)(C)C)oc(n2)C,screen_SCRN_99,SCRN_99,c_ba67a9e214,|Toluene,,SPhos Pd G4,Toluene,65.0,18.0,92,CI
RKB-03774437,hit_11,c1ccc2c(c1B1OC(C(O1)(C)C)(C)C)oc(n2)C,screen_SCRN_99,SCRN_99,c_afb518137f,[Pd].P(c1ccccc1)(c1ccccc1)c1ccccc1.P(c1ccccc1)(c1ccccc1)c1ccccc1.P(c1ccccc1)(c1ccccc1)c1ccccc1.P(c1ccccc1)(c1ccccc1)c1ccccc1|t-AmOH,,Pd(P(Ph)3)4),t-AmOH,65.0,18.0,92,CI
RKB-03774438,hit_11,c1ccc2c(c1B1OC(C(O1)(C)C)(C)C)oc(n2)C,screen_SCRN_99,SCRN_99,c_c3b27856cb,[Pd](Cl)Cl.P(c1c(cccc1)C)(c1c(cccc1)C)c1c(cccc1)C.P(c1c(cccc1)C)(c1c(cccc1)C)c1c(cccc1)C|MeCN,,Pd(P(o-Tol)3)2Cl2,MeCN,65.0,18.0,92,CI
RKB-03774439,hit_11,c1ccc2c(c1B1OC(C(O1)(C)C)(C)C)oc(n2)C,screen_SCRN_99,SCRN_99,c_c3b27856cb,[Pd](Cl)Cl.P(c1c(cccc1)C)(c1c(cccc1)C)c1c(cccc1)C.P(c1c(cccc1)C)(c1c(cccc1)C)c1c(cccc1)C|MeCN,,Pd(P(o-Tol)3)2Cl2,MeCN,65.0,18.0,92,CI
RKB-03774440,hit_11,c1ccc2c(c1B1OC(C(O1)(C)C)(C)C)oc(n2)C,screen_SCRN_99,SCRN_99,c_9eca721d6f,|t-AmOH,,SPhos Pd G4,t-AmOH,65.0,18.0,92,CI
RKB-03774441,hit_11,c1ccc2c(c1B1OC(C(O1)(C)C)(C)C)oc(n2)C,screen_SCRN_99,SCRN_99,c_96da66f8fe,P(C1CCCC1)(c1ccccc1)c1ccccc1.P(C1CCCC1)(c1ccccc1)c1ccccc1.C(Cl)Cl.[Pd](Cl)Cl.[Fe]|THF,,Pd(dppf)Cl2,THF,65.0,18.0,91,CI
RKB-03774442,hit_11,c1ccc2c(c1B1OC(C(O1)(C)C)(C)C)oc(n2)C,screen_SCRN_99,SCRN_99,c_4fdc95dfd7,[Pd](Cl)Cl.P(C(C)(C)C)(C(C)(C)C)c1ccc(N(C)C)cc1.P(C(C)(C)C)(C(C)(C)C)c1ccc(N(C)C)cc1|THF,,Pd-132,THF,65.0,18.0,91,CI
RKB-03774443,hit_11,c1ccc2c(c1B1OC(C(O1)(C)C)(C)C)oc(n2)C,screen_SCRN_99,SCRN_99,c_577ff4ada9,P([C@]12C[C@@H]3C[C@H](C2)C[C@@H](C1)C3)([C@]12C[C@@H]3C[C@@H](C2)C[C@@H](C1)C3)CCCC|Toluene,Pd(OAc)2,Pd(OAc)2/CataCXium A,Toluene,65.0,18.0,91,CI
RKB-03774444,hit_11,c1ccc2c(c1B1OC(C(O1)(C)C)(C)C)oc(n2)C,screen_SCRN_99,SCRN_99,c_efdcec6f77,[Pd].C(P(C(C)(C)C)C(C)(C)C)(C)(C)C.C(P(C(C)(C)C)C(C)(C)C)(C)(C)C|MeCN,,Pd(P(tBu)3)2,MeCN,65.0,18.0,91,CI
RKB-03774445,hit_11,c1ccc2c(c1B1OC(C(O1)(C)C)(C)C)oc(n2)C,screen_SCRN_99,SCRN_99,c_3a6884c52d,C1(C(C(C(C1c1ccccc1)c1ccccc1)c1ccccc1)c1ccccc1)c1ccccc1.P(C(C)(C)C)(C(C)(C)C)C1CCCC1.C1(C(C(C(C1c1ccccc1)c1ccccc1)c1ccccc1)c1ccccc1)c1ccccc1.P(C(C)(C)C)(C(C)(C)C)C1CCCC1.[Fe].[Fe].[Pd]|t-AmOH,,Pd(QPhos)2,t-AmOH,65.0,18.0,91,CI
RKB-03774446,hit_11,c1ccc2c(c1B1OC(C(O1)(C)C)(C)C)oc(n2)C,screen_SCRN_99,SCRN_99,c_87611e347b,C1(C(C(C(C1c1ccccc1)c1ccccc1)c1ccccc1)c1ccccc1)c1ccccc1.P(C(C)(C)C)(C(C)(C)C)C1CCCC1.C1(C(C(C(C1c1ccccc1)c1ccccc1)c1ccccc1)c1ccccc1)c1ccccc1.P(C(C)(C)C)(C(C)(C)C)C1CCCC1.[Fe].[Fe].[Pd]|THF,,Pd(QPhos)2,THF,65.0,18.0,91,CI
RKB-03774447,hit_11,c1ccc2c(c1B1OC(C(O1)(C)C)(C)C)oc(n2)C,screen_SCRN_99,SCRN_99,c_de1ab90c3c,[Pd](Cl)Cl.P(c1c(cccc1)C)(c1c(cccc1)C)c1c(cccc1)C.P(c1c(cccc1)C)(c1c(cccc1)C)c1c(cccc1)C|t-AmOH,,Pd(P(o-Tol)3)2Cl2,t-AmOH,65.0,18.0,91,CI
RKB-03774448,hit_11,c1ccc2c(c1B1OC(C(O1)(C)C)(C)C)oc(n2)C,screen_SCRN_99,SCRN_99,c_9eca721d6f,|t-AmOH,,SPhos Pd G4,t-AmOH,65.0,18.0,90,CI
RKB-03774449,hit_11,c1ccc2c(c1B1OC(C(O1)(C)C)(C)C)oc(n2)C,screen_SCRN_99,SCRN_99,c_2532cb4bab,O1c2c(C(c3c1c(ccc3)P(c1ccccc1)c1ccccc1)(C)C)cccc2P(c1ccccc1)c1ccccc1.Cl[Pd]Cl|t-AmOH,,Pd(XanthPhos)Cl2,t-AmOH,65.0,18.0,90,CI
RKB-03774450,hit_11,c1ccc2c(c1B1OC(C(O1)(C)C)(C)C)oc(n2)C,screen_SCRN_99,SCRN_99,c_9e3adb389c,P(C1CCCC1)(c1ccccc1)c1ccccc1.P(C1CCCC1)(c1ccccc1)c1ccccc1.C(Cl)Cl.[Pd](Cl)Cl.[Fe]|Toluene,,Pd(dppf)Cl2,Toluene,65.0,18.0,90,CI
RKB-03774451,hit_11,c1ccc2c(c1B1OC(C(O1)(C)C)(C)C)oc(n2)C,screen_SCRN_99,SCRN_99,c_1c0256b33d,[Pd](Cl)Cl.P(C1CCCCC1)(C1CCCCC1)C1CCCCC1.P(C1CCCCC1)(C1CCCCC1)C1CCCCC1|t-AmOH,,Pd(P(Cy)3)2Cl2,t-AmOH,65.0,18.0,90,CI
RKB-03774452,hit_11,c1ccc2c(c1B1OC(C(O1)(C)C)(C)C)oc(n2)C,screen_SCRN_99,SCRN_99,c_86f3e84f01,[Pd].P(c1ccccc1)(c1ccccc1)c1ccccc1.P(c1ccccc1)(c1ccccc1)c1ccccc1.P(c1ccccc1)(c1ccccc1)c1ccccc1.P(c1ccccc1)(c1ccccc1)c1ccccc1|THF,,Pd(P(Ph)3)4),THF,65.0,18.0,90,CI
RKB-03774453,hit_11,c1ccc2c(c1B1OC(C(O1)(C)C)(C)C)oc(n2)C,screen_SCRN_99,SCRN_99,c_3b8ab51f06,P([C@]12C[C@@H]3C[C@H](C2)C[C@@H](C1)C3)([C@]12C[C@@H]3C[C@@H](C2)C[C@@H](C1)C3)CCCC|t-AmOH,Pd(OAc)2,Pd(OAc)2/CataCXium A,t-AmOH,65.0,18.0,89,CI
RKB-03774454,hit_11,c1ccc2c(c1B1OC(C(O1)(C)C)(C)C)oc(n2)C,screen_SCRN_99,SCRN_99,c_04d73ea970,P(C1CCCC1)(C(C)(C)C)C(C)(C)C.P(C1CCCC1)(C(C)(C)C)C(C)(C)C.[Pd](Cl)Cl.[Fe]|THF,,Pd(dtbpf)Cl2,THF,65.0,18.0,89,CI
RKB-03774455,hit_11,c1ccc2c(c1B1OC(C(O1)(C)C)(C)C)oc(n2)C,screen_SCRN_99,SCRN_99,c_04d73ea970,P(C1CCCC1)(C(C)(C)C)C(C)(C)C.P(C1CCCC1)(C(C)(C)C)C(C)(C)C.[Pd](Cl)Cl.[Fe]|THF,,Pd(dtbpf)Cl2,THF,65.0,18.0,88,CI
RKB-03774456,hit_11,c1ccc2c(c1B1OC(C(O1)(C)C)(C)C)oc(n2)C,screen_SCRN_99,SCRN_99,c_afb518137f,[Pd].P(c1ccccc1)(c1ccccc1)c1ccccc1.P(c1ccccc1)(c1ccccc1)c1ccccc1.P(c1ccccc1)(c1ccccc1)c1ccccc1.P(c1ccccc1)(c1ccccc1)c1ccccc1|t-AmOH,,Pd(P(Ph)3)4),t-AmOH,65.0,18.0,88,CI
RKB-03774457,hit_11,c1ccc2c(c1B1OC(C(O1)(C)C)(C)C)oc(n2)C,screen_SCRN_99,SCRN_99,c_5e8279fbea,[Pd](Cl)Cl.P(C(C)(C)C)(C(C)(C)C)c1ccc(N(C)C)cc1.P(C(C)(C)C)(C(C)(C)C)c1ccc(N(C)C)cc1|Toluene,,Pd-132,Toluene,65.0,18.0,88,CI
RKB-03774458,hit_11,c1ccc2c(c1B1OC(C(O1)(C)C)(C)C)oc(n2)C,screen_SCRN_99,SCRN_99,c_ad8305297d,[Pd](Cl)Cl.P(c1c(cccc1)C)(c1c(cccc1)C)c1c(cccc1)C.P(c1c(cccc1)C)(c1c(cccc1)C)c1c(cccc1)C|THF,,Pd(P(o-Tol)3)2Cl2,THF,65.0,18.0,87,CI
RKB-03774459,hit_11,c1ccc2c(c1B1OC(C(O1)(C)C)(C)C)oc(n2)C,screen_SCRN_99,SCRN_99,c_1f622dc39d,[Pd].C(P(C(C)(C)C)C(C)(C)C)(C)(C)C.C(P(C(C)(C)C)C(C)(C)C)(C)(C)C|THF,,Pd(P(tBu)3)2,THF,65.0,18.0,87,CI
RKB-03774460,hit_11,c1ccc2c(c1B1OC(C(O1)(C)C)(C)C)oc(n2)C,screen_SCRN_99,SCRN_99,c_71e660ff6b,[Pd].C(P(C(C)(C)C)C(C)(C)C)(C)(C)C.C(P(C(C)(C)C)C(C)(C)C)(C)(C)C|t-AmOH,,Pd(P(tBu)3)2,t-AmOH,65.0,18.0,86,CI
RKB-03774461,hit_11,c1ccc2c(c1B1OC(C(O1)(C)C)(C)C)oc(n2)C,screen_SCRN_99,SCRN_99,c_4957928872,|MeCN,,SPhos Pd G4,MeCN,65.0,18.0,86,CI
RKB-03774462,hit_11,c1ccc2c(c1B1OC(C(O1)(C)C)(C)C)oc(n2)C,screen_SCRN_99,SCRN_99,c_1f622dc39d,[Pd].C(P(C(C)(C)C)C(C)(C)C)(C)(C)C.C(P(C(C)(C)C)C(C)(C)C)(C)(C)C|THF,,Pd(P(tBu)3)2,THF,65.0,18.0,86,CI
RKB-03774463,hit_11,c1ccc2c(c1B1OC(C(O1)(C)C)(C)C)oc(n2)C,screen_SCRN_99,SCRN_99,c_4648614000,C1(C(C(C(C1c1ccccc1)c1ccccc1)c1ccccc1)c1ccccc1)c1ccccc1.P(C(C)(C)C)(C(C)(C)C)C1CCCC1.C1(C(C(C(C1c1ccccc1)c1ccccc1)c1ccccc1)c1ccccc1)c1ccccc1.P(C(C)(C)C)(C(C)(C)C)C1CCCC1.[Fe].[Fe].[Pd]|MeCN,,Pd(QPhos)2,MeCN,65.0,18.0,86,CI
RKB-03774464,hit_11,c1ccc2c(c1B1OC(C(O1)(C)C)(C)C)oc(n2)C,screen_SCRN_99,SCRN_99,c_1c0256b33d,[Pd](Cl)Cl.P(C1CCCCC1)(C1CCCCC1)C1CCCCC1.P(C1CCCCC1)(C1CCCCC1)C1CCCCC1|t-AmOH,,Pd(P(Cy)3)2Cl2,t-AmOH,65.0,18.0,86,CI
RKB-03774465,hit_11,c1ccc2c(c1B1OC(C(O1)(C)C)(C)C)oc(n2)C,screen_SCRN_99,SCRN_99,c_aabcb49fef,|THF,,SPhos Pd G4,THF,65.0,18.0,85,CI
RKB-03774466,hit_11,c1ccc2c(c1B1OC(C(O1)(C)C)(C)C)oc(n2)C,screen_SCRN_99,SCRN_99,c_40534c4f12,[Pd].P(c1ccccc1)(c1ccccc1)c1ccccc1.P(c1ccccc1)(c1ccccc1)c1ccccc1.P(c1ccccc1)(c1ccccc1)c1ccccc1.P(c1ccccc1)(c1ccccc1)c1ccccc1|Toluene,,Pd(P(Ph)3)4),Toluene,65.0,18.0,84,CI
RKB-03774467,hit_11,c1ccc2c(c1B1OC(C(O1)(C)C)(C)C)oc(n2)C,screen_SCRN_99,SCRN_99,c_99aeac08ec,O1c2c(C(c3c1c(ccc3)P(c1ccccc1)c1ccccc1)(C)C)cccc2P(c1ccccc1)c1ccccc1.Cl[Pd]Cl|MeCN,,Pd(XanthPhos)Cl2,MeCN,65.0,18.0,84,CI
RKB-03774468,hit_11,c1ccc2c(c1B1OC(C(O1)(C)C)(C)C)oc(n2)C,screen_SCRN_99,SCRN_99,c_a86e283b14,c1(c2c(P(C3CCCCC3)C3CCCCC3)cccc2)c(cc(cc1C(C)C)C(C)C)C(C)C|MeCN,Pd(OAc)2,Pd(OAc)2/XPhos,MeCN,65.0,18.0,83,CI
RKB-03774469,hit_11,c1ccc2c(c1B1OC(C(O1)(C)C)(C)C)oc(n2)C,screen_SCRN_99,SCRN_99,c_04d73ea970,P(C1CCCC1)(C(C)(C)C)C(C)(C)C.P(C1CCCC1)(C(C)(C)C)C(C)(C)C.[Pd](Cl)Cl.[Fe]|THF,,Pd(dtbpf)Cl2,THF,65.0,18.0,82,CI
RKB-03774470,hit_11,c1ccc2c(c1B1OC(C(O1)(C)C)(C)C)oc(n2)C,screen_SCRN_99,SCRN_99,c_4fdc95dfd7,[Pd](Cl)Cl.P(C(C)(C)C)(C(C)(C)C)c1ccc(N(C)C)cc1.P(C(C)(C)C)(C(C)(C)C)c1ccc(N(C)C)cc1|THF,,Pd-132,THF,65.0,18.0,80,CI
RKB-03774471,hit_11,c1ccc2c(c1B1OC(C(O1)(C)C)(C)C)oc(n2)C,screen_SCRN_99,SCRN_99,c_3a6884c52d,C1(C(C(C(C1c1ccccc1)c1ccccc1)c1ccccc1)c1ccccc1)c1ccccc1.P(C(C)(C)C)(C(C)(C)C)C1CCCC1.C1(C(C(C(C1c1ccccc1)c1ccccc1)c1ccccc1)c1ccccc1)c1ccccc1.P(C(C)(C)C)(C(C)(C)C)C1CCCC1.[Fe].[Fe].[Pd]|t-AmOH,,Pd(QPhos)2,t-AmOH,65.0,18.0,80,CI
RKB-03774472,hit_11,c1ccc2c(c1B1OC(C(O1)(C)C)(C)C)oc(n2)C,screen_SCRN_99,SCRN_99,c_2db771aad0,c1(c2c(P(C3CCCCC3)C3CCCCC3)cccc2)c(cc(cc1C(C)C)C(C)C)C(C)C|THF,Pd(OAc)2,Pd(OAc)2/XPhos,THF,65.0,18.0,80,CI
RKB-03774473,hit_11,c1ccc2c(c1B1OC(C(O1)(C)C)(C)C)oc(n2)C,screen_SCRN_99,SCRN_99,c_96da66f8fe,P(C1CCCC1)(c1ccccc1)c1ccccc1.P(C1CCCC1)(c1ccccc1)c1ccccc1.C(Cl)Cl.[Pd](Cl)Cl.[Fe]|THF,,Pd(dppf)Cl2,THF,65.0,18.0,79,CI
RKB-03774474,hit_11,c1ccc2c(c1B1OC(C(O1)(C)C)(C)C)oc(n2)C,screen_SCRN_99,SCRN_99,c_e564d7612a,[Pd].P(c1ccccc1)(c1ccccc1)c1ccccc1.P(c1ccccc1)(c1ccccc1)c1ccccc1.P(c1ccccc1)(c1ccccc1)c1ccccc1.P(c1ccccc1)(c1ccccc1)c1ccccc1|MeCN,,Pd(P(Ph)3)4),MeCN,65.0,18.0,79,CI
RKB-03774475,hit_11,c1ccc2c(c1B1OC(C(O1)(C)C)(C)C)oc(n2)C,screen_SCRN_99,SCRN_99,c_4fdc95dfd7,[Pd](Cl)Cl.P(C(C)(C)C)(C(C)(C)C)c1ccc(N(C)C)cc1.P(C(C)(C)C)(C(C)(C)C)c1ccc(N(C)C)cc1|THF,,Pd-132,THF,65.0,18.0,79,CI
RKB-03774476,hit_11,c1ccc2c(c1B1OC(C(O1)(C)C)(C)C)oc(n2)C,screen_SCRN_99,SCRN_99,c_3c160df052,c1(c2c(P(C3CCCCC3)C3CCCCC3)cccc2)c(cc(cc1C(C)C)C(C)C)C(C)C|Toluene,Pd(OAc)2,Pd(OAc)2/XPhos,Toluene,65.0,18.0,77,CI
RKB-03774477,hit_11,c1ccc2c(c1B1OC(C(O1)(C)C)(C)C)oc(n2)C,screen_SCRN_99,SCRN_99,c_de1ab90c3c,[Pd](Cl)Cl.P(c1c(cccc1)C)(c1c(cccc1)C)c1c(cccc1)C.P(c1c(cccc1)C)(c1c(cccc1)C)c1c(cccc1)C|t-AmOH,,Pd(P(o-Tol)3)2Cl2,t-AmOH,65.0,18.0,77,CI
RKB-03774478,hit_11,c1ccc2c(c1B1OC(C(O1)(C)C)(C)C)oc(n2)C,screen_SCRN_99,SCRN_99,c_a88c92ca46,C1(C(C(C(C1c1ccccc1)c1ccccc1)c1ccccc1)c1ccccc1)c1ccccc1.P(C(C)(C)C)(C(C)(C)C)C1CCCC1.C1(C(C(C(C1c1ccccc1)c1ccccc1)c1ccccc1)c1ccccc1)c1ccccc1.P(C(C)(C)C)(C(C)(C)C)C1CCCC1.[Fe].[Fe].[Pd]|Toluene,,Pd(QPhos)2,Toluene,65.0,18.0,77,CI
RKB-03774479,hit_11,c1ccc2c(c1B1OC(C(O1)(C)C)(C)C)oc(n2)C,screen_SCRN_99,SCRN_99,c_86f3e84f01,[Pd].P(c1ccccc1)(c1ccccc1)c1ccccc1.P(c1ccccc1)(c1ccccc1)c1ccccc1.P(c1ccccc1)(c1ccccc1)c1ccccc1.P(c1ccccc1)(c1ccccc1)c1ccccc1|THF,,Pd(P(Ph)3)4),THF,65.0,18.0,76,CI
RKB-03774480,hit_11,c1ccc2c(c1B1OC(C(O1)(C)C)(C)C)oc(n2)C,screen_SCRN_99,SCRN_99,c_96da66f8fe,P(C1CCCC1)(c1ccccc1)c1ccccc1.P(C1CCCC1)(c1ccccc1)c1ccccc1.C(Cl)Cl.[Pd](Cl)Cl.[Fe]|THF,,Pd(dppf)Cl2,THF,65.0,18.0,76,CI
RKB-03774481,hit_11,c1ccc2c(c1B1OC(C(O1)(C)C)(C)C)oc(n2)C,screen_SCRN_99,SCRN_99,c_fb0fd7c858,[Pd](Cl)Cl.P(C1CCCCC1)(C1CCCCC1)C1CCCCC1.P(C1CCCCC1)(C1CCCCC1)C1CCCCC1|THF,,Pd(P(Cy)3)2Cl2,THF,65.0,18.0,75,CI
RKB-03774482,hit_11,c1ccc2c(c1B1OC(C(O1)(C)C)(C)C)oc(n2)C,screen_SCRN_99,SCRN_99,c_ad8305297d,[Pd](Cl)Cl.P(c1c(cccc1)C)(c1c(cccc1)C)c1c(cccc1)C.P(c1c(cccc1)C)(c1c(cccc1)C)c1c(cccc1)C|THF,,Pd(P(o-Tol)3)2Cl2,THF,65.0,18.0,75,CI
RKB-03774483,hit_11,c1ccc2c(c1B1OC(C(O1)(C)C)(C)C)oc(n2)C,screen_SCRN_99,SCRN_99,c_86f3e84f01,[Pd].P(c1ccccc1)(c1ccccc1)c1ccccc1.P(c1ccccc1)(c1ccccc1)c1ccccc1.P(c1ccccc1)(c1ccccc1)c1ccccc1.P(c1ccccc1)(c1ccccc1)c1ccccc1|THF,,Pd(P(Ph)3)4),THF,65.0,18.0,74,CI
RKB-03774484,hit_11,c1ccc2c(c1B1OC(C(O1)(C)C)(C)C)oc(n2)C,screen_SCRN_99,SCRN_99,c_23c32c1777,[Pd](Cl)Cl.P(C1CCCCC1)(C1CCCCC1)C1CCCCC1.P(C1CCCCC1)(C1CCCCC1)C1CCCCC1|Toluene,,Pd(P(Cy)3)2Cl2,Toluene,65.0,18.0,72,CI
RKB-03774485,hit_11,c1ccc2c(c1B1OC(C(O1)(C)C)(C)C)oc(n2)C,screen_SCRN_99,SCRN_99,c_f7824c77b7,O1c2c(C(c3c1c(ccc3)P(c1ccccc1)c1ccccc1)(C)C)cccc2P(c1ccccc1)c1ccccc1.Cl[Pd]Cl|THF,,Pd(XanthPhos)Cl2,THF,65.0,18.0,72,CI
RKB-03774486,hit_11,c1ccc2c(c1B1OC(C(O1)(C)C)(C)C)oc(n2)C,screen_SCRN_99,SCRN_99,c_f7824c77b7,O1c2c(C(c3c1c(ccc3)P(c1ccccc1)c1ccccc1)(C)C)cccc2P(c1ccccc1)c1ccccc1.Cl[Pd]Cl|THF,,Pd(XanthPhos)Cl2,THF,65.0,18.0,71,CI
RKB-03774487,hit_11,c1ccc2c(c1B1OC(C(O1)(C)C)(C)C)oc(n2)C,screen_SCRN_99,SCRN_99,c_fb0fd7c858,[Pd](Cl)Cl.P(C1CCCCC1)(C1CCCCC1)C1CCCCC1.P(C1CCCCC1)(C1CCCCC1)C1CCCCC1|THF,,Pd(P(Cy)3)2Cl2,THF,65.0,18.0,71,CI
RKB-03774488,hit_11,c1ccc2c(c1B1OC(C(O1)(C)C)(C)C)oc(n2)C,screen_SCRN_99,SCRN_99,c_ad8305297d,[Pd](Cl)Cl.P(c1c(cccc1)C)(c1c(cccc1)C)c1c(cccc1)C.P(c1c(cccc1)C)(c1c(cccc1)C)c1c(cccc1)C|THF,,Pd(P(o-Tol)3)2Cl2,THF,65.0,18.0,69,CI
RKB-03774489,hit_11,c1ccc2c(c1B1OC(C(O1)(C)C)(C)C)oc(n2)C,screen_SCRN_99,SCRN_99,c_4957928872,|MeCN,,SPhos Pd G4,MeCN,65.0,18.0,68,CI
RKB-03774490,hit_11,c1ccc2c(c1B1OC(C(O1)(C)C)(C)C)oc(n2)C,screen_SCRN_99,SCRN_99,c_32f061b282,P(C1CCCC1)(C(C)(C)C)C(C)(C)C.P(C1CCCC1)(C(C)(C)C)C(C)(C)C.[Pd](Cl)Cl.[Fe]|Toluene,,Pd(dtbpf)Cl2,Toluene,65.0,18.0,68,CI
RKB-03774491,hit_11,c1ccc2c(c1B1OC(C(O1)(C)C)(C)C)oc(n2)C,screen_SCRN_99,SCRN_99,c_a88c92ca46,C1(C(C(C(C1c1ccccc1)c1ccccc1)c1ccccc1)c1ccccc1)c1ccccc1.P(C(C)(C)C)(C(C)(C)C)C1CCCC1.C1(C(C(C(C1c1ccccc1)c1ccccc1)c1ccccc1)c1ccccc1)c1ccccc1.P(C(C)(C)C)(C(C)(C)C)C1CCCC1.[Fe].[Fe].[Pd]|Toluene,,Pd(QPhos)2,Toluene,65.0,18.0,68,CI
RKB-03774492,hit_11,c1ccc2c(c1B1OC(C(O1)(C)C)(C)C)oc(n2)C,screen_SCRN_99,SCRN_99,c_a86e283b14,c1(c2c(P(C3CCCCC3)C3CCCCC3)cccc2)c(cc(cc1C(C)C)C(C)C)C(C)C|MeCN,Pd(OAc)2,Pd(OAc)2/XPhos,MeCN,65.0,18.0,68,CI
RKB-03774493,hit_11,c1ccc2c(c1B1OC(C(O1)(C)C)(C)C)oc(n2)C,screen_SCRN_99,SCRN_99,c_1f622dc39d,[Pd].C(P(C(C)(C)C)C(C)(C)C)(C)(C)C.C(P(C(C)(C)C)C(C)(C)C)(C)(C)C|THF,,Pd(P(tBu)3)2,THF,65.0,18.0,68,CI
RKB-03774494,hit_11,c1ccc2c(c1B1OC(C(O1)(C)C)(C)C)oc(n2)C,screen_SCRN_99,SCRN_99,c_f7824c77b7,O1c2c(C(c3c1c(ccc3)P(c1ccccc1)c1ccccc1)(C)C)cccc2P(c1ccccc1)c1ccccc1.Cl[Pd]Cl|THF,,Pd(XanthPhos)Cl2,THF,65.0,18.0,67,CI
RKB-03774495,hit_11,c1ccc2c(c1B1OC(C(O1)(C)C)(C)C)oc(n2)C,screen_SCRN_99,SCRN_99,c_2db771aad0,c1(c2c(P(C3CCCCC3)C3CCCCC3)cccc2)c(cc(cc1C(C)C)C(C)C)C(C)C|THF,Pd(OAc)2,Pd(OAc)2/XPhos,THF,65.0,18.0,67,CI
RKB-03774496,hit_11,c1ccc2c(c1B1OC(C(O1)(C)C)(C)C)oc(n2)C,screen_SCRN_99,SCRN_99,c_aabcb49fef,|THF,,SPhos Pd G4,THF,65.0,18.0,67,CI
RKB-03774497,hit_11,c1ccc2c(c1B1OC(C(O1)(C)C)(C)C)oc(n2)C,screen_SCRN_99,SCRN_99,c_ba67a9e214,|Toluene,,SPhos Pd G4,Toluene,65.0,18.0,67,CI
RKB-03774498,hit_11,c1ccc2c(c1B1OC(C(O1)(C)C)(C)C)oc(n2)C,screen_SCRN_99,SCRN_99,c_aabcb49fef,|THF,,SPhos Pd G4,THF,65.0,18.0,66,CI
RKB-03774499,hit_11,c1ccc2c(c1B1OC(C(O1)(C)C)(C)C)oc(n2)C,screen_SCRN_99,SCRN_99,c_5e8279fbea,[Pd](Cl)Cl.P(C(C)(C)C)(C(C)(C)C)c1ccc(N(C)C)cc1.P(C(C)(C)C)(C(C)(C)C)c1ccc(N(C)C)cc1|Toluene,,Pd-132,Toluene,65.0,18.0,66,CI
RKB-03774500,hit_11,c1ccc2c(c1B1OC(C(O1)(C)C)(C)C)oc(n2)C,screen_SCRN_99,SCRN_99,c_1f622dc39d,[Pd].C(P(C(C)(C)C)C(C)(C)C)(C)(C)C.C(P(C(C)(C)C)C(C)(C)C)(C)(C)C|THF,,Pd(P(tBu)3)2,THF,65.0,18.0,65,CI
RKB-03774501,hit_11,c1ccc2c(c1B1OC(C(O1)(C)C)(C)C)oc(n2)C,screen_SCRN_99,SCRN_99,c_14f5c30068,[Pd](Cl)Cl.P(C1CCCCC1)(C1CCCCC1)C1CCCCC1.P(C1CCCCC1)(C1CCCCC1)C1CCCCC1|MeCN,,Pd(P(Cy)3)2Cl2,MeCN,65.0,18.0,65,CI
RKB-03774502,hit_11,c1ccc2c(c1B1OC(C(O1)(C)C)(C)C)oc(n2)C,screen_SCRN_99,SCRN_99,c_4648614000,C1(C(C(C(C1c1ccccc1)c1ccccc1)c1ccccc1)c1ccccc1)c1ccccc1.P(C(C)(C)C)(C(C)(C)C)C1CCCC1.C1(C(C(C(C1c1ccccc1)c1ccccc1)c1ccccc1)c1ccccc1)c1ccccc1.P(C(C)(C)C)(C(C)(C)C)C1CCCC1.[Fe].[Fe].[Pd]|MeCN,,Pd(QPhos)2,MeCN,65.0,18.0,65,CI
RKB-03774503,hit_11,c1ccc2c(c1B1OC(C(O1)(C)C)(C)C)oc(n2)C,screen_SCRN_99,SCRN_99,c_87611e347b,C1(C(C(C(C1c1ccccc1)c1ccccc1)c1ccccc1)c1ccccc1)c1ccccc1.P(C(C)(C)C)(C(C)(C)C)C1CCCC1.C1(C(C(C(C1c1ccccc1)c1ccccc1)c1ccccc1)c1ccccc1)c1ccccc1.P(C(C)(C)C)(C(C)(C)C)C1CCCC1.[Fe].[Fe].[Pd]|THF,,Pd(QPhos)2,THF,65.0,18.0,62,CI
RKB-03774504,hit_11,c1ccc2c(c1B1OC(C(O1)(C)C)(C)C)oc(n2)C,screen_SCRN_99,SCRN_99,c_71e660ff6b,[Pd].C(P(C(C)(C)C)C(C)(C)C)(C)(C)C.C(P(C(C)(C)C)C(C)(C)C)(C)(C)C|t-AmOH,,Pd(P(tBu)3)2,t-AmOH,65.0,18.0,61,CI
RKB-03774505,hit_11,c1ccc2c(c1B1OC(C(O1)(C)C)(C)C)oc(n2)C,screen_SCRN_99,SCRN_99,c_efdcec6f77,[Pd].C(P(C(C)(C)C)C(C)(C)C)(C)(C)C.C(P(C(C)(C)C)C(C)(C)C)(C)(C)C|MeCN,,Pd(P(tBu)3)2,MeCN,65.0,18.0,59,CI
RKB-03774506,hit_11,c1ccc2c(c1B1OC(C(O1)(C)C)(C)C)oc(n2)C,screen_SCRN_99,SCRN_99,c_599a93c125,[Pd](Cl)Cl.P(c1c(cccc1)C)(c1c(cccc1)C)c1c(cccc1)C.P(c1c(cccc1)C)(c1c(cccc1)C)c1c(cccc1)C|Toluene,,Pd(P(o-Tol)3)2Cl2,Toluene,65.0,18.0,58,CI
RKB-03774507,hit_11,c1ccc2c(c1B1OC(C(O1)(C)C)(C)C)oc(n2)C,screen_SCRN_99,SCRN_99,c_adf3bba061,P(C1CCCC1)(C(C)(C)C)C(C)(C)C.P(C1CCCC1)(C(C)(C)C)C(C)(C)C.[Pd](Cl)Cl.[Fe]|MeCN,,Pd(dtbpf)Cl2,MeCN,65.0,18.0,57,CI
RKB-03774508,hit_11,c1ccc2c(c1B1OC(C(O1)(C)C)(C)C)oc(n2)C,screen_SCRN_99,SCRN_99,c_2db771aad0,c1(c2c(P(C3CCCCC3)C3CCCCC3)cccc2)c(cc(cc1C(C)C)C(C)C)C(C)C|THF,Pd(OAc)2,Pd(OAc)2/XPhos,THF,65.0,18.0,56,CI
RKB-03774509,hit_11,c1ccc2c(c1B1OC(C(O1)(C)C)(C)C)oc(n2)C,screen_SCRN_99,SCRN_99,c_87611e347b,C1(C(C(C(C1c1ccccc1)c1ccccc1)c1ccccc1)c1ccccc1)c1ccccc1.P(C(C)(C)C)(C(C)(C)C)C1CCCC1.C1(C(C(C(C1c1ccccc1)c1ccccc1)c1ccccc1)c1ccccc1)c1ccccc1.P(C(C)(C)C)(C(C)(C)C)C1CCCC1.[Fe].[Fe].[Pd]|THF,,Pd(QPhos)2,THF,65.0,18.0,52,CI
RKB-03774510,hit_11,c1ccc2c(c1B1OC(C(O1)(C)C)(C)C)oc(n2)C,screen_SCRN_99,SCRN_99,c_4076342b87,[Pd].C(P(C(C)(C)C)C(C)(C)C)(C)(C)C.C(P(C(C)(C)C)C(C)(C)C)(C)(C)C|Toluene,,Pd(P(tBu)3)2,Toluene,65.0,18.0,52,CI
RKB-03774511,hit_11,c1ccc2c(c1B1OC(C(O1)(C)C)(C)C)oc(n2)C,screen_SCRN_99,SCRN_99,c_14f5c30068,[Pd](Cl)Cl.P(C1CCCCC1)(C1CCCCC1)C1CCCCC1.P(C1CCCCC1)(C1CCCCC1)C1CCCCC1|MeCN,,Pd(P(Cy)3)2Cl2,MeCN,65.0,18.0,49,CI
RKB-03774512,hit_11,c1ccc2c(c1B1OC(C(O1)(C)C)(C)C)oc(n2)C,screen_SCRN_99,SCRN_99,c_c87657789e,c1(c2c(P(C3CCCCC3)C3CCCCC3)cccc2)c(cc(cc1C(C)C)C(C)C)C(C)C|t-AmOH,Pd(OAc)2,Pd(OAc)2/XPhos,t-AmOH,65.0,18.0,49,CI
RKB-03774513,hit_11,c1ccc2c(c1B1OC(C(O1)(C)C)(C)C)oc(n2)C,screen_SCRN_99,SCRN_99,c_4076342b87,[Pd].C(P(C(C)(C)C)C(C)(C)C)(C)(C)C.C(P(C(C)(C)C)C(C)(C)C)(C)(C)C|Toluene,,Pd(P(tBu)3)2,Toluene,65.0,18.0,49,CI
RKB-03774514,hit_11,c1ccc2c(c1B1OC(C(O1)(C)C)(C)C)oc(n2)C,screen_SCRN_99,SCRN_99,c_599a93c125,[Pd](Cl)Cl.P(c1c(cccc1)C)(c1c(cccc1)C)c1c(cccc1)C.P(c1c(cccc1)C)(c1c(cccc1)C)c1c(cccc1)C|Toluene,,Pd(P(o-Tol)3)2Cl2,Toluene,65.0,18.0,49,CI
RKB-03774515,hit_11,c1ccc2c(c1B1OC(C(O1)(C)C)(C)C)oc(n2)C,screen_SCRN_99,SCRN_99,c_3c160df052,c1(c2c(P(C3CCCCC3)C3CCCCC3)cccc2)c(cc(cc1C(C)C)C(C)C)C(C)C|Toluene,Pd(OAc)2,Pd(OAc)2/XPhos,Toluene,65.0,18.0,43,CI
RKB-03774516,hit_11,c1ccc2c(c1B1OC(C(O1)(C)C)(C)C)oc(n2)C,screen_SCRN_99,SCRN_99,c_9e3adb389c,P(C1CCCC1)(c1ccccc1)c1ccccc1.P(C1CCCC1)(c1ccccc1)c1ccccc1.C(Cl)Cl.[Pd](Cl)Cl.[Fe]|Toluene,,Pd(dppf)Cl2,Toluene,65.0,18.0,42,CI
RKB-03774517,hit_11,c1ccc2c(c1B1OC(C(O1)(C)C)(C)C)oc(n2)C,screen_SCRN_99,SCRN_99,c_9e3adb389c,P(C1CCCC1)(c1ccccc1)c1ccccc1.P(C1CCCC1)(c1ccccc1)c1ccccc1.C(Cl)Cl.[Pd](Cl)Cl.[Fe]|Toluene,,Pd(dppf)Cl2,Toluene,65.0,18.0,40,CI
RKB-03774518,hit_11,c1ccc2c(c1B1OC(C(O1)(C)C)(C)C)oc(n2)C,screen_SCRN_99,SCRN_99,c_32f061b282,P(C1CCCC1)(C(C)(C)C)C(C)(C)C.P(C1CCCC1)(C(C)(C)C)C(C)(C)C.[Pd](Cl)Cl.[Fe]|Toluene,,Pd(dtbpf)Cl2,Toluene,65.0,18.0,37,CI
RKB-03774519,hit_11,c1ccc2c(c1B1OC(C(O1)(C)C)(C)C)oc(n2)C,screen_SCRN_99,SCRN_99,c_577ff4ada9,P([C@]12C[C@@H]3C[C@H](C2)C[C@@H](C1)C3)([C@]12C[C@@H]3C[C@@H](C2)C[C@@H](C1)C3)CCCC|Toluene,Pd(OAc)2,Pd(OAc)2/CataCXium A,Toluene,65.0,18.0,37,CI
RKB-03774520,hit_11,c1ccc2c(c1B1OC(C(O1)(C)C)(C)C)oc(n2)C,screen_SCRN_99,SCRN_99,c_5e8279fbea,[Pd](Cl)Cl.P(C(C)(C)C)(C(C)(C)C)c1ccc(N(C)C)cc1.P(C(C)(C)C)(C(C)(C)C)c1ccc(N(C)C)cc1|Toluene,,Pd-132,Toluene,65.0,18.0,35,CI
RKB-03774521,hit_11,c1ccc2c(c1B1OC(C(O1)(C)C)(C)C)oc(n2)C,screen_SCRN_99,SCRN_99,c_599a93c125,[Pd](Cl)Cl.P(c1c(cccc1)C)(c1c(cccc1)C)c1c(cccc1)C.P(c1c(cccc1)C)(c1c(cccc1)C)c1c(cccc1)C|Toluene,,Pd(P(o-Tol)3)2Cl2,Toluene,65.0,18.0,34,CI
RKB-03774522,hit_11,c1ccc2c(c1B1OC(C(O1)(C)C)(C)C)oc(n2)C,screen_SCRN_99,SCRN_99,c_9e3adb389c,P(C1CCCC1)(c1ccccc1)c1ccccc1.P(C1CCCC1)(c1ccccc1)c1ccccc1.C(Cl)Cl.[Pd](Cl)Cl.[Fe]|Toluene,,Pd(dppf)Cl2,Toluene,65.0,18.0,27,CI
RKB-03774523,hit_11,c1ccc2c(c1B1OC(C(O1)(C)C)(C)C)oc(n2)C,screen_SCRN_99,SCRN_99,c_40534c4f12,[Pd].P(c1ccccc1)(c1ccccc1)c1ccccc1.P(c1ccccc1)(c1ccccc1)c1ccccc1.P(c1ccccc1)(c1ccccc1)c1ccccc1.P(c1ccccc1)(c1ccccc1)c1ccccc1|Toluene,,Pd(P(Ph)3)4),Toluene,65.0,18.0,26,CI
RKB-03774524,hit_11,c1ccc2c(c1B1OC(C(O1)(C)C)(C)C)oc(n2)C,screen_SCRN_99,SCRN_99,c_ba67a9e214,|Toluene,,SPhos Pd G4,Toluene,65.0,18.0,24,CI
RKB-03774525,hit_11,c1ccc2c(c1B1OC(C(O1)(C)C)(C)C)oc(n2)C,screen_SCRN_99,SCRN_99,c_32f061b282,P(C1CCCC1)(C(C)(C)C)C(C)(C)C.P(C1CCCC1)(C(C)(C)C)C(C)(C)C.[Pd](Cl)Cl.[Fe]|Toluene,,Pd(dtbpf)Cl2,Toluene,65.0,18.0,23,CI
RKB-03774526,hit_11,c1ccc2c(c1B1OC(C(O1)(C)C)(C)C)oc(n2)C,screen_SCRN_99,SCRN_99,c_23c32c1777,[Pd](Cl)Cl.P(C1CCCCC1)(C1CCCCC1)C1CCCCC1.P(C1CCCCC1)(C1CCCCC1)C1CCCCC1|Toluene,,Pd(P(Cy)3)2Cl2,Toluene,65.0,18.0,23,CI
RKB-03774527,hit_11,c1ccc2c(c1B1OC(C(O1)(C)C)(C)C)oc(n2)C,screen_SCRN_99,SCRN_99,c_a88c92ca46,C1(C(C(C(C1c1ccccc1)c1ccccc1)c1ccccc1)c1ccccc1)c1ccccc1.P(C(C)(C)C)(C(C)(C)C)C1CCCC1.C1(C(C(C(C1c1ccccc1)c1ccccc1)c1ccccc1)c1ccccc1)c1ccccc1.P(C(C)(C)C)(C(C)(C)C)C1CCCC1.[Fe].[Fe].[Pd]|Toluene,,Pd(QPhos)2,Toluene,65.0,18.0,23,CI
RKB-03774528,hit_11,c1ccc2c(c1B1OC(C(O1)(C)C)(C)C)oc(n2)C,screen_SCRN_99,SCRN_99,c_32f061b282,P(C1CCCC1)(C(C)(C)C)C(C)(C)C.P(C1CCCC1)(C(C)(C)C)C(C)(C)C.[Pd](Cl)Cl.[Fe]|Toluene,,Pd(dtbpf)Cl2,Toluene,65.0,18.0,21,CI
RKB-03774529,hit_11,c1ccc2c(c1B1OC(C(O1)(C)C)(C)C)oc(n2)C,screen_SCRN_99,SCRN_99,c_3c160df052,c1(c2c(P(C3CCCCC3)C3CCCCC3)cccc2)c(cc(cc1C(C)C)C(C)C)C(C)C|Toluene,Pd(OAc)2,Pd(OAc)2/XPhos,Toluene,65.0,18.0,21,CI
RKB-03774530,hit_11,c1ccc2c(c1B1OC(C(O1)(C)C)(C)C)oc(n2)C,screen_SCRN_99,SCRN_99,c_ba67a9e214,|Toluene,,SPhos Pd G4,Toluene,65.0,18.0,19,CI
RKB-03774531,hit_11,c1ccc2c(c1B1OC(C(O1)(C)C)(C)C)oc(n2)C,screen_SCRN_99,SCRN_99,c_4076342b87,[Pd].C(P(C(C)(C)C)C(C)(C)C)(C)(C)C.C(P(C(C)(C)C)C(C)(C)C)(C)(C)C|Toluene,,Pd(P(tBu)3)2,Toluene,65.0,18.0,19,CI
RKB-03774532,hit_11,c1ccc2c(c1B1OC(C(O1)(C)C)(C)C)oc(n2)C,screen_SCRN_99,SCRN_99,c_40534c4f12,[Pd].P(c1ccccc1)(c1ccccc1)c1ccccc1.P(c1ccccc1)(c1ccccc1)c1ccccc1.P(c1ccccc1)(c1ccccc1)c1ccccc1.P(c1ccccc1)(c1ccccc1)c1ccccc1|Toluene,,Pd(P(Ph)3)4),Toluene,65.0,18.0,18,CI
RKB-03774533,hit_11,c1ccc2c(c1B1OC(C(O1)(C)C)(C)C)oc(n2)C,screen_SCRN_99,SCRN_99,c_3ee2d5105a,P([C@]12C[C@@H]3C[C@H](C2)C[C@@H](C1)C3)([C@]12C[C@@H]3C[C@@H](C2)C[C@@H](C1)C3)CCCC|MeCN,Pd(OAc)2,Pd(OAc)2/CataCXium A,MeCN,65.0,18.0,0,CI
RKB-03774534,hit_11,c1ccc2c(c1B1OC(C(O1)(C)C)(C)C)oc(n2)C,screen_SCRN_99,SCRN_99,c_3c160df052,c1(c2c(P(C3CCCCC3)C3CCCCC3)cccc2)c(cc(cc1C(C)C)C(C)C)C(C)C|Toluene,Pd(OAc)2,Pd(OAc)2/XPhos,Toluene,65.0,18.0,0,CI
RKB-03774535,hit_11,c1ccc2c(c1B1OC(C(O1)(C)C)(C)C)oc(n2)C,screen_SCRN_99,SCRN_99,c_ec08770cef,P(C1CCCC1)(c1ccccc1)c1ccccc1.P(C1CCCC1)(c1ccccc1)c1ccccc1.C(Cl)Cl.[Pd](Cl)Cl.[Fe]|t-AmOH,,Pd(dppf)Cl2,t-AmOH,65.0,18.0,0,CI
RKB-03774536,hit_11,c1ccc2c(c1B1OC(C(O1)(C)C)(C)C)oc(n2)C,screen_SCRN_99,SCRN_99,c_5e8279fbea,[Pd](Cl)Cl.P(C(C)(C)C)(C(C)(C)C)c1ccc(N(C)C)cc1.P(C(C)(C)C)(C(C)(C)C)c1ccc(N(C)C)cc1|Toluene,,Pd-132,Toluene,65.0,18.0,0,CI
RKB-03774537,hit_11,c1ccc2c(c1B1OC(C(O1)(C)C)(C)C)oc(n2)C,screen_SCRN_99,SCRN_99,c_c87657789e,c1(c2c(P(C3CCCCC3)C3CCCCC3)cccc2)c(cc(cc1C(C)C)C(C)C)C(C)C|t-AmOH,Pd(OAc)2,Pd(OAc)2/XPhos,t-AmOH,65.0,18.0,0,CI
RKB-03774538,hit_11,c1ccc2c(c1B1OC(C(O1)(C)C)(C)C)oc(n2)C,screen_SCRN_99,SCRN_99,c_de1ab90c3c,[Pd](Cl)Cl.P(c1c(cccc1)C)(c1c(cccc1)C)c1c(cccc1)C.P(c1c(cccc1)C)(c1c(cccc1)C)c1c(cccc1)C|t-AmOH,,Pd(P(o-Tol)3)2Cl2,t-AmOH,65.0,18.0,0,CI
RKB-03774539,hit_11,c1ccc2c(c1B1OC(C(O1)(C)C)(C)C)oc(n2)C,screen_SCRN_99,SCRN_99,c_94f36c1396,[Pd](Cl)Cl.P(C(C)(C)C)(C(C)(C)C)c1ccc(N(C)C)cc1.P(C(C)(C)C)(C(C)(C)C)c1ccc(N(C)C)cc1|t-AmOH,,Pd-132,t-AmOH,65.0,18.0,0,CI
RKB-03774540,hit_11,c1ccc2c(c1B1OC(C(O1)(C)C)(C)C)oc(n2)C,screen_SCRN_99,SCRN_99,c_1e7eb55c8b,P(C1CCCC1)(C(C)(C)C)C(C)(C)C.P(C1CCCC1)(C(C)(C)C)C(C)(C)C.[Pd](Cl)Cl.[Fe]|t-AmOH,,Pd(dtbpf)Cl2,t-AmOH,65.0,18.0,0,CI
RKB-03774541,hit_11,c1ccc2c(c1B1OC(C(O1)(C)C)(C)C)oc(n2)C,screen_SCRN_99,SCRN_99,c_9eca721d6f,|t-AmOH,,SPhos Pd G4,t-AmOH,65.0,18.0,0,CI
RKB-03774542,hit_11,c1ccc2c(c1B1OC(C(O1)(C)C)(C)C)oc(n2)C,screen_SCRN_99,SCRN_99,c_493aa05fab,O1c2c(C(c3c1c(ccc3)P(c1ccccc1)c1ccccc1)(C)C)cccc2P(c1ccccc1)c1ccccc1.Cl[Pd]Cl|Toluene,,Pd(XanthPhos)Cl2,Toluene,65.0,18.0,0,CI
RKB-03774543,hit_11,c1ccc2c(c1B1OC(C(O1)(C)C)(C)C)oc(n2)C,screen_SCRN_99,SCRN_99,c_2532cb4bab,O1c2c(C(c3c1c(ccc3)P(c1ccccc1)c1ccccc1)(C)C)cccc2P(c1ccccc1)c1ccccc1.Cl[Pd]Cl|t-AmOH,,Pd(XanthPhos)Cl2,t-AmOH,65.0,18.0,0,CI
RKB-03774544,hit_11,c1ccc2c(c1B1OC(C(O1)(C)C)(C)C)oc(n2)C,screen_SCRN_99,SCRN_99,c_493aa05fab,O1c2c(C(c3c1c(ccc3)P(c1ccccc1)c1ccccc1)(C)C)cccc2P(c1ccccc1)c1ccccc1.Cl[Pd]Cl|Toluene,,Pd(XanthPhos)Cl2,Toluene,65.0,18.0,0,CI
RKB-03774545,hit_11,c1ccc2c(c1B1OC(C(O1)(C)C)(C)C)oc(n2)C,screen_SCRN_99,SCRN_99,c_a88c92ca46,C1(C(C(C(C1c1ccccc1)c1ccccc1)c1ccccc1)c1ccccc1)c1ccccc1.P(C(C)(C)C)(C(C)(C)C)C1CCCC1.C1(C(C(C(C1c1ccccc1)c1ccccc1)c1ccccc1)c1ccccc1)c1ccccc1.P(C(C)(C)C)(C(C)(C)C)C1CCCC1.[Fe].[Fe].[Pd]|Toluene,,Pd(QPhos)2,Toluene,65.0,18.0,0,CI
RKB-03774546,hit_11,c1ccc2c(c1B1OC(C(O1)(C)C)(C)C)oc(n2)C,screen_SCRN_99,SCRN_99,c_577ff4ada9,P([C@]12C[C@@H]3C[C@H](C2)C[C@@H](C1)C3)([C@]12C[C@@H]3C[C@@H](C2)C[C@@H](C1)C3)CCCC|Toluene,Pd(OAc)2,Pd(OAc)2/CataCXium A,Toluene,65.0,18.0,0,CI
RKB-03774547,hit_11,c1ccc2c(c1B1OC(C(O1)(C)C)(C)C)oc(n2)C,screen_SCRN_99,SCRN_99,c_a86e283b14,c1(c2c(P(C3CCCCC3)C3CCCCC3)cccc2)c(cc(cc1C(C)C)C(C)C)C(C)C|MeCN,Pd(OAc)2,Pd(OAc)2/XPhos,MeCN,65.0,18.0,0,CI
RKB-03774548,hit_11,c1ccc2c(c1B1OC(C(O1)(C)C)(C)C)oc(n2)C,screen_SCRN_99,SCRN_99,c_4076342b87,[Pd].C(P(C(C)(C)C)C(C)(C)C)(C)(C)C.C(P(C(C)(C)C)C(C)(C)C)(C)(C)C|Toluene,,Pd(P(tBu)3)2,Toluene,65.0,18.0,0,CI
RKB-03774549,hit_11,c1ccc2c(c1B1OC(C(O1)(C)C)(C)C)oc(n2)C,screen_SCRN_99,SCRN_99,c_493aa05fab,O1c2c(C(c3c1c(ccc3)P(c1ccccc1)c1ccccc1)(C)C)cccc2P(c1ccccc1)c1ccccc1.Cl[Pd]Cl|Toluene,,Pd(XanthPhos)Cl2,Toluene,65.0,18.0,0,CI
RKB-03774550,hit_11,c1ccc2c(c1B1OC(C(O1)(C)C)(C)C)oc(n2)C,screen_SCRN_99,SCRN_99,c_23c32c1777,[Pd](Cl)Cl.P(C1CCCCC1)(C1CCCCC1)C1CCCCC1.P(C1CCCCC1)(C1CCCCC1)C1CCCCC1|Toluene,,Pd(P(Cy)3)2Cl2,Toluene,65.0,18.0,0,CI
RKB-03774551,hit_11,c1ccc2c(c1B1OC(C(O1)(C)C)(C)C)oc(n2)C,screen_SCRN_99,SCRN_99,c_599a93c125,[Pd](Cl)Cl.P(c1c(cccc1)C)(c1c(cccc1)C)c1c(cccc1)C.P(c1c(cccc1)C)(c1c(cccc1)C)c1c(cccc1)C|Toluene,,Pd(P(o-Tol)3)2Cl2,Toluene,65.0,18.0,0,CI
RKB-03774552,hit_11,c1ccc2c(c1B1OC(C(O1)(C)C)(C)C)oc(n2)C,screen_SCRN_99,SCRN_99,c_14f5c30068,[Pd](Cl)Cl.P(C1CCCCC1)(C1CCCCC1)C1CCCCC1.P(C1CCCCC1)(C1CCCCC1)C1CCCCC1|MeCN,,Pd(P(Cy)3)2Cl2,MeCN,65.0,18.0,0,CI
RKB-03774553,hit_11,c1ccc2c(c1B1OC(C(O1)(C)C)(C)C)oc(n2)C,screen_SCRN_99,SCRN_99,c_493aa05fab,O1c2c(C(c3c1c(ccc3)P(c1ccccc1)c1ccccc1)(C)C)cccc2P(c1ccccc1)c1ccccc1.Cl[Pd]Cl|Toluene,,Pd(XanthPhos)Cl2,Toluene,65.0,18.0,0,CI
RKB-03774554,hit_11,c1ccc2c(c1B1OC(C(O1)(C)C)(C)C)oc(n2)C,screen_SCRN_99,SCRN_99,c_adf3bba061,P(C1CCCC1)(C(C)(C)C)C(C)(C)C.P(C1CCCC1)(C(C)(C)C)C(C)(C)C.[Pd](Cl)Cl.[Fe]|MeCN,,Pd(dtbpf)Cl2,MeCN,65.0,18.0,0,CI
RKB-03774555,hit_11,c1ccc2c(c1B1OC(C(O1)(C)C)(C)C)oc(n2)C,screen_SCRN_99,SCRN_99,c_23c32c1777,[Pd](Cl)Cl.P(C1CCCCC1)(C1CCCCC1)C1CCCCC1.P(C1CCCCC1)(C1CCCCC1)C1CCCCC1|Toluene,,Pd(P(Cy)3)2Cl2,Toluene,65.0,18.0,0,CI
RKB-03774556,hit_11,c1ccc2c(c1B1OC(C(O1)(C)C)(C)C)oc(n2)C,screen_SCRN_99,SCRN_99,c_96da66f8fe,P(C1CCCC1)(c1ccccc1)c1ccccc1.P(C1CCCC1)(c1ccccc1)c1ccccc1.C(Cl)Cl.[Pd](Cl)Cl.[Fe]|THF,,Pd(dppf)Cl2,THF,65.0,18.0,0,CI
RKB-03774557,hit_11,c1ccc2c(c1B1OC(C(O1)(C)C)(C)C)oc(n2)C,screen_SCRN_99,SCRN_99,c_40534c4f12,[Pd].P(c1ccccc1)(c1ccccc1)c1ccccc1.P(c1ccccc1)(c1ccccc1)c1ccccc1.P(c1ccccc1)(c1ccccc1)c1ccccc1.P(c1ccccc1)(c1ccccc1)c1ccccc1|Toluene,,Pd(P(Ph)3)4),Toluene,65.0,18.0,0,CI
